inst,run,tier,length,class_p22a,class_on,class_mirror_on,withheld,switches,markup_low,acts_mirror,withheld_mirror,tol_p22a,tol_on,tol_mirror_off,tol_mirror_on,pk_low_p22a,pk_low_on,pk_low_mirror_on,dead_p22a,dead_on,summary_same,stats_same,csv_rows,csv_same
h1,w*1.05,1,L,CONVERGED,CONVERGED,CONVERGED,0,0,0.9952913,False,0,1055,1055,1046,1046,0.9998002,0.9998002,0.9998001861944759,0,0,True,True,3002,True
h1,r*1.05,1,L,CONVERGED,CONVERGED,CONVERGED,0,0,0.9650478,False,0,3613,3613,3613,3613,0.9511458,0.9511458,0.9511458247623382,0,0,True,True,3002,True
h1,p[fodder]*1.05,1,L,CONVERGED,CONVERGED,CONVERGED,0,0,0.9700802,False,0,1667,1667,1670,1670,0.9792938,0.9792938,0.9791787651450428,0,0,True,True,3002,True
h1,p[horse]*1.05,1,L,CONVERGED,CONVERGED,CONVERGED,0,0,0.9841667,False,0,79,79,79,79,0.9840495,0.9840495,0.9840494537662252,0,0,True,True,3002,True
h1,p[traction]*1.05,1,L,CONVERGED,CONVERGED,CONVERGED,0,0,0.9937957,False,0,1697,1697,1738,1738,0.9950451,0.9950451,0.994481996920595,0,0,True,True,3002,True
h1,p[good]*1.05,1,L,CONVERGED,CONVERGED,CONVERGED,0,0,0.9999194,False,0,1454,1454,1461,1461,0.9999981,0.9999981,0.9999980653923204,0,0,True,True,3002,True
h1,s*1.05,1,L,CONVERGED,CONVERGED,CONVERGED,0,0,0.9996517,False,0,957,957,938,938,0.9999994,0.9999994,0.999999447614657,0,0,True,True,3002,True
h1,JA(1.05),1,L,CONVERGED,CONVERGED,CONVERGED,0,0,0.9516859,False,0,1733,1733,1751,1751,0.9635947,0.9635947,0.9633438402375131,0,0,True,True,3002,True
h1,JB(1.05),1,L,CONVERGED,CONVERGED,CONVERGED,0,0,0.9573768,False,0,2122,2122,2123,2123,0.952381,0.952381,0.9523809523809523,0,0,True,True,3002,True
h1,N(1.05),1,L,CONVERGED,CONVERGED,CONVERGED,0,0,0.9355253,False,0,3627,3627,3624,3624,0.9353785,0.9353785,0.9370680846844559,0,0,True,True,3002,True
h1,w*0.95,1,L,CONVERGED,CONVERGED,CONVERGED,0,0,0.9958028,False,0,1743,1743,1743,1743,0.9978556,0.9978556,0.9978556385857293,0,0,True,True,3002,True
h1,r*0.95,1,L,CONVERGED,CONVERGED,CONVERGED,0,0,0.9999858,False,0,2807,2807,2807,2807,0.9999675,0.9999675,0.9999674839377584,0,0,True,True,3002,True
h1,p[fodder]*0.95,1,L,CONVERGED,CONVERGED,CONVERGED,0,0,0.9958149,False,0,2019,2019,2019,2019,0.9999966,0.9999966,0.9999966353171635,0,0,True,True,3002,True
h1,p[horse]*0.95,1,L,CONVERGED,CONVERGED,CONVERGED,0,0,0.95,False,0,635,635,635,635,0.95,0.95,0.95,0,0,True,True,3002,True
h1,p[traction]*0.95,1,L,CONVERGED,CONVERGED,CONVERGED,0,0,0.9790767,False,0,1760,1760,1760,1760,0.9775,0.9775,0.9774999505992347,0,0,True,True,3002,True
h1,p[good]*0.95,1,L,CONVERGED,CONVERGED,CONVERGED,0,0,0.9796736,False,0,2272,2272,2272,2272,0.9828423,0.9828423,0.9828422833900966,0,0,True,True,3002,True
h1,s*0.95,1,L,CONVERGED,CONVERGED,CONVERGED,0,0,0.9999998,False,0,490,490,490,490,0.9999996,0.9999996,0.9999995521595492,0,0,True,True,3002,True
h1,JA(0.95),1,L,CONVERGED,CONVERGED,CONVERGED,0,0,0.964641,False,0,2279,2279,2279,2279,0.95,0.95,0.95,0,0,True,True,3002,True
h1,JB(0.95),1,L,CONVERGED,CONVERGED,CONVERGED,0,0,0.9862868,False,0,2424,2424,2432,2432,0.9947528,0.9947528,0.9947659486339903,0,0,True,True,3002,True
h1,N(0.95),1,L,CONVERGED,CONVERGED,CONVERGED,0,0,0.999986,False,0,2791,2791,2791,2791,0.9999679,0.9999679,0.9999679401869224,0,0,True,True,3002,True
h1,w*1.2,2,L,CONVERGED,CONVERGED,CONVERGED,0,0,0.9814277,False,0,1850,1850,1840,1840,0.9992168,0.9992168,0.9992167882915706,0,0,True,True,3002,True
h1,r*1.2,2,L,CONVERGED,CONVERGED,CONVERGED,0,0,0.8736059,False,0,4283,4283,4283,4283,0.8295649,0.8295649,0.8295649367672634,0,0,True,True,3002,True
h1,p[fodder]*1.2,2,L,CONVERGED,CONVERGED,CONVERGED,0,0,0.8863219,False,0,2352,2352,2355,2355,0.918602,0.918602,0.9181658929797123,0,0,True,True,3002,True
h1,p[horse]*1.2,2,L,CONVERGED,CONVERGED,CONVERGED,0,0,0.9452678,False,0,603,603,603,603,0.9446059,0.9446059,0.9446058851358031,0,0,True,True,3002,True
h1,p[traction]*1.2,2,L,CONVERGED,CONVERGED,CONVERGED,0,0,0.9710832,False,0,2346,2346,2374,2374,0.9758215,0.9758215,0.9733546886892815,0,0,True,True,3002,True
h1,p[good]*1.2,2,L,CONVERGED,CONVERGED,CONVERGED,0,0,0.9996872,False,0,2084,2084,2091,2091,0.9999929,0.9999929,0.9999928354438055,0,0,True,True,3002,True
h1,s*1.2,2,L,CONVERGED,CONVERGED,CONVERGED,0,0,0.9987428,False,0,1900,1900,1894,1894,0.9999978,0.9999978,0.9999978150645479,0,0,True,True,3002,True
h1,JA(1.2),2,L,CONVERGED,CONVERGED,CONVERGED,0,0,0.8338227,False,0,2370,2370,2387,2387,0.8727775,0.8727775,0.8716533552879975,0,0,True,True,3002,True
h1,JB(1.2),2,L,CONVERGED,CONVERGED,CONVERGED,0,0,0.8467962,False,0,2728,2728,2729,2729,0.8333333,0.8333333,0.8333333333333334,0,0,True,True,3002,True
h1,N(1.2),2,L,CONVERGED,CONVERGED,CONVERGED,0,0,0.7856609,False,0,4296,4296,4294,4294,0.7862405,0.7862405,0.7920228100589961,0,0,True,True,3002,True
h1,w*0.8,2,L,CONVERGED,CONVERGED,CONVERGED,0,0,0.980218,False,0,2469,2469,2469,2469,0.989443,0.989443,0.9894430364602226,0,0,True,True,3002,True
h1,r*0.8,2,L,CONVERGED,CONVERGED,CONVERGED,0,0,0.9999422,False,0,3603,3603,3603,3603,0.9998725,0.9998725,0.9998725026896346,0,0,True,True,3002,True
h1,p[fodder]*0.8,2,L,CONVERGED,CONVERGED,CONVERGED,0,0,0.9900481,False,0,2707,2707,2707,2707,0.9999859,0.9999859,0.9999858570504548,0,0,True,True,3002,True
h1,p[horse]*0.8,2,L,CONVERGED,CONVERGED,CONVERGED,0,0,0.8,False,0,1921,1921,1921,1921,0.8,0.8,0.8,0,0,True,True,3002,True
h1,p[traction]*0.8,2,L,CONVERGED,CONVERGED,CONVERGED,0,0,0.9148856,False,0,2489,2489,2489,2489,0.9096223,0.9096223,0.9096222662450475,0,0,True,True,3002,True
h1,p[good]*0.8,2,L,CONVERGED,CONVERGED,CONVERGED,0,0,0.902757,False,0,2986,2986,2986,2986,0.9139082,0.9139082,0.9139082217586106,0,0,True,True,3002,True
h1,s*0.8,2,L,CONVERGED,CONVERGED,CONVERGED,0,0,0.9999992,False,0,1716,1716,1716,1716,0.9999982,0.9999982,0.9999981831317164,0,0,True,True,3002,True
h1,JA(0.8),2,L,CONVERGED,CONVERGED,CONVERGED,0,0,0.8517076,False,0,2982,2982,2982,2982,0.8,0.8,0.8,0,0,True,True,3002,True
h1,JB(0.8),2,L,CONVERGED,CONVERGED,CONVERGED,0,0,0.9288867,False,0,3168,3168,3174,3174,0.9547684,0.9547684,0.9498588786145988,0,0,True,True,3002,True
h1,N(0.8),2,L,CONVERGED,CONVERGED,CONVERGED,0,0,0.9999453,False,0,3587,3587,3587,3587,0.9998753,0.9998753,0.999875329121395,0,0,True,True,3002,True
h1,w*2,3,L,CONVERGED,CONVERGED,CONVERGED,0,0,0.9135602,False,0,2480,2480,2472,2472,0.9896811,0.9896811,0.99170422432376,0,0,True,True,3002,True
h1,r*2,3,L,CONVERGED,CONVERGED,CONVERGED,12,10,0.2304612,True,12,5079,5081,5078,5080,0.1216335,0.2394004,0.2387137215922802,33,33,False,False,3,False
h1,p[fodder]*2,3,L,CONVERGED,CONVERGED,CONVERGED,0,0,0.5638388,False,0,3062,3062,3066,3066,0.6494023,0.6494023,0.6474399997183752,0,0,True,True,3002,True
h1,p[horse]*2,3,L,CONVERGED,CONVERGED,CONVERGED,0,0,0.8982058,False,0,2133,2133,2133,2133,0.8946294,0.8946294,0.8946294367922772,0,0,True,True,3002,True
h1,p[traction]*2,3,L,CONVERGED,CONVERGED,CONVERGED,0,0,0.837482,False,0,3061,3061,3077,3077,0.8598102,0.8598102,0.8551857383699822,2,2,True,True,3002,True
h1,p[good]*2,3,L,CONVERGED,CONVERGED,CONVERGED,0,0,0.9986469,False,0,2704,2704,2709,2709,0.9999738,0.9999738,0.9999735289644355,0,0,True,True,3002,True
h1,s*2,3,L,CONVERGED,CONVERGED,CONVERGED,0,0,0.9958869,False,0,2778,2778,2767,2767,0.9999872,0.9999872,0.9999873983489739,0,0,True,True,3002,True
h1,JA(2),3,L,CONVERGED,CONVERGED,CONVERGED,0,0,0.5992479,False,0,3089,3089,3109,3109,0.6756578,0.6756578,0.6629958864869082,3,3,True,True,3002,True
h1,JB(2),3,L,CONVERGED,CONVERGED,CONVERGED,0,0,0.5049732,False,0,3457,3457,3457,3457,0.5,0.5,0.5,25,25,True,True,3002,True
h1,N(2),3,L,CONVERGED,CONVERGED,CONVERGED,0,0,0.3412628,False,0,5085,5085,5083,5083,0.3565505,0.3565505,0.33921194627495604,20,20,True,True,3002,True
h1,w*0.5,3,L,CONVERGED,CONVERGED,CONVERGED,0,0,0.9738651,False,0,3077,3077,3077,3077,0.9999753,0.9999753,0.9999753133538252,0,0,True,True,3002,True
h1,r*0.5,3,L,CONVERGED,CONVERGED,CONVERGED,0,0,0.9998632,False,0,4296,4296,4296,4296,0.9996912,0.9996912,0.9996911940540041,0,0,True,True,3002,True
h1,p[fodder]*0.5,3,L,CONVERGED,CONVERGED,CONVERGED,0,0,0.9999819,False,0,3269,3269,3269,3269,0.9999602,0.9999602,0.9999602078550345,0,0,True,True,3002,True
h1,p[horse]*0.5,3,L,CONVERGED,CONVERGED,CONVERGED,0,0,0.5,False,0,2571,2571,2571,2571,0.5,0.5,0.5,0,0,True,True,3002,True
h1,p[traction]*0.5,3,L,CONVERGED,CONVERGED,CONVERGED,0,0,0.7740779,False,0,3022,3022,3022,3022,0.7723222,0.7723222,0.7723222403315159,0,0,True,True,3002,True
h1,p[good]*0.5,3,L,CONVERGED,CONVERGED,CONVERGED,0,0,0.6376562,False,0,3596,3596,3596,3596,0.6527261,0.6527261,0.6527261151010986,0,0,True,True,3002,True
h1,s*0.5,3,L,CONVERGED,CONVERGED,CONVERGED,0,0,0.9999979,False,0,2181,2181,2181,2181,0.9999953,0.9999953,0.9999952628045723,0,0,True,True,3002,True
h1,JA(0.5),3,L,CONVERGED,CONVERGED,CONVERGED,0,0,0.5894672,False,0,3592,3592,3592,3592,0.5,0.5,0.5,18,18,True,True,3002,True
h1,JB(0.5),3,L,CONVERGED,CONVERGED,CONVERGED,0,0,0.4816696,False,0,3871,3871,3876,3876,0.4919209,0.4919209,0.4808208748694354,42,42,True,True,3002,True
h1,N(0.5),3,L,CONVERGED,CONVERGED,CONVERGED,0,0,0.9998656,False,0,4280,4280,4280,4280,0.9997016,0.9997016,0.9997015566983627,0,0,True,True,3002,True
h1,x*/2,3,L,CONVERGED,CONVERGED,CONVERGED,0,0,0.6709797,False,0,3587,3587,3583,3583,0.7181262,0.7181262,0.7206230283519708,7,7,True,True,3002,True
h1,b*1.1@genesis,2,L,CONVERGED,CONVERGED,CONVERGED,0,0,0.9328105,False,0,3632,3632,3632,3632,0.9076233,0.9076233,0.9076233447705768,0,0,True,True,3002,True
h1,b*1.1@dated,2,L,CONVERGED,CONVERGED,CONVERGED,0,0,0.9328105,False,0,3632,3632,3632,3632,0.9076233,0.9076233,0.9076233447705768,0,0,True,True,3752,True
h1,b*0.9@genesis,2,L,CONVERGED,CONVERGED,CONVERGED,0,0,0.999984,False,0,3357,3357,3357,3357,0.9999551,0.9999551,0.9999551147209194,0,0,True,True,3002,True
h1,b*0.9@dated,2,L,CONVERGED,CONVERGED,CONVERGED,0,0,0.999984,False,0,3357,3357,3357,3357,0.9999551,0.9999551,0.9999551147209194,0,0,True,True,3752,True
h1,b*2@genesis,3,L,CONVERGED,CONVERGED,CONVERGED,4,8,0.2332491,True,4,4618,4619,4618,4619,0.2109313,0.2657714,0.2592699819715276,11,11,False,False,3,False
h1,b*2@dated,3,L,CONVERGED,CONVERGED,CONVERGED,4,8,0.232032,True,4,4618,4619,4618,4619,0.2114447,0.25927,0.2592699819715276,11,11,False,False,753,False
h1,b*0.5@genesis,3,L,CONVERGED,CONVERGED,CONVERGED,0,0,0.9999947,False,0,4419,4419,4419,4419,0.9999842,0.9999842,0.9999841858688971,0,0,True,True,3002,True
h1,b*0.5@dated,3,L,CONVERGED,CONVERGED,CONVERGED,0,0,0.9999947,False,0,4419,4419,4419,4419,0.9999842,0.9999842,0.9999841858688971,0,0,True,True,3752,True
h1,stock.good*0.5,3S,L,CONVERGED,CONVERGED,CONVERGED,0,0,0.9827086,False,0,1770,1770,1770,1770,0.9833082,0.9833082,0.9833082357723545,0,0,True,True,3002,True
h1,stock.good*2,3S,L,CONVERGED,CONVERGED,CONVERGED,0,0,0.9802176,False,0,2263,2263,1915,1915,0.9831875,0.9831875,0.9918151267732123,0,0,True,True,3002,True
h1,heads.capacity*0.5,3S,L,CONVERGED,CONVERGED,CONVERGED,0,0,0.9701147,False,0,4196,4196,4195,4195,0.9998378,0.9998378,0.999837828604643,33,33,True,True,3002,True
h1,heads.capacity*2,3S,L,CONVERGED,CONVERGED,CONVERGED,0,0,0.499134,False,0,5109,5109,5109,5109,0.5437967,0.5437967,0.5437966623665039,0,0,True,True,3002,True
h1,hours.capacity*0.5,3S,L,CONVERGED,CONVERGED,CONVERGED,0,0,0.9506063,False,0,2008,2008,2008,2008,0.9510379,0.9510379,0.9510378883125183,0,0,True,True,3002,True
h1,hours.capacity*2,3S,L,CONVERGED,CONVERGED,CONVERGED,0,0,0.9616381,False,0,2104,2104,1747,1747,0.9577637,0.9577637,0.9780629472621417,0,0,True,True,3002,True
h1,own.maker*0.5,3S,L,CONVERGED,CONVERGED,CONVERGED,0,0,0.9999252,False,0,4615,4615,4615,4615,0.9998346,0.9998346,0.9998346006070207,0,0,True,True,3002,True
h1,own.maker*2,3S,L,CONVERGED,CONVERGED,CONVERGED,0,0,1.0,False,0,3409,3409,3409,3409,1.0,1.0,1.0,0,0,True,True,3002,True
h1,finished.maker*0.5,3S,L,CONVERGED,CONVERGED,CONVERGED,0,0,0.9720601,False,0,2330,2330,2330,2330,0.979616,0.979616,0.9796159659413637,0,0,True,True,3002,True
h1,finished.maker*2,3S,L,CONVERGED,CONVERGED,CONVERGED,0,0,0.6534535,False,0,2530,2530,2530,2530,0.654398,0.654398,0.6543980222746819,0,0,True,True,3002,True
h1,stock.fodder*0.5,3S,L,CONVERGED,CONVERGED,CONVERGED,0,0,0.9646925,False,0,2180,2180,2180,2180,0.9760612,0.9760612,0.9760611505860158,0,0,True,True,3002,True
h1,stock.fodder*2,3S,L,CONVERGED,CONVERGED,CONVERGED,0,0,0.9926935,False,0,2334,2334,2007,2007,0.9999935,0.9999935,0.999996722297936,0,0,True,True,3002,True
h1,coin.desk.good*0.5,3S,L,CONVERGED,CONVERGED,CONVERGED,0,0,0.6748621,False,0,3962,3962,3961,3961,0.6578069,0.6578069,0.6538861289512653,0,0,True,True,3002,True
h1,coin.desk.good*2,3S,L,CONVERGED,CONVERGED,CONVERGED,0,0,0.9502946,False,0,3621,3621,3621,3621,0.999877,0.999877,0.9998770223334981,0,0,True,True,3002,True
h1,coin.desk.capacity*0.5,3S,L,CONVERGED,CONVERGED,CONVERGED,0,0,0.5508754,False,0,3869,3869,3869,3869,0.5447515,0.5447515,0.5447515432520913,0,0,True,True,3002,True
h1,coin.desk.capacity*2,3S,L,CONVERGED,CONVERGED,CONVERGED,0,0,0.999959,False,0,3446,3446,3446,3446,0.9998984,0.9998984,0.9998983925841287,0,0,True,True,3002,True
h1,coin.desk.maker*0.5,3S,L,CONVERGED,CONVERGED,CONVERGED,0,0,0.8916944,False,0,3603,3603,3613,3613,0.8807709,0.8807709,0.8799439718698239,0,0,True,True,3002,True
h1,coin.desk.maker*2,3S,L,CONVERGED,CONVERGED,CONVERGED,0,0,0.8489295,False,0,3264,3264,3264,3264,0.8967587,0.8967587,0.896758689965548,0,0,True,True,3002,True
h1,coin.desk.fodder*0.5,3S,L,CONVERGED,CONVERGED,CONVERGED,0,0,0.9268841,False,0,3211,3211,3211,3211,0.9870756,0.9870756,0.9870755791207476,1,1,True,True,3002,True
h1,coin.desk.fodder*2,3S,L,CONVERGED,CONVERGED,CONVERGED,0,0,0.9997915,False,0,3211,3211,3211,3211,0.9997006,0.9997006,0.9997006194596476,0,0,True,True,3002,True
h1,coin.provider*0.5,3S,L,CONVERGED,CONVERGED,CONVERGED,0,0,0.8864829,False,0,3998,3998,3997,3997,0.8760738,0.8760738,0.8780498187004794,0,0,True,True,3002,True
h1,coin.provider*2,3S,L,CONVERGED,CONVERGED,CONVERGED,0,0,0.9993532,False,0,3544,3544,3544,3544,0.9990716,0.9990716,0.9990716150066713,0,0,True,True,3002,True
h1,coin.workers*0.5,3S,L,CONVERGED,CONVERGED,CONVERGED,0,0,0.8780655,False,0,4036,4036,4035,4035,0.8670169,0.8670169,0.8690363924253304,0,0,True,True,3002,True
h1,coin.workers*2,3S,L,CONVERGED,CONVERGED,CONVERGED,0,0,0.999321,False,0,3580,3580,3580,3580,0.9990253,0.9990253,0.9990252844527252,0,0,True,True,3002,True
h1,w*2,3,10L,CONVERGED,CONVERGED,CONVERGED,0,0,0.9135602,False,0,2480,2480,2472,2472,0.9896811,0.9896811,0.99170422432376,0,0,True,True,3002,True
h1,r*2,3,10L,CONVERGED,CONVERGED,CONVERGED,12,10,0.2304612,True,12,5079,5081,5078,5080,0.1216335,0.2394004,0.2387137215922802,33,33,False,False,2,False
h1,p[fodder]*2,3,10L,CONVERGED,CONVERGED,CONVERGED,0,0,0.5638388,False,0,3062,3062,3066,3066,0.6494023,0.6494023,0.6474399997183752,0,0,True,True,3002,True
h1,p[horse]*2,3,10L,CONVERGED,CONVERGED,CONVERGED,0,0,0.8982058,False,0,2133,2133,2133,2133,0.8946294,0.8946294,0.8946294367922772,0,0,True,True,3002,True
h1,p[traction]*2,3,10L,CONVERGED,CONVERGED,CONVERGED,0,0,0.837482,False,0,3061,3061,3077,3077,0.8598102,0.8598102,0.8551857383699822,2,2,True,True,3002,True
h1,p[good]*2,3,10L,CONVERGED,CONVERGED,CONVERGED,0,0,0.9986469,False,0,2704,2704,2709,2709,0.9999738,0.9999738,0.9999735289644355,0,0,True,True,3002,True
h1,s*2,3,10L,CONVERGED,CONVERGED,CONVERGED,0,0,0.9958869,False,0,2778,2778,2767,2767,0.9999872,0.9999872,0.9999873983489739,0,0,True,True,3002,True
h1,JA(2),3,10L,CONVERGED,CONVERGED,CONVERGED,0,0,0.5992479,False,0,3089,3089,3109,3109,0.6756578,0.6756578,0.6629958864869082,3,3,True,True,3002,True
h1,JB(2),3,10L,CONVERGED,CONVERGED,CONVERGED,0,0,0.5049732,False,0,3457,3457,3457,3457,0.5,0.5,0.5,25,25,True,True,3002,True
h1,N(2),3,10L,CONVERGED,CONVERGED,CONVERGED,0,0,0.3412628,False,0,5085,5085,5083,5083,0.3565505,0.3565505,0.33921194627495604,20,20,True,True,3002,True
h1,w*0.5,3,10L,CONVERGED,CONVERGED,CONVERGED,0,0,0.9738651,False,0,3077,3077,3077,3077,0.9999753,0.9999753,0.9999753133538252,0,0,True,True,3002,True
h1,r*0.5,3,10L,CONVERGED,CONVERGED,CONVERGED,0,0,0.9998632,False,0,4296,4296,4296,4296,0.9996912,0.9996912,0.9996911940540041,0,0,True,True,3002,True
h1,p[fodder]*0.5,3,10L,CONVERGED,CONVERGED,CONVERGED,0,0,0.9999819,False,0,3269,3269,3269,3269,0.9999602,0.9999602,0.9999602078550345,0,0,True,True,3002,True
h1,p[horse]*0.5,3,10L,CONVERGED,CONVERGED,CONVERGED,0,0,0.5,False,0,2571,2571,2571,2571,0.5,0.5,0.5,0,0,True,True,3002,True
h1,p[traction]*0.5,3,10L,CONVERGED,CONVERGED,CONVERGED,0,0,0.7740779,False,0,3022,3022,3022,3022,0.7723222,0.7723222,0.7723222403315159,0,0,True,True,3002,True
h1,p[good]*0.5,3,10L,CONVERGED,CONVERGED,CONVERGED,0,0,0.6376562,False,0,3596,3596,3596,3596,0.6527261,0.6527261,0.6527261151010986,0,0,True,True,3002,True
h1,s*0.5,3,10L,CONVERGED,CONVERGED,CONVERGED,0,0,0.9999979,False,0,2181,2181,2181,2181,0.9999953,0.9999953,0.9999952628045723,0,0,True,True,3002,True
h1,JA(0.5),3,10L,CONVERGED,CONVERGED,CONVERGED,0,0,0.5894672,False,0,3592,3592,3592,3592,0.5,0.5,0.5,18,18,True,True,3002,True
h1,JB(0.5),3,10L,CONVERGED,CONVERGED,CONVERGED,0,0,0.4816696,False,0,3871,3871,3876,3876,0.4919209,0.4919209,0.4808208748694354,42,42,True,True,3002,True
h1,N(0.5),3,10L,CONVERGED,CONVERGED,CONVERGED,0,0,0.9998656,False,0,4280,4280,4280,4280,0.9997016,0.9997016,0.9997015566983627,0,0,True,True,3002,True
h1,x*/2,3,10L,CONVERGED,CONVERGED,CONVERGED,0,0,0.6709797,False,0,3587,3587,3583,3583,0.7181262,0.7181262,0.7206230283519708,7,7,True,True,3002,True
h1,b*2@genesis,3,10L,CONVERGED,CONVERGED,CONVERGED,4,8,0.2332491,True,4,4618,4619,4618,4619,0.2109313,0.2657714,0.2592699819715276,11,11,False,False,2,False
h1,b*2@dated,3,10L,CONVERGED,CONVERGED,CONVERGED,4,8,0.232032,True,4,4618,4619,4618,4619,0.2114447,0.25927,0.2592699819715276,11,11,False,False,752,False
h1,b*0.5@genesis,3,10L,CONVERGED,CONVERGED,CONVERGED,0,0,0.9999947,False,0,4419,4419,4419,4419,0.9999842,0.9999842,0.9999841858688971,0,0,True,True,3002,True
h1,b*0.5@dated,3,10L,CONVERGED,CONVERGED,CONVERGED,0,0,0.9999947,False,0,4419,4419,4419,4419,0.9999842,0.9999842,0.9999841858688971,0,0,True,True,3752,True
h1,stock.good*0.5,3S,10L,CONVERGED,CONVERGED,CONVERGED,0,0,0.9827086,False,0,1770,1770,1770,1770,0.9833082,0.9833082,0.9833082357723545,0,0,True,True,3002,True
h1,stock.good*2,3S,10L,CONVERGED,CONVERGED,CONVERGED,0,0,0.9802176,False,0,2263,2263,1915,1915,0.9831875,0.9831875,0.9918151267732123,0,0,True,True,3002,True
h1,heads.capacity*0.5,3S,10L,CONVERGED,CONVERGED,CONVERGED,0,0,0.9701147,False,0,4196,4196,4195,4195,0.9998378,0.9998378,0.999837828604643,33,33,True,True,3002,True
h1,heads.capacity*2,3S,10L,CONVERGED,CONVERGED,CONVERGED,0,0,0.499134,False,0,5109,5109,5109,5109,0.5437967,0.5437967,0.5437966623665039,0,0,True,True,3002,True
h1,hours.capacity*0.5,3S,10L,CONVERGED,CONVERGED,CONVERGED,0,0,0.9506063,False,0,2008,2008,2008,2008,0.9510379,0.9510379,0.9510378883125183,0,0,True,True,3002,True
h1,hours.capacity*2,3S,10L,CONVERGED,CONVERGED,CONVERGED,0,0,0.9616381,False,0,2104,2104,1747,1747,0.9577637,0.9577637,0.9780629472621417,0,0,True,True,3002,True
h1,own.maker*0.5,3S,10L,CONVERGED,CONVERGED,CONVERGED,0,0,0.9999252,False,0,4615,4615,4615,4615,0.9998346,0.9998346,0.9998346006070207,0,0,True,True,3002,True
h1,own.maker*2,3S,10L,CONVERGED,CONVERGED,CONVERGED,0,0,1.0,False,0,3409,3409,3409,3409,1.0,1.0,1.0,0,0,True,True,3002,True
h1,finished.maker*0.5,3S,10L,CONVERGED,CONVERGED,CONVERGED,0,0,0.9720601,False,0,2330,2330,2330,2330,0.979616,0.979616,0.9796159659413637,0,0,True,True,3002,True
h1,finished.maker*2,3S,10L,CONVERGED,CONVERGED,CONVERGED,0,0,0.6534535,False,0,2530,2530,2530,2530,0.654398,0.654398,0.6543980222746819,0,0,True,True,3002,True
h1,stock.fodder*0.5,3S,10L,CONVERGED,CONVERGED,CONVERGED,0,0,0.9646925,False,0,2180,2180,2180,2180,0.9760612,0.9760612,0.9760611505860158,0,0,True,True,3002,True
h1,stock.fodder*2,3S,10L,CONVERGED,CONVERGED,CONVERGED,0,0,0.9926935,False,0,2334,2334,2007,2007,0.9999935,0.9999935,0.999996722297936,0,0,True,True,3002,True
h1,coin.desk.good*0.5,3S,10L,CONVERGED,CONVERGED,CONVERGED,0,0,0.6748621,False,0,3962,3962,3961,3961,0.6578069,0.6578069,0.6538861289512653,0,0,True,True,3002,True
h1,coin.desk.good*2,3S,10L,CONVERGED,CONVERGED,CONVERGED,0,0,0.9502946,False,0,3621,3621,3621,3621,0.999877,0.999877,0.9998770223334981,0,0,True,True,3002,True
h1,coin.desk.capacity*0.5,3S,10L,CONVERGED,CONVERGED,CONVERGED,0,0,0.5508754,False,0,3869,3869,3869,3869,0.5447515,0.5447515,0.5447515432520913,0,0,True,True,3002,True
h1,coin.desk.capacity*2,3S,10L,CONVERGED,CONVERGED,CONVERGED,0,0,0.999959,False,0,3446,3446,3446,3446,0.9998984,0.9998984,0.9998983925841287,0,0,True,True,3002,True
h1,coin.desk.maker*0.5,3S,10L,CONVERGED,CONVERGED,CONVERGED,0,0,0.8916944,False,0,3603,3603,3613,3613,0.8807709,0.8807709,0.8799439718698239,0,0,True,True,3002,True
h1,coin.desk.maker*2,3S,10L,CONVERGED,CONVERGED,CONVERGED,0,0,0.8489295,False,0,3264,3264,3264,3264,0.8967587,0.8967587,0.896758689965548,0,0,True,True,3002,True
h1,coin.desk.fodder*0.5,3S,10L,CONVERGED,CONVERGED,CONVERGED,0,0,0.9268841,False,0,3211,3211,3211,3211,0.9870756,0.9870756,0.9870755791207476,1,1,True,True,3002,True
h1,coin.desk.fodder*2,3S,10L,CONVERGED,CONVERGED,CONVERGED,0,0,0.9997915,False,0,3211,3211,3211,3211,0.9997006,0.9997006,0.9997006194596476,0,0,True,True,3002,True
h1,coin.provider*0.5,3S,10L,CONVERGED,CONVERGED,CONVERGED,0,0,0.8864829,False,0,3998,3998,3997,3997,0.8760738,0.8760738,0.8780498187004794,0,0,True,True,3002,True
h1,coin.provider*2,3S,10L,CONVERGED,CONVERGED,CONVERGED,0,0,0.9993532,False,0,3544,3544,3544,3544,0.9990716,0.9990716,0.9990716150066713,0,0,True,True,3002,True
h1,coin.workers*0.5,3S,10L,CONVERGED,CONVERGED,CONVERGED,0,0,0.8780655,False,0,4036,4036,4035,4035,0.8670169,0.8670169,0.8690363924253304,0,0,True,True,3002,True
h1,coin.workers*2,3S,10L,CONVERGED,CONVERGED,CONVERGED,0,0,0.999321,False,0,3580,3580,3580,3580,0.9990253,0.9990253,0.9990252844527252,0,0,True,True,3002,True
h2,w*1.05,1,L,CONVERGED,CONVERGED,CONVERGED,0,0,0.9908531,False,0,1076,1076,1074,1074,0.9996096,0.9996096,0.999609597718686,0,0,True,True,2887,True
h2,r*1.05,1,L,CONVERGED,CONVERGED,CONVERGED,0,0,0.8517633,False,0,3236,3236,3236,3236,0.8689377,0.8689377,0.8716197587014668,0,0,True,True,2887,True
h2,p[fodder]*1.05,1,L,CONVERGED,CONVERGED,CONVERGED,0,0,0.9183826,False,0,1954,1954,1965,1965,0.9448614,0.9448614,0.9437460789051383,0,0,True,True,2887,True
h2,p[horse]*1.05,1,L,CONVERGED,CONVERGED,CONVERGED,0,0,0.9859956,False,0,509,509,509,509,0.985951,0.985951,0.9859509996669776,0,0,True,True,2887,True
h2,p[traction]*1.05,1,L,CONVERGED,CONVERGED,CONVERGED,0,0,0.9698603,False,0,1710,1710,1746,1746,0.9745597,0.9745597,0.9721558449038278,0,0,True,True,2887,True
h2,p[good]*1.05,1,L,CONVERGED,CONVERGED,CONVERGED,0,0,0.9995095,False,0,1322,1322,1328,1328,0.9995526,0.9995526,0.9995462584644145,0,0,True,True,2887,True
h2,s*1.05,1,L,CONVERGED,CONVERGED,CONVERGED,0,0,0.9967619,False,0,1172,1172,1165,1165,0.998775,0.998775,0.9990777384577385,0,0,True,True,2887,True
h2,JA(1.05),1,L,CONVERGED,CONVERGED,CONVERGED,0,0,0.9026716,False,0,1893,1893,1914,1914,0.933291,0.933291,0.9317691979322112,0,0,True,True,2887,True
h2,JB(1.05),1,L,CONVERGED,CONVERGED,CONVERGED,0,0,0.9190028,False,0,1879,1879,1879,1879,0.952381,0.952381,0.9523809523809523,0,0,True,True,2887,True
h2,N(1.05),1,L,CONVERGED,CONVERGED,CONVERGED,0,0,0.9002937,False,0,3282,3282,3278,3278,0.9042537,0.9042537,0.9078783383697546,0,0,True,True,2887,True
h2,w*0.95,1,L,CONVERGED,CONVERGED,CONVERGED,0,0,0.9940668,False,0,1503,1503,1503,1503,0.9978485,0.9978485,0.9978484627417975,0,0,True,True,2887,True
h2,r*0.95,1,L,CONVERGED,CONVERGED,CONVERGED,0,0,0.9929437,False,0,2654,2654,2654,2654,0.9933462,0.9933462,0.9933462016347961,0,0,True,True,2887,True
h2,p[fodder]*0.95,1,L,CONVERGED,CONVERGED,CONVERGED,0,0,0.8839553,False,0,1954,1954,1954,1954,0.919165,0.919165,0.9191649510200034,0,0,True,True,2887,True
h2,p[horse]*0.95,1,L,CONVERGED,CONVERGED,CONVERGED,0,0,0.95,False,0,1416,1416,1416,1416,0.95,0.95,0.95,0,0,True,True,2887,True
h2,p[traction]*0.95,1,L,CONVERGED,CONVERGED,CONVERGED,0,0,0.9546703,False,0,1823,1823,1823,1823,0.9563888,0.9563888,0.9563888021484145,0,0,True,True,2887,True
h2,p[good]*0.95,1,L,CONVERGED,CONVERGED,CONVERGED,0,0,0.9020016,False,0,2361,2361,2361,2361,0.9108633,0.9108633,0.9108633466901469,0,0,True,True,2887,True
h2,s*0.95,1,L,CONVERGED,CONVERGED,CONVERGED,0,0,0.9998768,False,0,906,906,906,906,0.9998944,0.9998944,0.9998943759270839,0,0,True,True,2887,True
h2,JA(0.95),1,L,CONVERGED,CONVERGED,CONVERGED,0,0,0.8612748,False,0,2351,2351,2351,2351,0.8913346,0.8913346,0.8913345988295989,0,0,True,True,2887,True
h2,JB(0.95),1,L,CONVERGED,CONVERGED,CONVERGED,0,0,0.8853065,False,0,2512,2512,2525,2525,0.9218284,0.9218284,0.9190678957723195,0,0,True,True,2887,True
h2,N(0.95),1,L,CONVERGED,CONVERGED,CONVERGED,0,0,0.9934551,False,0,2629,2629,2629,2629,0.9943924,0.9943924,0.9943924439663755,0,0,True,True,2887,True
h2,w*1.2,2,L,CONVERGED,CONVERGED,CONVERGED,0,0,0.9643896,False,0,1626,1626,1619,1619,0.9984979,0.9984979,0.9984979126113412,0,0,True,True,2887,True
h2,r*1.2,2,L,CONVERGED,CONVERGED,CONVERGED,0,0,0.3921506,False,0,3888,3888,3888,3888,0.4105341,0.4105341,0.41937506906647265,0,0,True,True,2887,True
h2,p[fodder]*1.2,2,L,CONVERGED,CONVERGED,CONVERGED,0,0,0.7117392,False,0,2659,2659,2671,2671,0.7871728,0.7871728,0.783330922167425,0,0,True,True,2887,True
h2,p[horse]*1.2,2,L,CONVERGED,CONVERGED,CONVERGED,0,0,0.9402661,False,0,1368,1368,1368,1368,0.9398744,0.9398744,0.9398744255942473,0,0,True,True,2887,True
h2,p[traction]*1.2,2,L,CONVERGED,CONVERGED,CONVERGED,0,0,0.8873344,False,0,2374,2374,2407,2407,0.8978287,0.8978287,0.8903665998169926,0,0,True,True,2887,True
h2,p[good]*1.2,2,L,CONVERGED,CONVERGED,CONVERGED,0,0,0.9982132,False,0,1918,1918,1925,1925,0.9983855,0.9983855,0.9983643799215979,0,0,True,True,2887,True
h2,s*1.2,2,L,CONVERGED,CONVERGED,CONVERGED,0,0,0.9842801,False,0,1744,1744,1735,1735,0.9925887,0.9925887,0.9939538434114995,0,0,True,True,2887,True
h2,JA(1.2),2,L,CONVERGED,CONVERGED,CONVERGED,0,0,0.6785755,False,0,2593,2593,2618,2618,0.7516314,0.7516314,0.7427186193445496,0,0,True,True,2887,True
h2,JB(1.2),2,L,CONVERGED,CONVERGED,CONVERGED,0,0,0.746342,False,0,2568,2568,2568,2568,0.8333333,0.8333333,0.8333333333333333,0,0,True,True,2887,True
h2,N(1.2),2,L,CONVERGED,CONVERGED,CONVERGED,0,0,0.6320356,False,0,3940,3940,3936,3936,0.650682,0.650682,0.6582789693890506,0,0,True,True,2887,True
h2,w*0.8,2,L,CONVERGED,CONVERGED,CONVERGED,0,0,0.96211,False,0,2216,2216,2216,2216,0.9816457,0.9816457,0.98164568838765,0,0,True,True,2887,True
h2,r*0.8,2,L,CONVERGED,CONVERGED,CONVERGED,0,0,0.9703358,False,0,3395,3395,3395,3395,0.9713564,0.9713564,0.9713563586066636,0,0,True,True,2887,True
h2,p[fodder]*0.8,2,L,CONVERGED,CONVERGED,CONVERGED,0,0,0.5939886,False,0,2740,2740,2740,2740,0.6809604,0.6809604,0.6809603671535971,0,0,True,True,2887,True
h2,p[horse]*0.8,2,L,CONVERGED,CONVERGED,CONVERGED,0,0,0.8,False,0,2080,2080,2080,2080,0.8,0.8,0.8,0,0,True,True,2887,True
h2,p[traction]*0.8,2,L,CONVERGED,CONVERGED,CONVERGED,0,0,0.8091905,False,0,2589,2589,2589,2589,0.8202108,0.8202108,0.8202108436544916,0,0,True,True,2887,True
h2,p[good]*0.8,2,L,CONVERGED,CONVERGED,CONVERGED,0,0,0.5901043,False,0,3181,3181,3181,3181,0.6048341,0.6048341,0.604834091883768,0,0,True,True,2887,True
h2,s*0.8,2,L,CONVERGED,CONVERGED,CONVERGED,0,0,0.999502,False,0,1472,1472,1472,1472,0.9995727,0.9995727,0.9995727416175315,0,0,True,True,2887,True
h2,JA(0.8),2,L,CONVERGED,CONVERGED,CONVERGED,0,0,0.4798179,False,0,3211,3211,3211,3211,0.5347014,0.5347014,0.5347014396032982,0,0,True,True,2887,True
h2,JB(0.8),2,L,CONVERGED,CONVERGED,CONVERGED,0,0,0.5091898,False,0,3386,3386,3398,3398,0.5257175,0.5257175,0.5136024762362206,0,0,True,True,2887,True
h2,N(0.8),2,L,CONVERGED,CONVERGED,CONVERGED,0,0,0.9715359,False,0,3374,3374,3374,3374,0.9725352,0.9725352,0.972535184755887,0,0,True,True,2887,True
h2,w*2,3,L,CONVERGED,CONVERGED,CONVERGED,0,0,0.844148,False,0,2381,2381,2375,2375,0.980048,0.980048,0.9838235413959283,0,0,True,True,2887,True
h2,r*2,3,L,CONVERGED,CONVERGED,CONVERGED,65,54,0.2184639,True,63,4620,4627,4620,4627,0.003837279,0.2196486,0.20446535448333705,120,86,False,False,2,False
h2,p[fodder]*2,3,L,CONVERGED,CONVERGED,CONVERGED,1,2,0.2498025,True,1,3478,3483,3488,3492,0.3024691,0.3122919,0.3047915149649053,0,0,False,False,2,False
h2,p[horse]*2,3,L,CONVERGED,CONVERGED,CONVERGED,0,0,0.7975166,False,0,1768,1768,1768,1768,0.7950634,0.7950634,0.7950633704920008,0,0,True,True,2887,True
h2,p[traction]*2,3,L,CONVERGED,CONVERGED,CONVERGED,0,0,0.5321608,False,0,3182,3182,3198,3198,0.543774,0.543774,0.5317963845360705,2,2,True,True,2887,True
h2,p[good]*2,3,L,CONVERGED,CONVERGED,CONVERGED,0,0,0.993779,False,0,2576,2576,2581,2581,0.9949298,0.9949298,0.9948975119152413,0,0,True,True,2887,True
h2,s*2,3,L,CONVERGED,CONVERGED,CONVERGED,0,0,0.838155,False,0,2759,2759,2746,2746,0.880174,0.880174,0.8841589840442166,0,0,True,True,2887,True
h2,JA(2),3,L,CONVERGED,CONVERGED,CONVERGED,0,0,0.3812707,False,0,3260,3260,3288,3288,0.46502,0.46502,0.44102496537792635,3,3,True,True,2887,True
h2,JB(2),3,L,CONVERGED,CONVERGED,CONVERGED,0,0,0.5271319,False,0,3338,3338,3338,3338,0.5,0.5,0.5,23,23,True,True,2887,True
h2,N(2),3,L,CONVERGED,CONVERGED,CONVERGED,57,100,0.2277312,True,56,4639,4643,4638,4642,0.01657042,0.2111151,0.21141016918511368,45,9,False,False,2,False
h2,w*0.5,3,L,CONVERGED,CONVERGED,CONVERGED,0,0,0.9412408,False,0,2879,2879,2879,2879,0.9938209,0.9938209,0.9938209199118071,0,0,True,True,2887,True
h2,r*0.5,3,L,CONVERGED,CONVERGED,CONVERGED,0,0,0.9068146,False,0,4003,4003,4003,4003,0.912764,0.912764,0.9127640153168637,0,0,True,True,2887,True
h2,p[fodder]*0.5,3,L,CONVERGED,CONVERGED,CONVERGED,0,0,0.3246916,False,0,3319,3319,3319,3319,0.4085289,0.4085289,0.4085288820161925,7,7,True,True,2887,True
h2,p[horse]*0.5,3,L,CONVERGED,CONVERGED,CONVERGED,0,0,0.5,False,0,2673,2673,2673,2673,0.5,0.5,0.5,0,0,True,True,2887,True
h2,p[traction]*0.5,3,L,CONVERGED,CONVERGED,CONVERGED,0,0,0.5582955,False,0,3221,3221,3221,3221,0.5241135,0.5241135,0.5241134974856679,0,0,True,True,2887,True
h2,p[good]*0.5,3,L,CONVERGED,CONVERGED,CONVERGED,8,16,0.2336363,True,8,3682,3658,3682,3658,0.119006,0.2020761,0.2020760555152526,0,0,False,False,3,False
h2,s*0.5,3,L,CONVERGED,CONVERGED,CONVERGED,0,0,0.9987214,False,0,1907,1907,1907,1907,0.9988947,0.9988947,0.9988947388809987,0,0,True,True,2887,True
h2,JA(0.5),3,L,CONVERGED,CONVERGED,CONVERGED,4,8,0.2357554,True,4,3653,3622,3653,3622,0.167534,0.2487556,0.24875563593452366,8,8,False,False,3,False
h2,JB(0.5),3,L,CONVERGED,CONVERGED,CONVERGED,13,20,0.2315023,True,14,3826,3740,3832,3740,0.05396686,0.1871209,0.18866873462212452,31,22,False,False,2,False
h2,N(0.5),3,L,CONVERGED,CONVERGED,CONVERGED,0,0,0.9106743,False,0,3984,3984,3984,3984,0.9158968,0.9158968,0.9158967572775643,0,0,True,True,2887,True
h2,x*/2,3,L,CONVERGED,CONVERGED,CONVERGED,6,12,0.2333709,True,6,3605,3592,3601,3589,0.1635119,0.2319361,0.23339135959102578,7,7,False,False,2,False
h2,b*1.1@genesis,2,L,CONVERGED,CONVERGED,CONVERGED,0,0,0.7392421,False,0,3145,3145,3145,3145,0.7774603,0.7774603,0.7774603317715029,0,0,True,True,2887,True
h2,b*1.1@dated,2,L,CONVERGED,CONVERGED,CONVERGED,0,0,0.7392421,False,0,3145,3145,3145,3145,0.7774603,0.7774603,0.777460331771503,0,0,True,True,3608,True
h2,b*0.9@genesis,2,L,CONVERGED,CONVERGED,CONVERGED,0,0,0.986045,False,0,3182,3182,3182,3182,0.988127,0.988127,0.9881270075052234,0,0,True,True,2887,True
h2,b*0.9@dated,2,L,CONVERGED,CONVERGED,CONVERGED,0,0,0.986045,False,0,3182,3182,3182,3182,0.988127,0.988127,0.9881270075051968,0,0,True,True,3608,True
h2,b*2@genesis,3,L,CONVERGED,CONVERGED,CONVERGED,46,40,0.2234264,True,46,4233,4250,4233,4250,0.01402605,0.2370041,0.23700407294516168,7,7,False,False,2,False
h2,b*2@dated,3,L,CONVERGED,CONVERGED,CONVERGED,46,40,0.2234264,True,46,4233,4250,4233,4250,0.01402605,0.2370041,0.23700407294516151,7,7,False,False,723,False
h2,b*0.5@genesis,3,L,CONVERGED,CONVERGED,CONVERGED,0,0,0.9141198,False,0,4253,4253,4253,4253,0.9048668,0.9048668,0.9048667851490115,0,0,True,True,2887,True
h2,b*0.5@dated,3,L,CONVERGED,CONVERGED,CONVERGED,0,0,0.9141198,False,0,4253,4253,4253,4253,0.9048668,0.9048668,0.9048667851490084,0,0,True,True,3608,True
h2,stock.good*0.5,3S,L,CONVERGED,CONVERGED,CONVERGED,0,0,0.9571066,False,0,1794,1794,1794,1794,0.958953,0.958953,0.9589529606546389,0,0,True,True,2887,True
h2,stock.good*2,3S,L,CONVERGED,CONVERGED,CONVERGED,0,0,0.9044188,False,0,2350,2350,2000,2000,0.9129925,0.9129925,0.9568807449973763,0,0,True,True,2887,True
h2,heads.capacity*0.5,3S,L,CONVERGED,CONVERGED,CONVERGED,0,0,0.7850084,False,0,3931,3931,3930,3930,0.9554605,0.9554605,0.9555814282731337,46,46,True,True,2887,True
h2,heads.capacity*2,3S,L,CONVERGED,CONVERGED,CONVERGED,63,114,0.2277654,True,63,4712,4715,4712,4715,0.04047807,0.2116725,0.21167248000695066,0,0,False,False,2,False
h2,hours.capacity*0.5,3S,L,CONVERGED,CONVERGED,CONVERGED,0,0,0.9180357,False,0,2027,2027,2027,2027,0.9197529,0.9197529,0.9197528608747875,0,0,True,True,2887,True
h2,hours.capacity*2,3S,L,CONVERGED,CONVERGED,CONVERGED,0,0,0.9144521,False,0,2146,2146,1813,1813,0.9181283,0.9181283,0.9574838338100398,0,0,True,True,2887,True
h2,own.maker*0.5,3S,L,CONVERGED,CONVERGED,CONVERGED,0,0,0.9547977,False,0,4192,4192,4192,4192,0.9566318,0.9566318,0.9566318485274891,0,0,True,True,2887,True
h2,own.maker*2,3S,L,CONVERGED,CONVERGED,CONVERGED,0,0,1.0,False,0,3409,3409,3409,3409,1.0,1.0,1.0,0,0,True,True,2887,True
h2,finished.maker*0.5,3S,L,CONVERGED,CONVERGED,CONVERGED,0,0,0.905374,False,0,2171,2171,2171,2171,0.9306054,0.9306054,0.9306053915152528,0,0,True,True,2887,True
h2,finished.maker*2,3S,L,CONVERGED,CONVERGED,CONVERGED,0,0,0.5774409,False,0,2461,2461,2461,2461,0.5765877,0.5765877,0.5765876961468621,0,0,True,True,2887,True
h2,stock.fodder*0.5,3S,L,CONVERGED,CONVERGED,CONVERGED,0,0,0.8957782,False,0,2205,2205,2205,2205,0.9368078,0.9368078,0.9368077829811606,0,0,True,True,2887,True
h2,stock.fodder*2,3S,L,CONVERGED,CONVERGED,CONVERGED,0,0,0.785445,False,0,2301,2301,1943,1943,0.8443233,0.8443233,0.9211364584703639,0,0,True,True,2887,True
h2,coin.desk.good*0.5,3S,L,CONVERGED,CONVERGED,CONVERGED,0,0,0.3972572,False,0,3574,3574,3574,3574,0.3593222,0.3593222,0.35426853675965553,0,0,True,True,2887,True
h2,coin.desk.good*2,3S,L,CONVERGED,CONVERGED,CONVERGED,0,0,0.6221759,False,0,3449,3449,3449,3449,0.7051877,0.7051877,0.7051876806960938,0,0,True,True,2887,True
h2,coin.desk.capacity*0.5,3S,L,CONVERGED,CONVERGED,CONVERGED,0,0,0.3959188,False,0,3482,3482,3483,3483,0.3646112,0.3646112,0.36017427844551325,0,0,True,True,2887,True
h2,coin.desk.capacity*2,3S,L,CONVERGED,CONVERGED,CONVERGED,0,0,0.9222135,False,0,3243,3243,3243,3243,0.979315,0.979315,0.9793149650087679,0,0,True,True,2887,True
h2,coin.desk.maker*0.5,3S,L,CONVERGED,CONVERGED,CONVERGED,0,0,0.7169009,False,0,2929,2929,2927,2927,0.7808149,0.7808149,0.7920672091327589,0,0,True,True,2887,True
h2,coin.desk.maker*2,3S,L,CONVERGED,CONVERGED,CONVERGED,0,0,0.6698914,False,0,2862,2862,2862,2862,0.7223835,0.7223835,0.7223834643931523,0,0,True,True,2887,True
h2,coin.desk.fodder*0.5,3S,L,CONVERGED,CONVERGED,CONVERGED,0,0,0.3196709,False,0,3502,3502,3502,3502,0.4118964,0.4118964,0.4118963892395791,0,0,True,True,2887,True
h2,coin.desk.fodder*2,3S,L,CONVERGED,CONVERGED,CONVERGED,0,0,0.9821974,False,0,3183,3183,3183,3183,0.9834157,0.9834157,0.9834157386334724,0,0,True,True,2887,True
h2,coin.provider*0.5,3S,L,CONVERGED,CONVERGED,CONVERGED,0,0,0.7942682,False,0,3634,3634,3633,3633,0.766485,0.766485,0.7702820862985262,0,0,True,True,2887,True
h2,coin.provider*2,3S,L,CONVERGED,CONVERGED,CONVERGED,0,0,0.7954619,False,0,3418,3418,3418,3418,0.9748836,0.9748836,0.9748835757528235,0,0,True,True,2887,True
h2,coin.workers*0.5,3S,L,CONVERGED,CONVERGED,CONVERGED,0,0,0.7785826,False,0,3671,3671,3670,3670,0.7492798,0.7492798,0.7532647826290741,0,0,True,True,2887,True
h2,coin.workers*2,3S,L,CONVERGED,CONVERGED,CONVERGED,0,0,0.7784676,False,0,3451,3451,3451,3451,0.9700944,0.9700944,0.970094366723303,0,0,True,True,2887,True
h2,w*2,3,10L,CONVERGED,CONVERGED,CONVERGED,0,0,0.844148,False,0,2381,2381,2375,2375,0.980048,0.980048,0.9838235413959283,0,0,True,True,2887,True
h2,r*2,3,10L,CONVERGED,CONVERGED,CONVERGED,65,54,0.2184639,True,63,4620,4627,4620,4627,0.003837279,0.2196486,0.20446535448333705,120,86,False,False,2,False
h2,p[fodder]*2,3,10L,CONVERGED,CONVERGED,CONVERGED,1,2,0.2498025,True,1,3478,3483,3488,3492,0.3024691,0.3122919,0.3047915149649053,0,0,False,False,2,False
h2,p[horse]*2,3,10L,CONVERGED,CONVERGED,CONVERGED,0,0,0.7975166,False,0,1768,1768,1768,1768,0.7950634,0.7950634,0.7950633704920008,0,0,True,True,2887,True
h2,p[traction]*2,3,10L,CONVERGED,CONVERGED,CONVERGED,0,0,0.5321608,False,0,3182,3182,3198,3198,0.543774,0.543774,0.5317963845360705,2,2,True,True,2887,True
h2,p[good]*2,3,10L,CONVERGED,CONVERGED,CONVERGED,0,0,0.993779,False,0,2576,2576,2581,2581,0.9949298,0.9949298,0.9948975119152413,0,0,True,True,2887,True
h2,s*2,3,10L,CONVERGED,CONVERGED,CONVERGED,0,0,0.838155,False,0,2759,2759,2746,2746,0.880174,0.880174,0.8841589840442166,0,0,True,True,2887,True
h2,JA(2),3,10L,CONVERGED,CONVERGED,CONVERGED,0,0,0.3812707,False,0,3260,3260,3288,3288,0.46502,0.46502,0.44102496537792635,3,3,True,True,2887,True
h2,JB(2),3,10L,CONVERGED,CONVERGED,CONVERGED,0,0,0.5271319,False,0,3338,3338,3338,3338,0.5,0.5,0.5,23,23,True,True,2887,True
h2,N(2),3,10L,CONVERGED,CONVERGED,CONVERGED,57,100,0.2277312,True,56,4639,4643,4638,4642,0.01657042,0.2111151,0.21141016918511368,45,9,False,False,2,False
h2,w*0.5,3,10L,CONVERGED,CONVERGED,CONVERGED,0,0,0.9412408,False,0,2879,2879,2879,2879,0.9938209,0.9938209,0.9938209199118071,0,0,True,True,2887,True
h2,r*0.5,3,10L,CONVERGED,CONVERGED,CONVERGED,0,0,0.9068146,False,0,4003,4003,4003,4003,0.912764,0.912764,0.9127640153168637,0,0,True,True,2887,True
h2,p[fodder]*0.5,3,10L,CONVERGED,CONVERGED,CONVERGED,0,0,0.3246916,False,0,3319,3319,3319,3319,0.4085289,0.4085289,0.4085288820161925,7,7,True,True,2887,True
h2,p[horse]*0.5,3,10L,CONVERGED,CONVERGED,CONVERGED,0,0,0.5,False,0,2673,2673,2673,2673,0.5,0.5,0.5,0,0,True,True,2887,True
h2,p[traction]*0.5,3,10L,CONVERGED,CONVERGED,CONVERGED,0,0,0.5582955,False,0,3221,3221,3221,3221,0.5241135,0.5241135,0.5241134974856679,0,0,True,True,2887,True
h2,p[good]*0.5,3,10L,CONVERGED,CONVERGED,CONVERGED,8,16,0.2336363,True,8,3682,3658,3682,3658,0.119006,0.2020761,0.2020760555152526,0,0,False,False,2,False
h2,s*0.5,3,10L,CONVERGED,CONVERGED,CONVERGED,0,0,0.9987214,False,0,1907,1907,1907,1907,0.9988947,0.9988947,0.9988947388809987,0,0,True,True,2887,True
h2,JA(0.5),3,10L,CONVERGED,CONVERGED,CONVERGED,4,8,0.2357554,True,4,3653,3622,3653,3622,0.167534,0.2487556,0.24875563593452366,8,8,False,False,2,False
h2,JB(0.5),3,10L,CONVERGED,CONVERGED,CONVERGED,13,20,0.2315023,True,14,3826,3740,3832,3740,0.05396686,0.1871209,0.18866873462212452,31,22,False,False,2,False
h2,N(0.5),3,10L,CONVERGED,CONVERGED,CONVERGED,0,0,0.9106743,False,0,3984,3984,3984,3984,0.9158968,0.9158968,0.9158967572775643,0,0,True,True,2887,True
h2,x*/2,3,10L,CONVERGED,CONVERGED,CONVERGED,6,12,0.2333709,True,6,3605,3592,3601,3589,0.1635119,0.2319361,0.23339135959102578,7,7,False,False,2,False
h2,b*2@genesis,3,10L,CONVERGED,CONVERGED,CONVERGED,46,40,0.2234264,True,46,4233,4250,4233,4250,0.01402605,0.2370041,0.23700407294516168,7,7,False,False,2,False
h2,b*2@dated,3,10L,CONVERGED,CONVERGED,CONVERGED,46,40,0.2234264,True,46,4233,4250,4233,4250,0.01402605,0.2370041,0.23700407294516151,7,7,False,False,723,False
h2,b*0.5@genesis,3,10L,CONVERGED,CONVERGED,CONVERGED,0,0,0.9141198,False,0,4253,4253,4253,4253,0.9048668,0.9048668,0.9048667851490115,0,0,True,True,2887,True
h2,b*0.5@dated,3,10L,CONVERGED,CONVERGED,CONVERGED,0,0,0.9141198,False,0,4253,4253,4253,4253,0.9048668,0.9048668,0.9048667851490084,0,0,True,True,3608,True
h2,stock.good*0.5,3S,10L,CONVERGED,CONVERGED,CONVERGED,0,0,0.9571066,False,0,1794,1794,1794,1794,0.958953,0.958953,0.9589529606546389,0,0,True,True,2887,True
h2,stock.good*2,3S,10L,CONVERGED,CONVERGED,CONVERGED,0,0,0.9044188,False,0,2350,2350,2000,2000,0.9129925,0.9129925,0.9568807449973763,0,0,True,True,2887,True
h2,heads.capacity*0.5,3S,10L,CONVERGED,CONVERGED,CONVERGED,0,0,0.7850084,False,0,3931,3931,3930,3930,0.9554605,0.9554605,0.9555814282731337,46,46,True,True,2887,True
h2,heads.capacity*2,3S,10L,CONVERGED,CONVERGED,CONVERGED,63,114,0.2277654,True,63,4712,4715,4712,4715,0.04047807,0.2116725,0.21167248000695066,0,0,False,False,2,False
h2,hours.capacity*0.5,3S,10L,CONVERGED,CONVERGED,CONVERGED,0,0,0.9180357,False,0,2027,2027,2027,2027,0.9197529,0.9197529,0.9197528608747875,0,0,True,True,2887,True
h2,hours.capacity*2,3S,10L,CONVERGED,CONVERGED,CONVERGED,0,0,0.9144521,False,0,2146,2146,1813,1813,0.9181283,0.9181283,0.9574838338100398,0,0,True,True,2887,True
h2,own.maker*0.5,3S,10L,CONVERGED,CONVERGED,CONVERGED,0,0,0.9547977,False,0,4192,4192,4192,4192,0.9566318,0.9566318,0.9566318485274891,0,0,True,True,2887,True
h2,own.maker*2,3S,10L,CONVERGED,CONVERGED,CONVERGED,0,0,1.0,False,0,3409,3409,3409,3409,1.0,1.0,1.0,0,0,True,True,2887,True
h2,finished.maker*0.5,3S,10L,CONVERGED,CONVERGED,CONVERGED,0,0,0.905374,False,0,2171,2171,2171,2171,0.9306054,0.9306054,0.9306053915152528,0,0,True,True,2887,True
h2,finished.maker*2,3S,10L,CONVERGED,CONVERGED,CONVERGED,0,0,0.5774409,False,0,2461,2461,2461,2461,0.5765877,0.5765877,0.5765876961468621,0,0,True,True,2887,True
h2,stock.fodder*0.5,3S,10L,CONVERGED,CONVERGED,CONVERGED,0,0,0.8957782,False,0,2205,2205,2205,2205,0.9368078,0.9368078,0.9368077829811606,0,0,True,True,2887,True
h2,stock.fodder*2,3S,10L,CONVERGED,CONVERGED,CONVERGED,0,0,0.785445,False,0,2301,2301,1943,1943,0.8443233,0.8443233,0.9211364584703639,0,0,True,True,2887,True
h2,coin.desk.good*0.5,3S,10L,CONVERGED,CONVERGED,CONVERGED,0,0,0.3972572,False,0,3574,3574,3574,3574,0.3593222,0.3593222,0.35426853675965553,0,0,True,True,2887,True
h2,coin.desk.good*2,3S,10L,CONVERGED,CONVERGED,CONVERGED,0,0,0.6221759,False,0,3449,3449,3449,3449,0.7051877,0.7051877,0.7051876806960938,0,0,True,True,2887,True
h2,coin.desk.capacity*0.5,3S,10L,CONVERGED,CONVERGED,CONVERGED,0,0,0.3959188,False,0,3482,3482,3483,3483,0.3646112,0.3646112,0.36017427844551325,0,0,True,True,2887,True
h2,coin.desk.capacity*2,3S,10L,CONVERGED,CONVERGED,CONVERGED,0,0,0.9222135,False,0,3243,3243,3243,3243,0.979315,0.979315,0.9793149650087679,0,0,True,True,2887,True
h2,coin.desk.maker*0.5,3S,10L,CONVERGED,CONVERGED,CONVERGED,0,0,0.7169009,False,0,2929,2929,2927,2927,0.7808149,0.7808149,0.7920672091327589,0,0,True,True,2887,True
h2,coin.desk.maker*2,3S,10L,CONVERGED,CONVERGED,CONVERGED,0,0,0.6698914,False,0,2862,2862,2862,2862,0.7223835,0.7223835,0.7223834643931523,0,0,True,True,2887,True
h2,coin.desk.fodder*0.5,3S,10L,CONVERGED,CONVERGED,CONVERGED,0,0,0.3196709,False,0,3502,3502,3502,3502,0.4118964,0.4118964,0.4118963892395791,0,0,True,True,2887,True
h2,coin.desk.fodder*2,3S,10L,CONVERGED,CONVERGED,CONVERGED,0,0,0.9821974,False,0,3183,3183,3183,3183,0.9834157,0.9834157,0.9834157386334724,0,0,True,True,2887,True
h2,coin.provider*0.5,3S,10L,CONVERGED,CONVERGED,CONVERGED,0,0,0.7942682,False,0,3634,3634,3633,3633,0.766485,0.766485,0.7702820862985262,0,0,True,True,2887,True
h2,coin.provider*2,3S,10L,CONVERGED,CONVERGED,CONVERGED,0,0,0.7954619,False,0,3418,3418,3418,3418,0.9748836,0.9748836,0.9748835757528235,0,0,True,True,2887,True
h2,coin.workers*0.5,3S,10L,CONVERGED,CONVERGED,CONVERGED,0,0,0.7785826,False,0,3671,3671,3670,3670,0.7492798,0.7492798,0.7532647826290741,0,0,True,True,2887,True
h2,coin.workers*2,3S,10L,CONVERGED,CONVERGED,CONVERGED,0,0,0.7784676,False,0,3451,3451,3451,3451,0.9700944,0.9700944,0.970094366723303,0,0,True,True,2887,True
h3,w*1.05,1,L,CONVERGED,CONVERGED,CONVERGED,0,0,0.9952913,False,0,1107,1107,1094,1094,0.9998002,0.9998002,0.9998001861944759,0,0,True,True,3002,True
h3,r*1.05,1,L,CONVERGED,CONVERGED,CONVERGED,0,0,0.9650478,False,0,4259,4259,4258,4258,0.9511458,0.9511458,0.9511458247623384,0,0,True,True,3002,True
h3,p[fodder]*1.05,1,L,CONVERGED,CONVERGED,CONVERGED,0,0,0.9699878,False,0,1857,1857,1861,1861,0.9792361,0.9792361,0.9791203180493429,0,0,True,True,3002,True
h3,p[horse]*1.05,1,L,CONVERGED,CONVERGED,CONVERGED,0,0,0.9840791,False,0,78,78,78,78,0.9839624,0.9839624,0.9839624402901006,0,0,True,True,3002,True
h3,p[traction]*1.05,1,L,CONVERGED,CONVERGED,CONVERGED,0,0,0.9936534,False,0,1892,1892,1940,1940,0.9949112,0.9949112,0.994333900082667,0,0,True,True,3002,True
h3,p[good]*1.05,1,L,CONVERGED,CONVERGED,CONVERGED,0,0,0.9999194,False,0,1620,1620,1628,1628,0.9999946,0.9999946,0.9999945273164733,0,0,True,True,3002,True
h3,s*1.05,1,L,CONVERGED,CONVERGED,CONVERGED,0,0,0.9996517,False,0,748,748,741,741,0.9999984,0.9999984,0.9999983856625472,0,0,True,True,3002,True
h3,JA(1.05),1,L,CONVERGED,CONVERGED,CONVERGED,0,0,0.9515881,False,0,1934,1934,1955,1955,0.9634975,0.9634975,0.963244929727916,0,0,True,True,3002,True
h3,JB(1.05),1,L,CONVERGED,CONVERGED,CONVERGED,0,0,0.9573768,False,0,2391,2391,2392,2392,0.952381,0.952381,0.9523809523809523,0,0,True,True,3002,True
h3,N(1.05),1,L,CONVERGED,CONVERGED,CONVERGED,0,0,0.935339,False,0,4269,4269,4266,4266,0.9351932,0.9351932,0.9368559674953576,0,0,True,True,3002,True
h3,w*0.95,1,L,CONVERGED,CONVERGED,CONVERGED,0,0,0.9959002,False,0,1955,1955,1955,1955,0.9979209,0.9979209,0.9979208855151633,0,0,True,True,3002,True
h3,r*0.95,1,L,CONVERGED,CONVERGED,CONVERGED,0,0,0.9999794,False,0,3305,3305,3305,3305,0.9999011,0.9999011,0.9999010792664556,0,0,True,True,3002,True
h3,p[fodder]*0.95,1,L,CONVERGED,CONVERGED,CONVERGED,0,0,0.9957645,False,0,2270,2270,2270,2270,0.9999904,0.9999904,0.9999903835419076,0,0,True,True,3002,True
h3,p[horse]*0.95,1,L,CONVERGED,CONVERGED,CONVERGED,0,0,0.95,False,0,665,665,665,665,0.95,0.95,0.95,0,0,True,True,3002,True
h3,p[traction]*0.95,1,L,CONVERGED,CONVERGED,CONVERGED,0,0,0.9790347,False,0,1965,1965,1965,1965,0.977462,0.977462,0.9774619778138438,0,0,True,True,3002,True
h3,p[good]*0.95,1,L,CONVERGED,CONVERGED,CONVERGED,0,0,0.9794155,False,0,2574,2574,2574,2574,0.9826006,0.9826006,0.9826005615856653,0,0,True,True,3002,True
h3,s*0.95,1,L,CONVERGED,CONVERGED,CONVERGED,0,0,0.9999997,False,0,495,495,495,495,0.9999987,0.9999987,0.9999986682054067,0,0,True,True,3002,True
h3,JA(0.95),1,L,CONVERGED,CONVERGED,CONVERGED,0,0,0.964641,False,0,2576,2576,2576,2576,0.95,0.95,0.95,0,0,True,True,3002,True
h3,JB(0.95),1,L,CONVERGED,CONVERGED,CONVERGED,0,0,0.9860165,False,0,2753,2753,2762,2762,0.9944804,0.9944804,0.9944934878830872,0,0,True,True,3002,True
h3,N(0.95),1,L,CONVERGED,CONVERGED,CONVERGED,0,0,0.9999782,False,0,3281,3281,3281,3281,0.9999046,0.9999046,0.9999045556951146,0,0,True,True,3002,True
h3,w*1.2,2,L,CONVERGED,CONVERGED,CONVERGED,0,0,0.9814277,False,0,2076,2076,2063,2063,0.9992168,0.9992168,0.9992167882915705,0,0,True,True,3002,True
h3,r*1.2,2,L,CONVERGED,CONVERGED,CONVERGED,0,0,0.8736059,False,0,5170,5170,5169,5169,0.8295649,0.8295649,0.8295649367672635,0,0,True,True,3002,True
h3,p[fodder]*1.2,2,L,CONVERGED,CONVERGED,CONVERGED,0,0,0.8860472,False,0,2660,2660,2663,2663,0.9183202,0.9183202,0.9178812862094022,0,0,True,True,3002,True
h3,p[horse]*1.2,2,L,CONVERGED,CONVERGED,CONVERGED,0,0,0.9452702,False,0,623,623,623,623,0.9446131,0.9446131,0.9446130616425846,0,0,True,True,3002,True
h3,p[traction]*1.2,2,L,CONVERGED,CONVERGED,CONVERGED,0,0,0.9705213,False,0,2652,2652,2686,2686,0.9753943,0.9753943,0.9728907629999551,0,0,True,True,3002,True
h3,p[good]*1.2,2,L,CONVERGED,CONVERGED,CONVERGED,0,0,0.9996872,False,0,2356,2356,2363,2363,0.9999799,0.9999799,0.9999796588764895,0,0,True,True,3002,True
h3,s*1.2,2,L,CONVERGED,CONVERGED,CONVERGED,0,0,0.9987428,False,0,2134,2134,2127,2127,0.9999936,0.9999936,0.9999936364145168,0,0,True,True,3002,True
h3,JA(1.2),2,L,CONVERGED,CONVERGED,CONVERGED,0,0,0.8333851,False,0,2691,2691,2712,2712,0.8723282,0.8723282,0.8711974839353424,0,0,True,True,3002,True
h3,JB(1.2),2,L,CONVERGED,CONVERGED,CONVERGED,0,0,0.8467962,False,0,3157,3157,3158,3158,0.8333333,0.8333333,0.8333333333333334,0,0,True,True,3002,True
h3,N(1.2),2,L,CONVERGED,CONVERGED,CONVERGED,0,0,0.7850622,False,0,5180,5180,5176,5176,0.7856471,0.7856471,0.7913968510394681,0,0,True,True,3002,True
h3,w*0.8,2,L,CONVERGED,CONVERGED,CONVERGED,0,0,0.9806799,False,0,2809,2809,2809,2809,0.9897523,0.9897523,0.9897523347609899,0,0,True,True,3002,True
h3,r*0.8,2,L,CONVERGED,CONVERGED,CONVERGED,0,0,0.9999019,False,0,4341,4341,4341,4341,0.9996089,0.9996089,0.9996089157389609,0,0,True,True,3002,True
h3,p[fodder]*0.8,2,L,CONVERGED,CONVERGED,CONVERGED,0,0,0.9897307,False,0,3114,3114,3114,3114,0.9999592,0.9999592,0.9999592437602963,0,0,True,True,3002,True
h3,p[horse]*0.8,2,L,CONVERGED,CONVERGED,CONVERGED,0,0,0.8,False,0,2147,2147,2147,2147,0.8,0.8,0.8,0,0,True,True,3002,True
h3,p[traction]*0.8,2,L,CONVERGED,CONVERGED,CONVERGED,0,0,0.9146973,False,0,2823,2823,2823,2823,0.9094433,0.9094433,0.9094432678187967,0,0,True,True,3002,True
h3,p[good]*0.8,2,L,CONVERGED,CONVERGED,CONVERGED,0,0,0.9015677,False,0,3458,3458,3458,3458,0.9127565,0.9127565,0.9127564781080074,0,0,True,True,3002,True
h3,s*0.8,2,L,CONVERGED,CONVERGED,CONVERGED,0,0,0.9999988,False,0,1923,1923,1923,1923,0.9999946,0.9999946,0.9999946065802598,0,0,True,True,3002,True
h3,JA(0.8),2,L,CONVERGED,CONVERGED,CONVERGED,0,0,0.8517076,False,0,3453,3453,3453,3453,0.8,0.8,0.8,0,0,True,True,3002,True
h3,JB(0.8),2,L,CONVERGED,CONVERGED,CONVERGED,0,0,0.9264679,False,0,3708,3708,3717,3717,0.9523944,0.9523944,0.9474513316991118,0,0,True,True,3002,True
h3,N(0.8),2,L,CONVERGED,CONVERGED,CONVERGED,0,0,0.9999029,False,0,4320,4320,4320,4320,0.9996075,0.9996075,0.999607499146791,0,0,True,True,3002,True
h3,w*2,3,L,CONVERGED,CONVERGED,CONVERGED,0,0,0.9135602,False,0,2819,2819,2809,2809,0.9894522,0.9894522,0.9913432453534442,0,0,True,True,3002,True
h3,r*2,3,L,CONVERGED,CONVERGED,CONVERGED,13,12,0.2297597,True,12,6132,6134,6131,6133,0.1155384,0.2351425,0.23575893926942618,33,33,False,False,3,False
h3,p[fodder]*2,3,L,CONVERGED,CONVERGED,CONVERGED,0,0,0.562838,False,0,3557,3557,3562,3562,0.6482728,0.6482728,0.6463051802900438,0,0,True,True,3002,True
h3,p[horse]*2,3,L,CONVERGED,CONVERGED,CONVERGED,0,0,0.8989597,False,0,2400,2400,2400,2400,0.895424,0.895424,0.8954239676490225,0,0,True,True,3002,True
h3,p[traction]*2,3,L,CONVERGED,CONVERGED,CONVERGED,0,0,0.835865,False,0,3578,3578,3598,3598,0.8582555,0.8582555,0.8535835287302326,2,2,True,True,3002,True
h3,p[good]*2,3,L,CONVERGED,CONVERGED,CONVERGED,0,0,0.9986469,False,0,3166,3166,3173,3173,0.9999254,0.9999254,0.9999245423473363,0,0,True,True,3002,True
h3,s*2,3,L,CONVERGED,CONVERGED,CONVERGED,0,0,0.9958869,False,0,3191,3191,3177,3177,0.9999625,0.9999625,0.9999631624840379,0,0,True,True,3002,True
h3,JA(2),3,L,CONVERGED,CONVERGED,CONVERGED,0,0,0.5980119,False,0,3647,3647,3674,3674,0.6743655,0.6743655,0.6618001638349272,3,3,True,True,3002,True
h3,JB(2),3,L,CONVERGED,CONVERGED,CONVERGED,0,0,0.5049732,False,0,4122,4122,4122,4122,0.5,0.5,0.5,25,25,True,True,3002,True
h3,N(2),3,L,CONVERGED,CONVERGED,CONVERGED,0,0,0.3317833,False,0,6138,6138,6135,6135,0.3464323,0.3464323,0.32899622271636597,21,21,True,True,3002,True
h3,w*0.5,3,L,CONVERGED,CONVERGED,CONVERGED,0,0,0.9755991,False,0,3600,3600,3600,3600,0.9999288,0.9999288,0.9999288158629346,0,0,True,True,3002,True
h3,r*0.5,3,L,CONVERGED,CONVERGED,CONVERGED,0,0,0.9997807,False,0,5166,5166,5166,5166,0.9989199,0.9989199,0.9989198883672769,0,0,True,True,3002,True
h3,p[fodder]*0.5,3,L,CONVERGED,CONVERGED,CONVERGED,0,0,0.9999773,False,0,3872,3872,3872,3872,0.9998821,0.9998821,0.9998820693829615,0,0,True,True,3002,True
h3,p[horse]*0.5,3,L,CONVERGED,CONVERGED,CONVERGED,0,0,0.5,False,0,2920,2920,2920,2920,0.5,0.5,0.5,0,0,True,True,3002,True
h3,p[traction]*0.5,3,L,CONVERGED,CONVERGED,CONVERGED,0,0,0.7735138,False,0,3505,3505,3505,3505,0.7718027,0.7718027,0.7718027295111352,0,0,True,True,3002,True
h3,p[good]*0.5,3,L,CONVERGED,CONVERGED,CONVERGED,0,0,0.6332475,False,0,4276,4276,4276,4276,0.6484737,0.6484737,0.6484736619873588,0,0,True,True,3002,True
h3,s*0.5,3,L,CONVERGED,CONVERGED,CONVERGED,0,0,0.999997,False,0,2464,2464,2464,2464,0.9999861,0.9999861,0.9999861151448145,0,0,True,True,3002,True
h3,JA(0.5),3,L,CONVERGED,CONVERGED,CONVERGED,0,0,0.5894672,False,0,4275,4275,4275,4275,0.5,0.5,0.5,18,18,True,True,3002,True
h3,JB(0.5),3,L,CONVERGED,CONVERGED,CONVERGED,0,0,0.4723567,False,0,4623,4623,4630,4630,0.4822281,0.4822281,0.47120040327681884,42,42,True,True,3002,True
h3,N(0.5),3,L,CONVERGED,CONVERGED,CONVERGED,0,0,0.9997725,False,0,5145,5145,5145,5145,0.9989438,0.9989438,0.9989437952307308,0,0,True,True,3002,True
h3,x*/2,3,L,CONVERGED,CONVERGED,CONVERGED,0,0,0.6667253,False,0,4263,4263,4257,4257,0.7138,0.7138,0.7163316731918988,7,7,True,True,3002,True
h3,b*1.1@genesis,2,L,CONVERGED,CONVERGED,CONVERGED,0,0,0.9328105,False,0,4254,4254,4254,4254,0.9076233,0.9076233,0.9076233447705766,0,0,True,True,3002,True
h3,b*1.1@dated,2,L,CONVERGED,CONVERGED,CONVERGED,0,0,0.9328105,False,0,4254,4254,4254,4254,0.9076233,0.9076233,0.9076233447705766,0,0,True,True,3752,True
h3,b*0.9@genesis,2,L,CONVERGED,CONVERGED,CONVERGED,0,0,0.9999804,False,0,4107,4107,4107,4107,0.9998552,0.9998552,0.9998551929143347,0,0,True,True,3002,True
h3,b*0.9@dated,2,L,CONVERGED,CONVERGED,CONVERGED,0,0,0.9999804,False,0,4107,4107,4107,4107,0.9998552,0.9998552,0.9998551929143347,0,0,True,True,3752,True
h3,b*2@genesis,3,L,CONVERGED,CONVERGED,CONVERGED,5,10,0.2303945,True,5,5483,5486,5483,5485,0.1995459,0.2657545,0.26344285547846535,11,11,False,False,3,False
h3,b*2@dated,3,L,CONVERGED,CONVERGED,CONVERGED,5,10,0.2371343,True,5,5483,5485,5483,5485,0.1988635,0.2634429,0.26344285547846535,11,11,False,False,753,False
h3,b*0.5@genesis,3,L,CONVERGED,CONVERGED,CONVERGED,0,0,0.9999467,False,0,5429,5429,5429,5429,0.9996783,0.9996783,0.999678346864086,0,0,True,True,3002,True
h3,b*0.5@dated,3,L,CONVERGED,CONVERGED,CONVERGED,0,0,0.9999467,False,0,5429,5429,5429,5429,0.9996783,0.9996783,0.999678346864086,0,0,True,True,3752,True
h3,stock.good*0.5,3S,L,CONVERGED,CONVERGED,CONVERGED,0,0,0.982634,False,0,1976,1976,1976,1976,0.9832362,0.9832362,0.9832362107549971,0,0,True,True,3002,True
h3,stock.good*2,3S,L,CONVERGED,CONVERGED,CONVERGED,0,0,0.9799642,False,0,2562,2562,2157,2157,0.9829507,0.9829507,0.9916988819119675,0,0,True,True,3002,True
h3,heads.capacity*0.5,3S,L,CONVERGED,CONVERGED,CONVERGED,0,0,0.9697593,False,0,5195,5195,5195,5195,0.999395,0.999395,0.9993951734940512,40,40,True,True,3002,True
h3,heads.capacity*2,3S,L,CONVERGED,CONVERGED,CONVERGED,0,0,0.488295,False,0,6348,6348,6348,6348,0.5325177,0.5325177,0.532517716163927,0,0,True,True,3002,True
h3,hours.capacity*0.5,3S,L,CONVERGED,CONVERGED,CONVERGED,0,0,0.9504033,False,0,2252,2252,2252,2252,0.9508354,0.9508354,0.9508353659138361,0,0,True,True,3002,True
h3,hours.capacity*2,3S,L,CONVERGED,CONVERGED,CONVERGED,0,0,0.9615684,False,0,2365,2365,1950,1950,0.9577538,0.9577538,0.9780234364131866,0,0,True,True,3002,True
h3,own.maker*0.5,3S,L,CONVERGED,CONVERGED,CONVERGED,0,0,0.9998573,False,0,5686,5686,5686,5686,0.9993787,0.9993787,0.9993787239224161,0,0,True,True,3002,True
h3,own.maker*2,3S,L,CONVERGED,CONVERGED,CONVERGED,0,0,1.0,False,0,4307,4307,4307,4307,1.0,1.0,1.0,0,0,True,True,3002,True
h3,finished.maker*0.5,3S,L,CONVERGED,CONVERGED,CONVERGED,0,0,0.9725256,False,0,2641,2641,2641,2641,0.9800355,0.9800355,0.9800355365894087,0,0,True,True,3002,True
h3,finished.maker*2,3S,L,CONVERGED,CONVERGED,CONVERGED,0,0,0.654457,False,0,2959,2959,2959,2959,0.6553973,0.6553973,0.6553972510126201,0,0,True,True,3002,True
h3,stock.fodder*0.5,3S,L,CONVERGED,CONVERGED,CONVERGED,0,0,0.9644005,False,0,2459,2459,2459,2459,0.9757789,0.9757789,0.9757789093648896,0,0,True,True,3002,True
h3,stock.fodder*2,3S,L,CONVERGED,CONVERGED,CONVERGED,0,0,0.9925768,False,0,2643,2643,2257,2257,0.9999814,0.9999814,0.9999906264937581,0,0,True,True,3002,True
h3,coin.desk.good*0.5,3S,L,CONVERGED,CONVERGED,CONVERGED,0,0,0.6745696,False,0,4747,4747,4745,4745,0.6575429,0.6575429,0.6535923613711094,0,0,True,True,3002,True
h3,coin.desk.good*2,3S,L,CONVERGED,CONVERGED,CONVERGED,0,0,0.9506376,False,0,4354,4354,4354,4354,0.999626,0.999626,0.9996260010580692,0,0,True,True,3002,True
h3,coin.desk.capacity*0.5,3S,L,CONVERGED,CONVERGED,CONVERGED,0,0,0.5504547,False,0,4623,4623,4623,4623,0.5443716,0.5443716,0.5443715917188705,0,0,True,True,3002,True
h3,coin.desk.capacity*2,3S,L,CONVERGED,CONVERGED,CONVERGED,0,0,0.999924,False,0,4146,4146,4146,4146,0.9996952,0.9996952,0.9996952115778679,0,0,True,True,3002,True
h3,coin.desk.maker*0.5,3S,L,CONVERGED,CONVERGED,CONVERGED,0,0,0.8919366,False,0,4272,4272,4283,4283,0.8810101,0.8810101,0.8801763051629524,0,0,True,True,3002,True
h3,coin.desk.maker*2,3S,L,CONVERGED,CONVERGED,CONVERGED,0,0,0.8498151,False,0,3918,3918,3918,3918,0.8976386,0.8976386,0.8976386396090571,0,0,True,True,3002,True
h3,coin.desk.fodder*0.5,3S,L,CONVERGED,CONVERGED,CONVERGED,0,0,0.9215888,False,0,3767,3767,3767,3767,0.9760349,0.9760349,0.9760349138528557,1,1,True,True,3002,True
h3,coin.desk.fodder*2,3S,L,CONVERGED,CONVERGED,CONVERGED,0,0,0.9997915,False,0,3835,3835,3835,3835,0.9997006,0.9997006,0.9997006194596477,0,0,True,True,3002,True
h3,coin.provider*0.5,3S,L,CONVERGED,CONVERGED,CONVERGED,0,0,0.8863327,False,0,4775,4775,4774,4774,0.8759343,0.8759343,0.8779121342168285,0,0,True,True,3002,True
h3,coin.provider*2,3S,L,CONVERGED,CONVERGED,CONVERGED,0,0,0.9993532,False,0,4258,4258,4258,4258,0.9990716,0.9990716,0.9990716150066714,0,0,True,True,3002,True
h3,coin.workers*0.5,3S,L,CONVERGED,CONVERGED,CONVERGED,0,0,0.8779044,False,0,4827,4827,4826,4826,0.8668674,0.8668674,0.8688887491731462,0,0,True,True,3002,True
h3,coin.workers*2,3S,L,CONVERGED,CONVERGED,CONVERGED,0,0,0.999321,False,0,4303,4303,4303,4303,0.9990253,0.9990253,0.9990252844527252,0,0,True,True,3002,True
h3,w*2,3,10L,CONVERGED,CONVERGED,CONVERGED,0,0,0.9135602,False,0,2819,2819,2809,2809,0.9894522,0.9894522,0.9913432453534442,0,0,True,True,3002,True
h3,r*2,3,10L,CONVERGED,CONVERGED,CONVERGED,13,12,0.2297597,True,12,6132,6134,6131,6133,0.1155384,0.2351425,0.23575893926942618,33,33,False,False,2,False
h3,p[fodder]*2,3,10L,CONVERGED,CONVERGED,CONVERGED,0,0,0.562838,False,0,3557,3557,3562,3562,0.6482728,0.6482728,0.6463051802900438,0,0,True,True,3002,True
h3,p[horse]*2,3,10L,CONVERGED,CONVERGED,CONVERGED,0,0,0.8989597,False,0,2400,2400,2400,2400,0.895424,0.895424,0.8954239676490225,0,0,True,True,3002,True
h3,p[traction]*2,3,10L,CONVERGED,CONVERGED,CONVERGED,0,0,0.835865,False,0,3578,3578,3598,3598,0.8582555,0.8582555,0.8535835287302326,2,2,True,True,3002,True
h3,p[good]*2,3,10L,CONVERGED,CONVERGED,CONVERGED,0,0,0.9986469,False,0,3166,3166,3173,3173,0.9999254,0.9999254,0.9999245423473363,0,0,True,True,3002,True
h3,s*2,3,10L,CONVERGED,CONVERGED,CONVERGED,0,0,0.9958869,False,0,3191,3191,3177,3177,0.9999625,0.9999625,0.9999631624840379,0,0,True,True,3002,True
h3,JA(2),3,10L,CONVERGED,CONVERGED,CONVERGED,0,0,0.5980119,False,0,3647,3647,3674,3674,0.6743655,0.6743655,0.6618001638349272,3,3,True,True,3002,True
h3,JB(2),3,10L,CONVERGED,CONVERGED,CONVERGED,0,0,0.5049732,False,0,4122,4122,4122,4122,0.5,0.5,0.5,25,25,True,True,3002,True
h3,N(2),3,10L,CONVERGED,CONVERGED,CONVERGED,0,0,0.3317833,False,0,6138,6138,6135,6135,0.3464323,0.3464323,0.32899622271636597,21,21,True,True,3002,True
h3,w*0.5,3,10L,CONVERGED,CONVERGED,CONVERGED,0,0,0.9755991,False,0,3600,3600,3600,3600,0.9999288,0.9999288,0.9999288158629346,0,0,True,True,3002,True
h3,r*0.5,3,10L,CONVERGED,CONVERGED,CONVERGED,0,0,0.9997807,False,0,5166,5166,5166,5166,0.9989199,0.9989199,0.9989198883672769,0,0,True,True,3002,True
h3,p[fodder]*0.5,3,10L,CONVERGED,CONVERGED,CONVERGED,0,0,0.9999773,False,0,3872,3872,3872,3872,0.9998821,0.9998821,0.9998820693829615,0,0,True,True,3002,True
h3,p[horse]*0.5,3,10L,CONVERGED,CONVERGED,CONVERGED,0,0,0.5,False,0,2920,2920,2920,2920,0.5,0.5,0.5,0,0,True,True,3002,True
h3,p[traction]*0.5,3,10L,CONVERGED,CONVERGED,CONVERGED,0,0,0.7735138,False,0,3505,3505,3505,3505,0.7718027,0.7718027,0.7718027295111352,0,0,True,True,3002,True
h3,p[good]*0.5,3,10L,CONVERGED,CONVERGED,CONVERGED,0,0,0.6332475,False,0,4276,4276,4276,4276,0.6484737,0.6484737,0.6484736619873588,0,0,True,True,3002,True
h3,s*0.5,3,10L,CONVERGED,CONVERGED,CONVERGED,0,0,0.999997,False,0,2464,2464,2464,2464,0.9999861,0.9999861,0.9999861151448145,0,0,True,True,3002,True
h3,JA(0.5),3,10L,CONVERGED,CONVERGED,CONVERGED,0,0,0.5894672,False,0,4275,4275,4275,4275,0.5,0.5,0.5,18,18,True,True,3002,True
h3,JB(0.5),3,10L,CONVERGED,CONVERGED,CONVERGED,0,0,0.4723567,False,0,4623,4623,4630,4630,0.4822281,0.4822281,0.47120040327681884,42,42,True,True,3002,True
h3,N(0.5),3,10L,CONVERGED,CONVERGED,CONVERGED,0,0,0.9997725,False,0,5145,5145,5145,5145,0.9989438,0.9989438,0.9989437952307308,0,0,True,True,3002,True
h3,x*/2,3,10L,CONVERGED,CONVERGED,CONVERGED,0,0,0.6667253,False,0,4263,4263,4257,4257,0.7138,0.7138,0.7163316731918988,7,7,True,True,3002,True
h3,b*2@genesis,3,10L,CONVERGED,CONVERGED,CONVERGED,5,10,0.2303945,True,5,5483,5486,5483,5485,0.1995459,0.2657545,0.26344285547846535,11,11,False,False,2,False
h3,b*2@dated,3,10L,CONVERGED,CONVERGED,CONVERGED,5,10,0.2371343,True,5,5483,5485,5483,5485,0.1988635,0.2634429,0.26344285547846535,11,11,False,False,752,False
h3,b*0.5@genesis,3,10L,CONVERGED,CONVERGED,CONVERGED,0,0,0.9999467,False,0,5429,5429,5429,5429,0.9996783,0.9996783,0.999678346864086,0,0,True,True,3002,True
h3,b*0.5@dated,3,10L,CONVERGED,CONVERGED,CONVERGED,0,0,0.9999467,False,0,5429,5429,5429,5429,0.9996783,0.9996783,0.999678346864086,0,0,True,True,3752,True
h3,stock.good*0.5,3S,10L,CONVERGED,CONVERGED,CONVERGED,0,0,0.982634,False,0,1976,1976,1976,1976,0.9832362,0.9832362,0.9832362107549971,0,0,True,True,3002,True
h3,stock.good*2,3S,10L,CONVERGED,CONVERGED,CONVERGED,0,0,0.9799642,False,0,2562,2562,2157,2157,0.9829507,0.9829507,0.9916988819119675,0,0,True,True,3002,True
h3,heads.capacity*0.5,3S,10L,CONVERGED,CONVERGED,CONVERGED,0,0,0.9697593,False,0,5195,5195,5195,5195,0.999395,0.999395,0.9993951734940512,40,40,True,True,3002,True
h3,heads.capacity*2,3S,10L,CONVERGED,CONVERGED,CONVERGED,0,0,0.488295,False,0,6348,6348,6348,6348,0.5325177,0.5325177,0.532517716163927,0,0,True,True,3002,True
h3,hours.capacity*0.5,3S,10L,CONVERGED,CONVERGED,CONVERGED,0,0,0.9504033,False,0,2252,2252,2252,2252,0.9508354,0.9508354,0.9508353659138361,0,0,True,True,3002,True
h3,hours.capacity*2,3S,10L,CONVERGED,CONVERGED,CONVERGED,0,0,0.9615684,False,0,2365,2365,1950,1950,0.9577538,0.9577538,0.9780234364131866,0,0,True,True,3002,True
h3,own.maker*0.5,3S,10L,CONVERGED,CONVERGED,CONVERGED,0,0,0.9998573,False,0,5686,5686,5686,5686,0.9993787,0.9993787,0.9993787239224161,0,0,True,True,3002,True
h3,own.maker*2,3S,10L,CONVERGED,CONVERGED,CONVERGED,0,0,1.0,False,0,4307,4307,4307,4307,1.0,1.0,1.0,0,0,True,True,3002,True
h3,finished.maker*0.5,3S,10L,CONVERGED,CONVERGED,CONVERGED,0,0,0.9725256,False,0,2641,2641,2641,2641,0.9800355,0.9800355,0.9800355365894087,0,0,True,True,3002,True
h3,finished.maker*2,3S,10L,CONVERGED,CONVERGED,CONVERGED,0,0,0.654457,False,0,2959,2959,2959,2959,0.6553973,0.6553973,0.6553972510126201,0,0,True,True,3002,True
h3,stock.fodder*0.5,3S,10L,CONVERGED,CONVERGED,CONVERGED,0,0,0.9644005,False,0,2459,2459,2459,2459,0.9757789,0.9757789,0.9757789093648896,0,0,True,True,3002,True
h3,stock.fodder*2,3S,10L,CONVERGED,CONVERGED,CONVERGED,0,0,0.9925768,False,0,2643,2643,2257,2257,0.9999814,0.9999814,0.9999906264937581,0,0,True,True,3002,True
h3,coin.desk.good*0.5,3S,10L,CONVERGED,CONVERGED,CONVERGED,0,0,0.6745696,False,0,4747,4747,4745,4745,0.6575429,0.6575429,0.6535923613711094,0,0,True,True,3002,True
h3,coin.desk.good*2,3S,10L,CONVERGED,CONVERGED,CONVERGED,0,0,0.9506376,False,0,4354,4354,4354,4354,0.999626,0.999626,0.9996260010580692,0,0,True,True,3002,True
h3,coin.desk.capacity*0.5,3S,10L,CONVERGED,CONVERGED,CONVERGED,0,0,0.5504547,False,0,4623,4623,4623,4623,0.5443716,0.5443716,0.5443715917188705,0,0,True,True,3002,True
h3,coin.desk.capacity*2,3S,10L,CONVERGED,CONVERGED,CONVERGED,0,0,0.999924,False,0,4146,4146,4146,4146,0.9996952,0.9996952,0.9996952115778679,0,0,True,True,3002,True
h3,coin.desk.maker*0.5,3S,10L,CONVERGED,CONVERGED,CONVERGED,0,0,0.8919366,False,0,4272,4272,4283,4283,0.8810101,0.8810101,0.8801763051629524,0,0,True,True,3002,True
h3,coin.desk.maker*2,3S,10L,CONVERGED,CONVERGED,CONVERGED,0,0,0.8498151,False,0,3918,3918,3918,3918,0.8976386,0.8976386,0.8976386396090571,0,0,True,True,3002,True
h3,coin.desk.fodder*0.5,3S,10L,CONVERGED,CONVERGED,CONVERGED,0,0,0.9215888,False,0,3767,3767,3767,3767,0.9760349,0.9760349,0.9760349138528557,1,1,True,True,3002,True
h3,coin.desk.fodder*2,3S,10L,CONVERGED,CONVERGED,CONVERGED,0,0,0.9997915,False,0,3835,3835,3835,3835,0.9997006,0.9997006,0.9997006194596477,0,0,True,True,3002,True
h3,coin.provider*0.5,3S,10L,CONVERGED,CONVERGED,CONVERGED,0,0,0.8863327,False,0,4775,4775,4774,4774,0.8759343,0.8759343,0.8779121342168285,0,0,True,True,3002,True
h3,coin.provider*2,3S,10L,CONVERGED,CONVERGED,CONVERGED,0,0,0.9993532,False,0,4258,4258,4258,4258,0.9990716,0.9990716,0.9990716150066714,0,0,True,True,3002,True
h3,coin.workers*0.5,3S,10L,CONVERGED,CONVERGED,CONVERGED,0,0,0.8779044,False,0,4827,4827,4826,4826,0.8668674,0.8668674,0.8688887491731462,0,0,True,True,3002,True
h3,coin.workers*2,3S,10L,CONVERGED,CONVERGED,CONVERGED,0,0,0.999321,False,0,4303,4303,4303,4303,0.9990253,0.9990253,0.9990252844527252,0,0,True,True,3002,True
h4,w*1.05,1,L,CONVERGED,CONVERGED,CONVERGED,0,0,0.9908531,False,0,1257,1257,1253,1253,0.9996096,0.9996096,0.999609597718686,0,0,True,True,2887,True
h4,r*1.05,1,L,CONVERGED,CONVERGED,CONVERGED,0,0,0.8500867,False,0,4071,4071,4071,4071,0.8673609,0.8673609,0.8700465613464701,0,0,True,True,2887,True
h4,p[fodder]*1.05,1,L,CONVERGED,CONVERGED,CONVERGED,0,0,0.9179969,False,0,2323,2323,2338,2338,0.9444711,0.9444711,0.9433474378674546,0,0,True,True,2887,True
h4,p[horse]*1.05,1,L,CONVERGED,CONVERGED,CONVERGED,0,0,0.9859206,False,0,595,595,595,595,0.9858782,0.9858782,0.9858781753950231,0,0,True,True,2887,True
h4,p[traction]*1.05,1,L,CONVERGED,CONVERGED,CONVERGED,0,0,0.9689062,False,0,2019,2019,2066,2066,0.9741926,0.9741926,0.9717460614813721,0,0,True,True,2887,True
h4,p[good]*1.05,1,L,CONVERGED,CONVERGED,CONVERGED,0,0,0.9996051,False,0,1560,1560,1567,1567,0.9995867,0.9995867,0.9995808212311289,0,0,True,True,2887,True
h4,s*1.05,1,L,CONVERGED,CONVERGED,CONVERGED,0,0,0.9963467,False,0,1371,1371,1362,1362,0.998351,0.998351,0.9986144883872805,0,0,True,True,2887,True
h4,JA(1.05),1,L,CONVERGED,CONVERGED,CONVERGED,0,0,0.9021675,False,0,2257,2257,2286,2286,0.9327787,0.9327787,0.9312461623295334,0,0,True,True,2887,True
h4,JB(1.05),1,L,CONVERGED,CONVERGED,CONVERGED,0,0,0.9183108,False,0,2267,2267,2267,2267,0.952381,0.952381,0.9523809523809523,0,0,True,True,2887,True
h4,N(1.05),1,L,CONVERGED,CONVERGED,CONVERGED,0,0,0.8997557,False,0,4118,4118,4113,4113,0.9037234,0.9037234,0.907334306279687,0,0,True,True,2887,True
h4,w*0.95,1,L,CONVERGED,CONVERGED,CONVERGED,0,0,0.994086,False,0,1772,1772,1772,1772,0.9978,0.9978,0.99780000328415,0,0,True,True,2887,True
h4,r*0.95,1,L,CONVERGED,CONVERGED,CONVERGED,0,0,0.9941046,False,0,3301,3301,3301,3301,0.9938034,0.9938034,0.993803384577215,0,0,True,True,2887,True
h4,p[fodder]*0.95,1,L,CONVERGED,CONVERGED,CONVERGED,0,0,0.8835653,False,0,2344,2344,2344,2344,0.9188087,0.9188087,0.9188086624810703,0,0,True,True,2887,True
h4,p[horse]*0.95,1,L,CONVERGED,CONVERGED,CONVERGED,0,0,0.95,False,0,1657,1657,1657,1657,0.95,0.95,0.95,0,0,True,True,2887,True
h4,p[traction]*0.95,1,L,CONVERGED,CONVERGED,CONVERGED,0,0,0.9544961,False,0,2157,2157,2157,2157,0.9562741,0.9562741,0.9562740633659681,0,0,True,True,2887,True
h4,p[good]*0.95,1,L,CONVERGED,CONVERGED,CONVERGED,0,0,0.902079,False,0,2881,2881,2881,2881,0.9103679,0.9103679,0.9103679161255798,0,0,True,True,2887,True
h4,s*0.95,1,L,CONVERGED,CONVERGED,CONVERGED,0,0,0.9999051,False,0,1050,1050,1050,1050,0.9999054,0.9999054,0.9999053714714304,0,0,True,True,2887,True
h4,JA(0.95),1,L,CONVERGED,CONVERGED,CONVERGED,0,0,0.860342,False,0,2872,2872,2872,2872,0.8905338,0.8905338,0.8905337557322279,0,0,True,True,2887,True
h4,JB(0.95),1,L,CONVERGED,CONVERGED,CONVERGED,0,0,0.8847193,False,0,3092,3092,3109,3109,0.9203402,0.9203402,0.9175481254503844,0,0,True,True,2887,True
h4,N(0.95),1,L,CONVERGED,CONVERGED,CONVERGED,0,0,0.9945966,False,0,3267,3267,3267,3267,0.9967409,0.9967409,0.9967408780547414,0,0,True,True,2887,True
h4,w*1.2,2,L,CONVERGED,CONVERGED,CONVERGED,0,0,0.9643896,False,0,1921,1921,1912,1912,0.9984979,0.9984979,0.9984979126113411,0,0,True,True,2887,True
h4,r*1.2,2,L,CONVERGED,CONVERGED,CONVERGED,0,0,0.3838948,False,0,4877,4877,4877,4877,0.4011334,0.4011334,0.40980907895617813,0,0,True,True,2887,True
h4,p[fodder]*1.2,2,L,CONVERGED,CONVERGED,CONVERGED,0,0,0.710415,False,0,3275,3275,3289,3289,0.7857439,0.7857439,0.7818827209905854,0,0,True,True,2887,True
h4,p[horse]*1.2,2,L,CONVERGED,CONVERGED,CONVERGED,0,0,0.9401325,False,0,1602,1602,1602,1602,0.9397532,0.9397532,0.9397532042599305,0,0,True,True,2887,True
h4,p[traction]*1.2,2,L,CONVERGED,CONVERGED,CONVERGED,0,0,0.8839224,False,0,2918,2918,2961,2961,0.8963499,0.8963499,0.8889226395401288,0,0,True,True,2887,True
h4,p[good]*1.2,2,L,CONVERGED,CONVERGED,CONVERGED,0,0,0.9985631,False,0,2347,2347,2356,2356,0.9984931,0.9984931,0.9984723860979857,0,0,True,True,2887,True
h4,s*1.2,2,L,CONVERGED,CONVERGED,CONVERGED,0,0,0.982825,False,0,2064,2064,2053,2053,0.9913779,0.9913779,0.9924571779430401,0,0,True,True,2887,True
h4,JA(1.2),2,L,CONVERGED,CONVERGED,CONVERGED,0,0,0.6770579,False,0,3200,3200,3231,3231,0.7497586,0.7497586,0.7408261020654697,0,0,True,True,2887,True
h4,JB(1.2),2,L,CONVERGED,CONVERGED,CONVERGED,0,0,0.743596,False,0,3183,3183,3183,3183,0.8333333,0.8333333,0.8333333333333334,0,0,True,True,2887,True
h4,N(1.2),2,L,CONVERGED,CONVERGED,CONVERGED,0,0,0.6298916,False,0,4932,4932,4927,4927,0.6485581,0.6485581,0.6560613204645321,0,0,True,True,2887,True
h4,w*0.8,2,L,CONVERGED,CONVERGED,CONVERGED,0,0,0.9622872,False,0,2708,2708,2708,2708,0.9815224,0.9815224,0.9815223638265695,0,0,True,True,2887,True
h4,r*0.8,2,L,CONVERGED,CONVERGED,CONVERGED,0,0,0.9730207,False,0,4221,4221,4221,4221,0.9721809,0.9721809,0.9721808577422363,0,0,True,True,2887,True
h4,p[fodder]*0.8,2,L,CONVERGED,CONVERGED,CONVERGED,0,0,0.5915895,False,0,3383,3383,3383,3383,0.6784498,0.6784498,0.6784498134750184,0,0,True,True,2887,True
h4,p[horse]*0.8,2,L,CONVERGED,CONVERGED,CONVERGED,0,0,0.8,False,0,2498,2498,2498,2498,0.8,0.8,0.8,0,0,True,True,2887,True
h4,p[traction]*0.8,2,L,CONVERGED,CONVERGED,CONVERGED,0,0,0.8083551,False,0,3189,3189,3189,3189,0.8195902,0.8195902,0.8195902150907994,0,0,True,True,2887,True
h4,p[good]*0.8,2,L,CONVERGED,CONVERGED,CONVERGED,0,0,0.5873094,False,0,3914,3914,3914,3914,0.6019964,0.6019964,0.6019963571787723,0,0,True,True,2887,True
h4,s*0.8,2,L,CONVERGED,CONVERGED,CONVERGED,0,0,0.9996156,False,0,1731,1731,1731,1731,0.999616,0.999616,0.9996159628918823,0,0,True,True,2887,True
h4,JA(0.8),2,L,CONVERGED,CONVERGED,CONVERGED,0,0,0.475076,False,0,3956,3956,3956,3956,0.5293859,0.5293859,0.5293858713805476,0,0,True,True,2887,True
h4,JB(0.8),2,L,CONVERGED,CONVERGED,CONVERGED,0,0,0.5018112,False,0,4174,4174,4190,4190,0.5184647,0.5184647,0.506292990107857,0,0,True,True,2887,True
h4,N(0.8),2,L,CONVERGED,CONVERGED,CONVERGED,0,0,0.9741519,False,0,4194,4194,4194,4194,0.9732989,0.9732989,0.9732989301251008,0,0,True,True,2887,True
h4,w*2,3,L,CONVERGED,CONVERGED,CONVERGED,0,0,0.844148,False,0,2926,2926,2917,2917,0.9792771,0.9792771,0.9832260023272039,0,0,True,True,2887,True
h4,r*2,3,L,CONVERGED,CONVERGED,CONVERGED,70,60,0.2089311,True,69,5781,5783,5781,5783,0.003069641,0.2159514,0.22074052465296026,86,86,False,False,2,False
h4,p[fodder]*2,3,L,CONVERGED,CONVERGED,CONVERGED,1,2,0.248325,True,1,4285,4292,4299,4303,0.2997475,0.3093137,0.30212819424282045,0,0,False,False,2,False
h4,p[horse]*2,3,L,CONVERGED,CONVERGED,CONVERGED,0,0,0.7977629,False,0,2088,2088,2088,2088,0.7954208,0.7954208,0.7954208196752582,0,0,True,True,2887,True
h4,p[traction]*2,3,L,CONVERGED,CONVERGED,CONVERGED,0,0,0.526755,False,0,3918,3918,3937,3937,0.5385735,0.5385735,0.5266108227574007,2,2,True,True,2887,True
h4,p[good]*2,3,L,CONVERGED,CONVERGED,CONVERGED,0,0,0.994992,False,0,3203,3203,3209,3209,0.9956046,0.9956046,0.9955780917697248,0,0,True,True,2887,True
h4,s*2,3,L,CONVERGED,CONVERGED,CONVERGED,0,0,0.8323487,False,0,3404,3404,3387,3387,0.8773861,0.8773861,0.8814520916075793,0,0,True,True,2887,True
h4,JA(2),3,L,CONVERGED,CONVERGED,CONVERGED,0,0,0.3792607,False,0,4017,4017,4050,4050,0.4602058,0.4602058,0.4380102790214998,3,3,True,True,2887,True
h4,JB(2),3,L,CONVERGED,CONVERGED,CONVERGED,0,0,0.5171141,False,0,4125,4125,4125,4125,0.5,0.5,0.5,23,23,True,True,2887,True
h4,N(2),3,L,CONVERGED,CONVERGED,CONVERGED,65,112,0.2272304,True,64,5801,5802,5799,5800,0.01393184,0.2109479,0.21137986789901636,9,9,False,False,2,False
h4,w*0.5,3,L,CONVERGED,CONVERGED,CONVERGED,0,0,0.9416089,False,0,3552,3552,3552,3552,0.9944167,0.9944167,0.994416730893104,0,0,True,True,2887,True
h4,r*0.5,3,L,CONVERGED,CONVERGED,CONVERGED,0,0,0.9156907,False,0,4986,4986,4986,4986,0.9146533,0.9146533,0.9146532755769513,0,0,True,True,2887,True
h4,p[fodder]*0.5,3,L,CONVERGED,CONVERGED,CONVERGED,0,0,0.3190025,False,0,4098,4098,4098,4098,0.4018188,0.4018188,0.40181880230579103,6,6,True,True,2887,True
h4,p[horse]*0.5,3,L,CONVERGED,CONVERGED,CONVERGED,0,0,0.5,False,0,3293,3293,3293,3293,0.5,0.5,0.5,0,0,True,True,2887,True
h4,p[traction]*0.5,3,L,CONVERGED,CONVERGED,CONVERGED,0,0,0.5557912,False,0,3968,3968,3968,3968,0.521931,0.521931,0.5219309689461693,0,0,True,True,2887,True
h4,p[good]*0.5,3,L,CONVERGED,CONVERGED,CONVERGED,8,16,0.2316686,True,8,4533,4500,4533,4500,0.1158356,0.2006992,0.20069919949145232,0,0,False,False,3,False
h4,s*0.5,3,L,CONVERGED,CONVERGED,CONVERGED,0,0,0.999009,False,0,2289,2289,2289,2289,0.999003,0.999003,0.9990030252383438,0,0,True,True,2887,True
h4,JA(0.5),3,L,CONVERGED,CONVERGED,CONVERGED,5,10,0.2379428,True,5,4504,4464,4504,4464,0.1626959,0.242631,0.24263099863912022,8,8,False,False,3,False
h4,JB(0.5),3,L,CONVERGED,CONVERGED,CONVERGED,14,20,0.2315598,True,15,4715,4603,4721,4604,0.0517863,0.1884675,0.19046841741594447,22,22,False,False,2,False
h4,N(0.5),3,L,CONVERGED,CONVERGED,CONVERGED,0,0,0.9190831,False,0,4961,4961,4961,4961,0.9184159,0.9184159,0.9184159232434423,0,0,True,True,2887,True
h4,x*/2,3,L,CONVERGED,CONVERGED,CONVERGED,6,12,0.2349851,True,6,4442,4423,4438,4422,0.1588833,0.2316552,0.22992381834632858,7,7,False,False,2,False
h4,b*1.1@genesis,2,L,CONVERGED,CONVERGED,CONVERGED,0,0,0.7355066,False,0,3973,3973,3973,3973,0.7737161,0.7737161,0.7737160939526565,0,0,True,True,2887,True
h4,b*1.1@dated,2,L,CONVERGED,CONVERGED,CONVERGED,0,0,0.7355066,False,0,3973,3973,3973,3973,0.7737161,0.7737161,0.7737160939526565,0,0,True,True,3608,True
h4,b*0.9@genesis,2,L,CONVERGED,CONVERGED,CONVERGED,0,0,0.9878167,False,0,4021,4021,4021,4021,0.9874547,0.9874547,0.987454726021105,0,0,True,True,2887,True
h4,b*0.9@dated,2,L,CONVERGED,CONVERGED,CONVERGED,0,0,0.9878167,False,0,4021,4021,4021,4021,0.9874547,0.9874547,0.987454726021105,0,0,True,True,3608,True
h4,b*2@genesis,3,L,CONVERGED,CONVERGED,CONVERGED,48,44,0.218722,True,48,5261,5276,5261,5276,0.01282405,0.2321841,0.23218405152372454,7,7,False,False,2,False
h4,b*2@dated,3,L,CONVERGED,CONVERGED,CONVERGED,48,44,0.218722,True,48,5261,5276,5261,5276,0.01282405,0.2321841,0.23218405152372454,7,7,False,False,723,False
h4,b*0.5@genesis,3,L,CONVERGED,CONVERGED,CONVERGED,0,0,0.9207541,False,0,5397,5397,5397,5397,0.9050755,0.9050755,0.9050755190872073,0,0,True,True,2887,True
h4,b*0.5@dated,3,L,CONVERGED,CONVERGED,CONVERGED,0,0,0.9207541,False,0,5397,5397,5397,5397,0.9050755,0.9050755,0.9050755190872073,0,0,True,True,3608,True
h4,stock.good*0.5,3S,L,CONVERGED,CONVERGED,CONVERGED,0,0,0.956859,False,0,2129,2129,2129,2129,0.95874,0.95874,0.9587399790587894,0,0,True,True,2887,True
h4,stock.good*2,3S,L,CONVERGED,CONVERGED,CONVERGED,0,0,0.9043062,False,0,2866,2866,2385,2385,0.9125122,0.9125122,0.9566459406341807,0,0,True,True,2887,True
h4,heads.capacity*0.5,3S,L,CONVERGED,CONVERGED,CONVERGED,0,0,0.7981236,False,0,5021,5021,5020,5020,0.94492,0.94492,0.944932036053455,50,50,True,True,2887,True
h4,heads.capacity*2,3S,L,CONVERGED,CONVERGED,CONVERGED,82,152,0.2266607,True,82,6016,6018,6016,6018,0.03561831,0.2085057,0.20850567392310368,0,0,False,False,2,False
h4,hours.capacity*0.5,3S,L,CONVERGED,CONVERGED,CONVERGED,0,0,0.917598,False,0,2438,2438,2438,2438,0.9193232,0.9193232,0.9193232081134982,0,0,True,True,2887,True
h4,hours.capacity*2,3S,L,CONVERGED,CONVERGED,CONVERGED,0,0,0.9143443,False,0,2592,2592,2142,2142,0.9179209,0.9179209,0.9573722609910782,0,0,True,True,2887,True
h4,own.maker*0.5,3S,L,CONVERGED,CONVERGED,CONVERGED,0,0,0.9501247,False,0,5328,5328,5328,5328,0.9486368,0.9486368,0.9486368434705021,0,0,True,True,2887,True
h4,own.maker*2,3S,L,CONVERGED,CONVERGED,CONVERGED,0,0,1.0,False,0,4307,4307,4307,4307,1.0,1.0,1.0,0,0,True,True,2887,True
h4,finished.maker*0.5,3S,L,CONVERGED,CONVERGED,CONVERGED,0,0,0.9053842,False,0,2637,2637,2637,2637,0.9306819,0.9306819,0.9306818587058525,0,0,True,True,2887,True
h4,finished.maker*2,3S,L,CONVERGED,CONVERGED,CONVERGED,0,0,0.5786464,False,0,2982,2982,2982,2982,0.577757,0.577757,0.5777569659939535,0,0,True,True,2887,True
h4,stock.fodder*0.5,3S,L,CONVERGED,CONVERGED,CONVERGED,0,0,0.8949553,False,0,2675,2675,2675,2675,0.9360358,0.9360358,0.9360358190294531,0,0,True,True,2887,True
h4,stock.fodder*2,3S,L,CONVERGED,CONVERGED,CONVERGED,0,0,0.7845606,False,0,2824,2824,2328,2328,0.8435696,0.8435696,0.9207927409913892,0,0,True,True,2887,True
h4,coin.desk.good*0.5,3S,L,CONVERGED,CONVERGED,CONVERGED,0,0,0.3950067,False,0,4474,4474,4473,4473,0.3574048,0.3574048,0.3520078914174991,0,0,True,True,2887,True
h4,coin.desk.good*2,3S,L,CONVERGED,CONVERGED,CONVERGED,0,0,0.6195716,False,0,4274,4274,4274,4274,0.7018626,0.7018626,0.7018625928299952,0,0,True,True,2887,True
h4,coin.desk.capacity*0.5,3S,L,CONVERGED,CONVERGED,CONVERGED,0,0,0.3943062,False,0,4362,4362,4363,4363,0.3633087,0.3633087,0.35893085855462786,0,0,True,True,2887,True
h4,coin.desk.capacity*2,3S,L,CONVERGED,CONVERGED,CONVERGED,0,0,0.9262713,False,0,4028,4028,4028,4028,0.9797301,0.9797301,0.9797301481217424,0,0,True,True,2887,True
h4,coin.desk.maker*0.5,3S,L,CONVERGED,CONVERGED,CONVERGED,0,0,0.71561,False,0,3654,3654,3654,3654,0.7797526,0.7797526,0.7911027458685013,0,0,True,True,2887,True
h4,coin.desk.maker*2,3S,L,CONVERGED,CONVERGED,CONVERGED,0,0,0.6686058,False,0,3552,3552,3552,3552,0.7213807,0.7213807,0.7213806911451548,0,0,True,True,2887,True
h4,coin.desk.fodder*0.5,3S,L,CONVERGED,CONVERGED,CONVERGED,0,0,0.3124323,False,0,4348,4348,4348,4348,0.401305,0.401305,0.40130501508293653,0,0,True,True,2887,True
h4,coin.desk.fodder*2,3S,L,CONVERGED,CONVERGED,CONVERGED,0,0,0.9828216,False,0,3958,3958,3958,3958,0.9819452,0.9819452,0.9819452161618036,0,0,True,True,2887,True
h4,coin.provider*0.5,3S,L,CONVERGED,CONVERGED,CONVERGED,0,0,0.7936002,False,0,4548,4548,4547,4547,0.7658745,0.7658745,0.7696841992051044,0,0,True,True,2887,True
h4,coin.provider*2,3S,L,CONVERGED,CONVERGED,CONVERGED,0,0,0.7905435,False,0,4232,4232,4232,4232,0.9733318,0.9733318,0.9733318183079979,0,0,True,True,2887,True
h4,coin.workers*0.5,3S,L,CONVERGED,CONVERGED,CONVERGED,0,0,0.7778489,False,0,4593,4593,4592,4592,0.7486179,0.7486179,0.7526083883258593,0,0,True,True,2887,True
h4,coin.workers*2,3S,L,CONVERGED,CONVERGED,CONVERGED,0,0,0.7733252,False,0,4274,4274,4274,4274,0.9634964,0.9634964,0.9634964305791905,0,0,True,True,2887,True
h4,w*2,3,10L,CONVERGED,CONVERGED,CONVERGED,0,0,0.844148,False,0,2926,2926,2917,2917,0.9792771,0.9792771,0.9832260023272039,0,0,True,True,2887,True
h4,r*2,3,10L,CONVERGED,CONVERGED,CONVERGED,70,60,0.2089311,True,69,5781,5783,5781,5783,0.003069641,0.2159514,0.22074052465296026,86,86,False,False,2,False
h4,p[fodder]*2,3,10L,CONVERGED,CONVERGED,CONVERGED,1,2,0.248325,True,1,4285,4292,4299,4303,0.2997475,0.3093137,0.30212819424282045,0,0,False,False,2,False
h4,p[horse]*2,3,10L,CONVERGED,CONVERGED,CONVERGED,0,0,0.7977629,False,0,2088,2088,2088,2088,0.7954208,0.7954208,0.7954208196752582,0,0,True,True,2887,True
h4,p[traction]*2,3,10L,CONVERGED,CONVERGED,CONVERGED,0,0,0.526755,False,0,3918,3918,3937,3937,0.5385735,0.5385735,0.5266108227574007,2,2,True,True,2887,True
h4,p[good]*2,3,10L,CONVERGED,CONVERGED,CONVERGED,0,0,0.994992,False,0,3203,3203,3209,3209,0.9956046,0.9956046,0.9955780917697248,0,0,True,True,2887,True
h4,s*2,3,10L,CONVERGED,CONVERGED,CONVERGED,0,0,0.8323487,False,0,3404,3404,3387,3387,0.8773861,0.8773861,0.8814520916075793,0,0,True,True,2887,True
h4,JA(2),3,10L,CONVERGED,CONVERGED,CONVERGED,0,0,0.3792607,False,0,4017,4017,4050,4050,0.4602058,0.4602058,0.4380102790214998,3,3,True,True,2887,True
h4,JB(2),3,10L,CONVERGED,CONVERGED,CONVERGED,0,0,0.5171141,False,0,4125,4125,4125,4125,0.5,0.5,0.5,23,23,True,True,2887,True
h4,N(2),3,10L,CONVERGED,CONVERGED,CONVERGED,65,112,0.2272304,True,64,5801,5802,5799,5800,0.01393184,0.2109479,0.21137986789901636,9,9,False,False,2,False
h4,w*0.5,3,10L,CONVERGED,CONVERGED,CONVERGED,0,0,0.9416089,False,0,3552,3552,3552,3552,0.9944167,0.9944167,0.994416730893104,0,0,True,True,2887,True
h4,r*0.5,3,10L,CONVERGED,CONVERGED,CONVERGED,0,0,0.9156907,False,0,4986,4986,4986,4986,0.9146533,0.9146533,0.9146532755769513,0,0,True,True,2887,True
h4,p[fodder]*0.5,3,10L,CONVERGED,CONVERGED,CONVERGED,0,0,0.3190025,False,0,4098,4098,4098,4098,0.4018188,0.4018188,0.40181880230579103,6,6,True,True,2887,True
h4,p[horse]*0.5,3,10L,CONVERGED,CONVERGED,CONVERGED,0,0,0.5,False,0,3293,3293,3293,3293,0.5,0.5,0.5,0,0,True,True,2887,True
h4,p[traction]*0.5,3,10L,CONVERGED,CONVERGED,CONVERGED,0,0,0.5557912,False,0,3968,3968,3968,3968,0.521931,0.521931,0.5219309689461693,0,0,True,True,2887,True
h4,p[good]*0.5,3,10L,CONVERGED,CONVERGED,CONVERGED,8,16,0.2316686,True,8,4533,4500,4533,4500,0.1158356,0.2006992,0.20069919949145232,0,0,False,False,2,False
h4,s*0.5,3,10L,CONVERGED,CONVERGED,CONVERGED,0,0,0.999009,False,0,2289,2289,2289,2289,0.999003,0.999003,0.9990030252383438,0,0,True,True,2887,True
h4,JA(0.5),3,10L,CONVERGED,CONVERGED,CONVERGED,5,10,0.2379428,True,5,4504,4464,4504,4464,0.1626959,0.242631,0.24263099863912022,8,8,False,False,2,False
h4,JB(0.5),3,10L,CONVERGED,CONVERGED,CONVERGED,14,20,0.2315598,True,15,4715,4603,4721,4604,0.0517863,0.1884675,0.19046841741594447,22,22,False,False,2,False
h4,N(0.5),3,10L,CONVERGED,CONVERGED,CONVERGED,0,0,0.9190831,False,0,4961,4961,4961,4961,0.9184159,0.9184159,0.9184159232434423,0,0,True,True,2887,True
h4,x*/2,3,10L,CONVERGED,CONVERGED,CONVERGED,6,12,0.2349851,True,6,4442,4423,4438,4422,0.1588833,0.2316552,0.22992381834632858,7,7,False,False,2,False
h4,b*2@genesis,3,10L,CONVERGED,CONVERGED,CONVERGED,48,44,0.218722,True,48,5261,5276,5261,5276,0.01282405,0.2321841,0.23218405152372454,7,7,False,False,2,False
h4,b*2@dated,3,10L,CONVERGED,CONVERGED,CONVERGED,48,44,0.218722,True,48,5261,5276,5261,5276,0.01282405,0.2321841,0.23218405152372454,7,7,False,False,723,False
h4,b*0.5@genesis,3,10L,CONVERGED,CONVERGED,CONVERGED,0,0,0.9207541,False,0,5397,5397,5397,5397,0.9050755,0.9050755,0.9050755190872073,0,0,True,True,2887,True
h4,b*0.5@dated,3,10L,CONVERGED,CONVERGED,CONVERGED,0,0,0.9207541,False,0,5397,5397,5397,5397,0.9050755,0.9050755,0.9050755190872073,0,0,True,True,3608,True
h4,stock.good*0.5,3S,10L,CONVERGED,CONVERGED,CONVERGED,0,0,0.956859,False,0,2129,2129,2129,2129,0.95874,0.95874,0.9587399790587894,0,0,True,True,2887,True
h4,stock.good*2,3S,10L,CONVERGED,CONVERGED,CONVERGED,0,0,0.9043062,False,0,2866,2866,2385,2385,0.9125122,0.9125122,0.9566459406341807,0,0,True,True,2887,True
h4,heads.capacity*0.5,3S,10L,CONVERGED,CONVERGED,CONVERGED,0,0,0.7981236,False,0,5021,5021,5020,5020,0.94492,0.94492,0.944932036053455,50,50,True,True,2887,True
h4,heads.capacity*2,3S,10L,CONVERGED,CONVERGED,CONVERGED,82,152,0.2266607,True,82,6016,6018,6016,6018,0.03561831,0.2085057,0.20850567392310368,0,0,False,False,2,False
h4,hours.capacity*0.5,3S,10L,CONVERGED,CONVERGED,CONVERGED,0,0,0.917598,False,0,2438,2438,2438,2438,0.9193232,0.9193232,0.9193232081134982,0,0,True,True,2887,True
h4,hours.capacity*2,3S,10L,CONVERGED,CONVERGED,CONVERGED,0,0,0.9143443,False,0,2592,2592,2142,2142,0.9179209,0.9179209,0.9573722609910782,0,0,True,True,2887,True
h4,own.maker*0.5,3S,10L,CONVERGED,CONVERGED,CONVERGED,0,0,0.9501247,False,0,5328,5328,5328,5328,0.9486368,0.9486368,0.9486368434705021,0,0,True,True,2887,True
h4,own.maker*2,3S,10L,CONVERGED,CONVERGED,CONVERGED,0,0,1.0,False,0,4307,4307,4307,4307,1.0,1.0,1.0,0,0,True,True,2887,True
h4,finished.maker*0.5,3S,10L,CONVERGED,CONVERGED,CONVERGED,0,0,0.9053842,False,0,2637,2637,2637,2637,0.9306819,0.9306819,0.9306818587058525,0,0,True,True,2887,True
h4,finished.maker*2,3S,10L,CONVERGED,CONVERGED,CONVERGED,0,0,0.5786464,False,0,2982,2982,2982,2982,0.577757,0.577757,0.5777569659939535,0,0,True,True,2887,True
h4,stock.fodder*0.5,3S,10L,CONVERGED,CONVERGED,CONVERGED,0,0,0.8949553,False,0,2675,2675,2675,2675,0.9360358,0.9360358,0.9360358190294531,0,0,True,True,2887,True
h4,stock.fodder*2,3S,10L,CONVERGED,CONVERGED,CONVERGED,0,0,0.7845606,False,0,2824,2824,2328,2328,0.8435696,0.8435696,0.9207927409913892,0,0,True,True,2887,True
h4,coin.desk.good*0.5,3S,10L,CONVERGED,CONVERGED,CONVERGED,0,0,0.3950067,False,0,4474,4474,4473,4473,0.3574048,0.3574048,0.3520078914174991,0,0,True,True,2887,True
h4,coin.desk.good*2,3S,10L,CONVERGED,CONVERGED,CONVERGED,0,0,0.6195716,False,0,4274,4274,4274,4274,0.7018626,0.7018626,0.7018625928299952,0,0,True,True,2887,True
h4,coin.desk.capacity*0.5,3S,10L,CONVERGED,CONVERGED,CONVERGED,0,0,0.3943062,False,0,4362,4362,4363,4363,0.3633087,0.3633087,0.35893085855462786,0,0,True,True,2887,True
h4,coin.desk.capacity*2,3S,10L,CONVERGED,CONVERGED,CONVERGED,0,0,0.9262713,False,0,4028,4028,4028,4028,0.9797301,0.9797301,0.9797301481217424,0,0,True,True,2887,True
h4,coin.desk.maker*0.5,3S,10L,CONVERGED,CONVERGED,CONVERGED,0,0,0.71561,False,0,3654,3654,3654,3654,0.7797526,0.7797526,0.7911027458685013,0,0,True,True,2887,True
h4,coin.desk.maker*2,3S,10L,CONVERGED,CONVERGED,CONVERGED,0,0,0.6686058,False,0,3552,3552,3552,3552,0.7213807,0.7213807,0.7213806911451548,0,0,True,True,2887,True
h4,coin.desk.fodder*0.5,3S,10L,CONVERGED,CONVERGED,CONVERGED,0,0,0.3124323,False,0,4348,4348,4348,4348,0.401305,0.401305,0.40130501508293653,0,0,True,True,2887,True
h4,coin.desk.fodder*2,3S,10L,CONVERGED,CONVERGED,CONVERGED,0,0,0.9828216,False,0,3958,3958,3958,3958,0.9819452,0.9819452,0.9819452161618036,0,0,True,True,2887,True
h4,coin.provider*0.5,3S,10L,CONVERGED,CONVERGED,CONVERGED,0,0,0.7936002,False,0,4548,4548,4547,4547,0.7658745,0.7658745,0.7696841992051044,0,0,True,True,2887,True
h4,coin.provider*2,3S,10L,CONVERGED,CONVERGED,CONVERGED,0,0,0.7905435,False,0,4232,4232,4232,4232,0.9733318,0.9733318,0.9733318183079979,0,0,True,True,2887,True
h4,coin.workers*0.5,3S,10L,CONVERGED,CONVERGED,CONVERGED,0,0,0.7778489,False,0,4593,4593,4592,4592,0.7486179,0.7486179,0.7526083883258593,0,0,True,True,2887,True
h4,coin.workers*2,3S,10L,CONVERGED,CONVERGED,CONVERGED,0,0,0.7733252,False,0,4274,4274,4274,4274,0.9634964,0.9634964,0.9634964305791905,0,0,True,True,2887,True
f1,w*1.05,1,L,CONVERGED,CONVERGED,CONVERGED,0,0,0.9952913,False,0,821,821,810,810,0.9998002,0.9998002,0.9998001861944759,0,0,True,True,687,True
f1,r*1.05,1,L,CONVERGED,CONVERGED,CONVERGED,0,0,0.9650478,False,0,7556,7556,7553,7553,0.9511458,0.9511458,0.9511458247623383,0,0,True,True,687,True
f1,p[fodder]*1.05,1,L,CONVERGED,CONVERGED,CONVERGED,0,0,0.9698072,False,0,2423,2423,2434,2434,0.979118,0.979118,0.979007809225901,0,0,True,True,687,True
f1,p[horse]*1.05,1,L,CONVERGED,CONVERGED,CONVERGED,0,0,0.9839089,False,0,77,77,77,77,0.9837934,0.9837934,0.983793393582559,0,0,True,True,687,True
f1,p[traction]*1.05,1,L,CONVERGED,CONVERGED,CONVERGED,0,0,0.9933765,False,0,2598,2598,2687,2687,0.9946506,0.9946506,0.9940458078836152,0,0,True,True,687,True
f1,p[good]*1.05,1,L,CONVERGED,CONVERGED,CONVERGED,0,0,0.9999194,False,0,2243,2243,2259,2259,0.9999866,0.9999866,0.9999864481830325,0,0,True,True,687,True
f1,s*1.05,1,L,CONVERGED,CONVERGED,CONVERGED,0,0,0.9996517,False,0,806,806,795,795,0.9999969,0.9999969,0.9999969416283101,0,0,True,True,687,True
f1,JA(1.05),1,L,CONVERGED,CONVERGED,CONVERGED,0,0,0.9514012,False,0,2735,2735,2773,2773,0.9633118,0.9633118,0.9630558640308075,0,0,True,True,687,True
f1,JB(1.05),1,L,CONVERGED,CONVERGED,CONVERGED,0,0,0.9573768,False,0,3620,3620,3623,3623,0.952381,0.952381,0.9523809523809523,0,0,True,True,687,True
f1,N(1.05),1,L,CONVERGED,CONVERGED,CONVERGED,0,0,0.934975,False,0,7548,7548,7541,7541,0.9348312,0.9348312,0.9364387112305328,0,0,True,True,687,True
f1,w*0.95,1,L,CONVERGED,CONVERGED,CONVERGED,0,0,0.9960735,False,0,2730,2730,2730,2730,0.9980358,0.9980358,0.9980358270785813,0,0,True,True,687,True
f1,r*0.95,1,L,CONVERGED,CONVERGED,CONVERGED,0,0,0.9999961,False,0,5770,5770,5770,5770,0.9997681,0.9997681,0.9997681481706177,0,0,True,True,687,True
f1,p[fodder]*0.95,1,L,CONVERGED,CONVERGED,CONVERGED,0,0,0.9956474,False,0,3320,3320,3320,3320,0.9999804,0.9999804,0.999980425245962,0,0,True,True,687,True
f1,p[horse]*0.95,1,L,CONVERGED,CONVERGED,CONVERGED,0,0,0.95,False,0,690,690,690,690,0.95,0.95,0.95,0,0,True,True,687,True
f1,p[traction]*0.95,1,L,CONVERGED,CONVERGED,CONVERGED,0,0,0.9789541,False,0,2704,2704,2704,2704,0.9773841,0.9773841,0.9773840803440763,0,0,True,True,687,True
f1,p[good]*0.95,1,L,CONVERGED,CONVERGED,CONVERGED,0,0,0.9789056,False,0,3862,3862,3862,3862,0.9821226,0.9821226,0.9821226074583385,0,0,True,True,687,True
f1,s*0.95,1,L,CONVERGED,CONVERGED,CONVERGED,0,0,1.0,False,0,475,475,475,475,0.9999973,0.9999973,0.9999973325625529,0,0,True,True,687,True
f1,JA(0.95),1,L,CONVERGED,CONVERGED,CONVERGED,0,0,0.964641,False,0,3856,3856,3856,3856,0.95,0.95,0.95,0,0,True,True,687,True
f1,JB(0.95),1,L,CONVERGED,CONVERGED,CONVERGED,0,0,0.985485,False,0,4232,4232,4250,4250,0.9939446,0.9939446,0.993957654136833,0,0,True,True,687,True
f1,N(0.95),1,L,CONVERGED,CONVERGED,CONVERGED,0,0,0.9999963,False,0,5723,5723,5723,5723,0.9997714,0.9997714,0.999771362409685,0,0,True,True,687,True
f1,w*1.2,2,L,CONVERGED,CONVERGED,CONVERGED,0,0,0.9814277,False,0,2984,2984,2962,2962,0.9992168,0.9992168,0.9992167882915703,0,0,True,True,687,True
f1,r*1.2,2,L,CONVERGED,CONVERGED,CONVERGED,0,0,0.8736059,False,0,9234,9234,9232,9232,0.8295649,0.8295649,0.8295649367672635,0,0,True,True,687,True
f1,p[fodder]*1.2,2,L,CONVERGED,CONVERGED,CONVERGED,0,0,0.8855129,False,0,3994,3994,4002,4002,0.9177723,0.9177723,0.9173277293726676,0,0,True,True,687,True
f1,p[horse]*1.2,2,L,CONVERGED,CONVERGED,CONVERGED,0,0,0.9452895,False,0,660,660,660,660,0.9446418,0.9446418,0.9446418246931072,0,0,True,True,687,True
f1,p[traction]*1.2,2,L,CONVERGED,CONVERGED,CONVERGED,0,0,0.969428,False,0,4078,4078,4154,4154,0.9745639,0.9745639,0.9719889625354018,0,0,True,True,687,True
f1,p[good]*1.2,2,L,CONVERGED,CONVERGED,CONVERGED,0,0,0.9996872,False,0,3675,3675,3693,3693,0.9999503,0.9999503,0.9999496261811721,0,0,True,True,687,True
f1,s*1.2,2,L,CONVERGED,CONVERGED,CONVERGED,0,0,0.9987428,False,0,3047,3047,3035,3035,0.9999878,0.9999878,0.9999878696760427,0,0,True,True,687,True
f1,JA(1.2),2,L,CONVERGED,CONVERGED,CONVERGED,0,0,0.8325324,False,0,4303,4303,4350,4350,0.8714526,0.8714526,0.8703090561855962,0,0,True,True,687,True
f1,JB(1.2),2,L,CONVERGED,CONVERGED,CONVERGED,0,0,0.8467962,False,0,5351,5351,5354,5354,0.8333333,0.8333333,0.8333333333333334,0,0,True,True,687,True
f1,N(1.2),2,L,CONVERGED,CONVERGED,CONVERGED,0,0,0.7838923,False,0,9232,9232,9226,9226,0.7844879,0.7844879,0.7901741658029383,0,0,True,True,687,True
f1,w*0.8,2,L,CONVERGED,CONVERGED,CONVERGED,0,0,0.9816515,False,0,4412,4412,4412,4412,0.990438,0.990438,0.9904380329319203,0,0,True,True,687,True
f1,r*0.8,2,L,CONVERGED,CONVERGED,CONVERGED,0,0,0.9999832,False,0,7678,7678,7678,7678,0.9989616,0.9989616,0.9989615906166646,0,0,True,True,687,True
f1,p[fodder]*0.8,2,L,CONVERGED,CONVERGED,CONVERGED,0,0,0.9890055,False,0,5168,5168,5168,5168,0.9999167,0.9999167,0.9999167147822897,0,0,True,True,687,True
f1,p[horse]*0.8,2,L,CONVERGED,CONVERGED,CONVERGED,0,0,0.8,False,0,3021,3021,3021,3021,0.8,0.8,0.8,0,0,True,True,687,True
f1,p[traction]*0.8,2,L,CONVERGED,CONVERGED,CONVERGED,0,0,0.9143361,False,0,4383,4383,4383,4383,0.9091001,0.9091001,0.9091000543541834,0,0,True,True,687,True
f1,p[good]*0.8,2,L,CONVERGED,CONVERGED,CONVERGED,0,0,0.8992202,False,0,5797,5797,5797,5797,0.9104788,0.9104788,0.9104787520601301,0,0,True,True,687,True
f1,s*0.8,2,L,CONVERGED,CONVERGED,CONVERGED,0,0,0.9999998,False,0,2699,2699,2699,2699,0.9999892,0.9999892,0.9999891805875891,0,0,True,True,687,True
f1,JA(0.8),2,L,CONVERGED,CONVERGED,CONVERGED,0,0,0.8517076,False,0,5785,5785,5785,5785,0.8,0.8,0.8,0,0,True,True,687,True
f1,JB(0.8),2,L,CONVERGED,CONVERGED,CONVERGED,0,0,0.9217146,False,0,6316,6316,6332,6332,0.9477273,0.9477273,0.9426734187150871,0,0,True,True,687,True
f1,N(0.8),2,L,CONVERGED,CONVERGED,CONVERGED,0,0,0.9999838,False,0,7634,7634,7634,7634,0.9990034,0.9990034,0.999003424572552,0,0,True,True,687,True
f1,w*2,3,L,CONVERGED,CONVERGED,CONVERGED,0,0,0.9135602,False,0,4463,4463,4443,4443,0.9890032,0.9890032,0.9906366556586016,0,0,True,True,687,True
f1,r*2,3,L,CONVERGED,CONVERGED,CONVERGED,14,14,0.2304862,True,14,11008,11012,11008,11011,0.1034038,0.238752,0.23302336451415676,43,34,False,False,2,False
f1,p[fodder]*2,3,L,CONVERGED,CONVERGED,CONVERGED,0,0,0.560852,False,0,5980,5980,5991,5991,0.6460316,0.6460316,0.6440542573704213,0,0,True,True,687,True
f1,p[horse]*2,3,L,CONVERGED,CONVERGED,CONVERGED,0,0,0.9003905,False,0,3526,3526,3526,3526,0.8969362,0.8969362,0.8969362116200484,0,0,True,True,687,True
f1,p[traction]*2,3,L,CONVERGED,CONVERGED,CONVERGED,0,0,0.8327802,False,0,6076,6076,6114,6114,0.8552901,0.8552901,0.8504455328482654,2,2,True,True,687,True
f1,p[good]*2,3,L,CONVERGED,CONVERGED,CONVERGED,0,0,0.9986469,False,0,5509,5509,5523,5523,0.9998147,0.9998147,0.9998126848357128,0,0,True,True,687,True
f1,s*2,3,L,CONVERGED,CONVERGED,CONVERGED,0,0,0.9958869,False,0,5236,5236,5206,5206,0.9999296,0.9999296,0.9999304780044613,0,0,True,True,687,True
f1,JA(2),3,L,CONVERGED,CONVERGED,CONVERGED,0,0,0.5955996,False,0,6282,6282,6330,6330,0.671843,0.671843,0.6594658204535453,3,3,True,True,687,True
f1,JB(2),3,L,CONVERGED,CONVERGED,CONVERGED,0,0,0.5049732,False,0,7100,7100,7101,7101,0.5,0.5,0.5,24,24,True,True,687,True
f1,N(2),3,L,CONVERGED,CONVERGED,CONVERGED,0,0,0.3135902,False,0,11011,11011,11007,11007,0.3280111,0.3280111,0.31033575068970914,21,21,True,True,687,True
f1,w*0.5,3,L,CONVERGED,CONVERGED,CONVERGED,0,0,0.9787951,False,0,6139,6139,6139,6139,0.9998666,0.9998666,0.9998666233957836,0,0,True,True,687,True
f1,r*0.5,3,L,CONVERGED,CONVERGED,CONVERGED,0,0,0.9999496,False,0,9322,9322,9322,9322,0.9969399,0.9969399,0.9969398503046969,0,0,True,True,687,True
f1,p[fodder]*0.5,3,L,CONVERGED,CONVERGED,CONVERGED,0,0,0.9999959,False,0,6659,6659,6659,6659,0.9997602,0.9997602,0.9997601525399055,0,0,True,True,687,True
f1,p[horse]*0.5,3,L,CONVERGED,CONVERGED,CONVERGED,0,0,0.5,False,0,4593,4593,4593,4593,0.5,0.5,0.5,0,0,True,True,687,True
f1,p[traction]*0.5,3,L,CONVERGED,CONVERGED,CONVERGED,0,0,0.7724316,False,0,5883,5883,5883,5883,0.7708078,0.7708078,0.7708077864762397,0,0,True,True,687,True
f1,p[good]*0.5,3,L,CONVERGED,CONVERGED,CONVERGED,0,0,0.6245526,False,0,7366,7366,7366,7366,0.6400763,0.6400763,0.6400763438386858,0,0,True,True,687,True
f1,s*0.5,3,L,CONVERGED,CONVERGED,CONVERGED,0,0,0.9999995,False,0,3728,3728,3728,3728,0.9999722,0.9999722,0.9999721632064984,0,0,True,True,687,True
f1,JA(0.5),3,L,CONVERGED,CONVERGED,CONVERGED,0,0,0.5894672,False,0,7366,7366,7366,7366,0.5,0.5,0.5,17,17,True,True,687,True
f1,JB(0.5),3,L,CONVERGED,CONVERGED,CONVERGED,0,0,0.4543788,False,0,7956,7956,7967,7967,0.4634448,0.4634448,0.45272841933629493,38,38,True,True,687,True
f1,N(0.5),3,L,CONVERGED,CONVERGED,CONVERGED,0,0,0.9999513,False,0,9277,9277,9277,9277,0.9971172,0.9971172,0.997117224421975,0,0,True,True,687,True
f1,x*/2,3,L,CONVERGED,CONVERGED,CONVERGED,0,0,0.6583521,False,0,7285,7285,7276,7276,0.7052755,0.7052755,0.7078685175681692,7,7,True,True,687,True
f1,b*1.1@genesis,2,L,CONVERGED,CONVERGED,CONVERGED,0,0,0.9328105,False,0,7307,7307,7307,7307,0.9076233,0.9076233,0.9076233447705766,0,0,True,True,687,True
f1,b*1.1@dated,2,L,CONVERGED,CONVERGED,CONVERGED,0,0,0.9328105,False,0,7307,7307,7307,7307,0.9076233,0.9076233,0.9076233447705839,0,0,True,True,858,True
f1,b*0.9@genesis,2,L,CONVERGED,CONVERGED,CONVERGED,0,0,0.99999,False,0,7793,7793,7793,7793,0.999492,0.999492,0.9994919963612833,0,0,True,True,687,True
f1,b*0.9@dated,2,L,CONVERGED,CONVERGED,CONVERGED,0,0,0.99999,False,0,7793,7793,7793,7793,0.999492,0.999492,0.9994919963612847,0,0,True,True,858,True
f1,b*2@genesis,3,L,CONVERGED,CONVERGED,CONVERGED,6,8,0.2292504,True,7,9430,9433,9430,9433,0.1805482,0.2588894,0.2579047567679441,11,11,False,False,2,False
f1,b*2@dated,3,L,CONVERGED,CONVERGED,CONVERGED,7,10,0.2296394,True,7,9430,9433,9430,9433,0.1781874,0.2579048,0.25790475676792307,11,11,False,False,173,False
f1,b*0.5@genesis,3,L,CONVERGED,CONVERGED,CONVERGED,0,0,0.9997278,False,0,10611,10611,10611,10611,0.9949061,0.9949061,0.9949061070082701,0,0,True,True,687,True
f1,b*0.5@dated,3,L,CONVERGED,CONVERGED,CONVERGED,0,0,0.9997278,False,0,10611,10611,10611,10611,0.9949061,0.9949061,0.9949061070082703,0,0,True,True,858,True
f1,stock.good*0.5,3S,L,CONVERGED,CONVERGED,CONVERGED,0,0,0.9824899,False,0,2773,2773,2773,2773,0.9830972,0.9830972,0.9830972074732884,0,0,True,True,687,True
f1,stock.good*2,3S,L,CONVERGED,CONVERGED,CONVERGED,0,0,0.9794633,False,0,3838,3838,3077,3077,0.9824823,0.9824823,0.9914689462819384,0,0,True,True,687,True
f1,heads.capacity*0.5,3S,L,CONVERGED,CONVERGED,CONVERGED,0,0,0.9695613,False,0,10157,10157,10157,10157,0.9976545,0.9976545,0.9976551629682496,51,51,True,True,687,True
f1,heads.capacity*2,3S,L,CONVERGED,CONVERGED,CONVERGED,0,0,0.4672121,False,0,12243,12243,12243,12243,0.5078997,0.5078997,0.507899731574322,550,550,True,True,687,True
f1,hours.capacity*0.5,3S,L,CONVERGED,CONVERGED,CONVERGED,0,0,0.9500069,False,0,3254,3254,3254,3254,0.9504398,0.9504398,0.9504398460131891,0,0,True,True,687,True
f1,hours.capacity*2,3S,L,CONVERGED,CONVERGED,CONVERGED,0,0,0.9614353,False,0,3451,3451,2674,2674,0.9577384,0.9577384,0.9779476695157421,0,0,True,True,687,True
f1,own.maker*0.5,3S,L,CONVERGED,CONVERGED,CONVERGED,0,0,0.9999617,False,0,10898,10898,10898,10898,0.9977573,0.9977573,0.9977573461612214,0,0,True,True,687,True
f1,own.maker*2,3S,L,CONVERGED,CONVERGED,CONVERGED,0,0,1.0,False,0,8798,8798,8798,8798,1.0,1.0,0.9999999999999989,0,0,True,True,687,True
f1,finished.maker*0.5,3S,L,CONVERGED,CONVERGED,CONVERGED,0,0,0.9734305,False,0,4039,4039,4039,4039,0.9808411,0.9808411,0.9808410850643171,0,0,True,True,687,True
f1,finished.maker*2,3S,L,CONVERGED,CONVERGED,CONVERGED,0,0,0.6564738,False,0,3956,3956,3956,3956,0.6574056,0.6574056,0.6574056286123059,0,0,True,True,687,True
f1,stock.fodder*0.5,3S,L,CONVERGED,CONVERGED,CONVERGED,0,0,0.963821,False,0,3647,3647,3647,3647,0.9752182,0.9752182,0.9752181721900216,0,0,True,True,687,True
f1,stock.fodder*2,3S,L,CONVERGED,CONVERGED,CONVERGED,0,0,0.9923119,False,0,4079,4079,3294,3294,0.9999621,0.9999621,0.9999809147580199,0,0,True,True,687,True
f1,coin.desk.good*0.5,3S,L,CONVERGED,CONVERGED,CONVERGED,0,0,0.6740027,False,0,8492,8492,8488,8488,0.6570319,0.6570319,0.6530225209481817,1,1,True,True,687,True
f1,coin.desk.good*2,3S,L,CONVERGED,CONVERGED,CONVERGED,0,0,0.9511853,False,0,7654,7654,7654,7654,0.9990777,0.9990777,0.9990776836327444,0,0,True,True,687,True
f1,coin.desk.capacity*0.5,3S,L,CONVERGED,CONVERGED,CONVERGED,0,0,0.5496031,False,0,8274,8274,8274,8274,0.5436007,0.5436007,0.5436006550760183,0,0,True,True,687,True
f1,coin.desk.capacity*2,3S,L,CONVERGED,CONVERGED,CONVERGED,0,0,0.9999874,False,0,7295,7295,7295,7295,0.9992571,0.9992571,0.9992570910348924,0,0,True,True,687,True
f1,coin.desk.maker*0.5,3S,L,CONVERGED,CONVERGED,CONVERGED,0,0,0.8924175,False,0,7648,7648,7665,7665,0.8814849,0.8814849,0.88063755760722,0,0,True,True,687,True
f1,coin.desk.maker*2,3S,L,CONVERGED,CONVERGED,CONVERGED,0,0,0.8514177,False,0,6869,6869,6869,6869,0.899235,0.899235,0.8992350222378489,0,0,True,True,687,True
f1,coin.desk.fodder*0.5,3S,L,CONVERGED,CONVERGED,CONVERGED,0,0,0.9110121,False,0,6567,6567,6567,6567,0.9631616,0.9631616,0.9631615527231604,1,1,True,True,687,True
f1,coin.desk.fodder*2,3S,L,CONVERGED,CONVERGED,CONVERGED,0,0,0.9997915,False,0,6684,6684,6684,6684,0.9995751,0.9995751,0.9995750518064903,0,0,True,True,687,True
f1,coin.provider*0.5,3S,L,CONVERGED,CONVERGED,CONVERGED,0,0,0.8860338,False,0,8493,8493,8489,8489,0.8756562,0.8756562,0.8776377248706473,0,0,True,True,687,True
f1,coin.provider*2,3S,L,CONVERGED,CONVERGED,CONVERGED,0,0,0.9993532,False,0,7469,7469,7469,7469,0.9990716,0.9990716,0.9990716150066714,0,0,True,True,687,True
f1,coin.workers*0.5,3S,L,CONVERGED,CONVERGED,CONVERGED,0,0,0.8775837,False,0,8586,8586,8583,8583,0.8665693,0.8665693,0.8685944765637826,0,0,True,True,687,True
f1,coin.workers*2,3S,L,CONVERGED,CONVERGED,CONVERGED,0,0,0.999321,False,0,7554,7554,7554,7554,0.9990253,0.9990253,0.9990252844527252,0,0,True,True,687,True
f1,w*2,3,10L,CONVERGED,CONVERGED,CONVERGED,0,0,0.9135602,False,0,4463,4463,4443,4443,0.9890032,0.9890032,0.9906366556586016,0,0,True,True,687,True
f1,r*2,3,10L,CONVERGED,CONVERGED,CONVERGED,14,14,0.2304862,True,14,11008,11012,11008,11011,0.1034038,0.238752,0.23302336451415676,43,34,False,False,2,False
f1,p[fodder]*2,3,10L,CONVERGED,CONVERGED,CONVERGED,0,0,0.560852,False,0,5980,5980,5991,5991,0.6460316,0.6460316,0.6440542573704213,0,0,True,True,687,True
f1,p[horse]*2,3,10L,CONVERGED,CONVERGED,CONVERGED,0,0,0.9003905,False,0,3526,3526,3526,3526,0.8969362,0.8969362,0.8969362116200484,0,0,True,True,687,True
f1,p[traction]*2,3,10L,CONVERGED,CONVERGED,CONVERGED,0,0,0.8327802,False,0,6076,6076,6114,6114,0.8552901,0.8552901,0.8504455328482654,2,2,True,True,687,True
f1,p[good]*2,3,10L,CONVERGED,CONVERGED,CONVERGED,0,0,0.9986469,False,0,5509,5509,5523,5523,0.9998147,0.9998147,0.9998126848357128,0,0,True,True,687,True
f1,s*2,3,10L,CONVERGED,CONVERGED,CONVERGED,0,0,0.9958869,False,0,5236,5236,5206,5206,0.9999296,0.9999296,0.9999304780044613,0,0,True,True,687,True
f1,JA(2),3,10L,CONVERGED,CONVERGED,CONVERGED,0,0,0.5955996,False,0,6282,6282,6330,6330,0.671843,0.671843,0.6594658204535453,3,3,True,True,687,True
f1,JB(2),3,10L,CONVERGED,CONVERGED,CONVERGED,0,0,0.5049732,False,0,7100,7100,7101,7101,0.5,0.5,0.5,24,24,True,True,687,True
f1,N(2),3,10L,CONVERGED,CONVERGED,CONVERGED,0,0,0.3135902,False,0,11011,11011,11007,11007,0.3280111,0.3280111,0.31033575068970914,21,21,True,True,687,True
f1,w*0.5,3,10L,CONVERGED,CONVERGED,CONVERGED,0,0,0.9787951,False,0,6139,6139,6139,6139,0.9998666,0.9998666,0.9998666233957836,0,0,True,True,687,True
f1,r*0.5,3,10L,CONVERGED,CONVERGED,CONVERGED,0,0,0.9999496,False,0,9322,9322,9322,9322,0.9969399,0.9969399,0.9969398503046969,0,0,True,True,687,True
f1,p[fodder]*0.5,3,10L,CONVERGED,CONVERGED,CONVERGED,0,0,0.9999959,False,0,6659,6659,6659,6659,0.9997602,0.9997602,0.9997601525399055,0,0,True,True,687,True
f1,p[horse]*0.5,3,10L,CONVERGED,CONVERGED,CONVERGED,0,0,0.5,False,0,4593,4593,4593,4593,0.5,0.5,0.5,0,0,True,True,687,True
f1,p[traction]*0.5,3,10L,CONVERGED,CONVERGED,CONVERGED,0,0,0.7724316,False,0,5883,5883,5883,5883,0.7708078,0.7708078,0.7708077864762397,0,0,True,True,687,True
f1,p[good]*0.5,3,10L,CONVERGED,CONVERGED,CONVERGED,0,0,0.6245526,False,0,7366,7366,7366,7366,0.6400763,0.6400763,0.6400763438386858,0,0,True,True,687,True
f1,s*0.5,3,10L,CONVERGED,CONVERGED,CONVERGED,0,0,0.9999995,False,0,3728,3728,3728,3728,0.9999722,0.9999722,0.9999721632064984,0,0,True,True,687,True
f1,JA(0.5),3,10L,CONVERGED,CONVERGED,CONVERGED,0,0,0.5894672,False,0,7366,7366,7366,7366,0.5,0.5,0.5,17,17,True,True,687,True
f1,JB(0.5),3,10L,CONVERGED,CONVERGED,CONVERGED,0,0,0.4543788,False,0,7956,7956,7967,7967,0.4634448,0.4634448,0.45272841933629493,38,38,True,True,687,True
f1,N(0.5),3,10L,CONVERGED,CONVERGED,CONVERGED,0,0,0.9999513,False,0,9277,9277,9277,9277,0.9971172,0.9971172,0.997117224421975,0,0,True,True,687,True
f1,x*/2,3,10L,CONVERGED,CONVERGED,CONVERGED,0,0,0.6583521,False,0,7285,7285,7276,7276,0.7052755,0.7052755,0.7078685175681692,7,7,True,True,687,True
f1,b*2@genesis,3,10L,CONVERGED,CONVERGED,CONVERGED,6,8,0.2292504,True,7,9430,9433,9430,9433,0.1805482,0.2588894,0.2579047567679441,11,11,False,False,2,False
f1,b*2@dated,3,10L,CONVERGED,CONVERGED,CONVERGED,7,10,0.2296394,True,7,9430,9433,9430,9433,0.1781874,0.2579048,0.25790475676792307,11,11,False,False,173,False
f1,b*0.5@genesis,3,10L,CONVERGED,CONVERGED,CONVERGED,0,0,0.9997278,False,0,10611,10611,10611,10611,0.9949061,0.9949061,0.9949061070082701,0,0,True,True,687,True
f1,b*0.5@dated,3,10L,CONVERGED,CONVERGED,CONVERGED,0,0,0.9997278,False,0,10611,10611,10611,10611,0.9949061,0.9949061,0.9949061070082703,0,0,True,True,858,True
f1,stock.good*0.5,3S,10L,CONVERGED,CONVERGED,CONVERGED,0,0,0.9824899,False,0,2773,2773,2773,2773,0.9830972,0.9830972,0.9830972074732884,0,0,True,True,687,True
f1,stock.good*2,3S,10L,CONVERGED,CONVERGED,CONVERGED,0,0,0.9794633,False,0,3838,3838,3077,3077,0.9824823,0.9824823,0.9914689462819384,0,0,True,True,687,True
f1,heads.capacity*0.5,3S,10L,CONVERGED,CONVERGED,CONVERGED,0,0,0.9695613,False,0,10157,10157,10157,10157,0.9976545,0.9976545,0.9976551629682496,51,51,True,True,687,True
f1,heads.capacity*2,3S,10L,CONVERGED,CONVERGED,CONVERGED,0,0,0.4672121,False,0,12243,12243,12243,12243,0.5078997,0.5078997,0.507899731574322,550,550,True,True,687,True
f1,hours.capacity*0.5,3S,10L,CONVERGED,CONVERGED,CONVERGED,0,0,0.9500069,False,0,3254,3254,3254,3254,0.9504398,0.9504398,0.9504398460131891,0,0,True,True,687,True
f1,hours.capacity*2,3S,10L,CONVERGED,CONVERGED,CONVERGED,0,0,0.9614353,False,0,3451,3451,2674,2674,0.9577384,0.9577384,0.9779476695157421,0,0,True,True,687,True
f1,own.maker*0.5,3S,10L,CONVERGED,CONVERGED,CONVERGED,0,0,0.9999617,False,0,10898,10898,10898,10898,0.9977573,0.9977573,0.9977573461612214,0,0,True,True,687,True
f1,own.maker*2,3S,10L,CONVERGED,CONVERGED,CONVERGED,0,0,1.0,False,0,8798,8798,8798,8798,1.0,1.0,0.9999999999999989,0,0,True,True,687,True
f1,finished.maker*0.5,3S,10L,CONVERGED,CONVERGED,CONVERGED,0,0,0.9734305,False,0,4039,4039,4039,4039,0.9808411,0.9808411,0.9808410850643171,0,0,True,True,687,True
f1,finished.maker*2,3S,10L,CONVERGED,CONVERGED,CONVERGED,0,0,0.6564738,False,0,3956,3956,3956,3956,0.6574056,0.6574056,0.6574056286123059,0,0,True,True,687,True
f1,stock.fodder*0.5,3S,10L,CONVERGED,CONVERGED,CONVERGED,0,0,0.963821,False,0,3647,3647,3647,3647,0.9752182,0.9752182,0.9752181721900216,0,0,True,True,687,True
f1,stock.fodder*2,3S,10L,CONVERGED,CONVERGED,CONVERGED,0,0,0.9923119,False,0,4079,4079,3294,3294,0.9999621,0.9999621,0.9999809147580199,0,0,True,True,687,True
f1,coin.desk.good*0.5,3S,10L,CONVERGED,CONVERGED,CONVERGED,0,0,0.6740027,False,0,8492,8492,8488,8488,0.6570319,0.6570319,0.6530225209481817,1,1,True,True,687,True
f1,coin.desk.good*2,3S,10L,CONVERGED,CONVERGED,CONVERGED,0,0,0.9511853,False,0,7654,7654,7654,7654,0.9990777,0.9990777,0.9990776836327444,0,0,True,True,687,True
f1,coin.desk.capacity*0.5,3S,10L,CONVERGED,CONVERGED,CONVERGED,0,0,0.5496031,False,0,8274,8274,8274,8274,0.5436007,0.5436007,0.5436006550760183,0,0,True,True,687,True
f1,coin.desk.capacity*2,3S,10L,CONVERGED,CONVERGED,CONVERGED,0,0,0.9999874,False,0,7295,7295,7295,7295,0.9992571,0.9992571,0.9992570910348924,0,0,True,True,687,True
f1,coin.desk.maker*0.5,3S,10L,CONVERGED,CONVERGED,CONVERGED,0,0,0.8924175,False,0,7648,7648,7665,7665,0.8814849,0.8814849,0.88063755760722,0,0,True,True,687,True
f1,coin.desk.maker*2,3S,10L,CONVERGED,CONVERGED,CONVERGED,0,0,0.8514177,False,0,6869,6869,6869,6869,0.899235,0.899235,0.8992350222378489,0,0,True,True,687,True
f1,coin.desk.fodder*0.5,3S,10L,CONVERGED,CONVERGED,CONVERGED,0,0,0.9110121,False,0,6567,6567,6567,6567,0.9631616,0.9631616,0.9631615527231604,1,1,True,True,687,True
f1,coin.desk.fodder*2,3S,10L,CONVERGED,CONVERGED,CONVERGED,0,0,0.9997915,False,0,6684,6684,6684,6684,0.9995751,0.9995751,0.9995750518064903,0,0,True,True,687,True
f1,coin.provider*0.5,3S,10L,CONVERGED,CONVERGED,CONVERGED,0,0,0.8860338,False,0,8493,8493,8489,8489,0.8756562,0.8756562,0.8776377248706473,0,0,True,True,687,True
f1,coin.provider*2,3S,10L,CONVERGED,CONVERGED,CONVERGED,0,0,0.9993532,False,0,7469,7469,7469,7469,0.9990716,0.9990716,0.9990716150066714,0,0,True,True,687,True
f1,coin.workers*0.5,3S,10L,CONVERGED,CONVERGED,CONVERGED,0,0,0.8775837,False,0,8586,8586,8583,8583,0.8665693,0.8665693,0.8685944765637826,0,0,True,True,687,True
f1,coin.workers*2,3S,10L,CONVERGED,CONVERGED,CONVERGED,0,0,0.999321,False,0,7554,7554,7554,7554,0.9990253,0.9990253,0.9990252844527252,0,0,True,True,687,True
f2,w*1.05,1,L,CONVERGED,CONVERGED,CONVERGED,0,0,0.9908531,False,0,1998,1998,1990,1990,0.9996096,0.9996096,0.999609597718686,0,0,True,True,995,True
f2,r*1.05,1,L,CONVERGED,CONVERGED,CONVERGED,0,0,0.8467272,False,0,8083,8083,8083,8083,0.8641861,0.8641861,0.866912447701786,0,0,True,True,995,True
f2,p[fodder]*1.05,1,L,CONVERGED,CONVERGED,CONVERGED,0,0,0.9172374,False,0,4245,4245,4281,4281,0.9437027,0.9437027,0.9425624421911976,0,0,True,True,995,True
f2,p[horse]*1.05,1,L,CONVERGED,CONVERGED,CONVERGED,0,0,0.9857749,False,0,899,899,899,899,0.9857367,0.9857367,0.9857367107699736,0,0,True,True,995,True
f2,p[traction]*1.05,1,L,CONVERGED,CONVERGED,CONVERGED,0,0,0.9668925,False,0,3562,3562,3694,3694,0.9734909,0.9734909,0.9709599084442844,0,0,True,True,995,True
f2,p[good]*1.05,1,L,CONVERGED,CONVERGED,CONVERGED,0,0,0.9997815,False,0,2677,2677,2694,2694,0.9997128,0.9997128,0.9997086368924142,0,0,True,True,995,True
f2,s*1.05,1,L,CONVERGED,CONVERGED,CONVERGED,0,0,0.9956209,False,0,2181,2181,2162,2162,0.9977424,0.9977424,0.9979169701970497,0,0,True,True,995,True
f2,JA(1.05),1,L,CONVERGED,CONVERGED,CONVERGED,0,0,0.9011738,False,0,4201,4201,4264,4264,0.9317687,0.9317687,0.9302151466096664,0,0,True,True,995,True
f2,JB(1.05),1,L,CONVERGED,CONVERGED,CONVERGED,0,0,0.9167007,False,0,4354,4354,4356,4356,0.952381,0.952381,0.9523809523809523,0,0,True,True,995,True
f2,N(1.05),1,L,CONVERGED,CONVERGED,CONVERGED,0,0,0.8986953,False,0,8137,8137,8128,8128,0.9026781,0.9026781,0.9062620980070465,0,0,True,True,995,True
f2,w*0.95,1,L,CONVERGED,CONVERGED,CONVERGED,0,0,0.9940743,False,0,2971,2971,2971,2971,0.9976643,0.9976643,0.9976642841282711,0,0,True,True,995,True
f2,r*0.95,1,L,CONVERGED,CONVERGED,CONVERGED,0,0,0.9964693,False,0,6359,6359,6359,6359,0.9953611,0.9953611,0.9953611260262,0,0,True,True,995,True
f2,p[fodder]*0.95,1,L,CONVERGED,CONVERGED,CONVERGED,0,0,0.8827717,False,0,4397,4397,4397,4397,0.9180829,0.9180829,0.9180828523572288,0,0,True,True,995,True
f2,p[horse]*0.95,1,L,CONVERGED,CONVERGED,CONVERGED,0,0,0.95,False,0,2673,2673,2673,2673,0.95,0.95,0.95,0,0,True,True,995,True
f2,p[traction]*0.95,1,L,CONVERGED,CONVERGED,CONVERGED,0,0,0.9545115,False,0,3879,3879,3879,3879,0.9560503,0.9560503,0.956050304302187,0,0,True,True,995,True
f2,p[good]*0.95,1,L,CONVERGED,CONVERGED,CONVERGED,0,0,0.9012634,False,0,5322,5322,5322,5322,0.9093793,0.9093793,0.9093792961580431,0,0,True,True,995,True
f2,s*0.95,1,L,CONVERGED,CONVERGED,CONVERGED,0,0,0.9999522,False,0,1539,1539,1539,1539,0.9999369,0.9999369,0.9999368524312888,0,0,True,True,995,True
f2,JA(0.95),1,L,CONVERGED,CONVERGED,CONVERGED,0,0,0.8584847,False,0,5296,5296,5296,5296,0.8889294,0.8889294,0.8889294198560276,0,0,True,True,995,True
f2,JB(0.95),1,L,CONVERGED,CONVERGED,CONVERGED,0,0,0.8834413,False,0,5715,5715,5745,5745,0.9174167,0.9174167,0.9145410329466368,0,0,True,True,995,True
f2,N(0.95),1,L,CONVERGED,CONVERGED,CONVERGED,0,0,0.996647,False,0,6294,6294,6294,6294,0.9955926,0.9955926,0.9955925895764105,0,0,True,True,995,True
f2,w*1.2,2,L,CONVERGED,CONVERGED,CONVERGED,0,0,0.9643896,False,0,3412,3412,3386,3386,0.9984979,0.9984979,0.9984979126113414,0,0,True,True,995,True
f2,r*1.2,2,L,CONVERGED,CONVERGED,CONVERGED,0,0,0.3682042,False,0,9743,9743,9742,9742,0.3852957,0.3852957,0.3922229967451115,0,0,True,True,995,True
f2,p[fodder]*1.2,2,L,CONVERGED,CONVERGED,CONVERGED,0,0,0.7078009,False,0,6050,6050,6079,6079,0.7829231,0.7829231,0.7790246970674078,0,0,True,True,995,True
f2,p[horse]*1.2,2,L,CONVERGED,CONVERGED,CONVERGED,0,0,0.9398756,False,0,2574,2574,2574,2574,0.9395207,0.9395207,0.9395207430378579,0,0,True,True,995,True
f2,p[traction]*1.2,2,L,CONVERGED,CONVERGED,CONVERGED,0,0,0.8767498,False,0,5397,5397,5474,5474,0.8934355,0.8934355,0.8860763595963068,0,0,True,True,995,True
f2,p[good]*1.2,2,L,CONVERGED,CONVERGED,CONVERGED,0,0,0.9991917,False,0,4524,4524,4540,4540,0.9989391,0.9989391,0.998924240611826,0,0,True,True,995,True
f2,s*1.2,2,L,CONVERGED,CONVERGED,CONVERGED,0,0,0.9804409,False,0,3663,3663,3635,3635,0.9894149,0.9894149,0.9901120044588253,0,0,True,True,995,True
f2,JA(1.2),2,L,CONVERGED,CONVERGED,CONVERGED,0,0,0.6740758,False,0,5950,5950,6014,6014,0.7460636,0.7460636,0.7370953226326485,0,0,True,True,995,True
f2,JB(1.2),2,L,CONVERGED,CONVERGED,CONVERGED,0,0,0.7381031,False,0,6008,6008,6010,6010,0.8333333,0.8333333,0.8333333333333334,0,0,True,True,995,True
f2,N(1.2),2,L,CONVERGED,CONVERGED,CONVERGED,0,0,0.6256695,False,0,9814,9814,9805,9805,0.6443751,0.6443751,0.6516936802506224,0,0,True,True,995,True
f2,w*0.8,2,L,CONVERGED,CONVERGED,CONVERGED,0,0,0.9623003,False,0,5054,5054,5054,5054,0.9809747,0.9809747,0.9809746908588581,0,0,True,True,995,True
f2,r*0.8,2,L,CONVERGED,CONVERGED,CONVERGED,0,0,0.984691,False,0,8250,8250,8250,8250,0.9800688,0.9800688,0.9800688222369204,0,0,True,True,995,True
f2,p[fodder]*0.8,2,L,CONVERGED,CONVERGED,CONVERGED,0,0,0.5867329,False,0,6346,6346,6346,6346,0.6733161,0.6733161,0.6733160579956851,0,0,True,True,995,True
f2,p[horse]*0.8,2,L,CONVERGED,CONVERGED,CONVERGED,0,0,0.8,False,0,4635,4635,4635,4635,0.8,0.8,0.8,0,0,True,True,995,True
f2,p[traction]*0.8,2,L,CONVERGED,CONVERGED,CONVERGED,0,0,0.8094698,False,0,5898,5898,5898,5898,0.8183716,0.8183716,0.8183715621143197,0,0,True,True,995,True
f2,p[good]*0.8,2,L,CONVERGED,CONVERGED,CONVERGED,0,0,0.5817323,False,0,7405,7405,7405,7405,0.5963066,0.5963066,0.5963065734887725,0,0,True,True,995,True
f2,s*0.8,2,L,CONVERGED,CONVERGED,CONVERGED,0,0,0.9998062,False,0,2909,2909,2909,2909,0.9997439,0.9997439,0.9997438895518875,0,0,True,True,995,True
f2,JA(0.8),2,L,CONVERGED,CONVERGED,CONVERGED,0,0,0.4654756,False,0,7522,7522,7522,7522,0.5185232,0.5185232,0.5185232328262576,0,0,True,True,995,True
f2,JB(0.8),2,L,CONVERGED,CONVERGED,CONVERGED,0,0,0.4872258,False,0,7955,7955,7988,7988,0.5041047,0.5041047,0.4908291491110523,0,0,True,True,995,True
f2,N(0.8),2,L,CONVERGED,CONVERGED,CONVERGED,0,0,0.9853615,False,0,8193,8193,8193,8193,0.9809724,0.9809724,0.9809723929265206,0,0,True,True,995,True
f2,w*2,3,L,CONVERGED,CONVERGED,CONVERGED,0,0,0.844148,False,0,5399,5399,5383,5383,0.9777033,0.9777033,0.9820469797579271,0,0,True,True,995,True
f2,r*2,3,L,CONVERGED,CONVERGED,CONVERGED,90,60,0.1861068,True,90,11439,11426,11439,11426,0.0009658937,0.2085605,0.2133223027541678,86,86,False,False,2,False
f2,p[fodder]*2,3,L,CONVERGED,CONVERGED,CONVERGED,1,2,0.2455855,True,1,8180,8193,8207,8217,0.2938807,0.3038324,0.29373406011900943,0,0,False,False,2,False
f2,p[horse]*2,3,L,CONVERGED,CONVERGED,CONVERGED,0,0,0.7982953,False,0,3679,3679,3679,3679,0.7961435,0.7961435,0.7961434748762176,0,0,True,True,995,True
f2,p[traction]*2,3,L,CONVERGED,CONVERGED,CONVERGED,0,0,0.5161365,False,0,7417,7417,7454,7454,0.528346,0.528346,0.5164359608457665,2,2,True,True,995,True
f2,p[good]*2,3,L,CONVERGED,CONVERGED,CONVERGED,0,0,0.9965871,False,0,6148,6148,6162,6162,0.9961082,0.9961082,0.9960675985847736,0,0,True,True,995,True
f2,s*2,3,L,CONVERGED,CONVERGED,CONVERGED,0,0,0.8257006,False,0,6340,6340,6307,6307,0.8718629,0.8718629,0.8752274909090351,0,0,True,True,995,True
f2,JA(2),3,L,CONVERGED,CONVERGED,CONVERGED,0,0,0.3757225,False,0,7655,7655,7718,7718,0.4521869,0.4521869,0.43245856450520703,3,3,True,True,995,True
f2,JB(2),3,L,CONVERGED,CONVERGED,CONVERGED,0,0,0.4963845,False,0,7920,7920,7919,7919,0.5,0.5,0.5,23,23,True,True,995,True
f2,N(2),3,L,CONVERGED,CONVERGED,CONVERGED,88,152,0.2270513,True,86,11463,11451,11461,11449,0.008959452,0.2107914,0.2111851296796011,9,9,False,False,2,False
f2,w*0.5,3,L,CONVERGED,CONVERGED,CONVERGED,0,0,0.9418526,False,0,6689,6689,6689,6689,0.9962464,0.9962464,0.9962464394715067,0,0,True,True,995,True
f2,r*0.5,3,L,CONVERGED,CONVERGED,CONVERGED,0,0,0.9506329,False,0,9778,9778,9778,9778,0.9381118,0.9381118,0.9381117759711736,0,0,True,True,995,True
f2,p[fodder]*0.5,3,L,CONVERGED,CONVERGED,CONVERGED,0,0,0.308094,False,0,7837,7837,7837,7837,0.388888,0.388888,0.38888800004078206,6,6,True,True,995,True
f2,p[horse]*0.5,3,L,CONVERGED,CONVERGED,CONVERGED,0,0,0.5,False,0,6087,6087,6087,6087,0.5,0.5,0.5,0,0,True,True,995,True
f2,p[traction]*0.5,3,L,CONVERGED,CONVERGED,CONVERGED,0,0,0.5508303,False,0,7525,7525,7525,7525,0.5176035,0.5176035,0.5176035375474293,0,0,True,True,995,True
f2,p[good]*0.5,3,L,CONVERGED,CONVERGED,CONVERGED,9,18,0.232677,True,9,8606,8546,8606,8546,0.1101765,0.199545,0.19954497602264593,0,0,False,False,2,False
f2,s*0.5,3,L,CONVERGED,CONVERGED,CONVERGED,0,0,0.9994969,False,0,4303,4303,4303,4303,0.9993363,0.9993363,0.9993362627726757,0,0,True,True,995,True
f2,JA(0.5),3,L,CONVERGED,CONVERGED,CONVERGED,5,10,0.2361702,True,5,8593,8504,8593,8504,0.1517136,0.2443559,0.24435591616150604,8,8,False,False,2,False
f2,JB(0.5),3,L,CONVERGED,CONVERGED,CONVERGED,15,20,0.2339531,True,16,8956,8726,8970,8733,0.04828285,0.1954862,0.19108094464538708,22,22,False,False,2,False
f2,N(0.5),3,L,CONVERGED,CONVERGED,CONVERGED,0,0,0.9526825,False,0,9726,9726,9726,9726,0.9406464,0.9406464,0.9406464418763906,0,0,True,True,995,True
f2,x*/2,3,L,CONVERGED,CONVERGED,CONVERGED,7,14,0.2320348,True,7,8432,8389,8421,8381,0.1485205,0.2287499,0.23038829812959555,7,7,False,False,2,False
f2,b*1.1@genesis,2,L,CONVERGED,CONVERGED,CONVERGED,0,0,0.7280387,False,0,7908,7908,7908,7908,0.7661927,0.7661927,0.7661927117253079,0,0,True,True,995,True
f2,b*1.1@dated,2,L,CONVERGED,CONVERGED,CONVERGED,0,0,0.7280387,False,0,7908,7908,7908,7908,0.7661927,0.7661927,0.7661927117253057,0,0,True,True,1243,True
f2,b*0.9@genesis,2,L,CONVERGED,CONVERGED,CONVERGED,0,0,0.9898652,False,0,8352,8352,8352,8352,0.9861612,0.9861612,0.9861612144230262,0,0,True,True,995,True
f2,b*0.9@dated,2,L,CONVERGED,CONVERGED,CONVERGED,0,0,0.9898652,False,0,8352,8352,8352,8352,0.9861612,0.9861612,0.9861612144230203,0,0,True,True,1243,True
f2,b*2@genesis,3,L,CONVERGED,CONVERGED,CONVERGED,55,54,0.2105336,True,55,10181,10203,10181,10203,0.01083989,0.2245997,0.22459970983769448,7,7,False,False,2,False
f2,b*2@dated,3,L,CONVERGED,CONVERGED,CONVERGED,55,54,0.2105336,True,55,10181,10203,10181,10203,0.01083989,0.2245997,0.22459970983767857,7,7,False,False,250,False
f2,b*0.5@genesis,3,L,CONVERGED,CONVERGED,CONVERGED,0,0,0.8865598,False,0,11330,11330,11330,11330,0.8396298,0.8396298,0.8396297960654013,0,0,True,True,995,True
f2,b*0.5@dated,3,L,CONVERGED,CONVERGED,CONVERGED,0,0,0.8865598,False,0,11330,11330,11330,11330,0.8396298,0.8396298,0.8396297960653915,0,0,True,True,1243,True
f2,stock.good*0.5,3S,L,CONVERGED,CONVERGED,CONVERGED,0,0,0.9548955,False,0,3906,3906,3906,3906,0.9583223,0.9583223,0.9583222807881758,0,0,True,True,995,True
f2,stock.good*2,3S,L,CONVERGED,CONVERGED,CONVERGED,0,0,0.9034412,False,0,5295,5295,4389,4389,0.9115556,0.9115556,0.9561788319494792,0,0,True,True,995,True
f2,heads.capacity*0.5,3S,L,CONVERGED,CONVERGED,CONVERGED,0,0,0.8260364,False,0,10641,10641,10640,10640,0.926868,0.926868,0.9269167273144939,57,57,True,True,995,True
f2,heads.capacity*2,3S,L,CONVERGED,CONVERGED,CONVERGED,263,334,0.2244443,True,263,12593,12559,12593,12559,0.02633191,0.210017,0.21001696957162286,0,0,False,False,2,False
f2,hours.capacity*0.5,3S,L,CONVERGED,CONVERGED,CONVERGED,0,0,0.9167362,False,0,4555,4555,4555,4555,0.9184773,0.9184773,0.9184772939140988,0,0,True,True,995,True
f2,hours.capacity*2,3S,L,CONVERGED,CONVERGED,CONVERGED,0,0,0.9145607,False,0,4822,4822,3837,3837,0.9175163,0.9175163,0.9571501532225388,0,0,True,True,995,True
f2,own.maker*0.5,3S,L,CONVERGED,CONVERGED,CONVERGED,0,0,0.9489077,False,0,11101,11101,11101,11101,0.9366916,0.9366916,0.9366916382502903,0,0,True,True,995,True
f2,own.maker*2,3S,L,CONVERGED,CONVERGED,CONVERGED,0,0,1.0,False,0,8798,8798,8798,8798,1.0,1.0,0.9999999999999921,0,0,True,True,995,True
f2,finished.maker*0.5,3S,L,CONVERGED,CONVERGED,CONVERGED,0,0,0.9061952,False,0,4931,4931,4931,4931,0.9312613,0.9312613,0.9312613113234168,0,0,True,True,995,True
f2,finished.maker*2,3S,L,CONVERGED,CONVERGED,CONVERGED,0,0,0.581082,False,0,5342,5342,5342,5342,0.5801203,0.5801203,0.5801203396686365,0,0,True,True,995,True
f2,stock.fodder*0.5,3S,L,CONVERGED,CONVERGED,CONVERGED,0,0,0.8933211,False,0,4953,4953,4953,4953,0.9344985,0.9344985,0.9344985328104894,0,0,True,True,995,True
f2,stock.fodder*2,3S,L,CONVERGED,CONVERGED,CONVERGED,0,0,0.7827665,False,0,5243,5243,4365,4365,0.8420211,0.8420211,0.9200922996338916,0,0,True,True,995,True
f2,coin.desk.good*0.5,3S,L,CONVERGED,CONVERGED,CONVERGED,0,0,0.3905666,False,0,8907,8907,8904,8904,0.3536214,0.3536214,0.3474472447693578,0,0,True,True,995,True
f2,coin.desk.good*2,3S,L,CONVERGED,CONVERGED,CONVERGED,0,0,0.6137489,False,0,8292,8292,8292,8292,0.6956447,0.6956447,0.6956446621650982,0,0,True,True,995,True
f2,coin.desk.capacity*0.5,3S,L,CONVERGED,CONVERGED,CONVERGED,0,0,0.3911813,False,0,8684,8684,8681,8681,0.3607881,0.3607881,0.3548842707656841,0,0,True,True,995,True
f2,coin.desk.capacity*2,3S,L,CONVERGED,CONVERGED,CONVERGED,0,0,0.9339493,False,0,7861,7861,7861,7861,0.9853018,0.9853018,0.9853017887764538,0,0,True,True,995,True
f2,coin.desk.maker*0.5,3S,L,CONVERGED,CONVERGED,CONVERGED,0,0,0.7125795,False,0,7076,7076,7093,7093,0.7770868,0.7770868,0.7888682223133893,0,0,True,True,995,True
f2,coin.desk.maker*2,3S,L,CONVERGED,CONVERGED,CONVERGED,0,0,0.665895,False,0,6853,6853,6853,6853,0.7192106,0.7192106,0.7192106369126818,0,0,True,True,995,True
f2,coin.desk.fodder*0.5,3S,L,CONVERGED,CONVERGED,CONVERGED,0,0,0.2987066,False,0,8458,8458,8458,8458,0.3811417,0.3811417,0.38114169198106157,0,0,True,True,995,True
f2,coin.desk.fodder*2,3S,L,CONVERGED,CONVERGED,CONVERGED,0,0,0.9896433,False,0,7734,7734,7734,7734,0.9865069,0.9865069,0.9865068727390498,0,0,True,True,995,True
f2,coin.provider*0.5,3S,L,CONVERGED,CONVERGED,CONVERGED,0,0,0.7922715,False,0,9019,9019,9016,9016,0.7646595,0.7646595,0.7684941518250687,0,0,True,True,995,True
f2,coin.provider*2,3S,L,CONVERGED,CONVERGED,CONVERGED,0,0,0.7810302,False,0,8186,8186,8186,8186,0.9617207,0.9617207,0.9617207196391656,0,0,True,True,995,True
f2,coin.workers*0.5,3S,L,CONVERGED,CONVERGED,CONVERGED,0,0,0.7763895,False,0,9113,9113,9110,9110,0.7472967,0.7472967,0.7513020219207667,0,0,True,True,995,True
f2,coin.workers*2,3S,L,CONVERGED,CONVERGED,CONVERGED,0,0,0.7633163,False,0,8270,8270,8270,8270,0.9508374,0.9508374,0.9508373581547596,0,0,True,True,995,True
f2,w*2,3,10L,CONVERGED,CONVERGED,CONVERGED,0,0,0.844148,False,0,5399,5399,5383,5383,0.9777033,0.9777033,0.9820469797579271,0,0,True,True,995,True
f2,r*2,3,10L,CONVERGED,CONVERGED,CONVERGED,90,60,0.1861068,True,90,11439,11426,11439,11426,0.0009658937,0.2085605,0.2133223027541678,86,86,False,False,2,False
f2,p[fodder]*2,3,10L,CONVERGED,CONVERGED,CONVERGED,1,2,0.2455855,True,1,8180,8193,8207,8217,0.2938807,0.3038324,0.29373406011900943,0,0,False,False,2,False
f2,p[horse]*2,3,10L,CONVERGED,CONVERGED,CONVERGED,0,0,0.7982953,False,0,3679,3679,3679,3679,0.7961435,0.7961435,0.7961434748762176,0,0,True,True,995,True
f2,p[traction]*2,3,10L,CONVERGED,CONVERGED,CONVERGED,0,0,0.5161365,False,0,7417,7417,7454,7454,0.528346,0.528346,0.5164359608457665,2,2,True,True,995,True
f2,p[good]*2,3,10L,CONVERGED,CONVERGED,CONVERGED,0,0,0.9965871,False,0,6148,6148,6162,6162,0.9961082,0.9961082,0.9960675985847736,0,0,True,True,995,True
f2,s*2,3,10L,CONVERGED,CONVERGED,CONVERGED,0,0,0.8257006,False,0,6340,6340,6307,6307,0.8718629,0.8718629,0.8752274909090351,0,0,True,True,995,True
f2,JA(2),3,10L,CONVERGED,CONVERGED,CONVERGED,0,0,0.3757225,False,0,7655,7655,7718,7718,0.4521869,0.4521869,0.43245856450520703,3,3,True,True,995,True
f2,JB(2),3,10L,CONVERGED,CONVERGED,CONVERGED,0,0,0.4963845,False,0,7920,7920,7919,7919,0.5,0.5,0.5,23,23,True,True,995,True
f2,N(2),3,10L,CONVERGED,CONVERGED,CONVERGED,88,152,0.2270513,True,86,11463,11451,11461,11449,0.008959452,0.2107914,0.2111851296796011,9,9,False,False,2,False
f2,w*0.5,3,10L,CONVERGED,CONVERGED,CONVERGED,0,0,0.9418526,False,0,6689,6689,6689,6689,0.9962464,0.9962464,0.9962464394715067,0,0,True,True,995,True
f2,r*0.5,3,10L,CONVERGED,CONVERGED,CONVERGED,0,0,0.9506329,False,0,9778,9778,9778,9778,0.9381118,0.9381118,0.9381117759711736,0,0,True,True,995,True
f2,p[fodder]*0.5,3,10L,CONVERGED,CONVERGED,CONVERGED,0,0,0.308094,False,0,7837,7837,7837,7837,0.388888,0.388888,0.38888800004078206,6,6,True,True,995,True
f2,p[horse]*0.5,3,10L,CONVERGED,CONVERGED,CONVERGED,0,0,0.5,False,0,6087,6087,6087,6087,0.5,0.5,0.5,0,0,True,True,995,True
f2,p[traction]*0.5,3,10L,CONVERGED,CONVERGED,CONVERGED,0,0,0.5508303,False,0,7525,7525,7525,7525,0.5176035,0.5176035,0.5176035375474293,0,0,True,True,995,True
f2,p[good]*0.5,3,10L,CONVERGED,CONVERGED,CONVERGED,9,18,0.232677,True,9,8606,8546,8606,8546,0.1101765,0.199545,0.19954497602264593,0,0,False,False,2,False
f2,s*0.5,3,10L,CONVERGED,CONVERGED,CONVERGED,0,0,0.9994969,False,0,4303,4303,4303,4303,0.9993363,0.9993363,0.9993362627726757,0,0,True,True,995,True
f2,JA(0.5),3,10L,CONVERGED,CONVERGED,CONVERGED,5,10,0.2361702,True,5,8593,8504,8593,8504,0.1517136,0.2443559,0.24435591616150604,8,8,False,False,2,False
f2,JB(0.5),3,10L,CONVERGED,CONVERGED,CONVERGED,15,20,0.2339531,True,16,8956,8726,8970,8733,0.04828285,0.1954862,0.19108094464538708,22,22,False,False,2,False
f2,N(0.5),3,10L,CONVERGED,CONVERGED,CONVERGED,0,0,0.9526825,False,0,9726,9726,9726,9726,0.9406464,0.9406464,0.9406464418763906,0,0,True,True,995,True
f2,x*/2,3,10L,CONVERGED,CONVERGED,CONVERGED,7,14,0.2320348,True,7,8432,8389,8421,8381,0.1485205,0.2287499,0.23038829812959555,7,7,False,False,2,False
f2,b*2@genesis,3,10L,CONVERGED,CONVERGED,CONVERGED,55,54,0.2105336,True,55,10181,10203,10181,10203,0.01083989,0.2245997,0.22459970983769448,7,7,False,False,2,False
f2,b*2@dated,3,10L,CONVERGED,CONVERGED,CONVERGED,55,54,0.2105336,True,55,10181,10203,10181,10203,0.01083989,0.2245997,0.22459970983767857,7,7,False,False,250,False
f2,b*0.5@genesis,3,10L,CONVERGED,CONVERGED,CONVERGED,0,0,0.8865598,False,0,11330,11330,11330,11330,0.8396298,0.8396298,0.8396297960654013,0,0,True,True,995,True
f2,b*0.5@dated,3,10L,CONVERGED,CONVERGED,CONVERGED,0,0,0.8865598,False,0,11330,11330,11330,11330,0.8396298,0.8396298,0.8396297960653915,0,0,True,True,1243,True
f2,stock.good*0.5,3S,10L,CONVERGED,CONVERGED,CONVERGED,0,0,0.9548955,False,0,3906,3906,3906,3906,0.9583223,0.9583223,0.9583222807881758,0,0,True,True,995,True
f2,stock.good*2,3S,10L,CONVERGED,CONVERGED,CONVERGED,0,0,0.9034412,False,0,5295,5295,4389,4389,0.9115556,0.9115556,0.9561788319494792,0,0,True,True,995,True
f2,heads.capacity*0.5,3S,10L,CONVERGED,CONVERGED,CONVERGED,0,0,0.8260364,False,0,10641,10641,10640,10640,0.926868,0.926868,0.9269167273144939,57,57,True,True,995,True
f2,heads.capacity*2,3S,10L,CONVERGED,CONVERGED,CONVERGED,263,334,0.2244443,True,263,12593,12559,12593,12559,0.02633191,0.210017,0.21001696957162286,0,0,False,False,2,False
f2,hours.capacity*0.5,3S,10L,CONVERGED,CONVERGED,CONVERGED,0,0,0.9167362,False,0,4555,4555,4555,4555,0.9184773,0.9184773,0.9184772939140988,0,0,True,True,995,True
f2,hours.capacity*2,3S,10L,CONVERGED,CONVERGED,CONVERGED,0,0,0.9145607,False,0,4822,4822,3837,3837,0.9175163,0.9175163,0.9571501532225388,0,0,True,True,995,True
f2,own.maker*0.5,3S,10L,CONVERGED,CONVERGED,CONVERGED,0,0,0.9489077,False,0,11101,11101,11101,11101,0.9366916,0.9366916,0.9366916382502903,0,0,True,True,995,True
f2,own.maker*2,3S,10L,CONVERGED,CONVERGED,CONVERGED,0,0,1.0,False,0,8798,8798,8798,8798,1.0,1.0,0.9999999999999921,0,0,True,True,995,True
f2,finished.maker*0.5,3S,10L,CONVERGED,CONVERGED,CONVERGED,0,0,0.9061952,False,0,4931,4931,4931,4931,0.9312613,0.9312613,0.9312613113234168,0,0,True,True,995,True
f2,finished.maker*2,3S,10L,CONVERGED,CONVERGED,CONVERGED,0,0,0.581082,False,0,5342,5342,5342,5342,0.5801203,0.5801203,0.5801203396686365,0,0,True,True,995,True
f2,stock.fodder*0.5,3S,10L,CONVERGED,CONVERGED,CONVERGED,0,0,0.8933211,False,0,4953,4953,4953,4953,0.9344985,0.9344985,0.9344985328104894,0,0,True,True,995,True
f2,stock.fodder*2,3S,10L,CONVERGED,CONVERGED,CONVERGED,0,0,0.7827665,False,0,5243,5243,4365,4365,0.8420211,0.8420211,0.9200922996338916,0,0,True,True,995,True
f2,coin.desk.good*0.5,3S,10L,CONVERGED,CONVERGED,CONVERGED,0,0,0.3905666,False,0,8907,8907,8904,8904,0.3536214,0.3536214,0.3474472447693578,0,0,True,True,995,True
f2,coin.desk.good*2,3S,10L,CONVERGED,CONVERGED,CONVERGED,0,0,0.6137489,False,0,8292,8292,8292,8292,0.6956447,0.6956447,0.6956446621650982,0,0,True,True,995,True
f2,coin.desk.capacity*0.5,3S,10L,CONVERGED,CONVERGED,CONVERGED,0,0,0.3911813,False,0,8684,8684,8681,8681,0.3607881,0.3607881,0.3548842707656841,0,0,True,True,995,True
f2,coin.desk.capacity*2,3S,10L,CONVERGED,CONVERGED,CONVERGED,0,0,0.9339493,False,0,7861,7861,7861,7861,0.9853018,0.9853018,0.9853017887764538,0,0,True,True,995,True
f2,coin.desk.maker*0.5,3S,10L,CONVERGED,CONVERGED,CONVERGED,0,0,0.7125795,False,0,7076,7076,7093,7093,0.7770868,0.7770868,0.7888682223133893,0,0,True,True,995,True
f2,coin.desk.maker*2,3S,10L,CONVERGED,CONVERGED,CONVERGED,0,0,0.665895,False,0,6853,6853,6853,6853,0.7192106,0.7192106,0.7192106369126818,0,0,True,True,995,True
f2,coin.desk.fodder*0.5,3S,10L,CONVERGED,CONVERGED,CONVERGED,0,0,0.2987066,False,0,8458,8458,8458,8458,0.3811417,0.3811417,0.38114169198106157,0,0,True,True,995,True
f2,coin.desk.fodder*2,3S,10L,CONVERGED,CONVERGED,CONVERGED,0,0,0.9896433,False,0,7734,7734,7734,7734,0.9865069,0.9865069,0.9865068727390498,0,0,True,True,995,True
f2,coin.provider*0.5,3S,10L,CONVERGED,CONVERGED,CONVERGED,0,0,0.7922715,False,0,9019,9019,9016,9016,0.7646595,0.7646595,0.7684941518250687,0,0,True,True,995,True
f2,coin.provider*2,3S,10L,CONVERGED,CONVERGED,CONVERGED,0,0,0.7810302,False,0,8186,8186,8186,8186,0.9617207,0.9617207,0.9617207196391656,0,0,True,True,995,True
f2,coin.workers*0.5,3S,10L,CONVERGED,CONVERGED,CONVERGED,0,0,0.7763895,False,0,9113,9113,9110,9110,0.7472967,0.7472967,0.7513020219207667,0,0,True,True,995,True
f2,coin.workers*2,3S,10L,CONVERGED,CONVERGED,CONVERGED,0,0,0.7633163,False,0,8270,8270,8270,8270,0.9508374,0.9508374,0.9508373581547596,0,0,True,True,995,True
f3,w*1.05,1,L,CONVERGED,CONVERGED,CONVERGED,0,0,0.9928694,False,0,1149,1149,1146,1146,0.9996961,0.9996961,0.9996960898557148,0,0,True,True,299,True
f3,r*1.05,1,L,CONVERGED,CONVERGED,CONVERGED,0,0,0.906204,False,0,3569,3569,3569,3569,0.9206303,0.9206303,0.9228047525826558,0,0,True,True,299,True
f3,p[fodder]*1.05,1,L,CONVERGED,CONVERGED,CONVERGED,0,0,0.9365705,False,0,2022,2022,2031,2031,0.956947,0.956947,0.9563044173300828,0,0,True,True,299,True
f3,p[horse]*1.05,1,L,CONVERGED,CONVERGED,CONVERGED,0,0,0.9855362,False,0,146,146,146,146,0.9854077,0.9854077,0.9854077438846087,0,0,True,True,299,True
f3,p[traction]*1.05,1,L,CONVERGED,CONVERGED,CONVERGED,0,0,0.9846891,False,0,1850,1850,1890,1890,0.9862754,0.9862754,0.9849561469954599,0,0,True,True,299,True
f3,p[good]*1.05,1,L,CONVERGED,CONVERGED,CONVERGED,0,0,0.9998511,False,0,1534,1534,1542,1542,1.0,1.0,1.0,0,0,True,True,299,True
f3,s*1.05,1,L,CONVERGED,CONVERGED,CONVERGED,0,0,0.9994714,False,0,1196,1196,1187,1187,1.0,1.0,1.0,0,0,True,True,299,True
f3,JA(1.05),1,L,CONVERGED,CONVERGED,CONVERGED,0,0,0.9200429,False,0,2028,2028,2047,2047,0.9428064,0.9428064,0.9417923610212641,0,0,True,True,299,True
f3,JB(1.05),1,L,CONVERGED,CONVERGED,CONVERGED,0,0,0.954927,False,0,2145,2145,2146,2146,0.952381,0.952381,0.9523809523809524,0,0,True,True,299,True
f3,N(1.05),1,L,CONVERGED,CONVERGED,CONVERGED,0,0,0.9162241,False,0,3598,3598,3595,3595,0.917937,0.917937,0.9211198180890864,0,0,True,True,299,True
f3,w*0.95,1,L,CONVERGED,CONVERGED,CONVERGED,0,0,0.9918626,False,0,1740,1740,1740,1740,0.9955936,0.9955936,0.9955935797807163,0,0,True,True,299,True
f3,r*0.95,1,L,CONVERGED,CONVERGED,CONVERGED,0,0,1.0,False,0,2954,2954,2954,2954,1.0,1.0,0.9999999999999165,0,0,True,True,299,True
f3,p[fodder]*0.95,1,L,CONVERGED,CONVERGED,CONVERGED,0,0,0.9320989,False,0,2122,2122,2122,2122,0.9588726,0.9588726,0.9588726082859741,0,0,True,True,299,True
f3,p[horse]*0.95,1,L,CONVERGED,CONVERGED,CONVERGED,0,0,0.95,False,0,1387,1387,1387,1387,0.95,0.95,0.95,0,0,True,True,299,True
f3,p[traction]*0.95,1,L,CONVERGED,CONVERGED,CONVERGED,0,0,0.9688729,False,0,1941,1941,1941,1941,0.9652941,0.9652941,0.9652940583873695,0,0,True,True,299,True
f3,p[good]*0.95,1,L,CONVERGED,CONVERGED,CONVERGED,0,0,0.9530507,False,0,2489,2489,2489,2489,0.965298,0.965298,0.9652979998851419,0,0,True,True,299,True
f3,s*0.95,1,L,CONVERGED,CONVERGED,CONVERGED,0,0,1.0,False,0,887,887,887,887,1.0,1.0,1.0,0,0,True,True,299,True
f3,JA(0.95),1,L,CONVERGED,CONVERGED,CONVERGED,0,0,0.915668,False,0,2461,2461,2461,2461,0.9405946,0.9405946,0.9405946453074665,0,0,True,True,299,True
f3,JB(0.95),1,L,CONVERGED,CONVERGED,CONVERGED,0,0,0.9445038,False,0,2648,2648,2660,2660,0.9717866,0.9717866,0.9699972321915319,0,0,True,True,299,True
f3,N(0.95),1,L,CONVERGED,CONVERGED,CONVERGED,0,0,1.0,False,0,2933,2933,2933,2933,1.0,1.0,0.9999999999999191,0,0,True,True,299,True
f3,w*1.2,2,L,CONVERGED,CONVERGED,CONVERGED,0,0,0.9720751,False,0,1879,1879,1870,1870,0.9988208,0.9988208,0.9988208415879349,0,0,True,True,299,True
f3,r*1.2,2,L,CONVERGED,CONVERGED,CONVERGED,0,0,0.5927342,False,0,4234,4234,4234,4234,0.6264071,0.6264071,0.6343754947239711,0,0,True,True,299,True
f3,p[fodder]*1.2,2,L,CONVERGED,CONVERGED,CONVERGED,0,0,0.772172,False,0,2726,2726,2734,2734,0.8345142,0.8345142,0.8325417330770166,0,0,True,True,299,True
f3,p[horse]*1.2,2,L,CONVERGED,CONVERGED,CONVERGED,0,0,0.9418384,False,0,1227,1227,1227,1227,0.9410886,0.9410886,0.941088643717479,0,0,True,True,299,True
f3,p[traction]*1.2,2,L,CONVERGED,CONVERGED,CONVERGED,0,0,0.9339415,False,0,2531,2531,2562,2562,0.9405497,0.9405497,0.9354358228572642,0,0,True,True,299,True
f3,p[good]*1.2,2,L,CONVERGED,CONVERGED,CONVERGED,0,0,0.999423,False,0,2198,2198,2205,2205,1.0,1.0,0.9999999999999859,0,0,True,True,299,True
f3,s*1.2,2,L,CONVERGED,CONVERGED,CONVERGED,0,0,0.9980927,False,0,1951,1951,1943,1943,1.0,1.0,0.9999999999999989,0,0,True,True,299,True
f3,JA(1.2),2,L,CONVERGED,CONVERGED,CONVERGED,0,0,0.7301149,False,0,2722,2722,2741,2741,0.7906233,0.7906233,0.7856085903727746,0,0,True,True,299,True
f3,JB(1.2),2,L,CONVERGED,CONVERGED,CONVERGED,0,0,0.838637,False,0,2818,2818,2818,2818,0.8333333,0.8333333,0.8333333333333334,0,0,True,True,299,True
f3,N(1.2),2,L,CONVERGED,CONVERGED,CONVERGED,0,0,0.7054336,False,0,4268,4268,4264,4264,0.7153034,0.7153034,0.7230785610182621,0,0,True,True,299,True
f3,w*0.8,2,L,CONVERGED,CONVERGED,CONVERGED,0,0,0.960237,False,0,2509,2509,2509,2509,0.9778502,0.9778502,0.9778501535102433,0,0,True,True,299,True
f3,r*0.8,2,L,CONVERGED,CONVERGED,CONVERGED,0,0,1.0,False,0,3715,3715,3715,3715,1.0,1.0,0.9999999999997388,0,0,True,True,299,True
f3,p[fodder]*0.8,2,L,CONVERGED,CONVERGED,CONVERGED,0,0,0.7421925,False,0,2869,2869,2869,2869,0.8297349,0.8297349,0.8297348742545902,0,0,True,True,299,True
f3,p[horse]*0.8,2,L,CONVERGED,CONVERGED,CONVERGED,0,0,0.8,False,0,2162,2162,2162,2162,0.8,0.8,0.8,0,0,True,True,299,True
f3,p[traction]*0.8,2,L,CONVERGED,CONVERGED,CONVERGED,0,0,0.8710257,False,0,2712,2712,2712,2712,0.8577298,0.8577298,0.857729754793573,0,0,True,True,299,True
f3,p[good]*0.8,2,L,CONVERGED,CONVERGED,CONVERGED,0,0,0.7930045,False,0,3261,3261,3261,3261,0.8157323,0.8157323,0.8157323033333681,0,0,True,True,299,True
f3,s*0.8,2,L,CONVERGED,CONVERGED,CONVERGED,0,0,1.0,False,0,1711,1711,1711,1711,1.0,1.0,0.9999999999999979,0,0,True,True,299,True
f3,JA(0.8),2,L,CONVERGED,CONVERGED,CONVERGED,0,0,0.6555474,False,0,3253,3253,3253,3253,0.7257071,0.7257071,0.7257071088644121,0,0,True,True,299,True
f3,JB(0.8),2,L,CONVERGED,CONVERGED,CONVERGED,0,0,0.7231331,False,0,3469,3469,3480,3480,0.7633941,0.7633941,0.7539775605460424,0,0,True,True,299,True
f3,N(0.8),2,L,CONVERGED,CONVERGED,CONVERGED,0,0,1.0,False,0,3695,3695,3695,3695,1.0,1.0,0.9999999999997459,0,0,True,True,299,True
f3,w*2,3,L,CONVERGED,CONVERGED,CONVERGED,0,0,0.8744044,False,0,2616,2616,2608,2608,0.9885174,0.9885174,0.9942304569795052,0,0,True,True,299,True
f3,r*2,3,L,CONVERGED,CONVERGED,CONVERGED,43,38,0.2312422,True,42,5007,5012,5007,5012,0.01571471,0.2287428,0.22837996802810126,60,60,False,False,2,False
f3,p[fodder]*2,3,L,CONVERGED,CONVERGED,CONVERGED,0,0,0.3069572,False,0,3607,3607,3618,3618,0.3722451,0.3722451,0.3659247106771869,0,0,True,True,299,True
f3,p[horse]*2,3,L,CONVERGED,CONVERGED,CONVERGED,0,0,0.8436029,False,0,1965,1965,1965,1965,0.8393669,0.8393669,0.8393668656945041,0,0,True,True,299,True
f3,p[traction]*2,3,L,CONVERGED,CONVERGED,CONVERGED,0,0,0.6529762,False,0,3308,3308,3324,3324,0.6741629,0.6741629,0.6635606474107524,2,2,True,True,299,True
f3,p[good]*2,3,L,CONVERGED,CONVERGED,CONVERGED,0,0,0.9975241,False,0,2853,2853,2859,2859,1.0,1.0,0.999999999999927,0,0,True,True,299,True
f3,s*2,3,L,CONVERGED,CONVERGED,CONVERGED,0,0,0.9481349,False,0,2926,2926,2915,2915,0.9615119,0.9615119,0.9637567566732155,0,0,True,True,299,True
f3,JA(2),3,L,CONVERGED,CONVERGED,CONVERGED,0,0,0.4198677,False,0,3470,3470,3493,3493,0.4879883,0.4879883,0.47314296866820227,3,3,True,True,299,True
f3,JB(2),3,L,CONVERGED,CONVERGED,CONVERGED,0,0,0.5720566,False,0,3585,3585,3585,3585,0.5,0.5,0.5,21,21,True,True,299,True
f3,N(2),3,L,CONVERGED,CONVERGED,CONVERGED,35,70,0.2289209,True,34,5024,5027,5023,5026,0.04536311,0.2135517,0.21351059107261283,9,9,False,False,2,False
f3,w*0.5,3,L,CONVERGED,CONVERGED,CONVERGED,0,0,0.9363336,False,0,3159,3159,3159,3159,0.9913366,0.9913366,0.9913365583105632,0,0,True,True,299,True
f3,r*0.5,3,L,CONVERGED,CONVERGED,CONVERGED,0,0,1.0,False,0,4384,4384,4384,4384,1.0,1.0,0.9999999999995628,0,0,True,True,299,True
f3,p[fodder]*0.5,3,L,CONVERGED,CONVERGED,CONVERGED,0,0,0.4844252,False,0,3461,3461,3461,3461,0.6310713,0.6310713,0.6310713353429487,0,0,True,True,299,True
f3,p[horse]*0.5,3,L,CONVERGED,CONVERGED,CONVERGED,0,0,0.5,False,0,2789,2789,2789,2789,0.5,0.5,0.5,0,0,True,True,299,True
f3,p[traction]*0.5,3,L,CONVERGED,CONVERGED,CONVERGED,0,0,0.6435509,False,0,3312,3312,3312,3312,0.6262849,0.6262849,0.6262848677555357,0,0,True,True,299,True
f3,p[good]*0.5,3,L,CONVERGED,CONVERGED,CONVERGED,0,0,0.2670626,False,0,3909,3909,3909,3909,0.2659794,0.2659794,0.26597942599851054,1,1,True,True,299,True
f3,s*0.5,3,L,CONVERGED,CONVERGED,CONVERGED,0,0,0.9955552,False,0,2196,2196,2196,2196,1.0,1.0,0.9999999999999885,0,0,True,True,299,True
f3,JA(0.5),3,L,CONVERGED,CONVERGED,CONVERGED,1,2,0.2412121,True,1,3917,3916,3917,3916,0.2622268,0.2774762,0.27747623940802874,9,9,False,False,2,False
f3,JB(0.5),3,L,CONVERGED,CONVERGED,CONVERGED,10,20,0.231765,True,10,4089,4041,4092,4042,0.08341421,0.2083303,0.2073592853550829,41,39,False,False,2,False
f3,N(0.5),3,L,CONVERGED,CONVERGED,CONVERGED,0,0,1.0,False,0,4365,4365,4365,4365,1.0,1.0,0.9999999999995672,0,0,True,True,299,True
f3,x*/2,3,L,CONVERGED,CONVERGED,CONVERGED,1,2,0.2482567,False,0,3845,3850,3840,3840,0.2642223,0.2640546,0.2698129107609674,7,7,False,False,2,False
f3,b*1.1@genesis,2,L,CONVERGED,CONVERGED,CONVERGED,0,0,0.845886,False,0,3541,3541,3541,3541,0.8801143,0.8801143,0.8802455842676213,0,0,True,True,299,True
f3,b*1.1@dated,2,L,CONVERGED,CONVERGED,CONVERGED,0,0,0.8457073,False,0,3541,3541,3541,3541,0.8802456,0.8802456,0.8802455842676217,0,0,True,True,373,True
f3,b*0.9@genesis,2,L,CONVERGED,CONVERGED,CONVERGED,0,0,1.0,False,0,3455,3455,3455,3455,1.0,1.0,1.0000000000000189,0,0,True,True,299,True
f3,b*0.9@dated,2,L,CONVERGED,CONVERGED,CONVERGED,0,0,1.0,False,0,3455,3455,3455,3455,1.0,1.0,1.0000000000000189,0,0,True,True,373,True
f3,b*2@genesis,3,L,CONVERGED,CONVERGED,CONVERGED,28,22,0.2240385,True,29,4579,4596,4578,4596,0.03341313,0.2406841,0.23693018315444125,9,9,False,False,2,False
f3,b*2@dated,3,L,CONVERGED,CONVERGED,CONVERGED,29,22,0.2200939,True,29,4578,4596,4578,4596,0.03324116,0.2369302,0.23693018315444125,10,10,False,False,76,False
f3,b*0.5@genesis,3,L,CONVERGED,CONVERGED,CONVERGED,0,0,1.0,False,0,4551,4551,4551,4551,1.0,1.0,1.0000000000000295,0,0,True,True,299,True
f3,b*0.5@dated,3,L,CONVERGED,CONVERGED,CONVERGED,0,0,1.0,False,0,4551,4551,4551,4551,1.0,1.0,1.0000000000000295,0,0,True,True,373,True
f3,stock.good*0.5,3S,L,CONVERGED,CONVERGED,CONVERGED,0,0,0.9697798,False,0,1942,1942,1942,1942,0.9714723,0.9714723,0.9714722790542958,0,0,True,True,299,True
f3,stock.good*2,3S,L,CONVERGED,CONVERGED,CONVERGED,0,0,0.9542655,False,0,2479,2479,2123,2123,0.9661532,0.9661532,0.9836987237835699,0,0,True,True,299,True
f3,heads.capacity*0.5,3S,L,CONVERGED,CONVERGED,CONVERGED,0,0,0.8420552,False,0,4236,4236,4235,4235,0.9922178,0.9922178,0.9965272917347533,35,35,True,True,299,True
f3,heads.capacity*2,3S,L,CONVERGED,CONVERGED,CONVERGED,25,50,0.230761,True,25,5074,5074,5074,5074,0.0930704,0.2216052,0.22160519818697427,0,0,False,False,2,False
f3,hours.capacity*0.5,3S,L,CONVERGED,CONVERGED,CONVERGED,0,0,0.9334166,False,0,2177,2177,2177,2177,0.9345025,0.9345025,0.9345025038016026,0,0,True,True,299,True
f3,hours.capacity*2,3S,L,CONVERGED,CONVERGED,CONVERGED,0,0,0.9423131,False,0,2284,2284,1928,1928,0.9349816,0.9349816,0.9661644182922764,0,0,True,True,299,True
f3,own.maker*0.5,3S,L,CONVERGED,CONVERGED,CONVERGED,0,0,1.0,False,0,4560,4560,4560,4560,1.0,1.0,0.9999999999996737,0,0,True,True,299,True
f3,own.maker*2,3S,L,CONVERGED,CONVERGED,CONVERGED,0,0,1.0,False,0,3409,3409,3409,3409,1.0,1.0,1.0,0,0,True,True,299,True
f3,finished.maker*0.5,3S,L,CONVERGED,CONVERGED,CONVERGED,0,0,0.9353896,False,0,2395,2395,2395,2395,0.9533055,0.9533055,0.9533055019619042,0,0,True,True,299,True
f3,finished.maker*2,3S,L,CONVERGED,CONVERGED,CONVERGED,0,0,0.6037446,False,0,2301,2301,2301,2301,0.6042696,0.6042696,0.6042695757511685,0,0,True,True,299,True
f3,stock.fodder*0.5,3S,L,CONVERGED,CONVERGED,CONVERGED,0,0,0.9256571,False,0,2376,2376,2376,2376,0.9539513,0.9539513,0.9539513038982824,0,0,True,True,299,True
f3,stock.fodder*2,3S,L,CONVERGED,CONVERGED,CONVERGED,0,0,0.8715529,False,0,2463,2463,2111,2111,0.9202886,0.9202886,0.9598836173084521,0,0,True,True,299,True
f3,coin.desk.good*0.5,3S,L,CONVERGED,CONVERGED,CONVERGED,0,0,0.5121008,False,0,3887,3887,3886,3886,0.4825096,0.4825096,0.47736385019385363,0,0,True,True,299,True
f3,coin.desk.good*2,3S,L,CONVERGED,CONVERGED,CONVERGED,0,0,0.8033345,False,0,3744,3744,3744,3744,0.9286297,0.9286297,0.9286297432098813,0,0,True,True,299,True
f3,coin.desk.capacity*0.5,3S,L,CONVERGED,CONVERGED,CONVERGED,0,0,0.4481982,False,0,3790,3790,3789,3789,0.428062,0.428062,0.4245870392890116,0,0,True,True,299,True
f3,coin.desk.capacity*2,3S,L,CONVERGED,CONVERGED,CONVERGED,0,0,0.9788387,False,0,3555,3555,3555,3555,1.0,1.0,0.9999999999997912,0,0,True,True,299,True
f3,coin.desk.maker*0.5,3S,L,CONVERGED,CONVERGED,CONVERGED,0,0,0.8164678,False,0,3281,3281,3291,3291,0.8673495,0.8673495,0.872172095957361,0,0,True,True,299,True
f3,coin.desk.maker*2,3S,L,CONVERGED,CONVERGED,CONVERGED,0,0,0.7454544,False,0,3230,3230,3230,3230,0.80676,0.80676,0.8067600271980854,0,0,True,True,299,True
f3,coin.desk.fodder*0.5,3S,L,CONVERGED,CONVERGED,CONVERGED,0,0,0.4525386,False,0,3608,3608,3608,3608,0.5657917,0.5657917,0.5657916501703135,1,1,True,True,299,True
f3,coin.desk.fodder*2,3S,L,CONVERGED,CONVERGED,CONVERGED,0,0,0.9610767,False,0,3447,3447,3447,3447,0.9995231,0.9995231,0.9995230855359356,0,0,True,True,299,True
f3,coin.provider*0.5,3S,L,CONVERGED,CONVERGED,CONVERGED,0,0,0.8359892,False,0,3960,3960,3960,3960,0.8169826,0.8169826,0.8199971353380339,0,0,True,True,299,True
f3,coin.provider*2,3S,L,CONVERGED,CONVERGED,CONVERGED,0,0,0.9914964,False,0,3692,3692,3692,3692,0.9990716,0.9990716,0.9990716150066713,0,0,True,True,299,True
f3,coin.workers*0.5,3S,L,CONVERGED,CONVERGED,CONVERGED,0,0,0.8237078,False,0,3998,3998,3997,3997,0.8034228,0.8034228,0.8065020899156866,0,0,True,True,299,True
f3,coin.workers*2,3S,L,CONVERGED,CONVERGED,CONVERGED,0,0,0.9877559,False,0,3727,3727,3727,3727,0.9990253,0.9990253,0.9990252844527252,0,0,True,True,299,True
f3,w*2,3,10L,CONVERGED,CONVERGED,CONVERGED,0,0,0.8744044,False,0,2616,2616,2608,2608,0.9885174,0.9885174,0.9942304569795052,0,0,True,True,299,True
f3,r*2,3,10L,CONVERGED,CONVERGED,CONVERGED,43,38,0.2312422,True,42,5007,5012,5007,5012,0.01571471,0.2287428,0.22837996802810126,60,60,False,False,2,False
f3,p[fodder]*2,3,10L,CONVERGED,CONVERGED,CONVERGED,0,0,0.3069572,False,0,3607,3607,3618,3618,0.3722451,0.3722451,0.3659247106771869,0,0,True,True,299,True
f3,p[horse]*2,3,10L,CONVERGED,CONVERGED,CONVERGED,0,0,0.8436029,False,0,1965,1965,1965,1965,0.8393669,0.8393669,0.8393668656945041,0,0,True,True,299,True
f3,p[traction]*2,3,10L,CONVERGED,CONVERGED,CONVERGED,0,0,0.6529762,False,0,3308,3308,3324,3324,0.6741629,0.6741629,0.6635606474107524,2,2,True,True,299,True
f3,p[good]*2,3,10L,CONVERGED,CONVERGED,CONVERGED,0,0,0.9975241,False,0,2853,2853,2859,2859,1.0,1.0,0.999999999999927,0,0,True,True,299,True
f3,s*2,3,10L,CONVERGED,CONVERGED,CONVERGED,0,0,0.9481349,False,0,2926,2926,2915,2915,0.9615119,0.9615119,0.9637567566732155,0,0,True,True,299,True
f3,JA(2),3,10L,CONVERGED,CONVERGED,CONVERGED,0,0,0.4198677,False,0,3470,3470,3493,3493,0.4879883,0.4879883,0.47314296866820227,3,3,True,True,299,True
f3,JB(2),3,10L,CONVERGED,CONVERGED,CONVERGED,0,0,0.5720566,False,0,3585,3585,3585,3585,0.5,0.5,0.5,21,21,True,True,299,True
f3,N(2),3,10L,CONVERGED,CONVERGED,CONVERGED,35,70,0.2289209,True,34,5024,5027,5023,5026,0.04536311,0.2135517,0.21351059107261283,9,9,False,False,2,False
f3,w*0.5,3,10L,CONVERGED,CONVERGED,CONVERGED,0,0,0.9363336,False,0,3159,3159,3159,3159,0.9913366,0.9913366,0.9913365583105632,0,0,True,True,299,True
f3,r*0.5,3,10L,CONVERGED,CONVERGED,CONVERGED,0,0,1.0,False,0,4384,4384,4384,4384,1.0,1.0,0.9999999999995628,0,0,True,True,299,True
f3,p[fodder]*0.5,3,10L,CONVERGED,CONVERGED,CONVERGED,0,0,0.4844252,False,0,3461,3461,3461,3461,0.6310713,0.6310713,0.6310713353429487,0,0,True,True,299,True
f3,p[horse]*0.5,3,10L,CONVERGED,CONVERGED,CONVERGED,0,0,0.5,False,0,2789,2789,2789,2789,0.5,0.5,0.5,0,0,True,True,299,True
f3,p[traction]*0.5,3,10L,CONVERGED,CONVERGED,CONVERGED,0,0,0.6435509,False,0,3312,3312,3312,3312,0.6262849,0.6262849,0.6262848677555357,0,0,True,True,299,True
f3,p[good]*0.5,3,10L,CONVERGED,CONVERGED,CONVERGED,0,0,0.2670626,False,0,3909,3909,3909,3909,0.2659794,0.2659794,0.26597942599851054,1,1,True,True,299,True
f3,s*0.5,3,10L,CONVERGED,CONVERGED,CONVERGED,0,0,0.9955552,False,0,2196,2196,2196,2196,1.0,1.0,0.9999999999999885,0,0,True,True,299,True
f3,JA(0.5),3,10L,CONVERGED,CONVERGED,CONVERGED,1,2,0.2412121,True,1,3917,3916,3917,3916,0.2622268,0.2774762,0.27747623940802874,9,9,False,False,2,False
f3,JB(0.5),3,10L,CONVERGED,CONVERGED,CONVERGED,10,20,0.231765,True,10,4089,4041,4092,4042,0.08341421,0.2083303,0.2073592853550829,41,39,False,False,2,False
f3,N(0.5),3,10L,CONVERGED,CONVERGED,CONVERGED,0,0,1.0,False,0,4365,4365,4365,4365,1.0,1.0,0.9999999999995672,0,0,True,True,299,True
f3,x*/2,3,10L,CONVERGED,CONVERGED,CONVERGED,1,2,0.2482567,False,0,3845,3850,3840,3840,0.2642223,0.2640546,0.2698129107609674,7,7,False,False,2,False
f3,b*2@genesis,3,10L,CONVERGED,CONVERGED,CONVERGED,28,22,0.2240385,True,29,4579,4596,4578,4596,0.03341313,0.2406841,0.23693018315444125,9,9,False,False,2,False
f3,b*2@dated,3,10L,CONVERGED,CONVERGED,CONVERGED,29,22,0.2200939,True,29,4578,4596,4578,4596,0.03324116,0.2369302,0.23693018315444125,10,10,False,False,76,False
f3,b*0.5@genesis,3,10L,CONVERGED,CONVERGED,CONVERGED,0,0,1.0,False,0,4551,4551,4551,4551,1.0,1.0,1.0000000000000295,0,0,True,True,299,True
f3,b*0.5@dated,3,10L,CONVERGED,CONVERGED,CONVERGED,0,0,1.0,False,0,4551,4551,4551,4551,1.0,1.0,1.0000000000000295,0,0,True,True,373,True
f3,stock.good*0.5,3S,10L,CONVERGED,CONVERGED,CONVERGED,0,0,0.9697798,False,0,1942,1942,1942,1942,0.9714723,0.9714723,0.9714722790542958,0,0,True,True,299,True
f3,stock.good*2,3S,10L,CONVERGED,CONVERGED,CONVERGED,0,0,0.9542655,False,0,2479,2479,2123,2123,0.9661532,0.9661532,0.9836987237835699,0,0,True,True,299,True
f3,heads.capacity*0.5,3S,10L,CONVERGED,CONVERGED,CONVERGED,0,0,0.8420552,False,0,4236,4236,4235,4235,0.9922178,0.9922178,0.9965272917347533,35,35,True,True,299,True
f3,heads.capacity*2,3S,10L,CONVERGED,CONVERGED,CONVERGED,25,50,0.230761,True,25,5074,5074,5074,5074,0.0930704,0.2216052,0.22160519818697427,0,0,False,False,2,False
f3,hours.capacity*0.5,3S,10L,CONVERGED,CONVERGED,CONVERGED,0,0,0.9334166,False,0,2177,2177,2177,2177,0.9345025,0.9345025,0.9345025038016026,0,0,True,True,299,True
f3,hours.capacity*2,3S,10L,CONVERGED,CONVERGED,CONVERGED,0,0,0.9423131,False,0,2284,2284,1928,1928,0.9349816,0.9349816,0.9661644182922764,0,0,True,True,299,True
f3,own.maker*0.5,3S,10L,CONVERGED,CONVERGED,CONVERGED,0,0,1.0,False,0,4560,4560,4560,4560,1.0,1.0,0.9999999999996737,0,0,True,True,299,True
f3,own.maker*2,3S,10L,CONVERGED,CONVERGED,CONVERGED,0,0,1.0,False,0,3409,3409,3409,3409,1.0,1.0,1.0,0,0,True,True,299,True
f3,finished.maker*0.5,3S,10L,CONVERGED,CONVERGED,CONVERGED,0,0,0.9353896,False,0,2395,2395,2395,2395,0.9533055,0.9533055,0.9533055019619042,0,0,True,True,299,True
f3,finished.maker*2,3S,10L,CONVERGED,CONVERGED,CONVERGED,0,0,0.6037446,False,0,2301,2301,2301,2301,0.6042696,0.6042696,0.6042695757511685,0,0,True,True,299,True
f3,stock.fodder*0.5,3S,10L,CONVERGED,CONVERGED,CONVERGED,0,0,0.9256571,False,0,2376,2376,2376,2376,0.9539513,0.9539513,0.9539513038982824,0,0,True,True,299,True
f3,stock.fodder*2,3S,10L,CONVERGED,CONVERGED,CONVERGED,0,0,0.8715529,False,0,2463,2463,2111,2111,0.9202886,0.9202886,0.9598836173084521,0,0,True,True,299,True
f3,coin.desk.good*0.5,3S,10L,CONVERGED,CONVERGED,CONVERGED,0,0,0.5121008,False,0,3887,3887,3886,3886,0.4825096,0.4825096,0.47736385019385363,0,0,True,True,299,True
f3,coin.desk.good*2,3S,10L,CONVERGED,CONVERGED,CONVERGED,0,0,0.8033345,False,0,3744,3744,3744,3744,0.9286297,0.9286297,0.9286297432098813,0,0,True,True,299,True
f3,coin.desk.capacity*0.5,3S,10L,CONVERGED,CONVERGED,CONVERGED,0,0,0.4481982,False,0,3790,3790,3789,3789,0.428062,0.428062,0.4245870392890116,0,0,True,True,299,True
f3,coin.desk.capacity*2,3S,10L,CONVERGED,CONVERGED,CONVERGED,0,0,0.9788387,False,0,3555,3555,3555,3555,1.0,1.0,0.9999999999997912,0,0,True,True,299,True
f3,coin.desk.maker*0.5,3S,10L,CONVERGED,CONVERGED,CONVERGED,0,0,0.8164678,False,0,3281,3281,3291,3291,0.8673495,0.8673495,0.872172095957361,0,0,True,True,299,True
f3,coin.desk.maker*2,3S,10L,CONVERGED,CONVERGED,CONVERGED,0,0,0.7454544,False,0,3230,3230,3230,3230,0.80676,0.80676,0.8067600271980854,0,0,True,True,299,True
f3,coin.desk.fodder*0.5,3S,10L,CONVERGED,CONVERGED,CONVERGED,0,0,0.4525386,False,0,3608,3608,3608,3608,0.5657917,0.5657917,0.5657916501703135,1,1,True,True,299,True
f3,coin.desk.fodder*2,3S,10L,CONVERGED,CONVERGED,CONVERGED,0,0,0.9610767,False,0,3447,3447,3447,3447,0.9995231,0.9995231,0.9995230855359356,0,0,True,True,299,True
f3,coin.provider*0.5,3S,10L,CONVERGED,CONVERGED,CONVERGED,0,0,0.8359892,False,0,3960,3960,3960,3960,0.8169826,0.8169826,0.8199971353380339,0,0,True,True,299,True
f3,coin.provider*2,3S,10L,CONVERGED,CONVERGED,CONVERGED,0,0,0.9914964,False,0,3692,3692,3692,3692,0.9990716,0.9990716,0.9990716150066713,0,0,True,True,299,True
f3,coin.workers*0.5,3S,10L,CONVERGED,CONVERGED,CONVERGED,0,0,0.8237078,False,0,3998,3998,3997,3997,0.8034228,0.8034228,0.8065020899156866,0,0,True,True,299,True
f3,coin.workers*2,3S,10L,CONVERGED,CONVERGED,CONVERGED,0,0,0.9877559,False,0,3727,3727,3727,3727,0.9990253,0.9990253,0.9990252844527252,0,0,True,True,299,True
f4,w*1.05,1,L,CONVERGED,CONVERGED,CONVERGED,0,0,0.9928694,False,0,1295,1295,1291,1291,0.9996961,0.9996961,0.9996960898557148,0,0,True,True,299,True
f4,r*1.05,1,L,CONVERGED,CONVERGED,CONVERGED,0,0,0.9049457,False,0,4291,4291,4291,4291,0.9195123,0.9195123,0.921690010886985,0,0,True,True,299,True
f4,p[fodder]*1.05,1,L,CONVERGED,CONVERGED,CONVERGED,0,0,0.9363191,False,0,2313,2313,2322,2322,0.9567282,0.9567282,0.9560811899929907,0,0,True,True,299,True
f4,p[horse]*1.05,1,L,CONVERGED,CONVERGED,CONVERGED,0,0,0.9854496,False,0,144,144,144,144,0.9853227,0.9853227,0.9853226783777252,0,0,True,True,299,True
f4,p[traction]*1.05,1,L,CONVERGED,CONVERGED,CONVERGED,0,0,0.984359,False,0,2100,2100,2148,2148,0.9859965,0.9859965,0.9846513262485861,0,0,True,True,299,True
f4,p[good]*1.05,1,L,CONVERGED,CONVERGED,CONVERGED,0,0,0.9998511,False,0,1738,1738,1747,1747,0.9999985,0.9999985,0.9999985001969595,0,0,True,True,299,True
f4,s*1.05,1,L,CONVERGED,CONVERGED,CONVERGED,0,0,0.9994714,False,0,1349,1349,1338,1338,0.9999995,0.9999995,0.9999995261307782,0,0,True,True,299,True
f4,JA(1.05),1,L,CONVERGED,CONVERGED,CONVERGED,0,0,0.919733,False,0,2309,2309,2332,2332,0.9424953,0.9424953,0.9414742154674772,0,0,True,True,299,True
f4,JB(1.05),1,L,CONVERGED,CONVERGED,CONVERGED,0,0,0.9545059,False,0,2460,2460,2460,2460,0.952381,0.952381,0.9523809523809523,0,0,True,True,299,True
f4,N(1.05),1,L,CONVERGED,CONVERGED,CONVERGED,0,0,0.9158538,False,0,4319,4319,4315,4315,0.9175706,0.9175706,0.9207444494176488,0,0,True,True,299,True
f4,w*0.95,1,L,CONVERGED,CONVERGED,CONVERGED,0,0,0.9919389,False,0,1987,1987,1987,1987,0.9956312,0.9956312,0.9956311994163122,0,0,True,True,299,True
f4,r*0.95,1,L,CONVERGED,CONVERGED,CONVERGED,0,0,0.999984,False,0,3477,3477,3477,3477,0.9999759,0.9999759,0.9999758676157214,0,0,True,True,299,True
f4,p[fodder]*0.95,1,L,CONVERGED,CONVERGED,CONVERGED,0,0,0.9318354,False,0,2427,2427,2427,2427,0.9586597,0.9586597,0.9586597464367234,0,0,True,True,299,True
f4,p[horse]*0.95,1,L,CONVERGED,CONVERGED,CONVERGED,0,0,0.95,False,0,1563,1563,1563,1563,0.95,0.95,0.95,0,0,True,True,299,True
f4,p[traction]*0.95,1,L,CONVERGED,CONVERGED,CONVERGED,0,0,0.9687966,False,0,2208,2208,2208,2208,0.9652229,0.9652229,0.9652228755295917,0,0,True,True,299,True
f4,p[good]*0.95,1,L,CONVERGED,CONVERGED,CONVERGED,0,0,0.9531057,False,0,2879,2879,2879,2879,0.9647711,0.9647711,0.9647710628170341,0,0,True,True,299,True
f4,s*0.95,1,L,CONVERGED,CONVERGED,CONVERGED,0,0,0.9999998,False,0,962,962,962,962,0.9999996,0.9999996,0.9999996456234204,0,0,True,True,299,True
f4,JA(0.95),1,L,CONVERGED,CONVERGED,CONVERGED,0,0,0.91503,False,0,2839,2839,2839,2839,0.9399998,0.9399998,0.9399997715510342,0,0,True,True,299,True
f4,JB(0.95),1,L,CONVERGED,CONVERGED,CONVERGED,0,0,0.9443653,False,0,3078,3078,3092,3092,0.9711667,0.9711667,0.9694046109951526,0,0,True,True,299,True
f4,N(0.95),1,L,CONVERGED,CONVERGED,CONVERGED,0,0,0.9999844,False,0,3449,3449,3449,3449,0.9999764,0.9999764,0.9999763650635894,0,0,True,True,299,True
f4,w*1.2,2,L,CONVERGED,CONVERGED,CONVERGED,0,0,0.9720751,False,0,2141,2141,2130,2130,0.9988208,0.9988208,0.9988208415879348,0,0,True,True,299,True
f4,r*1.2,2,L,CONVERGED,CONVERGED,CONVERGED,0,0,0.5861749,False,0,5134,5134,5134,5134,0.6199544,0.6199544,0.6278792973906935,0,0,True,True,299,True
f4,p[fodder]*1.2,2,L,CONVERGED,CONVERGED,CONVERGED,0,0,0.7713186,False,0,3166,3166,3176,3176,0.8336067,0.8336067,0.8316233525641761,0,0,True,True,299,True
f4,p[horse]*1.2,2,L,CONVERGED,CONVERGED,CONVERGED,0,0,0.9417133,False,0,1380,1380,1380,1380,0.9409738,0.9409738,0.9409738267936838,0,0,True,True,299,True
f4,p[traction]*1.2,2,L,CONVERGED,CONVERGED,CONVERGED,0,0,0.9327886,False,0,2922,2922,2960,2960,0.9394633,0.9394633,0.9343964100344897,0,0,True,True,299,True
f4,p[good]*1.2,2,L,CONVERGED,CONVERGED,CONVERGED,0,0,0.999423,False,0,2530,2530,2538,2538,0.9999944,0.9999944,0.999994337070857,0,0,True,True,299,True
f4,s*1.2,2,L,CONVERGED,CONVERGED,CONVERGED,0,0,0.9980927,False,0,2226,2226,2218,2218,0.9999981,0.9999981,0.9999981088192855,0,0,True,True,299,True
f4,JA(1.2),2,L,CONVERGED,CONVERGED,CONVERGED,0,0,0.7290486,False,0,3163,3163,3187,3187,0.7895041,0.7895041,0.7844681647994368,0,0,True,True,299,True
f4,JB(1.2),2,L,CONVERGED,CONVERGED,CONVERGED,0,0,0.8370109,False,0,3298,3298,3298,3298,0.8333333,0.8333333,0.8333333333333335,0,0,True,True,299,True
f4,N(1.2),2,L,CONVERGED,CONVERGED,CONVERGED,0,0,0.7040974,False,0,5167,5167,5163,5163,0.713982,0.713982,0.7216849073911731,0,0,True,True,299,True
f4,w*0.8,2,L,CONVERGED,CONVERGED,CONVERGED,0,0,0.9606528,False,0,2907,2907,2907,2907,0.9780245,0.9780245,0.9780244900096701,0,0,True,True,299,True
f4,r*0.8,2,L,CONVERGED,CONVERGED,CONVERGED,0,0,0.9999392,False,0,4437,4437,4437,4437,0.9999088,0.9999088,0.9999087755120165,0,0,True,True,299,True
f4,p[fodder]*0.8,2,L,CONVERGED,CONVERGED,CONVERGED,0,0,0.7405092,False,0,3354,3354,3354,3354,0.8281031,0.8281031,0.8281031353270265,0,0,True,True,299,True
f4,p[horse]*0.8,2,L,CONVERGED,CONVERGED,CONVERGED,0,0,0.8,False,0,2467,2467,2467,2467,0.8,0.8,0.8,0,0,True,True,299,True
f4,p[traction]*0.8,2,L,CONVERGED,CONVERGED,CONVERGED,0,0,0.870618,False,0,3145,3145,3145,3145,0.8573542,0.8573542,0.8573542455106645,0,0,True,True,299,True
f4,p[good]*0.8,2,L,CONVERGED,CONVERGED,CONVERGED,0,0,0.7903065,False,0,3849,3849,3849,3849,0.8129986,0.8129986,0.8129986019113622,0,0,True,True,299,True
f4,s*0.8,2,L,CONVERGED,CONVERGED,CONVERGED,0,0,0.9998637,False,0,1946,1946,1946,1946,0.9999986,0.9999986,0.9999985678291691,0,0,True,True,299,True
f4,JA(0.8),2,L,CONVERGED,CONVERGED,CONVERGED,0,0,0.6519104,False,0,3836,3836,3836,3836,0.7219559,0.7219559,0.7219559104666003,0,0,True,True,299,True
f4,JB(0.8),2,L,CONVERGED,CONVERGED,CONVERGED,0,0,0.7180241,False,0,4114,4114,4127,4127,0.7582468,0.7582468,0.7484991816530213,0,0,True,True,299,True
f4,N(0.8),2,L,CONVERGED,CONVERGED,CONVERGED,0,0,0.9999439,False,0,4411,4411,4411,4411,0.9999122,0.9999122,0.9999121636280225,0,0,True,True,299,True
f4,w*2,3,L,CONVERGED,CONVERGED,CONVERGED,0,0,0.8744044,False,0,3032,3032,3022,3022,0.9878198,0.9878198,0.9935070301005298,0,0,True,True,299,True
f4,r*2,3,L,CONVERGED,CONVERGED,CONVERGED,46,40,0.2268186,True,45,6077,6081,6077,6081,0.01424033,0.223919,0.22357831518829765,60,60,False,False,2,False
f4,p[fodder]*2,3,L,CONVERGED,CONVERGED,CONVERGED,0,0,0.3048066,False,0,4279,4279,4293,4293,0.3697506,0.3697506,0.36317955348953196,0,0,True,True,299,True
f4,p[horse]*2,3,L,CONVERGED,CONVERGED,CONVERGED,0,0,0.8441573,False,0,2247,2247,2247,2247,0.8399964,0.8399964,0.8399964387878062,0,0,True,True,299,True
f4,p[traction]*2,3,L,CONVERGED,CONVERGED,CONVERGED,0,0,0.6493424,False,0,3900,3900,3921,3921,0.6705975,0.6705975,0.6598915473257533,2,2,True,True,299,True
f4,p[good]*2,3,L,CONVERGED,CONVERGED,CONVERGED,0,0,0.9975241,False,0,3357,3357,3364,3364,0.9999788,0.9999788,0.9999785715325044,0,0,True,True,299,True
f4,s*2,3,L,CONVERGED,CONVERGED,CONVERGED,0,0,0.9457254,False,0,3420,3420,3406,3406,0.9596784,0.9596784,0.961579642370369,0,0,True,True,299,True
f4,JA(2),3,L,CONVERGED,CONVERGED,CONVERGED,0,0,0.4172005,False,0,4110,4110,4138,4138,0.48514,0.48514,0.4710168867287391,3,3,True,True,299,True
f4,JB(2),3,L,CONVERGED,CONVERGED,CONVERGED,0,0,0.5720566,False,0,4259,4259,4259,4259,0.5,0.5,0.5,21,21,True,True,299,True
f4,N(2),3,L,CONVERGED,CONVERGED,CONVERGED,40,80,0.2279183,True,38,6096,6098,6094,6096,0.04240549,0.212263,0.21416421092091478,9,9,False,False,2,False
f4,w*0.5,3,L,CONVERGED,CONVERGED,CONVERGED,0,0,0.9377893,False,0,3726,3726,3726,3726,0.9918937,0.9918937,0.9918936545090679,0,0,True,True,299,True
f4,r*0.5,3,L,CONVERGED,CONVERGED,CONVERGED,0,0,0.999844,False,0,5260,5260,5260,5260,0.9997703,0.9997703,0.9997702768104202,0,0,True,True,299,True
f4,p[fodder]*0.5,3,L,CONVERGED,CONVERGED,CONVERGED,0,0,0.4760833,False,0,4108,4108,4108,4108,0.6209494,0.6209494,0.62094935661921,0,0,True,True,299,True
f4,p[horse]*0.5,3,L,CONVERGED,CONVERGED,CONVERGED,0,0,0.5,False,0,3240,3240,3240,3240,0.5,0.5,0.5,0,0,True,True,299,True
f4,p[traction]*0.5,3,L,CONVERGED,CONVERGED,CONVERGED,0,0,0.6419124,False,0,3904,3904,3904,3904,0.6248013,0.6248013,0.6248012706390877,0,0,True,True,299,True
f4,p[good]*0.5,3,L,CONVERGED,CONVERGED,CONVERGED,0,0,0.2608411,False,0,4656,4656,4656,4656,0.2588374,0.2588374,0.25883743789791536,0,0,True,True,299,True
f4,s*0.5,3,L,CONVERGED,CONVERGED,CONVERGED,0,0,0.9942544,False,0,2522,2522,2522,2522,0.9999963,0.9999963,0.9999963076825803,0,0,True,True,299,True
f4,JA(0.5),3,L,CONVERGED,CONVERGED,CONVERGED,2,4,0.2434763,True,2,4665,4664,4665,4664,0.253036,0.2691212,0.26912122192487037,9,9,False,False,2,False
f4,JB(0.5),3,L,CONVERGED,CONVERGED,CONVERGED,10,20,0.2314181,True,11,4872,4812,4876,4811,0.08065301,0.2047004,0.2088801012768124,38,30,False,False,2,False
f4,N(0.5),3,L,CONVERGED,CONVERGED,CONVERGED,0,0,0.9998439,False,0,5236,5236,5236,5236,0.9997729,0.9997729,0.9997728716791293,0,0,True,True,299,True
f4,x*/2,3,L,CONVERGED,CONVERGED,CONVERGED,2,4,0.2452178,True,2,4573,4583,4567,4575,0.2537134,0.2586085,0.2609561603374855,7,7,False,False,2,False
f4,b*1.1@genesis,2,L,CONVERGED,CONVERGED,CONVERGED,0,0,0.8431498,False,0,4254,4254,4254,4254,0.877566,0.877566,0.8776347301426137,0,0,True,True,299,True
f4,b*1.1@dated,2,L,CONVERGED,CONVERGED,CONVERGED,0,0,0.8429114,False,0,4254,4254,4254,4254,0.8776347,0.8776347,0.8776347301426136,0,0,True,True,373,True
f4,b*0.9@genesis,2,L,CONVERGED,CONVERGED,CONVERGED,0,0,0.9999945,False,0,4197,4197,4197,4197,0.9999741,0.9999741,0.9999740535762703,0,0,True,True,299,True
f4,b*0.9@dated,2,L,CONVERGED,CONVERGED,CONVERGED,0,0,0.9999945,False,0,4197,4197,4197,4197,0.9999741,0.9999741,0.9999740535762759,0,0,True,True,373,True
f4,b*2@genesis,3,L,CONVERGED,CONVERGED,CONVERGED,30,20,0.2178203,True,30,5524,5541,5524,5541,0.03095356,0.2361081,0.24027369359260098,9,9,False,False,2,False
f4,b*2@dated,3,L,CONVERGED,CONVERGED,CONVERGED,30,22,0.2299404,True,30,5524,5541,5524,5541,0.03108633,0.2402737,0.24027369359260117,10,10,False,False,76,False
f4,b*0.5@genesis,3,L,CONVERGED,CONVERGED,CONVERGED,0,0,0.9999975,False,0,5585,5585,5585,5585,1.0,1.0,1.0000000000000013,0,0,True,True,299,True
f4,b*0.5@dated,3,L,CONVERGED,CONVERGED,CONVERGED,0,0,0.9999975,False,0,5585,5585,5585,5585,1.0,1.0,1.0000000000000007,0,0,True,True,373,True
f4,stock.good*0.5,3S,L,CONVERGED,CONVERGED,CONVERGED,0,0,0.9695982,False,0,2207,2207,2207,2207,0.9712983,0.9712983,0.9712982948530058,0,0,True,True,299,True
f4,stock.good*2,3S,L,CONVERGED,CONVERGED,CONVERGED,0,0,0.9541892,False,0,2867,2867,2438,2438,0.9656448,0.9656448,0.9834516650413295,0,0,True,True,299,True
f4,heads.capacity*0.5,3S,L,CONVERGED,CONVERGED,CONVERGED,0,0,0.8475367,False,0,5239,5239,5238,5238,0.9979268,0.9979268,0.9998428114546533,41,41,True,True,299,True
f4,heads.capacity*2,3S,L,CONVERGED,CONVERGED,CONVERGED,30,60,0.2288763,True,30,6301,6301,6301,6301,0.08688279,0.2164639,0.21646388017763202,0,0,False,False,2,False
f4,hours.capacity*0.5,3S,L,CONVERGED,CONVERGED,CONVERGED,0,0,0.9330844,False,0,2489,2489,2489,2489,0.9341737,0.9341737,0.934173682985005,0,0,True,True,299,True
f4,hours.capacity*2,3S,L,CONVERGED,CONVERGED,CONVERGED,0,0,0.9421783,False,0,2618,2618,2194,2194,0.9348562,0.9348562,0.9660952224385531,0,0,True,True,299,True
f4,own.maker*0.5,3S,L,CONVERGED,CONVERGED,CONVERGED,0,0,0.9998946,False,0,5615,5615,5615,5615,0.9998447,0.9998447,0.9998446626459271,0,0,True,True,299,True
f4,own.maker*2,3S,L,CONVERGED,CONVERGED,CONVERGED,0,0,1.0,False,0,4307,4307,4307,4307,1.0,1.0,1.0,0,0,True,True,299,True
f4,finished.maker*0.5,3S,L,CONVERGED,CONVERGED,CONVERGED,0,0,0.935901,False,0,2764,2764,2764,2764,0.9536707,0.9536707,0.9536707451799146,0,0,True,True,299,True
f4,finished.maker*2,3S,L,CONVERGED,CONVERGED,CONVERGED,0,0,0.6047537,False,0,2563,2563,2563,2563,0.6052593,0.6052593,0.6052593200040775,0,0,True,True,299,True
f4,stock.fodder*0.5,3S,L,CONVERGED,CONVERGED,CONVERGED,0,0,0.9251287,False,0,2734,2734,2734,2734,0.953453,0.953453,0.9534529645936135,0,0,True,True,299,True
f4,stock.fodder*2,3S,L,CONVERGED,CONVERGED,CONVERGED,0,0,0.8709713,False,0,2842,2842,2412,2412,0.9198411,0.9198411,0.9596779243819887,0,0,True,True,299,True
f4,coin.desk.good*0.5,3S,L,CONVERGED,CONVERGED,CONVERGED,0,0,0.5106846,False,0,4708,4708,4706,4706,0.4812513,0.4812513,0.47607827614638887,0,0,True,True,299,True
f4,coin.desk.good*2,3S,L,CONVERGED,CONVERGED,CONVERGED,0,0,0.8021288,False,0,4463,4463,4463,4463,0.9269696,0.9269696,0.9269696114419881,0,0,True,True,299,True
f4,coin.desk.capacity*0.5,3S,L,CONVERGED,CONVERGED,CONVERGED,0,0,0.4465246,False,0,4585,4585,4585,4585,0.4265874,0.4265874,0.42315069560193586,0,0,True,True,299,True
f4,coin.desk.capacity*2,3S,L,CONVERGED,CONVERGED,CONVERGED,0,0,0.9828102,False,0,4235,4235,4235,4235,0.9999258,0.9999258,0.9999257975003678,0,0,True,True,299,True
f4,coin.desk.maker*0.5,3S,L,CONVERGED,CONVERGED,CONVERGED,0,0,0.8157585,False,0,3942,3942,3956,3956,0.8669728,0.8669728,0.8723452402011008,0,0,True,True,299,True
f4,coin.desk.maker*2,3S,L,CONVERGED,CONVERGED,CONVERGED,0,0,0.7450439,False,0,3825,3825,3825,3825,0.8065311,0.8065311,0.8065311137450184,0,0,True,True,299,True
f4,coin.desk.fodder*0.5,3S,L,CONVERGED,CONVERGED,CONVERGED,0,0,0.4427109,False,0,4328,4328,4328,4328,0.5524153,0.5524153,0.5524152949105188,1,1,True,True,299,True
f4,coin.desk.fodder*2,3S,L,CONVERGED,CONVERGED,CONVERGED,0,0,0.967329,False,0,4102,4102,4102,4102,0.9995231,0.9995231,0.9995230855359356,0,0,True,True,299,True
f4,coin.provider*0.5,3S,L,CONVERGED,CONVERGED,CONVERGED,0,0,0.8356315,False,0,4778,4778,4776,4776,0.8166556,0.8166556,0.8196760291076143,0,0,True,True,299,True
f4,coin.provider*2,3S,L,CONVERGED,CONVERGED,CONVERGED,0,0,0.9874588,False,0,4399,4399,4399,4399,0.9990716,0.9990716,0.9990716150066713,0,0,True,True,299,True
f4,coin.workers*0.5,3S,L,CONVERGED,CONVERGED,CONVERGED,0,0,0.8233177,False,0,4825,4825,4824,4824,0.8030668,0.8030668,0.8061523277647417,0,0,True,True,299,True
f4,coin.workers*2,3S,L,CONVERGED,CONVERGED,CONVERGED,0,0,0.9834402,False,0,4442,4442,4442,4442,0.9990253,0.9990253,0.9990252844527252,0,0,True,True,299,True
f4,w*2,3,10L,CONVERGED,CONVERGED,CONVERGED,0,0,0.8744044,False,0,3032,3032,3022,3022,0.9878198,0.9878198,0.9935070301005298,0,0,True,True,299,True
f4,r*2,3,10L,CONVERGED,CONVERGED,CONVERGED,46,40,0.2268186,True,45,6077,6081,6077,6081,0.01424033,0.223919,0.22357831518829765,60,60,False,False,2,False
f4,p[fodder]*2,3,10L,CONVERGED,CONVERGED,CONVERGED,0,0,0.3048066,False,0,4279,4279,4293,4293,0.3697506,0.3697506,0.36317955348953196,0,0,True,True,299,True
f4,p[horse]*2,3,10L,CONVERGED,CONVERGED,CONVERGED,0,0,0.8441573,False,0,2247,2247,2247,2247,0.8399964,0.8399964,0.8399964387878062,0,0,True,True,299,True
f4,p[traction]*2,3,10L,CONVERGED,CONVERGED,CONVERGED,0,0,0.6493424,False,0,3900,3900,3921,3921,0.6705975,0.6705975,0.6598915473257533,2,2,True,True,299,True
f4,p[good]*2,3,10L,CONVERGED,CONVERGED,CONVERGED,0,0,0.9975241,False,0,3357,3357,3364,3364,0.9999788,0.9999788,0.9999785715325044,0,0,True,True,299,True
f4,s*2,3,10L,CONVERGED,CONVERGED,CONVERGED,0,0,0.9457254,False,0,3420,3420,3406,3406,0.9596784,0.9596784,0.961579642370369,0,0,True,True,299,True
f4,JA(2),3,10L,CONVERGED,CONVERGED,CONVERGED,0,0,0.4172005,False,0,4110,4110,4138,4138,0.48514,0.48514,0.4710168867287391,3,3,True,True,299,True
f4,JB(2),3,10L,CONVERGED,CONVERGED,CONVERGED,0,0,0.5720566,False,0,4259,4259,4259,4259,0.5,0.5,0.5,21,21,True,True,299,True
f4,N(2),3,10L,CONVERGED,CONVERGED,CONVERGED,40,80,0.2279183,True,38,6096,6098,6094,6096,0.04240549,0.212263,0.21416421092091478,9,9,False,False,2,False
f4,w*0.5,3,10L,CONVERGED,CONVERGED,CONVERGED,0,0,0.9377893,False,0,3726,3726,3726,3726,0.9918937,0.9918937,0.9918936545090679,0,0,True,True,299,True
f4,r*0.5,3,10L,CONVERGED,CONVERGED,CONVERGED,0,0,0.999844,False,0,5260,5260,5260,5260,0.9997703,0.9997703,0.9997702768104202,0,0,True,True,299,True
f4,p[fodder]*0.5,3,10L,CONVERGED,CONVERGED,CONVERGED,0,0,0.4760833,False,0,4108,4108,4108,4108,0.6209494,0.6209494,0.62094935661921,0,0,True,True,299,True
f4,p[horse]*0.5,3,10L,CONVERGED,CONVERGED,CONVERGED,0,0,0.5,False,0,3240,3240,3240,3240,0.5,0.5,0.5,0,0,True,True,299,True
f4,p[traction]*0.5,3,10L,CONVERGED,CONVERGED,CONVERGED,0,0,0.6419124,False,0,3904,3904,3904,3904,0.6248013,0.6248013,0.6248012706390877,0,0,True,True,299,True
f4,p[good]*0.5,3,10L,CONVERGED,CONVERGED,CONVERGED,0,0,0.2608411,False,0,4656,4656,4656,4656,0.2588374,0.2588374,0.25883743789791536,0,0,True,True,299,True
f4,s*0.5,3,10L,CONVERGED,CONVERGED,CONVERGED,0,0,0.9942544,False,0,2522,2522,2522,2522,0.9999963,0.9999963,0.9999963076825803,0,0,True,True,299,True
f4,JA(0.5),3,10L,CONVERGED,CONVERGED,CONVERGED,2,4,0.2434763,True,2,4665,4664,4665,4664,0.253036,0.2691212,0.26912122192487037,9,9,False,False,2,False
f4,JB(0.5),3,10L,CONVERGED,CONVERGED,CONVERGED,10,20,0.2314181,True,11,4872,4812,4876,4811,0.08065301,0.2047004,0.2088801012768124,38,30,False,False,2,False
f4,N(0.5),3,10L,CONVERGED,CONVERGED,CONVERGED,0,0,0.9998439,False,0,5236,5236,5236,5236,0.9997729,0.9997729,0.9997728716791293,0,0,True,True,299,True
f4,x*/2,3,10L,CONVERGED,CONVERGED,CONVERGED,2,4,0.2452178,True,2,4573,4583,4567,4575,0.2537134,0.2586085,0.2609561603374855,7,7,False,False,2,False
f4,b*2@genesis,3,10L,CONVERGED,CONVERGED,CONVERGED,30,20,0.2178203,True,30,5524,5541,5524,5541,0.03095356,0.2361081,0.24027369359260098,9,9,False,False,2,False
f4,b*2@dated,3,10L,CONVERGED,CONVERGED,CONVERGED,30,22,0.2299404,True,30,5524,5541,5524,5541,0.03108633,0.2402737,0.24027369359260117,10,10,False,False,76,False
f4,b*0.5@genesis,3,10L,CONVERGED,CONVERGED,CONVERGED,0,0,0.9999975,False,0,5585,5585,5585,5585,1.0,1.0,1.0000000000000013,0,0,True,True,299,True
f4,b*0.5@dated,3,10L,CONVERGED,CONVERGED,CONVERGED,0,0,0.9999975,False,0,5585,5585,5585,5585,1.0,1.0,1.0000000000000007,0,0,True,True,373,True
f4,stock.good*0.5,3S,10L,CONVERGED,CONVERGED,CONVERGED,0,0,0.9695982,False,0,2207,2207,2207,2207,0.9712983,0.9712983,0.9712982948530058,0,0,True,True,299,True
f4,stock.good*2,3S,10L,CONVERGED,CONVERGED,CONVERGED,0,0,0.9541892,False,0,2867,2867,2438,2438,0.9656448,0.9656448,0.9834516650413295,0,0,True,True,299,True
f4,heads.capacity*0.5,3S,10L,CONVERGED,CONVERGED,CONVERGED,0,0,0.8475367,False,0,5239,5239,5238,5238,0.9979268,0.9979268,0.9998428114546533,41,41,True,True,299,True
f4,heads.capacity*2,3S,10L,CONVERGED,CONVERGED,CONVERGED,30,60,0.2288763,True,30,6301,6301,6301,6301,0.08688279,0.2164639,0.21646388017763202,0,0,False,False,2,False
f4,hours.capacity*0.5,3S,10L,CONVERGED,CONVERGED,CONVERGED,0,0,0.9330844,False,0,2489,2489,2489,2489,0.9341737,0.9341737,0.934173682985005,0,0,True,True,299,True
f4,hours.capacity*2,3S,10L,CONVERGED,CONVERGED,CONVERGED,0,0,0.9421783,False,0,2618,2618,2194,2194,0.9348562,0.9348562,0.9660952224385531,0,0,True,True,299,True
f4,own.maker*0.5,3S,10L,CONVERGED,CONVERGED,CONVERGED,0,0,0.9998946,False,0,5615,5615,5615,5615,0.9998447,0.9998447,0.9998446626459271,0,0,True,True,299,True
f4,own.maker*2,3S,10L,CONVERGED,CONVERGED,CONVERGED,0,0,1.0,False,0,4307,4307,4307,4307,1.0,1.0,1.0,0,0,True,True,299,True
f4,finished.maker*0.5,3S,10L,CONVERGED,CONVERGED,CONVERGED,0,0,0.935901,False,0,2764,2764,2764,2764,0.9536707,0.9536707,0.9536707451799146,0,0,True,True,299,True
f4,finished.maker*2,3S,10L,CONVERGED,CONVERGED,CONVERGED,0,0,0.6047537,False,0,2563,2563,2563,2563,0.6052593,0.6052593,0.6052593200040775,0,0,True,True,299,True
f4,stock.fodder*0.5,3S,10L,CONVERGED,CONVERGED,CONVERGED,0,0,0.9251287,False,0,2734,2734,2734,2734,0.953453,0.953453,0.9534529645936135,0,0,True,True,299,True
f4,stock.fodder*2,3S,10L,CONVERGED,CONVERGED,CONVERGED,0,0,0.8709713,False,0,2842,2842,2412,2412,0.9198411,0.9198411,0.9596779243819887,0,0,True,True,299,True
f4,coin.desk.good*0.5,3S,10L,CONVERGED,CONVERGED,CONVERGED,0,0,0.5106846,False,0,4708,4708,4706,4706,0.4812513,0.4812513,0.47607827614638887,0,0,True,True,299,True
f4,coin.desk.good*2,3S,10L,CONVERGED,CONVERGED,CONVERGED,0,0,0.8021288,False,0,4463,4463,4463,4463,0.9269696,0.9269696,0.9269696114419881,0,0,True,True,299,True
f4,coin.desk.capacity*0.5,3S,10L,CONVERGED,CONVERGED,CONVERGED,0,0,0.4465246,False,0,4585,4585,4585,4585,0.4265874,0.4265874,0.42315069560193586,0,0,True,True,299,True
f4,coin.desk.capacity*2,3S,10L,CONVERGED,CONVERGED,CONVERGED,0,0,0.9828102,False,0,4235,4235,4235,4235,0.9999258,0.9999258,0.9999257975003678,0,0,True,True,299,True
f4,coin.desk.maker*0.5,3S,10L,CONVERGED,CONVERGED,CONVERGED,0,0,0.8157585,False,0,3942,3942,3956,3956,0.8669728,0.8669728,0.8723452402011008,0,0,True,True,299,True
f4,coin.desk.maker*2,3S,10L,CONVERGED,CONVERGED,CONVERGED,0,0,0.7450439,False,0,3825,3825,3825,3825,0.8065311,0.8065311,0.8065311137450184,0,0,True,True,299,True
f4,coin.desk.fodder*0.5,3S,10L,CONVERGED,CONVERGED,CONVERGED,0,0,0.4427109,False,0,4328,4328,4328,4328,0.5524153,0.5524153,0.5524152949105188,1,1,True,True,299,True
f4,coin.desk.fodder*2,3S,10L,CONVERGED,CONVERGED,CONVERGED,0,0,0.967329,False,0,4102,4102,4102,4102,0.9995231,0.9995231,0.9995230855359356,0,0,True,True,299,True
f4,coin.provider*0.5,3S,10L,CONVERGED,CONVERGED,CONVERGED,0,0,0.8356315,False,0,4778,4778,4776,4776,0.8166556,0.8166556,0.8196760291076143,0,0,True,True,299,True
f4,coin.provider*2,3S,10L,CONVERGED,CONVERGED,CONVERGED,0,0,0.9874588,False,0,4399,4399,4399,4399,0.9990716,0.9990716,0.9990716150066713,0,0,True,True,299,True
f4,coin.workers*0.5,3S,10L,CONVERGED,CONVERGED,CONVERGED,0,0,0.8233177,False,0,4825,4825,4824,4824,0.8030668,0.8030668,0.8061523277647417,0,0,True,True,299,True
f4,coin.workers*2,3S,10L,CONVERGED,CONVERGED,CONVERGED,0,0,0.9834402,False,0,4442,4442,4442,4442,0.9990253,0.9990253,0.9990252844527252,0,0,True,True,299,True
f5,w*1.05,1,L,CONVERGED,CONVERGED,CONVERGED,0,0,0.9927127,False,0,338,338,319,319,0.9946111,0.9946111,0.9946965927640138,0,0,True,True,326,True
f5,r*1.05,1,L,CONVERGED,CONVERGED,CONVERGED,0,0,0.9335056,False,0,3609,3609,3609,3609,0.9518596,0.9518596,0.9518596288101462,0,0,True,True,326,True
f5,p[fodder]*1.05,1,L,CONVERGED,CONVERGED,CONVERGED,0,0,0.9364818,False,0,1648,1648,1660,1660,0.9571102,0.9571102,0.9566027244557158,0,0,True,True,326,True
f5,p[horse]*1.05,1,L,CONVERGED,CONVERGED,CONVERGED,0,0,0.985432,False,0,140,140,140,140,0.9853129,0.9853129,0.9853129336165501,0,0,True,True,326,True
f5,p[traction]*1.05,1,L,CONVERGED,CONVERGED,CONVERGED,0,0,0.9762406,False,0,1432,1432,1480,1480,0.9837309,0.9837309,0.9827012618241122,0,0,True,True,326,True
f5,p[good]*1.05,1,L,CONVERGED,CONVERGED,CONVERGED,0,0,0.9949216,False,0,223,223,228,228,0.99629,0.99629,0.9961387939990087,0,0,True,True,326,True
f5,s*1.05,1,L,CONVERGED,CONVERGED,CONVERGED,0,0,0.9801683,False,0,1348,1348,1344,1344,0.9861267,0.9861267,0.9863678920128485,0,0,True,True,326,True
f5,JA(1.05),1,L,CONVERGED,CONVERGED,CONVERGED,0,0,0.9073198,False,0,1851,1851,1872,1872,0.9310158,0.9310158,0.9304306898250242,0,0,True,True,326,True
f5,JB(1.05),1,L,CONVERGED,CONVERGED,CONVERGED,0,0,0.899528,False,0,2072,2072,2065,2065,0.9250307,0.9250307,0.9256337193655331,0,0,True,True,326,True
f5,N(1.05),1,L,CONVERGED,CONVERGED,CONVERGED,0,0,0.9159771,False,0,3640,3640,3638,3638,0.9176336,0.9176336,0.9208924702830866,0,0,True,True,326,True
f5,w*0.95,1,L,CONVERGED,CONVERGED,CONVERGED,0,0,0.999014,False,0,1183,1183,1183,1183,1.0,1.0,1.0,0,0,True,True,326,True
f5,r*0.95,1,L,CONVERGED,CONVERGED,CONVERGED,0,0,1.0,False,0,2534,2534,2534,2534,1.0,1.0,1.000000000000037,0,0,True,True,326,True
f5,p[fodder]*0.95,1,L,CONVERGED,CONVERGED,CONVERGED,0,0,0.9298169,False,0,1809,1809,1809,1809,0.9556338,0.9556338,0.9556338256976775,0,0,True,True,326,True
f5,p[horse]*0.95,1,L,CONVERGED,CONVERGED,CONVERGED,0,0,0.95,False,0,610,610,610,610,0.95,0.95,0.95,0,0,True,True,326,True
f5,p[traction]*0.95,1,L,CONVERGED,CONVERGED,CONVERGED,0,0,0.9665798,False,0,1325,1325,1325,1325,0.9648617,0.9648617,0.9648616597202857,0,0,True,True,326,True
f5,p[good]*0.95,1,L,CONVERGED,CONVERGED,CONVERGED,0,0,0.959087,False,0,1931,1931,1931,1931,0.9713312,0.9713312,0.9713311800320635,0,0,True,True,326,True
f5,s*0.95,1,L,CONVERGED,CONVERGED,CONVERGED,0,0,0.9885422,False,0,564,564,564,564,0.9891603,0.9891603,0.9891603247123181,0,0,True,True,326,True
f5,JA(0.95),1,L,CONVERGED,CONVERGED,CONVERGED,0,0,0.9322779,False,0,1888,1888,1890,1890,0.95,0.95,0.95,0,0,True,True,326,True
f5,JB(0.95),1,L,CONVERGED,CONVERGED,CONVERGED,0,0,0.9042163,False,0,2526,2526,2540,2540,0.9318146,0.9318146,0.9301278530524495,0,0,True,True,326,True
f5,N(0.95),1,L,CONVERGED,CONVERGED,CONVERGED,0,0,1.0,False,0,2539,2539,2539,2539,1.0,1.0,1.0,0,0,True,True,326,True
f5,w*1.2,2,L,CONVERGED,CONVERGED,CONVERGED,0,0,0.9714744,False,0,1299,1299,1255,1255,0.9784447,0.9784447,0.9784581074164682,0,0,True,True,326,True
f5,r*1.2,2,L,CONVERGED,CONVERGED,CONVERGED,0,0,0.6814219,False,0,4448,4448,4448,4448,0.7320156,0.7320156,0.7324540047632816,0,0,True,True,326,True
f5,p[fodder]*1.2,2,L,CONVERGED,CONVERGED,CONVERGED,0,0,0.7725142,False,0,2595,2595,2605,2605,0.8361262,0.8361262,0.8340951236423332,0,0,True,True,326,True
f5,p[horse]*1.2,2,L,CONVERGED,CONVERGED,CONVERGED,0,0,0.9417279,False,0,555,555,555,555,0.9410236,0.9410236,0.9410236263206414,0,0,True,True,326,True
f5,p[traction]*1.2,2,L,CONVERGED,CONVERGED,CONVERGED,0,0,0.9147349,False,0,2337,2337,2371,2371,0.9398661,0.9398661,0.9367805423697804,0,0,True,True,326,True
f5,p[good]*1.2,2,L,CONVERGED,CONVERGED,CONVERGED,0,0,0.9812455,False,0,1196,1196,1221,1221,0.9862849,0.9862849,0.9858713812630977,0,0,True,True,326,True
f5,s*1.2,2,L,CONVERGED,CONVERGED,CONVERGED,0,0,0.9231479,False,0,2305,2305,2304,2304,0.939246,0.939246,0.9402929512851976,0,0,True,True,326,True
f5,JA(1.2),2,L,CONVERGED,CONVERGED,CONVERGED,0,0,0.6747965,False,0,2799,2799,2815,2815,0.7292291,0.7292291,0.7266067323539268,0,0,True,True,326,True
f5,JB(1.2),2,L,CONVERGED,CONVERGED,CONVERGED,0,0,0.6818591,False,0,2953,2953,2948,2948,0.7452184,0.7452184,0.7469225130195561,0,0,True,True,326,True
f5,N(1.2),2,L,CONVERGED,CONVERGED,CONVERGED,0,0,0.7051787,False,0,4479,4479,4477,4477,0.7149331,0.7149331,0.7233029493879412,0,0,True,True,326,True
f5,w*0.8,2,L,CONVERGED,CONVERGED,CONVERGED,0,0,0.9935453,False,0,2250,2250,2250,2250,1.0,1.0,1.0,0,0,True,True,326,True
f5,r*0.8,2,L,CONVERGED,CONVERGED,CONVERGED,0,0,1.0,False,0,3556,3556,3556,3556,1.0,1.0,1.0000000000000375,0,0,True,True,326,True
f5,p[fodder]*0.8,2,L,CONVERGED,CONVERGED,CONVERGED,0,0,0.7253854,False,0,2780,2780,2780,2780,0.8051371,0.8051371,0.8051371457463055,0,0,True,True,326,True
f5,p[horse]*0.8,2,L,CONVERGED,CONVERGED,CONVERGED,0,0,0.8,False,0,1907,1907,1907,1907,0.8,0.8,0.8,0,0,True,True,326,True
f5,p[traction]*0.8,2,L,CONVERGED,CONVERGED,CONVERGED,0,0,0.861703,False,0,2341,2341,2341,2341,0.8526408,0.8526408,0.8526408082171396,0,0,True,True,326,True
f5,p[good]*0.8,2,L,CONVERGED,CONVERGED,CONVERGED,0,0,0.8195308,False,0,2969,2969,2969,2969,0.8538393,0.8538393,0.8538392641879544,0,0,True,True,326,True
f5,s*0.8,2,L,CONVERGED,CONVERGED,CONVERGED,0,0,0.9593915,False,0,1815,1815,1815,1815,0.9609068,0.9609068,0.9609068061767293,0,0,True,True,326,True
f5,JA(0.8),2,L,CONVERGED,CONVERGED,CONVERGED,0,0,0.7391792,False,0,2874,2874,2875,2875,0.8,0.8,0.8,0,0,True,True,326,True
f5,JB(0.8),2,L,CONVERGED,CONVERGED,CONVERGED,0,0,0.644502,False,0,3535,3535,3546,3546,0.6873102,0.6873102,0.6798512871807729,0,0,True,True,326,True
f5,N(0.8),2,L,CONVERGED,CONVERGED,CONVERGED,0,0,1.0,False,0,3559,3559,3559,3559,1.0,1.0,1.0,0,0,True,True,326,True
f5,w*2,3,L,CONVERGED,CONVERGED,CONVERGED,0,0,0.8719796,False,0,2450,2450,2422,2422,0.9188249,0.9188249,0.9243551392657982,0,0,True,True,326,True
f5,r*2,3,L,CONVERGED,CONVERGED,CONVERGED,29,22,0.2298609,True,29,5352,5357,5352,5357,0.0334463,0.2323652,0.23159182518402185,42,42,False,False,2,False
f5,p[fodder]*2,3,L,CONVERGED,CONVERGED,CONVERGED,0,0,0.3012552,False,0,3769,3769,3785,3785,0.372895,0.372895,0.36612568493322006,0,0,True,True,326,True
f5,p[horse]*2,3,L,CONVERGED,CONVERGED,CONVERGED,0,0,0.8439278,False,0,1615,1615,1615,1615,0.8394822,0.8394822,0.8394822206274914,0,0,True,True,326,True
f5,p[traction]*2,3,L,CONVERGED,CONVERGED,CONVERGED,0,0,0.7331645,False,0,3223,3223,3242,3242,0.7465631,0.7465631,0.738843482815348,0,0,True,True,326,True
f5,p[good]*2,3,L,CONVERGED,CONVERGED,CONVERGED,0,0,0.928932,False,0,2095,2095,2105,2105,0.9483882,0.9483882,0.9475746184650304,2,2,True,True,326,True
f5,s*2,3,L,CONVERGED,CONVERGED,CONVERGED,0,0,0.5587938,False,0,3535,3535,3528,3528,0.5640865,0.5640865,0.5681084420446167,2,2,True,True,326,True
f5,JA(2),3,L,CONVERGED,CONVERGED,CONVERGED,0,0,0.2772728,False,0,3804,3804,3807,3807,0.303091,0.303091,0.3014618637644836,8,8,True,True,326,True
f5,JB(2),3,L,CONVERGED,CONVERGED,CONVERGED,0,0,0.4643982,False,0,3804,3804,3801,3801,0.5,0.5,0.5,39,39,True,True,326,True
f5,N(2),3,L,CONVERGED,CONVERGED,CONVERGED,23,46,0.228855,True,23,5377,5380,5376,5379,0.05511301,0.2206275,0.21914121033975784,2,2,False,False,2,False
f5,w*0.5,3,L,CONVERGED,CONVERGED,CONVERGED,0,0,0.9520621,False,0,3044,3044,3044,3044,0.9814647,0.9814647,0.9814646967645037,0,0,True,True,326,True
f5,r*0.5,3,L,CONVERGED,CONVERGED,CONVERGED,0,0,1.0,False,0,4501,4501,4501,4501,1.0,1.0,1.0000000000000375,0,0,True,True,326,True
f5,p[fodder]*0.5,3,L,CONVERGED,CONVERGED,CONVERGED,0,0,0.4213226,False,0,3550,3550,3550,3550,0.5210712,0.5210712,0.5210712311959504,4,4,True,True,326,True
f5,p[horse]*0.5,3,L,CONVERGED,CONVERGED,CONVERGED,0,0,0.5,False,0,2716,2716,2716,2716,0.5,0.5,0.5,0,0,True,True,326,True
f5,p[traction]*0.5,3,L,CONVERGED,CONVERGED,CONVERGED,0,0,0.6082457,False,0,3189,3189,3189,3189,0.5895705,0.5895705,0.5895705359851193,0,0,True,True,326,True
f5,p[good]*0.5,3,L,CONVERGED,CONVERGED,CONVERGED,0,0,0.3727482,False,0,3891,3891,3891,3891,0.3801219,0.3801219,0.380121934029794,0,0,True,True,326,True
f5,s*0.5,3,L,CONVERGED,CONVERGED,CONVERGED,0,0,0.9184987,False,0,2340,2340,2340,2340,0.9263741,0.9263741,0.9263741121003487,0,0,True,True,326,True
f5,JA(0.5),3,L,CONVERGED,CONVERGED,CONVERGED,0,0,0.3601772,False,0,3759,3759,3759,3759,0.4412558,0.4412558,0.44125581697986466,0,0,True,True,326,True
f5,JB(0.5),3,L,CONVERGED,CONVERGED,CONVERGED,8,14,0.2330617,True,8,4167,4117,4169,4119,0.1019149,0.2056325,0.205129737929368,48,46,False,False,2,False
f5,N(0.5),3,L,CONVERGED,CONVERGED,CONVERGED,0,0,1.0,False,0,4508,4508,4508,4508,1.0,1.0,1.0,0,0,True,True,326,True
f5,x*/2,3,L,CONVERGED,CONVERGED,CONVERGED,0,0,0.4528243,False,0,3670,3670,3664,3664,0.4578371,0.4578371,0.4623636473813505,4,4,True,True,326,True
f5,b*1.1@genesis,2,L,CONVERGED,CONVERGED,CONVERGED,0,0,0.8526853,False,0,3101,3101,3100,3100,0.887662,0.887662,0.887980952443569,0,0,True,True,326,True
f5,b*1.1@dated,2,L,CONVERGED,CONVERGED,CONVERGED,0,0,0.8529537,False,0,3100,3100,3100,3100,0.887981,0.887981,0.8879809524435689,0,0,True,True,406,True
f5,b*0.9@genesis,2,L,CONVERGED,CONVERGED,CONVERGED,0,0,1.0,False,0,3979,3979,3979,3979,1.0,1.0,1.0000000000000322,0,0,True,True,326,True
f5,b*0.9@dated,2,L,CONVERGED,CONVERGED,CONVERGED,0,0,1.0,False,0,3979,3979,3979,3979,1.0,1.0,1.0000000000000326,0,0,True,True,406,True
f5,b*0.5@genesis,3,L,CONVERGED,CONVERGED,CONVERGED,0,0,1.0,False,0,5185,5185,5185,5185,1.0,1.0,1.0000000000000342,253,253,True,True,326,True
f5,b*0.5@dated,3,L,CONVERGED,CONVERGED,CONVERGED,0,0,1.0,False,0,5185,5185,5185,5185,1.0,1.0,1.0000000000000373,253,253,True,True,406,True
f5,stock.good*0.5,3S,L,CONVERGED,CONVERGED,CONVERGED,0,0,0.9740487,False,0,1398,1398,1398,1398,0.9761059,0.9761059,0.9761059303695915,0,0,True,True,326,True
f5,stock.good*2,3S,L,CONVERGED,CONVERGED,CONVERGED,0,0,0.959725,False,0,1920,1920,1392,1392,0.9717999,0.9717999,0.9861903410827347,0,0,True,True,326,True
f5,heads.capacity*0.5,3S,L,CONVERGED,CONVERGED,CONVERGED,0,0,0.8142394,False,0,4610,4610,4609,4609,0.9738232,0.9738232,0.9845713918150225,42,42,True,True,326,True
f5,heads.capacity*2,3S,L,CONVERGED,CONVERGED,CONVERGED,28,56,0.2286382,True,28,5440,5456,5440,5456,0.07643629,0.223314,0.22331399135598845,0,0,False,False,2,False
f5,hours.capacity*0.5,3S,L,CONVERGED,CONVERGED,CONVERGED,0,0,0.9308874,False,0,1951,1951,1951,1951,0.9303374,0.9303374,0.9303374335796577,0,0,True,True,326,True
f5,hours.capacity*2,3S,L,CONVERGED,CONVERGED,CONVERGED,0,0,0.9363521,False,0,1798,1798,1305,1305,0.9326751,0.9326751,0.9657360900505829,0,0,True,True,326,True
f5,own.maker*0.5,3S,L,CONVERGED,CONVERGED,CONVERGED,0,0,1.0,False,0,4984,4984,4984,4984,1.0,1.0,1.0,0,0,True,True,326,True
f5,own.maker*2,3S,L,CONVERGED,CONVERGED,CONVERGED,0,0,1.0,False,0,4307,4307,4307,4307,1.0,1.0,1.0,0,0,True,True,326,True
f5,finished.maker*0.5,3S,L,CONVERGED,CONVERGED,CONVERGED,0,0,0.9360963,False,0,2196,2196,2196,2196,0.9539507,0.9539507,0.9539506600503608,0,0,True,True,326,True
f5,finished.maker*2,3S,L,CONVERGED,CONVERGED,CONVERGED,0,0,0.6049588,False,0,2104,2104,2104,2104,0.6055189,0.6055189,0.6055188542977852,0,0,True,True,326,True
f5,stock.fodder*0.5,3S,L,CONVERGED,CONVERGED,CONVERGED,0,0,0.9262774,False,0,2096,2096,2096,2096,0.9545085,0.9545085,0.9545084901370532,0,0,True,True,326,True
f5,stock.fodder*2,3S,L,CONVERGED,CONVERGED,CONVERGED,0,0,0.8666914,False,0,2255,2255,1793,1793,0.9130716,0.9130716,0.9567544823068364,0,0,True,True,326,True
f5,coin.desk.good*0.5,3S,L,CONVERGED,CONVERGED,CONVERGED,0,0,0.5074776,False,0,4501,4501,4500,4500,0.4829024,0.4829024,0.4815871581570376,1,1,True,True,326,True
f5,coin.desk.good*2,3S,L,CONVERGED,CONVERGED,CONVERGED,0,0,0.9155653,False,0,3850,3850,3850,3850,1.0,1.0,1.0,0,0,True,True,326,True
f5,coin.desk.capacity*0.5,3S,L,CONVERGED,CONVERGED,CONVERGED,0,0,0.4482315,False,0,4096,4096,4097,4097,0.4291206,0.4291206,0.42561744106865096,0,0,True,True,326,True
f5,coin.desk.capacity*2,3S,L,CONVERGED,CONVERGED,CONVERGED,0,0,0.872358,False,0,3506,3506,3506,3506,1.0,1.0,1.0,0,0,True,True,326,True
f5,coin.desk.maker*0.5,3S,L,CONVERGED,CONVERGED,CONVERGED,0,0,0.7978726,False,0,3528,3528,3533,3533,0.8423029,0.8423029,0.8530360026667162,0,0,True,True,326,True
f5,coin.desk.maker*2,3S,L,CONVERGED,CONVERGED,CONVERGED,0,0,0.7080501,False,0,3094,3094,3094,3094,0.7931633,0.7931633,0.7931633407778454,0,0,True,True,326,True
f5,coin.desk.fodder*0.5,3S,L,CONVERGED,CONVERGED,CONVERGED,0,0,0.4412144,False,0,3965,3965,3965,3965,0.535403,0.535403,0.5354029828312128,1,1,True,True,326,True
f5,coin.desk.fodder*2,3S,L,CONVERGED,CONVERGED,CONVERGED,0,0,0.9995895,False,0,3340,3340,3340,3340,0.9987021,0.9987021,0.9987021053391245,0,0,True,True,326,True
f5,coin.provider*0.5,3S,L,CONVERGED,CONVERGED,CONVERGED,0,0,0.9526558,False,0,3174,3174,3177,3177,0.9467946,0.9467946,0.9490571344071311,0,0,True,True,326,True
f5,coin.provider*2,3S,L,CONVERGED,CONVERGED,CONVERGED,0,0,0.999957,False,0,2571,2571,2571,2571,0.9998639,0.9998639,0.9998639231507057,0,0,True,True,326,True
f5,coin.workers*0.5,3S,L,CONVERGED,CONVERGED,CONVERGED,0,0,0.8606462,False,0,3872,3872,3874,3874,0.8453349,0.8453349,0.8491748855610244,0,0,True,True,326,True
f5,coin.workers*2,3S,L,CONVERGED,CONVERGED,CONVERGED,0,0,0.9998843,False,0,3247,3247,3247,3247,0.9996338,0.9996338,0.9996338173663871,0,0,True,True,326,True
f5,w*2,3,10L,CONVERGED,CONVERGED,CONVERGED,0,0,0.8719796,False,0,2450,2450,2422,2422,0.9188249,0.9188249,0.9243551392657982,0,0,True,True,326,True
f5,r*2,3,10L,CONVERGED,CONVERGED,CONVERGED,29,22,0.2298609,True,29,5352,5357,5352,5357,0.0334463,0.2323652,0.23159182518402185,42,42,False,False,2,False
f5,p[fodder]*2,3,10L,CONVERGED,CONVERGED,CONVERGED,0,0,0.3012552,False,0,3769,3769,3785,3785,0.372895,0.372895,0.36612568493322006,0,0,True,True,326,True
f5,p[horse]*2,3,10L,CONVERGED,CONVERGED,CONVERGED,0,0,0.8439278,False,0,1615,1615,1615,1615,0.8394822,0.8394822,0.8394822206274914,0,0,True,True,326,True
f5,p[traction]*2,3,10L,CONVERGED,CONVERGED,CONVERGED,0,0,0.7331645,False,0,3223,3223,3242,3242,0.7465631,0.7465631,0.738843482815348,0,0,True,True,326,True
f5,p[good]*2,3,10L,CONVERGED,CONVERGED,CONVERGED,0,0,0.928932,False,0,2095,2095,2105,2105,0.9483882,0.9483882,0.9475746184650304,2,2,True,True,326,True
f5,s*2,3,10L,CONVERGED,CONVERGED,CONVERGED,0,0,0.5587938,False,0,3535,3535,3528,3528,0.5640865,0.5640865,0.5681084420446167,2,2,True,True,326,True
f5,JA(2),3,10L,CONVERGED,CONVERGED,CONVERGED,0,0,0.2772728,False,0,3804,3804,3807,3807,0.303091,0.303091,0.3014618637644836,8,8,True,True,326,True
f5,JB(2),3,10L,CONVERGED,CONVERGED,CONVERGED,0,0,0.4643982,False,0,3804,3804,3801,3801,0.5,0.5,0.5,39,39,True,True,326,True
f5,N(2),3,10L,CONVERGED,CONVERGED,CONVERGED,23,46,0.228855,True,23,5377,5380,5376,5379,0.05511301,0.2206275,0.21914121033975784,2,2,False,False,2,False
f5,w*0.5,3,10L,CONVERGED,CONVERGED,CONVERGED,0,0,0.9520621,False,0,3044,3044,3044,3044,0.9814647,0.9814647,0.9814646967645037,0,0,True,True,326,True
f5,r*0.5,3,10L,CONVERGED,CONVERGED,CONVERGED,0,0,1.0,False,0,4501,4501,4501,4501,1.0,1.0,1.0000000000000375,0,0,True,True,326,True
f5,p[fodder]*0.5,3,10L,CONVERGED,CONVERGED,CONVERGED,0,0,0.4213226,False,0,3550,3550,3550,3550,0.5210712,0.5210712,0.5210712311959504,4,4,True,True,326,True
f5,p[horse]*0.5,3,10L,CONVERGED,CONVERGED,CONVERGED,0,0,0.5,False,0,2716,2716,2716,2716,0.5,0.5,0.5,0,0,True,True,326,True
f5,p[traction]*0.5,3,10L,CONVERGED,CONVERGED,CONVERGED,0,0,0.6082457,False,0,3189,3189,3189,3189,0.5895705,0.5895705,0.5895705359851193,0,0,True,True,326,True
f5,p[good]*0.5,3,10L,CONVERGED,CONVERGED,CONVERGED,0,0,0.3727482,False,0,3891,3891,3891,3891,0.3801219,0.3801219,0.380121934029794,0,0,True,True,326,True
f5,s*0.5,3,10L,CONVERGED,CONVERGED,CONVERGED,0,0,0.9184987,False,0,2340,2340,2340,2340,0.9263741,0.9263741,0.9263741121003487,0,0,True,True,326,True
f5,JA(0.5),3,10L,CONVERGED,CONVERGED,CONVERGED,0,0,0.3601772,False,0,3759,3759,3759,3759,0.4412558,0.4412558,0.44125581697986466,0,0,True,True,326,True
f5,JB(0.5),3,10L,CONVERGED,CONVERGED,CONVERGED,8,14,0.2330617,True,8,4167,4117,4169,4119,0.1019149,0.2056325,0.205129737929368,48,46,False,False,2,False
f5,N(0.5),3,10L,CONVERGED,CONVERGED,CONVERGED,0,0,1.0,False,0,4508,4508,4508,4508,1.0,1.0,1.0,0,0,True,True,326,True
f5,x*/2,3,10L,CONVERGED,CONVERGED,CONVERGED,0,0,0.4528243,False,0,3670,3670,3664,3664,0.4578371,0.4578371,0.4623636473813505,4,4,True,True,326,True
f5,b*0.5@genesis,3,10L,CONVERGED,CONVERGED,CONVERGED,0,0,1.0,False,0,5185,5185,5185,5185,1.0,1.0,1.0000000000000342,253,253,True,True,326,True
f5,b*0.5@dated,3,10L,CONVERGED,CONVERGED,CONVERGED,0,0,1.0,False,0,5185,5185,5185,5185,1.0,1.0,1.0000000000000373,253,253,True,True,406,True
f5,stock.good*0.5,3S,10L,CONVERGED,CONVERGED,CONVERGED,0,0,0.9740487,False,0,1398,1398,1398,1398,0.9761059,0.9761059,0.9761059303695915,0,0,True,True,326,True
f5,stock.good*2,3S,10L,CONVERGED,CONVERGED,CONVERGED,0,0,0.959725,False,0,1920,1920,1392,1392,0.9717999,0.9717999,0.9861903410827347,0,0,True,True,326,True
f5,heads.capacity*0.5,3S,10L,CONVERGED,CONVERGED,CONVERGED,0,0,0.8142394,False,0,4610,4610,4609,4609,0.9738232,0.9738232,0.9845713918150225,42,42,True,True,326,True
f5,heads.capacity*2,3S,10L,CONVERGED,CONVERGED,CONVERGED,28,56,0.2286382,True,28,5440,5456,5440,5456,0.07643629,0.223314,0.22331399135598845,0,0,False,False,2,False
f5,hours.capacity*0.5,3S,10L,CONVERGED,CONVERGED,CONVERGED,0,0,0.9308874,False,0,1951,1951,1951,1951,0.9303374,0.9303374,0.9303374335796577,0,0,True,True,326,True
f5,hours.capacity*2,3S,10L,CONVERGED,CONVERGED,CONVERGED,0,0,0.9363521,False,0,1798,1798,1305,1305,0.9326751,0.9326751,0.9657360900505829,0,0,True,True,326,True
f5,own.maker*0.5,3S,10L,CONVERGED,CONVERGED,CONVERGED,0,0,1.0,False,0,4984,4984,4984,4984,1.0,1.0,1.0,0,0,True,True,326,True
f5,own.maker*2,3S,10L,CONVERGED,CONVERGED,CONVERGED,0,0,1.0,False,0,4307,4307,4307,4307,1.0,1.0,1.0,0,0,True,True,326,True
f5,finished.maker*0.5,3S,10L,CONVERGED,CONVERGED,CONVERGED,0,0,0.9360963,False,0,2196,2196,2196,2196,0.9539507,0.9539507,0.9539506600503608,0,0,True,True,326,True
f5,finished.maker*2,3S,10L,CONVERGED,CONVERGED,CONVERGED,0,0,0.6049588,False,0,2104,2104,2104,2104,0.6055189,0.6055189,0.6055188542977852,0,0,True,True,326,True
f5,stock.fodder*0.5,3S,10L,CONVERGED,CONVERGED,CONVERGED,0,0,0.9262774,False,0,2096,2096,2096,2096,0.9545085,0.9545085,0.9545084901370532,0,0,True,True,326,True
f5,stock.fodder*2,3S,10L,CONVERGED,CONVERGED,CONVERGED,0,0,0.8666914,False,0,2255,2255,1793,1793,0.9130716,0.9130716,0.9567544823068364,0,0,True,True,326,True
f5,coin.desk.good*0.5,3S,10L,CONVERGED,CONVERGED,CONVERGED,0,0,0.5074776,False,0,4501,4501,4500,4500,0.4829024,0.4829024,0.4815871581570376,1,1,True,True,326,True
f5,coin.desk.good*2,3S,10L,CONVERGED,CONVERGED,CONVERGED,0,0,0.9155653,False,0,3850,3850,3850,3850,1.0,1.0,1.0,0,0,True,True,326,True
f5,coin.desk.capacity*0.5,3S,10L,CONVERGED,CONVERGED,CONVERGED,0,0,0.4482315,False,0,4096,4096,4097,4097,0.4291206,0.4291206,0.42561744106865096,0,0,True,True,326,True
f5,coin.desk.capacity*2,3S,10L,CONVERGED,CONVERGED,CONVERGED,0,0,0.872358,False,0,3506,3506,3506,3506,1.0,1.0,1.0,0,0,True,True,326,True
f5,coin.desk.maker*0.5,3S,10L,CONVERGED,CONVERGED,CONVERGED,0,0,0.7978726,False,0,3528,3528,3533,3533,0.8423029,0.8423029,0.8530360026667162,0,0,True,True,326,True
f5,coin.desk.maker*2,3S,10L,CONVERGED,CONVERGED,CONVERGED,0,0,0.7080501,False,0,3094,3094,3094,3094,0.7931633,0.7931633,0.7931633407778454,0,0,True,True,326,True
f5,coin.desk.fodder*0.5,3S,10L,CONVERGED,CONVERGED,CONVERGED,0,0,0.4412144,False,0,3965,3965,3965,3965,0.535403,0.535403,0.5354029828312128,1,1,True,True,326,True
f5,coin.desk.fodder*2,3S,10L,CONVERGED,CONVERGED,CONVERGED,0,0,0.9995895,False,0,3340,3340,3340,3340,0.9987021,0.9987021,0.9987021053391245,0,0,True,True,326,True
f5,coin.provider*0.5,3S,10L,CONVERGED,CONVERGED,CONVERGED,0,0,0.9526558,False,0,3174,3174,3177,3177,0.9467946,0.9467946,0.9490571344071311,0,0,True,True,326,True
f5,coin.provider*2,3S,10L,CONVERGED,CONVERGED,CONVERGED,0,0,0.999957,False,0,2571,2571,2571,2571,0.9998639,0.9998639,0.9998639231507057,0,0,True,True,326,True
f5,coin.workers*0.5,3S,10L,CONVERGED,CONVERGED,CONVERGED,0,0,0.8606462,False,0,3872,3872,3874,3874,0.8453349,0.8453349,0.8491748855610244,0,0,True,True,326,True
f5,coin.workers*2,3S,10L,CONVERGED,CONVERGED,CONVERGED,0,0,0.9998843,False,0,3247,3247,3247,3247,0.9996338,0.9996338,0.9996338173663871,0,0,True,True,326,True
f6,w*1.05,1,L,CONVERGED,CONVERGED,CONVERGED,0,0,0.9927127,False,0,333,333,318,318,0.994675,0.994675,0.9947522235676273,0,0,True,True,326,True
f6,r*1.05,1,L,CONVERGED,CONVERGED,CONVERGED,0,0,0.9349908,False,0,3020,3020,3020,3020,0.9518596,0.9518596,0.9518596288101461,0,0,True,True,326,True
f6,p[fodder]*1.05,1,L,CONVERGED,CONVERGED,CONVERGED,0,0,0.9367348,False,0,1477,1477,1486,1486,0.9573667,0.9573667,0.9568625027393077,0,0,True,True,326,True
f6,p[horse]*1.05,1,L,CONVERGED,CONVERGED,CONVERGED,0,0,0.9855185,False,0,141,141,141,141,0.9853977,0.9853977,0.9853976593240157,0,0,True,True,326,True
f6,p[traction]*1.05,1,L,CONVERGED,CONVERGED,CONVERGED,0,0,0.9762157,False,0,1314,1314,1351,1351,0.9837243,0.9837243,0.9826286854008686,0,0,True,True,326,True
f6,p[good]*1.05,1,L,CONVERGED,CONVERGED,CONVERGED,0,0,0.9949991,False,0,218,218,221,221,0.9963442,0.9963442,0.9961960322656408,0,0,True,True,326,True
f6,s*1.05,1,L,CONVERGED,CONVERGED,CONVERGED,0,0,0.9802023,False,0,1254,1254,1251,1251,0.9862422,0.9862422,0.9863714628507594,0,0,True,True,326,True
f6,JA(1.05),1,L,CONVERGED,CONVERGED,CONVERGED,0,0,0.9076926,False,0,1640,1640,1656,1656,0.9313192,0.9313192,0.9307382156733195,0,0,True,True,326,True
f6,JB(1.05),1,L,CONVERGED,CONVERGED,CONVERGED,0,0,0.8999438,False,0,1820,1820,1815,1815,0.9254119,0.9254119,0.9260137080608742,0,0,True,True,326,True
f6,N(1.05),1,L,CONVERGED,CONVERGED,CONVERGED,0,0,0.9163469,False,0,3050,3050,3048,3048,0.9179987,0.9179987,0.921266020080732,0,0,True,True,326,True
f6,w*0.95,1,L,CONVERGED,CONVERGED,CONVERGED,0,0,0.9991608,False,0,1104,1104,1104,1104,1.0,1.0,1.0,0,0,True,True,326,True
f6,r*0.95,1,L,CONVERGED,CONVERGED,CONVERGED,0,0,1.0,False,0,2185,2185,2185,2185,1.0,1.0,1.0000000000000373,0,0,True,True,326,True
f6,p[fodder]*0.95,1,L,CONVERGED,CONVERGED,CONVERGED,0,0,0.9302066,False,0,1608,1608,1608,1608,0.9559686,0.9559686,0.9559685527358238,0,0,True,True,326,True
f6,p[horse]*0.95,1,L,CONVERGED,CONVERGED,CONVERGED,0,0,0.95,False,0,547,547,547,547,0.95,0.95,0.95,0,0,True,True,326,True
f6,p[traction]*0.95,1,L,CONVERGED,CONVERGED,CONVERGED,0,0,0.9666932,False,0,1238,1238,1238,1238,0.9649686,0.9649686,0.9649686274319335,0,0,True,True,326,True
f6,p[good]*0.95,1,L,CONVERGED,CONVERGED,CONVERGED,0,0,0.95896,False,0,1699,1699,1699,1699,0.9711611,0.9711611,0.9711611421736055,0,0,True,True,326,True
f6,s*0.95,1,L,CONVERGED,CONVERGED,CONVERGED,0,0,0.988694,False,0,519,519,519,519,0.9892459,0.9892459,0.9892458779947649,0,0,True,True,326,True
f6,JA(0.95),1,L,CONVERGED,CONVERGED,CONVERGED,0,0,0.9327625,False,0,1671,1671,1673,1673,0.95,0.95,0.95,0,0,True,True,326,True
f6,JB(0.95),1,L,CONVERGED,CONVERGED,CONVERGED,0,0,0.9040596,False,0,2174,2174,2185,2185,0.9316754,0.9316754,0.9297761740615336,0,0,True,True,326,True
f6,N(0.95),1,L,CONVERGED,CONVERGED,CONVERGED,0,0,1.0,False,0,2189,2189,2189,2189,1.0,1.0,1.0,0,0,True,True,326,True
f6,w*1.2,2,L,CONVERGED,CONVERGED,CONVERGED,0,0,0.9714744,False,0,1205,1205,1171,1171,0.9787027,0.9787027,0.9786874318486596,0,0,True,True,326,True
f6,r*1.2,2,L,CONVERGED,CONVERGED,CONVERGED,0,0,0.6884667,False,0,3691,3691,3691,3691,0.7394248,0.7394248,0.739862577547993,0,0,True,True,326,True
f6,p[fodder]*1.2,2,L,CONVERGED,CONVERGED,CONVERGED,0,0,0.7733801,False,0,2228,2228,2236,2236,0.8370503,0.8370503,0.8350301157056719,0,0,True,True,326,True
f6,p[horse]*1.2,2,L,CONVERGED,CONVERGED,CONVERGED,0,0,0.9418491,False,0,509,509,509,509,0.9411337,0.9411337,0.9411336874251405,0,0,True,True,326,True
f6,p[traction]*1.2,2,L,CONVERGED,CONVERGED,CONVERGED,0,0,0.9144886,False,0,2030,2030,2057,2057,0.9395898,0.9395898,0.9365855463401744,0,0,True,True,326,True
f6,p[good]*1.2,2,L,CONVERGED,CONVERGED,CONVERGED,0,0,0.9814555,False,0,1115,1115,1135,1135,0.9864999,0.9864999,0.9861156856679218,0,0,True,True,326,True
f6,s*1.2,2,L,CONVERGED,CONVERGED,CONVERGED,0,0,0.9231741,False,0,2008,2008,2006,2006,0.9398573,0.9398573,0.9409158249350341,0,0,True,True,326,True
f6,JA(1.2),2,L,CONVERGED,CONVERGED,CONVERGED,0,0,0.6760305,False,0,2395,2395,2408,2408,0.7305128,0.7305128,0.7279042212784795,0,0,True,True,326,True
f6,JB(1.2),2,L,CONVERGED,CONVERGED,CONVERGED,0,0,0.6840478,False,0,2521,2521,2517,2517,0.7470145,0.7470145,0.7487050201467095,0,0,True,True,326,True
f6,N(1.2),2,L,CONVERGED,CONVERGED,CONVERGED,0,0,0.7065149,False,0,3721,3721,3720,3720,0.7162512,0.7162512,0.7246927088606356,0,0,True,True,326,True
f6,w*0.8,2,L,CONVERGED,CONVERGED,CONVERGED,0,0,0.9945531,False,0,1944,1944,1944,1944,1.0,1.0,1.0,0,0,True,True,326,True
f6,r*0.8,2,L,CONVERGED,CONVERGED,CONVERGED,0,0,1.0,False,0,3000,3000,3000,3000,1.0,1.0,1.0000000000000375,0,0,True,True,326,True
f6,p[fodder]*0.8,2,L,CONVERGED,CONVERGED,CONVERGED,0,0,0.7275522,False,0,2381,2381,2381,2381,0.8072857,0.8072857,0.8072856800549036,0,0,True,True,326,True
f6,p[horse]*0.8,2,L,CONVERGED,CONVERGED,CONVERGED,0,0,0.8,False,0,1690,1690,1690,1690,0.8,0.8,0.8,0,0,True,True,326,True
f6,p[traction]*0.8,2,L,CONVERGED,CONVERGED,CONVERGED,0,0,0.8621099,False,0,2037,2037,2037,2037,0.8530166,0.8530166,0.8530165673283492,0,0,True,True,326,True
f6,p[good]*0.8,2,L,CONVERGED,CONVERGED,CONVERGED,0,0,0.8186777,False,0,2528,2528,2528,2528,0.8552831,0.8552831,0.8552830987589478,0,0,True,True,326,True
f6,s*0.8,2,L,CONVERGED,CONVERGED,CONVERGED,0,0,0.9599501,False,0,1608,1608,1608,1608,0.9611984,0.9611984,0.9611984068166611,0,0,True,True,326,True
f6,JA(0.8),2,L,CONVERGED,CONVERGED,CONVERGED,0,0,0.7420311,False,0,2455,2455,2456,2456,0.8,0.8,0.8,0,0,True,True,326,True
f6,JB(0.8),2,L,CONVERGED,CONVERGED,CONVERGED,0,0,0.6441866,False,0,2980,2980,2989,2989,0.6917559,0.6917559,0.684340439352841,0,0,True,True,326,True
f6,N(0.8),2,L,CONVERGED,CONVERGED,CONVERGED,0,0,1.0,False,0,3003,3003,3003,3003,1.0,1.0,1.0,0,0,True,True,326,True
f6,w*2,3,L,CONVERGED,CONVERGED,CONVERGED,0,0,0.8719796,False,0,2123,2123,2100,2100,0.919518,0.919518,0.9250214744811137,0,0,True,True,326,True
f6,r*2,3,L,CONVERGED,CONVERGED,CONVERGED,27,24,0.2297714,True,28,4432,4437,4432,4437,0.03633081,0.2368212,0.23424677528654442,42,42,False,False,2,False
f6,p[fodder]*2,3,L,CONVERGED,CONVERGED,CONVERGED,0,0,0.3037628,False,0,3163,3163,3175,3175,0.3758638,0.3758638,0.36874234702211395,0,0,True,True,326,True
f6,p[horse]*2,3,L,CONVERGED,CONVERGED,CONVERGED,0,0,0.8432332,False,0,1451,1451,1451,1451,0.8387021,0.8387021,0.8387020792547657,0,0,True,True,326,True
f6,p[traction]*2,3,L,CONVERGED,CONVERGED,CONVERGED,0,0,0.7316778,False,0,2738,2738,2753,2753,0.749761,0.749761,0.742107598709284,0,0,True,True,326,True
f6,p[good]*2,3,L,CONVERGED,CONVERGED,CONVERGED,0,0,0.9301252,False,0,1827,1827,1835,1835,0.9492753,0.9492753,0.9484836921837083,2,2,True,True,326,True
f6,s*2,3,L,CONVERGED,CONVERGED,CONVERGED,0,0,0.5623564,False,0,2992,2992,2986,2986,0.5674598,0.5674598,0.5714417837352429,2,2,True,True,326,True
f6,JA(2),3,L,CONVERGED,CONVERGED,CONVERGED,0,0,0.2787433,False,0,3199,3199,3201,3201,0.306366,0.306366,0.3044731970533554,8,8,True,True,326,True
f6,JB(2),3,L,CONVERGED,CONVERGED,CONVERGED,0,0,0.475707,False,0,3195,3195,3192,3192,0.5,0.5,0.5,39,39,True,True,326,True
f6,N(2),3,L,CONVERGED,CONVERGED,CONVERGED,21,42,0.2286394,True,22,4454,4457,4453,4456,0.05889862,0.2201709,0.22037677335109523,2,2,False,False,2,False
f6,w*0.5,3,L,CONVERGED,CONVERGED,CONVERGED,0,0,0.9551138,False,0,2582,2582,2582,2582,0.9849059,0.9849059,0.9849059270089863,0,0,True,True,326,True
f6,r*0.5,3,L,CONVERGED,CONVERGED,CONVERGED,0,0,1.0,False,0,3767,3767,3767,3767,1.0,1.0,1.0000000000000384,0,0,True,True,326,True
f6,p[fodder]*0.5,3,L,CONVERGED,CONVERGED,CONVERGED,0,0,0.4303536,False,0,2987,2987,2987,2987,0.5314758,0.5314758,0.5314757735905666,4,4,True,True,326,True
f6,p[horse]*0.5,3,L,CONVERGED,CONVERGED,CONVERGED,0,0,0.5,False,0,2334,2334,2334,2334,0.5,0.5,0.5,0,0,True,True,326,True
f6,p[traction]*0.5,3,L,CONVERGED,CONVERGED,CONVERGED,0,0,0.60976,False,0,2715,2715,2715,2715,0.5909361,0.5909361,0.5909361054925175,0,0,True,True,326,True
f6,p[good]*0.5,3,L,CONVERGED,CONVERGED,CONVERGED,0,0,0.3798843,False,0,3264,3264,3264,3264,0.3870385,0.3870385,0.38703851310537896,0,0,True,True,326,True
f6,s*0.5,3,L,CONVERGED,CONVERGED,CONVERGED,0,0,0.9186184,False,0,2027,2027,2027,2027,0.9268864,0.9268864,0.9268863908356082,0,0,True,True,326,True
f6,JA(0.5),3,L,CONVERGED,CONVERGED,CONVERGED,0,0,0.3705029,False,0,3157,3157,3157,3157,0.4563811,0.4563811,0.4563810838191076,0,0,True,True,326,True
f6,JB(0.5),3,L,CONVERGED,CONVERGED,CONVERGED,7,14,0.2318947,True,8,3497,3457,3500,3459,0.1033918,0.2041838,0.20569610166592023,49,47,False,False,2,False
f6,N(0.5),3,L,CONVERGED,CONVERGED,CONVERGED,0,0,1.0,False,0,3773,3773,3773,3773,1.0,1.0,1.0,0,0,True,True,326,True
f6,x*/2,3,L,CONVERGED,CONVERGED,CONVERGED,0,0,0.4570847,False,0,3101,3101,3096,3096,0.4621786,0.4621786,0.4664411848745953,4,4,True,True,326,True
f6,b*1.1@genesis,2,L,CONVERGED,CONVERGED,CONVERGED,0,0,0.8559672,False,0,2651,2651,2651,2651,0.8908077,0.8908077,0.8911375894671817,0,0,True,True,326,True
f6,b*1.1@dated,2,L,CONVERGED,CONVERGED,CONVERGED,0,0,0.8562519,False,0,2651,2651,2651,2651,0.8911376,0.8911376,0.8911375894671842,0,0,True,True,406,True
f6,b*0.9@genesis,2,L,CONVERGED,CONVERGED,CONVERGED,0,0,1.0,False,0,3222,3222,3222,3222,1.0,1.0,1.000000000000041,0,0,True,True,326,True
f6,b*0.9@dated,2,L,CONVERGED,CONVERGED,CONVERGED,0,0,1.0,False,0,3222,3222,3222,3222,1.0,1.0,1.0000000000000406,0,0,True,True,406,True
f6,b*0.5@genesis,3,L,CONVERGED,CONVERGED,CONVERGED,0,0,1.0,False,0,4205,4205,4205,4205,1.0,1.0,1.0000000000000386,220,220,True,True,326,True
f6,b*0.5@dated,3,L,CONVERGED,CONVERGED,CONVERGED,0,0,1.0,False,0,4205,4205,4205,4205,1.0,1.0,1.0000000000000393,220,220,True,True,406,True
f6,stock.good*0.5,3S,L,CONVERGED,CONVERGED,CONVERGED,0,0,0.9743502,False,0,1285,1285,1285,1285,0.9762893,0.9762893,0.9762892770736096,0,0,True,True,326,True
f6,stock.good*2,3S,L,CONVERGED,CONVERGED,CONVERGED,0,0,0.9596042,False,0,1691,1691,1277,1277,0.9716357,0.9716357,0.986121301378579,0,0,True,True,326,True
f6,heads.capacity*0.5,3S,L,CONVERGED,CONVERGED,CONVERGED,0,0,0.8075887,False,0,3705,3705,3704,3704,0.9667029,0.9667029,0.9772043800493628,36,36,True,True,326,True
f6,heads.capacity*2,3S,L,CONVERGED,CONVERGED,CONVERGED,25,50,0.2286043,True,25,4387,4391,4387,4391,0.08287264,0.2268027,0.226802730294578,0,0,False,False,2,False
f6,hours.capacity*0.5,3S,L,CONVERGED,CONVERGED,CONVERGED,0,0,0.9311973,False,0,1720,1720,1720,1720,0.9306446,0.9306446,0.9306446173817456,0,0,True,True,326,True
f6,hours.capacity*2,3S,L,CONVERGED,CONVERGED,CONVERGED,0,0,0.9365472,False,0,1605,1605,1223,1223,0.9328582,0.9328582,0.965840230362617,0,0,True,True,326,True
f6,own.maker*0.5,3S,L,CONVERGED,CONVERGED,CONVERGED,0,0,1.0,False,0,4029,4029,4029,4029,1.0,1.0,1.0,0,0,True,True,326,True
f6,own.maker*2,3S,L,CONVERGED,CONVERGED,CONVERGED,0,0,1.0,False,0,3409,3409,3409,3409,1.0,1.0,1.0,0,0,True,True,326,True
f6,finished.maker*0.5,3S,L,CONVERGED,CONVERGED,CONVERGED,0,0,0.9359518,False,0,1899,1899,1899,1899,0.9538499,0.9538499,0.9538499492829977,0,0,True,True,326,True
f6,finished.maker*2,3S,L,CONVERGED,CONVERGED,CONVERGED,0,0,0.6039488,False,0,1893,1893,1893,1893,0.6045254,0.6045254,0.6045253807438321,0,0,True,True,326,True
f6,stock.fodder*0.5,3S,L,CONVERGED,CONVERGED,CONVERGED,0,0,0.9268009,False,0,1834,1834,1834,1834,0.955,0.955,0.9549999579293297,0,0,True,True,326,True
f6,stock.fodder*2,3S,L,CONVERGED,CONVERGED,CONVERGED,0,0,0.867508,False,0,1963,1963,1595,1595,0.913811,0.913811,0.9570859245268255,0,0,True,True,326,True
f6,coin.desk.good*0.5,3S,L,CONVERGED,CONVERGED,CONVERGED,0,0,0.5089141,False,0,3737,3737,3736,3736,0.4841954,0.4841954,0.48293141562386976,1,1,True,True,326,True
f6,coin.desk.good*2,3S,L,CONVERGED,CONVERGED,CONVERGED,0,0,0.9171109,False,0,3242,3242,3242,3242,1.0,1.0,1.0,0,0,True,True,326,True
f6,coin.desk.capacity*0.5,3S,L,CONVERGED,CONVERGED,CONVERGED,0,0,0.4499633,False,0,3400,3400,3401,3401,0.430645,0.430645,0.42710143438468984,0,0,True,True,326,True
f6,coin.desk.capacity*2,3S,L,CONVERGED,CONVERGED,CONVERGED,0,0,0.8728452,False,0,2962,2962,2962,2962,1.0,1.0,1.0,0,0,True,True,326,True
f6,coin.desk.maker*0.5,3S,L,CONVERGED,CONVERGED,CONVERGED,0,0,0.7994049,False,0,2942,2942,2945,2945,0.8438363,0.8438363,0.8543873125613236,0,0,True,True,326,True
f6,coin.desk.maker*2,3S,L,CONVERGED,CONVERGED,CONVERGED,0,0,0.7090057,False,0,2634,2634,2634,2634,0.7939487,0.7939487,0.7939486764899714,0,0,True,True,326,True
f6,coin.desk.fodder*0.5,3S,L,CONVERGED,CONVERGED,CONVERGED,0,0,0.4516343,False,0,3297,3297,3297,3297,0.5492099,0.5492099,0.5492098654622471,1,1,True,True,326,True
f6,coin.desk.fodder*2,3S,L,CONVERGED,CONVERGED,CONVERGED,0,0,0.9995895,False,0,2826,2826,2826,2826,0.9987021,0.9987021,0.9987021053391247,0,0,True,True,326,True
f6,coin.provider*0.5,3S,L,CONVERGED,CONVERGED,CONVERGED,0,0,0.9527365,False,0,2676,2676,2679,2679,0.9468665,0.9468665,0.9491237486637752,0,0,True,True,326,True
f6,coin.provider*2,3S,L,CONVERGED,CONVERGED,CONVERGED,0,0,0.999957,False,0,2221,2221,2221,2221,0.9998639,0.9998639,0.9998639231507059,0,0,True,True,326,True
f6,coin.workers*0.5,3S,L,CONVERGED,CONVERGED,CONVERGED,0,0,0.8609073,False,0,3235,3235,3237,3237,0.8455677,0.8455677,0.8493939205560099,0,0,True,True,326,True
f6,coin.workers*2,3S,L,CONVERGED,CONVERGED,CONVERGED,0,0,0.9998843,False,0,2759,2759,2759,2759,0.9996338,0.9996338,0.9996338173663875,0,0,True,True,326,True
f6,w*2,3,10L,CONVERGED,CONVERGED,CONVERGED,0,0,0.8719796,False,0,2123,2123,2100,2100,0.919518,0.919518,0.9250214744811137,0,0,True,True,326,True
f6,r*2,3,10L,CONVERGED,CONVERGED,CONVERGED,27,24,0.2297714,True,28,4432,4437,4432,4437,0.03633081,0.2368212,0.23424677528654442,42,42,False,False,2,False
f6,p[fodder]*2,3,10L,CONVERGED,CONVERGED,CONVERGED,0,0,0.3037628,False,0,3163,3163,3175,3175,0.3758638,0.3758638,0.36874234702211395,0,0,True,True,326,True
f6,p[horse]*2,3,10L,CONVERGED,CONVERGED,CONVERGED,0,0,0.8432332,False,0,1451,1451,1451,1451,0.8387021,0.8387021,0.8387020792547657,0,0,True,True,326,True
f6,p[traction]*2,3,10L,CONVERGED,CONVERGED,CONVERGED,0,0,0.7316778,False,0,2738,2738,2753,2753,0.749761,0.749761,0.742107598709284,0,0,True,True,326,True
f6,p[good]*2,3,10L,CONVERGED,CONVERGED,CONVERGED,0,0,0.9301252,False,0,1827,1827,1835,1835,0.9492753,0.9492753,0.9484836921837083,2,2,True,True,326,True
f6,s*2,3,10L,CONVERGED,CONVERGED,CONVERGED,0,0,0.5623564,False,0,2992,2992,2986,2986,0.5674598,0.5674598,0.5714417837352429,2,2,True,True,326,True
f6,JA(2),3,10L,CONVERGED,CONVERGED,CONVERGED,0,0,0.2787433,False,0,3199,3199,3201,3201,0.306366,0.306366,0.3044731970533554,8,8,True,True,326,True
f6,JB(2),3,10L,CONVERGED,CONVERGED,CONVERGED,0,0,0.475707,False,0,3195,3195,3192,3192,0.5,0.5,0.5,39,39,True,True,326,True
f6,N(2),3,10L,CONVERGED,CONVERGED,CONVERGED,21,42,0.2286394,True,22,4454,4457,4453,4456,0.05889862,0.2201709,0.22037677335109523,2,2,False,False,2,False
f6,w*0.5,3,10L,CONVERGED,CONVERGED,CONVERGED,0,0,0.9551138,False,0,2582,2582,2582,2582,0.9849059,0.9849059,0.9849059270089863,0,0,True,True,326,True
f6,r*0.5,3,10L,CONVERGED,CONVERGED,CONVERGED,0,0,1.0,False,0,3767,3767,3767,3767,1.0,1.0,1.0000000000000384,0,0,True,True,326,True
f6,p[fodder]*0.5,3,10L,CONVERGED,CONVERGED,CONVERGED,0,0,0.4303536,False,0,2987,2987,2987,2987,0.5314758,0.5314758,0.5314757735905666,4,4,True,True,326,True
f6,p[horse]*0.5,3,10L,CONVERGED,CONVERGED,CONVERGED,0,0,0.5,False,0,2334,2334,2334,2334,0.5,0.5,0.5,0,0,True,True,326,True
f6,p[traction]*0.5,3,10L,CONVERGED,CONVERGED,CONVERGED,0,0,0.60976,False,0,2715,2715,2715,2715,0.5909361,0.5909361,0.5909361054925175,0,0,True,True,326,True
f6,p[good]*0.5,3,10L,CONVERGED,CONVERGED,CONVERGED,0,0,0.3798843,False,0,3264,3264,3264,3264,0.3870385,0.3870385,0.38703851310537896,0,0,True,True,326,True
f6,s*0.5,3,10L,CONVERGED,CONVERGED,CONVERGED,0,0,0.9186184,False,0,2027,2027,2027,2027,0.9268864,0.9268864,0.9268863908356082,0,0,True,True,326,True
f6,JA(0.5),3,10L,CONVERGED,CONVERGED,CONVERGED,0,0,0.3705029,False,0,3157,3157,3157,3157,0.4563811,0.4563811,0.4563810838191076,0,0,True,True,326,True
f6,JB(0.5),3,10L,CONVERGED,CONVERGED,CONVERGED,7,14,0.2318947,True,8,3497,3457,3500,3459,0.1033918,0.2041838,0.20569610166592023,49,47,False,False,2,False
f6,N(0.5),3,10L,CONVERGED,CONVERGED,CONVERGED,0,0,1.0,False,0,3773,3773,3773,3773,1.0,1.0,1.0,0,0,True,True,326,True
f6,x*/2,3,10L,CONVERGED,CONVERGED,CONVERGED,0,0,0.4570847,False,0,3101,3101,3096,3096,0.4621786,0.4621786,0.4664411848745953,4,4,True,True,326,True
f6,b*0.5@genesis,3,10L,CONVERGED,CONVERGED,CONVERGED,0,0,1.0,False,0,4205,4205,4205,4205,1.0,1.0,1.0000000000000386,220,220,True,True,326,True
f6,b*0.5@dated,3,10L,CONVERGED,CONVERGED,CONVERGED,0,0,1.0,False,0,4205,4205,4205,4205,1.0,1.0,1.0000000000000393,220,220,True,True,406,True
f6,stock.good*0.5,3S,10L,CONVERGED,CONVERGED,CONVERGED,0,0,0.9743502,False,0,1285,1285,1285,1285,0.9762893,0.9762893,0.9762892770736096,0,0,True,True,326,True
f6,stock.good*2,3S,10L,CONVERGED,CONVERGED,CONVERGED,0,0,0.9596042,False,0,1691,1691,1277,1277,0.9716357,0.9716357,0.986121301378579,0,0,True,True,326,True
f6,heads.capacity*0.5,3S,10L,CONVERGED,CONVERGED,CONVERGED,0,0,0.8075887,False,0,3705,3705,3704,3704,0.9667029,0.9667029,0.9772043800493628,36,36,True,True,326,True
f6,heads.capacity*2,3S,10L,CONVERGED,CONVERGED,CONVERGED,25,50,0.2286043,True,25,4387,4391,4387,4391,0.08287264,0.2268027,0.226802730294578,0,0,False,False,2,False
f6,hours.capacity*0.5,3S,10L,CONVERGED,CONVERGED,CONVERGED,0,0,0.9311973,False,0,1720,1720,1720,1720,0.9306446,0.9306446,0.9306446173817456,0,0,True,True,326,True
f6,hours.capacity*2,3S,10L,CONVERGED,CONVERGED,CONVERGED,0,0,0.9365472,False,0,1605,1605,1223,1223,0.9328582,0.9328582,0.965840230362617,0,0,True,True,326,True
f6,own.maker*0.5,3S,10L,CONVERGED,CONVERGED,CONVERGED,0,0,1.0,False,0,4029,4029,4029,4029,1.0,1.0,1.0,0,0,True,True,326,True
f6,own.maker*2,3S,10L,CONVERGED,CONVERGED,CONVERGED,0,0,1.0,False,0,3409,3409,3409,3409,1.0,1.0,1.0,0,0,True,True,326,True
f6,finished.maker*0.5,3S,10L,CONVERGED,CONVERGED,CONVERGED,0,0,0.9359518,False,0,1899,1899,1899,1899,0.9538499,0.9538499,0.9538499492829977,0,0,True,True,326,True
f6,finished.maker*2,3S,10L,CONVERGED,CONVERGED,CONVERGED,0,0,0.6039488,False,0,1893,1893,1893,1893,0.6045254,0.6045254,0.6045253807438321,0,0,True,True,326,True
f6,stock.fodder*0.5,3S,10L,CONVERGED,CONVERGED,CONVERGED,0,0,0.9268009,False,0,1834,1834,1834,1834,0.955,0.955,0.9549999579293297,0,0,True,True,326,True
f6,stock.fodder*2,3S,10L,CONVERGED,CONVERGED,CONVERGED,0,0,0.867508,False,0,1963,1963,1595,1595,0.913811,0.913811,0.9570859245268255,0,0,True,True,326,True
f6,coin.desk.good*0.5,3S,10L,CONVERGED,CONVERGED,CONVERGED,0,0,0.5089141,False,0,3737,3737,3736,3736,0.4841954,0.4841954,0.48293141562386976,1,1,True,True,326,True
f6,coin.desk.good*2,3S,10L,CONVERGED,CONVERGED,CONVERGED,0,0,0.9171109,False,0,3242,3242,3242,3242,1.0,1.0,1.0,0,0,True,True,326,True
f6,coin.desk.capacity*0.5,3S,10L,CONVERGED,CONVERGED,CONVERGED,0,0,0.4499633,False,0,3400,3400,3401,3401,0.430645,0.430645,0.42710143438468984,0,0,True,True,326,True
f6,coin.desk.capacity*2,3S,10L,CONVERGED,CONVERGED,CONVERGED,0,0,0.8728452,False,0,2962,2962,2962,2962,1.0,1.0,1.0,0,0,True,True,326,True
f6,coin.desk.maker*0.5,3S,10L,CONVERGED,CONVERGED,CONVERGED,0,0,0.7994049,False,0,2942,2942,2945,2945,0.8438363,0.8438363,0.8543873125613236,0,0,True,True,326,True
f6,coin.desk.maker*2,3S,10L,CONVERGED,CONVERGED,CONVERGED,0,0,0.7090057,False,0,2634,2634,2634,2634,0.7939487,0.7939487,0.7939486764899714,0,0,True,True,326,True
f6,coin.desk.fodder*0.5,3S,10L,CONVERGED,CONVERGED,CONVERGED,0,0,0.4516343,False,0,3297,3297,3297,3297,0.5492099,0.5492099,0.5492098654622471,1,1,True,True,326,True
f6,coin.desk.fodder*2,3S,10L,CONVERGED,CONVERGED,CONVERGED,0,0,0.9995895,False,0,2826,2826,2826,2826,0.9987021,0.9987021,0.9987021053391247,0,0,True,True,326,True
f6,coin.provider*0.5,3S,10L,CONVERGED,CONVERGED,CONVERGED,0,0,0.9527365,False,0,2676,2676,2679,2679,0.9468665,0.9468665,0.9491237486637752,0,0,True,True,326,True
f6,coin.provider*2,3S,10L,CONVERGED,CONVERGED,CONVERGED,0,0,0.999957,False,0,2221,2221,2221,2221,0.9998639,0.9998639,0.9998639231507059,0,0,True,True,326,True
f6,coin.workers*0.5,3S,10L,CONVERGED,CONVERGED,CONVERGED,0,0,0.8609073,False,0,3235,3235,3237,3237,0.8455677,0.8455677,0.8493939205560099,0,0,True,True,326,True
f6,coin.workers*2,3S,10L,CONVERGED,CONVERGED,CONVERGED,0,0,0.9998843,False,0,2759,2759,2759,2759,0.9996338,0.9996338,0.9996338173663875,0,0,True,True,326,True
f7,w*1.05,1,L,CONVERGED,CONVERGED,CONVERGED,0,0,0.9952913,False,0,1040,1040,1030,1030,0.9998002,0.9998002,0.9998001861944759,0,0,True,True,495,True
f7,r*1.05,1,L,CONVERGED,CONVERGED,CONVERGED,0,0,0.9649004,False,0,3533,3533,3532,3532,0.9511458,0.9511458,0.9511458247623382,0,0,True,True,495,True
f7,p[fodder]*1.05,1,L,CONVERGED,CONVERGED,CONVERGED,0,0,0.9689479,False,0,2128,2128,2129,2129,0.9786806,0.9786806,0.9786517011070949,0,0,True,True,495,True
f7,p[horse]*1.05,1,L,CONVERGED,CONVERGED,CONVERGED,0,0,0.9840561,False,0,35,35,35,35,0.9840107,0.9840107,0.9840107321808008,0,0,True,True,495,True
f7,p[traction]*1.05,1,L,CONVERGED,CONVERGED,CONVERGED,0,0,0.9940134,False,0,1698,1698,1739,1739,0.9952614,0.9952614,0.9947489722338552,0,0,True,True,495,True
f7,p[good]*1.05,1,L,CONVERGED,CONVERGED,CONVERGED,0,0,0.9999194,False,0,1460,1460,1468,1468,0.999998,0.999998,0.9999979554744337,0,0,True,True,495,True
f7,s*1.05,1,L,CONVERGED,CONVERGED,CONVERGED,0,0,0.9996517,False,0,903,903,669,669,0.9999994,0.9999994,0.9999993787742565,0,0,True,True,495,True
f7,JA(1.05),1,L,CONVERGED,CONVERGED,CONVERGED,0,0,0.9498988,False,0,1934,1934,1944,1944,0.9627845,0.9627845,0.9626518075384185,0,0,True,True,495,True
f7,JB(1.05),1,L,CONVERGED,CONVERGED,CONVERGED,0,0,0.9573768,False,0,2413,2413,2413,2413,0.952381,0.952381,0.9523809523809523,0,0,True,True,495,True
f7,N(1.05),1,L,CONVERGED,CONVERGED,CONVERGED,0,0,0.9363018,False,0,3644,3644,3641,3641,0.9354652,0.9354652,0.9370478035607325,0,0,True,True,495,True
f7,w*0.95,1,L,CONVERGED,CONVERGED,CONVERGED,0,0,0.9983731,False,0,1691,1691,1691,1691,0.9991354,0.9991354,0.9991353760168881,0,0,True,True,495,True
f7,r*0.95,1,L,CONVERGED,CONVERGED,CONVERGED,0,0,0.999999,False,0,2800,2800,2800,2800,0.999971,0.999971,0.9999709993674917,0,0,True,True,495,True
f7,p[fodder]*0.95,1,L,CONVERGED,CONVERGED,CONVERGED,0,0,0.9999997,False,0,2465,2465,2465,2465,0.9999899,0.9999899,0.9999898670943456,0,0,True,True,495,True
f7,p[horse]*0.95,1,L,CONVERGED,CONVERGED,CONVERGED,0,0,0.95,False,0,477,477,477,477,0.95,0.95,0.95,0,0,True,True,495,True
f7,p[traction]*0.95,1,L,CONVERGED,CONVERGED,CONVERGED,0,0,0.9787444,False,0,1722,1722,1722,1722,0.9772587,0.9772587,0.9772586631658294,0,0,True,True,495,True
f7,p[good]*0.95,1,L,CONVERGED,CONVERGED,CONVERGED,0,0,0.986136,False,0,2148,2148,2148,2148,0.9865375,0.9865375,0.9865374910937552,0,0,True,True,495,True
f7,s*0.95,1,L,CONVERGED,CONVERGED,CONVERGED,0,0,1.0,False,0,446,446,446,446,0.9999995,0.9999995,0.999999516740262,0,0,True,True,495,True
f7,JA(0.95),1,L,CONVERGED,CONVERGED,CONVERGED,0,0,0.964641,False,0,2503,2503,2503,2503,0.95,0.95,0.95,0,0,True,True,495,True
f7,JB(0.95),1,L,CONVERGED,CONVERGED,CONVERGED,0,0,0.9863233,False,0,2495,2495,2499,2499,0.9947527,0.9947527,0.9947801187766957,0,0,True,True,495,True
f7,N(0.95),1,L,CONVERGED,CONVERGED,CONVERGED,0,0,0.9999991,False,0,2790,2790,2790,2790,0.9999717,0.9999717,0.9999716919279306,0,0,True,True,495,True
f7,w*1.2,2,L,CONVERGED,CONVERGED,CONVERGED,0,0,0.9814277,False,0,1851,1851,1841,1841,0.9992168,0.9992168,0.9992167882915706,0,0,True,True,495,True
f7,r*1.2,2,L,CONVERGED,CONVERGED,CONVERGED,0,0,0.8731663,False,0,4220,4220,4219,4219,0.8295649,0.8295649,0.8295649367672634,0,0,True,True,495,True
f7,p[fodder]*1.2,2,L,CONVERGED,CONVERGED,CONVERGED,0,0,0.8809385,False,0,2771,2771,2772,2772,0.9162592,0.9162592,0.9161502838375738,0,0,True,True,495,True
f7,p[horse]*1.2,2,L,CONVERGED,CONVERGED,CONVERGED,0,0,0.9443378,False,0,458,458,458,458,0.9440901,0.9440901,0.9440901020897298,0,0,True,True,495,True
f7,p[traction]*1.2,2,L,CONVERGED,CONVERGED,CONVERGED,0,0,0.9720624,False,0,2338,2338,2366,2366,0.9765764,0.9765764,0.9742725624097451,0,0,True,True,495,True
f7,p[good]*1.2,2,L,CONVERGED,CONVERGED,CONVERGED,0,0,0.9996872,False,0,2083,2083,2089,2089,0.9999927,0.9999927,0.999992607996741,0,0,True,True,495,True
f7,s*1.2,2,L,CONVERGED,CONVERGED,CONVERGED,0,0,0.9987428,False,0,1910,1910,1902,1902,0.9999975,0.9999975,0.9999975499983704,0,0,True,True,495,True
f7,JA(1.2),2,L,CONVERGED,CONVERGED,CONVERGED,0,0,0.8241323,False,0,2572,2572,2580,2580,0.8665997,0.8665997,0.8649342529648572,0,0,True,True,495,True
f7,JB(1.2),2,L,CONVERGED,CONVERGED,CONVERGED,0,0,0.8467962,False,0,3090,3090,3090,3090,0.8333333,0.8333333,0.8333333333333334,0,0,True,True,495,True
f7,N(1.2),2,L,CONVERGED,CONVERGED,CONVERGED,0,0,0.7912498,False,0,4321,4321,4318,4318,0.7881491,0.7881491,0.7953141898973775,0,0,True,True,495,True
f7,w*0.8,2,L,CONVERGED,CONVERGED,CONVERGED,0,0,0.9920728,False,0,2415,2415,2415,2415,0.9957169,0.9957169,0.9957169185420033,0,0,True,True,495,True
f7,r*0.8,2,L,CONVERGED,CONVERGED,CONVERGED,0,0,0.9999962,False,0,3616,3616,3616,3616,0.9998416,0.9998416,0.9998415611923005,0,0,True,True,495,True
f7,p[fodder]*0.8,2,L,CONVERGED,CONVERGED,CONVERGED,0,0,0.9999989,False,0,3208,3208,3208,3208,0.9999605,0.9999605,0.9999605237444198,0,0,True,True,495,True
f7,p[horse]*0.8,2,L,CONVERGED,CONVERGED,CONVERGED,0,0,0.8,False,0,1837,1837,1837,1837,0.8,0.8,0.8,0,0,True,True,495,True
f7,p[traction]*0.8,2,L,CONVERGED,CONVERGED,CONVERGED,0,0,0.9128516,False,0,2453,2453,2453,2453,0.9081791,0.9081791,0.9081790625345869,0,0,True,True,495,True
f7,p[good]*0.8,2,L,CONVERGED,CONVERGED,CONVERGED,0,0,0.9348954,False,0,2849,2849,2849,2849,0.9357397,0.9357397,0.9357396646155561,0,0,True,True,495,True
f7,s*0.8,2,L,CONVERGED,CONVERGED,CONVERGED,0,0,0.9999999,False,0,1698,1698,1698,1698,0.9999981,0.9999981,0.9999980518188186,0,0,True,True,495,True
f7,JA(0.8),2,L,CONVERGED,CONVERGED,CONVERGED,0,0,0.8517076,False,0,3230,3230,3230,3230,0.8,0.8,0.8,0,0,True,True,495,True
f7,JB(0.8),2,L,CONVERGED,CONVERGED,CONVERGED,0,0,0.8728707,False,0,3221,3221,3226,3226,0.9137491,0.9137491,0.9084588965862975,0,0,True,True,495,True
f7,N(0.8),2,L,CONVERGED,CONVERGED,CONVERGED,0,0,0.9999962,False,0,3605,3605,3605,3605,0.9998433,0.9998433,0.9998432596817148,0,0,True,True,495,True
f7,w*2,3,L,CONVERGED,CONVERGED,CONVERGED,0,0,0.9135602,False,0,2479,2479,2469,2469,0.9884421,0.9884421,0.9890845683128737,0,0,True,True,495,True
f7,r*2,3,L,CONVERGED,CONVERGED,CONVERGED,0,0,0.5805463,False,0,5060,5060,5060,5060,0.4932952,0.4932952,0.4932951552627603,98,98,True,True,495,True
f7,p[fodder]*2,3,L,CONVERGED,CONVERGED,CONVERGED,0,0,0.5174264,False,0,3495,3495,3496,3496,0.6147716,0.6147716,0.6141327898203802,0,0,True,True,495,True
f7,p[horse]*2,3,L,CONVERGED,CONVERGED,CONVERGED,0,0,0.890242,False,0,2020,2020,2020,2020,0.8889914,0.8889914,0.8889913619906544,0,0,True,True,495,True
f7,p[traction]*2,3,L,CONVERGED,CONVERGED,CONVERGED,0,0,0.8403929,False,0,3032,3032,3047,3047,0.8633865,0.8633865,0.8591929637748495,2,2,True,True,495,True
f7,p[good]*2,3,L,CONVERGED,CONVERGED,CONVERGED,0,0,0.9986469,False,0,2694,2694,2699,2699,0.9999756,0.9999756,0.9999753428216362,0,0,True,True,495,True
f7,s*2,3,L,CONVERGED,CONVERGED,CONVERGED,0,0,0.9958869,False,0,2778,2778,2766,2766,0.9999858,0.9999858,0.99998600557332,0,0,True,True,495,True
f7,JA(2),3,L,CONVERGED,CONVERGED,CONVERGED,0,0,0.4920695,False,0,3347,3347,3357,3357,0.5964965,0.5964965,0.583510325212738,3,3,True,True,495,True
f7,JB(2),3,L,CONVERGED,CONVERGED,CONVERGED,0,0,0.5049732,False,0,4007,4007,4007,4007,0.5,0.5,0.5,76,76,True,True,495,True
f7,N(2),3,L,CONVERGED,CONVERGED,CONVERGED,0,0,0.4361709,False,0,5132,5132,5130,5130,0.4318127,0.4318127,0.4402785338310686,18,18,True,True,495,True
f7,w*0.5,3,L,CONVERGED,CONVERGED,CONVERGED,0,0,0.981428,False,0,3018,3018,3018,3018,0.996979,0.996979,0.9969790469092086,0,0,True,True,495,True
f7,r*0.5,3,L,CONVERGED,CONVERGED,CONVERGED,0,0,0.9999906,False,0,4313,4313,4313,4313,0.9996809,0.9996809,0.9996808513306309,0,0,True,True,495,True
f7,p[fodder]*0.5,3,L,CONVERGED,CONVERGED,CONVERGED,0,0,0.9999962,False,0,3966,3966,3966,3966,0.9998909,0.9998909,0.9998909447119568,79,79,True,True,495,True
f7,p[horse]*0.5,3,L,CONVERGED,CONVERGED,CONVERGED,0,0,0.5,False,0,2489,2489,2489,2489,0.5,0.5,0.5,0,0,True,True,495,True
f7,p[traction]*0.5,3,L,CONVERGED,CONVERGED,CONVERGED,0,0,0.7639171,False,0,3003,3003,3003,3003,0.7652831,0.7652831,0.7652831453904606,0,0,True,True,495,True
f7,p[good]*0.5,3,L,CONVERGED,CONVERGED,CONVERGED,0,0,0.756689,False,0,3439,3439,3439,3439,0.7548366,0.7548366,0.754836575968317,0,0,True,True,495,True
f7,s*0.5,3,L,CONVERGED,CONVERGED,CONVERGED,0,0,0.9999999,False,0,2158,2158,2158,2158,0.999995,0.999995,0.9999950317915504,0,0,True,True,495,True
f7,JA(0.5),3,L,CONVERGED,CONVERGED,CONVERGED,0,0,0.5894672,False,0,3959,3959,3959,3959,0.5,0.5,0.5,82,82,True,True,495,True
f7,JB(0.5),3,L,CONVERGED,CONVERGED,CONVERGED,15,18,0.2275152,True,15,4009,3978,4015,3978,0.1265677,0.2510341,0.2509214302819992,19,19,False,False,2,False
f7,N(0.5),3,L,CONVERGED,CONVERGED,CONVERGED,0,0,0.9999907,False,0,4304,4304,4304,4304,0.9996773,0.9996773,0.9996773060923475,0,0,True,True,495,True
f7,x*/2,3,L,CONVERGED,CONVERGED,CONVERGED,0,0,0.6321593,False,0,3598,3598,3593,3593,0.6837983,0.6837983,0.6883181531937859,7,7,True,True,495,True
f7,b*1.1@genesis,2,L,CONVERGED,CONVERGED,CONVERGED,0,0,0.9325439,False,0,3331,3331,3331,3331,0.9076233,0.9076233,0.9076233447705768,0,0,True,True,495,True
f7,b*1.1@dated,2,L,CONVERGED,CONVERGED,CONVERGED,0,0,0.9325439,False,0,3331,3331,3331,3331,0.9076233,0.9076233,0.9076233447705768,0,0,True,True,618,True
f7,b*0.9@genesis,2,L,CONVERGED,CONVERGED,CONVERGED,0,0,0.9999984,False,0,3372,3372,3372,3372,0.999944,0.999944,0.9999439713327515,0,0,True,True,495,True
f7,b*0.9@dated,2,L,CONVERGED,CONVERGED,CONVERGED,0,0,0.9999984,False,0,3372,3372,3372,3372,0.999944,0.999944,0.9999439713327515,0,0,True,True,618,True
f7,b*2@genesis,3,L,CONVERGED,CONVERGED,CONVERGED,0,0,0.581167,False,0,4465,4465,4466,4466,0.4969798,0.4969798,0.49697983376697524,82,82,True,True,495,True
f7,b*2@dated,3,L,CONVERGED,CONVERGED,CONVERGED,0,0,0.581167,False,0,4466,4466,4466,4466,0.4969798,0.4969798,0.49697983376697524,83,83,True,True,618,True
f7,b*0.5@genesis,3,L,CONVERGED,CONVERGED,CONVERGED,0,0,0.9999896,False,0,4441,4441,4441,4441,0.9998718,0.9998718,0.9998717670408473,0,0,True,True,495,True
f7,b*0.5@dated,3,L,CONVERGED,CONVERGED,CONVERGED,0,0,0.9999896,False,0,4441,4441,4441,4441,0.9998718,0.9998718,0.9998717670408473,0,0,True,True,618,True
f7,stock.good*0.5,3S,L,CONVERGED,CONVERGED,CONVERGED,0,0,0.9857191,False,0,1744,1744,1744,1744,0.985399,0.985399,0.9853990072253852,0,0,True,True,495,True
f7,stock.good*2,3S,L,CONVERGED,CONVERGED,CONVERGED,0,0,0.9864243,False,0,2138,2138,1766,1766,0.9868122,0.9868122,0.9935317242026545,0,0,True,True,495,True
f7,heads.capacity*0.5,3S,L,CONVERGED,CONVERGED,CONVERGED,0,0,0.999995,False,0,4237,4237,4237,4237,0.9997922,0.9997922,0.9997922567602203,57,57,True,True,495,True
f7,heads.capacity*2,3S,L,CONVERGED,CONVERGED,CONVERGED,0,0,0.5993687,False,0,5136,5136,5136,5136,0.6059563,0.6059563,0.6059563382202547,0,0,True,True,495,True
f7,hours.capacity*0.5,3S,L,CONVERGED,CONVERGED,CONVERGED,0,0,0.9506449,False,0,1992,1992,1992,1992,0.9510102,0.9510102,0.9510102210378374,0,0,True,True,495,True
f7,hours.capacity*2,3S,L,CONVERGED,CONVERGED,CONVERGED,0,0,0.9609714,False,0,2064,2064,1709,1709,0.957331,0.957331,0.9778308869416469,0,0,True,True,495,True
f7,own.maker*0.5,3S,L,CONVERGED,CONVERGED,CONVERGED,0,0,0.9999949,False,0,4646,4646,4646,4646,0.9997935,0.9997935,0.9997935473147733,0,0,True,True,495,True
f7,own.maker*2,3S,L,CONVERGED,CONVERGED,CONVERGED,0,0,1.0,False,0,3409,3409,3409,3409,1.0,1.0,1.0,0,0,True,True,495,True
f7,finished.maker*0.5,3S,L,CONVERGED,CONVERGED,CONVERGED,0,0,0.9863826,False,0,2277,2277,2277,2277,0.9898792,0.9898792,0.9898792201289723,0,0,True,True,495,True
f7,finished.maker*2,3S,L,CONVERGED,CONVERGED,CONVERGED,0,0,0.6544067,False,0,2646,2646,2646,2646,0.6547478,0.6547478,0.6547477579173819,0,0,True,True,495,True
f7,stock.fodder*0.5,3S,L,CONVERGED,CONVERGED,CONVERGED,0,0,0.9864118,False,0,2144,2144,2144,2144,0.9893719,0.9893719,0.9893718597508617,0,0,True,True,495,True
f7,stock.fodder*2,3S,L,CONVERGED,CONVERGED,CONVERGED,0,0,0.9999999,False,0,2134,2134,1801,1801,0.999995,0.999995,0.9999974698136218,0,0,True,True,495,True
f7,coin.desk.good*0.5,3S,L,CONVERGED,CONVERGED,CONVERGED,0,0,0.6691543,False,0,4003,4003,4001,4001,0.6545724,0.6545724,0.6508293572241409,0,0,True,True,495,True
f7,coin.desk.good*2,3S,L,CONVERGED,CONVERGED,CONVERGED,0,0,0.9957098,False,0,3614,3614,3614,3614,0.9998486,0.9998486,0.9998486183547106,0,0,True,True,495,True
f7,coin.desk.capacity*0.5,3S,L,CONVERGED,CONVERGED,CONVERGED,0,0,0.5429983,False,0,3909,3909,3909,3909,0.5406675,0.5406675,0.5406675058808814,0,0,True,True,495,True
f7,coin.desk.capacity*2,3S,L,CONVERGED,CONVERGED,CONVERGED,0,0,0.9999936,False,0,3445,3445,3445,3445,0.999886,0.999886,0.9998859695261271,0,0,True,True,495,True
f7,coin.desk.maker*0.5,3S,L,CONVERGED,CONVERGED,CONVERGED,0,0,0.8815371,False,0,3666,3666,3672,3672,0.8774698,0.8774698,0.8772646025293401,0,0,True,True,495,True
f7,coin.desk.maker*2,3S,L,CONVERGED,CONVERGED,CONVERGED,0,0,0.9450654,False,0,3234,3234,3234,3234,0.9780691,0.9780691,0.9780691232039502,0,0,True,True,495,True
f7,coin.desk.fodder*0.5,3S,L,CONVERGED,CONVERGED,CONVERGED,0,0,0.9735626,False,0,3253,3253,3253,3253,0.9999783,0.9999783,0.999978333446046,1,1,True,True,495,True
f7,coin.desk.fodder*2,3S,L,CONVERGED,CONVERGED,CONVERGED,0,0,0.9997915,False,0,3241,3241,3241,3241,0.9997006,0.9997006,0.9997006194596476,0,0,True,True,495,True
f7,coin.provider*0.5,3S,L,CONVERGED,CONVERGED,CONVERGED,0,0,0.8800092,False,0,4026,4026,4025,4025,0.8719755,0.8719755,0.8739773945789255,0,0,True,True,495,True
f7,coin.provider*2,3S,L,CONVERGED,CONVERGED,CONVERGED,0,0,0.9993532,False,0,3540,3540,3540,3540,0.9990716,0.9990716,0.9990716150066713,0,0,True,True,495,True
f7,coin.workers*0.5,3S,L,CONVERGED,CONVERGED,CONVERGED,0,0,0.8711264,False,0,4064,4064,4063,4063,0.8625264,0.8625264,0.8645761980394007,0,0,True,True,495,True
f7,coin.workers*2,3S,L,CONVERGED,CONVERGED,CONVERGED,0,0,0.999321,False,0,3577,3577,3577,3577,0.9990253,0.9990253,0.9990252844527252,0,0,True,True,495,True
f7,w*2,3,10L,CONVERGED,CONVERGED,CONVERGED,0,0,0.9135602,False,0,2479,2479,2469,2469,0.9884421,0.9884421,0.9890845683128737,0,0,True,True,495,True
f7,r*2,3,10L,CONVERGED,CONVERGED,CONVERGED,0,0,0.5805463,False,0,5060,5060,5060,5060,0.4932952,0.4932952,0.4932951552627603,98,98,True,True,495,True
f7,p[fodder]*2,3,10L,CONVERGED,CONVERGED,CONVERGED,0,0,0.5174264,False,0,3495,3495,3496,3496,0.6147716,0.6147716,0.6141327898203802,0,0,True,True,495,True
f7,p[horse]*2,3,10L,CONVERGED,CONVERGED,CONVERGED,0,0,0.890242,False,0,2020,2020,2020,2020,0.8889914,0.8889914,0.8889913619906544,0,0,True,True,495,True
f7,p[traction]*2,3,10L,CONVERGED,CONVERGED,CONVERGED,0,0,0.8403929,False,0,3032,3032,3047,3047,0.8633865,0.8633865,0.8591929637748495,2,2,True,True,495,True
f7,p[good]*2,3,10L,CONVERGED,CONVERGED,CONVERGED,0,0,0.9986469,False,0,2694,2694,2699,2699,0.9999756,0.9999756,0.9999753428216362,0,0,True,True,495,True
f7,s*2,3,10L,CONVERGED,CONVERGED,CONVERGED,0,0,0.9958869,False,0,2778,2778,2766,2766,0.9999858,0.9999858,0.99998600557332,0,0,True,True,495,True
f7,JA(2),3,10L,CONVERGED,CONVERGED,CONVERGED,0,0,0.4920695,False,0,3347,3347,3357,3357,0.5964965,0.5964965,0.583510325212738,3,3,True,True,495,True
f7,JB(2),3,10L,CONVERGED,CONVERGED,CONVERGED,0,0,0.5049732,False,0,4007,4007,4007,4007,0.5,0.5,0.5,76,76,True,True,495,True
f7,N(2),3,10L,CONVERGED,CONVERGED,CONVERGED,0,0,0.4361709,False,0,5132,5132,5130,5130,0.4318127,0.4318127,0.4402785338310686,18,18,True,True,495,True
f7,w*0.5,3,10L,CONVERGED,CONVERGED,CONVERGED,0,0,0.981428,False,0,3018,3018,3018,3018,0.996979,0.996979,0.9969790469092086,0,0,True,True,495,True
f7,r*0.5,3,10L,CONVERGED,CONVERGED,CONVERGED,0,0,0.9999906,False,0,4313,4313,4313,4313,0.9996809,0.9996809,0.9996808513306309,0,0,True,True,495,True
f7,p[fodder]*0.5,3,10L,CONVERGED,CONVERGED,CONVERGED,0,0,0.9999962,False,0,3966,3966,3966,3966,0.9998909,0.9998909,0.9998909447119568,79,79,True,True,495,True
f7,p[horse]*0.5,3,10L,CONVERGED,CONVERGED,CONVERGED,0,0,0.5,False,0,2489,2489,2489,2489,0.5,0.5,0.5,0,0,True,True,495,True
f7,p[traction]*0.5,3,10L,CONVERGED,CONVERGED,CONVERGED,0,0,0.7639171,False,0,3003,3003,3003,3003,0.7652831,0.7652831,0.7652831453904606,0,0,True,True,495,True
f7,p[good]*0.5,3,10L,CONVERGED,CONVERGED,CONVERGED,0,0,0.756689,False,0,3439,3439,3439,3439,0.7548366,0.7548366,0.754836575968317,0,0,True,True,495,True
f7,s*0.5,3,10L,CONVERGED,CONVERGED,CONVERGED,0,0,0.9999999,False,0,2158,2158,2158,2158,0.999995,0.999995,0.9999950317915504,0,0,True,True,495,True
f7,JA(0.5),3,10L,CONVERGED,CONVERGED,CONVERGED,0,0,0.5894672,False,0,3959,3959,3959,3959,0.5,0.5,0.5,82,82,True,True,495,True
f7,JB(0.5),3,10L,CONVERGED,CONVERGED,CONVERGED,15,18,0.2275152,True,15,4009,3978,4015,3978,0.1265677,0.2510341,0.2509214302819992,19,19,False,False,2,False
f7,N(0.5),3,10L,CONVERGED,CONVERGED,CONVERGED,0,0,0.9999907,False,0,4304,4304,4304,4304,0.9996773,0.9996773,0.9996773060923475,0,0,True,True,495,True
f7,x*/2,3,10L,CONVERGED,CONVERGED,CONVERGED,0,0,0.6321593,False,0,3598,3598,3593,3593,0.6837983,0.6837983,0.6883181531937859,7,7,True,True,495,True
f7,b*2@genesis,3,10L,CONVERGED,CONVERGED,CONVERGED,0,0,0.581167,False,0,4465,4465,4466,4466,0.4969798,0.4969798,0.49697983376697524,82,82,True,True,495,True
f7,b*2@dated,3,10L,CONVERGED,CONVERGED,CONVERGED,0,0,0.581167,False,0,4466,4466,4466,4466,0.4969798,0.4969798,0.49697983376697524,83,83,True,True,618,True
f7,b*0.5@genesis,3,10L,CONVERGED,CONVERGED,CONVERGED,0,0,0.9999896,False,0,4441,4441,4441,4441,0.9998718,0.9998718,0.9998717670408473,0,0,True,True,495,True
f7,b*0.5@dated,3,10L,CONVERGED,CONVERGED,CONVERGED,0,0,0.9999896,False,0,4441,4441,4441,4441,0.9998718,0.9998718,0.9998717670408473,0,0,True,True,618,True
f7,stock.good*0.5,3S,10L,CONVERGED,CONVERGED,CONVERGED,0,0,0.9857191,False,0,1744,1744,1744,1744,0.985399,0.985399,0.9853990072253852,0,0,True,True,495,True
f7,stock.good*2,3S,10L,CONVERGED,CONVERGED,CONVERGED,0,0,0.9864243,False,0,2138,2138,1766,1766,0.9868122,0.9868122,0.9935317242026545,0,0,True,True,495,True
f7,heads.capacity*0.5,3S,10L,CONVERGED,CONVERGED,CONVERGED,0,0,0.999995,False,0,4237,4237,4237,4237,0.9997922,0.9997922,0.9997922567602203,57,57,True,True,495,True
f7,heads.capacity*2,3S,10L,CONVERGED,CONVERGED,CONVERGED,0,0,0.5993687,False,0,5136,5136,5136,5136,0.6059563,0.6059563,0.6059563382202547,0,0,True,True,495,True
f7,hours.capacity*0.5,3S,10L,CONVERGED,CONVERGED,CONVERGED,0,0,0.9506449,False,0,1992,1992,1992,1992,0.9510102,0.9510102,0.9510102210378374,0,0,True,True,495,True
f7,hours.capacity*2,3S,10L,CONVERGED,CONVERGED,CONVERGED,0,0,0.9609714,False,0,2064,2064,1709,1709,0.957331,0.957331,0.9778308869416469,0,0,True,True,495,True
f7,own.maker*0.5,3S,10L,CONVERGED,CONVERGED,CONVERGED,0,0,0.9999949,False,0,4646,4646,4646,4646,0.9997935,0.9997935,0.9997935473147733,0,0,True,True,495,True
f7,own.maker*2,3S,10L,CONVERGED,CONVERGED,CONVERGED,0,0,1.0,False,0,3409,3409,3409,3409,1.0,1.0,1.0,0,0,True,True,495,True
f7,finished.maker*0.5,3S,10L,CONVERGED,CONVERGED,CONVERGED,0,0,0.9863826,False,0,2277,2277,2277,2277,0.9898792,0.9898792,0.9898792201289723,0,0,True,True,495,True
f7,finished.maker*2,3S,10L,CONVERGED,CONVERGED,CONVERGED,0,0,0.6544067,False,0,2646,2646,2646,2646,0.6547478,0.6547478,0.6547477579173819,0,0,True,True,495,True
f7,stock.fodder*0.5,3S,10L,CONVERGED,CONVERGED,CONVERGED,0,0,0.9864118,False,0,2144,2144,2144,2144,0.9893719,0.9893719,0.9893718597508617,0,0,True,True,495,True
f7,stock.fodder*2,3S,10L,CONVERGED,CONVERGED,CONVERGED,0,0,0.9999999,False,0,2134,2134,1801,1801,0.999995,0.999995,0.9999974698136218,0,0,True,True,495,True
f7,coin.desk.good*0.5,3S,10L,CONVERGED,CONVERGED,CONVERGED,0,0,0.6691543,False,0,4003,4003,4001,4001,0.6545724,0.6545724,0.6508293572241409,0,0,True,True,495,True
f7,coin.desk.good*2,3S,10L,CONVERGED,CONVERGED,CONVERGED,0,0,0.9957098,False,0,3614,3614,3614,3614,0.9998486,0.9998486,0.9998486183547106,0,0,True,True,495,True
f7,coin.desk.capacity*0.5,3S,10L,CONVERGED,CONVERGED,CONVERGED,0,0,0.5429983,False,0,3909,3909,3909,3909,0.5406675,0.5406675,0.5406675058808814,0,0,True,True,495,True
f7,coin.desk.capacity*2,3S,10L,CONVERGED,CONVERGED,CONVERGED,0,0,0.9999936,False,0,3445,3445,3445,3445,0.999886,0.999886,0.9998859695261271,0,0,True,True,495,True
f7,coin.desk.maker*0.5,3S,10L,CONVERGED,CONVERGED,CONVERGED,0,0,0.8815371,False,0,3666,3666,3672,3672,0.8774698,0.8774698,0.8772646025293401,0,0,True,True,495,True
f7,coin.desk.maker*2,3S,10L,CONVERGED,CONVERGED,CONVERGED,0,0,0.9450654,False,0,3234,3234,3234,3234,0.9780691,0.9780691,0.9780691232039502,0,0,True,True,495,True
f7,coin.desk.fodder*0.5,3S,10L,CONVERGED,CONVERGED,CONVERGED,0,0,0.9735626,False,0,3253,3253,3253,3253,0.9999783,0.9999783,0.999978333446046,1,1,True,True,495,True
f7,coin.desk.fodder*2,3S,10L,CONVERGED,CONVERGED,CONVERGED,0,0,0.9997915,False,0,3241,3241,3241,3241,0.9997006,0.9997006,0.9997006194596476,0,0,True,True,495,True
f7,coin.provider*0.5,3S,10L,CONVERGED,CONVERGED,CONVERGED,0,0,0.8800092,False,0,4026,4026,4025,4025,0.8719755,0.8719755,0.8739773945789255,0,0,True,True,495,True
f7,coin.provider*2,3S,10L,CONVERGED,CONVERGED,CONVERGED,0,0,0.9993532,False,0,3540,3540,3540,3540,0.9990716,0.9990716,0.9990716150066713,0,0,True,True,495,True
f7,coin.workers*0.5,3S,10L,CONVERGED,CONVERGED,CONVERGED,0,0,0.8711264,False,0,4064,4064,4063,4063,0.8625264,0.8625264,0.8645761980394007,0,0,True,True,495,True
f7,coin.workers*2,3S,10L,CONVERGED,CONVERGED,CONVERGED,0,0,0.999321,False,0,3577,3577,3577,3577,0.9990253,0.9990253,0.9990252844527252,0,0,True,True,495,True
f8,w*1.05,1,L,CONVERGED,CONVERGED,CONVERGED,0,0,0.9908531,False,0,1100,1100,1096,1096,0.9996096,0.9996096,0.999609597718686,0,0,True,True,291,True
f8,r*1.05,1,L,CONVERGED,CONVERGED,CONVERGED,0,0,0.9275233,False,0,3241,3241,3239,3239,0.952381,0.952381,0.9523809523809523,0,0,True,True,291,True
f8,p[fodder]*1.05,1,L,CONVERGED,CONVERGED,CONVERGED,0,0,0.9061277,False,0,2290,2290,2293,2293,0.9388883,0.9388883,0.9385478178831475,0,0,True,True,291,True
f8,p[horse]*1.05,1,L,CONVERGED,CONVERGED,CONVERGED,0,0,0.9859386,False,0,438,438,438,438,0.9859265,0.9859265,0.9859264864458502,0,0,True,True,291,True
f8,p[traction]*1.05,1,L,CONVERGED,CONVERGED,CONVERGED,0,0,0.973985,False,0,1722,1722,1755,1755,0.9753214,0.9753214,0.973081368058898,0,0,True,True,291,True
f8,p[good]*1.05,1,L,CONVERGED,CONVERGED,CONVERGED,0,0,0.9996283,False,0,1337,1337,1343,1343,0.9998766,0.9998766,0.9998748180540162,0,0,True,True,291,True
f8,s*1.05,1,L,CONVERGED,CONVERGED,CONVERGED,0,0,0.9965802,False,0,1244,1244,1234,1234,0.9984694,0.9984694,0.9986911231832022,0,0,True,True,291,True
f8,JA(1.05),1,L,CONVERGED,CONVERGED,CONVERGED,0,0,0.8882183,False,0,2178,2178,2185,2185,0.9255229,0.9255229,0.9246071268854029,0,0,True,True,291,True
f8,JB(1.05),1,L,CONVERGED,CONVERGED,CONVERGED,0,0,0.8485107,False,0,2137,2137,2139,2139,0.8983498,0.8983498,0.8977891777320282,0,0,True,True,291,True
f8,N(1.05),1,L,CONVERGED,CONVERGED,CONVERGED,0,0,0.9074937,False,0,3349,3349,3346,3346,0.9063573,0.9063573,0.9106159646085409,0,0,True,True,291,True
f8,w*0.95,1,L,CONVERGED,CONVERGED,CONVERGED,0,0,0.9997019,False,0,1460,1460,1460,1460,0.999891,0.999891,0.9998909566959412,0,0,True,True,291,True
f8,r*0.95,1,L,CONVERGED,CONVERGED,CONVERGED,0,0,0.9948029,False,0,2685,2685,2685,2685,0.9980318,0.9980318,0.9980318409659432,0,0,True,True,291,True
f8,p[fodder]*0.95,1,L,CONVERGED,CONVERGED,CONVERGED,0,0,0.9122422,False,0,1968,1968,1968,1968,0.9640636,0.9640636,0.964063568753395,0,0,True,True,291,True
f8,p[horse]*0.95,1,L,CONVERGED,CONVERGED,CONVERGED,0,0,0.95,False,0,1354,1354,1354,1354,0.95,0.95,0.95,0,0,True,True,291,True
f8,p[traction]*0.95,1,L,CONVERGED,CONVERGED,CONVERGED,0,0,0.9591645,False,0,1761,1761,1761,1761,0.9551748,0.9551748,0.9551748186846948,0,0,True,True,291,True
f8,p[good]*0.95,1,L,CONVERGED,CONVERGED,CONVERGED,0,0,0.9297659,False,0,2223,2223,2223,2223,0.9323853,0.9323853,0.9323852717522739,0,0,True,True,291,True
f8,s*0.95,1,L,CONVERGED,CONVERGED,CONVERGED,0,0,0.999905,False,0,910,910,910,910,0.9999658,0.9999658,0.9999658040829411,0,0,True,True,291,True
f8,JA(0.95),1,L,CONVERGED,CONVERGED,CONVERGED,0,0,0.9617438,False,0,1997,1997,1997,1997,0.95,0.95,0.95,0,0,True,True,291,True
f8,JB(0.95),1,L,CONVERGED,CONVERGED,CONVERGED,0,0,0.871223,False,0,2617,2617,2627,2627,0.8979969,0.8979969,0.8946312265207803,0,0,True,True,291,True
f8,N(0.95),1,L,CONVERGED,CONVERGED,CONVERGED,0,0,0.9945436,False,0,2668,2668,2668,2668,0.9980837,0.9980837,0.9980836574029156,0,0,True,True,291,True
f8,w*1.2,2,L,CONVERGED,CONVERGED,CONVERGED,0,0,0.9643896,False,0,1630,1630,1621,1621,0.9984979,0.9984979,0.9984979126113412,0,0,True,True,291,True
f8,r*1.2,2,L,CONVERGED,CONVERGED,CONVERGED,0,0,0.7069525,False,0,3920,3920,3919,3919,0.7962505,0.7962505,0.7893942886680924,0,0,True,True,291,True
f8,p[fodder]*1.2,2,L,CONVERGED,CONVERGED,CONVERGED,0,0,0.6620982,False,0,2999,2999,3001,3001,0.7560266,0.7560266,0.754850750406523,0,0,True,True,291,True
f8,p[horse]*1.2,2,L,CONVERGED,CONVERGED,CONVERGED,0,0,0.9396406,False,0,1334,1334,1334,1334,0.9395201,0.9395201,0.9395201202253016,0,0,True,True,291,True
f8,p[traction]*1.2,2,L,CONVERGED,CONVERGED,CONVERGED,0,0,0.8960497,False,0,2371,2371,2406,2406,0.9003885,0.9003885,0.8931488673457084,0,0,True,True,291,True
f8,p[good]*1.2,2,L,CONVERGED,CONVERGED,CONVERGED,0,0,0.9986439,False,0,1887,1887,1894,1894,0.9995431,0.9995431,0.999536810708676,0,0,True,True,291,True
f8,s*1.2,2,L,CONVERGED,CONVERGED,CONVERGED,0,0,0.9849845,False,0,1792,1792,1783,1783,0.9927704,0.9927704,0.9934925784271696,0,0,True,True,291,True
f8,JA(1.2),2,L,CONVERGED,CONVERGED,CONVERGED,0,0,0.61366,False,0,2904,2904,2914,2914,0.708661,0.708661,0.7018701533339801,0,0,True,True,291,True
f8,JB(1.2),2,L,CONVERGED,CONVERGED,CONVERGED,0,0,0.6117315,False,0,2840,2840,2841,2841,0.7352359,0.7352359,0.7339012231206268,0,0,True,True,291,True
f8,N(1.2),2,L,CONVERGED,CONVERGED,CONVERGED,0,0,0.6761983,False,0,4017,4017,4015,4015,0.6743734,0.6743734,0.6891844102426956,0,0,True,True,291,True
f8,w*0.8,2,L,CONVERGED,CONVERGED,CONVERGED,0,0,0.9986479,False,0,2106,2106,2106,2106,0.9995031,0.9995031,0.9995030698794239,0,0,True,True,291,True
f8,r*0.8,2,L,CONVERGED,CONVERGED,CONVERGED,0,0,0.9814578,False,0,3426,3426,3426,3426,0.9908074,0.9908074,0.9908074347967046,0,0,True,True,291,True
f8,p[fodder]*0.8,2,L,CONVERGED,CONVERGED,CONVERGED,0,0,0.676147,False,0,2841,2841,2841,2841,0.8304501,0.8304501,0.8304501410648252,0,0,True,True,291,True
f8,p[horse]*0.8,2,L,CONVERGED,CONVERGED,CONVERGED,0,0,0.8,False,0,1949,1949,1949,1949,0.8,0.8,0.8,0,0,True,True,291,True
f8,p[traction]*0.8,2,L,CONVERGED,CONVERGED,CONVERGED,0,0,0.8274878,False,0,2511,2511,2511,2511,0.813775,0.813775,0.8137749533343415,0,0,True,True,291,True
f8,p[good]*0.8,2,L,CONVERGED,CONVERGED,CONVERGED,0,0,0.6900341,False,0,3037,3037,3037,3037,0.6965363,0.6965363,0.6965362555800477,0,0,True,True,291,True
f8,s*0.8,2,L,CONVERGED,CONVERGED,CONVERGED,0,0,0.9996164,False,0,1476,1476,1476,1476,0.9998617,0.9998617,0.9998617020087878,0,0,True,True,291,True
f8,JA(0.8),2,L,CONVERGED,CONVERGED,CONVERGED,0,0,0.8212491,False,0,2854,2854,2854,2854,0.8,0.8,0.8,0,0,True,True,291,True
f8,JB(0.8),2,L,CONVERGED,CONVERGED,CONVERGED,0,0,0.3264147,False,0,3486,3486,3492,3492,0.3639123,0.3639123,0.35555962749372827,0,0,True,True,291,True
f8,N(0.8),2,L,CONVERGED,CONVERGED,CONVERGED,0,0,0.981662,False,0,3409,3409,3409,3409,0.99098,0.99098,0.9909800242322163,0,0,True,True,291,True
f8,w*2,3,L,CONVERGED,CONVERGED,CONVERGED,0,0,0.844148,False,0,2385,2385,2372,2372,0.9709373,0.9709373,0.977839606421178,0,0,True,True,291,True
f8,r*2,3,L,CONVERGED,CONVERGED,CONVERGED,30,20,0.2282067,True,30,4626,4627,4625,4627,0.04722637,0.278401,0.28185349450138963,153,128,False,False,2,False
f8,p[fodder]*2,3,L,CONVERGED,CONVERGED,CONVERGED,15,30,0.2291486,True,15,3745,3685,3749,3687,0.103215,0.309184,0.30764659804606465,0,0,False,False,2,False
f8,p[horse]*2,3,L,CONVERGED,CONVERGED,CONVERGED,0,0,0.7896872,False,0,1892,1892,1892,1892,0.7889632,0.7889632,0.7889632409306635,0,0,True,True,291,True
f8,p[traction]*2,3,L,CONVERGED,CONVERGED,CONVERGED,0,0,0.522374,False,0,3229,3229,3246,3246,0.5456592,0.5456592,0.5329300250566655,2,2,True,True,291,True
f8,p[good]*2,3,L,CONVERGED,CONVERGED,CONVERGED,0,0,0.9952619,False,0,2598,2598,2603,2603,0.9983115,0.9983115,0.9982929907366269,0,0,True,True,291,True
f8,s*2,3,L,CONVERGED,CONVERGED,CONVERGED,0,0,0.8432795,False,0,2848,2848,2835,2835,0.8612885,0.8612885,0.8658954636003534,0,0,True,True,291,True
f8,JA(2),3,L,CONVERGED,CONVERGED,CONVERGED,5,10,0.2333675,True,5,3604,3593,3612,3596,0.2562608,0.3578708,0.3654059452976497,3,3,False,False,2,False
f8,JB(2),3,L,CONVERGED,CONVERGED,CONVERGED,0,0,0.409844,False,0,3726,3726,3726,3726,0.5,0.5,0.5,71,71,True,True,291,True
f8,N(2),3,L,CONVERGED,CONVERGED,CONVERGED,64,106,0.2272082,True,65,4704,4707,4701,4704,0.00902646,0.2196139,0.22213303653176986,105,57,False,False,2,False
f8,w*0.5,3,L,CONVERGED,CONVERGED,CONVERGED,0,0,0.9669037,False,0,2833,2833,2833,2833,0.9981747,0.9981747,0.9981747373680185,0,0,True,True,291,True
f8,r*0.5,3,L,CONVERGED,CONVERGED,CONVERGED,0,0,0.9566119,False,0,4027,4027,4027,4027,0.9728505,0.9728505,0.9728504829844781,0,0,True,True,291,True
f8,p[fodder]*0.5,3,L,CONVERGED,CONVERGED,CONVERGED,0,0,0.3694874,False,0,3647,3647,3647,3647,0.5146865,0.5146865,0.5146865318431678,74,74,True,True,291,True
f8,p[horse]*0.5,3,L,CONVERGED,CONVERGED,CONVERGED,0,0,0.5,False,0,2526,2526,2526,2526,0.5,0.5,0.5,0,0,True,True,291,True
f8,p[traction]*0.5,3,L,CONVERGED,CONVERGED,CONVERGED,0,0,0.5121337,False,0,3192,3192,3192,3192,0.4953295,0.4953295,0.4953294656434603,0,0,True,True,291,True
f8,p[good]*0.5,3,L,CONVERGED,CONVERGED,CONVERGED,9,18,0.2302593,True,9,3719,3688,3719,3688,0.1302375,0.2253765,0.2253765333143412,0,0,False,False,2,False
f8,s*0.5,3,L,CONVERGED,CONVERGED,CONVERGED,0,0,0.9990189,False,0,1871,1871,1871,1871,0.9996453,0.9996453,0.9996453212014013,0,0,True,True,291,True
f8,JA(0.5),3,L,CONVERGED,CONVERGED,CONVERGED,0,0,0.500353,False,0,3607,3607,3607,3607,0.5,0.5,0.5,76,76,True,True,291,True
f8,JB(0.5),3,L,CONVERGED,CONVERGED,CONVERGED,32,22,0.2277947,True,32,4051,3808,4053,3808,0.01355729,0.2611922,0.26118158825938104,63,44,False,False,2,False
f8,N(0.5),3,L,CONVERGED,CONVERGED,CONVERGED,0,0,0.9557222,False,0,4016,4016,4016,4016,0.9720842,0.9720842,0.9720842375185906,0,0,True,True,291,True
f8,x*/2,3,L,CONVERGED,CONVERGED,CONVERGED,9,18,0.2322566,True,8,3795,3734,3791,3732,0.09925446,0.2404296,0.24196689715981673,7,7,False,False,2,False
f8,b*1.1@genesis,2,L,CONVERGED,CONVERGED,CONVERGED,0,0,0.8363608,False,0,2993,2993,2993,2993,0.9031314,0.9031314,0.9031314075119437,0,0,True,True,291,True
f8,b*1.1@dated,2,L,CONVERGED,CONVERGED,CONVERGED,0,0,0.8363608,False,0,2993,2993,2993,2993,0.9031314,0.9031314,0.9031314075119432,0,0,True,True,363,True
f8,b*0.9@genesis,2,L,CONVERGED,CONVERGED,CONVERGED,0,0,0.988898,False,0,3227,3227,3227,3227,0.9953512,0.9953512,0.9953511551918883,0,0,True,True,291,True
f8,b*0.9@dated,2,L,CONVERGED,CONVERGED,CONVERGED,0,0,0.988898,False,0,3227,3227,3227,3227,0.9953512,0.9953512,0.9953511551918869,0,0,True,True,363,True
f8,b*2@genesis,3,L,CONVERGED,CONVERGED,CONVERGED,18,16,0.2285337,True,18,4087,4104,4087,4104,0.09761175,0.3014495,0.3014494566102926,61,61,False,False,2,False
f8,b*2@dated,3,L,CONVERGED,CONVERGED,CONVERGED,18,16,0.2285337,True,18,4087,4104,4087,4104,0.09761175,0.3014495,0.30144945661029304,61,61,False,False,74,False
f8,b*0.5@genesis,3,L,CONVERGED,CONVERGED,CONVERGED,0,0,0.9268313,False,0,4294,4294,4294,4294,0.9391752,0.9391752,0.9391751688879638,0,0,True,True,291,True
f8,b*0.5@dated,3,L,CONVERGED,CONVERGED,CONVERGED,0,0,0.9268313,False,0,4294,4294,4294,4294,0.9391752,0.9391752,0.9391751688879614,0,0,True,True,363,True
f8,stock.good*0.5,3S,L,CONVERGED,CONVERGED,CONVERGED,0,0,0.9667235,False,0,1728,1728,1728,1728,0.9666471,0.9666471,0.966647092455202,0,0,True,True,291,True
f8,stock.good*2,3S,L,CONVERGED,CONVERGED,CONVERGED,0,0,0.9310677,False,0,2214,2214,1895,1895,0.9337843,0.9337843,0.9672192188149287,0,0,True,True,291,True
f8,heads.capacity*0.5,3S,L,CONVERGED,CONVERGED,CONVERGED,0,0,0.9687153,False,0,3944,3944,3944,3944,0.9852802,0.9852802,0.9852855536862037,53,53,True,True,291,True
f8,heads.capacity*2,3S,L,CONVERGED,CONVERGED,CONVERGED,53,106,0.2278791,True,53,4733,4744,4733,4744,0.1527441,0.2138696,0.21386964435712658,0,0,False,False,2,False
f8,hours.capacity*0.5,3S,L,CONVERGED,CONVERGED,CONVERGED,0,0,0.9183829,False,0,2023,2023,2023,2023,0.9199077,0.9199077,0.9199077207393384,0,0,True,True,291,True
f8,hours.capacity*2,3S,L,CONVERGED,CONVERGED,CONVERGED,0,0,0.9241778,False,0,2049,2049,1751,1751,0.9160388,0.9160388,0.9562983918069698,0,0,True,True,291,True
f8,own.maker*0.5,3S,L,CONVERGED,CONVERGED,CONVERGED,0,0,0.970432,False,0,4220,4220,4220,4220,0.9861205,0.9861205,0.9861205044527855,0,0,True,True,291,True
f8,own.maker*2,3S,L,CONVERGED,CONVERGED,CONVERGED,0,0,1.0,False,0,3409,3409,3409,3409,1.0,1.0,1.0,0,0,True,True,291,True
f8,finished.maker*0.5,3S,L,CONVERGED,CONVERGED,CONVERGED,0,0,0.9584872,False,0,2030,2030,2030,2030,0.9719023,0.9719023,0.9719022561621846,0,0,True,True,291,True
f8,finished.maker*2,3S,L,CONVERGED,CONVERGED,CONVERGED,0,0,0.5767446,False,0,2250,2250,2250,2250,0.5764182,0.5764182,0.5764181816060016,0,0,True,True,291,True
f8,stock.fodder*0.5,3S,L,CONVERGED,CONVERGED,CONVERGED,0,0,0.9774552,False,0,2024,2024,2024,2024,0.9903933,0.9903933,0.9903932839906979,0,0,True,True,291,True
f8,stock.fodder*2,3S,L,CONVERGED,CONVERGED,CONVERGED,0,0,0.9562865,False,0,1644,1644,1374,1374,0.9828905,0.9828905,0.9914899328249452,0,0,True,True,291,True
f8,coin.desk.good*0.5,3S,L,CONVERGED,CONVERGED,CONVERGED,0,0,0.3537855,False,0,3629,3629,3628,3628,0.3340185,0.3340185,0.3284857855389714,0,0,True,True,291,True
f8,coin.desk.good*2,3S,L,CONVERGED,CONVERGED,CONVERGED,0,0,0.9823851,False,0,3418,3418,3418,3418,0.9914268,0.9914268,0.9914268120751016,0,0,True,True,291,True
f8,coin.desk.capacity*0.5,3S,L,CONVERGED,CONVERGED,CONVERGED,0,0,0.3393542,False,0,3530,3530,3532,3532,0.3300718,0.3300718,0.3287400924861224,0,0,True,True,291,True
f8,coin.desk.capacity*2,3S,L,CONVERGED,CONVERGED,CONVERGED,0,0,0.9852755,False,0,3264,3264,3264,3264,0.99324,0.99324,0.9932400325105281,0,0,True,True,291,True
f8,coin.desk.maker*0.5,3S,L,CONVERGED,CONVERGED,CONVERGED,0,0,0.8143614,False,0,2913,2913,2922,2922,0.8558348,0.8558348,0.858579126610664,0,0,True,True,291,True
f8,coin.desk.maker*2,3S,L,CONVERGED,CONVERGED,CONVERGED,0,0,0.8363701,False,0,2806,2806,2806,2806,0.8824474,0.8824474,0.8824474338347125,0,0,True,True,291,True
f8,coin.desk.fodder*0.5,3S,L,CONVERGED,CONVERGED,CONVERGED,0,0,0.5624598,False,0,3453,3453,3453,3453,0.7078609,0.7078609,0.7078609409028392,0,0,True,True,291,True
f8,coin.desk.fodder*2,3S,L,CONVERGED,CONVERGED,CONVERGED,0,0,0.9854364,False,0,3269,3269,3269,3269,0.9929279,0.9929279,0.9929278845335451,0,0,True,True,291,True
f8,coin.provider*0.5,3S,L,CONVERGED,CONVERGED,CONVERGED,0,0,0.7647855,False,0,3704,3704,3703,3703,0.7487027,0.7487027,0.7527163079575766,0,0,True,True,291,True
f8,coin.provider*2,3S,L,CONVERGED,CONVERGED,CONVERGED,0,0,0.9838949,False,0,3365,3365,3365,3365,0.9923664,0.9923664,0.99236637194438,0,0,True,True,291,True
f8,coin.workers*0.5,3S,L,CONVERGED,CONVERGED,CONVERGED,0,0,0.7467558,False,0,3741,3741,3740,3740,0.7299459,0.7299459,0.7340293433001475,0,0,True,True,291,True
f8,coin.workers*2,3S,L,CONVERGED,CONVERGED,CONVERGED,0,0,0.9829806,False,0,3397,3397,3397,3397,0.9918672,0.9918672,0.9918672423039329,0,0,True,True,291,True
f8,w*2,3,10L,CONVERGED,CONVERGED,CONVERGED,0,0,0.844148,False,0,2385,2385,2372,2372,0.9709373,0.9709373,0.977839606421178,0,0,True,True,291,True
f8,r*2,3,10L,CONVERGED,CONVERGED,CONVERGED,30,20,0.2282067,True,30,4626,4627,4625,4627,0.04722637,0.278401,0.28185349450138963,153,128,False,False,2,False
f8,p[fodder]*2,3,10L,CONVERGED,CONVERGED,CONVERGED,15,30,0.2291486,True,15,3745,3685,3749,3687,0.103215,0.309184,0.30764659804606465,0,0,False,False,2,False
f8,p[horse]*2,3,10L,CONVERGED,CONVERGED,CONVERGED,0,0,0.7896872,False,0,1892,1892,1892,1892,0.7889632,0.7889632,0.7889632409306635,0,0,True,True,291,True
f8,p[traction]*2,3,10L,CONVERGED,CONVERGED,CONVERGED,0,0,0.522374,False,0,3229,3229,3246,3246,0.5456592,0.5456592,0.5329300250566655,2,2,True,True,291,True
f8,p[good]*2,3,10L,CONVERGED,CONVERGED,CONVERGED,0,0,0.9952619,False,0,2598,2598,2603,2603,0.9983115,0.9983115,0.9982929907366269,0,0,True,True,291,True
f8,s*2,3,10L,CONVERGED,CONVERGED,CONVERGED,0,0,0.8432795,False,0,2848,2848,2835,2835,0.8612885,0.8612885,0.8658954636003534,0,0,True,True,291,True
f8,JA(2),3,10L,CONVERGED,CONVERGED,CONVERGED,5,10,0.2333675,True,5,3604,3593,3612,3596,0.2562608,0.3578708,0.3654059452976497,3,3,False,False,2,False
f8,JB(2),3,10L,CONVERGED,CONVERGED,CONVERGED,0,0,0.409844,False,0,3726,3726,3726,3726,0.5,0.5,0.5,71,71,True,True,291,True
f8,N(2),3,10L,CONVERGED,CONVERGED,CONVERGED,64,106,0.2272082,True,65,4704,4707,4701,4704,0.00902646,0.2196139,0.22213303653176986,105,57,False,False,2,False
f8,w*0.5,3,10L,CONVERGED,CONVERGED,CONVERGED,0,0,0.9669037,False,0,2833,2833,2833,2833,0.9981747,0.9981747,0.9981747373680185,0,0,True,True,291,True
f8,r*0.5,3,10L,CONVERGED,CONVERGED,CONVERGED,0,0,0.9566119,False,0,4027,4027,4027,4027,0.9728505,0.9728505,0.9728504829844781,0,0,True,True,291,True
f8,p[fodder]*0.5,3,10L,CONVERGED,CONVERGED,CONVERGED,0,0,0.3694874,False,0,3647,3647,3647,3647,0.5146865,0.5146865,0.5146865318431678,74,74,True,True,291,True
f8,p[horse]*0.5,3,10L,CONVERGED,CONVERGED,CONVERGED,0,0,0.5,False,0,2526,2526,2526,2526,0.5,0.5,0.5,0,0,True,True,291,True
f8,p[traction]*0.5,3,10L,CONVERGED,CONVERGED,CONVERGED,0,0,0.5121337,False,0,3192,3192,3192,3192,0.4953295,0.4953295,0.4953294656434603,0,0,True,True,291,True
f8,p[good]*0.5,3,10L,CONVERGED,CONVERGED,CONVERGED,9,18,0.2302593,True,9,3719,3688,3719,3688,0.1302375,0.2253765,0.2253765333143412,0,0,False,False,2,False
f8,s*0.5,3,10L,CONVERGED,CONVERGED,CONVERGED,0,0,0.9990189,False,0,1871,1871,1871,1871,0.9996453,0.9996453,0.9996453212014013,0,0,True,True,291,True
f8,JA(0.5),3,10L,CONVERGED,CONVERGED,CONVERGED,0,0,0.500353,False,0,3607,3607,3607,3607,0.5,0.5,0.5,76,76,True,True,291,True
f8,JB(0.5),3,10L,CONVERGED,CONVERGED,CONVERGED,32,22,0.2277947,True,32,4051,3808,4053,3808,0.01355729,0.2611922,0.26118158825938104,63,44,False,False,2,False
f8,N(0.5),3,10L,CONVERGED,CONVERGED,CONVERGED,0,0,0.9557222,False,0,4016,4016,4016,4016,0.9720842,0.9720842,0.9720842375185906,0,0,True,True,291,True
f8,x*/2,3,10L,CONVERGED,CONVERGED,CONVERGED,9,18,0.2322566,True,8,3795,3734,3791,3732,0.09925446,0.2404296,0.24196689715981673,7,7,False,False,2,False
f8,b*2@genesis,3,10L,CONVERGED,CONVERGED,CONVERGED,18,16,0.2285337,True,18,4087,4104,4087,4104,0.09761175,0.3014495,0.3014494566102926,61,61,False,False,2,False
f8,b*2@dated,3,10L,CONVERGED,CONVERGED,CONVERGED,18,16,0.2285337,True,18,4087,4104,4087,4104,0.09761175,0.3014495,0.30144945661029304,61,61,False,False,74,False
f8,b*0.5@genesis,3,10L,CONVERGED,CONVERGED,CONVERGED,0,0,0.9268313,False,0,4294,4294,4294,4294,0.9391752,0.9391752,0.9391751688879638,0,0,True,True,291,True
f8,b*0.5@dated,3,10L,CONVERGED,CONVERGED,CONVERGED,0,0,0.9268313,False,0,4294,4294,4294,4294,0.9391752,0.9391752,0.9391751688879614,0,0,True,True,363,True
f8,stock.good*0.5,3S,10L,CONVERGED,CONVERGED,CONVERGED,0,0,0.9667235,False,0,1728,1728,1728,1728,0.9666471,0.9666471,0.966647092455202,0,0,True,True,291,True
f8,stock.good*2,3S,10L,CONVERGED,CONVERGED,CONVERGED,0,0,0.9310677,False,0,2214,2214,1895,1895,0.9337843,0.9337843,0.9672192188149287,0,0,True,True,291,True
f8,heads.capacity*0.5,3S,10L,CONVERGED,CONVERGED,CONVERGED,0,0,0.9687153,False,0,3944,3944,3944,3944,0.9852802,0.9852802,0.9852855536862037,53,53,True,True,291,True
f8,heads.capacity*2,3S,10L,CONVERGED,CONVERGED,CONVERGED,53,106,0.2278791,True,53,4733,4744,4733,4744,0.1527441,0.2138696,0.21386964435712658,0,0,False,False,2,False
f8,hours.capacity*0.5,3S,10L,CONVERGED,CONVERGED,CONVERGED,0,0,0.9183829,False,0,2023,2023,2023,2023,0.9199077,0.9199077,0.9199077207393384,0,0,True,True,291,True
f8,hours.capacity*2,3S,10L,CONVERGED,CONVERGED,CONVERGED,0,0,0.9241778,False,0,2049,2049,1751,1751,0.9160388,0.9160388,0.9562983918069698,0,0,True,True,291,True
f8,own.maker*0.5,3S,10L,CONVERGED,CONVERGED,CONVERGED,0,0,0.970432,False,0,4220,4220,4220,4220,0.9861205,0.9861205,0.9861205044527855,0,0,True,True,291,True
f8,own.maker*2,3S,10L,CONVERGED,CONVERGED,CONVERGED,0,0,1.0,False,0,3409,3409,3409,3409,1.0,1.0,1.0,0,0,True,True,291,True
f8,finished.maker*0.5,3S,10L,CONVERGED,CONVERGED,CONVERGED,0,0,0.9584872,False,0,2030,2030,2030,2030,0.9719023,0.9719023,0.9719022561621846,0,0,True,True,291,True
f8,finished.maker*2,3S,10L,CONVERGED,CONVERGED,CONVERGED,0,0,0.5767446,False,0,2250,2250,2250,2250,0.5764182,0.5764182,0.5764181816060016,0,0,True,True,291,True
f8,stock.fodder*0.5,3S,10L,CONVERGED,CONVERGED,CONVERGED,0,0,0.9774552,False,0,2024,2024,2024,2024,0.9903933,0.9903933,0.9903932839906979,0,0,True,True,291,True
f8,stock.fodder*2,3S,10L,CONVERGED,CONVERGED,CONVERGED,0,0,0.9562865,False,0,1644,1644,1374,1374,0.9828905,0.9828905,0.9914899328249452,0,0,True,True,291,True
f8,coin.desk.good*0.5,3S,10L,CONVERGED,CONVERGED,CONVERGED,0,0,0.3537855,False,0,3629,3629,3628,3628,0.3340185,0.3340185,0.3284857855389714,0,0,True,True,291,True
f8,coin.desk.good*2,3S,10L,CONVERGED,CONVERGED,CONVERGED,0,0,0.9823851,False,0,3418,3418,3418,3418,0.9914268,0.9914268,0.9914268120751016,0,0,True,True,291,True
f8,coin.desk.capacity*0.5,3S,10L,CONVERGED,CONVERGED,CONVERGED,0,0,0.3393542,False,0,3530,3530,3532,3532,0.3300718,0.3300718,0.3287400924861224,0,0,True,True,291,True
f8,coin.desk.capacity*2,3S,10L,CONVERGED,CONVERGED,CONVERGED,0,0,0.9852755,False,0,3264,3264,3264,3264,0.99324,0.99324,0.9932400325105281,0,0,True,True,291,True
f8,coin.desk.maker*0.5,3S,10L,CONVERGED,CONVERGED,CONVERGED,0,0,0.8143614,False,0,2913,2913,2922,2922,0.8558348,0.8558348,0.858579126610664,0,0,True,True,291,True
f8,coin.desk.maker*2,3S,10L,CONVERGED,CONVERGED,CONVERGED,0,0,0.8363701,False,0,2806,2806,2806,2806,0.8824474,0.8824474,0.8824474338347125,0,0,True,True,291,True
f8,coin.desk.fodder*0.5,3S,10L,CONVERGED,CONVERGED,CONVERGED,0,0,0.5624598,False,0,3453,3453,3453,3453,0.7078609,0.7078609,0.7078609409028392,0,0,True,True,291,True
f8,coin.desk.fodder*2,3S,10L,CONVERGED,CONVERGED,CONVERGED,0,0,0.9854364,False,0,3269,3269,3269,3269,0.9929279,0.9929279,0.9929278845335451,0,0,True,True,291,True
f8,coin.provider*0.5,3S,10L,CONVERGED,CONVERGED,CONVERGED,0,0,0.7647855,False,0,3704,3704,3703,3703,0.7487027,0.7487027,0.7527163079575766,0,0,True,True,291,True
f8,coin.provider*2,3S,10L,CONVERGED,CONVERGED,CONVERGED,0,0,0.9838949,False,0,3365,3365,3365,3365,0.9923664,0.9923664,0.99236637194438,0,0,True,True,291,True
f8,coin.workers*0.5,3S,10L,CONVERGED,CONVERGED,CONVERGED,0,0,0.7467558,False,0,3741,3741,3740,3740,0.7299459,0.7299459,0.7340293433001475,0,0,True,True,291,True
f8,coin.workers*2,3S,10L,CONVERGED,CONVERGED,CONVERGED,0,0,0.9829806,False,0,3397,3397,3397,3397,0.9918672,0.9918672,0.9918672423039329,0,0,True,True,291,True
f9,w*1.05,1,L,CONVERGED,CONVERGED,CONVERGED,0,0,0.9952913,False,0,1077,1077,1060,1060,0.9998002,0.9998002,0.9998001861944759,0,0,True,True,495,True
f9,r*1.05,1,L,CONVERGED,CONVERGED,CONVERGED,0,0,0.9649004,False,0,4161,4161,4159,4159,0.9511458,0.9511458,0.9511458247623384,0,0,True,True,495,True
f9,p[fodder]*1.05,1,L,CONVERGED,CONVERGED,CONVERGED,0,0,0.9688873,False,0,2409,2409,2410,2410,0.9786194,0.9786194,0.9785903061939143,0,0,True,True,495,True
f9,p[horse]*1.05,1,L,CONVERGED,CONVERGED,CONVERGED,0,0,0.9839691,False,0,35,35,35,35,0.9839237,0.9839237,0.9839236707179827,0,0,True,True,495,True
f9,p[traction]*1.05,1,L,CONVERGED,CONVERGED,CONVERGED,0,0,0.9938896,False,0,1893,1893,1940,1940,0.9951393,0.9951393,0.9946134066596136,0,0,True,True,495,True
f9,p[good]*1.05,1,L,CONVERGED,CONVERGED,CONVERGED,0,0,0.9999194,False,0,1628,1628,1637,1637,0.9999939,0.9999939,0.99999385078875,0,0,True,True,495,True
f9,s*1.05,1,L,CONVERGED,CONVERGED,CONVERGED,0,0,0.9996517,False,0,742,742,732,732,0.9999983,0.9999983,0.9999983606263508,0,0,True,True,495,True
f9,JA(1.05),1,L,CONVERGED,CONVERGED,CONVERGED,0,0,0.9497983,False,0,2152,2152,2163,2163,0.9626827,0.9626827,0.9625491069771828,0,0,True,True,495,True
f9,JB(1.05),1,L,CONVERGED,CONVERGED,CONVERGED,0,0,0.9573768,False,0,2744,2744,2744,2744,0.952381,0.952381,0.9523809523809523,0,0,True,True,495,True
f9,N(1.05),1,L,CONVERGED,CONVERGED,CONVERGED,0,0,0.9360919,False,0,4290,4290,4286,4286,0.9352554,0.9352554,0.936835703880946,0,0,True,True,495,True
f9,w*0.95,1,L,CONVERGED,CONVERGED,CONVERGED,0,0,0.9982919,False,0,1895,1895,1895,1895,0.9990281,0.9990281,0.9990280501509003,0,0,True,True,495,True
f9,r*0.95,1,L,CONVERGED,CONVERGED,CONVERGED,0,0,0.9999974,False,0,3304,3304,3304,3304,0.9998938,0.9998938,0.9998938320288131,0,0,True,True,495,True
f9,p[fodder]*0.95,1,L,CONVERGED,CONVERGED,CONVERGED,0,0,0.9999993,False,0,2802,2802,2802,2802,0.9999725,0.9999725,0.9999725196593707,0,0,True,True,495,True
f9,p[horse]*0.95,1,L,CONVERGED,CONVERGED,CONVERGED,0,0,0.95,False,0,490,490,490,490,0.95,0.95,0.95,0,0,True,True,495,True
f9,p[traction]*0.95,1,L,CONVERGED,CONVERGED,CONVERGED,0,0,0.9787037,False,0,1920,1920,1920,1920,0.9772498,0.9772498,0.9772498101033033,0,0,True,True,495,True
f9,p[good]*0.95,1,L,CONVERGED,CONVERGED,CONVERGED,0,0,0.9859551,False,0,2437,2437,2437,2437,0.9863612,0.9863612,0.9863612396584576,0,0,True,True,495,True
f9,s*0.95,1,L,CONVERGED,CONVERGED,CONVERGED,0,0,1.0,False,0,407,407,407,407,0.9999987,0.9999987,0.9999987134670546,0,0,True,True,495,True
f9,JA(0.95),1,L,CONVERGED,CONVERGED,CONVERGED,0,0,0.964641,False,0,2845,2845,2845,2845,0.95,0.95,0.95,0,0,True,True,495,True
f9,JB(0.95),1,L,CONVERGED,CONVERGED,CONVERGED,0,0,0.9860534,False,0,2837,2837,2842,2842,0.9944804,0.9944804,0.9945078226654316,0,0,True,True,495,True
f9,N(0.95),1,L,CONVERGED,CONVERGED,CONVERGED,0,0,0.9999974,False,0,3292,3292,3292,3292,0.9998947,0.9998947,0.9998947190396721,0,0,True,True,495,True
f9,w*1.2,2,L,CONVERGED,CONVERGED,CONVERGED,0,0,0.9814277,False,0,2077,2077,2065,2065,0.9992168,0.9992168,0.9992167882915705,0,0,True,True,495,True
f9,r*1.2,2,L,CONVERGED,CONVERGED,CONVERGED,0,0,0.8731663,False,0,5108,5108,5106,5106,0.8295649,0.8295649,0.8295649367672635,0,0,True,True,495,True
f9,p[fodder]*1.2,2,L,CONVERGED,CONVERGED,CONVERGED,0,0,0.880654,False,0,3167,3167,3168,3168,0.9159634,0.9159634,0.9158538397787106,0,0,True,True,495,True
f9,p[horse]*1.2,2,L,CONVERGED,CONVERGED,CONVERGED,0,0,0.9443439,False,0,487,487,487,487,0.944096,0.944096,0.9440960486475228,0,0,True,True,495,True
f9,p[traction]*1.2,2,L,CONVERGED,CONVERGED,CONVERGED,0,0,0.9716669,False,0,2641,2641,2674,2674,0.9761858,0.9761858,0.9738464153801483,0,0,True,True,495,True
f9,p[good]*1.2,2,L,CONVERGED,CONVERGED,CONVERGED,0,0,0.9996872,False,0,2352,2352,2360,2360,0.9999775,0.9999775,0.9999772172348922,0,0,True,True,495,True
f9,s*1.2,2,L,CONVERGED,CONVERGED,CONVERGED,0,0,0.9987428,False,0,2144,2144,2135,2135,0.9999934,0.9999934,0.9999935156320059,0,0,True,True,495,True
f9,JA(1.2),2,L,CONVERGED,CONVERGED,CONVERGED,0,0,0.8239237,False,0,2910,2910,2922,2922,0.8663819,0.8663819,0.8647036992247066,0,0,True,True,495,True
f9,JB(1.2),2,L,CONVERGED,CONVERGED,CONVERGED,0,0,0.8467962,False,0,3657,3657,3657,3657,0.8333333,0.8333333,0.8333333333333334,0,0,True,True,495,True
f9,N(1.2),2,L,CONVERGED,CONVERGED,CONVERGED,0,0,0.7906666,False,0,5224,5224,5221,5221,0.7875684,0.7875684,0.7947062892255604,0,0,True,True,495,True
f9,w*0.8,2,L,CONVERGED,CONVERGED,CONVERGED,0,0,0.9916509,False,0,2743,2743,2743,2743,0.9951809,0.9951809,0.9951808998732474,0,0,True,True,495,True
f9,r*0.8,2,L,CONVERGED,CONVERGED,CONVERGED,0,0,0.9999892,False,0,4363,4363,4363,4363,0.9996089,0.9996089,0.9996088704137354,0,0,True,True,495,True
f9,p[fodder]*0.8,2,L,CONVERGED,CONVERGED,CONVERGED,0,0,0.999997,False,0,3804,3804,3804,3804,0.9998862,0.9998862,0.99988616984739,0,0,True,True,495,True
f9,p[horse]*0.8,2,L,CONVERGED,CONVERGED,CONVERGED,0,0,0.8,False,0,2050,2050,2050,2050,0.8,0.8,0.8,0,0,True,True,495,True
f9,p[traction]*0.8,2,L,CONVERGED,CONVERGED,CONVERGED,0,0,0.9126719,False,0,2777,2777,2777,2777,0.908131,0.908131,0.9081309699225751,0,0,True,True,495,True
f9,p[good]*0.8,2,L,CONVERGED,CONVERGED,CONVERGED,0,0,0.9340668,False,0,3277,3277,3277,3277,0.9349317,0.9349317,0.9349316534350194,0,0,True,True,495,True
f9,s*0.8,2,L,CONVERGED,CONVERGED,CONVERGED,0,0,0.9999999,False,0,1901,1901,1901,1901,0.9999948,0.9999948,0.9999948023965382,0,0,True,True,495,True
f9,JA(0.8),2,L,CONVERGED,CONVERGED,CONVERGED,0,0,0.8517076,False,0,3819,3819,3819,3819,0.8,0.8,0.8,0,0,True,True,495,True
f9,JB(0.8),2,L,CONVERGED,CONVERGED,CONVERGED,0,0,0.8706122,False,0,3770,3770,3777,3777,0.9114234,0.9114234,0.9061043535501214,0,0,True,True,495,True
f9,N(0.8),2,L,CONVERGED,CONVERGED,CONVERGED,0,0,0.9999893,False,0,4352,4352,4352,4352,0.9996035,0.9996035,0.9996035372936549,0,0,True,True,495,True
f9,w*2,3,L,CONVERGED,CONVERGED,CONVERGED,0,0,0.9135602,False,0,2815,2815,2803,2803,0.9880715,0.9880715,0.9887169746441962,0,0,True,True,495,True
f9,r*2,3,L,CONVERGED,CONVERGED,CONVERGED,0,0,0.5805463,False,0,6111,6111,6110,6110,0.4932952,0.4932952,0.49329515526276035,99,99,True,True,495,True
f9,p[fodder]*2,3,L,CONVERGED,CONVERGED,CONVERGED,0,0,0.5164002,False,0,4138,4138,4140,4140,0.6135571,0.6135571,0.6129163160947255,0,0,True,True,495,True
f9,p[horse]*2,3,L,CONVERGED,CONVERGED,CONVERGED,0,0,0.8909684,False,0,2272,2272,2272,2272,0.8897147,0.8897147,0.8897147051154872,0,0,True,True,495,True
f9,p[traction]*2,3,L,CONVERGED,CONVERGED,CONVERGED,0,0,0.838968,False,0,3543,3543,3563,3563,0.8619543,0.8619543,0.8577046826219674,2,2,True,True,495,True
f9,p[good]*2,3,L,CONVERGED,CONVERGED,CONVERGED,0,0,0.9986469,False,0,3158,3158,3166,3166,0.9999174,0.9999174,0.9999164743844454,0,0,True,True,495,True
f9,s*2,3,L,CONVERGED,CONVERGED,CONVERGED,0,0,0.9958869,False,0,3188,3188,3173,3173,0.9999617,0.9999617,0.9999623316550973,0,0,True,True,495,True
f9,JA(2),3,L,CONVERGED,CONVERGED,CONVERGED,0,0,0.4909714,False,0,3955,3955,3970,3970,0.5952013,0.5952013,0.5815093904204921,3,3,True,True,495,True
f9,JB(2),3,L,CONVERGED,CONVERGED,CONVERGED,0,0,0.5049732,False,0,4798,4798,4798,4798,0.5,0.5,0.5,76,76,True,True,495,True
f9,N(2),3,L,CONVERGED,CONVERGED,CONVERGED,0,0,0.4351728,False,0,6192,6192,6190,6190,0.4308401,0.4308401,0.4390905377056277,18,18,True,True,495,True
f9,w*0.5,3,L,CONVERGED,CONVERGED,CONVERGED,0,0,0.981127,False,0,3525,3525,3525,3525,0.9960892,0.9960892,0.9960892053186343,0,0,True,True,495,True
f9,r*0.5,3,L,CONVERGED,CONVERGED,CONVERGED,0,0,0.9999707,False,0,5180,5180,5180,5180,0.9989074,0.9989074,0.9989074470726315,0,0,True,True,495,True
f9,p[fodder]*0.5,3,L,CONVERGED,CONVERGED,CONVERGED,0,0,0.9999908,False,0,4751,4751,4751,4751,0.9996813,0.9996813,0.9996813431228527,80,80,True,True,495,True
f9,p[horse]*0.5,3,L,CONVERGED,CONVERGED,CONVERGED,0,0,0.5,False,0,2818,2818,2818,2818,0.5,0.5,0.5,0,0,True,True,495,True
f9,p[traction]*0.5,3,L,CONVERGED,CONVERGED,CONVERGED,0,0,0.7633896,False,0,3487,3487,3487,3487,0.7651404,0.7651404,0.7651404341710737,0,0,True,True,495,True
f9,p[good]*0.5,3,L,CONVERGED,CONVERGED,CONVERGED,0,0,0.754,False,0,4073,4073,4073,4073,0.7522358,0.7522358,0.7522358481001474,0,0,True,True,495,True
f9,s*0.5,3,L,CONVERGED,CONVERGED,CONVERGED,0,0,0.9999997,False,0,2435,2435,2435,2435,0.9999867,0.9999867,0.9999866847104651,0,0,True,True,495,True
f9,JA(0.5),3,L,CONVERGED,CONVERGED,CONVERGED,0,0,0.5894672,False,0,4744,4744,4744,4744,0.5,0.5,0.5,82,82,True,True,495,True
f9,JB(0.5),3,L,CONVERGED,CONVERGED,CONVERGED,15,16,0.230638,True,16,4811,4767,4818,4768,0.1197344,0.249894,0.24963590525413354,19,19,False,False,2,False
f9,N(0.5),3,L,CONVERGED,CONVERGED,CONVERGED,0,0,0.9999709,False,0,5171,5171,5171,5171,0.998915,0.998915,0.998915043599938,0,0,True,True,495,True
f9,x*/2,3,L,CONVERGED,CONVERGED,CONVERGED,0,0,0.6285325,False,0,4291,4291,4285,4285,0.6799893,0.6799893,0.684544542219644,7,7,True,True,495,True
f9,b*1.1@genesis,2,L,CONVERGED,CONVERGED,CONVERGED,0,0,0.9325439,False,0,3898,3898,3898,3898,0.9076233,0.9076233,0.9076233447705766,0,0,True,True,495,True
f9,b*1.1@dated,2,L,CONVERGED,CONVERGED,CONVERGED,0,0,0.9325439,False,0,3898,3898,3898,3898,0.9076233,0.9076233,0.9076233447705766,0,0,True,True,618,True
f9,b*0.9@genesis,2,L,CONVERGED,CONVERGED,CONVERGED,0,0,0.9999951,False,0,4138,4138,4138,4138,0.9998407,0.9998407,0.9998407215050261,0,0,True,True,495,True
f9,b*0.9@dated,2,L,CONVERGED,CONVERGED,CONVERGED,0,0,0.9999951,False,0,4138,4138,4138,4138,0.9998407,0.9998407,0.9998407215050261,0,0,True,True,618,True
f9,b*2@genesis,3,L,CONVERGED,CONVERGED,CONVERGED,0,0,0.581167,False,0,5299,5299,5298,5298,0.4969798,0.4969798,0.49697983376697524,83,83,True,True,495,True
f9,b*2@dated,3,L,CONVERGED,CONVERGED,CONVERGED,0,0,0.581167,False,0,5298,5298,5298,5298,0.4969798,0.4969798,0.49697983376697524,84,84,True,True,618,True
f9,b*0.5@genesis,3,L,CONVERGED,CONVERGED,CONVERGED,0,0,0.9999324,False,0,5454,5454,5454,5454,0.9994976,0.9994976,0.999497566241733,0,0,True,True,495,True
f9,b*0.5@dated,3,L,CONVERGED,CONVERGED,CONVERGED,0,0,0.9999324,False,0,5454,5454,5454,5454,0.9994976,0.9994976,0.999497566241733,0,0,True,True,618,True
f9,stock.good*0.5,3S,L,CONVERGED,CONVERGED,CONVERGED,0,0,0.9856792,False,0,1946,1946,1946,1946,0.9853596,0.9853596,0.9853596461376883,0,0,True,True,495,True
f9,stock.good*2,3S,L,CONVERGED,CONVERGED,CONVERGED,0,0,0.9862488,False,0,2425,2425,1988,1988,0.9866412,0.9866412,0.9934473108674654,0,0,True,True,495,True
f9,heads.capacity*0.5,3S,L,CONVERGED,CONVERGED,CONVERGED,0,0,0.9999832,False,0,5240,5240,5239,5239,0.9995063,0.9995063,0.9995065258682904,59,59,True,True,495,True
f9,heads.capacity*2,3S,L,CONVERGED,CONVERGED,CONVERGED,0,0,0.5976052,False,0,6383,6383,6383,6383,0.6041802,0.6041802,0.604180182733257,0,0,True,True,495,True
f9,hours.capacity*0.5,3S,L,CONVERGED,CONVERGED,CONVERGED,0,0,0.9504428,False,0,2231,2231,2231,2231,0.9508078,0.9508078,0.9508078254229896,0,0,True,True,495,True
f9,hours.capacity*2,3S,L,CONVERGED,CONVERGED,CONVERGED,0,0,0.9609616,False,0,2319,2319,1905,1905,0.9573217,0.9573217,0.9778223648421376,0,0,True,True,495,True
f9,own.maker*0.5,3S,L,CONVERGED,CONVERGED,CONVERGED,0,0,0.9999831,False,0,5722,5722,5722,5722,0.9994941,0.9994941,0.9994940603366758,0,0,True,True,495,True
f9,own.maker*2,3S,L,CONVERGED,CONVERGED,CONVERGED,0,0,1.0,False,0,4307,4307,4307,4307,1.0,1.0,1.0,0,0,True,True,495,True
f9,finished.maker*0.5,3S,L,CONVERGED,CONVERGED,CONVERGED,0,0,0.9862105,False,0,2580,2580,2580,2580,0.9896662,0.9896662,0.9896661746092624,0,0,True,True,495,True
f9,finished.maker*2,3S,L,CONVERGED,CONVERGED,CONVERGED,0,0,0.6554083,False,0,3090,3090,3090,3090,0.6557501,0.6557501,0.6557501433079067,0,0,True,True,495,True
f9,stock.fodder*0.5,3S,L,CONVERGED,CONVERGED,CONVERGED,0,0,0.9861915,False,0,2411,2411,2411,2411,0.9891537,0.9891537,0.9891537185835759,0,0,True,True,495,True
f9,stock.fodder*2,3S,L,CONVERGED,CONVERGED,CONVERGED,0,0,0.9999997,False,0,2403,2403,2017,2017,0.9999865,0.9999865,0.9999932297198171,0,0,True,True,495,True
f9,coin.desk.good*0.5,3S,L,CONVERGED,CONVERGED,CONVERGED,0,0,0.6688851,False,0,4808,4808,4806,4806,0.6543123,0.6543123,0.6505406910011076,0,0,True,True,495,True
f9,coin.desk.good*2,3S,L,CONVERGED,CONVERGED,CONVERGED,0,0,0.9957098,False,0,4357,4357,4357,4357,0.9996299,0.9996299,0.9996298663361213,0,0,True,True,495,True
f9,coin.desk.capacity*0.5,3S,L,CONVERGED,CONVERGED,CONVERGED,0,0,0.542629,False,0,4681,4681,4681,4681,0.540305,0.540305,0.5403049894512633,0,0,True,True,495,True
f9,coin.desk.capacity*2,3S,L,CONVERGED,CONVERGED,CONVERGED,0,0,0.9999917,False,0,4160,4160,4160,4160,0.9996803,0.9996803,0.9996803256951842,0,0,True,True,495,True
f9,coin.desk.maker*0.5,3S,L,CONVERGED,CONVERGED,CONVERGED,0,0,0.8817488,False,0,4347,4347,4354,4354,0.8776805,0.8776805,0.8774736675220476,0,0,True,True,495,True
f9,coin.desk.maker*2,3S,L,CONVERGED,CONVERGED,CONVERGED,0,0,0.9493181,False,0,3901,3901,3901,3901,0.9824475,0.9824475,0.9824474962382931,0,0,True,True,495,True
f9,coin.desk.fodder*0.5,3S,L,CONVERGED,CONVERGED,CONVERGED,0,0,0.9727082,False,0,3828,3828,3828,3828,0.999938,0.999938,0.9999380212961387,1,1,True,True,495,True
f9,coin.desk.fodder*2,3S,L,CONVERGED,CONVERGED,CONVERGED,0,0,0.9997915,False,0,3888,3888,3888,3888,0.9997006,0.9997006,0.9997006194596477,0,0,True,True,495,True
f9,coin.provider*0.5,3S,L,CONVERGED,CONVERGED,CONVERGED,0,0,0.8798682,False,0,4821,4821,4820,4820,0.8718256,0.8718256,0.8738292982854534,0,0,True,True,495,True
f9,coin.provider*2,3S,L,CONVERGED,CONVERGED,CONVERGED,0,0,0.9993532,False,0,4267,4267,4267,4267,0.9990716,0.9990716,0.9990716150066714,0,0,True,True,495,True
f9,coin.workers*0.5,3S,L,CONVERGED,CONVERGED,CONVERGED,0,0,0.8709753,False,0,4875,4875,4873,4873,0.8623658,0.8623658,0.8644174479558636,0,0,True,True,495,True
f9,coin.workers*2,3S,L,CONVERGED,CONVERGED,CONVERGED,0,0,0.999321,False,0,4311,4311,4311,4311,0.9990253,0.9990253,0.9990252844527252,0,0,True,True,495,True
f9,w*2,3,10L,CONVERGED,CONVERGED,CONVERGED,0,0,0.9135602,False,0,2815,2815,2803,2803,0.9880715,0.9880715,0.9887169746441962,0,0,True,True,495,True
f9,r*2,3,10L,CONVERGED,CONVERGED,CONVERGED,0,0,0.5805463,False,0,6111,6111,6110,6110,0.4932952,0.4932952,0.49329515526276035,99,99,True,True,495,True
f9,p[fodder]*2,3,10L,CONVERGED,CONVERGED,CONVERGED,0,0,0.5164002,False,0,4138,4138,4140,4140,0.6135571,0.6135571,0.6129163160947255,0,0,True,True,495,True
f9,p[horse]*2,3,10L,CONVERGED,CONVERGED,CONVERGED,0,0,0.8909684,False,0,2272,2272,2272,2272,0.8897147,0.8897147,0.8897147051154872,0,0,True,True,495,True
f9,p[traction]*2,3,10L,CONVERGED,CONVERGED,CONVERGED,0,0,0.838968,False,0,3543,3543,3563,3563,0.8619543,0.8619543,0.8577046826219674,2,2,True,True,495,True
f9,p[good]*2,3,10L,CONVERGED,CONVERGED,CONVERGED,0,0,0.9986469,False,0,3158,3158,3166,3166,0.9999174,0.9999174,0.9999164743844454,0,0,True,True,495,True
f9,s*2,3,10L,CONVERGED,CONVERGED,CONVERGED,0,0,0.9958869,False,0,3188,3188,3173,3173,0.9999617,0.9999617,0.9999623316550973,0,0,True,True,495,True
f9,JA(2),3,10L,CONVERGED,CONVERGED,CONVERGED,0,0,0.4909714,False,0,3955,3955,3970,3970,0.5952013,0.5952013,0.5815093904204921,3,3,True,True,495,True
f9,JB(2),3,10L,CONVERGED,CONVERGED,CONVERGED,0,0,0.5049732,False,0,4798,4798,4798,4798,0.5,0.5,0.5,76,76,True,True,495,True
f9,N(2),3,10L,CONVERGED,CONVERGED,CONVERGED,0,0,0.4351728,False,0,6192,6192,6190,6190,0.4308401,0.4308401,0.4390905377056277,18,18,True,True,495,True
f9,w*0.5,3,10L,CONVERGED,CONVERGED,CONVERGED,0,0,0.981127,False,0,3525,3525,3525,3525,0.9960892,0.9960892,0.9960892053186343,0,0,True,True,495,True
f9,r*0.5,3,10L,CONVERGED,CONVERGED,CONVERGED,0,0,0.9999707,False,0,5180,5180,5180,5180,0.9989074,0.9989074,0.9989074470726315,0,0,True,True,495,True
f9,p[fodder]*0.5,3,10L,CONVERGED,CONVERGED,CONVERGED,0,0,0.9999908,False,0,4751,4751,4751,4751,0.9996813,0.9996813,0.9996813431228527,80,80,True,True,495,True
f9,p[horse]*0.5,3,10L,CONVERGED,CONVERGED,CONVERGED,0,0,0.5,False,0,2818,2818,2818,2818,0.5,0.5,0.5,0,0,True,True,495,True
f9,p[traction]*0.5,3,10L,CONVERGED,CONVERGED,CONVERGED,0,0,0.7633896,False,0,3487,3487,3487,3487,0.7651404,0.7651404,0.7651404341710737,0,0,True,True,495,True
f9,p[good]*0.5,3,10L,CONVERGED,CONVERGED,CONVERGED,0,0,0.754,False,0,4073,4073,4073,4073,0.7522358,0.7522358,0.7522358481001474,0,0,True,True,495,True
f9,s*0.5,3,10L,CONVERGED,CONVERGED,CONVERGED,0,0,0.9999997,False,0,2435,2435,2435,2435,0.9999867,0.9999867,0.9999866847104651,0,0,True,True,495,True
f9,JA(0.5),3,10L,CONVERGED,CONVERGED,CONVERGED,0,0,0.5894672,False,0,4744,4744,4744,4744,0.5,0.5,0.5,82,82,True,True,495,True
f9,JB(0.5),3,10L,CONVERGED,CONVERGED,CONVERGED,15,16,0.230638,True,16,4811,4767,4818,4768,0.1197344,0.249894,0.24963590525413354,19,19,False,False,2,False
f9,N(0.5),3,10L,CONVERGED,CONVERGED,CONVERGED,0,0,0.9999709,False,0,5171,5171,5171,5171,0.998915,0.998915,0.998915043599938,0,0,True,True,495,True
f9,x*/2,3,10L,CONVERGED,CONVERGED,CONVERGED,0,0,0.6285325,False,0,4291,4291,4285,4285,0.6799893,0.6799893,0.684544542219644,7,7,True,True,495,True
f9,b*2@genesis,3,10L,CONVERGED,CONVERGED,CONVERGED,0,0,0.581167,False,0,5299,5299,5298,5298,0.4969798,0.4969798,0.49697983376697524,83,83,True,True,495,True
f9,b*2@dated,3,10L,CONVERGED,CONVERGED,CONVERGED,0,0,0.581167,False,0,5298,5298,5298,5298,0.4969798,0.4969798,0.49697983376697524,84,84,True,True,618,True
f9,b*0.5@genesis,3,10L,CONVERGED,CONVERGED,CONVERGED,0,0,0.9999324,False,0,5454,5454,5454,5454,0.9994976,0.9994976,0.999497566241733,0,0,True,True,495,True
f9,b*0.5@dated,3,10L,CONVERGED,CONVERGED,CONVERGED,0,0,0.9999324,False,0,5454,5454,5454,5454,0.9994976,0.9994976,0.999497566241733,0,0,True,True,618,True
f9,stock.good*0.5,3S,10L,CONVERGED,CONVERGED,CONVERGED,0,0,0.9856792,False,0,1946,1946,1946,1946,0.9853596,0.9853596,0.9853596461376883,0,0,True,True,495,True
f9,stock.good*2,3S,10L,CONVERGED,CONVERGED,CONVERGED,0,0,0.9862488,False,0,2425,2425,1988,1988,0.9866412,0.9866412,0.9934473108674654,0,0,True,True,495,True
f9,heads.capacity*0.5,3S,10L,CONVERGED,CONVERGED,CONVERGED,0,0,0.9999832,False,0,5240,5240,5239,5239,0.9995063,0.9995063,0.9995065258682904,59,59,True,True,495,True
f9,heads.capacity*2,3S,10L,CONVERGED,CONVERGED,CONVERGED,0,0,0.5976052,False,0,6383,6383,6383,6383,0.6041802,0.6041802,0.604180182733257,0,0,True,True,495,True
f9,hours.capacity*0.5,3S,10L,CONVERGED,CONVERGED,CONVERGED,0,0,0.9504428,False,0,2231,2231,2231,2231,0.9508078,0.9508078,0.9508078254229896,0,0,True,True,495,True
f9,hours.capacity*2,3S,10L,CONVERGED,CONVERGED,CONVERGED,0,0,0.9609616,False,0,2319,2319,1905,1905,0.9573217,0.9573217,0.9778223648421376,0,0,True,True,495,True
f9,own.maker*0.5,3S,10L,CONVERGED,CONVERGED,CONVERGED,0,0,0.9999831,False,0,5722,5722,5722,5722,0.9994941,0.9994941,0.9994940603366758,0,0,True,True,495,True
f9,own.maker*2,3S,10L,CONVERGED,CONVERGED,CONVERGED,0,0,1.0,False,0,4307,4307,4307,4307,1.0,1.0,1.0,0,0,True,True,495,True
f9,finished.maker*0.5,3S,10L,CONVERGED,CONVERGED,CONVERGED,0,0,0.9862105,False,0,2580,2580,2580,2580,0.9896662,0.9896662,0.9896661746092624,0,0,True,True,495,True
f9,finished.maker*2,3S,10L,CONVERGED,CONVERGED,CONVERGED,0,0,0.6554083,False,0,3090,3090,3090,3090,0.6557501,0.6557501,0.6557501433079067,0,0,True,True,495,True
f9,stock.fodder*0.5,3S,10L,CONVERGED,CONVERGED,CONVERGED,0,0,0.9861915,False,0,2411,2411,2411,2411,0.9891537,0.9891537,0.9891537185835759,0,0,True,True,495,True
f9,stock.fodder*2,3S,10L,CONVERGED,CONVERGED,CONVERGED,0,0,0.9999997,False,0,2403,2403,2017,2017,0.9999865,0.9999865,0.9999932297198171,0,0,True,True,495,True
f9,coin.desk.good*0.5,3S,10L,CONVERGED,CONVERGED,CONVERGED,0,0,0.6688851,False,0,4808,4808,4806,4806,0.6543123,0.6543123,0.6505406910011076,0,0,True,True,495,True
f9,coin.desk.good*2,3S,10L,CONVERGED,CONVERGED,CONVERGED,0,0,0.9957098,False,0,4357,4357,4357,4357,0.9996299,0.9996299,0.9996298663361213,0,0,True,True,495,True
f9,coin.desk.capacity*0.5,3S,10L,CONVERGED,CONVERGED,CONVERGED,0,0,0.542629,False,0,4681,4681,4681,4681,0.540305,0.540305,0.5403049894512633,0,0,True,True,495,True
f9,coin.desk.capacity*2,3S,10L,CONVERGED,CONVERGED,CONVERGED,0,0,0.9999917,False,0,4160,4160,4160,4160,0.9996803,0.9996803,0.9996803256951842,0,0,True,True,495,True
f9,coin.desk.maker*0.5,3S,10L,CONVERGED,CONVERGED,CONVERGED,0,0,0.8817488,False,0,4347,4347,4354,4354,0.8776805,0.8776805,0.8774736675220476,0,0,True,True,495,True
f9,coin.desk.maker*2,3S,10L,CONVERGED,CONVERGED,CONVERGED,0,0,0.9493181,False,0,3901,3901,3901,3901,0.9824475,0.9824475,0.9824474962382931,0,0,True,True,495,True
f9,coin.desk.fodder*0.5,3S,10L,CONVERGED,CONVERGED,CONVERGED,0,0,0.9727082,False,0,3828,3828,3828,3828,0.999938,0.999938,0.9999380212961387,1,1,True,True,495,True
f9,coin.desk.fodder*2,3S,10L,CONVERGED,CONVERGED,CONVERGED,0,0,0.9997915,False,0,3888,3888,3888,3888,0.9997006,0.9997006,0.9997006194596477,0,0,True,True,495,True
f9,coin.provider*0.5,3S,10L,CONVERGED,CONVERGED,CONVERGED,0,0,0.8798682,False,0,4821,4821,4820,4820,0.8718256,0.8718256,0.8738292982854534,0,0,True,True,495,True
f9,coin.provider*2,3S,10L,CONVERGED,CONVERGED,CONVERGED,0,0,0.9993532,False,0,4267,4267,4267,4267,0.9990716,0.9990716,0.9990716150066714,0,0,True,True,495,True
f9,coin.workers*0.5,3S,10L,CONVERGED,CONVERGED,CONVERGED,0,0,0.8709753,False,0,4875,4875,4873,4873,0.8623658,0.8623658,0.8644174479558636,0,0,True,True,495,True
f9,coin.workers*2,3S,10L,CONVERGED,CONVERGED,CONVERGED,0,0,0.999321,False,0,4311,4311,4311,4311,0.9990253,0.9990253,0.9990252844527252,0,0,True,True,495,True
f10,w*1.05,1,L,CONVERGED,CONVERGED,CONVERGED,0,0,0.9908531,False,0,1282,1282,1278,1278,0.9996096,0.9996096,0.999609597718686,0,0,True,True,291,True
f10,r*1.05,1,L,CONVERGED,CONVERGED,CONVERGED,0,0,0.9252184,False,0,4086,4086,4084,4084,0.952381,0.952381,0.9523809523809523,0,0,True,True,291,True
f10,p[fodder]*1.05,1,L,CONVERGED,CONVERGED,CONVERGED,0,0,0.9057244,False,0,2800,2800,2805,2805,0.9384811,0.9384811,0.9381380421463432,0,0,True,True,291,True
f10,p[horse]*1.05,1,L,CONVERGED,CONVERGED,CONVERGED,0,0,0.9858667,False,0,490,490,490,490,0.9858546,0.9858546,0.9858546035509005,0,0,True,True,291,True
f10,p[traction]*1.05,1,L,CONVERGED,CONVERGED,CONVERGED,0,0,0.9736602,False,0,2031,2031,2073,2073,0.9750045,0.9750045,0.9727428868907488,0,0,True,True,291,True
f10,p[good]*1.05,1,L,CONVERGED,CONVERGED,CONVERGED,0,0,0.9997031,False,0,1572,1572,1579,1579,0.9998848,0.9998848,0.9998830613442781,0,0,True,True,291,True
f10,s*1.05,1,L,CONVERGED,CONVERGED,CONVERGED,0,0,0.9961527,False,0,1457,1457,1446,1446,0.9980059,0.9980059,0.9982317153567531,0,0,True,True,291,True
f10,JA(1.05),1,L,CONVERGED,CONVERGED,CONVERGED,0,0,0.8877063,False,0,2638,2638,2646,2646,0.9249905,0.9249905,0.924068710950374,0,0,True,True,291,True
f10,JB(1.05),1,L,CONVERGED,CONVERGED,CONVERGED,0,0,0.8499971,False,0,2675,2675,2678,2678,0.8997057,0.8997057,0.8991484274898514,0,0,True,True,291,True
f10,N(1.05),1,L,CONVERGED,CONVERGED,CONVERGED,0,0,0.9070005,False,0,4203,4203,4199,4199,0.905865,0.905865,0.9101180220937479,0,0,True,True,291,True
f10,w*0.95,1,L,CONVERGED,CONVERGED,CONVERGED,0,0,0.9997435,False,0,1714,1714,1714,1714,0.999917,0.999917,0.9999169826350971,0,0,True,True,291,True
f10,r*0.95,1,L,CONVERGED,CONVERGED,CONVERGED,0,0,0.9957646,False,0,3334,3334,3334,3334,0.998095,0.998095,0.9980950467257586,0,0,True,True,291,True
f10,p[fodder]*0.95,1,L,CONVERGED,CONVERGED,CONVERGED,0,0,0.9129754,False,0,2435,2435,2435,2435,0.9645118,0.9645118,0.9645117592670862,0,0,True,True,291,True
f10,p[horse]*0.95,1,L,CONVERGED,CONVERGED,CONVERGED,0,0,0.95,False,0,1577,1577,1577,1577,0.95,0.95,0.95,0,0,True,True,291,True
f10,p[traction]*0.95,1,L,CONVERGED,CONVERGED,CONVERGED,0,0,0.9590452,False,0,2076,2076,2076,2076,0.9550569,0.9550569,0.9550569164752055,0,0,True,True,291,True
f10,p[good]*0.95,1,L,CONVERGED,CONVERGED,CONVERGED,0,0,0.9295281,False,0,2711,2711,2711,2711,0.9321643,0.9321643,0.9321642671334288,0,0,True,True,291,True
f10,s*0.95,1,L,CONVERGED,CONVERGED,CONVERGED,0,0,0.9999196,False,0,1053,1053,1053,1053,0.9999739,0.9999739,0.9999738850410311,0,0,True,True,291,True
f10,JA(0.95),1,L,CONVERGED,CONVERGED,CONVERGED,0,0,0.9607738,False,0,2446,2446,2446,2446,0.95,0.95,0.95,0,0,True,True,291,True
f10,JB(0.95),1,L,CONVERGED,CONVERGED,CONVERGED,0,0,0.8696633,False,0,3257,3257,3268,3268,0.8964667,0.8964667,0.8931072940381495,0,0,True,True,291,True
f10,N(0.95),1,L,CONVERGED,CONVERGED,CONVERGED,0,0,0.9956673,False,0,3317,3317,3317,3317,0.9981044,0.9981044,0.998104430249698,0,0,True,True,291,True
f10,w*1.2,2,L,CONVERGED,CONVERGED,CONVERGED,0,0,0.9643896,False,0,1921,1921,1909,1909,0.9984979,0.9984979,0.9984979126113411,0,0,True,True,291,True
f10,r*1.2,2,L,CONVERGED,CONVERGED,CONVERGED,0,0,0.6943044,False,0,4894,4894,4892,4892,0.7817734,0.7817734,0.7747030046920279,0,0,True,True,291,True
f10,p[fodder]*1.2,2,L,CONVERGED,CONVERGED,CONVERGED,0,0,0.660679,False,0,3710,3710,3713,3713,0.7544124,0.7544124,0.7532304760749351,0,0,True,True,291,True
f10,p[horse]*1.2,2,L,CONVERGED,CONVERGED,CONVERGED,0,0,0.9395244,False,0,1553,1553,1553,1553,0.9394046,0.9394046,0.9394045824088346,0,0,True,True,291,True
f10,p[traction]*1.2,2,L,CONVERGED,CONVERGED,CONVERGED,0,0,0.8947555,False,0,2950,2950,2994,2994,0.8992421,0.8992421,0.8918832748884342,0,0,True,True,291,True
f10,p[good]*1.2,2,L,CONVERGED,CONVERGED,CONVERGED,0,0,0.9989175,False,0,2322,2322,2333,2333,0.9995704,0.9995704,0.9995644478738356,0,0,True,True,291,True
f10,s*1.2,2,L,CONVERGED,CONVERGED,CONVERGED,0,0,0.9832831,False,0,2125,2125,2113,2113,0.990936,0.990936,0.9916794217685444,0,0,True,True,291,True
f10,JA(1.2),2,L,CONVERGED,CONVERGED,CONVERGED,0,0,0.6120086,False,0,3575,3575,3584,3584,0.7064659,0.7064659,0.6996759185943586,0,0,True,True,291,True
f10,JB(1.2),2,L,CONVERGED,CONVERGED,CONVERGED,0,0,0.615398,False,0,3510,3510,3511,3511,0.7396223,0.7396223,0.7383236546001378,0,0,True,True,291,True
f10,N(1.2),2,L,CONVERGED,CONVERGED,CONVERGED,0,0,0.6743636,False,0,5008,5008,5005,5005,0.6725535,0.6725535,0.687452590409654,0,0,True,True,291,True
f10,w*0.8,2,L,CONVERGED,CONVERGED,CONVERGED,0,0,0.9988505,False,0,2575,2575,2575,2575,0.9996225,0.9996225,0.9996224503299697,0,0,True,True,291,True
f10,r*0.8,2,L,CONVERGED,CONVERGED,CONVERGED,0,0,0.9848865,False,0,4241,4241,4241,4241,0.9916181,0.9916181,0.9916180824265991,0,0,True,True,291,True
f10,p[fodder]*0.8,2,L,CONVERGED,CONVERGED,CONVERGED,0,0,0.6745493,False,0,3514,3514,3514,3514,0.8285333,0.8285333,0.8285332789507593,0,0,True,True,291,True
f10,p[horse]*0.8,2,L,CONVERGED,CONVERGED,CONVERGED,0,0,0.8,False,0,2321,2321,2321,2321,0.8,0.8,0.8,0,0,True,True,291,True
f10,p[traction]*0.8,2,L,CONVERGED,CONVERGED,CONVERGED,0,0,0.8268322,False,0,3120,3120,3120,3120,0.8131356,0.8131356,0.8131356017198161,0,0,True,True,291,True
f10,p[good]*0.8,2,L,CONVERGED,CONVERGED,CONVERGED,0,0,0.6885317,False,0,3743,3743,3743,3743,0.6950967,0.6950967,0.6950966864944225,0,0,True,True,291,True
f10,s*0.8,2,L,CONVERGED,CONVERGED,CONVERGED,0,0,0.9996763,False,0,1733,1733,1733,1733,0.9998943,0.9998943,0.9998943285583457,0,0,True,True,291,True
f10,JA(0.8),2,L,CONVERGED,CONVERGED,CONVERGED,0,0,0.8159127,False,0,3529,3529,3529,3529,0.8,0.8,0.8,0,0,True,True,291,True
f10,JB(0.8),2,L,CONVERGED,CONVERGED,CONVERGED,0,0,0.3204633,False,0,4286,4286,4294,4294,0.3572771,0.3572771,0.34904389686226756,0,0,True,True,291,True
f10,N(0.8),2,L,CONVERGED,CONVERGED,CONVERGED,0,0,0.9847236,False,0,4226,4226,4226,4226,0.9915169,0.9915169,0.9915168562769484,0,0,True,True,291,True
f10,w*2,3,L,CONVERGED,CONVERGED,CONVERGED,0,0,0.844148,False,0,2965,2965,2948,2948,0.9702548,0.9702548,0.9771796444139701,0,0,True,True,291,True
f10,r*2,3,L,CONVERGED,CONVERGED,CONVERGED,37,22,0.2284489,True,37,5775,5776,5775,5775,0.02563275,0.2743454,0.2756045802219207,128,128,False,False,2,False
f10,p[fodder]*2,3,L,CONVERGED,CONVERGED,CONVERGED,15,30,0.2319423,True,15,4610,4523,4616,4525,0.09822321,0.3169623,0.3151571618939093,0,0,False,False,2,False
f10,p[horse]*2,3,L,CONVERGED,CONVERGED,CONVERGED,0,0,0.7905964,False,0,2243,2243,2243,2243,0.7895253,0.7895253,0.7895252769392332,0,0,True,True,291,True
f10,p[traction]*2,3,L,CONVERGED,CONVERGED,CONVERGED,0,0,0.5178059,False,0,3965,3965,3986,3986,0.5409974,0.5409974,0.528228020075565,2,2,True,True,291,True
f10,p[good]*2,3,L,CONVERGED,CONVERGED,CONVERGED,0,0,0.9962192,False,0,3235,3235,3241,3241,0.9983805,0.9983805,0.9983630006613486,0,0,True,True,291,True
f10,s*2,3,L,CONVERGED,CONVERGED,CONVERGED,0,0,0.8334301,False,0,3520,3520,3504,3504,0.8585915,0.8585915,0.8632872520688291,0,0,True,True,291,True
f10,JA(2),3,L,CONVERGED,CONVERGED,CONVERGED,5,10,0.2329635,True,6,4420,4404,4429,4410,0.2515283,0.3675905,0.36394131975259353,3,3,False,False,2,False
f10,JB(2),3,L,CONVERGED,CONVERGED,CONVERGED,0,0,0.3911686,False,0,4596,4596,4596,4596,0.5,0.5,0.5,71,71,True,True,291,True
f10,N(2),3,L,CONVERGED,CONVERGED,CONVERGED,74,116,0.2271556,True,75,5872,5870,5869,5867,0.006354366,0.2193953,0.22129376357836517,82,55,False,False,2,False
f10,w*0.5,3,L,CONVERGED,CONVERGED,CONVERGED,0,0,0.9543376,False,0,3501,3501,3501,3501,0.9985957,0.9985957,0.9985956777065708,0,0,True,True,291,True
f10,r*0.5,3,L,CONVERGED,CONVERGED,CONVERGED,0,0,0.9652357,False,0,5014,5014,5014,5014,0.9753083,0.9753083,0.9753082560230826,0,0,True,True,291,True
f10,p[fodder]*0.5,3,L,CONVERGED,CONVERGED,CONVERGED,0,0,0.3570138,False,0,4499,4499,4499,4499,0.4945895,0.4945895,0.4945894902728375,74,74,True,True,291,True
f10,p[horse]*0.5,3,L,CONVERGED,CONVERGED,CONVERGED,0,0,0.5,False,0,3134,3134,3134,3134,0.5,0.5,0.5,0,0,True,True,291,True
f10,p[traction]*0.5,3,L,CONVERGED,CONVERGED,CONVERGED,0,0,0.50993,False,0,3919,3919,3919,3919,0.4932357,0.4932357,0.4932357396246514,0,0,True,True,291,True
f10,p[good]*0.5,3,L,CONVERGED,CONVERGED,CONVERGED,10,20,0.2311035,True,10,4578,4535,4578,4535,0.1257985,0.2266096,0.2266096241928968,0,0,False,False,2,False
f10,s*0.5,3,L,CONVERGED,CONVERGED,CONVERGED,0,0,0.9991768,False,0,2246,2246,2246,2246,0.9997283,0.9997283,0.9997282789779575,0,0,True,True,291,True
f10,JA(0.5),3,L,CONVERGED,CONVERGED,CONVERGED,0,0,0.5003064,False,0,4443,4443,4443,4443,0.5,0.5,0.5,76,76,True,True,291,True
f10,JB(0.5),3,L,CONVERGED,CONVERGED,CONVERGED,32,18,0.2272522,True,32,4989,4675,4991,4676,0.0132533,0.261146,0.26113621370089174,51,44,False,False,2,False
f10,N(0.5),3,L,CONVERGED,CONVERGED,CONVERGED,0,0,0.9648573,False,0,5007,5007,5007,5007,0.9747827,0.9747827,0.9747826700486456,0,0,True,True,291,True
f10,x*/2,3,L,CONVERGED,CONVERGED,CONVERGED,9,18,0.2299978,True,9,4673,4592,4668,4590,0.09461854,0.2403213,0.23863342961801495,7,7,False,False,2,False
f10,b*1.1@genesis,2,L,CONVERGED,CONVERGED,CONVERGED,0,0,0.8311267,False,0,3833,3833,3833,3833,0.8972787,0.8972787,0.8972786747452085,0,0,True,True,291,True
f10,b*1.1@dated,2,L,CONVERGED,CONVERGED,CONVERGED,0,0,0.8311267,False,0,3833,3833,3833,3833,0.8972787,0.8972787,0.8972786747452085,0,0,True,True,363,True
f10,b*0.9@genesis,2,L,CONVERGED,CONVERGED,CONVERGED,0,0,0.9902282,False,0,4057,4057,4057,4057,0.9956858,0.9956858,0.9956858389039767,0,0,True,True,291,True
f10,b*0.9@dated,2,L,CONVERGED,CONVERGED,CONVERGED,0,0,0.9902282,False,0,4057,4057,4057,4057,0.9956858,0.9956858,0.9956858389039767,0,0,True,True,363,True
f10,b*2@genesis,3,L,CONVERGED,CONVERGED,CONVERGED,23,18,0.2293932,True,23,5061,5086,5061,5086,0.07291801,0.2946803,0.2946803250795281,61,61,False,False,2,False
f10,b*2@dated,3,L,CONVERGED,CONVERGED,CONVERGED,23,18,0.2293932,True,23,5061,5086,5061,5086,0.07291801,0.2946803,0.2946803250795281,61,61,False,False,74,False
f10,b*0.5@genesis,3,L,CONVERGED,CONVERGED,CONVERGED,0,0,0.9383178,False,0,5442,5442,5442,5442,0.934119,0.934119,0.9341190427113809,0,0,True,True,291,True
f10,b*0.5@dated,3,L,CONVERGED,CONVERGED,CONVERGED,0,0,0.9383178,False,0,5442,5442,5442,5442,0.934119,0.934119,0.9341190427113809,0,0,True,True,363,True
f10,stock.good*0.5,3S,L,CONVERGED,CONVERGED,CONVERGED,0,0,0.9665495,False,0,2040,2040,2040,2040,0.9664744,0.9664744,0.9664744281090921,0,0,True,True,291,True
f10,stock.good*2,3S,L,CONVERGED,CONVERGED,CONVERGED,0,0,0.930803,False,0,2696,2696,2248,2248,0.9335359,0.9335359,0.9671182059978343,0,0,True,True,291,True
f10,heads.capacity*0.5,3S,L,CONVERGED,CONVERGED,CONVERGED,0,0,0.9727759,False,0,5038,5038,5038,5038,0.9831758,0.9831758,0.9831831367171011,57,57,True,True,291,True
f10,heads.capacity*2,3S,L,CONVERGED,CONVERGED,CONVERGED,69,138,0.2270325,True,69,6045,6052,6045,6052,0.1251558,0.2114991,0.21149914498285993,0,0,False,False,2,False
f10,hours.capacity*0.5,3S,L,CONVERGED,CONVERGED,CONVERGED,0,0,0.9179582,False,0,2445,2445,2445,2445,0.9194832,0.9194832,0.9194831635841816,0,0,True,True,291,True
f10,hours.capacity*2,3S,L,CONVERGED,CONVERGED,CONVERGED,0,0,0.9239608,False,0,2472,2472,2063,2063,0.9158252,0.9158252,0.9561837358545701,0,0,True,True,291,True
f10,own.maker*0.5,3S,L,CONVERGED,CONVERGED,CONVERGED,0,0,0.9739091,False,0,5360,5360,5360,5360,0.9842062,0.9842062,0.9842062160342105,0,0,True,True,291,True
f10,own.maker*2,3S,L,CONVERGED,CONVERGED,CONVERGED,0,0,1.0,False,0,4307,4307,4307,4307,1.0,1.0,1.0,0,0,True,True,291,True
f10,finished.maker*0.5,3S,L,CONVERGED,CONVERGED,CONVERGED,0,0,0.9561403,False,0,2464,2464,2464,2464,0.9696386,0.9696386,0.9696386045762376,0,0,True,True,291,True
f10,finished.maker*2,3S,L,CONVERGED,CONVERGED,CONVERGED,0,0,0.5779055,False,0,2699,2699,2699,2699,0.5775731,0.5775731,0.5775730551002359,0,0,True,True,291,True
f10,stock.fodder*0.5,3S,L,CONVERGED,CONVERGED,CONVERGED,0,0,0.9770919,False,0,2430,2430,2430,2430,0.9900431,0.9900431,0.9900430654740329,0,0,True,True,291,True
f10,stock.fodder*2,3S,L,CONVERGED,CONVERGED,CONVERGED,0,0,0.9565273,False,0,1956,1956,1616,1616,0.9831508,0.9831508,0.9916161699711171,0,0,True,True,291,True
f10,coin.desk.good*0.5,3S,L,CONVERGED,CONVERGED,CONVERGED,0,0,0.3516783,False,0,4535,4535,4532,4532,0.3320498,0.3320498,0.3261248594621341,0,0,True,True,291,True
f10,coin.desk.good*2,3S,L,CONVERGED,CONVERGED,CONVERGED,0,0,0.9854604,False,0,4229,4229,4229,4229,0.9919908,0.9919908,0.9919908244856278,0,0,True,True,291,True
f10,coin.desk.capacity*0.5,3S,L,CONVERGED,CONVERGED,CONVERGED,0,0,0.3379067,False,0,4408,4408,4411,4411,0.3287082,0.3287082,0.3273998724710357,0,0,True,True,291,True
f10,coin.desk.capacity*2,3S,L,CONVERGED,CONVERGED,CONVERGED,0,0,0.9881171,False,0,4042,4042,4042,4042,0.9935534,0.9935534,0.9935533719734303,0,0,True,True,291,True
f10,coin.desk.maker*0.5,3S,L,CONVERGED,CONVERGED,CONVERGED,0,0,0.8134447,False,0,3689,3689,3701,3701,0.8548169,0.8548169,0.8575876713324293,0,0,True,True,291,True
f10,coin.desk.maker*2,3S,L,CONVERGED,CONVERGED,CONVERGED,0,0,0.839197,False,0,3476,3476,3476,3476,0.8855011,0.8855011,0.8855011182387131,0,0,True,True,291,True
f10,coin.desk.fodder*0.5,3S,L,CONVERGED,CONVERGED,CONVERGED,0,0,0.5558953,False,0,4302,4302,4302,4302,0.7000629,0.7000629,0.7000628816703653,0,0,True,True,291,True
f10,coin.desk.fodder*2,3S,L,CONVERGED,CONVERGED,CONVERGED,0,0,0.9882498,False,0,4047,4047,4047,4047,0.9936264,0.9936264,0.9936263915623439,0,0,True,True,291,True
f10,coin.provider*0.5,3S,L,CONVERGED,CONVERGED,CONVERGED,0,0,0.7640598,False,0,4617,4617,4616,4616,0.7479948,0.7479948,0.7520211954387608,0,0,True,True,291,True
f10,coin.provider*2,3S,L,CONVERGED,CONVERGED,CONVERGED,0,0,0.9869904,False,0,4156,4156,4156,4156,0.9929855,0.9929855,0.9929854785828407,0,0,True,True,291,True
f10,coin.workers*0.5,3S,L,CONVERGED,CONVERGED,CONVERGED,0,0,0.7459593,False,0,4662,4662,4661,4661,0.7291702,0.7291702,0.7332671577907017,0,0,True,True,291,True
f10,coin.workers*2,3S,L,CONVERGED,CONVERGED,CONVERGED,0,0,0.9862245,False,0,4197,4197,4197,4197,0.9925277,0.9925277,0.9925277225069824,0,0,True,True,291,True
f10,w*2,3,10L,CONVERGED,CONVERGED,CONVERGED,0,0,0.844148,False,0,2965,2965,2948,2948,0.9702548,0.9702548,0.9771796444139701,0,0,True,True,291,True
f10,r*2,3,10L,CONVERGED,CONVERGED,CONVERGED,37,22,0.2284489,True,37,5775,5776,5775,5775,0.02563275,0.2743454,0.2756045802219207,128,128,False,False,2,False
f10,p[fodder]*2,3,10L,CONVERGED,CONVERGED,CONVERGED,15,30,0.2319423,True,15,4610,4523,4616,4525,0.09822321,0.3169623,0.3151571618939093,0,0,False,False,2,False
f10,p[horse]*2,3,10L,CONVERGED,CONVERGED,CONVERGED,0,0,0.7905964,False,0,2243,2243,2243,2243,0.7895253,0.7895253,0.7895252769392332,0,0,True,True,291,True
f10,p[traction]*2,3,10L,CONVERGED,CONVERGED,CONVERGED,0,0,0.5178059,False,0,3965,3965,3986,3986,0.5409974,0.5409974,0.528228020075565,2,2,True,True,291,True
f10,p[good]*2,3,10L,CONVERGED,CONVERGED,CONVERGED,0,0,0.9962192,False,0,3235,3235,3241,3241,0.9983805,0.9983805,0.9983630006613486,0,0,True,True,291,True
f10,s*2,3,10L,CONVERGED,CONVERGED,CONVERGED,0,0,0.8334301,False,0,3520,3520,3504,3504,0.8585915,0.8585915,0.8632872520688291,0,0,True,True,291,True
f10,JA(2),3,10L,CONVERGED,CONVERGED,CONVERGED,5,10,0.2329635,True,6,4420,4404,4429,4410,0.2515283,0.3675905,0.36394131975259353,3,3,False,False,2,False
f10,JB(2),3,10L,CONVERGED,CONVERGED,CONVERGED,0,0,0.3911686,False,0,4596,4596,4596,4596,0.5,0.5,0.5,71,71,True,True,291,True
f10,N(2),3,10L,CONVERGED,CONVERGED,CONVERGED,74,116,0.2271556,True,75,5872,5870,5869,5867,0.006354366,0.2193953,0.22129376357836517,82,55,False,False,2,False
f10,w*0.5,3,10L,CONVERGED,CONVERGED,CONVERGED,0,0,0.9543376,False,0,3501,3501,3501,3501,0.9985957,0.9985957,0.9985956777065708,0,0,True,True,291,True
f10,r*0.5,3,10L,CONVERGED,CONVERGED,CONVERGED,0,0,0.9652357,False,0,5014,5014,5014,5014,0.9753083,0.9753083,0.9753082560230826,0,0,True,True,291,True
f10,p[fodder]*0.5,3,10L,CONVERGED,CONVERGED,CONVERGED,0,0,0.3570138,False,0,4499,4499,4499,4499,0.4945895,0.4945895,0.4945894902728375,74,74,True,True,291,True
f10,p[horse]*0.5,3,10L,CONVERGED,CONVERGED,CONVERGED,0,0,0.5,False,0,3134,3134,3134,3134,0.5,0.5,0.5,0,0,True,True,291,True
f10,p[traction]*0.5,3,10L,CONVERGED,CONVERGED,CONVERGED,0,0,0.50993,False,0,3919,3919,3919,3919,0.4932357,0.4932357,0.4932357396246514,0,0,True,True,291,True
f10,p[good]*0.5,3,10L,CONVERGED,CONVERGED,CONVERGED,10,20,0.2311035,True,10,4578,4535,4578,4535,0.1257985,0.2266096,0.2266096241928968,0,0,False,False,2,False
f10,s*0.5,3,10L,CONVERGED,CONVERGED,CONVERGED,0,0,0.9991768,False,0,2246,2246,2246,2246,0.9997283,0.9997283,0.9997282789779575,0,0,True,True,291,True
f10,JA(0.5),3,10L,CONVERGED,CONVERGED,CONVERGED,0,0,0.5003064,False,0,4443,4443,4443,4443,0.5,0.5,0.5,76,76,True,True,291,True
f10,JB(0.5),3,10L,CONVERGED,CONVERGED,CONVERGED,32,18,0.2272522,True,32,4989,4675,4991,4676,0.0132533,0.261146,0.26113621370089174,51,44,False,False,2,False
f10,N(0.5),3,10L,CONVERGED,CONVERGED,CONVERGED,0,0,0.9648573,False,0,5007,5007,5007,5007,0.9747827,0.9747827,0.9747826700486456,0,0,True,True,291,True
f10,x*/2,3,10L,CONVERGED,CONVERGED,CONVERGED,9,18,0.2299978,True,9,4673,4592,4668,4590,0.09461854,0.2403213,0.23863342961801495,7,7,False,False,2,False
f10,b*2@genesis,3,10L,CONVERGED,CONVERGED,CONVERGED,23,18,0.2293932,True,23,5061,5086,5061,5086,0.07291801,0.2946803,0.2946803250795281,61,61,False,False,2,False
f10,b*2@dated,3,10L,CONVERGED,CONVERGED,CONVERGED,23,18,0.2293932,True,23,5061,5086,5061,5086,0.07291801,0.2946803,0.2946803250795281,61,61,False,False,74,False
f10,b*0.5@genesis,3,10L,CONVERGED,CONVERGED,CONVERGED,0,0,0.9383178,False,0,5442,5442,5442,5442,0.934119,0.934119,0.9341190427113809,0,0,True,True,291,True
f10,b*0.5@dated,3,10L,CONVERGED,CONVERGED,CONVERGED,0,0,0.9383178,False,0,5442,5442,5442,5442,0.934119,0.934119,0.9341190427113809,0,0,True,True,363,True
f10,stock.good*0.5,3S,10L,CONVERGED,CONVERGED,CONVERGED,0,0,0.9665495,False,0,2040,2040,2040,2040,0.9664744,0.9664744,0.9664744281090921,0,0,True,True,291,True
f10,stock.good*2,3S,10L,CONVERGED,CONVERGED,CONVERGED,0,0,0.930803,False,0,2696,2696,2248,2248,0.9335359,0.9335359,0.9671182059978343,0,0,True,True,291,True
f10,heads.capacity*0.5,3S,10L,CONVERGED,CONVERGED,CONVERGED,0,0,0.9727759,False,0,5038,5038,5038,5038,0.9831758,0.9831758,0.9831831367171011,57,57,True,True,291,True
f10,heads.capacity*2,3S,10L,CONVERGED,CONVERGED,CONVERGED,69,138,0.2270325,True,69,6045,6052,6045,6052,0.1251558,0.2114991,0.21149914498285993,0,0,False,False,2,False
f10,hours.capacity*0.5,3S,10L,CONVERGED,CONVERGED,CONVERGED,0,0,0.9179582,False,0,2445,2445,2445,2445,0.9194832,0.9194832,0.9194831635841816,0,0,True,True,291,True
f10,hours.capacity*2,3S,10L,CONVERGED,CONVERGED,CONVERGED,0,0,0.9239608,False,0,2472,2472,2063,2063,0.9158252,0.9158252,0.9561837358545701,0,0,True,True,291,True
f10,own.maker*0.5,3S,10L,CONVERGED,CONVERGED,CONVERGED,0,0,0.9739091,False,0,5360,5360,5360,5360,0.9842062,0.9842062,0.9842062160342105,0,0,True,True,291,True
f10,own.maker*2,3S,10L,CONVERGED,CONVERGED,CONVERGED,0,0,1.0,False,0,4307,4307,4307,4307,1.0,1.0,1.0,0,0,True,True,291,True
f10,finished.maker*0.5,3S,10L,CONVERGED,CONVERGED,CONVERGED,0,0,0.9561403,False,0,2464,2464,2464,2464,0.9696386,0.9696386,0.9696386045762376,0,0,True,True,291,True
f10,finished.maker*2,3S,10L,CONVERGED,CONVERGED,CONVERGED,0,0,0.5779055,False,0,2699,2699,2699,2699,0.5775731,0.5775731,0.5775730551002359,0,0,True,True,291,True
f10,stock.fodder*0.5,3S,10L,CONVERGED,CONVERGED,CONVERGED,0,0,0.9770919,False,0,2430,2430,2430,2430,0.9900431,0.9900431,0.9900430654740329,0,0,True,True,291,True
f10,stock.fodder*2,3S,10L,CONVERGED,CONVERGED,CONVERGED,0,0,0.9565273,False,0,1956,1956,1616,1616,0.9831508,0.9831508,0.9916161699711171,0,0,True,True,291,True
f10,coin.desk.good*0.5,3S,10L,CONVERGED,CONVERGED,CONVERGED,0,0,0.3516783,False,0,4535,4535,4532,4532,0.3320498,0.3320498,0.3261248594621341,0,0,True,True,291,True
f10,coin.desk.good*2,3S,10L,CONVERGED,CONVERGED,CONVERGED,0,0,0.9854604,False,0,4229,4229,4229,4229,0.9919908,0.9919908,0.9919908244856278,0,0,True,True,291,True
f10,coin.desk.capacity*0.5,3S,10L,CONVERGED,CONVERGED,CONVERGED,0,0,0.3379067,False,0,4408,4408,4411,4411,0.3287082,0.3287082,0.3273998724710357,0,0,True,True,291,True
f10,coin.desk.capacity*2,3S,10L,CONVERGED,CONVERGED,CONVERGED,0,0,0.9881171,False,0,4042,4042,4042,4042,0.9935534,0.9935534,0.9935533719734303,0,0,True,True,291,True
f10,coin.desk.maker*0.5,3S,10L,CONVERGED,CONVERGED,CONVERGED,0,0,0.8134447,False,0,3689,3689,3701,3701,0.8548169,0.8548169,0.8575876713324293,0,0,True,True,291,True
f10,coin.desk.maker*2,3S,10L,CONVERGED,CONVERGED,CONVERGED,0,0,0.839197,False,0,3476,3476,3476,3476,0.8855011,0.8855011,0.8855011182387131,0,0,True,True,291,True
f10,coin.desk.fodder*0.5,3S,10L,CONVERGED,CONVERGED,CONVERGED,0,0,0.5558953,False,0,4302,4302,4302,4302,0.7000629,0.7000629,0.7000628816703653,0,0,True,True,291,True
f10,coin.desk.fodder*2,3S,10L,CONVERGED,CONVERGED,CONVERGED,0,0,0.9882498,False,0,4047,4047,4047,4047,0.9936264,0.9936264,0.9936263915623439,0,0,True,True,291,True
f10,coin.provider*0.5,3S,10L,CONVERGED,CONVERGED,CONVERGED,0,0,0.7640598,False,0,4617,4617,4616,4616,0.7479948,0.7479948,0.7520211954387608,0,0,True,True,291,True
f10,coin.provider*2,3S,10L,CONVERGED,CONVERGED,CONVERGED,0,0,0.9869904,False,0,4156,4156,4156,4156,0.9929855,0.9929855,0.9929854785828407,0,0,True,True,291,True
f10,coin.workers*0.5,3S,10L,CONVERGED,CONVERGED,CONVERGED,0,0,0.7459593,False,0,4662,4662,4661,4661,0.7291702,0.7291702,0.7332671577907017,0,0,True,True,291,True
f10,coin.workers*2,3S,10L,CONVERGED,CONVERGED,CONVERGED,0,0,0.9862245,False,0,4197,4197,4197,4197,0.9925277,0.9925277,0.9925277225069824,0,0,True,True,291,True
