set,run,class_p22a,class_on,withheld,switches,markup_low,tol_p22a,tol_on,pk_low_p22a,pk_low_on,dead_p22a,dead_on,stop_p22a,stop_on,why_on,summary_same,stats_same,csv_rows,csv_same
stocks-h1,coin.desk.good*0.02,CONVERGED,CONVERGED,2,4,0.2448156,4318,4317,0.2271532,0.2296174,22,23,ran,ran,,False,False,2,False
stocks-h1,coin.desk.good*0.1,CONVERGED,CONVERGED,0,0,0.3299036,4276,4276,0.3119465,0.3119465,12,12,ran,ran,,True,True,302,True
stocks-h1,coin.desk.capacity*0.02,CONVERGED,CONVERGED,0,0,0.2979641,4221,4221,0.2913581,0.2913581,5,5,ran,ran,,True,True,302,True
stocks-h1,coin.desk.capacity*0.1,CONVERGED,CONVERGED,0,0,0.3464596,4187,4187,0.3376618,0.3376618,2,2,ran,ran,,True,True,302,True
stocks-h1,coin.desk.maker*0.02,CONVERGED,CONVERGED,0,0,0.8454628,3950,3950,0.8262917,0.8262917,0,0,ran,ran,,True,True,302,True
stocks-h1,coin.desk.maker*0.1,CONVERGED,CONVERGED,0,0,0.8502573,3905,3905,0.8323932,0.8323932,0,0,ran,ran,,True,True,302,True
stocks-h1,coin.desk.fodder*0.02,CONVERGED,CONVERGED,3,6,0.2440456,3904,3906,0.2749736,0.3249722,39,40,ran,ran,,False,False,2,False
stocks-h1,coin.desk.fodder*0.1,CONVERGED,CONVERGED,0,0,0.3403101,3768,3768,0.4524195,0.4524195,27,27,ran,ran,,True,True,302,True
stocks-h1,coin.provider*0.02,CONVERGED,CONVERGED,0,0,0.7729388,4384,4384,0.7544492,0.7544492,0,0,ran,ran,,True,True,302,True
stocks-h1,coin.provider*0.1,CONVERGED,CONVERGED,0,0,0.7922787,4332,4332,0.7749177,0.7749177,0,0,ran,ran,,True,True,302,True
stocks-h1,coin.workers*0.02,CONVERGED,CONVERGED,0,0,0.755091,4427,4427,0.7355863,0.7355863,2,2,ran,ran,,True,True,302,True
stocks-h1,coin.workers*0.1,CONVERGED,CONVERGED,0,0,0.7761632,4375,4375,0.7578176,0.7578176,1,1,ran,ran,,True,True,302,True
stocks-h1,stock.good*0.1,CONVERGED,CONVERGED,0,0,0.9685026,2057,2057,0.9695152,0.9695152,1,1,ran,ran,,True,True,302,True
stocks-h1,stock.good*10,CONVERGED,CONVERGED,0,0,0.9633308,2546,2546,0.9686396,0.9686396,0,0,ran,ran,,True,True,302,True
stocks-h1,heads.capacity*0.1,CONVERGED,CONVERGED,0,0,0.7364207,4699,4699,0.7069192,0.7069192,398,398,ran,ran,,True,True,302,True
stocks-h1,heads.capacity*10,DIVERGED,CONVERGED,1004,92,0.1506325,,6637,8.90955e-07,0.1412612,135,1720,runaway,ran,,False,False,2,False
stocks-h1,hours.capacity*0.1,CONVERGED,CONVERGED,0,0,0.9134482,2288,2288,0.914115,0.914115,2,2,ran,ran,,True,True,302,True
stocks-h1,hours.capacity*10,CONVERGED,CONVERGED,0,0,0.928854,2397,2397,0.9226777,0.9226777,0,0,ran,ran,,True,True,302,True
stocks-h1,own.maker*0.1,CONVERGED,CONVERGED,0,0,0.9998534,5300,5300,0.9996737,0.9996737,485,485,ran,ran,,True,True,302,True
stocks-h1,own.maker*10,CONVERGED,CONVERGED,0,0,1.0,4493,4493,1.0,1.0,0,0,ran,ran,,True,True,302,True
stocks-h1,finished.maker*0.1,CONVERGED,CONVERGED,0,0,0.9478791,2620,2620,0.9618296,0.9618296,0,0,ran,ran,,True,True,302,True
stocks-h1,finished.maker*10,CONVERGED,CONVERGED,6,12,0.2323378,3330,3572,0.183152,0.2338057,0,0,ran,ran,,False,False,2,False
stocks-h1,stock.fodder*0.1,CONVERGED,CONVERGED,0,0,0.968118,2463,2463,0.9906003,0.9906003,3,3,ran,ran,,True,True,302,True
stocks-h1,stock.fodder*10,CONVERGED,CONVERGED,0,0,0.9900746,2608,2608,0.9999885,0.9999885,0,0,ran,ran,,True,True,302,True
stocks-h2,coin.desk.good*0.02,CONVERGED,CONVERGED,17,24,0.2233165,3927,3933,0.05961539,0.1576978,34,34,ran,ran,,False,False,2,False
stocks-h2,coin.desk.good*0.1,CONVERGED,CONVERGED,11,18,0.2288471,3895,3907,0.08662291,0.179807,14,14,ran,ran,,False,False,2,False
stocks-h2,coin.desk.capacity*0.02,CONVERGED,CONVERGED,13,18,0.2248548,3772,3767,0.1728738,0.1944147,29,29,ran,ran,,False,False,2,False
stocks-h2,coin.desk.capacity*0.1,CONVERGED,CONVERGED,6,12,0.2356884,3774,3771,0.1981993,0.2178179,7,7,ran,ran,,False,False,2,False
stocks-h2,coin.desk.maker*0.02,CONVERGED,CONVERGED,0,0,0.5358062,3343,3343,0.5994826,0.5994826,0,0,ran,ran,,True,True,291,True
stocks-h2,coin.desk.maker*0.1,CONVERGED,CONVERGED,0,0,0.5583433,3286,3286,0.6259342,0.6259342,0,0,ran,ran,,True,True,291,True
stocks-h2,coin.desk.fodder*0.02,CONVERGED,CONVERGED,13,20,0.2370383,3827,3733,0.104767,0.312217,38,38,ran,ran,,False,False,2,False
stocks-h2,coin.desk.fodder*0.1,CONVERGED,CONVERGED,13,18,0.2388384,3808,3723,0.1085281,0.3016653,32,32,ran,ran,,False,False,2,False
stocks-h2,coin.provider*0.02,CONVERGED,CONVERGED,0,0,0.5803674,3999,3999,0.5338979,0.5338979,0,0,ran,ran,,True,True,291,True
stocks-h2,coin.provider*0.1,CONVERGED,CONVERGED,0,0,0.6169036,3951,3951,0.5735642,0.5735642,0,0,ran,ran,,True,True,291,True
stocks-h2,coin.workers*0.02,CONVERGED,CONVERGED,0,0,0.5453779,4039,4039,0.4979112,0.4979112,2,2,ran,ran,,True,True,291,True
stocks-h2,coin.workers*0.1,CONVERGED,CONVERGED,0,0,0.5859408,3990,3990,0.5404618,0.5404618,1,1,ran,ran,,True,True,291,True
stocks-h2,stock.good*0.1,CONVERGED,CONVERGED,0,0,0.9225432,2083,2083,0.9255814,0.9255814,1,1,ran,ran,,True,True,291,True
stocks-h2,stock.good*10,CONVERGED,CONVERGED,0,0,0.8298996,2664,2664,0.8415901,0.8415901,0,0,ran,ran,,True,True,291,True
stocks-h2,heads.capacity*0.1,CONVERGED,CONVERGED,0,0,0.5090128,4380,4380,0.6806228,0.6806228,409,409,ran,ran,,True,True,291,True
stocks-h2,heads.capacity*10,DIVERGED,CONVERGED,977,130,0.1871715,,6117,9.498753e-07,0.1754136,0,558,runaway,ran,,False,False,2,False
stocks-h2,hours.capacity*0.1,CONVERGED,CONVERGED,0,0,0.8550341,2329,2329,0.8577411,0.8577411,2,2,ran,ran,,True,True,291,True
stocks-h2,hours.capacity*10,CONVERGED,CONVERGED,0,0,0.843793,2474,2474,0.851115,0.851115,0,0,ran,ran,,True,True,291,True
stocks-h2,own.maker*0.1,CONVERGED,CONVERGED,0,0,0.8810552,4888,4888,0.887834,0.887834,459,459,ran,ran,,True,True,291,True
stocks-h2,own.maker*10,CONVERGED,CONVERGED,0,0,1.0,4493,4493,1.0,1.0,0,0,ran,ran,,True,True,291,True
stocks-h2,finished.maker*0.1,CONVERGED,CONVERGED,0,0,0.8364528,2474,2474,0.877581,0.877581,0,0,ran,ran,,True,True,291,True
stocks-h2,finished.maker*10,CONVERGED,CONVERGED,11,22,0.2319949,3428,3191,0.1129157,0.2209008,0,0,ran,ran,,False,False,2,False
stocks-h2,stock.fodder*0.1,CONVERGED,CONVERGED,0,0,0.8612823,2519,2519,0.9384224,0.9384224,3,3,ran,ran,,True,True,291,True
stocks-h2,stock.fodder*10,CONVERGED,CONVERGED,0,0,0.6493146,2625,2625,0.7318613,0.7318613,0,0,ran,ran,,True,True,291,True
stocks-h3,coin.desk.good*0.02,CONVERGED,CONVERGED,2,4,0.2438033,5227,5226,0.2259701,0.2287328,20,22,ran,ran,,False,False,2,False
stocks-h3,coin.desk.good*0.1,CONVERGED,CONVERGED,0,0,0.3289502,5171,5171,0.3111036,0.3111036,12,12,ran,ran,,True,True,302,True
stocks-h3,coin.desk.capacity*0.02,CONVERGED,CONVERGED,0,0,0.2973322,5096,5096,0.2908366,0.2908366,5,5,ran,ran,,True,True,302,True
stocks-h3,coin.desk.capacity*0.1,CONVERGED,CONVERGED,0,0,0.3459847,5052,5052,0.3372848,0.3372848,2,2,ran,ran,,True,True,302,True
stocks-h3,coin.desk.maker*0.02,CONVERGED,CONVERGED,0,0,0.8456245,4753,4753,0.8264497,0.8264497,0,0,ran,ran,,True,True,302,True
stocks-h3,coin.desk.maker*0.1,CONVERGED,CONVERGED,0,0,0.8504295,4690,4690,0.8325617,0.8325617,0,0,ran,ran,,True,True,302,True
stocks-h3,coin.desk.fodder*0.02,CONVERGED,CONVERGED,4,8,0.2359596,4677,4676,0.2606021,0.3137916,32,32,ran,ran,,False,False,2,False
stocks-h3,coin.desk.fodder*0.1,CONVERGED,CONVERGED,0,0,0.3268322,4511,4511,0.4348337,0.4348337,27,27,ran,ran,,True,True,302,True
stocks-h3,coin.provider*0.02,CONVERGED,CONVERGED,0,0,0.7726274,5288,5288,0.7541407,0.7541407,0,0,ran,ran,,True,True,302,True
stocks-h3,coin.provider*0.1,CONVERGED,CONVERGED,0,0,0.7919913,5222,5222,0.7746531,0.7746531,0,0,ran,ran,,True,True,302,True
stocks-h3,coin.workers*0.02,CONVERGED,CONVERGED,0,0,0.7547517,5344,5344,0.7352503,0.7352503,2,2,ran,ran,,True,True,302,True
stocks-h3,coin.workers*0.1,CONVERGED,CONVERGED,0,0,0.7758518,5277,5277,0.7575314,0.7575314,1,1,ran,ran,,True,True,302,True
stocks-h3,stock.good*0.1,CONVERGED,CONVERGED,0,0,0.9683666,2310,2310,0.9693838,0.9693838,1,1,ran,ran,,True,True,302,True
stocks-h3,stock.good*10,CONVERGED,CONVERGED,0,0,0.9628663,2899,2899,0.9682037,0.9682037,0,0,ran,ran,,True,True,302,True
stocks-h3,heads.capacity*0.1,CONVERGED,CONVERGED,0,0,0.7229147,5788,5788,0.6930617,0.6930617,494,494,ran,ran,,True,True,302,True
stocks-h3,heads.capacity*10,DIVERGED,CONVERGED,1279,108,0.1471072,,8185,8.90955e-07,0.1380287,135,2132,runaway,ran,,False,False,2,False
stocks-h3,hours.capacity*0.1,CONVERGED,CONVERGED,0,0,0.9130978,2581,2581,0.9137653,0.9137653,2,2,ran,ran,,True,True,302,True
stocks-h3,hours.capacity*10,CONVERGED,CONVERGED,0,0,0.9287828,2712,2712,0.9226125,0.9226125,0,0,ran,ran,,True,True,302,True
stocks-h3,own.maker*0.1,CONVERGED,CONVERGED,0,0,0.9996691,6527,6527,0.9986836,0.9986836,608,608,ran,ran,,True,True,302,True
stocks-h3,own.maker*10,CONVERGED,CONVERGED,0,0,1.0,5677,5677,1.0,1.0,0,0,ran,ran,,True,True,302,True
stocks-h3,finished.maker*0.1,CONVERGED,CONVERGED,0,0,0.9487926,2997,2997,0.9625675,0.9625675,0,0,ran,ran,,True,True,302,True
stocks-h3,finished.maker*10,CONVERGED,CONVERGED,6,12,0.2327563,3952,4206,0.1844611,0.2341009,0,0,ran,ran,,False,False,2,False
stocks-h3,stock.fodder*0.1,CONVERGED,CONVERGED,0,0,0.9674349,2796,2796,0.9899255,0.9899255,3,3,ran,ran,,True,True,302,True
stocks-h3,stock.fodder*10,CONVERGED,CONVERGED,0,0,0.9898373,2984,2984,0.9999669,0.9999669,0,0,ran,ran,,True,True,302,True
stocks-h4,coin.desk.good*0.02,CONVERGED,CONVERGED,17,24,0.2243856,4910,4929,0.05827607,0.1574274,34,34,ran,ran,,False,False,2,False
stocks-h4,coin.desk.good*0.1,CONVERGED,CONVERGED,12,20,0.2277065,4884,4901,0.08551267,0.1793346,14,14,ran,ran,,False,False,2,False
stocks-h4,coin.desk.capacity*0.02,CONVERGED,CONVERGED,13,18,0.2246938,4730,4722,0.1721661,0.1941557,29,29,ran,ran,,False,False,2,False
stocks-h4,coin.desk.capacity*0.1,CONVERGED,CONVERGED,6,12,0.234227,4735,4731,0.1971454,0.2174652,7,7,ran,ran,,False,False,2,False
stocks-h4,coin.desk.maker*0.02,CONVERGED,CONVERGED,0,0,0.532644,4153,4153,0.5955024,0.5955024,0,0,ran,ran,,True,True,291,True
stocks-h4,coin.desk.maker*0.1,CONVERGED,CONVERGED,0,0,0.555129,4084,4084,0.6227311,0.6227311,0,0,ran,ran,,True,True,291,True
stocks-h4,coin.desk.fodder*0.02,CONVERGED,CONVERGED,14,22,0.2354062,4752,4646,0.101751,0.3058568,38,38,ran,ran,,False,False,2,False
stocks-h4,coin.desk.fodder*0.1,CONVERGED,CONVERGED,14,20,0.2356071,4728,4631,0.1057261,0.3045632,32,32,ran,ran,,False,False,2,False
stocks-h4,coin.provider*0.02,CONVERGED,CONVERGED,0,0,0.5786286,5005,5005,0.5322917,0.5322917,0,0,ran,ran,,True,True,291,True
stocks-h4,coin.provider*0.1,CONVERGED,CONVERGED,0,0,0.6153475,4944,4944,0.5721838,0.5721838,0,0,ran,ran,,True,True,291,True
stocks-h4,coin.workers*0.02,CONVERGED,CONVERGED,0,0,0.5433411,5055,5055,0.496132,0.496132,2,2,ran,ran,,True,True,291,True
stocks-h4,coin.workers*0.1,CONVERGED,CONVERGED,0,0,0.5842168,4994,4994,0.5388726,0.5388726,1,1,ran,ran,,True,True,291,True
stocks-h4,stock.good*0.1,CONVERGED,CONVERGED,0,0,0.9221333,2522,2522,0.9251886,0.9251886,1,1,ran,ran,,True,True,291,True
stocks-h4,stock.good*10,CONVERGED,CONVERGED,0,0,0.82891,3280,3280,0.8406666,0.8406666,0,0,ran,ran,,True,True,291,True
stocks-h4,heads.capacity*0.1,CONVERGED,CONVERGED,0,0,0.5209867,5576,5576,0.6934084,0.6934084,515,515,ran,ran,,True,True,291,True
stocks-h4,heads.capacity*10,DIVERGED,CONVERGED,1237,146,0.1853677,,7781,9.498753e-07,0.1738115,0,701,runaway,ran,,False,False,2,False
stocks-h4,hours.capacity*0.1,CONVERGED,CONVERGED,0,0,0.8542811,2857,2857,0.8570016,0.8570016,2,2,ran,ran,,True,True,291,True
stocks-h4,hours.capacity*10,CONVERGED,CONVERGED,0,0,0.8434301,3041,3041,0.8506269,0.8506269,0,0,ran,ran,,True,True,291,True
stocks-h4,own.maker*0.1,CONVERGED,CONVERGED,0,0,0.8647695,6236,6236,0.8659017,0.8659017,595,595,ran,ran,,True,True,291,True
stocks-h4,own.maker*10,CONVERGED,CONVERGED,0,0,1.0,5677,5677,1.0,1.0,0,0,ran,ran,,True,True,291,True
stocks-h4,finished.maker*0.1,CONVERGED,CONVERGED,0,0,0.8368105,3048,3048,0.8775313,0.8775313,0,0,ran,ran,,True,True,291,True
stocks-h4,finished.maker*10,CONVERGED,CONVERGED,11,22,0.2312141,4157,3847,0.1148688,0.2166786,0,0,ran,ran,,False,False,2,False
stocks-h4,stock.fodder*0.1,CONVERGED,CONVERGED,0,0,0.8591885,3100,3100,0.9362937,0.9362937,3,3,ran,ran,,True,True,291,True
stocks-h4,stock.fodder*10,CONVERGED,CONVERGED,0,0,0.647499,3241,3241,0.730094,0.730094,0,0,ran,ran,,True,True,291,True
stocks-f1,coin.desk.good*0.02,CONVERGED,CONVERGED,2,4,0.2418201,9366,9365,0.2236468,0.2269996,18,18,ran,ran,,False,False,2,False
stocks-f1,coin.desk.good*0.1,CONVERGED,CONVERGED,0,0,0.3270667,9263,9263,0.3094372,0.3094372,12,12,ran,ran,,True,True,687,True
stocks-f1,coin.desk.capacity*0.02,CONVERGED,CONVERGED,0,0,0.2961329,9116,9116,0.2898503,0.2898503,5,5,ran,ran,,True,True,687,True
stocks-f1,coin.desk.capacity*0.1,CONVERGED,CONVERGED,0,0,0.3444077,9039,9039,0.3364741,0.3364741,2,2,ran,ran,,True,True,687,True
stocks-f1,coin.desk.maker*0.02,CONVERGED,CONVERGED,0,0,0.8459453,8539,8539,0.826763,0.826763,0,0,ran,ran,,True,True,687,True
stocks-f1,coin.desk.maker*0.1,CONVERGED,CONVERGED,0,0,0.8507713,8426,8426,0.8328961,0.8328961,0,0,ran,ran,,True,True,687,True
stocks-f1,coin.desk.fodder*0.02,CONVERGED,CONVERGED,5,10,0.2323507,8099,8083,0.2366453,0.307996,32,32,ran,ran,,False,False,2,False
stocks-f1,coin.desk.fodder*0.1,CONVERGED,CONVERGED,0,0,0.3040075,7829,7829,0.3994787,0.3994787,27,27,ran,ran,,True,True,687,True
stocks-f1,coin.provider*0.02,CONVERGED,CONVERGED,0,0,0.7720071,9417,9417,0.7535256,0.7535256,0,0,ran,ran,,True,True,687,True
stocks-f1,coin.provider*0.1,CONVERGED,CONVERGED,0,0,0.7914189,9295,9295,0.7741255,0.7741255,0,0,ran,ran,,True,True,687,True
stocks-f1,coin.workers*0.02,CONVERGED,CONVERGED,0,0,0.7540758,9518,9518,0.7345805,0.7345805,2,2,ran,ran,,True,True,687,True
stocks-f1,coin.workers*0.1,CONVERGED,CONVERGED,0,0,0.7752316,9395,9395,0.7569608,0.7569608,1,1,ran,ran,,True,True,687,True
stocks-f1,stock.good*0.1,CONVERGED,CONVERGED,0,0,0.9681038,3399,3399,0.9691299,0.9691299,1,1,ran,ran,,True,True,687,True
stocks-f1,stock.good*10,CONVERGED,CONVERGED,0,0,0.9619485,4528,4528,0.967342,0.967342,0,0,ran,ran,,True,True,687,True
stocks-f1,heads.capacity*0.1,CONVERGED,CONVERGED,0,0,0.6945097,11283,11283,0.6663156,0.6663156,1001,1001,ran,ran,,True,True,687,True
stocks-f1,heads.capacity*10,DIVERGED,CONVERGED,2618,158,0.1443901,,15839,8.90955e-07,0.1354776,135,4108,runaway,ran,,False,False,2,False
stocks-f1,hours.capacity*0.1,CONVERGED,CONVERGED,0,0,0.9124125,3913,3913,0.9130815,0.9130815,2,2,ran,ran,,True,True,687,True
stocks-f1,hours.capacity*10,CONVERGED,CONVERGED,0,0,0.9286504,4142,4142,0.9224919,0.9224919,0,0,ran,ran,,True,True,687,True
stocks-f1,own.maker*0.1,CONVERGED,CONVERGED,0,0,0.9999019,12736,12736,0.9940692,0.9940692,1240,1240,ran,ran,,True,True,687,True
stocks-f1,own.maker*10,CONVERGED,CONVERGED,0,0,1.0,11597,11597,1.0,1.0,0,0,ran,ran,,True,True,687,True
stocks-f1,finished.maker*0.1,CONVERGED,CONVERGED,0,0,0.9506423,4830,4830,0.9640873,0.9640873,0,0,ran,ran,,True,True,687,True
stocks-f1,finished.maker*10,CONVERGED,CONVERGED,5,10,0.2336069,6730,6968,0.1868287,0.2347051,0,0,ran,ran,,False,False,2,False
stocks-f1,stock.fodder*0.1,CONVERGED,CONVERGED,0,0,0.966086,4352,4352,0.988592,0.988592,3,3,ran,ran,,True,True,687,True
stocks-f1,stock.fodder*10,CONVERGED,CONVERGED,0,0,0.9892946,4869,4869,0.9999323,0.9999323,0,0,ran,ran,,True,True,687,True
stocks-f2,coin.desk.good*0.02,CONVERGED,CONVERGED,18,24,0.223159,9761,9819,0.05622213,0.1573508,34,34,ran,ran,,False,False,2,False
stocks-f2,coin.desk.good*0.1,CONVERGED,CONVERGED,12,20,0.2254993,9749,9786,0.08358506,0.1784257,14,14,ran,ran,,False,False,2,False
stocks-f2,coin.desk.capacity*0.02,CONVERGED,CONVERGED,14,18,0.2237695,9432,9406,0.1708635,0.1936575,28,29,ran,ran,,False,False,2,False
stocks-f2,coin.desk.capacity*0.1,CONVERGED,CONVERGED,6,10,0.2314213,9447,9439,0.1952133,0.2168003,7,7,ran,ran,,False,False,2,False
stocks-f2,coin.desk.maker*0.02,CONVERGED,CONVERGED,0,0,0.524398,8071,8071,0.5863296,0.5863296,0,0,ran,ran,,True,True,995,True
stocks-f2,coin.desk.maker*0.1,CONVERGED,CONVERGED,0,0,0.5476878,7938,7938,0.6150881,0.6150881,0,0,ran,ran,,True,True,995,True
stocks-f2,coin.desk.fodder*0.02,CONVERGED,CONVERGED,14,24,0.2324464,9225,9071,0.09521616,0.3070181,38,38,ran,ran,,False,False,2,False
stocks-f2,coin.desk.fodder*0.1,CONVERGED,CONVERGED,14,20,0.2337339,9176,9042,0.09924832,0.3029125,32,32,ran,ran,,False,False,2,False
stocks-f2,coin.provider*0.02,CONVERGED,CONVERGED,0,0,0.575081,9950,9950,0.529077,0.529077,0,0,ran,ran,,True,True,995,True
stocks-f2,coin.provider*0.1,CONVERGED,CONVERGED,0,0,0.6122405,9828,9828,0.5694262,0.5694262,0,0,ran,ran,,True,True,995,True
stocks-f2,coin.workers*0.02,CONVERGED,CONVERGED,0,0,0.539268,10052,10052,0.4925723,0.4925723,2,2,ran,ran,,True,True,995,True
stocks-f2,coin.workers*0.1,CONVERGED,CONVERGED,0,0,0.5807753,9928,9928,0.5356894,0.5356894,1,1,ran,ran,,True,True,995,True
stocks-f2,stock.good*0.1,CONVERGED,CONVERGED,0,0,0.9196012,4714,4714,0.9244174,0.9244174,1,1,ran,ran,,True,True,995,True
stocks-f2,stock.good*10,CONVERGED,CONVERGED,0,0,0.8269413,6054,6054,0.8388222,0.8388222,0,0,ran,ran,,True,True,995,True
stocks-f2,heads.capacity*0.1,CONVERGED,CONVERGED,0,0,0.5395781,11707,11707,0.7216346,0.7216346,1078,1078,ran,ran,,True,True,995,True
stocks-f2,heads.capacity*10,DIVERGED,CONVERGED,2525,200,0.1839742,,16258,9.498753e-07,0.1725644,0,1452,runaway,ran,,False,False,2,False
stocks-f2,hours.capacity*0.1,CONVERGED,CONVERGED,0,0,0.8527978,5286,5286,0.8555446,0.8555446,2,2,ran,ran,,True,True,995,True
stocks-f2,hours.capacity*10,CONVERGED,CONVERGED,0,0,0.8440172,5613,5613,0.8496695,0.8496695,0,0,ran,ran,,True,True,995,True
stocks-f2,own.maker*0.1,CONVERGED,CONVERGED,0,0,0.8092128,13138,13138,0.7786385,0.7786385,1324,1324,ran,ran,,True,True,995,True
stocks-f2,own.maker*10,CONVERGED,CONVERGED,0,0,1.0,11597,11597,1.0,1.0,0,0,ran,ran,,True,True,995,True
stocks-f2,finished.maker*0.1,CONVERGED,CONVERGED,0,0,0.8385845,5660,5660,0.8786012,0.8786012,0,0,ran,ran,,True,True,995,True
stocks-f2,finished.maker*10,CONVERGED,CONVERGED,11,22,0.2330359,7558,6638,0.1174882,0.2178951,0,0,ran,ran,,False,False,2,False
stocks-f2,stock.fodder*0.1,CONVERGED,CONVERGED,0,0,0.8550573,5724,5724,0.9320883,0.9320883,3,3,ran,ran,,True,True,995,True
stocks-f2,stock.fodder*10,CONVERGED,CONVERGED,0,0,0.6438105,6045,6045,0.7264608,0.7264608,0,0,ran,ran,,True,True,995,True
stocks-f3,coin.desk.good*0.02,CONVERGED,CONVERGED,11,20,0.2293389,4258,4279,0.07930849,0.1959678,21,21,ran,ran,,False,False,2,False
stocks-f3,coin.desk.good*0.1,CONVERGED,CONVERGED,7,14,0.2361134,4236,4243,0.1161388,0.2059647,13,13,ran,ran,,False,False,2,False
stocks-f3,coin.desk.capacity*0.02,CONVERGED,CONVERGED,4,8,0.2375536,4137,4136,0.2070577,0.2183663,12,13,ran,ran,,False,False,2,False
stocks-f3,coin.desk.capacity*0.1,CONVERGED,CONVERGED,0,0,0.2503232,4118,4118,0.2354484,0.2354484,6,6,ran,ran,,True,True,299,True
stocks-f3,coin.desk.maker*0.02,CONVERGED,CONVERGED,0,0,0.6710365,3645,3645,0.7421554,0.7421554,0,0,ran,ran,,True,True,299,True
stocks-f3,coin.desk.maker*0.1,CONVERGED,CONVERGED,0,0,0.6916458,3596,3596,0.7616419,0.7616419,0,0,ran,ran,,True,True,299,True
stocks-f3,coin.desk.fodder*0.02,CONVERGED,CONVERGED,12,16,0.2342094,4079,3988,0.1201554,0.3049681,35,35,ran,ran,,False,False,2,False
stocks-f3,coin.desk.fodder*0.1,CONVERGED,CONVERGED,11,14,0.2400889,4038,3962,0.1405657,0.3030201,29,29,ran,ran,,False,False,2,False
stocks-f3,coin.provider*0.02,CONVERGED,CONVERGED,0,0,0.6666966,4337,4337,0.6342278,0.6342278,0,0,ran,ran,,True,True,299,True
stocks-f3,coin.provider*0.1,CONVERGED,CONVERGED,0,0,0.6959796,4287,4287,0.6653052,0.6653052,0,0,ran,ran,,True,True,299,True
stocks-f3,coin.workers*0.02,CONVERGED,CONVERGED,0,0,0.6395436,4379,4379,0.605363,0.605363,2,2,ran,ran,,True,True,299,True
stocks-f3,coin.workers*0.1,CONVERGED,CONVERGED,0,0,0.6714639,4328,4328,0.6395044,0.6395044,1,1,ran,ran,,True,True,299,True
stocks-f3,stock.good*0.1,CONVERGED,CONVERGED,0,0,0.9452543,2241,2241,0.9481338,0.9481338,1,1,ran,ran,,True,True,299,True
stocks-f3,stock.good*10,CONVERGED,CONVERGED,0,0,0.9182079,2782,2782,0.9356975,0.9356975,0,0,ran,ran,,True,True,299,True
stocks-f3,heads.capacity*0.1,CONVERGED,CONVERGED,0,0,0.6424379,4744,4744,0.8804597,0.8804597,398,398,ran,ran,,True,True,299,True
stocks-f3,heads.capacity*10,DIVERGED,CONVERGED,978,128,0.1770861,,6563,9.403694e-07,0.166215,0,597,runaway,ran,,False,False,2,False
stocks-f3,hours.capacity*0.1,CONVERGED,CONVERGED,0,0,0.8833822,2478,2478,0.8851001,0.8851001,2,2,ran,ran,,True,True,299,True
stocks-f3,hours.capacity*10,CONVERGED,CONVERGED,0,0,0.8937762,2604,2604,0.8820054,0.8820054,0,0,ran,ran,,True,True,299,True
stocks-f3,own.maker*0.1,CONVERGED,CONVERGED,0,0,1.0,5309,5309,1.0,1.0,462,462,ran,ran,,True,True,299,True
stocks-f3,own.maker*10,CONVERGED,CONVERGED,0,0,1.0,4493,4493,1.0,1.0,0,0,ran,ran,,True,True,299,True
stocks-f3,finished.maker*0.1,CONVERGED,CONVERGED,0,0,0.8842244,2702,2702,0.9141733,0.9141733,0,0,ran,ran,,True,True,299,True
stocks-f3,finished.maker*10,CONVERGED,CONVERGED,9,18,0.2311002,3430,3360,0.1350094,0.2260487,0,0,ran,ran,,False,False,2,False
stocks-f3,stock.fodder*0.1,CONVERGED,CONVERGED,0,0,0.9089057,2684,2684,0.9636057,0.9636057,3,3,ran,ran,,True,True,299,True
stocks-f3,stock.fodder*10,CONVERGED,CONVERGED,0,0,0.7827956,2764,2764,0.8586265,0.8586265,0,0,ran,ran,,True,True,299,True
stocks-f4,coin.desk.good*0.02,CONVERGED,CONVERGED,11,20,0.2291376,5171,5193,0.07814112,0.1955722,21,21,ran,ran,,False,False,2,False
stocks-f4,coin.desk.good*0.1,CONVERGED,CONVERGED,8,16,0.2340145,5141,5148,0.1141066,0.2052757,13,13,ran,ran,,False,False,2,False
stocks-f4,coin.desk.capacity*0.02,CONVERGED,CONVERGED,4,8,0.2368383,5015,5014,0.2065396,0.2180562,12,12,ran,ran,,False,False,2,False
stocks-f4,coin.desk.capacity*0.1,CONVERGED,CONVERGED,1,2,0.2494101,4990,4990,0.2347926,0.2347926,6,6,ran,ran,,False,False,2,False
stocks-f4,coin.desk.maker*0.02,CONVERGED,CONVERGED,0,0,0.6705646,4397,4397,0.7422548,0.7422548,0,0,ran,ran,,True,True,299,True
stocks-f4,coin.desk.maker*0.1,CONVERGED,CONVERGED,0,0,0.691107,4338,4338,0.7608303,0.7608303,0,0,ran,ran,,True,True,299,True
stocks-f4,coin.desk.fodder*0.02,CONVERGED,CONVERGED,12,16,0.2338376,4883,4778,0.1171296,0.302825,35,35,ran,ran,,False,False,2,False
stocks-f4,coin.desk.fodder*0.1,CONVERGED,CONVERGED,11,14,0.2394047,4839,4752,0.1359931,0.2996352,29,29,ran,ran,,False,False,2,False
stocks-f4,coin.provider*0.02,CONVERGED,CONVERGED,0,0,0.6658005,5251,5251,0.6334037,0.6334037,0,0,ran,ran,,True,True,299,True
stocks-f4,coin.provider*0.1,CONVERGED,CONVERGED,0,0,0.6951852,5188,5188,0.6645929,0.6645929,0,0,ran,ran,,True,True,299,True
stocks-f4,coin.workers*0.02,CONVERGED,CONVERGED,0,0,0.6385446,5302,5302,0.6044433,0.6044433,2,2,ran,ran,,True,True,299,True
stocks-f4,coin.workers*0.1,CONVERGED,CONVERGED,0,0,0.6705819,5239,5239,0.638715,0.638715,1,1,ran,ran,,True,True,299,True
stocks-f4,stock.good*0.1,CONVERGED,CONVERGED,0,0,0.944924,2566,2566,0.9478165,0.9478165,1,1,ran,ran,,True,True,299,True
stocks-f4,stock.good*10,CONVERGED,CONVERGED,0,0,0.9183266,3243,3243,0.934729,0.934729,0,0,ran,ran,,True,True,299,True
stocks-f4,heads.capacity*0.1,CONVERGED,CONVERGED,0,0,0.6113489,5857,5857,0.8781749,0.8781749,501,501,ran,ran,,True,True,299,True
stocks-f4,heads.capacity*10,DIVERGED,CONVERGED,1240,144,0.1749719,,8154,9.403694e-07,0.164175,0,740,runaway,ran,,False,False,2,False
stocks-f4,hours.capacity*0.1,CONVERGED,CONVERGED,0,0,0.8828123,2856,2856,0.8845357,0.8845357,2,2,ran,ran,,True,True,299,True
stocks-f4,hours.capacity*10,CONVERGED,CONVERGED,0,0,0.8934443,3011,3011,0.8816931,0.8816931,0,0,ran,ran,,True,True,299,True
stocks-f4,own.maker*0.1,CONVERGED,CONVERGED,0,0,0.9998232,6582,6582,0.9997407,0.9997407,595,595,ran,ran,,True,True,299,True
stocks-f4,own.maker*10,CONVERGED,CONVERGED,0,0,1.0,5677,5677,1.0,1.0,0,0,ran,ran,,True,True,299,True
stocks-f4,finished.maker*0.1,CONVERGED,CONVERGED,0,0,0.8850653,3145,3145,0.9149334,0.9149334,0,0,ran,ran,,True,True,299,True
stocks-f4,finished.maker*10,CONVERGED,CONVERGED,9,18,0.2315351,3948,3832,0.1367102,0.2262929,0,0,ran,ran,,False,False,2,False
stocks-f4,stock.fodder*0.1,CONVERGED,CONVERGED,0,0,0.9076405,3116,3116,0.9623387,0.9623387,3,3,ran,ran,,True,True,299,True
stocks-f4,stock.fodder*10,CONVERGED,CONVERGED,0,0,0.7814763,3220,3220,0.8574712,0.8574712,0,0,ran,ran,,True,True,299,True
stocks-f5,coin.desk.good*0.02,CONVERGED,CONVERGED,12,24,0.2304772,5004,5008,0.07480152,0.1968711,44,43,ran,ran,,False,False,2,False
stocks-f5,coin.desk.good*0.1,CONVERGED,CONVERGED,8,16,0.2329776,4943,4946,0.1102878,0.2064919,20,20,ran,ran,,False,False,2,False
stocks-f5,coin.desk.capacity*0.02,CONVERGED,CONVERGED,2,4,0.2449087,4548,4548,0.2168331,0.2240318,8,8,ran,ran,,False,False,2,False
stocks-f5,coin.desk.capacity*0.1,CONVERGED,CONVERGED,0,0,0.2603895,4504,4504,0.2447614,0.2447614,5,5,ran,ran,,True,True,326,True
stocks-f5,coin.desk.maker*0.02,CONVERGED,CONVERGED,0,0,0.6217144,3981,3981,0.6754551,0.6754551,0,0,ran,ran,,True,True,326,True
stocks-f5,coin.desk.maker*0.1,CONVERGED,CONVERGED,0,0,0.6474662,3922,3922,0.7033347,0.7033347,0,0,ran,ran,,True,True,326,True
stocks-f5,coin.desk.fodder*0.02,CONVERGED,CONVERGED,13,16,0.23658,4439,4367,0.09770237,0.2785205,38,38,ran,ran,,False,False,2,False
stocks-f5,coin.desk.fodder*0.1,CONVERGED,CONVERGED,12,18,0.2346619,4397,4340,0.1174523,0.2799398,33,33,ran,ran,,False,False,2,False
stocks-f5,coin.provider*0.02,CONVERGED,CONVERGED,0,0,0.9080253,3613,3613,0.8973872,0.8973872,0,0,ran,ran,,True,True,326,True
stocks-f5,coin.provider*0.1,CONVERGED,CONVERGED,0,0,0.9154072,3557,3557,0.9055075,0.9055075,0,0,ran,ran,,True,True,326,True
stocks-f5,coin.workers*0.02,CONVERGED,CONVERGED,0,0,0.7208722,4326,4326,0.6947684,0.6947684,2,2,ran,ran,,True,True,326,True
stocks-f5,coin.workers*0.1,CONVERGED,CONVERGED,0,0,0.7449943,4267,4267,0.7202195,0.7202195,2,2,ran,ran,,True,True,326,True
stocks-f5,stock.good*0.1,CONVERGED,CONVERGED,0,0,0.9531045,1826,1826,0.955853,0.955853,1,1,ran,ran,,True,True,326,True
stocks-f5,stock.good*10,CONVERGED,CONVERGED,0,0,0.9263377,2336,2336,0.9476198,0.9476198,0,0,ran,ran,,True,True,326,True
stocks-f5,heads.capacity*0.1,CONVERGED,CONVERGED,0,0,0.5849313,5149,5149,0.8117664,0.8117664,478,478,ran,ran,,True,True,326,True
stocks-f5,heads.capacity*10,DIVERGED,CONVERGED,1040,122,0.2053623,,7050,9.011634e-07,0.1930971,0,361,runaway,ran,,False,False,2,False
stocks-f5,hours.capacity*0.1,CONVERGED,CONVERGED,0,0,0.8796845,2344,2344,0.8784949,0.8784949,2,2,ran,ran,,True,True,326,True
stocks-f5,hours.capacity*10,CONVERGED,CONVERGED,0,0,0.8870492,2198,2198,0.8802017,0.8802017,0,0,ran,ran,,True,True,326,True
stocks-f5,own.maker*0.1,CONVERGED,CONVERGED,0,0,1.0,5736,5736,1.0,1.0,554,554,ran,ran,,True,True,326,True
stocks-f5,own.maker*10,CONVERGED,CONVERGED,0,0,1.0,5677,5677,1.0,1.0,0,0,ran,ran,,True,True,326,True
stocks-f5,finished.maker*0.1,CONVERGED,CONVERGED,0,0,0.8836787,2591,2591,0.9139379,0.9139379,0,0,ran,ran,,True,True,326,True
stocks-f5,finished.maker*10,CONVERGED,CONVERGED,9,18,0.2312563,3432,3274,0.1369654,0.2264826,0,0,ran,ran,,False,False,2,False
stocks-f5,stock.fodder*0.1,CONVERGED,CONVERGED,0,0,0.9102425,2505,2505,0.964261,0.964261,3,3,ran,ran,,True,True,326,True
stocks-f5,stock.fodder*10,CONVERGED,CONVERGED,0,0,0.7705093,2643,2643,0.8414229,0.8414229,0,0,ran,ran,,True,True,326,True
stocks-f6,coin.desk.good*0.02,CONVERGED,CONVERGED,12,24,0.2324106,4142,4148,0.07644798,0.1972716,45,43,ran,ran,,False,False,2,False
stocks-f6,coin.desk.good*0.1,CONVERGED,CONVERGED,8,16,0.2348785,4094,4097,0.1116677,0.2071577,20,20,ran,ran,,False,False,2,False
stocks-f6,coin.desk.capacity*0.02,CONVERGED,CONVERGED,2,4,0.2454575,3768,3768,0.2175165,0.2243686,8,8,ran,ran,,False,False,2,False
stocks-f6,coin.desk.capacity*0.1,CONVERGED,CONVERGED,0,0,0.2614533,3733,3733,0.24555,0.24555,5,5,ran,ran,,True,True,326,True
stocks-f6,coin.desk.maker*0.02,CONVERGED,CONVERGED,0,0,0.6245742,3305,3305,0.6780363,0.6780363,0,0,ran,ran,,True,True,326,True
stocks-f6,coin.desk.maker*0.1,CONVERGED,CONVERGED,0,0,0.6501844,3257,3257,0.7057916,0.7057916,0,0,ran,ran,,True,True,326,True
stocks-f6,coin.desk.fodder*0.02,CONVERGED,CONVERGED,13,18,0.2369543,3692,3627,0.1001615,0.2853275,38,38,ran,ran,,False,False,2,False
stocks-f6,coin.desk.fodder*0.1,CONVERGED,CONVERGED,11,16,0.23606,3656,3608,0.1216919,0.2837081,33,33,ran,ran,,False,False,2,False
stocks-f6,coin.provider*0.02,CONVERGED,CONVERGED,0,0,0.9081882,3028,3028,0.8975326,0.8975326,0,0,ran,ran,,True,True,326,True
stocks-f6,coin.provider*0.1,CONVERGED,CONVERGED,0,0,0.9155556,2984,2984,0.9056399,0.9056399,0,0,ran,ran,,True,True,326,True
stocks-f6,coin.workers*0.02,CONVERGED,CONVERGED,0,0,0.7215028,3599,3599,0.6953284,0.6953284,2,2,ran,ran,,True,True,326,True
stocks-f6,coin.workers*0.1,CONVERGED,CONVERGED,0,0,0.7455505,3552,3552,0.720713,0.720713,2,2,ran,ran,,True,True,326,True
stocks-f6,stock.good*0.1,CONVERGED,CONVERGED,0,0,0.9534382,1621,1621,0.9561813,0.9561813,1,1,ran,ran,,True,True,326,True
stocks-f6,stock.good*10,CONVERGED,CONVERGED,0,0,0.9261051,2022,2022,0.9475297,0.9475297,0,0,ran,ran,,True,True,326,True
stocks-f6,heads.capacity*0.1,CONVERGED,CONVERGED,0,0,0.5899916,4157,4157,0.813102,0.813102,379,379,ran,ran,,True,True,326,True
stocks-f6,heads.capacity*10,DIVERGED,CONVERGED,824,108,0.2055772,,5699,9.011634e-07,0.1932817,0,309,runaway,ran,,False,False,2,False
stocks-f6,hours.capacity*0.1,CONVERGED,CONVERGED,0,0,0.8801296,2033,2033,0.8789325,0.8789325,2,2,ran,ran,,True,True,326,True
stocks-f6,hours.capacity*10,CONVERGED,CONVERGED,0,0,0.8874359,1923,1923,0.8804277,0.8804277,0,0,ran,ran,,True,True,326,True
stocks-f6,own.maker*0.1,CONVERGED,CONVERGED,0,0,1.0,4636,4636,1.0,1.0,441,441,ran,ran,,True,True,326,True
stocks-f6,own.maker*10,CONVERGED,CONVERGED,0,0,1.0,4493,4493,1.0,1.0,0,0,ran,ran,,True,True,326,True
stocks-f6,finished.maker*0.1,CONVERGED,CONVERGED,0,0,0.8833881,2215,2215,0.9137779,0.9137779,0,0,ran,ran,,True,True,326,True
stocks-f6,finished.maker*10,CONVERGED,CONVERGED,9,18,0.230798,2956,2817,0.1352281,0.2262337,0,0,ran,ran,,False,False,2,False
stocks-f6,stock.fodder*0.1,CONVERGED,CONVERGED,0,0,0.9114467,2157,2157,0.9654577,0.9654577,3,3,ran,ran,,True,True,326,True
stocks-f6,stock.fodder*10,CONVERGED,CONVERGED,0,0,0.7721983,2272,2272,0.8430702,0.8430702,0,0,ran,ran,,True,True,326,True
stocks-f7,coin.desk.good*0.02,CONVERGED,CONVERGED,4,8,0.2357842,4354,4353,0.2093521,0.2254645,18,18,ran,ran,,False,False,2,False
stocks-f7,coin.desk.good*0.1,CONVERGED,CONVERGED,0,0,0.3133823,4319,4319,0.3004199,0.3004199,12,12,ran,ran,,True,True,495,True
stocks-f7,coin.desk.capacity*0.02,CONVERGED,CONVERGED,0,0,0.2592684,4226,4226,0.2590417,0.2590417,5,5,ran,ran,,True,True,495,True
stocks-f7,coin.desk.capacity*0.1,CONVERGED,CONVERGED,0,0,0.3149504,4207,4207,0.3132363,0.3132363,2,2,ran,ran,,True,True,495,True
stocks-f7,coin.desk.maker*0.02,CONVERGED,CONVERGED,0,0,0.8303446,4014,4014,0.823066,0.823066,0,0,ran,ran,,True,True,495,True
stocks-f7,coin.desk.maker*0.1,CONVERGED,CONVERGED,0,0,0.835883,3968,3968,0.8291213,0.8291213,0,0,ran,ran,,True,True,495,True
stocks-f7,coin.desk.fodder*0.02,CONVERGED,CONVERGED,0,0,0.9953177,3937,3937,0.9999292,0.9999292,53,53,ran,ran,,True,True,495,True
stocks-f7,coin.desk.fodder*0.1,CONVERGED,CONVERGED,0,0,0.995703,3788,3788,0.9999424,0.9999424,38,38,ran,ran,,True,True,495,True
stocks-f7,coin.provider*0.02,CONVERGED,CONVERGED,0,0,0.7591502,4420,4420,0.7451029,0.7451029,0,0,ran,ran,,True,True,495,True
stocks-f7,coin.provider*0.1,CONVERGED,CONVERGED,0,0,0.7798386,4367,4367,0.7666358,0.7666358,0,0,ran,ran,,True,True,495,True
stocks-f7,coin.workers*0.02,CONVERGED,CONVERGED,0,0,0.7400936,4464,4464,0.7253017,0.7253017,2,2,ran,ran,,True,True,495,True
stocks-f7,coin.workers*0.1,CONVERGED,CONVERGED,0,0,0.7626977,4410,4410,0.7487161,0.7487161,1,1,ran,ran,,True,True,495,True
stocks-f7,stock.good*0.1,CONVERGED,CONVERGED,0,0,0.9737752,2030,2030,0.9731703,0.9731703,1,1,ran,ran,,True,True,495,True
stocks-f7,stock.good*10,CONVERGED,CONVERGED,0,0,0.9750195,2424,2424,0.9756283,0.9756283,0,0,ran,ran,,True,True,495,True
stocks-f7,heads.capacity*0.1,CONVERGED,CONVERGED,0,0,0.7078634,4802,4802,0.7102348,0.7102348,441,441,ran,ran,,True,True,495,True
stocks-f7,heads.capacity*10,DIVERGED,CONVERGED,999,82,0.1667056,,6677,9.041403e-07,0.156431,111,1713,runaway,ran,,False,False,2,False
stocks-f7,hours.capacity*0.1,CONVERGED,CONVERGED,0,0,0.9135319,2267,2267,0.9140753,0.9140753,2,2,ran,ran,,True,True,495,True
stocks-f7,hours.capacity*10,CONVERGED,CONVERGED,0,0,0.9273908,2356,2356,0.9218776,0.9218776,0,0,ran,ran,,True,True,495,True
stocks-f7,own.maker*0.1,CONVERGED,CONVERGED,0,0,0.9999898,5331,5331,0.9996949,0.9996949,489,489,ran,ran,,True,True,495,True
stocks-f7,own.maker*10,CONVERGED,CONVERGED,0,0,1.0,4493,4493,1.0,1.0,0,0,ran,ran,,True,True,495,True
stocks-f7,finished.maker*0.1,CONVERGED,CONVERGED,0,0,0.9742736,2560,2560,0.9807539,0.9807539,0,0,ran,ran,,True,True,495,True
stocks-f7,finished.maker*10,CONVERGED,CONVERGED,6,12,0.2341718,3678,3715,0.1872715,0.234716,0,0,ran,ran,,False,False,2,False
stocks-f7,stock.fodder*0.1,CONVERGED,CONVERGED,0,0,0.9952682,2413,2413,0.9999927,0.9999927,3,3,ran,ran,,True,True,495,True
stocks-f7,stock.fodder*10,CONVERGED,CONVERGED,0,0,0.9999998,2406,2406,0.9999911,0.9999911,0,0,ran,ran,,True,True,495,True
stocks-f8,coin.desk.good*0.02,CONVERGED,CONVERGED,19,16,0.2278177,4014,3989,0.03767573,0.1923427,52,55,ran,ran,,False,False,2,False
stocks-f8,coin.desk.good*0.1,CONVERGED,CONVERGED,13,20,0.2269887,3973,3958,0.05607609,0.1965814,14,14,ran,ran,,False,False,2,False
stocks-f8,coin.desk.capacity*0.02,CONVERGED,CONVERGED,10,18,0.2274225,3866,3857,0.1099988,0.2235911,44,44,ran,ran,,False,False,2,False
stocks-f8,coin.desk.capacity*0.1,CONVERGED,CONVERGED,8,16,0.2356554,3832,3828,0.1381361,0.2259852,9,9,ran,ran,,False,False,2,False
stocks-f8,coin.desk.maker*0.02,CONVERGED,CONVERGED,0,0,0.6300386,3293,3293,0.6970595,0.6970595,0,0,ran,ran,,True,True,291,True
stocks-f8,coin.desk.maker*0.1,CONVERGED,CONVERGED,0,0,0.6621189,3245,3245,0.7258063,0.7258063,0,0,ran,ran,,True,True,291,True
stocks-f8,coin.desk.fodder*0.02,CONVERGED,CONVERGED,5,8,0.231939,3928,3910,0.2334682,0.3926209,61,61,ran,ran,,False,False,2,False
stocks-f8,coin.desk.fodder*0.1,CONVERGED,CONVERGED,4,8,0.2336847,3844,3838,0.2692018,0.3661114,39,39,ran,ran,,False,False,2,False
stocks-f8,coin.provider*0.02,CONVERGED,CONVERGED,0,0,0.5139454,4065,4065,0.4897494,0.4897494,0,0,ran,ran,,True,True,291,True
stocks-f8,coin.provider*0.1,CONVERGED,CONVERGED,0,0,0.5580097,4018,4018,0.5340238,0.5340238,0,0,ran,ran,,True,True,291,True
stocks-f8,coin.workers*0.02,CONVERGED,CONVERGED,0,0,0.4727224,4105,4105,0.4480081,0.4480081,2,2,ran,ran,,True,True,291,True
stocks-f8,coin.workers*0.1,CONVERGED,CONVERGED,0,0,0.5209876,4057,4057,0.4968895,0.4968895,1,1,ran,ran,,True,True,291,True
stocks-f8,stock.good*0.1,CONVERGED,CONVERGED,0,0,0.9394776,1992,1992,0.9392557,0.9392557,1,1,ran,ran,,True,True,291,True
stocks-f8,stock.good*10,CONVERGED,CONVERGED,0,0,0.8753691,2527,2527,0.8795072,0.8795072,0,0,ran,ran,,True,True,291,True
stocks-f8,heads.capacity*0.1,CONVERGED,CONVERGED,0,0,0.521177,4392,4392,0.8247106,0.8247106,398,398,ran,ran,,True,True,291,True
stocks-f8,heads.capacity*10,DIVERGED,CONVERGED,975,126,0.1873626,,6157,9.535189e-07,0.1756371,0,568,runaway,ran,,False,False,2,False
stocks-f8,hours.capacity*0.1,CONVERGED,CONVERGED,0,0,0.8556888,2331,2331,0.8580111,0.8580111,2,2,ran,ran,,True,True,291,True
stocks-f8,hours.capacity*10,CONVERGED,CONVERGED,0,0,0.8605365,2377,2377,0.8473291,0.8473291,0,0,ran,ran,,True,True,291,True
stocks-f8,own.maker*0.1,CONVERGED,CONVERGED,0,0,0.9471322,4919,4919,0.9625226,0.9625226,461,461,ran,ran,,True,True,291,True
stocks-f8,own.maker*10,CONVERGED,CONVERGED,0,0,1.0,4493,4493,1.0,1.0,0,0,ran,ran,,True,True,291,True
stocks-f8,finished.maker*0.1,CONVERGED,CONVERGED,0,0,0.9248104,2335,2335,0.9488948,0.9488948,0,0,ran,ran,,True,True,291,True
stocks-f8,finished.maker*10,CONVERGED,CONVERGED,12,24,0.2314295,3313,3189,0.1093008,0.2262216,0,0,ran,ran,,False,False,2,False
stocks-f8,stock.fodder*0.1,CONVERGED,CONVERGED,0,0,0.9438899,2340,2340,0.9848574,0.9848574,3,3,ran,ran,,True,True,291,True
stocks-f8,stock.fodder*10,CONVERGED,CONVERGED,0,0,0.9227973,1906,1906,0.9687933,0.9687933,0,0,ran,ran,,True,True,291,True
stocks-f9,coin.desk.good*0.02,CONVERGED,CONVERGED,4,8,0.2349662,5284,5283,0.2082684,0.2247089,18,18,ran,ran,,False,False,2,False
stocks-f9,coin.desk.good*0.1,CONVERGED,CONVERGED,0,0,0.3125807,5236,5236,0.2996724,0.2996724,12,12,ran,ran,,True,True,495,True
stocks-f9,coin.desk.capacity*0.02,CONVERGED,CONVERGED,0,0,0.2588189,5119,5119,0.2586187,0.2586187,5,5,ran,ran,,True,True,495,True
stocks-f9,coin.desk.capacity*0.1,CONVERGED,CONVERGED,0,0,0.3144276,5091,5091,0.3127377,0.3127377,2,2,ran,ran,,True,True,495,True
stocks-f9,coin.desk.maker*0.02,CONVERGED,CONVERGED,0,0,0.8304769,4840,4840,0.8231973,0.8231973,0,0,ran,ran,,True,True,495,True
stocks-f9,coin.desk.maker*0.1,CONVERGED,CONVERGED,0,0,0.8360253,4776,4776,0.8292626,0.8292626,0,0,ran,ran,,True,True,495,True
stocks-f9,coin.desk.fodder*0.02,CONVERGED,CONVERGED,0,0,0.9953177,4724,4724,0.9997723,0.9997723,53,53,ran,ran,,True,True,495,True
stocks-f9,coin.desk.fodder*0.1,CONVERGED,CONVERGED,0,0,0.995703,4544,4544,0.9998236,0.9998236,38,38,ran,ran,,True,True,495,True
stocks-f9,coin.provider*0.02,CONVERGED,CONVERGED,0,0,0.7588361,5345,5345,0.7447954,0.7447954,0,0,ran,ran,,True,True,495,True
stocks-f9,coin.provider*0.1,CONVERGED,CONVERGED,0,0,0.7795698,5278,5278,0.7663509,0.7663509,0,0,ran,ran,,True,True,495,True
stocks-f9,coin.workers*0.02,CONVERGED,CONVERGED,0,0,0.7397514,5401,5401,0.7249672,0.7249672,2,2,ran,ran,,True,True,495,True
stocks-f9,coin.workers*0.1,CONVERGED,CONVERGED,0,0,0.7624068,5333,5333,0.7484079,0.7484079,1,1,ran,ran,,True,True,495,True
stocks-f9,stock.good*0.1,CONVERGED,CONVERGED,0,0,0.9737022,2277,2277,0.9730983,0.9730983,1,1,ran,ran,,True,True,495,True
stocks-f9,stock.good*10,CONVERGED,CONVERGED,0,0,0.9746956,2758,2758,0.9753127,0.9753127,0,0,ran,ran,,True,True,495,True
stocks-f9,heads.capacity*0.1,CONVERGED,CONVERGED,0,0,0.695688,5890,5890,0.6977477,0.6977477,540,540,ran,ran,,True,True,495,True
stocks-f9,heads.capacity*10,DIVERGED,CONVERGED,1273,96,0.1627414,,8224,9.041403e-07,0.1527048,111,2130,runaway,ran,,False,False,2,False
stocks-f9,hours.capacity*0.1,CONVERGED,CONVERGED,0,0,0.913183,2554,2554,0.9137259,0.9137259,2,2,ran,ran,,True,True,495,True
stocks-f9,hours.capacity*10,CONVERGED,CONVERGED,0,0,0.9273248,2661,2661,0.9218129,0.9218129,0,0,ran,ran,,True,True,495,True
stocks-f9,own.maker*0.1,CONVERGED,CONVERGED,0,0,0.9999634,6556,6556,0.9987897,0.9987897,613,613,ran,ran,,True,True,495,True
stocks-f9,own.maker*10,CONVERGED,CONVERGED,0,0,1.0,5677,5677,1.0,1.0,0,0,ran,ran,,True,True,495,True
stocks-f9,finished.maker*0.1,CONVERGED,CONVERGED,0,0,0.9740215,2923,2923,0.9804082,0.9804082,0,0,ran,ran,,True,True,495,True
stocks-f9,finished.maker*10,CONVERGED,CONVERGED,6,12,0.2344583,4306,4346,0.1878201,0.2349763,0,0,ran,ran,,False,False,2,False
stocks-f9,stock.fodder*0.1,CONVERGED,CONVERGED,0,0,0.9952682,2730,2730,0.9999805,0.9999805,3,3,ran,ran,,True,True,495,True
stocks-f9,stock.fodder*10,CONVERGED,CONVERGED,0,0,0.9999994,2729,2729,0.9999758,0.9999758,0,0,ran,ran,,True,True,495,True
stocks-f10,coin.desk.good*0.02,CONVERGED,CONVERGED,19,14,0.2255374,5001,4974,0.03717765,0.1920472,51,55,ran,ran,,False,False,2,False
stocks-f10,coin.desk.good*0.1,CONVERGED,CONVERGED,14,20,0.2255286,4956,4941,0.05546501,0.1962479,14,14,ran,ran,,False,False,2,False
stocks-f10,coin.desk.capacity*0.02,CONVERGED,CONVERGED,10,18,0.2270206,4817,4806,0.1087987,0.2235481,44,44,ran,ran,,False,False,2,False
stocks-f10,coin.desk.capacity*0.1,CONVERGED,CONVERGED,8,16,0.2351602,4781,4776,0.1366265,0.2258646,9,9,ran,ran,,False,False,2,False
stocks-f10,coin.desk.maker*0.02,CONVERGED,CONVERGED,0,0,0.6284509,4120,4120,0.6950351,0.6950351,0,0,ran,ran,,True,True,291,True
stocks-f10,coin.desk.maker*0.1,CONVERGED,CONVERGED,0,0,0.6607268,4065,4065,0.7240587,0.7240587,0,0,ran,ran,,True,True,291,True
stocks-f10,coin.desk.fodder*0.02,CONVERGED,CONVERGED,6,6,0.2314777,4850,4829,0.2172661,0.3893638,61,61,ran,ran,,False,False,2,False
stocks-f10,coin.desk.fodder*0.1,CONVERGED,CONVERGED,5,10,0.2323426,4760,4751,0.2444184,0.3572437,39,39,ran,ran,,False,False,2,False
stocks-f10,coin.provider*0.02,CONVERGED,CONVERGED,0,0,0.5119204,5068,5068,0.487682,0.487682,0,0,ran,ran,,True,True,291,True
stocks-f10,coin.provider*0.1,CONVERGED,CONVERGED,0,0,0.5561822,5008,5008,0.5322824,0.5322824,0,0,ran,ran,,True,True,291,True
stocks-f10,coin.workers*0.02,CONVERGED,CONVERGED,0,0,0.4703108,5118,5118,0.4457334,0.4457334,2,2,ran,ran,,True,True,291,True
stocks-f10,coin.workers*0.1,CONVERGED,CONVERGED,0,0,0.5189686,5057,5057,0.4949729,0.4949729,1,1,ran,ran,,True,True,291,True
stocks-f10,stock.good*0.1,CONVERGED,CONVERGED,0,0,0.9391591,2409,2409,0.9389396,0.9389396,1,1,ran,ran,,True,True,291,True
stocks-f10,stock.good*10,CONVERGED,CONVERGED,0,0,0.8749017,3140,3140,0.8790697,0.8790697,0,0,ran,ran,,True,True,291,True
stocks-f10,heads.capacity*0.1,CONVERGED,CONVERGED,0,0,0.4863386,5604,5604,0.8351517,0.8351517,507,507,ran,ran,,True,True,291,True
stocks-f10,heads.capacity*10,DIVERGED,CONVERGED,1235,142,0.1855586,,7835,9.535189e-07,0.1739332,0,712,runaway,ran,,False,False,2,False
stocks-f10,hours.capacity*0.1,CONVERGED,CONVERGED,0,0,0.8549575,2895,2895,0.8572794,0.8572794,2,2,ran,ran,,True,True,291,True
stocks-f10,hours.capacity*10,CONVERGED,CONVERGED,0,0,0.8600272,2948,2948,0.846971,0.846971,0,0,ran,ran,,True,True,291,True
stocks-f10,own.maker*0.1,CONVERGED,CONVERGED,0,0,0.9541667,6279,6279,0.9572884,0.9572884,594,594,ran,ran,,True,True,291,True
stocks-f10,own.maker*10,CONVERGED,CONVERGED,0,0,1.0,5677,5677,1.0,1.0,0,0,ran,ran,,True,True,291,True
stocks-f10,finished.maker*0.1,CONVERGED,CONVERGED,0,0,0.9208672,2907,2907,0.9445948,0.9445948,0,0,ran,ran,,True,True,291,True
stocks-f10,finished.maker*10,CONVERGED,CONVERGED,12,24,0.231697,4010,3837,0.1105589,0.2264606,0,0,ran,ran,,False,False,2,False
stocks-f10,stock.fodder*0.1,CONVERGED,CONVERGED,0,0,0.9429174,2892,2892,0.9840845,0.9840845,3,3,ran,ran,,True,True,291,True
stocks-f10,stock.fodder*10,CONVERGED,CONVERGED,0,0,0.9231416,2338,2338,0.9691776,0.9691776,0,0,ran,ran,,True,True,291,True
tpy12-h1-modea,hold,ORBITING,ORBITING,0,0,0.6379303,,,0.7623042,0.7623042,0,0,ran,ran,,True,True,2669,True
tpy12-h1-T12,w*1.05,ORBITING,ORBITING,0,0,0.6391595,,,0.7659222,0.7659222,0,0,ran,ran,,True,True,2669,True
tpy12-h1-T12,r*1.05,DIVERGED,DIVERGED,0,0,0.6392112,,,0.7651803,0.7651803,0,0,ran,ran,the envelope grows: E4 > E3 > E2,True,True,2669,True
tpy12-h1-T12,p[fodder]*1.05,ORBITING,ORBITING,0,0,0.6388587,,,0.7651293,0.7651293,0,0,ran,ran,,True,True,2669,True
tpy12-h1-T12,p[horse]*1.05,ORBITING,ORBITING,0,0,0.637813,,,0.7622019,0.7622019,0,0,ran,ran,,True,True,2669,True
tpy12-h1-T12,p[traction]*1.05,ORBITING,ORBITING,0,0,0.6390335,,,0.7632312,0.7632312,0,0,ran,ran,,True,True,2669,True
tpy12-h1-T12,p[good]*1.05,ORBITING,ORBITING,0,0,0.6386533,,,0.7640232,0.7640232,0,0,ran,ran,,True,True,2669,True
tpy12-h1-T12,s*1.05,ORBITING,ORBITING,0,0,0.6387988,,,0.7654891,0.7654891,0,0,ran,ran,,True,True,2669,True
tpy12-h1-T12,JA(1.05),ORBITING,ORBITING,0,0,0.6392194,,,0.7645781,0.7645781,0,0,ran,ran,,True,True,2669,True
tpy12-h1-T12,JB(1.05),ORBITING,ORBITING,0,0,0.6387033,,,0.7640223,0.7640223,0,0,ran,ran,,True,True,2669,True
tpy12-h1-T12,N(1.05),DIVERGED,DIVERGED,0,0,0.6391407,,,0.7645308,0.7645308,0,0,ran,ran,the envelope grows: E4 > E3 > E2,True,True,2669,True
tpy12-h1-T12,w*0.95,ORBITING,ORBITING,0,0,0.6378356,,,0.7621916,0.7621916,0,0,ran,ran,,True,True,2669,True
tpy12-h1-T12,r*0.95,ORBITING,ORBITING,0,0,0.6390064,,,0.7649841,0.7649841,0,0,ran,ran,,True,True,2669,True
tpy12-h1-T12,p[fodder]*0.95,ORBITING,ORBITING,0,0,0.6386395,,,0.7634375,0.7634375,0,0,ran,ran,,True,True,2669,True
tpy12-h1-T12,p[horse]*0.95,ORBITING,ORBITING,0,0,0.6388976,,,0.765879,0.765879,0,0,ran,ran,,True,True,2669,True
tpy12-h1-T12,p[traction]*0.95,DIVERGED,DIVERGED,0,0,0.6391295,,,0.7646009,0.7646009,0,0,ran,ran,the envelope grows: E4 > E3 > E2,True,True,2669,True
tpy12-h1-T12,p[good]*0.95,ORBITING,ORBITING,0,0,0.6387383,,,0.7634823,0.7634823,0,0,ran,ran,,True,True,2669,True
tpy12-h1-T12,s*0.95,ORBITING,ORBITING,0,0,0.6391163,,,0.7664411,0.7664411,0,0,ran,ran,,True,True,2669,True
tpy12-h1-T12,JA(0.95),ORBITING,ORBITING,0,0,0.6391527,,,0.7658071,0.7658071,0,0,ran,ran,,True,True,2669,True
tpy12-h1-T12,JB(0.95),DIVERGED,DIVERGED,0,0,0.6391352,,,0.766521,0.766521,0,0,ran,ran,the envelope grows: E4 > E3 > E2,True,True,2669,True
tpy12-h1-T12,N(0.95),DIVERGED,DIVERGED,0,0,0.6391597,,,0.7666158,0.7666158,0,0,ran,ran,the envelope grows: E4 > E3 > E2,True,True,2669,True
tpy12-h1-T12,w*1.2,ORBITING,ORBITING,0,0,0.6388593,,,0.7649633,0.7649633,0,0,ran,ran,,True,True,2669,True
tpy12-h1-T12,r*1.2,ORBITING,ORBITING,0,0,0.5914587,,,0.6790951,0.6790951,20,20,ran,ran,,True,True,2669,True
tpy12-h1-T12,p[fodder]*1.2,ORBITING,ORBITING,0,0,0.6388572,,,0.7649765,0.7649765,0,0,ran,ran,,True,True,2669,True
tpy12-h1-T12,p[horse]*1.2,DIVERGED,DIVERGED,0,0,0.6386719,,,0.7643828,0.7643828,0,0,ran,ran,the envelope grows: E4 > E3 > E2,True,True,2669,True
tpy12-h1-T12,p[traction]*1.2,ORBITING,ORBITING,0,0,0.6391997,,,0.7638879,0.7638879,0,0,ran,ran,,True,True,2669,True
tpy12-h1-T12,p[good]*1.2,ORBITING,ORBITING,0,0,0.6389985,,,0.7656727,0.7656727,0,0,ran,ran,,True,True,2669,True
tpy12-h1-T12,s*1.2,ORBITING,ORBITING,0,0,0.639121,,,0.7653809,0.7653809,0,0,ran,ran,,True,True,2669,True
tpy12-h1-T12,JA(1.2),ORBITING,ORBITING,0,0,0.6391204,,,0.7646479,0.7646479,0,0,ran,ran,,True,True,2669,True
tpy12-h1-T12,JB(1.2),ORBITING,ORBITING,0,0,0.6391704,,,0.7655242,0.7655242,0,0,ran,ran,,True,True,2669,True
tpy12-h1-T12,N(1.2),ORBITING,ORBITING,0,0,0.6388751,,,0.709108,0.709108,0,0,ran,ran,,True,True,2669,True
tpy12-h1-T12,w*0.8,ORBITING,ORBITING,0,0,0.6385436,,,0.7637429,0.7637429,0,0,ran,ran,,True,True,2669,True
tpy12-h1-T12,r*0.8,DIVERGED,DIVERGED,0,0,0.6391591,,,0.7659543,0.7659543,0,0,ran,ran,the envelope grows: E4 > E3 > E2,True,True,2669,True
tpy12-h1-T12,p[fodder]*0.8,ORBITING,ORBITING,0,0,0.6389897,,,0.7658785,0.7658785,0,0,ran,ran,,True,True,2669,True
tpy12-h1-T12,p[horse]*0.8,ORBITING,ORBITING,0,0,0.6391691,,,0.764262,0.764262,0,0,ran,ran,,True,True,2669,True
tpy12-h1-T12,p[traction]*0.8,ORBITING,ORBITING,0,0,0.6379999,,,0.762287,0.762287,0,0,ran,ran,,True,True,2669,True
tpy12-h1-T12,p[good]*0.8,DIVERGED,DIVERGED,0,0,0.6390683,,,0.7570448,0.7570448,0,0,ran,ran,the envelope grows: E4 > E3 > E2,True,True,2669,True
tpy12-h1-T12,s*0.8,ORBITING,ORBITING,0,0,0.6381163,,,0.762572,0.762572,0,0,ran,ran,,True,True,2669,True
tpy12-h1-T12,JA(0.8),ORBITING,ORBITING,0,0,0.6390804,,,0.7306789,0.7306789,0,0,ran,ran,,True,True,2669,True
tpy12-h1-T12,JB(0.8),ORBITING,ORBITING,0,0,0.6387716,,,0.7481573,0.7481573,0,0,ran,ran,,True,True,2669,True
tpy12-h1-T12,N(0.8),ORBITING,ORBITING,0,0,0.6383484,,,0.7633122,0.7633122,0,0,ran,ran,,True,True,2669,True
tpy12-h1-T12,b*1.1@genesis,ORBITING,ORBITING,0,0,0.6364732,,,0.7666517,0.7666517,0,0,ran,ran,,True,True,2669,True
tpy12-h1-T12,b*1.1@dated,ORBITING,ORBITING,0,0,0.5585875,,,0.6780296,0.6780296,4,4,ran,ran,,True,True,3336,True
tpy12-h1-T12,b*0.9@genesis,ORBITING,ORBITING,0,0,0.5847639,,,0.7214893,0.7214893,0,0,ran,ran,,True,True,2669,True
tpy12-h1-T12,b*0.9@dated,ORBITING,ORBITING,0,0,0.5842245,,,0.7240413,0.7240413,0,0,ran,ran,,True,True,3336,True
tpy12-h2-modea,hold,DEAD,DEAD,0,0,0.2914865,,,0.2712831,0.2712831,5109,5109,ran,ran,,True,True,2502,True
tpy12-h2-T12,w*1.05,DEAD,DEAD,0,0,0.2753077,,,0.2661855,0.2661855,5262,5262,ran,ran,,True,True,2502,True
tpy12-h2-T12,r*1.05,DEAD,DEAD,0,0,0.2805396,,,0.2814457,0.2814457,5316,5316,ran,ran,,True,True,2502,True
tpy12-h2-T12,p[fodder]*1.05,DEAD,DEAD,0,0,0.290939,,,0.2754092,0.2754092,5305,5305,ran,ran,,True,True,2502,True
tpy12-h2-T12,p[horse]*1.05,DEAD,DEAD,0,0,0.2733731,,,0.2738244,0.2738244,5270,5270,ran,ran,,True,True,2502,True
tpy12-h2-T12,p[traction]*1.05,DEAD,DEAD,0,0,0.2749735,,,0.2740904,0.2740904,5291,5291,ran,ran,,True,True,2502,True
tpy12-h2-T12,p[good]*1.05,DEAD,DEAD,0,0,0.293303,,,0.2846526,0.2846526,5267,5267,ran,ran,,True,True,2502,True
tpy12-h2-T12,s*1.05,DEAD,DEAD,0,0,0.2944523,,,0.2691576,0.2691576,5272,5272,ran,ran,,True,True,2502,True
tpy12-h2-T12,JA(1.05),DEAD,DEAD,0,0,0.2675236,,,0.2543921,0.2543921,5311,5311,ran,ran,,True,True,2502,True
tpy12-h2-T12,JB(1.05),DEAD,DEAD,0,0,0.274345,,,0.2680089,0.2680089,5299,5299,ran,ran,,True,True,2502,True
tpy12-h2-T12,N(1.05),DEAD,DEAD,0,0,0.285214,,,0.2795412,0.2795412,5296,5296,ran,ran,,True,True,2502,True
tpy12-h2-T12,w*0.95,DEAD,DEAD,0,0,0.2784231,,,0.2689798,0.2689798,5288,5288,ran,ran,,True,True,2502,True
tpy12-h2-T12,r*0.95,DEAD,DEAD,0,0,0.2918381,,,0.2659339,0.2659339,5280,5280,ran,ran,,True,True,2502,True
tpy12-h2-T12,p[fodder]*0.95,DEAD,DEAD,0,0,0.2821133,,,0.2739172,0.2739172,5276,5276,ran,ran,,True,True,2502,True
tpy12-h2-T12,p[horse]*0.95,DEAD,DEAD,0,0,0.2871811,,,0.2645703,0.2645703,5279,5279,ran,ran,,True,True,2502,True
tpy12-h2-T12,p[traction]*0.95,DEAD,DEAD,0,0,0.2825818,,,0.2598455,0.2598455,5296,5296,ran,ran,,True,True,2502,True
tpy12-h2-T12,p[good]*0.95,DEAD,DEAD,0,0,0.2921499,,,0.2852106,0.2852106,5290,5290,ran,ran,,True,True,2502,True
tpy12-h2-T12,s*0.95,DEAD,DEAD,0,0,0.2868274,,,0.2743171,0.2743171,5279,5279,ran,ran,,True,True,2502,True
tpy12-h2-T12,JA(0.95),DEAD,DEAD,0,0,0.2749297,,,0.2613216,0.2613216,5288,5288,ran,ran,,True,True,2502,True
tpy12-h2-T12,JB(0.95),DEAD,DEAD,0,0,0.2857593,,,0.2628778,0.2628778,5269,5269,ran,ran,,True,True,2502,True
tpy12-h2-T12,N(0.95),DEAD,DEAD,0,0,0.2857142,,,0.263811,0.263811,5301,5301,ran,ran,,True,True,2502,True
tpy12-h2-T12,w*1.2,DEAD,DEAD,0,0,0.2721099,,,0.2660027,0.2660027,5279,5279,ran,ran,,True,True,2502,True
tpy12-h2-T12,r*1.2,DEAD,DEAD,1,2,0.2169624,,,0.1830812,0.2162619,5285,5291,ran,ran,,False,False,3,False
tpy12-h2-T12,p[fodder]*1.2,DEAD,DEAD,0,0,0.2874133,,,0.2609503,0.2609503,5295,5295,ran,ran,,True,True,2502,True
tpy12-h2-T12,p[horse]*1.2,DEAD,DEAD,0,0,0.2734454,,,0.258802,0.258802,5276,5276,ran,ran,,True,True,2502,True
tpy12-h2-T12,p[traction]*1.2,DEAD,DEAD,0,0,0.2831268,,,0.2613929,0.2613929,5291,5291,ran,ran,,True,True,2502,True
tpy12-h2-T12,p[good]*1.2,DEAD,DEAD,0,0,0.2771293,,,0.2645165,0.2645165,5311,5311,ran,ran,,True,True,2502,True
tpy12-h2-T12,s*1.2,DEAD,DEAD,0,0,0.2750834,,,0.2671885,0.2671885,5291,5291,ran,ran,,True,True,2502,True
tpy12-h2-T12,JA(1.2),DEAD,DEAD,0,0,0.2522356,,,0.2788757,0.2788757,5269,5269,ran,ran,,True,True,2502,True
tpy12-h2-T12,JB(1.2),DEAD,DEAD,0,0,0.2564507,,,0.2528314,0.2528314,5315,5315,ran,ran,,True,True,2502,True
tpy12-h2-T12,N(1.2),DEAD,DEAD,0,0,0.2710979,,,0.3351526,0.3351526,5292,5292,ran,ran,,True,True,2502,True
tpy12-h2-T12,w*0.8,DEAD,DEAD,0,0,0.2914906,,,0.290848,0.290848,5283,5283,ran,ran,,True,True,2502,True
tpy12-h2-T12,r*0.8,DEAD,DEAD,0,0,0.2633656,,,0.2894711,0.2894711,5300,5300,ran,ran,,True,True,2502,True
tpy12-h2-T12,p[fodder]*0.8,DEAD,DEAD,0,0,0.2910317,,,0.2713895,0.2713895,5286,5286,ran,ran,,True,True,2502,True
tpy12-h2-T12,p[horse]*0.8,DEAD,DEAD,0,0,0.2731724,,,0.2732142,0.2732142,5285,5285,ran,ran,,True,True,2502,True
tpy12-h2-T12,p[traction]*0.8,DEAD,DEAD,0,0,0.2719661,,,0.2629458,0.2629458,5275,5275,ran,ran,,True,True,2502,True
tpy12-h2-T12,p[good]*0.8,DEAD,DEAD,0,0,0.2826318,,,0.2866943,0.2866943,5299,5299,ran,ran,,True,True,2502,True
tpy12-h2-T12,s*0.8,DEAD,DEAD,0,0,0.2676907,,,0.2542853,0.2542853,5277,5277,ran,ran,,True,True,2502,True
tpy12-h2-T12,JA(0.8),DEAD,DEAD,0,0,0.259979,,,0.2636965,0.2636965,5321,5321,ran,ran,,True,True,2502,True
tpy12-h2-T12,JB(0.8),DEAD,DEAD,0,0,0.2840246,,,0.2884276,0.2884276,5305,5305,ran,ran,,True,True,2502,True
tpy12-h2-T12,N(0.8),DEAD,DEAD,0,0,0.296719,,,0.3241419,0.3241419,5270,5270,ran,ran,,True,True,2502,True
tpy12-h2-T12,b*1.1@genesis,DEAD,DEAD,0,0,0.2935074,,,0.2958718,0.2958718,5425,5425,ran,ran,,True,True,2502,True
tpy12-h2-T12,b*1.1@dated,DEAD,DEAD,0,0,0.288066,,,0.3634703,0.3634703,5398,5398,ran,ran,,True,True,3127,True
tpy12-h2-T12,b*0.9@genesis,DEAD,DEAD,0,0,0.2903252,,,0.2850366,0.2850366,5107,5107,ran,ran,,True,True,2502,True
tpy12-h2-T12,b*0.9@dated,DEAD,DEAD,0,0,0.2935992,,,0.3845183,0.3845183,5099,5099,ran,ran,,True,True,3127,True
tpy12-h3-modea,hold,ORBITING,ORBITING,0,0,0.6382291,,,0.7625279,0.7625279,0,0,ran,ran,,True,True,2669,True
tpy12-h3-T12,w*1.05,ORBITING,ORBITING,0,0,0.6380893,,,0.7625729,0.7625729,0,0,ran,ran,,True,True,2669,True
tpy12-h3-T12,r*1.05,ORBITING,ORBITING,0,0,0.6382154,,,0.7624689,0.7624689,0,0,ran,ran,,True,True,2669,True
tpy12-h3-T12,p[fodder]*1.05,DIVERGED,DIVERGED,0,0,0.6381579,,,0.7624944,0.7624944,0,0,ran,ran,the envelope grows: E4 > E3 > E2,True,True,2669,True
tpy12-h3-T12,p[horse]*1.05,ORBITING,ORBITING,0,0,0.6382628,,,0.7624722,0.7624722,0,0,ran,ran,,True,True,2669,True
tpy12-h3-T12,p[traction]*1.05,ORBITING,ORBITING,0,0,0.6383928,,,0.7626642,0.7626642,0,0,ran,ran,,True,True,2669,True
tpy12-h3-T12,p[good]*1.05,ORBITING,ORBITING,0,0,0.6383107,,,0.7625786,0.7625786,0,0,ran,ran,,True,True,2669,True
tpy12-h3-T12,s*1.05,ORBITING,ORBITING,0,0,0.6382053,,,0.762467,0.762467,0,0,ran,ran,,True,True,2669,True
tpy12-h3-T12,JA(1.05),ORBITING,ORBITING,0,0,0.6382306,,,0.7624199,0.7624199,0,0,ran,ran,,True,True,2669,True
tpy12-h3-T12,JB(1.05),ORBITING,ORBITING,0,0,0.6383356,,,0.7625223,0.7625223,0,0,ran,ran,,True,True,2669,True
tpy12-h3-T12,N(1.05),ORBITING,ORBITING,0,0,0.6382326,,,0.7623551,0.7623551,0,0,ran,ran,,True,True,2669,True
tpy12-h3-T12,w*0.95,ORBITING,ORBITING,0,0,0.6381242,,,0.7625956,0.7625956,0,0,ran,ran,,True,True,2669,True
tpy12-h3-T12,r*0.95,DIVERGED,DIVERGED,0,0,0.6377627,,,0.7622225,0.7622225,0,0,ran,ran,the envelope grows: E4 > E3 > E2,True,True,2669,True
tpy12-h3-T12,p[fodder]*0.95,DIVERGED,DIVERGED,0,0,0.6382557,,,0.7625871,0.7625871,0,0,ran,ran,the envelope grows: E4 > E3 > E2,True,True,2669,True
tpy12-h3-T12,p[horse]*0.95,ORBITING,ORBITING,0,0,0.6383291,,,0.7625629,0.7625629,0,0,ran,ran,,True,True,2669,True
tpy12-h3-T12,p[traction]*0.95,ORBITING,ORBITING,0,0,0.638181,,,0.7623648,0.7623648,0,0,ran,ran,,True,True,2669,True
tpy12-h3-T12,p[good]*0.95,ORBITING,ORBITING,0,0,0.6380869,,,0.7622292,0.7622292,0,0,ran,ran,,True,True,2669,True
tpy12-h3-T12,s*0.95,ORBITING,ORBITING,0,0,0.6381765,,,0.7625943,0.7625943,0,0,ran,ran,,True,True,2669,True
tpy12-h3-T12,JA(0.95),ORBITING,ORBITING,0,0,0.6382887,,,0.7625732,0.7625732,0,0,ran,ran,,True,True,2669,True
tpy12-h3-T12,JB(0.95),DIVERGED,DIVERGED,0,0,0.6381986,,,0.7622929,0.7622929,0,0,ran,ran,the envelope grows: E4 > E3 > E2,True,True,2669,True
tpy12-h3-T12,N(0.95),ORBITING,ORBITING,0,0,0.6383597,,,0.7625385,0.7625385,0,0,ran,ran,,True,True,2669,True
tpy12-h3-T12,w*1.2,ORBITING,ORBITING,0,0,0.6381866,,,0.7625022,0.7625022,0,0,ran,ran,,True,True,2669,True
tpy12-h3-T12,r*1.2,DIVERGED,DIVERGED,0,0,0.5902814,,,0.6831853,0.6831853,26,26,ran,ran,the envelope grows: E4 > E3 > E2,True,True,2669,True
tpy12-h3-T12,p[fodder]*1.2,DIVERGED,DIVERGED,0,0,0.6381919,,,0.7624715,0.7624715,0,0,ran,ran,the envelope grows: E4 > E3 > E2,True,True,2669,True
tpy12-h3-T12,p[horse]*1.2,ORBITING,ORBITING,0,0,0.6382723,,,0.7624758,0.7624758,0,0,ran,ran,,True,True,2669,True
tpy12-h3-T12,p[traction]*1.2,ORBITING,ORBITING,0,0,0.6380884,,,0.7623449,0.7623449,0,0,ran,ran,,True,True,2669,True
tpy12-h3-T12,p[good]*1.2,ORBITING,ORBITING,0,0,0.6382339,,,0.7625184,0.7625184,0,0,ran,ran,,True,True,2669,True
tpy12-h3-T12,s*1.2,ORBITING,ORBITING,0,0,0.6382769,,,0.7624395,0.7624395,0,0,ran,ran,,True,True,2669,True
tpy12-h3-T12,JA(1.2),ORBITING,ORBITING,0,0,0.6381695,,,0.7624039,0.7624039,0,0,ran,ran,,True,True,2669,True
tpy12-h3-T12,JB(1.2),DIVERGED,DIVERGED,0,0,0.6382874,,,0.7624946,0.7624946,0,0,ran,ran,the envelope grows: E4 > E3 > E2,True,True,2669,True
tpy12-h3-T12,N(1.2),ORBITING,ORBITING,0,0,0.6380474,,,0.7084953,0.7084953,0,0,ran,ran,,True,True,2669,True
tpy12-h3-T12,w*0.8,ORBITING,ORBITING,0,0,0.6378574,,,0.7617916,0.7617916,0,0,ran,ran,,True,True,2669,True
tpy12-h3-T12,r*0.8,ORBITING,ORBITING,0,0,0.6382952,,,0.7624277,0.7624277,0,0,ran,ran,,True,True,2669,True
tpy12-h3-T12,p[fodder]*0.8,ORBITING,ORBITING,0,0,0.6382224,,,0.7624591,0.7624591,0,0,ran,ran,,True,True,2669,True
tpy12-h3-T12,p[horse]*0.8,ORBITING,ORBITING,0,0,0.6382659,,,0.7625485,0.7625485,0,0,ran,ran,,True,True,2669,True
tpy12-h3-T12,p[traction]*0.8,DIVERGED,DIVERGED,0,0,0.6382737,,,0.7624913,0.7624913,0,0,ran,ran,the envelope grows: E4 > E3 > E2,True,True,2669,True
tpy12-h3-T12,p[good]*0.8,ORBITING,ORBITING,0,0,0.6382927,,,0.7517263,0.7517263,0,0,ran,ran,,True,True,2669,True
tpy12-h3-T12,s*0.8,ORBITING,ORBITING,0,0,0.6383198,,,0.76259,0.76259,0,0,ran,ran,,True,True,2669,True
tpy12-h3-T12,JA(0.8),ORBITING,ORBITING,0,0,0.6382783,,,0.7295916,0.7295916,0,0,ran,ran,,True,True,2669,True
tpy12-h3-T12,JB(0.8),ORBITING,ORBITING,0,0,0.6382345,,,0.7398743,0.7398743,0,0,ran,ran,,True,True,2669,True
tpy12-h3-T12,N(0.8),ORBITING,ORBITING,0,0,0.6378,,,0.76176,0.76176,0,0,ran,ran,,True,True,2669,True
tpy12-h3-T12,b*1.1@genesis,ORBITING,ORBITING,0,0,0.6367168,,,0.7664664,0.7664664,0,0,ran,ran,,True,True,2669,True
tpy12-h3-T12,b*1.1@dated,ORBITING,ORBITING,0,0,0.5892789,,,0.7035523,0.7035523,1,1,ran,ran,,True,True,3336,True
tpy12-h3-T12,b*0.9@genesis,ORBITING,ORBITING,0,0,0.5847245,,,0.7198104,0.7198104,0,0,ran,ran,,True,True,2669,True
tpy12-h3-T12,b*0.9@dated,ORBITING,ORBITING,0,0,0.5855467,,,0.7203189,0.7203189,0,0,ran,ran,,True,True,3336,True
tpy12-h4-modea,hold,DEAD,DEAD,0,0,0.2720809,,,0.2522326,0.2522326,5123,5123,ran,ran,,True,True,2502,True
tpy12-h4-T12,w*1.05,DEAD,DEAD,0,0,0.2596371,,,0.2552815,0.2552815,5276,5276,ran,ran,,True,True,2502,True
tpy12-h4-T12,r*1.05,DEAD,DEAD,0,0,0.264492,,,0.2758944,0.2758944,5292,5292,ran,ran,,True,True,2502,True
tpy12-h4-T12,p[fodder]*1.05,DEAD,DEAD,0,0,0.2659818,,,0.2663314,0.2663314,5295,5295,ran,ran,,True,True,2502,True
tpy12-h4-T12,p[horse]*1.05,DEAD,DEAD,0,0,0.266333,,,0.2597959,0.2597959,5316,5316,ran,ran,,True,True,2502,True
tpy12-h4-T12,p[traction]*1.05,DEAD,DEAD,0,0,0.2677062,,,0.2665335,0.2665335,5323,5323,ran,ran,,True,True,2502,True
tpy12-h4-T12,p[good]*1.05,DEAD,DEAD,0,0,0.2950013,,,0.280709,0.280709,5305,5305,ran,ran,,True,True,2502,True
tpy12-h4-T12,s*1.05,DEAD,DEAD,0,0,0.2867083,,,0.2637866,0.2637866,5275,5275,ran,ran,,True,True,2502,True
tpy12-h4-T12,JA(1.05),DEAD,DEAD,0,0,0.2600926,,,0.2482848,0.2482848,5303,5303,ran,ran,,True,True,2502,True
tpy12-h4-T12,JB(1.05),DEAD,DEAD,0,0,0.2687658,,,0.2620732,0.2620732,5333,5333,ran,ran,,True,True,2502,True
tpy12-h4-T12,N(1.05),DEAD,DEAD,0,0,0.2778814,,,0.2720224,0.2720224,5329,5329,ran,ran,,True,True,2502,True
tpy12-h4-T12,w*0.95,DEAD,DEAD,0,0,0.2696972,,,0.2633955,0.2633955,5325,5325,ran,ran,,True,True,2502,True
tpy12-h4-T12,r*0.95,DEAD,DEAD,0,0,0.2844898,,,0.2588396,0.2588396,5329,5329,ran,ran,,True,True,2502,True
tpy12-h4-T12,p[fodder]*0.95,DEAD,DEAD,0,0,0.272351,,,0.2650354,0.2650354,5282,5282,ran,ran,,True,True,2502,True
tpy12-h4-T12,p[horse]*0.95,DEAD,DEAD,0,0,0.2817306,,,0.2588664,0.2588664,5309,5309,ran,ran,,True,True,2502,True
tpy12-h4-T12,p[traction]*0.95,DEAD,DEAD,0,0,0.2769085,,,0.2530279,0.2530279,5334,5334,ran,ran,,True,True,2502,True
tpy12-h4-T12,p[good]*0.95,DEAD,DEAD,0,0,0.2908927,,,0.280491,0.280491,5301,5301,ran,ran,,True,True,2502,True
tpy12-h4-T12,s*0.95,DEAD,DEAD,0,0,0.2800786,,,0.2705733,0.2705733,5276,5276,ran,ran,,True,True,2502,True
tpy12-h4-T12,JA(0.95),DEAD,DEAD,0,0,0.2687057,,,0.2535247,0.2535247,5302,5302,ran,ran,,True,True,2502,True
tpy12-h4-T12,JB(0.95),DEAD,DEAD,0,0,0.2767299,,,0.2576104,0.2576104,5285,5285,ran,ran,,True,True,2502,True
tpy12-h4-T12,N(0.95),DEAD,DEAD,0,0,0.2775694,,,0.2573393,0.2573393,5333,5333,ran,ran,,True,True,2502,True
tpy12-h4-T12,w*1.2,DEAD,DEAD,0,0,0.2665042,,,0.2647896,0.2647896,5278,5278,ran,ran,,True,True,2502,True
tpy12-h4-T12,r*1.2,DEAD,DEAD,3,6,0.2127785,,,0.1785994,0.2121028,5276,5294,ran,ran,,False,False,3,False
tpy12-h4-T12,p[fodder]*1.2,DEAD,DEAD,0,0,0.2766761,,,0.2543904,0.2543904,5310,5310,ran,ran,,True,True,2502,True
tpy12-h4-T12,p[horse]*1.2,DEAD,DEAD,0,0,0.2647501,,,0.2575367,0.2575367,5266,5266,ran,ran,,True,True,2502,True
tpy12-h4-T12,p[traction]*1.2,DEAD,DEAD,0,0,0.2748715,,,0.2563461,0.2563461,5293,5293,ran,ran,,True,True,2502,True
tpy12-h4-T12,p[good]*1.2,DEAD,DEAD,0,0,0.2717363,,,0.2588523,0.2588523,5329,5329,ran,ran,,True,True,2502,True
tpy12-h4-T12,s*1.2,DEAD,DEAD,0,0,0.2603074,,,0.2609912,0.2609912,5288,5288,ran,ran,,True,True,2502,True
tpy12-h4-T12,JA(1.2),DEAD,DEAD,0,0,0.2848406,,,0.2729493,0.2729493,5315,5315,ran,ran,,True,True,2502,True
tpy12-h4-T12,JB(1.2),DEAD,DEAD,0,0,0.2503775,,,0.2481245,0.2481245,5313,5313,ran,ran,,True,True,2502,True
tpy12-h4-T12,N(1.2),DEAD,DEAD,1,2,0.2389559,,,0.222946,0.2948816,5296,5306,ran,ran,,False,False,66,False
tpy12-h4-T12,w*0.8,DEAD,DEAD,0,0,0.2929651,,,0.2844717,0.2844717,5278,5278,ran,ran,,True,True,2502,True
tpy12-h4-T12,r*0.8,DEAD,DEAD,0,0,0.2908909,,,0.3130342,0.3130342,5331,5331,ran,ran,,True,True,2502,True
tpy12-h4-T12,p[fodder]*0.8,DEAD,DEAD,0,0,0.2914676,,,0.2662512,0.2662512,5340,5340,ran,ran,,True,True,2502,True
tpy12-h4-T12,p[horse]*0.8,DEAD,DEAD,0,0,0.2660827,,,0.2661717,0.2661717,5271,5271,ran,ran,,True,True,2502,True
tpy12-h4-T12,p[traction]*0.8,DEAD,DEAD,0,0,0.2647733,,,0.2562779,0.2562779,5309,5309,ran,ran,,True,True,2502,True
tpy12-h4-T12,p[good]*0.8,DEAD,DEAD,0,0,0.277916,,,0.2813462,0.2813462,5327,5327,ran,ran,,True,True,2502,True
tpy12-h4-T12,s*0.8,DEAD,DEAD,0,0,0.2619408,,,0.2481458,0.2481458,5312,5312,ran,ran,,True,True,2502,True
tpy12-h4-T12,JA(0.8),DEAD,DEAD,0,0,0.2553376,,,0.2573065,0.2573065,5326,5326,ran,ran,,True,True,2502,True
tpy12-h4-T12,JB(0.8),DEAD,DEAD,0,0,0.2867792,,,0.2812428,0.2812428,5315,5315,ran,ran,,True,True,2502,True
tpy12-h4-T12,N(0.8),DEAD,DEAD,0,0,0.2845984,,,0.2925345,0.2925345,5316,5316,ran,ran,,True,True,2502,True
tpy12-h4-T12,b*1.1@genesis,DEAD,DEAD,0,0,0.2719389,,,0.2864118,0.2864118,5415,5415,ran,ran,,True,True,2502,True
tpy12-h4-T12,b*1.1@dated,DEAD,DEAD,0,0,0.262921,,,0.3295051,0.3295051,5446,5446,ran,ran,,True,True,3127,True
tpy12-h4-T12,b*0.9@genesis,DEAD,DEAD,0,0,0.2883597,,,0.2904428,0.2904428,5108,5108,ran,ran,,True,True,2502,True
tpy12-h4-T12,b*0.9@dated,DEAD,DEAD,0,0,0.2920089,,,0.3859535,0.3859535,5100,5100,ran,ran,,True,True,3127,True
tpy24-h1-modea,hold,CONVERGED,CONVERGED,0,0,1.0,0,0,1.0,1.0,0,0,ran,ran,,True,True,2836,True
tpy24-h1-T12,w*1.05,CONVERGED,CONVERGED,0,0,0.9952913,533,533,0.9995671,0.9995671,0,0,ran,ran,,True,True,2836,True
tpy24-h1-T12,r*1.05,CONVERGED,CONVERGED,0,0,0.9635434,1662,1662,0.9497248,0.9497248,0,0,ran,ran,,True,True,2836,True
tpy24-h1-T12,p[fodder]*1.05,CONVERGED,CONVERGED,0,0,0.9659767,890,890,0.9746531,0.9746531,0,0,ran,ran,,True,True,2836,True
tpy24-h1-T12,p[horse]*1.05,CONVERGED,CONVERGED,0,0,0.9801512,133,133,0.9798783,0.9798783,0,0,ran,ran,,True,True,2836,True
tpy24-h1-T12,p[traction]*1.05,CONVERGED,CONVERGED,0,0,0.9937517,819,819,0.9941893,0.9941893,0,0,ran,ran,,True,True,2836,True
tpy24-h1-T12,p[good]*1.05,CONVERGED,CONVERGED,0,0,0.9998302,685,685,0.9999466,0.9999466,0,0,ran,ran,,True,True,2836,True
tpy24-h1-T12,s*1.05,CONVERGED,CONVERGED,0,0,0.9992855,553,553,0.9999814,0.9999814,0,0,ran,ran,,True,True,2836,True
tpy24-h1-T12,JA(1.05),CONVERGED,CONVERGED,0,0,0.9436032,856,856,0.9546358,0.9546358,0,0,ran,ran,,True,True,2836,True
tpy24-h1-T12,JB(1.05),CONVERGED,CONVERGED,0,0,0.9573768,1047,1047,0.952381,0.952381,0,0,ran,ran,,True,True,2836,True
tpy24-h1-T12,N(1.05),CONVERGED,CONVERGED,0,0,0.9243196,1687,1687,0.9229215,0.9229215,0,0,ran,ran,,True,True,2836,True
tpy24-h1-T12,w*0.95,CONVERGED,CONVERGED,0,0,0.9905612,854,854,0.9929652,0.9929652,0,0,ran,ran,,True,True,2836,True
tpy24-h1-T12,r*0.95,CONVERGED,CONVERGED,0,0,0.9985512,1329,1329,0.9990665,0.9990665,0,0,ran,ran,,True,True,2836,True
tpy24-h1-T12,p[fodder]*0.95,CONVERGED,CONVERGED,0,0,0.9845999,1018,1018,0.9993857,0.9993857,0,0,ran,ran,,True,True,2836,True
tpy24-h1-T12,p[horse]*0.95,CONVERGED,CONVERGED,0,0,0.95,662,662,0.95,0.95,0,0,ran,ran,,True,True,2836,True
tpy24-h1-T12,p[traction]*0.95,CONVERGED,CONVERGED,0,0,0.9724781,894,894,0.9702397,0.9702397,0,0,ran,ran,,True,True,2836,True
tpy24-h1-T12,p[good]*0.95,CONVERGED,CONVERGED,0,0,0.9723126,1141,1141,0.9754413,0.9754413,0,0,ran,ran,,True,True,2836,True
tpy24-h1-T12,s*0.95,CONVERGED,CONVERGED,0,0,0.9998825,257,257,0.9999859,0.9999859,0,0,ran,ran,,True,True,2836,True
tpy24-h1-T12,JA(0.95),CONVERGED,CONVERGED,0,0,0.963461,1145,1145,0.95,0.95,0,0,ran,ran,,True,True,2836,True
tpy24-h1-T12,JB(0.95),CONVERGED,CONVERGED,0,0,0.9769854,1187,1187,0.987152,0.987152,0,0,ran,ran,,True,True,2836,True
tpy24-h1-T12,N(0.95),CONVERGED,CONVERGED,0,0,0.9986186,1322,1322,0.9991218,0.9991218,0,0,ran,ran,,True,True,2836,True
tpy24-h1-T12,w*1.2,CONVERGED,CONVERGED,0,0,0.9814277,865,865,0.9983038,0.9983038,0,0,ran,ran,,True,True,2836,True
tpy24-h1-T12,r*1.2,CONVERGED,CONVERGED,0,0,0.8356696,1968,1968,0.8252464,0.8252464,0,0,ran,ran,,True,True,2836,True
tpy24-h1-T12,p[fodder]*1.2,CONVERGED,CONVERGED,0,0,0.8722909,1192,1192,0.9032853,0.9032853,0,0,ran,ran,,True,True,2836,True
tpy24-h1-T12,p[horse]*1.2,CONVERGED,CONVERGED,0,0,0.9426147,687,687,0.9414062,0.9414062,0,0,ran,ran,,True,True,2836,True
tpy24-h1-T12,p[traction]*1.2,CONVERGED,CONVERGED,0,0,0.9718922,1129,1129,0.9747312,0.9747312,0,0,ran,ran,,True,True,2836,True
tpy24-h1-T12,p[good]*1.2,CONVERGED,CONVERGED,0,0,0.9993389,983,983,0.9997999,0.9997999,0,0,ran,ran,,True,True,2836,True
tpy24-h1-T12,s*1.2,CONVERGED,CONVERGED,0,0,0.9973958,916,916,0.9999273,0.9999273,0,0,ran,ran,,True,True,2836,True
tpy24-h1-T12,JA(1.2),CONVERGED,CONVERGED,0,0,0.8296251,1152,1152,0.8626773,0.8626773,0,0,ran,ran,,True,True,2836,True
tpy24-h1-T12,JB(1.2),CONVERGED,CONVERGED,0,0,0.8467962,1333,1333,0.8333333,0.8333333,0,0,ran,ran,,True,True,2836,True
tpy24-h1-T12,N(1.2),CONVERGED,CONVERGED,0,0,0.7565395,1993,1993,0.7540897,0.7540897,0,0,ran,ran,,True,True,2836,True
tpy24-h1-T12,w*0.8,CONVERGED,CONVERGED,0,0,0.9577136,1195,1195,0.9681852,0.9681852,0,0,ran,ran,,True,True,2836,True
tpy24-h1-T12,r*0.8,CONVERGED,CONVERGED,0,0,0.9942321,1677,1677,0.9963356,0.9963356,0,0,ran,ran,,True,True,2836,True
tpy24-h1-T12,p[fodder]*0.8,CONVERGED,CONVERGED,0,0,0.9401372,1345,1345,0.9994718,0.9994718,0,0,ran,ran,,True,True,2836,True
tpy24-h1-T12,p[horse]*0.8,CONVERGED,CONVERGED,0,0,0.8,1010,1010,0.8,0.8,0,0,ran,ran,,True,True,2836,True
tpy24-h1-T12,p[traction]*0.8,CONVERGED,CONVERGED,0,0,0.8900068,1236,1236,0.8823767,0.8823767,0,0,ran,ran,,True,True,2836,True
tpy24-h1-T12,p[good]*0.8,CONVERGED,CONVERGED,0,0,0.8737633,1477,1477,0.8838662,0.8838662,0,0,ran,ran,,True,True,2836,True
tpy24-h1-T12,s*0.8,CONVERGED,CONVERGED,0,0,0.9989219,817,817,0.9999431,0.9999431,0,0,ran,ran,,True,True,2836,True
tpy24-h1-T12,JA(0.8),CONVERGED,CONVERGED,0,0,0.8412151,1486,1486,0.8,0.8,0,0,ran,ran,,True,True,2836,True
tpy24-h1-T12,JB(0.8),CONVERGED,CONVERGED,0,0,0.8962764,1551,1551,0.9458699,0.9458699,0,0,ran,ran,,True,True,2836,True
tpy24-h1-T12,N(0.8),CONVERGED,CONVERGED,0,0,0.994505,1671,1671,0.9964346,0.9964346,0,0,ran,ran,,True,True,2836,True
tpy24-h1-T12,b*1.1@genesis,CONVERGED,CONVERGED,0,0,0.9303898,1626,1626,0.9047434,0.9047434,0,0,ran,ran,,True,True,2836,True
tpy24-h1-T12,b*1.1@dated,CONVERGED,CONVERGED,0,0,0.9303898,1627,1627,0.9047434,0.9047434,0,0,ran,ran,,True,True,3544,True
tpy24-h1-T12,b*0.9@genesis,CONVERGED,CONVERGED,0,0,0.998027,1560,1560,0.9987278,0.9987278,0,0,ran,ran,,True,True,2836,True
tpy24-h1-T12,b*0.9@dated,CONVERGED,CONVERGED,0,0,0.998027,1560,1560,0.9987278,0.9987278,0,0,ran,ran,,True,True,3544,True
tpy24-h2-modea,hold,CONVERGED,CONVERGED,0,0,1.0,0,0,1.0,1.0,0,0,ran,ran,,True,True,2752,True
tpy24-h2-T12,w*1.05,ORBITING,ORBITING,0,0,0.3933651,,,0.4354353,0.4354353,0,0,ran,ran,,True,True,2752,True
tpy24-h2-T12,r*1.05,ORBITING,ORBITING,0,0,0.37381,,,0.4065262,0.4065262,0,0,ran,ran,,True,True,2752,True
tpy24-h2-T12,p[fodder]*1.05,DIVERGED,DIVERGED,0,0,0.3933651,,,0.4354353,0.4354353,0,0,ran,ran,the envelope grows: E4 > E3 > E2,True,True,2752,True
tpy24-h2-T12,p[horse]*1.05,DIVERGED,DIVERGED,0,0,0.3933651,,,0.4354353,0.4354353,0,0,ran,ran,the envelope grows: E4 > E3 > E2,True,True,2752,True
tpy24-h2-T12,p[traction]*1.05,ORBITING,ORBITING,0,0,0.3933651,,,0.4354353,0.4354353,0,0,ran,ran,,True,True,2752,True
tpy24-h2-T12,p[good]*1.05,ORBITING,ORBITING,0,0,0.3933651,,,0.4354353,0.4354353,0,0,ran,ran,,True,True,2752,True
tpy24-h2-T12,s*1.05,DIVERGED,DIVERGED,0,0,0.3933651,,,0.4354353,0.4354353,0,0,ran,ran,the envelope grows: E4 > E3 > E2,True,True,2752,True
tpy24-h2-T12,JA(1.05),DIVERGED,DIVERGED,0,0,0.3933651,,,0.4354353,0.4354353,0,0,ran,ran,the envelope grows: E4 > E3 > E2,True,True,2752,True
tpy24-h2-T12,JB(1.05),DIVERGED,DIVERGED,0,0,0.3907205,,,0.4294669,0.4294669,0,0,ran,ran,the envelope grows: E4 > E3 > E2,True,True,2752,True
tpy24-h2-T12,N(1.05),ORBITING,ORBITING,0,0,0.3933651,,,0.4354353,0.4354353,0,0,ran,ran,,True,True,2752,True
tpy24-h2-T12,w*0.95,ORBITING,ORBITING,0,0,0.3933651,,,0.4354353,0.4354353,0,0,ran,ran,,True,True,2752,True
tpy24-h2-T12,r*0.95,DIVERGED,DIVERGED,0,0,0.3561676,,,0.3966292,0.3966292,0,0,ran,ran,the envelope grows: E4 > E3 > E2,True,True,2752,True
tpy24-h2-T12,p[fodder]*0.95,DIVERGED,DIVERGED,0,0,0.3933651,,,0.4354353,0.4354353,0,0,ran,ran,the envelope grows: E4 > E3 > E2,True,True,2752,True
tpy24-h2-T12,p[horse]*0.95,ORBITING,ORBITING,0,0,0.3933651,,,0.4354353,0.4354353,0,0,ran,ran,,True,True,2752,True
tpy24-h2-T12,p[traction]*0.95,ORBITING,ORBITING,0,0,0.3933651,,,0.4354353,0.4354353,0,0,ran,ran,,True,True,2752,True
tpy24-h2-T12,p[good]*0.95,ORBITING,ORBITING,0,0,0.3745293,,,0.4085177,0.4085177,0,0,ran,ran,,True,True,2752,True
tpy24-h2-T12,s*0.95,ORBITING,ORBITING,0,0,0.3933651,,,0.4354353,0.4354353,0,0,ran,ran,,True,True,2752,True
tpy24-h2-T12,JA(0.95),ORBITING,ORBITING,0,0,0.3649029,,,0.3969538,0.3969538,0,0,ran,ran,,True,True,2752,True
tpy24-h2-T12,JB(0.95),ORBITING,ORBITING,0,0,0.3719428,,,0.4128507,0.4128507,0,0,ran,ran,,True,True,2752,True
tpy24-h2-T12,N(0.95),ORBITING,ORBITING,0,0,0.3723086,,,0.4061444,0.4061444,0,0,ran,ran,,True,True,2752,True
tpy24-h2-T12,w*1.2,DIVERGED,DIVERGED,0,0,0.3933651,,,0.4354353,0.4354353,0,0,ran,ran,the envelope grows: E4 > E3 > E2,True,True,2752,True
tpy24-h2-T12,r*1.2,ORBITING,ORBITING,0,0,0.2964548,,,0.2965933,0.2965933,0,0,ran,ran,,True,True,2752,True
tpy24-h2-T12,p[fodder]*1.2,ORBITING,ORBITING,0,0,0.4008664,,,0.4369814,0.4369814,0,0,ran,ran,,True,True,2752,True
tpy24-h2-T12,p[horse]*1.2,ORBITING,ORBITING,0,0,0.3933651,,,0.4354353,0.4354353,0,0,ran,ran,,True,True,2752,True
tpy24-h2-T12,p[traction]*1.2,DIVERGED,DIVERGED,0,0,0.3788799,,,0.4189108,0.4189108,0,0,ran,ran,the envelope grows: E4 > E3 > E2,True,True,2752,True
tpy24-h2-T12,p[good]*1.2,ORBITING,ORBITING,0,0,0.3933651,,,0.4354353,0.4354353,0,0,ran,ran,,True,True,2752,True
tpy24-h2-T12,s*1.2,ORBITING,ORBITING,0,0,0.3933651,,,0.4354353,0.4354353,0,0,ran,ran,,True,True,2752,True
tpy24-h2-T12,JA(1.2),DIVERGED,DIVERGED,0,0,0.4062694,,,0.4428656,0.4428656,0,0,ran,ran,the envelope grows: E4 > E3 > E2,True,True,2752,True
tpy24-h2-T12,JB(1.2),ORBITING,ORBITING,0,0,0.4046836,,,0.4374215,0.4374215,0,0,ran,ran,,True,True,2752,True
tpy24-h2-T12,N(1.2),ORBITING,ORBITING,0,0,0.509322,,,0.5574182,0.5574182,0,0,ran,ran,,True,True,2752,True
tpy24-h2-T12,w*0.8,ORBITING,ORBITING,0,0,0.3933651,,,0.4354353,0.4354353,0,0,ran,ran,,True,True,2752,True
tpy24-h2-T12,r*0.8,ORBITING,ORBITING,0,0,0.5705805,,,0.6226116,0.6226116,0,0,ran,ran,,True,True,2752,True
tpy24-h2-T12,p[fodder]*0.8,ORBITING,ORBITING,0,0,0.4731987,,,0.5159333,0.5159333,0,0,ran,ran,,True,True,2752,True
tpy24-h2-T12,p[horse]*0.8,ORBITING,ORBITING,0,0,0.3933651,,,0.4354353,0.4354353,0,0,ran,ran,,True,True,2752,True
tpy24-h2-T12,p[traction]*0.8,ORBITING,ORBITING,0,0,0.4004324,,,0.4305701,0.4305701,0,0,ran,ran,,True,True,2752,True
tpy24-h2-T12,p[good]*0.8,ORBITING,ORBITING,0,0,0.4633299,,,0.5016467,0.5016467,0,0,ran,ran,,True,True,2752,True
tpy24-h2-T12,s*0.8,ORBITING,ORBITING,0,0,0.3933651,,,0.4354353,0.4354353,0,0,ran,ran,,True,True,2752,True
tpy24-h2-T12,JA(0.8),ORBITING,ORBITING,0,0,0.3797489,,,0.4107128,0.4107128,0,0,ran,ran,,True,True,2752,True
tpy24-h2-T12,JB(0.8),ORBITING,ORBITING,0,0,0.4669548,,,0.5076198,0.5076198,0,0,ran,ran,,True,True,2752,True
tpy24-h2-T12,N(0.8),ORBITING,ORBITING,0,0,0.5374373,,,0.5882734,0.5882734,0,0,ran,ran,,True,True,2752,True
tpy24-h2-T12,b*1.1@genesis,ORBITING,ORBITING,0,0,0.4347521,,,0.4671298,0.4671298,0,0,ran,ran,,True,True,2752,True
tpy24-h2-T12,b*1.1@dated,ORBITING,ORBITING,0,0,0.4347521,,,0.4671298,0.4671298,0,0,ran,ran,,True,True,3440,True
tpy24-h2-T12,b*0.9@genesis,ORBITING,ORBITING,0,0,0.4102942,,,0.4441508,0.4441508,0,0,ran,ran,,True,True,2752,True
tpy24-h2-T12,b*0.9@dated,ORBITING,ORBITING,0,0,0.4102942,,,0.4441508,0.4441508,0,0,ran,ran,,True,True,3440,True
tpy24-h3-modea,hold,CONVERGED,CONVERGED,0,0,1.0,0,0,1.0,1.0,0,0,ran,ran,,True,True,2836,True
tpy24-h3-T12,w*1.05,CONVERGED,CONVERGED,0,0,0.9952913,576,576,0.9995671,0.9995671,0,0,ran,ran,,True,True,2836,True
tpy24-h3-T12,r*1.05,CONVERGED,CONVERGED,0,0,0.9635434,1953,1953,0.9497248,0.9497248,0,0,ran,ran,,True,True,2836,True
tpy24-h3-T12,p[fodder]*1.05,CONVERGED,CONVERGED,0,0,0.9659036,996,996,0.9745804,0.9745804,0,0,ran,ran,,True,True,2836,True
tpy24-h3-T12,p[horse]*1.05,CONVERGED,CONVERGED,0,0,0.9801145,131,131,0.9798435,0.9798435,0,0,ran,ran,,True,True,2836,True
tpy24-h3-T12,p[traction]*1.05,CONVERGED,CONVERGED,0,0,0.9935888,913,913,0.9940344,0.9940344,0,0,ran,ran,,True,True,2836,True
tpy24-h3-T12,p[good]*1.05,CONVERGED,CONVERGED,0,0,0.9998302,765,765,0.9999496,0.9999496,0,0,ran,ran,,True,True,2836,True
tpy24-h3-T12,s*1.05,CONVERGED,CONVERGED,0,0,0.9992855,588,588,0.9999828,0.9999828,0,0,ran,ran,,True,True,2836,True
tpy24-h3-T12,JA(1.05),CONVERGED,CONVERGED,0,0,0.9434603,958,958,0.9544941,0.9544941,0,0,ran,ran,,True,True,2836,True
tpy24-h3-T12,JB(1.05),CONVERGED,CONVERGED,0,0,0.9573768,1181,1181,0.952381,0.952381,0,0,ran,ran,,True,True,2836,True
tpy24-h3-T12,N(1.05),CONVERGED,CONVERGED,0,0,0.9240456,1978,1978,0.9226484,0.9226484,0,0,ran,ran,,True,True,2836,True
tpy24-h3-T12,w*0.95,CONVERGED,CONVERGED,0,0,0.9907131,958,958,0.9930935,0.9930935,0,0,ran,ran,,True,True,2836,True
tpy24-h3-T12,r*0.95,CONVERGED,CONVERGED,0,0,0.9987667,1549,1549,0.9990965,0.9990965,0,0,ran,ran,,True,True,2836,True
tpy24-h3-T12,p[fodder]*0.95,CONVERGED,CONVERGED,0,0,0.9844752,1145,1145,0.9993335,0.9993335,0,0,ran,ran,,True,True,2836,True
tpy24-h3-T12,p[horse]*0.95,CONVERGED,CONVERGED,0,0,0.95,727,727,0.95,0.95,0,0,ran,ran,,True,True,2836,True
tpy24-h3-T12,p[traction]*0.95,CONVERGED,CONVERGED,0,0,0.9724615,1001,1001,0.9702251,0.9702251,0,0,ran,ran,,True,True,2836,True
tpy24-h3-T12,p[good]*0.95,CONVERGED,CONVERGED,0,0,0.9720603,1292,1292,0.9752107,0.9752107,0,0,ran,ran,,True,True,2836,True
tpy24-h3-T12,s*0.95,CONVERGED,CONVERGED,0,0,0.9998367,276,276,0.999987,0.999987,0,0,ran,ran,,True,True,2836,True
tpy24-h3-T12,JA(0.95),CONVERGED,CONVERGED,0,0,0.9632184,1295,1295,0.95,0.95,0,0,ran,ran,,True,True,2836,True
tpy24-h3-T12,JB(0.95),CONVERGED,CONVERGED,0,0,0.9766287,1348,1348,0.9867921,0.9867921,0,0,ran,ran,,True,True,2836,True
tpy24-h3-T12,N(0.95),CONVERGED,CONVERGED,0,0,0.9988353,1538,1538,0.9991377,0.9991377,0,0,ran,ran,,True,True,2836,True
tpy24-h3-T12,w*1.2,CONVERGED,CONVERGED,0,0,0.9814277,971,971,0.9983038,0.9983038,0,0,ran,ran,,True,True,2836,True
tpy24-h3-T12,r*1.2,CONVERGED,CONVERGED,0,0,0.8325448,2357,2357,0.8252464,0.8252464,0,0,ran,ran,,True,True,2836,True
tpy24-h3-T12,p[fodder]*1.2,CONVERGED,CONVERGED,0,0,0.8719738,1351,1351,0.9029614,0.9029614,0,0,ran,ran,,True,True,2836,True
tpy24-h3-T12,p[horse]*1.2,CONVERGED,CONVERGED,0,0,0.9423091,762,762,0.9411058,0.9411058,0,0,ran,ran,,True,True,2836,True
tpy24-h3-T12,p[traction]*1.2,CONVERGED,CONVERGED,0,0,0.971257,1276,1276,0.9741228,0.9741228,0,0,ran,ran,,True,True,2836,True
tpy24-h3-T12,p[good]*1.2,CONVERGED,CONVERGED,0,0,0.9993389,1111,1111,0.9998137,0.9998137,0,0,ran,ran,,True,True,2836,True
tpy24-h3-T12,s*1.2,CONVERGED,CONVERGED,0,0,0.9973958,1030,1030,0.9999318,0.9999318,0,0,ran,ran,,True,True,2836,True
tpy24-h3-T12,JA(1.2),CONVERGED,CONVERGED,0,0,0.8295277,1308,1308,0.862596,0.862596,0,0,ran,ran,,True,True,2836,True
tpy24-h3-T12,JB(1.2),CONVERGED,CONVERGED,0,0,0.8467962,1537,1537,0.8333333,0.8333333,0,0,ran,ran,,True,True,2836,True
tpy24-h3-T12,N(1.2),CONVERGED,CONVERGED,0,0,0.7559859,2383,2383,0.7535464,0.7535464,0,0,ran,ran,,True,True,2836,True
tpy24-h3-T12,w*0.8,CONVERGED,CONVERGED,0,0,0.9583418,1359,1359,0.9687754,0.9687754,0,0,ran,ran,,True,True,2836,True
tpy24-h3-T12,r*0.8,CONVERGED,CONVERGED,0,0,0.9949669,2009,2009,0.9963063,0.9963063,0,0,ran,ran,,True,True,2836,True
tpy24-h3-T12,p[fodder]*0.8,CONVERGED,CONVERGED,0,0,0.9392614,1547,1547,0.9995136,0.9995136,0,0,ran,ran,,True,True,2836,True
tpy24-h3-T12,p[horse]*0.8,CONVERGED,CONVERGED,0,0,0.8,1134,1134,0.8,0.8,0,0,ran,ran,,True,True,2836,True
tpy24-h3-T12,p[traction]*0.8,CONVERGED,CONVERGED,0,0,0.8897102,1405,1405,0.8820908,0.8820908,0,0,ran,ran,,True,True,2836,True
tpy24-h3-T12,p[good]*0.8,CONVERGED,CONVERGED,0,0,0.872538,1711,1711,0.8827331,0.8827331,0,0,ran,ran,,True,True,2836,True
tpy24-h3-T12,s*0.8,CONVERGED,CONVERGED,0,0,0.9987971,916,916,0.9999475,0.9999475,0,0,ran,ran,,True,True,2836,True
tpy24-h3-T12,JA(0.8),CONVERGED,CONVERGED,0,0,0.8395587,1725,1725,0.8,0.8,0,0,ran,ran,,True,True,2836,True
tpy24-h3-T12,JB(0.8),CONVERGED,CONVERGED,0,0,0.8972553,1811,1811,0.9452701,0.9452701,0,0,ran,ran,,True,True,2836,True
tpy24-h3-T12,N(0.8),CONVERGED,CONVERGED,0,0,0.9951287,2001,2001,0.9963868,0.9963868,0,0,ran,ran,,True,True,2836,True
tpy24-h3-T12,b*1.1@genesis,CONVERGED,CONVERGED,0,0,0.9303898,1901,1901,0.9047434,0.9047434,0,0,ran,ran,,True,True,2836,True
tpy24-h3-T12,b*1.1@dated,CONVERGED,CONVERGED,0,0,0.9303898,1903,1903,0.9047434,0.9047434,0,0,ran,ran,,True,True,3544,True
tpy24-h3-T12,b*0.9@genesis,CONVERGED,CONVERGED,0,0,0.998201,1890,1890,0.9986592,0.9986592,0,0,ran,ran,,True,True,2836,True
tpy24-h3-T12,b*0.9@dated,CONVERGED,CONVERGED,0,0,0.998201,1890,1890,0.9986592,0.9986592,0,0,ran,ran,,True,True,3544,True
tpy24-h4-modea,hold,CONVERGED,CONVERGED,0,0,1.0,0,0,1.0,1.0,0,0,ran,ran,,True,True,2752,True
tpy24-h4-T12,w*1.05,ORBITING,ORBITING,0,0,0.3626718,,,0.3975476,0.3975476,0,0,ran,ran,,True,True,2752,True
tpy24-h4-T12,r*1.05,ORBITING,ORBITING,0,0,0.4230613,,,0.4530285,0.4530285,0,0,ran,ran,,True,True,2752,True
tpy24-h4-T12,p[fodder]*1.05,ORBITING,ORBITING,0,0,0.3658914,,,0.397558,0.397558,0,0,ran,ran,,True,True,2752,True
tpy24-h4-T12,p[horse]*1.05,ORBITING,ORBITING,0,0,0.3918794,,,0.4345523,0.4345523,0,0,ran,ran,,True,True,2752,True
tpy24-h4-T12,p[traction]*1.05,ORBITING,ORBITING,0,0,0.3675578,,,0.4038992,0.4038992,0,0,ran,ran,,True,True,2752,True
tpy24-h4-T12,p[good]*1.05,ORBITING,ORBITING,0,0,0.3918825,,,0.4345619,0.4345619,0,0,ran,ran,,True,True,2752,True
tpy24-h4-T12,s*1.05,ORBITING,ORBITING,0,0,0.3918834,,,0.4344871,0.4344871,0,0,ran,ran,,True,True,2752,True
tpy24-h4-T12,JA(1.05),ORBITING,ORBITING,0,0,0.3576778,,,0.39242,0.39242,0,0,ran,ran,,True,True,2752,True
tpy24-h4-T12,JB(1.05),ORBITING,ORBITING,0,0,0.355372,,,0.3857962,0.3857962,0,0,ran,ran,,True,True,2752,True
tpy24-h4-T12,N(1.05),ORBITING,ORBITING,0,0,0.3466676,,,0.3742115,0.3742115,0,0,ran,ran,,True,True,2752,True
tpy24-h4-T12,w*0.95,ORBITING,ORBITING,0,0,0.3789086,,,0.4179562,0.4179562,0,0,ran,ran,,True,True,2752,True
tpy24-h4-T12,r*0.95,DIVERGED,DIVERGED,0,0,0.42489,,,0.4607437,0.4607437,0,0,ran,ran,the envelope grows: E4 > E3 > E2,True,True,2752,True
tpy24-h4-T12,p[fodder]*0.95,ORBITING,ORBITING,0,0,0.3494147,,,0.389602,0.389602,0,0,ran,ran,,True,True,2752,True
tpy24-h4-T12,p[horse]*0.95,ORBITING,ORBITING,0,0,0.3668787,,,0.4044945,0.4044945,0,0,ran,ran,,True,True,2752,True
tpy24-h4-T12,p[traction]*0.95,ORBITING,ORBITING,0,0,0.3918636,,,0.4345934,0.4345934,0,0,ran,ran,,True,True,2752,True
tpy24-h4-T12,p[good]*0.95,ORBITING,ORBITING,0,0,0.3935034,,,0.4215107,0.4215107,0,0,ran,ran,,True,True,2752,True
tpy24-h4-T12,s*0.95,ORBITING,ORBITING,0,0,0.391879,,,0.4345526,0.4345526,0,0,ran,ran,,True,True,2752,True
tpy24-h4-T12,JA(0.95),ORBITING,ORBITING,0,0,0.4049528,,,0.4344587,0.4344587,0,0,ran,ran,,True,True,2752,True
tpy24-h4-T12,JB(0.95),ORBITING,ORBITING,0,0,0.3393047,,,0.3751391,0.3751391,0,0,ran,ran,,True,True,2752,True
tpy24-h4-T12,N(0.95),DIVERGED,DIVERGED,0,0,0.4515065,,,0.4873198,0.4873198,0,0,ran,ran,the envelope grows: E4 > E3 > E2,True,True,2752,True
tpy24-h4-T12,w*1.2,ORBITING,ORBITING,0,0,0.3732918,,,0.4133342,0.4133342,0,0,ran,ran,,True,True,2752,True
tpy24-h4-T12,r*1.2,DIVERGED,DIVERGED,0,0,0.290608,,,0.2909232,0.2909232,0,0,ran,ran,the envelope grows: E4 > E3 > E2,True,True,2752,True
tpy24-h4-T12,p[fodder]*1.2,ORBITING,ORBITING,0,0,0.4982164,,,0.5530027,0.5530027,0,0,ran,ran,,True,True,2752,True
tpy24-h4-T12,p[horse]*1.2,ORBITING,ORBITING,0,0,0.3857563,,,0.4164332,0.4164332,0,0,ran,ran,,True,True,2752,True
tpy24-h4-T12,p[traction]*1.2,DIVERGED,DIVERGED,0,0,0.3766794,,,0.4086572,0.4086572,0,0,ran,ran,the envelope grows: E4 > E3 > E2,True,True,2752,True
tpy24-h4-T12,p[good]*1.2,ORBITING,ORBITING,0,0,0.3664378,,,0.4031537,0.4031537,0,0,ran,ran,,True,True,2752,True
tpy24-h4-T12,s*1.2,ORBITING,ORBITING,0,0,0.3763671,,,0.4095491,0.4095491,0,0,ran,ran,,True,True,2752,True
tpy24-h4-T12,JA(1.2),ORBITING,ORBITING,0,0,0.5527621,,,0.6129917,0.6129917,0,0,ran,ran,,True,True,2752,True
tpy24-h4-T12,JB(1.2),ORBITING,ORBITING,0,0,0.5410617,,,0.5967139,0.5967139,0,0,ran,ran,,True,True,2752,True
tpy24-h4-T12,N(1.2),ORBITING,ORBITING,0,0,0.486237,,,0.5323681,0.5323681,0,0,ran,ran,,True,True,2752,True
tpy24-h4-T12,w*0.8,ORBITING,ORBITING,0,0,0.3435335,,,0.365483,0.365483,0,0,ran,ran,,True,True,2752,True
tpy24-h4-T12,r*0.8,ORBITING,ORBITING,0,0,0.5704359,,,0.6274418,0.6274418,0,0,ran,ran,,True,True,2752,True
tpy24-h4-T12,p[fodder]*0.8,DIVERGED,DIVERGED,0,0,0.4834271,,,0.5200858,0.5200858,0,0,ran,ran,the envelope grows: E4 > E3 > E2,True,True,2752,True
tpy24-h4-T12,p[horse]*0.8,ORBITING,ORBITING,0,0,0.3423177,,,0.3774228,0.3774228,0,0,ran,ran,,True,True,2752,True
tpy24-h4-T12,p[traction]*0.8,ORBITING,ORBITING,0,0,0.4782027,,,0.5243674,0.5243674,0,0,ran,ran,,True,True,2752,True
tpy24-h4-T12,p[good]*0.8,ORBITING,ORBITING,0,0,0.4627095,,,0.4979545,0.4979545,0,0,ran,ran,,True,True,2752,True
tpy24-h4-T12,s*0.8,ORBITING,ORBITING,0,0,0.3918834,,,0.4345687,0.4345687,0,0,ran,ran,,True,True,2752,True
tpy24-h4-T12,JA(0.8),DIVERGED,DIVERGED,0,0,0.3740361,,,0.4048892,0.4048892,0,0,ran,ran,the envelope grows: E4 > E3 > E2,True,True,2752,True
tpy24-h4-T12,JB(0.8),ORBITING,ORBITING,0,0,0.4556262,,,0.4823885,0.4823885,0,0,ran,ran,,True,True,2752,True
tpy24-h4-T12,N(0.8),DIVERGED,DIVERGED,0,0,0.5929294,,,0.6444606,0.6444606,0,0,ran,ran,the envelope grows: E4 > E3 > E2,True,True,2752,True
tpy24-h4-T12,b*1.1@genesis,ORBITING,ORBITING,0,0,0.4916201,,,0.540566,0.540566,0,0,ran,ran,,True,True,2752,True
tpy24-h4-T12,b*1.1@dated,ORBITING,ORBITING,0,0,0.4916201,,,0.540566,0.540566,0,0,ran,ran,,True,True,3440,True
tpy24-h4-T12,b*0.9@genesis,CONVERGED,CONVERGED,0,0,0.4146398,13838,13838,0.4472573,0.4472573,0,0,ran,ran,,True,True,2752,True
tpy24-h4-T12,b*0.9@dated,CONVERGED,CONVERGED,0,0,0.4146398,13838,13838,0.4472573,0.4472573,0,0,ran,ran,,True,True,3440,True
tpy365-h1-modea,hold,CONVERGED,CONVERGED,0,0,1.0,0,0,1.0,1.0,0,0,ran,ran,,True,True,3217,True
tpy365-h1-T12,w*1.05,CONVERGED,CONVERGED,0,0,0.9952913,6868,6868,0.9999715,0.9999715,0,0,ran,ran,,True,True,3217,True
tpy365-h1-T12,r*1.05,CONVERGED,CONVERGED,0,0,0.9661631,25553,25553,0.9522038,0.9522038,0,0,ran,ran,,True,True,3217,True
tpy365-h1-T12,p[fodder]*1.05,CONVERGED,CONVERGED,0,0,0.9752825,10540,10540,0.9847982,0.9847982,0,0,ran,ran,,True,True,3217,True
tpy365-h1-T12,p[horse]*1.05,CONVERGED,CONVERGED,0,0,0.990697,198,198,0.9906759,0.9906759,0,0,ran,ran,,True,True,3217,True
tpy365-h1-T12,p[traction]*1.05,CONVERGED,CONVERGED,0,0,0.9964604,11767,11767,0.9982757,0.9982757,0,0,ran,ran,,True,True,3217,True
tpy365-h1-T12,p[good]*1.05,CONVERGED,CONVERGED,0,0,0.9999882,10175,10175,0.9999995,0.9999995,0,0,ran,ran,,True,True,3217,True
tpy365-h1-T12,s*1.05,CONVERGED,CONVERGED,0,0,0.9999484,4586,4586,0.9999998,0.9999998,0,0,ran,ran,,True,True,3217,True
tpy365-h1-T12,JA(1.05),CONVERGED,CONVERGED,0,0,0.9633434,12014,12014,0.977036,0.977036,0,0,ran,ran,,True,True,3217,True
tpy365-h1-T12,JB(1.05),CONVERGED,CONVERGED,0,0,0.9573768,14746,14746,0.952381,0.952381,0,0,ran,ran,,True,True,3217,True
tpy365-h1-T12,N(1.05),CONVERGED,CONVERGED,0,0,0.9480343,25584,25584,0.9482603,0.9482603,0,0,ran,ran,,True,True,3217,True
tpy365-h1-T12,w*0.95,CONVERGED,CONVERGED,0,0,1.0,11858,11858,0.9999995,0.9999995,0,0,ran,ran,,True,True,3217,True
tpy365-h1-T12,r*0.95,CONVERGED,CONVERGED,0,0,0.9999996,19773,19773,0.99999,0.99999,0,0,ran,ran,,True,True,3217,True
tpy365-h1-T12,p[fodder]*0.95,CONVERGED,CONVERGED,0,0,1.0,13493,13493,0.9999991,0.9999991,0,0,ran,ran,,True,True,3217,True
tpy365-h1-T12,p[horse]*0.95,CONVERGED,CONVERGED,0,0,0.95,2490,2490,0.95,0.95,0,0,ran,ran,,True,True,3217,True
tpy365-h1-T12,p[traction]*0.95,CONVERGED,CONVERGED,0,0,0.984425,11638,11638,0.9831193,0.9831193,0,0,ran,ran,,True,True,3217,True
tpy365-h1-T12,p[good]*0.95,CONVERGED,CONVERGED,0,0,0.9861146,15315,15315,0.9892238,0.9892238,0,0,ran,ran,,True,True,3217,True
tpy365-h1-T12,s*0.95,CONVERGED,CONVERGED,0,0,1.0,3161,3161,0.9999999,0.9999999,0,0,ran,ran,,True,True,3217,True
tpy365-h1-T12,JA(0.95),CONVERGED,CONVERGED,0,0,0.964641,15354,15354,0.95,0.95,0,0,ran,ran,,True,True,3217,True
tpy365-h1-T12,JB(0.95),CONVERGED,CONVERGED,0,0,0.98985,16642,16642,0.9969058,0.9969058,0,0,ran,ran,,True,True,3217,True
tpy365-h1-T12,N(0.95),CONVERGED,CONVERGED,0,0,0.9999996,19651,19651,0.9999903,0.9999903,0,0,ran,ran,,True,True,3217,True
tpy365-h1-T12,w*1.2,CONVERGED,CONVERGED,0,0,0.9814277,12840,12840,0.9998884,0.9998884,0,0,ran,ran,,True,True,3217,True
tpy365-h1-T12,r*1.2,CONVERGED,CONVERGED,0,0,0.8771477,30214,30214,0.8327919,0.8327919,0,0,ran,ran,,True,True,3217,True
tpy365-h1-T12,p[fodder]*1.2,CONVERGED,CONVERGED,0,0,0.9041043,15836,15836,0.9389885,0.9389885,0,0,ran,ran,,True,True,3217,True
tpy365-h1-T12,p[horse]*1.2,CONVERGED,CONVERGED,0,0,0.9473171,2508,2508,0.947054,0.947054,0,0,ran,ran,,True,True,3217,True
tpy365-h1-T12,p[traction]*1.2,CONVERGED,CONVERGED,0,0,0.9812888,16361,16361,0.9881004,0.9881004,0,0,ran,ran,,True,True,3217,True
tpy365-h1-T12,p[good]*1.2,CONVERGED,CONVERGED,0,0,0.9999544,14702,14702,0.9999981,0.9999981,0,0,ran,ran,,True,True,3217,True
tpy365-h1-T12,s*1.2,CONVERGED,CONVERGED,0,0,0.999815,13256,13256,0.9999993,0.9999993,0,0,ran,ran,,True,True,3217,True
tpy365-h1-T12,JA(1.2),CONVERGED,CONVERGED,0,0,0.8366821,16606,16606,0.8798337,0.8798337,0,0,ran,ran,,True,True,3217,True
tpy365-h1-T12,JB(1.2),CONVERGED,CONVERGED,0,0,0.8467962,18964,18964,0.8333333,0.8333333,0,0,ran,ran,,True,True,3217,True
tpy365-h1-T12,N(1.2),CONVERGED,CONVERGED,0,0,0.8148421,30229,30229,0.8168684,0.8168684,0,0,ran,ran,,True,True,3217,True
tpy365-h1-T12,w*0.8,CONVERGED,CONVERGED,0,0,0.999095,17097,17097,0.999998,0.999998,0,0,ran,ran,,True,True,3217,True
tpy365-h1-T12,r*0.8,CONVERGED,CONVERGED,0,0,0.9999984,25290,25290,0.9999583,0.9999583,0,0,ran,ran,,True,True,3217,True
tpy365-h1-T12,p[fodder]*0.8,CONVERGED,CONVERGED,0,0,0.9999999,18427,18427,0.9999961,0.9999961,0,0,ran,ran,,True,True,3217,True
tpy365-h1-T12,p[horse]*0.8,CONVERGED,CONVERGED,0,0,0.8,12394,12394,0.8,0.8,0,0,ran,ran,,True,True,3217,True
tpy365-h1-T12,p[traction]*0.8,CONVERGED,CONVERGED,0,0,0.934361,16985,16985,0.9302612,0.9302612,0,0,ran,ran,,True,True,3217,True
tpy365-h1-T12,p[good]*0.8,CONVERGED,CONVERGED,0,0,0.9293291,20409,20409,0.9409864,0.9409864,0,0,ran,ran,,True,True,3217,True
tpy365-h1-T12,s*0.8,CONVERGED,CONVERGED,0,0,1.0,11937,11937,0.9999994,0.9999994,0,0,ran,ran,,True,True,3217,True
tpy365-h1-T12,JA(0.8),CONVERGED,CONVERGED,0,0,0.8517076,20356,20356,0.8,0.8,0,0,ran,ran,,True,True,3217,True
tpy365-h1-T12,JB(0.8),CONVERGED,CONVERGED,0,0,0.9476336,21800,21800,0.975933,0.975933,0,0,ran,ran,,True,True,3217,True
tpy365-h1-T12,N(0.8),CONVERGED,CONVERGED,0,0,0.9999985,25161,25161,0.9999596,0.9999596,0,0,ran,ran,,True,True,3217,True
tpy365-h1-T12,b*1.1@genesis,CONVERGED,CONVERGED,0,0,0.9345934,25869,25869,0.909746,0.909746,0,0,ran,ran,,True,True,3217,True
tpy365-h1-T12,b*1.1@dated,CONVERGED,CONVERGED,0,0,0.9345934,25869,25869,0.909746,0.909746,0,0,ran,ran,,True,True,4020,True
tpy365-h1-T12,b*0.9@genesis,CONVERGED,CONVERGED,0,0,0.9999994,23708,23708,0.9999862,0.9999862,0,0,ran,ran,,True,True,3217,True
tpy365-h1-T12,b*0.9@dated,CONVERGED,CONVERGED,0,0,0.9999994,23708,23708,0.9999862,0.9999862,0,0,ran,ran,,True,True,4020,True
tpy365-h2-modea,hold,CONVERGED,CONVERGED,0,0,1.0,0,0,1.0,1.0,0,0,ran,ran,,True,True,3085,True
tpy365-h2-T12,w*1.05,CONVERGED,CONVERGED,0,0,0.9908531,7402,7402,0.9999311,0.9999311,0,0,ran,ran,,True,True,3085,True
tpy365-h2-T12,r*1.05,CONVERGED,CONVERGED,0,0,0.8899088,22616,22616,0.907951,0.907951,0,0,ran,ran,,True,True,3085,True
tpy365-h2-T12,p[fodder]*1.05,CONVERGED,CONVERGED,0,0,0.9283797,12504,12504,0.9593743,0.9593743,0,0,ran,ran,,True,True,3085,True
tpy365-h2-T12,p[horse]*1.05,CONVERGED,CONVERGED,0,0,0.9942314,250,250,0.9942253,0.9942253,0,0,ran,ran,,True,True,3085,True
tpy365-h2-T12,p[traction]*1.05,CONVERGED,CONVERGED,0,0,0.9787257,11312,11312,0.9823437,0.9823437,0,0,ran,ran,,True,True,3085,True
tpy365-h2-T12,p[good]*1.05,CONVERGED,CONVERGED,0,0,0.999604,9051,9051,0.9998101,0.9998101,0,0,ran,ran,,True,True,3085,True
tpy365-h2-T12,s*1.05,CONVERGED,CONVERGED,0,0,0.9998545,7976,7976,0.9999374,0.9999374,0,0,ran,ran,,True,True,3085,True
tpy365-h2-T12,JA(1.05),CONVERGED,CONVERGED,0,0,0.918731,12375,12375,0.9560773,0.9560773,0,0,ran,ran,,True,True,3085,True
tpy365-h2-T12,JB(1.05),CONVERGED,CONVERGED,0,0,0.9588988,12067,12067,0.952381,0.952381,0,0,ran,ran,,True,True,3085,True
tpy365-h2-T12,N(1.05),CONVERGED,CONVERGED,0,0,0.9262225,22687,22687,0.9349834,0.9349834,0,0,ran,ran,,True,True,3085,True
tpy365-h2-T12,w*0.95,CONVERGED,CONVERGED,0,0,0.9996752,10085,10085,0.9998611,0.9998611,0,0,ran,ran,,True,True,3085,True
tpy365-h2-T12,r*0.95,CONVERGED,CONVERGED,0,0,0.9943323,18293,18293,0.9970842,0.9970842,0,0,ran,ran,,True,True,3085,True
tpy365-h2-T12,p[fodder]*0.95,CONVERGED,CONVERGED,0,0,0.9216118,11792,11792,0.9550566,0.9550566,0,0,ran,ran,,True,True,3085,True
tpy365-h2-T12,p[horse]*0.95,CONVERGED,CONVERGED,0,0,0.95,8308,8308,0.95,0.95,0,0,ran,ran,,True,True,3085,True
tpy365-h2-T12,p[traction]*0.95,CONVERGED,CONVERGED,0,0,0.9707959,11351,11351,0.9668557,0.9668557,0,0,ran,ran,,True,True,3085,True
tpy365-h2-T12,p[good]*0.95,CONVERGED,CONVERGED,0,0,0.919876,15014,15014,0.9296963,0.9296963,0,0,ran,ran,,True,True,3085,True
tpy365-h2-T12,s*0.95,CONVERGED,CONVERGED,0,0,0.9999,6126,6126,0.9999569,0.9999569,0,0,ran,ran,,True,True,3085,True
tpy365-h2-T12,JA(0.95),CONVERGED,CONVERGED,0,0,0.8999522,14428,14428,0.9285935,0.9285935,0,0,ran,ran,,True,True,3085,True
tpy365-h2-T12,JB(0.95),CONVERGED,CONVERGED,0,0,0.9187743,16427,16427,0.9370351,0.9370351,0,0,ran,ran,,True,True,3085,True
tpy365-h2-T12,N(0.95),CONVERGED,CONVERGED,0,0,0.9945988,18115,18115,0.997221,0.997221,0,0,ran,ran,,True,True,3085,True
tpy365-h2-T12,w*1.2,CONVERGED,CONVERGED,0,0,0.9643896,11087,11087,0.9997379,0.9997379,0,0,ran,ran,,True,True,3085,True
tpy365-h2-T12,r*1.2,CONVERGED,CONVERGED,0,0,0.5208048,27317,27317,0.5569018,0.5569018,0,0,ran,ran,,True,True,3085,True
tpy365-h2-T12,p[fodder]*1.2,CONVERGED,CONVERGED,0,0,0.7382415,17055,17055,0.8316148,0.8316148,0,0,ran,ran,,True,True,3085,True
tpy365-h2-T12,p[horse]*1.2,CONVERGED,CONVERGED,0,0,0.9577863,7316,7316,0.9576498,0.9576498,0,0,ran,ran,,True,True,3085,True
tpy365-h2-T12,p[traction]*1.2,CONVERGED,CONVERGED,0,0,0.9132093,15594,15594,0.925613,0.925613,0,0,ran,ran,,True,True,3085,True
tpy365-h2-T12,p[good]*1.2,CONVERGED,CONVERGED,0,0,0.998552,12908,12908,0.999301,0.999301,0,0,ran,ran,,True,True,3085,True
tpy365-h2-T12,s*1.2,CONVERGED,CONVERGED,0,0,0.9994191,11771,11771,0.9997483,0.9997483,0,0,ran,ran,,True,True,3085,True
tpy365-h2-T12,JA(1.2),CONVERGED,CONVERGED,0,0,0.6830615,17256,17256,0.7798616,0.7798616,0,0,ran,ran,,True,True,3085,True
tpy365-h2-T12,JB(1.2),CONVERGED,CONVERGED,0,0,0.8550182,16780,16780,0.8333333,0.8333333,0,0,ran,ran,,True,True,3085,True
tpy365-h2-T12,N(1.2),CONVERGED,CONVERGED,0,0,0.676007,27420,27420,0.7054496,0.7054496,0,0,ran,ran,,True,True,3085,True
tpy365-h2-T12,w*0.8,CONVERGED,CONVERGED,0,0,0.9939053,14643,14643,0.9993628,0.9993628,0,0,ran,ran,,True,True,3085,True
tpy365-h2-T12,r*0.8,CONVERGED,CONVERGED,0,0,0.9796089,23557,23557,0.9870525,0.9870525,0,0,ran,ran,,True,True,3085,True
tpy365-h2-T12,p[fodder]*0.8,CONVERGED,CONVERGED,0,0,0.7097969,16887,16887,0.8166959,0.8166959,0,0,ran,ran,,True,True,3085,True
tpy365-h2-T12,p[horse]*0.8,CONVERGED,CONVERGED,0,0,0.8,12362,12362,0.8,0.8,0,0,ran,ran,,True,True,3085,True
tpy365-h2-T12,p[traction]*0.8,CONVERGED,CONVERGED,0,0,0.8727312,16314,16314,0.8584115,0.8584115,0,0,ran,ran,,True,True,3085,True
tpy365-h2-T12,p[good]*0.8,CONVERGED,CONVERGED,0,0,0.6493495,20746,20746,0.6731569,0.6731569,0,0,ran,ran,,True,True,3085,True
tpy365-h2-T12,s*0.8,CONVERGED,CONVERGED,0,0,0.9995962,10072,10072,0.9998253,0.9998253,0,0,ran,ran,,True,True,3085,True
tpy365-h2-T12,JA(0.8),CONVERGED,CONVERGED,0,0,0.5980693,20127,20127,0.6736816,0.6736816,0,0,ran,ran,,True,True,3085,True
tpy365-h2-T12,JB(0.8),CONVERGED,CONVERGED,0,0,0.5269829,22544,22544,0.561038,0.561038,0,0,ran,ran,,True,True,3085,True
tpy365-h2-T12,N(0.8),CONVERGED,CONVERGED,0,0,0.9804552,23404,23404,0.9877339,0.9877339,0,0,ran,ran,,True,True,3085,True
tpy365-h2-T12,b*1.1@genesis,CONVERGED,CONVERGED,0,0,0.8002818,22536,22536,0.8384878,0.8384878,0,0,ran,ran,,True,True,3085,True
tpy365-h2-T12,b*1.1@dated,CONVERGED,CONVERGED,0,0,0.8002818,22536,22536,0.8384878,0.8384878,0,0,ran,ran,,True,True,3856,True
tpy365-h2-T12,b*0.9@genesis,CONVERGED,CONVERGED,0,0,0.9887136,22170,22170,0.99417,0.99417,0,0,ran,ran,,True,True,3085,True
tpy365-h2-T12,b*0.9@dated,CONVERGED,CONVERGED,0,0,0.9887136,22170,22170,0.99417,0.99417,0,0,ran,ran,,True,True,3856,True
tpy365-h3-modea,hold,CONVERGED,CONVERGED,0,0,1.0,0,0,1.0,1.0,0,0,ran,ran,,True,True,3217,True
tpy365-h3-T12,w*1.05,CONVERGED,CONVERGED,0,0,0.9952913,6831,6831,0.9999715,0.9999715,0,0,ran,ran,,True,True,3217,True
tpy365-h3-T12,r*1.05,CONVERGED,CONVERGED,0,0,0.9661631,30015,30015,0.9522038,0.9522038,0,0,ran,ran,,True,True,3217,True
tpy365-h3-T12,p[fodder]*1.05,CONVERGED,CONVERGED,0,0,0.9752275,11619,11619,0.9847459,0.9847459,0,0,ran,ran,,True,True,3217,True
tpy365-h3-T12,p[horse]*1.05,CONVERGED,CONVERGED,0,0,0.9906494,197,197,0.9906283,0.9906283,0,0,ran,ran,,True,True,3217,True
tpy365-h3-T12,p[traction]*1.05,CONVERGED,CONVERGED,0,0,0.9963237,13106,13106,0.9981525,0.9981525,0,0,ran,ran,,True,True,3217,True
tpy365-h3-T12,p[good]*1.05,CONVERGED,CONVERGED,0,0,0.9999882,11330,11330,0.9999972,0.9999972,0,0,ran,ran,,True,True,3217,True
tpy365-h3-T12,s*1.05,CONVERGED,CONVERGED,0,0,0.9999484,5014,5014,0.9999992,0.9999992,0,0,ran,ran,,True,True,3217,True
tpy365-h3-T12,JA(1.05),CONVERGED,CONVERGED,0,0,0.9632196,13390,13390,0.9769105,0.9769105,0,0,ran,ran,,True,True,3217,True
tpy365-h3-T12,JB(1.05),CONVERGED,CONVERGED,0,0,0.9573768,16574,16574,0.952381,0.952381,0,0,ran,ran,,True,True,3217,True
tpy365-h3-T12,N(1.05),CONVERGED,CONVERGED,0,0,0.947886,30015,30015,0.9481121,0.9481121,0,0,ran,ran,,True,True,3217,True
tpy365-h3-T12,w*0.95,CONVERGED,CONVERGED,0,0,0.9999999,13294,13294,0.9999979,0.9999979,0,0,ran,ran,,True,True,3217,True
tpy365-h3-T12,r*0.95,CONVERGED,CONVERGED,0,0,0.9999985,23139,23139,0.9999525,0.9999525,0,0,ran,ran,,True,True,3217,True
tpy365-h3-T12,p[fodder]*0.95,CONVERGED,CONVERGED,0,0,0.9999999,15140,15140,0.9999961,0.9999961,0,0,ran,ran,,True,True,3217,True
tpy365-h3-T12,p[horse]*0.95,CONVERGED,CONVERGED,0,0,0.95,2287,2287,0.95,0.95,0,0,ran,ran,,True,True,3217,True
tpy365-h3-T12,p[traction]*0.95,CONVERGED,CONVERGED,0,0,0.9844021,12958,12958,0.9831011,0.9831011,0,0,ran,ran,,True,True,3217,True
tpy365-h3-T12,p[good]*0.95,CONVERGED,CONVERGED,0,0,0.9858615,17342,17342,0.9889835,0.9889835,0,0,ran,ran,,True,True,3217,True
tpy365-h3-T12,s*0.95,CONVERGED,CONVERGED,0,0,1.0,2951,2951,0.9999994,0.9999994,0,0,ran,ran,,True,True,3217,True
tpy365-h3-T12,JA(0.95),CONVERGED,CONVERGED,0,0,0.964641,17349,17349,0.95,0.95,0,0,ran,ran,,True,True,3217,True
tpy365-h3-T12,JB(0.95),CONVERGED,CONVERGED,0,0,0.989679,18847,18847,0.9967512,0.9967512,0,0,ran,ran,,True,True,3217,True
tpy365-h3-T12,N(0.95),CONVERGED,CONVERGED,0,0,0.9999985,22960,22960,0.9999544,0.9999544,0,0,ran,ran,,True,True,3217,True
tpy365-h3-T12,w*1.2,CONVERGED,CONVERGED,0,0,0.9814277,14386,14386,0.9998884,0.9998884,0,0,ran,ran,,True,True,3217,True
tpy365-h3-T12,r*1.2,CONVERGED,CONVERGED,0,0,0.8771477,36338,36338,0.8327919,0.8327919,0,0,ran,ran,,True,True,3217,True
tpy365-h3-T12,p[fodder]*1.2,CONVERGED,CONVERGED,0,0,0.9038769,17887,17887,0.9387659,0.9387659,0,0,ran,ran,,True,True,3217,True
tpy365-h3-T12,p[horse]*1.2,CONVERGED,CONVERGED,0,0,0.9471564,2342,2342,0.9468943,0.9468943,0,0,ran,ran,,True,True,3217,True
tpy365-h3-T12,p[traction]*1.2,CONVERGED,CONVERGED,0,0,0.9807911,18454,18454,0.9876449,0.9876449,0,0,ran,ran,,True,True,3217,True
tpy365-h3-T12,p[good]*1.2,CONVERGED,CONVERGED,0,0,0.9999544,16577,16577,0.9999895,0.9999895,0,0,ran,ran,,True,True,3217,True
tpy365-h3-T12,s*1.2,CONVERGED,CONVERGED,0,0,0.999815,14881,14881,0.9999969,0.9999969,0,0,ran,ran,,True,True,3217,True
tpy365-h3-T12,JA(1.2),CONVERGED,CONVERGED,0,0,0.8362401,18788,18788,0.8793464,0.8793464,0,0,ran,ran,,True,True,3217,True
tpy365-h3-T12,JB(1.2),CONVERGED,CONVERGED,0,0,0.8467962,21800,21800,0.8333333,0.8333333,0,0,ran,ran,,True,True,3217,True
tpy365-h3-T12,N(1.2),CONVERGED,CONVERGED,0,0,0.814233,36323,36323,0.8162594,0.8162594,0,0,ran,ran,,True,True,3217,True
tpy365-h3-T12,w*0.8,CONVERGED,CONVERGED,0,0,0.9991542,19406,19406,0.9999907,0.9999907,0,0,ran,ran,,True,True,3217,True
tpy365-h3-T12,r*0.8,CONVERGED,CONVERGED,0,0,0.9999936,30423,30423,0.9998235,0.9998235,0,0,ran,ran,,True,True,3217,True
tpy365-h3-T12,p[fodder]*0.8,CONVERGED,CONVERGED,0,0,0.9999995,21042,21042,0.9999831,0.9999831,0,0,ran,ran,,True,True,3217,True
tpy365-h3-T12,p[horse]*0.8,CONVERGED,CONVERGED,0,0,0.8,13799,13799,0.8,0.8,0,0,ran,ran,,True,True,3217,True
tpy365-h3-T12,p[traction]*0.8,CONVERGED,CONVERGED,0,0,0.9342376,19192,19192,0.9301646,0.9301646,0,0,ran,ran,,True,True,3217,True
tpy365-h3-T12,p[good]*0.8,CONVERGED,CONVERGED,0,0,0.9281525,23472,23472,0.9398515,0.9398515,0,0,ran,ran,,True,True,3217,True
tpy365-h3-T12,s*0.8,CONVERGED,CONVERGED,0,0,0.9999999,13361,13361,0.9999974,0.9999974,0,0,ran,ran,,True,True,3217,True
tpy365-h3-T12,JA(0.8),CONVERGED,CONVERGED,0,0,0.8517076,23404,23404,0.8,0.8,0,0,ran,ran,,True,True,3217,True
tpy365-h3-T12,JB(0.8),CONVERGED,CONVERGED,0,0,0.9458941,25280,25280,0.9736022,0.9736022,0,0,ran,ran,,True,True,3217,True
tpy365-h3-T12,N(0.8),CONVERGED,CONVERGED,0,0,0.9999939,30256,30256,0.9998249,0.9998249,0,0,ran,ran,,True,True,3217,True
tpy365-h3-T12,b*1.1@genesis,CONVERGED,CONVERGED,0,0,0.9345934,30247,30247,0.909746,0.909746,0,0,ran,ran,,True,True,3217,True
tpy365-h3-T12,b*1.1@dated,CONVERGED,CONVERGED,0,0,0.9345934,30247,30247,0.909746,0.909746,0,0,ran,ran,,True,True,4020,True
tpy365-h3-T12,b*0.9@genesis,CONVERGED,CONVERGED,0,0,0.9999972,28876,28876,0.9999317,0.9999317,0,0,ran,ran,,True,True,3217,True
tpy365-h3-T12,b*0.9@dated,CONVERGED,CONVERGED,0,0,0.9999972,28876,28876,0.9999317,0.9999317,0,0,ran,ran,,True,True,4020,True
tpy365-h4-modea,hold,CONVERGED,CONVERGED,0,0,1.0,0,0,1.0,1.0,0,0,ran,ran,,True,True,3085,True
tpy365-h4-T12,w*1.05,CONVERGED,CONVERGED,0,0,0.9908531,8638,8638,0.999937,0.999937,0,0,ran,ran,,True,True,3085,True
tpy365-h4-T12,r*1.05,CONVERGED,CONVERGED,0,0,0.8884633,28607,28607,0.9066065,0.9066065,0,0,ran,ran,,True,True,3085,True
tpy365-h4-T12,p[fodder]*1.05,CONVERGED,CONVERGED,0,0,0.9280806,14841,14841,0.959074,0.959074,0,0,ran,ran,,True,True,3085,True
tpy365-h4-T12,p[horse]*1.05,CONVERGED,CONVERGED,0,0,0.9941885,249,249,0.9941826,0.9941826,0,0,ran,ran,,True,True,3085,True
tpy365-h4-T12,p[traction]*1.05,CONVERGED,CONVERGED,0,0,0.9783245,13332,13332,0.9819825,0.9819825,0,0,ran,ran,,True,True,3085,True
tpy365-h4-T12,p[good]*1.05,CONVERGED,CONVERGED,0,0,0.9996772,10681,10681,0.9998284,0.9998284,0,0,ran,ran,,True,True,3085,True
tpy365-h4-T12,s*1.05,CONVERGED,CONVERGED,0,0,0.999886,9324,9324,0.9999444,0.9999444,0,0,ran,ran,,True,True,3085,True
tpy365-h4-T12,JA(1.05),CONVERGED,CONVERGED,0,0,0.9183717,14734,14734,0.9557113,0.9557113,0,0,ran,ran,,True,True,3085,True
tpy365-h4-T12,JB(1.05),CONVERGED,CONVERGED,0,0,0.9582075,14541,14541,0.952381,0.952381,0,0,ran,ran,,True,True,3085,True
tpy365-h4-T12,N(1.05),CONVERGED,CONVERGED,0,0,0.9255662,28661,28661,0.9346186,0.9346186,0,0,ran,ran,,True,True,3085,True
tpy365-h4-T12,w*0.95,CONVERGED,CONVERGED,0,0,0.9997406,11888,11888,0.9998766,0.9998766,0,0,ran,ran,,True,True,3085,True
tpy365-h4-T12,r*0.95,CONVERGED,CONVERGED,0,0,0.9952739,22902,22902,0.9972522,0.9972522,0,0,ran,ran,,True,True,3085,True
tpy365-h4-T12,p[fodder]*0.95,CONVERGED,CONVERGED,0,0,0.9212732,14006,14006,0.9547648,0.9547648,0,0,ran,ran,,True,True,3085,True
tpy365-h4-T12,p[horse]*0.95,CONVERGED,CONVERGED,0,0,0.95,9672,9672,0.95,0.95,0,0,ran,ran,,True,True,3085,True
tpy365-h4-T12,p[traction]*0.95,CONVERGED,CONVERGED,0,0,0.9706942,13373,13373,0.9667713,0.9667713,0,0,ran,ran,,True,True,3085,True
tpy365-h4-T12,p[good]*0.95,CONVERGED,CONVERGED,0,0,0.919396,18260,18260,0.9292469,0.9292469,0,0,ran,ran,,True,True,3085,True
tpy365-h4-T12,s*0.95,CONVERGED,CONVERGED,0,0,0.9999218,7074,7074,0.9999609,0.9999609,0,0,ran,ran,,True,True,3085,True
tpy365-h4-T12,JA(0.95),CONVERGED,CONVERGED,0,0,0.8991823,17442,17442,0.9278803,0.9278803,0,0,ran,ran,,True,True,3085,True
tpy365-h4-T12,JB(0.95),CONVERGED,CONVERGED,0,0,0.9172856,20325,20325,0.9356405,0.9356405,0,0,ran,ran,,True,True,3085,True
tpy365-h4-T12,N(0.95),CONVERGED,CONVERGED,0,0,0.9954984,22699,22699,0.9973862,0.9973862,0,0,ran,ran,,True,True,3085,True
tpy365-h4-T12,w*1.2,CONVERGED,CONVERGED,0,0,0.9643896,13108,13108,0.99976,0.99976,0,0,ran,ran,,True,True,3085,True
tpy365-h4-T12,r*1.2,CONVERGED,CONVERGED,0,0,0.5132631,34253,34253,0.5488988,0.5488988,0,0,ran,ran,,True,True,3085,True
tpy365-h4-T12,p[fodder]*1.2,CONVERGED,CONVERGED,0,0,0.7371046,21160,21160,0.8303602,0.8303602,0,0,ran,ran,,True,True,3085,True
tpy365-h4-T12,p[horse]*1.2,CONVERGED,CONVERGED,0,0,0.9575436,8486,8486,0.9574091,0.9574091,0,0,ran,ran,,True,True,3085,True
tpy365-h4-T12,p[traction]*1.2,CONVERGED,CONVERGED,0,0,0.9117593,19257,19257,0.9242652,0.9242652,0,0,ran,ran,,True,True,3085,True
tpy365-h4-T12,p[good]*1.2,CONVERGED,CONVERGED,0,0,0.9988181,15889,15889,0.9993677,0.9993677,0,0,ran,ran,,True,True,3085,True
tpy365-h4-T12,s*1.2,CONVERGED,CONVERGED,0,0,0.9993275,13926,13926,0.9997766,0.9997766,0,0,ran,ran,,True,True,3085,True
tpy365-h4-T12,JA(1.2),CONVERGED,CONVERGED,0,0,0.6815384,21485,21485,0.7779843,0.7779843,0,0,ran,ran,,True,True,3085,True
tpy365-h4-T12,JB(1.2),CONVERGED,CONVERGED,0,0,0.8529279,21049,21049,0.8333333,0.8333333,0,0,ran,ran,,True,True,3085,True
tpy365-h4-T12,N(1.2),CONVERGED,CONVERGED,0,0,0.6727663,34343,34343,0.7020793,0.7020793,0,0,ran,ran,,True,True,3085,True
tpy365-h4-T12,w*0.8,CONVERGED,CONVERGED,0,0,0.9936115,17932,17932,0.9994435,0.9994435,0,0,ran,ran,,True,True,3085,True
tpy365-h4-T12,r*0.8,CONVERGED,CONVERGED,0,0,0.9830723,29314,29314,0.9879742,0.9879742,0,0,ran,ran,,True,True,3085,True
tpy365-h4-T12,p[fodder]*0.8,CONVERGED,CONVERGED,0,0,0.7080065,21071,21071,0.814845,0.814845,0,0,ran,ran,,True,True,3085,True
tpy365-h4-T12,p[horse]*0.8,CONVERGED,CONVERGED,0,0,0.8,14617,14617,0.8,0.8,0,0,ran,ran,,True,True,3085,True
tpy365-h4-T12,p[traction]*0.8,CONVERGED,CONVERGED,0,0,0.8722205,20179,20179,0.8579819,0.8579819,0,0,ran,ran,,True,True,3085,True
tpy365-h4-T12,p[good]*0.8,CONVERGED,CONVERGED,0,0,0.6468502,25687,25687,0.67065,0.67065,0,0,ran,ran,,True,True,3085,True
tpy365-h4-T12,s*0.8,CONVERGED,CONVERGED,0,0,0.9996842,11855,11855,0.9998417,0.9998417,0,0,ran,ran,,True,True,3085,True
tpy365-h4-T12,JA(0.8),CONVERGED,CONVERGED,0,0,0.5941105,24934,24934,0.6694349,0.6694349,0,0,ran,ran,,True,True,3085,True
tpy365-h4-T12,JB(0.8),CONVERGED,CONVERGED,0,0,0.5197879,27836,27836,0.5533363,0.5533363,0,0,ran,ran,,True,True,3085,True
tpy365-h4-T12,N(0.8),CONVERGED,CONVERGED,0,0,0.9837651,29115,29115,0.9885723,0.9885723,0,0,ran,ran,,True,True,3085,True
tpy365-h4-T12,b*1.1@genesis,CONVERGED,CONVERGED,0,0,0.7967945,28616,28616,0.83511,0.83511,0,0,ran,ran,,True,True,3085,True
tpy365-h4-T12,b*1.1@dated,CONVERGED,CONVERGED,0,0,0.7967945,28616,28616,0.83511,0.83511,0,0,ran,ran,,True,True,3856,True
tpy365-h4-T12,b*0.9@genesis,CONVERGED,CONVERGED,0,0,0.9899073,28035,28035,0.9940872,0.9940872,0,0,ran,ran,,True,True,3085,True
tpy365-h4-T12,b*0.9@dated,CONVERGED,CONVERGED,0,0,0.9899073,28035,28035,0.9940872,0.9940872,0,0,ran,ran,,True,True,3856,True
m1-p7-c2,hold,CONVERGED,CONVERGED,0,0,1.0,0,0,1.0,1.0,0,0,ran,ran,,True,True,10002,True
m1-p7-c2,b*0.5@genesis,CONVERGED,CONVERGED,0,0,0.650914,12467,12467,0.6864412,0.6864412,322,322,ran,ran,,True,True,10002,True
m1-p7-c2g,hold,CONVERGED,CONVERGED,0,0,1.0,0,0,1.0,1.0,0,0,ran,ran,,True,True,10002,True
m1-p7-c2g,b*0.5@genesis,CONVERGED,CONVERGED,0,0,0.880808,11818,11818,0.9573161,0.9573161,250,250,ran,ran,,True,True,10002,True
neg-ii-f2,hold,ORBITING,ORBITING,0,0,0.6695827,,,0.6691767,0.6691767,0,0,ran,ran,,True,True,9926,True
neg-ii-f2,w*1.05,ORBITING,ORBITING,0,0,0.6695838,,,0.6691842,0.6691842,0,0,ran,ran,,True,True,9926,True
neg-ii-f2-wkick,w*1.000000001,VACUOUS,VACUOUS,0,0,0.6695831,,,0.6691871,0.6691871,0,0,ran,ran,,True,True,19849,True
neg-ii-h2,hold,ORBITING,ORBITING,0,0,0.6244044,,,0.6295888,0.6295888,0,0,ran,ran,,True,True,2887,True
neg-ii-h2,w*1.05,ORBITING,ORBITING,0,0,0.6244304,,,0.6297311,0.6297311,0,0,ran,ran,,True,True,2887,True
neg-ii-h2-wkick,w*1.000000001,VACUOUS,VACUOUS,0,0,0.6244984,,,0.6298373,0.6298373,0,0,ran,ran,,True,True,5772,True
neg-ii-h4,hold,CONVERGED,CONVERGED,0,0,1.0,0,0,1.0,1.0,0,0,ran,ran,,True,True,2887,True
neg-ii-h4,w*1.05,ORBITING,ORBITING,0,0,0.6387065,,,0.6428237,0.6428237,0,0,ran,ran,,True,True,2887,True
neg-ii-h4-wkick,w*1.000000001,VACUOUS,VACUOUS,0,0,0.6384579,,,0.6424605,0.6424605,0,0,ran,ran,,True,True,5772,True
neg-iii-h1-12,w*1.000000001,DIVERGED,DIVERGED,0,0,0.6388313,,,0.7643597,0.7643597,0,0,ran,ran,the envelope grows: E4 > E3 > E2,True,True,16001,True
neg-iii-h1-24,w*1.000000001,VACUOUS,VACUOUS,0,0,1.0,0,0,1.0,1.0,0,0,ran,ran,,True,True,17002,True
neg-iii-h2-12,w*1.000000001,DEAD,DEAD,0,0,0.2910101,,,0.2912119,0.2912119,5171,5171,ran,ran,,True,True,15001,True
neg-iii-h2-24,w*1.000000001,VACUOUS,VACUOUS,0,0,0.9999088,0,0,0.9999328,0.9999328,0,0,ran,ran,,True,True,16502,True
neg-iii-h3-12,w*1.000000001,VACUOUS,VACUOUS,0,0,0.6382797,,,0.7625716,0.7625716,0,0,ran,ran,,True,True,16001,True
neg-iii-h3-24,w*1.000000001,VACUOUS,VACUOUS,0,0,1.0,0,0,1.0,1.0,0,0,ran,ran,,True,True,17002,True
neg-iii-h4-12,w*1.000000001,DEAD,DEAD,0,0,0.2667185,,,0.2490543,0.2490543,5191,5191,ran,ran,,True,True,15001,True
neg-iii-h4-24,w*1.000000001,VACUOUS,VACUOUS,0,0,0.9999916,0,0,0.9999939,0.9999939,0,0,ran,ran,,True,True,16502,True
neg-iv-h1,hold,DIVERGED,DIVERGED,335,668,0.2269441,,,5.067253e-06,0.2153606,1348,1990,runaway,runaway,the price of horse left the runaway bound at tick 4087: 1.0990661283151892e6 of ,False,False,96,False
neg-iv-h1,b*2@genesis,DIVERGED,DIVERGED,2209,4414,0.2261777,,,4.026208e-06,0.2139727,1803,5974,runaway,runaway,the price of horse left the runaway bound at tick 6159: 9.614104197802404e-7 of ,False,False,27,False
neg-iv-h1-wkick,w*1.000000001,DIVERGED,DIVERGED,334,664,0.2267709,,,1.250913e-05,0.2148486,2056,1988,runaway,runaway,the price of horse left the runaway bound at tick 3421: 1.0676183796365282e6 of ,False,False,1787,False
neg-iv-h2,hold,DIVERGED,DIVERGED,535,994,0.2233974,,,8.717646e-06,0.1700624,1511,2608,runaway,runaway,the price of horse left the runaway bound at tick 5346: 1.0439553666767271e6 of ,False,False,111,False
neg-iv-h2,b*2@genesis,DIVERGED,DIVERGED,557,1002,0.2158702,,,4.810548e-06,0.142038,1719,2831,runaway,runaway,the price of horse left the runaway bound at tick 3137: 1.075565994586651e6 of g,False,False,4,False
neg-iv-h2-wkick,w*1.000000001,DIVERGED,DIVERGED,558,1042,0.2231761,,,9.149433e-06,0.1694249,1541,2682,runaway,runaway,the price of horse left the runaway bound at tick 4544: 1.0150476977453578e6 of ,False,False,1978,False
neg-iv-h3,hold,DIVERGED,DIVERGED,302,600,0.2265511,,,5.708909e-06,0.2130588,1473,1957,runaway,runaway,the price of horse left the runaway bound at tick 3834: 1.0304506853360868e6 of ,False,False,87,False
neg-iv-h3,b*2@genesis,DIVERGED,DIVERGED,353,696,0.2261771,,,3.757419e-06,0.2109301,1931,2617,runaway,runaway,the price of horse left the runaway bound at tick 2922: 1.0109745671558582e6 of ,False,False,35,False
neg-iv-h3-wkick,w*1.000000001,DIVERGED,DIVERGED,297,590,0.2265444,,,5.992528e-06,0.2149563,1475,1942,runaway,runaway,the price of horse left the runaway bound at tick 3280: 1.0237653409805213e6 of ,False,False,1681,False
neg-iv-h4,hold,DIVERGED,DIVERGED,817,1492,0.2228392,,,5.831473e-06,0.1676113,1316,4375,runaway,runaway,the price of horse left the runaway bound at tick 6694: 1.0265624907087088e6 of ,False,False,93,False
neg-iv-h4,b*2@genesis,DIVERGED,DIVERGED,752,1330,0.2158132,,,9.287725e-06,0.1419451,2873,4243,runaway,runaway,the price of horse left the runaway bound at tick 4580: 1.0164126898963138e6 of ,False,False,4,False
neg-iv-h4-wkick,w*1.000000001,DIVERGED,DIVERGED,767,1398,0.2225293,,,5.382655e-06,0.1751644,1302,4153,runaway,runaway,the price of horse left the runaway bound at tick 5787: 1.077523853375043e6 of g,False,False,1685,False
neg-v-f1,hold,CONVERGED,CONVERGED,0,0,1.0,0,0,1.0,1.0,0,0,ran,ran,,True,True,6849,True
neg-v-f1,heads.capacity*2,CONVERGED,CONVERGED,0,0,0.4713574,12226,12226,0.5079213,0.5079213,525,525,ran,ran,,True,True,6849,True
neg-v-f1,b*2@genesis,CONVERGED,CONVERGED,1,2,0.2476503,9383,9383,0.2802552,0.2802552,12,12,ran,ran,,False,False,3,False
neg-v-f1,b*0.5@genesis,CONVERGED,CONVERGED,0,0,0.9997975,10605,10605,0.9950787,0.9950787,0,0,ran,ran,,True,True,6849,True
neg-v-f1,finished.maker*2,CONVERGED,CONVERGED,0,0,0.798176,2003,2003,0.7987041,0.7987041,0,0,ran,ran,,True,True,6849,True
neg-v-f2,hold,CONVERGED,CONVERGED,0,0,1.0,0,0,1.0,1.0,0,0,ran,ran,,True,True,9926,True
neg-v-f2,heads.capacity*2,CONVERGED,CONVERGED,246,300,0.2258277,12583,12539,0.01778358,0.2113137,0,0,ran,ran,,False,False,2,False
neg-v-f2,b*2@genesis,CONVERGED,CONVERGED,45,36,0.2186219,10131,10179,0.009082351,0.2348154,7,7,ran,ran,,False,False,2,False
neg-v-f2,b*0.5@genesis,CONVERGED,CONVERGED,0,0,0.8198884,11329,11329,0.8031769,0.8031769,0,0,ran,ran,,True,True,9926,True
neg-v-f2,finished.maker*2,CONVERGED,CONVERGED,0,0,0.7323739,5641,5641,0.7320487,0.7320487,0,0,ran,ran,,True,True,9926,True
neg-v-h1,hold,CONVERGED,CONVERGED,0,0,1.0,0,0,1.0,1.0,0,0,ran,ran,,True,True,3002,True
neg-v-h1,heads.capacity*2,CONVERGED,CONVERGED,0,0,0.4838004,5080,5080,0.5210869,0.5210869,0,0,ran,ran,,True,True,3002,True
neg-v-h1,b*2@genesis,CONVERGED,CONVERGED,0,0,0.3179164,4592,4592,0.3638134,0.3638134,12,12,ran,ran,,True,True,3002,True
neg-v-h1,b*0.5@genesis,CONVERGED,CONVERGED,0,0,0.9999959,4418,4418,0.9999441,0.9999441,0,0,ran,ran,,True,True,3002,True
neg-v-h1,finished.maker*2,CONVERGED,CONVERGED,0,0,0.7957191,1612,1612,0.7962517,0.7962517,0,0,ran,ran,,True,True,3002,True
neg-v-h2,hold,CONVERGED,CONVERGED,0,0,1.0,0,0,1.0,1.0,0,0,ran,ran,,True,True,2887,True
neg-v-h2,heads.capacity*2,CONVERGED,CONVERGED,49,86,0.2284704,4704,4695,0.02904533,0.2104911,0,0,ran,ran,,False,False,2,False
neg-v-h2,b*2@genesis,CONVERGED,CONVERGED,37,28,0.2120345,4196,4235,0.01267335,0.2336368,7,7,ran,ran,,False,False,2,False
neg-v-h2,b*0.5@genesis,CONVERGED,CONVERGED,0,0,0.9093306,4253,4253,0.9108765,0.9108765,0,0,ran,ran,,True,True,2887,True
neg-v-h2,finished.maker*2,CONVERGED,CONVERGED,0,0,0.7291369,2543,2543,0.7288643,0.7288643,0,0,ran,ran,,True,True,2887,True
neg-v-h3,hold,CONVERGED,CONVERGED,0,0,1.0,0,0,1.0,1.0,0,0,ran,ran,,True,True,3002,True
neg-v-h3,heads.capacity*2,CONVERGED,CONVERGED,0,0,0.4793926,6330,6330,0.516421,0.516421,0,0,ran,ran,,True,True,3002,True
neg-v-h3,b*2@genesis,CONVERGED,CONVERGED,0,0,0.291669,5449,5449,0.330463,0.330463,12,12,ran,ran,,True,True,3002,True
neg-v-h3,b*0.5@genesis,CONVERGED,CONVERGED,0,0,0.9999613,5426,5426,0.9996823,0.9996823,0,0,ran,ran,,True,True,3002,True
neg-v-h3,finished.maker*2,CONVERGED,CONVERGED,0,0,0.7965402,1734,1734,0.7970712,0.7970712,0,0,ran,ran,,True,True,3002,True
neg-v-h4,hold,CONVERGED,CONVERGED,0,0,1.0,0,0,1.0,1.0,0,0,ran,ran,,True,True,2887,True
neg-v-h4,heads.capacity*2,CONVERGED,CONVERGED,69,126,0.227149,6009,5998,0.02520026,0.2113637,0,0,ran,ran,,False,False,2,False
neg-v-h4,b*2@genesis,CONVERGED,CONVERGED,39,32,0.2269301,5224,5263,0.01139308,0.2285478,7,7,ran,ran,,False,False,2,False
neg-v-h4,b*0.5@genesis,CONVERGED,CONVERGED,0,0,0.8873378,5399,5399,0.8893402,0.8893402,0,0,ran,ran,,True,True,2887,True
neg-v-h4,finished.maker*2,CONVERGED,CONVERGED,0,0,0.7302144,3114,3114,0.7299242,0.7299242,0,0,ran,ran,,True,True,2887,True
