inst,set,run,tier,slack,cls_mirror,cls_engine,ttol_mirror,ttol_engine,runaway_mirror,runaway_engine,baskets_trough_mirror,baskets_trough_engine,dead_mirror,dead_engine,switches_mirror,switches_engine,regime_end_mirror,regime_end_engine,regime_star_mirror,regime_star_engine,ro_end_mirror,ro_end_engine,peak_mirror,peak_engine,worst_fill_mirror,worst_fill_engine,transfer_ticks_mirror,transfer_ticks_engine,provider_coin_low_mirror,provider_coin_low_engine,tp_high_mirror,tp_high_engine,end_gap_mirror,end_gap_engine,ticks_Commons_mirror,ticks_Commons_engine,ticks_Crowded_mirror,ticks_Crowded_engine,ticks_Enclosed_mirror,ticks_Enclosed_engine,ticks_run_mirror
c1,L,p[labour]*0.95,1,False,CONVERGED,CONVERGED,315,315,-,-,0.8133482585693328,0.8133483,0,0,0,0,Crowded,Crowded,Crowded,Crowded,0.43792004726673706,0.43792004726673484,213.1182347703807,213.1182,0.7585843390309852,0.7585843,0,0,0.7708823246660034,0.7708823,0.0,0.0,-,1.776357e-15,0,0,4001,141000,0,0,4001
c1,L,p[labour]*1.05,1,False,CONVERGED,CONVERGED,326,326,-,-,0.8856387187162684,0.8856387,0,0,0,0,Crowded,Crowded,Crowded,Crowded,0.43792004726673417,0.4379200472667359,124.63772574640205,124.6377,0.8560611164013905,0.8560611,0,0,0.8682770282705454,0.868277,0.0,0.0,-,3.996803e-15,0,0,4001,141000,0,0,4001
c1,L,p[labour]*0.8,2,False,CONVERGED,CONVERGED,464,464,-,-,0.4263359623481337,0.426336,12,12,5,5,Crowded,Crowded,Crowded,Crowded,0.4379200472667291,0.4379200472667348,895.7729925732043,895.773,0.3424568521525414,0.3424569,40,40,0.35359782119472843,0.3535978,0.024943447106229477,0.02494345,-,3.663736e-15,11,11,3953,140952,37,37,4001
c1,L,p[land]*0.95,1,False,CONVERGED,CONVERGED,239,239,-,-,0.942325015138977,0.942325,0,0,0,0,Crowded,Crowded,Crowded,Crowded,0.43792004726672723,0.4379200472667359,59.40503722698164,59.40504,0.943930703117114,0.9439307,0,0,0.9147700341717606,0.91477,0.0,0.0,-,5.107026e-15,0,0,4001,141000,0,0,4001
c1,L,p[labour]*1.2,2,False,CONVERGED,CONVERGED,411,411,-,-,0.731086454595303,0.7310865,0,0,1,1,Crowded,Crowded,Crowded,Crowded,0.4379200472667329,0.43792004726673245,325.954402044306,325.9544,0.6747690645117377,0.6747691,0,0,0.6382755066369636,0.6382755,0.0,0.0,-,3.663736e-15,4,4,3997,140996,0,0,4001
c1,L,p[labour]*2,3,False,CONVERGED,CONVERGED,302,302,-,-,0.5434512447050177,0.5434512,0,0,3,3,Crowded,Crowded,Crowded,Crowded,0.43792004726672523,0.4379200472667347,693.1471805599452,693.1472,0.48393354735491956,0.337458,21,21,0.40353259647531176,0.4035326,0.009410594335375333,0.009410594,-,6.217249e-15,11,11,3969,140968,21,21,4001
c1,L,p[labour]*0.5,3,False,CONVERGED,CONVERGED,624,624,-,-,0.0,0.0,83,83,3,3,Crowded,Crowded,Crowded,Crowded,0.4379200472667343,0.43792004726673556,inf,inf,0.0,0.0,99,99,0.13042801867770568,0.130428,0.05539208339514334,0.05539208,-,5.77316e-15,82,82,3862,140861,57,57,4001
c1,L,p[land]*1.05,1,False,CONVERGED,CONVERGED,414,414,-,-,0.838587093680976,0.8385871,0,0,0,0,Crowded,Crowded,Crowded,Crowded,0.4379200472667346,0.4379200472667341,176.0368346799383,176.0368,0.8494275662846358,0.8494276,0,0,0.7690584162409838,0.7690584,0.0,0.0,-,1.9984009999999997e-15,0,0,4001,141000,0,0,4001
c1,L,p[land]*2,3,False,CONVERGED,CONVERGED,702,702,-,-,0.014764743441613439,0.01476474,154,154,3,3,Crowded,Crowded,Crowded,Crowded,0.43792004726673484,0.4379200472667312,6868.537722516189,6868.538,0.04105633971563722,0.03985075,171,171,0.08525946825764188,0.08525947,0.07027165035051508,0.07027165,-,5.107026e-15,119,119,3793,140792,89,89,4001
c1,L,p[land]*1.2,2,False,CONVERGED,CONVERGED,354,354,-,-,0.3505553767951108,0.3505554,34,34,2,2,Crowded,Crowded,Crowded,Crowded,0.4379200472667343,0.4379200472667328,1048.2365912778805,1048.237,0.47658702946880716,0.476587,57,57,0.3928255820624042,0.3928256,0.03581759747226265,0.0358176,-,5.107026e-15,0,0,3948,140947,53,53,4001
c1,L,p[land]*0.8,2,False,CONVERGED,CONVERGED,531,531,-,-,0.7731017222431933,0.7731017,0,0,2,2,Crowded,Crowded,Crowded,Crowded,0.4379200472667298,0.437920047266735,393.00211604486265,393.0021,0.7770467478138391,0.7770467,0,0,0.6489119164192028,0.6489119,0.0,0.0,-,3.552714e-15,38,38,3963,140962,0,0,4001
c1,L,p[land]*0.5,3,False,CONVERGED,CONVERGED,578,578,-,-,0.4004763013709431,0.4004763,20,20,4,4,Crowded,Crowded,Crowded,Crowded,0.4379200472667331,0.4379200472667365,1141.3540933976885,1141.354,0.410085988185871,0.410086,20,20,0.26237365986351996,0.2623737,0.0025033070615320674,0.002503307,-,1.9984009999999997e-15,82,82,3901,140900,18,18,4001
c1,L,p[manufactures]*1.05,1,False,CONVERGED,CONVERGED,142,142,-,-,0.9917762322163354,0.9917762,0,0,0,0,Crowded,Crowded,Crowded,Crowded,0.4379200472667336,0.4379200472667321,48.790164169432046,48.79016,0.9915375397621363,0.969523,0,0,0.9886988306353355,0.9886988,0.0,0.0,-,4.440892e-15,0,0,4001,141000,0,0,4001
c1,L,p[manufactures]*0.8,2,False,CONVERGED,CONVERGED,442,442,-,-,0.7337887666786455,0.7337888,0,0,0,0,Crowded,Crowded,Crowded,Crowded,0.43792004726673184,0.43792004726673434,309.53407560188975,309.5341,0.7323896626574435,0.7323897,0,0,0.822244028740292,0.822244,0.0,0.0,-,2.442491e-15,0,0,4001,141000,0,0,4001
c1,L,p[food]*0.95,1,False,CONVERGED,CONVERGED,352,352,-,-,0.93106300848898,0.931063,0,0,0,0,Crowded,Crowded,Crowded,Crowded,0.4379200472667365,0.4379200472667351,71.42832570407866,71.42833,0.9325395803499331,0.9325396,0,0,0.9229708790350909,0.9229709,0.0,0.0,-,5.329071e-15,0,0,4001,141000,0,0,4001
c1,L,p[food]*1.2,2,False,CONVERGED,CONVERGED,335,335,-,-,0.8605850939103867,0.8605851,0,0,0,0,Crowded,Crowded,Crowded,Crowded,0.4379200472667257,0.4379200472667358,182.3215567939544,182.3216,0.888229067385386,0.8252297,0,0,0.8761576071534432,0.8761576,0.0,0.0,-,2.220446e-15,0,0,4001,141000,0,0,4001
c1,L,p[manufactures]*2,3,False,CONVERGED,CONVERGED,340,340,-,-,0.8551023282628667,0.8551023,0,0,0,0,Crowded,Crowded,Crowded,Crowded,0.4379200472667332,0.4379200472667311,693.1471805599452,693.1472,0.8533298881948786,0.632111,0,0,0.7750834642323537,0.7750835,0.0,0.0,-,4.218847e-15,0,0,4001,141000,0,0,4001
c1,L,p[manufactures]*0.5,3,False,CONVERGED,CONVERGED,476,476,-,-,0.36552241507530553,0.3655224,32,32,2,2,Crowded,Crowded,Crowded,Crowded,0.4379200472667358,0.43792004726673583,1006.4276745173181,1006.428,0.3628874958392099,0.3628875,5,5,0.45676778966602494,0.4567678,0.0025377259989288747,0.002537726,-,1.776357e-15,0,0,3986,140985,15,15,4001
c1,L,p[food]*0.8,2,False,CONVERGED,CONVERGED,456,456,-,-,0.7240211655429515,0.7240212,0,0,3,3,Crowded,Crowded,Crowded,Crowded,0.4379200472667332,0.4379200472667285,322.93465284838334,322.9347,0.7367571501900803,0.7367572,0,0,0.6030007751385373,0.6030008,0.002837033872086947,0.002837034,-,4.107825e-15,4,4,3978,140977,19,19,4001
c1,L,p[care]*0.95,1,False,CONVERGED,CONVERGED,291,291,-,-,0.9313688517314281,0.9313689,0,0,0,0,Crowded,Crowded,Crowded,Crowded,0.43792004726673417,0.4379200472667398,71.0998914115498,71.09989,0.9314911152517673,0.9314911,0,0,0.9759910216700316,0.975991,0.0,0.0,-,4.662937e-15,0,0,4001,141000,0,0,4001
c1,L,p[food]*1.05,1,False,CONVERGED,CONVERGED,302,302,-,-,0.9612507763836665,0.9612508,0,0,0,0,Crowded,Crowded,Crowded,Crowded,0.43792004726673533,0.4379200472667359,48.790164169432046,48.79016,0.9688539954686595,0.9500095,0,0,0.9681770108302414,0.968177,0.0,0.0,-,1.9984009999999997e-15,0,0,4001,141000,0,0,4001
c1,L,p[food]*0.5,3,False,CONVERGED,CONVERGED,522,522,-,-,0.4276077489509607,0.4276077,31,31,5,5,Crowded,Crowded,Crowded,Crowded,0.43792004726673206,0.4379200472667311,849.5489780334252,849.549,0.33223072372187534,0.3322307,45,45,0.43555959483758666,0.4355596,0.03531478264202803,0.03531478,-,4.884981e-15,29,29,3917,140916,55,55,4001
c1,L,p[manufactures]*1.2,2,False,CONVERGED,CONVERGED,305,305,-,-,0.9678287609175785,0.9678288,0,0,0,0,Crowded,Crowded,Crowded,Crowded,0.4379200472667326,0.43792004726672745,182.32155679395458,182.3216,0.9669805558441714,0.890055,0,0,0.9548915281548324,0.9548915,0.0,0.0,-,4.662937e-15,0,0,4001,141000,0,0,4001
c1,L,p[food]*2,3,False,CONVERGED,CONVERGED,503,503,-,-,0.15099625786852847,0.1509963,31,31,1,1,Crowded,Crowded,Crowded,Crowded,0.4379200472667311,0.43792004726673084,1890.5002248019257,1890.5,0.16267885661415898,0.1626789,43,43,0.4093803583112455,0.4093804,0.05395571395937926,0.05395571,-,5.218048e-15,0,0,3960,140959,41,41,4001
c1,L,p[manufactures]*0.95,1,False,CONVERGED,CONVERGED,341,341,-,-,0.9324420748146984,0.9324421,0,0,0,0,Crowded,Crowded,Crowded,Crowded,0.43792004726673456,0.4379200472667357,69.9482475547605,69.94825,0.932037749271245,0.9320377,0,0,0.9587988564369453,0.9587989,0.0,0.0,-,3.108624e-15,0,0,4001,141000,0,0,4001
c1,L,p[care]*1.05,1,False,CONVERGED,CONVERGED,140,140,-,-,0.9881432884488767,0.9881433,0,0,0,0,Crowded,Crowded,Crowded,Crowded,0.43792004726672684,0.4379200472667352,48.790164169432046,48.79016,0.9853208704931501,0.9610179,0,0,0.9868885453991021,0.9868885,0.0,0.0,-,4.440892e-15,0,0,4001,141000,0,0,4001
c1,L,p[care]*1.2,2,False,CONVERGED,CONVERGED,323,323,-,-,0.9338154393498028,0.9338154,0,0,0,0,Crowded,Crowded,Crowded,Crowded,0.4379200472667328,0.4379200472667371,182.32155679395458,182.3216,0.9283201192158318,0.8791883,0,0,0.9022736752281454,0.9022737,0.0,0.0,-,3.108624e-15,0,0,4001,141000,0,0,4001
c1,L,p[care]*0.8,2,False,CONVERGED,CONVERGED,370,370,-,-,0.7314055142690402,0.7314055,0,0,0,0,Crowded,Crowded,Crowded,Crowded,0.4379200472667319,0.4379200472667367,312.78723396106807,312.7872,0.7357273543221953,0.7357274,0,0,0.8791968432605272,0.8791968,0.0,0.0,-,2.997602e-15,0,0,4001,141000,0,0,4001
c1,L,p[care]*2,3,False,CONVERGED,CONVERGED,424,424,-,-,0.6360933590498407,0.6360934,0,0,2,2,Crowded,Crowded,Crowded,Crowded,0.43792004726672945,0.43792004726672856,693.1471805599452,693.1472,0.5965823190655295,0.5592659,14,14,0.42179794859877157,0.4217979,0.0003506406029554765,0.0003506406,-,3.441691e-15,0,0,3997,140996,4,4,4001
c1,L,p[care]*0.5,3,False,CONVERGED,CONVERGED,518,518,-,-,0.36066852478236894,0.3606685,33,33,0,0,Crowded,Crowded,Crowded,Crowded,0.4379200472667297,0.4379200472667337,1019.7959563651249,1019.796,0.36670792850885736,0.3667079,5,5,0.4506166507285365,0.4506167,0.0,0.0,-,5.995204e-15,0,0,4001,141000,0,0,4001
c1,L,p[shelter]*1.05,1,False,CONVERGED,CONVERGED,355,355,-,-,0.9500107995980551,0.9500108,0,0,0,0,Crowded,Crowded,Crowded,Crowded,0.437920047266733,0.4379200472667357,51.28192645421274,51.28193,0.9629202547231825,0.9505011,0,0,0.9361208946409562,0.9361209,0.0,0.0,-,5.551115e-15,0,0,4001,141000,0,0,4001
c1,L,p[shelter]*0.95,1,False,CONVERGED,CONVERGED,375,375,-,-,0.9319137507771752,0.9319138,0,0,0,0,Crowded,Crowded,Crowded,Crowded,0.4379200472667363,0.43792004726673267,70.51501066340474,70.51501,0.9273779622137688,0.927378,0,0,0.9450469564418895,0.945047,0.0,0.0,-,5.551115e-15,0,0,4001,141000,0,0,4001
c1,L,p[shelter]*1.2,2,False,CONVERGED,CONVERGED,454,454,-,-,0.82715525930693,0.8271553,0,0,0,0,Crowded,Crowded,Crowded,Crowded,0.4379200472667338,0.43792004726673306,189.7628636020735,189.7629,0.8691334849524625,0.8267341,0,0,0.7513064259545188,0.7513064,0.0,0.0,-,5.995204e-15,0,0,4001,141000,0,0,4001
c1,L,p[shelter]*0.8,2,False,CONVERGED,CONVERGED,408,408,-,-,0.7128150764620341,0.7128151,0,0,0,0,Crowded,Crowded,Crowded,Crowded,0.43792004726673517,0.43792004726673295,338.53325200820404,338.5333,0.714751887935422,0.7147519,0,0,0.7230440120621883,0.723044,0.0,0.0,-,4.884981e-15,0,0,4001,141000,0,0,4001
c1,L,p[shelter]*2,3,False,CONVERGED,CONVERGED,549,549,-,-,0.29005465678427844,0.2900547,34,34,5,5,Crowded,Crowded,Crowded,Crowded,0.43792004726673045,0.4379200472667312,1237.6859020902452,1237.686,0.45876363000283976,0.4575137,61,61,0.39640079391565514,0.3964008,0.038794327211868596,0.03879433,-,3.885781e-15,32,32,3902,140901,67,67,4001
c1,L,p[mach]*0.5,3,False,CONVERGED,CONVERGED,739,739,-,-,0.011349189152140025,0.01134919,181,181,4,4,Crowded,Crowded,Crowded,Crowded,0.4379200472667367,0.4379200472667288,10700.0,10700.0,0.02747382111329948,0.02747382,206,206,0.06750317504301367,0.06750318,0.07140729511148658,0.0714073,-,3.7747579999999994e-15,131,131,3755,140754,115,115,4001
c1,L,p[shelter]*0.5,3,False,CONVERGED,CONVERGED,429,429,-,-,0.2733735199368861,0.2733735,30,30,6,6,Crowded,Crowded,Crowded,Crowded,0.43792004726673545,0.43792004726673206,1296.9162140396013,1296.916,0.28739197974536657,0.287392,35,35,0.39673669556733926,0.3967367,0.006690956559324279,0.006690957,-,3.108624e-15,6,6,3967,140966,28,28,4001
c1,L,p[mach]*1.05,1,False,CONVERGED,CONVERGED,309,309,-,-,0.8385569297032534,0.8385569,0,0,0,0,Crowded,Crowded,Crowded,Crowded,0.4379200472667335,0.43792004726673256,176.9649454505117,176.9649,0.7962068534999038,0.7962069,0,0,0.840809036653794,0.840809,0.0,0.0,-,3.441691e-15,0,0,4001,141000,0,0,4001
c1,L,p[mach]*1.2,2,False,CONVERGED,CONVERGED,284,284,-,-,0.53743666266561,0.5374367,0,0,0,0,Crowded,Crowded,Crowded,Crowded,0.4379200472667347,0.4379200472667343,628.11911745463,628.1191,0.4642852465894177,0.4642852,7,7,0.42228008748032086,0.4222801,0.0,0.0,-,2.664535e-15,0,0,4001,141000,0,0,4001
c1,L,s[manufactures]*0.8,2,True,CONVERGED,CONVERGED,105,105,-,-,0.999999999999998,1.0,0,0,0,0,Crowded,Crowded,Crowded,Crowded,0.43792004726673606,0.4379200472667346,211.02463900491762,211.0246,0.9999999999999973,1.0,0,0,0.9999999999999989,1.0,0.0,0.0,-,2.442491e-15,0,0,4001,141000,0,0,4001
c1,L,p[mach]*0.95,1,False,CONVERGED,CONVERGED,433,433,-,-,0.7356701870515892,0.7356702,0,0,2,2,Crowded,Crowded,Crowded,Crowded,0.4379200472667363,0.43792004726673733,310.8283553036032,310.8284,0.7064174411025128,0.7064174,0,0,0.5373712024287707,0.5373712,0.00550177588020373,0.005501776,-,5.329071e-15,0,0,3982,140981,19,19,4001
c1,L,p[mach]*0.8,2,False,CONVERGED,CONVERGED,551,551,-,-,0.1903034390550534,0.1903034,88,88,4,4,Crowded,Crowded,Crowded,Crowded,0.43792004726673533,0.43792004726673683,1659.1354330879215,1659.135,0.3061807128878928,0.3061807,86,86,0.32383537572224447,0.3238354,0.05279389372175747,0.05279389,-,1.554312e-15,39,39,3889,140888,73,73,4001
c1,L,p[mach]*2,3,False,CONVERGED,CONVERGED,512,512,-,-,0.1577373963360942,0.1577374,39,39,4,4,Crowded,Crowded,Crowded,Crowded,0.43792004726673284,0.43792004726673395,1846.8236771958484,1846.824,0.1265967606805124,0.1265968,57,57,0.2636343012884217,0.2636343,0.0,0.0,-,2.220446e-15,105,105,3896,140895,0,0,4001
c1,L,s[manufactures]*0.95,1,True,CONVERGED,CONVERGED,78,78,-,-,0.999999999999998,1.0,0,0,0,0,Crowded,Crowded,Crowded,Crowded,0.43792004726673606,0.4379200472667346,48.729710783062195,48.72971,0.9999999999999973,1.0,0,0,0.9999999999999989,1.0,0.0,0.0,-,2.442491e-15,0,0,4001,141000,0,0,4001
c1,L,s[food]*0.5,3,False,CONVERGED,CONVERGED,318,318,-,-,0.9600932382948645,0.9600932,0,0,0,0,Crowded,Crowded,Crowded,Crowded,0.43792004726673195,0.4379200472667334,645.5285828834769,645.5286,0.967423529909923,0.9674235,0,0,0.9696911004914179,0.9696911,0.0,0.0,-,5.995204e-15,0,0,4001,141000,0,0,4001
c1,L,s[food]*1.05,1,False,CONVERGED,CONVERGED,328,328,-,-,0.8102174795735066,0.8102175,0,0,0,0,Crowded,Crowded,Crowded,Crowded,0.4379200472667363,0.4379200472667322,220.6675221843213,220.6675,0.7776079533596709,0.777608,0,0,0.8336227130439501,0.8336227,0.0,0.0,-,4.773959e-15,0,0,4001,141000,0,0,4001
c1,L,s[manufactures]*0.5,3,True,CONVERGED,CONVERGED,124,124,-,-,0.999999999999998,1.0,0,0,0,0,Crowded,Crowded,Crowded,Crowded,0.43792004726673606,0.4379200472667346,645.5285828834769,645.5286,0.9999999999999973,1.0,0,0,0.9999999999999989,1.0,0.0,0.0,-,2.442491e-15,0,0,4001,141000,0,0,4001
c1,L,s[food]*0.95,1,False,CONVERGED,CONVERGED,311,311,-,-,0.9301445162442867,0.9301445,0,0,0,0,Crowded,Crowded,Crowded,Crowded,0.43792004726673406,0.4379200472667352,74.40913055733844,74.40913,0.908201404330328,0.9082014,0,0,0.9227350493765296,0.922735,0.0,0.0,-,4.440892e-15,0,0,4001,141000,0,0,4001
c1,L,s[manufactures]*2,3,True,CONVERGED,CONVERGED,138,138,-,-,0.999999999999998,1.0,0,0,0,0,Crowded,Crowded,Crowded,Crowded,0.43792004726673606,0.4379200472667346,668.4596480132863,668.4596,0.9999999999999973,1.0,0,0,0.9999999999999989,1.0,0.0,0.0,-,1.9984009999999997e-15,0,0,4001,141000,0,0,4001
c1,L,s[food]*0.8,2,False,CONVERGED,CONVERGED,317,317,-,-,0.949170427934174,0.9491704,0,0,0,0,Crowded,Crowded,Crowded,Crowded,0.4379200472667351,0.4379200472667365,211.02463900491762,211.0246,0.9431024520459864,0.9431025,0,0,0.9395183352524066,0.9395183,0.0,0.0,-,4.440892e-15,0,0,4001,141000,0,0,4001
c1,L,s[food]*1.2,2,False,CONVERGED,CONVERGED,465,465,-,-,0.45907208482867723,0.4590721,2,2,2,2,Crowded,Crowded,Crowded,Crowded,0.43792004726673117,0.4379200472667309,838.0718594361742,838.0719,0.4232545680570476,0.4232546,0,0,0.5552370972727065,0.5552371,0.009744779350488897,0.009744779,-,3.885781e-15,0,0,3982,140981,19,19,4001
c1,L,s[food]*2,3,False,CONVERGED,CONVERGED,481,481,-,-,0.0,0.0,25,25,6,6,Crowded,Crowded,Crowded,Crowded,0.4379200472667299,0.43792004726673067,inf,inf,0.0,0.0,42,42,0.29585045827947676,0.2958505,0.037191079897937795,0.03719108,-,4.218847e-15,25,25,3947,140946,29,29,4001
c1,L,s[manufactures]*1.2,2,True,CONVERGED,CONVERGED,105,105,-,-,0.999999999999998,1.0,0,0,0,0,Crowded,Crowded,Crowded,Crowded,0.43792004726673606,0.4379200472667346,174.1599117457398,174.1599,0.9999999999999973,1.0,0,0,0.9999999999999989,1.0,0.0,0.0,-,1.9984009999999997e-15,0,0,4001,141000,0,0,4001
c1,L,s[manufactures]*1.05,1,True,CONVERGED,CONVERGED,78,78,-,-,0.999999999999998,1.0,0,0,0,0,Crowded,Crowded,Crowded,Crowded,0.43792004726673606,0.4379200472667346,46.46505483938295,46.46505,0.9999999999999973,1.0,0,0,0.9999999999999989,1.0,0.0,0.0,-,1.9984009999999997e-15,0,0,4001,141000,0,0,4001
c1,L,s[care]*1.05,1,True,CONVERGED,CONVERGED,78,78,-,-,0.999999999999998,1.0,0,0,0,0,Crowded,Crowded,Crowded,Crowded,0.43792004726673606,0.4379200472667346,46.46505483938295,46.46505,0.9999999999999973,1.0,0,0,0.9999999999999989,1.0,0.0,0.0,-,1.9984009999999997e-15,0,0,4001,141000,0,0,4001
c1,L,s[shelter]*2,3,False,CONVERGED,CONVERGED,481,481,-,-,0.4339016708908929,0.4339017,4,4,2,2,Crowded,Crowded,Crowded,Crowded,0.43792004726672884,0.4379200472667348,896.6278262964468,896.6278,0.39927274239565763,0.3992727,8,8,0.43163479483590805,0.4316348,0.007484194334895222,0.007484194,-,1.9984009999999997e-15,0,0,3987,140986,14,14,4001
c1,L,s[shelter]*1.2,2,False,CONVERGED,CONVERGED,319,319,-,-,0.8347963086934298,0.8347963,0,0,0,0,Crowded,Crowded,Crowded,Crowded,0.43792004726673234,0.43792004726673384,188.89967344071582,188.8997,0.8053445743750673,0.8053446,0,0,0.8800493666558057,0.8800494,0.0,0.0,-,4.662937e-15,0,0,4001,141000,0,0,4001
c1,L,s[care]*1.2,2,True,CONVERGED,CONVERGED,105,105,-,-,0.999999999999998,1.0,0,0,0,0,Crowded,Crowded,Crowded,Crowded,0.43792004726673606,0.4379200472667346,174.1599117457398,174.1599,0.9999999999999973,1.0,0,0,0.9999999999999989,1.0,0.0,0.0,-,1.9984009999999997e-15,0,0,4001,141000,0,0,4001
c1,L,s[care]*0.5,3,False,CONVERGED,CONVERGED,341,341,-,-,0.737288527733773,0.7372885,0,0,0,0,Crowded,Crowded,Crowded,Crowded,0.4379200472667261,0.4379200472667264,645.5285828834769,645.5286,0.6730346012056617,0.6730346,0,0,0.6622064372850672,0.6622064,0.0,0.0,-,5.551115e-15,0,0,4001,141000,0,0,4001
c1,L,s[care]*0.8,2,False,CONVERGED,CONVERGED,317,317,-,-,0.8903788316460731,0.8903788,0,0,0,0,Crowded,Crowded,Crowded,Crowded,0.4379200472667373,0.43792004726673595,211.02463900491762,211.0246,0.8566646414372441,0.8566646,0,0,0.8793364212934904,0.8793364,0.0,0.0,-,4.440892e-15,0,0,4001,141000,0,0,4001
c1,L,s[shelter]*0.8,2,False,CONVERGED,CONVERGED,106,106,-,-,0.9942614057248865,0.9942614,0,0,0,0,Crowded,Crowded,Crowded,Crowded,0.437920047266737,0.43792004726673933,211.02463900491762,211.0246,0.9922565385867158,0.9922565,0,0,0.9935304351577694,0.9935304,0.0,0.0,-,5.77316e-15,0,0,4001,141000,0,0,4001
c1,L,JB(1.05),1,False,CONVERGED,CONVERGED,343,343,-,-,0.6552327125216343,0.6552327,0,0,2,2,Crowded,Crowded,Crowded,Crowded,0.43792004726673495,0.43792004726673345,422.76482015354327,422.7648,0.6194848599162422,0.6194849,11,11,0.44582836181201013,0.4458284,0.0099384316367635,0.009938432,-,1.776357e-15,0,0,3977,140976,24,24,4001
c1,L,s[care]*0.95,1,False,CONVERGED,CONVERGED,260,260,-,-,0.9747336830890567,0.9747337,0,0,0,0,Crowded,Crowded,Crowded,Crowded,0.4379200472667311,0.4379200472667304,48.729710783062195,48.72971,0.9660691994583858,0.9660692,0,0,0.9742111181998214,0.9742111,0.0,0.0,-,5.107026e-15,0,0,4001,141000,0,0,4001
c1,L,s[shelter]*0.5,3,False,CONVERGED,CONVERGED,122,122,-,-,0.9942614057248865,0.9942614,0,0,0,0,Crowded,Crowded,Crowded,Crowded,0.43792004726673334,0.4379200472667324,645.5285828834769,645.5286,0.9922565385867158,0.9922565,0,0,0.9935304351577694,0.9935304,0.0,0.0,-,6.8833830000000005e-15,0,0,4001,141000,0,0,4001
c1,L,JA(0.95),1,False,CONVERGED,CONVERGED,431,431,-,-,0.749262860316967,0.7492629,0,0,2,2,Crowded,Crowded,Crowded,Crowded,0.4379200472667328,0.4379200472667366,288.66540867912556,288.6654,0.7217962322168373,0.7217962,0,0,0.6091526147440203,0.6091526,0.0045703816221976945,0.004570382,-,3.330669e-15,0,0,3980,140979,21,21,4001
c1,L,s[care]*2,3,True,CONVERGED,CONVERGED,138,138,-,-,0.999999999999998,1.0,0,0,0,0,Crowded,Crowded,Crowded,Crowded,0.43792004726673606,0.4379200472667346,668.4596480132863,668.4596,0.9999999999999973,1.0,0,0,0.9999999999999989,1.0,0.0,0.0,-,1.9984009999999997e-15,0,0,4001,141000,0,0,4001
c1,L,s[shelter]*1.05,1,False,CONVERGED,CONVERGED,292,292,-,-,0.9552308107235363,0.9552308,0,0,0,0,Crowded,Crowded,Crowded,Crowded,0.43792004726673145,0.43792004726673206,48.0210711244783,48.02107,0.9456370131434964,0.945637,0,0,0.9662494774770728,0.9662495,0.0,0.0,-,5.995204e-15,0,0,4001,141000,0,0,4001
c1,L,JA(1.05),1,False,CONVERGED,CONVERGED,308,308,-,-,0.7816924327190696,0.7816924,0,0,0,0,Crowded,Crowded,Crowded,Crowded,0.43792004726673267,0.4379200472667331,248.2532819576631,248.2533,0.8008531509685889,0.8008532,0,0,0.8653156351291245,0.8653156,0.0,0.0,-,3.330669e-15,0,0,4001,141000,0,0,4001
c1,L,JA(1.2),2,False,CONVERGED,CONVERGED,329,329,-,-,0.3983997275669909,0.3983997,3,3,0,0,Crowded,Crowded,Crowded,Crowded,0.43792004726672457,0.43792004726673517,921.568109353683,921.5681,0.4565712689657593,0.4565713,0,0,0.4840437906817697,0.4840438,0.0,0.0,-,1.554312e-15,0,0,4001,141000,0,0,4001
c1,L,JB(0.5),3,False,CONVERGED,CONVERGED,610,610,-,-,0.0,0.0,68,68,6,6,Crowded,Crowded,Crowded,Crowded,0.43792004726672995,0.43792004726673206,inf,inf,0.0,0.0,78,78,0.1137074019695891,0.1137074,0.014685864551915007,0.01468586,-,3.996803e-15,117,117,3872,140871,12,12,4001
c1,L,JA(2),3,False,CONVERGED,CONVERGED,487,487,-,-,0.0,0.0,24,24,2,2,Crowded,Crowded,Crowded,Crowded,0.43792004726673056,0.437920047266728,inf,inf,0.0,0.0,50,50,0.32557287549896613,0.3255729,0.0,0.0,-,6.217249e-15,96,96,3905,140904,0,0,4001
c1,L,JA(0.5),3,False,CONVERGED,CONVERGED,735,735,-,-,0.009361077573436365,0.009361078,174,174,4,4,Crowded,Crowded,Crowded,Crowded,0.437920047266736,0.43792004726673733,9391.351102765173,9391.351,0.0184124903376166,0.01841249,196,196,0.04688315941493031,0.04688316,0.07073390907897226,0.07073391,-,3.996803e-15,130,130,3760,140759,111,111,4001
c1,L,s[shelter]*0.95,1,False,CONVERGED,CONVERGED,107,107,-,-,0.9942614057248865,0.9942614,0,0,0,0,Crowded,Crowded,Crowded,Crowded,0.4379200472667355,0.4379200472667454,48.729710783062195,48.72971,0.9922565385867158,0.9922565,0,0,0.9935304351577694,0.9935304,0.0,0.0,-,6.8833830000000005e-15,0,0,4001,141000,0,0,4001
c1,L,JA(0.8),2,False,CONVERGED,CONVERGED,557,557,-,-,0.1433242919515502,0.1433243,96,96,4,4,Crowded,Crowded,Crowded,Crowded,0.4379200472667351,0.4379200472667342,1965.9612608226525,1965.961,0.23704074937816833,0.2370407,94,94,0.27943202195457767,0.279432,0.05723638206498449,0.05723638,-,2.331468e-15,57,57,3872,140871,72,72,4001
c1,L,JB(0.8),2,False,CONVERGED,CONVERGED,494,494,-,-,0.13100400580683613,0.131004,18,18,6,6,Crowded,Crowded,Crowded,Crowded,0.4379200472667346,0.43792004726673694,2184.487704888616,2184.488,0.08520983736267224,0.08520984,39,39,0.2469148717930425,0.2469149,0.01455483159465426,0.01455483,-,6.439294e-15,58,58,3930,140929,13,13,4001
c1,L,N(1.05),1,False,CONVERGED,CONVERGED,194,194,-,-,0.9250889231425726,0.9250889,0,0,0,0,Crowded,Crowded,Crowded,Crowded,0.4379200472667335,0.43792004726673545,86.4613348787889,86.46133,0.9560310902462998,0.9333333,0,0,0.9054602286283687,0.9054602,0.0,0.0,-,4.440892e-15,0,0,4001,141000,0,0,4001
c1,L,RC(1.2),2,False,CONVERGED,CONVERGED,422,422,-,-,0.5864946616370239,0.5864947,0,0,0,0,Crowded,Crowded,Crowded,Crowded,0.43792004726673733,0.4379200472667335,533.5917129981916,533.5917,0.6073474645347173,0.6073475,0,0,0.5527022085081729,0.5527022,0.0,0.0,-,3.441691e-15,0,0,4001,141000,0,0,4001
c1,L,N(0.95),1,False,CONVERGED,CONVERGED,329,329,-,-,0.9490281049385562,0.9490281,0,0,0,0,Crowded,Crowded,Crowded,Crowded,0.4379200472667277,0.4379200472667328,52.316865490864494,52.31687,0.9232009298851958,0.9232009,0,0,0.9204660207964552,0.920466,0.0,0.0,-,4.218847e-15,0,0,4001,141000,0,0,4001
c1,L,JB(2),3,False,CONVERGED,CONVERGED,736,736,-,-,0.013360993557439972,0.01336099,183,183,4,4,Crowded,Crowded,Crowded,Crowded,0.43792004726673533,0.4379200472667327,10993.147180559947,10993.15,0.032599562929951614,0.03259956,217,217,0.09348359162514565,0.09348359,0.07152668803817075,0.07152669,-,3.996803e-15,127,127,3755,140754,119,119,4001
c1,L,N(0.8),2,False,CONVERGED,CONVERGED,491,491,-,-,0.7552376676457074,0.7552377,0,0,2,2,Crowded,Crowded,Crowded,Crowded,0.4379200472667295,0.43792004726673145,280.722787685869,280.7228,0.6775551985576481,0.6775552,0,0,0.6407375554918769,0.6407376,0.003629260976994786,0.003629261,-,5.551115e-15,0,0,3991,140990,10,10,4001
c1,L,JB(0.95),1,False,CONVERGED,CONVERGED,327,327,-,-,0.6324342786533156,0.6324343,0,0,2,2,Crowded,Crowded,Crowded,Crowded,0.4379200472667241,0.4379200472667359,503.7826484765293,503.7826,0.5238962977863043,0.5238963,0,0,0.5606657302008086,0.5606657,0.0004265104846023493,0.0004265105,-,3.330669e-15,0,0,3999,140998,2,2,4001
c1,L,N(1.2),2,False,CONVERGED,CONVERGED,369,369,-,-,0.7547231501421039,0.7547232,0,0,0,0,Crowded,Crowded,Crowded,Crowded,0.4379200472667312,0.43792004726673206,313.7234216211564,313.7234,0.8606078452804106,0.7777778,0,0,0.6199739393243134,0.6199739,0.0,0.0,-,2.88658e-15,0,0,4001,141000,0,0,4001
c1,L,JB(1.2),2,False,CONVERGED,CONVERGED,533,533,-,-,0.277939890584044,0.2779399,56,56,4,4,Crowded,Crowded,Crowded,Crowded,0.4379200472667315,0.4379200472667325,1280.3504095913183,1280.35,0.4140318968121577,0.411446,70,70,0.3703419103190106,0.3703419,0.04227993272920472,0.04227993,-,4.440892e-15,25,25,3907,140906,69,69,4001
c1,L,N(2),3,False,CONVERGED,CONVERGED,415,415,-,-,0.3957456633959401,0.3957457,39,39,4,4,Crowded,Crowded,Crowded,Crowded,0.4379200472667322,0.43792004726673384,1056.2921270497861,1056.292,0.6971162940434542,0.4104859,82,82,0.4383820493341966,0.438382,0.002767803712237893,0.002767804,-,3.7747579999999994e-15,6,6,3987,140986,8,8,4001
c1,L,RC(2),3,False,CONVERGED,CONVERGED,529,529,-,-,0.13786978427818672,0.1378698,52,52,3,3,Crowded,Crowded,Crowded,Crowded,0.4379200472667335,0.4379200472667362,1981.4456314753386,1981.446,0.21758694989380942,0.2175869,60,60,0.38319716544004684,0.3831972,0.05122064624459155,0.05122065,-,4.440892e-15,15,15,3937,140936,49,49,4001
c1,L,RC(0.5),3,False,CONVERGED,CONVERGED,720,720,-,-,0.032460047454637674,0.03246005,158,158,5,5,Crowded,Crowded,Crowded,Crowded,0.437920047266736,0.43792004726673656,7302.084645825522,7302.085,0.08957029328177157,0.0700747,153,153,0.13870334942251175,0.1387033,0.06905928818092466,0.06905929,-,4.884981e-15,132,132,3783,140782,86,86,4001
c1,L,RC(1.05),1,False,CONVERGED,CONVERGED,319,319,-,-,0.8690796520797569,0.8690797,0,0,0,0,Crowded,Crowded,Crowded,Crowded,0.4379200472667256,0.43792004726673794,140.32049844684101,140.3205,0.874495355134882,0.8744954,0,0,0.8883588579131926,0.8883589,0.0,0.0,-,3.108624e-15,0,0,4001,141000,0,0,4001
c1,L,RC(0.95),1,False,CONVERGED,CONVERGED,444,444,-,-,0.8485396729790688,0.8485397,0,0,0,0,Crowded,Crowded,Crowded,Crowded,0.43792004726673345,0.4379200472667272,164.2384387962344,164.2384,0.8961737821583909,0.8961738,0,0,0.8048323965802324,0.8048324,0.0,0.0,-,4.218847e-15,0,0,4001,141000,0,0,4001
c1,L,land.mach=0.2@genesis,3,False,CONVERGED,CONVERGED,691,691,-,-,0.5627399381710717,0.5627399,0,0,3,3,Enclosed,Enclosed,Enclosed,Enclosed,1.0,1.0,1813.0234372219848,1813.023,0.6176877555977633,0.5813777,0,0,0.8886108663711546,0.8886109,0.01861527410529007,0.01861527,-,1.465494e-14,25,25,34,34,3942,140941,4001
c1,L,N(0.5),3,False,CONVERGED,CONVERGED,608,608,-,-,0.39148189376861886,0.3914819,33,33,4,4,Crowded,Crowded,Crowded,Crowded,0.43792004726673484,0.43792004726673434,1027.4019462712897,1027.402,0.2729251549606283,0.2729252,48,48,0.3128832185156852,0.3128832,0.026706906310061118,0.02670691,-,1.554312e-15,45,45,3908,140907,48,48,4001
c1,L,x*/2,3,False,CONVERGED,CONVERGED,503,503,-,-,0.0,0.0,44,44,6,6,Crowded,Crowded,Crowded,Crowded,0.4379200472667339,0.43792004726673217,inf,inf,0.0,0.0,55,55,0.23014975969911217,0.2301498,0.0346208161246474,0.03462082,-,3.552714e-15,44,44,3928,140927,29,29,4001
c1,L,RC(0.8),2,False,CONVERGED,CONVERGED,543,543,-,-,0.354558274516919,0.3545583,22,22,4,4,Crowded,Crowded,Crowded,Crowded,0.43792004726673234,0.43792004726673084,1036.8825614226128,1036.883,0.5122866112114298,0.5122866,46,46,0.4145275467236425,0.4145275,0.030963355683329807,0.03096336,-,4.662937e-15,22,22,3923,140922,56,56,4001
c1,L,land.mach=0.36@genesis,2,False,CONVERGED,CONVERGED,275,275,-,-,0.937804870030921,0.9378049,0,0,0,0,Crowded,Crowded,Crowded,Crowded,0.6569881384969809,0.6569881384969781,119.3912854765827,119.3913,0.954677991981131,0.9132042,0,0,0.9825456993210443,0.9825457,0.0,0.0,-,2.442491e-15,0,0,4001,141000,0,0,4001
c1,L,land.mach=0.8@genesis,3,False,CONVERGED,CONVERGED,593,593,-,-,0.012026979667239444,0.01202698,148,148,3,3,Commons,Commons,Commons,Commons,0.0,0.0,4656.5434141106725,4656.543,0.05365504332293258,0.05178575,192,192,0.1123655890656828,0.1123656,0.07011825558992812,0.07011826,-,4.440892e-15,3903,140902,8,8,90,90,4001
c1,L,land.mach=0.44@genesis,2,False,CONVERGED,CONVERGED,445,445,-,-,0.5752376418306901,0.5752376,0,0,4,4,Crowded,Crowded,Crowded,Crowded,0.21948636806995564,0.21948636806995017,552.9720334253021,552.972,0.6865544828236164,0.6865545,29,29,0.44078266263679583,0.4407827,0.012840145175520623,0.01284015,-,2.220446e-15,32,32,3937,140936,32,32,4001
c1,L,b.food=0.66@genesis,2,False,CONVERGED,CONVERGED,372,372,-,-,0.8342740490478056,0.834274,0,0,0,0,Crowded,Crowded,Crowded,Crowded,0.6331821024425003,0.6331821024425062,181.19333461864335,181.1933,0.8809396565770826,0.8809397,0,0,0.7526197520796342,0.7526198,0.0,0.0,-,2.664535e-15,0,0,4001,141000,0,0,4001
c1,L,b.food=0.54@genesis,2,False,CONVERGED,CONVERGED,352,352,-,-,0.8392048124700742,0.8392048,0,0,0,0,Crowded,Crowded,Crowded,Crowded,0.23810539533336936,0.23810539533336625,175.30048732393482,175.3005,0.8686161343658912,0.8686161,0,0,0.8665682990674851,0.8665683,0.0,0.0,-,9.214851e-15,0,0,4001,141000,0,0,4001
c1,L,commons=26.73@genesis,2,False,CONVERGED,CONVERGED,438,438,-,-,0.729570147397774,0.7295701,0,0,0,0,Commons,Commons,Commons,Commons,0.0,0.0,315.2997574547086,315.2998,0.7249968817301066,0.7249969,0,0,0.586776226501378,0.5867762,0.0,0.0,-,2.88658e-15,4001,141000,0,0,0,0,4001
c1,L,b.food=1.2@genesis,3,False,CONVERGED,CONVERGED,828,828,-,-,0.06868141519757931,0.06868142,127,127,5,5,Enclosed,Enclosed,Enclosed,Enclosed,1.0,1.0,7111.829267064203,7111.829,0.10092960651101252,0.1009296,293,293,0.18071881554986363,0.1807188,0.06879566457366693,0.06879566,-,7.771561000000001e-15,54,54,20,20,3927,140926,4001
c1,L,b.food=0.3@genesis,3,False,CONVERGED,CONVERGED,491,491,-,-,0.3465127096251261,0.3465127,24,24,1,1,Commons,Commons,Commons,Commons,0.0,0.0,1059.8357810100806,1059.836,0.43102769744723635,0.4310277,23,23,0.38112516459980317,0.3811252,0.0,0.0,-,5.77316e-15,3972,140971,29,29,0,0,4001
c1,L,commons=21.87@genesis,2,False,CONVERGED,CONVERGED,324,324,-,-,0.8643994129313293,0.8643994,0,0,0,0,Enclosed,Enclosed,Enclosed,Enclosed,1.0,1.0,235.3862046037739,235.3862,0.8233377234824806,0.7760865,0,0,0.8005093868617256,0.8005094,0.03885849062134972,0.03885849,-,3.108624e-15,0,0,0,0,4001,141000,4001
c1,L,commons=48.6@genesis,3,False,CONVERGED,CONVERGED,438,438,-,-,0.729570147397774,0.7295701,0,0,0,0,Commons,Commons,Commons,Commons,0.0,0.0,315.2997574547086,315.2998,0.7249968817301066,0.7249969,0,0,0.586776226501378,0.5867762,0.0,0.0,-,2.88658e-15,4001,141000,0,0,0,0,4001
c1,L,commons=12.15@genesis,3,False,CONVERGED,CONVERGED,448,448,-,-,0.8849930185252491,0.884993,0,0,0,0,Enclosed,Enclosed,Enclosed,Enclosed,1.0,1.0,233.88787494099432,233.8879,0.8336763202381219,0.7760865,0,0,0.8521497281538231,0.8521497,0.22488043995381157,0.2248804,-,4.440892e-15,0,0,0,0,4001,141000,4001
c1,L,land.mach=0.2@dated,3,False,CONVERGED,CONVERGED,692,692,-,-,0.5627399381710704,0.5627399,0,0,3,3,Enclosed,Enclosed,Enclosed,Enclosed,1.0,1.0,1818.3359931112514,1818.336,0.6176877555977619,0.5802239,0,0,0.8874820617416224,0.8874821,0.018599223454886515,0.01859922,-,8.992806000000001e-15,25,25,34,34,3942,140941,4001
c1,L,commons=26.73@dated,2,False,CONVERGED,CONVERGED,443,443,-,-,0.6901649752637977,0.690165,0,0,0,0,Commons,Commons,Commons,Commons,0.0,0.0,386.32984786570165,386.3298,0.666465024060898,0.666465,0,0,0.5290404031796088,0.5290404,0.0,0.0,-,7.438494e-15,4001,141000,0,0,0,0,4001
c1,L,land.mach=0.8@dated,3,False,CONVERGED,CONVERGED,593,593,-,-,0.011578784769213327,0.01157878,148,148,2,2,Commons,Commons,Commons,Commons,0.0,0.0,4654.385536005898,4654.386,0.05159848242017141,0.05159848,193,193,0.11223819476825009,0.1122382,0.070147059228866,0.07014706,-,2.88658e-15,3904,140903,6,6,91,91,4001
c1,L,b.food=0.66@dated,2,False,CONVERGED,CONVERGED,371,371,-,-,0.8368652356932781,0.8368652,0,0,0,0,Crowded,Crowded,Crowded,Crowded,0.6331821024424984,0.6331821024425026,178.0922301856144,178.0922,0.8805100492220466,0.88051,0,0,0.7576324321601272,0.7576324,0.0,0.0,-,2.88658e-15,0,0,4001,141000,0,0,4001
c1,L,b.food=0.54@dated,2,False,CONVERGED,CONVERGED,352,352,-,-,0.8390371997490212,0.8390372,0,0,0,0,Crowded,Crowded,Crowded,Crowded,0.2381053953333775,0.23810539533337063,175.5002352987677,175.5002,0.868418821842792,0.8684188,0,0,0.8663067713626997,0.8663068,0.0,0.0,-,4.662937e-15,0,0,4001,141000,0,0,4001
c1,L,b.food=0.3@dated,3,False,CONVERGED,CONVERGED,491,491,-,-,0.3460799560635014,0.34608,24,24,1,1,Commons,Commons,Commons,Commons,0.0,0.0,1061.085443732143,1061.085,0.4303983147292446,0.4303983,23,23,0.3809847306082751,0.3809847,0.0,0.0,-,6.8833830000000005e-15,3972,140971,29,29,0,0,4001
c1,L,commons=21.87@dated,2,False,CONVERGED,CONVERGED,324,324,-,-,0.8642197906285305,0.8642198,0,0,0,0,Enclosed,Enclosed,Enclosed,Enclosed,1.0,1.0,235.38620460377405,235.3862,0.8231717076136043,0.7760865,0,0,0.8001882649509646,0.8001883,0.03886924440512374,0.03886924,-,3.552714e-15,0,0,0,0,4001,141000,4001
c1,L,land.mach=0.44@dated,2,False,CONVERGED,CONVERGED,444,444,-,-,0.5750579954709011,0.575058,0,0,4,4,Crowded,Crowded,Crowded,Crowded,0.2194863680699525,0.21948636806994676,553.2843815824613,553.2844,0.6863962119261799,0.6863962,29,29,0.4407091256882879,0.4407091,0.012878969855509736,0.01287897,-,6.439294e-15,31,31,3938,140937,32,32,4001
c1,L,b.food=1.2@dated,3,False,CONVERGED,CONVERGED,827,827,-,-,0.07041152214778518,0.07041152,127,127,5,5,Enclosed,Enclosed,Enclosed,Enclosed,1.0,1.0,7051.611529872159,7051.612,0.1031914096109736,0.1031914,292,292,0.1829928039288246,0.1829928,0.06871172178771634,0.06871172,-,5.77316e-15,53,53,20,20,3928,140927,4001
c1,L,land.mach=0.36@dated,2,False,CONVERGED,CONVERGED,275,275,-,-,0.9378048700309193,0.9378049,0,0,0,0,Crowded,Crowded,Crowded,Crowded,0.6569881384969773,0.6569881384969777,119.58423140937568,119.5842,0.9546779919811312,0.9128534,0,0,0.9822313954583473,0.9822314,0.0,0.0,-,3.663736e-15,0,0,4001,141000,0,0,4001
c1,L,commons=12.15@dated,3,False,CONVERGED,CONVERGED,449,449,-,-,0.8830280081013414,0.883028,0,0,0,0,Enclosed,Enclosed,Enclosed,Enclosed,1.0,1.0,233.88787494099446,233.8879,0.8321420936185548,0.7760865,0,0,0.8487768949194109,0.8487769,0.22504708499739828,0.2250471,-,5.995204e-15,0,0,0,0,4001,141000,4001
c1,L,commons=48.6@dated,3,False,CONVERGED,CONVERGED,443,443,-,-,0.6901649752637977,0.690165,0,0,0,0,Commons,Commons,Commons,Commons,0.0,0.0,386.32984786570165,386.3298,0.666465024060898,0.666465,0,0,0.5290404031796088,0.5290404,0.0,0.0,-,7.438494e-15,4001,141000,0,0,0,0,4001
c1,10L,p[land]*0.5,3,False,CONVERGED,CONVERGED,578,578,-,-,0.4004763013709431,0.4004763,20,20,4,4,Crowded,Crowded,Crowded,Crowded,0.4379200472667331,0.4379200472667365,1141.3540933976885,1141.354,0.410085988185871,0.410086,20,20,0.26237365986351996,0.2623737,0.0025033070615320674,0.002503307,-,1.9984009999999997e-15,82,82,3901,1409900,18,18,4001
c1,10L,p[land]*2,3,False,CONVERGED,CONVERGED,702,702,-,-,0.014764743441613439,0.01476474,154,154,3,3,Crowded,Crowded,Crowded,Crowded,0.43792004726673484,0.4379200472667312,6868.537722516189,6868.538,0.04105633971563722,0.03985075,171,171,0.08525946825764188,0.08525947,0.07027165035051508,0.07027165,-,5.107026e-15,119,119,3793,1409792,89,89,4001
c1,10L,p[labour]*0.5,3,False,CONVERGED,CONVERGED,624,624,-,-,0.0,0.0,83,83,3,3,Crowded,Crowded,Crowded,Crowded,0.4379200472667343,0.43792004726673556,inf,inf,0.0,0.0,99,99,0.13042801867770568,0.130428,0.05539208339514334,0.05539208,-,5.77316e-15,82,82,3862,1409861,57,57,4001
c1,10L,p[labour]*2,3,False,CONVERGED,CONVERGED,302,302,-,-,0.5434512447050177,0.5434512,0,0,3,3,Crowded,Crowded,Crowded,Crowded,0.43792004726672523,0.4379200472667347,693.1471805599452,693.1472,0.48393354735491956,0.337458,21,21,0.40353259647531176,0.4035326,0.009410594335375333,0.009410594,-,6.217249e-15,11,11,3969,1409968,21,21,4001
c1,10L,p[manufactures]*0.5,3,False,CONVERGED,CONVERGED,476,476,-,-,0.36552241507530553,0.3655224,32,32,2,2,Crowded,Crowded,Crowded,Crowded,0.4379200472667358,0.43792004726673583,1006.4276745173181,1006.428,0.3628874958392099,0.3628875,5,5,0.45676778966602494,0.4567678,0.0025377259989288747,0.002537726,-,1.776357e-15,0,0,3986,1409985,15,15,4001
c1,10L,p[food]*2,3,False,CONVERGED,CONVERGED,503,503,-,-,0.15099625786852847,0.1509963,31,31,1,1,Crowded,Crowded,Crowded,Crowded,0.4379200472667311,0.43792004726673084,1890.5002248019257,1890.5,0.16267885661415898,0.1626789,43,43,0.4093803583112455,0.4093804,0.05395571395937926,0.05395571,-,5.218048e-15,0,0,3960,1409959,41,41,4001
c1,10L,p[care]*0.5,3,False,CONVERGED,CONVERGED,518,518,-,-,0.36066852478236894,0.3606685,33,33,0,0,Crowded,Crowded,Crowded,Crowded,0.4379200472667297,0.4379200472667337,1019.7959563651249,1019.796,0.36670792850885736,0.3667079,5,5,0.4506166507285365,0.4506167,0.0,0.0,-,5.995204e-15,0,0,4001,1410000,0,0,4001
c1,10L,p[mach]*2,3,False,CONVERGED,CONVERGED,512,512,-,-,0.1577373963360942,0.1577374,39,39,4,4,Crowded,Crowded,Crowded,Crowded,0.43792004726673284,0.43792004726673395,1846.8236771958484,1846.824,0.1265967606805124,0.1265968,57,57,0.2636343012884217,0.2636343,0.0,0.0,-,2.220446e-15,105,105,3896,1409895,0,0,4001
c1,10L,p[manufactures]*2,3,False,CONVERGED,CONVERGED,340,340,-,-,0.8551023282628667,0.8551023,0,0,0,0,Crowded,Crowded,Crowded,Crowded,0.4379200472667332,0.4379200472667311,693.1471805599452,693.1472,0.8533298881948786,0.632111,0,0,0.7750834642323537,0.7750835,0.0,0.0,-,4.218847e-15,0,0,4001,1410000,0,0,4001
c1,10L,s[manufactures]*0.5,3,True,CONVERGED,CONVERGED,124,124,-,-,0.999999999999998,1.0,0,0,0,0,Crowded,Crowded,Crowded,Crowded,0.43792004726673606,0.4379200472667346,645.5285828834769,645.5286,0.9999999999999973,1.0,0,0,0.9999999999999989,1.0,0.0,0.0,-,2.442491e-15,0,0,4001,1410000,0,0,4001
c1,10L,s[care]*2,3,True,CONVERGED,CONVERGED,138,138,-,-,0.999999999999998,1.0,0,0,0,0,Crowded,Crowded,Crowded,Crowded,0.43792004726673606,0.4379200472667346,668.4596480132863,668.4596,0.9999999999999973,1.0,0,0,0.9999999999999989,1.0,0.0,0.0,-,1.9984009999999997e-15,0,0,4001,1410000,0,0,4001
c1,10L,p[food]*0.5,3,False,CONVERGED,CONVERGED,522,522,-,-,0.4276077489509607,0.4276077,31,31,5,5,Crowded,Crowded,Crowded,Crowded,0.43792004726673206,0.4379200472667311,849.5489780334252,849.549,0.33223072372187534,0.3322307,45,45,0.43555959483758666,0.4355596,0.03531478264202803,0.03531478,-,4.884981e-15,29,29,3917,1409916,55,55,4001
c1,10L,s[food]*2,3,False,CONVERGED,CONVERGED,481,481,-,-,0.0,0.0,25,25,6,6,Crowded,Crowded,Crowded,Crowded,0.4379200472667299,0.43792004726673067,inf,inf,0.0,0.0,42,42,0.29585045827947676,0.2958505,0.037191079897937795,0.03719108,-,4.218847e-15,25,25,3947,1409946,29,29,4001
c1,10L,JA(0.5),3,False,CONVERGED,CONVERGED,735,735,-,-,0.009361077573436365,0.009361078,174,174,4,4,Crowded,Crowded,Crowded,Crowded,0.437920047266736,0.43792004726673733,9391.351102765173,9391.351,0.0184124903376166,0.01841249,196,196,0.04688315941493031,0.04688316,0.07073390907897226,0.07073391,-,3.996803e-15,130,130,3760,1409759,111,111,4001
c1,10L,p[shelter]*0.5,3,False,CONVERGED,CONVERGED,429,429,-,-,0.2733735199368861,0.2733735,30,30,6,6,Crowded,Crowded,Crowded,Crowded,0.43792004726673545,0.43792004726673206,1296.9162140396013,1296.916,0.28739197974536657,0.287392,35,35,0.39673669556733926,0.3967367,0.006690956559324279,0.006690957,-,3.108624e-15,6,6,3967,1409966,28,28,4001
c1,10L,JB(0.5),3,False,CONVERGED,CONVERGED,610,610,-,-,0.0,0.0,68,68,6,6,Crowded,Crowded,Crowded,Crowded,0.43792004726672995,0.43792004726673206,inf,inf,0.0,0.0,78,78,0.1137074019695891,0.1137074,0.014685864551915007,0.01468586,-,3.996803e-15,117,117,3872,1409871,12,12,4001
c1,10L,s[shelter]*0.5,3,False,CONVERGED,CONVERGED,122,122,-,-,0.9942614057248865,0.9942614,0,0,0,0,Crowded,Crowded,Crowded,Crowded,0.43792004726673334,0.4379200472667324,645.5285828834769,645.5286,0.9922565385867158,0.9922565,0,0,0.9935304351577694,0.9935304,0.0,0.0,-,6.8833830000000005e-15,0,0,4001,1410000,0,0,4001
c1,10L,p[shelter]*2,3,False,CONVERGED,CONVERGED,549,549,-,-,0.29005465678427844,0.2900547,34,34,5,5,Crowded,Crowded,Crowded,Crowded,0.43792004726673045,0.4379200472667312,1237.6859020902452,1237.686,0.45876363000283976,0.4575137,61,61,0.39640079391565514,0.3964008,0.038794327211868596,0.03879433,-,3.885781e-15,32,32,3902,1409901,67,67,4001
c1,10L,p[care]*2,3,False,CONVERGED,CONVERGED,424,424,-,-,0.6360933590498407,0.6360934,0,0,2,2,Crowded,Crowded,Crowded,Crowded,0.43792004726672945,0.43792004726672856,693.1471805599452,693.1472,0.5965823190655295,0.5592659,14,14,0.42179794859877157,0.4217979,0.0003506406029554765,0.0003506406,-,3.441691e-15,0,0,3997,1409996,4,4,4001
c1,10L,p[mach]*0.5,3,False,CONVERGED,CONVERGED,739,739,-,-,0.011349189152140025,0.01134919,181,181,4,4,Crowded,Crowded,Crowded,Crowded,0.4379200472667367,0.4379200472667288,10700.0,10700.0,0.02747382111329948,0.02747382,206,206,0.06750317504301367,0.06750318,0.07140729511148658,0.0714073,-,3.7747579999999994e-15,131,131,3755,1409754,115,115,4001
c1,10L,s[manufactures]*2,3,True,CONVERGED,CONVERGED,138,138,-,-,0.999999999999998,1.0,0,0,0,0,Crowded,Crowded,Crowded,Crowded,0.43792004726673606,0.4379200472667346,668.4596480132863,668.4596,0.9999999999999973,1.0,0,0,0.9999999999999989,1.0,0.0,0.0,-,1.9984009999999997e-15,0,0,4001,1410000,0,0,4001
c1,10L,s[food]*0.5,3,False,CONVERGED,CONVERGED,318,318,-,-,0.9600932382948645,0.9600932,0,0,0,0,Crowded,Crowded,Crowded,Crowded,0.43792004726673195,0.4379200472667334,645.5285828834769,645.5286,0.967423529909923,0.9674235,0,0,0.9696911004914179,0.9696911,0.0,0.0,-,5.995204e-15,0,0,4001,1410000,0,0,4001
c1,10L,N(0.5),3,False,CONVERGED,CONVERGED,608,608,-,-,0.39148189376861886,0.3914819,33,33,4,4,Crowded,Crowded,Crowded,Crowded,0.43792004726673484,0.43792004726673434,1027.4019462712897,1027.402,0.2729251549606283,0.2729252,48,48,0.3128832185156852,0.3128832,0.026706906310061118,0.02670691,-,1.554312e-15,45,45,3908,1409907,48,48,4001
c1,10L,s[shelter]*2,3,False,CONVERGED,CONVERGED,481,481,-,-,0.4339016708908929,0.4339017,4,4,2,2,Crowded,Crowded,Crowded,Crowded,0.43792004726672884,0.4379200472667348,896.6278262964468,896.6278,0.39927274239565763,0.3992727,8,8,0.43163479483590805,0.4316348,0.007484194334895222,0.007484194,-,1.9984009999999997e-15,0,0,3987,1409986,14,14,4001
c1,10L,JB(2),3,False,CONVERGED,CONVERGED,736,736,-,-,0.013360993557439972,0.01336099,183,183,4,4,Crowded,Crowded,Crowded,Crowded,0.43792004726673533,0.4379200472667321,10993.147180559947,10993.15,0.032599562929951614,0.03259956,217,217,0.09348359162514565,0.09348359,0.07152668803817075,0.07152669,-,3.996803e-15,127,127,3755,1409754,119,119,4001
c1,10L,s[care]*0.5,3,False,CONVERGED,CONVERGED,341,341,-,-,0.737288527733773,0.7372885,0,0,0,0,Crowded,Crowded,Crowded,Crowded,0.4379200472667261,0.4379200472667264,645.5285828834769,645.5286,0.6730346012056617,0.6730346,0,0,0.6622064372850672,0.6622064,0.0,0.0,-,5.551115e-15,0,0,4001,1410000,0,0,4001
c1,10L,land.mach=0.2@genesis,3,False,CONVERGED,CONVERGED,691,691,-,-,0.5627399381710717,0.5627399,0,0,3,3,Enclosed,Enclosed,Enclosed,Enclosed,1.0,1.0,1813.0234372219848,1813.023,0.6176877555977633,0.5813777,0,0,0.8886108663711546,0.8886109,0.01861527410529007,0.01861527,-,1.465494e-14,25,25,34,34,3942,1409941,4001
c1,10L,N(2),3,False,CONVERGED,CONVERGED,415,415,-,-,0.3957456633959401,0.3957457,39,39,4,4,Crowded,Crowded,Crowded,Crowded,0.4379200472667322,0.43792004726673384,1056.2921270497861,1056.292,0.6971162940434542,0.4104859,82,82,0.4383820493341966,0.438382,0.002767803712237893,0.002767804,-,3.7747579999999994e-15,6,6,3987,1409986,8,8,4001
c1,10L,b.food=0.3@genesis,3,False,CONVERGED,CONVERGED,491,491,-,-,0.3465127096251261,0.3465127,24,24,1,1,Commons,Commons,Commons,Commons,0.0,0.0,1059.8357810100806,1059.836,0.43102769744723635,0.4310277,23,23,0.38112516459980317,0.3811252,0.0,0.0,-,5.77316e-15,3972,1409971,29,29,0,0,4001
c1,10L,JA(2),3,False,CONVERGED,CONVERGED,487,487,-,-,0.0,0.0,24,24,2,2,Crowded,Crowded,Crowded,Crowded,0.43792004726673056,0.437920047266728,inf,inf,0.0,0.0,50,50,0.32557287549896613,0.3255729,0.0,0.0,-,6.217249e-15,96,96,3905,1409904,0,0,4001
c1,10L,RC(0.5),3,False,CONVERGED,CONVERGED,720,720,-,-,0.032460047454637674,0.03246005,158,158,5,5,Crowded,Crowded,Crowded,Crowded,0.437920047266736,0.43792004726673656,7302.084645825522,7302.085,0.08957029328177157,0.0700747,153,153,0.13870334942251175,0.1387033,0.06905928818092466,0.06905929,-,4.884981e-15,132,132,3783,1409782,86,86,4001
c1,10L,RC(2),3,False,CONVERGED,CONVERGED,529,529,-,-,0.13786978427818672,0.1378698,52,52,3,3,Crowded,Crowded,Crowded,Crowded,0.4379200472667335,0.4379200472667362,1981.4456314753386,1981.446,0.21758694989380942,0.2175869,60,60,0.38319716544004684,0.3831972,0.05122064624459155,0.05122065,-,4.440892e-15,15,15,3937,1409936,49,49,4001
c1,10L,b.food=1.2@genesis,3,False,CONVERGED,CONVERGED,828,828,-,-,0.06868141519757931,0.06868142,127,127,5,5,Enclosed,Enclosed,Enclosed,Enclosed,1.0,1.0,7111.829267064203,7111.829,0.10092960651101252,0.1009296,293,293,0.18071881554986363,0.1807188,0.06879566457366693,0.06879566,-,5.77316e-15,54,54,20,20,3927,1409926,4001
c1,10L,x*/2,3,False,CONVERGED,CONVERGED,503,503,-,-,0.0,0.0,44,44,6,6,Crowded,Crowded,Crowded,Crowded,0.4379200472667339,0.43792004726673217,inf,inf,0.0,0.0,55,55,0.23014975969911217,0.2301498,0.0346208161246474,0.03462082,-,3.552714e-15,44,44,3928,1409927,29,29,4001
c1,10L,land.mach=0.8@genesis,3,False,CONVERGED,CONVERGED,593,593,-,-,0.012026979667239444,0.01202698,148,148,3,3,Commons,Commons,Commons,Commons,0.0,0.0,4656.5434141106725,4656.543,0.05365504332293258,0.05178575,192,192,0.1123655890656828,0.1123656,0.07011825558992812,0.07011826,-,4.440892e-15,3903,1409902,8,8,90,90,4001
c1,10L,commons=48.6@genesis,3,False,CONVERGED,CONVERGED,438,438,-,-,0.729570147397774,0.7295701,0,0,0,0,Commons,Commons,Commons,Commons,0.0,0.0,315.2997574547086,315.2998,0.7249968817301066,0.7249969,0,0,0.586776226501378,0.5867762,0.0,0.0,-,2.88658e-15,4001,1410000,0,0,0,0,4001
c1,10L,commons=12.15@genesis,3,False,CONVERGED,CONVERGED,448,448,-,-,0.8849930185252491,0.884993,0,0,0,0,Enclosed,Enclosed,Enclosed,Enclosed,1.0,1.0,233.88787494099432,233.8879,0.8336763202381219,0.7760865,0,0,0.8521497281538231,0.8521497,0.22488043995381157,0.2248804,-,4.440892e-15,0,0,0,0,4001,1410000,4001
c1,10L,b.food=1.2@dated,3,False,CONVERGED,CONVERGED,827,827,-,-,0.07041152214778518,0.07041152,127,127,5,5,Enclosed,Enclosed,Enclosed,Enclosed,1.0,1.0,7051.611529872159,7051.612,0.1031914096109736,0.1031914,292,292,0.1829928039288246,0.1829928,0.06871172178771634,0.06871172,-,5.77316e-15,53,53,20,20,3928,1409927,4001
c1,10L,commons=48.6@dated,3,False,CONVERGED,CONVERGED,443,443,-,-,0.6901649752637977,0.690165,0,0,0,0,Commons,Commons,Commons,Commons,0.0,0.0,386.32984786570165,386.3298,0.666465024060898,0.666465,0,0,0.5290404031796088,0.5290404,0.0,0.0,-,7.438494e-15,4001,1410000,0,0,0,0,4001
c1,10L,land.mach=0.2@dated,3,False,CONVERGED,CONVERGED,692,692,-,-,0.5627399381710704,0.5627399,0,0,3,3,Enclosed,Enclosed,Enclosed,Enclosed,1.0,1.0,1818.3359931112514,1818.336,0.6176877555977619,0.5802239,0,0,0.8874820617416224,0.8874821,0.018599223454886515,0.01859922,-,8.992806000000001e-15,25,25,34,34,3942,1409941,4001
c1,10L,b.food=0.3@dated,3,False,CONVERGED,CONVERGED,491,491,-,-,0.3460799560635014,0.34608,24,24,1,1,Commons,Commons,Commons,Commons,0.0,0.0,1061.085443732143,1061.085,0.4303983147292446,0.4303983,23,23,0.3809847306082751,0.3809847,0.0,0.0,-,6.8833830000000005e-15,3972,1409971,29,29,0,0,4001
c1,10L,land.mach=0.8@dated,3,False,CONVERGED,CONVERGED,593,593,-,-,0.011578784769213327,0.01157878,148,148,2,2,Commons,Commons,Commons,Commons,0.0,0.0,4654.385536005898,4654.386,0.05159848242017141,0.05159848,193,193,0.11223819476825009,0.1122382,0.070147059228866,0.07014706,-,2.88658e-15,3904,1409903,6,6,91,91,4001
c1,10L,commons=12.15@dated,3,False,CONVERGED,CONVERGED,449,449,-,-,0.8830280081013414,0.883028,0,0,0,0,Enclosed,Enclosed,Enclosed,Enclosed,1.0,1.0,233.88787494099446,233.8879,0.8321420936185548,0.7760865,0,0,0.8487768949194109,0.8487769,0.22504708499739828,0.2250471,-,5.995204e-15,0,0,0,0,4001,1410000,4001
c1,tier3s,stock.manufactures*0.5,-,False,CONVERGED,CONVERGED,298,298,-,-,0.49999999999999994,0.5,0,0,0,0,Crowded,Crowded,Crowded,Crowded,0.43792004726673006,0.4379200472667305,693.1471805599452,693.1472,0.5,0.5,0,0,0.9777366167872519,0.9777366,0.0,0.0,-,7.1054270000000005e-15,0,0,4001,141000,0,0,4001
c1,tier3s,stock.manufactures*2,-,False,CONVERGED,CONVERGED,342,342,-,-,0.9341053645178682,0.9341054,0,0,0,0,Crowded,Crowded,Crowded,Crowded,0.4379200472667311,0.4379200472667328,68.16603713955692,68.16604,0.9336930962764816,0.5,0,0,0.9598143396738434,0.9598143,0.0,0.0,-,1.9984009999999997e-15,0,0,4001,141000,0,0,4001
c1,tier3s,stock.food*0.5,-,False,CONVERGED,CONVERGED,325,325,-,-,0.49999999999999994,0.5,0,0,0,0,Crowded,Crowded,Crowded,Crowded,0.43792004726673567,0.43792004726673445,693.1471805599452,693.1472,0.5,0.5,0,0,0.9259573059736669,0.9259573,0.0,0.0,-,3.7747579999999994e-15,0,0,4001,141000,0,0,4001
c1,tier3s,stock.food*2,-,False,CONVERGED,CONVERGED,354,354,-,-,0.9323593742309395,0.9323594,0,0,0,0,Crowded,Crowded,Crowded,Crowded,0.43792004726673583,0.43792004726673556,70.03694395067478,70.03694,0.934508091382437,0.5,0,0,0.9246025041470488,0.9246025,0.0,0.0,-,4.218847e-15,0,0,4001,141000,0,0,4001
c1,tier3s,stock.care*0.5,-,False,CONVERGED,CONVERGED,288,288,-,-,0.49999999999999994,0.5,0,0,0,0,Crowded,Crowded,Crowded,Crowded,0.43792004726673045,0.43792004726673195,693.1471805599452,693.1472,0.5,0.5,0,0,0.9651193708524968,0.9651194,0.0,0.0,-,4.440892e-15,0,0,4001,141000,0,0,4001
c1,tier3s,stock.care*2,-,False,CONVERGED,CONVERGED,291,291,-,-,0.9330158660531066,0.9330159,0,0,0,0,Crowded,Crowded,Crowded,Crowded,0.4379200472667282,0.43792004726673317,69.3330728634065,69.33307,0.9331704628323294,0.5,0,0,0.9765488329455423,0.9765488,0.0,0.0,-,3.330669e-15,0,0,4001,141000,0,0,4001
c1,tier3s,stock.shelter*0.5,-,False,CONVERGED,CONVERGED,362,362,-,-,0.49999999999999994,0.5,0,0,0,0,Crowded,Crowded,Crowded,Crowded,0.4379200472667326,0.43792004726672923,693.1471805599452,693.1472,0.5,0.5,0,0,0.9587149137517208,0.9587149,0.0,0.0,-,3.330669e-15,0,0,4001,141000,0,0,4001
c1,tier3s,stock.shelter*2,-,False,CONVERGED,CONVERGED,376,376,-,-,0.9331061319191251,0.9331061,0,0,0,0,Crowded,Crowded,Crowded,Crowded,0.4379200472667293,0.4379200472667302,69.23633120751565,69.23633,0.9288711473389007,0.5,0,0,0.9460971373509813,0.9460971,0.0,0.0,-,3.441691e-15,0,0,4001,141000,0,0,4001
c1,tier3s,stock.mach*0.5,-,False,CONVERGED,CONVERGED,382,382,-,-,0.28571428571428564,0.2857143,2,2,0,0,Crowded,Crowded,Crowded,Crowded,0.43792004726673495,0.4379200472667367,1252.7629684953683,1252.763,0.2857142857142856,0.2857143,0,0,0.78829579306053,0.7882958,0.0,0.0,-,6.8833830000000005e-15,0,0,4001,141000,0,0,4001
c1,tier3s,stock.mach*2,-,False,CONVERGED,CONVERGED,422,422,-,-,0.8455341513841104,0.8455342,0,0,0,0,Crowded,Crowded,Crowded,Crowded,0.43792004726673267,0.4379200472667319,167.7867195206061,167.7867,0.8192742941838864,0.4117647,0,0,0.7793834409786674,0.7793834,0.0,0.0,-,7.1054270000000005e-15,0,0,4001,141000,0,0,4001
c1,tier3s,coin.desk.manufactures*0.5,-,False,CONVERGED,CONVERGED,436,436,-,-,0.5,0.5,0,0,0,0,Crowded,Crowded,Crowded,Crowded,0.4379200472667326,0.4379200472667342,693.147180559945,693.1472,0.49999999999999994,0.5,0,0,0.6806516119524079,0.6806516,0.0,0.0,-,2.88658e-15,0,0,4001,141000,0,0,4001
c1,tier3s,coin.desk.manufactures*2,-,False,CONVERGED,CONVERGED,393,393,-,-,0.6284415391838648,0.6284415,0,0,0,0,Crowded,Crowded,Crowded,Crowded,0.4379200472667334,0.4379200472667315,553.476136907536,553.4761,0.6428754551970068,0.5749477,0,0,0.8361251513498225,0.8361252,0.0,0.0,-,2.109424e-15,0,0,4001,141000,0,0,4001
c1,tier3s,coin.desk.food*0.5,-,False,CONVERGED,CONVERGED,374,374,-,-,0.49999999999999994,0.5,0,0,2,2,Crowded,Crowded,Crowded,Crowded,0.43792004726672457,0.437920047266731,693.1471805599452,693.1472,0.519234711705544,0.493244,22,22,0.4008663522099775,0.4008664,0.01803119409492554,0.01803119,-,4.218847e-15,0,0,3960,140959,41,41,4001
c1,tier3s,coin.desk.food*2,-,False,CONVERGED,CONVERGED,491,491,-,-,0.3948025405506491,0.3948025,23,23,4,4,Crowded,Crowded,Crowded,Crowded,0.4379200472667367,0.4379200472667327,929.3695364114761,929.3695,0.3122422079179453,0.3122422,32,32,0.4855019722972772,0.485502,0.01378650525026559,0.01378651,-,5.107026e-15,23,23,3951,140950,27,27,4001
c1,tier3s,coin.desk.care*0.5,-,False,CONVERGED,CONVERGED,352,352,-,-,0.49999999999999994,0.5,0,0,0,0,Crowded,Crowded,Crowded,Crowded,0.43792004726672706,0.4379200472667312,693.1471805599452,693.1472,0.4850243609587539,0.4850244,0,0,0.6683746858073898,0.6683747,0.0,0.0,-,3.108624e-15,0,0,4001,141000,0,0,4001
c1,tier3s,coin.desk.care*2,-,False,CONVERGED,CONVERGED,419,419,-,-,0.5618056444295547,0.5618056,0,0,4,4,Crowded,Crowded,Crowded,Crowded,0.4379200472667243,0.4379200472667325,576.5993173180456,576.5993,0.5346238743875967,0.5346239,0,0,0.5187746436251525,0.5187746,0.004103198908113059,0.004103199,-,5.77316e-15,9,9,3975,140974,17,17,4001
c1,tier3s,coin.desk.shelter*0.5,-,False,CONVERGED,CONVERGED,394,394,-,-,0.49999999999999994,0.5,0,0,0,0,Crowded,Crowded,Crowded,Crowded,0.43792004726673633,0.4379200472667224,693.1471805599452,693.1472,0.5259333422397231,0.5259333,0,0,0.44492805671477875,0.4449281,0.0,0.0,-,5.995204e-15,0,0,4001,141000,0,0,4001
c1,tier3s,coin.desk.shelter*2,-,False,CONVERGED,CONVERGED,534,534,-,-,0.33393250782073547,0.3339325,30,30,4,4,Crowded,Crowded,Crowded,Crowded,0.43792004726673334,0.4379200472667337,1116.861687265736,1116.862,0.44865429280633207,0.4486543,54,54,0.48882382357852205,0.4888238,0.03461879781426902,0.0346188,-,4.218847e-15,30,30,3918,140917,53,53,4001
c1,tier3s,coin.desk.mach*0.5,-,False,CONVERGED,CONVERGED,512,512,-,-,0.289935970020041,0.289936,50,50,4,4,Crowded,Crowded,Crowded,Crowded,0.43792004726673517,0.43792004726673206,1238.095173414329,1238.095,0.2634809446427511,0.2634809,67,67,0.28505286075591274,0.2850529,0.04032495238698486,0.04032495,-,2.88658e-15,43,43,3911,140910,47,47,4001
c1,tier3s,coin.desk.mach*2,-,False,CONVERGED,CONVERGED,495,495,-,-,0.4671997943030281,0.4671998,9,9,4,4,Crowded,Crowded,Crowded,Crowded,0.43792004726673006,0.43792004726673295,760.9982877442693,760.9983,0.518531402056812,0.5185314,43,43,0.4501459142553522,0.4501459,0.02819993163163792,0.02819993,-,2.88658e-15,13,13,3917,140916,71,71,4001
c1,tier3s,coin.workers*0.5,-,False,CONVERGED,CONVERGED,220,220,-,-,0.6374258901360543,0.6374259,0,0,0,0,Crowded,Crowded,Crowded,Crowded,0.4379200472667367,0.4379200472667225,450.31725947417357,450.3173,0.91969497083859,0.5383831,0,0,0.7771401303039663,0.7771401,0.0,0.0,-,6.8833830000000005e-15,0,0,4001,141000,0,0,4001
c1,tier3s,coin.workers*2,-,False,CONVERGED,CONVERGED,486,486,-,-,0.6675612034731645,0.6675612,0,0,4,4,Crowded,Crowded,Crowded,Crowded,0.43792004726673206,0.4379200472667311,404.1242023145571,404.1242,0.5796603379144609,0.5796603,0,0,0.5974978712213082,0.5974979,0.008451207621241352,0.008451208,-,2.664535e-15,8,8,3957,140956,36,36,4001
c1,tier3s,coin.provider*0.5,-,False,CONVERGED,CONVERGED,202,202,-,-,0.7851821496123271,0.7851821,0,0,0,0,Crowded,Crowded,Crowded,Crowded,0.43792004726673345,0.4379200472667356,241.83955039360757,241.8396,0.9500040684103885,0.6942303,0,0,0.5,1.0,0.0,0.0,-,4.440892e-15,0,0,4001,141000,0,0,4001
c1,tier3s,coin.provider*2,-,False,CONVERGED,CONVERGED,426,426,-,-,0.7825486332988626,0.7825486,0,0,0,0,Crowded,Crowded,Crowded,Crowded,0.43792004726673267,0.437920047266731,245.19920731847816,245.1992,0.6994788948384978,0.6994789,0,0,0.8111132938235812,0.4055566,0.0,0.0,-,4.662937e-15,0,0,4001,141000,0,0,4001
c1,tier3s10L,stock.manufactures*0.5,-,False,CONVERGED,CONVERGED,298,298,-,-,0.49999999999999994,0.5,0,0,0,0,Crowded,Crowded,Crowded,Crowded,0.43792004726673006,0.4379200472667305,693.1471805599452,693.1472,0.5,0.5,0,0,0.9777366167872519,0.9777366,0.0,0.0,-,7.1054270000000005e-15,0,0,4001,1410000,0,0,4001
c1,tier3s10L,stock.manufactures*2,-,False,CONVERGED,CONVERGED,342,342,-,-,0.9341053645178682,0.9341054,0,0,0,0,Crowded,Crowded,Crowded,Crowded,0.4379200472667311,0.4379200472667328,68.16603713955692,68.16604,0.9336930962764816,0.5,0,0,0.9598143396738434,0.9598143,0.0,0.0,-,1.9984009999999997e-15,0,0,4001,1410000,0,0,4001
c1,tier3s10L,stock.food*0.5,-,False,CONVERGED,CONVERGED,325,325,-,-,0.49999999999999994,0.5,0,0,0,0,Crowded,Crowded,Crowded,Crowded,0.43792004726673567,0.43792004726673445,693.1471805599452,693.1472,0.5,0.5,0,0,0.9259573059736669,0.9259573,0.0,0.0,-,3.7747579999999994e-15,0,0,4001,1410000,0,0,4001
c1,tier3s10L,stock.food*2,-,False,CONVERGED,CONVERGED,354,354,-,-,0.9323593742309395,0.9323594,0,0,0,0,Crowded,Crowded,Crowded,Crowded,0.43792004726673583,0.43792004726673556,70.03694395067478,70.03694,0.934508091382437,0.5,0,0,0.9246025041470488,0.9246025,0.0,0.0,-,4.218847e-15,0,0,4001,1410000,0,0,4001
c1,tier3s10L,stock.care*0.5,-,False,CONVERGED,CONVERGED,288,288,-,-,0.49999999999999994,0.5,0,0,0,0,Crowded,Crowded,Crowded,Crowded,0.43792004726673045,0.43792004726673195,693.1471805599452,693.1472,0.5,0.5,0,0,0.9651193708524968,0.9651194,0.0,0.0,-,4.440892e-15,0,0,4001,1410000,0,0,4001
c1,tier3s10L,stock.care*2,-,False,CONVERGED,CONVERGED,291,291,-,-,0.9330158660531066,0.9330159,0,0,0,0,Crowded,Crowded,Crowded,Crowded,0.4379200472667282,0.43792004726673317,69.3330728634065,69.33307,0.9331704628323294,0.5,0,0,0.9765488329455423,0.9765488,0.0,0.0,-,3.330669e-15,0,0,4001,1410000,0,0,4001
c1,tier3s10L,stock.shelter*0.5,-,False,CONVERGED,CONVERGED,362,362,-,-,0.49999999999999994,0.5,0,0,0,0,Crowded,Crowded,Crowded,Crowded,0.4379200472667326,0.43792004726672923,693.1471805599452,693.1472,0.5,0.5,0,0,0.9587149137517208,0.9587149,0.0,0.0,-,3.330669e-15,0,0,4001,1410000,0,0,4001
c1,tier3s10L,stock.shelter*2,-,False,CONVERGED,CONVERGED,376,376,-,-,0.9331061319191251,0.9331061,0,0,0,0,Crowded,Crowded,Crowded,Crowded,0.4379200472667293,0.4379200472667302,69.23633120751565,69.23633,0.9288711473389007,0.5,0,0,0.9460971373509813,0.9460971,0.0,0.0,-,3.441691e-15,0,0,4001,1410000,0,0,4001
c1,tier3s10L,stock.mach*0.5,-,False,CONVERGED,CONVERGED,382,382,-,-,0.28571428571428564,0.2857143,2,2,0,0,Crowded,Crowded,Crowded,Crowded,0.43792004726673495,0.4379200472667367,1252.7629684953683,1252.763,0.2857142857142856,0.2857143,0,0,0.78829579306053,0.7882958,0.0,0.0,-,6.8833830000000005e-15,0,0,4001,1410000,0,0,4001
c1,tier3s10L,stock.mach*2,-,False,CONVERGED,CONVERGED,422,422,-,-,0.8455341513841104,0.8455342,0,0,0,0,Crowded,Crowded,Crowded,Crowded,0.43792004726673267,0.4379200472667319,167.7867195206061,167.7867,0.8192742941838864,0.4117647,0,0,0.7793834409786674,0.7793834,0.0,0.0,-,7.1054270000000005e-15,0,0,4001,1410000,0,0,4001
c1,tier3s10L,coin.desk.manufactures*0.5,-,False,CONVERGED,CONVERGED,436,436,-,-,0.5,0.5,0,0,0,0,Crowded,Crowded,Crowded,Crowded,0.4379200472667326,0.4379200472667342,693.147180559945,693.1472,0.49999999999999994,0.5,0,0,0.6806516119524079,0.6806516,0.0,0.0,-,2.88658e-15,0,0,4001,1410000,0,0,4001
c1,tier3s10L,coin.desk.manufactures*2,-,False,CONVERGED,CONVERGED,393,393,-,-,0.6284415391838648,0.6284415,0,0,0,0,Crowded,Crowded,Crowded,Crowded,0.4379200472667334,0.4379200472667315,553.476136907536,553.4761,0.6428754551970068,0.5749477,0,0,0.8361251513498225,0.8361252,0.0,0.0,-,2.109424e-15,0,0,4001,1410000,0,0,4001
c1,tier3s10L,coin.desk.food*0.5,-,False,CONVERGED,CONVERGED,374,374,-,-,0.49999999999999994,0.5,0,0,2,2,Crowded,Crowded,Crowded,Crowded,0.43792004726672457,0.437920047266731,693.1471805599452,693.1472,0.519234711705544,0.493244,22,22,0.4008663522099775,0.4008664,0.01803119409492554,0.01803119,-,4.218847e-15,0,0,3960,1409959,41,41,4001
c1,tier3s10L,coin.desk.food*2,-,False,CONVERGED,CONVERGED,491,491,-,-,0.3948025405506491,0.3948025,23,23,4,4,Crowded,Crowded,Crowded,Crowded,0.4379200472667367,0.4379200472667327,929.3695364114761,929.3695,0.3122422079179453,0.3122422,32,32,0.4855019722972772,0.485502,0.01378650525026559,0.01378651,-,5.107026e-15,23,23,3951,1409950,27,27,4001
c1,tier3s10L,coin.desk.care*0.5,-,False,CONVERGED,CONVERGED,352,352,-,-,0.49999999999999994,0.5,0,0,0,0,Crowded,Crowded,Crowded,Crowded,0.43792004726672706,0.4379200472667312,693.1471805599452,693.1472,0.4850243609587539,0.4850244,0,0,0.6683746858073898,0.6683747,0.0,0.0,-,3.108624e-15,0,0,4001,1410000,0,0,4001
c1,tier3s10L,coin.desk.care*2,-,False,CONVERGED,CONVERGED,419,419,-,-,0.5618056444295547,0.5618056,0,0,4,4,Crowded,Crowded,Crowded,Crowded,0.4379200472667243,0.4379200472667325,576.5993173180456,576.5993,0.5346238743875967,0.5346239,0,0,0.5187746436251525,0.5187746,0.004103198908113059,0.004103199,-,5.77316e-15,9,9,3975,1409974,17,17,4001
c1,tier3s10L,coin.desk.shelter*0.5,-,False,CONVERGED,CONVERGED,394,394,-,-,0.49999999999999994,0.5,0,0,0,0,Crowded,Crowded,Crowded,Crowded,0.43792004726673633,0.4379200472667224,693.1471805599452,693.1472,0.5259333422397231,0.5259333,0,0,0.44492805671477875,0.4449281,0.0,0.0,-,5.995204e-15,0,0,4001,1410000,0,0,4001
c1,tier3s10L,coin.desk.shelter*2,-,False,CONVERGED,CONVERGED,534,534,-,-,0.33393250782073547,0.3339325,30,30,4,4,Crowded,Crowded,Crowded,Crowded,0.43792004726673334,0.4379200472667337,1116.861687265736,1116.862,0.44865429280633207,0.4486543,54,54,0.48882382357852205,0.4888238,0.03461879781426902,0.0346188,-,4.218847e-15,30,30,3918,1409917,53,53,4001
c1,tier3s10L,coin.desk.mach*0.5,-,False,CONVERGED,CONVERGED,512,512,-,-,0.289935970020041,0.289936,50,50,4,4,Crowded,Crowded,Crowded,Crowded,0.43792004726673517,0.43792004726673206,1238.095173414329,1238.095,0.2634809446427511,0.2634809,67,67,0.28505286075591274,0.2850529,0.04032495238698486,0.04032495,-,2.88658e-15,43,43,3911,1409910,47,47,4001
c1,tier3s10L,coin.desk.mach*2,-,False,CONVERGED,CONVERGED,495,495,-,-,0.4671997943030281,0.4671998,9,9,4,4,Crowded,Crowded,Crowded,Crowded,0.43792004726673006,0.43792004726673295,760.9982877442693,760.9983,0.518531402056812,0.5185314,43,43,0.4501459142553522,0.4501459,0.02819993163163792,0.02819993,-,2.88658e-15,13,13,3917,1409916,71,71,4001
c1,tier3s10L,coin.workers*0.5,-,False,CONVERGED,CONVERGED,220,220,-,-,0.6374258901360543,0.6374259,0,0,0,0,Crowded,Crowded,Crowded,Crowded,0.4379200472667367,0.4379200472667225,450.31725947417357,450.3173,0.91969497083859,0.5383831,0,0,0.7771401303039663,0.7771401,0.0,0.0,-,6.8833830000000005e-15,0,0,4001,1410000,0,0,4001
c1,tier3s10L,coin.workers*2,-,False,CONVERGED,CONVERGED,486,486,-,-,0.6675612034731645,0.6675612,0,0,4,4,Crowded,Crowded,Crowded,Crowded,0.43792004726673206,0.4379200472667311,404.1242023145571,404.1242,0.5796603379144609,0.5796603,0,0,0.5974978712213082,0.5974979,0.008451207621241352,0.008451208,-,2.664535e-15,8,8,3957,1409956,36,36,4001
c1,tier3s10L,coin.provider*0.5,-,False,CONVERGED,CONVERGED,202,202,-,-,0.7851821496123271,0.7851821,0,0,0,0,Crowded,Crowded,Crowded,Crowded,0.43792004726673345,0.4379200472667356,241.83955039360757,241.8396,0.9500040684103885,0.6942303,0,0,0.5,1.0,0.0,0.0,-,4.440892e-15,0,0,4001,1410000,0,0,4001
c1,tier3s10L,coin.provider*2,-,False,CONVERGED,CONVERGED,426,426,-,-,0.7825486332988626,0.7825486,0,0,0,0,Crowded,Crowded,Crowded,Crowded,0.43792004726673267,0.437920047266731,245.19920731847816,245.1992,0.6994788948384978,0.6994789,0,0,0.8111132938235812,0.4055566,0.0,0.0,-,4.662937e-15,0,0,4001,1410000,0,0,4001
c1,stocks,coin.desk.manufactures*0.1,0,False,CONVERGED,CONVERGED,484,484,-,-,0.1,0.1,24,24,2,2,Crowded,Crowded,Crowded,Crowded,0.4379200472667335,0.4379200472667266,2302.585092994045,2302.585,0.09999999999999999,0.1,28,28,0.4071929745843083,0.407193,0.015083847763421088,0.01508385,-,4.218847e-15,0,0,3970,140969,31,31,4001
c1,stocks,coin.desk.manufactures*0.5,0,False,CONVERGED,CONVERGED,436,436,-,-,0.5,0.5,0,0,0,0,Crowded,Crowded,Crowded,Crowded,0.4379200472667326,0.4379200472667342,693.147180559945,693.1472,0.49999999999999994,0.5,0,0,0.6806516119524079,0.6806516,0.0,0.0,-,2.88658e-15,0,0,4001,141000,0,0,4001
c1,stocks,coin.desk.manufactures*2,0,False,CONVERGED,CONVERGED,393,393,-,-,0.6284415391838648,0.6284415,0,0,0,0,Crowded,Crowded,Crowded,Crowded,0.4379200472667334,0.4379200472667315,553.476136907536,553.4761,0.6428754551970068,0.5749477,0,0,0.8361251513498225,0.8361252,0.0,0.0,-,2.109424e-15,0,0,4001,141000,0,0,4001
c1,stocks,coin.desk.food*0.1,0,False,CONVERGED,CONVERGED,540,540,-,-,0.09999999999999999,0.1,96,96,4,4,Crowded,Crowded,Crowded,Crowded,0.4379200472667309,0.43792004726673195,3117.9346592828892,3117.935,0.10714436798769449,0.1071444,101,101,0.24224002640648273,0.24224,0.05991597424388351,0.05991597,-,5.329071e-15,26,26,3908,140907,67,67,4001
c1,stocks,coin.desk.care*0.1,0,False,CONVERGED,CONVERGED,500,500,-,-,0.09999999999999998,0.1,26,26,4,4,Crowded,Crowded,Crowded,Crowded,0.4379200472667329,0.43792004726672595,2302.5850929940457,2302.585,0.10049263355368862,0.1004926,26,26,0.4325754577315215,0.4325755,0.0074950705129435136,0.007495071,-,6.217249e-15,29,29,3954,140953,18,18,4001
c1,stocks,coin.desk.food*0.5,0,False,CONVERGED,CONVERGED,374,374,-,-,0.49999999999999994,0.5,0,0,2,2,Crowded,Crowded,Crowded,Crowded,0.43792004726672457,0.437920047266731,693.1471805599452,693.1472,0.519234711705544,0.493244,22,22,0.4008663522099775,0.4008664,0.01803119409492554,0.01803119,-,4.218847e-15,0,0,3960,140959,41,41,4001
c1,stocks,coin.desk.manufactures*0.02,0,False,CONVERGED,CONVERGED,520,520,-,-,0.02,0.02,36,36,2,2,Crowded,Crowded,Crowded,Crowded,0.4379200472667304,0.4379200472667346,3912.023005428146,3912.023,0.019999999999999997,0.02,39,39,0.38075884661828935,0.3807588,0.02154422047144955,0.02154422,-,1.554312e-15,0,0,3966,140965,35,35,4001
c1,stocks,coin.desk.care*0.5,0,False,CONVERGED,CONVERGED,352,352,-,-,0.49999999999999994,0.5,0,0,0,0,Crowded,Crowded,Crowded,Crowded,0.43792004726672706,0.4379200472667312,693.1471805599452,693.1472,0.4850243609587539,0.4850244,0,0,0.6683746858073898,0.6683747,0.0,0.0,-,3.108624e-15,0,0,4001,141000,0,0,4001
c1,stocks,coin.desk.shelter*2,0,False,CONVERGED,CONVERGED,534,534,-,-,0.33393250782073547,0.3339325,30,30,4,4,Crowded,Crowded,Crowded,Crowded,0.43792004726673334,0.4379200472667337,1116.861687265736,1116.862,0.44865429280633207,0.4486543,54,54,0.48882382357852205,0.4888238,0.03461879781426902,0.0346188,-,4.218847e-15,30,30,3918,140917,53,53,4001
c1,stocks,coin.desk.food*0.02,0,False,CONVERGED,CONVERGED,548,548,-,-,0.019999999999999997,0.02,110,110,4,4,Crowded,Crowded,Crowded,Crowded,0.4379200472667336,0.4379200472667328,5064.483859105915,5064.484,0.02156582845481954,0.02156583,125,125,0.17424410841761137,0.1742441,0.06538927083797197,0.06538927,-,3.330669e-15,84,84,3847,140846,70,70,4001
c1,stocks,coin.desk.food*2,0,False,CONVERGED,CONVERGED,491,491,-,-,0.3948025405506491,0.3948025,23,23,4,4,Crowded,Crowded,Crowded,Crowded,0.4379200472667367,0.4379200472667327,929.3695364114761,929.3695,0.3122422079179453,0.3122422,32,32,0.4855019722972772,0.485502,0.01378650525026559,0.01378651,-,5.107026e-15,23,23,3951,140950,27,27,4001
c1,stocks,coin.desk.shelter*0.1,0,False,CONVERGED,CONVERGED,428,428,-,-,0.09999999999999999,0.1,20,20,6,6,Crowded,Crowded,Crowded,Crowded,0.4379200472667317,0.43792004726673,2302.585092994045,2302.585,0.10974015483644664,0.1097402,70,70,0.29757230046041955,0.2975723,0.0180938560024817,0.01809386,-,4.218847e-15,14,14,3918,140917,69,69,4001
c1,stocks,coin.desk.shelter*0.02,0,False,CONVERGED,CONVERGED,577,577,-,-,0.020000000000000004,0.02,36,36,4,4,Crowded,Crowded,Crowded,Crowded,0.437920047266726,0.437920047266739,3912.0230054281456,3912.023,0.02213971474475482,0.02213971,115,115,0.2742992002928976,0.2742992,0.02699376589203839,0.02699377,-,3.108624e-15,30,30,3872,140871,99,99,4001
c1,stocks,coin.desk.care*2,0,False,CONVERGED,CONVERGED,419,419,-,-,0.5618056444295547,0.5618056,0,0,4,4,Crowded,Crowded,Crowded,Crowded,0.4379200472667243,0.4379200472667325,576.5993173180456,576.5993,0.5346238743875967,0.5346239,0,0,0.5187746436251525,0.5187746,0.004103198908113059,0.004103199,-,5.77316e-15,9,9,3975,140974,17,17,4001
c1,stocks,coin.desk.care*0.02,0,False,CONVERGED,CONVERGED,497,497,-,-,0.019999999999999993,0.02,30,30,4,4,Crowded,Crowded,Crowded,Crowded,0.43792004726673156,0.4379200472667325,3912.0230054281465,3912.023,0.020107331640730055,0.02010733,36,36,0.42423218286152137,0.4242322,0.01008300013522112,0.010083,-,5.551115e-15,39,39,3943,140942,19,19,4001
c1,stocks,stock.manufactures*0.1,0,False,CONVERGED,CONVERGED,312,312,-,-,0.09999999999999999,0.1,1,1,0,0,Crowded,Crowded,Crowded,Crowded,0.43792004726673345,0.43792004726674,2302.585092994045,2302.585,0.1,0.1,0,0,0.9592294385471771,0.9592294,0.0,0.0,-,3.7747579999999994e-15,0,0,4001,141000,0,0,4001
c1,stocks,coin.desk.mach*0.02,0,False,CONVERGED,CONVERGED,663,663,-,-,0.03938505704103685,0.03938506,117,117,3,3,Crowded,Crowded,Crowded,Crowded,0.4379200472667379,0.4379200472667254,4853.746754225974,4853.747,0.03212075552452341,0.03212076,137,137,0.08867980610522208,0.08867981,0.06588450583370897,0.06588451,-,6.217249e-15,110,110,3826,140825,65,65,4001
c1,stocks,coin.desk.mach*0.1,0,False,CONVERGED,CONVERGED,646,646,-,-,0.06512328190870695,0.06512328,103,103,4,4,Crowded,Crowded,Crowded,Crowded,0.43792004726673367,0.4379200472667328,3940.8937750266314,3940.894,0.05346213390960885,0.05346213,121,121,0.12230357446180705,0.1223036,0.06285221150527465,0.06285221,-,4.884981e-15,97,97,3844,140843,60,60,4001
c1,stocks,stock.manufactures*2,0,False,CONVERGED,CONVERGED,342,342,-,-,0.9341053645178682,0.9341054,0,0,0,0,Crowded,Crowded,Crowded,Crowded,0.4379200472667311,0.4379200472667328,68.16603713955692,68.16604,0.9336930962764816,0.5,0,0,0.9598143396738434,0.9598143,0.0,0.0,-,1.9984009999999997e-15,0,0,4001,141000,0,0,4001
c1,stocks,coin.desk.mach*2,0,False,CONVERGED,CONVERGED,495,495,-,-,0.4671997943030281,0.4671998,9,9,4,4,Crowded,Crowded,Crowded,Crowded,0.43792004726673006,0.43792004726673295,760.9982877442693,760.9983,0.518531402056812,0.5185314,43,43,0.4501459142553522,0.4501459,0.02819993163163792,0.02819993,-,2.88658e-15,13,13,3917,140916,71,71,4001
c1,stocks,coin.desk.mach*0.5,0,False,CONVERGED,CONVERGED,512,512,-,-,0.289935970020041,0.289936,50,50,4,4,Crowded,Crowded,Crowded,Crowded,0.43792004726673517,0.43792004726673206,1238.095173414329,1238.095,0.2634809446427511,0.2634809,67,67,0.28505286075591274,0.2850529,0.04032495238698486,0.04032495,-,2.88658e-15,43,43,3911,140910,47,47,4001
c1,stocks,stock.manufactures*0.5,0,False,CONVERGED,CONVERGED,298,298,-,-,0.49999999999999994,0.5,0,0,0,0,Crowded,Crowded,Crowded,Crowded,0.43792004726673006,0.4379200472667305,693.1471805599452,693.1472,0.5,0.5,0,0,0.9777366167872519,0.9777366,0.0,0.0,-,7.1054270000000005e-15,0,0,4001,141000,0,0,4001
c1,stocks,stock.care*0.1,0,False,CONVERGED,CONVERGED,302,302,-,-,0.09999999999999999,0.1,1,1,0,0,Crowded,Crowded,Crowded,Crowded,0.4379200472667335,0.43792004726673606,2302.585092994045,2302.585,0.1,0.1,0,0,0.9363651643608077,0.9363652,0.0,0.0,-,4.440892e-15,0,0,4001,141000,0,0,4001
c1,stocks,stock.food*0.5,0,False,CONVERGED,CONVERGED,325,325,-,-,0.49999999999999994,0.5,0,0,0,0,Crowded,Crowded,Crowded,Crowded,0.43792004726673567,0.43792004726673445,693.1471805599452,693.1472,0.5,0.5,0,0,0.9259573059736669,0.9259573,0.0,0.0,-,3.7747579999999994e-15,0,0,4001,141000,0,0,4001
c1,stocks,coin.desk.shelter*0.5,0,False,CONVERGED,CONVERGED,394,394,-,-,0.49999999999999994,0.5,0,0,0,0,Crowded,Crowded,Crowded,Crowded,0.43792004726673633,0.4379200472667224,693.1471805599452,693.1472,0.5259333422397231,0.5259333,0,0,0.44492805671477875,0.4449281,0.0,0.0,-,5.995204e-15,0,0,4001,141000,0,0,4001
c1,stocks,stock.care*0.5,0,False,CONVERGED,CONVERGED,288,288,-,-,0.49999999999999994,0.5,0,0,0,0,Crowded,Crowded,Crowded,Crowded,0.43792004726673045,0.43792004726673195,693.1471805599452,693.1472,0.5,0.5,0,0,0.9651193708524968,0.9651194,0.0,0.0,-,4.440892e-15,0,0,4001,141000,0,0,4001
c1,stocks,stock.shelter*0.5,0,False,CONVERGED,CONVERGED,362,362,-,-,0.49999999999999994,0.5,0,0,0,0,Crowded,Crowded,Crowded,Crowded,0.4379200472667326,0.43792004726672923,693.1471805599452,693.1472,0.5,0.5,0,0,0.9587149137517208,0.9587149,0.0,0.0,-,3.330669e-15,0,0,4001,141000,0,0,4001
c1,stocks,stock.food*2,0,False,CONVERGED,CONVERGED,354,354,-,-,0.9323593742309395,0.9323594,0,0,0,0,Crowded,Crowded,Crowded,Crowded,0.43792004726673583,0.43792004726673556,70.03694395067478,70.03694,0.934508091382437,0.5,0,0,0.9246025041470488,0.9246025,0.0,0.0,-,4.218847e-15,0,0,4001,141000,0,0,4001
c1,stocks,stock.food*0.1,0,False,CONVERGED,CONVERGED,338,338,-,-,0.09999999999999999,0.1,1,1,0,0,Crowded,Crowded,Crowded,Crowded,0.4379200472667286,0.43792004726673395,2302.585092994045,2302.585,0.1,0.1,0,0,0.8636003431298508,0.8636003,0.0,0.0,-,2.88658e-15,0,0,4001,141000,0,0,4001
c1,stocks,stock.mach*0.5,0,False,CONVERGED,CONVERGED,382,382,-,-,0.28571428571428564,0.2857143,2,2,0,0,Crowded,Crowded,Crowded,Crowded,0.43792004726673495,0.4379200472667367,1252.7629684953683,1252.763,0.2857142857142856,0.2857143,0,0,0.78829579306053,0.7882958,0.0,0.0,-,6.8833830000000005e-15,0,0,4001,141000,0,0,4001
c1,stocks,stock.shelter*2,0,False,CONVERGED,CONVERGED,376,376,-,-,0.9331061319191251,0.9331061,0,0,0,0,Crowded,Crowded,Crowded,Crowded,0.4379200472667293,0.4379200472667302,69.23633120751565,69.23633,0.9288711473389007,0.5,0,0,0.9460971373509813,0.9460971,0.0,0.0,-,3.441691e-15,0,0,4001,141000,0,0,4001
c1,stocks,stock.shelter*0.1,0,False,CONVERGED,CONVERGED,375,375,-,-,0.09999999999999999,0.1,1,1,0,0,Crowded,Crowded,Crowded,Crowded,0.4379200472667372,0.4379200472667317,2302.585092994045,2302.585,0.1,0.1,0,0,0.9245546634398538,0.9245547,0.0,0.0,-,3.552714e-15,0,0,4001,141000,0,0,4001
c1,stocks,stock.care*2,0,False,CONVERGED,CONVERGED,291,291,-,-,0.9330158660531066,0.9330159,0,0,0,0,Crowded,Crowded,Crowded,Crowded,0.4379200472667282,0.43792004726673317,69.3330728634065,69.33307,0.9331704628323294,0.5,0,0,0.9765488329455423,0.9765488,0.0,0.0,-,3.330669e-15,0,0,4001,141000,0,0,4001
c1,stocks,stock.mach*0.1,0,False,CONVERGED,CONVERGED,310,310,-,-,0.0,0.0,3,3,2,2,Crowded,Crowded,Crowded,Crowded,0.4379200472667352,0.43792004726673983,inf,inf,0.0,0.0,17,17,0.4278382018015894,0.4278382,0.011427919471699188,0.01142792,-,2.442491e-15,0,0,3974,140973,27,27,4001
c1,stocks,coin.provider*2,0,False,CONVERGED,CONVERGED,426,426,-,-,0.7825486332988626,0.7825486,0,0,0,0,Crowded,Crowded,Crowded,Crowded,0.43792004726673267,0.437920047266731,245.19920731847816,245.1992,0.6994788948384978,0.6994789,0,0,0.8111132938235812,0.4055566,0.0,0.0,-,4.662937e-15,0,0,4001,141000,0,0,4001
c1,stocks,coin.workers*0.1,0,False,CONVERGED,CONVERGED,239,239,-,-,0.3473666022448979,0.3473666,1,1,0,0,Crowded,Crowded,Crowded,Crowded,0.4379200472667314,0.43792004726673195,1057.3745661094258,1057.375,0.8657349979636707,0.3105186,0,0,0.6002619265916995,0.6002619,0.0,0.0,-,5.551115e-15,0,0,4001,141000,0,0,4001
c1,stocks,stock.mach*2,0,False,CONVERGED,CONVERGED,422,422,-,-,0.8455341513841104,0.8455342,0,0,0,0,Crowded,Crowded,Crowded,Crowded,0.43792004726673267,0.4379200472667319,167.7867195206061,167.7867,0.8192742941838864,0.4117647,0,0,0.7793834409786674,0.7793834,0.0,0.0,-,7.1054270000000005e-15,0,0,4001,141000,0,0,4001
c1,stocks,stock.mach*0.01,0,False,CONVERGED,CONVERGED,491,491,-,-,0.0,0.0,39,39,4,4,Crowded,Crowded,Crowded,Crowded,0.43792004726673733,0.4379200472667359,inf,inf,0.0,0.0,52,52,0.33256440385074426,0.3325644,0.033056953541937384,0.03305695,-,5.77316e-15,25,25,3933,140932,43,43,4001
c1,stocks,coin.provider*0.5,0,False,CONVERGED,CONVERGED,202,202,-,-,0.7851821496123271,0.7851821,0,0,0,0,Crowded,Crowded,Crowded,Crowded,0.43792004726673345,0.4379200472667356,241.83955039360757,241.8396,0.9500040684103885,0.6942303,0,0,0.5,1.0,0.0,0.0,-,4.440892e-15,0,0,4001,141000,0,0,4001
c1,stocks,stock.mach*10,0,False,CONVERGED,CONVERGED,433,433,-,-,0.7599315115159505,0.7599315,0,0,2,2,Crowded,Crowded,Crowded,Crowded,0.43792004726673683,0.43792004726673356,274.5269661888703,274.527,0.7305419835773036,0.07216495,0,0,0.6101303235042069,0.6101303,0.002885040218070567,0.00288504,-,4.440892e-15,0,0,3986,140985,15,15,4001
c1,stocks,coin.workers*2,0,False,CONVERGED,CONVERGED,486,486,-,-,0.6675612034731645,0.6675612,0,0,4,4,Crowded,Crowded,Crowded,Crowded,0.43792004726673206,0.4379200472667311,404.1242023145571,404.1242,0.5796603379144609,0.5796603,0,0,0.5974978712213082,0.5974979,0.008451207621241352,0.008451208,-,2.664535e-15,8,8,3957,140956,36,36,4001
c1,enclose,enclose=0.5@genesis,0,False,CONVERGED,CONVERGED,323,323,-,-,0.8591117272894038,0.8591117,0,0,0,0,Enclosed,Enclosed,Enclosed,Enclosed,1.0,1.0,235.75279106533424,235.7528,0.821353332175339,0.7760865,0,0,0.840812954324463,0.840813,0.2258370496375059,0.225837,-,4.884981e-15,0,0,0,0,4001,141000,4001
c1,enclose,enclose=1@genesis,0,False,CONVERGED,CONVERGED,323,323,-,-,0.8587801713228199,0.8587802,0,0,0,0,Enclosed,Enclosed,Enclosed,Enclosed,1.0,1.0,235.75279106533424,235.7528,0.8212856652369931,0.7760865,0,0,0.8939977363374655,0.8939977,0.4594434584616135,0.4594435,-,3.996803e-15,0,0,0,0,4001,141000,4001
c1,enclose,enclose=0.5@dated,0,False,CONVERGED,CONVERGED,323,323,-,-,0.8593508251509536,0.8593508,0,0,0,0,Enclosed,Enclosed,Enclosed,Enclosed,1.0,1.0,235.75279106533438,235.7528,0.8218634880798992,0.7760865,0,0,0.8412952424705755,0.8412952,0.22581023156427527,0.2258102,-,2.664535e-15,0,0,0,0,4001,141000,4001
c1,enclose,enclose=1@dated,0,False,CONVERGED,CONVERGED,323,323,-,-,0.8592398104700657,0.8592398,0,0,0,0,Enclosed,Enclosed,Enclosed,Enclosed,1.0,1.0,235.75279106533438,235.7528,0.822307183349334,0.7760865,0,0,0.8949295507973919,0.8949296,0.45938970227820547,0.4593897,-,5.995204e-15,0,0,0,0,4001,141000,4001
c1,joint2,"joint(2,3)",0,False,DIVERGED,DIVERGED,-,-,301,289,0.0,0.0,295,283,1,1,Enclosed,Enclosed,Crowded,Crowded,1.0,1.0,inf,inf,0.0,0.0,285,273,2.96523887752256e-05,3.967509e-05,0.07269230769230772,0.07269231,-,inf,0,0,9,9,293,281,302
c1,joint2,"joint(2,12)",0,False,DIVERGED,DIVERGED,-,-,273,281,0.0,0.0,271,279,0,0,Enclosed,Enclosed,Crowded,Crowded,1.0,1.0,inf,inf,0.0,0.0,263,271,1.2119558699298336e-05,9.941027e-06,0.07269230769230772,0.07269231,-,inf,0,0,0,0,274,282,274
c1,joint2,"joint(2,1)",0,False,CONVERGED,CONVERGED,388,388,-,-,0.26424187697263957,0.2642419,32,32,4,4,Crowded,Crowded,Crowded,Crowded,0.4379200472667277,0.4379200472667243,1341.6725068311093,1341.673,0.24611179865558247,0.2461118,56,56,0.3334363456130578,0.3334363,0.006392476971850747,0.006392477,-,6.217249e-15,37,37,3949,140948,15,15,4001
c1,joint2,"joint(2,2)",0,False,CONVERGED,CONVERGED,366,366,-,-,0.1558489111264289,0.1558489,50,50,4,4,Crowded,Crowded,Crowded,Crowded,0.4379200472667285,0.43792004726673234,1858.8682594699455,1858.868,0.1388573440408135,0.1388573,67,67,0.267609998519961,0.26761,0.04392984475683348,0.04392984,-,4.218847e-15,37,37,3916,140915,48,48,4001
c1,joint2,"joint(2,4)",0,False,CONVERGED,CONVERGED,381,381,-,-,0.20013141610535115,0.2001314,62,62,4,4,Crowded,Crowded,Crowded,Crowded,0.4379200472667276,0.4379200472667323,1791.5037433484338,1791.504,0.1708816810531098,0.1708817,80,80,0.24281975376166184,0.2428198,0.03418444827314027,0.03418445,-,4.218847e-15,59,59,3902,140901,40,40,4001
c1,joint2,"joint(2,7)",0,False,CONVERGED,CONVERGED,557,557,-,-,0.42466579013428984,0.4246658,17,17,5,5,Crowded,Crowded,Crowded,Crowded,0.43792004726673184,0.43792004726673195,1273.9677497722516,1273.968,0.3754820518639392,0.3754821,19,19,0.27119630495736735,0.2711963,0.019497240598907284,0.01949724,-,3.996803e-15,76,76,3916,140915,9,9,4001
c1,joint2,"joint(2,6)",0,False,CONVERGED,CONVERGED,720,720,-,-,0.033005905836221545,0.03300591,156,156,5,5,Crowded,Crowded,Crowded,Crowded,0.4379200472667341,0.4379200472667357,7478.584081496313,7478.584,0.0739934012834569,0.0700845,164,164,0.16250824754872678,0.1625082,0.0695541188488783,0.06955412,-,2.220446e-15,125,125,3778,140777,98,98,4001
c1,joint2,"joint(2,5)",0,False,CONVERGED,CONVERGED,486,486,-,-,0.18797030221543745,0.1879703,48,48,5,5,Crowded,Crowded,Crowded,Crowded,0.4379200472667317,0.4379200472667369,1904.3051318714613,1904.305,0.10469489909379777,0.1046949,58,58,0.2062356056259951,0.2062356,0.031001502145728055,0.0310015,-,4.884981e-15,64,64,3909,140908,28,28,4001
c1,joint2,"joint(2,13)",0,False,CONVERGED,CONVERGED,559,559,-,-,0.6537196383210415,0.6537196,0,0,1,1,Crowded,Crowded,Crowded,Crowded,0.4379200472667363,0.4379200472667364,832.7693167461306,832.7693,0.5221755054042797,0.5095745,0,0,0.6463844986332633,0.6463845,0.0,0.0,-,3.996803e-15,52,52,3949,140948,0,0,4001
c1,joint2,"joint(2,11)",0,False,CONVERGED,CONVERGED,537,537,-,-,0.18991806509013348,0.1899181,91,91,3,3,Crowded,Crowded,Crowded,Crowded,0.4379200472667305,0.4379200472667271,1661.1625361985118,1661.163,0.30206858494369504,0.3020686,80,80,0.390114561811326,0.3901146,0.04055255551091019,0.04055256,-,3.885781e-15,46,46,3881,140880,74,74,4001
c1,joint2,"joint(2,10)",0,False,CONVERGED,CONVERGED,561,561,-,-,0.0,0.0,88,88,3,3,Crowded,Crowded,Crowded,Crowded,0.43792004726673495,0.43792004726673417,inf,inf,0.0,0.0,112,112,0.10266081501312845,0.1026608,0.06793455895740619,0.06793456,-,4.440892e-15,91,91,3853,140852,57,57,4001
c1,joint2,"joint(2,9)",0,False,CONVERGED,CONVERGED,516,516,-,-,0.08082008490472833,0.08082008,63,63,4,4,Crowded,Crowded,Crowded,Crowded,0.43792004726672823,0.43792004726673345,2515.529768791303,2515.53,0.09836040790795747,0.09836041,77,77,0.29293538984476186,0.2929354,0.04703815146567314,0.04703815,-,3.330669e-15,17,17,3930,140929,54,54,4001
c1,joint2,"joint(2,14)",0,False,CONVERGED,CONVERGED,614,614,-,-,0.0,0.0,79,79,5,5,Crowded,Crowded,Crowded,Crowded,0.43792004726673384,0.43792004726673384,inf,inf,0.0,0.0,82,82,0.2914118005587273,0.2914118,0.03481859159621614,0.03481859,-,4.218847e-15,29,29,3914,140913,58,58,4001
c1,joint2,"joint(2,8)",0,False,CONVERGED,CONVERGED,510,510,-,-,0.2348825241826067,0.2348825,43,43,7,7,Crowded,Crowded,Crowded,Crowded,0.43792004726673506,0.43792004726673656,1448.6697869234781,1448.67,0.1918981976480096,0.1918982,42,42,0.3020368905984471,0.3020369,0.012091715980987072,0.01209172,-,4.218847e-15,55,55,3930,140929,16,16,4001
c1,joint2,"joint(2,16)",0,False,CONVERGED,CONVERGED,564,564,-,-,0.10570888807354306,0.1057089,5,5,3,3,Crowded,Crowded,Crowded,Crowded,0.4379200472667363,0.4379200472667348,2247.06630190656,2247.066,0.07868728009228804,0.07868728,27,27,0.2964377929234417,0.2964378,0.02201784488355024,0.02201784,-,4.107825e-15,73,73,3919,140918,9,9,4001
c1,joint2,"joint(2,22)",0,False,CONVERGED,CONVERGED,741,741,-,-,0.005776530155187489,0.005779151,190,190,5,5,Crowded,Crowded,Crowded,Crowded,0.43792004726673167,0.43792004726673495,10701.235987081307,10701.24,0.029692470042626026,0.02892542,215,215,0.09074959265679894,0.09074959,0.07170719514726631,0.0717072,-,4.884981e-15,137,137,3752,140751,112,112,4001
c1,joint2,"joint(2,15)",0,False,CONVERGED,CONVERGED,521,521,-,-,0.24428354525558954,0.2442835,54,54,4,4,Crowded,Crowded,Crowded,Crowded,0.4379200472667315,0.4379200472667327,1409.42565765085,1409.426,0.24315188158950973,0.2431519,73,73,0.40548303493859417,0.405483,0.03555648450916393,0.03555648,-,5.551115e-15,35,35,3923,140922,43,43,4001
c1,joint2,"joint(2,34)",0,False,DIVERGED,DIVERGED,-,-,282,282,0.0,0.0,280,280,1,1,Enclosed,Enclosed,Crowded,Crowded,1.0,1.0,inf,inf,0.0,0.0,269,269,8.930766780889555e-06,8.802102e-06,0.07269230769230772,0.07269231,-,inf,0,0,8,8,275,275,283
c1,joint2,"joint(2,39)",0,False,DIVERGED,DIVERGED,-,-,279,282,0.0,0.0,277,280,2,2,Enclosed,Enclosed,Crowded,Crowded,1.0,1.0,inf,inf,0.0,0.0,267,270,1.2952381889190862e-05,1.162697e-05,0.07269230769230772,0.07269231,-,inf,4,4,6,6,270,273,280
c1,joint2,"joint(2,17)",0,False,CONVERGED,CONVERGED,714,714,-,-,0.012504129119784385,0.01250413,156,156,5,5,Crowded,Crowded,Crowded,Crowded,0.4379200472667227,0.43792004726673756,8856.683345321626,8856.683,0.026020503459275833,0.0260205,171,171,0.07658085402196013,0.07658085,0.06998464551763717,0.06998465,-,2.442491e-15,124,124,3781,140780,96,96,4001
c1,joint2,"joint(2,19)",0,False,CONVERGED,CONVERGED,589,589,-,-,0.413723209611207,0.4137232,32,32,5,5,Crowded,Crowded,Crowded,Crowded,0.4379200472667359,0.4379200472667336,1166.9053445343266,1166.905,0.37883977295630833,0.3788398,22,22,0.3030411423303114,0.3030411,0.014086843969108864,0.01408684,-,3.885781e-15,47,47,3894,140893,60,60,4001
c1,joint2,"joint(2,20)",0,False,CONVERGED,CONVERGED,602,602,-,-,0.0,0.0,61,61,3,3,Crowded,Crowded,Crowded,Crowded,0.4379200472667354,0.43792004726673894,inf,inf,0.0,0.0,72,72,0.21132745916440435,0.2113275,0.008489434000062523,0.008489434,-,3.219647e-15,112,112,3885,140884,4,4,4001
c1,joint2,"joint(2,18)",0,False,CONVERGED,CONVERGED,564,564,-,-,0.0,0.0,86,86,3,3,Crowded,Crowded,Crowded,Crowded,0.43792004726673334,0.4379200472667343,inf,inf,0.0,0.0,110,110,0.10355087223407937,0.1035509,0.05281348665012875,0.05281349,-,1.9984009999999997e-15,97,97,3849,140848,55,55,4001
c1,joint2,"joint(2,21)",0,False,CONVERGED,CONVERGED,547,547,-,-,0.0,0.0,103,103,3,3,Crowded,Crowded,Crowded,Crowded,0.43792004726673256,0.43792004726673595,inf,inf,0.0,0.0,123,123,0.08176470729895285,0.08176471,0.06412875342709146,0.06412875,-,3.330669e-15,105,105,3833,140832,63,63,4001
c1,joint2,"joint(2,26)",0,False,CONVERGED,CONVERGED,695,695,-,-,0.020053947672266217,0.02005395,146,146,5,5,Crowded,Crowded,Crowded,Crowded,0.4379200472667356,0.43792004726673744,8489.777322057871,8489.777,0.038725477646453975,0.03872548,154,154,0.11195984757464136,0.1119598,0.06705839079792664,0.06705839,-,3.108624e-15,118,118,3799,140798,84,84,4001
c1,joint2,"joint(2,23)",0,False,CONVERGED,CONVERGED,483,483,-,-,0.14885893777962328,0.1488589,53,53,0,0,Crowded,Crowded,Crowded,Crowded,0.43792004726673583,0.4379200472667371,1904.7561477763334,1904.756,0.18114692898905926,0.1811469,0,0,0.4702126090827694,0.4702126,0.0,0.0,-,1.554312e-15,0,0,4001,141000,0,0,4001
c1,joint2,"joint(2,24)",0,False,CONVERGED,CONVERGED,459,459,-,-,0.19037364452161343,0.1903736,53,53,3,3,Crowded,Crowded,Crowded,Crowded,0.4379200472667271,0.4379200472667275,1658.7665878362116,1658.767,0.2794665606027141,0.2794666,33,33,0.3678474725612294,0.3678475,0.0,0.0,-,5.995204e-15,21,21,3980,140979,0,0,4001
c1,joint2,"joint(2,25)",0,False,CONVERGED,CONVERGED,539,539,-,-,0.3954962703274502,0.3954963,27,27,3,3,Crowded,Crowded,Crowded,Crowded,0.4379200472667335,0.4379200472667345,1257.932184428261,1257.932,0.44175349210086895,0.4417535,11,11,0.40642413491139656,0.4064241,0.009059192071284028,0.009059192,-,3.108624e-15,80,80,3897,140896,24,24,4001
c1,joint2,"joint(2,27)",0,False,CONVERGED,CONVERGED,504,504,-,-,0.17985873290696208,0.1798587,39,39,2,2,Crowded,Crowded,Crowded,Crowded,0.4379200472667262,0.4379200472667321,1715.583553405704,1715.584,0.21567647213406968,0.2156765,52,52,0.38510144609588104,0.3851014,0.016609782586873734,0.01660978,-,3.885781e-15,0,0,3962,140961,39,39,4001
c1,joint2,"joint(2,38)",0,False,CONVERGED,CONVERGED,578,578,-,-,0.2421168410689975,0.2421168,40,40,5,5,Crowded,Crowded,Crowded,Crowded,0.4379200472667329,0.4379200472667309,1418.3348550080882,1418.335,0.29939928886655637,0.2993993,42,42,0.26233374937027026,0.2623337,0.002953302728370355,0.002953303,-,4.107825e-15,87,87,3895,140894,19,19,4001
c1,joint2,"joint(2,28)",0,False,CONVERGED,CONVERGED,691,691,-,-,0.020542852573605976,0.02054285,145,145,4,4,Crowded,Crowded,Crowded,Crowded,0.437920047266733,0.4379200472667357,6635.3466508369,6635.347,0.04033312096618829,0.04033312,155,155,0.09587674991205791,0.09587675,0.06840902271927018,0.06840902,-,5.551115e-15,117,117,3806,140805,78,78,4001
c1,joint2,"joint(2,29)",0,False,CONVERGED,CONVERGED,378,378,-,-,0.287564182307895,0.2875642,46,46,5,5,Crowded,Crowded,Crowded,Crowded,0.43792004726672895,0.4379200472667336,1246.3092008496303,1246.309,0.3228674691286482,0.3228675,40,40,0.37425391776802097,0.3742539,0.0074247157716511025,0.007424716,-,2.88658e-15,37,37,3940,140939,24,24,4001
c1,joint2,"joint(2,30)",0,False,CONVERGED,CONVERGED,480,480,-,-,0.23130536068380791,0.2313054,71,71,5,5,Crowded,Crowded,Crowded,Crowded,0.4379200472667304,0.4379200472667256,1464.0165336890218,1464.017,0.2679002923533325,0.2679003,70,70,0.3154647929730881,0.3154648,0.036060375231677266,0.03606038,-,4.107825e-15,27,27,3912,140911,62,62,4001
c1,joint2,"joint(2,43)",0,False,CONVERGED,CONVERGED,663,663,-,-,0.010792648329863305,0.01079265,119,119,4,4,Crowded,Crowded,Crowded,Crowded,0.4379200472667364,0.43792004726673,6127.273193023841,6127.273,0.023928175240310188,0.02392818,132,132,0.17160539049014395,0.1716054,0.06754904256652261,0.06754904,-,3.885781e-15,79,79,3848,140847,74,74,4001
c1,joint2,"joint(2,31)",0,False,CONVERGED,CONVERGED,677,677,-,-,0.027585221843393983,0.02758522,127,127,5,5,Crowded,Crowded,Crowded,Crowded,0.43792004726673245,0.4379200472667354,6034.979034204393,6034.979,0.05453205079959361,0.05453205,142,142,0.13553624079086068,0.1355362,0.067086316567455,0.06708632,-,3.552714e-15,103,103,3822,140821,76,76,4001
c1,joint2,"joint(2,32)",0,False,CONVERGED,CONVERGED,346,346,-,-,0.23226419900090012,0.2322642,43,43,5,5,Crowded,Crowded,Crowded,Crowded,0.4379200472667358,0.4379200472667325,1459.8797664469503,1459.88,0.24056973212353566,0.2405697,44,44,0.40731943829895545,0.4073194,0.02506954430654884,0.02506954,-,3.552714e-15,32,32,3912,140911,57,57,4001
c1,joint2,"joint(2,37)",0,False,CONVERGED,CONVERGED,642,642,-,-,0.11673838614138238,0.1167384,113,113,5,5,Crowded,Crowded,Crowded,Crowded,0.4379200472667337,0.43792004726673084,2851.558928937978,2851.559,0.09669972106965329,0.09669972,97,97,0.18682231317519768,0.1868223,0.049612808110368056,0.04961281,-,3.885781e-15,83,83,3865,140864,53,53,4001
c1,joint2,"joint(2,35)",0,False,CONVERGED,CONVERGED,642,642,-,-,0.035779705044446455,0.03577971,118,118,4,4,Crowded,Crowded,Crowded,Crowded,0.43792004726673545,0.43792004726673495,4156.987387126302,4156.987,0.023670435081325086,0.02367044,104,104,0.20762890322120614,0.2076289,0.05110929538777642,0.0511093,-,1.8873789999999997e-15,48,48,3903,140902,50,50,4001
c1,joint2,"joint(2,33)",0,False,CONVERGED,CONVERGED,604,604,-,-,0.0,0.0,11,11,6,6,Crowded,Crowded,Crowded,Crowded,0.4379200472667268,0.4379200472667381,inf,inf,0.0,0.0,41,41,0.2976673006556733,0.2976673,0.0,0.0,-,1.221245e-15,95,95,3906,140905,0,0,4001
c1,joint2,"joint(2,36)",0,False,CONVERGED,CONVERGED,563,563,-,-,0.3623257330601874,0.3623257,29,29,1,1,Crowded,Crowded,Crowded,Crowded,0.4379200472667363,0.4379200472667351,1015.2116566638807,1015.212,0.3818118069223404,0.3818118,0,0,0.5724111204539616,0.5724111,0.0,0.0,-,3.996803e-15,65,65,3936,140935,0,0,4001
c1,joint2,"joint(2,40)",0,False,CONVERGED,CONVERGED,692,692,-,-,0.018913198893863368,0.0189132,152,152,3,3,Crowded,Crowded,Crowded,Crowded,0.43792004726673683,0.43792004726673345,6062.074290647234,6062.074,0.024120514170772107,0.02412051,157,157,0.09067983027281434,0.09067983,0.0659912935714978,0.06599129,-,3.663736e-15,111,111,3813,140812,77,77,4001
c1,joint2,"joint(2,47)",0,False,CONVERGED,CONVERGED,679,679,-,-,0.05753824444009412,0.05753824,129,129,5,5,Crowded,Crowded,Crowded,Crowded,0.4379200472667363,0.4379200472667369,5532.572365749109,5532.572,0.08646782119681815,0.08646782,125,125,0.17734544018311157,0.1773454,0.06285627653460812,0.06285628,-,5.662137e-15,98,98,3824,140823,79,79,4001
c1,joint2,"joint(2,41)",0,False,CONVERGED,CONVERGED,527,527,-,-,0.0,0.0,83,83,3,3,Crowded,Crowded,Crowded,Crowded,0.4379200472667327,0.43792004726673933,inf,inf,0.0,0.0,103,103,0.11413034189458861,0.1141303,0.04629621555300201,0.04629622,-,3.108624e-15,97,97,3854,140853,50,50,4001
c1,joint2,"joint(2,42)",0,False,CONVERGED,CONVERGED,517,517,-,-,0.22928626889414366,0.2292863,46,46,5,5,Crowded,Crowded,Crowded,Crowded,0.43792004726673656,0.43792004726673894,1472.7839736232966,1472.784,0.2352505218512204,0.2352505,73,73,0.32509186611765384,0.3250919,0.025228564315419144,0.02522856,-,5.329071e-15,61,61,3892,140891,48,48,4001
c1,joint2,"joint(2,44)",0,False,CONVERGED,CONVERGED,501,501,-,-,0.3170534176382269,0.3170534,35,35,5,5,Crowded,Crowded,Crowded,Crowded,0.4379200472667356,0.43792004726673,1148.6850094012852,1148.685,0.34778751747053704,0.3477875,20,20,0.4177231835832698,0.4177232,0.0,0.0,-,5.551115e-15,51,51,3950,140949,0,0,4001
c1,joint2,"joint(2,45)",0,False,CONVERGED,CONVERGED,568,568,-,-,0.007684355803444283,0.007684356,123,123,5,5,Crowded,Crowded,Crowded,Crowded,0.43792004726673345,0.437920047266736,4868.568730691275,4868.569,0.02274051402428869,0.02274051,139,139,0.14491664161826007,0.1449166,0.06828726783322625,0.06828727,-,3.108624e-15,105,105,3827,140826,69,69,4001
c1,joint2,"joint(2,46)",0,False,CONVERGED,CONVERGED,488,488,-,-,0.4040051539505256,0.4040052,28,28,5,5,Crowded,Crowded,Crowded,Crowded,0.43792004726673606,0.4379200472667351,1043.8312598915381,1043.831,0.3899760991358809,0.3899761,21,21,0.446267614982975,0.4462676,0.01491952954369058,0.01491953,-,2.88658e-15,49,49,3908,140907,44,44,4001
c1,joint2,"joint(2,52)",0,False,CONVERGED,CONVERGED,566,566,-,-,0.16310004515194942,0.1631,111,111,7,7,Crowded,Crowded,Crowded,Crowded,0.43792004726673583,0.4379200472667365,4320.800052213955,4320.8,0.23414094530683036,0.2341409,95,95,0.30028795773046946,0.300288,0.05644819184611394,0.05644819,-,1.776357e-15,61,61,3872,140871,68,68,4001
c1,joint2,"joint(2,48)",0,False,CONVERGED,CONVERGED,645,645,-,-,0.023280229546385207,0.02328023,95,95,3,3,Crowded,Crowded,Crowded,Crowded,0.43792004726672346,0.43792004726673134,3874.718465401542,3874.718,0.011937999806533114,0.011938,108,108,0.09885164557228046,0.09885165,0.058185722596430844,0.05818572,-,5.551115e-15,93,93,3847,140846,61,61,4001
c1,joint2,"joint(2,49)",0,False,CONVERGED,CONVERGED,624,624,-,-,0.0,0.0,80,80,3,3,Crowded,Crowded,Crowded,Crowded,0.43792004726673295,0.43792004726673395,inf,inf,0.0,0.0,107,107,0.0952289698861373,0.09522897,0.07269230769230772,0.07269231,-,4.218847e-15,101,101,3859,140858,41,41,4001
c1,joint2,"joint(2,57)",0,False,CONVERGED,CONVERGED,592,592,-,-,0.2096779190130605,0.2096779,55,55,5,5,Crowded,Crowded,Crowded,Crowded,0.4379200472667309,0.43792004726674033,1562.1826446010284,1562.183,0.14017770366385254,0.1401777,67,67,0.23201640407482907,0.2320164,0.032786359399416765,0.03278636,-,6.77236e-15,56,56,3909,140908,36,36,4001
c1,joint2,"joint(2,51)",0,False,CONVERGED,CONVERGED,520,520,-,-,0.2627461825793259,0.2627462,53,53,3,3,Crowded,Crowded,Crowded,Crowded,0.43792004726673495,0.4379200472667308,1704.1416861329658,1704.142,0.21607182424144317,0.2160718,84,84,0.3953133897336231,0.3953134,0.03841925102191668,0.03841925,-,3.108624e-15,43,43,3885,140884,73,73,4001
c1,joint2,"joint(2,50)",0,False,CONVERGED,CONVERGED,367,367,-,-,0.3942398888580082,0.3942399,18,18,2,2,Crowded,Crowded,Crowded,Crowded,0.43792004726672573,0.4379200472667267,930.7956999916254,930.7957,0.490114625216791,0.4901146,38,38,0.43137604020269715,0.431376,0.0,0.0,-,4.662937e-15,34,34,3967,140966,0,0,4001
c1,joint2,"joint(2,55)",0,False,CONVERGED,CONVERGED,586,586,-,-,0.0,0.0,39,39,3,3,Crowded,Crowded,Crowded,Crowded,0.4379200472667235,0.43792004726673445,inf,inf,0.0,0.0,65,65,0.2305522518911439,0.2305523,0.06300188861082356,0.06300189,-,5.440093e-15,76,76,3901,140900,24,24,4001
c1,joint2,"joint(2,53)",0,False,CONVERGED,CONVERGED,591,591,-,-,0.1258173856610533,0.1258174,34,34,5,5,Crowded,Crowded,Crowded,Crowded,0.4379200472667315,0.4379200472667345,2072.923743461363,2072.924,0.12545373210353958,0.1254537,43,43,0.2641415471703808,0.2641415,0.013208833255193286,0.01320883,-,4.884981e-15,78,78,3908,140907,15,15,4001
c1,joint2,"joint(2,54)",0,False,CONVERGED,CONVERGED,547,547,-,-,0.0,0.0,20,20,5,5,Crowded,Crowded,Crowded,Crowded,0.4379200472667329,0.43792004726673767,inf,inf,0.0,0.0,45,45,0.30021406101831277,0.3002141,0.017574318500334196,0.01757432,-,3.108624e-15,52,52,3935,140934,14,14,4001
c1,joint2,"joint(2,58)",0,False,CONVERGED,CONVERGED,555,555,-,-,0.1271455489655746,0.1271455,103,103,6,6,Crowded,Crowded,Crowded,Crowded,0.4379200472667323,0.4379200472667352,3464.3533457955796,3464.353,0.09797820575615902,0.09797821,101,101,0.308072321440647,0.3080723,0.0539693436894384,0.05396934,-,4.440892e-15,22,22,3908,140907,71,71,4001
c1,joint2,"joint(2,56)",0,False,CONVERGED,CONVERGED,715,715,-,-,0.015984994031928126,0.01598499,164,164,5,5,Crowded,Crowded,Crowded,Crowded,0.43792004726673384,0.4379200472667355,8263.84243532355,8263.842,0.03498009726607096,0.0349801,183,183,0.07577287987174558,0.07577288,0.07066128878931366,0.07066129,-,3.108624e-15,123,123,3779,140778,99,99,4001
c1,joint2,"joint(2,60)",0,False,CONVERGED,CONVERGED,573,573,-,-,0.0,0.0,53,53,1,1,Crowded,Crowded,Crowded,Crowded,0.4379200472667373,0.43792004726673656,inf,inf,0.0,0.0,41,41,0.3118065602117742,0.3118066,0.0,0.0,-,1.332268e-15,99,99,3902,140901,0,0,4001
c1,joint2,"joint(2,59)",0,False,CONVERGED,CONVERGED,731,731,-,-,0.01463808725469963,0.01463809,173,173,3,3,Crowded,Crowded,Crowded,Crowded,0.43792004726673406,0.43792004726673617,10456.512560266972,10456.51,0.03698657096181083,0.03614119,200,200,0.07841605734265492,0.07841606,0.0712495842011065,0.07124958,-,2.88658e-15,127,127,3761,140760,113,113,4001
c1,joint4,"joint(4,3)",0,False,DIVERGED,DIVERGED,-,-,287,279,0.0,0.0,287,279,1,1,Enclosed,Enclosed,Crowded,Crowded,1.0,1.0,inf,inf,0.0,0.0,274,266,5.812782078807538e-05,7.437173e-05,0.07269230769230772,0.07269231,-,inf,0,0,20,20,268,260,288
c1,joint4,"joint(4,6)",0,False,DIVERGED,DIVERGED,-,-,316,294,0.0,0.0,309,287,2,2,Enclosed,Enclosed,Crowded,Crowded,1.0,1.0,inf,inf,0.0,0.0,279,257,3.221986239322148e-05,6.248115e-05,0.07269230769230772,0.07269231,-,inf,16,16,7,7,294,272,317
c1,joint4,"joint(4,10)",0,False,DIVERGED,DIVERGED,-,-,254,246,0.0,0.0,255,247,0,0,Enclosed,Enclosed,Crowded,Crowded,1.0,1.0,inf,inf,0.0,0.0,255,247,1.6556765864322063e-05,1.973634e-05,0.07269230769230772,0.07269231,-,inf,0,0,0,0,255,247,255
c1,joint4,"joint(4,12)",0,False,DIVERGED,DIVERGED,-,-,258,275,0.0,0.0,259,276,0,0,Enclosed,Enclosed,Crowded,Crowded,1.0,1.0,inf,inf,0.0,0.0,255,272,2.348917971387196e-05,1.577488e-05,0.07269230769230772,0.07269231,-,inf,0,0,0,0,259,276,259
c1,joint4,"joint(4,18)",0,False,DIVERGED,DIVERGED,-,-,265,257,0.0,0.0,266,258,0,0,Enclosed,Enclosed,Crowded,Crowded,1.0,1.0,inf,inf,0.0,0.0,265,257,1.711213501929388e-05,2.083502e-05,0.07269230769230772,0.07269231,-,inf,0,0,0,0,266,258,266
c1,joint4,"joint(4,17)",0,False,DIVERGED,DIVERGED,-,-,295,279,0.0,0.0,291,275,2,2,Enclosed,Enclosed,Crowded,Crowded,1.0,1.0,inf,inf,0.0,0.0,268,252,4.146600256135248e-06,6.097543e-06,0.07269230769230772,0.07269231,-,inf,9,9,5,5,282,266,296
c1,joint4,"joint(4,22)",0,False,DIVERGED,DIVERGED,-,-,266,282,0.0,0.0,267,283,2,2,Enclosed,Enclosed,Crowded,Crowded,1.0,1.0,inf,inf,0.0,0.0,264,280,2.187038873322239e-05,1.428279e-05,0.07269230769230772,0.07269231,-,inf,4,4,5,5,258,274,267
c1,joint4,"joint(4,28)",0,False,DIVERGED,DIVERGED,-,-,279,280,0.0,0.0,278,279,2,2,Enclosed,Enclosed,Crowded,Crowded,1.0,1.0,inf,inf,0.0,0.0,265,266,9.98587242261389e-06,9.488366e-06,0.07269230769230772,0.07269231,-,inf,6,6,5,5,269,270,280
c1,joint4,"joint(4,26)",0,False,DIVERGED,DIVERGED,-,-,293,280,0.0,0.0,289,276,2,2,Enclosed,Enclosed,Crowded,Crowded,1.0,1.0,inf,inf,0.0,0.0,272,259,1.0056245182396187e-05,1.46012e-05,0.07269230769230772,0.07269231,-,inf,19,19,7,7,268,255,294
c1,joint4,"joint(4,31)",0,False,DIVERGED,DIVERGED,-,-,278,280,0.0,0.0,278,280,2,2,Enclosed,Enclosed,Crowded,Crowded,1.0,1.0,inf,inf,0.0,0.0,264,266,1.2683562165532943e-05,1.13983e-05,0.07269230769230772,0.07269231,-,inf,8,8,4,4,267,269,279
c1,joint4,"joint(4,34)",0,False,DIVERGED,DIVERGED,-,-,276,279,0.0,0.0,277,280,1,1,Enclosed,Enclosed,Crowded,Crowded,1.0,1.0,inf,inf,0.0,0.0,266,269,1.1590366507687082e-05,1.049298e-05,0.07269230769230772,0.07269231,-,inf,0,0,7,7,270,273,277
c1,joint4,"joint(4,39)",0,False,DIVERGED,DIVERGED,-,-,265,278,0.0,0.0,266,279,2,2,Enclosed,Enclosed,Crowded,Crowded,1.0,1.0,inf,inf,0.0,0.0,255,268,1.789381957817921e-05,1.327165e-05,0.07269230769230772,0.07269231,-,inf,5,5,5,5,256,269,266
c1,joint4,"joint(4,2)",0,False,CONVERGED,CONVERGED,545,545,-,-,0.03653670183867344,0.0365367,81,81,3,3,Crowded,Crowded,Crowded,Crowded,0.4379200472667328,0.4379200472667325,3309.4379937734993,3309.438,0.05246928203086382,0.05246928,102,102,0.18742214301511365,0.1874221,0.060622786445145405,0.06062279,-,4.884981e-15,82,82,3861,140860,58,58,4001
c1,joint4,"joint(4,1)",0,False,CONVERGED,CONVERGED,416,416,-,-,0.11105246243066447,0.1110525,73,73,4,4,Crowded,Crowded,Crowded,Crowded,0.43792004726672856,0.437920047266734,2197.7525548158214,2197.753,0.15204661242966305,0.1520466,97,97,0.31379267025135804,0.3137927,0.026287046422776184,0.02628705,-,1.554312e-15,62,62,3914,140913,25,25,4001
c1,joint4,"joint(4,5)",0,False,CONVERGED,CONVERGED,677,677,-,-,0.026590863048817057,0.02659086,132,132,5,5,Crowded,Crowded,Crowded,Crowded,0.437920047266733,0.4379200472667334,4085.3324755881385,4085.332,0.025130516083549576,0.02513052,143,143,0.13049476671834437,0.1304948,0.06239250327111645,0.0623925,-,4.440892e-15,124,124,3816,140815,61,61,4001
c1,joint4,"joint(4,4)",0,False,CONVERGED,CONVERGED,597,597,-,-,0.03895282723222732,0.03895283,115,115,4,4,Crowded,Crowded,Crowded,Crowded,0.43792004726673645,0.43792004726673395,3267.3145237365147,3267.315,0.06963104857340499,0.06963105,136,136,0.1366787962884205,0.1366788,0.05494114488102397,0.05494114,-,1.8873789999999997e-15,108,108,3829,140828,64,64,4001
c1,joint4,"joint(4,9)",0,False,CONVERGED,CONVERGED,581,581,-,-,0.004812720406306518,0.00481272,112,112,4,4,Crowded,Crowded,Crowded,Crowded,0.43792004726673445,0.4379200472667346,5336.492781703921,5336.493,0.013337405071045085,0.01333741,130,130,0.1846492278060198,0.1846492,0.06751977609617654,0.06751978,-,4.218847e-15,99,99,3835,140834,67,67,4001
c1,joint4,"joint(4,11)",0,False,CONVERGED,CONVERGED,674,674,-,-,0.0,0.0,154,154,3,3,Crowded,Crowded,Crowded,Crowded,0.4379200472667277,0.43792004726673717,inf,inf,0.0,0.0,116,116,0.27324137511166485,0.2732414,0.05951645019661045,0.05951645,-,3.441691e-15,47,47,3861,140860,93,93,4001
c1,joint4,"joint(4,7)",0,False,CONVERGED,CONVERGED,605,605,-,-,0.0,0.0,67,67,3,3,Crowded,Crowded,Crowded,Crowded,0.43792004726673417,0.4379200472667364,inf,inf,0.0,0.0,102,102,0.13810341362789466,0.1381034,0.054023707464170956,0.05402371,-,2.331468e-15,102,102,3881,140880,18,18,4001
c1,joint4,"joint(4,8)",0,False,CONVERGED,CONVERGED,541,541,-,-,0.0677256843727758,0.06772568,71,71,5,5,Crowded,Crowded,Crowded,Crowded,0.4379200472667329,0.4379200472667334,2692.2897858900037,2692.29,0.08471967373765261,0.08471967,77,77,0.19558652053236433,0.1955865,0.011765017140261957,0.01176502,-,3.7747579999999994e-15,99,99,3886,140885,16,16,4001
c1,joint4,"joint(4,13)",0,False,CONVERGED,CONVERGED,576,576,-,-,0.44173639376851215,0.4417364,12,12,3,3,Crowded,Crowded,Crowded,Crowded,0.4379200472667361,0.437920047266733,1817.8559164658045,1817.856,0.29212285730492715,0.2738426,44,44,0.3522607119585994,0.3522607,0.012440721253802745,0.01244072,-,3.108624e-15,80,80,3882,140881,39,39,4001
c1,joint4,"joint(4,14)",0,False,CONVERGED,CONVERGED,539,539,-,-,0.0,0.0,141,141,3,3,Crowded,Crowded,Crowded,Crowded,0.4379200472667334,0.43792004726673084,inf,inf,0.0,0.0,145,145,0.15806389620294917,0.1580639,0.06679182291669139,0.06679182,-,3.663736e-15,25,25,3875,140874,101,101,4001
c1,joint4,"joint(4,16)",0,False,CONVERGED,CONVERGED,613,613,-,-,0.0,0.0,48,48,3,3,Crowded,Crowded,Crowded,Crowded,0.43792004726673284,0.4379200472667357,inf,inf,0.0,0.0,82,82,0.16402673064113485,0.1640267,0.06003510162811454,0.0600351,-,4.884981e-15,96,96,3884,140883,21,21,4001
c1,joint4,"joint(4,15)",0,False,CONVERGED,CONVERGED,693,693,-,-,0.017729740617294716,0.01772974,148,148,6,6,Crowded,Crowded,Crowded,Crowded,0.4379200472667319,0.437920047266733,4598.809032980507,4598.809,0.05281849752622125,0.0528185,176,176,0.22260125951156373,0.2226013,0.06722467480892813,0.06722467,-,3.552714e-15,112,112,3822,140821,67,67,4001
c1,joint4,"joint(4,19)",0,False,CONVERGED,CONVERGED,686,686,-,-,0.11683276135688102,0.1168328,114,114,7,7,Crowded,Crowded,Crowded,Crowded,0.43792004726673167,0.4379200472667307,2722.6748864264537,2722.675,0.15311679466038702,0.1531168,137,137,0.17572804483430401,0.175728,0.026650748462142326,0.02665075,-,5.329071e-15,115,115,3818,140817,68,68,4001
c1,joint4,"joint(4,20)",0,False,CONVERGED,CONVERGED,652,652,-,-,0.0,0.0,127,127,3,3,Crowded,Crowded,Crowded,Crowded,0.4379200472667353,0.4379200472667376,inf,inf,0.0,0.0,141,141,0.10953584127778475,0.1095358,0.03541513952177877,0.03541514,-,2.664535e-15,153,153,3839,140838,9,9,4001
c1,joint4,"joint(4,24)",0,False,CONVERGED,CONVERGED,528,528,-,-,0.03153919898559989,0.0315392,75,75,3,3,Crowded,Crowded,Crowded,Crowded,0.4379200472667323,0.4379200472667333,3456.524094548445,3456.524,0.05582543487096061,0.05582543,74,74,0.2913648239801048,0.2913648,0.0,0.0,-,1.8873789999999997e-15,89,89,3912,140911,0,0,4001
c1,joint4,"joint(4,21)",0,False,CONVERGED,CONVERGED,712,712,-,-,0.0,0.0,160,160,4,4,Crowded,Crowded,Crowded,Crowded,0.43792004726673694,0.4379200472667297,inf,inf,0.0,0.0,187,187,0.03788531286858391,0.03788531,0.07176076728017111,0.07176077,-,4.440892e-15,146,146,3774,140773,81,81,4001
c1,joint4,"joint(4,33)",0,False,CONVERGED,CONVERGED,587,587,-,-,0.0,0.0,42,42,4,4,Crowded,Crowded,Crowded,Crowded,0.43792004726673267,0.4379200472667417,inf,inf,0.0,0.0,60,60,0.1926005294544593,0.1926005,0.003734452269965882,0.003734452,-,5.77316e-15,139,139,3839,140838,23,23,4001
c1,joint4,"joint(4,38)",0,False,CONVERGED,CONVERGED,539,539,-,-,0.0008351629478245587,0.0008351629,82,82,5,5,Crowded,Crowded,Crowded,Crowded,0.437920047266724,0.4379200472667351,7087.883705056856,7087.884,0.0009744605578065333,0.0009744606,114,114,0.13018602434212767,0.130186,0.04396987905364391,0.04396988,-,5.995204e-15,108,108,3846,140845,47,47,4001
c1,joint4,"joint(4,25)",0,False,CONVERGED,CONVERGED,633,633,-,-,0.14151651961975278,0.1415165,67,67,5,5,Crowded,Crowded,Crowded,Crowded,0.43792004726673184,0.43792004726673434,2515.9072840389217,2515.907,0.16785243608442899,0.1678524,101,101,0.19793525284694727,0.1979353,0.01275214542551062,0.01275215,-,4.662937e-15,103,103,3843,140842,55,55,4001
c1,joint4,"joint(4,23)",0,False,CONVERGED,CONVERGED,601,601,-,-,0.02318629677396522,0.0231863,79,79,5,5,Crowded,Crowded,Crowded,Crowded,0.4379200472667341,0.4379200472667319,3764.1938311106233,3764.194,0.034812870255911406,0.03481287,79,79,0.42344230827276474,0.4234423,0.0,0.0,-,3.441691e-15,94,94,3907,140906,0,0,4001
c1,joint4,"joint(4,37)",0,False,CONVERGED,CONVERGED,688,688,-,-,0.009690183383604261,0.009690183,158,158,5,5,Crowded,Crowded,Crowded,Crowded,0.4379200472667361,0.4379200472667356,4636.641928221979,4636.642,0.011041691021840258,0.01104169,140,140,0.06662259169044486,0.06662259,0.045242527092334006,0.04524253,-,2.220446e-15,131,131,3814,140813,56,56,4001
c1,joint4,"joint(4,27)",0,False,CONVERGED,CONVERGED,539,539,-,-,0.021060697731145304,0.0210607,81,81,4,4,Crowded,Crowded,Crowded,Crowded,0.43792004726673495,0.43792004726673306,3860.346642191435,3860.347,0.03501482115687158,0.03501482,93,93,0.261540083662054,0.2615401,0.05105961501217371,0.05105962,-,4.884981e-15,23,23,3923,140922,55,55,4001
c1,joint4,"joint(4,29)",0,False,CONVERGED,CONVERGED,516,516,-,-,0.07840882294916188,0.07840882,67,67,5,5,Crowded,Crowded,Crowded,Crowded,0.4379200472667295,0.43792004726673195,2545.8188203407967,2545.819,0.12232689855057657,0.1223269,74,74,0.31209471644285325,0.3120947,0.02847023412796984,0.02847023,-,3.441691e-15,63,63,3900,140899,38,38,4001
c1,joint4,"joint(4,32)",0,False,CONVERGED,CONVERGED,478,478,-,-,0.0747950450860762,0.07479505,78,78,5,5,Crowded,Crowded,Crowded,Crowded,0.43792004726673334,0.4379200472667299,2593.003638360571,2593.004,0.09061017121613185,0.09061017,100,100,0.395065533899668,0.3950655,0.03491424305731594,0.03491424,-,4.884981e-15,53,53,3880,140879,68,68,4001
c1,joint4,"joint(4,30)",0,False,CONVERGED,CONVERGED,538,538,-,-,0.059198330670010665,0.05919833,99,99,5,5,Crowded,Crowded,Crowded,Crowded,0.4379200472667317,0.4379200472667347,2826.861935631464,2826.862,0.052964373160327774,0.05296437,93,93,0.14912338765408287,0.1491234,0.039366820458729856,0.03936682,-,2.109424e-15,43,43,3893,140892,65,65,4001
c1,joint4,"joint(4,35)",0,False,CONVERGED,CONVERGED,682,682,-,-,0.015249500205627941,0.0152495,146,146,4,4,Crowded,Crowded,Crowded,Crowded,0.43792004726673456,0.4379200472667283,6709.844760638235,6709.845,0.014054231290592344,0.01405423,144,144,0.07245384276329103,0.07245384,0.05574081217157023,0.05574081,-,5.218048e-15,117,117,3830,140829,54,54,4001
c1,joint4,"joint(4,36)",0,False,CONVERGED,CONVERGED,581,581,-,-,0.13217932540181201,0.1321793,51,51,3,3,Crowded,Crowded,Crowded,Crowded,0.43792004726673595,0.43792004726673467,2023.5957525856877,2023.596,0.13663571645169498,0.1366357,58,58,0.32737684214249607,0.3273768,0.002676504366776744,0.002676504,-,3.552714e-15,101,101,3882,140881,18,18,4001
c1,joint4,"joint(4,40)",0,False,CONVERGED,CONVERGED,767,767,-,-,0.00014313720020502736,0.0001431372,214,214,4,4,Crowded,Crowded,Crowded,Crowded,0.43792004726673617,0.43792004726673567,9529.520247070755,9529.52,0.00022986362159570852,0.0002298636,234,234,0.011975011549301693,0.01197501,0.06890403265033918,0.06890403,-,2.664535e-15,149,149,3751,140750,101,101,4001
c1,basin,p[labour]*0.12270440108,0,False,DIVERGED,DIVERGED,-,-,277,248,0.0,0.0,278,249,0,0,Enclosed,Enclosed,Crowded,Crowded,1.0,1.0,inf,inf,0.0,0.0,268,239,5.711012454366499e-06,1.154306e-05,0.07269230769230772,0.07269231,-,inf,0,0,0,0,278,249,278
c1,basin,p[labour]*0.128839621134,0,False,DIVERGED,DIVERGED,-,-,277,248,0.0,0.0,278,249,0,0,Enclosed,Enclosed,Crowded,Crowded,1.0,1.0,inf,inf,0.0,0.0,268,239,5.712505597759265e-06,1.154738e-05,0.07269230769230772,0.07269231,-,inf,0,0,0,0,278,249,278
c1,basin,p[labour]*0.181290285353,0,False,DIVERGED,DIVERGED,-,-,277,257,0.0,0.0,278,258,0,0,Enclosed,Enclosed,Crowded,Crowded,1.0,1.0,inf,inf,0.0,0.0,268,248,5.621128899162857e-06,9.219008e-06,0.07269230769230772,0.07269231,-,inf,0,0,0,0,278,258,278
c1,basin,p[labour]*0.149147966415,0,False,DIVERGED,DIVERGED,-,-,277,252,0.0,0.0,278,253,0,0,Enclosed,Enclosed,Crowded,Crowded,1.0,1.0,inf,inf,0.0,0.0,268,243,5.7184330331266035e-06,1.045246e-05,0.07269230769230772,0.07269231,-,inf,0,0,0,0,278,253,278
c1,basin,p[labour]*0.156605364736,0,False,DIVERGED,DIVERGED,-,-,277,253,0.0,0.0,278,254,0,0,Enclosed,Enclosed,Crowded,Crowded,1.0,1.0,inf,inf,0.0,0.0,268,244,5.720382766266455e-06,1.019634e-05,0.07269230769230772,0.07269231,-,inf,0,0,0,0,278,254,278
c1,basin,p[labour]*0.135281602191,0,False,DIVERGED,DIVERGED,-,-,277,250,0.0,0.0,278,251,0,0,Enclosed,Enclosed,Crowded,Crowded,1.0,1.0,inf,inf,0.0,0.0,268,241,5.45182234404054e-06,1.09854e-05,0.07269230769230772,0.07269231,-,inf,0,0,0,0,278,251,278
c1,basin,p[labour]*0.172657414622,0,False,DIVERGED,DIVERGED,-,-,277,254,0.0,0.0,278,255,0,0,Enclosed,Enclosed,Crowded,Crowded,1.0,1.0,inf,inf,0.0,0.0,268,245,5.654059536962998e-06,9.940869e-06,0.07269230769230772,0.07269231,-,inf,0,0,0,0,278,255,278
c1,basin,p[labour]*0.1420456823,0,False,DIVERGED,DIVERGED,-,-,277,251,0.0,0.0,278,252,0,0,Enclosed,Enclosed,Crowded,Crowded,1.0,1.0,inf,inf,0.0,0.0,268,242,5.716361919974229e-06,1.071485e-05,0.07269230769230772,0.07269231,-,inf,0,0,0,0,278,252,278
c1,basin,p[labour]*0.164435632973,0,False,DIVERGED,DIVERGED,-,-,277,255,0.0,0.0,278,256,0,0,Enclosed,Enclosed,Crowded,Crowded,1.0,1.0,inf,inf,0.0,0.0,268,246,5.718924885548462e-06,9.692856e-06,0.07269230769230772,0.07269231,-,inf,0,0,0,0,278,256,278
c1,basin,p[labour]*0.19035479962,0,False,DIVERGED,DIVERGED,-,-,277,256,0.0,0.0,278,257,0,0,Enclosed,Enclosed,Crowded,Crowded,1.0,1.0,inf,inf,0.0,0.0,268,247,5.720801899401605e-06,9.456922e-06,0.07269230769230772,0.07269231,-,inf,0,0,0,0,278,257,278
c1,basin,p[labour]*0.199872539601,0,False,DIVERGED,DIVERGED,-,-,277,258,0.0,0.0,278,259,0,0,Enclosed,Enclosed,Crowded,Crowded,1.0,1.0,inf,inf,0.0,0.0,268,249,5.4643143553490225e-06,8.993756e-06,0.07269230769230772,0.07269231,-,inf,0,0,0,0,278,259,278
c1,basin,p[labour]*0.209866166581,0,False,DIVERGED,DIVERGED,-,-,277,259,0.0,0.0,278,260,0,0,Enclosed,Enclosed,Crowded,Crowded,1.0,1.0,inf,inf,0.0,0.0,268,250,5.722494273170178e-06,8.771695e-06,0.07269230769230772,0.07269231,-,inf,0,0,0,0,278,260,278
c1,basin,p[labour]*0.22035947491,0,False,DIVERGED,DIVERGED,-,-,277,260,0.0,0.0,278,261,0,0,Enclosed,Enclosed,Crowded,Crowded,1.0,1.0,inf,inf,0.0,0.0,268,251,5.723705899378795e-06,8.555736e-06,0.07269230769230772,0.07269231,-,inf,0,0,0,0,278,261,278
c1,basin,p[labour]*0.481017098091,0,False,CONVERGED,CONVERGED,628,628,-,-,0.0,0.0,85,85,3,3,Crowded,Crowded,Crowded,Crowded,0.43792004726673533,0.43792004726673767,inf,inf,0.0,0.0,101,101,0.12362164468904199,0.1236216,0.05589503080619074,0.05589503,-,5.329071e-15,84,84,3859,140858,58,58,4001
c1,basin,p[labour]*0.341849871087,0,False,CONVERGED,CONVERGED,645,645,-,-,0.0,0.0,100,100,3,3,Crowded,Crowded,Crowded,Crowded,0.4379200472667336,0.43792004726673467,inf,inf,0.0,0.0,118,118,0.08079050555380159,0.08079051,0.060330012660547716,0.06033001,-,3.330669e-15,97,97,3842,140841,62,62,4001
c1,basin,p[labour]*0.28124073495,0,False,CONVERGED,CONVERGED,653,653,-,-,0.0,0.0,108,108,2,2,Crowded,Crowded,Crowded,Crowded,0.43792004726673334,0.4379200472667339,inf,inf,0.0,0.0,126,126,0.06443404414364215,0.06443404,0.0684712983075505,0.0684713,-,1.9984009999999997e-15,103,103,3833,140832,65,65,4001
c1,basin,p[labour]*0.255093637143,0,False,CONVERGED,CONVERGED,657,657,-,-,0.0,0.0,111,111,2,2,Crowded,Crowded,Crowded,Crowded,0.43792004726672995,0.43792004726673056,inf,inf,0.0,0.0,130,130,0.057815292408573714,0.05781529,0.07202174710682763,0.07202175,-,5.662137e-15,106,106,3829,140828,66,66,4001
c1,basin,p[labour]*0.325571305797,0,False,CONVERGED,CONVERGED,648,648,-,-,0.0,0.0,102,102,3,3,Crowded,Crowded,Crowded,Crowded,0.4379200472667338,0.4379200472667375,inf,inf,0.0,0.0,120,120,0.07627029834313927,0.0762703,0.062504593142379,0.06250459,-,1.8873789999999997e-15,98,98,3840,140839,63,63,4001
c1,basin,p[labour]*0.295302771698,0,False,CONVERGED,CONVERGED,651,651,-,-,0.0,0.0,106,106,3,3,Crowded,Crowded,Crowded,Crowded,0.4379200472667323,0.4379200472667387,inf,inf,0.0,0.0,124,124,0.06821934117290401,0.06821934,0.06657145906096829,0.06657146,-,4.440892e-15,101,101,3836,140835,64,64,4001
c1,basin,p[labour]*0.395733957017,0,False,CONVERGED,CONVERGED,639,639,-,-,0.0,0.0,94,94,3,3,Crowded,Crowded,Crowded,Crowded,0.4379200472667355,0.43792004726673533,inf,inf,0.0,0.0,111,111,0.09622166093308639,0.09622166,0.05824102436434897,0.05824102,-,4.218847e-15,93,93,3848,140847,60,60,4001
c1,basin,p[labour]*0.242946321089,0,False,CONVERGED,CONVERGED,659,659,-,-,0.0,0.0,113,113,2,2,Crowded,Crowded,Crowded,Crowded,0.43792004726673134,0.4379200472667305,inf,inf,0.0,0.0,132,132,0.05473318736845771,0.05473319,0.07269230769230772,0.07269231,-,2.664535e-15,107,107,3827,140826,67,67,4001
c1,basin,p[labour]*0.71068133013,0,False,CONVERGED,CONVERGED,508,508,-,-,0.25596307283265246,0.2559631,49,49,3,3,Crowded,Crowded,Crowded,Crowded,0.43792004726673595,0.4379200472667341,1418.4236348844456,1418.424,0.19198789256171522,0.1919879,61,61,0.2771701855838919,0.2771702,0.03832111529854587,0.03832112,-,5.77316e-15,37,37,3913,140912,51,51,4001
c1,basin,p[labour]*0.231377448656,0,False,CONVERGED,CONVERGED,661,661,-,-,0.0,0.0,115,115,3,3,Crowded,Crowded,Crowded,Crowded,0.437920047266735,0.4379200472667359,inf,inf,0.0,0.0,134,134,0.0518866939291939,0.05188669,0.07269230769230772,0.07269231,-,6.661338e-15,108,108,3826,140825,67,67,4001
c1,basin,p[labour]*0.376889482873,0,False,CONVERGED,CONVERGED,641,641,-,-,0.0,0.0,96,96,3,3,Crowded,Crowded,Crowded,Crowded,0.4379200472667355,0.43792004726673545,inf,inf,0.0,0.0,113,113,0.09083891866984527,0.09083892,0.05889316678465539,0.05889317,-,5.995204e-15,93,93,3847,140846,61,61,4001
c1,basin,p[labour]*0.415520654867,0,False,CONVERGED,CONVERGED,636,636,-,-,0.0,0.0,92,92,3,3,Crowded,Crowded,Crowded,Crowded,0.43792004726673217,0.4379200472667329,inf,inf,0.0,0.0,109,109,0.10226953754101517,0.1022695,0.05777484156956425,0.05777484,-,5.329071e-15,90,90,3851,140850,60,60,4001
c1,basin,p[labour]*0.267848319,0,False,CONVERGED,CONVERGED,655,655,-,-,0.0,0.0,109,109,3,3,Crowded,Crowded,Crowded,Crowded,0.43792004726673633,0.4379200472667339,inf,inf,0.0,0.0,128,128,0.06110371884664008,0.06110372,0.0702869044654797,0.0702869,-,4.440892e-15,104,104,3832,140831,65,65,4001
c1,basin,p[labour]*0.310067910283,0,False,CONVERGED,CONVERGED,649,649,-,-,0.0,0.0,104,104,3,3,Crowded,Crowded,Crowded,Crowded,0.4379200472667385,0.43792004726673867,inf,inf,0.0,0.0,122,122,0.0721587996761386,0.0721588,0.0645837955153471,0.0645838,-,2.664535e-15,100,100,3838,140837,63,63,4001
c1,basin,p[labour]*0.358942364641,0,False,CONVERGED,CONVERGED,643,643,-,-,0.0,0.0,98,98,3,3,Crowded,Crowded,Crowded,Crowded,0.4379200472667306,0.4379200472667324,inf,inf,0.0,0.0,115,115,0.08556532747937444,0.08556533,0.059307340492663396,0.05930734,-,4.440892e-15,96,96,3844,140843,61,61,4001
c1,basin,p[labour]*0.436296687611,0,False,CONVERGED,CONVERGED,634,634,-,-,0.0,0.0,90,90,3,3,Crowded,Crowded,Crowded,Crowded,0.4379200472667263,0.43792004726673794,inf,inf,0.0,0.0,106,106,0.10864428487035858,0.1086443,0.0572619887130299,0.05726199,-,5.662137e-15,89,89,3853,140852,59,59,4001
c1,basin,p[labour]*0.556837418178,0,False,CONVERGED,CONVERGED,596,596,-,-,0.01598812177302898,0.01598812,75,75,3,3,Crowded,Crowded,Crowded,Crowded,0.43792004726672945,0.4379200472667315,4272.203491879577,4272.203,0.011326427977962128,0.01132643,91,91,0.15834335048843448,0.1583434,0.05269227271422139,0.05269227,-,3.552714e-15,74,74,3871,140870,56,56,4001
c1,basin,p[labour]*0.505067952996,0,False,CONVERGED,CONVERGED,624,624,-,-,0.0,0.0,83,83,3,3,Crowded,Crowded,Crowded,Crowded,0.43792004726673234,0.4379200472667388,inf,inf,0.0,0.0,99,99,0.13235324728559453,0.1323532,0.055192967343687394,0.05519297,-,5.77316e-15,82,82,3862,140861,57,57,4001
c1,basin,p[labour]*0.863837598531,0,False,CONVERGED,CONVERGED,332,332,-,-,0.5616124754595783,0.5616125,0,0,2,2,Crowded,Crowded,Crowded,Crowded,0.43792004726673134,0.4379200472667325,598.915629289971,598.9156,0.47641007133216845,0.4764101,19,19,0.41127683919389046,0.4112768,0.012611980217554164,0.01261198,-,2.442491e-15,0,0,3976,140975,25,25,4001
c1,basin,p[labour]*0.458111521991,0,False,CONVERGED,CONVERGED,631,631,-,-,0.0,0.0,88,88,3,3,Crowded,Crowded,Crowded,Crowded,0.43792004726673295,0.43792004726673367,inf,inf,0.0,0.0,104,104,0.11576517424539605,0.1157652,0.05652795934210986,0.05652796,-,2.442491e-15,86,86,3857,140856,58,58,4001
c1,basin,p[labour]*0.530321350645,0,False,CONVERGED,CONVERGED,619,619,-,-,0.0,0.0,79,79,3,3,Crowded,Crowded,Crowded,Crowded,0.4379200472667339,0.43792004726673617,inf,inf,0.0,0.0,96,96,0.14262054386783202,0.1426205,0.054164414353293444,0.05416441,-,5.107026e-15,79,79,3865,140864,57,57,4001
c1,basin,p[labour]*0.644608916218,0,False,CONVERGED,CONVERGED,526,526,-,-,0.14540621027049475,0.1454062,61,61,3,3,Crowded,Crowded,Crowded,Crowded,0.4379200472667364,0.4379200472667357,2016.3376320908276,2016.338,0.104417792773472,0.1044178,74,74,0.2232811007829341,0.2232811,0.045665336109484866,0.04566534,-,4.440892e-15,55,55,3892,140891,54,54,4001
c1,basin,p[labour]*0.613913253541,0,False,CONVERGED,CONVERGED,532,532,-,-,0.0991352334685616,0.09913523,65,65,3,3,Crowded,Crowded,Crowded,Crowded,0.4379200472667272,0.4379200472667343,2420.487815090693,2420.488,0.07022789888060522,0.0702279,80,80,0.19969986452922775,0.1996999,0.048456954676831754,0.04845695,-,5.329071e-15,62,62,3885,140884,54,54,4001
c1,basin,p[labour]*0.584679289086,0,False,CONVERGED,CONVERGED,519,519,-,-,0.05619284978973288,0.05619285,70,70,3,3,Crowded,Crowded,Crowded,Crowded,0.43792004726673683,0.4379200472667336,2999.501598275088,2999.502,0.039394189016346566,0.03939419,86,86,0.17806002611567204,0.17806,0.05074859616948424,0.0507486,-,4.440892e-15,68,68,3878,140877,55,55,4001
c1,basin,p[labour]*0.676839362029,0,False,CONVERGED,CONVERGED,518,518,-,-,0.19717430849971765,0.1971743,55,55,3,3,Crowded,Crowded,Crowded,Crowded,0.4379200472667377,0.43792004726673667,1697.2103583857188,1697.21,0.1441369725496672,0.144137,68,68,0.24935994067245187,0.2493599,0.04234114902508834,0.04234115,-,3.885781e-15,47,47,3902,140901,52,52,4001
c1,basin,p[labour]*0.783526166468,0,False,CONVERGED,CONVERGED,475,475,-,-,0.3993401677825929,0.3993402,21,21,5,5,Crowded,Crowded,Crowded,Crowded,0.43792004726672784,0.43792004726673095,963.8054180413063,963.8054,0.31760531006907555,0.3176053,45,45,0.33972171391035866,0.3397217,0.027740749736492876,0.02774075,-,5.551115e-15,16,16,3944,140943,41,41,4001
c1,basin,p[labour]*0.746215396637,0,False,CONVERGED,CONVERGED,497,497,-,-,0.3243737362128254,0.3243737,43,43,3,3,Crowded,Crowded,Crowded,Crowded,0.43792004726673694,0.43792004726673084,1170.7862860095006,1170.786,0.2510201546720148,0.2510202,54,54,0.30765240717740644,0.3076524,0.033565623611880535,0.03356562,-,8.21565e-15,27,27,3925,140924,49,49,4001
c1,basin,p[labour]*0.822702474792,0,False,CONVERGED,CONVERGED,316,316,-,-,0.46865092615131626,0.4686509,7,7,2,2,Crowded,Crowded,Crowded,Crowded,0.4379200472667275,0.4379200472667329,794.6259704139115,794.626,0.3828091506002128,0.3828092,34,34,0.37136864941912956,0.3713686,0.020886893587181266,0.02088689,-,3.441691e-15,0,0,3970,140969,31,31,4001
c1,basin,p[labour]*0.907029478458,0,False,CONVERGED,CONVERGED,331,331,-,-,0.6784663525040475,0.6784664,0,0,2,2,Crowded,Crowded,Crowded,Crowded,0.4379200472667276,0.43792004726673917,403.51505049632016,403.5151,0.5998381276086371,0.5998381,0,0,0.5376691210452729,0.5376691,0.0036696162658480524,0.003669616,-,5.551115e-15,0,0,3989,140988,12,12,4001
c1,basin,p[labour]*0.952380952381,0,False,CONVERGED,CONVERGED,322,322,-,-,0.8214960622924702,0.8214961,0,0,0,0,Crowded,Crowded,Crowded,Crowded,0.4379200472667266,0.43792004726673384,202.71680622404335,202.7168,0.7686087749545941,0.7686088,0,0,0.7826713630664909,0.7826714,0.0,0.0,-,1.9984009999999997e-15,0,0,4001,141000,0,0,4001
c1,basin,p[labour]*1.05,0,False,CONVERGED,CONVERGED,326,326,-,-,0.8856387187162684,0.8856387,0,0,0,0,Crowded,Crowded,Crowded,Crowded,0.43792004726673417,0.4379200472667359,124.63772574640205,124.6377,0.8560611164013905,0.8560611,0,0,0.8682770282705454,0.868277,0.0,0.0,-,3.996803e-15,0,0,4001,141000,0,0,4001
c1,basin,p[labour]*1.157625,0,False,CONVERGED,CONVERGED,293,293,-,-,0.7573726157750448,0.7573726,0,0,1,1,Crowded,Crowded,Crowded,Crowded,0.43792004726672723,0.4379200472667326,286.5632592102031,286.5633,0.7060778949405696,0.7060779,0,0,0.6837925647339266,0.6837926,0.0,0.0,-,4.884981e-15,2,2,3999,140998,0,0,4001
c1,basin,p[labour]*1.21550625,0,False,CONVERGED,CONVERGED,416,416,-,-,0.7208073747466804,0.7208074,0,0,3,3,Crowded,Crowded,Crowded,Crowded,0.4379200472667329,0.4379200472667319,339.55886328747994,339.5589,0.6636863693370051,0.6636864,0,0,0.6207358962175036,0.6207359,0.000292727564764117,0.0002927276,-,4.218847e-15,4,4,3994,140993,3,3,4001
c1,basin,p[labour]*1.1025,0,False,CONVERGED,CONVERGED,344,344,-,-,0.8136674922256771,0.8136675,0,0,0,0,Crowded,Crowded,Crowded,Crowded,0.43792004726673306,0.437920047266731,212.3850953125769,212.3851,0.7708742785100773,0.7708743,0,0,0.7710671736421497,0.7710672,0.0,0.0,-,4.218847e-15,0,0,4001,141000,0,0,4001
c1,basin,p[labour]*1.34009564063,0,False,CONVERGED,CONVERGED,348,348,-,-,0.6623139084488618,0.6623139,0,0,3,3,Crowded,Crowded,Crowded,Crowded,0.43792004726673217,0.4379200472667358,428.055264519996,428.0553,0.6008458497178061,0.6008458,0,0,0.506890784481407,0.5068908,0.0035591122536526854,0.003559112,-,4.440892e-15,6,6,3983,140982,12,12,4001
c1,basin,p[labour]*1.2762815625,0,False,CONVERGED,CONVERGED,419,419,-,-,0.6884506444812996,0.6884506,0,0,3,3,Crowded,Crowded,Crowded,Crowded,0.4379200472667311,0.43792004726673284,387.362430198723,387.3624,0.6292448771927958,0.6292449,0,0,0.5588632804257606,0.5588633,0.002218945404647066,0.002218945,-,2.442491e-15,5,5,3988,140987,8,8,4001
c1,basin,p[labour]*2.07892817941,0,False,CONVERGED,CONVERGED,417,417,-,-,0.5375680367918897,0.537568,0,0,5,5,Crowded,Crowded,Crowded,Crowded,0.43792004726672623,0.4379200472667363,731.8524625408223,731.8525,0.48084558009878464,0.3180279,22,22,0.4010395946505452,0.4010396,0.009489117185491447,0.009489117,-,5.662137e-15,11,11,3965,140964,25,25,4001
c1,basin,p[labour]*1.40710042266,0,False,CONVERGED,CONVERGED,356,356,-,-,0.6408326395874206,0.6408326,0,0,3,3,Crowded,Crowded,Crowded,Crowded,0.437920047266728,0.4379200472667274,462.67636824918554,462.6764,0.5787723773475012,0.5787724,2,2,0.4608748258782412,0.4608748,0.004603099126756605,0.004603099,-,3.330669e-15,7,7,3980,140979,14,14,4001
c1,basin,p[labour]*1.55132821598,0,False,CONVERGED,CONVERGED,353,353,-,-,0.6060169765868496,0.606017,0,0,3,3,Crowded,Crowded,Crowded,Crowded,0.43792004726672545,0.43792004726673683,521.0100394805161,521.01,0.5435658274997187,0.509575,9,9,0.4356461423399982,0.4356461,0.006317025502157847,0.006317026,-,2.88658e-15,8,8,3976,140975,17,17,4001
c1,basin,p[labour]*1.47745544379,0,False,CONVERGED,CONVERGED,358,358,-,-,0.6219295096789393,0.6219295,0,0,3,3,Crowded,Crowded,Crowded,Crowded,0.4379200472667218,0.43792004726672856,493.54967934109436,493.5497,0.5593851734914149,0.554562,6,6,0.4429332376294116,0.4429332,0.005524111258224107,0.005524111,-,5.77316e-15,7,7,3979,140978,15,15,4001
c1,basin,p[labour]*1.62889462678,0,False,CONVERGED,CONVERGED,346,346,-,-,0.5914858547040374,0.5914859,0,0,3,3,Crowded,Crowded,Crowded,Crowded,0.437920047266736,0.4379200472667352,546.1716548657021,546.1717,0.5291575387143205,0.4691552,12,12,0.42824143929805314,0.4282414,0.007065684349768897,0.007065684,-,5.77316e-15,9,9,3975,140974,17,17,4001
c1,basin,p[labour]*1.97993159944,0,False,CONVERGED,CONVERGED,301,301,-,-,0.5455874653104288,0.5455875,0,0,3,3,Crowded,Crowded,Crowded,Crowded,0.43792004726673067,0.43792004726673955,683.0622983723524,683.0623,0.4854881846923007,0.3427587,21,21,0.404376301863066,0.4043763,0.009326953199438492,0.009326953,-,4.996004e-15,11,11,3969,140968,21,21,4001
c1,basin,p[labour]*1.71033935812,0,False,CONVERGED,CONVERGED,331,331,-,-,0.5779244875141946,0.5779245,0,0,3,3,Crowded,Crowded,Crowded,Crowded,0.43792004726673606,0.43792004726673533,570.2491729979735,570.2492,0.516292741549044,0.4327188,14,14,0.42116195704678944,0.421162,0.007734132877614985,0.007734133,-,4.440892e-15,9,9,3973,140972,19,19,4001
c1,basin,p[labour]*1.79585632602,0,False,CONVERGED,CONVERGED,305,305,-,-,0.5662988828684005,0.5662989,0,0,3,3,Crowded,Crowded,Crowded,Crowded,0.4379200472667338,0.4379200472667332,592.0734296333752,592.0734,0.5047207535003394,0.3997744,17,17,0.414893414369414,0.4148934,0.008399580823173158,0.008399581,-,2.442491e-15,10,10,3971,140970,20,20,4001
c1,basin,p[labour]*1.88564914232,0,False,CONVERGED,CONVERGED,301,301,-,-,0.5543171768479077,0.5543172,0,0,3,3,Crowded,Crowded,Crowded,Crowded,0.4379200472667351,0.4379200472667338,634.2721342009002,634.2721,0.4946880281217899,0.369906,19,19,0.4091174101504207,0.4091174,0.008839010689782989,0.008839011,-,4.218847e-15,10,10,3970,140969,21,21,4001
c1,basin,p[labour]*2.2920183178,0,False,CONVERGED,CONVERGED,446,446,-,-,0.5310829663233494,0.531083,0,0,5,5,Crowded,Crowded,Crowded,Crowded,0.43792004726673284,0.4379200472667347,829.4327908798937,829.4328,0.4776043573330545,0.2747994,22,22,0.39975855258085863,0.3997586,0.009018032921960295,0.009018033,-,4.884981e-15,12,12,3962,140961,27,27,4001
c1,basin,p[labour]*2.52695019538,0,False,CONVERGED,CONVERGED,448,448,-,-,0.5285965213640569,0.5285965,0,0,5,5,Crowded,Crowded,Crowded,Crowded,0.43792004726673517,0.4379200472667332,927.0131192209341,927.0131,0.4800274228891322,0.238504,22,22,0.39978614354222863,0.3997861,0.008312315199642095,0.008312315,-,5.329071e-15,13,13,3962,140961,26,26,4001
c1,basin,p[labour]*2.18287458838,0,False,CONVERGED,CONVERGED,444,444,-,-,0.535514733208058,0.5355147,0,0,5,5,Crowded,Crowded,Crowded,Crowded,0.43792004726673484,0.4379200472667325,780.6426267100253,780.6426,0.47841759884468543,0.2954508,22,22,0.40206825852494493,0.4020683,0.009315143824034866,0.009315144,-,3.330669e-15,11,11,3964,140963,26,26,4001
c1,basin,p[labour]*3.73345632234,0,False,CONVERGED,CONVERGED,450,450,-,-,0.40495093601694415,0.4049509,8,8,5,5,Crowded,Crowded,Crowded,Crowded,0.43792004726673456,0.43792004726673533,1317.334432574243,1317.334,0.39768157690169975,0.1403249,16,16,0.4097968937628361,0.4097969,0.005347743317820675,0.005347743,-,3.108624e-15,16,16,3967,140966,18,18,4001
c1,basin,p[labour]*3.07152375592,0,False,CONVERGED,CONVERGED,451,451,-,-,0.4793410002513608,0.479341,4,4,5,5,Crowded,Crowded,Crowded,Crowded,0.4379200472667317,0.43792004726673495,1122.1737758976492,1122.174,0.4737949453121455,0.1817488,19,19,0.40283126667505476,0.4028313,0.005935278880198291,0.005935279,-,1.665335e-15,14,14,3962,140961,25,25,4001
c1,basin,p[labour]*3.22509994371,0,False,CONVERGED,CONVERGED,451,451,-,-,0.46128514616931726,0.4612851,5,5,5,5,Crowded,Crowded,Crowded,Crowded,0.4379200472667349,0.43792004726673617,1170.9639400652209,1170.964,0.4540822564554496,0.1701749,19,19,0.40295558282051847,0.4029556,0.005212241769858739,0.005212242,-,1.9984009999999997e-15,15,15,3963,140962,23,23,4001
c1,basin,p[labour]*2.65329770514,0,False,CONVERGED,CONVERGED,449,449,-,-,0.5298675271164555,0.5298675,0,0,5,5,Crowded,Crowded,Crowded,Crowded,0.4379200472667338,0.4379200472667304,975.8032833869742,975.8033,0.48207099782178237,0.2225331,22,22,0.3992381501360885,0.3992382,0.007855042573845117,0.007855043,-,4.440892e-15,13,13,3962,140961,26,26,4001
c1,basin,p[labour]*2.7859625904,0,False,CONVERGED,CONVERGED,450,450,-,-,0.5163991073835971,0.5163991,0,0,5,5,Crowded,Crowded,Crowded,Crowded,0.437920047266732,0.43792004726673356,1024.593447557483,1024.593,0.4862561469968357,0.2078277,21,21,0.40073404403530927,0.400734,0.007285918563279148,0.007285919,-,5.77316e-15,14,14,3961,140960,26,26,4001
c1,basin,p[labour]*3.92012913846,0,False,CONVERGED,CONVERGED,449,449,-,-,0.38710039046697325,0.3871004,10,10,5,5,Crowded,Crowded,Crowded,Crowded,0.4379200472667319,0.43792004726673806,1366.1245967444404,1366.125,0.37983759974520975,0.1317719,15,15,0.4115171107286903,0.4115171,0.005636130477974732,0.00563613,-,4.662937e-15,16,16,3969,140968,16,16,4001
c1,basin,p[labour]*2.40661923369,0,False,CONVERGED,CONVERGED,448,448,-,-,0.5315281868824137,0.5315282,0,0,5,5,Crowded,Crowded,Crowded,Crowded,0.4379200472667346,0.43792004726673545,878.2229550493256,878.223,0.47875118226212154,0.2558751,22,22,0.3989022030808539,0.3989022,0.008734228095268692,0.008734228,-,4.884981e-15,12,12,3963,140962,26,26,4001
c1,basin,p[labour]*2.92526071992,0,False,CONVERGED,CONVERGED,451,451,-,-,0.497632176799033,0.4976322,1,1,5,5,Crowded,Crowded,Crowded,Crowded,0.43792004726673317,0.43792004726673617,1073.3836117269148,1073.384,0.4898763173637783,0.1942683,21,21,0.40069907301773183,0.4006991,0.006673932118726578,0.006673932,-,1.554312e-15,14,14,3962,140961,25,25,4001
c1,basin,p[labour]*4.53803949391,0,False,CONVERGED,CONVERGED,444,444,-,-,0.3364641934591955,0.3364642,13,13,3,3,Crowded,Crowded,Crowded,Crowded,0.43792004726673067,0.4379200472667327,1512.49508925279,1512.495,0.32930093263174165,0.109528,10,10,0.42830884266109925,0.4283088,0.006540845574532939,0.006540846,-,4.218847e-15,17,17,3974,140973,10,10,4001
c1,basin,p[labour]*4.11613559538,0,False,CONVERGED,CONVERGED,448,448,-,-,0.369731005428745,0.369731,11,11,3,3,Crowded,Crowded,Crowded,Crowded,0.4379200472667278,0.43792004726673456,1414.9147609131435,1414.915,0.36248841298134754,0.1238204,13,13,0.415736727719238,0.4157367,0.0059804631536769515,0.005980463,-,5.77316e-15,17,17,3974,140973,10,10,4001
c1,basin,p[labour]*3.3863549409,0,False,CONVERGED,CONVERGED,451,451,-,-,0.44205577096943144,0.4420558,6,6,5,5,Crowded,Crowded,Crowded,Crowded,0.4379200472667318,0.4379200472667364,1219.754104235982,1219.754,0.4348159535358344,0.159462,18,18,0.40564565653444096,0.4056457,0.0047256749216770255,0.004725675,-,3.663736e-15,15,15,3965,140964,21,21,4001
c1,basin,p[labour]*3.55567268794,0,False,CONVERGED,CONVERGED,450,450,-,-,0.4232732019661218,0.4232732,7,7,5,5,Crowded,Crowded,Crowded,Crowded,0.43792004726673567,0.4379200472667343,1268.5442684040077,1268.544,0.4160113589976137,0.1495346,17,17,0.4066965032017245,0.4066965,0.005046163044087504,0.005046163,-,3.7747579999999994e-15,15,15,3967,140966,19,19,4001
c1,basin,p[labour]*4.7649414686,0,False,CONVERGED,CONVERGED,415,415,-,-,0.32057665945590236,0.3205767,14,14,3,3,Crowded,Crowded,Crowded,Crowded,0.43792004726672856,0.4379200472667358,1561.2852534210674,1561.285,0.31347149314594847,0.1031014,8,8,0.43537453199581877,0.4353745,0.0068319436648732745,0.006831944,-,4.218847e-15,18,18,3973,140972,10,10,4001
c1,basin,p[labour]*5.51601536759,0,False,CONVERGED,CONVERGED,348,348,-,-,0.2759236629303331,0.2759237,18,18,3,3,Crowded,Crowded,Crowded,Crowded,0.4379200472667363,0.43792004726673417,1707.6557459297126,1707.656,0.2690598156520717,0.08626503,0,0,0.47951314768979236,0.4795131,0.007603822955638773,0.007603823,-,3.7747579999999994e-15,19,19,3971,140970,11,11,4001
c1,basin,p[labour]*6.08140694277,0,False,CONVERGED,CONVERGED,359,359,-,-,0.24865652498067028,0.2486565,19,19,3,3,Crowded,Crowded,Crowded,Crowded,0.43792004726672495,0.43792004726673117,1805.2360742689095,1805.236,0.24200350361062936,0.07677659,0,0,0.5608441907703254,0.5608442,0.008170461091711434,0.008170461,-,4.218847e-15,19,19,3971,140970,11,11,4001
c1,basin,p[labour]*4.32194237515,0,False,CONVERGED,CONVERGED,446,446,-,-,0.3528503443869603,0.3528503,12,12,3,3,Crowded,Crowded,Crowded,Crowded,0.4379200472667364,0.43792004726673217,1463.704925082807,1463.705,0.3456410978180803,0.1164207,12,12,0.42164333982487456,0.4216433,0.006309327752886951,0.006309328,-,3.330669e-15,17,17,3973,140972,11,11,4001
c1,basin,p[labour]*5.00318854203,0,False,CONVERGED,CONVERGED,309,309,-,-,0.30519026675705246,0.3051903,15,15,3,3,Crowded,Crowded,Crowded,Crowded,0.43792004726673406,0.4379200472667411,1610.0754175904997,1610.075,0.2981547514020349,0.09710398,7,7,0.4425619249775663,0.4425619,0.007134473402286123,0.007134473,-,6.550316e-15,18,18,3972,140971,11,11,4001
c1,basin,p[labour]*5.25334796914,0,False,CONVERGED,CONVERGED,332,332,-,-,0.29030605292944867,0.2903061,16,16,3,3,Crowded,Crowded,Crowded,Crowded,0.4379200472667276,0.4379200472667362,1658.8655817615495,1658.866,0.2833511734550961,0.09150205,5,5,0.449668815906752,0.4496688,0.007426627824782039,0.007426628,-,3.552714e-15,18,18,3972,140971,11,11,4001
c1,basin,p[labour]*7.03998871212,0,False,CONVERGED,CONVERGED,361,361,-,-,0.21144066893988497,0.2114407,21,21,5,5,Crowded,Crowded,Crowded,Crowded,0.43792004726672723,0.43792004726673367,1951.6065667766202,1951.607,0.2051663930931297,0.06465813,0,0,0.5369125389559863,0.5369125,0.008891611792008425,0.008891612,-,2.442491e-15,29,29,3961,140960,11,11,4001
c1,basin,p[labour]*5.79181613597,0,False,CONVERGED,CONVERGED,356,356,-,-,0.2620414417049693,0.2620414,18,18,3,3,Crowded,Crowded,Crowded,Crowded,0.43792004726673045,0.43792004726673767,1756.4459100992308,1756.446,0.25527841931047973,0.08136502,0,0,0.5226887287313604,0.5226887,0.007925215345921555,0.007925215,-,1.44329e-15,19,19,3971,140970,11,11,4001
c1,basin,p[labour]*6.38547728991,0,False,CONVERGED,CONVERGED,361,361,-,-,0.23576492802678597,0.2357649,20,20,3,3,Crowded,Crowded,Crowded,Crowded,0.4379200472667299,0.4379200472667366,1854.0262384385765,1854.026,0.2292304564803137,0.0724765,0,0,0.5865904446848971,0.5865904,0.008392102538547774,0.008392103,-,4.996004e-15,20,20,3970,140969,11,11,4001
c1,basin,p[labour]*6.7047511544,0,False,CONVERGED,CONVERGED,362,362,-,-,0.223361632180296,0.2233616,21,21,5,5,Crowded,Crowded,Crowded,Crowded,0.43792004726672806,0.4379200472667267,1902.8164026071881,1902.816,0.21695362327941642,0.06844349,0,0,0.5623912225739959,0.5623912,0.008601705113418456,0.008601705,-,5.77316e-15,25,25,3965,140964,11,11,4001
c1,basin,p[land]*0.128839621134,0,False,CONVERGED,CONVERGED,664,664,-,-,0.0,0.0,134,134,7,7,Crowded,Crowded,Crowded,Crowded,0.43792004726673495,0.4379200472667366,inf,inf,0.0,0.0,155,155,0.06723546637672455,0.06723547,0.03462499264888885,0.03462499,-,4.662937e-15,129,129,3832,140831,40,40,4001
c1,basin,p[land]*0.12270440108,0,False,CONVERGED,CONVERGED,668,668,-,-,0.0,0.0,136,136,7,7,Crowded,Crowded,Crowded,Crowded,0.43792004726673434,0.43792004726673595,inf,inf,0.0,0.0,157,157,0.06405359714670954,0.0640536,0.03694309954595032,0.0369431,-,3.108624e-15,131,131,3828,140827,42,42,4001
c1,basin,p[land]*0.1420456823,0,False,CONVERGED,CONVERGED,654,654,-,-,0.0,0.0,127,127,7,7,Crowded,Crowded,Crowded,Crowded,0.4379200472667352,0.43792004726673545,inf,inf,0.0,0.0,149,149,0.07407812415928319,0.07407812,0.029249048214358142,0.02924905,-,3.7747579999999994e-15,126,126,3838,140837,37,37,4001
c1,basin,p[labour]*8.14966693287,0,False,CONVERGED,CONVERGED,474,474,-,-,0.1784663739062431,0.1784664,23,23,5,5,Crowded,Crowded,Crowded,Crowded,0.43792004726673156,0.43792004726672984,2097.977059285172,2097.977,0.1726319095003155,0.05620083,3,3,0.4577298485141881,0.4577298,0.009568769297028767,0.009568769,-,4.440892e-15,38,38,3951,140950,12,12,4001
c1,basin,p[land]*0.149147966415,0,False,CONVERGED,CONVERGED,648,648,-,-,0.0,0.0,120,120,7,7,Crowded,Crowded,Crowded,Crowded,0.43792004726673267,0.43792004726673334,inf,inf,0.0,0.0,147,147,0.07775459994843899,0.0777546,0.026444938352216174,0.02644494,-,3.108624e-15,125,125,3841,140840,35,35,4001
c1,basin,p[land]*0.172657414622,0,False,CONVERGED,CONVERGED,631,631,-,-,0.0,0.0,104,104,7,7,Crowded,Crowded,Crowded,Crowded,0.4379200472667341,0.43792004726673434,inf,inf,0.0,0.0,138,138,0.08990673821127276,0.08990674,0.018171142976936894,0.01817114,-,5.329071e-15,120,120,3853,140852,28,28,4001
c1,basin,p[land]*0.135281602191,0,False,CONVERGED,CONVERGED,659,659,-,-,0.0,0.0,131,131,7,7,Crowded,Crowded,Crowded,Crowded,0.4379200472667351,0.437920047266733,inf,inf,0.0,0.0,152,152,0.07057442157157727,0.07057442,0.03199965061378174,0.03199965,-,3.441691e-15,127,127,3835,140834,39,39,4001
c1,basin,p[labour]*7.39198814773,0,False,CONVERGED,CONVERGED,362,362,-,-,0.19999520146125582,0.1999952,22,22,5,5,Crowded,Crowded,Crowded,Crowded,0.43792004726672706,0.4379200472667303,2000.3967309465934,2000.397,0.19386128246983556,0.06110261,0,0,0.510058033800711,0.510058,0.009125615973599954,0.009125616,-,2.664535e-15,33,33,3957,140956,11,11,4001
c1,basin,p[land]*0.164435632973,0,False,CONVERGED,CONVERGED,637,637,-,-,0.0,0.0,110,110,7,7,Crowded,Crowded,Crowded,Crowded,0.43792004726673406,0.437920047266735,inf,inf,0.0,0.0,141,141,0.08565989503561178,0.0856599,0.020921797837814282,0.0209218,-,4.440892e-15,122,122,3848,140847,31,31,4001
c1,basin,p[land]*0.156605364736,0,False,CONVERGED,CONVERGED,642,642,-,-,0.0,0.0,115,115,7,7,Crowded,Crowded,Crowded,Crowded,0.4379200472667354,0.43792004726673184,inf,inf,0.0,0.0,144,144,0.08161225548468672,0.08161226,0.02361520153088148,0.0236152,-,3.996803e-15,123,123,3846,140845,32,32,4001
c1,basin,p[land]*0.181290285353,0,False,CONVERGED,CONVERGED,627,627,-,-,0.0,0.0,97,97,7,7,Crowded,Crowded,Crowded,Crowded,0.43792004726673545,0.43792004726673994,inf,inf,0.0,0.0,135,135,0.09436243822913461,0.09436244,0.015351278901594156,0.01535128,-,2.442491e-15,119,119,3857,140856,25,25,4001
c1,basin,p[land]*0.19035479962,0,False,CONVERGED,CONVERGED,623,623,-,-,0.0,0.0,89,89,7,7,Crowded,Crowded,Crowded,Crowded,0.4379200472667368,0.4379200472667391,inf,inf,0.0,0.0,132,132,0.09903710083277734,0.0990371,0.012452159423625375,0.01245216,-,5.551115e-15,119,119,3860,140859,22,22,4001
c1,basin,p[land]*0.22035947491,0,False,CONVERGED,CONVERGED,614,614,-,-,0.0,0.0,53,53,9,9,Crowded,Crowded,Crowded,Crowded,0.4379200472667315,0.4379200472667327,inf,inf,0.0,0.0,121,121,0.11448312518293992,0.1144831,0.007904092705842303,0.007904093,-,2.664535e-15,119,119,3866,140865,16,16,4001
c1,basin,p[land]*0.199872539601,0,False,CONVERGED,CONVERGED,620,620,-,-,0.0,0.0,77,77,7,7,Crowded,Crowded,Crowded,Crowded,0.4379200472667366,0.4379200472667329,inf,inf,0.0,0.0,129,129,0.10394130386767687,0.1039413,0.009398715373328759,0.009398715,-,3.552714e-15,119,119,3863,140862,19,19,4001
c1,basin,p[land]*0.242946321089,0,False,CONVERGED,CONVERGED,609,609,-,-,3.71276236595941e-05,3.712762e-05,49,49,7,7,Crowded,Crowded,Crowded,Crowded,0.43792004726673683,0.4379200472667296,inf,inf,0.0,0.0,110,110,0.1282087677063676,0.1282088,0.0070888617589907055,0.007088862,-,4.662937e-15,128,128,3858,140857,15,15,4001
c1,basin,p[land]*0.209866166581,0,False,CONVERGED,CONVERGED,617,617,-,-,0.0,0.0,68,68,7,7,Crowded,Crowded,Crowded,Crowded,0.43792004726673656,0.4379200472667391,inf,inf,0.0,0.0,125,125,0.10908611751436918,0.1090861,0.008282411201613882,0.008282411,-,2.331468e-15,119,119,3867,140866,15,15,4001
c1,basin,p[labour]*7.76158755512,0,False,CONVERGED,CONVERGED,472,472,-,-,0.18901760330486633,0.1890176,23,23,5,5,Crowded,Crowded,Crowded,Crowded,0.4379200472667305,0.4379200472667317,2049.186895116476,2049.187,0.18303001645541786,0.05776061,0,0,0.4817637142197127,0.4817637,0.009285808362118009,0.009285808,-,3.663736e-15,36,36,3954,140953,11,11,4001
c1,basin,p[land]*0.231377448656,0,False,CONVERGED,CONVERGED,612,612,-,-,0.0,0.0,50,50,7,7,Crowded,Crowded,Crowded,Crowded,0.43792004726673617,0.43792004726673617,inf,inf,0.0,0.0,116,116,0.12014444926715971,0.1201444,0.007506572822745139,0.007506573,-,3.330669e-15,121,121,3868,140867,12,12,4001
c1,basin,p[land]*0.295302771698,0,False,CONVERGED,CONVERGED,599,599,-,-,0.07696765186427926,0.07696765,45,45,5,5,Crowded,Crowded,Crowded,Crowded,0.4379200472667317,0.4379200472667391,2564.7997840708913,2564.8,0.0769345834290233,0.07693458,85,85,0.1552862146818795,0.1552862,0.00519440494083645,0.005194405,-,5.329071e-15,118,118,3860,140859,23,23,4001
c1,basin,p[land]*0.255093637143,0,False,CONVERGED,CONVERGED,607,607,-,-,3.6570102457944564e-05,3.65701e-05,48,48,5,5,Crowded,Crowded,Crowded,Crowded,0.4379200472667284,0.43792004726673733,inf,inf,0.0,0.0,103,103,0.13450296304900708,0.134503,0.00664991711048174,0.006649917,-,2.442491e-15,126,126,3857,140856,18,18,4001
c1,basin,p[land]*0.28124073495,0,False,CONVERGED,CONVERGED,601,601,-,-,0.04910628561092843,0.04910629,46,46,5,5,Crowded,Crowded,Crowded,Crowded,0.43792004726673456,0.4379200472667355,3014.472725376312,3014.473,0.049071702930490554,0.0490717,91,91,0.14802994829770436,0.1480299,0.005703876430197208,0.005703876,-,5.329071e-15,120,120,3860,140859,21,21,4001
c1,basin,p[land]*0.267848319,0,False,CONVERGED,CONVERGED,604,604,-,-,0.02163226941541252,0.02163227,47,47,5,5,Crowded,Crowded,Crowded,Crowded,0.4379200472667335,0.4379200472667333,3835.2224237184264,3835.222,0.021596534354444752,0.02159653,97,97,0.14110660743723377,0.1411066,0.006188640899887132,0.006188641,-,3.552714e-15,123,123,3858,140857,20,20,4001
c1,basin,p[land]*2.52695019538,0,False,DIVERGED,DIVERGED,-,-,291,291,0.0,0.0,292,292,1,1,Enclosed,Enclosed,Crowded,Crowded,1.0,1.0,inf,inf,0.0,0.0,279,279,3.265622862946096e-05,3.05304e-05,0.07269230769230772,0.07269231,-,inf,0,0,9,9,283,283,292
c1,basin,p[land]*0.358942364641,0,False,CONVERGED,CONVERGED,591,591,-,-,0.1927924790156564,0.1927925,40,40,5,5,Crowded,Crowded,Crowded,Crowded,0.437920047266734,0.4379200472667326,1770.2497751279075,1770.25,0.19277017239170813,0.1927702,51,51,0.18795668236233493,0.1879567,0.004766668503140947,0.004766669,-,3.7747579999999994e-15,105,105,3870,140869,26,26,4001
c1,basin,p[land]*0.376889482873,0,False,CONVERGED,CONVERGED,589,589,-,-,0.2229866776062633,0.2229867,39,39,5,5,Crowded,Crowded,Crowded,Crowded,0.4379200472667356,0.43792004726673406,1673.8203560432069,1673.82,0.22296856715675378,0.2229686,40,40,0.19712039953477298,0.1971204,0.0045215735617611386,0.004521574,-,2.109424e-15,102,102,3873,140872,26,26,4001
c1,basin,p[land]*2.65329770514,0,False,DIVERGED,DIVERGED,-,-,283,283,0.0,0.0,284,284,1,1,Enclosed,Enclosed,Crowded,Crowded,1.0,1.0,inf,inf,0.0,0.0,272,272,2.4354325988958793e-05,2.363593e-05,0.07269230769230772,0.07269231,-,inf,0,0,9,9,275,275,284
c1,basin,p[land]*2.92526071992,0,False,DIVERGED,DIVERGED,-,-,280,280,0.0,0.0,281,281,1,1,Enclosed,Enclosed,Crowded,Crowded,1.0,1.0,inf,inf,0.0,0.0,269,269,1.5276172439057554e-05,1.488415e-05,0.07269230769230772,0.07269231,-,inf,0,0,9,9,272,272,281
c1,basin,p[land]*2.7859625904,0,False,DIVERGED,DIVERGED,-,-,281,281,0.0,0.0,282,282,1,1,Enclosed,Enclosed,Crowded,Crowded,1.0,1.0,inf,inf,0.0,0.0,270,270,1.619212350570688e-05,1.512798e-05,0.07269230769230772,0.07269231,-,inf,0,0,9,9,273,273,282
c1,basin,p[land]*3.22509994371,0,False,DIVERGED,DIVERGED,-,-,279,279,0.0,0.0,280,280,1,1,Enclosed,Enclosed,Crowded,Crowded,1.0,1.0,inf,inf,0.0,0.0,268,268,1.5157618440255611e-05,1.477989e-05,0.07269230769230772,0.07269231,-,inf,0,0,11,11,269,269,280
c1,basin,p[land]*3.3863549409,0,False,DIVERGED,DIVERGED,-,-,279,279,0.0,0.0,280,280,1,1,Enclosed,Enclosed,Crowded,Crowded,1.0,1.0,inf,inf,0.0,0.0,268,268,1.5372234989855318e-05,1.505419e-05,0.07269230769230772,0.07269231,-,inf,0,0,11,11,269,269,280
c1,basin,p[land]*0.458111521991,0,False,CONVERGED,CONVERGED,582,582,-,-,0.3466100238194819,0.34661,28,28,4,4,Crowded,Crowded,Crowded,Crowded,0.43792004726673456,0.4379200472667338,1303.1461196345033,1303.146,0.3497192335353582,0.3497192,25,25,0.24127519299868253,0.2412752,0.0031433370947603345,0.003143337,-,3.108624e-15,88,88,3893,140892,20,20,4001
c1,basin,p[land]*0.481017098091,0,False,CONVERGED,CONVERGED,579,579,-,-,0.3759068418465895,0.3759068,24,24,4,4,Crowded,Crowded,Crowded,Crowded,0.4379200472667383,0.43792004726673345,1212.750500663906,1212.751,0.38308448150967567,0.3830845,22,22,0.252832114624288,0.2528321,0.002902224860171776,0.002902225,-,3.552714e-15,84,84,3898,140897,19,19,4001
c1,basin,p[land]*0.436296687611,0,False,CONVERGED,CONVERGED,584,584,-,-,0.3170648947836766,0.3170649,31,31,5,5,Crowded,Crowded,Crowded,Crowded,0.43792004726673767,0.4379200472667365,1394.1469852855778,1394.147,0.3170643360083347,0.3170643,28,28,0.2272980013081559,0.227298,0.003507764415203507,0.003507764,-,2.553513e-15,92,92,3886,140885,23,23,4001
c1,basin,p[land]*3.55567268794,0,False,DIVERGED,DIVERGED,-,-,279,279,0.0,0.0,280,280,1,1,Enclosed,Enclosed,Crowded,Crowded,1.0,1.0,inf,inf,0.0,0.0,268,268,1.5252149591564685e-05,1.525215e-05,0.07269230769230772,0.07269231,-,inf,0,0,12,12,268,268,280
c1,basin,p[land]*3.07152375592,0,False,DIVERGED,DIVERGED,-,-,280,280,0.0,0.0,281,281,1,1,Enclosed,Enclosed,Crowded,Crowded,1.0,1.0,inf,inf,0.0,0.0,269,269,1.4708042272705107e-05,1.433851e-05,0.07269230769230772,0.07269231,-,inf,0,0,10,10,271,271,281
c1,basin,p[land]*4.11613559538,0,False,DIVERGED,DIVERGED,-,-,278,278,0.0,0.0,279,279,1,1,Enclosed,Enclosed,Crowded,Crowded,1.0,1.0,inf,inf,0.0,0.0,267,267,1.797685535705523e-05,1.753446e-05,0.07269230769230772,0.07269231,-,inf,0,0,14,14,265,265,279
c1,basin,p[land]*3.92012913846,0,False,DIVERGED,DIVERGED,-,-,279,279,0.0,0.0,280,280,1,1,Enclosed,Enclosed,Crowded,Crowded,1.0,1.0,inf,inf,0.0,0.0,268,268,1.642537802416236e-05,1.642538e-05,0.07269230769230772,0.07269231,-,inf,0,0,13,13,267,267,280
c1,basin,p[land]*3.73345632234,0,False,DIVERGED,DIVERGED,-,-,279,279,0.0,0.0,280,280,1,1,Enclosed,Enclosed,Crowded,Crowded,1.0,1.0,inf,inf,0.0,0.0,268,268,1.6011115554205506e-05,1.593681e-05,0.07269230769230772,0.07269231,-,inf,0,0,12,12,268,268,280
c1,basin,p[land]*4.32194237515,0,False,DIVERGED,DIVERGED,-,-,278,278,0.0,0.0,279,279,1,1,Enclosed,Enclosed,Crowded,Crowded,1.0,1.0,inf,inf,0.0,0.0,267,267,1.867596297766342e-05,1.821672e-05,0.07269230769230772,0.07269231,-,inf,0,0,14,14,265,265,279
c1,basin,p[land]*4.53803949391,0,False,DIVERGED,DIVERGED,-,-,278,278,0.0,0.0,279,279,1,1,Enclosed,Enclosed,Crowded,Crowded,1.0,1.0,inf,inf,0.0,0.0,267,267,1.85274445206401e-05,1.852744e-05,0.07269230769230772,0.07269231,-,inf,0,0,15,15,264,264,279
c1,basin,p[land]*4.7649414686,0,False,DIVERGED,DIVERGED,-,-,278,278,0.0,0.0,279,279,1,1,Enclosed,Enclosed,Crowded,Crowded,1.0,1.0,inf,inf,0.0,0.0,267,267,2.0215649093983375e-05,1.97191e-05,0.07269230769230772,0.07269231,-,inf,0,0,15,15,264,264,279
c1,basin,p[land]*5.51601536759,0,False,DIVERGED,DIVERGED,-,-,278,278,0.0,0.0,279,279,1,1,Enclosed,Enclosed,Crowded,Crowded,1.0,1.0,inf,inf,0.0,0.0,267,267,2.251702974273913e-05,2.23584e-05,0.07269230769230772,0.07269231,-,inf,0,0,17,17,262,262,279
c1,basin,p[land]*5.00318854203,0,False,DIVERGED,DIVERGED,-,-,278,278,0.0,0.0,279,279,1,1,Enclosed,Enclosed,Crowded,Crowded,1.0,1.0,inf,inf,0.0,0.0,267,267,2.1067740755857573e-05,2.055041e-05,0.07269230769230772,0.07269231,-,inf,0,0,16,16,263,263,279
c1,basin,p[land]*0.505067952996,0,False,CONVERGED,CONVERGED,577,577,-,-,0.4071792486952963,0.4071792,19,19,4,4,Crowded,Crowded,Crowded,Crowded,0.43792004726673217,0.4379200472667345,1122.736917756095,1122.737,0.4172017427969147,0.4172017,19,19,0.26491545946642353,0.2649155,0.0023920892696354668,0.002392089,-,3.552714e-15,81,81,3902,140901,18,18,4001
c1,basin,p[land]*5.25334796914,0,False,DIVERGED,DIVERGED,-,-,278,278,0.0,0.0,279,279,1,1,Enclosed,Enclosed,Crowded,Crowded,1.0,1.0,inf,inf,0.0,0.0,267,267,2.1966287111684944e-05,2.07144e-05,0.07269230769230772,0.07269231,-,inf,0,0,16,16,263,263,279
c1,basin,p[land]*6.08140694277,0,False,DIVERGED,DIVERGED,-,-,278,278,0.0,0.0,279,279,1,1,Enclosed,Enclosed,Crowded,Crowded,1.0,1.0,inf,inf,0.0,0.0,267,267,2.4961692951501136e-05,2.434925e-05,0.07269230769230772,0.07269231,-,inf,0,0,18,18,261,261,279
c1,basin,p[land]*5.79181613597,0,False,DIVERGED,DIVERGED,-,-,278,278,0.0,0.0,279,279,1,1,Enclosed,Enclosed,Crowded,Crowded,1.0,1.0,inf,inf,0.0,0.0,267,267,2.2870351448576902e-05,2.287035e-05,0.07269230769230772,0.07269231,-,inf,0,0,18,18,261,261,279
c1,basin,p[land]*0.325571305797,0,False,CONVERGED,CONVERGED,595,595,-,-,0.13394976284800264,0.1339498,43,43,5,5,Crowded,Crowded,Crowded,Crowded,0.4379200472667332,0.4379200472667361,2010.5051056010202,2010.505,0.13392101332825607,0.133921,76,76,0.17085946580851463,0.1708595,0.005077504715769121,0.005077505,-,1.776357e-15,112,112,3864,140863,25,25,4001
c1,basin,p[land]*6.7047511544,0,False,DIVERGED,DIVERGED,-,-,278,278,0.0,0.0,279,279,1,1,Enclosed,Enclosed,Crowded,Crowded,1.0,1.0,inf,inf,0.0,0.0,268,268,2.7261473363587936e-05,2.594095e-05,0.07269230769230772,0.07269231,-,inf,0,0,19,19,260,260,279
c1,basin,p[land]*6.38547728991,0,False,DIVERGED,DIVERGED,-,-,278,278,0.0,0.0,279,279,1,1,Enclosed,Enclosed,Crowded,Crowded,1.0,1.0,inf,inf,0.0,0.0,267,267,2.571177706861744e-05,2.543651e-05,0.07269230769230772,0.07269231,-,inf,0,0,19,19,260,260,279
c1,basin,p[land]*7.76158755512,0,False,DIVERGED,DIVERGED,-,-,277,277,0.0,0.0,278,278,1,1,Enclosed,Enclosed,Crowded,Crowded,1.0,1.0,inf,inf,0.0,0.0,267,267,3.194844339798559e-05,3.116484e-05,0.07269230769230772,0.07269231,-,inf,0,0,21,21,257,257,278
c1,basin,p[land]*0.530321350645,0,False,CONVERGED,CONVERGED,575,575,-,-,0.43971228721183114,0.4397123,16,16,4,4,Crowded,Crowded,Crowded,Crowded,0.43792004726672834,0.43792004726673434,1032.8237893099028,1032.824,0.45211413900685804,0.4521141,17,17,0.27754625944029404,0.2775463,0.0016390958278085788,0.001639096,-,1.776357e-15,78,78,3908,140907,15,15,4001
c1,basin,p[land]*8.14966693287,0,False,DIVERGED,DIVERGED,-,-,277,277,0.0,0.0,278,278,1,1,Enclosed,Enclosed,Crowded,Crowded,1.0,1.0,inf,inf,0.0,0.0,267,267,3.341742595031051e-05,3.12792e-05,0.07269230769230772,0.07269231,-,inf,0,0,22,22,256,256,278
c1,basin,p[land]*7.39198814773,0,False,DIVERGED,DIVERGED,-,-,278,278,0.0,0.0,279,279,1,1,Enclosed,Enclosed,Crowded,Crowded,1.0,1.0,inf,inf,0.0,0.0,268,268,2.8465109526758874e-05,2.846511e-05,0.07269230769230772,0.07269231,-,inf,0,0,21,21,258,258,279
c1,basin,p[land]*0.341849871087,0,False,CONVERGED,CONVERGED,593,593,-,-,0.1631239881294918,0.163124,41,41,5,5,Crowded,Crowded,Crowded,Crowded,0.4379200472667313,0.43792004726673117,1868.1754452436217,1868.175,0.16309816086341483,0.1630982,71,71,0.17920902362638474,0.179209,0.004917988954594665,0.004917989,-,4.440892e-15,108,108,3867,140866,26,26,4001
c1,basin,p[land]*7.03998871212,0,False,DIVERGED,DIVERGED,-,-,278,278,0.0,0.0,279,279,1,1,Enclosed,Enclosed,Crowded,Crowded,1.0,1.0,inf,inf,0.0,0.0,268,268,2.7994556896606134e-05,2.779596e-05,0.07269230769230772,0.07269231,-,inf,0,0,20,20,259,259,279
c1,basin,p[land]*0.415520654867,0,False,CONVERGED,CONVERGED,586,586,-,-,0.28508699940273924,0.285087,34,34,5,5,Crowded,Crowded,Crowded,Crowded,0.4379200472667309,0.4379200472667347,1485.8245793519998,1485.825,0.28507966163648996,0.2850797,32,32,0.21677133462801232,0.2167713,0.003912429795495942,0.00391243,-,5.551115e-15,95,95,3881,140880,25,25,4001
c1,basin,p[land]*0.310067910283,0,False,CONVERGED,CONVERGED,597,597,-,-,0.10524021668488122,0.1052402,44,44,5,5,Crowded,Crowded,Crowded,Crowded,0.4379200472667309,0.43792004726673356,2251.805726554054,2251.806,0.10520907411481982,0.1052091,81,81,0.16289073306574714,0.1628907,0.004945091362353715,0.004945091,-,3.108624e-15,115,115,3862,140861,24,24,4001
c1,basin,p[land]*0.395733957017,0,False,CONVERGED,CONVERGED,588,588,-,-,0.25373984187019255,0.2537398,37,37,5,5,Crowded,Crowded,Crowded,Crowded,0.4379200472667325,0.43792004726673384,1578.9733484916583,1578.973,0.2537266891086796,0.2537267,35,35,0.20671882906559527,0.2067188,0.004159867347928503,0.004159867,-,1.776357e-15,98,98,3877,140876,26,26,4001
c1,basin,p[land]*0.746215396637,0,False,CONVERGED,CONVERGED,548,548,-,-,0.7100998605776874,0.7100999,0,0,2,2,Crowded,Crowded,Crowded,Crowded,0.43792004726672673,0.43792004726673694,511.9836216912018,511.9836,0.7159369813848502,0.715937,0,0,0.5492421693614631,0.5492422,0.0,0.0,-,2.442491e-15,54,54,3947,140946,0,0,4001
c1,basin,p[land]*2.40661923369,0,False,CONVERGED,CONVERGED,735,735,-,-,0.005821145929735353,0.005821146,187,187,3,3,Crowded,Crowded,Crowded,Crowded,0.4379200472667376,0.43792004726673567,8797.577814227436,8797.578,0.01709032912313934,0.01709033,206,206,0.04514762492082995,0.04514762,0.07150398822148674,0.07150399,-,2.220446e-15,139,139,3759,140758,103,103,4001
c1,basin,p[land]*0.676839362029,0,False,CONVERGED,CONVERGED,560,560,-,-,0.6273882555484523,0.6273883,0,0,2,2,Crowded,Crowded,Crowded,Crowded,0.43792004726673706,0.4379200472667322,650.5754846914784,650.5755,0.6351931485923941,0.6351931,0,0,0.41495909094844025,0.4149591,0.0,0.0,-,3.330669e-15,62,62,3939,140938,0,0,4001
c1,basin,p[land]*0.556837418178,0,False,CONVERGED,CONVERGED,573,573,-,-,0.47438694860201214,0.4743869,11,11,4,4,Crowded,Crowded,Crowded,Crowded,0.43792004726673306,0.43792004726673667,947.4692551537062,947.4693,0.48786616704860425,0.4878662,13,13,0.29373176465690404,0.2937318,0.0007758119903266691,0.000775812,-,5.218048e-15,75,75,3915,140914,11,11,4001
c1,basin,p[land]*0.584679289086,0,False,CONVERGED,CONVERGED,570,570,-,-,0.5118830583743422,0.5118831,0,0,2,2,Crowded,Crowded,Crowded,Crowded,0.43792004726673317,0.43792004726673806,867.160952484918,867.161,0.5245036088146177,0.5245036,11,11,0.3074774105437796,0.3074774,0.0,0.0,-,1.776357e-15,73,73,3928,140927,0,0,4001
c1,basin,p[land]*0.71068133013,0,False,CONVERGED,CONVERGED,555,555,-,-,0.6677192322905402,0.6677192,0,0,2,2,Crowded,Crowded,Crowded,Crowded,0.43792004726673467,0.4379200472667345,581.7396415561193,581.7396,0.6744779993644953,0.674478,0,0,0.48121855447802736,0.4812186,0.0,0.0,-,2.664535e-15,59,59,3942,140941,0,0,4001
c1,basin,p[land]*0.613913253541,0,False,CONVERGED,CONVERGED,568,568,-,-,0.550229385742602,0.5502294,0,0,2,2,Crowded,Crowded,Crowded,Crowded,0.43792004726673195,0.4379200472667317,791.8661143800945,791.8661,0.5610823895271198,0.5610824,7,7,0.3247135541004266,0.3247136,0.0,0.0,-,4.440892e-15,69,69,3932,140931,0,0,4001
c1,basin,p[land]*0.783526166468,0,False,CONVERGED,CONVERGED,537,537,-,-,0.7539406190943343,0.7539406,0,0,2,2,Crowded,Crowded,Crowded,Crowded,0.4379200472667354,0.4379200472667265,434.413352653011,434.4134,0.758440381235013,0.7584404,0,0,0.6186631444710626,0.6186631,0.0,0.0,-,4.107825e-15,46,46,3955,140954,0,0,4001
c1,basin,p[land]*1.1025,0,False,CONVERGED,CONVERGED,350,350,-,-,0.6820028496822373,0.6820028,0,0,2,2,Crowded,Crowded,Crowded,Crowded,0.43792004726672606,0.4379200472667291,382.72144272770134,382.7214,0.7247024908987753,0.7247025,14,14,0.4586812920961134,0.4586813,0.010026201900828813,0.0100262,-,5.329071e-15,0,0,3972,140971,29,29,4001
c1,basin,p[land]*0.644608916218,0,False,CONVERGED,CONVERGED,564,564,-,-,0.588175732674101,0.5881757,0,0,2,2,Crowded,Crowded,Crowded,Crowded,0.43792004726673317,0.4379200472667262,720.8596392184985,720.8596,0.5974238610821304,0.5974239,0,0,0.35042022505481235,0.3504202,0.0,0.0,-,4.218847e-15,66,66,3935,140934,0,0,4001
c1,basin,p[land]*1.88564914232,0,False,CONVERGED,CONVERGED,691,691,-,-,0.019264667843463264,0.01926467,145,145,4,4,Crowded,Crowded,Crowded,Crowded,0.4379200472667339,0.43792004726673855,6291.527663442816,6291.528,0.055055458451395346,0.05246982,161,161,0.10462945738456224,0.1046295,0.06964917716582097,0.06964918,-,4.440892e-15,112,112,3804,140803,85,85,4001
c1,basin,p[land]*0.822702474792,0,False,CONVERGED,CONVERGED,438,438,-,-,0.7993061430919732,0.7993061,0,0,2,2,Crowded,Crowded,Crowded,Crowded,0.43792004726673533,0.4379200472667342,319.92839623652634,319.9284,0.8025344265084602,0.8025344,0,0,0.6902314945956544,0.6902315,0.0,0.0,-,2.109424e-15,27,27,3974,140973,0,0,4001
c1,basin,p[land]*1.34009564063,0,False,CONVERGED,CONVERGED,536,536,-,-,0.1579738538289793,0.1579739,81,81,4,4,Crowded,Crowded,Crowded,Crowded,0.43792004726673245,0.4379200472667342,1845.3257417439104,1845.326,0.2795488578925849,0.2795489,90,90,0.3076213553284526,0.3076214,0.0550954373202156,0.05509544,-,5.329071e-15,27,27,3907,140906,67,67,4001
c1,basin,p[land]*2.18287458838,0,False,CONVERGED,CONVERGED,717,717,-,-,0.009604129886404862,0.00960413,170,170,3,3,Crowded,Crowded,Crowded,Crowded,0.43792004726673406,0.4379200472667358,7719.891029347495,7719.891,0.026879167040049803,0.02687917,187,187,0.06306410776922824,0.06306411,0.07097057520390215,0.07097058,-,5.329071e-15,128,128,3778,140777,95,95,4001
c1,basin,p[land]*1.05,0,False,CONVERGED,CONVERGED,414,414,-,-,0.838587093680976,0.8385871,0,0,0,0,Crowded,Crowded,Crowded,Crowded,0.4379200472667346,0.4379200472667341,176.0368346799383,176.0368,0.8494275662846358,0.8494276,0,0,0.7690584162409838,0.7690584,0.0,0.0,-,1.9984009999999997e-15,0,0,4001,141000,0,0,4001
c1,basin,p[land]*0.952380952381,0,False,CONVERGED,CONVERGED,270,270,-,-,0.9450889574555671,0.945089,0,0,0,0,Crowded,Crowded,Crowded,Crowded,0.43792004726673095,0.43792004726673284,56.47622104518751,56.47622,0.9466175522234449,0.9466176,0,0,0.9188682113396627,0.9188682,0.0,0.0,-,4.3298699999999995e-15,0,0,4001,141000,0,0,4001
c1,basin,p[land]*1.97993159944,0,False,CONVERGED,CONVERGED,700,700,-,-,0.015565125143334533,0.01556513,152,152,4,4,Crowded,Crowded,Crowded,Crowded,0.4379200472667337,0.4379200472667342,6773.171514091099,6773.172,0.043160271503749126,0.04306887,170,170,0.08828514222737704,0.08828514,0.07016964082651633,0.07016964,-,3.996803e-15,117,117,3796,140795,88,88,4001
c1,basin,p[land]*1.21550625,0,False,CONVERGED,CONVERGED,361,361,-,-,0.31562788656933655,0.3156279,41,41,4,4,Crowded,Crowded,Crowded,Crowded,0.43792004726672723,0.43792004726673145,1153.1913334281182,1153.191,0.4460359134657561,0.4460359,61,61,0.3837194297584641,0.3837194,0.03885068557316229,0.03885069,-,3.885781e-15,7,7,3940,140939,54,54,4001
c1,basin,p[land]*1.40710042266,0,False,CONVERGED,CONVERGED,551,551,-,-,0.1101642687634125,0.1101643,91,91,4,4,Crowded,Crowded,Crowded,Crowded,0.43792004726673306,0.43792004726673583,2392.131368069342,2392.131,0.2254545486007943,0.2170826,103,103,0.27218687206123154,0.2721869,0.05974647494190555,0.05974647,-,1.9984009999999997e-15,38,38,3892,140891,71,71,4001
c1,basin,p[land]*1.71033935812,0,False,CONVERGED,CONVERGED,669,669,-,-,0.031417350752394685,0.03141735,130,130,4,4,Crowded,Crowded,Crowded,Crowded,0.4379200472667304,0.43792004726673456,5360.529709897587,5360.53,0.09141442517028402,0.07702434,144,144,0.14718895697851572,0.147189,0.06809351816407094,0.06809352,-,3.552714e-15,99,99,3822,140821,80,80,4001
c1,basin,p[land]*1.2762815625,0,False,CONVERGED,CONVERGED,517,517,-,-,0.2195619339572687,0.2195619,56,56,4,4,Crowded,Crowded,Crowded,Crowded,0.43792004726672906,0.43792004726672906,1516.1209270077206,1516.121,0.3504837850097501,0.3504838,77,77,0.34597598049513434,0.345976,0.048219312952221816,0.04821931,-,4.884981e-15,17,17,3923,140922,61,61,4001
c1,basin,p[land]*0.907029478458,0,False,CONVERGED,CONVERGED,416,416,-,-,0.8946553319084064,0.8946553,0,0,0,0,Crowded,Crowded,Crowded,Crowded,0.4379200472667349,0.4379200472667373,122.58810341372408,122.5881,0.8957886226756062,0.8957886,0,0,0.8402542669540286,0.8402543,0.0,0.0,-,3.330669e-15,0,0,4001,141000,0,0,4001
c1,basin,p[land]*0.863837598531,0,False,CONVERGED,CONVERGED,442,442,-,-,0.8462041227015668,0.8462041,0,0,0,0,Crowded,Crowded,Crowded,Crowded,0.4379200472667337,0.4379200472667373,199.7626882612005,199.7627,0.8482862717089652,0.8482863,0,0,0.7640634534807205,0.7640635,0.0,0.0,-,5.995204e-15,0,0,4001,141000,0,0,4001
c1,basin,p[land]*1.79585632602,0,False,CONVERGED,CONVERGED,682,682,-,-,0.024959970864317796,0.02495997,137,137,4,4,Crowded,Crowded,Crowded,Crowded,0.4379200472667245,0.43792004726673717,5856.044607586905,5856.045,0.07067554327323271,0.0632412,153,153,0.12385388878414044,0.1238539,0.06894683944744973,0.06894684,-,3.108624e-15,106,106,3813,140812,82,82,4001
c1,basin,p[food]*0.164435632973,0,False,CONVERGED,CONVERGED,721,721,-,-,0.040782089840798195,0.04078209,166,166,4,4,Crowded,Crowded,Crowded,Crowded,0.4379200472667379,0.43792004726673284,7067.930681257489,7067.931,0.07566352513649349,0.07254176,147,147,0.1528719709105399,0.152872,0.06820048184468219,0.06820048,-,1.776357e-15,143,143,3779,140778,79,79,4001
c1,basin,p[land]*1.47745544379,0,False,CONVERGED,CONVERGED,567,567,-,-,0.07716629943534165,0.0771663,99,99,4,4,Crowded,Crowded,Crowded,Crowded,0.43792004726673484,0.43792004726673567,3618.896362096679,3618.896,0.18327527749269432,0.1649165,114,114,0.2390829110427908,0.2390829,0.06301150447987669,0.0630115,-,3.108624e-15,71,71,3858,140857,72,72,4001
c1,basin,p[land]*2.07892817941,0,False,CONVERGED,CONVERGED,708,708,-,-,0.012565854299286399,0.01256585,162,162,4,4,Crowded,Crowded,Crowded,Crowded,0.4379200472667245,0.4379200472667405,7248.470283864285,7248.47,0.03403443207437094,0.03403443,178,178,0.07452332758715652,0.07452333,0.07059284617671036,0.07059285,-,5.218048e-15,122,122,3788,140787,91,91,4001
c1,basin,p[land]*1.157625,0,False,CONVERGED,CONVERGED,365,365,-,-,0.4785185726008636,0.4785186,7,7,2,2,Crowded,Crowded,Crowded,Crowded,0.43792004726672756,0.4379200472667388,737.060254629499,737.0603,0.5797266231403939,0.5797266,43,43,0.4192913094139333,0.4192913,0.026293756287261272,0.02629376,-,2.331468e-15,0,0,3957,140956,44,44,4001
c1,basin,p[food]*0.135281602191,0,False,CONVERGED,CONVERGED,729,729,-,-,0.036265383278555705,0.03626538,173,173,4,4,Crowded,Crowded,Crowded,Crowded,0.4379200472667357,0.4379200472667386,7304.795004663165,7304.795,0.05503186374654288,0.05503186,152,152,0.1418143510018499,0.1418144,0.06858575281646129,0.06858575,-,3.330669e-15,149,149,3772,140771,80,80,4001
c1,basin,p[land]*1.62889462678,0,False,CONVERGED,CONVERGED,540,540,-,-,0.04171990728919032,0.04171991,118,118,4,4,Crowded,Crowded,Crowded,Crowded,0.4379200472667359,0.43792004726673145,4860.82907846097,4860.829,0.11700149403040234,0.09632779,135,135,0.17411404094523397,0.174114,0.06690156886346577,0.06690157,-,4.662937e-15,92,92,3832,140831,77,77,4001
c1,basin,p[land]*1.55132821598,0,False,CONVERGED,CONVERGED,579,579,-,-,0.05517386151842281,0.05517386,106,106,4,4,Crowded,Crowded,Crowded,Crowded,0.4379200472667313,0.43792004726673417,4264.12125887311,4264.121,0.14847149115939548,0.1241823,125,125,0.20595712170542596,0.2059571,0.0653145986720004,0.0653146,-,4.440892e-15,83,83,3844,140843,74,74,4001
c1,basin,p[land]*2.2920183178,0,False,CONVERGED,CONVERGED,726,726,-,-,0.007573791975237382,0.007573792,178,178,3,3,Crowded,Crowded,Crowded,Crowded,0.43792004726673533,0.4379200472667354,8235.763619613035,8235.764,0.021415557339362484,0.02141556,196,196,0.05335965224270401,0.05335965,0.07125929340592885,0.07125929,-,3.552714e-15,133,133,3769,140768,99,99,4001
c1,basin,p[food]*0.12270440108,0,False,CONVERGED,CONVERGED,732,732,-,-,0.034836993870488095,0.03483699,176,176,4,4,Crowded,Crowded,Crowded,Crowded,0.437920047266737,0.43792004726673506,7393.919249662625,7393.919,0.04549461487903547,0.04549461,153,153,0.1381815650036938,0.1381816,0.06869602962589794,0.06869603,-,5.107026e-15,153,153,3768,140767,80,80,4001
c1,basin,p[food]*0.172657414622,0,False,CONVERGED,CONVERGED,719,719,-,-,0.04216175087133315,0.04216175,163,163,5,5,Crowded,Crowded,Crowded,Crowded,0.4379200472667358,0.4379200472667348,6968.567953541608,6968.568,0.08118204463557772,0.07714871,145,145,0.1563216910237221,0.1563217,0.06807862941325671,0.06807863,-,4.440892e-15,141,141,3782,140781,78,78,4001
c1,basin,p[food]*0.199872539601,0,False,CONVERGED,CONVERGED,712,712,-,-,0.048298912464573324,0.04829891,156,156,4,4,Crowded,Crowded,Crowded,Crowded,0.4379200472667323,0.43792004726673234,6666.504286630645,6666.504,0.10314743352143278,0.08631302,140,140,0.17047500223868187,0.170475,0.06753098032916849,0.06753098,-,4.884981e-15,135,135,3789,140788,77,77,4001
c1,basin,p[food]*0.156605364736,0,False,CONVERGED,CONVERGED,723,723,-,-,0.03930684744715808,0.03930685,168,168,5,5,Crowded,Crowded,Crowded,Crowded,0.4379200472667374,0.43792004726673434,7114.79323395314,7114.793,0.07030044516455392,0.06998768,148,148,0.14947214874747447,0.1494721,0.0683234842905669,0.06832348,-,3.330669e-15,144,144,3778,140777,79,79,4001
c1,basin,p[food]*0.242946321089,0,False,CONVERGED,CONVERGED,697,697,-,-,0.06305385941545497,0.06305386,144,144,5,5,Crowded,Crowded,Crowded,Crowded,0.43792004726673767,0.43792004726672723,5984.581388161381,5984.581,0.14112525446880508,0.1064684,130,130,0.201694711763593,0.2016947,0.0662052124732071,0.06620521,-,4.662937e-15,124,124,3804,140803,73,73,4001
c1,basin,p[food]*0.19035479962,0,False,CONVERGED,CONVERGED,714,714,-,-,0.045888626491986224,0.04588863,158,158,4,4,Crowded,Crowded,Crowded,Crowded,0.4379200472667251,0.4379200472667357,6765.633584487364,6765.634,0.09475486860436605,0.08081581,142,142,0.16519189870728862,0.1651919,0.06774004662195765,0.06774005,-,3.330669e-15,138,138,3786,140785,77,77,4001
c1,basin,p[food]*0.149147966415,0,False,CONVERGED,CONVERGED,725,725,-,-,0.03830428739258563,0.03830429,170,170,5,5,Crowded,Crowded,Crowded,Crowded,0.43792004726673656,0.43792004726673356,7213.810446574152,7213.81,0.06569565456921515,0.06569565,149,149,0.1466852529894831,0.1466853,0.06841963559452402,0.06841964,-,4.884981e-15,146,146,3776,140775,79,79,4001
c1,basin,p[food]*0.1420456823,0,False,CONVERGED,CONVERGED,727,727,-,-,0.03725355054683272,0.03725355,171,171,5,5,Crowded,Crowded,Crowded,Crowded,0.4379200472667336,0.4379200472667351,7260.0681114970075,7260.068,0.060589973161812596,0.06058997,150,150,0.14408044658320887,0.1440804,0.06851023939989209,0.06851024,-,1.9984009999999997e-15,149,149,3773,140772,79,79,4001
c1,basin,p[food]*0.128839621134,0,False,CONVERGED,CONVERGED,731,731,-,-,0.03577826841251404,0.03577827,175,175,4,4,Crowded,Crowded,Crowded,Crowded,0.43792004726673417,0.43792004726673417,7351.964810809623,7351.965,0.04996706758710131,0.04996707,153,153,0.14014619842627193,0.1401462,0.06863187931330206,0.06863188,-,3.7747579999999994e-15,151,151,3770,140769,80,80,4001
c1,basin,p[food]*0.22035947491,0,False,CONVERGED,CONVERGED,705,705,-,-,0.05365205175325671,0.05365205,150,150,5,5,Crowded,Crowded,Crowded,Crowded,0.43792004726673545,0.4379200472667329,6407.4940094327385,6407.494,0.12270240488655128,0.09589514,136,136,0.18286744183273762,0.1828674,0.06703465954440602,0.06703466,-,4.440892e-15,129,129,3796,140795,76,76,4001
c1,basin,p[food]*0.255093637143,0,False,CONVERGED,CONVERGED,692,692,-,-,0.06940800847271825,0.06940801,142,142,5,5,Crowded,Crowded,Crowded,Crowded,0.43792004726673256,0.43792004726674083,5770.321222609155,5770.321,0.15013650000397108,0.1164924,127,127,0.2131089947427813,0.213109,0.06565733456991674,0.06565733,-,3.330669e-15,119,119,3809,140808,73,73,4001
c1,basin,p[food]*0.28124073495,0,False,CONVERGED,CONVERGED,681,681,-,-,0.085624137977104,0.08562414,136,136,5,5,Crowded,Crowded,Crowded,Crowded,0.43792004726673694,0.43792004726673145,5335.002215210176,5335.002,0.17273299857143984,0.1409307,119,119,0.239446083741198,0.2394461,0.06430877312498329,0.06430877,-,3.885781e-15,110,110,3820,140819,71,71,4001
c1,basin,p[food]*0.181290285353,0,False,CONVERGED,CONVERGED,717,717,-,-,0.04399084684934502,0.04399085,160,160,5,5,Crowded,Crowded,Crowded,Crowded,0.43792004726673556,0.43792004726673356,6868.300195050624,6868.3,0.08764192186698862,0.07802984,144,144,0.16056740541931191,0.1605674,0.0679172868660215,0.06791729,-,1.776357e-15,139,139,3784,140783,78,78,4001
c1,basin,p[food]*0.231377448656,0,False,CONVERGED,CONVERGED,702,702,-,-,0.05790798926563887,0.05790799,147,147,5,5,Crowded,Crowded,Crowded,Crowded,0.4379200472667299,0.43792004726673667,6198.945059903466,6198.945,0.13354698431984363,0.09904926,133,133,0.19152609679992674,0.1915261,0.06665771973366275,0.06665772,-,4.662937e-15,127,127,3799,140798,75,75,4001
c1,basin,p[food]*0.209866166581,0,False,CONVERGED,CONVERGED,709,709,-,-,0.05068131132038923,0.05068131,153,153,5,5,Crowded,Crowded,Crowded,Crowded,0.4379200472667325,0.4379200472667333,6512.75345042214,6512.753,0.11234381704174395,0.08773181,138,138,0.17625669199864405,0.1762567,0.06730446429998393,0.06730446,-,3.996803e-15,132,132,3793,140792,76,76,4001
c1,basin,p[food]*0.267848319,0,False,CONVERGED,CONVERGED,687,687,-,-,0.07646780891147185,0.07646781,139,139,5,5,Crowded,Crowded,Crowded,Crowded,0.4379200472667326,0.43792004726673706,5553.615597865444,5553.616,0.16025978662168264,0.1279454,123,123,0.22536789318600764,0.2253679,0.06505665842810793,0.06505666,-,7.1054270000000005e-15,115,115,3814,140813,72,72,4001
c1,basin,p[food]*0.295302771698,0,False,CONVERGED,CONVERGED,673,673,-,-,0.09690894045690075,0.09690894,133,133,5,5,Crowded,Crowded,Crowded,Crowded,0.4379200472667299,0.43792004726673495,5012.881299613405,5012.881,0.1879637601586925,0.156147,114,114,0.2553846838766693,0.2553847,0.06340115261143253,0.06340115,-,4.218847e-15,105,105,3826,140825,70,70,4001
c1,basin,p[food]*2.92526071992,0,False,DIVERGED,DIVERGED,-,-,259,271,0.0,0.0,260,272,0,0,Enclosed,Enclosed,Crowded,Crowded,1.0,1.0,inf,inf,0.0,0.0,258,270,9.144945847940898e-06,6.745842e-06,0.07269230769230772,0.07269231,-,inf,0,0,0,0,260,272,260
c1,basin,p[food]*0.358942364641,0,False,CONVERGED,CONVERGED,577,577,-,-,0.176965382451073,0.1769654,116,116,5,5,Crowded,Crowded,Crowded,Crowded,0.437920047266735,0.4379200472667281,2967.766050849782,2967.766,0.23254890543207005,0.2325489,92,92,0.33259090082475945,0.3325909,0.057570485330203924,0.05757049,-,3.7747579999999994e-15,63,63,3871,140870,67,67,4001
c1,basin,p[food]*0.376889482873,0,False,CONVERGED,CONVERGED,570,570,-,-,0.20924669962406006,0.2092467,111,111,5,5,Crowded,Crowded,Crowded,Crowded,0.43792004726673456,0.4379200472667373,2383.270285587201,2383.27,0.24389258779881645,0.2438926,85,85,0.35298123000682946,0.3529812,0.05538914267164596,0.05538914,-,1.554312e-15,46,46,3889,140888,66,66,4001
c1,basin,p[food]*2.7859625904,0,False,DIVERGED,DIVERGED,-,-,259,271,0.0,0.0,260,272,0,0,Enclosed,Enclosed,Crowded,Crowded,1.0,1.0,inf,inf,0.0,0.0,258,270,9.535400649760727e-06,6.862696e-06,0.07269230769230772,0.07269231,-,inf,0,0,0,0,260,272,260
c1,basin,p[food]*3.07152375592,0,False,DIVERGED,DIVERGED,-,-,258,270,0.0,0.0,259,271,0,0,Enclosed,Enclosed,Crowded,Crowded,1.0,1.0,inf,inf,0.0,0.0,257,269,9.626140128182611e-06,7.03988e-06,0.07269230769230772,0.07269231,-,inf,0,0,0,0,259,271,259
c1,basin,p[food]*3.22509994371,0,False,DIVERGED,DIVERGED,-,-,257,271,0.0,0.0,258,272,0,0,Enclosed,Enclosed,Crowded,Crowded,1.0,1.0,inf,inf,0.0,0.0,257,271,1.0038230860297141e-05,6.804674e-06,0.07269230769230772,0.07269231,-,inf,0,0,0,0,258,272,258
c1,basin,p[food]*0.436296687611,0,False,CONVERGED,CONVERGED,543,543,-,-,0.32640858011585683,0.3264086,73,73,5,5,Crowded,Crowded,Crowded,Crowded,0.43792004726673583,0.43792004726673217,1277.0544547006234,1277.054,0.28395510001379437,0.2839551,63,63,0.4032925107383579,0.4032925,0.04630348398767792,0.04630348,-,1.665335e-15,35,35,3905,140904,61,61,4001
c1,basin,p[food]*3.55567268794,0,False,DIVERGED,DIVERGED,-,-,255,267,0.0,0.0,256,268,0,0,Enclosed,Enclosed,Crowded,Crowded,1.0,1.0,inf,inf,0.0,0.0,255,267,1.0569033805948341e-05,7.601126e-06,0.07269230769230772,0.07269231,-,inf,0,0,0,0,256,268,256
c1,basin,p[food]*3.3863549409,0,False,DIVERGED,DIVERGED,-,-,256,270,0.0,0.0,257,271,0,0,Enclosed,Enclosed,Crowded,Crowded,1.0,1.0,inf,inf,0.0,0.0,256,270,1.0106930561588e-05,7.044943e-06,0.07269230769230772,0.07269231,-,inf,0,0,0,0,257,271,257
c1,basin,p[food]*0.395733957017,0,False,CONVERGED,CONVERGED,561,561,-,-,0.24910234827860805,0.2491023,104,104,5,5,Crowded,Crowded,Crowded,Crowded,0.43792004726673905,0.43792004726673456,2040.1065809972274,2040.107,0.25644736428114245,0.2564474,77,77,0.3730786946215967,0.3730787,0.05273234357502965,0.05273234,-,3.996803e-15,41,41,3896,140895,64,64,4001
c1,basin,p[food]*0.341849871087,0,False,CONVERGED,CONVERGED,580,580,-,-,0.14965872621198498,0.1496587,122,122,5,5,Crowded,Crowded,Crowded,Crowded,0.4379200472667356,0.43792004726673583,3971.1712405897197,3971.171,0.2221049448387707,0.2221049,99,99,0.3116260113106138,0.311626,0.059464247062352316,0.05946425,-,4.440892e-15,81,81,3853,140852,67,67,4001
c1,basin,p[food]*3.73345632234,0,False,DIVERGED,DIVERGED,-,-,254,267,0.0,0.0,255,268,0,0,Enclosed,Enclosed,Crowded,Crowded,1.0,1.0,inf,inf,0.0,0.0,254,267,1.040431496523204e-05,7.5999e-06,0.07269230769230772,0.07269231,-,inf,0,0,0,0,255,268,255
c1,basin,p[food]*4.32194237515,0,False,DIVERGED,DIVERGED,-,-,251,263,0.0,0.0,252,264,0,0,Enclosed,Enclosed,Crowded,Crowded,1.0,1.0,inf,inf,0.0,0.0,251,263,1.146941450761565e-05,8.41308e-06,0.07269230769230772,0.07269231,-,inf,0,0,0,0,252,264,252
c1,basin,p[food]*3.92012913846,0,False,DIVERGED,DIVERGED,-,-,253,265,0.0,0.0,254,266,0,0,Enclosed,Enclosed,Crowded,Crowded,1.0,1.0,inf,inf,0.0,0.0,253,265,1.1124099064063138e-05,7.996989e-06,0.07269230769230772,0.07269231,-,inf,0,0,0,0,254,266,254
c1,basin,p[food]*4.11613559538,0,False,DIVERGED,DIVERGED,-,-,252,265,0.0,0.0,253,266,0,0,Enclosed,Enclosed,Crowded,Crowded,1.0,1.0,inf,inf,0.0,0.0,252,265,1.1056889520817685e-05,7.997491e-06,0.07269230769230772,0.07269231,-,inf,0,0,0,0,253,266,253
c1,basin,p[food]*4.53803949391,0,False,DIVERGED,DIVERGED,-,-,250,264,0.0,0.0,251,265,0,0,Enclosed,Enclosed,Crowded,Crowded,1.0,1.0,inf,inf,0.0,0.0,250,264,1.2014462164274138e-05,8.205348e-06,0.07269230769230772,0.07269231,-,inf,0,0,0,0,251,265,251
c1,basin,p[food]*5.00318854203,0,False,DIVERGED,DIVERGED,-,-,249,262,0.0,0.0,250,263,0,0,Enclosed,Enclosed,Crowded,Crowded,1.0,1.0,inf,inf,0.0,0.0,250,263,1.1442811019250394e-05,8.424989e-06,0.07269230769230772,0.07269231,-,inf,0,0,0,0,250,263,250
c1,basin,p[food]*0.310067910283,0,False,CONVERGED,CONVERGED,665,665,-,-,0.1105285967267407,0.1105286,129,129,5,5,Crowded,Crowded,Crowded,Crowded,0.4379200472667284,0.437920047266737,4738.573381682651,4738.573,0.2032337543942511,0.1739744,110,110,0.27245681767174856,0.2724568,0.06234521302393392,0.06234521,-,3.441691e-15,99,99,3833,140832,69,69,4001
c1,basin,p[food]*4.7649414686,0,False,DIVERGED,DIVERGED,-,-,249,261,0.0,0.0,250,262,0,0,Enclosed,Enclosed,Crowded,Crowded,1.0,1.0,inf,inf,0.0,0.0,250,262,1.22655138419378e-05,8.854244e-06,0.07269230769230772,0.07269231,-,inf,0,0,0,0,250,262,250
c1,basin,p[food]*5.25334796914,0,False,DIVERGED,DIVERGED,-,-,248,260,0.0,0.0,249,261,0,0,Enclosed,Enclosed,Crowded,Crowded,1.0,1.0,inf,inf,0.0,0.0,249,261,1.213552438639629e-05,8.931789e-06,0.07269230769230772,0.07269231,-,inf,0,0,0,0,249,261,249
c1,basin,p[food]*0.325571305797,0,False,CONVERGED,CONVERGED,503,503,-,-,0.12766164508253136,0.1276616,126,126,5,5,Crowded,Crowded,Crowded,Crowded,0.4379200472667303,0.43792004726673084,4397.975057270828,4397.975,0.21222459177948272,0.1951927,104,104,0.2912592214771923,0.2912592,0.061051852528387074,0.06105185,-,3.996803e-15,90,90,3843,140842,68,68,4001
c1,basin,p[food]*0.556837418178,0,False,CONVERGED,CONVERGED,364,364,-,-,0.5310384280012795,0.5310384,0,0,5,5,Crowded,Crowded,Crowded,Crowded,0.437920047266728,0.43792004726674216,632.920891241429,632.9209,0.3814624482838809,0.3814624,28,28,0.4570043107619308,0.4570043,0.02600350370571608,0.0260035,-,6.8833830000000005e-15,22,22,3927,140926,52,52,4001
c1,basin,p[food]*0.415520654867,0,False,CONVERGED,CONVERGED,551,551,-,-,0.2910998695328819,0.2910999,79,79,5,5,Crowded,Crowded,Crowded,Crowded,0.4379200472667315,0.43792004726673195,1696.636161544176,1696.636,0.26958039617206025,0.2695804,69,69,0.38990093777665924,0.3899009,0.04980311688724581,0.04980312,-,4.440892e-15,36,36,3902,140901,63,63,4001
c1,basin,p[food]*5.79181613597,0,False,DIVERGED,DIVERGED,-,-,246,259,0.0,0.0,247,260,0,0,Enclosed,Enclosed,Crowded,Crowded,1.0,1.0,inf,inf,0.0,0.0,247,260,1.240494165190884e-05,9.126757e-06,0.07269230769230772,0.07269231,-,inf,0,0,0,0,247,260,247
c1,basin,p[food]*6.08140694277,0,False,DIVERGED,DIVERGED,-,-,245,258,0.0,0.0,246,259,0,0,Enclosed,Enclosed,Crowded,Crowded,1.0,1.0,inf,inf,0.0,0.0,246,259,1.316645179844068e-05,9.560832e-06,0.07269230769230772,0.07269231,-,inf,0,0,0,0,246,259,246
c1,basin,p[food]*5.51601536759,0,False,DIVERGED,DIVERGED,-,-,247,259,0.0,0.0,248,260,0,0,Enclosed,Enclosed,Crowded,Crowded,1.0,1.0,inf,inf,0.0,0.0,248,260,1.2980812441732819e-05,9.319612e-06,0.07269230769230772,0.07269231,-,inf,0,0,0,0,248,260,248
c1,basin,p[food]*0.644608916218,0,False,CONVERGED,CONVERGED,536,536,-,-,0.6359935328007456,0.6359935,0,0,3,3,Crowded,Crowded,Crowded,Crowded,0.43792004726673334,0.4379200472667382,452.5668842460017,452.5669,0.4730216624389916,0.4730217,0,0,0.598540819240871,0.5985408,0.014171184671450121,0.01417118,-,4.996004e-15,12,12,3947,140946,42,42,4001
c1,basin,p[food]*6.38547728991,0,False,DIVERGED,DIVERGED,-,-,244,257,0.0,0.0,245,258,0,0,Enclosed,Enclosed,Crowded,Crowded,1.0,1.0,inf,inf,0.0,0.0,245,258,1.3891728529181756e-05,9.811079e-06,0.07269230769230772,0.07269231,-,inf,0,0,0,0,245,258,245
c1,basin,p[food]*6.7047511544,0,False,DIVERGED,DIVERGED,-,-,243,257,0.0,0.0,244,258,0,0,Enclosed,Enclosed,Crowded,Crowded,1.0,1.0,inf,inf,0.0,0.0,244,258,1.4391435241483276e-05,9.748913e-06,0.07269230769230772,0.07269231,-,inf,0,0,0,0,244,258,244
c1,basin,p[food]*7.03998871212,0,False,DIVERGED,DIVERGED,-,-,242,255,0.0,0.0,243,256,0,0,Enclosed,Enclosed,Crowded,Crowded,1.0,1.0,inf,inf,0.0,0.0,243,256,1.4362012595352128e-05,1.032513e-05,0.07269230769230772,0.07269231,-,inf,0,0,0,0,243,256,243
c1,basin,p[food]*0.71068133013,0,False,CONVERGED,CONVERGED,381,381,-,-,0.6705245887496917,0.6705246,0,0,3,3,Crowded,Crowded,Crowded,Crowded,0.4379200472667358,0.43792004726673067,399.69490467376653,399.6949,0.5661403520436551,0.5661404,0,0,0.5748252375429117,0.5748252,0.007510215447689539,0.007510215,-,3.108624e-15,9,9,3958,140957,34,34,4001
c1,basin,p[food]*8.14966693287,0,False,DIVERGED,DIVERGED,-,-,239,252,0.0,0.0,240,253,0,0,Enclosed,Enclosed,Crowded,Crowded,1.0,1.0,inf,inf,0.0,0.0,240,253,1.5138522139680073e-05,1.111498e-05,0.07269230769230772,0.07269231,-,inf,0,0,0,0,240,253,240
c1,basin,p[food]*7.76158755512,0,False,DIVERGED,DIVERGED,-,-,240,253,0.0,0.0,241,254,0,0,Enclosed,Enclosed,Crowded,Crowded,1.0,1.0,inf,inf,0.0,0.0,241,254,1.5556301531714038e-05,1.086876e-05,0.07269230769230772,0.07269231,-,inf,0,0,0,0,241,254,241
c1,basin,p[food]*0.505067952996,0,False,CONVERGED,CONVERGED,519,519,-,-,0.43717556943406743,0.4371756,29,29,5,5,Crowded,Crowded,Crowded,Crowded,0.43792004726672995,0.4379200472667298,827.4204038520847,827.4204,0.33641519162091127,0.3364152,43,43,0.4377940304185013,0.437794,0.03445302453037202,0.03445302,-,3.885781e-15,28,28,3917,140916,56,56,4001
c1,basin,p[mach]*0.135281602191,0,False,DIVERGED,DIVERGED,-,-,280,280,0.0,0.0,280,280,1,1,Enclosed,Enclosed,Crowded,Crowded,1.0,1.0,inf,inf,0.0,0.0,268,268,6.033903652793513e-06,6.106261e-06,0.07269230769230772,0.07269231,-,inf,0,0,5,5,276,276,281
c1,basin,p[mach]*0.12270440108,0,False,DIVERGED,DIVERGED,-,-,280,280,0.0,0.0,280,280,1,1,Enclosed,Enclosed,Crowded,Crowded,1.0,1.0,inf,inf,0.0,0.0,268,268,6.04857824103945e-06,6.011796e-06,0.07269230769230772,0.07269231,-,inf,0,0,5,5,276,276,281
c1,basin,p[mach]*0.1420456823,0,False,DIVERGED,DIVERGED,-,-,280,280,0.0,0.0,280,280,1,1,Enclosed,Enclosed,Crowded,Crowded,1.0,1.0,inf,inf,0.0,0.0,268,268,6.306147330136937e-06,5.881099e-06,0.07269230769230772,0.07269231,-,inf,0,0,5,5,276,276,281
c1,basin,p[mach]*0.149147966415,0,False,DIVERGED,DIVERGED,-,-,280,280,0.0,0.0,280,280,1,1,Enclosed,Enclosed,Crowded,Crowded,1.0,1.0,inf,inf,0.0,0.0,268,268,6.078648055642913e-06,6.078648e-06,0.07269230769230772,0.07269231,-,inf,0,0,5,5,276,276,281
c1,basin,p[mach]*0.156605364736,0,False,DIVERGED,DIVERGED,-,-,280,280,0.0,0.0,280,280,1,1,Enclosed,Enclosed,Crowded,Crowded,1.0,1.0,inf,inf,0.0,0.0,268,268,6.126873304928368e-06,6.126873e-06,0.07269230769230772,0.07269231,-,inf,0,0,5,5,276,276,281
c1,basin,p[mach]*0.128839621134,0,False,DIVERGED,DIVERGED,-,-,280,280,0.0,0.0,280,280,1,1,Enclosed,Enclosed,Crowded,Crowded,1.0,1.0,inf,inf,0.0,0.0,268,268,6.211105222281994e-06,5.918144e-06,0.07269230769230772,0.07269231,-,inf,0,0,5,5,276,276,281
c1,basin,p[food]*7.39198814773,0,False,DIVERGED,DIVERGED,-,-,241,254,0.0,0.0,242,255,0,0,Enclosed,Enclosed,Crowded,Crowded,1.0,1.0,inf,inf,0.0,0.0,242,255,1.4458648737241814e-05,1.059053e-05,0.07269230769230772,0.07269231,-,inf,0,0,0,0,242,255,242
c1,basin,p[food]*0.783526166468,0,False,CONVERGED,CONVERGED,456,456,-,-,0.7045669048497676,0.7045669,0,0,3,3,Crowded,Crowded,Crowded,Crowded,0.43792004726673656,0.4379200472667378,350.17198430335424,350.172,0.7029125484133826,0.7029125,0,0,0.5583978229359249,0.5583978,0.004808491333954945,0.004808491,-,4.662937e-15,5,5,3962,140961,34,34,4001
c1,basin,p[food]*0.907029478458,0,False,CONVERGED,CONVERGED,427,427,-,-,0.8711132936015957,0.8711133,0,0,0,0,Crowded,Crowded,Crowded,Crowded,0.43792004726673317,0.4379200472667344,137.98323756704622,137.9832,0.8767045701484925,0.8767046,0,0,0.8491999728444323,0.8492,0.0,0.0,-,7.771561000000001e-15,0,0,4001,141000,0,0,4001
c1,basin,p[mach]*0.181290285353,0,False,DIVERGED,DIVERGED,-,-,281,281,0.0,0.0,280,280,1,1,Enclosed,Enclosed,Crowded,Crowded,1.0,1.0,inf,inf,0.0,0.0,268,268,6.462076540886911e-06,6.302208e-06,0.07269230769230772,0.07269231,-,inf,0,0,5,5,277,277,282
c1,basin,p[mach]*0.164435632973,0,False,DIVERGED,DIVERGED,-,-,280,280,0.0,0.0,279,279,1,1,Enclosed,Enclosed,Crowded,Crowded,1.0,1.0,inf,inf,0.0,0.0,267,267,6.481035393026673e-06,6.15655e-06,0.07269230769230772,0.07269231,-,inf,0,0,5,5,276,276,281
c1,basin,p[mach]*0.242946321089,0,False,DIVERGED,DIVERGED,-,-,282,282,0.0,0.0,280,280,1,1,Enclosed,Enclosed,Crowded,Crowded,1.0,1.0,inf,inf,0.0,0.0,269,269,6.7602789751647275e-06,6.715832e-06,0.07269230769230772,0.07269231,-,inf,0,0,6,6,277,277,283
c1,basin,p[food]*1.05,0,False,CONVERGED,CONVERGED,302,302,-,-,0.9612507763836665,0.9612508,0,0,0,0,Crowded,Crowded,Crowded,Crowded,0.43792004726673533,0.4379200472667359,48.790164169432046,48.79016,0.9688539954686595,0.9500095,0,0,0.9681770108302414,0.968177,0.0,0.0,-,1.9984009999999997e-15,0,0,4001,141000,0,0,4001
c1,basin,p[mach]*0.255093637143,0,False,DIVERGED,DIVERGED,-,-,282,282,0.0,0.0,280,280,1,1,Enclosed,Enclosed,Crowded,Crowded,1.0,1.0,inf,inf,0.0,0.0,268,268,7.019194514795763e-06,6.843234e-06,0.07269230769230772,0.07269231,-,inf,0,0,6,6,277,277,283
c1,basin,p[mach]*0.19035479962,0,False,DIVERGED,DIVERGED,-,-,281,281,0.0,0.0,280,280,1,1,Enclosed,Enclosed,Crowded,Crowded,1.0,1.0,inf,inf,0.0,0.0,268,268,6.414851438080791e-06,6.387612e-06,0.07269230769230772,0.07269231,-,inf,0,0,6,6,276,276,282
c1,basin,p[mach]*0.172657414622,0,False,DIVERGED,DIVERGED,-,-,281,281,0.0,0.0,280,280,1,1,Enclosed,Enclosed,Crowded,Crowded,1.0,1.0,inf,inf,0.0,0.0,268,268,6.393758070957483e-06,6.235737e-06,0.07269230769230772,0.07269231,-,inf,0,0,5,5,277,277,282
c1,basin,p[food]*0.863837598531,0,False,CONVERGED,CONVERGED,445,445,-,-,0.8104754039508719,0.8104754,0,0,0,0,Crowded,Crowded,Crowded,Crowded,0.43792004726673595,0.43792004726673767,210.13428502706108,210.1343,0.8226669890764359,0.822667,0,0,0.7666009215829992,0.7666009,0.0,0.0,-,3.663736e-15,0,0,4001,141000,0,0,4001
c1,basin,p[food]*0.530321350645,0,False,CONVERGED,CONVERGED,491,491,-,-,0.48728106057056203,0.4872811,5,5,5,5,Crowded,Crowded,Crowded,Crowded,0.4379200472667264,0.43792004726673134,718.9141959446977,718.9142,0.35789223241727564,0.3578922,36,36,0.44804176686549024,0.4480418,0.030201361593759524,0.03020136,-,4.440892e-15,26,26,3922,140921,53,53,4001
c1,basin,p[mach]*0.231377448656,0,False,DIVERGED,DIVERGED,-,-,282,282,0.0,0.0,280,280,1,1,Enclosed,Enclosed,Crowded,Crowded,1.0,1.0,inf,inf,0.0,0.0,269,269,6.473951072425833e-06,6.463362e-06,0.07269230769230772,0.07269231,-,inf,0,0,6,6,277,277,283
c1,basin,p[mach]*0.28124073495,0,False,DIVERGED,DIVERGED,-,-,283,283,0.0,0.0,280,280,1,1,Enclosed,Enclosed,Crowded,Crowded,1.0,1.0,inf,inf,0.0,0.0,269,269,6.968047382778872e-06,6.804989e-06,0.07269230769230772,0.07269231,-,inf,0,0,6,6,278,278,284
c1,basin,p[mach]*0.209866166581,0,False,DIVERGED,DIVERGED,-,-,281,281,0.0,0.0,279,279,1,1,Enclosed,Enclosed,Crowded,Crowded,1.0,1.0,inf,inf,0.0,0.0,268,268,6.589518079969307e-06,6.547075e-06,0.07269230769230772,0.07269231,-,inf,0,0,6,6,276,276,282
c1,basin,p[food]*0.458111521991,0,False,CONVERGED,CONVERGED,536,536,-,-,0.35674359963919366,0.3567436,68,68,5,5,Crowded,Crowded,Crowded,Crowded,0.43792004726672945,0.4379200472667323,1030.7379635312052,1030.738,0.29993402079125,0.299934,57,57,0.41540556938412104,0.4154056,0.04251956535189827,0.04251957,-,2.88658e-15,33,33,3909,140908,59,59,4001
c1,basin,p[mach]*0.267848319,0,False,DIVERGED,DIVERGED,-,-,282,282,0.0,0.0,279,279,1,1,Enclosed,Enclosed,Crowded,Crowded,1.0,1.0,inf,inf,0.0,0.0,268,268,7.124854259066772e-06,6.946738e-06,0.07269230769230772,0.07269231,-,inf,0,0,6,6,277,277,283
c1,basin,p[mach]*0.325571305797,0,False,DIVERGED,DIVERGED,-,-,284,284,0.0,0.0,279,279,1,1,Enclosed,Enclosed,Crowded,Crowded,1.0,1.0,inf,inf,0.0,0.0,270,270,7.674576550278853e-06,7.477702e-06,0.07269230769230772,0.07269231,-,inf,0,0,6,6,279,279,285
c1,basin,p[mach]*0.295302771698,0,False,DIVERGED,DIVERGED,-,-,283,283,0.0,0.0,279,279,1,1,Enclosed,Enclosed,Crowded,Crowded,1.0,1.0,inf,inf,0.0,0.0,269,269,7.340683958466171e-06,7.156264e-06,0.07269230769230772,0.07269231,-,inf,0,0,6,6,278,278,284
c1,basin,p[mach]*0.310067910283,0,False,DIVERGED,DIVERGED,-,-,283,283,0.0,0.0,279,279,1,1,Enclosed,Enclosed,Crowded,Crowded,1.0,1.0,inf,inf,0.0,0.0,269,269,7.694264638719062e-06,7.2227e-06,0.07269230769230772,0.07269231,-,inf,0,0,6,6,278,278,284
c1,basin,p[mach]*0.395733957017,0,False,DIVERGED,DIVERGED,-,-,286,286,0.0,0.0,279,279,1,1,Enclosed,Enclosed,Crowded,Crowded,1.0,1.0,inf,inf,0.0,0.0,271,271,1.0122333699835496e-05,1.01176e-05,0.07269230769230772,0.07269231,-,inf,0,0,7,7,280,280,287
c1,basin,p[food]*0.613913253541,0,False,CONVERGED,CONVERGED,533,533,-,-,0.5973717384308795,0.5973717,0,0,3,3,Crowded,Crowded,Crowded,Crowded,0.43792004726673145,0.4379200472667336,515.2156819340331,515.2157,0.4379017569142684,0.4379018,0,0,0.5027567853629186,0.5027568,0.017870539546878783,0.01787054,-,5.77316e-15,13,13,3942,140941,46,46,4001
c1,basin,p[mach]*0.415520654867,0,False,DIVERGED,DIVERGED,-,-,287,287,0.0,0.0,280,280,1,1,Enclosed,Enclosed,Crowded,Crowded,1.0,1.0,inf,inf,0.0,0.0,272,272,1.339738858946401e-05,1.297066e-05,0.07269230769230772,0.07269231,-,inf,0,0,7,7,281,281,288
c1,basin,p[mach]*0.22035947491,0,False,DIVERGED,DIVERGED,-,-,281,281,0.0,0.0,279,279,1,1,Enclosed,Enclosed,Crowded,Crowded,1.0,1.0,inf,inf,0.0,0.0,268,268,6.5128746398100455e-06,6.512482e-06,0.07269230769230772,0.07269231,-,inf,0,0,6,6,276,276,282
c1,basin,p[mach]*0.199872539601,0,False,DIVERGED,DIVERGED,-,-,281,281,0.0,0.0,279,279,1,1,Enclosed,Enclosed,Crowded,Crowded,1.0,1.0,inf,inf,0.0,0.0,268,268,6.643230403123247e-06,6.189168e-06,0.07269230769230772,0.07269231,-,inf,0,0,6,6,276,276,282
c1,basin,p[mach]*0.376889482873,0,False,DIVERGED,DIVERGED,-,-,285,285,0.0,0.0,279,279,1,1,Enclosed,Enclosed,Crowded,Crowded,1.0,1.0,inf,inf,0.0,0.0,270,270,9.113482862208878e-06,9.199768e-06,0.07269230769230772,0.07269231,-,inf,0,0,6,6,280,280,286
c1,basin,p[food]*1.1025,0,False,CONVERGED,CONVERGED,316,316,-,-,0.9235488301816219,0.9235488,0,0,0,0,Crowded,Crowded,Crowded,Crowded,0.43792004726672773,0.4379200472667358,97.58032833886404,97.58033,0.9385868139377709,0.9024441,0,0,0.9353977593845588,0.9353978,0.0,0.0,-,3.996803e-15,0,0,4001,141000,0,0,4001
c1,basin,p[mach]*0.341849871087,0,False,DIVERGED,DIVERGED,-,-,284,284,0.0,0.0,279,279,1,1,Enclosed,Enclosed,Crowded,Crowded,1.0,1.0,inf,inf,0.0,0.0,270,270,7.8789255027523e-06,8.00237e-06,0.07269230769230772,0.07269231,-,inf,0,0,6,6,279,279,285
c1,basin,p[food]*0.481017098091,0,False,CONVERGED,CONVERGED,529,529,-,-,0.39453465987605546,0.3945347,40,40,5,5,Crowded,Crowded,Crowded,Crowded,0.4379200472667305,0.4379200472667269,930.0482848214917,930.0483,0.31709173400424867,0.3170917,50,50,0.4271562522730143,0.4271563,0.03848164482805605,0.03848164,-,4.884981e-15,30,30,3914,140913,57,57,4001
c1,basin,p[mach]*0.358942364641,0,False,DIVERGED,DIVERGED,-,-,284,284,0.0,0.0,278,278,1,1,Enclosed,Enclosed,Crowded,Crowded,1.0,1.0,inf,inf,0.0,0.0,269,269,8.475409328828066e-06,8.363132e-06,0.07269230769230772,0.07269231,-,inf,0,0,6,6,279,279,285
c1,basin,p[food]*1.157625,0,False,CONVERGED,CONVERGED,330,330,-,-,0.8868981318653041,0.8868981,0,0,0,0,Crowded,Crowded,Crowded,Crowded,0.4379200472667348,0.43792004726673295,146.3704925082959,146.3705,0.9092436003840239,0.8571795,0,0,0.9016518926229214,0.9016519,0.0,0.0,-,2.88658e-15,0,0,4001,141000,0,0,4001
c1,basin,p[food]*1.2762815625,0,False,CONVERGED,CONVERGED,324,324,-,-,0.7723119128895125,0.7723119,0,0,1,1,Crowded,Crowded,Crowded,Crowded,0.4379200472667297,0.43792004726673617,258.36677831610683,258.3668,0.8140910428066398,0.7725024,0,0,0.7822609468573457,0.7822609,0.006003467440006516,0.006003467,-,3.219647e-15,0,0,3990,140989,11,11,4001
c1,basin,p[food]*0.676839362029,0,False,CONVERGED,CONVERGED,536,536,-,-,0.6792961142099362,0.6792961,0,0,3,3,Crowded,Crowded,Crowded,Crowded,0.4379200472667329,0.43792004726673217,390.3213133549939,390.3213,0.5148638856780671,0.5148639,0,0,0.5962708137067748,0.5962708,0.010665497242245692,0.0106655,-,4.218847e-15,11,11,3952,140951,38,38,4001
c1,basin,p[mach]*0.458111521991,0,False,DIVERGED,DIVERGED,-,-,292,292,0.0,0.0,284,284,1,1,Enclosed,Enclosed,Crowded,Crowded,1.0,1.0,inf,inf,0.0,0.0,276,276,2.9200050273615777e-05,2.954405e-05,0.07269230769230772,0.07269231,-,inf,0,0,7,7,286,286,293
c1,basin,p[mach]*0.436296687611,0,False,DIVERGED,DIVERGED,-,-,289,290,0.0,0.0,282,283,1,1,Enclosed,Enclosed,Crowded,Crowded,1.0,1.0,inf,inf,0.0,0.0,273,274,1.8256976141859895e-05,1.827694e-05,0.07269230769230772,0.07269231,-,inf,0,0,7,7,283,284,290
c1,basin,p[food]*0.746215396637,0,False,CONVERGED,CONVERGED,444,444,-,-,0.6808433568492102,0.6808434,0,0,3,3,Crowded,Crowded,Crowded,Crowded,0.4379200472667333,0.4379200472667346,384.42301860212206,384.423,0.628855160892077,0.6288552,0,0,0.5584739290620496,0.5584739,0.004704640092965839,0.00470464,-,7.771561000000001e-15,8,8,3957,140956,36,36,4001
c1,basin,p[food]*0.584679289086,0,False,CONVERGED,CONVERGED,521,521,-,-,0.5626639967878755,0.562664,0,0,3,3,Crowded,Crowded,Crowded,Crowded,0.43792004726672734,0.4379200472667352,575.0726375508469,575.0726,0.40822013693851444,0.4082201,17,17,0.4650732771568991,0.4650733,0.02179517557679811,0.02179518,-,3.108624e-15,14,14,3938,140937,49,49,4001
c1,basin,p[food]*1.40710042266,0,False,CONVERGED,CONVERGED,461,461,-,-,0.6734621481994433,0.6734621,0,0,1,1,Crowded,Crowded,Crowded,Crowded,0.43792004726673434,0.43792004726673056,395.32348634517496,395.3235,0.7519056788366434,0.6953914,0,0,0.63063715627751,0.6306372,0.016707634036012053,0.01670763,-,5.662137e-15,0,0,3977,140976,24,24,4001
c1,basin,p[food]*0.822702474792,0,False,CONVERGED,CONVERGED,454,454,-,-,0.7530772427038267,0.7530772,0,0,1,1,Crowded,Crowded,Crowded,Crowded,0.43792004726673495,0.4379200472667351,283.58747649124604,283.5875,0.7719859551045912,0.771986,0,0,0.6733407400616586,0.6733407,0.0,0.0,-,3.996803e-15,2,2,3999,140998,0,0,4001
c1,basin,p[food]*1.47745544379,0,False,CONVERGED,CONVERGED,465,465,-,-,0.6661813982041611,0.6661814,0,0,1,1,Crowded,Crowded,Crowded,Crowded,0.43792004726672784,0.4379200472667319,406.19327585171624,406.1933,0.690632982778311,0.6596221,0,0,0.6200028206022632,0.6200028,0.02201716445506363,0.02201716,-,3.441691e-15,0,0,3973,140972,28,28,4001
c1,basin,p[food]*0.952380952381,0,False,CONVERGED,CONVERGED,351,351,-,-,0.9343775811866968,0.9343776,0,0,0,0,Crowded,Crowded,Crowded,Crowded,0.43792004726673506,0.4379200472667368,67.87465993284455,67.87466,0.9356922996477357,0.9356923,0,0,0.9268640229302498,0.926864,0.0,0.0,-,4.440892e-15,0,0,4001,141000,0,0,4001
c1,basin,p[food]*1.21550625,0,False,CONVERGED,CONVERGED,337,337,-,-,0.8488549057878829,0.8488549,0,0,1,1,Crowded,Crowded,Crowded,Crowded,0.43792004726672595,0.4379200472667383,195.160656677728,195.1607,0.8789277727016925,0.8140418,0,0,0.8637994032657754,0.8637994,0.0006207001623712016,0.0006207002,-,2.664535e-15,0,0,4000,140999,1,1,4001
c1,basin,p[food]*1.34009564063,0,False,CONVERGED,CONVERGED,343,343,-,-,0.701324345056462,0.7013243,0,0,1,1,Crowded,Crowded,Crowded,Crowded,0.4379200472667271,0.43792004726673356,354.78480985890366,354.7848,0.7550943802253076,0.7329856,0,0,0.6962296683034312,0.6962297,0.011367774803760777,0.01136777,-,2.664535e-15,0,0,3983,140982,18,18,4001
c1,basin,p[food]*1.97993159944,0,False,CONVERGED,CONVERGED,503,503,-,-,0.16752666077960573,0.1675267,30,30,1,1,Crowded,Crowded,Crowded,Crowded,0.43792004726673045,0.4379200472667327,1786.6127715495636,1786.613,0.1802383943757147,0.1802384,42,42,0.4129783685863755,0.4129784,0.052927676803780854,0.05292768,-,4.440892e-15,0,0,3960,140959,41,41,4001
c1,basin,p[food]*1.62889462678,0,False,CONVERGED,CONVERGED,485,485,-,-,0.4975915711389972,0.4975916,1,1,1,1,Crowded,Crowded,Crowded,Crowded,0.437920047266728,0.4379200472667281,697.9756767299807,697.9757,0.5239721005531733,0.5239721,12,12,0.4641735727901506,0.4641736,0.032522402046403664,0.0325224,-,5.218048e-15,0,0,3968,140967,33,33,4001
c1,basin,p[food]*2.2920183178,0,False,CONVERGED,CONVERGED,505,505,-,-,0.0,0.0,47,47,1,1,Crowded,Crowded,Crowded,Crowded,0.43792004726673583,0.4379200472667345,inf,inf,0.0,0.0,65,65,0.35248110807736777,0.3524811,0.06755076043827979,0.06755076,-,2.88658e-15,0,0,3953,140952,48,48,4001
c1,basin,p[food]*2.18287458838,0,False,CONVERGED,CONVERGED,502,502,-,-,0.009468348809809268,0.009468349,41,41,1,1,Crowded,Crowded,Crowded,Crowded,0.43792004726672956,0.43792004726672823,4659.800747091258,4659.801,0.01032167755091517,0.01032168,58,58,0.3724669377601189,0.3724669,0.0627498556981837,0.06274986,-,4.107825e-15,0,0,3955,140954,46,46,4001
c1,basin,p[food]*1.55132821598,0,False,CONVERGED,CONVERGED,466,466,-,-,0.582947054379471,0.5829471,0,0,1,1,Crowded,Crowded,Crowded,Crowded,0.43792004726672956,0.437920047266733,539.658912571309,539.6589,0.6106453244357779,0.6106453,0,0,0.5544443095175776,0.5544443,0.027290617820028507,0.02729062,-,3.441691e-15,0,0,3971,140970,30,30,4001
c1,basin,p[food]*1.79585632602,0,False,CONVERGED,CONVERGED,495,495,-,-,0.33019231934488713,0.3301923,24,24,1,1,Crowded,Crowded,Crowded,Crowded,0.43792004726673445,0.43792004726673583,1108.0800083817621,1108.08,0.3512735468566105,0.3512735,28,28,0.4429414316647658,0.4429414,0.04283950794061153,0.04283951,-,3.441691e-15,0,0,3964,140963,37,37,4001
c1,basin,p[food]*1.71033935812,0,False,CONVERGED,CONVERGED,490,490,-,-,0.41332886399002006,0.4133289,5,5,1,1,Crowded,Crowded,Crowded,Crowded,0.4379200472667289,0.43792004726673095,883.5117220369949,883.5117,0.4374930381721622,0.437493,22,22,0.45577541885308975,0.4557754,0.03770710353579676,0.0377071,-,3.663736e-15,0,0,3966,140965,35,35,4001
c1,basin,p[food]*2.07892817941,0,False,CONVERGED,CONVERGED,501,501,-,-,0.08797597441567089,0.08797597,32,32,1,1,Crowded,Crowded,Crowded,Crowded,0.43792004726673245,0.4379200472667316,2430.6915197838707,2430.692,0.09528271922311675,0.09528272,50,50,0.39445934559029805,0.3944593,0.0578741709102637,0.05787417,-,6.217249e-15,0,0,3958,140957,43,43,4001
c1,basin,p[food]*1.88564914232,0,False,CONVERGED,CONVERGED,499,499,-,-,0.24821136115653528,0.2482114,28,28,1,1,Crowded,Crowded,Crowded,Crowded,0.4379200472667315,0.4379200472667334,1393.4746330588528,1393.475,0.26537739664076465,0.2653774,36,36,0.4290826082533328,0.4290826,0.04791461921311224,0.04791462,-,4.440892e-15,0,0,3962,140961,39,39,4001
c1,basin,p[food]*2.40661923369,0,False,CONVERGED,CONVERGED,510,510,-,-,0.0,0.0,54,54,1,1,Crowded,Crowded,Crowded,Crowded,0.43792004726673517,0.43792004726673633,inf,inf,0.0,0.0,73,73,0.3303653533719849,0.3303654,0.07227319853902558,0.0722732,-,3.219647e-15,0,0,3952,140951,49,49,4001
c1,basin,p[mach]*1.157625,0,False,CONVERGED,CONVERGED,317,317,-,-,0.6021083422781935,0.6021083,0,0,0,0,Crowded,Crowded,Crowded,Crowded,0.4379200472667373,0.4379200472667353,511.87598645961407,511.876,0.53211659052479,0.5321166,0,0,0.49442165602630367,0.4944217,0.0,0.0,-,3.552714e-15,0,0,4001,141000,0,0,4001
c1,basin,p[food]*2.52695019538,0,False,CONVERGED,CONVERGED,516,516,-,-,0.0,0.0,60,60,1,1,Crowded,Crowded,Crowded,Crowded,0.43792004726673345,0.43792004726673733,inf,inf,0.0,0.0,78,78,0.3134709453887649,0.3134709,0.07269230769230772,0.07269231,-,2.442491e-15,0,0,3951,140950,50,50,4001
c1,basin,p[mach]*1.40710042266,0,False,CONVERGED,CONVERGED,469,469,-,-,0.3361741279402454,0.3361741,14,14,4,4,Crowded,Crowded,Crowded,Crowded,0.4379200472667344,0.43792004726673406,1113.6297014934203,1113.63,0.27415565459145536,0.2741557,29,29,0.34144017585986375,0.3414402,0.0,0.0,-,1.776357e-15,54,54,3947,140946,0,0,4001
c1,basin,p[food]*2.65329770514,0,False,CONVERGED,CONVERGED,527,527,-,-,0.0,0.0,67,67,3,3,Crowded,Crowded,Crowded,Crowded,0.43792004726673406,0.43792004726673095,inf,inf,0.0,0.0,87,87,0.28739386624466884,0.2873939,0.07269230769230772,0.07269231,-,3.7747579999999994e-15,20,20,3931,140930,50,50,4001
c1,basin,p[mach]*0.584679289086,0,False,CONVERGED,CONVERGED,706,706,-,-,0.02594182935021668,0.02594183,147,147,4,4,Crowded,Crowded,Crowded,Crowded,0.43792004726673406,0.4379200472667343,8012.709562236056,8012.71,0.05448686149501143,0.05448686,168,168,0.10971181125880439,0.1097118,0.06999385923334978,0.06999386,-,6.8833830000000005e-15,112,112,3790,140789,99,99,4001
c1,basin,p[mach]*0.505067952996,0,False,CONVERGED,CONVERGED,737,737,-,-,0.011872532728060997,0.01187253,179,179,4,4,Crowded,Crowded,Crowded,Crowded,0.4379200472667339,0.4379200472667357,10550.0,10550.0,0.02844381799698785,0.02844382,204,204,0.06932849807781982,0.0693285,0.07134775221050993,0.07134775,-,1.8873789999999997e-15,129,129,3758,140757,114,114,4001
c1,basin,p[mach]*0.71068133013,0,False,CONVERGED,CONVERGED,655,655,-,-,0.08284814045395683,0.08284814,113,113,4,4,Crowded,Crowded,Crowded,Crowded,0.43792004726673267,0.43792004726673495,4529.170890439473,4529.171,0.15807925843959386,0.1518241,122,122,0.23034181944377932,0.2303418,0.06428223746487183,0.06428224,-,2.88658e-15,81,81,3838,140837,82,82,4001
c1,basin,p[mach]*0.530321350645,0,False,CONVERGED,CONVERGED,726,726,-,-,0.014911835069583332,0.01491184,168,168,3,3,Crowded,Crowded,Crowded,Crowded,0.4379200472667339,0.4379200472667321,9751.876983013148,9751.877,0.034083207793500506,0.03408321,191,191,0.07934314533565028,0.07934315,0.07102666649658584,0.07102667,-,3.441691e-15,124,124,3768,140767,109,109,4001
c1,basin,p[mach]*0.676839362029,0,False,CONVERGED,CONVERGED,672,672,-,-,0.061274762279260465,0.06127476,121,121,4,4,Crowded,Crowded,Crowded,Crowded,0.4379200472667301,0.43792004726673717,5432.57435160472,5432.574,0.12291439429335488,0.1169368,135,135,0.19162778628442573,0.1916278,0.0665846294472956,0.06658463,-,4.884981e-15,91,91,3824,140823,86,86,4001
c1,basin,p[mach]*1.1025,0,False,CONVERGED,CONVERGED,322,322,-,-,0.7080360654095221,0.7080361,0,0,0,0,Crowded,Crowded,Crowded,Crowded,0.43792004726672323,0.43792004726673195,348.61550633560245,348.6155,0.6458073671456621,0.6458074,0,0,0.6732468400430257,0.6732468,0.0,0.0,-,5.551115e-15,0,0,4001,141000,0,0,4001
c1,basin,p[mach]*1.62889462678,0,False,CONVERGED,CONVERGED,491,491,-,-,0.23191070887899165,0.2319107,29,29,4,4,Crowded,Crowded,Crowded,Crowded,0.43792004726673794,0.4379200472667354,1480.373239723444,1480.373,0.1856639360318001,0.1856639,42,42,0.3038532156170614,0.3038532,0.0,0.0,-,3.663736e-15,80,80,3921,140920,0,0,4001
c1,basin,p[mach]*1.47745544379,0,False,CONVERGED,CONVERGED,481,481,-,-,0.29541884667535756,0.2954188,18,18,4,4,Crowded,Crowded,Crowded,Crowded,0.4379200472667304,0.4379200472667375,1238.190949624181,1238.191,0.2397822209986133,0.2397822,33,33,0.3281227756598854,0.3281228,0.0,0.0,-,2.442491e-15,65,65,3936,140935,0,0,4001
c1,basin,p[mach]*0.863837598531,0,False,CONVERGED,CONVERGED,524,524,-,-,0.3243122592000559,0.3243123,43,43,4,4,Crowded,Crowded,Crowded,Crowded,0.4379200472667325,0.4379200472667332,1126.0484643480183,1126.048,0.4160316956088103,0.4160317,61,61,0.3680267621727652,0.3680268,0.03949352335267686,0.03949352,-,3.996803e-15,18,18,3920,140919,63,63,4001
c1,basin,p[mach]*0.613913253541,0,False,CONVERGED,CONVERGED,696,696,-,-,0.03543275911867874,0.03543276,137,137,4,4,Crowded,Crowded,Crowded,Crowded,0.4379200472667316,0.43792004726673595,7145.415038673072,7145.415,0.07164142724391404,0.07164143,158,158,0.13120159439896803,0.1312016,0.06921328492067846,0.06921328,-,4.218847e-15,106,106,3801,140800,94,94,4001
c1,basin,p[mach]*0.822702474792,0,False,CONVERGED,CONVERGED,542,542,-,-,0.2283023221121969,0.2283023,79,79,4,4,Crowded,Crowded,Crowded,Crowded,0.4379200472667337,0.4379200472667327,1477.0845541788112,1477.085,0.3559662717910117,0.3559663,77,77,0.3472429401653179,0.3472429,0.04789512564299736,0.04789513,-,2.664535e-15,28,28,3904,140903,69,69,4001
c1,basin,p[mach]*1.21550625,0,False,CONVERGED,CONVERGED,283,283,-,-,0.51647730876391,0.5164773,0,0,2,2,Crowded,Crowded,Crowded,Crowded,0.43792004726673645,0.4379200472667401,669.8942672082984,669.8943,0.4430323898494895,0.4430324,9,9,0.4078400358437454,0.40784,0.0,0.0,-,5.995204e-15,5,5,3996,140995,0,0,4001
c1,basin,p[mach]*0.746215396637,0,False,CONVERGED,CONVERGED,565,565,-,-,0.11568775532772659,0.1156878,104,104,4,4,Crowded,Crowded,Crowded,Crowded,0.4379200472667355,0.4379200472667344,3147.83415391109,3147.834,0.20909132428995053,0.2090913,108,108,0.269993121314157,0.2699931,0.06083339384138653,0.06083339,-,4.440892e-15,65,65,3857,140856,79,79,4001
c1,basin,p[mach]*1.71033935812,0,False,CONVERGED,CONVERGED,497,497,-,-,0.21151152685574967,0.2115115,32,32,4,4,Crowded,Crowded,Crowded,Crowded,0.4379200472667316,0.43792004726673517,1572.0732649154677,1572.073,0.16850077541581923,0.1685008,47,47,0.2928615249140661,0.2928615,0.0,0.0,-,5.329071e-15,87,87,3914,140913,0,0,4001
c1,basin,p[mach]*0.907029478458,0,False,CONVERGED,CONVERGED,494,494,-,-,0.4814447035727842,0.4814447,7,7,2,2,Crowded,Crowded,Crowded,Crowded,0.4379200472667311,0.43792004726673567,730.9638963475606,730.9639,0.5157936225229168,0.5157936,42,42,0.4036709642862457,0.403671,0.026935390081873067,0.02693539,-,4.218847e-15,0,0,3948,140947,53,53,4001
c1,basin,p[mach]*0.783526166468,0,False,CONVERGED,CONVERGED,558,558,-,-,0.16425991519546906,0.1642599,93,93,4,4,Crowded,Crowded,Crowded,Crowded,0.43792004726673583,0.4379200472667355,1806.305256952526,1806.305,0.2763682382683676,0.2763682,93,93,0.30705878886374416,0.3070588,0.05571001024921762,0.05571001,-,5.77316e-15,48,48,3878,140877,75,75,4001
c1,basin,p[mach]*0.481017098091,0,False,CONVERGED,CONVERGED,749,749,-,-,0.009569712902449085,0.009569713,190,190,4,4,Crowded,Crowded,Crowded,Crowded,0.4379200472667374,0.4379200472667387,11400.0,11400.0,0.02413093712905372,0.02413094,218,218,0.061005787697564,0.06100579,0.07162804977480453,0.07162805,-,6.439294e-15,136,136,3745,140744,120,120,4001
c1,basin,p[mach]*2.18287458838,0,False,CONVERGED,CONVERGED,519,519,-,-,0.1339999981761517,0.134,43,43,2,2,Crowded,Crowded,Crowded,Crowded,0.4379200472667307,0.4379200472667347,2009.9154926420338,2009.915,0.10732663013844476,0.1073266,64,64,0.25014029000082416,0.2501403,0.0,0.0,-,1.776357e-15,113,113,3888,140887,0,0,4001
c1,basin,p[mach]*0.644608916218,0,False,CONVERGED,CONVERGED,685,685,-,-,0.0472857010355083,0.0472857,129,129,4,4,Crowded,Crowded,Crowded,Crowded,0.4379200472667258,0.4379200472667305,6337.123901570316,6337.124,0.09650771594338327,0.08865293,146,146,0.15824555097764975,0.1582456,0.0681344045304706,0.0681344,-,3.552714e-15,99,99,3812,140811,90,90,4001
c1,basin,p[mach]*1.79585632602,0,False,CONVERGED,CONVERGED,502,502,-,-,0.19365823833582244,0.1936582,35,35,4,4,Crowded,Crowded,Crowded,Crowded,0.43792004726673295,0.4379200472667371,1659.1997557533393,1659.2,0.1536742465786266,0.1536742,50,50,0.2830670914906761,0.2830671,0.0,0.0,-,4.440892e-15,94,94,3907,140906,0,0,4001
c1,basin,p[mach]*0.556837418178,0,False,CONVERGED,CONVERGED,716,716,-,-,0.01944310324770295,0.0194431,158,158,3,3,Crowded,Crowded,Crowded,Crowded,0.4379200472667369,0.43792004726673456,8838.561915157085,8838.562,0.04252197082693349,0.04252197,180,180,0.09275978656841859,0.09275979,0.07057926733473274,0.07057927,-,5.77316e-15,119,119,3778,140777,104,104,4001
c1,basin,p[mach]*1.34009564063,0,False,CONVERGED,CONVERGED,453,453,-,-,0.38503670342728746,0.3850367,11,11,4,4,Crowded,Crowded,Crowded,Crowded,0.43792004726672545,0.4379200472667273,968.8152413459661,968.8152,0.3192522837601922,0.3192523,23,23,0.356347998698908,0.356348,0.0,0.0,-,3.885781e-15,42,42,3959,140958,0,0,4001
c1,basin,p[mach]*2.2920183178,0,False,CONVERGED,CONVERGED,522,522,-,-,0.12287666467223596,0.1228767,45,45,2,2,Crowded,Crowded,Crowded,Crowded,0.43792004726673506,0.43792004726673767,2096.574152917982,2096.574,0.09836792385758616,0.09836792,66,66,0.24335448350383976,0.2433545,0.0,0.0,-,4.107825e-15,116,116,3885,140884,0,0,4001
c1,basin,p[mach]*1.05,0,False,CONVERGED,CONVERGED,309,309,-,-,0.8385569297032534,0.8385569,0,0,0,0,Crowded,Crowded,Crowded,Crowded,0.4379200472667335,0.43792004726673256,176.9649454505117,176.9649,0.7962068534999038,0.7962069,0,0,0.840809036653794,0.840809,0.0,0.0,-,3.441691e-15,0,0,4001,141000,0,0,4001
c1,basin,p[mach]*0.952380952381,0,False,CONVERGED,CONVERGED,432,432,-,-,0.7475068962488036,0.7475069,0,0,2,2,Crowded,Crowded,Crowded,Crowded,0.43792004726673445,0.4379200472667371,291.0117480089444,291.0117,0.7183472679585657,0.7183473,0,0,0.57430516425304,0.5743052,0.004135750657030535,0.004135751,-,2.220446e-15,0,0,3983,140982,18,18,4001
c1,basin,p[mach]*2.40661923369,0,False,CONVERGED,CONVERGED,526,526,-,-,0.11301821862431097,0.1130182,48,48,2,2,Crowded,Crowded,Crowded,Crowded,0.4379200472667364,0.43792004726673706,2180.2062465016206,2180.206,0.09046534122811047,0.09046534,69,69,0.2369179772381647,0.236918,0.0,0.0,-,4.440892e-15,118,118,3883,140882,0,0,4001
c1,basin,p[mach]*1.55132821598,0,False,CONVERGED,CONVERGED,486,486,-,-,0.2610915648935635,0.2610916,25,25,4,4,Crowded,Crowded,Crowded,Crowded,0.43792004726672834,0.43792004726673517,1361.609304161078,1361.609,0.21030914555430025,0.2103091,38,38,0.3153897913322069,0.3153898,0.0,0.0,-,3.7747579999999994e-15,73,73,3928,140927,0,0,4001
c1,basin,p[mach]*1.2762815625,0,False,CONVERGED,CONVERGED,303,303,-,-,0.44419960665636105,0.4441996,8,8,2,2,Crowded,Crowded,Crowded,Crowded,0.4379200472667297,0.4379200472667324,823.4341826052698,823.4342,0.3738504836180494,0.3738505,16,16,0.3767247690500143,0.3767248,0.0,0.0,-,3.552714e-15,25,25,3976,140975,0,0,4001
c1,basin,p[mach]*2.07892817941,0,False,CONVERGED,CONVERGED,515,515,-,-,0.146576600585641,0.1465766,41,41,2,2,Crowded,Crowded,Crowded,Crowded,0.437920047266732,0.43792004726673844,1920.2071162826207,1920.207,0.11751029147177582,0.1175103,60,60,0.2573909844067069,0.257391,0.0,0.0,-,3.996803e-15,111,111,3890,140889,0,0,4001
c1,basin,p[mach]*2.65329770514,0,False,CONVERGED,CONVERGED,531,531,-,-,0.09649662301176758,0.09649662,52,52,2,2,Crowded,Crowded,Crowded,Crowded,0.43792004726673395,0.43792004726673545,2338.247265946234,2338.247,0.07730050298532985,0.0773005,74,74,0.22522235154161674,0.2252224,0.0,0.0,-,5.329071e-15,122,122,3879,140878,0,0,4001
c1,basin,p[mach]*1.97993159944,0,False,CONVERGED,CONVERGED,511,511,-,-,0.1608355250112816,0.1608355,39,39,4,4,Crowded,Crowded,Crowded,Crowded,0.43792004726673806,0.4379200472667345,1827.3730199509032,1827.373,0.12912739663502495,0.1291274,57,57,0.2652342761508321,0.2652343,0.0,0.0,-,3.108624e-15,105,105,3896,140895,0,0,4001
c1,basin,p[mach]*1.88564914232,0,False,CONVERGED,CONVERGED,506,506,-,-,0.17705778207110986,0.1770578,37,37,4,4,Crowded,Crowded,Crowded,Crowded,0.4379200472667287,0.4379200472667369,1742.820635164707,1742.821,0.140664017882562,0.140664,53,53,0.2736073916068068,0.2736074,0.0,0.0,-,3.552714e-15,99,99,3902,140901,0,0,4001
c1,basin,p[mach]*4.32194237515,0,False,CONVERGED,CONVERGED,464,464,-,-,0.051837222967685954,0.05183722,69,69,2,2,Crowded,Crowded,Crowded,Crowded,0.43792004726672984,0.43792004726672445,2959.646797669185,2959.647,0.043849719420539,0.04384972,97,97,0.18331702170169367,0.183317,0.0,0.0,-,5.77316e-15,140,140,3861,140860,0,0,4001
c1,basin,p[mach]*3.73345632234,0,False,CONVERGED,CONVERGED,536,536,-,-,0.06200326030158601,0.06200326,64,64,2,2,Crowded,Crowded,Crowded,Crowded,0.43792004726673744,0.4379200472667371,2780.568309810163,2780.568,0.05008423060611623,0.05008423,91,91,0.19350209445973754,0.1935021,0.0,0.0,-,5.551115e-15,136,136,3865,140864,0,0,4001
c1,basin,p[mach]*4.7649414686,0,False,CONVERGED,CONVERGED,619,619,-,-,0.0395008315814653,0.03950083,73,73,2,2,Crowded,Crowded,Crowded,Crowded,0.4379200472667336,0.43792004726673844,3231.4335546013417,3231.434,0.03464355223580936,0.03464355,102,102,0.17947621979638378,0.1794762,0.0,0.0,-,5.551115e-15,143,143,3858,140857,0,0,4001
c1,basin,p[mach]*2.52695019538,0,False,CONVERGED,CONVERGED,529,529,-,-,0.10426841403442723,0.1042684,50,50,2,2,Crowded,Crowded,Crowded,Crowded,0.43792004726673667,0.4379200472667358,2260.78680047731,2260.787,0.08348083292455957,0.08348083,71,71,0.23103758025235455,0.2310376,0.0,0.0,-,4.440892e-15,120,120,3881,140880,0,0,4001
c1,basin,p[mach]*2.92526071992,0,False,CONVERGED,CONVERGED,536,536,-,-,0.08346365271674142,0.08346365,55,55,2,2,Crowded,Crowded,Crowded,Crowded,0.437920047266736,0.43792004726673206,2483.3440386999764,2483.344,0.06698321932070869,0.06698322,79,79,0.2149314902131775,0.2149315,0.0,0.0,-,5.995204e-15,127,127,3874,140873,0,0,4001
c1,basin,p[mach]*4.11613559538,0,False,CONVERGED,CONVERGED,500,500,-,-,0.05705966621963667,0.05705967,68,68,2,2,Crowded,Crowded,Crowded,Crowded,0.43792004726672523,0.4379200472667365,2863.657782852226,2863.658,0.04625694133248838,0.04625694,95,95,0.18642960577461598,0.1864296,0.0,0.0,-,3.330669e-15,139,139,3862,140861,0,0,4001
c1,basin,p[mach]*3.55567268794,0,False,CONVERGED,CONVERGED,540,540,-,-,0.06525674288920087,0.06525674,62,62,2,2,Crowded,Crowded,Crowded,Crowded,0.4379200472667343,0.4379200472667364,2729.425898820374,2729.426,0.05263027022167466,0.05263027,87,87,0.1972771233498633,0.1972771,0.0,0.0,-,4.440892e-15,134,134,3867,140866,0,0,4001
c1,basin,p[mach]*3.07152375592,0,False,CONVERGED,CONVERGED,539,539,-,-,0.07802943922926044,0.07802944,57,57,2,2,Crowded,Crowded,Crowded,Crowded,0.43792004726673267,0.43792004726673706,2550.669097483668,2550.669,0.06268491077503971,0.06268491,81,81,0.21008487038628595,0.2100849,0.0,0.0,-,1.776357e-15,128,128,3873,140872,0,0,4001
c1,basin,p[mach]*3.3863549409,0,False,CONVERGED,CONVERGED,540,540,-,-,0.06898126777370421,0.06898127,61,61,2,2,Crowded,Crowded,Crowded,Crowded,0.4379200472667322,0.4379200472667356,2673.9202927831807,2673.92,0.05555386964750729,0.05555387,85,85,0.20138217646114956,0.2013822,0.0,0.0,-,2.664535e-15,132,132,3869,140868,0,0,4001
c1,basin,p[mach]*2.7859625904,0,False,CONVERGED,CONVERGED,533,533,-,-,0.08959281458536397,0.08959281,54,54,2,2,Crowded,Crowded,Crowded,Crowded,0.4379200472667364,0.4379200472667356,2412.4801565767684,2412.48,0.07182960072059313,0.0718296,76,76,0.2199789050062709,0.2199789,0.0,0.0,-,7.1054270000000005e-15,125,125,3876,140875,0,0,4001
c1,basin,p[mach]*3.22509994371,0,False,CONVERGED,CONVERGED,540,540,-,-,0.07322170035042025,0.0732217,59,59,2,2,Crowded,Crowded,Crowded,Crowded,0.4379200472667306,0.4379200472667336,2614.2634490737487,2614.263,0.05889140489255485,0.0588914,83,83,0.20567245849254184,0.2056725,0.0,0.0,-,3.996803e-15,130,130,3871,140870,0,0,4001
c1,basin,p[mach]*4.53803949391,0,False,CONVERGED,CONVERGED,607,607,-,-,0.044077853615210986,0.04407785,71,71,2,2,Crowded,Crowded,Crowded,Crowded,0.43792004726672995,0.43792004726673167,3121.797808262877,3121.798,0.03819913525594316,0.03819914,100,100,0.18126615713017236,0.1812662,0.0,0.0,-,6.8833830000000005e-15,142,142,3859,140858,0,0,4001
c1,basin,p[mach]*3.92012913846,0,False,CONVERGED,CONVERGED,526,526,-,-,0.059181486973868075,0.05918149,65,65,2,2,Crowded,Crowded,Crowded,Crowded,0.43792004726672595,0.437920047266737,2827.146506035296,2827.147,0.04788412013192962,0.04788412,93,93,0.18996384034339237,0.1899638,0.0,0.0,-,3.663736e-15,137,137,3864,140863,0,0,4001
c1,basin,p[mach]*5.00318854203,0,False,CONVERGED,CONVERGED,623,623,-,-,0.03611837913098932,0.03611838,74,74,2,2,Crowded,Crowded,Crowded,Crowded,0.4379200472667311,0.43792004726673256,3320.9534259975726,3320.953,0.03258246137560157,0.03258246,104,104,0.17823361254766518,0.1782336,0.0,0.0,-,5.551115e-15,144,144,3857,140856,0,0,4001
c1,basin,p[mach]*5.25334796914,0,False,CONVERGED,CONVERGED,626,626,-,-,0.03224138393456913,0.03224138,76,76,2,2,Crowded,Crowded,Crowded,Crowded,0.437920047266733,0.4379200472667345,3434.504436254795,3434.504,0.029426138529531264,0.02942614,106,106,0.1774051406458956,0.1774051,0.0,0.0,-,6.217249e-15,146,146,3855,140854,0,0,4001
c1,basin,p[mach]*6.08140694277,0,False,CONVERGED,CONVERGED,633,633,-,-,0.023909236834416956,0.02390924,80,80,2,2,Crowded,Crowded,Crowded,Crowded,0.43792004726673267,0.4379200472667332,3733.4904162807347,3733.49,0.023348537469149177,0.02334854,112,112,0.17565548686490148,0.1756555,0.0,0.0,-,1.554312e-15,148,148,3853,140852,0,0,4001
c1,basin,s[food]*0.164435632973,0,False,CONVERGED,CONVERGED,317,317,-,-,0.9606606445571646,0.9606606,0,0,0,0,Crowded,Crowded,Crowded,Crowded,0.4379200472667288,0.4379200472667319,1583.8355283498631,1583.836,0.9630801192112399,0.9630801,0,0,0.9747171271399087,0.9747171,0.0,0.0,-,3.996803e-15,0,0,4001,141000,0,0,4001
c1,basin,p[mach]*7.76158755512,0,False,CONVERGED,CONVERGED,646,646,-,-,0.015216795718446127,0.0152168,87,87,2,2,Crowded,Crowded,Crowded,Crowded,0.43792004726673434,0.4379200472667393,4185.35547969587,4185.355,0.016886288404540047,0.01688629,122,122,0.1742027196091583,0.1742027,0.0,0.0,-,5.77316e-15,154,154,3847,140846,0,0,4001
c1,basin,p[mach]*7.39198814773,0,False,CONVERGED,CONVERGED,643,643,-,-,0.016591390811163117,0.01659139,86,86,2,2,Crowded,Crowded,Crowded,Crowded,0.4379200472667361,0.4379200472667347,4098.871343986081,4098.871,0.017940350991870545,0.01794035,120,120,0.17445661217953712,0.1744566,0.0,0.0,-,3.330669e-15,153,153,3848,140847,0,0,4001
c1,basin,s[food]*0.156605364736,0,False,CONVERGED,CONVERGED,317,317,-,-,0.9607719495545547,0.9607719,0,0,0,0,Crowded,Crowded,Crowded,Crowded,0.43792004726672806,0.43792004726672407,1620.8113126926694,1620.811,0.9633736544175551,0.9633737,0,0,0.9747171271399087,0.9747171,0.0,0.0,-,5.107026e-15,0,0,4001,141000,0,0,4001
c1,basin,p[mach]*6.7047511544,0,False,CONVERGED,CONVERGED,638,638,-,-,0.019845458966692073,0.01984546,83,83,2,2,Crowded,Crowded,Crowded,Crowded,0.4379200472667307,0.4379200472667342,3919.7800654412495,3919.78,0.0204345171545706,0.02043452,116,116,0.17495722932068852,0.1749572,0.0,0.0,-,4.107825e-15,151,151,3850,140849,0,0,4001
c1,basin,s[food]*0.135281602191,0,False,CONVERGED,CONVERGED,317,317,-,-,0.9611460936677071,0.9611461,0,0,0,0,Crowded,Crowded,Crowded,Crowded,0.4379200472667341,0.43792004726673184,1729.041513769508,1729.042,0.9632654421226879,0.9632654,0,0,0.9747171271399087,0.9747171,0.0,0.0,-,3.885781e-15,0,0,4001,141000,0,0,4001
c1,basin,s[food]*0.19035479962,0,False,CONVERGED,CONVERGED,316,316,-,-,0.9605958350077364,0.9605958,0,0,0,0,Crowded,Crowded,Crowded,Crowded,0.4379200472667268,0.437920047266735,1470.364633251416,1470.365,0.9634473570580621,0.9634474,0,0,0.9747171271399087,0.9747171,0.0,0.0,-,3.108624e-15,0,0,4001,141000,0,0,4001
c1,basin,s[food]*0.12270440108,0,False,CONVERGED,CONVERGED,317,317,-,-,0.960942332709461,0.9609423,0,0,0,0,Crowded,Crowded,Crowded,Crowded,0.43792004726672823,0.4379200472667413,1798.8408089018174,1798.841,0.9630365081601855,0.9630365,0,0,0.9747171271399087,0.9747171,0.0,0.0,-,5.995204e-15,0,0,4001,141000,0,0,4001
c1,basin,s[food]*0.128839621134,0,False,CONVERGED,CONVERGED,317,317,-,-,0.9611001320825385,0.9611001,0,0,0,0,Crowded,Crowded,Crowded,Crowded,0.4379200472667268,0.4379200472667317,1764.1835199088086,1764.184,0.9631084599403891,0.9631085,0,0,0.9747171271399087,0.9747171,0.0,0.0,-,2.553513e-15,0,0,4001,141000,0,0,4001
c1,basin,p[mach]*5.51601536759,0,False,CONVERGED,CONVERGED,628,628,-,-,0.029411751691655313,0.02941175,77,77,2,2,Crowded,Crowded,Crowded,Crowded,0.43792004726673406,0.4379200472667327,3526.3609670999786,3526.361,0.027670884849827777,0.02767088,108,108,0.17669865092357437,0.1766987,0.0,0.0,-,6.217249e-15,147,147,3854,140853,0,0,4001
c1,basin,p[mach]*6.38547728991,0,False,CONVERGED,CONVERGED,636,636,-,-,0.021760926119888824,0.02176093,81,81,2,2,Crowded,Crowded,Crowded,Crowded,0.43792004726673117,0.4379200472667382,3827.6392972434182,3827.639,0.021829270749117675,0.02182927,114,114,0.1752748752195294,0.1752749,0.0,0.0,-,1.776357e-15,149,149,3852,140851,0,0,4001
c1,basin,s[food]*0.1420456823,0,False,CONVERGED,CONVERGED,317,317,-,-,0.9610311071863538,0.9610311,0,0,0,0,Crowded,Crowded,Crowded,Crowded,0.4379200472667319,0.4379200472667369,1693.425095313835,1693.425,0.9632914995089845,0.9632915,0,0,0.9747171271399087,0.9747171,0.0,0.0,-,6.328271e-15,0,0,4001,141000,0,0,4001
c1,basin,s[food]*0.172657414622,0,False,CONVERGED,CONVERGED,316,316,-,-,0.9609215438605941,0.9609215,0,0,0,0,Crowded,Crowded,Crowded,Crowded,0.4379200472667298,0.4379200472667278,1546.4284253956941,1546.428,0.9633287774814348,0.9633288,0,0,0.9747171271399087,0.9747171,0.0,0.0,-,4.440892e-15,0,0,4001,141000,0,0,4001
c1,basin,s[food]*0.209866166581,0,False,CONVERGED,CONVERGED,316,316,-,-,0.9606647545500501,0.9606648,0,0,0,0,Crowded,Crowded,Crowded,Crowded,0.43792004726673134,0.43792004726673345,1392.7090981898057,1392.709,0.9634343178616858,0.9634343,0,0,0.9747171271399087,0.9747171,0.0,0.0,-,3.552714e-15,0,0,4001,141000,0,0,4001
c1,basin,s[food]*0.149147966415,0,False,CONVERGED,CONVERGED,317,317,-,-,0.9609056139200584,0.9609056,0,0,0,0,Crowded,Crowded,Crowded,Crowded,0.43792004726672723,0.4379200472667334,1657.3447905876951,1657.345,0.9633321577843739,0.9633322,0,0,0.9747171271399087,0.9747171,0.0,0.0,-,4.107825e-15,0,0,4001,141000,0,0,4001
c1,basin,p[mach]*7.03998871212,0,False,CONVERGED,CONVERGED,641,641,-,-,0.018177862476236376,0.01817786,84,84,2,2,Crowded,Crowded,Crowded,Crowded,0.4379200472667253,0.4379200472667351,4007.5507727099084,4007.551,0.019121168610139957,0.01912117,117,117,0.17470050788687141,0.1747005,0.0,0.0,-,3.552714e-15,152,152,3849,140848,0,0,4001
c1,basin,s[food]*0.231377448656,0,False,CONVERGED,CONVERGED,316,316,-,-,0.960264443770392,0.9602644,0,0,0,0,Crowded,Crowded,Crowded,Crowded,0.4379200472667308,0.4379200472667332,1313.5510434699677,1313.551,0.9635962297489225,0.9635962,0,0,0.9747171271399087,0.9747171,0.0,0.0,-,3.441691e-15,0,0,4001,141000,0,0,4001
c1,basin,p[mach]*8.14966693287,0,False,CONVERGED,CONVERGED,647,647,-,-,0.013941564201894298,0.01394156,89,89,2,2,Crowded,Crowded,Crowded,Crowded,0.4379200472667366,0.4379200472667393,4272.880670339742,4272.881,0.015868347689142175,0.01586835,124,124,0.1739268234508112,0.1739268,0.0,0.0,-,6.550316e-15,154,154,3847,140846,0,0,4001
c1,basin,s[food]*0.267848319,0,False,CONVERGED,CONVERGED,316,316,-,-,0.9600133870023351,0.9600134,0,0,0,0,Crowded,Crowded,Crowded,Crowded,0.4379200472667318,0.4379200472667296,1192.1899033745553,1192.19,0.9637706509911557,0.9637707,0,0,0.9747171271399087,0.9747171,0.0,0.0,-,4.218847e-15,0,0,4001,141000,0,0,4001
c1,basin,p[mach]*5.79181613597,0,False,CONVERGED,CONVERGED,631,631,-,-,0.026744970104744394,0.02674497,79,79,2,2,Crowded,Crowded,Crowded,Crowded,0.4379200472667307,0.4379200472667332,3621.4088567881295,3621.409,0.025947573870369868,0.02594757,110,110,0.17615346019740138,0.1761535,0.0,0.0,-,7.771561000000001e-15,147,147,3854,140853,0,0,4001
c1,basin,s[food]*0.255093637143,0,False,CONVERGED,CONVERGED,316,316,-,-,0.9602712073615363,0.9602712,0,0,0,0,Crowded,Crowded,Crowded,Crowded,0.43792004726673106,0.4379200472667387,1232.9789472211462,1232.979,0.9636849964904398,0.963685,0,0,0.9747171271399087,0.9747171,0.0,0.0,-,4.996004e-15,0,0,4001,141000,0,0,4001
c1,basin,s[food]*0.181290285353,0,False,CONVERGED,CONVERGED,316,316,-,-,0.960765237725009,0.9607652,0,0,0,0,Crowded,Crowded,Crowded,Crowded,0.4379200472667285,0.43792004726673156,1508.6010813618939,1508.601,0.9633927121909123,0.9633927,0,0,0.9747171271399087,0.9747171,0.0,0.0,-,5.218048e-15,0,0,4001,141000,0,0,4001
c1,basin,s[food]*0.22035947491,0,False,CONVERGED,CONVERGED,316,316,-,-,0.9604824691051467,0.9604825,0,0,0,0,Crowded,Crowded,Crowded,Crowded,0.4379200472667312,0.437920047266733,1353.3123296687234,1353.312,0.9635293166973543,0.9635293,0,0,0.9747171271399087,0.9747171,0.0,0.0,-,3.552714e-15,0,0,4001,141000,0,0,4001
c1,basin,s[food]*0.242946321089,0,False,CONVERGED,CONVERGED,317,317,-,-,0.9603110491235237,0.960311,0,0,0,0,Crowded,Crowded,Crowded,Crowded,0.4379200472667252,0.4379200472667305,1273.4362697629201,1273.436,0.9635129552387119,0.963513,0,0,0.9747171271399087,0.9747171,0.0,0.0,-,3.552714e-15,0,0,4001,141000,0,0,4001
c1,basin,s[food]*0.358942364641,0,False,CONVERGED,CONVERGED,317,317,-,-,0.9596415434194924,0.9596415,0,0,0,0,Crowded,Crowded,Crowded,Crowded,0.43792004726672773,0.43792004726672845,941.077618141121,941.0776,0.964426852873233,0.9644269,0,0,0.9747171271399087,0.9747171,0.0,0.0,-,3.996803e-15,0,0,4001,141000,0,0,4001
c1,basin,s[food]*0.341849871087,0,False,CONVERGED,CONVERGED,317,317,-,-,0.9595121240387667,0.9595121,0,0,0,0,Crowded,Crowded,Crowded,Crowded,0.4379200472667309,0.4379200472667294,983.6379092257678,983.6379,0.9641247348191192,0.9641247,0,0,0.9747171271399087,0.9747171,0.0,0.0,-,5.77316e-15,0,0,4001,141000,0,0,4001
c1,basin,s[food]*0.325571305797,0,False,CONVERGED,CONVERGED,316,316,-,-,0.9598166586679654,0.9598167,0,0,0,0,Crowded,Crowded,Crowded,Crowded,0.4379200472667289,0.43792004726673084,1025.9282103048868,1025.928,0.9641528760495122,0.9641529,0,0,0.9747171271399087,0.9747171,0.0,0.0,-,4.218847e-15,0,0,4001,141000,0,0,4001
c1,basin,s[food]*0.199872539601,0,False,CONVERGED,CONVERGED,317,317,-,-,0.9604245291353466,0.9604245,0,0,0,0,Crowded,Crowded,Crowded,Crowded,0.437920047266726,0.4379200472667344,1431.7302486372,1431.73,0.963327901260395,0.9633279,0,0,0.9747171271399087,0.9747171,0.0,0.0,-,2.331468e-15,0,0,4001,141000,0,0,4001
c1,basin,s[food]*0.376889482873,0,False,CONVERGED,CONVERGED,317,317,-,-,0.9595180351536607,0.959518,0,0,0,0,Crowded,Crowded,Crowded,Crowded,0.4379200472667283,0.4379200472667327,898.2569686034224,898.257,0.9646761720092674,0.9646762,0,0,0.9745566085683612,0.9745566,0.0,0.0,-,4.107825e-15,0,0,4001,141000,0,0,4001
c1,basin,s[food]*0.481017098091,0,False,CONVERGED,CONVERGED,318,318,-,-,0.9596739262779389,0.9596739,0,0,0,0,Crowded,Crowded,Crowded,Crowded,0.43792004726673217,0.43792004726673595,680.5702173942414,680.5702,0.9665330608009651,0.9665331,0,0,0.9704955630303289,0.9704956,0.0,0.0,-,1.554312e-15,0,0,4001,141000,0,0,4001
c1,basin,s[food]*0.458111521991,0,False,CONVERGED,CONVERGED,318,318,-,-,0.9593763017745738,0.9593763,0,0,0,0,Crowded,Crowded,Crowded,Crowded,0.4379200472667338,0.43792004726673256,724.555838795494,724.5558,0.9656808044613308,0.9656808,0,0,0.9713744404940928,0.9713744,0.0,0.0,-,4.662937e-15,0,0,4001,141000,0,0,4001
c1,basin,s[food]*0.295302771698,0,False,CONVERGED,CONVERGED,316,316,-,-,0.9599360681811211,0.9599361,0,0,0,0,Crowded,Crowded,Crowded,Crowded,0.4379200472667306,0.43792004726673167,1109.65929959773,1109.659,0.9639389008033096,0.9639389,0,0,0.9747171271399087,0.9747171,0.0,0.0,-,3.552714e-15,0,0,4001,141000,0,0,4001
c1,basin,s[food]*0.28124073495,0,False,CONVERGED,CONVERGED,316,316,-,-,0.9601263805835241,0.9601264,0,0,0,0,Crowded,Crowded,Crowded,Crowded,0.4379200472667268,0.43792004726673267,1151.079836583875,1151.08,0.9637838773416861,0.9637839,0,0,0.9747171271399087,0.9747171,0.0,0.0,-,4.662937e-15,0,0,4001,141000,0,0,4001
c1,basin,s[food]*0.395733957017,0,False,CONVERGED,CONVERGED,317,317,-,-,0.9594331479414631,0.9594331,0,0,0,0,Crowded,Crowded,Crowded,Crowded,0.4379200472667316,0.4379200472667279,855.1853793026629,855.1854,0.9647934571223802,0.9647935,0,0,0.9739960186105213,0.973996,0.0,0.0,-,3.108624e-15,0,0,4001,141000,0,0,4001
c1,basin,s[food]*0.310067910283,0,False,CONVERGED,CONVERGED,317,317,-,-,0.9597439515477584,0.959744,0,0,0,0,Crowded,Crowded,Crowded,Crowded,0.4379200472667287,0.4379200472667346,1067.938684688056,1067.939,0.9639186720761213,0.9639187,0,0,0.9747171271399087,0.9747171,0.0,0.0,-,4.662937e-15,0,0,4001,141000,0,0,4001
c1,basin,s[food]*0.613913253541,0,False,CONVERGED,CONVERGED,320,320,-,-,0.9641349776364421,0.964135,0,0,0,0,Crowded,Crowded,Crowded,Crowded,0.43792004726673406,0.4379200472667334,457.69105882373384,457.6911,0.9660616422447121,0.9660616,0,0,0.9618293782803263,0.9618294,0.0,0.0,-,6.661338e-15,0,0,4001,141000,0,0,4001
c1,basin,s[food]*0.584679289086,0,False,CONVERGED,CONVERGED,320,320,-,-,0.9626086770239172,0.9626087,0,0,0,0,Crowded,Crowded,Crowded,Crowded,0.43792004726673195,0.4379200472667286,502.6347289648114,502.6347,0.9679506241880103,0.9679506,0,0,0.9642259321569009,0.9642259,0.0,0.0,-,6.8833830000000005e-15,0,0,4001,141000,0,0,4001
c1,basin,s[food]*0.676839362029,0,False,CONVERGED,CONVERGED,320,320,-,-,0.9612537454858627,0.9612537,0,0,0,0,Crowded,Crowded,Crowded,Crowded,0.4379200472667359,0.4379200472667334,367.3025137167378,367.3025,0.9628164062464111,0.9628164,0,0,0.9554110235056603,0.955411,0.0,0.0,-,3.885781e-15,0,0,4001,141000,0,0,4001
c1,basin,s[food]*0.415520654867,0,False,CONVERGED,CONVERGED,317,317,-,-,0.9595845649284859,0.9595846,0,0,0,0,Crowded,Crowded,Crowded,Crowded,0.4379200472667283,0.43792004726672806,811.8720495848562,811.872,0.9652852574930799,0.9652853,0,0,0.973452909503264,0.9734529,0.0,0.0,-,5.329071e-15,0,0,4001,141000,0,0,4001
c1,basin,s[food]*0.505067952996,0,False,CONVERGED,CONVERGED,318,318,-,-,0.9600862741421605,0.9600863,0,0,0,0,Crowded,Crowded,Crowded,Crowded,0.4379200472667321,0.43792004726673533,636.3773695558299,636.3774,0.9674368593210697,0.9674369,0,0,0.9693364623241031,0.9693365,0.0,0.0,-,2.442491e-15,0,0,4001,141000,0,0,4001
c1,basin,s[food]*0.436296687611,0,False,CONVERGED,CONVERGED,317,317,-,-,0.9594527288829593,0.9594527,0,0,0,0,Crowded,Crowded,Crowded,Crowded,0.43792004726672673,0.4379200472667318,768.3259541340199,768.326,0.9654919505175791,0.965492,0,0,0.9725197521300346,0.9725198,0.0,0.0,-,5.551115e-15,0,0,4001,141000,0,0,4001
c1,basin,s[food]*0.71068133013,0,False,CONVERGED,CONVERGED,319,319,-,-,0.9582502460442247,0.9582502,0,0,0,0,Crowded,Crowded,Crowded,Crowded,0.4379200472667351,0.43792004726673156,321.87115765126714,321.8712,0.9616040481949852,0.961604,0,0,0.9510706558641967,0.9510707,0.0,0.0,-,3.885781e-15,0,0,4001,141000,0,0,4001
c1,basin,s[food]*0.556837418178,0,False,CONVERGED,CONVERGED,319,319,-,-,0.9613866083195503,0.9613866,0,0,0,0,Crowded,Crowded,Crowded,Crowded,0.43792004726673184,0.43792004726672973,547.4019350563449,547.4019,0.9690949939139731,0.969095,0,0,0.9662135497499629,0.9662135,0.0,0.0,-,5.995204e-15,0,0,4001,141000,0,0,4001
c1,basin,s[food]*0.783526166468,0,False,CONVERGED,CONVERGED,318,318,-,-,0.9511559271338089,0.9511559,0,0,0,0,Crowded,Crowded,Crowded,Crowded,0.43792004726673134,0.43792004726673767,230.5663826009208,230.5664,0.9479210935896516,0.9479211,0,0,0.9414848881427453,0.9414849,0.0,0.0,-,3.108624e-15,0,0,4001,141000,0,0,4001
c1,basin,s[food]*0.530321350645,0,False,CONVERGED,CONVERGED,319,319,-,-,0.9605887297177881,0.9605887,0,0,0,0,Crowded,Crowded,Crowded,Crowded,0.4379200472667307,0.43792004726673406,591.9853393997255,591.9853,0.9683689893689125,0.968369,0,0,0.9678532772529211,0.9678533,0.0,0.0,-,5.77316e-15,0,0,4001,141000,0,0,4001
c1,basin,s[food]*0.952380952381,0,False,CONVERGED,CONVERGED,311,311,-,-,0.9302745258756036,0.9302745,0,0,0,0,Crowded,Crowded,Crowded,Crowded,0.43792004726673484,0.43792004726673356,74.37442842453194,74.37443,0.9078831404913311,0.9078831,0,0,0.922611878679004,0.9226119,0.0,0.0,-,5.77316e-15,0,0,4001,141000,0,0,4001
c1,basin,s[food]*0.746215396637,0,False,CONVERGED,CONVERGED,319,319,-,-,0.9551398124853873,0.9551398,0,0,0,0,Crowded,Crowded,Crowded,Crowded,0.43792004726673356,0.43792004726673495,276.29038112734924,276.2904,0.9575752418931962,0.9575752,0,0,0.9465254685425708,0.9465255,0.0,0.0,-,4.884981e-15,0,0,4001,141000,0,0,4001
c1,basin,s[food]*0.863837598531,0,False,CONVERGED,CONVERGED,316,316,-,-,0.9394203040938437,0.9394203,0,0,0,0,Crowded,Crowded,Crowded,Crowded,0.43792004726673517,0.43792004726673506,138.71242851374237,138.7124,0.92263047514261,0.9226305,0,0,0.9309462838512449,0.9309463,0.0,0.0,-,3.108624e-15,0,0,4001,141000,0,0,4001
c1,basin,s[food]*0.644608916218,0,False,CONVERGED,CONVERGED,320,320,-,-,0.9636565302377856,0.9636565,0,0,0,0,Crowded,Crowded,Crowded,Crowded,0.4379200472667356,0.43792004726673883,412.5780292078053,412.578,0.9644062760514848,0.9644063,0,0,0.9589182763617272,0.9589183,0.0,0.0,-,6.106227e-15,0,0,4001,141000,0,0,4001
c1,basin,s[food]*1.1025,0,False,CONVERGED,CONVERGED,341,341,-,-,0.6591719473818675,0.6591719,0,0,2,2,Crowded,Crowded,Crowded,Crowded,0.4379200472667286,0.4379200472667293,441.97020697158166,441.9702,0.6136861183708949,0.6136861,0,0,0.6747112910604742,0.6747113,0.0003505649454708104,0.0003505649,-,3.885781e-15,0,0,3999,140998,2,2,4001
c1,basin,s[food]*1.34009564063,0,False,CONVERGED,CONVERGED,457,457,-,-,0.272990085976634,0.2729901,6,6,2,2,Crowded,Crowded,Crowded,Crowded,0.43792004726672756,0.43792004726673006,1415.8476937912571,1415.848,0.24593376822917035,0.2459338,20,20,0.42172604330996316,0.421726,0.018655852587192545,0.01865585,-,5.551115e-15,0,0,3978,140977,23,23,4001
c1,basin,s[food]*1.79585632602,0,False,CONVERGED,CONVERGED,472,472,-,-,0.0,0.0,12,12,6,6,Crowded,Crowded,Crowded,Crowded,0.43792004726672984,0.43792004726673156,inf,inf,0.0,0.0,39,39,0.31891127994506907,0.3189113,0.033590661981439895,0.03359066,-,3.996803e-15,20,20,3952,140951,29,29,4001
c1,basin,s[food]*1.55132821598,0,False,CONVERGED,CONVERGED,327,327,-,-,0.09563413809152589,0.09563414,7,7,6,6,Crowded,Crowded,Crowded,Crowded,0.4379200472667248,0.43792004726672495,2563.6932415002257,2563.693,0.08458851070564866,0.08458851,31,31,0.3664604703368875,0.3664605,0.02749323273952925,0.02749323,-,5.329071e-15,12,12,3960,140959,29,29,4001
c1,basin,s[food]*2.65329770514,0,False,CONVERGED,CONVERGED,500,500,-,-,0.0,0.0,42,42,6,6,Crowded,Crowded,Crowded,Crowded,0.437920047266736,0.43792004726673317,inf,inf,0.0,0.0,52,52,0.24608277483606045,0.2460828,0.04261202602358216,0.04261203,-,4.440892e-15,38,38,3934,140933,29,29,4001
c1,basin,s[food]*0.907029478458,0,False,CONVERGED,CONVERGED,315,315,-,-,0.9326742068048516,0.9326742,0,0,0,0,Crowded,Crowded,Crowded,Crowded,0.43792004726673295,0.43792004726673606,92.5937977849285,92.5938,0.9117241205495337,0.9117241,0,0,0.9254896727579944,0.9254897,0.0,0.0,-,2.331468e-15,0,0,4001,141000,0,0,4001
c1,basin,s[food]*1.97993159944,0,False,CONVERGED,CONVERGED,481,481,-,-,0.0,0.0,25,25,6,6,Crowded,Crowded,Crowded,Crowded,0.43792004726673195,0.437920047266732,inf,inf,0.0,0.0,42,42,0.29770602242805183,0.297706,0.036892601766126076,0.0368926,-,5.551115e-15,24,24,3948,140947,29,29,4001
c1,basin,s[food]*0.822702474792,0,False,CONVERGED,CONVERGED,317,317,-,-,0.946054692105776,0.9460547,0,0,0,0,Crowded,Crowded,Crowded,Crowded,0.4379200472667312,0.43792004726673656,184.7051427219951,184.7051,0.9357705868337741,0.9357706,0,0,0.9363649856382538,0.936365,0.0,0.0,-,5.329071e-15,0,0,4001,141000,0,0,4001
c1,basin,s[food]*2.52695019538,0,False,CONVERGED,CONVERGED,497,497,-,-,0.0,0.0,41,41,6,6,Crowded,Crowded,Crowded,Crowded,0.4379200472667251,0.43792004726673556,inf,inf,0.0,0.0,51,51,0.2536299007940147,0.2536299,0.04226133669448251,0.04226134,-,2.442491e-15,35,35,3936,140935,30,30,4001
c1,basin,s[food]*1.40710042266,0,False,CONVERGED,CONVERGED,339,339,-,-,0.20754623002573838,0.2075462,6,6,2,2,Crowded,Crowded,Crowded,Crowded,0.4379200472667242,0.43792004726673134,1720.067081571308,1720.067,0.1856154252492486,0.1856154,24,24,0.40063033057635217,0.4006303,0.021993418941497755,0.02199342,-,3.885781e-15,0,0,3976,140975,25,25,4001
c1,basin,s[food]*1.05,0,False,CONVERGED,CONVERGED,328,328,-,-,0.8102174795735066,0.8102175,0,0,0,0,Crowded,Crowded,Crowded,Crowded,0.4379200472667363,0.4379200472667322,220.6675221843213,220.6675,0.7776079533596709,0.777608,0,0,0.8336227130439501,0.8336227,0.0,0.0,-,4.773959e-15,0,0,4001,141000,0,0,4001
c1,basin,s[food]*1.2762815625,0,False,CONVERGED,CONVERGED,461,461,-,-,0.34748896057342715,0.347489,5,5,2,2,Crowded,Crowded,Crowded,Crowded,0.4379200472667259,0.43792004726672706,1147.165683406493,1147.166,0.31584550988878446,0.3158455,7,7,0.4488084479883542,0.4488084,0.015015447225887324,0.01501545,-,4.218847e-15,0,0,3979,140978,22,22,4001
c1,basin,s[food]*2.7859625904,0,False,CONVERGED,CONVERGED,502,502,-,-,0.0,0.0,43,43,6,6,Crowded,Crowded,Crowded,Crowded,0.4379200472667359,0.43792004726673167,inf,inf,0.0,0.0,54,54,0.23955464691295908,0.2395546,0.042940985702397905,0.04294099,-,2.664535e-15,41,41,3931,140930,29,29,4001
c1,basin,s[food]*1.71033935812,0,False,CONVERGED,CONVERGED,447,447,-,-,0.0,0.0,9,9,6,6,Crowded,Crowded,Crowded,Crowded,0.43792004726672923,0.4379200472667336,inf,inf,0.0,0.0,36,36,0.33469689164626254,0.3346969,0.031775316357626926,0.03177532,-,4.107825e-15,17,17,3955,140954,29,29,4001
c1,basin,s[food]*1.47745544379,0,False,CONVERGED,CONVERGED,328,328,-,-,0.14899134411544485,0.1489913,7,7,4,4,Crowded,Crowded,Crowded,Crowded,0.43792004726673456,0.43792004726673717,2084.4769429106905,2084.477,0.13244534252599202,0.1324453,28,28,0.379626399120504,0.3796264,0.025044703824701198,0.0250447,-,3.108624e-15,2,2,3972,140971,27,27,4001
c1,basin,s[food]*2.92526071992,0,False,CONVERGED,CONVERGED,505,505,-,-,0.0,0.0,45,45,6,6,Crowded,Crowded,Crowded,Crowded,0.43792004726672684,0.4379200472667384,inf,inf,0.0,0.0,55,55,0.23256978992920777,0.2325698,0.04308892859396862,0.04308893,-,3.7747579999999994e-15,44,44,3928,140927,29,29,4001
c1,basin,s[food]*1.21550625,0,False,CONVERGED,CONVERGED,464,464,-,-,0.43389883411226443,0.4338988,2,2,2,2,Crowded,Crowded,Crowded,Crowded,0.43792004726672956,0.4379200472667342,900.4731024767716,900.4731,0.39872744266305343,0.3987274,0,0,0.5374545935396656,0.5374546,0.010998821453704344,0.01099882,-,4.884981e-15,0,0,3981,140980,20,20,4001
c1,basin,s[food]*1.157625,0,False,CONVERGED,CONVERGED,349,349,-,-,0.5360848531419006,0.5360849,0,0,2,2,Crowded,Crowded,Crowded,Crowded,0.4379200472667284,0.43792004726673234,667.2608696199234,667.2609,0.49941336461448543,0.4994134,0,0,0.615005348278754,0.6150053,0.00603031025333034,0.00603031,-,4.884981e-15,0,0,3989,140988,12,12,4001
c1,basin,s[food]*3.3863549409,0,False,CONVERGED,CONVERGED,512,512,-,-,0.0,0.0,49,49,6,6,Crowded,Crowded,Crowded,Crowded,0.4379200472667339,0.4379200472667359,inf,inf,0.0,0.0,62,62,0.21442661077671252,0.2144266,0.0425283712013782,0.04252837,-,3.7747579999999994e-15,55,55,3918,140917,28,28,4001
c1,basin,s[food]*2.40661923369,0,False,CONVERGED,CONVERGED,494,494,-,-,0.0,0.0,39,39,6,6,Crowded,Crowded,Crowded,Crowded,0.43792004726673356,0.4379200472667355,inf,inf,0.0,0.0,49,49,0.26189421775640154,0.2618942,0.04161734345712187,0.04161734,-,2.442491e-15,34,34,3938,140937,29,29,4001
c1,basin,s[food]*2.2920183178,0,False,CONVERGED,CONVERGED,491,491,-,-,0.0,0.0,37,37,6,6,Crowded,Crowded,Crowded,Crowded,0.43792004726673234,0.4379200472667316,inf,inf,0.0,0.0,47,47,0.27000072638694805,0.2700007,0.04067626009743319,0.04067626,-,3.552714e-15,31,31,3941,140940,29,29,4001
c1,basin,s[food]*3.55567268794,0,False,CONVERGED,CONVERGED,515,515,-,-,0.0,0.0,51,51,6,6,Crowded,Crowded,Crowded,Crowded,0.43792004726673306,0.437920047266732,inf,inf,0.0,0.0,63,63,0.20922754079036893,0.2092275,0.042274278047140124,0.04227428,-,1.8873789999999997e-15,59,59,3914,140913,28,28,4001
c1,basin,s[food]*1.62889462678,0,False,CONVERGED,CONVERGED,443,443,-,-,0.046109801874615705,0.0461098,8,8,6,6,Crowded,Crowded,Crowded,Crowded,0.4379200472667282,0.43792004726672906,3332.1258841598055,3332.126,0.04061495647110746,0.04061496,34,34,0.3521006064581506,0.3521006,0.029808888460568117,0.02980889,-,2.220446e-15,15,15,3957,140956,29,29,4001
c1,basin,s[food]*3.22509994371,0,False,CONVERGED,CONVERGED,510,510,-,-,0.0,0.0,48,48,6,6,Crowded,Crowded,Crowded,Crowded,0.4379200472667339,0.4379200472667347,inf,inf,0.0,0.0,59,59,0.21984910934995963,0.2198491,0.042781276956521674,0.04278128,-,3.108624e-15,52,52,3921,140920,28,28,4001
c1,basin,s[food]*1.88564914232,0,False,CONVERGED,CONVERGED,476,476,-,-,0.0,0.0,14,14,6,6,Crowded,Crowded,Crowded,Crowded,0.43792004726673167,0.4379200472667262,inf,inf,0.0,0.0,40,40,0.3077625047274279,0.3077625,0.03524165408298763,0.03524165,-,5.107026e-15,23,23,3948,140947,30,30,4001
c1,basin,s[food]*4.53803949391,0,False,CONVERGED,CONVERGED,519,519,-,-,0.0,0.0,54,54,6,6,Crowded,Crowded,Crowded,Crowded,0.4379200472667353,0.43792004726673234,inf,inf,0.0,0.0,67,67,0.19980071393113563,0.1998007,0.041207085572637636,0.04120709,-,4.662937e-15,67,67,3907,140906,27,27,4001
c1,basin,s[food]*2.18287458838,0,False,CONVERGED,CONVERGED,489,489,-,-,0.0,0.0,35,35,6,6,Crowded,Crowded,Crowded,Crowded,0.43792004726673295,0.4379200472667334,inf,inf,0.0,0.0,45,45,0.2787860520770789,0.2787861,0.03944542940902429,0.03944543,-,6.8833830000000005e-15,29,29,3942,140941,30,30,4001
c1,basin,s[food]*2.07892817941,0,False,CONVERGED,CONVERGED,484,484,-,-,0.0,0.0,28,28,6,6,Crowded,Crowded,Crowded,Crowded,0.43792004726673306,0.43792004726673517,inf,inf,0.0,0.0,44,44,0.2886431215473607,0.2886431,0.03829248730469592,0.03829249,-,2.664535e-15,26,26,3946,140945,29,29,4001
c1,basin,s[food]*5.00318854203,0,False,CONVERGED,CONVERGED,519,519,-,-,0.0,0.0,54,54,6,6,Crowded,Crowded,Crowded,Crowded,0.4379200472667353,0.43792004726673234,inf,inf,0.0,0.0,67,67,0.19980071393113563,0.1998007,0.041207085572637636,0.04120709,-,4.662937e-15,67,67,3907,140906,27,27,4001
c1,basin,s[food]*4.7649414686,0,False,CONVERGED,CONVERGED,519,519,-,-,0.0,0.0,54,54,6,6,Crowded,Crowded,Crowded,Crowded,0.4379200472667353,0.43792004726673234,inf,inf,0.0,0.0,67,67,0.19980071393113563,0.1998007,0.041207085572637636,0.04120709,-,4.662937e-15,67,67,3907,140906,27,27,4001
c1,basin,s[food]*3.07152375592,0,False,CONVERGED,CONVERGED,507,507,-,-,0.0,0.0,46,46,6,6,Crowded,Crowded,Crowded,Crowded,0.43792004726673506,0.43792004726673645,inf,inf,0.0,0.0,57,57,0.22588379957074403,0.2258838,0.04301836718520691,0.04301837,-,4.218847e-15,48,48,3924,140923,29,29,4001
c1,basin,s[food]*3.92012913846,0,False,CONVERGED,CONVERGED,519,519,-,-,0.0,0.0,53,53,6,6,Crowded,Crowded,Crowded,Crowded,0.4379200472667364,0.43792004726673595,inf,inf,0.0,0.0,67,67,0.200775372654083,0.2007754,0.041442765156949335,0.04144277,-,5.551115e-15,66,66,3907,140906,28,28,4001
c1,basin,s[food]*5.25334796914,0,False,CONVERGED,CONVERGED,519,519,-,-,0.0,0.0,54,54,6,6,Crowded,Crowded,Crowded,Crowded,0.4379200472667353,0.43792004726673234,inf,inf,0.0,0.0,67,67,0.19980071393113563,0.1998007,0.041207085572637636,0.04120709,-,4.662937e-15,67,67,3907,140906,27,27,4001
c1,basin,s[food]*4.32194237515,0,False,CONVERGED,CONVERGED,519,519,-,-,0.0,0.0,54,54,6,6,Crowded,Crowded,Crowded,Crowded,0.4379200472667353,0.43792004726673234,inf,inf,0.0,0.0,67,67,0.19980071393113563,0.1998007,0.041207085572637636,0.04120709,-,4.662937e-15,67,67,3907,140906,27,27,4001
c1,basin,s[food]*4.11613559538,0,False,CONVERGED,CONVERGED,519,519,-,-,0.0,0.0,54,54,6,6,Crowded,Crowded,Crowded,Crowded,0.4379200472667353,0.43792004726673234,inf,inf,0.0,0.0,67,67,0.19980071393113563,0.1998007,0.041207085572637636,0.04120709,-,4.662937e-15,67,67,3907,140906,27,27,4001
c1,basin,s[food]*6.7047511544,0,False,CONVERGED,CONVERGED,519,519,-,-,0.0,0.0,54,54,6,6,Crowded,Crowded,Crowded,Crowded,0.4379200472667353,0.43792004726673234,inf,inf,0.0,0.0,67,67,0.19980071393113563,0.1998007,0.041207085572637636,0.04120709,-,4.662937e-15,67,67,3907,140906,27,27,4001
c1,basin,s[food]*6.08140694277,0,False,CONVERGED,CONVERGED,519,519,-,-,0.0,0.0,54,54,6,6,Crowded,Crowded,Crowded,Crowded,0.4379200472667353,0.43792004726673234,inf,inf,0.0,0.0,67,67,0.19980071393113563,0.1998007,0.041207085572637636,0.04120709,-,4.662937e-15,67,67,3907,140906,27,27,4001
c1,basin,s[food]*3.73345632234,0,False,CONVERGED,CONVERGED,517,517,-,-,0.0,0.0,52,52,6,6,Crowded,Crowded,Crowded,Crowded,0.437920047266734,0.4379200472667345,inf,inf,0.0,0.0,65,65,0.20468221516632715,0.2046822,0.041901169865643184,0.04190117,-,5.107026e-15,63,63,3911,140910,27,27,4001
c1,basin,s[food]*7.39198814773,0,False,CONVERGED,CONVERGED,519,519,-,-,0.0,0.0,54,54,6,6,Crowded,Crowded,Crowded,Crowded,0.4379200472667353,0.43792004726673234,inf,inf,0.0,0.0,67,67,0.19980071393113563,0.1998007,0.041207085572637636,0.04120709,-,4.662937e-15,67,67,3907,140906,27,27,4001
c1,basin,s[food]*5.51601536759,0,False,CONVERGED,CONVERGED,519,519,-,-,0.0,0.0,54,54,6,6,Crowded,Crowded,Crowded,Crowded,0.4379200472667353,0.43792004726673234,inf,inf,0.0,0.0,67,67,0.19980071393113563,0.1998007,0.041207085572637636,0.04120709,-,4.662937e-15,67,67,3907,140906,27,27,4001
c1,basin,s[food]*8.14966693287,0,False,CONVERGED,CONVERGED,519,519,-,-,0.0,0.0,54,54,6,6,Crowded,Crowded,Crowded,Crowded,0.4379200472667353,0.43792004726673234,inf,inf,0.0,0.0,67,67,0.19980071393113563,0.1998007,0.041207085572637636,0.04120709,-,4.662937e-15,67,67,3907,140906,27,27,4001
c1,basin,s[food]*7.03998871212,0,False,CONVERGED,CONVERGED,519,519,-,-,0.0,0.0,54,54,6,6,Crowded,Crowded,Crowded,Crowded,0.4379200472667353,0.43792004726673234,inf,inf,0.0,0.0,67,67,0.19980071393113563,0.1998007,0.041207085572637636,0.04120709,-,4.662937e-15,67,67,3907,140906,27,27,4001
c1,basin,s[food]*7.76158755512,0,False,CONVERGED,CONVERGED,519,519,-,-,0.0,0.0,54,54,6,6,Crowded,Crowded,Crowded,Crowded,0.4379200472667353,0.43792004726673234,inf,inf,0.0,0.0,67,67,0.19980071393113563,0.1998007,0.041207085572637636,0.04120709,-,4.662937e-15,67,67,3907,140906,27,27,4001
c1,basin,s[food]*5.79181613597,0,False,CONVERGED,CONVERGED,519,519,-,-,0.0,0.0,54,54,6,6,Crowded,Crowded,Crowded,Crowded,0.4379200472667353,0.43792004726673234,inf,inf,0.0,0.0,67,67,0.19980071393113563,0.1998007,0.041207085572637636,0.04120709,-,4.662937e-15,67,67,3907,140906,27,27,4001
c1,basin,s[food]*6.38547728991,0,False,CONVERGED,CONVERGED,519,519,-,-,0.0,0.0,54,54,6,6,Crowded,Crowded,Crowded,Crowded,0.4379200472667353,0.43792004726673234,inf,inf,0.0,0.0,67,67,0.19980071393113563,0.1998007,0.041207085572637636,0.04120709,-,4.662937e-15,67,67,3907,140906,27,27,4001
c1,hold,p[labour]*1.2,2,False,CONVERGED,CONVERGED,411,411,-,-,0.731086454595303,0.7310865,0,0,1,1,Crowded,Crowded,Crowded,Crowded,0.4379200472667329,0.43792004726673245,325.954402044306,325.9544,0.6747690645117377,0.6747691,0,0,0.6382755066369636,0.6382755,0.0,0.0,-,3.663736e-15,4,4,3997,140996,0,0,4001
c1,hold,p[labour]*0.5,3,False,CONVERGED,CONVERGED,622,622,-,-,0.0,0.0,84,84,3,3,Crowded,Crowded,Crowded,Crowded,0.43792004726673667,0.4379200472667374,inf,inf,0.0,0.0,95,95,0.1621571686949608,0.1621572,0.05155564388067557,0.05155564,-,3.108624e-15,75,75,3865,140864,61,61,4001
c1,hold,p[labour]*0.8,2,False,CONVERGED,CONVERGED,464,464,-,-,0.4263359623481337,0.426336,12,12,5,5,Crowded,Crowded,Crowded,Crowded,0.4379200472667291,0.4379200472667348,895.7729925732043,895.773,0.3424568521525414,0.3424569,40,40,0.35359782119472843,0.3535978,0.024943447106229477,0.02494345,-,3.663736e-15,11,11,3953,140952,37,37,4001
c1,hold,p[labour]*2,3,False,CONVERGED,CONVERGED,302,302,-,-,0.5434512447050177,0.5434512,0,0,3,3,Crowded,Crowded,Crowded,Crowded,0.43792004726672523,0.4379200472667347,693.1471805599452,693.1472,0.48393354735491956,0.337458,21,21,0.40353259647531176,0.4035326,0.009410594335375333,0.009410594,-,6.217249e-15,11,11,3969,140968,21,21,4001
c1,hold,p[land]*0.8,2,False,CONVERGED,CONVERGED,531,531,-,-,0.7731017222431933,0.7731017,0,0,2,2,Crowded,Crowded,Crowded,Crowded,0.4379200472667298,0.437920047266735,393.00211604486265,393.0021,0.7770467478138391,0.7770467,0,0,0.6489119164192028,0.6489119,0.0,0.0,-,3.552714e-15,38,38,3963,140962,0,0,4001
c1,hold,p[labour]*0.95,1,False,CONVERGED,CONVERGED,315,315,-,-,0.8133482585693328,0.8133483,0,0,0,0,Crowded,Crowded,Crowded,Crowded,0.43792004726673706,0.43792004726673484,213.1182347703807,213.1182,0.7585843390309852,0.7585843,0,0,0.7708823246660034,0.7708823,0.0,0.0,-,1.776357e-15,0,0,4001,141000,0,0,4001
c1,hold,p[land]*1.2,2,False,CONVERGED,CONVERGED,354,354,-,-,0.3505553767951108,0.3505554,34,34,2,2,Crowded,Crowded,Crowded,Crowded,0.4379200472667343,0.4379200472667328,1048.2365912778805,1048.237,0.47658702946880716,0.476587,57,57,0.3928255820624042,0.3928256,0.03581759747226265,0.0358176,-,5.107026e-15,0,0,3948,140947,53,53,4001
c1,hold,p[manufactures]*1.2,2,False,CONVERGED,CONVERGED,305,305,-,-,0.9678287609175785,0.9678288,0,0,0,0,Crowded,Crowded,Crowded,Crowded,0.4379200472667326,0.43792004726672745,182.32155679395458,182.3216,0.9669805558441714,0.890055,0,0,0.9548915281548324,0.9548915,0.0,0.0,-,4.662937e-15,0,0,4001,141000,0,0,4001
c1,hold,p[land]*1.05,1,False,CONVERGED,CONVERGED,414,414,-,-,0.838587093680976,0.8385871,0,0,0,0,Crowded,Crowded,Crowded,Crowded,0.4379200472667346,0.4379200472667341,176.0368346799383,176.0368,0.8494275662846358,0.8494276,0,0,0.7690584162409838,0.7690584,0.0,0.0,-,1.9984009999999997e-15,0,0,4001,141000,0,0,4001
c1,hold,p[land]*0.95,1,False,CONVERGED,CONVERGED,239,239,-,-,0.942325015138977,0.942325,0,0,0,0,Crowded,Crowded,Crowded,Crowded,0.43792004726672723,0.4379200472667359,59.40503722698164,59.40504,0.943930703117114,0.9439307,0,0,0.9147700341717606,0.91477,0.0,0.0,-,5.107026e-15,0,0,4001,141000,0,0,4001
c1,hold,p[care]*0.5,3,False,CONVERGED,CONVERGED,518,518,-,-,0.36066852478236894,0.3606685,33,33,0,0,Crowded,Crowded,Crowded,Crowded,0.4379200472667297,0.4379200472667337,1019.7959563651249,1019.796,0.36670792850885736,0.3667079,5,5,0.4506166507285365,0.4506167,0.0,0.0,-,5.995204e-15,0,0,4001,141000,0,0,4001
c1,hold,p[food]*0.95,1,False,CONVERGED,CONVERGED,352,352,-,-,0.93106300848898,0.931063,0,0,0,0,Crowded,Crowded,Crowded,Crowded,0.4379200472667365,0.4379200472667351,71.42832570407866,71.42833,0.9325395803499331,0.9325396,0,0,0.9229708790350909,0.9229709,0.0,0.0,-,5.329071e-15,0,0,4001,141000,0,0,4001
c1,hold,p[labour]*1.05,1,False,CONVERGED,CONVERGED,326,326,-,-,0.8856387187162684,0.8856387,0,0,0,0,Crowded,Crowded,Crowded,Crowded,0.43792004726673417,0.4379200472667359,124.63772574640205,124.6377,0.8560611164013905,0.8560611,0,0,0.8682770282705454,0.868277,0.0,0.0,-,3.996803e-15,0,0,4001,141000,0,0,4001
c1,hold,p[manufactures]*0.8,2,False,CONVERGED,CONVERGED,442,442,-,-,0.7337887666786455,0.7337888,0,0,0,0,Crowded,Crowded,Crowded,Crowded,0.43792004726673184,0.43792004726673434,309.53407560188975,309.5341,0.7323896626574435,0.7323897,0,0,0.822244028740292,0.822244,0.0,0.0,-,2.442491e-15,0,0,4001,141000,0,0,4001
c1,hold,p[food]*0.8,2,False,CONVERGED,CONVERGED,456,456,-,-,0.7240211655429515,0.7240212,0,0,3,3,Crowded,Crowded,Crowded,Crowded,0.4379200472667332,0.4379200472667285,322.93465284838334,322.9347,0.7367571501900803,0.7367572,0,0,0.6030007751385373,0.6030008,0.002837033872086947,0.002837034,-,4.107825e-15,4,4,3978,140977,19,19,4001
c1,hold,p[food]*1.05,1,False,CONVERGED,CONVERGED,302,302,-,-,0.9612507763836665,0.9612508,0,0,0,0,Crowded,Crowded,Crowded,Crowded,0.43792004726673533,0.4379200472667359,48.790164169432046,48.79016,0.9688539954686595,0.9500095,0,0,0.9681770108302414,0.968177,0.0,0.0,-,1.9984009999999997e-15,0,0,4001,141000,0,0,4001
c1,hold,p[land]*2,3,False,CONVERGED,CONVERGED,702,702,-,-,0.014764743441613439,0.01476474,154,154,3,3,Crowded,Crowded,Crowded,Crowded,0.43792004726673484,0.4379200472667312,6868.537722516189,6868.538,0.04105633971563722,0.03985075,171,171,0.08525946825764188,0.08525947,0.07027165035051508,0.07027165,-,5.107026e-15,119,119,3793,140792,89,89,4001
c1,hold,p[food]*1.2,2,False,CONVERGED,CONVERGED,335,335,-,-,0.8605850939103867,0.8605851,0,0,0,0,Crowded,Crowded,Crowded,Crowded,0.4379200472667257,0.4379200472667358,182.3215567939544,182.3216,0.888229067385386,0.8252297,0,0,0.8761576071534432,0.8761576,0.0,0.0,-,2.220446e-15,0,0,4001,141000,0,0,4001
c1,hold,p[manufactures]*0.5,3,False,CONVERGED,CONVERGED,476,476,-,-,0.36552241507530553,0.3655224,32,32,2,2,Crowded,Crowded,Crowded,Crowded,0.4379200472667358,0.43792004726673583,1006.4276745173181,1006.428,0.3628874958392099,0.3628875,5,5,0.45676778966602494,0.4567678,0.0025377259989288747,0.002537726,-,1.776357e-15,0,0,3986,140985,15,15,4001
c1,hold,p[land]*0.5,3,False,CONVERGED,CONVERGED,578,578,-,-,0.4004763013709431,0.4004763,20,20,4,4,Crowded,Crowded,Crowded,Crowded,0.4379200472667331,0.4379200472667365,1141.3540933976885,1141.354,0.410085988185871,0.410086,20,20,0.26237365986351996,0.2623737,0.0025033070615320674,0.002503307,-,1.9984009999999997e-15,82,82,3901,140900,18,18,4001
c1,hold,p[manufactures]*0.95,1,False,CONVERGED,CONVERGED,341,341,-,-,0.9324420748146984,0.9324421,0,0,0,0,Crowded,Crowded,Crowded,Crowded,0.43792004726673456,0.4379200472667357,69.9482475547605,69.94825,0.932037749271245,0.9320377,0,0,0.9587988564369453,0.9587989,0.0,0.0,-,3.108624e-15,0,0,4001,141000,0,0,4001
c1,hold,p[manufactures]*1.05,1,False,CONVERGED,CONVERGED,142,142,-,-,0.9917762322163354,0.9917762,0,0,0,0,Crowded,Crowded,Crowded,Crowded,0.4379200472667336,0.4379200472667321,48.790164169432046,48.79016,0.9915375397621363,0.969523,0,0,0.9886988306353355,0.9886988,0.0,0.0,-,4.440892e-15,0,0,4001,141000,0,0,4001
c1,hold,p[care]*0.8,2,False,CONVERGED,CONVERGED,370,370,-,-,0.7314055142690402,0.7314055,0,0,0,0,Crowded,Crowded,Crowded,Crowded,0.4379200472667319,0.4379200472667367,312.78723396106807,312.7872,0.7357273543221953,0.7357274,0,0,0.8791968432605272,0.8791968,0.0,0.0,-,2.997602e-15,0,0,4001,141000,0,0,4001
c1,hold,p[manufactures]*2,3,False,CONVERGED,CONVERGED,340,340,-,-,0.8551023282628667,0.8551023,0,0,0,0,Crowded,Crowded,Crowded,Crowded,0.4379200472667332,0.4379200472667311,693.1471805599452,693.1472,0.8533298881948786,0.632111,0,0,0.7750834642323537,0.7750835,0.0,0.0,-,4.218847e-15,0,0,4001,141000,0,0,4001
c1,hold,p[care]*1.2,2,False,CONVERGED,CONVERGED,323,323,-,-,0.9338154393498028,0.9338154,0,0,0,0,Crowded,Crowded,Crowded,Crowded,0.4379200472667328,0.4379200472667371,182.32155679395458,182.3216,0.9283201192158318,0.8791883,0,0,0.9022736752281454,0.9022737,0.0,0.0,-,3.108624e-15,0,0,4001,141000,0,0,4001
c1,hold,p[shelter]*1.05,1,False,CONVERGED,CONVERGED,355,355,-,-,0.9500107995980551,0.9500108,0,0,0,0,Crowded,Crowded,Crowded,Crowded,0.437920047266733,0.4379200472667357,51.28192645421274,51.28193,0.9629202547231825,0.9505011,0,0,0.9361208946409562,0.9361209,0.0,0.0,-,5.551115e-15,0,0,4001,141000,0,0,4001
c1,hold,p[food]*0.5,3,False,CONVERGED,CONVERGED,522,522,-,-,0.4276077489509607,0.4276077,31,31,5,5,Crowded,Crowded,Crowded,Crowded,0.43792004726673206,0.4379200472667311,849.5489780334252,849.549,0.33223072372187534,0.3322307,45,45,0.43555959483758666,0.4355596,0.03531478264202803,0.03531478,-,4.884981e-15,29,29,3917,140916,55,55,4001
c1,hold,p[care]*1.05,1,False,CONVERGED,CONVERGED,140,140,-,-,0.9881432884488767,0.9881433,0,0,0,0,Crowded,Crowded,Crowded,Crowded,0.43792004726672684,0.4379200472667352,48.790164169432046,48.79016,0.9853208704931501,0.9610179,0,0,0.9868885453991021,0.9868885,0.0,0.0,-,4.440892e-15,0,0,4001,141000,0,0,4001
c1,hold,p[food]*2,3,False,CONVERGED,CONVERGED,503,503,-,-,0.15099625786852847,0.1509963,31,31,1,1,Crowded,Crowded,Crowded,Crowded,0.4379200472667311,0.43792004726673084,1890.5002248019257,1890.5,0.16267885661415898,0.1626789,43,43,0.4093803583112455,0.4093804,0.05395571395937926,0.05395571,-,5.218048e-15,0,0,3960,140959,41,41,4001
c1,hold,p[care]*0.95,1,False,CONVERGED,CONVERGED,291,291,-,-,0.9313688517314281,0.9313689,0,0,0,0,Crowded,Crowded,Crowded,Crowded,0.43792004726673417,0.4379200472667398,71.0998914115498,71.09989,0.9314911152517673,0.9314911,0,0,0.9759910216700316,0.975991,0.0,0.0,-,4.662937e-15,0,0,4001,141000,0,0,4001
c1,hold,p[shelter]*0.8,2,False,CONVERGED,CONVERGED,408,408,-,-,0.7128150764620341,0.7128151,0,0,0,0,Crowded,Crowded,Crowded,Crowded,0.43792004726673517,0.43792004726673295,338.53325200820404,338.5333,0.714751887935422,0.7147519,0,0,0.7230440120621883,0.723044,0.0,0.0,-,4.884981e-15,0,0,4001,141000,0,0,4001
c1,hold,p[shelter]*0.95,1,False,CONVERGED,CONVERGED,375,375,-,-,0.9319137507771752,0.9319138,0,0,0,0,Crowded,Crowded,Crowded,Crowded,0.4379200472667363,0.43792004726673267,70.51501066340474,70.51501,0.9273779622137688,0.927378,0,0,0.9450469564418895,0.945047,0.0,0.0,-,5.551115e-15,0,0,4001,141000,0,0,4001
c1,hold,p[shelter]*1.2,2,False,CONVERGED,CONVERGED,454,454,-,-,0.82715525930693,0.8271553,0,0,0,0,Crowded,Crowded,Crowded,Crowded,0.4379200472667338,0.43792004726673306,189.7628636020735,189.7629,0.8691334849524625,0.8267341,0,0,0.7513064259545188,0.7513064,0.0,0.0,-,5.995204e-15,0,0,4001,141000,0,0,4001
c1,hold,p[shelter]*0.5,3,False,CONVERGED,CONVERGED,429,429,-,-,0.2733735199368861,0.2733735,30,30,6,6,Crowded,Crowded,Crowded,Crowded,0.43792004726673545,0.43792004726673206,1296.9162140396013,1296.916,0.28739197974536657,0.287392,35,35,0.39673669556733926,0.3967367,0.006690956559324279,0.006690957,-,3.108624e-15,6,6,3967,140966,28,28,4001
c1,hold,p[care]*2,3,False,CONVERGED,CONVERGED,424,424,-,-,0.6360933590498407,0.6360934,0,0,2,2,Crowded,Crowded,Crowded,Crowded,0.43792004726672945,0.43792004726672856,693.1471805599452,693.1472,0.5965823190655295,0.5592659,14,14,0.42179794859877157,0.4217979,0.0003506406029554765,0.0003506406,-,3.441691e-15,0,0,3997,140996,4,4,4001
c1,hold,p[mach]*1.2,2,False,CONVERGED,CONVERGED,284,284,-,-,0.53743666266561,0.5374367,0,0,0,0,Crowded,Crowded,Crowded,Crowded,0.4379200472667347,0.4379200472667343,628.11911745463,628.1191,0.4642852465894177,0.4642852,7,7,0.42228008748032086,0.4222801,0.0,0.0,-,2.664535e-15,0,0,4001,141000,0,0,4001
c1,hold,p[mach]*0.95,1,False,CONVERGED,CONVERGED,433,433,-,-,0.7356701870515892,0.7356702,0,0,2,2,Crowded,Crowded,Crowded,Crowded,0.4379200472667363,0.43792004726673733,310.8283553036032,310.8284,0.7064174411025128,0.7064174,0,0,0.5373712024287707,0.5373712,0.00550177588020373,0.005501776,-,5.329071e-15,0,0,3982,140981,19,19,4001
c1,hold,p[mach]*0.8,2,False,CONVERGED,CONVERGED,551,551,-,-,0.1903034390550534,0.1903034,88,88,4,4,Crowded,Crowded,Crowded,Crowded,0.43792004726673533,0.43792004726673683,1659.1354330879215,1659.135,0.3061807128878928,0.3061807,86,86,0.32383537572224447,0.3238354,0.05279389372175747,0.05279389,-,1.554312e-15,39,39,3889,140888,73,73,4001
c1,hold,s[manufactures]*0.8,2,True,CONVERGED,CONVERGED,105,105,-,-,0.999999999999998,1.0,0,0,0,0,Crowded,Crowded,Crowded,Crowded,0.43792004726673606,0.4379200472667346,211.02463900491762,211.0246,0.9999999999999973,1.0,0,0,0.9999999999999989,1.0,0.0,0.0,-,2.442491e-15,0,0,4001,141000,0,0,4001
c1,hold,p[mach]*1.05,1,False,CONVERGED,CONVERGED,309,309,-,-,0.8385569297032534,0.8385569,0,0,0,0,Crowded,Crowded,Crowded,Crowded,0.4379200472667335,0.43792004726673256,176.9649454505117,176.9649,0.7962068534999038,0.7962069,0,0,0.840809036653794,0.840809,0.0,0.0,-,3.441691e-15,0,0,4001,141000,0,0,4001
c1,hold,p[mach]*0.5,3,False,CONVERGED,CONVERGED,739,739,-,-,0.011349189152140025,0.01134919,181,181,4,4,Crowded,Crowded,Crowded,Crowded,0.4379200472667367,0.4379200472667288,10700.0,10700.0,0.02747382111329948,0.02747382,206,206,0.06750317504301367,0.06750318,0.07140729511148658,0.0714073,-,3.7747579999999994e-15,131,131,3755,140754,115,115,4001
c1,hold,s[manufactures]*1.05,1,True,CONVERGED,CONVERGED,78,78,-,-,0.999999999999998,1.0,0,0,0,0,Crowded,Crowded,Crowded,Crowded,0.43792004726673606,0.4379200472667346,46.46505483938295,46.46505,0.9999999999999973,1.0,0,0,0.9999999999999989,1.0,0.0,0.0,-,1.9984009999999997e-15,0,0,4001,141000,0,0,4001
c1,hold,s[manufactures]*0.95,1,True,CONVERGED,CONVERGED,78,78,-,-,0.999999999999998,1.0,0,0,0,0,Crowded,Crowded,Crowded,Crowded,0.43792004726673606,0.4379200472667346,48.729710783062195,48.72971,0.9999999999999973,1.0,0,0,0.9999999999999989,1.0,0.0,0.0,-,2.442491e-15,0,0,4001,141000,0,0,4001
c1,hold,p[shelter]*2,3,False,CONVERGED,CONVERGED,549,549,-,-,0.29005465678427844,0.2900547,34,34,5,5,Crowded,Crowded,Crowded,Crowded,0.43792004726673045,0.4379200472667312,1237.6859020902452,1237.686,0.45876363000283976,0.4575137,61,61,0.39640079391565514,0.3964008,0.038794327211868596,0.03879433,-,3.885781e-15,32,32,3902,140901,67,67,4001
c1,hold,s[manufactures]*2,3,True,CONVERGED,CONVERGED,138,138,-,-,0.999999999999998,1.0,0,0,0,0,Crowded,Crowded,Crowded,Crowded,0.43792004726673606,0.4379200472667346,668.4596480132863,668.4596,0.9999999999999973,1.0,0,0,0.9999999999999989,1.0,0.0,0.0,-,1.9984009999999997e-15,0,0,4001,141000,0,0,4001
c1,hold,s[food]*1.05,1,False,CONVERGED,CONVERGED,328,328,-,-,0.8102174795735066,0.8102175,0,0,0,0,Crowded,Crowded,Crowded,Crowded,0.4379200472667363,0.4379200472667322,220.6675221843213,220.6675,0.7776079533596709,0.777608,0,0,0.8336227130439501,0.8336227,0.0,0.0,-,4.773959e-15,0,0,4001,141000,0,0,4001
c1,hold,s[care]*1.2,2,True,CONVERGED,CONVERGED,105,105,-,-,0.999999999999998,1.0,0,0,0,0,Crowded,Crowded,Crowded,Crowded,0.43792004726673606,0.4379200472667346,174.1599117457398,174.1599,0.9999999999999973,1.0,0,0,0.9999999999999989,1.0,0.0,0.0,-,1.9984009999999997e-15,0,0,4001,141000,0,0,4001
c1,hold,p[mach]*2,3,False,CONVERGED,CONVERGED,512,512,-,-,0.1577373963360942,0.1577374,39,39,4,4,Crowded,Crowded,Crowded,Crowded,0.43792004726673284,0.43792004726673395,1846.8236771958484,1846.824,0.1265967606805124,0.1265968,57,57,0.2636343012884217,0.2636343,0.0,0.0,-,2.220446e-15,105,105,3896,140895,0,0,4001
c1,hold,s[manufactures]*1.2,2,True,CONVERGED,CONVERGED,105,105,-,-,0.999999999999998,1.0,0,0,0,0,Crowded,Crowded,Crowded,Crowded,0.43792004726673606,0.4379200472667346,174.1599117457398,174.1599,0.9999999999999973,1.0,0,0,0.9999999999999989,1.0,0.0,0.0,-,1.9984009999999997e-15,0,0,4001,141000,0,0,4001
c1,hold,s[food]*0.95,1,False,CONVERGED,CONVERGED,311,311,-,-,0.9301445162442867,0.9301445,0,0,0,0,Crowded,Crowded,Crowded,Crowded,0.43792004726673406,0.4379200472667352,74.40913055733844,74.40913,0.908201404330328,0.9082014,0,0,0.9227350493765296,0.922735,0.0,0.0,-,4.440892e-15,0,0,4001,141000,0,0,4001
c1,hold,s[care]*1.05,1,True,CONVERGED,CONVERGED,78,78,-,-,0.999999999999998,1.0,0,0,0,0,Crowded,Crowded,Crowded,Crowded,0.43792004726673606,0.4379200472667346,46.46505483938295,46.46505,0.9999999999999973,1.0,0,0,0.9999999999999989,1.0,0.0,0.0,-,1.9984009999999997e-15,0,0,4001,141000,0,0,4001
c1,hold,s[food]*1.2,2,False,CONVERGED,CONVERGED,465,465,-,-,0.45907208482867723,0.4590721,2,2,2,2,Crowded,Crowded,Crowded,Crowded,0.43792004726673117,0.4379200472667309,838.0718594361742,838.0719,0.4232545680570476,0.4232546,0,0,0.5552370972727065,0.5552371,0.009744779350488897,0.009744779,-,3.885781e-15,0,0,3982,140981,19,19,4001
c1,hold,s[manufactures]*0.5,3,True,CONVERGED,CONVERGED,124,124,-,-,0.999999999999998,1.0,0,0,0,0,Crowded,Crowded,Crowded,Crowded,0.43792004726673606,0.4379200472667346,645.5285828834769,645.5286,0.9999999999999973,1.0,0,0,0.9999999999999989,1.0,0.0,0.0,-,2.442491e-15,0,0,4001,141000,0,0,4001
c1,hold,s[food]*2,3,False,CONVERGED,CONVERGED,493,493,-,-,0.0,0.0,26,26,6,6,Crowded,Crowded,Crowded,Crowded,0.4379200472667347,0.43792004726673356,inf,inf,0.0,0.0,46,46,0.30758585062280036,0.3075859,0.03703323371218714,0.03703323,-,3.219647e-15,28,28,3940,140939,33,33,4001
c1,hold,s[care]*0.5,3,False,CONVERGED,CONVERGED,341,341,-,-,0.737288527733773,0.7372885,0,0,0,0,Crowded,Crowded,Crowded,Crowded,0.4379200472667261,0.4379200472667264,645.5285828834769,645.5286,0.6730346012056617,0.6730346,0,0,0.6622064372850672,0.6622064,0.0,0.0,-,5.551115e-15,0,0,4001,141000,0,0,4001
c1,hold,s[shelter]*1.05,1,False,CONVERGED,CONVERGED,292,292,-,-,0.9552308107235363,0.9552308,0,0,0,0,Crowded,Crowded,Crowded,Crowded,0.43792004726673145,0.43792004726673206,48.0210711244783,48.02107,0.9456370131434964,0.945637,0,0,0.9662494774770728,0.9662495,0.0,0.0,-,5.995204e-15,0,0,4001,141000,0,0,4001
c1,hold,s[food]*0.5,3,False,CONVERGED,CONVERGED,318,318,-,-,0.9600932382948645,0.9600932,0,0,0,0,Crowded,Crowded,Crowded,Crowded,0.43792004726673195,0.4379200472667334,645.5285828834769,645.5286,0.967423529909923,0.9674235,0,0,0.9696911004914179,0.9696911,0.0,0.0,-,5.995204e-15,0,0,4001,141000,0,0,4001
c1,hold,s[food]*0.8,2,False,CONVERGED,CONVERGED,317,317,-,-,0.949170427934174,0.9491704,0,0,0,0,Crowded,Crowded,Crowded,Crowded,0.4379200472667351,0.4379200472667365,211.02463900491762,211.0246,0.9431024520459864,0.9431025,0,0,0.9395183352524066,0.9395183,0.0,0.0,-,4.440892e-15,0,0,4001,141000,0,0,4001
c1,hold,s[care]*0.95,1,False,CONVERGED,CONVERGED,260,260,-,-,0.9747336830890567,0.9747337,0,0,0,0,Crowded,Crowded,Crowded,Crowded,0.4379200472667311,0.4379200472667304,48.729710783062195,48.72971,0.9660691994583858,0.9660692,0,0,0.9742111181998214,0.9742111,0.0,0.0,-,5.107026e-15,0,0,4001,141000,0,0,4001
c1,hold,s[shelter]*1.2,2,False,CONVERGED,CONVERGED,319,319,-,-,0.8347963086934298,0.8347963,0,0,0,0,Crowded,Crowded,Crowded,Crowded,0.43792004726673234,0.43792004726673384,188.89967344071582,188.8997,0.8053445743750673,0.8053446,0,0,0.8800493666558057,0.8800494,0.0,0.0,-,4.662937e-15,0,0,4001,141000,0,0,4001
c1,hold,JA(0.95),1,False,CONVERGED,CONVERGED,431,431,-,-,0.749262860316967,0.7492629,0,0,2,2,Crowded,Crowded,Crowded,Crowded,0.4379200472667328,0.4379200472667366,288.66540867912556,288.6654,0.7217962322168373,0.7217962,0,0,0.6091526147440203,0.6091526,0.0045703816221976945,0.004570382,-,3.330669e-15,0,0,3980,140979,21,21,4001
c1,hold,s[care]*0.8,2,False,CONVERGED,CONVERGED,317,317,-,-,0.8903788316460731,0.8903788,0,0,0,0,Crowded,Crowded,Crowded,Crowded,0.4379200472667373,0.43792004726673595,211.02463900491762,211.0246,0.8566646414372441,0.8566646,0,0,0.8793364212934904,0.8793364,0.0,0.0,-,4.440892e-15,0,0,4001,141000,0,0,4001
c1,hold,JA(2),3,False,CONVERGED,CONVERGED,482,482,-,-,0.0,0.0,22,22,2,2,Crowded,Crowded,Crowded,Crowded,0.4379200472667281,0.43792004726673134,inf,inf,0.0,0.0,47,47,0.32888282164257215,0.3288828,0.0,0.0,-,4.662937e-15,93,93,3908,140907,0,0,4001
c1,hold,N(0.95),1,False,CONVERGED,CONVERGED,329,329,-,-,0.9490281049385562,0.9490281,0,0,0,0,Crowded,Crowded,Crowded,Crowded,0.4379200472667277,0.4379200472667328,52.316865490864494,52.31687,0.9232009298851958,0.9232009,0,0,0.9204660207964552,0.920466,0.0,0.0,-,4.218847e-15,0,0,4001,141000,0,0,4001
c1,hold,JB(0.95),1,False,CONVERGED,CONVERGED,327,327,-,-,0.6324342786533156,0.6324343,0,0,2,2,Crowded,Crowded,Crowded,Crowded,0.4379200472667241,0.4379200472667359,503.7826484765293,503.7826,0.5238962977863043,0.5238963,0,0,0.5606657302008086,0.5606657,0.0004265104846023493,0.0004265105,-,3.330669e-15,0,0,3999,140998,2,2,4001
c1,hold,s[care]*2,3,True,CONVERGED,CONVERGED,138,138,-,-,0.999999999999998,1.0,0,0,0,0,Crowded,Crowded,Crowded,Crowded,0.43792004726673606,0.4379200472667346,668.4596480132863,668.4596,0.9999999999999973,1.0,0,0,0.9999999999999989,1.0,0.0,0.0,-,1.9984009999999997e-15,0,0,4001,141000,0,0,4001
c1,hold,JB(1.2),2,False,CONVERGED,CONVERGED,533,533,-,-,0.277939890584044,0.2779399,56,56,4,4,Crowded,Crowded,Crowded,Crowded,0.4379200472667315,0.4379200472667325,1280.3504095913183,1280.35,0.4140318968121577,0.411446,70,70,0.3703419103190106,0.3703419,0.04227993272920472,0.04227993,-,4.440892e-15,25,25,3907,140906,69,69,4001
c1,hold,JA(0.5),3,False,CONVERGED,CONVERGED,735,735,-,-,0.009361077573436365,0.009361078,174,174,4,4,Crowded,Crowded,Crowded,Crowded,0.437920047266736,0.43792004726673733,9391.351102765173,9391.351,0.0184124903376166,0.01841249,196,196,0.04688315941493031,0.04688316,0.07073390907897226,0.07073391,-,3.996803e-15,130,130,3760,140759,111,111,4001
c1,hold,s[shelter]*0.8,2,False,CONVERGED,CONVERGED,106,106,-,-,0.9942614057248865,0.9942614,0,0,0,0,Crowded,Crowded,Crowded,Crowded,0.437920047266737,0.43792004726673933,211.02463900491762,211.0246,0.9922565385867158,0.9922565,0,0,0.9935304351577694,0.9935304,0.0,0.0,-,5.77316e-15,0,0,4001,141000,0,0,4001
c1,hold,JA(0.8),2,False,CONVERGED,CONVERGED,557,557,-,-,0.1433242919515502,0.1433243,96,96,4,4,Crowded,Crowded,Crowded,Crowded,0.4379200472667351,0.4379200472667342,1965.9612608226525,1965.961,0.23704074937816833,0.2370407,94,94,0.27943202195457767,0.279432,0.05723638206498449,0.05723638,-,2.331468e-15,57,57,3872,140871,72,72,4001
c1,hold,s[shelter]*0.95,1,False,CONVERGED,CONVERGED,107,107,-,-,0.9942614057248865,0.9942614,0,0,0,0,Crowded,Crowded,Crowded,Crowded,0.4379200472667355,0.4379200472667454,48.729710783062195,48.72971,0.9922565385867158,0.9922565,0,0,0.9935304351577694,0.9935304,0.0,0.0,-,6.8833830000000005e-15,0,0,4001,141000,0,0,4001
c1,hold,JA(1.05),1,False,CONVERGED,CONVERGED,308,308,-,-,0.7816924327190696,0.7816924,0,0,0,0,Crowded,Crowded,Crowded,Crowded,0.43792004726673267,0.4379200472667331,248.2532819576631,248.2533,0.8008531509685889,0.8008532,0,0,0.8653156351291245,0.8653156,0.0,0.0,-,3.330669e-15,0,0,4001,141000,0,0,4001
c1,hold,N(2),3,False,CONVERGED,CONVERGED,415,415,-,-,0.3957456633959401,0.3957457,39,39,4,4,Crowded,Crowded,Crowded,Crowded,0.4379200472667322,0.43792004726673384,1056.2921270497861,1056.292,0.6971162940434542,0.4104859,82,82,0.4383820493341966,0.438382,0.002767803712237893,0.002767804,-,3.7747579999999994e-15,6,6,3987,140986,8,8,4001
c1,hold,RC(2),3,False,CONVERGED,CONVERGED,529,529,-,-,0.13786978427818672,0.1378698,52,52,3,3,Crowded,Crowded,Crowded,Crowded,0.4379200472667335,0.4379200472667362,1981.4456314753386,1981.446,0.21758694989380942,0.2175869,60,60,0.38319716544004684,0.3831972,0.05122064624459155,0.05122065,-,4.440892e-15,15,15,3937,140936,49,49,4001
c1,hold,JA(1.2),2,False,CONVERGED,CONVERGED,329,329,-,-,0.3983997275669909,0.3983997,3,3,0,0,Crowded,Crowded,Crowded,Crowded,0.43792004726672457,0.43792004726673517,921.568109353683,921.5681,0.4565712689657593,0.4565713,0,0,0.4840437906817697,0.4840438,0.0,0.0,-,1.554312e-15,0,0,4001,141000,0,0,4001
c1,hold,s[shelter]*2,3,False,CONVERGED,CONVERGED,481,481,-,-,0.4339016708908929,0.4339017,4,4,2,2,Crowded,Crowded,Crowded,Crowded,0.43792004726672884,0.4379200472667348,896.6278262964468,896.6278,0.39927274239565763,0.3992727,8,8,0.43163479483590805,0.4316348,0.007484194334895222,0.007484194,-,1.9984009999999997e-15,0,0,3987,140986,14,14,4001
c1,hold,s[shelter]*0.5,3,False,CONVERGED,CONVERGED,122,122,-,-,0.9942614057248865,0.9942614,0,0,0,0,Crowded,Crowded,Crowded,Crowded,0.43792004726673334,0.4379200472667324,645.5285828834769,645.5286,0.9922565385867158,0.9922565,0,0,0.9935304351577694,0.9935304,0.0,0.0,-,6.8833830000000005e-15,0,0,4001,141000,0,0,4001
c1,hold,JB(2),3,False,CONVERGED,CONVERGED,736,736,-,-,0.013360993557439972,0.01336099,183,183,4,4,Crowded,Crowded,Crowded,Crowded,0.43792004726673533,0.4379200472667327,10993.147180559947,10993.15,0.032599562929951614,0.03259956,217,217,0.09348359162514565,0.09348359,0.07152668803817075,0.07152669,-,3.996803e-15,127,127,3755,140754,119,119,4001
c1,hold,N(1.05),1,False,CONVERGED,CONVERGED,194,194,-,-,0.9250889231425726,0.9250889,0,0,0,0,Crowded,Crowded,Crowded,Crowded,0.4379200472667335,0.43792004726673545,86.4613348787889,86.46133,0.9560310902462998,0.9333333,0,0,0.9054602286283687,0.9054602,0.0,0.0,-,4.440892e-15,0,0,4001,141000,0,0,4001
c1,hold,JB(1.05),1,False,CONVERGED,CONVERGED,343,343,-,-,0.6552327125216343,0.6552327,0,0,2,2,Crowded,Crowded,Crowded,Crowded,0.43792004726673495,0.43792004726673345,422.76482015354327,422.7648,0.6194848599162422,0.6194849,11,11,0.44582836181201013,0.4458284,0.0099384316367635,0.009938432,-,1.776357e-15,0,0,3977,140976,24,24,4001
c1,hold,N(0.8),2,False,CONVERGED,CONVERGED,491,491,-,-,0.7552376676457074,0.7552377,0,0,2,2,Crowded,Crowded,Crowded,Crowded,0.4379200472667295,0.43792004726673145,280.722787685869,280.7228,0.6775551985576481,0.6775552,0,0,0.6407375554918769,0.6407376,0.003629260976994786,0.003629261,-,5.551115e-15,0,0,3991,140990,10,10,4001
c1,hold,JB(0.5),3,False,CONVERGED,CONVERGED,601,601,-,-,0.0,0.0,64,64,6,6,Crowded,Crowded,Crowded,Crowded,0.43792004726673545,0.4379200472667348,inf,inf,0.0,0.0,66,66,0.12409969860877856,0.1240997,0.023025949527902267,0.02302595,-,3.108624e-15,106,106,3878,140877,17,17,4001
c1,hold,JB(0.8),2,False,CONVERGED,CONVERGED,494,494,-,-,0.13100400580683613,0.131004,18,18,6,6,Crowded,Crowded,Crowded,Crowded,0.4379200472667346,0.43792004726673694,2184.487704888616,2184.488,0.08520983736267224,0.08520984,39,39,0.2469148717930425,0.2469149,0.01455483159465426,0.01455483,-,6.439294e-15,58,58,3930,140929,13,13,4001
c1,hold,land.mach=0.44@genesis,2,False,CONVERGED,CONVERGED,445,445,-,-,0.5752376418306901,0.5752376,0,0,4,4,Crowded,Crowded,Crowded,Crowded,0.21948636806995564,0.21948636806995017,552.9720334253021,552.972,0.6865544828236164,0.6865545,29,29,0.44078266263679583,0.4407827,0.012840145175520623,0.01284015,-,2.220446e-15,32,32,3937,140936,32,32,4001
c1,hold,x*/2,3,False,CONVERGED,CONVERGED,510,510,-,-,0.0,0.0,41,41,6,6,Crowded,Crowded,Crowded,Crowded,0.43792004726673506,0.43792004726673334,inf,inf,0.0,0.0,55,55,0.2459556803586998,0.2459557,0.03346832386091825,0.03346832,-,3.552714e-15,42,42,3926,140925,33,33,4001
c1,hold,N(1.2),2,False,CONVERGED,CONVERGED,369,369,-,-,0.7547231501421039,0.7547232,0,0,0,0,Crowded,Crowded,Crowded,Crowded,0.4379200472667312,0.43792004726673206,313.7234216211564,313.7234,0.8606078452804106,0.7777778,0,0,0.6199739393243134,0.6199739,0.0,0.0,-,2.88658e-15,0,0,4001,141000,0,0,4001
c1,hold,RC(0.8),2,False,CONVERGED,CONVERGED,543,543,-,-,0.354558274516919,0.3545583,22,22,4,4,Crowded,Crowded,Crowded,Crowded,0.43792004726673234,0.43792004726673084,1036.8825614226128,1036.883,0.5122866112114298,0.5122866,46,46,0.4145275467236425,0.4145275,0.030963355683329807,0.03096336,-,4.662937e-15,22,22,3923,140922,56,56,4001
c1,hold,N(0.5),3,False,CONVERGED,CONVERGED,608,608,-,-,0.39148189376861886,0.3914819,33,33,4,4,Crowded,Crowded,Crowded,Crowded,0.43792004726673484,0.43792004726673434,1027.4019462712897,1027.402,0.2729251549606283,0.2729252,48,48,0.3128832185156852,0.3128832,0.026706906310061118,0.02670691,-,1.554312e-15,45,45,3908,140907,48,48,4001
c1,hold,RC(1.05),1,False,CONVERGED,CONVERGED,319,319,-,-,0.8690796520797569,0.8690797,0,0,0,0,Crowded,Crowded,Crowded,Crowded,0.4379200472667256,0.43792004726673794,140.32049844684101,140.3205,0.874495355134882,0.8744954,0,0,0.8883588579131926,0.8883589,0.0,0.0,-,3.108624e-15,0,0,4001,141000,0,0,4001
c1,hold,RC(1.2),2,False,CONVERGED,CONVERGED,422,422,-,-,0.5864946616370239,0.5864947,0,0,0,0,Crowded,Crowded,Crowded,Crowded,0.43792004726673733,0.4379200472667335,533.5917129981916,533.5917,0.6073474645347173,0.6073475,0,0,0.5527022085081729,0.5527022,0.0,0.0,-,3.441691e-15,0,0,4001,141000,0,0,4001
c1,hold,RC(0.95),1,False,CONVERGED,CONVERGED,444,444,-,-,0.8485396729790688,0.8485397,0,0,0,0,Crowded,Crowded,Crowded,Crowded,0.43792004726673345,0.4379200472667272,164.2384387962344,164.2384,0.8961737821583909,0.8961738,0,0,0.8048323965802324,0.8048324,0.0,0.0,-,4.218847e-15,0,0,4001,141000,0,0,4001
c1,hold,land.mach=0.2@genesis,3,False,CONVERGED,CONVERGED,691,691,-,-,0.5627399381710717,0.5627399,0,0,3,3,Enclosed,Enclosed,Enclosed,Enclosed,1.0,1.0,1813.0234372219848,1813.023,0.6176877555977633,0.5813777,0,0,0.8886108663711546,0.8886109,0.01861527410529007,0.01861527,-,1.465494e-14,25,25,34,34,3942,140941,4001
c1,hold,land.mach=0.8@genesis,3,False,CONVERGED,CONVERGED,593,593,-,-,0.012026979667239444,0.01202698,148,148,3,3,Commons,Commons,Commons,Commons,0.0,0.0,4656.5434141106725,4656.543,0.05365504332293258,0.05178575,192,192,0.1123655890656828,0.1123656,0.07011825558992812,0.07011826,-,4.440892e-15,3903,140902,8,8,90,90,4001
c1,hold,RC(0.5),3,False,CONVERGED,CONVERGED,720,720,-,-,0.032460047454637674,0.03246005,158,158,5,5,Crowded,Crowded,Crowded,Crowded,0.437920047266736,0.43792004726673656,7302.084645825522,7302.085,0.08957029328177157,0.0700747,153,153,0.13870334942251175,0.1387033,0.06905928818092466,0.06905929,-,4.884981e-15,132,132,3783,140782,86,86,4001
c1,hold,b.food=0.54@genesis,2,False,CONVERGED,CONVERGED,352,352,-,-,0.8392048124700742,0.8392048,0,0,0,0,Crowded,Crowded,Crowded,Crowded,0.23810539533336936,0.23810539533336625,175.30048732393482,175.3005,0.8686161343658912,0.8686161,0,0,0.8665682990674851,0.8665683,0.0,0.0,-,9.214851e-15,0,0,4001,141000,0,0,4001
c1,hold,land.mach=0.36@genesis,2,False,CONVERGED,CONVERGED,275,275,-,-,0.937804870030921,0.9378049,0,0,0,0,Crowded,Crowded,Crowded,Crowded,0.6569881384969809,0.6569881384969781,119.3912854765827,119.3913,0.954677991981131,0.9132042,0,0,0.9825456993210443,0.9825457,0.0,0.0,-,2.442491e-15,0,0,4001,141000,0,0,4001
c1,hold,b.food=1.2@genesis,3,False,CONVERGED,CONVERGED,828,828,-,-,0.06868141519757931,0.06868142,127,127,5,5,Enclosed,Enclosed,Enclosed,Enclosed,1.0,1.0,7111.829267064203,7111.829,0.10092960651101252,0.1009296,293,293,0.18071881554986363,0.1807188,0.06879566457366693,0.06879566,-,7.771561000000001e-15,54,54,20,20,3927,140926,4001
c1,hold,b.food=0.66@genesis,2,False,CONVERGED,CONVERGED,372,372,-,-,0.8342740490478056,0.834274,0,0,0,0,Crowded,Crowded,Crowded,Crowded,0.6331821024425003,0.6331821024425062,181.19333461864335,181.1933,0.8809396565770826,0.8809397,0,0,0.7526197520796342,0.7526198,0.0,0.0,-,2.664535e-15,0,0,4001,141000,0,0,4001
c1,hold,commons=21.87@genesis,2,False,CONVERGED,CONVERGED,324,324,-,-,0.8643994129313293,0.8643994,0,0,0,0,Enclosed,Enclosed,Enclosed,Enclosed,1.0,1.0,235.3862046037739,235.3862,0.8233377234824806,0.7760865,0,0,0.8005093868617256,0.8005094,0.03885849062134972,0.03885849,-,3.108624e-15,0,0,0,0,4001,141000,4001
c1,hold,b.food=0.3@genesis,3,False,CONVERGED,CONVERGED,491,491,-,-,0.3465127096251261,0.3465127,24,24,1,1,Commons,Commons,Commons,Commons,0.0,0.0,1059.8357810100806,1059.836,0.43102769744723635,0.4310277,23,23,0.38112516459980317,0.3811252,0.0,0.0,-,5.77316e-15,3972,140971,29,29,0,0,4001
c1,hold,commons=12.15@genesis,3,False,CONVERGED,CONVERGED,448,448,-,-,0.8849930185252491,0.884993,0,0,0,0,Enclosed,Enclosed,Enclosed,Enclosed,1.0,1.0,233.88787494099432,233.8879,0.8336763202381219,0.7760865,0,0,0.8521497281538231,0.8521497,0.22488043995381157,0.2248804,-,4.440892e-15,0,0,0,0,4001,141000,4001
c1,hold,commons=26.73@genesis,2,False,CONVERGED,CONVERGED,438,438,-,-,0.729570147397774,0.7295701,0,0,0,0,Commons,Commons,Commons,Commons,0.0,0.0,315.2997574547086,315.2998,0.7249968817301066,0.7249969,0,0,0.586776226501378,0.5867762,0.0,0.0,-,2.88658e-15,4001,141000,0,0,0,0,4001
c1,hold,commons=48.6@genesis,3,False,CONVERGED,CONVERGED,438,438,-,-,0.729570147397774,0.7295701,0,0,0,0,Commons,Commons,Commons,Commons,0.0,0.0,315.2997574547086,315.2998,0.7249968817301066,0.7249969,0,0,0.586776226501378,0.5867762,0.0,0.0,-,2.88658e-15,4001,141000,0,0,0,0,4001
c1,hold,commons=26.73@dated,2,False,CONVERGED,CONVERGED,443,443,-,-,0.6901649752637977,0.690165,0,0,0,0,Commons,Commons,Commons,Commons,0.0,0.0,386.32984786570165,386.3298,0.666465024060898,0.666465,0,0,0.5290404031796088,0.5290404,0.0,0.0,-,7.438494e-15,4001,141000,0,0,0,0,4001
c1,hold,land.mach=0.36@dated,2,False,CONVERGED,CONVERGED,275,275,-,-,0.9378048700309193,0.9378049,0,0,0,0,Crowded,Crowded,Crowded,Crowded,0.6569881384969773,0.6569881384969777,119.58423140937568,119.5842,0.9546779919811312,0.9128534,0,0,0.9822313954583473,0.9822314,0.0,0.0,-,3.663736e-15,0,0,4001,141000,0,0,4001
c1,hold,commons=12.15@dated,3,False,CONVERGED,CONVERGED,449,449,-,-,0.8830280081013414,0.883028,0,0,0,0,Enclosed,Enclosed,Enclosed,Enclosed,1.0,1.0,233.88787494099446,233.8879,0.8321420936185548,0.7760865,0,0,0.8487768949194109,0.8487769,0.22504708499739828,0.2250471,-,5.995204e-15,0,0,0,0,4001,141000,4001
c1,hold,land.mach=0.8@dated,3,False,CONVERGED,CONVERGED,593,593,-,-,0.011578784769213327,0.01157878,148,148,2,2,Commons,Commons,Commons,Commons,0.0,0.0,4654.385536005898,4654.386,0.05159848242017141,0.05159848,193,193,0.11223819476825009,0.1122382,0.070147059228866,0.07014706,-,2.88658e-15,3904,140903,6,6,91,91,4001
c1,hold,b.food=0.66@dated,2,False,CONVERGED,CONVERGED,371,371,-,-,0.8368652356932781,0.8368652,0,0,0,0,Crowded,Crowded,Crowded,Crowded,0.6331821024424984,0.6331821024425026,178.0922301856144,178.0922,0.8805100492220466,0.88051,0,0,0.7576324321601272,0.7576324,0.0,0.0,-,2.88658e-15,0,0,4001,141000,0,0,4001
c1,hold,b.food=0.54@dated,2,False,CONVERGED,CONVERGED,352,352,-,-,0.8390371997490212,0.8390372,0,0,0,0,Crowded,Crowded,Crowded,Crowded,0.2381053953333775,0.23810539533337063,175.5002352987677,175.5002,0.868418821842792,0.8684188,0,0,0.8663067713626997,0.8663068,0.0,0.0,-,4.662937e-15,0,0,4001,141000,0,0,4001
c1,hold,commons=48.6@dated,3,False,CONVERGED,CONVERGED,443,443,-,-,0.6901649752637977,0.690165,0,0,0,0,Commons,Commons,Commons,Commons,0.0,0.0,386.32984786570165,386.3298,0.666465024060898,0.666465,0,0,0.5290404031796088,0.5290404,0.0,0.0,-,7.438494e-15,4001,141000,0,0,0,0,4001
c1,hold,b.food=0.3@dated,3,False,CONVERGED,CONVERGED,491,491,-,-,0.3460799560635014,0.34608,24,24,1,1,Commons,Commons,Commons,Commons,0.0,0.0,1061.085443732143,1061.085,0.4303983147292446,0.4303983,23,23,0.3809847306082751,0.3809847,0.0,0.0,-,6.8833830000000005e-15,3972,140971,29,29,0,0,4001
c1,hold,commons=21.87@dated,2,False,CONVERGED,CONVERGED,324,324,-,-,0.8642197906285305,0.8642198,0,0,0,0,Enclosed,Enclosed,Enclosed,Enclosed,1.0,1.0,235.38620460377405,235.3862,0.8231717076136043,0.7760865,0,0,0.8001882649509646,0.8001883,0.03886924440512374,0.03886924,-,3.552714e-15,0,0,0,0,4001,141000,4001
c1,hold,b.food=1.2@dated,3,False,CONVERGED,CONVERGED,827,827,-,-,0.07041152214778518,0.07041152,127,127,5,5,Enclosed,Enclosed,Enclosed,Enclosed,1.0,1.0,7051.611529872159,7051.612,0.1031914096109736,0.1031914,292,292,0.1829928039288246,0.1829928,0.06871172178771634,0.06871172,-,5.77316e-15,53,53,20,20,3928,140927,4001
c1,hold,land.mach=0.2@dated,3,False,CONVERGED,CONVERGED,692,692,-,-,0.5627399381710704,0.5627399,0,0,3,3,Enclosed,Enclosed,Enclosed,Enclosed,1.0,1.0,1818.3359931112514,1818.336,0.6176877555977619,0.5802239,0,0,0.8874820617416224,0.8874821,0.018599223454886515,0.01859922,-,8.992806000000001e-15,25,25,34,34,3942,140941,4001
c1,hold,land.mach=0.44@dated,2,False,CONVERGED,CONVERGED,444,444,-,-,0.5750579954709011,0.575058,0,0,4,4,Crowded,Crowded,Crowded,Crowded,0.2194863680699525,0.21948636806994676,553.2843815824613,553.2844,0.6863962119261799,0.6863962,29,29,0.4407091256882879,0.4407091,0.012878969855509736,0.01287897,-,6.439294e-15,31,31,3938,140937,32,32,4001
c1,tilt1,p[labour]*0.8,2,False,CONVERGED,CONVERGED,437,437,-,-,0.304894769924052,0.3048948,35,35,5,5,Crowded,Crowded,Crowded,Crowded,0.43792004726673334,0.43792004726673434,1187.788578549113,1187.789,0.3124743327079893,0.3124743,49,49,0.4332831988830832,0.4332832,0.026079192537422635,0.02607919,-,2.553513e-15,18,18,3942,140941,41,41,4001
c1,tilt1,p[labour]*2,3,False,CONVERGED,CONVERGED,368,368,-,-,0.43767487539667177,0.4376749,2,2,1,1,Crowded,Crowded,Crowded,Crowded,0.43792004726674166,0.4379200472667364,826.2789378569113,826.2789,0.4395491178411745,0.2777131,0,0,0.7756767608723724,0.7756768,0.0,0.0,-,2.664535e-15,10,10,3991,140990,0,0,4001
c1,tilt1,p[labour]*0.95,1,False,CONVERGED,CONVERGED,330,330,-,-,0.8170829080441452,0.8170829,0,0,0,0,Crowded,Crowded,Crowded,Crowded,0.4379200472667356,0.4379200472667319,211.6415373953316,211.6415,0.7502107954527617,0.7502108,0,0,0.8082157365550476,0.8082157,0.0,0.0,-,3.663736e-15,0,0,4001,141000,0,0,4001
c1,tilt1,p[labour]*1.05,1,False,CONVERGED,CONVERGED,297,297,-,-,0.9152711752120467,0.9152712,0,0,0,0,Crowded,Crowded,Crowded,Crowded,0.4379200472667338,0.4379200472667324,93.06016733172218,93.06017,0.8851924934930104,0.8851925,0,0,0.9202753274470361,0.9202753,0.0,0.0,-,1.776357e-15,0,0,4001,141000,0,0,4001
c1,tilt1,p[land]*2,3,False,CONVERGED,CONVERGED,596,596,-,-,0.0017047558848812979,0.001704756,171,171,3,3,Crowded,Crowded,Crowded,Crowded,0.43792004726673406,0.43792004726673484,6374.333354520021,6374.333,0.0066475116158776285,0.006647512,217,217,0.20053559462778284,0.2005356,0.06614272722296077,0.06614273,-,2.331468e-15,140,140,3759,140758,102,102,4001
c1,tilt1,p[labour]*0.5,3,False,CONVERGED,CONVERGED,535,535,-,-,0.0,0.0,112,112,3,3,Crowded,Crowded,Crowded,Crowded,0.4379200472667354,0.4379200472667349,inf,inf,0.0,0.0,150,150,0.15492618733146127,0.1549262,0.0529939174190297,0.05299392,-,2.664535e-15,108,108,3816,140815,77,77,4001
c1,tilt1,p[land]*1.2,2,False,CONVERGED,CONVERGED,480,480,-,-,0.17439609234572925,0.1743961,53,53,4,4,Crowded,Crowded,Crowded,Crowded,0.43792004726673367,0.43792004726673767,1746.4261740327702,1746.426,0.28865918774373506,0.2886592,85,85,0.44709345982438536,0.4470935,0.04109768045862783,0.04109768,-,2.220446e-15,11,11,3933,140932,57,57,4001
c1,tilt1,p[manufactures]*2,3,False,CONVERGED,CONVERGED,325,325,-,-,0.8372420660874625,0.8372421,0,0,0,0,Crowded,Crowded,Crowded,Crowded,0.4379200472667356,0.4379200472667364,693.1471805599452,693.1472,0.7965125493709956,0.5672756,0,0,0.8011222811211083,0.8011223,0.0,0.0,-,2.664535e-15,0,0,4001,141000,0,0,4001
c1,tilt1,p[land]*1.05,1,False,CONVERGED,CONVERGED,368,368,-,-,0.8275921355807397,0.8275921,0,0,2,2,Crowded,Crowded,Crowded,Crowded,0.437920047266734,0.43792004726673417,218.79081641989268,218.7908,0.7821616474172172,0.7821616,0,0,0.7570686755496769,0.7570687,0.00030786744960192847,0.0003078674,-,3.885781e-15,0,0,3996,140995,5,5,4001
c1,tilt1,p[labour]*1.2,2,False,CONVERGED,CONVERGED,346,346,-,-,0.8212731673160168,0.8212732,0,0,1,1,Crowded,Crowded,Crowded,Crowded,0.43792004726673495,0.43792004726673545,204.58784987600026,204.5878,0.7766266602158554,0.7766267,0,0,0.831392242635947,0.8313922,0.0,0.0,-,3.663736e-15,3,3,3998,140997,0,0,4001
c1,tilt1,p[food]*1.05,1,False,CONVERGED,CONVERGED,230,230,-,-,0.9474850729416174,0.9474851,0,0,0,0,Crowded,Crowded,Crowded,Crowded,0.43792004726673783,0.4379200472667351,53.944096300980824,53.9441,0.9533706713948575,0.9383856,0,0,0.9705999890430931,0.9706,0.0,0.0,-,2.553513e-15,0,0,4001,141000,0,0,4001
c1,tilt1,p[land]*0.5,3,False,CONVERGED,CONVERGED,422,422,-,-,0.0,0.0,45,45,6,6,Crowded,Crowded,Crowded,Crowded,0.4379200472667343,0.43792004726673955,inf,inf,0.0,0.0,67,67,0.26811163318890713,0.2681116,0.016922242256967257,0.01692224,-,3.441691e-15,80,80,3899,140898,22,22,4001
c1,tilt1,p[mach]*0.5,3,False,DIVERGED,DIVERGED,-,-,295,295,0.0,0.0,295,295,1,1,Enclosed,Enclosed,Crowded,Crowded,1.0,1.0,inf,inf,0.0,0.0,281,281,4.216185019388636e-05,3.948664e-05,0.07269230769230772,0.07269231,-,inf,0,0,5,5,291,291,296
c1,tilt1,p[land]*0.8,2,False,CONVERGED,CONVERGED,283,283,-,-,0.5982227160941772,0.5982227,0,0,2,2,Crowded,Crowded,Crowded,Crowded,0.4379200472667336,0.43792004726673406,513.7921594280866,513.7922,0.5982227160941772,0.5982227,0,0,0.6649625794734383,0.6649626,0.0,0.0,-,3.885781e-15,41,41,3960,140959,0,0,4001
c1,tilt1,p[land]*0.95,1,False,CONVERGED,CONVERGED,131,131,-,-,0.8993545827772725,0.8993546,0,0,0,0,Crowded,Crowded,Crowded,Crowded,0.43792004726673367,0.43792004726673617,106.0779031661972,106.0779,0.8993545827772728,0.8993546,0,0,0.9216633771184074,0.9216634,0.0,0.0,-,2.220446e-15,0,0,4001,141000,0,0,4001
c1,tilt1,p[manufactures]*0.5,3,False,CONVERGED,CONVERGED,371,371,-,-,0.5124973964842102,0.5124974,0,0,0,0,Crowded,Crowded,Crowded,Crowded,0.43792004726673645,0.43792004726673267,693.1471805599452,693.1472,0.5027547632272747,0.5027548,0,0,0.8352390375232581,0.835239,0.0,0.0,-,3.663736e-15,0,0,4001,141000,0,0,4001
c1,tilt1,p[food]*0.95,1,False,CONVERGED,CONVERGED,258,258,-,-,0.9523392877887052,0.9523393,0,0,0,0,Crowded,Crowded,Crowded,Crowded,0.43792004726673533,0.4379200472667358,51.293294387550574,51.29329,0.9219598333448177,0.9219598,0,0,0.9663358186046207,0.9663358,0.0,0.0,-,4.107825e-15,0,0,4001,141000,0,0,4001
c1,tilt1,p[manufactures]*0.8,2,False,CONVERGED,CONVERGED,314,314,-,-,0.793281857965213,0.7932819,0,0,0,0,Crowded,Crowded,Crowded,Crowded,0.4379200472667362,0.4379200472667391,231.57668800764245,231.5767,0.7849599101591576,0.7849599,0,0,0.9311049043214923,0.9311049,0.0,0.0,-,3.7747579999999994e-15,0,0,4001,141000,0,0,4001
c1,tilt1,p[manufactures]*1.2,2,False,CONVERGED,CONVERGED,228,228,-,-,0.9658447710583825,0.9658448,0,0,0,0,Crowded,Crowded,Crowded,Crowded,0.43792004726673434,0.4379200472667354,182.32155679395458,182.3216,0.9550966681248378,0.8550578,0,0,0.9626826729779384,0.9626827,0.0,0.0,-,3.441691e-15,0,0,4001,141000,0,0,4001
c1,tilt1,p[manufactures]*0.95,1,False,CONVERGED,CONVERGED,227,227,-,-,0.9461126060481301,0.9461126,0,0,0,0,Crowded,Crowded,Crowded,Crowded,0.43792004726673484,0.43792004726673345,55.39368313671257,55.39368,0.9434020850360414,0.9434021,0,0,0.9832998145493549,0.9832998,0.0,0.0,-,3.663736e-15,0,0,4001,141000,0,0,4001
c1,tilt1,p[manufactures]*1.05,1,False,CONVERGED,CONVERGED,137,137,-,-,0.991377229649492,0.9913772,0,0,0,0,Crowded,Crowded,Crowded,Crowded,0.4379200472667327,0.43792004726673656,48.790164169432046,48.79016,0.9885213029579921,0.958485,0,0,0.9907823873775817,0.9907824,0.0,0.0,-,3.441691e-15,0,0,4001,141000,0,0,4001
c1,tilt1,p[food]*1.2,2,False,CONVERGED,CONVERGED,310,310,-,-,0.812169846656327,0.8121698,0,0,0,0,Crowded,Crowded,Crowded,Crowded,0.4379200472667358,0.43792004726673794,208.04578993458873,208.0458,0.8333390494672638,0.7921319,0,0,0.8824891780178659,0.8824892,0.0,0.0,-,2.553513e-15,0,0,4001,141000,0,0,4001
c1,tilt1,p[food]*2,3,False,CONVERGED,CONVERGED,421,421,-,-,0.0966125285489094,0.09661253,30,30,1,1,Crowded,Crowded,Crowded,Crowded,0.4379200472667346,0.43792004726673606,2337.0468510500646,2337.047,0.11225528405855122,0.1122553,39,39,0.5166522583559608,0.5166523,0.05395571395937926,0.05395571,-,2.109424e-15,0,0,3963,140962,38,38,4001
c1,tilt1,p[food]*0.8,2,False,CONVERGED,CONVERGED,353,353,-,-,0.8079189532963347,0.807919,0,0,1,1,Crowded,Crowded,Crowded,Crowded,0.4379200472667347,0.4379200472667352,223.1435513142097,223.1436,0.7129279305293373,0.7129279,0,0,0.8382409807474727,0.838241,0.0,0.0,-,2.331468e-15,3,3,3998,140997,0,0,4001
c1,tilt1,p[care]*1.2,2,False,CONVERGED,CONVERGED,314,314,-,-,0.8819593764184038,0.8819594,0,0,0,0,Crowded,Crowded,Crowded,Crowded,0.4379200472667389,0.4379200472667347,182.32155679395458,182.3216,0.8665098741813612,0.8665099,0,0,0.8877126069852225,0.8877126,0.0,0.0,-,2.331468e-15,0,0,4001,141000,0,0,4001
c1,tilt1,p[food]*0.5,3,False,CONVERGED,CONVERGED,422,422,-,-,0.4509905580029259,0.4509906,25,25,3,3,Crowded,Crowded,Crowded,Crowded,0.43792004726673434,0.4379200472667328,796.3088753905735,796.3089,0.32242501384762956,0.322425,22,22,0.5052939768779791,0.505294,0.01785302799483046,0.01785303,-,3.885781e-15,15,15,3948,140947,38,38,4001
c1,tilt1,p[shelter]*1.05,1,False,CONVERGED,CONVERGED,216,216,-,-,0.9676410084771849,0.967641,0,0,0,0,Crowded,Crowded,Crowded,Crowded,0.43792004726673633,0.4379200472667348,48.790164169432046,48.79016,0.9740279098114247,0.927736,0,0,0.9855501384111005,0.9855501,0.0,0.0,-,2.442491e-15,0,0,4001,141000,0,0,4001
c1,tilt1,p[care]*2,3,False,CONVERGED,CONVERGED,406,406,-,-,0.5512177023587662,0.5512177,0,0,2,2,Crowded,Crowded,Crowded,Crowded,0.43792004726673367,0.4379200472667355,693.1471805599452,693.1472,0.45309125765060676,0.4530913,27,27,0.48449692355638024,0.4844969,0.01066327219704416,0.01066327,-,2.220446e-15,0,0,3976,140975,25,25,4001
c1,tilt1,p[care]*0.95,1,False,CONVERGED,CONVERGED,217,217,-,-,0.9326894096147952,0.9326894,0,0,0,0,Crowded,Crowded,Crowded,Crowded,0.43792004726673434,0.43792004726673633,69.68302785994383,69.68303,0.9232192087842316,0.9232192,0,0,0.977740660122203,0.9777407,0.0,0.0,-,3.441691e-15,0,0,4001,141000,0,0,4001
c1,tilt1,p[care]*1.05,1,False,CONVERGED,CONVERGED,190,190,-,-,0.9685450691948463,0.9685451,0,0,0,0,Crowded,Crowded,Crowded,Crowded,0.43792004726673434,0.43792004726673783,48.790164169432046,48.79016,0.9637958667302393,0.9637959,0,0,0.9834813244989185,0.9834813,0.0,0.0,-,3.441691e-15,0,0,4001,141000,0,0,4001
c1,tilt1,p[care]*0.8,2,False,CONVERGED,CONVERGED,298,298,-,-,0.7477114398608334,0.7477114,0,0,0,0,Crowded,Crowded,Crowded,Crowded,0.437920047266737,0.43792004726673595,290.73815102532546,290.7382,0.7176281044079291,0.7176281,0,0,0.9107784290152483,0.9107784,0.0,0.0,-,2.664535e-15,0,0,4001,141000,0,0,4001
c1,tilt1,p[care]*0.5,3,False,CONVERGED,CONVERGED,365,365,-,-,0.4475564938910173,0.4475565,11,11,2,2,Crowded,Crowded,Crowded,Crowded,0.4379200472667357,0.43792004726673533,803.9525059033637,803.9525,0.40272435752339353,0.4027244,0,0,0.7601823193306744,0.7601823,0.0004223779732150379,0.000422378,-,3.441691e-15,0,0,3997,140996,4,4,4001
c1,tilt1,p[shelter]*0.95,1,False,CONVERGED,CONVERGED,213,213,-,-,0.9483633212557023,0.9483633,0,0,0,0,Crowded,Crowded,Crowded,Crowded,0.43792004726673267,0.43792004726673617,53.017599879012685,53.0176,0.9190926694618536,0.9190927,0,0,0.9662431145818656,0.9662431,0.0,0.0,-,2.664535e-15,0,0,4001,141000,0,0,4001
c1,tilt1,p[shelter]*2,3,False,CONVERGED,CONVERGED,376,376,-,-,0.560804125292536,0.5608041,0,0,1,1,Crowded,Crowded,Crowded,Crowded,0.43792004726673417,0.43792004726673334,693.1471805599452,693.1472,0.6113669907892666,0.3820984,0,0,0.6537855229817403,0.6537855,0.006002618910021573,0.006002619,-,4.107825e-15,0,0,3999,140998,2,2,4001
c1,tilt1,p[shelter]*0.8,2,False,CONVERGED,CONVERGED,318,318,-,-,0.7879543787479123,0.7879544,0,0,0,0,Crowded,Crowded,Crowded,Crowded,0.4379200472667317,0.437920047266737,238.3150857901964,238.3151,0.7044692305397829,0.7044692,0,0,0.8376815807638315,0.8376816,0.0,0.0,-,2.664535e-15,0,0,4001,141000,0,0,4001
c1,tilt1,p[mach]*1.2,2,False,CONVERGED,CONVERGED,344,344,-,-,0.5498098695491497,0.5498099,0,0,0,0,Crowded,Crowded,Crowded,Crowded,0.437920047266734,0.43792004726673234,598.1827522495988,598.1828,0.46000761682130786,0.4600076,0,0,0.6393388736616304,0.6393389,0.0,0.0,-,2.664535e-15,0,0,4001,141000,0,0,4001
c1,tilt1,p[shelter]*1.2,2,False,CONVERGED,CONVERGED,295,295,-,-,0.8795350738445096,0.8795351,0,0,0,0,Crowded,Crowded,Crowded,Crowded,0.4379200472667346,0.4379200472667376,182.32155679395458,182.3216,0.9011190461103081,0.7615632,0,0,0.9397855585500202,0.9397856,0.0,0.0,-,4.218847e-15,0,0,4001,141000,0,0,4001
c1,tilt1,p[mach]*1.05,1,False,CONVERGED,CONVERGED,271,271,-,-,0.8465678580295158,0.8465679,0,0,0,0,Crowded,Crowded,Crowded,Crowded,0.43792004726673317,0.43792004726673633,166.56491756274778,166.5649,0.7982090330275697,0.798209,0,0,0.9112524718616863,0.9112525,0.0,0.0,-,2.220446e-15,0,0,4001,141000,0,0,4001
c1,tilt1,p[mach]*0.95,1,False,CONVERGED,CONVERGED,395,395,-,-,0.6448091142366869,0.6448091,0,0,2,2,Crowded,Crowded,Crowded,Crowded,0.4379200472667342,0.4379200472667338,438.8009529071616,438.801,0.6865934183438908,0.6865934,0,0,0.5735735135503073,0.5735735,0.008341712021959935,0.008341712,-,3.108624e-15,0,0,3975,140974,26,26,4001
c1,tilt1,p[shelter]*0.5,3,False,CONVERGED,CONVERGED,391,391,-,-,0.462564925370341,0.4625649,20,20,2,2,Crowded,Crowded,Crowded,Crowded,0.43792004726673406,0.43792004726673694,770.9683527027764,770.9684,0.3655383871180656,0.3655384,2,2,0.4846477501600372,0.4846478,0.0,0.0,-,2.331468e-15,7,7,3994,140993,0,0,4001
c1,tilt1,p[mach]*0.8,2,False,CONVERGED,CONVERGED,543,543,-,-,0.09822885872962138,0.09822886,100,100,2,2,Crowded,Crowded,Crowded,Crowded,0.43792004726673284,0.4379200472667356,2789.7029700493226,2789.703,0.08475388054561475,0.08475388,145,145,0.41931671753590005,0.4193167,0.054213224586559305,0.05421322,-,2.442491e-15,0,0,3913,140912,88,88,4001
c1,tilt1,JA(0.5),3,False,DIVERGED,DIVERGED,-,-,301,287,0.0,0.0,300,286,1,1,Enclosed,Enclosed,Crowded,Crowded,1.0,1.0,inf,inf,0.0,0.0,279,265,5.647040339948906e-05,7.809632e-05,0.07269230769230772,0.07269231,-,inf,0,0,6,6,296,282,302
c1,tilt1,s[food]*0.95,1,False,CONVERGED,CONVERGED,277,277,-,-,0.9383156880991171,0.9383157,0,0,0,0,Crowded,Crowded,Crowded,Crowded,0.43792004726673234,0.4379200472667338,67.60498169789608,67.60498,0.9125549836224152,0.912555,0,0,0.9411393610024991,0.9411394,0.0,0.0,-,3.441691e-15,0,0,4001,141000,0,0,4001
c1,tilt1,s[food]*1.2,2,False,CONVERGED,CONVERGED,368,368,-,-,0.44719691332576983,0.4471969,2,2,2,2,Crowded,Crowded,Crowded,Crowded,0.43792004726673217,0.43792004726673683,829.8162746862646,829.8163,0.4114507638033126,0.4114508,0,0,0.6376549310762346,0.6376549,0.007980133048233917,0.007980133,-,2.331468e-15,0,0,3984,140983,17,17,4001
c1,tilt1,s[manufactures]*1.2,2,True,CONVERGED,CONVERGED,105,105,-,-,0.9999999999999981,1.0,0,0,0,0,Crowded,Crowded,Crowded,Crowded,0.43792004726673767,0.4379200472667342,174.1599117457398,174.1599,0.999999999999997,1.0,0,0,1.0,1.0,0.0,0.0,-,1.9984009999999997e-15,0,0,4001,141000,0,0,4001
c1,tilt1,p[mach]*2,3,False,CONVERGED,CONVERGED,419,419,-,-,0.16221760017001868,0.1622176,36,36,2,2,Crowded,Crowded,Crowded,Crowded,0.4379200472667325,0.43792004726673295,1818.8166341245064,1818.817,0.11765571526915054,0.1176557,48,48,0.3405540766413684,0.3405541,0.0,0.0,-,3.663736e-15,96,96,3905,140904,0,0,4001
c1,tilt1,JB(2),3,False,DIVERGED,DIVERGED,-,-,283,297,0.0,0.0,284,298,1,1,Enclosed,Enclosed,Crowded,Crowded,1.0,1.0,inf,inf,0.0,0.0,282,296,4.940118211929918e-05,3.491879e-05,0.07269230769230772,0.07269231,-,inf,0,0,3,3,281,295,284
c1,tilt1,s[manufactures]*2,3,True,CONVERGED,CONVERGED,138,138,-,-,0.9999999999999981,1.0,0,0,0,0,Crowded,Crowded,Crowded,Crowded,0.43792004726673767,0.4379200472667342,668.4596480132863,668.4596,0.999999999999997,1.0,0,0,1.0,1.0,0.0,0.0,-,1.9984009999999997e-15,0,0,4001,141000,0,0,4001
c1,tilt1,s[manufactures]*0.95,1,True,CONVERGED,CONVERGED,78,78,-,-,0.9999999999999981,1.0,0,0,0,0,Crowded,Crowded,Crowded,Crowded,0.43792004726673767,0.4379200472667342,48.729710783062195,48.72971,0.999999999999997,1.0,0,0,1.0,1.0,0.0,0.0,-,2.442491e-15,0,0,4001,141000,0,0,4001
c1,tilt1,s[manufactures]*0.8,2,True,CONVERGED,CONVERGED,105,105,-,-,0.9999999999999981,1.0,0,0,0,0,Crowded,Crowded,Crowded,Crowded,0.43792004726673767,0.4379200472667342,211.02463900491762,211.0246,0.999999999999997,1.0,0,0,1.0,1.0,0.0,0.0,-,2.442491e-15,0,0,4001,141000,0,0,4001
c1,tilt1,s[manufactures]*1.05,1,True,CONVERGED,CONVERGED,78,78,-,-,0.9999999999999981,1.0,0,0,0,0,Crowded,Crowded,Crowded,Crowded,0.43792004726673767,0.4379200472667342,46.46505483938295,46.46505,0.999999999999997,1.0,0,0,1.0,1.0,0.0,0.0,-,1.9984009999999997e-15,0,0,4001,141000,0,0,4001
c1,tilt1,s[manufactures]*0.5,3,True,CONVERGED,CONVERGED,124,124,-,-,0.9999999999999981,1.0,0,0,0,0,Crowded,Crowded,Crowded,Crowded,0.43792004726673767,0.4379200472667342,645.5285828834769,645.5286,0.999999999999997,1.0,0,0,1.0,1.0,0.0,0.0,-,2.442491e-15,0,0,4001,141000,0,0,4001
c1,tilt1,s[food]*1.05,1,False,CONVERGED,CONVERGED,310,310,-,-,0.8033096923513225,0.8033097,0,0,0,0,Crowded,Crowded,Crowded,Crowded,0.43792004726673295,0.4379200472667392,219.01497020688794,219.015,0.7705535369626619,0.7705535,0,0,0.8878849396169083,0.8878849,0.0,0.0,-,3.108624e-15,0,0,4001,141000,0,0,4001
c1,tilt1,s[care]*0.95,1,False,CONVERGED,CONVERGED,206,206,-,-,0.9769540402359937,0.976954,0,0,0,0,Crowded,Crowded,Crowded,Crowded,0.43792004726673667,0.43792004726673506,48.729710783062195,48.72971,0.9661220102776733,0.966122,0,0,0.9796204390890292,0.9796204,0.0,0.0,-,2.442491e-15,0,0,4001,141000,0,0,4001
c1,tilt1,s[food]*0.8,2,False,CONVERGED,CONVERGED,278,278,-,-,0.9536963845795755,0.9536964,0,0,0,0,Crowded,Crowded,Crowded,Crowded,0.4379200472667336,0.4379200472667354,211.02463900491762,211.0246,0.9365698535434441,0.9365699,0,0,0.9531686187321727,0.9531686,0.0,0.0,-,3.330669e-15,0,0,4001,141000,0,0,4001
c1,tilt1,s[food]*2,3,False,CONVERGED,CONVERGED,437,437,-,-,0.0,0.0,33,33,6,6,Crowded,Crowded,Crowded,Crowded,0.4379200472667321,0.4379200472667372,inf,inf,0.0,0.0,54,54,0.36102186926159485,0.3610219,0.03289968958416567,0.03289969,-,3.885781e-15,21,21,3948,140947,32,32,4001
c1,tilt1,s[food]*0.5,3,False,CONVERGED,CONVERGED,246,246,-,-,0.966585043435266,0.966585,0,0,0,0,Crowded,Crowded,Crowded,Crowded,0.4379200472667352,0.4379200472667371,645.5285828834769,645.5286,0.9700686818819395,0.9700687,0,0,0.9823016314521312,0.9823016,0.0,0.0,-,2.442491e-15,0,0,4001,141000,0,0,4001
c1,tilt1,s[care]*1.05,1,True,CONVERGED,CONVERGED,78,78,-,-,0.9999999999999981,1.0,0,0,0,0,Crowded,Crowded,Crowded,Crowded,0.43792004726673767,0.4379200472667342,46.46505483938295,46.46505,0.999999999999997,1.0,0,0,1.0,1.0,0.0,0.0,-,1.9984009999999997e-15,0,0,4001,141000,0,0,4001
c1,tilt1,s[care]*0.5,3,False,CONVERGED,CONVERGED,357,357,-,-,0.7392465093943386,0.7392465,0,0,2,2,Crowded,Crowded,Crowded,Crowded,0.4379200472667358,0.437920047266736,645.5285828834769,645.5286,0.657944646099961,0.6579446,0,0,0.715922083558219,0.7159221,0.00116572779132873,0.001165728,-,3.885781e-15,0,0,3995,140994,6,6,4001
c1,tilt1,s[care]*2,3,True,CONVERGED,CONVERGED,138,138,-,-,0.9999999999999981,1.0,0,0,0,0,Crowded,Crowded,Crowded,Crowded,0.43792004726673767,0.4379200472667342,668.4596480132863,668.4596,0.999999999999997,1.0,0,0,1.0,1.0,0.0,0.0,-,1.9984009999999997e-15,0,0,4001,141000,0,0,4001
c1,tilt1,s[care]*0.8,2,False,CONVERGED,CONVERGED,298,298,-,-,0.8970934055455638,0.8970934,0,0,0,0,Crowded,Crowded,Crowded,Crowded,0.43792004726673506,0.4379200472667384,211.02463900491762,211.0246,0.854054104193685,0.8540541,0,0,0.9023623160128139,0.9023623,0.0,0.0,-,3.885781e-15,0,0,4001,141000,0,0,4001
c1,tilt1,s[shelter]*1.05,1,False,CONVERGED,CONVERGED,220,220,-,-,0.9567565431763362,0.9567565,0,0,0,0,Crowded,Crowded,Crowded,Crowded,0.4379200472667333,0.43792004726673844,46.89571657307076,46.89572,0.9470421890411547,0.9470422,0,0,0.9770911799279609,0.9770912,0.0,0.0,-,5.218048e-15,0,0,4001,141000,0,0,4001
c1,tilt1,s[care]*1.2,2,True,CONVERGED,CONVERGED,105,105,-,-,0.9999999999999981,1.0,0,0,0,0,Crowded,Crowded,Crowded,Crowded,0.43792004726673767,0.4379200472667342,174.1599117457398,174.1599,0.999999999999997,1.0,0,0,1.0,1.0,0.0,0.0,-,1.9984009999999997e-15,0,0,4001,141000,0,0,4001
c1,tilt1,s[shelter]*0.95,1,False,CONVERGED,CONVERGED,124,124,-,-,0.9950070620176812,0.9950071,0,0,0,0,Crowded,Crowded,Crowded,Crowded,0.43792004726673334,0.43792004726673767,48.729710783062195,48.72971,0.9926477830168333,0.9926478,0,0,0.9951419290439008,0.9951419,0.0,0.0,-,3.885781e-15,0,0,4001,141000,0,0,4001
c1,tilt1,s[shelter]*1.2,2,False,CONVERGED,CONVERGED,303,303,-,-,0.8286094632208829,0.8286095,0,0,0,0,Crowded,Crowded,Crowded,Crowded,0.43792004726673467,0.43792004726673545,188.00632866921822,188.0063,0.7990234368391285,0.7990234,0,0,0.8981338173852587,0.8981338,0.0,0.0,-,2.220446e-15,0,0,4001,141000,0,0,4001
c1,tilt1,s[shelter]*0.8,2,False,CONVERGED,CONVERGED,121,121,-,-,0.9950070620176812,0.9950071,0,0,0,0,Crowded,Crowded,Crowded,Crowded,0.4379200472667329,0.4379200472667335,211.02463900491762,211.0246,0.9926477830168333,0.9926478,0,0,0.9951419290439008,0.9951419,0.0,0.0,-,4.107825e-15,0,0,4001,141000,0,0,4001
c1,tilt1,s[shelter]*2,3,False,CONVERGED,CONVERGED,384,384,-,-,0.4232505065426397,0.4232505,5,5,2,2,Crowded,Crowded,Crowded,Crowded,0.43792004726673367,0.4379200472667343,885.2346533881464,885.2347,0.38699168485340846,0.3869917,10,10,0.500126037115106,0.500126,0.009594585672976164,0.009594586,-,2.331468e-15,0,0,3982,140981,19,19,4001
c1,tilt1,JA(0.8),2,False,CONVERGED,CONVERGED,549,549,-,-,0.04797025711749751,0.04797026,111,111,6,6,Crowded,Crowded,Crowded,Crowded,0.4379200472667325,0.4379200472667336,3037.17410351802,3037.174,0.07349133666944083,0.07349134,151,151,0.36774028549269644,0.3677403,0.05529015402173332,0.05529015,-,2.442491e-15,33,33,3878,140877,90,90,4001
c1,tilt1,s[shelter]*0.5,3,False,CONVERGED,CONVERGED,123,123,-,-,0.9950070620176812,0.9950071,0,0,0,0,Crowded,Crowded,Crowded,Crowded,0.4379200472667355,0.43792004726673633,645.5285828834769,645.5286,0.9926477830168333,0.9926478,0,0,0.9951419290439008,0.9951419,0.0,0.0,-,2.220446e-15,0,0,4001,141000,0,0,4001
c1,tilt1,JA(2),3,False,CONVERGED,CONVERGED,421,421,-,-,0.0,0.0,19,19,2,2,Crowded,Crowded,Crowded,Crowded,0.43792004726673356,0.4379200472667347,inf,inf,0.0,0.0,50,50,0.44950763369793495,0.4495076,0.0,0.0,-,2.442491e-15,75,75,3926,140925,0,0,4001
c1,tilt1,JA(1.2),2,False,CONVERGED,CONVERGED,341,341,-,-,0.34987486691943376,0.3498749,3,3,2,2,Crowded,Crowded,Crowded,Crowded,0.43792004726673467,0.4379200472667356,1050.1797115126258,1050.18,0.39364074999761484,0.3936407,0,0,0.6911711867435515,0.6911712,0.0,0.0,-,2.109424e-15,2,2,3999,140998,0,0,4001
c1,tilt1,JA(0.95),1,False,CONVERGED,CONVERGED,401,401,-,-,0.575435747457688,0.5754357,0,0,2,2,Crowded,Crowded,Crowded,Crowded,0.437920047266734,0.4379200472667315,552.6277035210924,552.6277,0.6485171947323282,0.6485172,4,4,0.513297772741849,0.5132978,0.010876224705934301,0.01087622,-,1.9984009999999997e-15,0,0,3971,140970,30,30,4001
c1,tilt1,JA(1.05),1,False,CONVERGED,CONVERGED,263,263,-,-,0.7643656492240778,0.7643656,0,0,0,0,Crowded,Crowded,Crowded,Crowded,0.4379200472667347,0.43792004726673617,268.70900584649604,268.709,0.7793343813961041,0.7793344,0,0,0.9248342452473262,0.9248342,0.0,0.0,-,2.664535e-15,0,0,4001,141000,0,0,4001
c1,tilt1,JB(0.5),3,False,CONVERGED,CONVERGED,468,468,-,-,0.0,0.0,68,68,2,2,Crowded,Crowded,Crowded,Crowded,0.4379200472667335,0.43792004726673645,inf,inf,0.0,0.0,91,91,0.1663523502060135,0.1663524,0.0,0.0,-,2.553513e-15,154,154,3847,140846,0,0,4001
c1,tilt1,JB(1.2),2,False,CONVERGED,CONVERGED,502,502,-,-,0.2335180290288002,0.233518,62,62,2,2,Crowded,Crowded,Crowded,Crowded,0.4379200472667338,0.43792004726673667,1601.013372960215,1601.013,0.19151102202424808,0.191511,106,106,0.49473062488671604,0.4947306,0.04584258224118998,0.04584258,-,2.331468e-15,0,0,3928,140927,73,73,4001
c1,tilt1,N(1.05),1,False,CONVERGED,CONVERGED,286,286,-,-,0.9254871355871293,0.9254871,0,0,0,0,Crowded,Crowded,Crowded,Crowded,0.4379200472667321,0.43792004726673495,80.09513808140406,80.09514,0.9530616568242479,0.9327716,0,0,0.9438493790543067,0.9438494,0.0,0.0,-,2.664535e-15,0,0,4001,141000,0,0,4001
c1,tilt1,N(1.2),2,False,CONVERGED,CONVERGED,367,367,-,-,0.7536059589424556,0.753606,0,0,0,0,Crowded,Crowded,Crowded,Crowded,0.43792004726673367,0.4379200472667375,293.12320834486155,293.1232,0.8458518439202943,0.7755414,0,0,0.7513088361645874,0.7513088,0.0,0.0,-,3.108624e-15,0,0,4001,141000,0,0,4001
c1,tilt1,JB(0.8),2,False,CONVERGED,CONVERGED,405,405,-,-,0.1898486424745642,0.1898486,29,29,6,6,Crowded,Crowded,Crowded,Crowded,0.43792004726673356,0.43792004726673484,1781.264669772699,1781.265,0.11272395540433194,0.112724,37,37,0.3234728146283399,0.3234728,0.010825487082627316,0.01082549,-,4.107825e-15,57,57,3932,140931,12,12,4001
c1,tilt1,JB(0.95),1,False,CONVERGED,CONVERGED,340,340,-,-,0.6438303767114943,0.6438304,0,0,0,0,Crowded,Crowded,Crowded,Crowded,0.4379200472667338,0.4379200472667351,447.4390479571287,447.439,0.5425848196843495,0.5425848,0,0,0.7127007148715435,0.7127007,0.0,0.0,-,2.220446e-15,0,0,4001,141000,0,0,4001
c1,tilt1,JB(1.05),1,False,CONVERGED,CONVERGED,407,407,-,-,0.6125500094168232,0.61255,0,0,4,4,Crowded,Crowded,Crowded,Crowded,0.43792004726673445,0.4379200472667328,490.1246918688071,490.1247,0.6400699970045659,0.64007,7,7,0.5153718239662418,0.5153718,0.010142517860538713,0.01014252,-,3.663736e-15,0,0,3971,140970,30,30,4001
c1,tilt1,N(0.95),1,False,CONVERGED,CONVERGED,255,255,-,-,0.9409418512658098,0.9409419,0,0,0,0,Crowded,Crowded,Crowded,Crowded,0.4379200472667336,0.4379200472667355,63.945937810844775,63.94594,0.8962613996762434,0.8962614,0,0,0.917263318328613,0.9172633,0.0,0.0,-,2.331468e-15,0,0,4001,141000,0,0,4001
c1,tilt1,RC(2),3,False,CONVERGED,CONVERGED,427,427,-,-,0.10692921156936983,0.1069292,44,44,1,1,Crowded,Crowded,Crowded,Crowded,0.43792004726673334,0.43792004726673456,2235.5882375749934,2235.588,0.13375027799949746,0.1337503,41,41,0.5056517175075228,0.5056517,0.05122064624459155,0.05122065,-,4.107825e-15,0,0,3959,140958,42,42,4001
c1,tilt1,N(2),3,False,CONVERGED,CONVERGED,457,457,-,-,0.37879965965135265,0.3787997,27,27,2,2,Crowded,Crowded,Crowded,Crowded,0.4379200472667341,0.43792004726673645,1031.523731471452,1031.524,0.611239687714846,0.4044802,77,77,0.4815699667189098,0.48157,0.0017311044024629352,0.001731104,-,2.553513e-15,0,0,3997,140996,4,4,4001
c1,tilt1,RC(1.05),1,False,CONVERGED,CONVERGED,283,283,-,-,0.8756381790547992,0.8756382,0,0,0,0,Crowded,Crowded,Crowded,Crowded,0.43792004726673606,0.43792004726673334,132.8023109779506,132.8023,0.8525667923121888,0.8525668,0,0,0.9143166372296145,0.9143166,0.0,0.0,-,2.664535e-15,0,0,4001,141000,0,0,4001
c1,tilt1,RC(0.8),2,False,CONVERGED,CONVERGED,448,448,-,-,0.4693934629709511,0.4693935,9,9,2,2,Crowded,Crowded,Crowded,Crowded,0.4379200472667337,0.43792004726672856,756.3139220129508,756.3139,0.5930085160883344,0.5930085,25,25,0.5122737502260674,0.5122738,0.019417560056523564,0.01941756,-,3.552714e-15,0,0,3953,140952,48,48,4001
c1,tilt1,N(0.5),3,False,CONVERGED,CONVERGED,515,515,-,-,0.21386490573642092,0.2138649,91,91,4,4,Crowded,Crowded,Crowded,Crowded,0.437920047266733,0.43792004726673833,2647.8238140734115,2647.824,0.16087236581728284,0.1608724,115,115,0.3271874001356076,0.3271874,0.04331888409903195,0.04331888,-,3.441691e-15,1,1,3925,140924,75,75,4001
c1,tilt1,land.mach=0.36@genesis,2,False,CONVERGED,CONVERGED,228,228,-,-,0.8920622287277715,0.8920622,0,0,0,0,Crowded,Crowded,Crowded,Crowded,0.65698813849698,0.6569881384969797,132.24855839232782,132.2486,0.9087804381517339,0.8961106,0,0,0.9879101753052412,0.9879102,0.0,0.0,-,2.442491e-15,0,0,4001,141000,0,0,4001
c1,tilt1,RC(1.2),2,False,CONVERGED,CONVERGED,362,362,-,-,0.6046260012087437,0.604626,0,0,2,2,Crowded,Crowded,Crowded,Crowded,0.43792004726673317,0.43792004726673606,503.14519192348047,503.1452,0.5597235443137191,0.5597235,0,0,0.6634784538185187,0.6634785,0.0009714007820567083,0.0009714008,-,3.885781e-15,0,0,3994,140993,7,7,4001
c1,tilt1,N(0.8),2,False,CONVERGED,CONVERGED,380,380,-,-,0.6438067691520872,0.6438068,0,0,4,4,Crowded,Crowded,Crowded,Crowded,0.43792004726673456,0.43792004726673533,440.35664580164655,440.3566,0.6062695370400031,0.6062695,0,0,0.530796319767245,0.5307963,0.007397846002553055,0.007397846,-,2.442491e-15,3,3,3973,140972,25,25,4001
c1,tilt1,RC(0.95),1,False,CONVERGED,CONVERGED,308,308,-,-,0.9296042471330815,0.9296042,0,0,0,0,Crowded,Crowded,Crowded,Crowded,0.4379200472667337,0.4379200472667355,74.24744997041313,74.24745,0.9248357600336764,0.9248358,0,0,0.9368105458391404,0.9368105,0.0,0.0,-,3.663736e-15,0,0,4001,141000,0,0,4001
c1,tilt1,land.mach=0.8@genesis,3,False,CONVERGED,CONVERGED,617,617,-,-,0.0016893236587092208,0.001689324,191,191,5,5,Commons,Commons,Commons,Commons,0.0,0.0,6383.4270320965325,6383.427,0.00869907252220546,0.008699073,287,287,0.2061023436267425,0.2061023,0.068352028279001,0.06835203,-,3.108624e-15,3858,140857,28,28,115,115,4001
c1,tilt1,RC(0.5),3,False,CONVERGED,CONVERGED,557,557,-,-,0.10455511135557194,0.1045551,113,113,5,5,Crowded,Crowded,Crowded,Crowded,0.43792004726673356,0.43792004726673356,2480.3102540665645,2480.31,0.10991748016953241,0.1099175,135,135,0.40695806027582243,0.4069581,0.05733962865016162,0.05733963,-,2.331468e-15,96,96,3824,140823,81,81,4001
c1,tilt1,x*/2,3,False,CONVERGED,CONVERGED,470,470,-,-,0.0,0.0,59,59,6,6,Crowded,Crowded,Crowded,Crowded,0.43792004726673434,0.4379200472667322,inf,inf,0.0,0.0,86,86,0.2852511450853169,0.2852511,0.03453917537723794,0.03453918,-,1.9984009999999997e-15,42,42,3922,140921,37,37,4001
c1,tilt1,land.mach=0.2@genesis,3,False,CONVERGED,CONVERGED,315,315,-,-,0.0,0.0,4,4,3,3,Enclosed,Enclosed,Enclosed,Enclosed,1.0,1.0,inf,inf,0.0,0.0,0,0,0.8923140235585721,0.892314,0.014961958217690474,0.01496196,-,2.88658e-15,30,30,25,25,3946,140945,4001
c1,tilt1,land.mach=0.44@genesis,2,False,CONVERGED,CONVERGED,446,446,-,-,0.3233007635875792,0.3233008,21,21,4,4,Crowded,Crowded,Crowded,Crowded,0.21948636806995392,0.2194863680699502,1129.1722323989788,1129.172,0.46146186066471234,0.4614619,48,48,0.49518715355790244,0.4951872,0.023813999297790378,0.023814,-,3.330669e-15,26,26,3933,140932,42,42,4001
c1,tilt1,b.food=0.54@genesis,2,False,CONVERGED,CONVERGED,319,319,-,-,0.8359700044237393,0.83597,0,0,0,0,Crowded,Crowded,Crowded,Crowded,0.2381053953333822,0.23810539533336625,179.16254641704342,179.1625,0.8229460061306862,0.822946,0,0,0.9001959008541509,0.9001959,0.0,0.0,-,1.232348e-14,0,0,4001,141000,0,0,4001
c1,tilt1,b.food=0.66@genesis,2,False,CONVERGED,CONVERGED,315,315,-,-,0.9041375400891665,0.9041375,0,0,0,0,Crowded,Crowded,Crowded,Crowded,0.6331821024425044,0.6331821024425082,100.77378404667235,100.7738,0.8734503978009642,0.8372929,0,0,0.8718381343064032,0.8718381,0.0,0.0,-,1.9984009999999997e-15,0,0,4001,141000,0,0,4001
c1,tilt1,b.food=1.2@genesis,3,False,CONVERGED,CONVERGED,646,646,-,-,0.016005024674379118,0.01600502,207,207,5,5,Enclosed,Enclosed,Enclosed,Enclosed,1.0,1.0,9066.12648144541,9066.126,0.015142203001634642,0.0151422,376,376,0.2217360400015322,0.221736,0.0698229020498452,0.0698229,-,4.440892e-15,49,49,18,18,3934,140933,4001
c1,tilt1,b.food=0.3@genesis,3,False,CONVERGED,CONVERGED,422,422,-,-,0.3188303866898526,0.3188304,26,26,1,1,Commons,Commons,Commons,Commons,0.0,0.0,1143.096020768153,1143.096,0.31297182323775696,0.3129718,19,19,0.46857544512064164,0.4685754,0.0,0.0,-,3.108624e-15,3968,140967,33,33,0,0,4001
c1,tilt1,commons=26.73@genesis,2,False,CONVERGED,CONVERGED,386,386,-,-,0.6620326451627592,0.6620326,0,0,0,0,Commons,Commons,Commons,Commons,0.0,0.0,438.99148956565233,438.9915,0.6526431745459071,0.6526432,0,0,0.5312331809154136,0.5312332,0.0,0.0,-,3.330669e-15,4001,141000,0,0,0,0,4001
c1,tilt1,commons=48.6@genesis,3,False,CONVERGED,CONVERGED,386,386,-,-,0.6620326451627592,0.6620326,0,0,0,0,Commons,Commons,Commons,Commons,0.0,0.0,438.99148956565233,438.9915,0.6526431745459071,0.6526432,0,0,0.5312331809154136,0.5312332,0.0,0.0,-,3.330669e-15,4001,141000,0,0,0,0,4001
c1,tilt1,commons=21.87@genesis,2,False,CONVERGED,CONVERGED,338,338,-,-,0.8755457109644067,0.8755457,0,0,0,0,Enclosed,Enclosed,Enclosed,Enclosed,1.0,1.0,235.3862046037739,235.3862,0.8212794606071703,0.7760865,0,0,0.8258802698399045,0.8258803,0.04048802704861704,0.04048803,-,2.442491e-15,0,0,0,0,4001,141000,4001
c1,tilt1,commons=12.15@genesis,3,False,CONVERGED,CONVERGED,323,323,-,-,0.8996429726073799,0.899643,0,0,0,0,Enclosed,Enclosed,Enclosed,Enclosed,1.0,1.0,233.88787494099432,233.8879,0.8431616862824342,0.7760865,0,0,0.8727950483962357,0.872795,0.22545557292679674,0.2254556,-,3.108624e-15,0,0,0,0,4001,141000,4001
c1,tilt1,land.mach=0.44@dated,2,False,CONVERGED,CONVERGED,446,446,-,-,0.31855769766621217,0.3185577,21,21,4,4,Crowded,Crowded,Crowded,Crowded,0.2194863680699531,0.219486368069952,1143.951666008377,1143.952,0.45705750047430965,0.4570575,49,49,0.4949156953607163,0.4949157,0.024240501693619576,0.0242405,-,3.996803e-15,26,26,3932,140931,43,43,4001
c1,tilt1,land.mach=0.2@dated,3,False,CONVERGED,CONVERGED,316,316,-,-,0.0,0.0,4,4,3,3,Enclosed,Enclosed,Enclosed,Enclosed,1.0,1.0,inf,inf,0.0,0.0,0,0,0.8901129897342578,0.890113,0.014961958217690474,0.01496196,-,2.331468e-15,30,30,26,26,3945,140944,4001
c1,tilt1,commons=26.73@dated,2,False,CONVERGED,CONVERGED,392,392,-,-,0.6324849252214544,0.6324849,0,0,0,0,Commons,Commons,Commons,Commons,0.0,0.0,478.59135095587027,478.5914,0.6252588557250045,0.6252589,9,9,0.5086136981700266,0.5086137,0.0,0.0,-,3.330669e-15,4001,141000,0,0,0,0,4001
c1,tilt1,land.mach=0.36@dated,2,False,CONVERGED,CONVERGED,228,228,-,-,0.89206222872777,0.8920622,0,0,0,0,Crowded,Crowded,Crowded,Crowded,0.6569881384969807,0.6569881384969772,132.63039226434984,132.6304,0.9087804381517318,0.8954058,0,0,0.987628514468846,0.9876285,0.0,0.0,-,2.997602e-15,0,0,4001,141000,0,0,4001
c1,tilt1,b.food=0.54@dated,2,False,CONVERGED,CONVERGED,320,320,-,-,0.8348526645184609,0.8348527,0,0,0,0,Crowded,Crowded,Crowded,Crowded,0.2381053953333813,0.2381053953333778,180.50001937884716,180.5,0.8215914107991595,0.8215914,0,0,0.8988455751243133,0.8988456,0.0,0.0,-,2.664535e-15,0,0,4001,141000,0,0,4001
c1,tilt1,b.food=1.2@dated,3,False,CONVERGED,CONVERGED,645,645,-,-,0.016540340457313393,0.01654034,205,205,5,5,Enclosed,Enclosed,Enclosed,Enclosed,1.0,1.0,8957.407081297306,8957.407,0.015550445776343466,0.01555045,375,375,0.22449699195537023,0.224497,0.06969844934401781,0.06969845,-,4.440892e-15,48,48,18,18,3935,140934,4001
c1,tilt1,commons=21.87@dated,2,False,CONVERGED,CONVERGED,338,338,-,-,0.8754097626964924,0.8754098,0,0,0,0,Enclosed,Enclosed,Enclosed,Enclosed,1.0,1.0,235.3862046037739,235.3862,0.8211253328554677,0.7760865,0,0,0.8256775909333398,0.8256776,0.040496914632274394,0.04049691,-,3.108624e-15,0,0,0,0,4001,141000,4001
c1,tilt1,land.mach=0.8@dated,3,False,CONVERGED,CONVERGED,617,617,-,-,0.001661198202003281,0.001661198,191,191,5,5,Commons,Commons,Commons,Commons,0.0,0.0,6400.216128556394,6400.216,0.008121723237976546,0.008121723,289,289,0.20021277976642127,0.2002128,0.06841085870472341,0.06841086,-,2.553513e-15,3859,140858,27,27,115,115,4001
c1,tilt1,b.food=0.3@dated,3,False,CONVERGED,CONVERGED,422,422,-,-,0.31709955436506787,0.3170996,26,26,1,1,Commons,Commons,Commons,Commons,0.0,0.0,1148.539502783926,1148.54,0.3111318325186128,0.3111318,20,20,0.46816096126630474,0.468161,0.0,0.0,-,3.552714e-15,3968,140967,33,33,0,0,4001
c1,tilt1,commons=12.15@dated,3,False,CONVERGED,CONVERGED,323,323,-,-,0.8981437403541485,0.8981437,0,0,0,0,Enclosed,Enclosed,Enclosed,Enclosed,1.0,1.0,233.88787494099432,233.8879,0.8418862248307325,0.7760865,0,0,0.8710747656127187,0.8710748,0.2255438725621009,0.2255439,-,2.442491e-15,0,0,0,0,4001,141000,4001
c1,tilt1,b.food=0.66@dated,2,False,CONVERGED,CONVERGED,310,310,-,-,0.9050664843693168,0.9050665,0,0,0,0,Crowded,Crowded,Crowded,Crowded,0.6331821024425048,0.6331821024425052,99.74687458900344,99.74687,0.8725306202177076,0.8725306,0,0,0.8797166869858751,0.8797167,0.0,0.0,-,3.219647e-15,0,0,4001,141000,0,0,4001
c1,tilt1,commons=48.6@dated,3,False,CONVERGED,CONVERGED,392,392,-,-,0.6324849252214544,0.6324849,0,0,0,0,Commons,Commons,Commons,Commons,0.0,0.0,478.59135095587027,478.5914,0.6252588557250045,0.6252589,9,9,0.5086136981700266,0.5086137,0.0,0.0,-,3.330669e-15,4001,141000,0,0,0,0,4001
c1,tpy12,p[manufactures]*1.2,2,False,CONVERGED,CONVERGED,833,833,-,-,0.9128260872160825,0.9128261,0,0,0,0,Crowded,Crowded,Crowded,Crowded,0.4379200472531184,0.43792004726673345,182.32155679395458,182.3216,0.9163546570822503,0.8696612,0,0,0.9776199600763381,0.97762,0.0,0.0,-,3.7747579999999994e-15,0,0,4254,26000,0,0,4254
c1,tpy12,p[land]*1.05,1,False,CONVERGED,CONVERGED,908,908,-,-,0.8205453946106447,0.8205454,0,0,0,0,Crowded,Crowded,Crowded,Crowded,0.4379200472527908,0.4379200472667329,251.15712566922727,251.1571,0.8606592276765158,0.8567619,0,0,0.9349078661203633,0.9349079,0.0,0.0,-,8.104628e-15,0,0,4329,26000,0,0,4329
c1,tpy12,p[labour]*0.95,1,False,CONVERGED,CONVERGED,905,905,-,-,0.8305395142166296,0.8305395,0,0,0,0,Crowded,Crowded,Crowded,Crowded,0.4379200472532755,0.4379200472667355,185.67977223265308,185.6798,0.8231716188159587,0.8231716,0,0,0.9173651044718558,0.9173651,0.0,0.0,-,3.552714e-15,0,0,4326,26000,0,0,4326
c1,tpy12,p[land]*1.2,2,False,CONVERGED,CONVERGED,1110,1110,-,-,0.42521852210401206,0.4252185,8,8,4,4,Crowded,Crowded,Crowded,Crowded,0.4379200472534485,0.43792004726674333,897.3279226301114,897.3279,0.524746417415592,0.5247464,13,13,0.7461016233897525,0.7461016,0.08900284885722698,0.08900285,-,9.103829e-15,9,9,4509,25978,13,13,4531
c1,tpy12,p[labour]*0.8,2,False,CONVERGED,CONVERGED,1108,1108,-,-,0.39521395442546386,0.395214,6,6,7,7,Crowded,Crowded,Crowded,Crowded,0.43792004725295525,0.4379200472667319,928.3280039507678,928.328,0.39972152334903166,0.3997215,12,12,0.6339280803998931,0.6339281,0.13523206065965843,0.1352321,-,2.664535e-15,10,10,4507,25978,12,12,4529
c1,tpy12,p[care]*0.8,2,False,CONVERGED,CONVERGED,914,914,-,-,0.7231516587900714,0.7231517,0,0,0,0,Crowded,Crowded,Crowded,Crowded,0.4379200472512165,0.4379200472667327,371.0966478701725,371.0966,0.7297481837138453,0.7297482,0,0,0.9075392713056736,0.9075393,0.0,0.0,-,2.997602e-15,0,0,4335,26000,0,0,4335
c1,tpy12,p[labour]*1.05,1,False,CONVERGED,CONVERGED,761,761,-,-,0.8472185624772719,0.8472186,0,0,0,0,Crowded,Crowded,Crowded,Crowded,0.4379200472537087,0.4379200472667376,170.78321327873752,170.7832,0.8238042078568661,0.8238042,0,0,0.9298398981701318,0.9298399,0.0,0.0,-,3.996803e-15,0,0,4182,26000,0,0,4182
c1,tpy12,p[land]*0.95,1,False,CONVERGED,CONVERGED,845,845,-,-,0.9280514851195593,0.9280515,0,0,0,0,Crowded,Crowded,Crowded,Crowded,0.43792004725121636,0.43792004726673245,81.94806958836313,81.94807,0.9293375390646674,0.9293375,0,0,0.9455117949835672,0.9455118,0.0,0.0,-,2.220446e-15,0,0,4266,26000,0,0,4266
c1,tpy12,p[food]*0.95,1,False,CONVERGED,CONVERGED,1020,1020,-,-,0.9158983618951307,0.9158984,0,0,0,0,Crowded,Crowded,Crowded,Crowded,0.4379200472528804,0.43792004726673645,100.59561157188328,100.5956,0.9382219005760164,0.9316923,0,0,0.9620493763839132,0.9620494,0.0,0.0,-,6.77236e-15,0,0,4440,26000,0,0,4440
c1,tpy12,p[manufactures]*1.05,1,False,CONVERGED,CONVERGED,588,588,-,-,0.9749802412357842,0.9749802,0,0,0,0,Crowded,Crowded,Crowded,Crowded,0.4379200472535505,0.4379200472667355,48.790164169432046,48.79016,0.9758851405550354,0.9634891,0,0,0.9944268331757334,0.9944268,0.0,0.0,-,4.440892e-15,0,0,4009,26000,0,0,4009
c1,tpy12,p[manufactures]*0.95,1,False,CONVERGED,CONVERGED,825,825,-,-,0.931162967950455,0.931163,0,0,0,0,Crowded,Crowded,Crowded,Crowded,0.43792004725441025,0.43792004726673284,91.3316956625754,91.3317,0.930950890911616,0.9286311,0,0,0.9776852362200378,0.9776852,0.0,0.0,-,1.110223e-15,0,0,4246,26000,0,0,4246
c1,tpy12,p[food]*1.05,1,False,CONVERGED,CONVERGED,1082,1082,-,-,0.9348404793227952,0.9348405,0,0,0,0,Crowded,Crowded,Crowded,Crowded,0.4379200472511371,0.4379200472667414,80.88835680937719,80.88836,0.9456791559686113,0.9456792,0,0,0.9749012898921458,0.9749013,0.0,0.0,-,5.218048e-15,0,0,4502,26000,0,0,4502
c1,tpy12,p[care]*1.05,1,False,CONVERGED,CONVERGED,564,564,-,-,0.9736771706302122,0.9736772,0,0,0,0,Crowded,Crowded,Crowded,Crowded,0.4379200472671264,0.43792004726673595,48.790164169432046,48.79016,0.9747670092722027,0.955533,0,0,0.9941383933214583,0.9941384,0.0,0.0,-,4.662937e-15,0,0,4001,26000,0,0,4001
c1,tpy12,p[manufactures]*0.8,2,False,CONVERGED,CONVERGED,972,972,-,-,0.7285747273450964,0.7285747,0,0,0,0,Crowded,Crowded,Crowded,Crowded,0.43792004725225886,0.4379200472667366,373.27765384105544,373.2777,0.7274053508234876,0.7274054,0,0,0.9016337882502969,0.9016338,0.0,0.0,-,5.551115e-15,0,0,4392,26000,0,0,4392
c1,tpy12,p[labour]*1.2,2,False,CONVERGED,CONVERGED,1058,1058,-,-,0.6835902606687794,0.6835903,0,0,3,3,Crowded,Crowded,Crowded,Crowded,0.43792004725318273,0.43792004726673334,405.556831172703,405.5568,0.6516891246105633,0.6516891,2,2,0.7881946749896759,0.7881947,0.03635353913049988,0.03635354,-,6.439294e-15,1,1,4472,25993,6,6,4479
c1,tpy12,p[care]*0.95,1,False,CONVERGED,CONVERGED,576,576,-,-,0.9283568333691498,0.9283568,0,0,0,0,Crowded,Crowded,Crowded,Crowded,0.4379200472613976,0.43792004726673495,90.58877618158591,90.58878,0.9302714520518803,0.9270335,0,0,0.9892376252660877,0.9892376,0.0,0.0,-,3.552714e-15,0,0,4001,26000,0,0,4001
c1,tpy12,p[land]*0.8,2,False,CONVERGED,CONVERGED,1045,1045,-,-,0.7191308605038892,0.7191309,0,0,2,2,Crowded,Crowded,Crowded,Crowded,0.4379200472530985,0.43792004726673334,410.4522694992727,410.4523,0.7253324259244857,0.7253324,0,0,0.7795971509423967,0.7795972,0.0,0.0,-,2.88658e-15,10,10,4456,25990,0,0,4466
c1,tpy12,p[care]*1.2,2,False,CONVERGED,CONVERGED,798,798,-,-,0.896229017516938,0.896229,0,0,0,0,Crowded,Crowded,Crowded,Crowded,0.4379200472535399,0.4379200472667331,182.32155679395458,182.3216,0.9096299386649992,0.8646591,0,0,0.9619202841437147,0.9619203,0.0,0.0,-,2.109424e-15,0,0,4219,26000,0,0,4219
c1,tpy12,p[food]*0.8,2,False,CONVERGED,CONVERGED,1306,1306,-,-,0.7090041415487159,0.7090041,0,0,3,3,Crowded,Crowded,Crowded,Crowded,0.43792004725352623,0.4379200472667278,376.4946666013855,376.4947,0.742920148187394,0.7429201,0,0,0.8439565710275875,0.8439566,0.0025953119794208668,0.002595312,-,4.884981e-15,1,1,4724,25997,2,2,4727
c1,tpy12,p[mach]*1.05,1,False,CONVERGED,CONVERGED,902,902,-,-,0.8379871214371629,0.8379871,0,0,0,0,Crowded,Crowded,Crowded,Crowded,0.4379200472544548,0.43792004726673056,176.7525468315552,176.7525,0.8343422877957901,0.8343423,0,0,0.9376715872062777,0.9376716,0.0,0.0,-,7.549517e-15,0,0,4277,26000,0,0,4277
c1,tpy12,p[food]*1.2,2,False,CONVERGED,CONVERGED,1460,1460,-,-,0.7689135995214459,0.7689136,0,0,0,0,Crowded,Crowded,Crowded,Crowded,0.4379200472529693,0.43792004726673417,262.776670117132,262.7767,0.8345184155503236,0.8318746,0,0,0.8947801866341657,0.8947802,0.0,0.0,-,2.109424e-15,0,0,4880,26000,0,0,4880
c1,tpy12,p[shelter]*0.95,1,False,CONVERGED,CONVERGED,1221,1221,-,-,0.8849892289614991,0.8849892,0,0,0,0,Crowded,Crowded,Crowded,Crowded,0.4379200472530158,0.4379200472667298,142.4218737318771,142.4219,0.9029125145713246,0.9029125,0,0,0.9495203757765583,0.9495204,0.0,0.0,-,5.329071e-15,0,0,4642,26000,0,0,4642
c1,tpy12,p[shelter]*1.2,2,False,CONVERGED,CONVERGED,1445,1445,-,-,0.6711090270142329,0.671109,0,0,0,0,Crowded,Crowded,Crowded,Crowded,0.43792004725352357,0.43792004726673256,447.3192899113205,447.3193,0.7364963360591734,0.7364963,0,0,0.8143132435103593,0.8143132,0.0,0.0,-,2.220446e-15,0,0,4866,26000,0,0,4866
c1,tpy12,p[shelter]*1.05,1,False,CONVERGED,CONVERGED,922,922,-,-,0.8965570239125226,0.896557,0,0,0,0,Crowded,Crowded,Crowded,Crowded,0.43792004725332406,0.43792004726673367,129.72996768530354,129.73,0.9192187635993745,0.9192188,0,0,0.9522780536827905,0.9522781,0.0,0.0,-,2.88658e-15,0,0,4343,26000,0,0,4343
c1,tpy12,p[mach]*0.95,1,False,CONVERGED,CONVERGED,1011,1011,-,-,0.7302466728091206,0.7302467,0,0,2,2,Crowded,Crowded,Crowded,Crowded,0.43792004725379563,0.43792004726672934,369.56619951270596,369.5662,0.7752288913709319,0.7752289,0,0,0.8780978076897007,0.8780978,0.0,0.0,-,6.439294e-15,1,1,4431,25999,0,0,4432
c1,tpy12,p[shelter]*0.8,2,False,CONVERGED,CONVERGED,1813,1813,-,-,0.6175159136477585,0.6175159,0,0,0,0,Crowded,Crowded,Crowded,Crowded,0.43792004725389794,0.43792004726672845,507.1277052625288,507.1277,0.6882661177449149,0.6882661,3,3,0.7732314941507714,0.7732315,0.0,0.0,-,4.662937e-15,0,0,5234,26000,0,0,5234
c1,tpy12,s[manufactures]*0.8,2,True,CONVERGED,CONVERGED,24,24,-,-,0.9999999999999867,1.0,0,0,0,0,Crowded,Crowded,Crowded,Crowded,0.43792004726673306,0.43792004726673456,175.5918499180843,175.5918,0.9999999999999887,1.0,0,0,0.999999999999995,1.0,0.0,0.0,-,1.776357e-15,0,0,4001,26000,0,0,4001
c1,tpy12,s[manufactures]*1.05,1,True,CONVERGED,CONVERGED,18,18,-,-,0.9999999999999867,1.0,0,0,0,0,Crowded,Crowded,Crowded,Crowded,0.43792004726673306,0.43792004726673456,39.47060135257019,39.4706,0.9999999999999887,1.0,0,0,0.999999999999995,1.0,0.0,0.0,-,1.776357e-15,0,0,4001,26000,0,0,4001
c1,tpy12,p[mach]*1.2,2,False,CONVERGED,CONVERGED,602,602,-,-,0.5938931368246007,0.5938931,0,0,4,4,Crowded,Crowded,Crowded,Crowded,0.43792004725451683,0.4379200472667317,521.055880139907,521.0559,0.5677004781238244,0.5677005,3,3,0.7275552578861378,0.7275553,0.015818491019304215,0.01581849,-,4.218847e-15,2,2,4016,25993,5,5,4023
c1,tpy12,s[food]*0.95,1,False,CONVERGED,CONVERGED,806,806,-,-,0.9151651137021903,0.9151651,0,0,0,0,Crowded,Crowded,Crowded,Crowded,0.4379200472526972,0.4379200472667387,89.06589458737761,89.06589,0.8992357313574194,0.8992357,0,0,0.9639290629868,0.9639291,0.0,0.0,-,2.442491e-15,0,0,4227,26000,0,0,4227
c1,tpy12,s[care]*0.8,2,False,CONVERGED,CONVERGED,813,813,-,-,0.8842310317020331,0.884231,0,0,0,0,Crowded,Crowded,Crowded,Crowded,0.4379200472545734,0.4379200472667354,175.5918499180843,175.5918,0.8611001084908245,0.8611001,0,0,0.9382748910531633,0.9382749,0.0,0.0,-,3.441691e-15,0,0,4234,26000,0,0,4234
c1,tpy12,s[care]*1.05,1,True,CONVERGED,CONVERGED,18,18,-,-,0.9999999999999867,1.0,0,0,0,0,Crowded,Crowded,Crowded,Crowded,0.43792004726673306,0.43792004726673456,39.47060135257019,39.4706,0.9999999999999887,1.0,0,0,0.999999999999995,1.0,0.0,0.0,-,1.776357e-15,0,0,4001,26000,0,0,4001
c1,tpy12,p[mach]*0.8,2,False,CONVERGED,CONVERGED,1114,1114,-,-,0.31493833782920555,0.3149383,22,22,6,6,Crowded,Crowded,Crowded,Crowded,0.4379200472531322,0.43792004726672934,1155.3784122417649,1155.378,0.469790963700113,0.469791,17,17,0.6589511007863857,0.6589511,0.16344045028736964,0.1634405,-,5.551115e-15,23,23,4494,25959,18,18,4535
c1,tpy12,s[manufactures]*0.95,1,True,CONVERGED,CONVERGED,18,18,-,-,0.9999999999999867,1.0,0,0,0,0,Crowded,Crowded,Crowded,Crowded,0.43792004726673306,0.43792004726673456,41.09277722118952,41.09278,0.9999999999999887,1.0,0,0,0.999999999999995,1.0,0.0,0.0,-,1.776357e-15,0,0,4001,26000,0,0,4001
c1,tpy12,s[food]*1.05,1,False,CONVERGED,CONVERGED,907,907,-,-,0.796457908603785,0.7964579,0,0,0,0,Crowded,Crowded,Crowded,Crowded,0.4379200472527511,0.4379200472667405,235.46052881610572,235.4605,0.8116582750269807,0.8116583,0,0,0.8823543059594834,0.8823543,0.0,0.0,-,9.547918e-15,0,0,4328,26000,0,0,4328
c1,tpy12,s[manufactures]*1.2,2,True,CONVERGED,CONVERGED,24,24,-,-,0.9999999999999867,1.0,0,0,0,0,Crowded,Crowded,Crowded,Crowded,0.43792004726673306,0.43792004726673456,149.3158664763649,149.3159,0.9999999999999887,1.0,0,0,0.999999999999995,1.0,0.0,0.0,-,1.776357e-15,0,0,4001,26000,0,0,4001
c1,tpy12,s[shelter]*0.8,2,False,CONVERGED,CONVERGED,369,369,-,-,0.9931222279421537,0.9931222,0,0,0,0,Crowded,Crowded,Crowded,Crowded,0.4379200472645563,0.43792004726673656,175.5918499180843,175.5918,0.9920359140437189,0.9920359,0,0,0.9973805454832082,0.9973805,0.0,0.0,-,3.330669e-15,0,0,4001,26000,0,0,4001
c1,tpy12,s[care]*1.2,2,True,CONVERGED,CONVERGED,24,24,-,-,0.9999999999999867,1.0,0,0,0,0,Crowded,Crowded,Crowded,Crowded,0.43792004726673306,0.43792004726673456,149.3158664763649,149.3159,0.9999999999999887,1.0,0,0,0.999999999999995,1.0,0.0,0.0,-,1.776357e-15,0,0,4001,26000,0,0,4001
c1,tpy12,JB(1.05),1,False,CONVERGED,CONVERGED,909,909,-,-,0.6553208423860679,0.6553208,0,0,6,6,Crowded,Crowded,Crowded,Crowded,0.4379200472535935,0.4379200472667281,482.8857094178799,482.8857,0.6865931727082426,0.6865932,0,0,0.801634107321052,0.8016341,0.02584828148801721,0.02584828,-,1.176836e-14,5,5,4322,25992,3,3,4330
c1,tpy12,s[shelter]*1.2,2,False,CONVERGED,CONVERGED,858,858,-,-,0.8117403473244001,0.8117403,0,0,0,0,Crowded,Crowded,Crowded,Crowded,0.4379200472535717,0.43792004726672856,208.57475926249074,208.5748,0.8172032124061559,0.8172032,0,0,0.915140266392528,0.9151403,0.0,0.0,-,7.327472e-15,0,0,4279,26000,0,0,4279
c1,tpy12,JA(1.2),2,False,CONVERGED,CONVERGED,782,782,-,-,0.6718377300787983,0.6718377,0,0,2,2,Crowded,Crowded,Crowded,Crowded,0.4379200472525811,0.4379200472667354,626.2766430767081,626.2766,0.5931157427901308,0.5931157,0,0,0.887036526261496,0.8870365,0.0,0.0,-,6.439294e-15,1,1,4202,25999,0,0,4203
c1,tpy12,s[care]*0.95,1,False,CONVERGED,CONVERGED,711,711,-,-,0.97099886932278,0.9709989,0,0,0,0,Crowded,Crowded,Crowded,Crowded,0.4379200472531557,0.437920047266729,41.09277722118952,41.09278,0.9644363453600058,0.9644363,0,0,0.986575066320501,0.9865751,0.0,0.0,-,2.88658e-15,0,0,4132,26000,0,0,4132
c1,tpy12,s[shelter]*0.95,1,False,CONVERGED,CONVERGED,370,370,-,-,0.9931222279421537,0.9931222,0,0,0,0,Crowded,Crowded,Crowded,Crowded,0.4379200472644261,0.4379200472667386,41.09277722118952,41.09278,0.9920359140437189,0.9920359,0,0,0.9973805454832082,0.9973805,0.0,0.0,-,3.996803e-15,0,0,4001,26000,0,0,4001
c1,tpy12,s[shelter]*1.05,1,False,CONVERGED,CONVERGED,908,908,-,-,0.9257087131700499,0.9257087,0,0,0,0,Crowded,Crowded,Crowded,Crowded,0.43792004725115735,0.437920047266732,77.83998412033414,77.83998,0.9272703323094817,0.9272703,0,0,0.9661495500523409,0.9661496,0.0,0.0,-,4.440892e-15,0,0,4329,26000,0,0,4329
c1,tpy12,s[food]*1.2,2,False,CONVERGED,CONVERGED,1006,1006,-,-,0.6075164219977633,0.6075164,0,0,6,6,Crowded,Crowded,Crowded,Crowded,0.437920047253516,0.43792004726673633,509.7468303694163,509.7468,0.6076103588429639,0.6076104,3,3,0.7767602206703941,0.7767602,0.028996182083421917,0.02899618,-,3.441691e-15,1,1,4421,25994,5,5,4427
c1,tpy12,s[food]*0.8,2,False,CONVERGED,CONVERGED,812,812,-,-,0.9585858270891366,0.9585858,0,0,0,0,Crowded,Crowded,Crowded,Crowded,0.4379200472511508,0.4379200472667397,175.5918499180843,175.5918,0.9634503099706432,0.9634503,0,0,0.9803510447805532,0.980351,0.0,0.0,-,3.996803e-15,0,0,4232,26000,0,0,4232
c1,tpy12,JA(0.8),2,False,CONVERGED,CONVERGED,1117,1117,-,-,0.28025505671989864,0.2802551,23,23,8,8,Crowded,Crowded,Crowded,Crowded,0.437920047253314,0.43792004726673595,1272.0551735890879,1272.055,0.40636325152215386,0.4063633,23,23,0.6345874854994182,0.6345875,0.18951247415328742,0.1895125,-,2.664535e-15,23,23,4492,25954,23,23,4538
c1,tpy12,JA(1.05),1,False,CONVERGED,CONVERGED,859,859,-,-,0.8074827919707921,0.8074828,0,0,0,0,Crowded,Crowded,Crowded,Crowded,0.43792004725355566,0.43792004726673184,213.83353436528088,213.8335,0.813471120354315,0.8134711,0,0,0.9292682371498932,0.9292682,0.0,0.0,-,1.332268e-15,0,0,4280,26000,0,0,4280
c1,tpy12,JB(0.95),1,False,CONVERGED,CONVERGED,858,858,-,-,0.5436418421810255,0.5436418,0,0,8,8,Crowded,Crowded,Crowded,Crowded,0.43792004725368605,0.4379200472667312,609.4646272960933,609.4646,0.575744097721097,0.5757441,2,2,0.7666801160520129,0.7666801,0.04420187534745601,0.04420188,-,1.9984009999999997e-15,1,1,4273,25994,5,5,4279
c1,tpy12,N(1.05),1,False,CONVERGED,CONVERGED,564,564,-,-,0.9303377082707873,0.9303377,0,0,0,0,Crowded,Crowded,Crowded,Crowded,0.43792004726717154,0.4379200472667301,72.20763157666084,72.20763,0.9583614132169527,0.9274394,0,0,0.9670936500347063,0.9670937,0.0,0.0,-,1.065814e-14,0,0,4001,26000,0,0,4001
c1,tpy12,JA(0.95),1,False,CONVERGED,CONVERGED,1007,1007,-,-,0.7430559238286814,0.7430559,0,0,0,0,Crowded,Crowded,Crowded,Crowded,0.43792004725118716,0.4379200472667319,350.1753470276706,350.1753,0.7884053304192589,0.7884053,0,0,0.907246296962463,0.9072463,0.0,0.0,-,1.554312e-15,0,0,4427,26000,0,0,4427
c1,tpy12,N(0.95),1,False,CONVERGED,CONVERGED,912,912,-,-,0.9284869999711082,0.928487,0,0,0,0,Crowded,Crowded,Crowded,Crowded,0.4379200472534591,0.43792004726674333,74.99424694515686,74.99425,0.9024303153055959,0.9024303,0,0,0.9667100065827813,0.96671,0.0,0.0,-,7.660539e-15,0,0,4333,26000,0,0,4333
c1,tpy12,JB(1.2),2,False,CONVERGED,CONVERGED,1114,1114,-,-,0.4054385049034458,0.4054385,17,17,6,6,Crowded,Crowded,Crowded,Crowded,0.437920047251014,0.43792004726673356,967.2391657054263,967.2392,0.4979930965007826,0.4979931,16,16,0.6789797302362577,0.6789797,0.12651100581144314,0.126511,-,2.88658e-15,18,18,4499,25965,17,17,4534
c1,tpy12,JB(0.8),2,False,CONVERGED,CONVERGED,1105,1105,-,-,0.18992709365095023,0.1899271,12,12,7,7,Crowded,Crowded,Crowded,Crowded,0.43792004725315015,0.4379200472667322,1814.0554115681982,1814.055,0.1302000832324851,0.1302001,14,14,0.46287359106427134,0.4628736,0.15373511246269045,0.1537351,-,4.218847e-15,18,18,4497,25971,11,11,4526
c1,tpy12,RC(0.95),1,False,CONVERGED,CONVERGED,1163,1163,-,-,0.7896647360301818,0.7896647,0,0,0,0,Crowded,Crowded,Crowded,Crowded,0.4379200472544284,0.4379200472667351,267.19100691533015,267.191,0.8577458753610903,0.8577459,0,0,0.8899926404457943,0.8899926,0.0,0.0,-,8.326673e-15,0,0,4584,26000,0,0,4584
c1,tpy12,N(0.8),2,False,CONVERGED,CONVERGED,1009,1009,-,-,0.664695795992746,0.6646958,0,0,2,2,Crowded,Crowded,Crowded,Crowded,0.4379200472532026,0.4379200472667269,418.5187741157548,418.5188,0.5996823985412377,0.5996824,0,0,0.8462321015663992,0.8462321,0.00857044041964894,0.00857044,-,4.218847e-15,0,0,4429,25999,1,1,4430
c1,tpy12,N(1.2),2,False,CONVERGED,CONVERGED,811,811,-,-,0.7561819789477567,0.756182,0,0,0,0,Crowded,Crowded,Crowded,Crowded,0.4379200472511641,0.4379200472667353,279.4732188754462,279.4732,0.8533858356228693,0.7558547,0,0,0.863526302662648,0.8635263,0.0,0.0,-,4.440892e-15,0,0,4231,26000,0,0,4231
c1,tpy12,RC(1.05),1,False,CONVERGED,CONVERGED,1458,1458,-,-,0.8128801163496893,0.8128801,0,0,0,0,Crowded,Crowded,Crowded,Crowded,0.43792004725236017,0.4379200472667367,223.89501468875295,223.895,0.8618952944241398,0.8618953,0,0,0.9101698296479638,0.9101698,0.0,0.0,-,9.992007e-15,0,0,4878,26000,0,0,4878
c1,tpy12,commons=26.73@genesis,2,False,CONVERGED,CONVERGED,519,519,-,-,0.7723171397436553,0.7723171,0,0,0,0,Commons,Commons,Commons,Commons,0.0,0.0,259.722388888021,259.7224,0.7223116994527325,0.7223117,0,0,0.936847642504109,0.9368476,0.0,0.0,-,2.109424e-15,4001,26000,0,0,0,0,4001
c1,tpy12,RC(0.8),2,False,CONVERGED,CONVERGED,1360,1360,-,-,0.26679075956053716,0.2667908,10,10,12,12,Crowded,Crowded,Crowded,Crowded,0.4379200472523984,0.4379200472667337,1321.2905998712708,1321.291,0.48386300290241574,0.483863,25,25,0.6999683463596188,0.6999683,0.1446502221822099,0.1446502,-,3.219647e-15,14,14,4740,25960,26,26,4780
c1,tpy12,b.food=0.66@genesis,2,False,CONVERGED,CONVERGED,1023,1023,-,-,0.7947804541635708,0.7947805,0,0,0,0,Crowded,Crowded,Crowded,Crowded,0.6331821024362742,0.6331821024425076,255.82253334276515,255.8225,0.8469734814483868,0.8441091,0,0,0.8839643049197072,0.8839643,0.0,0.0,-,6.8833830000000005e-15,0,0,4347,26000,0,0,4347
c1,tpy12,land.mach=0.44@genesis,2,False,CONVERGED,CONVERGED,962,962,-,-,0.5833017915420918,0.5833018,0,0,4,4,Crowded,Crowded,Crowded,Crowded,0.21948636806494262,0.21948636806995292,615.7090138432598,615.709,0.6565535253561144,0.6565535,0,0,0.8127783230506364,0.8127783,0.0,0.0,-,3.996803e-15,19,19,4359,25981,0,0,4378
c1,tpy12,RC(1.2),2,False,CONVERGED,CONVERGED,1931,1931,-,-,0.4585073779792771,0.4585074,1,1,4,4,Crowded,Crowded,Crowded,Crowded,0.4379200472522741,0.43792004726673345,779.7788958572289,779.7789,0.5743483275538435,0.5743483,8,8,0.7322678679583833,0.7322679,0.05014889151303503,0.05014889,-,4.662937e-15,2,2,5338,25987,11,11,5351
c1,tpy12,land.mach=0.36@genesis,2,False,CONVERGED,CONVERGED,647,647,-,-,0.9378048700309206,0.9378049,0,0,0,0,Crowded,Crowded,Crowded,Crowded,0.6569881384787155,0.6569881384969795,124.62617661571369,124.6262,0.9553803459462604,0.9186232,0,0,0.9911127822778706,0.9911128,0.0,0.0,-,5.107026e-15,0,0,4118,26000,0,0,4118
c1,tpy12,b.food=0.54@genesis,2,False,CONVERGED,CONVERGED,862,862,-,-,0.8556050564968425,0.8556051,0,0,0,0,Crowded,Crowded,Crowded,Crowded,0.23810539697778826,0.23810539533337458,155.94639190724192,155.9464,0.8992828083927362,0.8992828,0,0,0.9440099993950531,0.94401,0.0,0.0,-,9.769963000000001e-15,0,0,4281,26000,0,0,4281
c1,tpy12,commons=21.87@genesis,2,False,CONVERGED,CONVERGED,1646,1646,-,-,0.7977216170394323,0.7977216,0,0,0,0,Enclosed,Enclosed,Enclosed,Enclosed,1.0,1.0,235.38620460377405,235.3862,0.7584537657788963,0.7584538,0,0,0.8909040489375849,0.890904,0.19310571218814077,0.1931057,-,7.993606e-15,0,0,0,0,5898,26000,5898
c1,tpy12,land.mach=0.36@dated,2,False,CONVERGED,CONVERGED,625,625,-,-,0.937804870030919,0.9378049,0,0,0,0,Crowded,Crowded,Crowded,Crowded,0.6569881384797033,0.6569881384969821,124.62617661571251,124.6262,0.9553803459462608,0.9179791,0,0,0.9909062564648029,0.9909063,0.0,0.0,-,5.440093e-15,0,0,4096,26000,0,0,4096
c1,tpy12,b.food=0.66@dated,2,False,CONVERGED,CONVERGED,1120,1120,-,-,0.8020668275510909,0.8020668,0,0,0,0,Crowded,Crowded,Crowded,Crowded,0.6331821024357341,0.633182102442501,236.59402059216117,236.594,0.8482828239382347,0.8482828,0,0,0.8895398820511736,0.8895399,0.0,0.0,-,6.439294e-15,0,0,4396,26000,0,0,4396
c1,tpy12,commons=26.73@dated,2,False,CONVERGED,CONVERGED,619,619,-,-,0.680505372781177,0.6805054,0,0,0,0,Commons,Commons,Commons,Commons,0.0,0.0,385.5888972066304,385.5889,0.6364444954095374,0.6364445,0,0,0.8433106008996478,0.8433106,0.0,0.0,-,5.77316e-15,4001,26000,0,0,0,0,4001
c1,tpy12,b.food=0.54@dated,2,False,CONVERGED,CONVERGED,864,864,-,-,0.8552608096619816,0.8552608,0,0,0,0,Crowded,Crowded,Crowded,Crowded,0.2381053968785152,0.23810539533337924,156.34881602045357,156.3488,0.8986891744606996,0.8986892,0,0,0.9437137895374822,0.9437138,0.0,0.0,-,7.327472e-15,0,0,4856,26000,0,0,4856
c1,tpy12,land.mach=0.44@dated,2,False,CONVERGED,CONVERGED,961,961,-,-,0.5818866654665761,0.5818867,0,0,4,4,Crowded,Crowded,Crowded,Crowded,0.21948636806341373,0.21948636806996483,616.8098006278461,616.8098,0.6530850807682455,0.6530851,0,0,0.8116351240389664,0.8116351,0.0,0.0,-,1.154632e-14,20,20,4310,25980,0,0,4330
c1,tpy12,commons=21.87@dated,2,False,CONVERGED,CONVERGED,1646,1646,-,-,0.7977877876184476,0.7977878,0,0,0,0,Enclosed,Enclosed,Enclosed,Enclosed,1.0,1.0,235.38620460377885,235.3862,0.7588884506263167,0.7588885,0,0,0.8908491443358384,0.8908491,0.19310986709505085,0.1931099,-,1.6209260000000002e-14,0,0,0,0,5898,26000,5898
c1,tpy365,p[land]*0.95,1,False,CONVERGED,CONVERGED,1390,1390,-,-,0.9426059962111974,0.942606,0,0,0,0,Crowded,Crowded,Crowded,Crowded,0.4379200676875568,0.43792004726671063,59.10690315988844,59.1069,0.9465523422923267,0.9465523,0,0,0.8815612875631721,0.8815613,0.0,0.0,-,5.040413e-14,0,0,6225,1113000,0,0,6225
c1,tpy365,p[food]*1.05,1,False,CONVERGED,CONVERGED,1007,1007,-,-,0.9592853625854048,0.9592854,0,0,0,0,Crowded,Crowded,Crowded,Crowded,0.43792006146479256,0.4379200472667019,48.790164169432046,48.79016,0.968215102028446,0.9537025,0,0,0.9442000965781088,0.9442001,0.0,0.0,-,4.13003e-14,0,0,5877,1113000,0,0,5877
c1,tpy365,p[manufactures]*1.2,2,False,CONVERGED,CONVERGED,1917,1917,-,-,0.9677877043028394,0.9677877,0,0,0,0,Crowded,Crowded,Crowded,Crowded,0.437920075716632,0.437920047266733,182.32155679395458,182.3216,0.96637134118073,0.8950908,0,0,0.9277650068302926,0.927765,0.0,0.0,-,4.596323e-14,0,0,5957,1113000,0,0,5957
c1,tpy365,p[labour]*0.95,1,False,CONVERGED,CONVERGED,2194,2194,-,-,0.7887879076698195,0.7887879,0,0,0,0,Crowded,Crowded,Crowded,Crowded,0.4379200482571329,0.4379200472667453,242.986879900907,242.9869,0.7192333150401593,0.7192333,0,0,0.5478142962693249,0.5478143,0.0,0.0,-,3.264056e-14,0,0,7010,1113000,0,0,7010
c1,tpy365,p[labour]*1.05,1,False,CONVERGED,CONVERGED,2195,2195,-,-,0.8777650663655117,0.8777651,0,0,0,0,Crowded,Crowded,Crowded,Crowded,0.4379200472459015,0.4379200472667406,133.33145955537793,133.3315,0.8390208740069404,0.8390209,0,0,0.7631056953988445,0.7631057,0.0,0.0,-,3.28626e-14,0,0,6884,1113000,0,0,6884
c1,tpy365,p[labour]*0.8,2,False,CONVERGED,CONVERGED,2051,2051,-,-,0.3386531355784559,0.3386531,210,210,3,3,Crowded,Crowded,Crowded,Crowded,0.4379200663743953,0.4379200472667156,1100.526053075747,1100.526,0.2546350637658402,0.2546351,324,324,0.07222226828789331,0.07222227,0.004410366885032352,0.004410367,-,4.596323e-14,66,66,6547,1112620,314,314,6927
c1,tpy365,p[land]*1.05,1,False,CONVERGED,CONVERGED,2466,2466,-,-,0.8427153405508412,0.8427153,0,0,0,0,Crowded,Crowded,Crowded,Crowded,0.4379200766464209,0.43792004726672984,171.1260523220057,171.1261,0.8239649904158922,0.823965,0,0,0.566967467655582,0.5669675,0.0,0.0,-,3.019807e-14,0,0,6658,1113000,0,0,6658
c1,tpy365,p[care]*1.05,1,False,CONVERGED,CONVERGED,853,853,-,-,0.9859597016628519,0.9859597,0,0,0,0,Crowded,Crowded,Crowded,Crowded,0.43792004898144865,0.4379200472667237,48.790164169432046,48.79016,0.981914974894367,0.9615054,0,0,0.9756690288950213,0.975669,0.0,0.0,-,3.68594e-14,0,0,5727,1113000,0,0,5727
c1,tpy365,p[labour]*1.2,2,False,CONVERGED,CONVERGED,2219,2219,-,-,0.7223111659333352,0.7223112,0,0,1,1,Crowded,Crowded,Crowded,Crowded,0.4379200481240289,0.4379200472667247,334.90809668610945,334.9081,0.6528244276920322,0.6528244,0,0,0.3716087005321384,0.3716087,0.0,0.0,-,4.4630970000000003e-14,23,23,7026,1112977,0,0,7049
c1,tpy365,p[manufactures]*0.95,1,False,CONVERGED,CONVERGED,1339,1339,-,-,0.9336026585207781,0.9336027,0,0,0,0,Crowded,Crowded,Crowded,Crowded,0.4379200607101577,0.4379200472666972,68.70435041232643,68.70435,0.9329644914828924,0.9329645,0,0,0.9373856626848136,0.9373857,0.0,0.0,-,4.263256e-14,0,0,6197,1113000,0,0,6197
c1,tpy365,p[manufactures]*1.05,1,False,CONVERGED,CONVERGED,886,886,-,-,0.9917593827556482,0.9917594,0,0,0,0,Crowded,Crowded,Crowded,Crowded,0.437920049553951,0.4379200472666908,48.790164169432046,48.79016,0.9913765330037333,0.9710179,0,0,0.981877660580558,0.9818777,0.0,0.0,-,3.663736e-14,0,0,5720,1113000,0,0,5720
c1,tpy365,p[manufactures]*0.8,2,False,CONVERGED,CONVERGED,2456,2456,-,-,0.7374944136869284,0.7374944,0,0,0,0,Crowded,Crowded,Crowded,Crowded,0.43792004791114386,0.4379200472667461,304.49676545864196,304.4968,0.7356807438978468,0.7356807,0,0,0.7313682418064277,0.7313682,0.0,0.0,-,3.4194870000000004e-14,0,0,7265,1113000,0,0,7265
c1,tpy365,p[food]*0.95,1,False,CONVERGED,CONVERGED,2308,2308,-,-,0.9354891750687211,0.9354892,0,0,0,0,Crowded,Crowded,Crowded,Crowded,0.43792007740177824,0.4379200472667547,66.68570461369947,66.6857,0.9283146675706159,0.9283147,0,0,0.8769065456425178,0.8769065,0.0,0.0,-,3.019807e-14,0,0,6282,1113000,0,0,6282
c1,tpy365,p[food]*1.2,2,False,CONVERGED,CONVERGED,2104,2104,-,-,0.8534820791199417,0.8534821,0,0,0,0,Crowded,Crowded,Crowded,Crowded,0.4379200477682552,0.4379200472667482,182.3215567939544,182.3216,0.8855276618206868,0.8371981,0,0,0.7826255639778814,0.7826256,0.0,0.0,-,3.08642e-14,0,0,6906,1113000,0,0,6906
c1,tpy365,p[care]*0.95,1,False,CONVERGED,CONVERGED,1166,1166,-,-,0.9306697338621324,0.9306697,0,0,0,0,Crowded,Crowded,Crowded,Crowded,0.43792005532197836,0.4379200472667364,71.8508080762807,71.85081,0.9282049911725736,0.928205,0,0,0.958546270640284,0.9585463,0.0,0.0,-,3.885781e-14,0,0,6050,1113000,0,0,6050
c1,tpy365,p[land]*1.2,2,False,CONVERGED,CONVERGED,2635,2635,-,-,0.29197083901557497,0.2919708,287,287,2,2,Crowded,Crowded,Crowded,Crowded,0.4379200489355407,0.4379200472667404,1231.1013480858517,1231.101,0.3776939302455834,0.3776939,420,420,0.08338755108090963,0.08338755,0.0059244867012835795,0.005924487,-,2.6201260000000002e-14,0,0,7091,1112620,380,380,7471
c1,tpy365,p[care]*1.2,2,False,CONVERGED,CONVERGED,2140,2140,-,-,0.9286365722895472,0.9286366,0,0,0,0,Crowded,Crowded,Crowded,Crowded,0.43792007729171145,0.4379200472667439,182.32155679395458,182.3216,0.9188893650018484,0.8807588,0,0,0.8297535619014487,0.8297536,0.0,0.0,-,4.263256e-14,0,0,6157,1113000,0,0,6157
c1,tpy365,p[care]*0.8,2,False,CONVERGED,CONVERGED,2518,2518,-,-,0.7320370873045416,0.7320371,0,0,0,0,Crowded,Crowded,Crowded,Crowded,0.43792007784517173,0.43792004726675243,311.92410058770247,311.9241,0.7278752310577359,0.7278752,0,0,0.8351503958637545,0.8351504,0.0,0.0,-,3.019807e-14,0,0,6555,1113000,0,0,6555
c1,tpy365,p[land]*0.8,2,False,CONVERGED,CONVERGED,3075,3075,-,-,0.7692993563695009,0.7692994,0,0,2,2,Crowded,Crowded,Crowded,Crowded,0.4379200478528634,0.43792004726675615,379.03466973572114,379.0347,0.7819092689235496,0.7819093,0,0,0.5091329311343199,0.5091329,0.0,0.0,-,2.842171e-14,253,253,7615,1112747,0,0,7868
c1,tpy365,p[food]*0.8,2,False,CONVERGED,CONVERGED,2967,2967,-,-,0.7124639905250741,0.712464,0,0,3,3,Crowded,Crowded,Crowded,Crowded,0.4379200471593283,0.437920047266739,339.0259077304315,339.0259,0.7262864040003908,0.7262864,0,0,0.25851636294987895,0.2585164,0.0008486210803341082,0.0008486211,-,3.774758e-14,26,26,7526,1112814,160,160,7712
c1,tpy365,s[manufactures]*1.05,1,True,CONVERGED,CONVERGED,549,549,-,-,0.9999999999999964,1.0,0,0,0,0,Crowded,Crowded,Crowded,Crowded,0.43792004726673134,0.4379200472667317,48.45210812105736,48.45211,0.9999999999999964,1.0,0,0,1.0,1.0,0.0,0.0,-,1.554312e-14,0,0,4001,1113000,0,0,4001
c1,tpy365,p[shelter]*0.95,1,False,CONVERGED,CONVERGED,1070,1070,-,-,0.9329697500647139,0.9329698,0,0,0,0,Crowded,Crowded,Crowded,Crowded,0.43792007273456085,0.4379200472667013,69.38250088471996,69.3825,0.9197375986894225,0.9197376,0,0,0.9137381096099052,0.9137381,0.0,0.0,-,5.506706e-14,0,0,5840,1113000,0,0,5840
c1,tpy365,s[care]*1.05,1,True,CONVERGED,CONVERGED,549,549,-,-,0.9999999999999964,1.0,0,0,0,0,Crowded,Crowded,Crowded,Crowded,0.43792004726673134,0.4379200472667317,48.45210812105736,48.45211,0.9999999999999964,1.0,0,0,1.0,1.0,0.0,0.0,-,1.554312e-14,0,0,4001,1113000,0,0,4001
c1,tpy365,s[manufactures]*1.2,2,True,CONVERGED,CONVERGED,743,743,-,-,0.9999999999999964,1.0,0,0,0,0,Crowded,Crowded,Crowded,Crowded,0.43792004726673134,0.4379200472667317,181.13786030306684,181.1379,0.9999999999999964,1.0,0,0,1.0,1.0,0.0,0.0,-,1.554312e-14,0,0,4001,1113000,0,0,4001
c1,tpy365,p[shelter]*1.05,1,False,CONVERGED,CONVERGED,2188,2188,-,-,0.9592273408558455,0.9592273,0,0,0,0,Crowded,Crowded,Crowded,Crowded,0.437920070794042,0.43792004726669553,48.790164169432046,48.79016,0.9674315700106685,0.9541589,0,0,0.9103265564035314,0.9103266,0.0,0.0,-,5.240253e-14,0,0,6332,1113000,0,0,6332
c1,tpy365,s[manufactures]*0.95,1,True,CONVERGED,CONVERGED,549,549,-,-,0.9999999999999964,1.0,0,0,0,0,Crowded,Crowded,Crowded,Crowded,0.43792004726673134,0.4379200472667317,50.91978640343724,50.91979,0.9999999999999964,1.0,0,0,1.0,1.0,0.0,0.0,-,1.54321e-14,0,0,4001,1113000,0,0,4001
c1,tpy365,s[manufactures]*0.8,2,True,CONVERGED,CONVERGED,743,743,-,-,0.9999999999999964,1.0,0,0,0,0,Crowded,Crowded,Crowded,Crowded,0.43792004726673134,0.4379200472667317,221.37062957136183,221.3706,0.9999999999999964,1.0,0,0,1.0,1.0,0.0,0.0,-,1.54321e-14,0,0,4001,1113000,0,0,4001
c1,tpy365,p[shelter]*1.2,2,False,CONVERGED,CONVERGED,2660,2660,-,-,0.8564416075946438,0.8564416,0,0,0,0,Crowded,Crowded,Crowded,Crowded,0.4379200771544838,0.43792004726671,182.32155679395458,182.3216,0.8835781533958288,0.8386106,0,0,0.6492618801219057,0.6492619,0.0,0.0,-,4.4630970000000003e-14,0,0,6873,1113000,0,0,6873
c1,tpy365,s[care]*1.2,2,True,CONVERGED,CONVERGED,743,743,-,-,0.9999999999999964,1.0,0,0,0,0,Crowded,Crowded,Crowded,Crowded,0.43792004726673134,0.4379200472667317,181.13786030306684,181.1379,0.9999999999999964,1.0,0,0,1.0,1.0,0.0,0.0,-,1.554312e-14,0,0,4001,1113000,0,0,4001
c1,tpy365,p[shelter]*0.8,2,False,CONVERGED,CONVERGED,2143,2143,-,-,0.717751159458862,0.7177512,0,0,0,0,Crowded,Crowded,Crowded,Crowded,0.4379200483213635,0.4379200472667474,331.6323445745889,331.6323,0.6925271883952856,0.6925272,0,0,0.5693071935988395,0.5693072,0.0,0.0,-,2.708944e-14,0,0,6957,1113000,0,0,6957
c1,tpy365,s[food]*0.95,1,False,CONVERGED,CONVERGED,2077,2077,-,-,0.9206564596656703,0.9206565,0,0,0,0,Crowded,Crowded,Crowded,Crowded,0.4379200769661668,0.43792004726675315,84.67233485954337,84.67233,0.8908018240657126,0.8908018,0,0,0.8514562884995276,0.8514563,0.0,0.0,-,3.219647e-14,0,0,6071,1113000,0,0,6071
c1,tpy365,p[mach]*1.05,1,False,CONVERGED,CONVERGED,2117,2117,-,-,0.8197339357994065,0.8197339,0,0,0,0,Crowded,Crowded,Crowded,Crowded,0.43792004819635133,0.43792004726673067,198.77545991245273,198.7755,0.7699638245214753,0.7699638,0,0,0.721012444573062,0.7210124,0.0,0.0,-,3.5527140000000005e-14,0,0,6946,1113000,0,0,6946
c1,tpy365,p[mach]*0.95,1,False,CONVERGED,CONVERGED,2385,2385,-,-,0.6711053600026422,0.6711054,0,0,2,2,Crowded,Crowded,Crowded,Crowded,0.437920048584807,0.43792004726674305,409.87199328794986,409.872,0.6505670521719249,0.6505671,91,91,0.10100165535883432,0.1010017,0.001759156450458571,0.001759156,-,3.019807e-14,0,0,7002,1112801,199,199,7201
c1,tpy365,s[food]*1.05,1,False,CONVERGED,CONVERGED,2190,2190,-,-,0.7847371325186662,0.7847371,0,0,0,0,Crowded,Crowded,Crowded,Crowded,0.43792004796251216,0.43792004726673456,267.32183658114053,267.3218,0.769812988171093,0.769813,0,0,0.7362477423268875,0.7362477,0.0,0.0,-,4.862777e-14,0,0,6999,1113000,0,0,6999
c1,tpy365,p[mach]*1.2,2,False,CONVERGED,CONVERGED,2273,2273,-,-,0.5037592244878836,0.5037592,0,0,0,0,Crowded,Crowded,Crowded,Crowded,0.43792004877676166,0.4379200472667247,685.6568542504216,685.6569,0.42223488681827626,0.4222349,58,58,0.09210370640378264,0.09210371,0.0,0.0,-,3.708145e-14,0,0,7109,1113000,0,0,7109
c1,tpy365,s[food]*0.8,2,False,CONVERGED,CONVERGED,2003,2003,-,-,0.9401126386078236,0.9401126,0,0,0,0,Crowded,Crowded,Crowded,Crowded,0.43792007482105777,0.43792004726674816,221.37062957136183,221.3706,0.928881336431761,0.9288813,0,0,0.8792446925208955,0.8792447,0.0,0.0,-,4.618528e-14,0,0,6128,1113000,0,0,6128
c1,tpy365,s[shelter]*0.95,1,False,CONVERGED,CONVERGED,726,726,-,-,0.9933791875110233,0.9933792,0,0,0,0,Crowded,Crowded,Crowded,Crowded,0.4379200483364914,0.4379200472667472,50.91978640343724,50.91979,0.9907254062549378,0.9907254,0,0,0.9875227685393487,0.9875228,0.0,0.0,-,2.642331e-14,0,0,5649,1113000,0,0,5649
c1,tpy365,s[care]*0.95,1,False,CONVERGED,CONVERGED,977,977,-,-,0.9718676971847088,0.9718677,0,0,0,0,Crowded,Crowded,Crowded,Crowded,0.4379200545019818,0.4379200472667063,50.91978640343724,50.91979,0.9605829300032795,0.9605829,0,0,0.9513197579046453,0.9513198,0.0,0.0,-,4.374279e-14,0,0,5857,1113000,0,0,5857
c1,tpy365,s[shelter]*1.05,1,False,CONVERGED,CONVERGED,1052,1052,-,-,0.9474455610294682,0.9474456,0,0,0,0,Crowded,Crowded,Crowded,Crowded,0.43792005976858395,0.4379200472667115,59.191250188014365,59.19125,0.9426815649460352,0.9426816,0,0,0.9445439376293279,0.9445439,0.0,0.0,-,4.0190070000000003e-14,0,0,5919,1113000,0,0,5919
c1,tpy365,s[shelter]*0.8,2,False,CONVERGED,CONVERGED,738,738,-,-,0.9933791875110233,0.9933792,0,0,0,0,Crowded,Crowded,Crowded,Crowded,0.4379200483251122,0.437920047266661,221.37062957136183,221.3706,0.9907254062549378,0.9907254,0,0,0.9875227685393487,0.9875228,0.0,0.0,-,3.019807e-14,0,0,5627,1113000,0,0,5627
c1,tpy365,p[mach]*0.8,2,False,CONVERGED,CONVERGED,2671,2671,-,-,0.13437160790162822,0.1343716,606,606,2,2,Crowded,Crowded,Crowded,Crowded,0.4379200709778793,0.43792004726669453,2267.2043604618093,2267.204,0.22267824383558324,0.2226782,644,644,0.0649231506394332,0.06492315,0.008269894773922135,0.008269895,-,5.351275e-14,0,0,7006,1112492,508,508,7514
c1,tpy365,JA(1.05),1,False,CONVERGED,CONVERGED,2092,2092,-,-,0.7423784630284674,0.7423785,0,0,0,0,Crowded,Crowded,Crowded,Crowded,0.4379200472506816,0.43792004726675077,300.6471196544789,300.6471,0.7754520687188265,0.7754521,0,0,0.7631839114927207,0.7631839,0.0,0.0,-,3.175238e-14,0,0,6813,1113000,0,0,6813
c1,tpy365,s[shelter]*1.2,2,False,CONVERGED,CONVERGED,2082,2082,-,-,0.8114034244919255,0.8114034,0,0,0,0,Crowded,Crowded,Crowded,Crowded,0.43792004710338756,0.4379200472667428,229.51040128167486,229.5104,0.7979704642358504,0.7979705,0,0,0.7954587219340382,0.7954587,0.0,0.0,-,3.730349e-14,0,0,6764,1113000,0,0,6764
c1,tpy365,JB(1.05),1,False,CONVERGED,CONVERGED,2462,2462,-,-,0.5839421842867232,0.5839422,0,0,2,2,Crowded,Crowded,Crowded,Crowded,0.4379200486524549,0.43792004726676087,537.9533005637202,537.9533,0.5415542566395392,0.5415543,162,162,0.09471736544400262,0.09471737,0.0023985954541273086,0.002398595,-,3.153033e-14,0,0,7052,1112767,233,233,7285
c1,tpy365,N(1.05),1,False,CONVERGED,CONVERGED,1410,1410,-,-,0.9187042799638983,0.9187043,0,0,0,0,Crowded,Crowded,Crowded,Crowded,0.4379200482658361,0.4379200472667429,91.85326870360572,91.85327,0.9507885528831237,0.9333333,0,0,0.8362943220062463,0.8362943,0.0,0.0,-,3.019807e-14,0,0,6413,1113000,0,0,6413
c1,tpy365,s[care]*0.8,2,False,CONVERGED,CONVERGED,2117,2117,-,-,0.87857214269153,0.8785721,0,0,0,0,Crowded,Crowded,Crowded,Crowded,0.43792004724091693,0.4379200472667458,221.37062957136183,221.3706,0.8353541127607217,0.8353541,0,0,0.7722918994247032,0.7722919,0.0,0.0,-,3.264056e-14,0,0,6806,1113000,0,0,6806
c1,tpy365,JB(1.2),2,False,CONVERGED,CONVERGED,2437,2437,-,-,0.22207360786276037,0.2220736,417,417,2,2,Crowded,Crowded,Crowded,Crowded,0.43792005663832145,0.4379200472667174,1504.74638511666,1504.746,0.33641923237295157,0.3364192,522,522,0.07752167012370607,0.07752167,0.006917937978584435,0.006917938,-,4.596323e-14,0,0,6781,1112514,486,486,7267
c1,tpy365,JA(1.2),2,False,CONVERGED,CONVERGED,2201,2201,-,-,0.3473987801079743,0.3473988,22,22,0,0,Crowded,Crowded,Crowded,Crowded,0.43792004843690113,0.4379200472667406,1079.7835059341285,1079.784,0.4131414439955138,0.4131414,20,20,0.10482170562980594,0.1048217,0.0,0.0,-,3.153033e-14,0,0,7019,1113000,0,0,7019
c1,tpy365,N(1.2),2,False,CONVERGED,CONVERGED,1711,1711,-,-,0.738470113474007,0.7384701,0,0,0,0,Crowded,Crowded,Crowded,Crowded,0.43792005214310203,0.437920047266677,330.6275942390958,330.6276,0.8453573787248043,0.7777778,0,0,0.33935879974961103,0.3393588,0.0,0.0,-,4.6629370000000005e-14,0,0,6661,1113000,0,0,6661
c1,tpy365,N(0.95),1,False,CONVERGED,CONVERGED,2160,2160,-,-,0.9463258565494468,0.9463259,0,0,0,0,Crowded,Crowded,Crowded,Crowded,0.4379200486274606,0.43792004726666034,55.16831200160415,55.16831,0.9231828594254335,0.9231829,0,0,0.8709326197846038,0.8709326,0.0,0.0,-,3.397282e-14,0,0,6997,1113000,0,0,6997
c1,tpy365,s[food]*1.2,2,False,CONVERGED,CONVERGED,2278,2278,-,-,0.4124486580800197,0.4124487,18,18,2,2,Crowded,Crowded,Crowded,Crowded,0.43792004849528543,0.4379200472667248,988.8340103899449,988.834,0.4021098400297187,0.4021098,0,0,0.24740901772715712,0.247409,0.00114121322142538,0.001141213,-,3.863576e-14,0,0,7009,1112907,93,93,7102
c1,tpy365,JB(0.8),2,False,CONVERGED,CONVERGED,3045,3045,-,-,0.16832019966837697,0.1683202,141,141,4,4,Crowded,Crowded,Crowded,Crowded,0.43792007436779806,0.43792004726673717,2024.7567883687166,2024.757,0.09810237190579427,0.09810237,291,291,0.05209221427503131,0.05209221,0.0006694516709031123,0.0006694517,-,4.9515950000000003e-14,377,377,6721,1112563,60,60,7158
c1,tpy365,N(0.8),2,False,CONVERGED,CONVERGED,2043,2043,-,-,0.7546203458464659,0.7546203,0,0,2,2,Crowded,Crowded,Crowded,Crowded,0.4379200558743726,0.4379200472666979,281.5405093896633,281.5405,0.6883547429097817,0.6883547,0,0,0.3951980755404056,0.3951981,0.0006018659071830718,0.0006018659,-,4.751755e-14,0,0,6877,1112914,86,86,6963
c1,tpy365,JA(0.95),1,False,CONVERGED,CONVERGED,2355,2355,-,-,0.7142279855646254,0.714228,0,0,2,2,Crowded,Crowded,Crowded,Crowded,0.4379200485705566,0.43792004726671996,372.3797549721652,372.3798,0.6715670042538291,0.671567,48,48,0.10458524027786609,0.1045852,0.0016425172901933932,0.001642517,-,4.218847e-14,0,0,6974,1112806,194,194,7168
c1,tpy365,RC(1.05),1,False,CONVERGED,CONVERGED,2094,2094,-,-,0.8644494761533998,0.8644495,0,0,0,0,Crowded,Crowded,Crowded,Crowded,0.4379200481643994,0.4379200472667399,145.66241841985195,145.6624,0.8653241558606108,0.8653242,0,0,0.8131940548085699,0.8131941,0.0,0.0,-,4.285461e-14,0,0,6934,1113000,0,0,6934
c1,tpy365,JA(0.8),2,False,CONVERGED,CONVERGED,3673,3673,-,-,0.10374953984586018,0.1037495,631,631,4,4,Crowded,Crowded,Crowded,Crowded,0.4379200773685611,0.43792004726666955,3397.5084690928306,3397.508,0.174435064123039,0.1744351,677,677,0.054865650161535495,0.05486565,0.0086068730487677,0.008606873,-,4.396483e-14,382,382,6787,1112141,477,477,7646
c1,tpy365,RC(0.95),1,False,CONVERGED,CONVERGED,1858,1858,-,-,0.8650922278181238,0.8650922,0,0,0,0,Crowded,Crowded,Crowded,Crowded,0.43792007238125086,0.43792004726670847,144.91915597889653,144.9192,0.9023886030631909,0.9023886,0,0,0.7065257127582619,0.7065257,0.0,0.0,-,5.306866e-14,0,0,6757,1113000,0,0,6757
c1,tpy365,JB(0.95),1,False,CONVERGED,CONVERGED,2155,2155,-,-,0.6283387651966607,0.6283388,0,0,0,0,Crowded,Crowded,Crowded,Crowded,0.43792004859125055,0.4379200472667462,518.0122199680895,518.0122,0.5002983229831786,0.5002983,0,0,0.22009631313314768,0.2200963,0.0,0.0,-,3.175238e-14,0,0,6983,1113000,0,0,6983
c1,tpy365,RC(0.8),2,False,CONVERGED,CONVERGED,2759,2759,-,-,0.358860515566331,0.3588605,138,138,4,4,Crowded,Crowded,Crowded,Crowded,0.437920049368503,0.4379200472667473,1024.8215020204702,1024.822,0.48485685777407134,0.4848569,297,297,0.09335567502403068,0.09335568,0.004558915374812109,0.004558915,-,2.509104e-14,92,92,7129,1112545,363,363,7584
c1,tpy365,RC(1.2),2,False,CONVERGED,CONVERGED,2290,2290,-,-,0.5746143065845651,0.5746143,0,0,0,0,Crowded,Crowded,Crowded,Crowded,0.43792004719934713,0.43792004726673794,554.0562344096886,554.0562,0.5857486526592915,0.5857487,0,0,0.26755516566108345,0.2675552,0.0,0.0,-,3.219647e-14,0,0,6956,1113000,0,0,6956
c1,tpy365,b.food=0.54@genesis,2,False,CONVERGED,CONVERGED,2140,2140,-,-,0.8311398861084157,0.8311399,0,0,0,0,Crowded,Crowded,Crowded,Crowded,0.238105401877075,0.23810539533330677,184.95716362621195,184.9572,0.8550077687716748,0.8550078,0,0,0.7754357272860399,0.7754357,0.0,0.0,-,8.826273000000001e-14,0,0,6466,1113000,0,0,6466
c1,tpy365,land.mach=0.36@genesis,2,False,CONVERGED,CONVERGED,1871,1871,-,-,0.9378048700309207,0.9378049,0,0,0,0,Crowded,Crowded,Crowded,Crowded,0.6569881392356669,0.6569881384969972,118.19327274689313,118.1933,0.9500499978168175,0.9142097,0,0,0.9739079916827164,0.973908,0.0,0.0,-,2.0761170000000002e-14,0,0,6692,1113000,0,0,6692
c1,tpy365,land.mach=0.44@genesis,2,False,CONVERGED,CONVERGED,2388,2388,-,-,0.5627133351363844,0.5627133,0,0,4,4,Crowded,Crowded,Crowded,Crowded,0.21948636949505013,0.21948636806998517,574.984954340708,574.985,0.5996493284378608,0.5996493,232,232,0.09587308412722631,0.09587308,0.002912954247557678,0.002912954,-,3.5527140000000005e-14,86,86,6850,1112676,238,238,7174
c1,tpy365,b.food=0.66@genesis,2,False,CONVERGED,CONVERGED,2441,2441,-,-,0.8455742849866387,0.8455743,0,0,0,0,Crowded,Crowded,Crowded,Crowded,0.6331821033130999,0.6331821024425119,167.73925526382305,167.7393,0.8753806760909579,0.8753807,0,0,0.6027590293845122,0.602759,0.0,0.0,-,4.4630970000000003e-14,0,0,7272,1113000,0,0,7272
c1,tpy365,commons=26.73@genesis,2,False,CONVERGED,CONVERGED,2356,2356,-,-,0.6338458303818336,0.6338458,0,0,0,0,Commons,Commons,Commons,Commons,0.0,0.0,455.9495238602093,455.9495,0.6416802395746828,0.6416802,76,76,0.1018567851605803,0.1018568,0.0,0.0,-,5.4622970000000007e-14,7267,1113000,0,0,0,0,7267
c1,tpy365,commons=21.87@genesis,2,False,CONVERGED,CONVERGED,2207,2207,-,-,0.8125102075458792,0.8125102,0,0,0,0,Enclosed,Enclosed,Enclosed,Enclosed,1.0,1.0,235.3862046037739,235.3862,0.7551951143018067,0.7551951,0,0,0.5334760367622421,0.533476,0.0060745598577250995,0.00607456,-,3.352874e-14,0,0,0,0,7065,1113000,7065
c1,tpy365,commons=26.73@dated,2,False,CONVERGED,CONVERGED,2359,2359,-,-,0.6305173934248477,0.6305174,0,0,0,0,Commons,Commons,Commons,Commons,0.0,0.0,461.2145372410197,461.2145,0.6387750865330539,0.6387751,80,80,0.10156157398955884,0.1015616,0.0,0.0,-,5.850875e-14,7270,1113000,0,0,0,0,7270
c1,tpy365,b.food=0.66@dated,2,False,CONVERGED,CONVERGED,2440,2440,-,-,0.8459608764907932,0.8459609,0,0,0,0,Crowded,Crowded,Crowded,Crowded,0.63318210331128,0.6331821024425252,167.28216572801017,167.2822,0.8753141209645725,0.8753141,0,0,0.6040395101473836,0.6040395,0.0,0.0,-,3.885781e-14,0,0,7271,1113000,0,0,7271
c1,tpy365,commons=21.87@dated,2,False,CONVERGED,CONVERGED,2207,2207,-,-,0.8124921551311628,0.8124922,0,0,0,0,Enclosed,Enclosed,Enclosed,Enclosed,1.0,1.0,235.3862046037739,235.3862,0.755186540664017,0.7551865,0,0,0.5334252777587771,0.5334253,0.006074710082550068,0.00607471,-,5.3290710000000004e-14,0,0,0,0,7065,1113000,7065
c1,tpy365,land.mach=0.36@dated,2,False,CONVERGED,CONVERGED,1871,1871,-,-,0.9378048700309177,0.9378049,0,0,0,0,Crowded,Crowded,Crowded,Crowded,0.6569881392359875,0.6569881384969974,118.23850682043376,118.2385,0.9499682015929235,0.9141692,0,0,0.9737896081614743,0.9737896,0.0,0.0,-,2.153833e-14,0,0,6692,1113000,0,0,6692
c1,tpy365,land.mach=0.44@dated,2,False,CONVERGED,CONVERGED,2387,2387,-,-,0.5626984815549524,0.5626985,0,0,4,4,Crowded,Crowded,Crowded,Crowded,0.21948636949041764,0.21948636806995475,575.0113510449411,575.0114,0.5995024172619735,0.5995024,233,233,0.0958674547328113,0.09586745,0.0029137564941947997,0.002913756,-,3.508305e-14,87,87,6849,1112675,238,238,7174
c1,tpy365,b.food=0.54@dated,2,False,CONVERGED,CONVERGED,2140,2140,-,-,0.8311106479994017,0.8311106,0,0,0,0,Crowded,Crowded,Crowded,Crowded,0.2381054018796721,0.23810539533335262,184.9923425699597,184.9923,0.8549754793794399,0.8549755,0,0,0.7753629547042408,0.775363,0.0,0.0,-,5.606626e-14,0,0,6466,1113000,0,0,6466
c2,L,p[land]*0.95,1,False,CONVERGED,CONVERGED,431,431,-,-,0.9436538832749801,0.9436539,0,0,0,0,Commons,Commons,Commons,Commons,0.0,0.0,57.99582914195641,57.99583,0.9446184352479906,0.9446184,0,0,0.9147919219560218,0.9147919,0.0,0.0,-,4.440892e-15,4001,142000,0,0,0,0,4001
c2,L,p[land]*1.05,1,False,CONVERGED,CONVERGED,340,340,-,-,0.8251433091746194,0.8251433,0,0,0,0,Commons,Commons,Commons,Commons,0.0,0.0,196.85802403056127,196.858,0.823486728440477,0.8234867,0,0,0.6926141350026287,0.6926141,0.0,0.0,-,3.330669e-15,4001,142000,0,0,0,0,4001
c2,L,p[labour]*1.05,1,False,CONVERGED,CONVERGED,309,309,-,-,0.9254805241472066,0.9254805,0,0,0,0,Commons,Commons,Commons,Commons,0.0,0.0,104.69701624707325,104.697,0.9061195481070397,0.8696452,0,0,0.8974698005563791,0.8974698,0.0,0.0,-,5.107026e-15,4001,142000,0,0,0,0,4001
c2,L,p[manufactures]*0.95,1,False,CONVERGED,CONVERGED,340,340,-,-,0.9323237031569063,0.9323237,0,0,0,0,Commons,Commons,Commons,Commons,0.0,0.0,70.0752036147114,70.0752,0.9320838874191538,0.9320839,0,0,0.9500526689711319,0.9500527,0.0,0.0,-,6.661338e-15,4001,142000,0,0,0,0,4001
c2,L,p[labour]*0.8,2,False,CONVERGED,CONVERGED,501,501,-,-,0.38297181366433863,0.3829718,13,13,0,0,Commons,Commons,Commons,Commons,0.0,0.0,987.2646088431032,987.2646,0.3032044364416969,0.3032044,39,39,0.34188705584765505,0.3418871,0.0,0.0,-,5.107026e-15,4001,142000,0,0,0,0,4001
c2,L,p[labour]*1.2,2,False,CONVERGED,CONVERGED,338,338,-,-,0.7955578024910062,0.7955578,0,0,0,0,Commons,Commons,Commons,Commons,0.0,0.0,228.7117720074505,228.7118,0.7564034966246357,0.6449881,0,0,0.6874300635961205,0.6874301,0.0,0.0,-,3.330669e-15,4001,142000,0,0,0,0,4001
c2,L,p[land]*1.2,2,False,CONVERGED,CONVERGED,519,519,-,-,0.4216476055322256,0.4216476,21,21,0,0,Commons,Commons,Commons,Commons,0.0,0.0,863.585371781772,863.5854,0.4993178694864984,0.4993179,49,49,0.39969275880046634,0.3996928,0.0,0.0,-,3.996803e-15,4001,142000,0,0,0,0,4001
c2,L,p[manufactures]*1.05,1,False,CONVERGED,CONVERGED,255,255,-,-,0.9898287256840603,0.9898287,0,0,0,0,Commons,Commons,Commons,Commons,0.0,0.0,48.790164169432046,48.79016,0.9899594919745325,0.9707833,0,0,0.9860094459150696,0.9860094,0.0,0.0,-,3.108624e-15,4001,142000,0,0,0,0,4001
c2,L,p[labour]*2,3,False,CONVERGED,CONVERGED,474,474,-,-,0.6456767265443268,0.6456767,0,0,0,0,Commons,Commons,Commons,Commons,0.0,0.0,693.1471805599452,693.1472,0.6456395182150352,0.2973505,0,0,0.4931056840610209,0.4931057,0.0,0.0,-,3.108624e-15,4001,142000,0,0,0,0,4001
c2,L,p[land]*0.8,2,False,CONVERGED,CONVERGED,465,465,-,-,0.7688474518872098,0.7688475,0,0,0,0,Commons,Commons,Commons,Commons,0.0,0.0,262.8627012130771,262.8627,0.7740446155269951,0.7740446,0,0,0.648497049988003,0.648497,0.0,0.0,-,3.108624e-15,4001,142000,0,0,0,0,4001
c2,L,p[land]*2,3,False,CONVERGED,CONVERGED,586,586,-,-,0.053625180121004264,0.05362518,119,119,0,0,Commons,Commons,Commons,Commons,0.0,0.0,3817.3642053864705,3817.364,0.08371433911070841,0.08371434,131,131,0.1587139103189288,0.1587139,0.0,0.0,-,3.7747579999999994e-15,4001,142000,0,0,0,0,4001
c2,L,p[land]*0.5,3,False,CONVERGED,CONVERGED,641,641,-,-,0.3973120246451762,0.397312,18,18,0,0,Commons,Commons,Commons,Commons,0.0,0.0,929.8521026352516,929.8521,0.4102574042539378,0.4102574,20,20,0.26232679341193027,0.2623268,0.0,0.0,-,5.995204e-15,4001,142000,0,0,0,0,4001
c2,L,p[manufactures]*1.2,2,False,CONVERGED,CONVERGED,308,308,-,-,0.9604069387650346,0.9604069,0,0,0,0,Commons,Commons,Commons,Commons,0.0,0.0,182.32155679395458,182.3216,0.9609647529906734,0.8941887,0,0,0.9441238131378707,0.9441238,0.0,0.0,-,5.329071e-15,4001,142000,0,0,0,0,4001
c2,L,p[manufactures]*0.5,3,False,CONVERGED,CONVERGED,543,543,-,-,0.36482125131479687,0.3648213,32,32,0,0,Commons,Commons,Commons,Commons,0.0,0.0,1008.3477677780508,1008.348,0.362638780468425,0.3626388,13,13,0.4407630090838242,0.440763,0.0,0.0,-,2.442491e-15,4001,142000,0,0,0,0,4001
c2,L,p[manufactures]*2,3,False,CONVERGED,CONVERGED,339,339,-,-,0.8256531547407369,0.8256532,0,0,0,0,Commons,Commons,Commons,Commons,0.0,0.0,693.1471805599452,693.1472,0.8296712488508879,0.6308122,0,0,0.7200263084983439,0.7200263,0.0,0.0,-,4.218847e-15,4001,142000,0,0,0,0,4001
c2,L,p[labour]*0.5,3,False,CONVERGED,CONVERGED,535,535,-,-,0.0,0.0,69,69,0,0,Commons,Commons,Commons,Commons,0.0,0.0,inf,inf,0.0,0.0,83,83,0.1460537894070596,0.1460538,0.0,0.0,-,3.330669e-15,4001,142000,0,0,0,0,4001
c2,L,p[food]*1.05,1,False,CONVERGED,CONVERGED,297,297,-,-,0.9439532466090912,0.9439532,0,0,0,0,Commons,Commons,Commons,Commons,0.0,0.0,57.67864096028291,57.67864,0.9483155338129626,0.9483155,0,0,0.94875892043813,0.9487589,0.0,0.0,-,4.440892e-15,4001,142000,0,0,0,0,4001
c2,L,p[labour]*0.95,1,False,CONVERGED,CONVERGED,320,320,-,-,0.8147738434570679,0.8147738,0,0,0,0,Commons,Commons,Commons,Commons,0.0,0.0,207.90149504152228,207.9015,0.756636328168233,0.7566363,0,0,0.7264118403684265,0.7264118,0.0,0.0,-,2.442491e-15,4001,142000,0,0,0,0,4001
c2,L,p[food]*1.2,2,False,CONVERGED,CONVERGED,326,326,-,-,0.7897710451571216,0.789771,0,0,0,0,Commons,Commons,Commons,Commons,0.0,0.0,236.0121917827253,236.0122,0.8035849489955029,0.8035849,0,0,0.7876148907116935,0.7876149,0.0,0.0,-,1.44329e-15,4001,142000,0,0,0,0,4001
c2,L,p[food]*0.5,3,False,CONVERGED,CONVERGED,533,533,-,-,0.45466661062744,0.4546666,23,23,0,0,Commons,Commons,Commons,Commons,0.0,0.0,788.190852500278,788.1909,0.3335739515920332,0.333574,33,33,0.4582493498199303,0.4582493,0.0,0.0,-,5.329071e-15,4001,142000,0,0,0,0,4001
c2,L,p[food]*0.95,1,False,CONVERGED,CONVERGED,315,315,-,-,0.936312278340434,0.9363123,0,0,0,0,Commons,Commons,Commons,Commons,0.0,0.0,65.80622744130137,65.80623,0.893969366007944,0.8939694,0,0,0.9506840923608162,0.9506841,0.0,0.0,-,4.218847e-15,4001,142000,0,0,0,0,4001
c2,L,p[care]*1.05,1,False,CONVERGED,CONVERGED,140,140,-,-,0.9903425973386577,0.9903426,0,0,0,0,Commons,Commons,Commons,Commons,0.0,0.0,48.790164169432046,48.79016,0.9882847069580444,0.9628223,0,0,0.9875955249870423,0.9875955,0.0,0.0,-,2.442491e-15,4001,142000,0,0,0,0,4001
c2,L,p[care]*0.95,1,False,CONVERGED,CONVERGED,293,293,-,-,0.9308328087419936,0.9308328,0,0,0,0,Commons,Commons,Commons,Commons,0.0,0.0,71.67560027876637,71.6756,0.9309458029997132,0.9309458,0,0,0.9727086312513331,0.9727086,0.0,0.0,-,3.996803e-15,4001,142000,0,0,0,0,4001
c2,L,p[food]*0.8,2,False,CONVERGED,CONVERGED,368,368,-,-,0.7630966998717454,0.7630967,0,0,0,0,Commons,Commons,Commons,Commons,0.0,0.0,270.37051932996553,270.3705,0.6448311686064081,0.6448312,0,0,0.8118823775522417,0.8118824,0.0,0.0,-,4.662937e-15,4001,142000,0,0,0,0,4001
c2,L,p[mach]*2,3,False,CONVERGED,CONVERGED,511,511,-,-,0.26519186115213333,0.2651919,37,37,0,0,Commons,Commons,Commons,Commons,0.0,0.0,1327.301710612955,1327.302,0.21468333949878193,0.2146833,52,52,0.2872967253026516,0.2872967,0.0,0.0,-,4.662937e-15,4001,142000,0,0,0,0,4001
c2,L,p[care]*2,3,False,CONVERGED,CONVERGED,460,460,-,-,0.7335895161743642,0.7335895,0,0,0,0,Commons,Commons,Commons,Commons,0.0,0.0,693.1471805599452,693.1472,0.7223273686704603,0.6194523,0,0,0.4961222437528585,0.4961222,0.0,0.0,-,2.442491e-15,4001,142000,0,0,0,0,4001
c2,L,p[care]*0.8,2,False,CONVERGED,CONVERGED,351,351,-,-,0.729913128963089,0.7299131,0,0,0,0,Commons,Commons,Commons,Commons,0.0,0.0,314.82975334135705,314.8298,0.7301724486708316,0.7301724,0,0,0.882393148484566,0.8823931,0.0,0.0,-,5.77316e-15,4001,142000,0,0,0,0,4001
c2,L,p[manufactures]*0.8,2,False,CONVERGED,CONVERGED,372,372,-,-,0.7331285802745954,0.7331286,0,0,0,0,Commons,Commons,Commons,Commons,0.0,0.0,310.4341760063109,310.4342,0.7322047695776547,0.7322048,0,0,0.7839453882386281,0.7839454,0.0,0.0,-,3.330669e-15,4001,142000,0,0,0,0,4001
c2,L,p[mach]*0.95,1,False,CONVERGED,CONVERGED,490,490,-,-,0.7729414248448457,0.7729414,0,0,0,0,Commons,Commons,Commons,Commons,0.0,0.0,286.62017777801196,286.6202,0.7648891349320313,0.7648891,0,0,0.5843038543078908,0.5843039,0.0,0.0,-,4.218847e-15,4001,142000,0,0,0,0,4001
c2,L,p[food]*2,3,False,CONVERGED,CONVERGED,495,495,-,-,0.20349654034339643,0.2034965,29,29,0,0,Commons,Commons,Commons,Commons,0.0,0.0,1592.1062750135525,1592.106,0.21902104662769897,0.219021,39,39,0.4158721617758451,0.4158722,0.0,0.0,-,4.218847e-15,4001,142000,0,0,0,0,4001
c2,L,p[shelter]*1.2,2,False,CONVERGED,CONVERGED,373,373,-,-,0.8449841113254755,0.8449841,0,0,0,0,Commons,Commons,Commons,Commons,0.0,0.0,182.32155679395458,182.3216,0.883141330487147,0.8263826,0,0,0.7785588219418187,0.7785588,0.0,0.0,-,4.884981e-15,4001,142000,0,0,0,0,4001
c2,L,p[shelter]*2,3,False,CONVERGED,CONVERGED,551,551,-,-,0.5165532070217036,0.5165532,0,0,0,0,Commons,Commons,Commons,Commons,0.0,0.0,693.1471805599452,693.1472,0.643380966217271,0.4783509,34,34,0.44162287795800476,0.4416229,0.0,0.0,-,6.661338e-15,4001,142000,0,0,0,0,4001
c2,L,p[care]*1.2,2,False,CONVERGED,CONVERGED,290,290,-,-,0.9619489573217285,0.961949,0,0,0,0,Commons,Commons,Commons,Commons,0.0,0.0,182.32155679395458,182.3216,0.9541954127670773,0.8662861,0,0,0.9502478596082572,0.9502479,0.0,0.0,-,5.107026e-15,4001,142000,0,0,0,0,4001
c2,L,p[mach]*1.05,1,False,CONVERGED,CONVERGED,299,299,-,-,0.869921132686849,0.8699211,0,0,0,0,Commons,Commons,Commons,Commons,0.0,0.0,139.35272352673775,139.3527,0.8333955625575938,0.8333956,0,0,0.8613704344809332,0.8613704,0.0,0.0,-,3.7747579999999994e-15,4001,142000,0,0,0,0,4001
c2,L,p[shelter]*1.05,1,False,CONVERGED,CONVERGED,347,347,-,-,0.954771426446615,0.9547714,0,0,0,0,Commons,Commons,Commons,Commons,0.0,0.0,48.790164169432046,48.79016,0.9667328377924304,0.9503948,0,0,0.9423243878550169,0.9423244,0.0,0.0,-,5.107026e-15,4001,142000,0,0,0,0,4001
c2,L,p[care]*0.5,3,False,CONVERGED,CONVERGED,534,534,-,-,0.36184928557995405,0.3618493,32,32,0,0,Commons,Commons,Commons,Commons,0.0,0.0,1016.5274920260903,1016.527,0.3618553119282774,0.3618553,3,3,0.45924289715103894,0.4592429,0.0,0.0,-,3.108624e-15,4001,142000,0,0,0,0,4001
c2,L,p[shelter]*0.5,3,False,CONVERGED,CONVERGED,527,527,-,-,0.23553696283504238,0.235537,34,34,0,0,Commons,Commons,Commons,Commons,0.0,0.0,1445.8874231282111,1445.887,0.25135065099960013,0.2513507,45,45,0.36870856550017556,0.3687086,0.0,0.0,-,3.330669e-15,4001,142000,0,0,0,0,4001
c2,L,p[shelter]*0.95,1,False,CONVERGED,CONVERGED,311,311,-,-,0.9105027164189773,0.9105027,0,0,0,0,Commons,Commons,Commons,Commons,0.0,0.0,93.75839638237636,93.7584,0.8947459105264018,0.8947459,0,0,0.9068248649566476,0.9068249,0.0,0.0,-,4.440892e-15,4001,142000,0,0,0,0,4001
c2,L,p[mach]*0.8,2,False,CONVERGED,CONVERGED,545,545,-,-,0.3283021661175625,0.3283022,69,69,0,0,Commons,Commons,Commons,Commons,0.0,0.0,1137.5623685288795,1137.562,0.4313425584853073,0.4313426,66,66,0.37819623219066706,0.3781962,0.0,0.0,-,4.884981e-15,4001,142000,0,0,0,0,4001
c2,L,p[shelter]*0.8,2,False,CONVERGED,CONVERGED,492,492,-,-,0.6444330808471843,0.6444331,0,0,0,0,Commons,Commons,Commons,Commons,0.0,0.0,439.3842931074741,439.3843,0.6334349923222456,0.633435,0,0,0.5441161940698369,0.5441162,0.0,0.0,-,5.995204e-15,4001,142000,0,0,0,0,4001
c2,L,p[mach]*1.2,2,False,CONVERGED,CONVERGED,469,469,-,-,0.6201961774224669,0.6201962,0,0,0,0,Commons,Commons,Commons,Commons,0.0,0.0,477.71943579420434,477.7194,0.5498385205850523,0.5498385,2,2,0.4509004959697509,0.4509005,0.0,0.0,-,3.108624e-15,4001,142000,0,0,0,0,4001
c2,L,s[manufactures]*0.95,1,True,CONVERGED,CONVERGED,78,78,-,-,0.9999999999999996,1.0,0,0,0,0,Commons,Commons,Commons,Commons,0.0,0.0,48.72971078306231,48.72971,0.9999999999999996,1.0,0,0,1.0,1.0,0.0,0.0,-,2.109424e-15,4001,142000,0,0,0,0,4001
c2,L,s[manufactures]*1.05,1,True,CONVERGED,CONVERGED,78,78,-,-,0.9999999999999996,1.0,0,0,0,0,Commons,Commons,Commons,Commons,0.0,0.0,46.46505483938295,46.46505,0.9999999999999996,1.0,0,0,1.0,1.0,0.0,0.0,-,2.220446e-15,4001,142000,0,0,0,0,4001
c2,L,p[mach]*0.5,3,False,CONVERGED,CONVERGED,612,612,-,-,0.040203030683699535,0.04020303,148,148,0,0,Commons,Commons,Commons,Commons,0.0,0.0,6849.999999999999,6850.0,0.0780894472950497,0.07808945,154,154,0.15159093146946295,0.1515909,0.0,0.0,-,4.218847e-15,4001,142000,0,0,0,0,4001
c2,L,s[manufactures]*0.8,2,True,CONVERGED,CONVERGED,105,105,-,-,0.9999999999999996,1.0,0,0,0,0,Commons,Commons,Commons,Commons,0.0,0.0,211.02463900491762,211.0246,0.9999999999999996,1.0,0,0,1.0,1.0,0.0,0.0,-,2.109424e-15,4001,142000,0,0,0,0,4001
c2,L,s[food]*1.05,1,False,CONVERGED,CONVERGED,301,301,-,-,0.8484702120714693,0.8484702,0,0,0,0,Commons,Commons,Commons,Commons,0.0,0.0,176.17256922777608,176.1726,0.8194566012987103,0.8194566,0,0,0.9028088303673919,0.9028088,0.0,0.0,-,3.996803e-15,4001,142000,0,0,0,0,4001
c2,L,s[manufactures]*0.5,3,True,CONVERGED,CONVERGED,124,124,-,-,0.9999999999999996,1.0,0,0,0,0,Commons,Commons,Commons,Commons,0.0,0.0,645.5285828834767,645.5286,0.9999999999999996,1.0,0,0,1.0,1.0,0.0,0.0,-,2.109424e-15,4001,142000,0,0,0,0,4001
c2,L,s[manufactures]*2,3,True,CONVERGED,CONVERGED,138,138,-,-,0.9999999999999996,1.0,0,0,0,0,Commons,Commons,Commons,Commons,0.0,0.0,668.4596480132863,668.4596,0.9999999999999996,1.0,0,0,1.0,1.0,0.0,0.0,-,2.220446e-15,4001,142000,0,0,0,0,4001
c2,L,s[manufactures]*1.2,2,True,CONVERGED,CONVERGED,105,105,-,-,0.9999999999999996,1.0,0,0,0,0,Commons,Commons,Commons,Commons,0.0,0.0,174.1599117457398,174.1599,0.9999999999999996,1.0,0,0,1.0,1.0,0.0,0.0,-,2.220446e-15,4001,142000,0,0,0,0,4001
c2,L,s[care]*2,3,True,CONVERGED,CONVERGED,138,138,-,-,0.9999999999999996,1.0,0,0,0,0,Commons,Commons,Commons,Commons,0.0,0.0,668.4596480132863,668.4596,0.9999999999999996,1.0,0,0,1.0,1.0,0.0,0.0,-,2.220446e-15,4001,142000,0,0,0,0,4001
c2,L,s[food]*1.2,2,False,CONVERGED,CONVERGED,333,333,-,-,0.5406920474924841,0.540692,0,0,0,0,Commons,Commons,Commons,Commons,0.0,0.0,681.8588428070457,681.8588,0.4889657739291487,0.4889658,0,0,0.6330322213769422,0.6330322,0.0,0.0,-,3.7747579999999994e-15,4001,142000,0,0,0,0,4001
c2,L,s[food]*0.5,3,False,CONVERGED,CONVERGED,328,328,-,-,0.9233621413799261,0.9233621,0,0,0,0,Commons,Commons,Commons,Commons,0.0,0.0,645.5285828834767,645.5286,0.9295369830351324,0.904911,0,0,0.8994185305551381,0.8994185,0.0,0.0,-,5.995204e-15,4001,142000,0,0,0,0,4001
c2,L,s[food]*2,3,False,CONVERGED,CONVERGED,500,500,-,-,0.0,0.0,16,16,0,0,Commons,Commons,Commons,Commons,0.0,0.0,inf,inf,0.0,0.0,38,38,0.310144252841823,0.3101443,0.0,0.0,-,5.329071e-15,4001,142000,0,0,0,0,4001
c2,L,s[care]*0.95,1,False,CONVERGED,CONVERGED,111,111,-,-,0.9893575954162273,0.9893576,0,0,0,0,Commons,Commons,Commons,Commons,0.0,0.0,48.72971078306231,48.72971,0.9855896393906847,0.9855896,0,0,0.9872910606891752,0.9872911,0.0,0.0,-,4.662937e-15,4001,142000,0,0,0,0,4001
c2,L,JA(0.8),2,False,CONVERGED,CONVERGED,547,547,-,-,0.24932340058464272,0.2493234,79,79,0,0,Commons,Commons,Commons,Commons,0.0,0.0,1389.0044276966617,1389.004,0.2988471747380665,0.2988472,73,73,0.32219128904418237,0.3221913,0.0,0.0,-,4.884981e-15,4001,142000,0,0,0,0,4001
c2,L,s[care]*1.2,2,True,CONVERGED,CONVERGED,105,105,-,-,0.9999999999999996,1.0,0,0,0,0,Commons,Commons,Commons,Commons,0.0,0.0,174.1599117457398,174.1599,0.9999999999999996,1.0,0,0,1.0,1.0,0.0,0.0,-,2.220446e-15,4001,142000,0,0,0,0,4001
c2,L,JA(0.95),1,False,CONVERGED,CONVERGED,494,494,-,-,0.7237790682760393,0.7237791,0,0,0,0,Commons,Commons,Commons,Commons,0.0,0.0,345.4946478248012,345.4946,0.672161499494493,0.6721615,2,2,0.4703463595478724,0.4703464,0.0,0.0,-,5.329071e-15,4001,142000,0,0,0,0,4001
c2,L,s[care]*1.05,1,True,CONVERGED,CONVERGED,78,78,-,-,0.9999999999999996,1.0,0,0,0,0,Commons,Commons,Commons,Commons,0.0,0.0,46.46505483938295,46.46505,0.9999999999999996,1.0,0,0,1.0,1.0,0.0,0.0,-,2.220446e-15,4001,142000,0,0,0,0,4001
c2,L,s[shelter]*0.5,3,False,CONVERGED,CONVERGED,133,133,-,-,0.9852604270592905,0.9852604,0,0,0,0,Commons,Commons,Commons,Commons,0.0,0.0,645.5285828834767,645.5286,0.9808431713408418,0.9797144,0,0,0.9792741320470212,0.9792741,0.0,0.0,-,2.664535e-15,4001,142000,0,0,0,0,4001
c2,L,s[shelter]*1.05,1,False,CONVERGED,CONVERGED,125,125,-,-,0.963297661803725,0.9632977,0,0,0,0,Commons,Commons,Commons,Commons,0.0,0.0,46.46505483938295,46.46505,0.9568789045978475,0.9568789,0,0,0.9788998933447747,0.9788999,0.0,0.0,-,3.330669e-15,4001,142000,0,0,0,0,4001
c2,L,s[shelter]*1.2,2,False,CONVERGED,CONVERGED,297,297,-,-,0.8676311511902494,0.8676312,0,0,0,0,Commons,Commons,Commons,Commons,0.0,0.0,174.1599117457398,174.1599,0.8423216441617377,0.8423216,0,0,0.9170336941548703,0.9170337,0.0,0.0,-,5.995204e-15,4001,142000,0,0,0,0,4001
c2,L,s[food]*0.8,2,False,CONVERGED,CONVERGED,324,324,-,-,0.8790759736034179,0.879076,0,0,0,0,Commons,Commons,Commons,Commons,0.0,0.0,211.02463900491762,211.0246,0.8530540291251236,0.853054,0,0,0.8272445912321612,0.8272446,0.0,0.0,-,4.884981e-15,4001,142000,0,0,0,0,4001
c2,L,s[care]*0.5,3,False,CONVERGED,CONVERGED,326,326,-,-,0.8096863471991239,0.8096863,0,0,0,0,Commons,Commons,Commons,Commons,0.0,0.0,645.5285828834767,645.5286,0.7576431618393762,0.7576432,0,0,0.7210435283120129,0.7210435,0.0,0.0,-,2.88658e-15,4001,142000,0,0,0,0,4001
c2,L,s[care]*0.8,2,False,CONVERGED,CONVERGED,302,302,-,-,0.9288493566257098,0.9288494,0,0,0,0,Commons,Commons,Commons,Commons,0.0,0.0,211.02463900491762,211.0246,0.9055711668966816,0.9055712,0,0,0.9054815326379512,0.9054815,0.0,0.0,-,4.884981e-15,4001,142000,0,0,0,0,4001
c2,L,s[food]*0.95,1,False,CONVERGED,CONVERGED,315,315,-,-,0.882747067643533,0.8827471,0,0,0,0,Commons,Commons,Commons,Commons,0.0,0.0,124.71656602165868,124.7166,0.8484175307353289,0.8484175,0,0,0.8307179864837353,0.830718,0.0,0.0,-,5.329071e-15,4001,142000,0,0,0,0,4001
c2,L,s[shelter]*2,3,False,CONVERGED,CONVERGED,447,447,-,-,0.5142158341906478,0.5142158,1,1,0,0,Commons,Commons,Commons,Commons,0.0,0.0,721.2310893031131,721.2311,0.46364956397885737,0.4636496,0,0,0.5343409619572738,0.534341,0.0,0.0,-,3.7747579999999994e-15,4001,142000,0,0,0,0,4001
c2,L,s[shelter]*0.8,2,False,CONVERGED,CONVERGED,135,135,-,-,0.9852604270592905,0.9852604,0,0,0,0,Commons,Commons,Commons,Commons,0.0,0.0,211.02463900491762,211.0246,0.9808431713408418,0.9797144,0,0,0.9792741320470212,0.9792741,0.0,0.0,-,3.7747579999999994e-15,4001,142000,0,0,0,0,4001
c2,L,JB(0.8),2,False,CONVERGED,CONVERGED,497,497,-,-,0.20499295874719736,0.204993,18,18,0,0,Commons,Commons,Commons,Commons,0.0,0.0,1738.6787958099376,1738.679,0.13397738238619986,0.1339774,35,35,0.27836709200734605,0.2783671,0.0,0.0,-,3.330669e-15,4001,142000,0,0,0,0,4001
c2,L,JA(2),3,False,CONVERGED,CONVERGED,508,508,-,-,0.012743504092509753,0.0127435,20,20,0,0,Commons,Commons,Commons,Commons,0.0,0.0,4689.328890790437,4689.329,0.02301164926755849,0.02301165,45,45,0.35367296646949287,0.353673,0.0,0.0,-,5.107026e-15,4001,142000,0,0,0,0,4001
c2,L,N(0.5),3,False,CONVERGED,CONVERGED,537,537,-,-,0.3719716992535321,0.3719717,36,36,0,0,Commons,Commons,Commons,Commons,0.0,0.0,1061.0130177736767,1061.013,0.2729678086588256,0.2729678,48,48,0.31269156195432507,0.3126916,0.0,0.0,-,3.330669e-15,4001,142000,0,0,0,0,4001
c2,L,JA(1.05),1,False,CONVERGED,CONVERGED,293,293,-,-,0.8268767025780905,0.8268767,0,0,0,0,Commons,Commons,Commons,Commons,0.0,0.0,207.89300283741412,207.893,0.8344790100048343,0.834479,0,0,0.8936106732606479,0.8936107,0.0,0.0,-,5.77316e-15,4001,142000,0,0,0,0,4001
c2,L,JA(1.2),2,False,CONVERGED,CONVERGED,328,328,-,-,0.48650956122600025,0.4865096,2,2,0,0,Commons,Commons,Commons,Commons,0.0,0.0,723.8085552505191,723.8086,0.5637888175963811,0.5637888,0,0,0.5954402928964616,0.5954403,0.0,0.0,-,3.552714e-15,4001,142000,0,0,0,0,4001
c2,L,N(1.05),1,False,CONVERGED,CONVERGED,197,197,-,-,0.9360228751574318,0.9360229,0,0,0,0,Commons,Commons,Commons,Commons,0.0,0.0,72.00831026720104,72.00831,0.9714797400824516,0.9333333,0,0,0.9174407394810448,0.9174407,0.0,0.0,-,5.329071e-15,4001,142000,0,0,0,0,4001
c2,L,N(1.2),2,False,CONVERGED,CONVERGED,351,351,-,-,0.786965479070918,0.7869655,0,0,0,0,Commons,Commons,Commons,Commons,0.0,0.0,261.48298471123695,261.483,0.9091986446637272,0.7777778,0,0,0.6741309245294338,0.6741309,0.0,0.0,-,4.884981e-15,4001,142000,0,0,0,0,4001
c2,L,JA(0.5),3,False,CONVERGED,CONVERGED,615,615,-,-,0.030220521398658575,0.03022052,148,148,0,0,Commons,Commons,Commons,Commons,0.0,0.0,5769.249531951617,5769.25,0.049604169329416345,0.04960417,149,149,0.09997136248724514,0.09997136,0.0,0.0,-,3.330669e-15,4001,142000,0,0,0,0,4001
c2,L,JB(1.05),1,False,CONVERGED,CONVERGED,472,472,-,-,0.7405701337594899,0.7405701,0,0,0,0,Commons,Commons,Commons,Commons,0.0,0.0,305.31954394332354,305.3195,0.7416575566515917,0.7416576,0,0,0.5381321851076416,0.5381322,0.0,0.0,-,3.330669e-15,4001,142000,0,0,0,0,4001
c2,L,N(0.8),2,False,CONVERGED,CONVERGED,499,499,-,-,0.716703697379202,0.7167037,0,0,0,0,Commons,Commons,Commons,Commons,0.0,0.0,333.0927771017488,333.0928,0.7016350828438785,0.7016351,0,0,0.6591825565795604,0.6591826,0.0,0.0,-,5.329071e-15,4001,142000,0,0,0,0,4001
c2,L,s[shelter]*0.95,1,False,CONVERGED,CONVERGED,254,254,-,-,0.9812966554305602,0.9812967,0,0,0,0,Commons,Commons,Commons,Commons,0.0,0.0,48.72971078306231,48.72971,0.9757806398772407,0.9757806,0,0,0.9743783075845789,0.9743783,0.0,0.0,-,5.107026e-15,4001,142000,0,0,0,0,4001
c2,L,JB(1.2),2,False,CONVERGED,CONVERGED,536,536,-,-,0.4274913950814991,0.4274914,28,28,0,0,Commons,Commons,Commons,Commons,0.0,0.0,859.7643978986927,859.7644,0.5169271359517137,0.5169271,53,53,0.40968020270573013,0.4096802,0.0,0.0,-,5.995204e-15,4001,142000,0,0,0,0,4001
c2,L,N(0.95),1,False,CONVERGED,CONVERGED,321,321,-,-,0.9364143168480525,0.9364143,0,0,0,0,Commons,Commons,Commons,Commons,0.0,0.0,65.6972542382918,65.69725,0.9244852387408702,0.9244852,0,0,0.9233500404228803,0.92335,0.0,0.0,-,3.330669e-15,4001,142000,0,0,0,0,4001
c2,L,JB(2),3,False,CONVERGED,CONVERGED,608,608,-,-,0.045228082176665886,0.04522808,153,153,0,0,Commons,Commons,Commons,Commons,0.0,0.0,7393.147180559946,7393.147,0.07669953905440205,0.07669954,167,167,0.19239265458303678,0.1923927,0.0,0.0,-,2.442491e-15,4001,142000,0,0,0,0,4001
c2,L,JB(0.95),1,False,CONVERGED,CONVERGED,439,439,-,-,0.6882176231906726,0.6882176,0,0,0,0,Commons,Commons,Commons,Commons,0.0,0.0,418.7663703686483,418.7664,0.5968652232795139,0.5968652,0,0,0.6039413364073662,0.6039413,0.0,0.0,-,3.330669e-15,4001,142000,0,0,0,0,4001
c2,L,N(2),3,False,CONVERGED,CONVERGED,420,420,-,-,0.42278528487200623,0.4227853,31,31,0,0,Commons,Commons,Commons,Commons,0.0,0.0,930.4038099014673,930.4038,0.7656926879591638,0.4105393,79,79,0.4522009169691167,0.4522009,0.0,0.0,-,4.218847e-15,4001,142000,0,0,0,0,4001
c2,L,RC(1.05),1,False,CONVERGED,CONVERGED,326,326,-,-,0.8630372916973504,0.8630373,0,0,0,0,Commons,Commons,Commons,Commons,0.0,0.0,147.2973771320178,147.2974,0.878075852587583,0.8780759,0,0,0.8813953200716872,0.8813953,0.0,0.0,-,4.218847e-15,4001,142000,0,0,0,0,4001
c2,L,JB(0.5),3,False,CONVERGED,CONVERGED,527,527,-,-,0.0,0.0,67,67,0,0,Commons,Commons,Commons,Commons,0.0,0.0,inf,inf,0.0,0.0,76,76,0.12212899339226047,0.122129,0.0,0.0,-,2.220446e-15,4001,142000,0,0,0,0,4001
c2,L,RC(2),3,False,CONVERGED,CONVERGED,507,507,-,-,0.17904292467485441,0.1790429,51,51,0,0,Commons,Commons,Commons,Commons,0.0,0.0,1720.1296992366247,1720.13,0.26971696372514653,0.269717,56,56,0.40146288006226155,0.4014629,0.0,0.0,-,5.329071e-15,4001,142000,0,0,0,0,4001
c2,L,RC(0.95),1,False,CONVERGED,CONVERGED,366,366,-,-,0.846274700584202,0.8462747,0,0,0,0,Commons,Commons,Commons,Commons,0.0,0.0,166.91126689896083,166.9113,0.8928487944589786,0.8902392,0,0,0.7996708257425579,0.7996708,0.0,0.0,-,2.220446e-15,4001,142000,0,0,0,0,4001
c2,L,RC(1.2),2,False,CONVERGED,CONVERGED,496,496,-,-,0.5721454602186857,0.5721455,0,0,0,0,Commons,Commons,Commons,Commons,0.0,0.0,558.36201884976,558.362,0.6143535991397131,0.6143536,0,0,0.5252599370403972,0.5252599,0.0,0.0,-,3.330669e-15,4001,142000,0,0,0,0,4001
c2,L,RC(0.8),2,False,CONVERGED,CONVERGED,545,545,-,-,0.4862089613373627,0.486209,6,6,0,0,Commons,Commons,Commons,Commons,0.0,0.0,721.1167858891333,721.1168,0.6497424537028536,0.6497425,33,33,0.44553130879913266,0.4455313,0.0,0.0,-,5.551115e-15,4001,142000,0,0,0,0,4001
c2,L,RC(0.5),3,False,CONVERGED,CONVERGED,598,598,-,-,0.10718807120318095,0.1071881,117,117,0,0,Commons,Commons,Commons,Commons,0.0,0.0,4121.727342676621,4121.727,0.19140383071218983,0.1703185,110,110,0.26990081719775644,0.2699008,0.0,0.0,-,3.330669e-15,4001,142000,0,0,0,0,4001
c2,L,land.mach=0.36@genesis,2,False,CONVERGED,CONVERGED,282,282,-,-,0.940326604136078,0.9403266,0,0,0,0,Commons,Commons,Commons,Commons,0.0,0.0,112.0139588216394,112.014,0.9553659102416815,0.9108477,0,0,0.9865385928789915,0.9865386,0.0,0.0,-,7.882582999999999e-15,4001,142000,0,0,0,0,4001
c2,L,x*/2,3,False,CONVERGED,CONVERGED,511,511,-,-,0.0,0.0,40,40,0,0,Commons,Commons,Commons,Commons,0.0,0.0,inf,inf,0.0,0.0,51,51,0.25223178558955384,0.2522318,0.0,0.0,-,3.330669e-15,4001,142000,0,0,0,0,4001
c2,L,land.mach=0.2@genesis,3,False,CONVERGED,CONVERGED,514,514,-,-,0.5645726834660363,0.5645727,0,0,0,0,Commons,Commons,Commons,Commons,0.0,0.0,1790.1202559224544,1790.12,0.6174757475813022,0.5853701,0,0,0.8612062276973519,0.8612062,0.0,0.0,-,2.3203660000000002e-14,4001,142000,0,0,0,0,4001
c2,L,land.mach=0.44@genesis,2,False,CONVERGED,CONVERGED,504,504,-,-,0.6012722107911882,0.6012722,0,0,0,0,Commons,Commons,Commons,Commons,0.0,0.0,508.7075172196237,508.7075,0.6688723853943204,0.6688724,31,31,0.43373009152371894,0.4337301,0.0,0.0,-,4.218847e-15,4001,142000,0,0,0,0,4001
c2,L,b.food=1.2@genesis,3,False,CONVERGED,CONVERGED,588,588,-,-,0.25408794911198823,0.2540879,103,103,0,0,Commons,Commons,Commons,Commons,0.0,0.0,3500.1378580207534,3500.138,0.2995447433336811,0.2995447,196,196,0.3393558300455384,0.3393558,0.0,0.0,-,9.547918e-15,4001,142000,0,0,0,0,4001
c2,L,b.food=0.66@genesis,2,False,CONVERGED,CONVERGED,360,360,-,-,0.8325602737521135,0.8325603,0,0,0,0,Commons,Commons,Commons,Commons,0.0,0.0,183.24965884491718,183.2497,0.8812136077747161,0.8812136,0,0,0.7471697600906722,0.7471698,0.0,0.0,-,4.440892e-15,4001,142000,0,0,0,0,4001
c2,L,b.food=0.54@genesis,2,False,CONVERGED,CONVERGED,313,313,-,-,0.8397933021047805,0.8397933,0,0,0,0,Commons,Commons,Commons,Commons,0.0,0.0,174.59948634758288,174.5995,0.8739708235412955,0.8739708,0,0,0.8729562581753468,0.8729563,0.0,0.0,-,2.88658e-15,4001,142000,0,0,0,0,4001
c2,L,land.mach=0.8@genesis,3,False,CONVERGED,CONVERGED,565,565,-,-,0.032079154602815727,0.03207915,116,116,0,0,Commons,Commons,Commons,Commons,0.0,0.0,3439.548849111122,3439.549,0.10455619183420697,0.1045562,157,157,0.16069409391389253,0.1606941,0.0,0.0,-,3.108624e-15,4001,142000,0,0,0,0,4001
c2,L,commons=34.32@genesis,2,False,VACUOUS,VACUOUS,0,0,-,-,0.9999999999999996,1.0,0,0,0,0,Commons,Commons,Commons,Commons,0.0,0.0,4.440892098500627e-13,5.551115e-13,0.9999999999999996,1.0,0,0,1.0,1.0,0.0,0.0,-,5.551115e-16,4001,142000,0,0,0,0,4001
c2,L,b.food=0.3@genesis,3,False,CONVERGED,CONVERGED,491,491,-,-,0.34353261581389494,0.3435326,23,23,0,0,Commons,Commons,Commons,Commons,0.0,0.0,1068.4732204040592,1068.473,0.4404977600602817,0.4404978,21,21,0.38127764082574295,0.3812776,0.0,0.0,-,3.330669e-15,4001,142000,0,0,0,0,4001
c2,L,commons=15.6@genesis,3,False,CONVERGED,CONVERGED,315,315,-,-,0.9015423486625822,0.9015423,0,0,0,0,Crowded,Crowded,Crowded,Crowded,0.4659530128462709,0.46595301284626534,126.84358767411932,126.8436,0.8697529360970117,0.8697529,0,0,0.8806400557219548,0.8806401,0.0,0.0,-,2.220446e-15,0,0,4001,142000,0,0,4001
c2,L,commons=28.08@genesis,2,False,VACUOUS,VACUOUS,0,0,-,-,0.9999999999999996,1.0,0,0,0,0,Commons,Commons,Commons,Commons,0.0,0.0,4.440892098500627e-13,5.551115e-13,0.9999999999999996,1.0,0,0,1.0,1.0,0.0,0.0,-,5.551115e-16,4001,142000,0,0,0,0,4001
c2,L,commons=62.4@genesis,3,False,VACUOUS,VACUOUS,0,0,-,-,0.9999999999999996,1.0,0,0,0,0,Commons,Commons,Commons,Commons,0.0,0.0,4.440892098500627e-13,5.551115e-13,0.9999999999999996,1.0,0,0,1.0,1.0,0.0,0.0,-,5.551115e-16,4001,142000,0,0,0,0,4001
c2,L,b.food=0.3@dated,3,False,CONVERGED,CONVERGED,492,492,-,-,0.3416400054237621,0.34164,24,24,0,0,Commons,Commons,Commons,Commons,0.0,0.0,1073.997712028526,1073.998,0.43821669536026775,0.4382167,21,21,0.38070148351158234,0.3807015,0.0,0.0,-,4.662937e-15,4001,142000,0,0,0,0,4001
c2,L,commons=28.08@dated,2,False,VACUOUS,VACUOUS,0,0,-,-,0.9999999999999997,1.0,0,0,0,0,Commons,Commons,Commons,Commons,0.0,0.0,3.33066907387547e-13,5.551115e-13,0.9999999999999997,1.0,0,0,1.0,1.0,0.0,0.0,-,5.551115e-16,4001,142000,0,0,0,0,4001
c2,L,b.food=0.54@dated,2,False,CONVERGED,CONVERGED,313,313,-,-,0.8390042221974342,0.8390042,0,0,0,0,Commons,Commons,Commons,Commons,0.0,0.0,175.53954011110477,175.5395,0.8731849224049155,0.8731849,0,0,0.871767342852533,0.8717673,0.0,0.0,-,3.7747579999999994e-15,4001,142000,0,0,0,0,4001
c2,L,land.mach=0.8@dated,3,False,CONVERGED,CONVERGED,565,565,-,-,0.03278528587035997,0.03278529,116,116,0,0,Commons,Commons,Commons,Commons,0.0,0.0,3417.775465757216,3417.775,0.10342810915924194,0.1034281,156,156,0.1596168833761292,0.1596169,0.0,0.0,-,4.218847e-15,4001,142000,0,0,0,0,4001
c2,L,commons=15.6@dated,3,False,CONVERGED,CONVERGED,315,315,-,-,0.9015423486625844,0.9015423,0,0,0,0,Crowded,Crowded,Crowded,Crowded,0.46595301284627016,0.46595301284627016,126.84358767411932,126.8436,0.8697529360970137,0.8697529,0,0,0.8806400557219564,0.8806401,0.0,0.0,-,3.7747579999999994e-15,0,0,4001,142000,0,0,4001
c2,L,land.mach=0.36@dated,2,False,CONVERGED,CONVERGED,282,282,-,-,0.9403266041360777,0.9403266,0,0,0,0,Commons,Commons,Commons,Commons,0.0,0.0,112.06244880034909,112.0624,0.9553659102416812,0.911484,0,0,0.9861956016709026,0.9861956,0.0,0.0,-,5.107026e-15,4001,142000,0,0,0,0,4001
c2,L,land.mach=0.44@dated,2,False,CONVERGED,CONVERGED,503,503,-,-,0.6010744866796635,0.6010745,0,0,0,0,Commons,Commons,Commons,Commons,0.0,0.0,509.0364142236624,509.0364,0.6684945743087457,0.6684946,31,31,0.43368674017231534,0.4336867,0.0,0.0,-,2.88658e-15,4001,142000,0,0,0,0,4001
c2,L,commons=62.4@dated,3,False,VACUOUS,VACUOUS,0,0,-,-,0.9999999999999997,1.0,0,0,0,0,Commons,Commons,Commons,Commons,0.0,0.0,3.33066907387547e-13,5.551115e-13,0.9999999999999997,1.0,0,0,1.0,1.0,0.0,0.0,-,5.551115e-16,4001,142000,0,0,0,0,4001
c2,L,b.food=0.66@dated,2,False,CONVERGED,CONVERGED,359,359,-,-,0.8359703781382486,0.8359704,0,0,0,0,Commons,Commons,Commons,Commons,0.0,0.0,179.16209937417818,179.1621,0.8797668142323157,0.8797668,0,0,0.7544598923353962,0.7544599,0.0,0.0,-,5.107026e-15,4001,142000,0,0,0,0,4001
c2,L,commons=34.32@dated,2,False,VACUOUS,VACUOUS,0,0,-,-,0.9999999999999997,1.0,0,0,0,0,Commons,Commons,Commons,Commons,0.0,0.0,3.33066907387547e-13,5.551115e-13,0.9999999999999997,1.0,0,0,1.0,1.0,0.0,0.0,-,5.551115e-16,4001,142000,0,0,0,0,4001
c2,L,b.food=1.2@dated,3,False,CONVERGED,CONVERGED,587,587,-,-,0.26036731196388885,0.2603673,103,103,0,0,Commons,Commons,Commons,Commons,0.0,0.0,3423.9514300031196,3423.951,0.3045827336720157,0.3045827,193,193,0.3428200845928735,0.3428201,0.0,0.0,-,7.660539e-15,4001,142000,0,0,0,0,4001
c2,L,land.mach=0.2@dated,3,False,CONVERGED,CONVERGED,514,514,-,-,0.564572683466036,0.5645727,0,0,0,0,Commons,Commons,Commons,Commons,0.0,0.0,1790.1202559224544,1790.12,0.6174757475813019,0.5839206,0,0,0.8594450093499753,0.859445,0.0,0.0,-,3.28626e-14,4001,142000,0,0,0,0,4001
c2,10L,p[land]*0.5,3,False,CONVERGED,CONVERGED,641,641,-,-,0.3973120246451762,0.397312,18,18,0,0,Commons,Commons,Commons,Commons,0.0,0.0,929.8521026352516,929.8521,0.4102574042539378,0.4102574,20,20,0.26232679341193027,0.2623268,0.0,0.0,-,5.995204e-15,4001,1420000,0,0,0,0,4001
c2,10L,p[labour]*0.5,3,False,CONVERGED,CONVERGED,535,535,-,-,0.0,0.0,69,69,0,0,Commons,Commons,Commons,Commons,0.0,0.0,inf,inf,0.0,0.0,83,83,0.1460537894070596,0.1460538,0.0,0.0,-,3.330669e-15,4001,1420000,0,0,0,0,4001
c2,10L,RC(2),3,False,CONVERGED,CONVERGED,507,507,-,-,0.17904292467485441,0.1790429,51,51,0,0,Commons,Commons,Commons,Commons,0.0,0.0,1720.1296992366247,1720.13,0.26971696372514653,0.269717,56,56,0.40146288006226155,0.4014629,0.0,0.0,-,5.329071e-15,4001,1420000,0,0,0,0,4001
c2,10L,p[labour]*2,3,False,CONVERGED,CONVERGED,474,474,-,-,0.6456767265443268,0.6456767,0,0,0,0,Commons,Commons,Commons,Commons,0.0,0.0,693.1471805599452,693.1472,0.6456395182150352,0.2973505,0,0,0.4931056840610209,0.4931057,0.0,0.0,-,3.108624e-15,4001,1420000,0,0,0,0,4001
c2,10L,N(0.5),3,False,CONVERGED,CONVERGED,537,537,-,-,0.3719716992535321,0.3719717,36,36,0,0,Commons,Commons,Commons,Commons,0.0,0.0,1061.0130177736767,1061.013,0.2729678086588256,0.2729678,48,48,0.31269156195432507,0.3126916,0.0,0.0,-,3.330669e-15,4001,1420000,0,0,0,0,4001
c2,10L,N(2),3,False,CONVERGED,CONVERGED,420,420,-,-,0.42278528487200623,0.4227853,31,31,0,0,Commons,Commons,Commons,Commons,0.0,0.0,930.4038099014673,930.4038,0.7656926879591638,0.4105393,79,79,0.4522009169691167,0.4522009,0.0,0.0,-,4.218847e-15,4001,1420000,0,0,0,0,4001
c2,10L,p[shelter]*2,3,False,CONVERGED,CONVERGED,551,551,-,-,0.5165532070217036,0.5165532,0,0,0,0,Commons,Commons,Commons,Commons,0.0,0.0,693.1471805599452,693.1472,0.643380966217271,0.4783509,34,34,0.44162287795800476,0.4416229,0.0,0.0,-,6.661338e-15,4001,1420000,0,0,0,0,4001
c2,10L,p[care]*0.5,3,False,CONVERGED,CONVERGED,534,534,-,-,0.36184928557995405,0.3618493,32,32,0,0,Commons,Commons,Commons,Commons,0.0,0.0,1016.5274920260903,1016.527,0.3618553119282774,0.3618553,3,3,0.45924289715103894,0.4592429,0.0,0.0,-,3.108624e-15,4001,1420000,0,0,0,0,4001
c2,10L,p[food]*0.5,3,False,CONVERGED,CONVERGED,533,533,-,-,0.45466661062744,0.4546666,23,23,0,0,Commons,Commons,Commons,Commons,0.0,0.0,788.190852500278,788.1909,0.3335739515920332,0.333574,33,33,0.4582493498199303,0.4582493,0.0,0.0,-,5.329071e-15,4001,1420000,0,0,0,0,4001
c2,10L,JA(0.5),3,False,CONVERGED,CONVERGED,615,615,-,-,0.030220521398658575,0.03022052,148,148,0,0,Commons,Commons,Commons,Commons,0.0,0.0,5769.249531951617,5769.25,0.049604169329416345,0.04960417,149,149,0.09997136248724514,0.09997136,0.0,0.0,-,3.330669e-15,4001,1420000,0,0,0,0,4001
c2,10L,p[care]*2,3,False,CONVERGED,CONVERGED,460,460,-,-,0.7335895161743642,0.7335895,0,0,0,0,Commons,Commons,Commons,Commons,0.0,0.0,693.1471805599452,693.1472,0.7223273686704603,0.6194523,0,0,0.4961222437528585,0.4961222,0.0,0.0,-,2.442491e-15,4001,1420000,0,0,0,0,4001
c2,10L,p[manufactures]*2,3,False,CONVERGED,CONVERGED,339,339,-,-,0.8256531547407369,0.8256532,0,0,0,0,Commons,Commons,Commons,Commons,0.0,0.0,693.1471805599452,693.1472,0.8296712488508879,0.6308122,0,0,0.7200263084983439,0.7200263,0.0,0.0,-,4.218847e-15,4001,1420000,0,0,0,0,4001
c2,10L,JB(2),3,False,CONVERGED,CONVERGED,608,608,-,-,0.045228082176665886,0.04522808,153,153,0,0,Commons,Commons,Commons,Commons,0.0,0.0,7393.147180559946,7393.147,0.07669953905440205,0.07669954,167,167,0.19239265458303678,0.1923927,0.0,0.0,-,2.442491e-15,4001,1420000,0,0,0,0,4001
c2,10L,p[shelter]*0.5,3,False,CONVERGED,CONVERGED,527,527,-,-,0.23553696283504238,0.235537,34,34,0,0,Commons,Commons,Commons,Commons,0.0,0.0,1445.8874231282111,1445.887,0.25135065099960013,0.2513507,45,45,0.36870856550017556,0.3687086,0.0,0.0,-,3.330669e-15,4001,1420000,0,0,0,0,4001
c2,10L,p[manufactures]*0.5,3,False,CONVERGED,CONVERGED,543,543,-,-,0.36482125131479687,0.3648213,32,32,0,0,Commons,Commons,Commons,Commons,0.0,0.0,1008.3477677780508,1008.348,0.362638780468425,0.3626388,13,13,0.4407630090838242,0.440763,0.0,0.0,-,2.442491e-15,4001,1420000,0,0,0,0,4001
c2,10L,s[shelter]*0.5,3,False,CONVERGED,CONVERGED,133,133,-,-,0.9852604270592905,0.9852604,0,0,0,0,Commons,Commons,Commons,Commons,0.0,0.0,645.5285828834767,645.5286,0.9808431713408418,0.9797144,0,0,0.9792741320470212,0.9792741,0.0,0.0,-,2.664535e-15,4001,1420000,0,0,0,0,4001
c2,10L,p[food]*2,3,False,CONVERGED,CONVERGED,495,495,-,-,0.20349654034339643,0.2034965,29,29,0,0,Commons,Commons,Commons,Commons,0.0,0.0,1592.1062750135525,1592.106,0.21902104662769897,0.219021,39,39,0.4158721617758451,0.4158722,0.0,0.0,-,4.218847e-15,4001,1420000,0,0,0,0,4001
c2,10L,s[manufactures]*0.5,3,True,CONVERGED,CONVERGED,124,124,-,-,0.9999999999999996,1.0,0,0,0,0,Commons,Commons,Commons,Commons,0.0,0.0,645.5285828834767,645.5286,0.9999999999999996,1.0,0,0,1.0,1.0,0.0,0.0,-,2.109424e-15,4001,1420000,0,0,0,0,4001
c2,10L,land.mach=0.2@genesis,3,False,CONVERGED,CONVERGED,514,514,-,-,0.5645726834660363,0.5645727,0,0,0,0,Commons,Commons,Commons,Commons,0.0,0.0,1790.1202559224544,1790.12,0.6174757475813022,0.5853701,0,0,0.8612062276973519,0.8612062,0.0,0.0,-,2.3203660000000002e-14,4001,1420000,0,0,0,0,4001
c2,10L,RC(0.5),3,False,CONVERGED,CONVERGED,598,598,-,-,0.10718807120318095,0.1071881,117,117,0,0,Commons,Commons,Commons,Commons,0.0,0.0,4121.727342676621,4121.727,0.19140383071218983,0.1703185,110,110,0.26990081719775644,0.2699008,0.0,0.0,-,3.330669e-15,4001,1420000,0,0,0,0,4001
c2,10L,commons=15.6@genesis,3,False,CONVERGED,CONVERGED,315,315,-,-,0.9015423486625822,0.9015423,0,0,0,0,Crowded,Crowded,Crowded,Crowded,0.4659530128462709,0.46595301284626534,126.84358767411932,126.8436,0.8697529360970117,0.8697529,0,0,0.8806400557219548,0.8806401,0.0,0.0,-,2.220446e-15,0,0,4001,1420000,0,0,4001
c2,10L,x*/2,3,False,CONVERGED,CONVERGED,511,511,-,-,0.0,0.0,40,40,0,0,Commons,Commons,Commons,Commons,0.0,0.0,inf,inf,0.0,0.0,51,51,0.25223178558955384,0.2522318,0.0,0.0,-,3.330669e-15,4001,1420000,0,0,0,0,4001
c2,10L,commons=62.4@genesis,3,False,VACUOUS,VACUOUS,0,0,-,-,0.9999999999999996,1.0,0,0,0,0,Commons,Commons,Commons,Commons,0.0,0.0,4.440892098500627e-13,5.551115e-13,0.9999999999999996,1.0,0,0,1.0,1.0,0.0,0.0,-,5.551115e-16,4001,1420000,0,0,0,0,4001
c2,10L,land.mach=0.8@genesis,3,False,CONVERGED,CONVERGED,565,565,-,-,0.032079154602815727,0.03207915,116,116,0,0,Commons,Commons,Commons,Commons,0.0,0.0,3439.548849111122,3439.549,0.10455619183420697,0.1045562,157,157,0.16069409391389253,0.1606941,0.0,0.0,-,3.108624e-15,4001,1420000,0,0,0,0,4001
c2,10L,s[manufactures]*2,3,True,CONVERGED,CONVERGED,138,138,-,-,0.9999999999999996,1.0,0,0,0,0,Commons,Commons,Commons,Commons,0.0,0.0,668.4596480132863,668.4596,0.9999999999999996,1.0,0,0,1.0,1.0,0.0,0.0,-,2.220446e-15,4001,1420000,0,0,0,0,4001
c2,10L,b.food=1.2@genesis,3,False,CONVERGED,CONVERGED,588,588,-,-,0.25408794911198823,0.2540879,103,103,0,0,Commons,Commons,Commons,Commons,0.0,0.0,3500.1378580207534,3500.138,0.2995447433336811,0.2995447,196,196,0.3393558300455384,0.3393558,0.0,0.0,-,9.547918e-15,4001,1420000,0,0,0,0,4001
c2,10L,p[mach]*0.5,3,False,CONVERGED,CONVERGED,612,612,-,-,0.040203030683699535,0.04020303,148,148,0,0,Commons,Commons,Commons,Commons,0.0,0.0,6849.999999999999,6850.0,0.0780894472950497,0.07808945,154,154,0.15159093146946295,0.1515909,0.0,0.0,-,4.218847e-15,4001,1420000,0,0,0,0,4001
c2,10L,p[land]*2,3,False,CONVERGED,CONVERGED,586,586,-,-,0.053625180121004264,0.05362518,119,119,0,0,Commons,Commons,Commons,Commons,0.0,0.0,3817.3642053864705,3817.364,0.08371433911070841,0.08371434,131,131,0.1587139103189288,0.1587139,0.0,0.0,-,3.7747579999999994e-15,4001,1420000,0,0,0,0,4001
c2,10L,JB(0.5),3,False,CONVERGED,CONVERGED,527,527,-,-,0.0,0.0,67,67,0,0,Commons,Commons,Commons,Commons,0.0,0.0,inf,inf,0.0,0.0,76,76,0.12212899339226047,0.122129,0.0,0.0,-,2.220446e-15,4001,1420000,0,0,0,0,4001
c2,10L,b.food=0.3@genesis,3,False,CONVERGED,CONVERGED,491,491,-,-,0.34353261581389494,0.3435326,23,23,0,0,Commons,Commons,Commons,Commons,0.0,0.0,1068.4732204040592,1068.473,0.4404977600602817,0.4404978,21,21,0.38127764082574295,0.3812776,0.0,0.0,-,3.330669e-15,4001,1420000,0,0,0,0,4001
c2,10L,s[care]*2,3,True,CONVERGED,CONVERGED,138,138,-,-,0.9999999999999996,1.0,0,0,0,0,Commons,Commons,Commons,Commons,0.0,0.0,668.4596480132863,668.4596,0.9999999999999996,1.0,0,0,1.0,1.0,0.0,0.0,-,2.220446e-15,4001,1420000,0,0,0,0,4001
c2,10L,p[mach]*2,3,False,CONVERGED,CONVERGED,511,511,-,-,0.26519186115213333,0.2651919,37,37,0,0,Commons,Commons,Commons,Commons,0.0,0.0,1327.301710612955,1327.302,0.21468333949878193,0.2146833,52,52,0.2872967253026516,0.2872967,0.0,0.0,-,4.662937e-15,4001,1420000,0,0,0,0,4001
c2,10L,s[food]*0.5,3,False,CONVERGED,CONVERGED,328,328,-,-,0.9233621413799261,0.9233621,0,0,0,0,Commons,Commons,Commons,Commons,0.0,0.0,645.5285828834767,645.5286,0.9295369830351324,0.904911,0,0,0.8994185305551381,0.8994185,0.0,0.0,-,5.995204e-15,4001,1420000,0,0,0,0,4001
c2,10L,s[food]*2,3,False,CONVERGED,CONVERGED,500,500,-,-,0.0,0.0,16,16,0,0,Commons,Commons,Commons,Commons,0.0,0.0,inf,inf,0.0,0.0,38,38,0.310144252841823,0.3101443,0.0,0.0,-,5.329071e-15,4001,1420000,0,0,0,0,4001
c2,10L,JA(2),3,False,CONVERGED,CONVERGED,508,508,-,-,0.012743504092509753,0.0127435,20,20,0,0,Commons,Commons,Commons,Commons,0.0,0.0,4689.328890790437,4689.329,0.02301164926755849,0.02301165,45,45,0.35367296646949287,0.353673,0.0,0.0,-,5.107026e-15,4001,1420000,0,0,0,0,4001
c2,10L,s[shelter]*2,3,False,CONVERGED,CONVERGED,447,447,-,-,0.5142158341906478,0.5142158,1,1,0,0,Commons,Commons,Commons,Commons,0.0,0.0,721.2310893031131,721.2311,0.46364956397885737,0.4636496,0,0,0.5343409619572738,0.534341,0.0,0.0,-,3.7747579999999994e-15,4001,1420000,0,0,0,0,4001
c2,10L,s[care]*0.5,3,False,CONVERGED,CONVERGED,326,326,-,-,0.8096863471991239,0.8096863,0,0,0,0,Commons,Commons,Commons,Commons,0.0,0.0,645.5285828834767,645.5286,0.7576431618393762,0.7576432,0,0,0.7210435283120129,0.7210435,0.0,0.0,-,2.88658e-15,4001,1420000,0,0,0,0,4001
c2,10L,land.mach=0.2@dated,3,False,CONVERGED,CONVERGED,514,514,-,-,0.564572683466036,0.5645727,0,0,0,0,Commons,Commons,Commons,Commons,0.0,0.0,1790.1202559224544,1790.12,0.6174757475813019,0.5839206,0,0,0.8594450093499753,0.859445,0.0,0.0,-,3.28626e-14,4001,1420000,0,0,0,0,4001
c2,10L,b.food=0.3@dated,3,False,CONVERGED,CONVERGED,492,492,-,-,0.3416400054237621,0.34164,24,24,0,0,Commons,Commons,Commons,Commons,0.0,0.0,1073.997712028526,1073.998,0.43821669536026775,0.4382167,21,21,0.38070148351158234,0.3807015,0.0,0.0,-,4.662937e-15,4001,1420000,0,0,0,0,4001
c2,10L,commons=62.4@dated,3,False,VACUOUS,VACUOUS,0,0,-,-,0.9999999999999997,1.0,0,0,0,0,Commons,Commons,Commons,Commons,0.0,0.0,3.33066907387547e-13,5.551115e-13,0.9999999999999997,1.0,0,0,1.0,1.0,0.0,0.0,-,5.551115e-16,4001,1420000,0,0,0,0,4001
c2,10L,commons=15.6@dated,3,False,CONVERGED,CONVERGED,315,315,-,-,0.9015423486625844,0.9015423,0,0,0,0,Crowded,Crowded,Crowded,Crowded,0.46595301284627016,0.4659530128462659,126.84358767411932,126.8436,0.8697529360970137,0.8697529,0,0,0.8806400557219564,0.8806401,0.0,0.0,-,3.7747579999999994e-15,0,0,4001,1420000,0,0,4001
c2,10L,land.mach=0.8@dated,3,False,CONVERGED,CONVERGED,565,565,-,-,0.03278528587035997,0.03278529,116,116,0,0,Commons,Commons,Commons,Commons,0.0,0.0,3417.775465757216,3417.775,0.10342810915924194,0.1034281,156,156,0.1596168833761292,0.1596169,0.0,0.0,-,4.218847e-15,4001,1420000,0,0,0,0,4001
c2,10L,b.food=1.2@dated,3,False,CONVERGED,CONVERGED,587,587,-,-,0.26036731196388885,0.2603673,103,103,0,0,Commons,Commons,Commons,Commons,0.0,0.0,3423.9514300031196,3423.951,0.3045827336720157,0.3045827,193,193,0.3428200845928735,0.3428201,0.0,0.0,-,7.660539e-15,4001,1420000,0,0,0,0,4001
c2,tier3s,stock.manufactures*0.5,-,False,CONVERGED,CONVERGED,302,302,-,-,0.5000000000000001,0.5,0,0,0,0,Commons,Commons,Commons,Commons,0.0,0.0,693.1471805599452,693.1472,0.5000000000000001,0.5,0,0,0.9727833843578644,0.9727834,0.0,0.0,-,4.662937e-15,4001,142000,0,0,0,0,4001
c2,tier3s,stock.manufactures*2,-,False,CONVERGED,CONVERGED,341,341,-,-,0.9339779654197633,0.933978,0,0,0,0,Commons,Commons,Commons,Commons,0.0,0.0,68.30243265924379,68.30243,0.9337464088290129,0.5,0,0,0.9513053944742007,0.9513054,0.0,0.0,-,4.662937e-15,4001,142000,0,0,0,0,4001
c2,tier3s,stock.food*0.5,-,False,CONVERGED,CONVERGED,313,313,-,-,0.5,0.5,0,0,0,0,Commons,Commons,Commons,Commons,0.0,0.0,693.1471805599452,693.1472,0.5,0.5,0,0,0.9474703642755894,0.9474704,0.0,0.0,-,4.440892e-15,4001,142000,0,0,0,0,4001
c2,tier3s,stock.food*2,-,False,CONVERGED,CONVERGED,316,316,-,-,0.9383741320860117,0.9383741,0,0,0,0,Commons,Commons,Commons,Commons,0.0,0.0,63.60654800106805,63.60655,0.8969247921050992,0.5,0,0,0.9526812295320938,0.9526812,0.0,0.0,-,3.552714e-15,4001,142000,0,0,0,0,4001
c2,tier3s,stock.care*0.5,-,False,CONVERGED,CONVERGED,282,282,-,-,0.5,0.5,0,0,0,0,Commons,Commons,Commons,Commons,0.0,0.0,693.1471805599452,693.1472,0.5,0.5,0,0,0.9679412956590677,0.9679413,0.0,0.0,-,5.551115e-15,4001,142000,0,0,0,0,4001
c2,tier3s,stock.care*2,-,False,CONVERGED,CONVERGED,294,294,-,-,0.9325339362547631,0.9325339,0,0,0,0,Commons,Commons,Commons,Commons,0.0,0.0,69.84973535986512,69.84974,0.9326070738009974,0.5,0,0,0.9733771937768975,0.9733772,0.0,0.0,-,3.330669e-15,4001,142000,0,0,0,0,4001
c2,tier3s,stock.shelter*0.5,-,False,CONVERGED,CONVERGED,320,320,-,-,0.5,0.5,0,0,0,0,Commons,Commons,Commons,Commons,0.0,0.0,693.1471805599452,693.1472,0.5,0.5,0,0,0.9517332896167041,0.9517333,0.0,0.0,-,2.88658e-15,4001,142000,0,0,0,0,4001
c2,tier3s,stock.shelter*2,-,False,CONVERGED,CONVERGED,313,313,-,-,0.9124360058419504,0.912436,0,0,0,0,Commons,Commons,Commons,Commons,0.0,0.0,91.63732656891871,91.63733,0.8972859726615241,0.5,0,0,0.9090359191466335,0.9090359,0.0,0.0,-,4.440892e-15,4001,142000,0,0,0,0,4001
c2,tier3s,stock.mach*0.5,-,False,CONVERGED,CONVERGED,319,319,-,-,0.2857142857142857,0.2857143,2,2,0,0,Commons,Commons,Commons,Commons,0.0,0.0,1252.762968495368,1252.763,0.2857142857142857,0.2857143,0,0,0.7155645148722232,0.7155645,0.0,0.0,-,2.220446e-15,4001,142000,0,0,0,0,4001
c2,tier3s,stock.mach*2,-,False,CONVERGED,CONVERGED,339,339,-,-,0.8468962479979198,0.8468962,0,0,0,0,Commons,Commons,Commons,Commons,0.0,0.0,166.1770853419748,166.1771,0.8611416057709029,0.4117647,0,0,0.7791742688214409,0.7791743,0.0,0.0,-,2.442491e-15,4001,142000,0,0,0,0,4001
c2,tier3s,coin.desk.manufactures*0.5,-,False,CONVERGED,CONVERGED,477,477,-,-,0.5000000000000002,0.5,0,0,0,0,Commons,Commons,Commons,Commons,0.0,0.0,693.1471805599452,693.1472,0.5000000000000002,0.5,0,0,0.597658912262585,0.5976589,0.0,0.0,-,3.108624e-15,4001,142000,0,0,0,0,4001
c2,tier3s,coin.desk.manufactures*2,-,False,CONVERGED,CONVERGED,467,467,-,-,0.6111944855791928,0.6111945,0,0,0,0,Commons,Commons,Commons,Commons,0.0,0.0,551.8722620745275,551.8723,0.632962397323171,0.5758706,0,0,0.7710043180749032,0.7710043,0.0,0.0,-,6.217249e-15,4001,142000,0,0,0,0,4001
c2,tier3s,coin.desk.food*0.5,-,False,CONVERGED,CONVERGED,365,365,-,-,0.5,0.5,0,1,0,0,Commons,Commons,Commons,Commons,0.0,0.0,693.1471805599452,693.1472,0.5193532970832045,0.4937281,0,0,0.43781000444738566,0.43781,0.0,0.0,-,3.996803e-15,4001,142000,0,0,0,0,4001
c2,tier3s,coin.desk.food*2,-,False,CONVERGED,CONVERGED,514,514,-,-,0.39406862229055767,0.3940686,22,22,0,0,Commons,Commons,Commons,Commons,0.0,0.0,931.2302165995859,931.2302,0.31021280057124523,0.3102128,32,32,0.4764000088280289,0.4764,0.0,0.0,-,3.996803e-15,4001,142000,0,0,0,0,4001
c2,tier3s,coin.desk.care*0.5,-,False,CONVERGED,CONVERGED,338,338,-,-,0.49999999999999994,0.5,0,0,0,0,Commons,Commons,Commons,Commons,0.0,0.0,693.1471805599452,693.1472,0.501361773742851,0.5013618,0,0,0.7199844984889705,0.7199845,0.0,0.0,-,2.442491e-15,4001,142000,0,0,0,0,4001
c2,tier3s,coin.desk.care*2,-,False,CONVERGED,CONVERGED,444,444,-,-,0.6302389758845753,0.630239,0,0,0,0,Commons,Commons,Commons,Commons,0.0,0.0,461.6562047218679,461.6562,0.5820098169966068,0.5820098,0,0,0.6715272146787813,0.6715272,0.0,0.0,-,2.88658e-15,4001,142000,0,0,0,0,4001
c2,tier3s,coin.desk.shelter*0.5,-,False,CONVERGED,CONVERGED,385,385,-,-,0.49999999999999994,0.5,0,0,0,0,Commons,Commons,Commons,Commons,0.0,0.0,693.1471805599452,693.1472,0.5259624125318135,0.5259624,0,0,0.44427711460142727,0.4442771,0.0,0.0,-,4.218847e-15,4001,142000,0,0,0,0,4001
c2,tier3s,coin.desk.shelter*2,-,False,CONVERGED,CONVERGED,536,536,-,-,0.43332920635372507,0.4333292,15,15,0,0,Commons,Commons,Commons,Commons,0.0,0.0,871.067032244017,871.067,0.47335025563545013,0.4733503,40,40,0.5336538222204944,0.5336538,0.0,0.0,-,4.662937e-15,4001,142000,0,0,0,0,4001
c2,tier3s,coin.desk.mach*0.5,-,False,CONVERGED,CONVERGED,520,520,-,-,0.33375275669853277,0.3337528,43,43,0,0,Commons,Commons,Commons,Commons,0.0,0.0,1097.3548095309047,1097.355,0.2878794320675016,0.2878794,58,58,0.29663289271983084,0.2966329,0.0,0.0,-,4.884981e-15,4001,142000,0,0,0,0,4001
c2,tier3s,coin.desk.mach*2,-,False,CONVERGED,CONVERGED,543,543,-,-,0.5714285714285714,0.5714286,0,0,0,0,Commons,Commons,Commons,Commons,0.0,0.0,559.6157879354228,559.6158,0.5714285714285714,0.5714286,30,30,0.4940709940602259,0.494071,0.0,0.0,-,2.664535e-15,4001,142000,0,0,0,0,4001
c2,tier3s,coin.workers*0.5,-,False,CONVERGED,CONVERGED,219,219,-,-,0.6371773630859263,0.6371774,0,0,0,0,Commons,Commons,Commons,Commons,0.0,0.0,450.70722718004515,450.7072,0.87646504291772,0.5381437,0,0,0.7436971920191402,0.7436972,0.0,0.0,-,5.329071e-15,4001,142000,0,0,0,0,4001
c2,tier3s,coin.workers*2,-,False,CONVERGED,CONVERGED,512,512,-,-,0.5881087944037062,0.5881088,0,0,0,0,Commons,Commons,Commons,Commons,0.0,0.0,578.406306538687,578.4063,0.5794933728075028,0.5794934,29,29,0.5027938364045765,0.5027938,0.0,0.0,-,3.552714e-15,4001,142000,0,0,0,0,4001
c2,tier3s,coin.provider*0.5,-,False,CONVERGED,CONVERGED,201,201,-,-,0.78560792178608,0.7856079,0,0,0,0,Commons,Commons,Commons,Commons,0.0,0.0,241.297438252803,241.2974,0.9214106478894304,0.694729,0,0,0.5,1.0,0.0,0.0,-,4.884981e-15,4001,142000,0,0,0,0,4001
c2,tier3s,coin.provider*2,-,False,CONVERGED,CONVERGED,494,494,-,-,0.7320478754214531,0.7320479,0,0,0,0,Commons,Commons,Commons,Commons,0.0,0.0,311.90936357832646,311.9094,0.6998957788698748,0.6998958,0,0,0.6113744609697924,0.3056872,0.0,0.0,-,3.552714e-15,4001,142000,0,0,0,0,4001
c2,tier3s10L,stock.manufactures*0.5,-,False,CONVERGED,CONVERGED,302,302,-,-,0.5000000000000001,0.5,0,0,0,0,Commons,Commons,Commons,Commons,0.0,0.0,693.1471805599452,693.1472,0.5000000000000001,0.5,0,0,0.9727833843578644,0.9727834,0.0,0.0,-,4.662937e-15,4001,1420000,0,0,0,0,4001
c2,tier3s10L,stock.manufactures*2,-,False,CONVERGED,CONVERGED,341,341,-,-,0.9339779654197633,0.933978,0,0,0,0,Commons,Commons,Commons,Commons,0.0,0.0,68.30243265924379,68.30243,0.9337464088290129,0.5,0,0,0.9513053944742007,0.9513054,0.0,0.0,-,4.662937e-15,4001,1420000,0,0,0,0,4001
c2,tier3s10L,stock.food*0.5,-,False,CONVERGED,CONVERGED,313,313,-,-,0.5,0.5,0,0,0,0,Commons,Commons,Commons,Commons,0.0,0.0,693.1471805599452,693.1472,0.5,0.5,0,0,0.9474703642755894,0.9474704,0.0,0.0,-,4.440892e-15,4001,1420000,0,0,0,0,4001
c2,tier3s10L,stock.food*2,-,False,CONVERGED,CONVERGED,316,316,-,-,0.9383741320860117,0.9383741,0,0,0,0,Commons,Commons,Commons,Commons,0.0,0.0,63.60654800106805,63.60655,0.8969247921050992,0.5,0,0,0.9526812295320938,0.9526812,0.0,0.0,-,3.552714e-15,4001,1420000,0,0,0,0,4001
c2,tier3s10L,stock.care*0.5,-,False,CONVERGED,CONVERGED,282,282,-,-,0.5,0.5,0,0,0,0,Commons,Commons,Commons,Commons,0.0,0.0,693.1471805599452,693.1472,0.5,0.5,0,0,0.9679412956590677,0.9679413,0.0,0.0,-,5.551115e-15,4001,1420000,0,0,0,0,4001
c2,tier3s10L,stock.care*2,-,False,CONVERGED,CONVERGED,294,294,-,-,0.9325339362547631,0.9325339,0,0,0,0,Commons,Commons,Commons,Commons,0.0,0.0,69.84973535986512,69.84974,0.9326070738009974,0.5,0,0,0.9733771937768975,0.9733772,0.0,0.0,-,3.330669e-15,4001,1420000,0,0,0,0,4001
c2,tier3s10L,stock.shelter*0.5,-,False,CONVERGED,CONVERGED,320,320,-,-,0.5,0.5,0,0,0,0,Commons,Commons,Commons,Commons,0.0,0.0,693.1471805599452,693.1472,0.5,0.5,0,0,0.9517332896167041,0.9517333,0.0,0.0,-,2.88658e-15,4001,1420000,0,0,0,0,4001
c2,tier3s10L,stock.shelter*2,-,False,CONVERGED,CONVERGED,313,313,-,-,0.9124360058419504,0.912436,0,0,0,0,Commons,Commons,Commons,Commons,0.0,0.0,91.63732656891871,91.63733,0.8972859726615241,0.5,0,0,0.9090359191466335,0.9090359,0.0,0.0,-,4.440892e-15,4001,1420000,0,0,0,0,4001
c2,tier3s10L,stock.mach*0.5,-,False,CONVERGED,CONVERGED,319,319,-,-,0.2857142857142857,0.2857143,2,2,0,0,Commons,Commons,Commons,Commons,0.0,0.0,1252.762968495368,1252.763,0.2857142857142857,0.2857143,0,0,0.7155645148722232,0.7155645,0.0,0.0,-,2.220446e-15,4001,1420000,0,0,0,0,4001
c2,tier3s10L,stock.mach*2,-,False,CONVERGED,CONVERGED,339,339,-,-,0.8468962479979198,0.8468962,0,0,0,0,Commons,Commons,Commons,Commons,0.0,0.0,166.1770853419748,166.1771,0.8611416057709029,0.4117647,0,0,0.7791742688214409,0.7791743,0.0,0.0,-,2.442491e-15,4001,1420000,0,0,0,0,4001
c2,tier3s10L,coin.desk.manufactures*0.5,-,False,CONVERGED,CONVERGED,477,477,-,-,0.5000000000000002,0.5,0,0,0,0,Commons,Commons,Commons,Commons,0.0,0.0,693.1471805599452,693.1472,0.5000000000000002,0.5,0,0,0.597658912262585,0.5976589,0.0,0.0,-,3.108624e-15,4001,1420000,0,0,0,0,4001
c2,tier3s10L,coin.desk.manufactures*2,-,False,CONVERGED,CONVERGED,467,467,-,-,0.6111944855791928,0.6111945,0,0,0,0,Commons,Commons,Commons,Commons,0.0,0.0,551.8722620745275,551.8723,0.632962397323171,0.5758706,0,0,0.7710043180749032,0.7710043,0.0,0.0,-,6.217249e-15,4001,1420000,0,0,0,0,4001
c2,tier3s10L,coin.desk.food*0.5,-,False,CONVERGED,CONVERGED,365,365,-,-,0.5,0.5,0,1,0,0,Commons,Commons,Commons,Commons,0.0,0.0,693.1471805599452,693.1472,0.5193532970832045,0.4937281,0,0,0.43781000444738566,0.43781,0.0,0.0,-,3.996803e-15,4001,1420000,0,0,0,0,4001
c2,tier3s10L,coin.desk.food*2,-,False,CONVERGED,CONVERGED,514,514,-,-,0.39406862229055767,0.3940686,22,22,0,0,Commons,Commons,Commons,Commons,0.0,0.0,931.2302165995859,931.2302,0.31021280057124523,0.3102128,32,32,0.4764000088280289,0.4764,0.0,0.0,-,3.996803e-15,4001,1420000,0,0,0,0,4001
c2,tier3s10L,coin.desk.care*0.5,-,False,CONVERGED,CONVERGED,338,338,-,-,0.49999999999999994,0.5,0,0,0,0,Commons,Commons,Commons,Commons,0.0,0.0,693.1471805599452,693.1472,0.501361773742851,0.5013618,0,0,0.7199844984889705,0.7199845,0.0,0.0,-,2.442491e-15,4001,1420000,0,0,0,0,4001
c2,tier3s10L,coin.desk.care*2,-,False,CONVERGED,CONVERGED,444,444,-,-,0.6302389758845753,0.630239,0,0,0,0,Commons,Commons,Commons,Commons,0.0,0.0,461.6562047218679,461.6562,0.5820098169966068,0.5820098,0,0,0.6715272146787813,0.6715272,0.0,0.0,-,2.88658e-15,4001,1420000,0,0,0,0,4001
c2,tier3s10L,coin.desk.shelter*0.5,-,False,CONVERGED,CONVERGED,385,385,-,-,0.49999999999999994,0.5,0,0,0,0,Commons,Commons,Commons,Commons,0.0,0.0,693.1471805599452,693.1472,0.5259624125318135,0.5259624,0,0,0.44427711460142727,0.4442771,0.0,0.0,-,4.218847e-15,4001,1420000,0,0,0,0,4001
c2,tier3s10L,coin.desk.shelter*2,-,False,CONVERGED,CONVERGED,536,536,-,-,0.43332920635372507,0.4333292,15,15,0,0,Commons,Commons,Commons,Commons,0.0,0.0,871.067032244017,871.067,0.47335025563545013,0.4733503,40,40,0.5336538222204944,0.5336538,0.0,0.0,-,4.662937e-15,4001,1420000,0,0,0,0,4001
c2,tier3s10L,coin.desk.mach*0.5,-,False,CONVERGED,CONVERGED,520,520,-,-,0.33375275669853277,0.3337528,43,43,0,0,Commons,Commons,Commons,Commons,0.0,0.0,1097.3548095309047,1097.355,0.2878794320675016,0.2878794,58,58,0.29663289271983084,0.2966329,0.0,0.0,-,4.884981e-15,4001,1420000,0,0,0,0,4001
c2,tier3s10L,coin.desk.mach*2,-,False,CONVERGED,CONVERGED,543,543,-,-,0.5714285714285714,0.5714286,0,0,0,0,Commons,Commons,Commons,Commons,0.0,0.0,559.6157879354228,559.6158,0.5714285714285714,0.5714286,30,30,0.4940709940602259,0.494071,0.0,0.0,-,2.664535e-15,4001,1420000,0,0,0,0,4001
c2,tier3s10L,coin.workers*0.5,-,False,CONVERGED,CONVERGED,219,219,-,-,0.6371773630859263,0.6371774,0,0,0,0,Commons,Commons,Commons,Commons,0.0,0.0,450.70722718004515,450.7072,0.87646504291772,0.5381437,0,0,0.7436971920191402,0.7436972,0.0,0.0,-,5.329071e-15,4001,1420000,0,0,0,0,4001
c2,tier3s10L,coin.workers*2,-,False,CONVERGED,CONVERGED,512,512,-,-,0.5881087944037062,0.5881088,0,0,0,0,Commons,Commons,Commons,Commons,0.0,0.0,578.406306538687,578.4063,0.5794933728075028,0.5794934,29,29,0.5027938364045765,0.5027938,0.0,0.0,-,3.552714e-15,4001,1420000,0,0,0,0,4001
c2,tier3s10L,coin.provider*0.5,-,False,CONVERGED,CONVERGED,201,201,-,-,0.78560792178608,0.7856079,0,0,0,0,Commons,Commons,Commons,Commons,0.0,0.0,241.297438252803,241.2974,0.9214106478894304,0.694729,0,0,0.5,1.0,0.0,0.0,-,4.884981e-15,4001,1420000,0,0,0,0,4001
c2,tier3s10L,coin.provider*2,-,False,CONVERGED,CONVERGED,494,494,-,-,0.7320478754214531,0.7320479,0,0,0,0,Commons,Commons,Commons,Commons,0.0,0.0,311.90936357832646,311.9094,0.6998957788698748,0.6998958,0,0,0.6113744609697924,0.3056872,0.0,0.0,-,3.552714e-15,4001,1420000,0,0,0,0,4001
c2,stocks,coin.desk.manufactures*0.5,0,False,CONVERGED,CONVERGED,477,477,-,-,0.5000000000000002,0.5,0,0,0,0,Commons,Commons,Commons,Commons,0.0,0.0,693.1471805599452,693.1472,0.5000000000000002,0.5,0,0,0.597658912262585,0.5976589,0.0,0.0,-,3.108624e-15,4001,142000,0,0,0,0,4001
c2,stocks,coin.desk.manufactures*0.1,0,False,CONVERGED,CONVERGED,530,530,-,-,0.1000000000000001,0.1,24,24,0,0,Commons,Commons,Commons,Commons,0.0,0.0,2302.5850929940457,2302.585,0.1000000000000001,0.1,31,31,0.39903954759801413,0.3990395,0.0,0.0,-,4.440892e-15,4001,142000,0,0,0,0,4001
c2,stocks,coin.desk.food*0.02,0,False,CONVERGED,CONVERGED,537,537,-,-,0.02,0.02,91,91,0,0,Commons,Commons,Commons,Commons,0.0,0.0,3912.023005428146,3912.023,0.021575854617876263,0.02157585,83,83,0.2819198244359129,0.2819198,0.0,0.0,-,5.77316e-15,4001,142000,0,0,0,0,4001
c2,stocks,coin.desk.manufactures*0.02,0,False,CONVERGED,CONVERGED,541,541,-,-,0.020000000000000115,0.02,36,36,0,0,Commons,Commons,Commons,Commons,0.0,0.0,3912.023005428146,3912.023,0.020000000000000115,0.02,40,40,0.3774719102243609,0.3774719,0.0,0.0,-,4.218847e-15,4001,142000,0,0,0,0,4001
c2,stocks,coin.desk.food*0.1,0,False,CONVERGED,CONVERGED,521,521,-,-,0.10000000000000002,0.1,75,75,0,0,Commons,Commons,Commons,Commons,0.0,0.0,2302.585092994045,2302.585,0.10718982176035931,0.1071898,67,67,0.3163242019738387,0.3163242,0.0,0.0,-,6.661338e-15,4001,142000,0,0,0,0,4001
c2,stocks,coin.desk.manufactures*2,0,False,CONVERGED,CONVERGED,467,467,-,-,0.6111944855791928,0.6111945,0,0,0,0,Commons,Commons,Commons,Commons,0.0,0.0,551.8722620745275,551.8723,0.632962397323171,0.5758706,0,0,0.7710043180749032,0.7710043,0.0,0.0,-,6.217249e-15,4001,142000,0,0,0,0,4001
c2,stocks,coin.desk.food*0.5,0,False,CONVERGED,CONVERGED,365,365,-,-,0.5,0.5,0,1,0,0,Commons,Commons,Commons,Commons,0.0,0.0,693.1471805599452,693.1472,0.5193532970832045,0.4937281,0,0,0.43781000444738566,0.43781,0.0,0.0,-,3.996803e-15,4001,142000,0,0,0,0,4001
c2,stocks,coin.desk.food*2,0,False,CONVERGED,CONVERGED,514,514,-,-,0.39406862229055767,0.3940686,22,22,0,0,Commons,Commons,Commons,Commons,0.0,0.0,931.2302165995859,931.2302,0.31021280057124523,0.3102128,32,32,0.4764000088280289,0.4764,0.0,0.0,-,3.996803e-15,4001,142000,0,0,0,0,4001
c2,stocks,coin.desk.care*0.1,0,False,CONVERGED,CONVERGED,497,497,-,-,0.1,0.1,25,25,0,0,Commons,Commons,Commons,Commons,0.0,0.0,2302.585092994045,2302.585,0.10049130903020549,0.1004913,0,0,0.531086087618806,0.5310861,0.0,0.0,-,4.662937e-15,4001,142000,0,0,0,0,4001
c2,stocks,coin.desk.care*0.02,0,False,CONVERGED,CONVERGED,506,506,-,-,0.02,0.02,29,29,0,0,Commons,Commons,Commons,Commons,0.0,0.0,3912.023005428146,3912.023,0.020107042936499266,0.02010704,2,2,0.4589289911863289,0.458929,0.0,0.0,-,4.440892e-15,4001,142000,0,0,0,0,4001
c2,stocks,coin.desk.shelter*0.1,0,False,CONVERGED,CONVERGED,424,424,-,-,0.1,0.1,20,20,0,0,Commons,Commons,Commons,Commons,0.0,0.0,2302.585092994045,2302.585,0.10975154638350348,0.1097515,46,46,0.29692662779720175,0.2969266,0.0,0.0,-,3.552714e-15,4001,142000,0,0,0,0,4001
c2,stocks,coin.desk.shelter*0.5,0,False,CONVERGED,CONVERGED,385,385,-,-,0.49999999999999994,0.5,0,0,0,0,Commons,Commons,Commons,Commons,0.0,0.0,693.1471805599452,693.1472,0.5259624125318135,0.5259624,0,0,0.44427711460142727,0.4442771,0.0,0.0,-,4.218847e-15,4001,142000,0,0,0,0,4001
c2,stocks,coin.desk.care*0.5,0,False,CONVERGED,CONVERGED,338,338,-,-,0.49999999999999994,0.5,0,0,0,0,Commons,Commons,Commons,Commons,0.0,0.0,693.1471805599452,693.1472,0.501361773742851,0.5013618,0,0,0.7199844984889705,0.7199845,0.0,0.0,-,2.442491e-15,4001,142000,0,0,0,0,4001
c2,stocks,coin.desk.shelter*2,0,False,CONVERGED,CONVERGED,536,536,-,-,0.43332920635372507,0.4333292,15,15,0,0,Commons,Commons,Commons,Commons,0.0,0.0,871.067032244017,871.067,0.47335025563545013,0.4733503,40,40,0.5336538222204944,0.5336538,0.0,0.0,-,4.662937e-15,4001,142000,0,0,0,0,4001
c2,stocks,coin.desk.shelter*0.02,0,False,CONVERGED,CONVERGED,569,569,-,-,0.02,0.02,33,33,0,0,Commons,Commons,Commons,Commons,0.0,0.0,3912.0230054281465,3912.023,0.02214223911829777,0.02214224,105,105,0.2734841783515951,0.2734842,0.0,0.0,-,3.996803e-15,4001,142000,0,0,0,0,4001
c2,stocks,coin.desk.care*2,0,False,CONVERGED,CONVERGED,444,444,-,-,0.6302389758845753,0.630239,0,0,0,0,Commons,Commons,Commons,Commons,0.0,0.0,461.6562047218679,461.6562,0.5820098169966068,0.5820098,0,0,0.6715272146787813,0.6715272,0.0,0.0,-,2.88658e-15,4001,142000,0,0,0,0,4001
c2,stocks,stock.food*0.1,0,False,CONVERGED,CONVERGED,325,325,-,-,0.1,0.1,1,1,0,0,Commons,Commons,Commons,Commons,0.0,0.0,2302.585092994045,2302.585,0.1,0.1,0,0,0.9023190272621675,0.902319,0.0,0.0,-,5.107026e-15,4001,142000,0,0,0,0,4001
c2,stocks,coin.desk.mach*0.1,0,False,CONVERGED,CONVERGED,552,552,-,-,0.08687737298385971,0.08687737,85,85,0,0,Commons,Commons,Commons,Commons,0.0,0.0,2443.2576605481004,2443.258,0.06982809918505455,0.0698281,102,102,0.13854832934903621,0.1385483,0.0,0.0,-,4.218847e-15,4001,142000,0,0,0,0,4001
c2,stocks,coin.desk.mach*0.02,0,False,CONVERGED,CONVERGED,561,561,-,-,0.05386800043140544,0.053868,96,96,0,0,Commons,Commons,Commons,Commons,0.0,0.0,3912.0230054281465,3912.023,0.042926084295783866,0.04292608,114,114,0.10461350695331127,0.1046135,0.0,0.0,-,1.8873789999999997e-15,4001,142000,0,0,0,0,4001
c2,stocks,stock.manufactures*0.5,0,False,CONVERGED,CONVERGED,302,302,-,-,0.5000000000000001,0.5,0,0,0,0,Commons,Commons,Commons,Commons,0.0,0.0,693.1471805599452,693.1472,0.5000000000000001,0.5,0,0,0.9727833843578644,0.9727834,0.0,0.0,-,4.662937e-15,4001,142000,0,0,0,0,4001
c2,stocks,coin.desk.mach*2,0,False,CONVERGED,CONVERGED,543,543,-,-,0.5714285714285714,0.5714286,0,0,0,0,Commons,Commons,Commons,Commons,0.0,0.0,559.6157879354228,559.6158,0.5714285714285714,0.5714286,30,30,0.4940709940602259,0.494071,0.0,0.0,-,2.664535e-15,4001,142000,0,0,0,0,4001
c2,stocks,coin.desk.mach*0.5,0,False,CONVERGED,CONVERGED,520,520,-,-,0.33375275669853277,0.3337528,43,43,0,0,Commons,Commons,Commons,Commons,0.0,0.0,1097.3548095309047,1097.355,0.2878794320675016,0.2878794,58,58,0.29663289271983084,0.2966329,0.0,0.0,-,4.884981e-15,4001,142000,0,0,0,0,4001
c2,stocks,stock.manufactures*2,0,False,CONVERGED,CONVERGED,341,341,-,-,0.9339779654197633,0.933978,0,0,0,0,Commons,Commons,Commons,Commons,0.0,0.0,68.30243265924379,68.30243,0.9337464088290129,0.5,0,0,0.9513053944742007,0.9513054,0.0,0.0,-,4.662937e-15,4001,142000,0,0,0,0,4001
c2,stocks,stock.manufactures*0.1,0,False,CONVERGED,CONVERGED,315,315,-,-,0.10000000000000002,0.1,1,1,0,0,Commons,Commons,Commons,Commons,0.0,0.0,2302.585092994045,2302.585,0.10000000000000002,0.1,0,0,0.9501148922783608,0.9501149,0.0,0.0,-,5.995204e-15,4001,142000,0,0,0,0,4001
c2,stocks,stock.food*2,0,False,CONVERGED,CONVERGED,316,316,-,-,0.9383741320860117,0.9383741,0,0,0,0,Commons,Commons,Commons,Commons,0.0,0.0,63.60654800106805,63.60655,0.8969247921050992,0.5,0,0,0.9526812295320938,0.9526812,0.0,0.0,-,3.552714e-15,4001,142000,0,0,0,0,4001
c2,stocks,stock.care*2,0,False,CONVERGED,CONVERGED,294,294,-,-,0.9325339362547631,0.9325339,0,0,0,0,Commons,Commons,Commons,Commons,0.0,0.0,69.84973535986512,69.84974,0.9326070738009974,0.5,0,0,0.9733771937768975,0.9733772,0.0,0.0,-,3.330669e-15,4001,142000,0,0,0,0,4001
c2,stocks,stock.care*0.5,0,False,CONVERGED,CONVERGED,282,282,-,-,0.5,0.5,0,0,0,0,Commons,Commons,Commons,Commons,0.0,0.0,693.1471805599452,693.1472,0.5,0.5,0,0,0.9679412956590677,0.9679413,0.0,0.0,-,5.551115e-15,4001,142000,0,0,0,0,4001
c2,stocks,stock.food*0.5,0,False,CONVERGED,CONVERGED,313,313,-,-,0.5,0.5,0,0,0,0,Commons,Commons,Commons,Commons,0.0,0.0,693.1471805599452,693.1472,0.5,0.5,0,0,0.9474703642755894,0.9474704,0.0,0.0,-,4.440892e-15,4001,142000,0,0,0,0,4001
c2,stocks,stock.care*0.1,0,False,CONVERGED,CONVERGED,298,298,-,-,0.1,0.1,1,1,0,0,Commons,Commons,Commons,Commons,0.0,0.0,2302.585092994045,2302.585,0.1,0.1,0,0,0.941578908448238,0.9415789,0.0,0.0,-,4.662937e-15,4001,142000,0,0,0,0,4001
c2,stocks,stock.shelter*0.1,0,False,CONVERGED,CONVERGED,356,356,-,-,0.1,0.1,1,1,0,0,Commons,Commons,Commons,Commons,0.0,0.0,2302.585092994045,2302.585,0.1,0.1,0,0,0.9118524680251928,0.9118525,0.0,0.0,-,7.549517e-15,4001,142000,0,0,0,0,4001
c2,stocks,coin.workers*2,0,False,CONVERGED,CONVERGED,512,512,-,-,0.5881087944037062,0.5881088,0,0,0,0,Commons,Commons,Commons,Commons,0.0,0.0,578.406306538687,578.4063,0.5794933728075028,0.5794934,29,29,0.5027938364045765,0.5027938,0.0,0.0,-,3.552714e-15,4001,142000,0,0,0,0,4001
c2,stocks,stock.shelter*2,0,False,CONVERGED,CONVERGED,313,313,-,-,0.9124360058419504,0.912436,0,0,0,0,Commons,Commons,Commons,Commons,0.0,0.0,91.63732656891871,91.63733,0.8972859726615241,0.5,0,0,0.9090359191466335,0.9090359,0.0,0.0,-,4.440892e-15,4001,142000,0,0,0,0,4001
c2,stocks,stock.mach*0.1,0,False,CONVERGED,CONVERGED,486,486,-,-,0.0,0.0,3,3,0,0,Commons,Commons,Commons,Commons,0.0,0.0,inf,inf,0.0,0.0,23,23,0.4068241586695737,0.4068242,0.0,0.0,-,5.995204e-15,4001,142000,0,0,0,0,4001
c2,stocks,stock.mach*0.01,0,False,CONVERGED,CONVERGED,507,507,-,-,0.0,0.0,31,31,0,0,Commons,Commons,Commons,Commons,0.0,0.0,inf,inf,0.0,0.0,47,47,0.32911030979145306,0.3291103,0.0,0.0,-,4.884981e-15,4001,142000,0,0,0,0,4001
c2,stocks,stock.mach*0.5,0,False,CONVERGED,CONVERGED,319,319,-,-,0.2857142857142857,0.2857143,2,2,0,0,Commons,Commons,Commons,Commons,0.0,0.0,1252.762968495368,1252.763,0.2857142857142857,0.2857143,0,0,0.7155645148722232,0.7155645,0.0,0.0,-,2.220446e-15,4001,142000,0,0,0,0,4001
c2,stocks,coin.provider*0.5,0,False,CONVERGED,CONVERGED,201,201,-,-,0.78560792178608,0.7856079,0,0,0,0,Commons,Commons,Commons,Commons,0.0,0.0,241.297438252803,241.2974,0.9214106478894304,0.694729,0,0,0.5,1.0,0.0,0.0,-,4.884981e-15,4001,142000,0,0,0,0,4001
c2,stocks,stock.shelter*0.5,0,False,CONVERGED,CONVERGED,320,320,-,-,0.5,0.5,0,0,0,0,Commons,Commons,Commons,Commons,0.0,0.0,693.1471805599452,693.1472,0.5,0.5,0,0,0.9517332896167041,0.9517333,0.0,0.0,-,2.88658e-15,4001,142000,0,0,0,0,4001
c2,stocks,coin.provider*2,0,False,CONVERGED,CONVERGED,494,494,-,-,0.7320478754214531,0.7320479,0,0,0,0,Commons,Commons,Commons,Commons,0.0,0.0,311.90936357832646,311.9094,0.6998957788698748,0.6998958,0,0,0.6113744609697924,0.3056872,0.0,0.0,-,3.552714e-15,4001,142000,0,0,0,0,4001
c2,stocks,stock.mach*2,0,False,CONVERGED,CONVERGED,339,339,-,-,0.8468962479979198,0.8468962,0,0,0,0,Commons,Commons,Commons,Commons,0.0,0.0,166.1770853419748,166.1771,0.8611416057709029,0.4117647,0,0,0.7791742688214409,0.7791743,0.0,0.0,-,2.442491e-15,4001,142000,0,0,0,0,4001
c2,stocks,stock.mach*10,0,False,CONVERGED,CONVERGED,467,467,-,-,0.774516062891978,0.7745161,0,0,0,0,Commons,Commons,Commons,Commons,0.0,0.0,257.7582452566025,257.7582,0.7856547138667981,0.07216495,0,0,0.6340654389217538,0.6340654,0.0,0.0,-,3.330669e-15,4001,142000,0,0,0,0,4001
c2,stocks,coin.workers*0.1,0,False,CONVERGED,CONVERGED,239,239,-,-,0.3469192535546673,0.3469193,1,1,0,0,Commons,Commons,Commons,Commons,0.0,0.0,1058.6632248035382,1058.663,0.8013245112813953,0.3102187,0,0,0.5438963136266293,0.5438963,0.0,0.0,-,2.88658e-15,4001,142000,0,0,0,0,4001
c2,enclose,enclose=0.5@genesis,0,False,CONVERGED,CONVERGED,320,320,-,-,0.8840253346312005,0.8840253,0,0,0,0,Crowded,Crowded,Crowded,Crowded,0.4570412524679796,0.4570412524679801,135.62677882754096,135.6268,0.8806423981036735,0.8806424,0,0,0.8941773472355126,0.8941773,0.0,0.0,-,3.552714e-15,0,0,4001,142000,0,0,4001
c2,enclose,enclose=1@genesis,0,False,CONVERGED,CONVERGED,328,328,-,-,0.8406794359198118,0.8406794,0,0,0,0,Enclosed,Enclosed,Enclosed,Enclosed,1.0,1.0,260.1985935964967,260.1986,0.8275433172418553,0.7579925,0,0,0.8705692580627513,0.8705693,0.2975824121825995,0.2975824,-,6.8833830000000005e-15,0,0,0,0,4001,142000,4001
c2,enclose,enclose=0.5@dated,0,False,CONVERGED,CONVERGED,320,320,-,-,0.8840253346312005,0.8840253,0,0,0,0,Crowded,Crowded,Crowded,Crowded,0.4570412524679796,0.4570412524679758,135.62677882754096,135.6268,0.8806423981036735,0.8806424,0,0,0.8941773472355126,0.8941773,0.0,0.0,-,3.330669e-15,0,0,4001,142000,0,0,4001
c2,enclose,enclose=1@dated,0,False,CONVERGED,CONVERGED,328,328,-,-,0.8408587146947208,0.8408587,0,0,0,0,Enclosed,Enclosed,Enclosed,Enclosed,1.0,1.0,260.1985935964967,260.1986,0.8280723052806108,0.7579925,0,0,0.8709661648021447,0.8709662,0.29756959498501057,0.2975696,-,3.996803e-15,0,0,0,0,4001,142000,4001
c2,joint2,"joint(2,35)",0,False,CONVERGED,CONVERGED,547,547,-,-,0.057211259773714676,0.05721126,107,107,0,0,Commons,Commons,Commons,Commons,0.0,0.0,3101.644592535101,3101.645,0.03785363843995278,0.03785364,84,84,0.24368402317067903,0.243684,0.0,0.0,-,4.440892e-15,4001,142000,0,0,0,0,4001
c2,joint2,"joint(2,4)",0,False,CONVERGED,CONVERGED,549,549,-,-,0.21808556323585024,0.2180856,57,57,0,0,Commons,Commons,Commons,Commons,0.0,0.0,1773.4060563558542,1773.406,0.1733294899734343,0.1733295,78,78,0.24528740330295232,0.2452874,0.0,0.0,-,5.329071e-15,4001,142000,0,0,0,0,4001
c2,joint2,"joint(2,9)",0,False,CONVERGED,CONVERGED,525,525,-,-,0.13218799264681788,0.132188,54,54,0,0,Commons,Commons,Commons,Commons,0.0,0.0,2023.530182869484,2023.53,0.13710232357640723,0.1371023,67,67,0.327963542934152,0.3279635,0.0,0.0,-,5.551115e-15,4001,142000,0,0,0,0,4001
c2,joint2,"joint(2,16)",0,False,CONVERGED,CONVERGED,484,484,-,-,0.11813388310113677,0.1181339,5,5,0,0,Commons,Commons,Commons,Commons,0.0,0.0,2135.936695139488,2135.937,0.08801092201471308,0.08801092,27,27,0.29641313010705134,0.2964131,0.0,0.0,-,4.884981e-15,4001,142000,0,0,0,0,4001
c2,joint2,"joint(2,5)",0,False,CONVERGED,CONVERGED,524,524,-,-,0.19873062044641204,0.1987306,50,50,0,0,Commons,Commons,Commons,Commons,0.0,0.0,1919.7059202984658,1919.706,0.11263848219119423,0.1126385,59,59,0.21422848305006703,0.2142285,0.0,0.0,-,3.996803e-15,4001,142000,0,0,0,0,4001
c2,joint2,"joint(2,18)",0,False,CONVERGED,CONVERGED,562,562,-,-,0.0,0.0,79,79,0,0,Commons,Commons,Commons,Commons,0.0,0.0,inf,inf,0.0,0.0,105,105,0.11827152244263109,0.1182715,0.0,0.0,-,2.664535e-15,4001,142000,0,0,0,0,4001
c2,joint2,"joint(2,15)",0,False,CONVERGED,CONVERGED,405,405,-,-,0.24387505148129615,0.2438751,45,45,0,0,Commons,Commons,Commons,Commons,0.0,0.0,1411.0992689418213,1411.099,0.24884910327588644,0.2488491,67,67,0.4064178766657853,0.4064179,0.0,0.0,-,5.107026e-15,4001,142000,0,0,0,0,4001
c2,joint2,"joint(2,39)",0,False,CONVERGED,CONVERGED,636,636,-,-,0.005180706338964313,0.005180706,169,169,0,0,Commons,Commons,Commons,Commons,0.0,0.0,8947.859897158944,8947.86,0.017107275413900207,0.01710728,184,184,0.07006594568906863,0.07006595,0.0,0.0,-,5.107026e-15,4001,142000,0,0,0,0,4001
c2,joint2,"joint(2,13)",0,False,CONVERGED,CONVERGED,480,480,-,-,0.6287523899606774,0.6287524,0,0,0,0,Commons,Commons,Commons,Commons,0.0,0.0,747.819062712881,747.8191,0.517260494093647,0.45428,0,0,0.5615404735078414,0.5615405,0.0,0.0,-,3.996803e-15,4001,142000,0,0,0,0,4001
c2,joint2,"joint(2,36)",0,False,CONVERGED,CONVERGED,484,484,-,-,0.3664399166785408,0.3664399,28,28,0,0,Commons,Commons,Commons,Commons,0.0,0.0,1003.9207092160614,1003.921,0.38208521319196476,0.3820852,0,0,0.5775977731400365,0.5775978,0.0,0.0,-,4.662937e-15,4001,142000,0,0,0,0,4001
c2,joint2,"joint(2,10)",0,False,CONVERGED,CONVERGED,553,553,-,-,0.0,0.0,78,78,0,0,Commons,Commons,Commons,Commons,0.0,0.0,inf,inf,0.0,0.0,100,100,0.11494330299365131,0.1149433,0.0,0.0,-,5.107026e-15,4001,142000,0,0,0,0,4001
c2,joint2,"joint(2,17)",0,False,CONVERGED,CONVERGED,603,603,-,-,0.043037912963296655,0.04303791,143,143,0,0,Commons,Commons,Commons,Commons,0.0,0.0,5512.644839643225,5512.645,0.07600949025463531,0.07600949,131,131,0.16211436000010399,0.1621144,0.0,0.0,-,2.88658e-15,4001,142000,0,0,0,0,4001
c2,joint2,"joint(2,7)",0,False,CONVERGED,CONVERGED,620,620,-,-,0.4198607379461604,0.4198607,14,14,0,0,Commons,Commons,Commons,Commons,0.0,0.0,1264.7663287848877,1264.766,0.401616041052045,0.401616,18,18,0.2711706080863946,0.2711706,0.0,0.0,-,4.440892e-15,4001,142000,0,0,0,0,4001
c2,joint2,"joint(2,2)",0,False,CONVERGED,CONVERGED,501,501,-,-,0.21336327904483454,0.2133633,42,42,0,0,Commons,Commons,Commons,Commons,0.0,0.0,1544.7590306248871,1544.759,0.19403835190192345,0.1940384,57,57,0.30611951185376923,0.3061195,0.0,0.0,-,3.7747579999999994e-15,4001,142000,0,0,0,0,4001
c2,joint2,"joint(2,23)",0,False,CONVERGED,CONVERGED,497,497,-,-,0.1503850173971658,0.150385,53,53,0,0,Commons,Commons,Commons,Commons,0.0,0.0,1894.5564907985452,1894.556,0.18245786954593377,0.1824579,0,0,0.46223062989192043,0.4622306,0.0,0.0,-,5.329071e-15,4001,142000,0,0,0,0,4001
c2,joint2,"joint(2,41)",0,False,CONVERGED,CONVERGED,544,544,-,-,0.0,0.0,75,75,0,0,Commons,Commons,Commons,Commons,0.0,0.0,inf,inf,0.0,0.0,93,93,0.13236756424661308,0.1323676,0.0,0.0,-,5.77316e-15,4001,142000,0,0,0,0,4001
c2,joint2,"joint(2,32)",0,False,CONVERGED,CONVERGED,389,389,-,-,0.2912264713437846,0.2912265,39,39,0,0,Commons,Commons,Commons,Commons,0.0,0.0,1233.6540624512356,1233.654,0.3297974149998639,0.3297974,27,27,0.4599303726690883,0.4599304,0.0,0.0,-,3.996803e-15,4001,142000,0,0,0,0,4001
c2,joint2,"joint(2,19)",0,False,CONVERGED,CONVERGED,656,656,-,-,0.41492512391230785,0.4149251,32,32,0,0,Commons,Commons,Commons,Commons,0.0,0.0,1166.9053445343268,1166.905,0.3795890806478796,0.3795891,18,18,0.3029829522963669,0.302983,0.0,0.0,-,4.884981e-15,4001,142000,0,0,0,0,4001
c2,joint2,"joint(2,40)",0,False,CONVERGED,CONVERGED,586,586,-,-,0.029361581460698245,0.02936158,136,136,0,0,Commons,Commons,Commons,Commons,0.0,0.0,3908.9439965097713,3908.944,0.03243947201680897,0.03243947,130,130,0.10113614376868374,0.1011361,0.0,0.0,-,4.662937e-15,4001,142000,0,0,0,0,4001
c2,joint2,"joint(2,42)",0,False,CONVERGED,CONVERGED,494,494,-,-,0.2455214765999965,0.2455215,44,44,0,0,Commons,Commons,Commons,Commons,0.0,0.0,1404.3708545147574,1404.371,0.27771238437910023,0.2777124,61,61,0.32504990460698024,0.3250499,0.0,0.0,-,4.884981e-15,4001,142000,0,0,0,0,4001
c2,joint2,"joint(2,43)",0,False,CONVERGED,CONVERGED,561,561,-,-,0.036139293747522394,0.03613929,102,102,0,0,Commons,Commons,Commons,Commons,0.0,0.0,3320.3745361362207,3320.375,0.06660083094531251,0.06660083,100,100,0.28587178357776066,0.2858718,0.0,0.0,-,4.662937e-15,4001,142000,0,0,0,0,4001
c2,joint2,"joint(2,30)",0,False,CONVERGED,CONVERGED,533,533,-,-,0.20429045158171935,0.2042905,61,61,0,0,Commons,Commons,Commons,Commons,0.0,0.0,1588.2125154915072,1588.213,0.1869090258699087,0.186909,69,69,0.2702587929889308,0.2702588,0.0,0.0,-,6.217249e-15,4001,142000,0,0,0,0,4001
c2,joint2,"joint(2,14)",0,False,CONVERGED,CONVERGED,542,542,-,-,0.0,0.0,72,72,0,0,Commons,Commons,Commons,Commons,0.0,0.0,inf,inf,0.0,0.0,80,80,0.2913438133009405,0.2913438,0.0,0.0,-,2.442491e-15,4001,142000,0,0,0,0,4001
c2,joint2,"joint(2,26)",0,False,CONVERGED,CONVERGED,588,588,-,-,0.05107890727669178,0.05107891,131,131,0,0,Commons,Commons,Commons,Commons,0.0,0.0,5939.777322057872,5939.777,0.07247743233994222,0.07247743,123,123,0.17501748520437058,0.1750175,0.0,0.0,-,3.108624e-15,4001,142000,0,0,0,0,4001
c2,joint2,"joint(2,3)",0,False,CONVERGED,CONVERGED,616,616,-,-,0.023912190207395045,0.02391219,165,165,0,0,Commons,Commons,Commons,Commons,0.0,0.0,5690.494590874605,5690.495,0.05309616795205081,0.05309617,159,159,0.17143978668159482,0.1714398,0.0,0.0,-,2.442491e-15,4001,142000,0,0,0,0,4001
c2,joint2,"joint(2,37)",0,False,CONVERGED,CONVERGED,551,551,-,-,0.13914377535329195,0.1391438,100,100,0,0,Commons,Commons,Commons,Commons,0.0,0.0,1972.2475253683895,1972.248,0.10237147775918796,0.1023715,83,83,0.18815126196487192,0.1881513,0.0,0.0,-,4.662937e-15,4001,142000,0,0,0,0,4001
c2,joint2,"joint(2,27)",0,False,CONVERGED,CONVERGED,517,517,-,-,0.17295112236698473,0.1729511,40,40,0,0,Commons,Commons,Commons,Commons,0.0,0.0,1754.746254073993,1754.746,0.21638025460726742,0.2163803,54,54,0.38176952634241845,0.3817695,0.0,0.0,-,4.884981e-15,4001,142000,0,0,0,0,4001
c2,joint2,"joint(2,28)",0,False,CONVERGED,CONVERGED,580,580,-,-,0.06467331742984045,0.06467332,130,130,0,0,Commons,Commons,Commons,Commons,0.0,0.0,3854.536984497138,3854.537,0.09019884410246762,0.09019884,121,121,0.1737089914428533,0.173709,0.0,0.0,-,2.88658e-15,4001,142000,0,0,0,0,4001
c2,joint2,"joint(2,1)",0,False,CONVERGED,CONVERGED,394,394,-,-,0.2807206022969909,0.2807206,33,33,0,0,Commons,Commons,Commons,Commons,0.0,0.0,1270.3954021659092,1270.395,0.26515968517436017,0.2651597,55,55,0.34287274296769205,0.3428727,0.0,0.0,-,5.107026e-15,4001,142000,0,0,0,0,4001
c2,joint2,"joint(2,20)",0,False,CONVERGED,CONVERGED,510,510,-,-,0.05985322402160897,0.05985322,57,57,0,0,Commons,Commons,Commons,Commons,0.0,0.0,2815.859980064609,2815.86,0.045908362566535604,0.04590836,64,64,0.26251358083472665,0.2625136,0.0,0.0,-,5.77316e-15,4001,142000,0,0,0,0,4001
c2,joint2,"joint(2,12)",0,False,CONVERGED,CONVERGED,774,774,-,-,0.001009140177819942,0.00100914,195,195,0,0,Commons,Commons,Commons,Commons,0.0,0.0,10598.99462642241,10598.99,0.006509412272844175,0.006509412,214,214,0.060701054432780746,0.06070105,0.0,0.0,-,5.329071e-15,4001,142000,0,0,0,0,4001
c2,joint2,"joint(2,44)",0,False,CONVERGED,CONVERGED,497,497,-,-,0.31307611279586595,0.3130761,35,35,0,0,Commons,Commons,Commons,Commons,0.0,0.0,1161.3089461316952,1161.309,0.3396317468124681,0.3396317,24,24,0.40843288192190963,0.4084329,0.0,0.0,-,5.551115e-15,4001,142000,0,0,0,0,4001
c2,joint2,"joint(2,21)",0,False,CONVERGED,CONVERGED,565,565,-,-,0.0,0.0,87,87,0,0,Commons,Commons,Commons,Commons,0.0,0.0,inf,inf,0.0,0.0,105,105,0.11302689729694844,0.1130269,0.0,0.0,-,5.551115e-15,4001,142000,0,0,0,0,4001
c2,joint2,"joint(2,31)",0,False,CONVERGED,CONVERGED,568,568,-,-,0.07902251577781227,0.07902252,112,112,0,0,Commons,Commons,Commons,Commons,0.0,0.0,3290.0780018467153,3290.078,0.11441442895583027,0.1144144,109,109,0.2226703130198354,0.2226703,0.0,0.0,-,4.440892e-15,4001,142000,0,0,0,0,4001
c2,joint2,"joint(2,34)",0,False,CONVERGED,CONVERGED,651,651,-,-,0.003633017780443818,0.003633018,186,186,0,0,Commons,Commons,Commons,Commons,0.0,0.0,10222.189601060232,10222.19,0.019230479358452988,0.01923048,203,203,0.05342389060151142,0.05342389,0.0,0.0,-,3.552714e-15,4001,142000,0,0,0,0,4001
c2,joint2,"joint(2,6)",0,False,CONVERGED,CONVERGED,602,602,-,-,0.09269909229698917,0.09269909,119,119,0,0,Commons,Commons,Commons,Commons,0.0,0.0,4491.058743096517,4491.059,0.16030545806287685,0.160249,122,122,0.2736457315556526,0.2736457,0.0,0.0,-,5.329071e-15,4001,142000,0,0,0,0,4001
c2,joint2,"joint(2,11)",0,False,CONVERGED,CONVERGED,548,548,-,-,0.1863662717702034,0.1863663,85,85,0,0,Commons,Commons,Commons,Commons,0.0,0.0,1680.0413385420702,1680.041,0.3060262258129233,0.3060262,80,80,0.38706879339577455,0.3870688,0.0,0.0,-,2.442491e-15,4001,142000,0,0,0,0,4001
c2,joint2,"joint(2,38)",0,False,CONVERGED,CONVERGED,658,658,-,-,0.2991711535287353,0.2991712,35,35,0,0,Commons,Commons,Commons,Commons,0.0,0.0,1274.2778735494824,1274.278,0.30860602202076143,0.308606,40,40,0.2622930046319085,0.262293,0.0,0.0,-,5.995204e-15,4001,142000,0,0,0,0,4001
c2,joint2,"joint(2,8)",0,False,CONVERGED,CONVERGED,510,510,-,-,0.22946742420207392,0.2294674,43,43,0,0,Commons,Commons,Commons,Commons,0.0,0.0,1471.994202030947,1471.994,0.19317284344960234,0.1931728,45,45,0.2971272021497009,0.2971272,0.0,0.0,-,6.661338e-15,4001,142000,0,0,0,0,4001
c2,joint2,"joint(2,47)",0,False,CONVERGED,CONVERGED,576,576,-,-,0.12941597065841604,0.129416,120,120,0,0,Commons,Commons,Commons,Commons,0.0,0.0,2638.851420359428,2638.851,0.1461652548739479,0.1461653,94,94,0.24890543841796006,0.2489054,0.0,0.0,-,2.664535e-15,4001,142000,0,0,0,0,4001
c2,joint2,"joint(2,25)",0,False,CONVERGED,CONVERGED,610,610,-,-,0.5213546512447326,0.5213547,0,0,0,0,Commons,Commons,Commons,Commons,0.0,0.0,1260.4955284005139,1260.496,0.43646074126119017,0.4364607,4,4,0.40652200377018155,0.406522,0.0,0.0,-,5.107026e-15,4001,142000,0,0,0,0,4001
c2,joint2,"joint(2,29)",0,False,CONVERGED,CONVERGED,371,371,-,-,0.3089636055576265,0.3089636,45,45,0,0,Commons,Commons,Commons,Commons,0.0,0.0,1174.5317903880662,1174.532,0.3305931264842167,0.3305931,34,34,0.37807638084383294,0.3780764,0.0,0.0,-,5.107026e-15,4001,142000,0,0,0,0,4001
c2,joint2,"joint(2,45)",0,False,CONVERGED,CONVERGED,560,560,-,-,0.04614263198981029,0.04614263,86,86,0,0,Commons,Commons,Commons,Commons,0.0,0.0,3076.0179843044934,3076.018,0.05965976790643616,0.05965977,102,102,0.21975683111417776,0.2197568,0.0,0.0,-,4.662937e-15,4001,142000,0,0,0,0,4001
c2,joint2,"joint(2,22)",0,False,CONVERGED,CONVERGED,607,607,-,-,0.02903088745889628,0.02903089,139,139,0,0,Commons,Commons,Commons,Commons,0.0,0.0,6751.235987081308,6751.236,0.08281149750181008,0.07713898,157,157,0.19323393494388963,0.1932339,0.0,0.0,-,4.218847e-15,4001,142000,0,0,0,0,4001
c2,joint2,"joint(2,48)",0,False,CONVERGED,CONVERGED,547,547,-,-,0.03474740826893465,0.03474741,79,79,0,0,Commons,Commons,Commons,Commons,0.0,0.0,3385.6823154435715,3385.682,0.017652404863493534,0.0176524,89,89,0.12492725727497837,0.1249273,0.0,0.0,-,3.330669e-15,4001,142000,0,0,0,0,4001
c2,joint2,"joint(2,49)",0,False,CONVERGED,CONVERGED,544,544,-,-,0.0,0.0,80,80,0,0,Commons,Commons,Commons,Commons,0.0,0.0,inf,inf,0.0,0.0,106,106,0.10520464013259095,0.1052046,0.0,0.0,-,4.440892e-15,4001,142000,0,0,0,0,4001
c2,joint2,"joint(2,24)",0,False,CONVERGED,CONVERGED,491,491,-,-,0.19161418972222546,0.1916142,49,49,0,0,Commons,Commons,Commons,Commons,0.0,0.0,1652.2713570945814,1652.271,0.2748303208245133,0.2748303,29,29,0.379463634056116,0.3794636,0.0,0.0,-,4.218847e-15,4001,142000,0,0,0,0,4001
c2,joint2,"joint(2,50)",0,False,CONVERGED,CONVERGED,361,361,-,-,0.47047762365959434,0.4704776,8,8,0,0,Commons,Commons,Commons,Commons,0.0,0.0,754.0068797282579,754.0069,0.6244913954506269,0.4953952,26,26,0.46086710529171676,0.4608671,0.0,0.0,-,2.220446e-15,4001,142000,0,0,0,0,4001
c2,joint2,"joint(2,46)",0,False,CONVERGED,CONVERGED,645,645,-,-,0.4254400825639004,0.4254401,25,25,0,0,Commons,Commons,Commons,Commons,0.0,0.0,897.1342076929149,897.1342,0.4090889435174301,0.4090889,15,15,0.4525850967828955,0.4525851,0.0,0.0,-,2.664535e-15,4001,142000,0,0,0,0,4001
c2,joint2,"joint(2,33)",0,False,CONVERGED,CONVERGED,525,525,-,-,0.0,0.0,10,10,0,0,Commons,Commons,Commons,Commons,0.0,0.0,inf,inf,0.0,0.0,35,35,0.30161299228375094,0.301613,0.0,0.0,-,3.330669e-15,4001,142000,0,0,0,0,4001
c2,joint2,"joint(2,52)",0,False,CONVERGED,CONVERGED,560,560,-,-,0.250437417474091,0.2504374,101,101,0,0,Commons,Commons,Commons,Commons,0.0,0.0,3134.7258802705146,3134.726,0.2912658073584377,0.2912658,74,74,0.3350588918747673,0.3350589,0.0,0.0,-,3.552714e-15,4001,142000,0,0,0,0,4001
c2,joint2,"joint(2,51)",0,False,CONVERGED,CONVERGED,544,544,-,-,0.2548241001708698,0.2548241,52,52,0,0,Commons,Commons,Commons,Commons,0.0,0.0,1730.5617129978025,1730.562,0.19893439560107878,0.1989344,85,85,0.39519213183529694,0.3951921,0.0,0.0,-,5.995204e-15,4001,142000,0,0,0,0,4001
c2,joint2,"joint(2,53)",0,False,CONVERGED,CONVERGED,506,506,-,-,0.22574875823113696,0.2257488,33,33,0,0,Commons,Commons,Commons,Commons,0.0,0.0,1488.3325873374379,1488.333,0.2252369342032963,0.2252369,43,43,0.2631331829998115,0.2631332,0.0,0.0,-,1.665335e-15,4001,142000,0,0,0,0,4001
c2,joint2,"joint(2,58)",0,False,CONVERGED,CONVERGED,551,551,-,-,0.20366317835632108,0.2036632,96,96,0,0,Commons,Commons,Commons,Commons,0.0,0.0,2855.010939972752,2855.011,0.20125043501541884,0.2012504,85,85,0.32978328391855927,0.3297833,0.0,0.0,-,4.662937e-15,4001,142000,0,0,0,0,4001
c2,joint2,"joint(2,56)",0,False,CONVERGED,CONVERGED,593,593,-,-,0.06120969402374369,0.06120969,138,138,0,0,Commons,Commons,Commons,Commons,0.0,0.0,5174.83284079231,5174.833,0.10314311042215912,0.09945202,138,138,0.1656073760715998,0.1656074,0.0,0.0,-,2.664535e-15,4001,142000,0,0,0,0,4001
c2,joint2,"joint(2,60)",0,False,CONVERGED,CONVERGED,613,613,-,-,0.07039803161346567,0.07039803,51,51,0,0,Commons,Commons,Commons,Commons,0.0,0.0,2653.5899762450285,2653.59,0.09171035148582424,0.09171035,40,40,0.3117868697635541,0.3117869,0.0,0.0,-,4.218847e-15,4001,142000,0,0,0,0,4001
c2,joint2,"joint(2,57)",0,False,CONVERGED,CONVERGED,521,521,-,-,0.20507147673763598,0.2050715,51,51,0,0,Commons,Commons,Commons,Commons,0.0,0.0,1584.396693601088,1584.397,0.13364561597024963,0.1336456,62,62,0.23367417997048148,0.2336742,0.0,0.0,-,4.218847e-15,4001,142000,0,0,0,0,4001
c2,joint2,"joint(2,54)",0,False,CONVERGED,CONVERGED,463,463,-,-,0.0,0.0,17,17,0,0,Commons,Commons,Commons,Commons,0.0,0.0,inf,inf,0.0,0.0,39,39,0.3296397941041322,0.3296398,0.0,0.0,-,4.662937e-15,4001,142000,0,0,0,0,4001
c2,joint2,"joint(2,59)",0,False,CONVERGED,CONVERGED,606,606,-,-,0.0548472597763757,0.05484726,146,146,0,0,Commons,Commons,Commons,Commons,0.0,0.0,7043.3440375966,7043.344,0.08887644241622868,0.08887644,151,151,0.17870955858281154,0.1787096,0.0,0.0,-,2.442491e-15,4001,142000,0,0,0,0,4001
c2,joint2,"joint(2,55)",0,False,CONVERGED,CONVERGED,493,493,-,-,0.0,0.0,35,35,0,0,Commons,Commons,Commons,Commons,0.0,0.0,inf,inf,0.0,0.0,63,63,0.24304980977965737,0.2430498,0.0,0.0,-,3.996803e-15,4001,142000,0,0,0,0,4001
c2,joint4,"joint(4,10)",0,False,DIVERGED,DIVERGED,-,-,254,256,0.0,0.0,255,257,0,0,Commons,Commons,Commons,Commons,0.0,0.0,inf,inf,0.0,0.0,255,257,1.588579754068299e-07,1.367315e-07,0.0,0.0,-,inf,255,257,0,0,0,0,255
c2,joint4,"joint(4,12)",0,False,DIVERGED,DIVERGED,-,-,259,280,0.0,0.0,260,281,0,0,Commons,Commons,Commons,Commons,0.0,0.0,inf,inf,0.0,0.0,256,277,1.2566253262138202e-07,4.182716e-08,0.0,0.0,-,inf,260,281,0,0,0,0,260
c2,joint4,"joint(4,3)",0,False,DIVERGED,DIVERGED,-,-,304,280,0.0,0.0,305,281,0,0,Commons,Commons,Commons,Commons,0.0,0.0,inf,inf,0.0,0.0,292,268,1.0733110058722317e-05,3.384551e-05,0.0,0.0,-,inf,305,281,0,0,0,0,305
c2,joint4,"joint(4,21)",0,False,DIVERGED,DIVERGED,-,-,269,264,0.0,0.0,270,265,0,0,Commons,Commons,Commons,Commons,0.0,0.0,inf,inf,0.0,0.0,262,257,4.5689353170846715e-07,5.580455e-07,0.0,0.0,-,inf,270,265,0,0,0,0,270
c2,joint4,"joint(4,18)",0,False,DIVERGED,DIVERGED,-,-,268,264,0.0,0.0,269,265,0,0,Commons,Commons,Commons,Commons,0.0,0.0,inf,inf,0.0,0.0,268,264,7.224726359818539e-07,8.393739e-07,0.0,0.0,-,inf,269,265,0,0,0,0,269
c2,joint4,"joint(4,22)",0,False,DIVERGED,DIVERGED,-,-,268,284,0.0,0.0,269,285,0,0,Commons,Commons,Commons,Commons,0.0,0.0,inf,inf,0.0,0.0,266,282,2.6623673880553244e-06,1.09759e-06,0.0,0.0,-,inf,269,285,0,0,0,0,269
c2,joint4,"joint(4,34)",0,False,DIVERGED,DIVERGED,-,-,276,279,0.0,0.0,277,280,0,0,Commons,Commons,Commons,Commons,0.0,0.0,inf,inf,0.0,0.0,266,269,3.543008362838562e-08,2.900657e-08,0.0,0.0,-,inf,277,280,0,0,0,0,277
c2,joint4,"joint(4,39)",0,False,DIVERGED,DIVERGED,-,-,265,279,0.0,0.0,266,280,0,0,Commons,Commons,Commons,Commons,0.0,0.0,inf,inf,0.0,0.0,255,269,1.6395809931801186e-07,7.742373e-08,0.0,0.0,-,inf,266,280,0,0,0,0,266
c2,joint4,"joint(4,6)",0,False,CONVERGED,CONVERGED,700,700,-,-,0.005046075092425248,0.005046075,228,228,0,0,Commons,Commons,Commons,Commons,0.0,0.0,10458.54905858224,10458.55,0.019105807821238045,0.01910581,234,234,0.1736328852645497,0.1736329,0.0,0.0,-,2.664535e-15,4001,142000,0,0,0,0,4001
c2,joint4,"joint(4,1)",0,False,CONVERGED,CONVERGED,539,539,-,-,0.1202594708389448,0.1202595,69,69,0,0,Commons,Commons,Commons,Commons,0.0,0.0,2118.1036135222143,2118.104,0.1644159019785883,0.1644159,94,94,0.3227786075340701,0.3227786,0.0,0.0,-,4.662937e-15,4001,142000,0,0,0,0,4001
c2,joint4,"joint(4,5)",0,False,CONVERGED,CONVERGED,595,595,-,-,0.028550050004058754,0.02855005,115,115,0,0,Commons,Commons,Commons,Commons,0.0,0.0,4123.214367470684,4123.214,0.02709632853426462,0.02709633,125,125,0.1349788176414554,0.1349788,0.0,0.0,-,4.662937e-15,4001,142000,0,0,0,0,4001
c2,joint4,"joint(4,7)",0,False,CONVERGED,CONVERGED,651,651,-,-,0.0,0.0,74,74,0,0,Commons,Commons,Commons,Commons,0.0,0.0,inf,inf,0.0,0.0,101,101,0.13807876961944252,0.1380788,0.0,0.0,-,3.330669e-15,4001,142000,0,0,0,0,4001
c2,joint4,"joint(4,17)",0,False,CONVERGED,CONVERGED,842,842,-,-,0.0016927581037263057,0.001692758,222,222,0,0,Commons,Commons,Commons,Commons,0.0,0.0,13308.029911783993,13308.03,0.0038083866880875778,0.003808387,258,258,0.019618328732054505,0.01961833,0.0,0.0,-,3.552714e-15,4001,142000,0,0,0,0,4001
c2,joint4,"joint(4,16)",0,False,CONVERGED,CONVERGED,530,530,-,-,0.0,0.0,44,44,0,0,Commons,Commons,Commons,Commons,0.0,0.0,inf,inf,0.0,0.0,81,81,0.16399610926330138,0.1639961,0.0,0.0,-,4.662937e-15,4001,142000,0,0,0,0,4001
c2,joint4,"joint(4,32)",0,False,CONVERGED,CONVERGED,535,535,-,-,0.09060155336394869,0.09060155,75,75,0,0,Commons,Commons,Commons,Commons,0.0,0.0,2401.283920782735,2401.284,0.11806688750945468,0.1180669,89,89,0.43964553163170156,0.4396455,0.0,0.0,-,5.77316e-15,4001,142000,0,0,0,0,4001
c2,joint4,"joint(4,8)",0,False,CONVERGED,CONVERGED,541,541,-,-,0.06558396200745266,0.06558396,70,70,0,0,Commons,Commons,Commons,Commons,0.0,0.0,2724.4240945163,2724.424,0.08655271502282487,0.08655272,76,76,0.2007986948844121,0.2007987,0.0,0.0,-,4.218847e-15,4001,142000,0,0,0,0,4001
c2,joint4,"joint(4,9)",0,False,CONVERGED,CONVERGED,553,553,-,-,0.02342274234548049,0.02342274,83,83,0,0,Commons,Commons,Commons,Commons,0.0,0.0,3754.047833496738,3754.048,0.04769311951422238,0.04769312,100,100,0.2762020621173171,0.2762021,0.0,0.0,-,4.440892e-15,4001,142000,0,0,0,0,4001
c2,joint4,"joint(4,13)",0,False,CONVERGED,CONVERGED,651,651,-,-,0.4375987004571482,0.4375987,11,11,0,0,Commons,Commons,Commons,Commons,0.0,0.0,1490.6532021945663,1490.653,0.2893913533847153,0.2617016,45,45,0.35233625710182814,0.3523363,0.0,0.0,-,4.440892e-15,4001,142000,0,0,0,0,4001
c2,joint4,"joint(4,11)",0,False,CONVERGED,CONVERGED,590,590,-,-,0.0,0.0,153,153,0,0,Commons,Commons,Commons,Commons,0.0,0.0,inf,inf,0.0,0.0,116,116,0.27318258108375826,0.2731826,0.0,0.0,-,1.554312e-15,4001,142000,0,0,0,0,4001
c2,joint4,"joint(4,2)",0,False,CONVERGED,CONVERGED,554,554,-,-,0.073863691897126,0.07386369,71,71,0,0,Commons,Commons,Commons,Commons,0.0,0.0,2605.5338857388842,2605.534,0.09228261557390799,0.09228262,91,91,0.2384354167391925,0.2384354,0.0,0.0,-,3.552714e-15,4001,142000,0,0,0,0,4001
c2,joint4,"joint(4,15)",0,False,CONVERGED,CONVERGED,592,592,-,-,0.07920032800447992,0.07920033,124,124,0,0,Commons,Commons,Commons,Commons,0.0,0.0,2535.7748386996263,2535.775,0.12237083418220944,0.1223708,136,136,0.3660355772166958,0.3660356,0.0,0.0,-,5.329071e-15,4001,142000,0,0,0,0,4001
c2,joint4,"joint(4,23)",0,False,CONVERGED,CONVERGED,533,533,-,-,0.02369083498794976,0.02369083,78,78,0,0,Commons,Commons,Commons,Commons,0.0,0.0,3742.6670150016103,3742.667,0.035229806225255914,0.03522981,76,76,0.42169473367667787,0.4216947,0.0,0.0,-,4.884981e-15,4001,142000,0,0,0,0,4001
c2,joint4,"joint(4,38)",0,False,CONVERGED,CONVERGED,536,536,-,-,0.0003432192900977627,0.0003432193,83,83,0,0,Commons,Commons,Commons,Commons,0.0,0.0,7977.140985351434,7977.141,0.0004029021097174055,0.0004029021,114,114,0.13016438099825411,0.1301644,0.0,0.0,-,3.7747579999999994e-15,4001,142000,0,0,0,0,4001
c2,joint4,"joint(4,4)",0,False,CONVERGED,CONVERGED,591,591,-,-,0.07417706461664053,0.07417706,101,101,0,0,Commons,Commons,Commons,Commons,0.0,0.0,2729.189777942866,2729.19,0.08001665563262834,0.08001666,121,121,0.154512642472925,0.1545126,0.0,0.0,-,5.329071e-15,4001,142000,0,0,0,0,4001
c2,joint4,"joint(4,20)",0,False,CONVERGED,CONVERGED,693,693,-,-,0.0,0.0,125,125,0,0,Commons,Commons,Commons,Commons,0.0,0.0,inf,inf,0.0,0.0,139,139,0.12449132343529586,0.1244913,0.0,0.0,-,3.330669e-15,4001,142000,0,0,0,0,4001
c2,joint4,"joint(4,26)",0,False,CONVERGED,CONVERGED,811,811,-,-,0.0021173644475343772,0.002117364,205,205,0,0,Commons,Commons,Commons,Commons,0.0,0.0,10639.777322057873,10639.78,0.005418878443869236,0.005418878,221,221,0.04752555959287167,0.04752556,0.0,0.0,-,3.330669e-15,4001,142000,0,0,0,0,4001
c2,joint4,"joint(4,14)",0,False,CONVERGED,CONVERGED,586,586,-,-,0.0,0.0,139,139,0,0,Commons,Commons,Commons,Commons,0.0,0.0,inf,inf,0.0,0.0,141,141,0.15802371856959407,0.1580237,0.0,0.0,-,4.662937e-15,4001,142000,0,0,0,0,4001
c2,joint4,"joint(4,27)",0,False,CONVERGED,CONVERGED,542,542,-,-,0.0367223701388966,0.03672237,72,72,0,0,Commons,Commons,Commons,Commons,0.0,0.0,3304.3691690466203,3304.369,0.06540932207469706,0.06540932,83,83,0.29195308835893063,0.2919531,0.0,0.0,-,6.8833830000000005e-15,4001,142000,0,0,0,0,4001
c2,joint4,"joint(4,19)",0,False,CONVERGED,CONVERGED,699,699,-,-,0.11472448185689733,0.1147245,94,94,0,0,Commons,Commons,Commons,Commons,0.0,0.0,2333.8106890686536,2333.811,0.15261212137118124,0.1526121,127,127,0.17569458808278107,0.1756946,0.0,0.0,-,5.329071e-15,4001,142000,0,0,0,0,4001
c2,joint4,"joint(4,25)",0,False,CONVERGED,CONVERGED,641,641,-,-,0.14865213944651243,0.1486521,68,68,0,0,Commons,Commons,Commons,Commons,0.0,0.0,2518.2519003160714,2518.252,0.1655764985961844,0.1655765,91,91,0.19792167791662707,0.1979217,0.0,0.0,-,5.77316e-15,4001,142000,0,0,0,0,4001
c2,joint4,"joint(4,30)",0,False,CONVERGED,CONVERGED,550,550,-,-,0.06312590686860277,0.06312591,99,99,0,0,Commons,Commons,Commons,Commons,0.0,0.0,2762.624025254515,2762.624,0.05668317447244045,0.05668317,91,91,0.15125257199678627,0.1512526,0.0,0.0,-,5.107026e-15,4001,142000,0,0,0,0,4001
c2,joint4,"joint(4,29)",0,False,CONVERGED,CONVERGED,403,403,-,-,0.07467525027596117,0.07467525,68,68,0,0,Commons,Commons,Commons,Commons,0.0,0.0,2594.606563349441,2594.607,0.11590747561638638,0.1159075,75,75,0.3139668723330274,0.3139669,0.0,0.0,-,3.330669e-15,4001,142000,0,0,0,0,4001
c2,joint4,"joint(4,24)",0,False,CONVERGED,CONVERGED,531,531,-,-,0.03287038602522857,0.03287039,75,75,0,0,Commons,Commons,Commons,Commons,0.0,0.0,3415.1831473765337,3415.183,0.057614357364294114,0.05761436,73,73,0.2975789914893879,0.297579,0.0,0.0,-,4.884981e-15,4001,142000,0,0,0,0,4001
c2,joint4,"joint(4,31)",0,False,CONVERGED,CONVERGED,634,634,-,-,0.0034578747448944444,0.003457875,168,168,0,0,Commons,Commons,Commons,Commons,0.0,0.0,8456.554872331208,8456.555,0.011001355274251563,0.01100136,179,179,0.06027301558198543,0.06027302,0.0,0.0,-,3.996803e-15,4001,142000,0,0,0,0,4001
c2,joint4,"joint(4,28)",0,False,CONVERGED,CONVERGED,783,783,-,-,0.0027624836512778043,0.002762484,176,176,0,0,Commons,Commons,Commons,Commons,0.0,0.0,8211.831104288314,8211.831,0.007315801386600168,0.007315801,192,192,0.0286999072141466,0.02869991,0.0,0.0,-,3.330669e-15,4001,142000,0,0,0,0,4001
c2,joint4,"joint(4,33)",0,False,CONVERGED,CONVERGED,693,693,-,-,0.0,0.0,40,40,0,0,Commons,Commons,Commons,Commons,0.0,0.0,inf,inf,0.0,0.0,59,59,0.19296358421221774,0.1929636,0.0,0.0,-,2.442491e-15,4001,142000,0,0,0,0,4001
c2,joint4,"joint(4,40)",0,False,CONVERGED,CONVERGED,635,635,-,-,0.00032462312574966124,0.0003246231,174,174,0,0,Commons,Commons,Commons,Commons,0.0,0.0,8032.845661583979,8032.846,0.000527624991234632,0.000527625,182,182,0.011565709692254325,0.01156571,0.0,0.0,-,3.108624e-15,4001,142000,0,0,0,0,4001
c2,joint4,"joint(4,37)",0,False,CONVERGED,CONVERGED,593,593,-,-,0.015401138026380217,0.01540114,148,148,0,0,Commons,Commons,Commons,Commons,0.0,0.0,4173.313874475965,4173.314,0.013939340432231518,0.01393934,127,127,0.07775110093457671,0.0777511,0.0,0.0,-,1.9984009999999997e-15,4001,142000,0,0,0,0,4001
c2,joint4,"joint(4,36)",0,False,CONVERGED,CONVERGED,648,648,-,-,0.13305100303732506,0.133051,51,51,0,0,Commons,Commons,Commons,Commons,0.0,0.0,2017.0227427869672,2017.023,0.13694749542477216,0.1369475,63,63,0.32725566233119374,0.3272557,0.0,0.0,-,2.442491e-15,4001,142000,0,0,0,0,4001
c2,joint4,"joint(4,35)",0,False,CONVERGED,CONVERGED,584,584,-,-,0.0,0.0,132,132,0,0,Commons,Commons,Commons,Commons,0.0,0.0,inf,inf,0.0,0.0,123,123,0.08808534881644098,0.08808535,0.0,0.0,-,5.77316e-15,4001,142000,0,0,0,0,4001
c2,basin,p[labour]*0.128839621134,0,False,DIVERGED,DIVERGED,-,-,277,258,0.0,0.0,278,259,0,0,Commons,Commons,Commons,Commons,0.0,0.0,inf,inf,0.0,0.0,268,249,4.934309831488844e-08,1.213642e-07,0.0,0.0,-,inf,278,259,0,0,0,0,278
c2,basin,p[labour]*0.12270440108,0,False,DIVERGED,DIVERGED,-,-,277,257,0.0,0.0,278,258,0,0,Commons,Commons,Commons,Commons,0.0,0.0,inf,inf,0.0,0.0,268,248,4.940153145276508e-08,1.277355e-07,0.0,0.0,-,inf,278,258,0,0,0,0,278
c2,basin,p[labour]*0.135281602191,0,False,DIVERGED,DIVERGED,-,-,277,258,0.0,0.0,278,259,0,0,Commons,Commons,Commons,Commons,0.0,0.0,inf,inf,0.0,0.0,268,249,4.933484780838168e-08,1.213437e-07,0.0,0.0,-,inf,278,259,0,0,0,0,278
c2,basin,p[labour]*0.1420456823,0,False,DIVERGED,DIVERGED,-,-,277,258,0.0,0.0,278,259,0,0,Commons,Commons,Commons,Commons,0.0,0.0,inf,inf,0.0,0.0,268,249,4.8816942655101e-08,1.200666e-07,0.0,0.0,-,inf,278,259,0,0,0,0,278
c2,basin,p[labour]*0.156605364736,0,False,DIVERGED,DIVERGED,-,-,277,260,0.0,0.0,278,261,0,0,Commons,Commons,Commons,Commons,0.0,0.0,inf,inf,0.0,0.0,268,251,4.9287890916642296e-08,1.096902e-07,0.0,0.0,-,inf,278,261,0,0,0,0,278
c2,basin,p[labour]*0.149147966415,0,False,DIVERGED,DIVERGED,-,-,277,259,0.0,0.0,278,260,0,0,Commons,Commons,Commons,Commons,0.0,0.0,inf,inf,0.0,0.0,268,250,4.902447486764999e-08,1.146985e-07,0.0,0.0,-,inf,278,260,0,0,0,0,278
c2,basin,p[labour]*0.164435632973,0,False,DIVERGED,DIVERGED,-,-,277,262,0.0,0.0,278,263,0,0,Commons,Commons,Commons,Commons,0.0,0.0,inf,inf,0.0,0.0,268,253,5.021472360127761e-08,1.011198e-07,0.0,0.0,-,inf,278,263,0,0,0,0,278
c2,basin,p[labour]*0.181290285353,0,False,DIVERGED,DIVERGED,-,-,277,263,0.0,0.0,278,264,0,0,Commons,Commons,Commons,Commons,0.0,0.0,inf,inf,0.0,0.0,268,254,5.020805267197101e-08,9.61746e-08,0.0,0.0,-,inf,278,264,0,0,0,0,278
c2,basin,p[labour]*0.199872539601,0,False,DIVERGED,DIVERGED,-,-,277,264,0.0,0.0,278,265,0,0,Commons,Commons,Commons,Commons,0.0,0.0,inf,inf,0.0,0.0,268,255,5.1228887997974055e-08,9.33437e-08,0.0,0.0,-,inf,278,265,0,0,0,0,278
c2,basin,p[labour]*0.172657414622,0,False,DIVERGED,DIVERGED,-,-,277,263,0.0,0.0,278,264,0,0,Commons,Commons,Commons,Commons,0.0,0.0,inf,inf,0.0,0.0,268,254,5.0017806526949324e-08,9.58102e-08,0.0,0.0,-,inf,278,264,0,0,0,0,278
c2,basin,p[labour]*0.19035479962,0,False,DIVERGED,DIVERGED,-,-,277,265,0.0,0.0,278,266,0,0,Commons,Commons,Commons,Commons,0.0,0.0,inf,inf,0.0,0.0,268,256,5.0724920604276316e-08,8.791767e-08,0.0,0.0,-,inf,278,266,0,0,0,0,278
c2,basin,p[labour]*0.209866166581,0,False,DIVERGED,DIVERGED,-,-,277,268,0.0,0.0,278,269,0,0,Commons,Commons,Commons,Commons,0.0,0.0,inf,inf,0.0,0.0,268,259,5.227410213547075e-08,7.798307e-08,0.0,0.0,-,inf,278,269,0,0,0,0,278
c2,basin,p[labour]*0.22035947491,0,False,DIVERGED,DIVERGED,-,-,277,268,0.0,0.0,278,269,0,0,Commons,Commons,Commons,Commons,0.0,0.0,inf,inf,0.0,0.0,268,259,5.275734271990011e-08,7.870395e-08,0.0,0.0,-,inf,278,269,0,0,0,0,278
c2,basin,p[labour]*0.231377448656,0,False,DIVERGED,DIVERGED,-,-,277,269,0.0,0.0,278,270,0,0,Commons,Commons,Commons,Commons,0.0,0.0,inf,inf,0.0,0.0,268,260,5.3788255582261324e-08,7.632813e-08,0.0,0.0,-,inf,278,270,0,0,0,0,278
c2,basin,p[labour]*0.242946321089,0,False,DIVERGED,DIVERGED,-,-,277,270,0.0,0.0,278,271,0,0,Commons,Commons,Commons,Commons,0.0,0.0,inf,inf,0.0,0.0,268,261,5.4232450681728244e-08,7.320619e-08,0.0,0.0,-,inf,278,271,0,0,0,0,278
c2,basin,p[labour]*0.255093637143,0,False,DIVERGED,DIVERGED,-,-,277,271,0.0,0.0,278,272,0,0,Commons,Commons,Commons,Commons,0.0,0.0,inf,inf,0.0,0.0,268,262,5.472768822296153e-08,7.027149e-08,0.0,0.0,-,inf,278,272,0,0,0,0,278
c2,basin,p[labour]*0.28124073495,0,False,DIVERGED,DIVERGED,-,-,277,273,0.0,0.0,278,274,0,0,Commons,Commons,Commons,Commons,0.0,0.0,inf,inf,0.0,0.0,268,264,5.6096581679090975e-08,6.517447e-08,0.0,0.0,-,inf,278,274,0,0,0,0,278
c2,basin,p[labour]*0.267848319,0,False,DIVERGED,DIVERGED,-,-,277,271,0.0,0.0,278,272,0,0,Commons,Commons,Commons,Commons,0.0,0.0,inf,inf,0.0,0.0,268,262,5.560414823554107e-08,7.138785e-08,0.0,0.0,-,inf,278,272,0,0,0,0,278
c2,basin,p[labour]*0.310067910283,0,False,DIVERGED,DIVERGED,-,-,277,274,0.0,0.0,278,275,0,0,Commons,Commons,Commons,Commons,0.0,0.0,inf,inf,0.0,0.0,268,265,5.7261177140748096e-08,6.328283e-08,0.0,0.0,-,inf,278,275,0,0,0,0,278
c2,basin,p[labour]*0.295302771698,0,False,DIVERGED,DIVERGED,-,-,277,274,0.0,0.0,278,275,0,0,Commons,Commons,Commons,Commons,0.0,0.0,inf,inf,0.0,0.0,268,265,5.694960521339209e-08,6.294323e-08,0.0,0.0,-,inf,278,275,0,0,0,0,278
c2,basin,p[labour]*0.395733957017,0,False,CONVERGED,CONVERGED,543,543,-,-,0.0,0.0,78,78,0,0,Commons,Commons,Commons,Commons,0.0,0.0,inf,inf,0.0,0.0,93,93,0.1090004697913684,0.1090005,0.0,0.0,-,4.662937e-15,4001,142000,0,0,0,0,4001
c2,basin,p[labour]*0.341849871087,0,False,CONVERGED,CONVERGED,547,547,-,-,0.0,0.0,84,84,0,0,Commons,Commons,Commons,Commons,0.0,0.0,inf,inf,0.0,0.0,99,99,0.09185270557649315,0.09185271,0.0,0.0,-,3.330669e-15,4001,142000,0,0,0,0,4001
c2,basin,p[labour]*0.358942364641,0,False,CONVERGED,CONVERGED,546,546,-,-,0.0,0.0,83,83,0,0,Commons,Commons,Commons,Commons,0.0,0.0,inf,inf,0.0,0.0,98,98,0.09714610618371859,0.09714611,0.0,0.0,-,3.330669e-15,4001,142000,0,0,0,0,4001
c2,basin,p[labour]*0.415520654867,0,False,CONVERGED,CONVERGED,541,541,-,-,0.0,0.0,77,77,0,0,Commons,Commons,Commons,Commons,0.0,0.0,inf,inf,0.0,0.0,92,92,0.11564319310358115,0.1156432,0.0,0.0,-,3.330669e-15,4001,142000,0,0,0,0,4001
c2,basin,p[labour]*0.325571305797,0,False,CONVERGED,CONVERGED,549,549,-,-,0.0,0.0,86,86,0,0,Commons,Commons,Commons,Commons,0.0,0.0,inf,inf,0.0,0.0,102,102,0.08664902138897733,0.08664902,0.0,0.0,-,3.996803e-15,4001,142000,0,0,0,0,4001
c2,basin,p[labour]*0.376889482873,0,False,CONVERGED,CONVERGED,545,545,-,-,0.0,0.0,80,80,0,0,Commons,Commons,Commons,Commons,0.0,0.0,inf,inf,0.0,0.0,96,96,0.10284840829201772,0.1028484,0.0,0.0,-,4.662937e-15,4001,142000,0,0,0,0,4001
c2,basin,p[labour]*1.79585632602,0,False,CONVERGED,CONVERGED,471,471,-,-,0.694443206855746,0.6944432,0,0,0,0,Commons,Commons,Commons,Commons,0.0,0.0,585.4819700319985,585.482,0.6815885238647574,0.3465774,0,0,0.5140339348249032,0.5140339,0.0,0.0,-,2.88658e-15,4001,142000,0,0,0,0,4001
c2,basin,p[labour]*0.436296687611,0,False,CONVERGED,CONVERGED,540,540,-,-,0.0,0.0,75,75,0,0,Commons,Commons,Commons,Commons,0.0,0.0,inf,inf,0.0,0.0,89,89,0.12280590128043978,0.1228059,0.0,0.0,-,3.996803e-15,4001,142000,0,0,0,0,4001
c2,basin,p[labour]*0.71068133013,0,False,CONVERGED,CONVERGED,515,515,-,-,0.19295940496286126,0.1929594,44,44,0,0,Commons,Commons,Commons,Commons,0.0,0.0,1708.9943539830413,1708.994,0.14843146756164616,0.1484315,55,55,0.27115729394169263,0.2711573,0.0,0.0,-,5.329071e-15,4001,142000,0,0,0,0,4001
c2,basin,p[labour]*0.458111521991,0,False,CONVERGED,CONVERGED,538,538,-,-,0.0,0.0,72,72,0,0,Commons,Commons,Commons,Commons,0.0,0.0,inf,inf,0.0,0.0,87,87,0.13042960765478417,0.1304296,0.0,0.0,-,3.7747579999999994e-15,4001,142000,0,0,0,0,4001
c2,basin,p[labour]*0.644608916218,0,False,CONVERGED,CONVERGED,523,523,-,-,0.0573943777562147,0.05739438,54,54,0,0,Commons,Commons,Commons,Commons,0.0,0.0,2938.9893340657177,2938.989,0.04878335970141792,0.04878336,66,66,0.2221593958138438,0.2221594,0.0,0.0,-,4.440892e-15,4001,142000,0,0,0,0,4001
c2,basin,p[labour]*1.34009564063,0,False,CONVERGED,CONVERGED,347,347,-,-,0.7578999323755817,0.7578999,0,0,0,0,Commons,Commons,Commons,Commons,0.0,0.0,292.7409850203231,292.741,0.7193179807750794,0.5377814,0,0,0.6194369470150038,0.6194369,0.0,0.0,-,4.662937e-15,4001,142000,0,0,0,0,4001
c2,basin,p[labour]*1.05,0,False,CONVERGED,CONVERGED,309,309,-,-,0.9254805241472066,0.9254805,0,0,0,0,Commons,Commons,Commons,Commons,0.0,0.0,104.69701624707325,104.697,0.9061195481070397,0.8696452,0,0,0.8974698005563791,0.8974698,0.0,0.0,-,5.107026e-15,4001,142000,0,0,0,0,4001
c2,basin,p[labour]*0.822702474792,0,False,CONVERGED,CONVERGED,497,497,-,-,0.437365447002419,0.4373654,10,10,0,0,Commons,Commons,Commons,Commons,0.0,0.0,848.0384662059902,848.0385,0.3525140476560016,0.352514,34,34,0.36005682228818303,0.3600568,0.0,0.0,-,5.995204e-15,4001,142000,0,0,0,0,4001
c2,basin,p[labour]*0.584679289086,0,False,CONVERGED,CONVERGED,529,529,-,-,0.0,0.0,61,61,0,0,Commons,Commons,Commons,Commons,0.0,0.0,inf,inf,0.0,0.0,75,75,0.18359082655611025,0.1835908,0.0,0.0,-,3.108624e-15,4001,142000,0,0,0,0,4001
c2,basin,p[labour]*0.907029478458,0,False,CONVERGED,CONVERGED,471,471,-,-,0.6725889165901382,0.6725889,0,0,0,0,Commons,Commons,Commons,Commons,0.0,0.0,403.4421281672441,403.4421,0.5910268195155957,0.5910268,4,4,0.4553549471127752,0.4553549,0.0,0.0,-,4.218847e-15,4001,142000,0,0,0,0,4001
c2,basin,p[labour]*0.746215396637,0,False,CONVERGED,CONVERGED,511,511,-,-,0.2663273437263265,0.2663273,37,37,0,0,Commons,Commons,Commons,Commons,0.0,0.0,1371.1049600512927,1371.105,0.20394812688207156,0.2039481,49,49,0.2989635702367621,0.2989636,0.0,0.0,-,4.440892e-15,4001,142000,0,0,0,0,4001
c2,basin,p[labour]*0.676839362029,0,False,CONVERGED,CONVERGED,520,520,-,-,0.12199883171713402,0.1219988,49,49,0,0,Commons,Commons,Commons,Commons,0.0,0.0,2176.305439373244,2176.305,0.10055391774590461,0.1005539,61,61,0.2456937268540357,0.2456937,0.0,0.0,-,5.77316e-15,4001,142000,0,0,0,0,4001
c2,basin,p[labour]*0.530321350645,0,False,CONVERGED,CONVERGED,533,533,-,-,0.0,0.0,66,66,0,0,Commons,Commons,Commons,Commons,0.0,0.0,inf,inf,0.0,0.0,80,80,0.1584937018495556,0.1584937,0.0,0.0,-,2.331468e-15,4001,142000,0,0,0,0,4001
c2,basin,p[labour]*1.88564914232,0,False,CONVERGED,CONVERGED,472,472,-,-,0.6722032498730312,0.6722032,0,0,0,0,Commons,Commons,Commons,Commons,0.0,0.0,634.2721342009002,634.2721,0.6722420038858549,0.3231727,0,0,0.5068041142109282,0.5068041,0.0,0.0,-,3.996803e-15,4001,142000,0,0,0,0,4001
c2,basin,p[labour]*0.613913253541,0,False,CONVERGED,CONVERGED,526,526,-,-,0.0,0.0,58,58,0,0,Commons,Commons,Commons,Commons,0.0,0.0,inf,inf,0.0,0.0,71,71,0.20048863129488806,0.2004886,0.0,0.0,-,3.996803e-15,4001,142000,0,0,0,0,4001
c2,basin,p[labour]*1.2762815625,0,False,CONVERGED,CONVERGED,343,343,-,-,0.7726800664131435,0.7726801,0,0,0,0,Commons,Commons,Commons,Commons,0.0,0.0,257.89020169236915,257.8902,0.7326640547337363,0.5808696,0,0,0.6464675346722116,0.6464675,0.0,0.0,-,1.9984009999999997e-15,4001,142000,0,0,0,0,4001
c2,basin,p[labour]*0.556837418178,0,False,CONVERGED,CONVERGED,531,531,-,-,0.0,0.0,64,64,0,0,Commons,Commons,Commons,Commons,0.0,0.0,inf,inf,0.0,0.0,77,77,0.16995823975249535,0.1699582,0.0,0.0,-,3.330669e-15,4001,142000,0,0,0,0,4001
c2,basin,p[labour]*0.863837598531,0,False,CONVERGED,CONVERGED,488,488,-,-,0.5452180841840961,0.5452181,0,0,0,0,Commons,Commons,Commons,Commons,0.0,0.0,619.2027524661619,619.2028,0.45665771762745977,0.4566577,24,24,0.39544088849866593,0.3954409,0.0,0.0,-,4.662937e-15,4001,142000,0,0,0,0,4001
c2,basin,p[labour]*0.783526166468,0,False,CONVERGED,CONVERGED,505,505,-,-,0.34560691653989567,0.3456069,15,15,0,0,Commons,Commons,Commons,Commons,0.0,0.0,1095.6208641463982,1095.621,0.27055057513444725,0.2705506,42,42,0.3284333514649665,0.3284334,0.0,0.0,-,5.995204e-15,4001,142000,0,0,0,0,4001
c2,basin,p[labour]*0.952380952381,0,False,CONVERGED,CONVERGED,318,318,-,-,0.8231147868848606,0.8231148,0,0,0,0,Commons,Commons,Commons,Commons,0.0,0.0,197.54686405288567,197.5469,0.7668956711950179,0.7668957,0,0,0.7405461544372578,0.7405462,0.0,0.0,-,5.551115e-15,4001,142000,0,0,0,0,4001
c2,basin,p[labour]*0.481017098091,0,False,CONVERGED,CONVERGED,537,537,-,-,0.0,0.0,71,71,0,0,Commons,Commons,Commons,Commons,0.0,0.0,inf,inf,0.0,0.0,85,85,0.1389204797882826,0.1389205,0.0,0.0,-,4.662937e-15,4001,142000,0,0,0,0,4001
c2,basin,p[labour]*0.505067952996,0,False,CONVERGED,CONVERGED,535,535,-,-,0.0,0.0,68,68,0,0,Commons,Commons,Commons,Commons,0.0,0.0,inf,inf,0.0,0.0,83,83,0.1480253058234939,0.1480253,0.0,0.0,-,4.662937e-15,4001,142000,0,0,0,0,4001
c2,basin,p[labour]*2.65329770514,0,False,CONVERGED,CONVERGED,477,477,-,-,0.5244930543646867,0.5244931,0,0,0,0,Commons,Commons,Commons,Commons,0.0,0.0,975.8032833869742,975.8033,0.5241923371444911,0.2023768,0,0,0.505899288007205,0.5058993,0.0,0.0,-,3.330669e-15,4001,142000,0,0,0,0,4001
c2,basin,p[labour]*1.1025,0,False,CONVERGED,CONVERGED,322,322,-,-,0.8567673691490969,0.8567674,0,0,0,0,Commons,Commons,Commons,Commons,0.0,0.0,154.58884513371075,154.5888,0.8235045657723272,0.770996,0,0,0.7909481050779851,0.7909481,0.0,0.0,-,4.440892e-15,4001,142000,0,0,0,0,4001
c2,basin,p[labour]*1.55132821598,0,False,CONVERGED,CONVERGED,353,353,-,-,0.7270688674793466,0.7270689,0,0,0,0,Commons,Commons,Commons,Commons,0.0,0.0,439.1114775258448,439.1115,0.6935265013512583,0.4297577,0,0,0.5578143684309896,0.5578144,0.0,0.0,-,4.662937e-15,4001,142000,0,0,0,0,4001
c2,basin,p[labour]*1.21550625,0,False,CONVERGED,CONVERGED,339,339,-,-,0.7892177937777693,0.7892178,0,0,0,0,Commons,Commons,Commons,Commons,0.0,0.0,236.71295848651792,236.713,0.7493107670670763,0.6307321,0,0,0.6764918473201585,0.6764918,0.0,0.0,-,2.664535e-15,4001,142000,0,0,0,0,4001
c2,basin,p[labour]*1.47745544379,0,False,CONVERGED,CONVERGED,351,351,-,-,0.7359793411666572,0.7359793,0,0,0,0,Commons,Commons,Commons,Commons,0.0,0.0,390.32131335609057,390.3213,0.7001889984260835,0.4626048,0,0,0.5754662164994975,0.5754662,0.0,0.0,-,3.330669e-15,4001,142000,0,0,0,0,4001
c2,basin,p[labour]*1.62889462678,0,False,CONVERGED,CONVERGED,466,466,-,-,0.7187512943286161,0.7187513,0,0,0,0,Commons,Commons,Commons,Commons,0.0,0.0,487.90164169589076,487.9016,0.6881947738345133,0.3996455,0,0,0.5411331902149963,0.5411332,0.0,0.0,-,4.884981e-15,4001,142000,0,0,0,0,4001
c2,basin,p[labour]*1.40710042266,0,False,CONVERGED,CONVERGED,349,349,-,-,0.7464448421086821,0.7464448,0,0,0,0,Commons,Commons,Commons,Commons,0.0,0.0,341.53114918868897,341.5311,0.7091734216097338,0.4984951,0,0,0.5966168920935612,0.5966169,0.0,0.0,-,1.776357e-15,4001,142000,0,0,0,0,4001
c2,basin,p[labour]*1.157625,0,False,CONVERGED,CONVERGED,334,334,-,-,0.8132921798368264,0.8132922,0,0,0,0,Commons,Commons,Commons,Commons,0.0,0.0,206.66484920442826,206.6648,0.7743165905277706,0.687045,0,0,0.7175449706822822,0.717545,0.0,0.0,-,2.88658e-15,4001,142000,0,0,0,0,4001
c2,basin,p[labour]*3.22509994371,0,False,CONVERGED,CONVERGED,473,473,-,-,0.44827425290812045,0.4482743,5,5,0,0,Commons,Commons,Commons,Commons,0.0,0.0,1170.9639400652209,1170.964,0.4459642198693647,0.1571534,0,0,0.5700199535388364,0.57002,0.0,0.0,-,4.662937e-15,4001,142000,0,0,0,0,4001
c2,basin,p[labour]*1.97993159944,0,False,CONVERGED,CONVERGED,474,474,-,-,0.6501943947247855,0.6501944,0,0,0,0,Commons,Commons,Commons,Commons,0.0,0.0,683.0622983723524,683.0623,0.6501696471514353,0.3015975,0,0,0.49322317076882616,0.4932232,0.0,0.0,-,3.219647e-15,4001,142000,0,0,0,0,4001
c2,basin,p[labour]*1.71033935812,0,False,CONVERGED,CONVERGED,469,469,-,-,0.712290475612678,0.7122905,0,0,0,0,Commons,Commons,Commons,Commons,0.0,0.0,536.6918058659074,536.6918,0.6851817924367025,0.3719981,0,0,0.5275169174604428,0.5275169,0.0,0.0,-,4.218847e-15,4001,142000,0,0,0,0,4001
c2,basin,p[labour]*2.07892817941,0,False,CONVERGED,CONVERGED,475,475,-,-,0.6284459002036944,0.6284459,0,0,0,0,Commons,Commons,Commons,Commons,0.0,0.0,731.8524625408223,731.8525,0.6283629427104045,0.2816853,0,0,0.4878026517200429,0.4878027,0.0,0.0,-,3.996803e-15,4001,142000,0,0,0,0,4001
c2,basin,p[labour]*2.18287458838,0,False,CONVERGED,CONVERGED,476,476,-,-,0.6069850087254797,0.606985,0,0,0,0,Commons,Commons,Commons,Commons,0.0,0.0,780.6426267100253,780.6426,0.6068489730160748,0.2632877,0,0,0.4838670791785396,0.4838671,0.0,0.0,-,4.440892e-15,4001,142000,0,0,0,0,4001
c2,basin,p[labour]*2.2920183178,0,False,CONVERGED,CONVERGED,476,476,-,-,0.585836970102406,0.585837,0,0,0,0,Commons,Commons,Commons,Commons,0.0,0.0,829.4327908798937,829.4328,0.585652812660871,0.2462716,0,0,0.4840355757076145,0.4840356,0.0,0.0,-,3.7747579999999994e-15,4001,142000,0,0,0,0,4001
c2,basin,p[labour]*2.40661923369,0,False,CONVERGED,CONVERGED,477,477,-,-,0.5650250637545532,0.5650251,0,0,0,0,Commons,Commons,Commons,Commons,0.0,0.0,878.2229550493256,878.223,0.5647975528754712,0.2305176,0,0,0.48711941057572533,0.4871194,0.0,0.0,-,3.7747579999999994e-15,4001,142000,0,0,0,0,4001
c2,basin,p[labour]*2.52695019538,0,False,CONVERGED,CONVERGED,477,477,-,-,0.5445706217414561,0.5445706,0,0,0,0,Commons,Commons,Commons,Commons,0.0,0.0,927.0131192209341,927.0131,0.5443043267831059,0.2159183,0,0,0.49221627900664094,0.4922163,0.0,0.0,-,4.440892e-15,4001,142000,0,0,0,0,4001
c2,basin,p[labour]*2.92526071992,0,False,CONVERGED,CONVERGED,476,476,-,-,0.48553675678877445,0.4855368,3,3,0,0,Commons,Commons,Commons,Commons,0.0,0.0,1073.3836117269148,1073.384,0.4851794194909372,0.1781244,0,0,0.5347213184653545,0.5347213,0.0,0.0,-,2.664535e-15,4001,142000,0,0,0,0,4001
c2,basin,p[labour]*3.07152375592,0,False,CONVERGED,CONVERGED,475,475,-,-,0.46668752624358467,0.4666875,4,4,0,0,Commons,Commons,Commons,Commons,0.0,0.0,1122.1737758976492,1122.174,0.4655489104846452,0.1672623,0,0,0.5506335590058917,0.5506336,0.0,0.0,-,3.552714e-15,4001,142000,0,0,0,0,4001
c2,basin,p[labour]*2.7859625904,0,False,CONVERGED,CONVERGED,476,476,-,-,0.5048098795406609,0.5048099,0,0,0,0,Commons,Commons,Commons,Commons,0.0,0.0,1024.593447557483,1024.593,0.5044788877784829,0.1898052,0,0,0.5160792185203379,0.5160792,0.0,0.0,-,3.108624e-15,4001,142000,0,0,0,0,4001
c2,basin,p[labour]*3.3863549409,0,False,CONVERGED,CONVERGED,471,471,-,-,0.4303072760743083,0.4303073,6,6,0,0,Commons,Commons,Commons,Commons,0.0,0.0,1219.754104235982,1219.754,0.4268483055775777,0.1477383,0,0,0.5928062843824505,0.5928063,0.0,0.0,-,4.662937e-15,4001,142000,0,0,0,0,4001
c2,basin,p[labour]*4.32194237515,0,False,CONVERGED,CONVERGED,354,354,-,-,0.3464916620174795,0.3464917,12,12,0,0,Commons,Commons,Commons,Commons,0.0,0.0,1463.704925082807,1463.705,0.33865764686807603,0.109325,0,0,0.7073599070731373,0.7073599,0.0,0.0,-,4.218847e-15,4001,142000,0,0,0,0,4001
c2,basin,p[labour]*3.55567268794,0,False,CONVERGED,CONVERGED,359,359,-,-,0.4127952637157075,0.4127953,8,8,0,0,Commons,Commons,Commons,Commons,0.0,0.0,1268.5442684040077,1268.544,0.40821322937697374,0.1389625,0,0,0.6139486204930801,0.6139486,0.0,0.0,-,4.440892e-15,4001,142000,0,0,0,0,4001
c2,basin,p[labour]*3.73345632234,0,False,CONVERGED,CONVERGED,358,358,-,-,0.39574527146086863,0.3957453,9,9,0,0,Commons,Commons,Commons,Commons,0.0,0.0,1317.334432574243,1317.334,0.390069155706339,0.1307767,0,0,0.6395021133212138,0.6395021,0.0,0.0,-,3.7747579999999994e-15,4001,142000,0,0,0,0,4001
c2,basin,p[labour]*8.14966693287,0,False,CONVERGED,CONVERGED,484,484,-,-,0.17464619170811538,0.1746462,25,25,0,0,Commons,Commons,Commons,Commons,0.0,0.0,2097.977059285172,2097.977,0.1685976130879252,0.05596296,4,4,0.45433518031940107,0.4543352,0.0,0.0,-,6.8833830000000005e-15,4001,142000,0,0,0,0,4001
c2,basin,p[land]*0.181290285353,0,False,CONVERGED,CONVERGED,681,681,-,-,0.0,0.0,95,95,0,0,Commons,Commons,Commons,Commons,0.0,0.0,inf,inf,0.0,0.0,135,135,0.0943457448188679,0.09434574,0.0,0.0,-,5.995204e-15,4001,142000,0,0,0,0,4001
c2,basin,p[labour]*3.92012913846,0,False,CONVERGED,CONVERGED,357,357,-,-,0.3791628057194537,0.3791628,10,10,0,0,Commons,Commons,Commons,Commons,0.0,0.0,1366.1245967444404,1366.125,0.3724244226287329,0.1231355,0,0,0.6629482440077614,0.6629482,0.0,0.0,-,3.330669e-15,4001,142000,0,0,0,0,4001
c2,basin,p[labour]*5.51601536759,0,False,CONVERGED,CONVERGED,350,350,-,-,0.2705416234281942,0.2705416,20,20,0,0,Commons,Commons,Commons,Commons,0.0,0.0,1707.6557459297126,1707.656,0.2632451334831666,0.0818236,0,0,0.6410343017724991,0.6410343,0.0,0.0,-,3.108624e-15,4001,142000,0,0,0,0,4001
c2,basin,p[labour]*4.11613559538,0,False,CONVERGED,CONVERGED,356,356,-,-,0.3630518904052759,0.3630519,11,11,0,0,Commons,Commons,Commons,Commons,0.0,0.0,1414.9147609131435,1414.915,0.3552856160631423,0.1159976,0,0,0.685698552717319,0.6856986,0.0,0.0,-,2.88658e-15,4001,142000,0,0,0,0,4001
c2,basin,p[labour]*6.08140694277,0,False,CONVERGED,CONVERGED,461,461,-,-,0.2436849398598036,0.2436849,21,21,0,0,Commons,Commons,Commons,Commons,0.0,0.0,1805.2360742689095,1805.236,0.23666344156079602,0.07306397,0,0,0.5979144833788678,0.5979145,0.0,0.0,-,3.552714e-15,4001,142000,0,0,0,0,4001
c2,basin,p[labour]*7.39198814773,0,False,CONVERGED,CONVERGED,482,482,-,-,0.19582919459908962,0.1958292,23,23,0,0,Commons,Commons,Commons,Commons,0.0,0.0,2000.3967309465934,2000.397,0.18943483346762846,0.05860196,0,0,0.4972338410569669,0.4972338,0.0,0.0,-,2.88658e-15,4001,142000,0,0,0,0,4001
c2,basin,p[labour]*7.03998871212,0,False,CONVERGED,CONVERGED,463,463,-,-,0.207078912085853,0.2070789,23,23,0,0,Commons,Commons,Commons,Commons,0.0,0.0,1951.6065667766202,1951.607,0.20051954292658433,0.06179885,0,0,0.5243725278114776,0.5243725,0.0,0.0,-,3.330669e-15,4001,142000,0,0,0,0,4001
c2,basin,p[labour]*4.7649414686,0,False,CONVERGED,CONVERGED,352,352,-,-,0.3145935216814856,0.3145935,16,16,0,0,Commons,Commons,Commons,Commons,0.0,0.0,1561.2852534210674,1561.285,0.306945967251307,0.09724013,0,0,0.6980040182500387,0.698004,0.0,0.0,-,1.9984009999999997e-15,4001,142000,0,0,0,0,4001
c2,basin,p[labour]*4.53803949391,0,False,CONVERGED,CONVERGED,353,353,-,-,0.3302897410844759,0.3302897,14,14,0,0,Commons,Commons,Commons,Commons,0.0,0.0,1512.49508925279,1512.495,0.32254383028982436,0.1030832,0,0,0.7151717041120593,0.7151717,0.0,0.0,-,3.7747579999999994e-15,4001,142000,0,0,0,0,4001
c2,basin,p[labour]*5.00318854203,0,False,CONVERGED,CONVERGED,351,351,-,-,0.2994039183487916,0.2994039,18,18,0,0,Commons,Commons,Commons,Commons,0.0,0.0,1610.0754175904997,1610.075,0.291864426955317,0.09176673,0,0,0.6799650877927498,0.6799651,0.0,0.0,-,4.440892e-15,4001,142000,0,0,0,0,4001
c2,basin,p[labour]*5.79181613597,0,False,CONVERGED,CONVERGED,349,349,-,-,0.2568644119969624,0.2568644,20,20,0,0,Commons,Commons,Commons,Commons,0.0,0.0,1756.4459100992308,1756.446,0.2497017116446026,0.07730651,0,0,0.6200233888082494,0.6200234,0.0,0.0,-,5.107026e-15,4001,142000,0,0,0,0,4001
c2,basin,p[labour]*6.7047511544,0,False,CONVERGED,CONVERGED,463,463,-,-,0.21879849560801137,0.2187985,22,22,0,0,Commons,Commons,Commons,Commons,0.0,0.0,1902.8164026071881,1902.816,0.2120792617281555,0.06532716,0,0,0.5501352403448869,0.5501352,0.0,0.0,-,3.552714e-15,4001,142000,0,0,0,0,4001
c2,basin,p[labour]*7.76158755512,0,False,CONVERGED,CONVERGED,483,483,-,-,0.18500815482088478,0.1850082,24,24,0,0,Commons,Commons,Commons,Commons,0.0,0.0,2049.186895116476,2049.187,0.17878483003120915,0.05727532,0,0,0.46853992445903664,0.4685399,0.0,0.0,-,5.329071e-15,4001,142000,0,0,0,0,4001
c2,basin,p[land]*0.172657414622,0,False,CONVERGED,CONVERGED,683,683,-,-,0.0,0.0,104,104,0,0,Commons,Commons,Commons,Commons,0.0,0.0,inf,inf,0.0,0.0,138,138,0.08989084245936724,0.08989084,0.0,0.0,-,3.7747579999999994e-15,4001,142000,0,0,0,0,4001
c2,basin,p[land]*0.149147966415,0,False,CONVERGED,CONVERGED,671,671,-,-,0.0,0.0,122,122,0,0,Commons,Commons,Commons,Commons,0.0,0.0,inf,inf,0.0,0.0,146,146,0.07774088102629796,0.07774088,0.0,0.0,-,2.88658e-15,4001,142000,0,0,0,0,4001
c2,basin,p[labour]*6.38547728991,0,False,CONVERGED,CONVERGED,462,462,-,-,0.2309982604868205,0.2309983,22,22,0,0,Commons,Commons,Commons,Commons,0.0,0.0,1854.0262384385765,1854.026,0.22412478352516527,0.06907676,0,0,0.5746376349372089,0.5746376,0.0,0.0,-,3.552714e-15,4001,142000,0,0,0,0,4001
c2,basin,p[land]*0.12270440108,0,False,CONVERGED,CONVERGED,574,574,-,-,0.0,0.0,137,137,0,0,Commons,Commons,Commons,Commons,0.0,0.0,inf,inf,0.0,0.0,157,157,0.0640423307089045,0.06404233,0.0,0.0,-,4.218847e-15,4001,142000,0,0,0,0,4001
c2,basin,p[land]*0.128839621134,0,False,CONVERGED,CONVERGED,569,569,-,-,0.0,0.0,134,134,0,0,Commons,Commons,Commons,Commons,0.0,0.0,inf,inf,0.0,0.0,154,154,0.06722363084240392,0.06722363,0.0,0.0,-,2.88658e-15,4001,142000,0,0,0,0,4001
c2,basin,p[land]*0.135281602191,0,False,CONVERGED,CONVERGED,677,677,-,-,0.0,0.0,132,132,0,0,Commons,Commons,Commons,Commons,0.0,0.0,inf,inf,0.0,0.0,151,151,0.07056198848722237,0.07056199,0.0,0.0,-,3.7747579999999994e-15,4001,142000,0,0,0,0,4001
c2,basin,p[labour]*5.25334796914,0,False,CONVERGED,CONVERGED,350,350,-,-,0.28472051030826023,0.2847205,19,19,0,0,Commons,Commons,Commons,Commons,0.0,0.0,1658.8655817615495,1658.866,0.2772982302842014,0.08663611,0,0,0.6609837459285125,0.6609837,0.0,0.0,-,3.663736e-15,4001,142000,0,0,0,0,4001
c2,basin,p[land]*0.164435632973,0,False,CONVERGED,CONVERGED,685,685,-,-,0.0,0.0,109,109,0,0,Commons,Commons,Commons,Commons,0.0,0.0,inf,inf,0.0,0.0,140,140,0.08564475991682033,0.08564476,0.0,0.0,-,4.440892e-15,4001,142000,0,0,0,0,4001
c2,basin,p[land]*0.1420456823,0,False,CONVERGED,CONVERGED,674,674,-,-,0.0,0.0,130,130,0,0,Commons,Commons,Commons,Commons,0.0,0.0,inf,inf,0.0,0.0,148,148,0.07406506373787644,0.07406506,0.0,0.0,-,2.88658e-15,4001,142000,0,0,0,0,4001
c2,basin,p[land]*0.156605364736,0,False,CONVERGED,CONVERGED,686,686,-,-,0.0,0.0,115,115,0,0,Commons,Commons,Commons,Commons,0.0,0.0,inf,inf,0.0,0.0,143,143,0.08159784548115968,0.08159785,0.0,0.0,-,4.440892e-15,4001,142000,0,0,0,0,4001
c2,basin,p[land]*0.19035479962,0,False,CONVERGED,CONVERGED,679,679,-,-,0.0,0.0,88,88,0,0,Commons,Commons,Commons,Commons,0.0,0.0,inf,inf,0.0,0.0,132,132,0.09901957121761859,0.09901957,0.0,0.0,-,4.440892e-15,4001,142000,0,0,0,0,4001
c2,basin,p[land]*0.22035947491,0,False,CONVERGED,CONVERGED,675,675,-,-,0.0,0.0,65,65,0,0,Commons,Commons,Commons,Commons,0.0,0.0,inf,inf,0.0,0.0,121,121,0.11446284053448957,0.1144628,0.0,0.0,-,6.217249e-15,4001,142000,0,0,0,0,4001
c2,basin,p[land]*0.199872539601,0,False,CONVERGED,CONVERGED,678,678,-,-,0.0,0.0,80,80,0,0,Commons,Commons,Commons,Commons,0.0,0.0,inf,inf,0.0,0.0,129,129,0.10392289797819015,0.1039229,0.0,0.0,-,5.107026e-15,4001,142000,0,0,0,0,4001
c2,basin,p[land]*0.209866166581,0,False,CONVERGED,CONVERGED,676,676,-,-,0.0,0.0,74,74,0,0,Commons,Commons,Commons,Commons,0.0,0.0,inf,inf,0.0,0.0,125,125,0.10906679377219854,0.1090668,0.0,0.0,-,4.662937e-15,4001,142000,0,0,0,0,4001
c2,basin,p[land]*0.231377448656,0,False,CONVERGED,CONVERGED,674,674,-,-,0.0,0.0,53,53,0,0,Commons,Commons,Commons,Commons,0.0,0.0,inf,inf,0.0,0.0,116,116,0.12012315503458496,0.1201232,0.0,0.0,-,5.107026e-15,4001,142000,0,0,0,0,4001
c2,basin,p[land]*0.267848319,0,False,CONVERGED,CONVERGED,670,670,-,-,0.02118170360365899,0.0211817,50,50,0,0,Commons,Commons,Commons,Commons,0.0,0.0,3854.6175074987605,3854.618,0.02118170360365888,0.0211817,99,99,0.14108107378028079,0.1410811,0.0,0.0,-,5.995204e-15,4001,142000,0,0,0,0,4001
c2,basin,p[land]*0.295302771698,0,False,CONVERGED,CONVERGED,667,667,-,-,0.07664528645901268,0.07664529,48,48,0,0,Commons,Commons,Commons,Commons,0.0,0.0,2568.5671698929036,2568.567,0.07664528645901257,0.07664529,91,91,0.15525814026399606,0.1552581,0.0,0.0,-,5.551115e-15,4001,142000,0,0,0,0,4001
c2,basin,p[land]*0.242946321089,0,False,CONVERGED,CONVERGED,672,672,-,-,0.0,0.0,52,52,0,0,Commons,Commons,Commons,Commons,0.0,0.0,inf,inf,0.0,0.0,109,109,0.1281857177234261,0.1281857,0.0,0.0,-,6.217249e-15,4001,142000,0,0,0,0,4001
c2,basin,p[land]*0.28124073495,0,False,CONVERGED,CONVERGED,669,669,-,-,0.0487211642538916,0.04872116,49,49,0,0,Commons,Commons,Commons,Commons,0.0,0.0,3021.6417590291667,3021.642,0.04872116425389149,0.04872116,95,95,0.14800317266919663,0.1480032,0.0,0.0,-,5.329071e-15,4001,142000,0,0,0,0,4001
c2,basin,p[land]*0.255093637143,0,False,CONVERGED,CONVERGED,671,671,-,-,0.0,0.0,51,51,0,0,Commons,Commons,Commons,Commons,0.0,0.0,inf,inf,0.0,0.0,102,102,0.13447875006843457,0.1344788,0.0,0.0,-,5.995204e-15,4001,142000,0,0,0,0,4001
c2,basin,p[land]*0.310067910283,0,False,CONVERGED,CONVERGED,666,666,-,-,0.10497797077998379,0.104978,47,47,0,0,Commons,Commons,Commons,Commons,0.0,0.0,2254.0047529315457,2254.005,0.10497797077998366,0.104978,88,88,0.16286130444125438,0.1628613,0.0,0.0,-,5.107026e-15,4001,142000,0,0,0,0,4001
c2,basin,p[land]*0.325571305797,0,False,CONVERGED,CONVERGED,664,664,-,-,0.133745050236912,0.1337451,46,46,0,0,Commons,Commons,Commons,Commons,0.0,0.0,2011.8199014653092,2011.82,0.13374505023691188,0.1337451,85,85,0.17082862506476193,0.1708286,0.0,0.0,-,5.107026e-15,4001,142000,0,0,0,0,4001
c2,basin,p[land]*0.341849871087,0,False,CONVERGED,CONVERGED,662,662,-,-,0.16297427025192554,0.1629743,44,44,0,0,Commons,Commons,Commons,Commons,0.0,0.0,1814.16294185037,1814.163,0.16297427025192546,0.1629743,80,80,0.17917671145257685,0.1791767,0.0,0.0,-,3.996803e-15,4001,142000,0,0,0,0,4001
c2,basin,p[land]*0.358942364641,0,False,CONVERGED,CONVERGED,661,661,-,-,0.19269526161710865,0.1926953,43,43,0,0,Commons,Commons,Commons,Commons,0.0,0.0,1646.6452932927425,1646.645,0.19269526161710857,0.1926953,69,69,0.18792283919138464,0.1879228,0.0,0.0,-,4.218847e-15,4001,142000,0,0,0,0,4001
c2,basin,p[land]*0.458111521991,0,False,CONVERGED,CONVERGED,645,645,-,-,0.34399370230513143,0.3439937,31,31,0,0,Commons,Commons,Commons,Commons,0.0,0.0,1079.217252930566,1079.217,0.3498410377866652,0.349841,24,24,0.2412320807323732,0.2412321,0.0,0.0,-,3.7747579999999994e-15,4001,142000,0,0,0,0,4001
c2,basin,p[land]*0.584679289086,0,False,CONVERGED,CONVERGED,627,627,-,-,0.5066326394406726,0.5066326,0,0,0,0,Commons,Commons,Commons,Commons,0.0,0.0,679.9691150638637,679.9691,0.5204497219477076,0.5204497,11,11,0.3074231727989925,0.3074232,0.0,0.0,-,4.440892e-15,4001,142000,0,0,0,0,4001
c2,basin,p[land]*0.415520654867,0,False,CONVERGED,CONVERGED,653,653,-,-,0.28513269691691867,0.2851327,37,37,0,0,Commons,Commons,Commons,Commons,0.0,0.0,1254.8006038557726,1254.801,0.28513269691691856,0.2851327,40,40,0.2167325477876042,0.2167325,0.0,0.0,-,3.7747579999999994e-15,4001,142000,0,0,0,0,4001
c2,basin,p[land]*0.376889482873,0,False,CONVERGED,CONVERGED,658,658,-,-,0.2229395067119232,0.2229395,42,42,0,0,Commons,Commons,Commons,Commons,0.0,0.0,1500.8548146725955,1500.855,0.22293950671192314,0.2229395,55,55,0.19708496610024664,0.197085,0.0,0.0,-,4.440892e-15,4001,142000,0,0,0,0,4001
c2,basin,p[land]*0.556837418178,0,False,CONVERGED,CONVERGED,633,633,-,-,0.46983739244457323,0.4698374,12,12,0,0,Commons,Commons,Commons,Commons,0.0,0.0,755.3686176628642,755.3686,0.48596647355769734,0.4859665,13,13,0.29367997750225905,0.29368,0.0,0.0,-,5.107026e-15,4001,142000,0,0,0,0,4001
c2,basin,p[land]*0.436296687611,0,False,CONVERGED,CONVERGED,650,650,-,-,0.3168312424420343,0.3168312,34,34,0,0,Commons,Commons,Commons,Commons,0.0,0.0,1163.273261022624,1163.273,0.31715346939109634,0.3171535,33,33,0.22725745623836005,0.2272575,0.0,0.0,-,6.217249e-15,4001,142000,0,0,0,0,4001
c2,basin,p[land]*4.11613559538,0,False,DIVERGED,DIVERGED,-,-,281,281,0.0,0.0,282,282,0,0,Commons,Commons,Commons,Commons,0.0,0.0,inf,inf,0.0,0.0,270,270,6.604638296290661e-06,6.282893e-06,0.0,0.0,-,inf,282,282,0,0,0,0,282
c2,basin,p[land]*4.53803949391,0,False,DIVERGED,DIVERGED,-,-,279,279,0.0,0.0,280,280,0,0,Commons,Commons,Commons,Commons,0.0,0.0,inf,inf,0.0,0.0,268,268,7.510538543353165e-07,7.143558e-07,0.0,0.0,-,inf,280,280,0,0,0,0,280
c2,basin,p[land]*4.32194237515,0,False,DIVERGED,DIVERGED,-,-,280,280,0.0,0.0,281,281,0,0,Commons,Commons,Commons,Commons,0.0,0.0,inf,inf,0.0,0.0,269,269,2.5695303459669796e-06,2.444443e-06,0.0,0.0,-,inf,281,281,0,0,0,0,281
c2,basin,p[land]*0.395733957017,0,False,CONVERGED,CONVERGED,656,656,-,-,0.2537402991364464,0.2537403,40,40,0,0,Commons,Commons,Commons,Commons,0.0,0.0,1371.4439793610775,1371.444,0.2537402991364463,0.2537403,46,46,0.20668174710851192,0.2066817,0.0,0.0,-,5.77316e-15,4001,142000,0,0,0,0,4001
c2,basin,p[land]*4.7649414686,0,False,DIVERGED,DIVERGED,-,-,278,278,0.0,0.0,279,279,0,0,Commons,Commons,Commons,Commons,0.0,0.0,inf,inf,0.0,0.0,267,267,3.3942968729892904e-07,3.228749e-07,0.0,0.0,-,inf,279,279,0,0,0,0,279
c2,basin,p[land]*5.79181613597,0,False,DIVERGED,DIVERGED,-,-,278,278,0.0,0.0,279,279,0,0,Commons,Commons,Commons,Commons,0.0,0.0,inf,inf,0.0,0.0,267,267,8.656476378531271e-08,8.234226e-08,0.0,0.0,-,inf,279,279,0,0,0,0,279
c2,basin,p[land]*5.25334796914,0,False,DIVERGED,DIVERGED,-,-,278,278,0.0,0.0,279,279,0,0,Commons,Commons,Commons,Commons,0.0,0.0,inf,inf,0.0,0.0,267,267,1.4617383311091714e-07,1.390464e-07,0.0,0.0,-,inf,279,279,0,0,0,0,279
c2,basin,p[land]*5.51601536759,0,False,DIVERGED,DIVERGED,-,-,278,278,0.0,0.0,279,279,0,0,Commons,Commons,Commons,Commons,0.0,0.0,inf,inf,0.0,0.0,267,267,1.0604291208422811e-07,1.008703e-07,0.0,0.0,-,inf,279,279,0,0,0,0,279
c2,basin,p[land]*6.08140694277,0,False,DIVERGED,DIVERGED,-,-,278,278,0.0,0.0,279,279,0,0,Commons,Commons,Commons,Commons,0.0,0.0,inf,inf,0.0,0.0,267,267,6.919712276872982e-08,6.582171e-08,0.0,0.0,-,inf,279,279,0,0,0,0,279
c2,basin,p[land]*0.481017098091,0,False,CONVERGED,CONVERGED,642,642,-,-,0.37300613221284074,0.3730061,25,25,0,0,Commons,Commons,Commons,Commons,0.0,0.0,989.44981551465,989.4498,0.3832354095411098,0.3832354,22,22,0.2527869472839206,0.2527869,0.0,0.0,-,5.551115e-15,4001,142000,0,0,0,0,4001
c2,basin,p[land]*5.00318854203,0,False,DIVERGED,DIVERGED,-,-,278,278,0.0,0.0,279,279,0,0,Commons,Commons,Commons,Commons,0.0,0.0,inf,inf,0.0,0.0,267,267,2.6260683219974354e-07,2.498008e-07,0.0,0.0,-,inf,279,279,0,0,0,0,279
c2,basin,p[land]*7.03998871212,0,False,DIVERGED,DIVERGED,-,-,277,277,0.0,0.0,278,278,0,0,Commons,Commons,Commons,Commons,0.0,0.0,inf,inf,0.0,0.0,267,267,3.966077133373082e-08,3.772764e-08,0.0,0.0,-,inf,278,278,0,0,0,0,278
c2,basin,p[land]*6.7047511544,0,False,DIVERGED,DIVERGED,-,-,278,278,0.0,0.0,279,279,0,0,Commons,Commons,Commons,Commons,0.0,0.0,inf,inf,0.0,0.0,268,268,4.571302432277838e-08,4.348303e-08,0.0,0.0,-,inf,279,279,0,0,0,0,279
c2,basin,p[land]*6.38547728991,0,False,DIVERGED,DIVERGED,-,-,278,278,0.0,0.0,279,279,0,0,Commons,Commons,Commons,Commons,0.0,0.0,inf,inf,0.0,0.0,267,267,5.3977761673708495e-08,5.134639e-08,0.0,0.0,-,inf,279,279,0,0,0,0,279
c2,basin,p[land]*7.76158755512,0,False,DIVERGED,DIVERGED,-,-,277,277,0.0,0.0,278,278,0,0,Commons,Commons,Commons,Commons,0.0,0.0,inf,inf,0.0,0.0,267,267,2.947192307305696e-08,2.803409e-08,0.0,0.0,-,inf,278,278,0,0,0,0,278
c2,basin,p[land]*7.39198814773,0,False,DIVERGED,DIVERGED,-,-,277,277,0.0,0.0,278,278,0,0,Commons,Commons,Commons,Commons,0.0,0.0,inf,inf,0.0,0.0,267,267,3.4632327096255425e-08,3.294274e-08,0.0,0.0,-,inf,278,278,0,0,0,0,278
c2,basin,p[land]*0.505067952996,0,False,CONVERGED,CONVERGED,640,640,-,-,0.40380858186657204,0.4038086,17,17,0,0,Commons,Commons,Commons,Commons,0.0,0.0,913.8203957221746,913.8204,0.41737810624152716,0.4173781,19,19,0.2648681410508282,0.2648681,0.0,0.0,-,2.88658e-15,4001,142000,0,0,0,0,4001
c2,basin,p[land]*8.14966693287,0,False,DIVERGED,DIVERGED,-,-,277,277,0.0,0.0,278,278,0,0,Commons,Commons,Commons,Commons,0.0,0.0,inf,inf,0.0,0.0,267,267,2.667440628666287e-08,2.537296e-08,0.0,0.0,-,inf,278,278,0,0,0,0,278
c2,basin,p[land]*0.530321350645,0,False,CONVERGED,CONVERGED,637,637,-,-,0.43603642178242696,0.4360364,15,15,0,0,Commons,Commons,Commons,Commons,0.0,0.0,833.4600534565363,833.4601,0.4523120851066214,0.4523121,17,17,0.27749669969132357,0.2774967,0.0,0.0,-,3.108624e-15,4001,142000,0,0,0,0,4001
c2,basin,p[land]*1.88564914232,0,False,CONVERGED,CONVERGED,579,579,-,-,0.06697082835461944,0.06697083,114,114,0,0,Commons,Commons,Commons,Commons,0.0,0.0,3309.893973545177,3309.894,0.10430769601050048,0.1043077,123,123,0.18032805963616566,0.1803281,0.0,0.0,-,4.884981e-15,4001,142000,0,0,0,0,4001
c2,basin,p[land]*0.644608916218,0,False,CONVERGED,CONVERGED,600,600,-,-,0.582120589644195,0.5821206,0,0,0,0,Commons,Commons,Commons,Commons,0.0,0.0,541.0776540120196,541.0777,0.5911579539425186,0.591158,0,0,0.34947258763423794,0.3494726,0.0,0.0,-,4.662937e-15,4001,142000,0,0,0,0,4001
c2,basin,p[land]*0.783526166468,0,False,CONVERGED,CONVERGED,468,468,-,-,0.7491101075289772,0.7491101,0,0,0,0,Commons,Commons,Commons,Commons,0.0,0.0,288.8693002225492,288.8693,0.7547746714403847,0.7547747,0,0,0.6181963783777233,0.6181964,0.0,0.0,-,2.664535e-15,4001,142000,0,0,0,0,4001
c2,basin,p[land]*0.746215396637,0,False,CONVERGED,CONVERGED,475,475,-,-,0.7040030421045446,0.704003,0,0,0,0,Commons,Commons,Commons,Commons,0.0,0.0,350.9726016622031,350.9726,0.7107336442790714,0.7107336,0,0,0.5484972444455051,0.5484972,0.0,0.0,-,4.440892e-15,4001,142000,0,0,0,0,4001
c2,basin,p[land]*1.47745544379,0,False,CONVERGED,CONVERGED,550,550,-,-,0.1704849717722546,0.170485,88,88,0,0,Commons,Commons,Commons,Commons,0.0,0.0,1769.1081282415219,1769.108,0.23809935917342287,0.2380994,89,89,0.28584038348404806,0.2858404,0.0,0.0,-,5.77316e-15,4001,142000,0,0,0,0,4001
c2,basin,p[land]*1.05,0,False,CONVERGED,CONVERGED,340,340,-,-,0.8251433091746194,0.8251433,0,0,0,0,Commons,Commons,Commons,Commons,0.0,0.0,196.85802403056127,196.858,0.823486728440477,0.8234867,0,0,0.6926141350026287,0.6926141,0.0,0.0,-,3.330669e-15,4001,142000,0,0,0,0,4001
c2,basin,p[land]*0.71068133013,0,False,CONVERGED,CONVERGED,480,480,-,-,0.6609347279715985,0.6609347,0,0,0,0,Commons,Commons,Commons,Commons,0.0,0.0,414.10019140175956,414.1002,0.6682772428446468,0.6682772,0,0,0.48043732116847354,0.4804373,0.0,0.0,-,4.662937e-15,4001,142000,0,0,0,0,4001
c2,basin,p[land]*0.907029478458,0,False,CONVERGED,CONVERGED,448,448,-,-,0.8944681707280107,0.8944682,0,0,0,0,Commons,Commons,Commons,Commons,0.0,0.0,111.52595997779957,111.526,0.8965704976271243,0.8965705,0,0,0.8401895302777813,0.8401895,0.0,0.0,-,5.107026e-15,4001,142000,0,0,0,0,4001
c2,basin,p[land]*0.863837598531,0,False,CONVERGED,CONVERGED,456,456,-,-,0.8443131810218116,0.8443132,0,0,0,0,Commons,Commons,Commons,Commons,0.0,0.0,169.231785653333,169.2318,0.8477388642589841,0.8477389,0,0,0.7638728846336045,0.7638729,0.0,0.0,-,3.552714e-15,4001,142000,0,0,0,0,4001
c2,basin,p[land]*0.952380952381,0,False,CONVERGED,CONVERGED,430,430,-,-,0.9463585652031796,0.9463586,0,0,0,0,Commons,Commons,Commons,Commons,0.0,0.0,55.13374876078063,55.13375,0.9472682119391114,0.9472682,0,0,0.9188879766554258,0.918888,0.0,0.0,-,6.8833830000000005e-15,4001,142000,0,0,0,0,4001
c2,basin,p[land]*1.1025,0,False,CONVERGED,CONVERGED,362,362,-,-,0.6681215175249356,0.6681215,0,0,0,0,Commons,Commons,Commons,Commons,0.0,0.0,403.28520952707845,403.2852,0.6832566503593703,0.6832567,19,19,0.4499768156185399,0.4499768,0.0,0.0,-,1.554312e-15,4001,142000,0,0,0,0,4001
c2,basin,p[land]*0.822702474792,0,False,CONVERGED,CONVERGED,461,461,-,-,0.7958697591714746,0.7958698,0,0,0,0,Commons,Commons,Commons,Commons,0.0,0.0,228.31972565613782,228.3197,0.8004285770850922,0.8004286,0,0,0.6898930022013141,0.689893,0.0,0.0,-,3.552714e-15,4001,142000,0,0,0,0,4001
c2,basin,p[land]*1.21550625,0,False,CONVERGED,CONVERGED,522,522,-,-,0.39502095781855145,0.395021,30,30,0,0,Commons,Commons,Commons,Commons,0.0,0.0,928.816457720044,928.8165,0.47441849302931927,0.4744185,52,52,0.39274882768874936,0.3927488,0.0,0.0,-,6.439294e-15,4001,142000,0,0,0,0,4001
c2,basin,p[land]*1.40710042266,0,False,CONVERGED,CONVERGED,544,544,-,-,0.2039858636863241,0.2039859,81,81,0,0,Commons,Commons,Commons,Commons,0.0,0.0,1589.7045831942494,1589.705,0.28004774132979615,0.2800477,81,81,0.31246245261191924,0.3124625,0.0,0.0,-,5.77316e-15,4001,142000,0,0,0,0,4001
c2,basin,p[land]*1.157625,0,False,CONVERGED,CONVERGED,509,509,-,-,0.5093602434886931,0.5093602,0,0,0,0,Commons,Commons,Commons,Commons,0.0,0.0,674.599765244792,674.5998,0.5711706654834996,0.5711707,40,40,0.4190954634208363,0.4190955,0.0,0.0,-,2.442491e-15,4001,142000,0,0,0,0,4001
c2,basin,p[land]*1.34009564063,0,False,CONVERGED,CONVERGED,538,538,-,-,0.25070262377117386,0.2507026,63,63,0,0,Commons,Commons,Commons,Commons,0.0,0.0,1383.4878080921453,1383.488,0.33096015189930594,0.3309602,74,74,0.33812713575879094,0.3381271,0.0,0.0,-,7.549517e-15,4001,142000,0,0,0,0,4001
c2,basin,p[land]*0.613913253541,0,False,CONVERGED,CONVERGED,606,606,-,-,0.544557967705177,0.544558,0,0,0,0,Commons,Commons,Commons,Commons,0.0,0.0,607.7808818437181,607.7809,0.5551689136005827,0.5551689,8,8,0.32465829512123856,0.3246583,0.0,0.0,-,4.884981e-15,4001,142000,0,0,0,0,4001
c2,basin,p[land]*1.2762815625,0,False,CONVERGED,CONVERGED,531,531,-,-,0.3124804771871633,0.3124805,47,47,0,0,Commons,Commons,Commons,Commons,0.0,0.0,1163.2132847582775,1163.213,0.392878212737093,0.3928782,64,64,0.36520191786977535,0.3652019,0.0,0.0,-,5.551115e-15,4001,142000,0,0,0,0,4001
c2,basin,p[land]*1.62889462678,0,False,CONVERGED,CONVERGED,562,562,-,-,0.11800258436856127,0.1180026,99,99,0,0,Commons,Commons,Commons,Commons,0.0,0.0,2137.0487533278197,2137.049,0.17418666484826797,0.1741867,103,103,0.24142987311779562,0.2414299,0.0,0.0,-,5.329071e-15,4001,142000,0,0,0,0,4001
c2,basin,p[land]*1.55132821598,0,False,CONVERGED,CONVERGED,556,556,-,-,0.1421514786293219,0.1421515,94,94,0,0,Commons,Commons,Commons,Commons,0.0,0.0,1950.8620390445958,1950.862,0.20327471037986408,0.2032747,96,96,0.2629502742452419,0.2629503,0.0,0.0,-,5.107026e-15,4001,142000,0,0,0,0,4001
c2,basin,p[land]*1.71033935812,0,False,CONVERGED,CONVERGED,568,568,-,-,0.09874371114141348,0.09874371,106,106,0,0,Commons,Commons,Commons,Commons,0.0,0.0,2315.227561872773,2315.228,0.14519964490891427,0.1451996,109,109,0.2189646582937593,0.2189647,0.0,0.0,-,5.107026e-15,4001,142000,0,0,0,0,4001
c2,basin,p[land]*1.79585632602,0,False,CONVERGED,CONVERGED,573,573,-,-,0.08020744487674264,0.08020744,110,110,0,0,Commons,Commons,Commons,Commons,0.0,0.0,2852.3293801535933,2852.329,0.1259942957190856,0.1259943,116,116,0.20004258732694302,0.2000426,0.0,0.0,-,4.884981e-15,4001,142000,0,0,0,0,4001
c2,basin,p[land]*3.92012913846,0,False,CONVERGED,CONVERGED,668,668,-,-,0.0021887484884758794,0.002188748,207,207,0,0,Commons,Commons,Commons,Commons,0.0,0.0,8854.575044258923,8854.575,0.0071600914869283825,0.007160091,227,227,0.021851943082636726,0.02185194,0.0,0.0,-,1.9984009999999997e-15,4001,142000,0,0,0,0,4001
c2,basin,p[land]*2.07892817941,0,False,CONVERGED,CONVERGED,591,591,-,-,0.04530973022324699,0.04530973,124,124,0,0,Commons,Commons,Commons,Commons,0.0,0.0,4103.761991642097,4103.762,0.07539260687825543,0.07539261,136,136,0.14651397671999553,0.146514,0.0,0.0,-,4.884981e-15,4001,142000,0,0,0,0,4001
c2,basin,p[land]*0.676839362029,0,False,CONVERGED,CONVERGED,484,484,-,-,0.6209892478793849,0.6209892,0,0,0,0,Commons,Commons,Commons,Commons,0.0,0.0,476.44151140243986,476.4415,0.6285474226892053,0.6285474,0,0,0.41405195604683287,0.414052,0.0,0.0,-,7.1054270000000005e-15,4001,142000,0,0,0,0,4001
c2,basin,p[land]*2.18287458838,0,False,CONVERGED,CONVERGED,596,596,-,-,0.038175370398778566,0.03817537,131,131,0,0,Commons,Commons,Commons,Commons,0.0,0.0,4465.740121986266,4465.74,0.062107921822830224,0.06210792,142,142,0.13061001144570333,0.13061,0.0,0.0,-,4.662937e-15,4001,142000,0,0,0,0,4001
c2,basin,p[land]*1.97993159944,0,False,CONVERGED,CONVERGED,585,585,-,-,0.05404164149386649,0.05404164,118,118,0,0,Commons,Commons,Commons,Commons,0.0,0.0,3706.910545981938,3706.911,0.0911940082464318,0.09119401,130,130,0.16356983531122973,0.1635698,0.0,0.0,-,4.662937e-15,4001,142000,0,0,0,0,4001
c2,basin,p[land]*2.2920183178,0,False,CONVERGED,CONVERGED,601,601,-,-,0.03092856308633568,0.03092856,137,137,0,0,Commons,Commons,Commons,Commons,0.0,0.0,4800.288687760569,4800.289,0.0546244870668113,0.05462449,149,149,0.11648722440771463,0.1164872,0.0,0.0,-,3.996803e-15,4001,142000,0,0,0,0,4001
c2,basin,p[land]*2.40661923369,0,False,CONVERGED,CONVERGED,607,607,-,-,0.02629054234934598,0.02629054,143,143,0,0,Commons,Commons,Commons,Commons,0.0,0.0,5144.348517190735,5144.349,0.044890924977703375,0.04489092,155,155,0.10230769841678611,0.1023077,0.0,0.0,-,4.218847e-15,4001,142000,0,0,0,0,4001
c2,basin,p[land]*2.65329770514,0,False,CONVERGED,CONVERGED,618,618,-,-,0.016326467197108365,0.01632647,155,155,0,0,Commons,Commons,Commons,Commons,0.0,0.0,5810.7496084420145,5810.75,0.03238578703269472,0.03238579,168,168,0.07774774779714211,0.07774775,0.0,0.0,-,4.662937e-15,4001,142000,0,0,0,0,4001
c2,basin,p[land]*2.7859625904,0,False,CONVERGED,CONVERGED,623,623,-,-,0.012819489725322892,0.01281949,161,161,0,0,Commons,Commons,Commons,Commons,0.0,0.0,6143.64319615733,6143.643,0.02645403887032277,0.02645404,175,175,0.06710586443071602,0.06710586,0.0,0.0,-,3.108624e-15,4001,142000,0,0,0,0,4001
c2,basin,p[land]*2.92526071992,0,False,CONVERGED,CONVERGED,629,629,-,-,0.010040703671437497,0.0100407,167,167,0,0,Commons,Commons,Commons,Commons,0.0,0.0,6472.937725756692,6472.938,0.02155835047840181,0.02155835,181,181,0.05765984277964151,0.05765984,0.0,0.0,-,2.220446e-15,4001,142000,0,0,0,0,4001
c2,basin,p[land]*2.52695019538,0,False,CONVERGED,CONVERGED,612,612,-,-,0.02075242055501552,0.02075242,149,149,0,0,Commons,Commons,Commons,Commons,0.0,0.0,5482.996401940048,5482.996,0.036770608198538106,0.03677061,162,162,0.08924391759207718,0.08924392,0.0,0.0,-,3.996803e-15,4001,142000,0,0,0,0,4001
c2,basin,p[land]*3.07152375592,0,False,CONVERGED,CONVERGED,635,635,-,-,0.007836539984370077,0.00783654,173,173,0,0,Commons,Commons,Commons,Commons,0.0,0.0,6796.328596937836,6796.329,0.018931699735801708,0.0189317,188,188,0.04949680813206566,0.04949681,0.0,0.0,-,1.9984009999999997e-15,4001,142000,0,0,0,0,4001
c2,basin,p[land]*3.73345632234,0,False,CONVERGED,CONVERGED,662,662,-,-,0.002839581182541821,0.002839581,200,200,0,0,Commons,Commons,Commons,Commons,0.0,0.0,8385.69934590789,8385.699,0.008829221118724955,0.008829221,218,218,0.025857720735623393,0.02585772,0.0,0.0,-,3.330669e-15,4001,142000,0,0,0,0,4001
c2,basin,p[land]*3.22509994371,0,False,CONVERGED,CONVERGED,642,642,-,-,0.006107394240692716,0.006107394,179,179,0,0,Commons,Commons,Commons,Commons,0.0,0.0,7171.737695259547,7171.738,0.015383357204636279,0.01538336,195,195,0.04223847000391402,0.04223847,0.0,0.0,-,4.218847e-15,4001,142000,0,0,0,0,4001
c2,basin,p[land]*3.55567268794,0,False,CONVERGED,CONVERGED,657,657,-,-,0.0036735831279245913,0.003673583,193,193,0,0,Commons,Commons,Commons,Commons,0.0,0.0,7915.311443971262,7915.311,0.010900219313312778,0.01090022,210,210,0.030528713491651118,0.03052871,0.0,0.0,-,1.9984009999999997e-15,4001,142000,0,0,0,0,4001
c2,basin,p[land]*3.3863549409,0,False,CONVERGED,CONVERGED,649,649,-,-,0.004746068915340748,0.004746069,186,186,0,0,Commons,Commons,Commons,Commons,0.0,0.0,7544.52264228122,7544.523,0.012487381416260544,0.01248738,202,202,0.03595654417058983,0.03595654,0.0,0.0,-,3.330669e-15,4001,142000,0,0,0,0,4001
c2,basin,p[food]*0.22035947491,0,False,CONVERGED,CONVERGED,587,587,-,-,0.1533673385785217,0.1533673,130,130,0,0,Commons,Commons,Commons,Commons,0.0,0.0,2447.401872117435,2447.402,0.13178576711933587,0.1317858,92,92,0.32832418224892873,0.3283242,0.0,0.0,-,5.107026e-15,4001,142000,0,0,0,0,4001
c2,basin,p[food]*0.181290285353,0,False,CONVERGED,CONVERGED,596,596,-,-,0.10918932963669986,0.1091893,138,138,0,0,Commons,Commons,Commons,Commons,0.0,0.0,3679.4714546880946,3679.471,0.09127642483896643,0.09127642,101,101,0.29754777740890637,0.2975478,0.0,0.0,-,4.662937e-15,4001,142000,0,0,0,0,4001
c2,basin,p[food]*0.12270440108,0,False,CONVERGED,CONVERGED,612,612,-,-,0.05142063458474694,0.05142063,151,151,0,0,Commons,Commons,Commons,Commons,0.0,0.0,4540.457669884224,4540.458,0.0405579395279418,0.04055794,113,113,0.252727033872003,0.252727,0.0,0.0,-,4.218847e-15,4001,142000,0,0,0,0,4001
c2,basin,p[food]*0.325571305797,0,False,CONVERGED,CONVERGED,565,565,-,-,0.27289449733154436,0.2728945,100,100,0,0,Commons,Commons,Commons,Commons,0.0,0.0,1328.344055722088,1328.344,0.21610868415195972,0.2161087,68,68,0.40000049011061756,0.4000005,0.0,0.0,-,5.107026e-15,4001,142000,0,0,0,0,4001
c2,basin,p[food]*0.1420456823,0,False,CONVERGED,CONVERGED,607,607,-,-,0.06690295366724994,0.06690295,146,146,0,0,Commons,Commons,Commons,Commons,0.0,0.0,4282.4761325380305,4282.476,0.05381849318508064,0.05381849,110,110,0.2671903087226503,0.2671903,0.0,0.0,-,5.107026e-15,4001,142000,0,0,0,0,4001
c2,basin,p[food]*0.156605364736,0,False,CONVERGED,CONVERGED,603,603,-,-,0.08131032660280915,0.08131033,143,143,0,0,Commons,Commons,Commons,Commons,0.0,0.0,4075.0266224785178,4075.027,0.06591390867054828,0.06591391,106,106,0.27812709586561274,0.2781271,0.0,0.0,-,4.662937e-15,4001,142000,0,0,0,0,4001
c2,basin,p[food]*0.172657414622,0,False,CONVERGED,CONVERGED,598,598,-,-,0.1000665441898583,0.1000665,140,140,0,0,Commons,Commons,Commons,Commons,0.0,0.0,3826.885148355594,3826.885,0.08315862207510302,0.08315862,103,103,0.2908857117273924,0.2908857,0.0,0.0,-,4.218847e-15,4001,142000,0,0,0,0,4001
c2,basin,p[food]*0.135281602191,0,False,CONVERGED,CONVERGED,609,609,-,-,0.061279233628842536,0.06127923,148,148,0,0,Commons,Commons,Commons,Commons,0.0,0.0,4385.1421732738845,4385.142,0.04895269376886904,0.04895269,111,111,0.26213238447298826,0.2621324,0.0,0.0,-,4.662937e-15,4001,142000,0,0,0,0,4001
c2,basin,p[food]*0.149147966415,0,False,CONVERGED,CONVERGED,605,605,-,-,0.07348075544954016,0.07348076,145,145,0,0,Commons,Commons,Commons,Commons,0.0,0.0,4178.946937360076,4178.947,0.05925192144052863,0.05925192,109,109,0.27250274082012865,0.2725027,0.0,0.0,-,2.88658e-15,4001,142000,0,0,0,0,4001
c2,basin,p[food]*0.164435632973,0,False,CONVERGED,CONVERGED,600,600,-,-,0.09175118821741032,0.09175119,142,142,0,0,Commons,Commons,Commons,Commons,0.0,0.0,3921.7336289281748,3921.734,0.07582074691000448,0.07582075,104,104,0.2846964755890132,0.2846965,0.0,0.0,-,4.884981e-15,4001,142000,0,0,0,0,4001
c2,basin,p[food]*0.505067952996,0,False,CONVERGED,CONVERGED,532,532,-,-,0.45986767292151015,0.4598677,21,21,0,0,Commons,Commons,Commons,Commons,0.0,0.0,776.8164984451807,776.8165,0.33741672409734297,0.3374167,31,31,0.4590613807006112,0.4590614,0.0,0.0,-,5.107026e-15,4001,142000,0,0,0,0,4001
c2,basin,p[food]*0.19035479962,0,False,CONVERGED,CONVERGED,594,594,-,-,0.1191745970626745,0.1191746,136,136,0,0,Commons,Commons,Commons,Commons,0.0,0.0,3530.6420832813315,3530.642,0.10022009764046805,0.1002201,100,100,0.30460318171573764,0.3046032,0.0,0.0,-,5.107026e-15,4001,142000,0,0,0,0,4001
c2,basin,p[food]*0.128839621134,0,False,CONVERGED,CONVERGED,610,610,-,-,0.0561234102743839,0.05612341,149,149,0,0,Commons,Commons,Commons,Commons,0.0,0.0,4437.625700350486,4437.626,0.04453996293469359,0.04453996,112,112,0.2573935360496754,0.2573935,0.0,0.0,-,5.107026e-15,4001,142000,0,0,0,0,4001
c2,basin,p[food]*0.209866166581,0,False,CONVERGED,CONVERGED,589,589,-,-,0.14122872792873284,0.1412287,132,132,0,0,Commons,Commons,Commons,Commons,0.0,0.0,2577.438102617942,2577.438,0.12037064455956693,0.1203706,95,95,0.3199676262939292,0.3199676,0.0,0.0,-,4.662937e-15,4001,142000,0,0,0,0,4001
c2,basin,p[food]*0.199872539601,0,False,CONVERGED,CONVERGED,591,591,-,-,0.1298502319215088,0.1298502,134,134,0,0,Commons,Commons,Commons,Commons,0.0,0.0,3304.3513632160134,3304.351,0.10989961406006662,0.1098996,98,98,0.312159425705261,0.3121594,0.0,0.0,-,3.7747579999999994e-15,4001,142000,0,0,0,0,4001
c2,basin,p[food]*0.231377448656,0,False,CONVERGED,CONVERGED,584,584,-,-,0.1651414189793688,0.1651414,128,128,0,0,Commons,Commons,Commons,Commons,0.0,0.0,2340.5768195074634,2340.577,0.14357444757417315,0.1435744,90,90,0.33698794305415536,0.3369879,0.0,0.0,-,5.329071e-15,4001,142000,0,0,0,0,4001
c2,basin,p[food]*0.242946321089,0,False,CONVERGED,CONVERGED,582,582,-,-,0.1779831060049938,0.1779831,126,126,0,0,Commons,Commons,Commons,Commons,0.0,0.0,2232.1244937274882,2232.124,0.15609187627116083,0.1560919,87,87,0.34601950994746583,0.3460195,0.0,0.0,-,4.440892e-15,4001,142000,0,0,0,0,4001
c2,basin,p[food]*0.295302771698,0,False,CONVERGED,CONVERGED,570,570,-,-,0.23775975380345218,0.2377598,114,114,0,0,Commons,Commons,Commons,Commons,0.0,0.0,1720.4860175799556,1720.486,0.1981660699748504,0.1981661,73,73,0.38360555899697735,0.3836056,0.0,0.0,-,5.107026e-15,4001,142000,0,0,0,0,4001
c2,basin,p[food]*0.28124073495,0,False,CONVERGED,CONVERGED,573,573,-,-,0.221360427269905,0.2213604,118,118,0,0,Commons,Commons,Commons,Commons,0.0,0.0,1869.2111887915833,1869.211,0.19026275015011568,0.1902628,78,78,0.37445510329626147,0.3744551,0.0,0.0,-,4.662937e-15,4001,142000,0,0,0,0,4001
c2,basin,p[food]*0.255093637143,0,False,CONVERGED,CONVERGED,579,579,-,-,0.19156469695034065,0.1915647,124,124,0,0,Commons,Commons,Commons,Commons,0.0,0.0,2121.5367795740663,2121.537,0.1695984978811365,0.1695985,84,84,0.3553875559993198,0.3553876,0.0,0.0,-,4.218847e-15,4001,142000,0,0,0,0,4001
c2,basin,p[food]*0.341849871087,0,False,CONVERGED,CONVERGED,562,562,-,-,0.29079099857928575,0.290791,94,94,0,0,Commons,Commons,Commons,Commons,0.0,0.0,1235.1504877933091,1235.15,0.2257461669415974,0.2257462,64,64,0.40815531717489995,0.4081553,0.0,0.0,-,4.662937e-15,4001,142000,0,0,0,0,4001
c2,basin,p[food]*0.310067910283,0,False,CONVERGED,CONVERGED,567,567,-,-,0.25487093512343073,0.2548709,107,107,0,0,Commons,Commons,Commons,Commons,0.0,0.0,1542.0944228518244,1542.094,0.20677754838343965,0.2067775,70,70,0.3920302427875733,0.3920302,0.0,0.0,-,5.107026e-15,4001,142000,0,0,0,0,4001
c2,basin,p[food]*0.267848319,0,False,CONVERGED,CONVERGED,576,576,-,-,0.20598891991111046,0.2059889,121,121,0,0,Commons,Commons,Commons,Commons,0.0,0.0,2002.5444190952117,2002.544,0.18266380254434864,0.1826638,81,81,0.36487779478938553,0.3648778,0.0,0.0,-,5.995204e-15,4001,142000,0,0,0,0,4001
c2,basin,p[food]*0.376889482873,0,False,CONVERGED,CONVERGED,556,556,-,-,0.32886725880599776,0.3288673,72,72,0,0,Commons,Commons,Commons,Commons,0.0,0.0,1112.1010783069291,1112.101,0.24758511037052483,0.2475851,57,57,0.4243156749415938,0.4243157,0.0,0.0,-,4.662937e-15,4001,142000,0,0,0,0,4001
c2,basin,p[food]*0.395733957017,0,False,CONVERGED,CONVERGED,553,553,-,-,0.34876946311676027,0.3487695,67,67,0,0,Commons,Commons,Commons,Commons,0.0,0.0,1053.3441391836814,1053.344,0.2595507647956843,0.2595508,53,53,0.43178164710928546,0.4317816,0.0,0.0,-,3.996803e-15,4001,142000,0,0,0,0,4001
c2,basin,p[food]*0.358942364641,0,False,CONVERGED,CONVERGED,559,559,-,-,0.3089823791516043,0.3089824,85,85,0,0,Commons,Commons,Commons,Commons,0.0,0.0,1174.4710291097401,1174.471,0.23625096874897988,0.236251,61,61,0.416449949896699,0.4164499,0.0,0.0,-,5.77316e-15,4001,142000,0,0,0,0,4001
c2,basin,p[food]*3.22509994371,0,False,DIVERGED,DIVERGED,-,-,255,277,0.0,0.0,256,278,0,0,Commons,Commons,Commons,Commons,0.0,0.0,inf,inf,0.0,0.0,255,277,2.287815186470299e-07,7.244257e-08,0.0,0.0,-,inf,256,278,0,0,0,0,256
c2,basin,p[food]*3.73345632234,0,False,DIVERGED,DIVERGED,-,-,252,272,0.0,0.0,253,273,0,0,Commons,Commons,Commons,Commons,0.0,0.0,inf,inf,0.0,0.0,252,272,2.6741596005675375e-07,9.358445e-08,0.0,0.0,-,inf,253,273,0,0,0,0,253
c2,basin,p[food]*3.55567268794,0,False,DIVERGED,DIVERGED,-,-,253,275,0.0,0.0,254,276,0,0,Commons,Commons,Commons,Commons,0.0,0.0,inf,inf,0.0,0.0,253,275,2.539306109430769e-07,8.040897e-08,0.0,0.0,-,inf,254,276,0,0,0,0,254
c2,basin,p[food]*0.436296687611,0,False,CONVERGED,CONVERGED,546,546,-,-,0.3894144558063463,0.3894145,50,50,0,0,Commons,Commons,Commons,Commons,0.0,0.0,943.1110634502281,943.1111,0.2869455099258627,0.2869455,45,45,0.44529427757506257,0.4452943,0.0,0.0,-,5.329071e-15,4001,142000,0,0,0,0,4001
c2,basin,p[food]*3.3863549409,0,False,DIVERGED,DIVERGED,-,-,254,275,0.0,0.0,255,276,0,0,Commons,Commons,Commons,Commons,0.0,0.0,inf,inf,0.0,0.0,254,275,2.4104690431670244e-07,8.024247e-08,0.0,0.0,-,inf,255,276,0,0,0,0,255
c2,basin,p[food]*0.415520654867,0,False,CONVERGED,CONVERGED,550,550,-,-,0.36862661178541095,0.3686266,64,64,0,0,Commons,Commons,Commons,Commons,0.0,0.0,997.9710394305905,997.971,0.2726981922148343,0.2726982,49,49,0.43872542904722384,0.4387254,0.0,0.0,-,4.218847e-15,4001,142000,0,0,0,0,4001
c2,basin,p[food]*0.458111521991,0,False,CONVERGED,CONVERGED,542,542,-,-,0.41190552179042056,0.4119055,33,33,0,0,Commons,Commons,Commons,Commons,0.0,0.0,886.9612719722231,886.9613,0.3021410582276563,0.3021411,41,41,0.4504724011171255,0.4504724,0.0,0.0,-,5.329071e-15,4001,142000,0,0,0,0,4001
c2,basin,p[food]*3.92012913846,0,False,DIVERGED,DIVERGED,-,-,252,272,0.0,0.0,253,273,0,0,Commons,Commons,Commons,Commons,0.0,0.0,inf,inf,0.0,0.0,252,272,2.6807788495053053e-07,9.381613e-08,0.0,0.0,-,inf,253,273,0,0,0,0,253
c2,basin,p[food]*4.11613559538,0,False,DIVERGED,DIVERGED,-,-,251,273,0.0,0.0,252,274,0,0,Commons,Commons,Commons,Commons,0.0,0.0,inf,inf,0.0,0.0,251,273,2.8239285594894844e-07,8.942195e-08,0.0,0.0,-,inf,252,274,0,0,0,0,252
c2,basin,p[food]*4.32194237515,0,False,DIVERGED,DIVERGED,-,-,250,272,0.0,0.0,251,273,0,0,Commons,Commons,Commons,Commons,0.0,0.0,inf,inf,0.0,0.0,250,272,2.97422020695307e-07,9.418119e-08,0.0,0.0,-,inf,251,273,0,0,0,0,251
c2,basin,p[food]*4.53803949391,0,False,DIVERGED,DIVERGED,-,-,249,270,0.0,0.0,250,271,0,0,Commons,Commons,Commons,Commons,0.0,0.0,inf,inf,0.0,0.0,249,270,3.132686054412337e-07,1.042847e-07,0.0,0.0,-,inf,250,271,0,0,0,0,250
c2,basin,p[food]*4.7649414686,0,False,DIVERGED,DIVERGED,-,-,248,269,0.0,0.0,249,270,0,0,Commons,Commons,Commons,Commons,0.0,0.0,inf,inf,0.0,0.0,249,270,3.299016138682024e-07,1.098219e-07,0.0,0.0,-,inf,249,270,0,0,0,0,249
c2,basin,p[food]*0.613913253541,0,False,CONVERGED,CONVERGED,518,518,-,-,0.5695912777354932,0.5695913,0,0,0,0,Commons,Commons,Commons,Commons,0.0,0.0,562.8362319659885,562.8362,0.4302123750203193,0.4302124,0,0,0.54438401487982,0.544384,0.0,0.0,-,4.884981e-15,4001,142000,0,0,0,0,4001
c2,basin,p[food]*0.71068133013,0,False,CONVERGED,CONVERGED,508,508,-,-,0.6682319020661717,0.6682319,0,0,0,0,Commons,Commons,Commons,Commons,0.0,0.0,403.1200069094642,403.12,0.5310805202985256,0.5310805,0,0,0.7027528452951104,0.7027528,0.0,0.0,-,3.330669e-15,4001,142000,0,0,0,0,4001
c2,basin,p[food]*5.51601536759,0,False,DIVERGED,DIVERGED,-,-,245,266,0.0,0.0,246,267,0,0,Commons,Commons,Commons,Commons,0.0,0.0,inf,inf,0.0,0.0,246,267,3.851280961962171e-07,1.282068e-07,0.0,0.0,-,inf,246,267,0,0,0,0,246
c2,basin,p[food]*5.25334796914,0,False,DIVERGED,DIVERGED,-,-,246,267,0.0,0.0,247,268,0,0,Commons,Commons,Commons,Commons,0.0,0.0,inf,inf,0.0,0.0,247,268,3.6571237296014153e-07,1.217386e-07,0.0,0.0,-,inf,247,268,0,0,0,0,247
c2,basin,p[food]*5.00318854203,0,False,DIVERGED,DIVERGED,-,-,247,269,0.0,0.0,248,270,0,0,Commons,Commons,Commons,Commons,0.0,0.0,inf,inf,0.0,0.0,248,270,3.4742463187100873e-07,1.100154e-07,0.0,0.0,-,inf,248,270,0,0,0,0,248
c2,basin,p[food]*0.676839362029,0,False,CONVERGED,CONVERGED,513,513,-,-,0.6334866466186718,0.6334866,0,0,0,0,Commons,Commons,Commons,Commons,0.0,0.0,456.5163581823739,456.5164,0.49391941556610797,0.4939194,0,0,0.6526264403015138,0.6526264,0.0,0.0,-,5.995204e-15,4001,142000,0,0,0,0,4001
c2,basin,p[food]*0.584679289086,0,False,CONVERGED,CONVERGED,521,521,-,-,0.5403272946669916,0.5403273,0,0,0,0,Commons,Commons,Commons,Commons,0.0,0.0,615.5802217938159,615.5802,0.4037427903541745,0.4037428,0,0,0.4859887448125161,0.4859887,0.0,0.0,-,4.662937e-15,4001,142000,0,0,0,0,4001
c2,basin,p[food]*0.481017098091,0,False,CONVERGED,CONVERGED,537,537,-,-,0.435372348518635,0.4353723,27,27,0,0,Commons,Commons,Commons,Commons,0.0,0.0,831.5536404238824,831.5536,0.3189483242814212,0.3189483,36,36,0.45496136536136134,0.4549614,0.0,0.0,-,4.884981e-15,4001,142000,0,0,0,0,4001
c2,basin,p[food]*6.7047511544,0,False,DIVERGED,DIVERGED,-,-,241,262,0.0,0.0,242,263,0,0,Commons,Commons,Commons,Commons,0.0,0.0,inf,inf,0.0,0.0,242,263,4.7295970145153145e-07,1.574461e-07,0.0,0.0,-,inf,242,263,0,0,0,0,242
c2,basin,p[food]*5.79181613597,0,False,DIVERGED,DIVERGED,-,-,244,264,0.0,0.0,245,265,0,0,Commons,Commons,Commons,Commons,0.0,0.0,inf,inf,0.0,0.0,245,265,4.055063303140526e-07,1.419117e-07,0.0,0.0,-,inf,245,265,0,0,0,0,245
c2,basin,p[food]*6.38547728991,0,False,DIVERGED,DIVERGED,-,-,242,263,0.0,0.0,243,264,0,0,Commons,Commons,Commons,Commons,0.0,0.0,inf,inf,0.0,0.0,243,264,4.4939364106715473e-07,1.496022e-07,0.0,0.0,-,inf,243,264,0,0,0,0,243
c2,basin,p[food]*0.530321350645,0,False,CONVERGED,CONVERGED,528,528,-,-,0.4855432597164105,0.4855433,10,10,0,0,Commons,Commons,Commons,Commons,0.0,0.0,722.4868917878731,722.4869,0.3572746840677856,0.3572747,25,25,0.4626545386130232,0.4626545,0.0,0.0,-,5.329071e-15,4001,142000,0,0,0,0,4001
c2,basin,p[food]*6.08140694277,0,False,DIVERGED,DIVERGED,-,-,243,265,0.0,0.0,244,266,0,0,Commons,Commons,Commons,Commons,0.0,0.0,inf,inf,0.0,0.0,244,266,4.2688925309453827e-07,1.351795e-07,0.0,0.0,-,inf,244,266,0,0,0,0,244
c2,basin,p[food]*0.746215396637,0,False,CONVERGED,CONVERGED,487,487,-,-,0.7053347097505391,0.7053347,0,0,0,0,Commons,Commons,Commons,Commons,0.0,0.0,349.08282323179753,349.0828,0.5734961793987547,0.5734962,0,0,0.7497149582707089,0.749715,0.0,0.0,-,1.8873789999999997e-15,4001,142000,0,0,0,0,4001
c2,basin,p[food]*7.03998871212,0,False,DIVERGED,DIVERGED,-,-,240,261,0.0,0.0,241,262,0,0,Commons,Commons,Commons,Commons,0.0,0.0,inf,inf,0.0,0.0,241,262,4.977899485007749e-07,1.657116e-07,0.0,0.0,-,inf,241,262,0,0,0,0,241
c2,basin,p[food]*0.644608916218,0,False,CONVERGED,CONVERGED,516,516,-,-,0.6005470970976758,0.6005471,0,0,0,0,Commons,Commons,Commons,Commons,0.0,0.0,509.91421073293264,509.9142,0.4600904029933863,0.4600904,0,0,0.5996698440463235,0.5996698,0.0,0.0,-,5.995204e-15,4001,142000,0,0,0,0,4001
c2,basin,p[food]*0.556837418178,0,False,CONVERGED,CONVERGED,524,524,-,-,0.5122508554701046,0.5122509,0,0,0,0,Commons,Commons,Commons,Commons,0.0,0.0,668.940821839916,668.9408,0.3792572222265945,0.3792572,16,16,0.4670322226566897,0.4670322,0.0,0.0,-,5.329071e-15,4001,142000,0,0,0,0,4001
c2,basin,p[mach]*0.1420456823,0,False,DIVERGED,DIVERGED,-,-,280,280,0.0,0.0,280,280,0,0,Commons,Commons,Commons,Commons,0.0,0.0,inf,inf,0.0,0.0,268,268,6.493581180205469e-08,6.180472e-08,0.0,0.0,-,inf,281,281,0,0,0,0,281
c2,basin,p[food]*7.76158755512,0,False,DIVERGED,DIVERGED,-,-,238,258,0.0,0.0,239,259,0,0,Commons,Commons,Commons,Commons,0.0,0.0,inf,inf,0.0,0.0,239,259,5.515744952015726e-07,1.930313e-07,0.0,0.0,-,inf,239,259,0,0,0,0,239
c2,basin,p[mach]*0.128839621134,0,False,DIVERGED,DIVERGED,-,-,280,280,0.0,0.0,280,280,0,0,Commons,Commons,Commons,Commons,0.0,0.0,inf,inf,0.0,0.0,268,268,5.3716084787191045e-08,5.109366e-08,0.0,0.0,-,inf,281,281,0,0,0,0,281
c2,basin,p[food]*7.39198814773,0,False,DIVERGED,DIVERGED,-,-,239,259,0.0,0.0,240,260,0,0,Commons,Commons,Commons,Commons,0.0,0.0,inf,inf,0.0,0.0,240,260,5.240615930708619e-07,1.834026e-07,0.0,0.0,-,inf,240,260,0,0,0,0,240
c2,basin,p[mach]*0.135281602191,0,False,DIVERGED,DIVERGED,-,-,280,280,0.0,0.0,280,280,0,0,Commons,Commons,Commons,Commons,0.0,0.0,inf,inf,0.0,0.0,268,268,6.010145575621136e-08,5.715354e-08,0.0,0.0,-,inf,281,281,0,0,0,0,281
c2,basin,p[mach]*0.12270440108,0,False,DIVERGED,DIVERGED,-,-,280,280,0.0,0.0,280,280,0,0,Commons,Commons,Commons,Commons,0.0,0.0,inf,inf,0.0,0.0,268,268,4.574501328716475e-08,4.343704e-08,0.0,0.0,-,inf,281,281,0,0,0,0,281
c2,basin,p[food]*8.14966693287,0,False,DIVERGED,DIVERGED,-,-,237,260,0.0,0.0,238,261,0,0,Commons,Commons,Commons,Commons,0.0,0.0,inf,inf,0.0,0.0,238,261,5.80374259367643e-07,1.748211e-07,0.0,0.0,-,inf,238,261,0,0,0,0,238
c2,basin,p[mach]*0.156605364736,0,False,DIVERGED,DIVERGED,-,-,280,280,0.0,0.0,280,280,0,0,Commons,Commons,Commons,Commons,0.0,0.0,inf,inf,0.0,0.0,268,268,9.146943433168349e-08,8.709957e-08,0.0,0.0,-,inf,281,281,0,0,0,0,281
c2,basin,p[mach]*0.149147966415,0,False,DIVERGED,DIVERGED,-,-,280,280,0.0,0.0,280,280,0,0,Commons,Commons,Commons,Commons,0.0,0.0,inf,inf,0.0,0.0,268,268,7.51733989444724e-08,7.148702e-08,0.0,0.0,-,inf,281,281,0,0,0,0,281
c2,basin,p[food]*0.822702474792,0,False,CONVERGED,CONVERGED,364,364,-,-,0.7879432119972162,0.7879432,0,0,0,0,Commons,Commons,Commons,Commons,0.0,0.0,238.32925771451687,238.3293,0.6769949868487494,0.676995,0,0,0.8343357599547541,0.8343358,0.0,0.0,-,1.9984009999999997e-15,4001,142000,0,0,0,0,4001
c2,basin,p[mach]*0.164435632973,0,False,DIVERGED,DIVERGED,-,-,281,281,0.0,0.0,281,281,0,0,Commons,Commons,Commons,Commons,0.0,0.0,inf,inf,0.0,0.0,269,269,1.0552946762761293e-07,9.862176e-08,0.0,0.0,-,inf,282,282,0,0,0,0,282
c2,basin,p[mach]*0.181290285353,0,False,DIVERGED,DIVERGED,-,-,281,281,0.0,0.0,280,280,0,0,Commons,Commons,Commons,Commons,0.0,0.0,inf,inf,0.0,0.0,268,268,1.4104459230691496e-07,1.406308e-07,0.0,0.0,-,inf,282,282,0,0,0,0,282
c2,basin,p[mach]*0.231377448656,0,False,DIVERGED,DIVERGED,-,-,282,282,0.0,0.0,280,280,0,0,Commons,Commons,Commons,Commons,0.0,0.0,inf,inf,0.0,0.0,269,269,4.296167683121986e-07,4.43977e-07,0.0,0.0,-,inf,283,283,0,0,0,0,283
c2,basin,p[mach]*0.199872539601,0,False,DIVERGED,DIVERGED,-,-,281,281,0.0,0.0,279,279,0,0,Commons,Commons,Commons,Commons,0.0,0.0,inf,inf,0.0,0.0,268,268,2.171689134146297e-07,2.172909e-07,0.0,0.0,-,inf,282,282,0,0,0,0,282
c2,basin,p[mach]*0.22035947491,0,False,DIVERGED,DIVERGED,-,-,282,282,0.0,0.0,280,280,0,0,Commons,Commons,Commons,Commons,0.0,0.0,inf,inf,0.0,0.0,269,269,3.3034857022736137e-07,3.445953e-07,0.0,0.0,-,inf,283,283,0,0,0,0,283
c2,basin,p[mach]*0.255093637143,0,False,DIVERGED,DIVERGED,-,-,283,283,0.0,0.0,281,281,0,0,Commons,Commons,Commons,Commons,0.0,0.0,inf,inf,0.0,0.0,270,270,7.64593324874241e-07,7.428305e-07,0.0,0.0,-,inf,284,284,0,0,0,0,284
c2,basin,p[mach]*0.19035479962,0,False,DIVERGED,DIVERGED,-,-,281,281,0.0,0.0,280,280,0,0,Commons,Commons,Commons,Commons,0.0,0.0,inf,inf,0.0,0.0,268,268,1.8163134460990705e-07,1.717494e-07,0.0,0.0,-,inf,282,282,0,0,0,0,282
c2,basin,p[food]*0.783526166468,0,False,CONVERGED,CONVERGED,370,370,-,-,0.7453974245524091,0.7453974,0,0,0,0,Commons,Commons,Commons,Commons,0.0,0.0,293.8377470644812,293.8377,0.6220483288249963,0.6220483,0,0,0.7940344860255227,0.7940345,0.0,0.0,-,2.442491e-15,4001,142000,0,0,0,0,4001
c2,basin,p[mach]*0.209866166581,0,False,DIVERGED,DIVERGED,-,-,282,282,0.0,0.0,280,280,0,0,Commons,Commons,Commons,Commons,0.0,0.0,inf,inf,0.0,0.0,269,269,2.718423293774484e-07,2.292308e-07,0.0,0.0,-,inf,283,283,0,0,0,0,283
c2,basin,p[mach]*0.172657414622,0,False,DIVERGED,DIVERGED,-,-,281,281,0.0,0.0,280,280,0,0,Commons,Commons,Commons,Commons,0.0,0.0,inf,inf,0.0,0.0,268,268,1.1526598446758135e-07,1.095547e-07,0.0,0.0,-,inf,282,282,0,0,0,0,282
c2,basin,p[mach]*0.242946321089,0,False,DIVERGED,DIVERGED,-,-,282,282,0.0,0.0,280,280,0,0,Commons,Commons,Commons,Commons,0.0,0.0,inf,inf,0.0,0.0,269,269,5.557774578248446e-07,6.319662e-07,0.0,0.0,-,inf,283,283,0,0,0,0,283
c2,basin,p[mach]*0.28124073495,0,False,DIVERGED,DIVERGED,-,-,284,284,0.0,0.0,281,281,0,0,Commons,Commons,Commons,Commons,0.0,0.0,inf,inf,0.0,0.0,270,270,2.224651564570017e-06,1.789692e-06,0.0,0.0,-,inf,285,285,0,0,0,0,285
c2,basin,p[mach]*0.310067910283,0,False,DIVERGED,DIVERGED,-,-,287,288,0.0,0.0,283,284,0,0,Commons,Commons,Commons,Commons,0.0,0.0,inf,inf,0.0,0.0,273,274,6.5161310017190305e-06,7.562072e-06,0.0,0.0,-,inf,288,289,0,0,0,0,288
c2,basin,p[mach]*0.341849871087,0,False,DIVERGED,DIVERGED,-,-,293,293,0.0,0.0,288,288,0,0,Commons,Commons,Commons,Commons,0.0,0.0,inf,inf,0.0,0.0,279,279,1.7316318505662642e-05,1.647356e-05,0.0,0.0,-,inf,294,294,0,0,0,0,294
c2,basin,p[food]*0.952380952381,0,False,CONVERGED,CONVERGED,314,314,-,-,0.9392536579194288,0.9392537,0,0,0,0,Commons,Commons,Commons,Commons,0.0,0.0,62.669700024671855,62.6697,0.8986968167095472,0.8986968,0,0,0.9529829164009186,0.9529829,0.0,0.0,-,3.996803e-15,4001,142000,0,0,0,0,4001
c2,basin,p[food]*0.863837598531,0,False,CONVERGED,CONVERGED,342,342,-,-,0.8341441021643475,0.8341441,0,0,0,0,Commons,Commons,Commons,Commons,0.0,0.0,181.34910717916898,181.3491,0.7397319281821707,0.7397319,0,0,0.8705580933051327,0.8705581,0.0,0.0,-,3.996803e-15,4001,142000,0,0,0,0,4001
c2,basin,p[mach]*0.267848319,0,False,DIVERGED,DIVERGED,-,-,283,283,0.0,0.0,280,280,0,0,Commons,Commons,Commons,Commons,0.0,0.0,inf,inf,0.0,0.0,269,269,1.3712696026008252e-06,1.282708e-06,0.0,0.0,-,inf,284,284,0,0,0,0,284
c2,basin,p[mach]*0.325571305797,0,False,DIVERGED,DIVERGED,-,-,290,290,0.0,0.0,285,285,0,0,Commons,Commons,Commons,Commons,0.0,0.0,inf,inf,0.0,0.0,276,276,1.79413767263732e-05,1.793122e-05,0.0,0.0,-,inf,291,291,0,0,0,0,291
c2,basin,p[mach]*0.295302771698,0,False,DIVERGED,DIVERGED,-,-,285,285,0.0,0.0,281,281,0,0,Commons,Commons,Commons,Commons,0.0,0.0,inf,inf,0.0,0.0,271,271,3.882080630021086e-06,3.713145e-06,0.0,0.0,-,inf,286,286,0,0,0,0,286
c2,basin,p[food]*1.21550625,0,False,CONVERGED,CONVERGED,327,327,-,-,0.7749097767740216,0.7749098,0,0,0,0,Commons,Commons,Commons,Commons,0.0,0.0,255.0086734715612,255.0087,0.7894338115692442,0.7894338,0,0,0.7782235791052293,0.7782236,0.0,0.0,-,3.7747579999999994e-15,4001,142000,0,0,0,0,4001
c2,basin,p[food]*0.907029478458,0,False,CONVERGED,CONVERGED,330,330,-,-,0.8841155673166251,0.8841156,0,0,0,0,Commons,Commons,Commons,Commons,0.0,0.0,123.1674926305852,123.1675,0.8129772831081731,0.8129773,0,0,0.9099245415823309,0.9099245,0.0,0.0,-,4.884981e-15,4001,142000,0,0,0,0,4001
c2,basin,p[food]*1.40710042266,0,False,CONVERGED,CONVERGED,338,338,-,-,0.605480851309239,0.6054809,0,0,0,0,Commons,Commons,Commons,Commons,0.0,0.0,501.73234108156163,501.7323,0.6255463884516144,0.6255464,0,0,0.6139044465250448,0.6139044,0.0,0.0,-,4.440892e-15,4001,142000,0,0,0,0,4001
c2,basin,p[food]*1.05,0,False,CONVERGED,CONVERGED,297,297,-,-,0.9439532466090912,0.9439532,0,0,0,0,Commons,Commons,Commons,Commons,0.0,0.0,57.67864096028291,57.67864,0.9483155338129626,0.9483155,0,0,0.94875892043813,0.9487589,0.0,0.0,-,4.440892e-15,4001,142000,0,0,0,0,4001
c2,basin,p[food]*1.2762815625,0,False,CONVERGED,CONVERGED,333,333,-,-,0.7184153929371738,0.7184154,0,0,0,0,Commons,Commons,Commons,Commons,0.0,0.0,330.7073355294114,330.7073,0.7353115123910746,0.7353115,0,0,0.7475688856265331,0.7475689,0.0,0.0,-,3.330669e-15,4001,142000,0,0,0,0,4001
c2,basin,p[food]*1.1025,0,False,CONVERGED,CONVERGED,312,312,-,-,0.8877249387330918,0.8877249,0,0,0,0,Commons,Commons,Commons,Commons,0.0,0.0,119.09333765249761,119.0933,0.895970944276121,0.8959709,0,0,0.8936841672696557,0.8936842,0.0,0.0,-,5.551115e-15,4001,142000,0,0,0,0,4001
c2,basin,p[food]*1.97993159944,0,False,CONVERGED,CONVERGED,494,494,-,-,0.2147238737610619,0.2147239,29,29,0,0,Commons,Commons,Commons,Commons,0.0,0.0,1538.4023843730045,1538.402,0.23087517469133292,0.2308752,39,39,0.41813541111269364,0.4181354,0.0,0.0,-,4.440892e-15,4001,142000,0,0,0,0,4001
c2,basin,p[food]*1.157625,0,False,CONVERGED,CONVERGED,318,318,-,-,0.8313616492516981,0.8313616,0,0,0,0,Commons,Commons,Commons,Commons,0.0,0.0,184.69038114224915,184.6904,0.8429989252974901,0.8429989,0,0,0.8344585597910248,0.8344586,0.0,0.0,-,4.440892e-15,4001,142000,0,0,0,0,4001
c2,basin,p[food]*1.34009564063,0,False,CONVERGED,CONVERGED,337,337,-,-,0.6619240931894015,0.6619241,0,0,0,0,Commons,Commons,Commons,Commons,0.0,0.0,412.6043924753058,412.6044,0.6806694338258423,0.6806694,0,0,0.6893757118556062,0.6893757,0.0,0.0,-,3.7747579999999994e-15,4001,142000,0,0,0,0,4001
c2,basin,p[food]*1.55132821598,0,False,CONVERGED,CONVERGED,475,475,-,-,0.49291448149530903,0.4929145,1,1,0,0,Commons,Commons,Commons,Commons,0.0,0.0,707.4195855130881,707.4196,0.5140190460170198,0.514019,12,12,0.4650578354449438,0.4650578,0.0,0.0,-,2.442491e-15,4001,142000,0,0,0,0,4001
c2,basin,p[food]*1.62889462678,0,False,CONVERGED,CONVERGED,481,481,-,-,0.4368769364757285,0.4368769,2,2,0,0,Commons,Commons,Commons,Commons,0.0,0.0,828.1037334414174,828.1037,0.4576984070956898,0.4576984,20,20,0.4558805954628758,0.4558806,0.0,0.0,-,2.664535e-15,4001,142000,0,0,0,0,4001
c2,basin,p[food]*1.88564914232,0,False,CONVERGED,CONVERGED,491,491,-,-,0.26918584376464305,0.2691858,27,27,0,0,Commons,Commons,Commons,Commons,0.0,0.0,1312.3532689068916,1312.353,0.28803113987140194,0.2880311,34,34,0.4285868698315062,0.4285869,0.0,0.0,-,6.661338e-15,4001,142000,0,0,0,0,4001
c2,basin,p[food]*2.07892817941,0,False,CONVERGED,CONVERGED,497,497,-,-,0.16050895019564937,0.160509,30,30,0,0,Commons,Commons,Commons,Commons,0.0,0.0,1829.4055735079712,1829.406,0.1734091547347461,0.1734092,42,42,0.40652568218462265,0.4065257,0.0,0.0,-,4.884981e-15,4001,142000,0,0,0,0,4001
c2,basin,p[food]*1.47745544379,0,False,CONVERGED,CONVERGED,454,454,-,-,0.5491298776929628,0.5491299,0,0,0,0,Commons,Commons,Commons,Commons,0.0,0.0,599.4202940614731,599.4203,0.5699824919491566,0.5699825,0,0,0.5241614554221884,0.5241615,0.0,0.0,-,2.88658e-15,4001,142000,0,0,0,0,4001
c2,basin,p[food]*1.79585632602,0,False,CONVERGED,CONVERGED,488,488,-,-,0.3238668166249685,0.3238668,25,25,0,0,Commons,Commons,Commons,Commons,0.0,0.0,1127.4229074975265,1127.423,0.3448357115418714,0.3448357,29,29,0.43827699012713967,0.438277,0.0,0.0,-,5.995204e-15,4001,142000,0,0,0,0,4001
c2,basin,p[food]*2.18287458838,0,False,CONVERGED,CONVERGED,499,499,-,-,0.10656793942785303,0.1065679,31,31,0,0,Commons,Commons,Commons,Commons,0.0,0.0,2238.972568322775,2238.973,0.11567499387048873,0.115675,47,47,0.39351937129726666,0.3935194,0.0,0.0,-,5.995204e-15,4001,142000,0,0,0,0,4001
c2,basin,p[food]*1.71033935812,0,False,CONVERGED,CONVERGED,484,484,-,-,0.3787376258432785,0.3787376,11,11,0,0,Commons,Commons,Commons,Commons,0.0,0.0,970.911593733117,970.9116,0.40124831004097555,0.4012483,24,24,0.4472948380620475,0.4472948,0.0,0.0,-,5.329071e-15,4001,142000,0,0,0,0,4001
c2,basin,p[food]*2.65329770514,0,False,CONVERGED,CONVERGED,514,514,-,-,0.0,0.0,48,48,0,0,Commons,Commons,Commons,Commons,0.0,0.0,inf,inf,0.0,0.0,66,66,0.33335814001702824,0.3333581,0.0,0.0,-,3.552714e-15,4001,142000,0,0,0,0,4001
c2,basin,p[food]*2.40661923369,0,False,CONVERGED,CONVERGED,507,507,-,-,0.0,0.0,38,38,0,0,Commons,Commons,Commons,Commons,0.0,0.0,inf,inf,0.0,0.0,57,57,0.3636672368782089,0.3636672,0.0,0.0,-,5.329071e-15,4001,142000,0,0,0,0,4001
c2,basin,p[food]*2.52695019538,0,False,CONVERGED,CONVERGED,510,510,-,-,0.0,0.0,42,42,0,0,Commons,Commons,Commons,Commons,0.0,0.0,inf,inf,0.0,0.0,61,61,0.3492560809766756,0.3492561,0.0,0.0,-,5.329071e-15,4001,142000,0,0,0,0,4001
c2,basin,p[food]*2.2920183178,0,False,CONVERGED,CONVERGED,503,503,-,-,0.052926472148415324,0.05292647,34,34,0,0,Commons,Commons,Commons,Commons,0.0,0.0,2938.851646600958,2938.852,0.057714980447834054,0.05771498,51,51,0.3792853450296318,0.3792853,0.0,0.0,-,4.884981e-15,4001,142000,0,0,0,0,4001
c2,basin,p[food]*2.7859625904,0,False,CONVERGED,CONVERGED,517,517,-,-,0.0,0.0,57,57,0,0,Commons,Commons,Commons,Commons,0.0,0.0,inf,inf,0.0,0.0,70,70,0.3155542452148258,0.3155542,0.0,0.0,-,4.218847e-15,4001,142000,0,0,0,0,4001
c2,basin,p[food]*3.07152375592,0,False,CONVERGED,CONVERGED,522,522,-,-,0.0,0.0,66,66,0,0,Commons,Commons,Commons,Commons,0.0,0.0,inf,inf,0.0,0.0,77,77,0.2817683370547245,0.2817683,0.0,0.0,-,4.884981e-15,4001,142000,0,0,0,0,4001
c2,basin,p[mach]*0.530321350645,0,False,CONVERGED,CONVERGED,604,604,-,-,0.0545207877164687,0.05452079,141,141,0,0,Commons,Commons,Commons,Commons,0.0,0.0,6300.0,6300.0,0.09579593841032813,0.09579594,145,145,0.17742532919137835,0.1774253,0.0,0.0,-,4.218847e-15,4001,142000,0,0,0,0,4001
c2,basin,p[food]*2.92526071992,0,False,CONVERGED,CONVERGED,520,520,-,-,0.0,0.0,62,62,0,0,Commons,Commons,Commons,Commons,0.0,0.0,inf,inf,0.0,0.0,74,74,0.29874079619653116,0.2987408,0.0,0.0,-,5.551115e-15,4001,142000,0,0,0,0,4001
c2,basin,p[mach]*1.1025,0,False,CONVERGED,CONVERGED,319,319,-,-,0.7632636634439609,0.7632637,0,0,0,0,Commons,Commons,Commons,Commons,0.0,0.0,270.15174586480686,270.1517,0.706855375104667,0.7068554,0,0,0.7169300470611552,0.71693,0.0,0.0,-,2.331468e-15,4001,142000,0,0,0,0,4001
c2,basin,p[mach]*0.358942364641,0,False,CONVERGED,CONVERGED,776,776,-,-,0.008136293640544544,0.008136294,198,198,0,0,Commons,Commons,Commons,Commons,0.0,0.0,10500.0,10500.0,0.01579798061731516,0.01579798,219,219,0.06104731601688979,0.06104732,0.0,0.0,-,3.552714e-15,4001,142000,0,0,0,0,4001
c2,basin,p[mach]*0.556837418178,0,False,CONVERGED,CONVERGED,595,595,-,-,0.07120635055191313,0.07120635,135,135,0,0,Commons,Commons,Commons,Commons,0.0,0.0,5645.607906979884,5645.608,0.11507172819801485,0.1150717,136,136,0.20142513574809218,0.2014251,0.0,0.0,-,2.88658e-15,4001,142000,0,0,0,0,4001
c2,basin,p[mach]*0.613913253541,0,False,CONVERGED,CONVERGED,580,580,-,-,0.12093660689709154,0.1209366,121,121,0,0,Commons,Commons,Commons,Commons,0.0,0.0,3072.1020991689234,3072.102,0.1702159550305939,0.170216,117,117,0.24911181203156105,0.2491118,0.0,0.0,-,2.664535e-15,4001,142000,0,0,0,0,4001
c2,basin,p[mach]*0.376889482873,0,False,CONVERGED,CONVERGED,654,654,-,-,0.010225837358843727,0.01022584,187,187,0,0,Commons,Commons,Commons,Commons,0.0,0.0,9750.0,9750.0,0.023278460053708906,0.02327846,205,205,0.06998259388976528,0.06998259,0.0,0.0,-,3.330669e-15,4001,142000,0,0,0,0,4001
c2,basin,p[mach]*0.415520654867,0,False,CONVERGED,CONVERGED,641,641,-,-,0.016206774988789797,0.01620677,169,169,0,0,Commons,Commons,Commons,Commons,0.0,0.0,8600.0,8600.0,0.041496953257393374,0.04149695,185,185,0.0916078989150769,0.0916079,0.0,0.0,-,4.440892e-15,4001,142000,0,0,0,0,4001
c2,basin,p[mach]*1.21550625,0,False,CONVERGED,CONVERGED,472,472,-,-,0.6023207421634726,0.6023207,0,0,0,0,Commons,Commons,Commons,Commons,0.0,0.0,506.9651812663173,506.9652,0.5309775653713352,0.5309776,5,5,0.4346144174704372,0.4346144,0.0,0.0,-,4.662937e-15,4001,142000,0,0,0,0,4001
c2,basin,p[mach]*0.783526166468,0,False,CONVERGED,CONVERGED,548,548,-,-,0.2996403939471576,0.2996404,80,80,0,0,Commons,Commons,Commons,Commons,0.0,0.0,1233.4522991390088,1233.452,0.4004296076852955,0.4004296,71,71,0.36623309430503537,0.3662331,0.0,0.0,-,5.107026e-15,4001,142000,0,0,0,0,4001
c2,basin,p[mach]*0.436296687611,0,False,CONVERGED,CONVERGED,633,633,-,-,0.020475769953759167,0.02047577,164,164,0,0,Commons,Commons,Commons,Commons,0.0,0.0,8099.999999999999,8100.0,0.04931164463248135,0.04931164,177,177,0.1047259301988314,0.1047259,0.0,0.0,-,3.996803e-15,4001,142000,0,0,0,0,4001
c2,basin,p[mach]*0.71068133013,0,False,CONVERGED,CONVERGED,561,561,-,-,0.21339769752459267,0.2133977,100,100,0,0,Commons,Commons,Commons,Commons,0.0,0.0,1639.9242987049206,1639.924,0.29229763900700023,0.2922976,89,89,0.3140187975102373,0.3140188,0.0,0.0,-,3.996803e-15,4001,142000,0,0,0,0,4001
c2,basin,p[mach]*0.746215396637,0,False,CONVERGED,CONVERGED,555,555,-,-,0.24824352134878203,0.2482435,92,92,0,0,Commons,Commons,Commons,Commons,0.0,0.0,1437.249103030652,1437.249,0.3396866481739039,0.3396866,81,81,0.33929338990270397,0.3392934,0.0,0.0,-,3.552714e-15,4001,142000,0,0,0,0,4001
c2,basin,p[mach]*0.907029478458,0,False,CONVERGED,CONVERGED,516,516,-,-,0.610141586438488,0.6101416,0,0,0,0,Commons,Commons,Commons,Commons,0.0,0.0,524.1125688953658,524.1126,0.6668198559017553,0.6668199,27,27,0.4381589555380935,0.438159,0.0,0.0,-,6.217249e-15,4001,142000,0,0,0,0,4001
c2,basin,p[mach]*0.395733957017,0,False,CONVERGED,CONVERGED,646,646,-,-,0.012862273862330595,0.01286227,177,177,0,0,Commons,Commons,Commons,Commons,0.0,0.0,9150.0,9150.0,0.033156330045245076,0.03315633,195,195,0.08010334089632919,0.08010334,0.0,0.0,-,3.996803e-15,4001,142000,0,0,0,0,4001
c2,basin,p[mach]*0.505067952996,0,False,CONVERGED,CONVERGED,611,611,-,-,0.04234423785291269,0.04234424,147,147,0,0,Commons,Commons,Commons,Commons,0.0,0.0,6750.0,6750.0,0.08081033593790103,0.08081034,152,152,0.1558024623879879,0.1558025,0.0,0.0,-,3.885781e-15,4001,142000,0,0,0,0,4001
c2,basin,p[mach]*0.952380952381,0,False,CONVERGED,CONVERGED,486,486,-,-,0.7823792948525548,0.7823793,0,0,0,0,Commons,Commons,Commons,Commons,0.0,0.0,272.70127401935326,272.7013,0.774210772505815,0.7742108,0,0,0.607794000364488,0.607794,0.0,0.0,-,2.88658e-15,4001,142000,0,0,0,0,4001
c2,basin,p[mach]*0.481017098091,0,False,CONVERGED,CONVERGED,618,618,-,-,0.03306402570206651,0.03306403,153,153,0,0,Commons,Commons,Commons,Commons,0.0,0.0,7200.0,7200.0,0.06851679831794122,0.0685168,160,160,0.13653431789324744,0.1365343,0.0,0.0,-,4.662937e-15,4001,142000,0,0,0,0,4001
c2,basin,p[mach]*0.458111521991,0,False,CONVERGED,CONVERGED,625,625,-,-,0.025961350483271216,0.02596135,158,158,0,0,Commons,Commons,Commons,Commons,0.0,0.0,7649.999999999999,7650.0,0.05818364592033095,0.05818365,168,168,0.11961794463608577,0.1196179,0.0,0.0,-,4.662937e-15,4001,142000,0,0,0,0,4001
c2,basin,p[mach]*0.822702474792,0,False,CONVERGED,CONVERGED,540,540,-,-,0.37423822405086743,0.3742382,51,51,0,0,Commons,Commons,Commons,Commons,0.0,0.0,1002.9698580493247,1002.97,0.47812380195536114,0.4781238,59,59,0.3944594266904813,0.3944594,0.0,0.0,-,5.107026e-15,4001,142000,0,0,0,0,4001
c2,basin,p[mach]*1.05,0,False,CONVERGED,CONVERGED,299,299,-,-,0.869921132686849,0.8699211,0,0,0,0,Commons,Commons,Commons,Commons,0.0,0.0,139.35272352673775,139.3527,0.8333955625575938,0.8333956,0,0,0.8613704344809332,0.8613704,0.0,0.0,-,3.7747579999999994e-15,4001,142000,0,0,0,0,4001
c2,basin,p[mach]*0.584679289086,0,False,CONVERGED,CONVERGED,587,587,-,-,0.09331491264381435,0.09331491,128,128,0,0,Commons,Commons,Commons,Commons,0.0,0.0,3882.120653855685,3882.121,0.1397674713489149,0.1397675,127,127,0.22581533779334687,0.2258153,0.0,0.0,-,1.9984009999999997e-15,4001,142000,0,0,0,0,4001
c2,basin,p[mach]*0.863837598531,0,False,CONVERGED,CONVERGED,530,530,-,-,0.4767737985657894,0.4767738,11,11,0,0,Commons,Commons,Commons,Commons,0.0,0.0,753.0898504533353,753.0899,0.575025694833298,0.5750257,44,44,0.42218450598775825,0.4221845,0.0,0.0,-,4.440892e-15,4001,142000,0,0,0,0,4001
c2,basin,p[mach]*0.644608916218,0,False,CONVERGED,CONVERGED,573,573,-,-,0.15359301245701093,0.153593,113,113,0,0,Commons,Commons,Commons,Commons,0.0,0.0,2490.1204264357707,2490.12,0.2065194232702744,0.2065194,108,108,0.27001836688148717,0.2700184,0.0,0.0,-,5.329071e-15,4001,142000,0,0,0,0,4001
c2,basin,p[mach]*0.676839362029,0,False,CONVERGED,CONVERGED,567,567,-,-,0.18700972270789357,0.1870097,106,106,0,0,Commons,Commons,Commons,Commons,0.0,0.0,1947.1412486061838,1947.141,0.2485348857874025,0.2485349,98,98,0.2909283936364582,0.2909284,0.0,0.0,-,4.440892e-15,4001,142000,0,0,0,0,4001
c2,basin,p[mach]*1.157625,0,False,CONVERGED,CONVERGED,443,443,-,-,0.6751620948237603,0.6751621,0,0,0,0,Commons,Commons,Commons,Commons,0.0,0.0,392.8024764590722,392.8025,0.6091715117474887,0.6091715,0,0,0.5656247431028686,0.5656247,0.0,0.0,-,3.552714e-15,4001,142000,0,0,0,0,4001
c2,basin,p[mach]*1.47745544379,0,False,CONVERGED,CONVERGED,491,491,-,-,0.41007221449539416,0.4100722,12,12,0,0,Commons,Commons,Commons,Commons,0.0,0.0,894.8407727299111,894.8408,0.34167151501971427,0.3416715,29,29,0.35241001851055026,0.35241,0.0,0.0,-,4.440892e-15,4001,142000,0,0,0,0,4001
c2,basin,p[mach]*1.34009564063,0,False,CONVERGED,CONVERGED,484,484,-,-,0.4905708328190591,0.4905708,4,4,0,0,Commons,Commons,Commons,Commons,0.0,0.0,714.7635598242981,714.7636,0.41791001998693655,0.41791,19,19,0.38140588697688055,0.3814059,0.0,0.0,-,4.440892e-15,4001,142000,0,0,0,0,4001
c2,basin,p[mach]*1.2762815625,0,False,CONVERGED,CONVERGED,479,479,-,-,0.5416187110071512,0.5416187,0,0,0,0,Commons,Commons,Commons,Commons,0.0,0.0,614.1493678984837,614.1494,0.4685244380884483,0.4685244,12,12,0.40142891489838284,0.4014289,0.0,0.0,-,3.996803e-15,4001,142000,0,0,0,0,4001
c2,basin,p[mach]*1.40710042266,0,False,CONVERGED,CONVERGED,487,487,-,-,0.4472443656669004,0.4472444,9,9,0,0,Commons,Commons,Commons,Commons,0.0,0.0,808.1448716151564,808.1449,0.3763100008233441,0.37631,25,25,0.36622423760919004,0.3662242,0.0,0.0,-,4.218847e-15,4001,142000,0,0,0,0,4001
c2,basin,p[mach]*1.55132821598,0,False,CONVERGED,CONVERGED,495,495,-,-,0.37795485012834057,0.3779549,22,22,0,0,Commons,Commons,Commons,Commons,0.0,0.0,976.7537332188875,976.7537,0.31248755092803515,0.3124876,34,34,0.3396173043092147,0.3396173,0.0,0.0,-,5.995204e-15,4001,142000,0,0,0,0,4001
c2,basin,p[mach]*3.3863549409,0,False,CONVERGED,CONVERGED,535,535,-,-,0.13107088724514576,0.1310709,55,55,0,0,Commons,Commons,Commons,Commons,0.0,0.0,2220.7489063124303,2220.749,0.11967704303882686,0.119677,77,77,0.2233248439521765,0.2233248,0.0,0.0,-,4.884981e-15,4001,142000,0,0,0,0,4001
c2,basin,p[mach]*1.62889462678,0,False,CONVERGED,CONVERGED,498,498,-,-,0.3501136823680249,0.3501137,26,26,0,0,Commons,Commons,Commons,Commons,0.0,0.0,1053.9620811581347,1053.962,0.28763801710356945,0.287638,38,38,0.32793119183838804,0.3279312,0.0,0.0,-,4.440892e-15,4001,142000,0,0,0,0,4001
c2,basin,p[mach]*1.71033935812,0,False,CONVERGED,CONVERGED,502,502,-,-,0.3258099778529351,0.32581,29,29,0,0,Commons,Commons,Commons,Commons,0.0,0.0,1125.8122662784044,1125.812,0.26627932889721395,0.2662793,41,41,0.3170570819255026,0.3170571,0.0,0.0,-,4.440892e-15,4001,142000,0,0,0,0,4001
c2,basin,p[mach]*1.79585632602,0,False,CONVERGED,CONVERGED,505,505,-,-,0.30439814240227797,0.3043981,33,33,0,0,Commons,Commons,Commons,Commons,0.0,0.0,1192.7024790525156,1192.702,0.2477677198788258,0.2477677,44,44,0.3070355924338998,0.3070356,0.0,0.0,-,4.662937e-15,4001,142000,0,0,0,0,4001
c2,basin,p[mach]*1.88564914232,0,False,CONVERGED,CONVERGED,507,507,-,-,0.2853771974785657,0.2853772,35,35,0,0,Commons,Commons,Commons,Commons,0.0,0.0,1254.9857755662065,1254.986,0.23160562760769138,0.2316056,48,48,0.29764791850453975,0.2976479,0.0,0.0,-,4.884981e-15,4001,142000,0,0,0,0,4001
c2,basin,p[mach]*1.97993159944,0,False,CONVERGED,CONVERGED,510,510,-,-,0.2684556452738417,0.2684556,36,36,0,0,Commons,Commons,Commons,Commons,0.0,0.0,1315.0695731901653,1315.07,0.2174038386622045,0.2174038,51,51,0.28906901487802367,0.289069,0.0,0.0,-,5.107026e-15,4001,142000,0,0,0,0,4001
c2,basin,p[mach]*2.18287458838,0,False,CONVERGED,CONVERGED,515,515,-,-,0.23979073361515,0.2397907,40,40,0,0,Commons,Commons,Commons,Commons,0.0,0.0,1427.9886792740074,1427.989,0.19371134110456756,0.1937113,56,56,0.27346994221450394,0.2734699,0.0,0.0,-,5.107026e-15,4001,142000,0,0,0,0,4001
c2,basin,p[mach]*3.73345632234,0,False,CONVERGED,CONVERGED,539,539,-,-,0.11229655220916993,0.1122966,58,58,0,0,Commons,Commons,Commons,Commons,0.0,0.0,2442.1490787352686,2442.149,0.10355782653416705,0.1035578,81,81,0.2152309123281943,0.2152309,0.0,0.0,-,3.330669e-15,4001,142000,0,0,0,0,4001
c2,basin,p[mach]*2.7859625904,0,False,CONVERGED,CONVERGED,527,527,-,-,0.1786685059643632,0.1786685,49,49,0,0,Commons,Commons,Commons,Commons,0.0,0.0,1811.3247093557575,1811.325,0.15327443512404246,0.1532744,69,69,0.2422237561580868,0.2422238,0.0,0.0,-,4.662937e-15,4001,142000,0,0,0,0,4001
c2,basin,p[mach]*2.65329770514,0,False,CONVERGED,CONVERGED,525,525,-,-,0.1931135558856148,0.1931136,47,47,0,0,Commons,Commons,Commons,Commons,0.0,0.0,1714.72556339841,1714.726,0.15973616677255112,0.1597362,67,67,0.24770018898271098,0.2477002,0.0,0.0,-,5.995204e-15,4001,142000,0,0,0,0,4001
c2,basin,p[mach]*2.52695019538,0,False,CONVERGED,CONVERGED,523,523,-,-,0.206708115792349,0.2067081,45,45,0,0,Commons,Commons,Commons,Commons,0.0,0.0,1618.5195951999808,1618.52,0.16690959134601094,0.1669096,63,63,0.25370409609691713,0.2537041,0.0,0.0,-,5.77316e-15,4001,142000,0,0,0,0,4001
c2,basin,p[mach]*2.40661923369,0,False,CONVERGED,CONVERGED,520,520,-,-,0.21662685633652554,0.2166269,43,43,0,0,Commons,Commons,Commons,Commons,0.0,0.0,1529.5789616280897,1529.579,0.17488620007811567,0.1748862,61,61,0.2596817639025177,0.2596818,0.0,0.0,-,4.218847e-15,4001,142000,0,0,0,0,4001
c2,basin,p[mach]*2.07892817941,0,False,CONVERGED,CONVERGED,513,513,-,-,0.25334031347758906,0.2533403,39,39,0,0,Commons,Commons,Commons,Commons,0.0,0.0,1373.0215815484432,1373.022,0.2048544529343278,0.2048545,54,54,0.28084804904409366,0.280848,0.0,0.0,-,6.661338e-15,4001,142000,0,0,0,0,4001
c2,basin,p[mach]*3.07152375592,0,False,CONVERGED,CONVERGED,531,531,-,-,0.1529232377119868,0.1529232,52,52,0,0,Commons,Commons,Commons,Commons,0.0,0.0,2010.6601376309675,2010.66,0.13840690501539735,0.1384069,73,73,0.2322630217291654,0.232263,0.0,0.0,-,5.551115e-15,4001,142000,0,0,0,0,4001
c2,basin,p[mach]*2.2920183178,0,False,CONVERGED,CONVERGED,518,518,-,-,0.2276081062780829,0.2276081,42,42,0,0,Commons,Commons,Commons,Commons,0.0,0.0,1480.1299610281671,1480.13,0.18377584663816615,0.1837758,59,59,0.26629673105128504,0.2662967,0.0,0.0,-,5.995204e-15,4001,142000,0,0,0,0,4001
c2,basin,p[mach]*3.22509994371,0,False,CONVERGED,CONVERGED,534,534,-,-,0.14158020306840863,0.1415802,54,54,0,0,Commons,Commons,Commons,Commons,0.0,0.0,2114.44731131295,2114.447,0.12870766402416856,0.1287077,75,75,0.22760150808127064,0.2276015,0.0,0.0,-,5.77316e-15,4001,142000,0,0,0,0,4001
c2,basin,p[mach]*2.92526071992,0,False,CONVERGED,CONVERGED,529,529,-,-,0.16533259736480793,0.1653326,51,51,0,0,Commons,Commons,Commons,Commons,0.0,0.0,1909.1924659985227,1909.192,0.1474477158318221,0.1474477,71,71,0.23723481724804174,0.2372348,0.0,0.0,-,4.440892e-15,4001,142000,0,0,0,0,4001
c2,basin,p[mach]*3.55567268794,0,False,CONVERGED,CONVERGED,537,537,-,-,0.12130669719271903,0.1213067,57,57,0,0,Commons,Commons,Commons,Commons,0.0,0.0,2330.063845347225,2330.064,0.11124788460445005,0.1112479,79,79,0.2192915989562325,0.2192916,0.0,0.0,-,4.884981e-15,4001,142000,0,0,0,0,4001
c2,basin,s[food]*0.128839621134,0,False,CONVERGED,CONVERGED,321,321,-,-,0.9183969838557917,0.918397,0,0,0,0,Commons,Commons,Commons,Commons,0.0,0.0,1764.1835199088084,1764.184,0.947303995481523,0.904911,0,0,0.9326037448769559,0.9326037,0.0,0.0,-,5.329071e-15,4001,142000,0,0,0,0,4001
c2,basin,p[mach]*5.00318854203,0,False,CONVERGED,CONVERGED,552,552,-,-,0.03696158507001031,0.03696159,68,68,0,0,Commons,Commons,Commons,Commons,0.0,0.0,3297.876147034883,3297.876,0.03272223557378643,0.03272224,93,93,0.1976648884567139,0.1976649,0.0,0.0,-,5.329071e-15,4001,142000,0,0,0,0,4001
c2,basin,p[mach]*4.32194237515,0,False,CONVERGED,CONVERGED,546,546,-,-,0.08914308789898168,0.08914309,63,63,0,0,Commons,Commons,Commons,Commons,0.0,0.0,2811.5330081938127,2811.533,0.08329747608926467,0.08329748,87,87,0.20480340091485685,0.2048034,0.0,0.0,-,4.662937e-15,4001,142000,0,0,0,0,4001
c2,basin,p[mach]*3.92012913846,0,False,CONVERGED,CONVERGED,541,541,-,-,0.10397896040713277,0.103979,60,60,0,0,Commons,Commons,Commons,Commons,0.0,0.0,2558.535675333332,2558.536,0.0963318588773704,0.09633186,83,83,0.2114780175968274,0.211478,0.0,0.0,-,4.218847e-15,4001,142000,0,0,0,0,4001
c2,basin,p[mach]*5.25334796914,0,False,CONVERGED,CONVERGED,554,554,-,-,0.033251236699021074,0.03325124,69,69,0,0,Commons,Commons,Commons,Commons,0.0,0.0,3403.663318616431,3403.663,0.030021346692261894,0.03002135,96,96,0.1962639963357251,0.196264,0.0,0.0,-,2.88658e-15,4001,142000,0,0,0,0,4001
c2,basin,p[mach]*4.11613559538,0,False,CONVERGED,CONVERGED,544,544,-,-,0.09620964348335197,0.09620964,62,62,0,0,Commons,Commons,Commons,Commons,0.0,0.0,2683.230073376726,2683.23,0.08949122385797038,0.08949122,85,85,0.2080457371131788,0.2080457,0.0,0.0,-,4.662937e-15,4001,142000,0,0,0,0,4001
c2,basin,p[mach]*7.39198814773,0,False,CONVERGED,CONVERGED,571,571,-,-,0.0188371579351914,0.01883716,80,80,0,0,Commons,Commons,Commons,Commons,0.0,0.0,3971.9238739101797,3971.924,0.020963683177558354,0.02096368,112,112,0.1918344335148897,0.1918344,0.0,0.0,-,5.995204e-15,4001,142000,0,0,0,0,4001
c2,basin,p[mach]*6.7047511544,0,False,CONVERGED,CONVERGED,567,567,-,-,0.021983739119888126,0.02198374,77,77,0,0,Commons,Commons,Commons,Commons,0.0,0.0,3817.4522298299257,3817.452,0.02299644943373684,0.02299645,107,107,0.19273593907927836,0.1927359,0.0,0.0,-,4.218847e-15,4001,142000,0,0,0,0,4001
c2,basin,p[mach]*4.7649414686,0,False,CONVERGED,CONVERGED,550,550,-,-,0.04195440301776223,0.0419544,66,66,0,0,Commons,Commons,Commons,Commons,0.0,0.0,3171.171892869616,3171.172,0.03578879694969196,0.0357888,91,91,0.1993133920868845,0.1993134,0.0,0.0,-,5.551115e-15,4001,142000,0,0,0,0,4001
c2,basin,p[mach]*4.53803949391,0,False,CONVERGED,CONVERGED,548,548,-,-,0.04775260854305006,0.04775261,65,65,0,0,Commons,Commons,Commons,Commons,0.0,0.0,3041.7215843736935,3041.722,0.03937699163531409,0.03937699,89,89,0.20156857067305534,0.2015686,0.0,0.0,-,5.329071e-15,4001,142000,0,0,0,0,4001
c2,basin,p[mach]*7.03998871212,0,False,CONVERGED,CONVERGED,569,569,-,-,0.020338202006167375,0.0203382,79,79,0,0,Commons,Commons,Commons,Commons,0.0,0.0,3895.2542892125534,3895.254,0.021956328886683685,0.02195633,110,110,0.19225987821413243,0.1922599,0.0,0.0,-,4.218847e-15,4001,142000,0,0,0,0,4001
c2,basin,p[mach]*6.08140694277,0,False,CONVERGED,CONVERGED,562,562,-,-,0.025716644352054917,0.02571664,74,74,0,0,Commons,Commons,Commons,Commons,0.0,0.0,3660.616856551567,3660.617,0.025217643816479472,0.02521764,103,103,0.1938898804445901,0.1938899,0.0,0.0,-,4.662937e-15,4001,142000,0,0,0,0,4001
c2,basin,p[mach]*5.79181613597,0,False,CONVERGED,CONVERGED,559,559,-,-,0.028371242216917395,0.02837124,72,72,0,0,Commons,Commons,Commons,Commons,0.0,0.0,3562.379244834547,3562.379,0.0273237059763492,0.02732371,101,101,0.19459722376495606,0.1945972,0.0,0.0,-,5.329071e-15,4001,142000,0,0,0,0,4001
c2,basin,s[food]*0.12270440108,0,False,CONVERGED,CONVERGED,321,321,-,-,0.9179888233315598,0.9179888,0,0,0,0,Commons,Commons,Commons,Commons,0.0,0.0,1798.8408089018174,1798.841,0.9465102900650838,0.904911,0,0,0.9326037448769559,0.9326037,0.0,0.0,-,2.664535e-15,4001,142000,0,0,0,0,4001
c2,basin,p[mach]*5.51601536759,0,False,CONVERGED,CONVERGED,557,557,-,-,0.030700853516312656,0.03070085,71,71,0,0,Commons,Commons,Commons,Commons,0.0,0.0,3483.464822941161,3483.465,0.028611489455281205,0.02861149,98,98,0.19525157748297686,0.1952516,0.0,0.0,-,2.88658e-15,4001,142000,0,0,0,0,4001
c2,basin,p[mach]*7.76158755512,0,False,CONVERGED,CONVERGED,573,573,-,-,0.017410385729203497,0.01741039,82,82,0,0,Commons,Commons,Commons,Commons,0.0,0.0,4050.688369835553,4050.688,0.020006988858849304,0.02000699,114,114,0.1914790361235443,0.191479,0.0,0.0,-,2.88658e-15,4001,142000,0,0,0,0,4001
c2,basin,p[mach]*8.14966693287,0,False,CONVERGED,CONVERGED,575,575,-,-,0.01608893268644836,0.01608893,83,83,0,0,Commons,Commons,Commons,Commons,0.0,0.0,4129.623654146445,4129.624,0.019092724258842897,0.01909272,117,117,0.19116835435388507,0.1911684,0.0,0.0,-,3.7747579999999994e-15,4001,142000,0,0,0,0,4001
c2,basin,p[mach]*6.38547728991,0,False,CONVERGED,CONVERGED,564,564,-,-,0.02377510320705351,0.0237751,75,75,0,0,Commons,Commons,Commons,Commons,0.0,0.0,3739.116329569421,3739.116,0.024082641142475433,0.02408264,105,105,0.1932774094439173,0.1932774,0.0,0.0,-,3.7747579999999994e-15,4001,142000,0,0,0,0,4001
c2,basin,s[food]*0.1420456823,0,False,CONVERGED,CONVERGED,320,320,-,-,0.9193041141562777,0.9193041,0,0,0,0,Commons,Commons,Commons,Commons,0.0,0.0,1693.425095313835,1693.425,0.9492484422835588,0.904911,0,0,0.9326037448769559,0.9326037,0.0,0.0,-,4.440892e-15,4001,142000,0,0,0,0,4001
c2,basin,s[food]*0.135281602191,0,False,CONVERGED,CONVERGED,320,320,-,-,0.9188371779550559,0.9188372,0,0,0,0,Commons,Commons,Commons,Commons,0.0,0.0,1729.0415137695077,1729.042,0.9482608921762486,0.904911,0,0,0.9326037448769559,0.9326037,0.0,0.0,-,3.330669e-15,4001,142000,0,0,0,0,4001
c2,basin,s[food]*0.149147966415,0,False,CONVERGED,CONVERGED,320,320,-,-,0.9197201113569845,0.9197201,0,0,0,0,Commons,Commons,Commons,Commons,0.0,0.0,1657.3447905876951,1657.345,0.9499494555182453,0.904911,0,0,0.9326037448769559,0.9326037,0.0,0.0,-,6.439294e-15,4001,142000,0,0,0,0,4001
c2,basin,s[food]*0.164435632973,0,False,CONVERGED,CONVERGED,321,321,-,-,0.9201737839723412,0.9201738,0,0,0,0,Commons,Commons,Commons,Commons,0.0,0.0,1583.8355283498631,1583.836,0.9508937075362394,0.904911,0,0,0.9326037448769559,0.9326037,0.0,0.0,-,6.217249e-15,4001,142000,0,0,0,0,4001
c2,basin,s[food]*0.156605364736,0,False,CONVERGED,CONVERGED,320,320,-,-,0.9200388778494543,0.9200389,0,0,0,0,Commons,Commons,Commons,Commons,0.0,0.0,1620.8113126926692,1620.811,0.9505265545340348,0.904911,0,0,0.9326037448769559,0.9326037,0.0,0.0,-,6.217249e-15,4001,142000,0,0,0,0,4001
c2,basin,s[food]*0.172657414622,0,False,CONVERGED,CONVERGED,321,321,-,-,0.9205474415293823,0.9205474,0,0,0,0,Commons,Commons,Commons,Commons,0.0,0.0,1546.4284253956941,1546.428,0.951500656128927,0.904911,0,0,0.9326037448769559,0.9326037,0.0,0.0,-,5.995204e-15,4001,142000,0,0,0,0,4001
c2,basin,s[food]*0.181290285353,0,False,CONVERGED,CONVERGED,320,320,-,-,0.9212741872995656,0.9212742,0,0,0,0,Commons,Commons,Commons,Commons,0.0,0.0,1508.6010813618939,1508.601,0.9527037721333455,0.904911,0,0,0.9326037448769559,0.9326037,0.0,0.0,-,4.662937e-15,4001,142000,0,0,0,0,4001
c2,basin,s[food]*0.22035947491,0,False,CONVERGED,CONVERGED,321,321,-,-,0.9234753025808868,0.9234753,0,0,0,0,Commons,Commons,Commons,Commons,0.0,0.0,1353.3123296687234,1353.312,0.9562811560303056,0.904911,0,0,0.9326037448769559,0.9326037,0.0,0.0,-,3.996803e-15,4001,142000,0,0,0,0,4001
c2,basin,s[food]*0.199872539601,0,False,CONVERGED,CONVERGED,321,321,-,-,0.9223477673075601,0.9223478,0,0,0,0,Commons,Commons,Commons,Commons,0.0,0.0,1431.7302486372,1431.73,0.954573288110088,0.904911,0,0,0.9326037448769559,0.9326037,0.0,0.0,-,4.884981e-15,4001,142000,0,0,0,0,4001
c2,basin,s[food]*0.19035479962,0,False,CONVERGED,CONVERGED,320,320,-,-,0.9218980900222565,0.9218981,0,0,0,0,Commons,Commons,Commons,Commons,0.0,0.0,1470.364633251416,1470.365,0.9537922868052512,0.904911,0,0,0.9326037448769559,0.9326037,0.0,0.0,-,4.218847e-15,4001,142000,0,0,0,0,4001
c2,basin,s[food]*0.242946321089,0,False,CONVERGED,CONVERGED,321,321,-,-,0.9248479973724489,0.924848,0,0,0,0,Commons,Commons,Commons,Commons,0.0,0.0,1273.43626976292,1273.436,0.956605614454064,0.904911,0,0,0.9326037448769559,0.9326037,0.0,0.0,-,4.440892e-15,4001,142000,0,0,0,0,4001
c2,basin,s[food]*0.255093637143,0,False,CONVERGED,CONVERGED,321,321,-,-,0.9255393267431669,0.9255393,0,0,0,0,Commons,Commons,Commons,Commons,0.0,0.0,1232.978947221146,1232.979,0.956605614454064,0.904911,0,0,0.9326037448769559,0.9326037,0.0,0.0,-,5.329071e-15,4001,142000,0,0,0,0,4001
c2,basin,s[food]*0.267848319,0,False,CONVERGED,CONVERGED,321,321,-,-,0.9265048185458872,0.9265048,0,0,0,0,Commons,Commons,Commons,Commons,0.0,0.0,1192.1899033745553,1192.19,0.956605614454064,0.904911,0,0,0.9326037448769559,0.9326037,0.0,0.0,-,4.440892e-15,4001,142000,0,0,0,0,4001
c2,basin,s[food]*0.209866166581,0,False,CONVERGED,CONVERGED,321,321,-,-,0.9225796478616698,0.9225796,0,0,0,0,Commons,Commons,Commons,Commons,0.0,0.0,1392.7090981898057,1392.709,0.9549668148734836,0.904911,0,0,0.9326037448769559,0.9326037,0.0,0.0,-,3.330669e-15,4001,142000,0,0,0,0,4001
c2,basin,s[food]*0.231377448656,0,False,CONVERGED,CONVERGED,321,321,-,-,0.9243378913441501,0.9243379,0,0,0,0,Commons,Commons,Commons,Commons,0.0,0.0,1313.5510434699677,1313.551,0.956605614454064,0.904911,0,0,0.9326037448769559,0.9326037,0.0,0.0,-,5.329071e-15,4001,142000,0,0,0,0,4001
c2,basin,s[food]*0.295302771698,0,False,CONVERGED,CONVERGED,322,322,-,-,0.9283251992487829,0.9283252,0,0,0,0,Commons,Commons,Commons,Commons,0.0,0.0,1109.6592995977298,1109.659,0.9555488317602219,0.904911,0,0,0.9326037448769559,0.9326037,0.0,0.0,-,5.107026e-15,4001,142000,0,0,0,0,4001
c2,basin,s[food]*0.358942364641,0,False,CONVERGED,CONVERGED,324,324,-,-,0.9328273043308095,0.9328273,0,0,0,0,Commons,Commons,Commons,Commons,0.0,0.0,941.0776181411208,941.0776,0.9477056435030521,0.904911,0,0,0.932218098318273,0.9322181,0.0,0.0,-,3.108624e-15,4001,142000,0,0,0,0,4001
c2,basin,s[food]*0.310067910283,0,False,CONVERGED,CONVERGED,322,322,-,-,0.929234398870364,0.9292344,0,0,0,0,Commons,Commons,Commons,Commons,0.0,0.0,1067.938684688056,1067.939,0.9537616404641622,0.904911,0,0,0.9326037448769559,0.9326037,0.0,0.0,-,4.662937e-15,4001,142000,0,0,0,0,4001
c2,basin,s[food]*0.325571305797,0,False,CONVERGED,CONVERGED,323,323,-,-,0.9303514679722072,0.9303515,0,0,0,0,Commons,Commons,Commons,Commons,0.0,0.0,1025.9282103048868,1025.928,0.9521094271201987,0.904911,0,0,0.9326037448769559,0.9326037,0.0,0.0,-,5.77316e-15,4001,142000,0,0,0,0,4001
c2,basin,s[food]*0.341849871087,0,False,CONVERGED,CONVERGED,323,323,-,-,0.9314726330230575,0.9314726,0,0,0,0,Commons,Commons,Commons,Commons,0.0,0.0,983.6379092257677,983.6379,0.9498996215147206,0.904911,0,0,0.9326037448769559,0.9326037,0.0,0.0,-,3.330669e-15,4001,142000,0,0,0,0,4001
c2,basin,s[food]*0.28124073495,0,False,CONVERGED,CONVERGED,322,322,-,-,0.9272659162245503,0.9272659,0,0,0,0,Commons,Commons,Commons,Commons,0.0,0.0,1151.079836583875,1151.08,0.9561717087556015,0.904911,0,0,0.9326037448769559,0.9326037,0.0,0.0,-,7.327472e-15,4001,142000,0,0,0,0,4001
c2,basin,s[food]*0.530321350645,0,False,CONVERGED,CONVERGED,328,328,-,-,0.9181241916398782,0.9181242,0,0,0,0,Commons,Commons,Commons,Commons,0.0,0.0,591.9853393997255,591.9853,0.9265651672976669,0.904911,0,0,0.8911649818904269,0.891165,0.0,0.0,-,5.329071e-15,4001,142000,0,0,0,0,4001
c2,basin,s[food]*0.481017098091,0,False,CONVERGED,CONVERGED,328,328,-,-,0.9270061858787829,0.9270062,0,0,0,0,Commons,Commons,Commons,Commons,0.0,0.0,680.5702173942414,680.5702,0.9314156735479141,0.904911,0,0,0.9047484739241701,0.9047485,0.0,0.0,-,4.440892e-15,4001,142000,0,0,0,0,4001
c2,basin,s[food]*0.458111521991,0,False,CONVERGED,CONVERGED,327,327,-,-,0.9316118932684144,0.9316119,0,0,0,0,Commons,Commons,Commons,Commons,0.0,0.0,724.555838795494,724.5558,0.9340378645674824,0.904911,0,0,0.9112538541167852,0.9112539,0.0,0.0,-,4.440892e-15,4001,142000,0,0,0,0,4001
c2,basin,s[food]*0.415520654867,0,False,CONVERGED,CONVERGED,326,326,-,-,0.9373246478007885,0.9373246,0,0,0,0,Commons,Commons,Commons,Commons,0.0,0.0,811.8720495848562,811.872,0.9397813062916236,0.904911,0,0,0.9218244343953885,0.9218244,0.0,0.0,-,4.662937e-15,4001,142000,0,0,0,0,4001
c2,basin,s[food]*0.395733957017,0,False,CONVERGED,CONVERGED,325,325,-,-,0.9357761725143918,0.9357762,0,0,0,0,Commons,Commons,Commons,Commons,0.0,0.0,855.1853793026629,855.1854,0.9425404743094683,0.904911,0,0,0.9259099500882322,0.92591,0.0,0.0,-,5.107026e-15,4001,142000,0,0,0,0,4001
c2,basin,s[food]*0.376889482873,0,False,CONVERGED,CONVERGED,325,325,-,-,0.9340256409220534,0.9340256,0,0,0,0,Commons,Commons,Commons,Commons,0.0,0.0,898.2569686034223,898.257,0.9453158682993162,0.904911,0,0,0.9292439434682711,0.9292439,0.0,0.0,-,3.552714e-15,4001,142000,0,0,0,0,4001
c2,basin,s[food]*0.556837418178,0,False,CONVERGED,CONVERGED,328,328,-,-,0.9137138536690019,0.9137139,0,0,0,0,Commons,Commons,Commons,Commons,0.0,0.0,547.4019350563449,547.4019,0.9242437140705086,0.904911,0,0,0.8840717676659452,0.8840718,0.0,0.0,-,4.440892e-15,4001,142000,0,0,0,0,4001
c2,basin,s[food]*0.436296687611,0,False,CONVERGED,CONVERGED,327,327,-,-,0.9359923725474548,0.9359924,0,0,0,0,Commons,Commons,Commons,Commons,0.0,0.0,768.3259541340199,768.326,0.9369199027431446,0.904911,0,0,0.9170127472268176,0.9170127,0.0,0.0,-,5.995204e-15,4001,142000,0,0,0,0,4001
c2,basin,s[food]*0.505067952996,0,False,CONVERGED,CONVERGED,328,328,-,-,0.9225784473620386,0.9225784,0,0,0,0,Commons,Commons,Commons,Commons,0.0,0.0,636.3773695558299,636.3774,0.9289945410812769,0.904911,0,0,0.8980025663223496,0.8980026,0.0,0.0,-,4.218847e-15,4001,142000,0,0,0,0,4001
c2,basin,s[food]*1.21550625,0,False,CONVERGED,CONVERGED,335,335,-,-,0.5170554084935061,0.5170554,1,1,0,0,Commons,Commons,Commons,Commons,0.0,0.0,732.8175712071974,732.8176,0.46554516118260053,0.4655452,0,0,0.6063214336106151,0.6063214,0.0,0.0,-,3.330669e-15,4001,142000,0,0,0,0,4001
c2,basin,s[food]*1.88564914232,0,False,CONVERGED,CONVERGED,497,497,-,-,0.0,0.0,12,12,0,0,Commons,Commons,Commons,Commons,0.0,0.0,inf,inf,0.0,0.0,35,35,0.32424200173998885,0.324242,0.0,0.0,-,6.439294e-15,4001,142000,0,0,0,0,4001
c2,basin,s[food]*0.584679289086,0,False,CONVERGED,CONVERGED,328,328,-,-,0.9088388582728829,0.9088389,0,0,0,0,Commons,Commons,Commons,Commons,0.0,0.0,502.6347289648114,502.6347,0.9214409293839793,0.904911,0,0,0.8767654857075652,0.8767655,0.0,0.0,-,3.996803e-15,4001,142000,0,0,0,0,4001
c2,basin,s[food]*0.613913253541,0,False,CONVERGED,CONVERGED,328,328,-,-,0.9044091881111251,0.9044092,0,0,0,0,Commons,Commons,Commons,Commons,0.0,0.0,457.69105882373367,457.6911,0.9115311138551849,0.904911,0,0,0.8694377062893287,0.8694377,0.0,0.0,-,5.107026e-15,4001,142000,0,0,0,0,4001
c2,basin,s[food]*0.952380952381,0,False,CONVERGED,CONVERGED,314,314,-,-,0.8852530156186267,0.885253,0,0,0,0,Commons,Commons,Commons,Commons,0.0,0.0,121.88178147954451,121.8818,0.8514604464507617,0.8514604,0,0,0.8345100596271744,0.8345101,0.0,0.0,-,3.7747579999999994e-15,4001,142000,0,0,0,0,4001
c2,basin,s[food]*0.863837598531,0,False,CONVERGED,CONVERGED,321,321,-,-,0.8728190301706545,0.872819,0,0,0,0,Commons,Commons,Commons,Commons,0.0,0.0,138.71242851374237,138.7124,0.8395450956038093,0.8395451,0,0,0.8168294669212613,0.8168295,0.0,0.0,-,3.996803e-15,4001,142000,0,0,0,0,4001
c2,basin,s[food]*0.746215396637,0,False,CONVERGED,CONVERGED,326,326,-,-,0.8858602519915212,0.8858603,0,0,0,0,Commons,Commons,Commons,Commons,0.0,0.0,276.2903811273491,276.2904,0.8685217522755029,0.8685218,0,0,0.8382443530669212,0.8382444,0.0,0.0,-,4.884981e-15,4001,142000,0,0,0,0,4001
c2,basin,s[food]*1.05,0,False,CONVERGED,CONVERGED,301,301,-,-,0.8484702120714693,0.8484702,0,0,0,0,Commons,Commons,Commons,Commons,0.0,0.0,176.17256922777608,176.1726,0.8194566012987103,0.8194566,0,0,0.9028088303673919,0.9028088,0.0,0.0,-,3.996803e-15,4001,142000,0,0,0,0,4001
c2,basin,s[food]*0.783526166468,0,False,CONVERGED,CONVERGED,324,324,-,-,0.8809523212174017,0.8809523,0,0,0,0,Commons,Commons,Commons,Commons,0.0,0.0,230.5663826009208,230.5664,0.8574931025305905,0.8574931,0,0,0.8302798573015027,0.8302799,0.0,0.0,-,4.440892e-15,4001,142000,0,0,0,0,4001
c2,basin,s[food]*0.644608916218,0,False,CONVERGED,CONVERGED,327,327,-,-,0.8996333636778465,0.8996334,0,0,0,0,Commons,Commons,Commons,Commons,0.0,0.0,412.5780292078051,412.578,0.9008357234442967,0.9008357,0,0,0.8613802469889859,0.8613802,0.0,0.0,-,4.218847e-15,4001,142000,0,0,0,0,4001
c2,basin,s[food]*0.907029478458,0,False,CONVERGED,CONVERGED,319,319,-,-,0.8694151105209345,0.8694151,0,0,0,0,Commons,Commons,Commons,Commons,0.0,0.0,139.93458017713203,139.9346,0.8334124272507635,0.8334124,0,0,0.8107047735936675,0.8107048,0.0,0.0,-,5.329071e-15,4001,142000,0,0,0,0,4001
c2,basin,s[food]*0.676839362029,0,False,CONVERGED,CONVERGED,327,327,-,-,0.894884833475199,0.8948848,0,0,0,0,Commons,Commons,Commons,Commons,0.0,0.0,367.30251371673796,367.3025,0.8898596666857579,0.8898597,0,0,0.8538790501839748,0.8538791,0.0,0.0,-,4.218847e-15,4001,142000,0,0,0,0,4001
c2,basin,s[food]*1.2762815625,0,False,CONVERGED,CONVERGED,471,471,-,-,0.43237678091216586,0.4323768,2,2,0,0,Commons,Commons,Commons,Commons,0.0,0.0,932.3001651411381,932.3002,0.3836074137548226,0.3836074,0,0,0.5076564691223477,0.5076565,0.0,0.0,-,3.330669e-15,4001,142000,0,0,0,0,4001
c2,basin,s[food]*0.822702474792,0,False,CONVERGED,CONVERGED,323,323,-,-,0.8770926054566698,0.8770926,0,0,0,0,Commons,Commons,Commons,Commons,0.0,0.0,184.70514272199495,184.7051,0.8486386517628913,0.8486387,0,0,0.8238463731324858,0.8238464,0.0,0.0,-,4.440892e-15,4001,142000,0,0,0,0,4001
c2,basin,s[food]*0.71068133013,0,False,CONVERGED,CONVERGED,326,326,-,-,0.890511704706876,0.8905117,0,0,0,0,Commons,Commons,Commons,Commons,0.0,0.0,321.87115765126714,321.8712,0.8793944835459705,0.8793945,0,0,0.84633604010577,0.846336,0.0,0.0,-,3.330669e-15,4001,142000,0,0,0,0,4001
c2,basin,s[food]*1.157625,0,False,CONVERGED,CONVERGED,328,328,-,-,0.6117708507345909,0.6117709,0,0,0,0,Commons,Commons,Commons,Commons,0.0,0.0,541.827362313121,541.8274,0.5608279466032798,0.5608279,0,0,0.7079101836564918,0.7079102,0.0,0.0,-,4.218847e-15,4001,142000,0,0,0,0,4001
c2,basin,s[food]*1.34009564063,0,False,CONVERGED,CONVERGED,478,478,-,-,0.35986428222891403,0.3598643,4,4,0,0,Commons,Commons,Commons,Commons,0.0,0.0,1144.0400681944125,1144.04,0.3153979004485852,0.3153979,6,6,0.4432221629165732,0.4432222,0.0,0.0,-,6.217249e-15,4001,142000,0,0,0,0,4001
c2,basin,s[food]*1.1025,0,False,CONVERGED,CONVERGED,314,314,-,-,0.7215735459017538,0.7215735,0,0,0,0,Commons,Commons,Commons,Commons,0.0,0.0,356.7689304102339,356.7689,0.6764140015752116,0.676414,0,0,0.805462849205917,0.8054628,0.0,0.0,-,3.330669e-15,4001,142000,0,0,0,0,4001
c2,basin,s[food]*1.40710042266,0,False,CONVERGED,CONVERGED,482,482,-,-,0.29507069672905784,0.2950707,5,5,0,0,Commons,Commons,Commons,Commons,0.0,0.0,1373.542213426699,1373.542,0.2559810160157049,0.255981,15,15,0.42226061322141656,0.4222606,0.0,0.0,-,4.218847e-15,4001,142000,0,0,0,0,4001
c2,basin,s[food]*1.62889462678,0,False,CONVERGED,CONVERGED,490,490,-,-,0.13203143879009743,0.1320314,7,7,0,0,Commons,Commons,Commons,Commons,0.0,0.0,2288.584279799073,2288.584,0.11203956752336157,0.1120396,27,27,0.37350821820678826,0.3735082,0.0,0.0,-,3.7747579999999994e-15,4001,142000,0,0,0,0,4001
c2,basin,s[food]*1.71033935812,0,False,CONVERGED,CONVERGED,492,492,-,-,0.0840744207360125,0.08407442,7,7,0,0,Commons,Commons,Commons,Commons,0.0,0.0,2781.0741242798777,2781.074,0.07097163301225443,0.07097163,30,30,0.3585803315684367,0.3585803,0.0,0.0,-,4.662937e-15,4001,142000,0,0,0,0,4001
c2,basin,s[food]*1.55132821598,0,False,CONVERGED,CONVERGED,488,488,-,-,0.18239762204239554,0.1823976,6,6,0,0,Commons,Commons,Commons,Commons,0.0,0.0,1925.3482075452002,1925.348,0.15573874606168375,0.1557387,25,25,0.38511665639849374,0.3851167,0.0,0.0,-,3.441691e-15,4001,142000,0,0,0,0,4001
c2,basin,s[food]*1.47745544379,0,False,CONVERGED,CONVERGED,485,485,-,-,0.2363642389498402,0.2363642,5,5,0,0,Commons,Commons,Commons,Commons,0.0,0.0,1629.2651112535536,1629.265,0.20329373305946738,0.2032937,21,21,0.40357618168945025,0.4035762,0.0,0.0,-,5.77316e-15,4001,142000,0,0,0,0,4001
c2,basin,s[food]*3.73345632234,0,False,CONVERGED,CONVERGED,520,520,-,-,0.0,0.0,50,50,0,0,Commons,Commons,Commons,Commons,0.0,0.0,inf,inf,0.0,0.0,62,62,0.2163248464272703,0.2163248,0.0,0.0,-,4.440892e-15,4001,142000,0,0,0,0,4001
c2,basin,s[food]*1.79585632602,0,False,CONVERGED,CONVERGED,494,494,-,-,0.03800155559654025,0.03800156,10,10,0,0,Commons,Commons,Commons,Commons,0.0,0.0,3618.9968292112862,3618.997,0.03193781413213793,0.03193781,33,33,0.33785034157261856,0.3378503,0.0,0.0,-,5.995204e-15,4001,142000,0,0,0,0,4001
c2,basin,s[food]*2.18287458838,0,False,CONVERGED,CONVERGED,504,504,-,-,0.0,0.0,22,22,0,0,Commons,Commons,Commons,Commons,0.0,0.0,inf,inf,0.0,0.0,41,41,0.29151475799262466,0.2915148,0.0,0.0,-,3.7747579999999994e-15,4001,142000,0,0,0,0,4001
c2,basin,s[food]*2.2920183178,0,False,CONVERGED,CONVERGED,505,505,-,-,0.0,0.0,26,26,0,0,Commons,Commons,Commons,Commons,0.0,0.0,inf,inf,0.0,0.0,43,43,0.28233406066311156,0.2823341,0.0,0.0,-,5.329071e-15,4001,142000,0,0,0,0,4001
c2,basin,s[food]*1.97993159944,0,False,CONVERGED,CONVERGED,500,500,-,-,0.0,0.0,14,14,0,0,Commons,Commons,Commons,Commons,0.0,0.0,inf,inf,0.0,0.0,37,37,0.31245313020870996,0.3124531,0.0,0.0,-,4.218847e-15,4001,142000,0,0,0,0,4001
c2,basin,s[food]*2.07892817941,0,False,CONVERGED,CONVERGED,502,502,-,-,0.0,0.0,16,16,0,0,Commons,Commons,Commons,Commons,0.0,0.0,inf,inf,0.0,0.0,39,39,0.30160973064279284,0.3016097,0.0,0.0,-,5.551115e-15,4001,142000,0,0,0,0,4001
c2,basin,s[food]*2.65329770514,0,False,CONVERGED,CONVERGED,510,510,-,-,0.0,0.0,39,39,0,0,Commons,Commons,Commons,Commons,0.0,0.0,inf,inf,0.0,0.0,50,50,0.25699239767742665,0.2569924,0.0,0.0,-,4.218847e-15,4001,142000,0,0,0,0,4001
c2,basin,s[food]*2.40661923369,0,False,CONVERGED,CONVERGED,507,507,-,-,0.0,0.0,34,34,0,0,Commons,Commons,Commons,Commons,0.0,0.0,inf,inf,0.0,0.0,45,45,0.2732042567826706,0.2732043,0.0,0.0,-,4.662937e-15,4001,142000,0,0,0,0,4001
c2,basin,s[food]*5.79181613597,0,False,CONVERGED,CONVERGED,521,521,-,-,0.0,0.0,51,51,0,0,Commons,Commons,Commons,Commons,0.0,0.0,inf,inf,0.0,0.0,64,64,0.2133248945625739,0.2133249,0.0,0.0,-,5.995204e-15,4001,142000,0,0,0,0,4001
c2,basin,s[food]*2.52695019538,0,False,CONVERGED,CONVERGED,508,508,-,-,0.0,0.0,37,37,0,0,Commons,Commons,Commons,Commons,0.0,0.0,inf,inf,0.0,0.0,48,48,0.26466868283592,0.2646687,0.0,0.0,-,5.107026e-15,4001,142000,0,0,0,0,4001
c2,basin,s[food]*3.22509994371,0,False,CONVERGED,CONVERGED,516,516,-,-,0.0,0.0,45,45,0,0,Commons,Commons,Commons,Commons,0.0,0.0,inf,inf,0.0,0.0,57,57,0.23041721500864645,0.2304172,0.0,0.0,-,5.551115e-15,4001,142000,0,0,0,0,4001
c2,basin,s[food]*2.92526071992,0,False,CONVERGED,CONVERGED,513,513,-,-,0.0,0.0,42,42,0,0,Commons,Commons,Commons,Commons,0.0,0.0,inf,inf,0.0,0.0,53,53,0.24257797490865873,0.242578,0.0,0.0,-,4.662937e-15,4001,142000,0,0,0,0,4001
c2,basin,s[food]*3.07152375592,0,False,CONVERGED,CONVERGED,514,514,-,-,0.0,0.0,44,44,0,0,Commons,Commons,Commons,Commons,0.0,0.0,inf,inf,0.0,0.0,55,55,0.23610677043329012,0.2361068,0.0,0.0,-,4.662937e-15,4001,142000,0,0,0,0,4001
c2,basin,s[food]*3.3863549409,0,False,CONVERGED,CONVERGED,517,517,-,-,0.0,0.0,47,47,0,0,Commons,Commons,Commons,Commons,0.0,0.0,inf,inf,0.0,0.0,59,59,0.22500316466172707,0.2250032,0.0,0.0,-,4.662937e-15,4001,142000,0,0,0,0,4001
c2,basin,s[food]*5.51601536759,0,False,CONVERGED,CONVERGED,521,521,-,-,0.0,0.0,51,51,0,0,Commons,Commons,Commons,Commons,0.0,0.0,inf,inf,0.0,0.0,64,64,0.2133248945625739,0.2133249,0.0,0.0,-,5.995204e-15,4001,142000,0,0,0,0,4001
c2,basin,s[food]*2.7859625904,0,False,CONVERGED,CONVERGED,511,511,-,-,0.0,0.0,41,41,0,0,Commons,Commons,Commons,Commons,0.0,0.0,inf,inf,0.0,0.0,51,51,0.24983082484772312,0.2498308,0.0,0.0,-,3.7747579999999994e-15,4001,142000,0,0,0,0,4001
c2,basin,s[food]*3.55567268794,0,False,CONVERGED,CONVERGED,519,519,-,-,0.0,0.0,48,48,0,0,Commons,Commons,Commons,Commons,0.0,0.0,inf,inf,0.0,0.0,60,60,0.22023968081054515,0.2202397,0.0,0.0,-,4.662937e-15,4001,142000,0,0,0,0,4001
c2,basin,s[food]*3.92012913846,0,False,CONVERGED,CONVERGED,521,521,-,-,0.0,0.0,51,51,0,0,Commons,Commons,Commons,Commons,0.0,0.0,inf,inf,0.0,0.0,64,64,0.2133248945625739,0.2133249,0.0,0.0,-,5.995204e-15,4001,142000,0,0,0,0,4001
c2,basin,s[food]*4.11613559538,0,False,CONVERGED,CONVERGED,521,521,-,-,0.0,0.0,51,51,0,0,Commons,Commons,Commons,Commons,0.0,0.0,inf,inf,0.0,0.0,64,64,0.2133248945625739,0.2133249,0.0,0.0,-,5.995204e-15,4001,142000,0,0,0,0,4001
c2,basin,s[food]*4.32194237515,0,False,CONVERGED,CONVERGED,521,521,-,-,0.0,0.0,51,51,0,0,Commons,Commons,Commons,Commons,0.0,0.0,inf,inf,0.0,0.0,64,64,0.2133248945625739,0.2133249,0.0,0.0,-,5.995204e-15,4001,142000,0,0,0,0,4001
c2,basin,s[food]*5.00318854203,0,False,CONVERGED,CONVERGED,521,521,-,-,0.0,0.0,51,51,0,0,Commons,Commons,Commons,Commons,0.0,0.0,inf,inf,0.0,0.0,64,64,0.2133248945625739,0.2133249,0.0,0.0,-,5.995204e-15,4001,142000,0,0,0,0,4001
c2,basin,s[food]*4.7649414686,0,False,CONVERGED,CONVERGED,521,521,-,-,0.0,0.0,51,51,0,0,Commons,Commons,Commons,Commons,0.0,0.0,inf,inf,0.0,0.0,64,64,0.2133248945625739,0.2133249,0.0,0.0,-,5.995204e-15,4001,142000,0,0,0,0,4001
c2,basin,s[food]*4.53803949391,0,False,CONVERGED,CONVERGED,521,521,-,-,0.0,0.0,51,51,0,0,Commons,Commons,Commons,Commons,0.0,0.0,inf,inf,0.0,0.0,64,64,0.2133248945625739,0.2133249,0.0,0.0,-,5.995204e-15,4001,142000,0,0,0,0,4001
c2,basin,s[food]*5.25334796914,0,False,CONVERGED,CONVERGED,521,521,-,-,0.0,0.0,51,51,0,0,Commons,Commons,Commons,Commons,0.0,0.0,inf,inf,0.0,0.0,64,64,0.2133248945625739,0.2133249,0.0,0.0,-,5.995204e-15,4001,142000,0,0,0,0,4001
c2,basin,s[food]*7.03998871212,0,False,CONVERGED,CONVERGED,521,521,-,-,0.0,0.0,51,51,0,0,Commons,Commons,Commons,Commons,0.0,0.0,inf,inf,0.0,0.0,64,64,0.2133248945625739,0.2133249,0.0,0.0,-,5.995204e-15,4001,142000,0,0,0,0,4001
c2,basin,s[food]*6.38547728991,0,False,CONVERGED,CONVERGED,521,521,-,-,0.0,0.0,51,51,0,0,Commons,Commons,Commons,Commons,0.0,0.0,inf,inf,0.0,0.0,64,64,0.2133248945625739,0.2133249,0.0,0.0,-,5.995204e-15,4001,142000,0,0,0,0,4001
c2,basin,s[food]*6.08140694277,0,False,CONVERGED,CONVERGED,521,521,-,-,0.0,0.0,51,51,0,0,Commons,Commons,Commons,Commons,0.0,0.0,inf,inf,0.0,0.0,64,64,0.2133248945625739,0.2133249,0.0,0.0,-,5.995204e-15,4001,142000,0,0,0,0,4001
c2,basin,s[food]*6.7047511544,0,False,CONVERGED,CONVERGED,521,521,-,-,0.0,0.0,51,51,0,0,Commons,Commons,Commons,Commons,0.0,0.0,inf,inf,0.0,0.0,64,64,0.2133248945625739,0.2133249,0.0,0.0,-,5.995204e-15,4001,142000,0,0,0,0,4001
c2,basin,s[food]*7.76158755512,0,False,CONVERGED,CONVERGED,521,521,-,-,0.0,0.0,51,51,0,0,Commons,Commons,Commons,Commons,0.0,0.0,inf,inf,0.0,0.0,64,64,0.2133248945625739,0.2133249,0.0,0.0,-,5.995204e-15,4001,142000,0,0,0,0,4001
c2,basin,s[food]*7.39198814773,0,False,CONVERGED,CONVERGED,521,521,-,-,0.0,0.0,51,51,0,0,Commons,Commons,Commons,Commons,0.0,0.0,inf,inf,0.0,0.0,64,64,0.2133248945625739,0.2133249,0.0,0.0,-,5.995204e-15,4001,142000,0,0,0,0,4001
c2,basin,s[food]*8.14966693287,0,False,CONVERGED,CONVERGED,521,521,-,-,0.0,0.0,51,51,0,0,Commons,Commons,Commons,Commons,0.0,0.0,inf,inf,0.0,0.0,64,64,0.2133248945625739,0.2133249,0.0,0.0,-,5.995204e-15,4001,142000,0,0,0,0,4001
c2,hold,p[labour]*0.8,2,False,CONVERGED,CONVERGED,501,501,-,-,0.38297181366433863,0.3829718,13,13,0,0,Commons,Commons,Commons,Commons,0.0,0.0,987.2646088431032,987.2646,0.3032044364416969,0.3032044,39,39,0.34188705584765505,0.3418871,0.0,0.0,-,5.107026e-15,4001,142000,0,0,0,0,4001
c2,hold,p[labour]*0.95,1,False,CONVERGED,CONVERGED,320,320,-,-,0.8147738434570679,0.8147738,0,0,0,0,Commons,Commons,Commons,Commons,0.0,0.0,207.90149504152228,207.9015,0.756636328168233,0.7566363,0,0,0.7264118403684265,0.7264118,0.0,0.0,-,2.442491e-15,4001,142000,0,0,0,0,4001
c2,hold,p[labour]*1.05,1,False,CONVERGED,CONVERGED,309,309,-,-,0.9254805241472066,0.9254805,0,0,0,0,Commons,Commons,Commons,Commons,0.0,0.0,104.69701624707325,104.697,0.9061195481070397,0.8696452,0,0,0.8974698005563791,0.8974698,0.0,0.0,-,5.107026e-15,4001,142000,0,0,0,0,4001
c2,hold,p[labour]*1.2,2,False,CONVERGED,CONVERGED,338,338,-,-,0.7955578024910062,0.7955578,0,0,0,0,Commons,Commons,Commons,Commons,0.0,0.0,228.7117720074505,228.7118,0.7564034966246357,0.6449881,0,0,0.6874300635961205,0.6874301,0.0,0.0,-,3.330669e-15,4001,142000,0,0,0,0,4001
c2,hold,p[labour]*2,3,False,CONVERGED,CONVERGED,474,474,-,-,0.6456767265443268,0.6456767,0,0,0,0,Commons,Commons,Commons,Commons,0.0,0.0,693.1471805599452,693.1472,0.6456395182150352,0.2973505,0,0,0.4931056840610209,0.4931057,0.0,0.0,-,3.108624e-15,4001,142000,0,0,0,0,4001
c2,hold,p[land]*0.8,2,False,CONVERGED,CONVERGED,465,465,-,-,0.7688474518872098,0.7688475,0,0,0,0,Commons,Commons,Commons,Commons,0.0,0.0,262.8627012130771,262.8627,0.7740446155269951,0.7740446,0,0,0.648497049988003,0.648497,0.0,0.0,-,3.108624e-15,4001,142000,0,0,0,0,4001
c2,hold,p[land]*1.05,1,False,CONVERGED,CONVERGED,340,340,-,-,0.8251433091746194,0.8251433,0,0,0,0,Commons,Commons,Commons,Commons,0.0,0.0,196.85802403056127,196.858,0.823486728440477,0.8234867,0,0,0.6926141350026287,0.6926141,0.0,0.0,-,3.330669e-15,4001,142000,0,0,0,0,4001
c2,hold,p[land]*0.95,1,False,CONVERGED,CONVERGED,431,431,-,-,0.9436538832749801,0.9436539,0,0,0,0,Commons,Commons,Commons,Commons,0.0,0.0,57.99582914195641,57.99583,0.9446184352479906,0.9446184,0,0,0.9147919219560218,0.9147919,0.0,0.0,-,4.440892e-15,4001,142000,0,0,0,0,4001
c2,hold,p[land]*2,3,False,CONVERGED,CONVERGED,586,586,-,-,0.053625180121004264,0.05362518,119,119,0,0,Commons,Commons,Commons,Commons,0.0,0.0,3817.3642053864705,3817.364,0.08371433911070841,0.08371434,131,131,0.1587139103189288,0.1587139,0.0,0.0,-,3.7747579999999994e-15,4001,142000,0,0,0,0,4001
c2,hold,p[labour]*0.5,3,False,CONVERGED,CONVERGED,536,536,-,-,0.0,0.0,69,69,0,0,Commons,Commons,Commons,Commons,0.0,0.0,inf,inf,0.0,0.0,81,81,0.17828196247889647,0.178282,0.0,0.0,-,3.7747579999999994e-15,4001,142000,0,0,0,0,4001
c2,hold,p[land]*1.2,2,False,CONVERGED,CONVERGED,519,519,-,-,0.4216476055322256,0.4216476,21,21,0,0,Commons,Commons,Commons,Commons,0.0,0.0,863.585371781772,863.5854,0.4993178694864984,0.4993179,49,49,0.39969275880046634,0.3996928,0.0,0.0,-,3.996803e-15,4001,142000,0,0,0,0,4001
c2,hold,p[manufactures]*0.8,2,False,CONVERGED,CONVERGED,372,372,-,-,0.7331285802745954,0.7331286,0,0,0,0,Commons,Commons,Commons,Commons,0.0,0.0,310.4341760063109,310.4342,0.7322047695776547,0.7322048,0,0,0.7839453882386281,0.7839454,0.0,0.0,-,3.330669e-15,4001,142000,0,0,0,0,4001
c2,hold,p[manufactures]*1.05,1,False,CONVERGED,CONVERGED,255,255,-,-,0.9898287256840603,0.9898287,0,0,0,0,Commons,Commons,Commons,Commons,0.0,0.0,48.790164169432046,48.79016,0.9899594919745325,0.9707833,0,0,0.9860094459150696,0.9860094,0.0,0.0,-,3.108624e-15,4001,142000,0,0,0,0,4001
c2,hold,p[manufactures]*0.95,1,False,CONVERGED,CONVERGED,340,340,-,-,0.9323237031569063,0.9323237,0,0,0,0,Commons,Commons,Commons,Commons,0.0,0.0,70.0752036147114,70.0752,0.9320838874191538,0.9320839,0,0,0.9500526689711319,0.9500527,0.0,0.0,-,6.661338e-15,4001,142000,0,0,0,0,4001
c2,hold,p[land]*0.5,3,False,CONVERGED,CONVERGED,641,641,-,-,0.3973120246451762,0.397312,18,18,0,0,Commons,Commons,Commons,Commons,0.0,0.0,929.8521026352516,929.8521,0.4102574042539378,0.4102574,20,20,0.26232679341193027,0.2623268,0.0,0.0,-,5.995204e-15,4001,142000,0,0,0,0,4001
c2,hold,p[manufactures]*1.2,2,False,CONVERGED,CONVERGED,308,308,-,-,0.9604069387650346,0.9604069,0,0,0,0,Commons,Commons,Commons,Commons,0.0,0.0,182.32155679395458,182.3216,0.9609647529906734,0.8941887,0,0,0.9441238131378707,0.9441238,0.0,0.0,-,5.329071e-15,4001,142000,0,0,0,0,4001
c2,hold,p[manufactures]*0.5,3,False,CONVERGED,CONVERGED,543,543,-,-,0.36482125131479687,0.3648213,32,32,0,0,Commons,Commons,Commons,Commons,0.0,0.0,1008.3477677780508,1008.348,0.362638780468425,0.3626388,13,13,0.4407630090838242,0.440763,0.0,0.0,-,2.442491e-15,4001,142000,0,0,0,0,4001
c2,hold,p[manufactures]*2,3,False,CONVERGED,CONVERGED,339,339,-,-,0.8256531547407369,0.8256532,0,0,0,0,Commons,Commons,Commons,Commons,0.0,0.0,693.1471805599452,693.1472,0.8296712488508879,0.6308122,0,0,0.7200263084983439,0.7200263,0.0,0.0,-,4.218847e-15,4001,142000,0,0,0,0,4001
c2,hold,p[food]*0.5,3,False,CONVERGED,CONVERGED,533,533,-,-,0.45466661062744,0.4546666,23,23,0,0,Commons,Commons,Commons,Commons,0.0,0.0,788.190852500278,788.1909,0.3335739515920332,0.333574,33,33,0.4582493498199303,0.4582493,0.0,0.0,-,5.329071e-15,4001,142000,0,0,0,0,4001
c2,hold,p[food]*1.05,1,False,CONVERGED,CONVERGED,297,297,-,-,0.9439532466090912,0.9439532,0,0,0,0,Commons,Commons,Commons,Commons,0.0,0.0,57.67864096028291,57.67864,0.9483155338129626,0.9483155,0,0,0.94875892043813,0.9487589,0.0,0.0,-,4.440892e-15,4001,142000,0,0,0,0,4001
c2,hold,p[food]*1.2,2,False,CONVERGED,CONVERGED,326,326,-,-,0.7897710451571216,0.789771,0,0,0,0,Commons,Commons,Commons,Commons,0.0,0.0,236.0121917827253,236.0122,0.8035849489955029,0.8035849,0,0,0.7876148907116935,0.7876149,0.0,0.0,-,1.44329e-15,4001,142000,0,0,0,0,4001
c2,hold,p[food]*0.8,2,False,CONVERGED,CONVERGED,368,368,-,-,0.7630966998717454,0.7630967,0,0,0,0,Commons,Commons,Commons,Commons,0.0,0.0,270.37051932996553,270.3705,0.6448311686064081,0.6448312,0,0,0.8118823775522417,0.8118824,0.0,0.0,-,4.662937e-15,4001,142000,0,0,0,0,4001
c2,hold,p[food]*2,3,False,CONVERGED,CONVERGED,495,495,-,-,0.20349654034339643,0.2034965,29,29,0,0,Commons,Commons,Commons,Commons,0.0,0.0,1592.1062750135525,1592.106,0.21902104662769897,0.219021,39,39,0.4158721617758451,0.4158722,0.0,0.0,-,4.218847e-15,4001,142000,0,0,0,0,4001
c2,hold,p[food]*0.95,1,False,CONVERGED,CONVERGED,315,315,-,-,0.936312278340434,0.9363123,0,0,0,0,Commons,Commons,Commons,Commons,0.0,0.0,65.80622744130137,65.80623,0.893969366007944,0.8939694,0,0,0.9506840923608162,0.9506841,0.0,0.0,-,4.218847e-15,4001,142000,0,0,0,0,4001
c2,hold,p[care]*0.5,3,False,CONVERGED,CONVERGED,534,534,-,-,0.36184928557995405,0.3618493,32,32,0,0,Commons,Commons,Commons,Commons,0.0,0.0,1016.5274920260903,1016.527,0.3618553119282774,0.3618553,3,3,0.45924289715103894,0.4592429,0.0,0.0,-,3.108624e-15,4001,142000,0,0,0,0,4001
c2,hold,p[care]*1.05,1,False,CONVERGED,CONVERGED,140,140,-,-,0.9903425973386577,0.9903426,0,0,0,0,Commons,Commons,Commons,Commons,0.0,0.0,48.790164169432046,48.79016,0.9882847069580444,0.9628223,0,0,0.9875955249870423,0.9875955,0.0,0.0,-,2.442491e-15,4001,142000,0,0,0,0,4001
c2,hold,p[care]*1.2,2,False,CONVERGED,CONVERGED,290,290,-,-,0.9619489573217285,0.961949,0,0,0,0,Commons,Commons,Commons,Commons,0.0,0.0,182.32155679395458,182.3216,0.9541954127670773,0.8662861,0,0,0.9502478596082572,0.9502479,0.0,0.0,-,5.107026e-15,4001,142000,0,0,0,0,4001
c2,hold,p[care]*0.95,1,False,CONVERGED,CONVERGED,293,293,-,-,0.9308328087419936,0.9308328,0,0,0,0,Commons,Commons,Commons,Commons,0.0,0.0,71.67560027876637,71.6756,0.9309458029997132,0.9309458,0,0,0.9727086312513331,0.9727086,0.0,0.0,-,3.996803e-15,4001,142000,0,0,0,0,4001
c2,hold,p[care]*0.8,2,False,CONVERGED,CONVERGED,351,351,-,-,0.729913128963089,0.7299131,0,0,0,0,Commons,Commons,Commons,Commons,0.0,0.0,314.82975334135705,314.8298,0.7301724486708316,0.7301724,0,0,0.882393148484566,0.8823931,0.0,0.0,-,5.77316e-15,4001,142000,0,0,0,0,4001
c2,hold,p[care]*2,3,False,CONVERGED,CONVERGED,460,460,-,-,0.7335895161743642,0.7335895,0,0,0,0,Commons,Commons,Commons,Commons,0.0,0.0,693.1471805599452,693.1472,0.7223273686704603,0.6194523,0,0,0.4961222437528585,0.4961222,0.0,0.0,-,2.442491e-15,4001,142000,0,0,0,0,4001
c2,hold,p[shelter]*1.05,1,False,CONVERGED,CONVERGED,347,347,-,-,0.954771426446615,0.9547714,0,0,0,0,Commons,Commons,Commons,Commons,0.0,0.0,48.790164169432046,48.79016,0.9667328377924304,0.9503948,0,0,0.9423243878550169,0.9423244,0.0,0.0,-,5.107026e-15,4001,142000,0,0,0,0,4001
c2,hold,p[mach]*1.05,1,False,CONVERGED,CONVERGED,299,299,-,-,0.869921132686849,0.8699211,0,0,0,0,Commons,Commons,Commons,Commons,0.0,0.0,139.35272352673775,139.3527,0.8333955625575938,0.8333956,0,0,0.8613704344809332,0.8613704,0.0,0.0,-,3.7747579999999994e-15,4001,142000,0,0,0,0,4001
c2,hold,p[shelter]*0.8,2,False,CONVERGED,CONVERGED,492,492,-,-,0.6444330808471843,0.6444331,0,0,0,0,Commons,Commons,Commons,Commons,0.0,0.0,439.3842931074741,439.3843,0.6334349923222456,0.633435,0,0,0.5441161940698369,0.5441162,0.0,0.0,-,5.995204e-15,4001,142000,0,0,0,0,4001
c2,hold,p[shelter]*0.95,1,False,CONVERGED,CONVERGED,311,311,-,-,0.9105027164189773,0.9105027,0,0,0,0,Commons,Commons,Commons,Commons,0.0,0.0,93.75839638237636,93.7584,0.8947459105264018,0.8947459,0,0,0.9068248649566476,0.9068249,0.0,0.0,-,4.440892e-15,4001,142000,0,0,0,0,4001
c2,hold,p[shelter]*1.2,2,False,CONVERGED,CONVERGED,373,373,-,-,0.8449841113254755,0.8449841,0,0,0,0,Commons,Commons,Commons,Commons,0.0,0.0,182.32155679395458,182.3216,0.883141330487147,0.8263826,0,0,0.7785588219418187,0.7785588,0.0,0.0,-,4.884981e-15,4001,142000,0,0,0,0,4001
c2,hold,p[shelter]*2,3,False,CONVERGED,CONVERGED,551,551,-,-,0.5165532070217036,0.5165532,0,0,0,0,Commons,Commons,Commons,Commons,0.0,0.0,693.1471805599452,693.1472,0.643380966217271,0.4783509,34,34,0.44162287795800476,0.4416229,0.0,0.0,-,6.661338e-15,4001,142000,0,0,0,0,4001
c2,hold,p[shelter]*0.5,3,False,CONVERGED,CONVERGED,527,527,-,-,0.23553696283504238,0.235537,34,34,0,0,Commons,Commons,Commons,Commons,0.0,0.0,1445.8874231282111,1445.887,0.25135065099960013,0.2513507,45,45,0.36870856550017556,0.3687086,0.0,0.0,-,3.330669e-15,4001,142000,0,0,0,0,4001
c2,hold,p[mach]*1.2,2,False,CONVERGED,CONVERGED,469,469,-,-,0.6201961774224669,0.6201962,0,0,0,0,Commons,Commons,Commons,Commons,0.0,0.0,477.71943579420434,477.7194,0.5498385205850523,0.5498385,2,2,0.4509004959697509,0.4509005,0.0,0.0,-,3.108624e-15,4001,142000,0,0,0,0,4001
c2,hold,p[mach]*0.95,1,False,CONVERGED,CONVERGED,490,490,-,-,0.7729414248448457,0.7729414,0,0,0,0,Commons,Commons,Commons,Commons,0.0,0.0,286.62017777801196,286.6202,0.7648891349320313,0.7648891,0,0,0.5843038543078908,0.5843039,0.0,0.0,-,4.218847e-15,4001,142000,0,0,0,0,4001
c2,hold,p[mach]*0.8,2,False,CONVERGED,CONVERGED,545,545,-,-,0.3283021661175625,0.3283022,69,69,0,0,Commons,Commons,Commons,Commons,0.0,0.0,1137.5623685288795,1137.562,0.4313425584853073,0.4313426,66,66,0.37819623219066706,0.3781962,0.0,0.0,-,4.884981e-15,4001,142000,0,0,0,0,4001
c2,hold,s[manufactures]*1.05,1,True,CONVERGED,CONVERGED,78,78,-,-,0.9999999999999996,1.0,0,0,0,0,Commons,Commons,Commons,Commons,0.0,0.0,46.46505483938295,46.46505,0.9999999999999996,1.0,0,0,1.0,1.0,0.0,0.0,-,2.220446e-15,4001,142000,0,0,0,0,4001
c2,hold,s[care]*0.8,2,False,CONVERGED,CONVERGED,302,302,-,-,0.9288493566257098,0.9288494,0,0,0,0,Commons,Commons,Commons,Commons,0.0,0.0,211.02463900491762,211.0246,0.9055711668966816,0.9055712,0,0,0.9054815326379512,0.9054815,0.0,0.0,-,4.884981e-15,4001,142000,0,0,0,0,4001
c2,hold,p[mach]*0.5,3,False,CONVERGED,CONVERGED,612,612,-,-,0.040203030683699535,0.04020303,148,148,0,0,Commons,Commons,Commons,Commons,0.0,0.0,6849.999999999999,6850.0,0.0780894472950497,0.07808945,154,154,0.15159093146946295,0.1515909,0.0,0.0,-,4.218847e-15,4001,142000,0,0,0,0,4001
c2,hold,s[manufactures]*0.95,1,True,CONVERGED,CONVERGED,78,78,-,-,0.9999999999999996,1.0,0,0,0,0,Commons,Commons,Commons,Commons,0.0,0.0,48.72971078306231,48.72971,0.9999999999999996,1.0,0,0,1.0,1.0,0.0,0.0,-,2.109424e-15,4001,142000,0,0,0,0,4001
c2,hold,p[mach]*2,3,False,CONVERGED,CONVERGED,511,511,-,-,0.26519186115213333,0.2651919,37,37,0,0,Commons,Commons,Commons,Commons,0.0,0.0,1327.301710612955,1327.302,0.21468333949878193,0.2146833,52,52,0.2872967253026516,0.2872967,0.0,0.0,-,4.662937e-15,4001,142000,0,0,0,0,4001
c2,hold,s[manufactures]*1.2,2,True,CONVERGED,CONVERGED,105,105,-,-,0.9999999999999996,1.0,0,0,0,0,Commons,Commons,Commons,Commons,0.0,0.0,174.1599117457398,174.1599,0.9999999999999996,1.0,0,0,1.0,1.0,0.0,0.0,-,2.220446e-15,4001,142000,0,0,0,0,4001
c2,hold,s[manufactures]*0.5,3,True,CONVERGED,CONVERGED,124,124,-,-,0.9999999999999996,1.0,0,0,0,0,Commons,Commons,Commons,Commons,0.0,0.0,645.5285828834767,645.5286,0.9999999999999996,1.0,0,0,1.0,1.0,0.0,0.0,-,2.109424e-15,4001,142000,0,0,0,0,4001
c2,hold,s[manufactures]*0.8,2,True,CONVERGED,CONVERGED,105,105,-,-,0.9999999999999996,1.0,0,0,0,0,Commons,Commons,Commons,Commons,0.0,0.0,211.02463900491762,211.0246,0.9999999999999996,1.0,0,0,1.0,1.0,0.0,0.0,-,2.109424e-15,4001,142000,0,0,0,0,4001
c2,hold,s[food]*0.95,1,False,CONVERGED,CONVERGED,315,315,-,-,0.882747067643533,0.8827471,0,0,0,0,Commons,Commons,Commons,Commons,0.0,0.0,124.71656602165868,124.7166,0.8484175307353289,0.8484175,0,0,0.8307179864837353,0.830718,0.0,0.0,-,5.329071e-15,4001,142000,0,0,0,0,4001
c2,hold,s[food]*0.8,2,False,CONVERGED,CONVERGED,324,324,-,-,0.8790759736034179,0.879076,0,0,0,0,Commons,Commons,Commons,Commons,0.0,0.0,211.02463900491762,211.0246,0.8530540291251236,0.853054,0,0,0.8272445912321612,0.8272446,0.0,0.0,-,4.884981e-15,4001,142000,0,0,0,0,4001
c2,hold,s[food]*1.2,2,False,CONVERGED,CONVERGED,333,333,-,-,0.5406920474924841,0.540692,0,0,0,0,Commons,Commons,Commons,Commons,0.0,0.0,681.8588428070457,681.8588,0.4889657739291487,0.4889658,0,0,0.6330322213769422,0.6330322,0.0,0.0,-,3.7747579999999994e-15,4001,142000,0,0,0,0,4001
c2,hold,s[food]*1.05,1,False,CONVERGED,CONVERGED,301,301,-,-,0.8484702120714693,0.8484702,0,0,0,0,Commons,Commons,Commons,Commons,0.0,0.0,176.17256922777608,176.1726,0.8194566012987103,0.8194566,0,0,0.9028088303673919,0.9028088,0.0,0.0,-,3.996803e-15,4001,142000,0,0,0,0,4001
c2,hold,s[care]*1.05,1,True,CONVERGED,CONVERGED,78,78,-,-,0.9999999999999996,1.0,0,0,0,0,Commons,Commons,Commons,Commons,0.0,0.0,46.46505483938295,46.46505,0.9999999999999996,1.0,0,0,1.0,1.0,0.0,0.0,-,2.220446e-15,4001,142000,0,0,0,0,4001
c2,hold,s[manufactures]*2,3,True,CONVERGED,CONVERGED,138,138,-,-,0.9999999999999996,1.0,0,0,0,0,Commons,Commons,Commons,Commons,0.0,0.0,668.4596480132863,668.4596,0.9999999999999996,1.0,0,0,1.0,1.0,0.0,0.0,-,2.220446e-15,4001,142000,0,0,0,0,4001
c2,hold,s[food]*0.5,3,False,CONVERGED,CONVERGED,328,328,-,-,0.9233621413799261,0.9233621,0,0,0,0,Commons,Commons,Commons,Commons,0.0,0.0,645.5285828834767,645.5286,0.9295369830351324,0.904911,0,0,0.8994185305551381,0.8994185,0.0,0.0,-,5.995204e-15,4001,142000,0,0,0,0,4001
c2,hold,s[food]*2,3,False,CONVERGED,CONVERGED,503,503,-,-,0.0,0.0,15,15,0,0,Commons,Commons,Commons,Commons,0.0,0.0,inf,inf,0.0,0.0,38,38,0.31957800723606244,0.319578,0.0,0.0,-,5.107026e-15,4001,142000,0,0,0,0,4001
c2,hold,s[care]*1.2,2,True,CONVERGED,CONVERGED,105,105,-,-,0.9999999999999996,1.0,0,0,0,0,Commons,Commons,Commons,Commons,0.0,0.0,174.1599117457398,174.1599,0.9999999999999996,1.0,0,0,1.0,1.0,0.0,0.0,-,2.220446e-15,4001,142000,0,0,0,0,4001
c2,hold,s[care]*0.95,1,False,CONVERGED,CONVERGED,111,111,-,-,0.9893575954162273,0.9893576,0,0,0,0,Commons,Commons,Commons,Commons,0.0,0.0,48.72971078306231,48.72971,0.9855896393906847,0.9855896,0,0,0.9872910606891752,0.9872911,0.0,0.0,-,4.662937e-15,4001,142000,0,0,0,0,4001
c2,hold,s[care]*2,3,True,CONVERGED,CONVERGED,138,138,-,-,0.9999999999999996,1.0,0,0,0,0,Commons,Commons,Commons,Commons,0.0,0.0,668.4596480132863,668.4596,0.9999999999999996,1.0,0,0,1.0,1.0,0.0,0.0,-,2.220446e-15,4001,142000,0,0,0,0,4001
c2,hold,JA(2),3,False,CONVERGED,CONVERGED,508,508,-,-,0.012743504092509753,0.0127435,20,20,0,0,Commons,Commons,Commons,Commons,0.0,0.0,4689.328890790437,4689.329,0.02301164926755849,0.02301165,45,45,0.35367296646949287,0.353673,0.0,0.0,-,5.107026e-15,4001,142000,0,0,0,0,4001
c2,hold,s[care]*0.5,3,False,CONVERGED,CONVERGED,326,326,-,-,0.8096863471991239,0.8096863,0,0,0,0,Commons,Commons,Commons,Commons,0.0,0.0,645.5285828834767,645.5286,0.7576431618393762,0.7576432,0,0,0.7210435283120129,0.7210435,0.0,0.0,-,2.88658e-15,4001,142000,0,0,0,0,4001
c2,hold,s[shelter]*1.05,1,False,CONVERGED,CONVERGED,125,125,-,-,0.963297661803725,0.9632977,0,0,0,0,Commons,Commons,Commons,Commons,0.0,0.0,46.46505483938295,46.46505,0.9568789045978475,0.9568789,0,0,0.9788998933447747,0.9788999,0.0,0.0,-,3.330669e-15,4001,142000,0,0,0,0,4001
c2,hold,s[shelter]*1.2,2,False,CONVERGED,CONVERGED,297,297,-,-,0.8676311511902494,0.8676312,0,0,0,0,Commons,Commons,Commons,Commons,0.0,0.0,174.1599117457398,174.1599,0.8423216441617377,0.8423216,0,0,0.9170336941548703,0.9170337,0.0,0.0,-,5.995204e-15,4001,142000,0,0,0,0,4001
c2,hold,s[shelter]*0.95,1,False,CONVERGED,CONVERGED,254,254,-,-,0.9812966554305602,0.9812967,0,0,0,0,Commons,Commons,Commons,Commons,0.0,0.0,48.72971078306231,48.72971,0.9757806398772407,0.9757806,0,0,0.9743783075845789,0.9743783,0.0,0.0,-,5.107026e-15,4001,142000,0,0,0,0,4001
c2,hold,s[shelter]*0.5,3,False,CONVERGED,CONVERGED,133,133,-,-,0.9852604270592905,0.9852604,0,0,0,0,Commons,Commons,Commons,Commons,0.0,0.0,645.5285828834767,645.5286,0.9808431713408418,0.9797144,0,0,0.9792741320470212,0.9792741,0.0,0.0,-,2.664535e-15,4001,142000,0,0,0,0,4001
c2,hold,s[shelter]*2,3,False,CONVERGED,CONVERGED,447,447,-,-,0.5142158341906478,0.5142158,1,1,0,0,Commons,Commons,Commons,Commons,0.0,0.0,721.2310893031131,721.2311,0.46364956397885737,0.4636496,0,0,0.5343409619572738,0.534341,0.0,0.0,-,3.7747579999999994e-15,4001,142000,0,0,0,0,4001
c2,hold,s[shelter]*0.8,2,False,CONVERGED,CONVERGED,135,135,-,-,0.9852604270592905,0.9852604,0,0,0,0,Commons,Commons,Commons,Commons,0.0,0.0,211.02463900491762,211.0246,0.9808431713408418,0.9797144,0,0,0.9792741320470212,0.9792741,0.0,0.0,-,3.7747579999999994e-15,4001,142000,0,0,0,0,4001
c2,hold,N(1.05),1,False,CONVERGED,CONVERGED,197,197,-,-,0.9360228751574318,0.9360229,0,0,0,0,Commons,Commons,Commons,Commons,0.0,0.0,72.00831026720104,72.00831,0.9714797400824516,0.9333333,0,0,0.9174407394810448,0.9174407,0.0,0.0,-,5.329071e-15,4001,142000,0,0,0,0,4001
c2,hold,JA(0.5),3,False,CONVERGED,CONVERGED,615,615,-,-,0.030220521398658575,0.03022052,148,148,0,0,Commons,Commons,Commons,Commons,0.0,0.0,5769.249531951617,5769.25,0.049604169329416345,0.04960417,149,149,0.09997136248724514,0.09997136,0.0,0.0,-,3.330669e-15,4001,142000,0,0,0,0,4001
c2,hold,JA(0.95),1,False,CONVERGED,CONVERGED,494,494,-,-,0.7237790682760393,0.7237791,0,0,0,0,Commons,Commons,Commons,Commons,0.0,0.0,345.4946478248012,345.4946,0.672161499494493,0.6721615,2,2,0.4703463595478724,0.4703464,0.0,0.0,-,5.329071e-15,4001,142000,0,0,0,0,4001
c2,hold,JA(1.2),2,False,CONVERGED,CONVERGED,328,328,-,-,0.48650956122600025,0.4865096,2,2,0,0,Commons,Commons,Commons,Commons,0.0,0.0,723.8085552505191,723.8086,0.5637888175963811,0.5637888,0,0,0.5954402928964616,0.5954403,0.0,0.0,-,3.552714e-15,4001,142000,0,0,0,0,4001
c2,hold,JA(1.05),1,False,CONVERGED,CONVERGED,293,293,-,-,0.8268767025780905,0.8268767,0,0,0,0,Commons,Commons,Commons,Commons,0.0,0.0,207.89300283741412,207.893,0.8344790100048343,0.834479,0,0,0.8936106732606479,0.8936107,0.0,0.0,-,5.77316e-15,4001,142000,0,0,0,0,4001
c2,hold,JB(1.05),1,False,CONVERGED,CONVERGED,472,472,-,-,0.7405701337594899,0.7405701,0,0,0,0,Commons,Commons,Commons,Commons,0.0,0.0,305.31954394332354,305.3195,0.7416575566515917,0.7416576,0,0,0.5381321851076416,0.5381322,0.0,0.0,-,3.330669e-15,4001,142000,0,0,0,0,4001
c2,hold,JB(1.2),2,False,CONVERGED,CONVERGED,536,536,-,-,0.4274913950814991,0.4274914,28,28,0,0,Commons,Commons,Commons,Commons,0.0,0.0,859.7643978986927,859.7644,0.5169271359517137,0.5169271,53,53,0.40968020270573013,0.4096802,0.0,0.0,-,5.995204e-15,4001,142000,0,0,0,0,4001
c2,hold,JA(0.8),2,False,CONVERGED,CONVERGED,547,547,-,-,0.24932340058464272,0.2493234,79,79,0,0,Commons,Commons,Commons,Commons,0.0,0.0,1389.0044276966617,1389.004,0.2988471747380665,0.2988472,73,73,0.32219128904418237,0.3221913,0.0,0.0,-,4.884981e-15,4001,142000,0,0,0,0,4001
c2,hold,JB(0.8),2,False,CONVERGED,CONVERGED,497,497,-,-,0.20499295874719736,0.204993,18,18,0,0,Commons,Commons,Commons,Commons,0.0,0.0,1738.6787958099376,1738.679,0.13397738238619986,0.1339774,35,35,0.27836709200734605,0.2783671,0.0,0.0,-,3.330669e-15,4001,142000,0,0,0,0,4001
c2,hold,JB(0.95),1,False,CONVERGED,CONVERGED,439,439,-,-,0.6882176231906726,0.6882176,0,0,0,0,Commons,Commons,Commons,Commons,0.0,0.0,418.7663703686483,418.7664,0.5968652232795139,0.5968652,0,0,0.6039413364073662,0.6039413,0.0,0.0,-,3.330669e-15,4001,142000,0,0,0,0,4001
c2,hold,JB(2),3,False,CONVERGED,CONVERGED,608,608,-,-,0.045228082176665886,0.04522808,153,153,0,0,Commons,Commons,Commons,Commons,0.0,0.0,7393.147180559946,7393.147,0.07669953905440205,0.07669954,167,167,0.19239265458303678,0.1923927,0.0,0.0,-,2.442491e-15,4001,142000,0,0,0,0,4001
c2,hold,JB(0.5),3,False,CONVERGED,CONVERGED,521,521,-,-,0.0,0.0,65,65,0,0,Commons,Commons,Commons,Commons,0.0,0.0,inf,inf,0.0,0.0,69,69,0.12631016166141049,0.1263102,0.0,0.0,-,5.551115e-15,4001,142000,0,0,0,0,4001
c2,hold,N(1.2),2,False,CONVERGED,CONVERGED,351,351,-,-,0.786965479070918,0.7869655,0,0,0,0,Commons,Commons,Commons,Commons,0.0,0.0,261.48298471123695,261.483,0.9091986446637272,0.7777778,0,0,0.6741309245294338,0.6741309,0.0,0.0,-,4.884981e-15,4001,142000,0,0,0,0,4001
c2,hold,N(0.95),1,False,CONVERGED,CONVERGED,321,321,-,-,0.9364143168480525,0.9364143,0,0,0,0,Commons,Commons,Commons,Commons,0.0,0.0,65.6972542382918,65.69725,0.9244852387408702,0.9244852,0,0,0.9233500404228803,0.92335,0.0,0.0,-,3.330669e-15,4001,142000,0,0,0,0,4001
c2,hold,N(2),3,False,CONVERGED,CONVERGED,420,420,-,-,0.42278528487200623,0.4227853,31,31,0,0,Commons,Commons,Commons,Commons,0.0,0.0,930.4038099014673,930.4038,0.7656926879591638,0.4105393,79,79,0.4522009169691167,0.4522009,0.0,0.0,-,4.218847e-15,4001,142000,0,0,0,0,4001
c2,hold,N(0.8),2,False,CONVERGED,CONVERGED,499,499,-,-,0.716703697379202,0.7167037,0,0,0,0,Commons,Commons,Commons,Commons,0.0,0.0,333.0927771017488,333.0928,0.7016350828438785,0.7016351,0,0,0.6591825565795604,0.6591826,0.0,0.0,-,5.329071e-15,4001,142000,0,0,0,0,4001
c2,hold,RC(0.8),2,False,CONVERGED,CONVERGED,545,545,-,-,0.4862089613373627,0.486209,6,6,0,0,Commons,Commons,Commons,Commons,0.0,0.0,721.1167858891333,721.1168,0.6497424537028536,0.6497425,33,33,0.44553130879913266,0.4455313,0.0,0.0,-,5.551115e-15,4001,142000,0,0,0,0,4001
c2,hold,RC(1.2),2,False,CONVERGED,CONVERGED,496,496,-,-,0.5721454602186857,0.5721455,0,0,0,0,Commons,Commons,Commons,Commons,0.0,0.0,558.36201884976,558.362,0.6143535991397131,0.6143536,0,0,0.5252599370403972,0.5252599,0.0,0.0,-,3.330669e-15,4001,142000,0,0,0,0,4001
c2,hold,RC(1.05),1,False,CONVERGED,CONVERGED,326,326,-,-,0.8630372916973504,0.8630373,0,0,0,0,Commons,Commons,Commons,Commons,0.0,0.0,147.2973771320178,147.2974,0.878075852587583,0.8780759,0,0,0.8813953200716872,0.8813953,0.0,0.0,-,4.218847e-15,4001,142000,0,0,0,0,4001
c2,hold,N(0.5),3,False,CONVERGED,CONVERGED,537,537,-,-,0.3719716992535321,0.3719717,36,36,0,0,Commons,Commons,Commons,Commons,0.0,0.0,1061.0130177736767,1061.013,0.2729678086588256,0.2729678,48,48,0.31269156195432507,0.3126916,0.0,0.0,-,3.330669e-15,4001,142000,0,0,0,0,4001
c2,hold,RC(0.95),1,False,CONVERGED,CONVERGED,366,366,-,-,0.846274700584202,0.8462747,0,0,0,0,Commons,Commons,Commons,Commons,0.0,0.0,166.91126689896083,166.9113,0.8928487944589786,0.8902392,0,0,0.7996708257425579,0.7996708,0.0,0.0,-,2.220446e-15,4001,142000,0,0,0,0,4001
c2,hold,RC(0.5),3,False,CONVERGED,CONVERGED,598,598,-,-,0.10718807120318095,0.1071881,117,117,0,0,Commons,Commons,Commons,Commons,0.0,0.0,4121.727342676621,4121.727,0.19140383071218983,0.1703185,110,110,0.26990081719775644,0.2699008,0.0,0.0,-,3.330669e-15,4001,142000,0,0,0,0,4001
c2,hold,b.food=1.2@genesis,3,False,CONVERGED,CONVERGED,588,588,-,-,0.25408794911198823,0.2540879,103,103,0,0,Commons,Commons,Commons,Commons,0.0,0.0,3500.1378580207534,3500.138,0.2995447433336811,0.2995447,196,196,0.3393558300455384,0.3393558,0.0,0.0,-,9.547918e-15,4001,142000,0,0,0,0,4001
c2,hold,RC(2),3,False,CONVERGED,CONVERGED,507,507,-,-,0.17904292467485441,0.1790429,51,51,0,0,Commons,Commons,Commons,Commons,0.0,0.0,1720.1296992366247,1720.13,0.26971696372514653,0.269717,56,56,0.40146288006226155,0.4014629,0.0,0.0,-,5.329071e-15,4001,142000,0,0,0,0,4001
c2,hold,land.mach=0.44@genesis,2,False,CONVERGED,CONVERGED,504,504,-,-,0.6012722107911882,0.6012722,0,0,0,0,Commons,Commons,Commons,Commons,0.0,0.0,508.7075172196237,508.7075,0.6688723853943204,0.6688724,31,31,0.43373009152371894,0.4337301,0.0,0.0,-,4.218847e-15,4001,142000,0,0,0,0,4001
c2,hold,x*/2,3,False,CONVERGED,CONVERGED,515,515,-,-,0.0,0.0,33,33,0,0,Commons,Commons,Commons,Commons,0.0,0.0,inf,inf,0.0,0.0,50,50,0.26209172172563217,0.2620917,0.0,0.0,-,5.107026e-15,4001,142000,0,0,0,0,4001
c2,hold,land.mach=0.8@genesis,3,False,CONVERGED,CONVERGED,565,565,-,-,0.032079154602815727,0.03207915,116,116,0,0,Commons,Commons,Commons,Commons,0.0,0.0,3439.548849111122,3439.549,0.10455619183420697,0.1045562,157,157,0.16069409391389253,0.1606941,0.0,0.0,-,3.108624e-15,4001,142000,0,0,0,0,4001
c2,hold,b.food=0.66@genesis,2,False,CONVERGED,CONVERGED,360,360,-,-,0.8325602737521135,0.8325603,0,0,0,0,Commons,Commons,Commons,Commons,0.0,0.0,183.24965884491718,183.2497,0.8812136077747161,0.8812136,0,0,0.7471697600906722,0.7471698,0.0,0.0,-,4.440892e-15,4001,142000,0,0,0,0,4001
c2,hold,land.mach=0.36@genesis,2,False,CONVERGED,CONVERGED,282,282,-,-,0.940326604136078,0.9403266,0,0,0,0,Commons,Commons,Commons,Commons,0.0,0.0,112.0139588216394,112.014,0.9553659102416815,0.9108477,0,0,0.9865385928789915,0.9865386,0.0,0.0,-,7.882582999999999e-15,4001,142000,0,0,0,0,4001
c2,hold,land.mach=0.2@genesis,3,False,CONVERGED,CONVERGED,514,514,-,-,0.5645726834660363,0.5645727,0,0,0,0,Commons,Commons,Commons,Commons,0.0,0.0,1790.1202559224544,1790.12,0.6174757475813022,0.5853701,0,0,0.8612062276973519,0.8612062,0.0,0.0,-,2.3203660000000002e-14,4001,142000,0,0,0,0,4001
c2,hold,commons=15.6@genesis,3,False,CONVERGED,CONVERGED,315,315,-,-,0.9015423486625822,0.9015423,0,0,0,0,Crowded,Crowded,Crowded,Crowded,0.4659530128462709,0.46595301284626534,126.84358767411932,126.8436,0.8697529360970117,0.8697529,0,0,0.8806400557219548,0.8806401,0.0,0.0,-,2.220446e-15,0,0,4001,142000,0,0,4001
c2,hold,b.food=0.54@genesis,2,False,CONVERGED,CONVERGED,313,313,-,-,0.8397933021047805,0.8397933,0,0,0,0,Commons,Commons,Commons,Commons,0.0,0.0,174.59948634758288,174.5995,0.8739708235412955,0.8739708,0,0,0.8729562581753468,0.8729563,0.0,0.0,-,2.88658e-15,4001,142000,0,0,0,0,4001
c2,hold,b.food=0.3@genesis,3,False,CONVERGED,CONVERGED,491,491,-,-,0.34353261581389494,0.3435326,23,23,0,0,Commons,Commons,Commons,Commons,0.0,0.0,1068.4732204040592,1068.473,0.4404977600602817,0.4404978,21,21,0.38127764082574295,0.3812776,0.0,0.0,-,3.330669e-15,4001,142000,0,0,0,0,4001
c2,hold,commons=34.32@genesis,2,False,VACUOUS,VACUOUS,0,0,-,-,0.9999999999999996,1.0,0,0,0,0,Commons,Commons,Commons,Commons,0.0,0.0,4.440892098500627e-13,5.551115e-13,0.9999999999999996,1.0,0,0,1.0,1.0,0.0,0.0,-,5.551115e-16,4001,142000,0,0,0,0,4001
c2,hold,commons=62.4@genesis,3,False,VACUOUS,VACUOUS,0,0,-,-,0.9999999999999996,1.0,0,0,0,0,Commons,Commons,Commons,Commons,0.0,0.0,4.440892098500627e-13,5.551115e-13,0.9999999999999996,1.0,0,0,1.0,1.0,0.0,0.0,-,5.551115e-16,4001,142000,0,0,0,0,4001
c2,hold,commons=28.08@genesis,2,False,VACUOUS,VACUOUS,0,0,-,-,0.9999999999999996,1.0,0,0,0,0,Commons,Commons,Commons,Commons,0.0,0.0,4.440892098500627e-13,5.551115e-13,0.9999999999999996,1.0,0,0,1.0,1.0,0.0,0.0,-,5.551115e-16,4001,142000,0,0,0,0,4001
c2,hold,land.mach=0.2@dated,3,False,CONVERGED,CONVERGED,514,514,-,-,0.564572683466036,0.5645727,0,0,0,0,Commons,Commons,Commons,Commons,0.0,0.0,1790.1202559224544,1790.12,0.6174757475813019,0.5839206,0,0,0.8594450093499753,0.859445,0.0,0.0,-,3.28626e-14,4001,142000,0,0,0,0,4001
c2,hold,land.mach=0.8@dated,3,False,CONVERGED,CONVERGED,565,565,-,-,0.03278528587035997,0.03278529,116,116,0,0,Commons,Commons,Commons,Commons,0.0,0.0,3417.775465757216,3417.775,0.10342810915924194,0.1034281,156,156,0.1596168833761292,0.1596169,0.0,0.0,-,4.218847e-15,4001,142000,0,0,0,0,4001
c2,hold,land.mach=0.36@dated,2,False,CONVERGED,CONVERGED,282,282,-,-,0.9403266041360777,0.9403266,0,0,0,0,Commons,Commons,Commons,Commons,0.0,0.0,112.06244880034909,112.0624,0.9553659102416812,0.911484,0,0,0.9861956016709026,0.9861956,0.0,0.0,-,5.107026e-15,4001,142000,0,0,0,0,4001
c2,hold,land.mach=0.44@dated,2,False,CONVERGED,CONVERGED,503,503,-,-,0.6010744866796635,0.6010745,0,0,0,0,Commons,Commons,Commons,Commons,0.0,0.0,509.0364142236624,509.0364,0.6684945743087457,0.6684946,31,31,0.43368674017231534,0.4336867,0.0,0.0,-,2.88658e-15,4001,142000,0,0,0,0,4001
c2,hold,b.food=0.66@dated,2,False,CONVERGED,CONVERGED,359,359,-,-,0.8359703781382486,0.8359704,0,0,0,0,Commons,Commons,Commons,Commons,0.0,0.0,179.16209937417818,179.1621,0.8797668142323157,0.8797668,0,0,0.7544598923353962,0.7544599,0.0,0.0,-,5.107026e-15,4001,142000,0,0,0,0,4001
c2,hold,commons=34.32@dated,2,False,VACUOUS,VACUOUS,0,0,-,-,0.9999999999999997,1.0,0,0,0,0,Commons,Commons,Commons,Commons,0.0,0.0,3.33066907387547e-13,5.551115e-13,0.9999999999999997,1.0,0,0,1.0,1.0,0.0,0.0,-,5.551115e-16,4001,142000,0,0,0,0,4001
c2,hold,b.food=1.2@dated,3,False,CONVERGED,CONVERGED,587,587,-,-,0.26036731196388885,0.2603673,103,103,0,0,Commons,Commons,Commons,Commons,0.0,0.0,3423.9514300031196,3423.951,0.3045827336720157,0.3045827,193,193,0.3428200845928735,0.3428201,0.0,0.0,-,7.660539e-15,4001,142000,0,0,0,0,4001
c2,hold,commons=28.08@dated,2,False,VACUOUS,VACUOUS,0,0,-,-,0.9999999999999997,1.0,0,0,0,0,Commons,Commons,Commons,Commons,0.0,0.0,3.33066907387547e-13,5.551115e-13,0.9999999999999997,1.0,0,0,1.0,1.0,0.0,0.0,-,5.551115e-16,4001,142000,0,0,0,0,4001
c2,hold,commons=62.4@dated,3,False,VACUOUS,VACUOUS,0,0,-,-,0.9999999999999997,1.0,0,0,0,0,Commons,Commons,Commons,Commons,0.0,0.0,3.33066907387547e-13,5.551115e-13,0.9999999999999997,1.0,0,0,1.0,1.0,0.0,0.0,-,5.551115e-16,4001,142000,0,0,0,0,4001
c2,hold,b.food=0.54@dated,2,False,CONVERGED,CONVERGED,313,313,-,-,0.8390042221974342,0.8390042,0,0,0,0,Commons,Commons,Commons,Commons,0.0,0.0,175.53954011110477,175.5395,0.8731849224049155,0.8731849,0,0,0.871767342852533,0.8717673,0.0,0.0,-,3.7747579999999994e-15,4001,142000,0,0,0,0,4001
c2,hold,b.food=0.3@dated,3,False,CONVERGED,CONVERGED,492,492,-,-,0.3416400054237621,0.34164,24,24,0,0,Commons,Commons,Commons,Commons,0.0,0.0,1073.997712028526,1073.998,0.43821669536026775,0.4382167,21,21,0.38070148351158234,0.3807015,0.0,0.0,-,4.662937e-15,4001,142000,0,0,0,0,4001
c2,hold,commons=15.6@dated,3,False,CONVERGED,CONVERGED,315,315,-,-,0.9015423486625844,0.9015423,0,0,0,0,Crowded,Crowded,Crowded,Crowded,0.46595301284627016,0.46595301284627016,126.84358767411932,126.8436,0.8697529360970137,0.8697529,0,0,0.8806400557219564,0.8806401,0.0,0.0,-,3.7747579999999994e-15,0,0,4001,142000,0,0,4001
c2,tilt1,p[labour]*0.95,1,False,CONVERGED,CONVERGED,346,346,-,-,0.7928702726878186,0.7928703,0,0,0,0,Commons,Commons,Commons,Commons,0.0,0.0,232.0956612872895,232.0957,0.746005641759703,0.7460056,0,0,0.7549517130698363,0.7549517,0.0,0.0,-,2.331468e-15,4001,142000,0,0,0,0,4001
c2,tilt1,p[labour]*0.8,2,False,CONVERGED,CONVERGED,433,433,-,-,0.31386606927883637,0.3138661,34,34,0,0,Commons,Commons,Commons,Commons,0.0,0.0,1158.7889150232074,1158.789,0.2798710914394826,0.2798711,46,46,0.4183166920144165,0.4183167,0.0,0.0,-,2.88658e-15,4001,142000,0,0,0,0,4001
c2,tilt1,p[labour]*1.05,1,False,CONVERGED,CONVERGED,291,291,-,-,0.9369156858007148,0.9369157,0,0,0,0,Commons,Commons,Commons,Commons,0.0,0.0,103.74676827471542,103.7468,0.9101861871622884,0.8646403,0,0,0.9218652759103626,0.9218653,0.0,0.0,-,3.441691e-15,4001,142000,0,0,0,0,4001
c2,tilt1,p[land]*1.05,1,False,CONVERGED,CONVERGED,383,383,-,-,0.6865134903374913,0.6865135,0,0,0,0,Commons,Commons,Commons,Commons,0.0,0.0,376.1294030749934,376.1294,0.7482706811989407,0.7482707,0,0,0.6592445758061984,0.6592446,0.0,0.0,-,2.553513e-15,4001,142000,0,0,0,0,4001
c2,tilt1,p[land]*0.95,1,False,CONVERGED,CONVERGED,239,239,-,-,0.8994632418485389,0.8994632,0,0,0,0,Commons,Commons,Commons,Commons,0.0,0.0,105.95709151989205,105.9571,0.8994632418485388,0.8994632,0,0,0.9216220750311833,0.9216221,0.0,0.0,-,3.330669e-15,4001,142000,0,0,0,0,4001
c2,tilt1,p[labour]*1.2,2,False,CONVERGED,CONVERGED,350,350,-,-,0.8122212989746995,0.8122213,0,0,0,0,Commons,Commons,Commons,Commons,0.0,0.0,245.40147781296926,245.4015,0.790703691786169,0.6101717,0,0,0.7963614895521608,0.7963615,0.0,0.0,-,2.553513e-15,4001,142000,0,0,0,0,4001
c2,tilt1,p[land]*1.2,2,False,CONVERGED,CONVERGED,463,463,-,-,0.244820750655781,0.2448208,45,45,0,0,Commons,Commons,Commons,Commons,0.0,0.0,1407.2289661856398,1407.229,0.3649205156852357,0.3649205,70,70,0.44885546524742986,0.4488555,0.0,0.0,-,3.330669e-15,4001,142000,0,0,0,0,4001
c2,tilt1,p[labour]*2,3,False,CONVERGED,CONVERGED,295,295,-,-,0.4327506613712575,0.4327507,2,2,0,0,Commons,Commons,Commons,Commons,0.0,0.0,837.5935566282976,837.5936,0.4348124498810317,0.2437237,0,0,0.916660922680029,0.9166609,0.0,0.0,-,1.8873789999999997e-15,4001,142000,0,0,0,0,4001
c2,tilt1,p[labour]*0.5,3,False,CONVERGED,CONVERGED,511,511,-,-,0.0,0.0,90,90,0,0,Commons,Commons,Commons,Commons,0.0,0.0,inf,inf,0.0,0.0,128,128,0.17436783647959012,0.1743678,0.0,0.0,-,1.554312e-15,4001,142000,0,0,0,0,4001
c2,tilt1,p[land]*2,3,False,CONVERGED,CONVERGED,539,539,-,-,0.028417948551795056,0.02841795,113,113,0,0,Commons,Commons,Commons,Commons,0.0,0.0,3560.734342176962,3560.734,0.06569300074450725,0.065693,159,159,0.26584153973448577,0.2658415,0.0,0.0,-,2.664535e-15,4001,142000,0,0,0,0,4001
c2,tilt1,p[manufactures]*0.8,2,False,CONVERGED,CONVERGED,330,330,-,-,0.7930053067666426,0.7930053,0,0,0,0,Commons,Commons,Commons,Commons,0.0,0.0,231.92536535625993,231.9254,0.7850833499681428,0.7850833,0,0,0.9088367905525159,0.9088368,0.0,0.0,-,2.442491e-15,4001,142000,0,0,0,0,4001
c2,tilt1,p[land]*0.5,3,False,CONVERGED,CONVERGED,420,420,-,-,0.0,0.0,45,45,0,0,Commons,Commons,Commons,Commons,0.0,0.0,inf,inf,0.0,0.0,66,66,0.26806359051207224,0.2680636,0.0,0.0,-,2.664535e-15,4001,142000,0,0,0,0,4001
c2,tilt1,p[land]*0.8,2,False,CONVERGED,CONVERGED,314,314,-,-,0.5984752023720551,0.5984752,0,0,0,0,Commons,Commons,Commons,Commons,0.0,0.0,513.3701878047923,513.3702,0.598475202372055,0.5984752,0,0,0.6648984398987168,0.6648984,0.0,0.0,-,2.442491e-15,4001,142000,0,0,0,0,4001
c2,tilt1,p[manufactures]*1.05,1,False,CONVERGED,CONVERGED,167,167,-,-,0.9890718146939826,0.9890718,0,0,0,0,Commons,Commons,Commons,Commons,0.0,0.0,48.790164169432046,48.79016,0.9853286649687483,0.9585622,0,0,0.9872234091469582,0.9872234,0.0,0.0,-,2.442491e-15,4001,142000,0,0,0,0,4001
c2,tilt1,p[care]*2,3,False,CONVERGED,CONVERGED,393,393,-,-,0.609577072812305,0.6095771,0,0,0,0,Commons,Commons,Commons,Commons,0.0,0.0,693.1471805599452,693.1472,0.5805093523153652,0.5805094,16,16,0.49979406833687035,0.4997941,0.0,0.0,-,3.330669e-15,4001,142000,0,0,0,0,4001
c2,tilt1,p[manufactures]*0.95,1,False,CONVERGED,CONVERGED,245,245,-,-,0.9461529823276881,0.946153,0,0,0,0,Commons,Commons,Commons,Commons,0.0,0.0,55.351008070577926,55.35101,0.9434378827079954,0.9434379,0,0,0.977522429903235,0.9775224,0.0,0.0,-,2.88658e-15,4001,142000,0,0,0,0,4001
c2,tilt1,p[manufactures]*1.2,2,False,CONVERGED,CONVERGED,254,254,-,-,0.957045596614782,0.9570456,0,0,0,0,Commons,Commons,Commons,Commons,0.0,0.0,182.32155679395458,182.3216,0.9431104774778736,0.8553238,0,0,0.9483247586080242,0.9483248,0.0,0.0,-,3.108624e-15,4001,142000,0,0,0,0,4001
c2,tilt1,p[food]*1.2,2,False,CONVERGED,CONVERGED,317,317,-,-,0.7046790797856133,0.7046791,0,0,0,0,Commons,Commons,Commons,Commons,0.0,0.0,350.0127857854149,350.0128,0.710882340928832,0.7108823,0,0,0.8641545081090327,0.8641545,0.0,0.0,-,3.108624e-15,4001,142000,0,0,0,0,4001
c2,tilt1,p[food]*1.05,1,False,CONVERGED,CONVERGED,232,232,-,-,0.9150563551453869,0.9150564,0,0,0,0,Commons,Commons,Commons,Commons,0.0,0.0,88.76962528039451,88.76963,0.9171562123784205,0.9171562,0,0,0.9676534193349835,0.9676534,0.0,0.0,-,2.553513e-15,4001,142000,0,0,0,0,4001
c2,tilt1,p[manufactures]*2,3,False,CONVERGED,CONVERGED,346,346,-,-,0.7750698318216365,0.7750698,0,0,0,0,Commons,Commons,Commons,Commons,0.0,0.0,693.1471805599452,693.1472,0.7528315211789384,0.5680216,0,0,0.7270373939981504,0.7270374,0.0,0.0,-,2.88658e-15,4001,142000,0,0,0,0,4001
c2,tilt1,p[manufactures]*0.5,3,False,CONVERGED,CONVERGED,382,382,-,-,0.5124973964842102,0.5124974,0,0,0,0,Commons,Commons,Commons,Commons,0.0,0.0,693.1471805599452,693.1472,0.502758575346163,0.5027586,0,0,0.795065355211828,0.7950654,0.0,0.0,-,2.442491e-15,4001,142000,0,0,0,0,4001
c2,tilt1,p[food]*0.95,1,False,CONVERGED,CONVERGED,294,294,-,-,0.9322059904545918,0.932206,0,0,0,0,Commons,Commons,Commons,Commons,0.0,0.0,77.66700740179678,77.66701,0.8939116359312954,0.8939116,0,0,0.9265875176940163,0.9265875,0.0,0.0,-,2.664535e-15,4001,142000,0,0,0,0,4001
c2,tilt1,p[food]*2,3,False,CONVERGED,CONVERGED,412,412,-,-,0.11309454999879918,0.1130945,28,28,0,0,Commons,Commons,Commons,Commons,0.0,0.0,2179.5310844764713,2179.531,0.13122363945150467,0.1312236,34,34,0.516715476782563,0.5167155,0.0,0.0,-,3.330669e-15,4001,142000,0,0,0,0,4001
c2,tilt1,p[food]*0.8,2,False,CONVERGED,CONVERGED,378,378,-,-,0.7100538767959603,0.7100539,0,0,0,0,Commons,Commons,Commons,Commons,0.0,0.0,342.41442901451893,342.4144,0.6409296711711872,0.6409297,0,0,0.6901567364233933,0.6901567,0.0,0.0,-,1.554312e-15,4001,142000,0,0,0,0,4001
c2,tilt1,p[food]*0.5,3,False,CONVERGED,CONVERGED,435,435,-,-,0.4349762213480597,0.4349762,38,38,0,0,Commons,Commons,Commons,Commons,0.0,0.0,832.4639129552388,832.4639,0.3169628712543383,0.3169629,34,34,0.491620558289203,0.4916206,0.0,0.0,-,2.331468e-15,4001,142000,0,0,0,0,4001
c2,tilt1,p[care]*0.95,1,False,CONVERGED,CONVERGED,216,216,-,-,0.9374915919749601,0.9374916,0,0,0,0,Commons,Commons,Commons,Commons,0.0,0.0,64.54748973783137,64.54749,0.9307157682474612,0.9307158,0,0,0.979580637108858,0.9795806,0.0,0.0,-,3.552714e-15,4001,142000,0,0,0,0,4001
c2,tilt1,p[care]*1.05,1,False,CONVERGED,CONVERGED,176,176,-,-,0.9743613287565448,0.9743613,0,0,0,0,Commons,Commons,Commons,Commons,0.0,0.0,48.790164169432046,48.79016,0.9702556021149207,0.9683416,0,0,0.9856133598135847,0.9856134,0.0,0.0,-,2.109424e-15,4001,142000,0,0,0,0,4001
c2,tilt1,p[care]*1.2,2,False,CONVERGED,CONVERGED,261,261,-,-,0.9021492097669785,0.9021492,0,0,0,0,Commons,Commons,Commons,Commons,0.0,0.0,182.32155679395458,182.3216,0.8884005984977174,0.883987,0,0,0.9423667496943557,0.9423667,0.0,0.0,-,2.331468e-15,4001,142000,0,0,0,0,4001
c2,tilt1,p[care]*0.8,2,False,CONVERGED,CONVERGED,293,293,-,-,0.7633526972579753,0.7633527,0,0,0,0,Commons,Commons,Commons,Commons,0.0,0.0,270.03510383684613,270.0351,0.7407384894852308,0.7407385,0,0,0.9231552336564861,0.9231552,0.0,0.0,-,2.88658e-15,4001,142000,0,0,0,0,4001
c2,tilt1,p[care]*0.5,3,False,CONVERGED,CONVERGED,343,343,-,-,0.47130968179561844,0.4713097,13,13,0,0,Commons,Commons,Commons,Commons,0.0,0.0,752.2399025186634,752.2399,0.4356175211831763,0.4356175,0,0,0.8065048701411754,0.8065049,0.0,0.0,-,2.775558e-15,4001,142000,0,0,0,0,4001
c2,tilt1,p[shelter]*1.05,1,False,CONVERGED,CONVERGED,201,201,-,-,0.966973580698112,0.9669736,0,0,0,0,Commons,Commons,Commons,Commons,0.0,0.0,48.790164169432046,48.79016,0.9733638676182513,0.9276762,0,0,0.9856584282544814,0.9856584,0.0,0.0,-,2.664535e-15,4001,142000,0,0,0,0,4001
c2,tilt1,p[shelter]*0.95,1,False,CONVERGED,CONVERGED,266,266,-,-,0.9271958731540675,0.9271959,0,0,0,0,Commons,Commons,Commons,Commons,0.0,0.0,75.59043783571146,75.59044,0.8928150276549669,0.892815,0,0,0.9350002054928588,0.9350002,0.0,0.0,-,1.9984009999999997e-15,4001,142000,0,0,0,0,4001
c2,tilt1,p[shelter]*1.2,2,False,CONVERGED,CONVERGED,282,282,-,-,0.8772073536456819,0.8772074,0,0,0,0,Commons,Commons,Commons,Commons,0.0,0.0,182.32155679395458,182.3216,0.8987594629621604,0.7613653,0,0,0.9403217709220986,0.9403218,0.0,0.0,-,1.9984009999999997e-15,4001,142000,0,0,0,0,4001
c2,tilt1,p[shelter]*0.8,2,False,CONVERGED,CONVERGED,345,345,-,-,0.7290628355589356,0.7290628,0,0,0,0,Commons,Commons,Commons,Commons,0.0,0.0,315.99535650563064,315.9954,0.6321246981808937,0.6321247,0,0,0.7231315344223767,0.7231315,0.0,0.0,-,1.776357e-15,4001,142000,0,0,0,0,4001
c2,tilt1,p[mach]*1.05,1,False,CONVERGED,CONVERGED,260,260,-,-,0.876915458651309,0.8769155,0,0,0,0,Commons,Commons,Commons,Commons,0.0,0.0,131.34468960171685,131.3447,0.8324068669545578,0.8324069,0,0,0.9213602822877629,0.9213603,0.0,0.0,-,2.109424e-15,4001,142000,0,0,0,0,4001
c2,tilt1,p[shelter]*0.5,3,False,CONVERGED,CONVERGED,398,398,-,-,0.3947321765589249,0.3947322,31,31,0,0,Commons,Commons,Commons,Commons,0.0,0.0,929.5477780780822,929.5478,0.3066850566920572,0.3066851,21,21,0.46989952891317327,0.4698995,0.0,0.0,-,2.664535e-15,4001,142000,0,0,0,0,4001
c2,tilt1,s[food]*1.05,1,False,CONVERGED,CONVERGED,283,283,-,-,0.8484309521217023,0.848431,0,0,0,0,Commons,Commons,Commons,Commons,0.0,0.0,172.89863362432197,172.8986,0.8233654349609355,0.8233654,0,0,0.9184907313363135,0.9184907,0.0,0.0,-,3.330669e-15,4001,142000,0,0,0,0,4001
c2,tilt1,p[shelter]*2,3,False,CONVERGED,CONVERGED,364,364,-,-,0.5565404376429073,0.5565404,0,0,0,0,Commons,Commons,Commons,Commons,0.0,0.0,693.1471805599452,693.1472,0.6066192844387431,0.3839972,0,0,0.6536931050785796,0.6536931,0.0,0.0,-,2.664535e-15,4001,142000,0,0,0,0,4001
c2,tilt1,p[mach]*0.95,1,False,CONVERGED,CONVERGED,396,396,-,-,0.5981026615526716,0.5981027,0,0,0,0,Commons,Commons,Commons,Commons,0.0,0.0,513.9928649287007,513.9929,0.6763278997022573,0.6763279,0,0,0.549676934245097,0.5496769,0.0,0.0,-,3.552714e-15,4001,142000,0,0,0,0,4001
c2,tilt1,p[mach]*0.5,3,False,CONVERGED,CONVERGED,640,640,-,-,0.01907343530670712,0.01907344,213,213,0,0,Commons,Commons,Commons,Commons,0.0,0.0,8700.0,8700.0,0.013574275963324068,0.01357428,252,252,0.21945495611122998,0.219455,0.0,0.0,-,2.220446e-15,4001,142000,0,0,0,0,4001
c2,tilt1,s[manufactures]*1.2,2,True,CONVERGED,CONVERGED,105,105,-,-,0.9999999999999996,1.0,0,0,0,0,Commons,Commons,Commons,Commons,0.0,0.0,174.1599117457398,174.1599,0.9999999999999996,1.0,0,0,1.0,1.0,0.0,0.0,-,2.220446e-15,4001,142000,0,0,0,0,4001
c2,tilt1,p[mach]*2,3,False,CONVERGED,CONVERGED,410,410,-,-,0.2562486982421053,0.2562487,30,30,0,0,Commons,Commons,Commons,Commons,0.0,0.0,1361.6068285732317,1361.607,0.1907651446940056,0.1907651,41,41,0.3669563027345128,0.3669563,0.0,0.0,-,3.108624e-15,4001,142000,0,0,0,0,4001
c2,tilt1,p[mach]*1.2,2,False,CONVERGED,CONVERGED,334,334,-,-,0.633565856885973,0.6335659,0,0,0,0,Commons,Commons,Commons,Commons,0.0,0.0,456.3913274244767,456.3913,0.5418535229775091,0.5418535,0,0,0.6909275095231127,0.6909275,0.0,0.0,-,2.109424e-15,4001,142000,0,0,0,0,4001
c2,tilt1,p[mach]*0.8,2,False,CONVERGED,CONVERGED,506,506,-,-,0.19906930975609527,0.1990693,67,67,0,0,Commons,Commons,Commons,Commons,0.0,0.0,1614.1022246649732,1614.102,0.17751176741353072,0.1775118,108,108,0.46497564173107586,0.4649756,0.0,0.0,-,4.218847e-15,4001,142000,0,0,0,0,4001
c2,tilt1,s[food]*0.8,2,False,CONVERGED,CONVERGED,331,331,-,-,0.8930719721037934,0.893072,0,0,0,0,Commons,Commons,Commons,Commons,0.0,0.0,211.02463900491762,211.0246,0.8521345845299763,0.8521346,0,0,0.8627064424963209,0.8627064,0.0,0.0,-,2.442491e-15,4001,142000,0,0,0,0,4001
c2,tilt1,s[manufactures]*0.95,1,True,CONVERGED,CONVERGED,78,78,-,-,0.9999999999999996,1.0,0,0,0,0,Commons,Commons,Commons,Commons,0.0,0.0,48.72971078306231,48.72971,0.9999999999999996,1.0,0,0,1.0,1.0,0.0,0.0,-,2.109424e-15,4001,142000,0,0,0,0,4001
c2,tilt1,s[manufactures]*1.05,1,True,CONVERGED,CONVERGED,78,78,-,-,0.9999999999999996,1.0,0,0,0,0,Commons,Commons,Commons,Commons,0.0,0.0,46.46505483938295,46.46505,0.9999999999999996,1.0,0,0,1.0,1.0,0.0,0.0,-,2.220446e-15,4001,142000,0,0,0,0,4001
c2,tilt1,s[manufactures]*0.8,2,True,CONVERGED,CONVERGED,105,105,-,-,0.9999999999999996,1.0,0,0,0,0,Commons,Commons,Commons,Commons,0.0,0.0,211.02463900491762,211.0246,0.9999999999999996,1.0,0,0,1.0,1.0,0.0,0.0,-,2.109424e-15,4001,142000,0,0,0,0,4001
c2,tilt1,s[manufactures]*0.5,3,True,CONVERGED,CONVERGED,124,124,-,-,0.9999999999999996,1.0,0,0,0,0,Commons,Commons,Commons,Commons,0.0,0.0,645.5285828834767,645.5286,0.9999999999999996,1.0,0,0,1.0,1.0,0.0,0.0,-,2.109424e-15,4001,142000,0,0,0,0,4001
c2,tilt1,s[manufactures]*2,3,True,CONVERGED,CONVERGED,138,138,-,-,0.9999999999999996,1.0,0,0,0,0,Commons,Commons,Commons,Commons,0.0,0.0,668.4596480132863,668.4596,0.9999999999999996,1.0,0,0,1.0,1.0,0.0,0.0,-,2.220446e-15,4001,142000,0,0,0,0,4001
c2,tilt1,s[food]*1.2,2,False,CONVERGED,CONVERGED,357,357,-,-,0.5478646231472393,0.5478646,0,0,0,0,Commons,Commons,Commons,Commons,0.0,0.0,675.1585201335939,675.1585,0.494683580689236,0.4946836,0,0,0.6868602457711529,0.6868602,0.0,0.0,-,1.9984009999999997e-15,4001,142000,0,0,0,0,4001
c2,tilt1,s[food]*0.95,1,False,CONVERGED,CONVERGED,324,324,-,-,0.8931229004197847,0.8931229,0,0,0,0,Commons,Commons,Commons,Commons,0.0,0.0,124.51329447378241,124.5133,0.8472193011645625,0.8472193,0,0,0.8587391201283519,0.8587391,0.0,0.0,-,2.220446e-15,4001,142000,0,0,0,0,4001
c2,tilt1,s[food]*2,3,False,CONVERGED,CONVERGED,433,433,-,-,0.0,0.0,32,32,0,0,Commons,Commons,Commons,Commons,0.0,0.0,inf,inf,0.0,0.0,49,49,0.38076021814687705,0.3807602,0.0,0.0,-,2.109424e-15,4001,142000,0,0,0,0,4001
c2,tilt1,s[care]*1.05,1,True,CONVERGED,CONVERGED,78,78,-,-,0.9999999999999996,1.0,0,0,0,0,Commons,Commons,Commons,Commons,0.0,0.0,46.46505483938295,46.46505,0.9999999999999996,1.0,0,0,1.0,1.0,0.0,0.0,-,2.220446e-15,4001,142000,0,0,0,0,4001
c2,tilt1,s[care]*1.2,2,True,CONVERGED,CONVERGED,105,105,-,-,0.9999999999999996,1.0,0,0,0,0,Commons,Commons,Commons,Commons,0.0,0.0,174.1599117457398,174.1599,0.9999999999999996,1.0,0,0,1.0,1.0,0.0,0.0,-,2.220446e-15,4001,142000,0,0,0,0,4001
c2,tilt1,s[care]*0.95,1,False,CONVERGED,CONVERGED,170,170,-,-,0.9893847942290277,0.9893848,0,0,0,0,Commons,Commons,Commons,Commons,0.0,0.0,48.72971078306231,48.72971,0.9844032248689967,0.9844032,0,0,0.9891003231269028,0.9891003,0.0,0.0,-,3.330669e-15,4001,142000,0,0,0,0,4001
c2,tilt1,s[care]*0.5,3,False,CONVERGED,CONVERGED,352,352,-,-,0.8077677215196086,0.8077677,0,0,0,0,Commons,Commons,Commons,Commons,0.0,0.0,645.5285828834767,645.5286,0.7374371567600213,0.7374372,0,0,0.7476989241412616,0.7476989,0.0,0.0,-,2.664535e-15,4001,142000,0,0,0,0,4001
c2,tilt1,s[shelter]*1.05,1,False,CONVERGED,CONVERGED,191,191,-,-,0.9632858527753666,0.9632859,0,0,0,0,Commons,Commons,Commons,Commons,0.0,0.0,46.46505483938295,46.46505,0.9580697970268616,0.9580698,0,0,0.9826064343334202,0.9826064,0.0,0.0,-,1.776357e-15,4001,142000,0,0,0,0,4001
c2,tilt1,s[food]*0.5,3,False,CONVERGED,CONVERGED,305,305,-,-,0.9282386205601807,0.9282386,0,0,0,0,Commons,Commons,Commons,Commons,0.0,0.0,645.5285828834767,645.5286,0.9194016502511799,0.904911,0,0,0.9281097387996329,0.9281097,0.0,0.0,-,2.553513e-15,4001,142000,0,0,0,0,4001
c2,tilt1,s[care]*0.8,2,False,CONVERGED,CONVERGED,292,292,-,-,0.9217580884119254,0.9217581,0,0,0,0,Commons,Commons,Commons,Commons,0.0,0.0,211.02463900491762,211.0246,0.8976650648893637,0.8976651,0,0,0.9170438628616013,0.9170439,0.0,0.0,-,2.331468e-15,4001,142000,0,0,0,0,4001
c2,tilt1,s[care]*2,3,True,CONVERGED,CONVERGED,138,138,-,-,0.9999999999999996,1.0,0,0,0,0,Commons,Commons,Commons,Commons,0.0,0.0,668.4596480132863,668.4596,0.9999999999999996,1.0,0,0,1.0,1.0,0.0,0.0,-,2.220446e-15,4001,142000,0,0,0,0,4001
c2,tilt1,s[shelter]*0.95,1,False,CONVERGED,CONVERGED,214,214,-,-,0.9830434372647582,0.9830434,0,0,0,0,Commons,Commons,Commons,Commons,0.0,0.0,48.72971078306231,48.72971,0.9748782452118485,0.9748782,0,0,0.9789184857429557,0.9789185,0.0,0.0,-,2.553513e-15,4001,142000,0,0,0,0,4001
c2,tilt1,JA(2),3,False,CONVERGED,CONVERGED,413,413,-,-,0.0,0.0,17,17,0,0,Commons,Commons,Commons,Commons,0.0,0.0,inf,inf,0.0,0.0,43,43,0.49331027254503207,0.4933103,0.0,0.0,-,1.554312e-15,4001,142000,0,0,0,0,4001
c2,tilt1,s[shelter]*1.2,2,False,CONVERGED,CONVERGED,274,274,-,-,0.8674778656964778,0.8674779,0,0,0,0,Commons,Commons,Commons,Commons,0.0,0.0,174.1599117457398,174.1599,0.8456284349500323,0.8456284,0,0,0.9301630791694702,0.9301631,0.0,0.0,-,3.330669e-15,4001,142000,0,0,0,0,4001
c2,tilt1,s[shelter]*0.8,2,False,CONVERGED,CONVERGED,200,200,-,-,0.9869500097803179,0.98695,0,0,0,0,Commons,Commons,Commons,Commons,0.0,0.0,211.02463900491762,211.0246,0.980506381905805,0.9797144,0,0,0.9833680542302252,0.9833681,0.0,0.0,-,3.663736e-15,4001,142000,0,0,0,0,4001
c2,tilt1,s[shelter]*2,3,False,CONVERGED,CONVERGED,375,375,-,-,0.5187431484453506,0.5187431,1,1,0,0,Commons,Commons,Commons,Commons,0.0,0.0,712.159115055077,712.1591,0.46738578514460927,0.4673858,0,0,0.5614703885265757,0.5614704,0.0,0.0,-,1.776357e-15,4001,142000,0,0,0,0,4001
c2,tilt1,JB(1.2),2,False,CONVERGED,CONVERGED,475,475,-,-,0.34434772898080335,0.3443477,43,43,0,0,Commons,Commons,Commons,Commons,0.0,0.0,1077.1092329641517,1077.109,0.3070532662941828,0.3070533,78,78,0.5162270423984353,0.516227,0.0,0.0,-,3.552714e-15,4001,142000,0,0,0,0,4001
c2,tilt1,JA(0.95),1,False,CONVERGED,CONVERGED,410,410,-,-,0.5174980863838515,0.5174981,0,0,0,0,Commons,Commons,Commons,Commons,0.0,0.0,658.7494516584323,658.7495,0.5937712972551512,0.5937713,19,19,0.5012271251336348,0.5012271,0.0,0.0,-,2.88658e-15,4001,142000,0,0,0,0,4001
c2,tilt1,JA(0.8),2,False,CONVERGED,CONVERGED,513,513,-,-,0.09934503538712265,0.09934504,79,79,0,0,Commons,Commons,Commons,Commons,0.0,0.0,2309.156282172783,2309.156,0.1462472133327114,0.1462472,116,116,0.3949039652234822,0.394904,0.0,0.0,-,1.9984009999999997e-15,4001,142000,0,0,0,0,4001
c2,tilt1,JA(1.05),1,False,CONVERGED,CONVERGED,248,248,-,-,0.8136334392060107,0.8136334,0,0,0,0,Commons,Commons,Commons,Commons,0.0,0.0,219.21260940450534,219.2126,0.8081347290831702,0.8081347,0,0,0.9419774767864362,0.9419775,0.0,0.0,-,2.664535e-15,4001,142000,0,0,0,0,4001
c2,tilt1,JA(1.2),2,False,CONVERGED,CONVERGED,326,326,-,-,0.4425949559682689,0.442595,2,2,0,0,Commons,Commons,Commons,Commons,0.0,0.0,815.100247796442,815.1002,0.5015797003914887,0.5015797,0,0,0.7619901905920138,0.7619902,0.0,0.0,-,3.108624e-15,4001,142000,0,0,0,0,4001
c2,tilt1,JB(1.05),1,False,CONVERGED,CONVERGED,383,383,-,-,0.7216351109694373,0.7216351,0,0,0,0,Commons,Commons,Commons,Commons,0.0,0.0,326.2356543090198,326.2357,0.7362082580935418,0.7362083,0,0,0.6611775293526005,0.6611775,0.0,0.0,-,2.88658e-15,4001,142000,0,0,0,0,4001
c2,tilt1,JB(0.8),2,False,CONVERGED,CONVERGED,400,400,-,-,0.3080048029152276,0.3080048,28,28,0,0,Commons,Commons,Commons,Commons,0.0,0.0,1292.0766506740488,1292.077,0.18854695535494526,0.188547,33,33,0.3634825673651863,0.3634826,0.0,0.0,-,3.108624e-15,4001,142000,0,0,0,0,4001
c2,tilt1,JB(0.95),1,False,CONVERGED,CONVERGED,336,336,-,-,0.7031529597734956,0.703153,0,0,0,0,Commons,Commons,Commons,Commons,0.0,0.0,357.2314594026378,357.2315,0.6054822490291556,0.6054822,0,0,0.7324750053955312,0.732475,0.0,0.0,-,3.108624e-15,4001,142000,0,0,0,0,4001
c2,tilt1,JA(0.5),3,False,CONVERGED,CONVERGED,634,634,-,-,0.015477126703748763,0.01547713,209,209,0,0,Commons,Commons,Commons,Commons,0.0,0.0,7289.740952440597,7289.741,0.01768731752587439,0.01768732,239,239,0.19180320869942477,0.1918032,0.0,0.0,-,4.107825e-15,4001,142000,0,0,0,0,4001
c2,tilt1,s[shelter]*0.5,3,False,CONVERGED,CONVERGED,200,200,-,-,0.9869500097803179,0.98695,0,0,0,0,Commons,Commons,Commons,Commons,0.0,0.0,645.5285828834767,645.5286,0.980506381905805,0.9797144,0,0,0.9833680542302252,0.9833681,0.0,0.0,-,2.220446e-15,4001,142000,0,0,0,0,4001
c2,tilt1,JB(2),3,False,CONVERGED,CONVERGED,637,637,-,-,0.013907531468409102,0.01390753,210,210,0,0,Commons,Commons,Commons,Commons,0.0,0.0,9193.147180559945,9193.147,0.009732968478799417,0.009732968,261,261,0.22913101244554362,0.229131,0.0,0.0,-,3.108624e-15,4001,142000,0,0,0,0,4001
c2,tilt1,N(1.05),1,False,CONVERGED,CONVERGED,282,282,-,-,0.9356977022820354,0.9356977,0,0,0,0,Commons,Commons,Commons,Commons,0.0,0.0,67.52435373465329,67.52435,0.9683566730288476,0.9327907,0,0,0.9462851987848815,0.9462852,0.0,0.0,-,2.553513e-15,4001,142000,0,0,0,0,4001
c2,tilt1,N(0.95),1,False,CONVERGED,CONVERGED,265,265,-,-,0.9353059018420379,0.9353059,0,0,0,0,Commons,Commons,Commons,Commons,0.0,0.0,70.1345207368677,70.13452,0.8922492321639107,0.8922492,0,0,0.9109028432541991,0.9109028,0.0,0.0,-,3.663736e-15,4001,142000,0,0,0,0,4001
c2,tilt1,N(0.8),2,False,CONVERGED,CONVERGED,376,376,-,-,0.5961290353827653,0.596129,0,0,0,0,Commons,Commons,Commons,Commons,0.0,0.0,537.1073305356929,537.1073,0.598481455771247,0.5984815,0,0,0.5052351454218938,0.5052351,0.0,0.0,-,1.554312e-15,4001,142000,0,0,0,0,4001
c2,tilt1,JB(0.5),3,False,CONVERGED,CONVERGED,460,460,-,-,0.02420940681356347,0.02420941,65,65,0,0,Commons,Commons,Commons,Commons,0.0,0.0,4156.167282796719,4156.167,0.009232360009253588,0.00923236,85,85,0.1825441848150152,0.1825442,0.0,0.0,-,2.220446e-15,4001,142000,0,0,0,0,4001
c2,tilt1,N(1.2),2,False,CONVERGED,CONVERGED,362,362,-,-,0.7848815963047607,0.7848816,0,0,0,0,Commons,Commons,Commons,Commons,0.0,0.0,246.31264571956578,246.3126,0.8965279573580781,0.7755983,0,0,0.7717482118295801,0.7717482,0.0,0.0,-,2.88658e-15,4001,142000,0,0,0,0,4001
c2,tilt1,N(2),3,False,CONVERGED,CONVERGED,451,451,-,-,0.42278528487200623,0.4227853,23,23,0,0,Commons,Commons,Commons,Commons,0.0,0.0,883.0101885275607,883.0102,0.7267413076796565,0.4045772,71,71,0.4815444359648499,0.4815444,0.0,0.0,-,2.664535e-15,4001,142000,0,0,0,0,4001
c2,tilt1,N(0.5),3,False,CONVERGED,CONVERGED,512,512,-,-,0.1816199526280103,0.18162,90,90,0,0,Commons,Commons,Commons,Commons,0.0,0.0,1753.8167745946378,1753.817,0.1626120359679614,0.162612,113,113,0.32709415263210195,0.3270942,0.0,0.0,-,2.664535e-15,4001,142000,0,0,0,0,4001
c2,tilt1,RC(1.2),2,False,CONVERGED,CONVERGED,357,357,-,-,0.6203122967159338,0.6203123,0,0,0,0,Commons,Commons,Commons,Commons,0.0,0.0,477.5322233789292,477.5322,0.5927104894300951,0.5927105,0,0,0.6729913591770973,0.6729914,0.0,0.0,-,2.553513e-15,4001,142000,0,0,0,0,4001
c2,tilt1,RC(1.05),1,False,CONVERGED,CONVERGED,287,287,-,-,0.8798246162762234,0.8798246,0,0,0,0,Commons,Commons,Commons,Commons,0.0,0.0,128.03269105881608,128.0327,0.8609461250569853,0.8609461,0,0,0.9110456765234335,0.9110457,0.0,0.0,-,2.331468e-15,4001,142000,0,0,0,0,4001
c2,tilt1,RC(2),3,False,CONVERGED,CONVERGED,404,404,-,-,0.12461961106773502,0.1246196,38,38,0,0,Commons,Commons,Commons,Commons,0.0,0.0,2082.489292816726,2082.489,0.14999195752217043,0.149992,27,27,0.5128552226658859,0.5128552,0.0,0.0,-,1.8873789999999997e-15,4001,142000,0,0,0,0,4001
c2,tilt1,RC(0.95),1,False,CONVERGED,CONVERGED,322,322,-,-,0.9281976883706266,0.9281977,0,0,0,0,Commons,Commons,Commons,Commons,0.0,0.0,88.61848638587655,88.61849,0.9141128088021453,0.9141128,0,0,0.9199185074451611,0.9199185,0.0,0.0,-,2.442491e-15,4001,142000,0,0,0,0,4001
c2,tilt1,RC(0.8),2,False,CONVERGED,CONVERGED,418,418,-,-,0.5783682470629211,0.5783682,0,0,0,0,Commons,Commons,Commons,Commons,0.0,0.0,547.5445075302089,547.5445,0.6736568793511045,0.6736569,0,0,0.5364983105730687,0.5364983,0.0,0.0,-,2.220446e-15,4001,142000,0,0,0,0,4001
c2,tilt1,x*/2,3,False,CONVERGED,CONVERGED,463,463,-,-,0.0,0.0,56,56,0,0,Commons,Commons,Commons,Commons,0.0,0.0,inf,inf,0.0,0.0,79,79,0.30871051181479914,0.3087105,0.0,0.0,-,3.885781e-15,4001,142000,0,0,0,0,4001
c2,tilt1,land.mach=0.44@genesis,2,False,CONVERGED,CONVERGED,436,436,-,-,0.3441606054132886,0.3441606,15,15,0,0,Commons,Commons,Commons,Commons,0.0,0.0,1066.6468543601018,1066.647,0.47191142852175355,0.4719114,40,40,0.49359478052463773,0.4935948,0.0,0.0,-,3.108624e-15,4001,142000,0,0,0,0,4001
c2,tilt1,land.mach=0.36@genesis,2,False,CONVERGED,CONVERGED,205,205,-,-,0.8944441073614386,0.8944441,0,0,0,0,Commons,Commons,Commons,Commons,0.0,0.0,128.688847374338,128.6888,0.9087495823589482,0.8780251,0,0,0.9905956610447323,0.9905957,0.0,0.0,-,2.997602e-15,4001,142000,0,0,0,0,4001
c2,tilt1,RC(0.5),3,False,CONVERGED,CONVERGED,520,520,-,-,0.20627224492796856,0.2062722,92,92,0,0,Commons,Commons,Commons,Commons,0.0,0.0,1578.5584053869811,1578.558,0.27015909984329267,0.2701591,97,97,0.49291444231250375,0.4929144,0.0,0.0,-,2.553513e-15,4001,142000,0,0,0,0,4001
c2,tilt1,land.mach=0.2@genesis,3,False,CONVERGED,CONVERGED,321,321,-,-,0.0,0.0,2,2,0,0,Commons,Commons,Commons,Commons,0.0,0.0,inf,inf,0.0,0.0,0,0,0.8794885518672857,0.8794886,0.0,0.0,-,5.995204e-15,4001,142000,0,0,0,0,4001
c2,tilt1,land.mach=0.8@genesis,3,False,CONVERGED,CONVERGED,577,577,-,-,0.00045742199362884555,0.000457422,156,156,0,0,Commons,Commons,Commons,Commons,0.0,0.0,7689.904193515751,7689.904,0.004325758127052814,0.004325758,251,251,0.2306468815892089,0.2306469,0.0,0.0,-,3.219647e-15,4001,142000,0,0,0,0,4001
c2,tilt1,b.food=0.66@genesis,2,False,CONVERGED,CONVERGED,328,328,-,-,0.8952854358045276,0.8952854,0,0,0,0,Commons,Commons,Commons,Commons,0.0,0.0,113.49000345693774,113.49,0.873515383099554,0.8374845,0,0,0.8488352196428207,0.8488352,0.0,0.0,-,2.553513e-15,4001,142000,0,0,0,0,4001
c2,tilt1,b.food=0.54@genesis,2,False,CONVERGED,CONVERGED,320,320,-,-,0.8391162000305881,0.8391162,0,0,0,0,Commons,Commons,Commons,Commons,0.0,0.0,175.40608385631262,175.4061,0.8297225088487719,0.8297225,0,0,0.899755706811467,0.8997557,0.0,0.0,-,2.88658e-15,4001,142000,0,0,0,0,4001
c2,tilt1,b.food=0.3@genesis,3,False,CONVERGED,CONVERGED,421,421,-,-,0.3182047470244839,0.3182047,26,26,0,0,Commons,Commons,Commons,Commons,0.0,0.0,1145.0602448224,1145.06,0.31932179563223756,0.3193218,20,20,0.462807124615892,0.4628071,0.0,0.0,-,2.775558e-15,4001,142000,0,0,0,0,4001
c2,tilt1,b.food=1.2@genesis,3,False,CONVERGED,CONVERGED,540,540,-,-,0.14503637061390692,0.1450364,92,92,0,0,Commons,Commons,Commons,Commons,0.0,0.0,3343.548259964699,3343.548,0.13037403740171763,0.130374,268,268,0.4655700265468167,0.46557,0.0,0.0,-,2.664535e-15,4001,142000,0,0,0,0,4001
c2,tilt1,commons=34.32@genesis,2,False,VACUOUS,VACUOUS,0,0,-,-,0.9999999999999996,1.0,0,0,0,0,Commons,Commons,Commons,Commons,0.0,0.0,4.440892098500627e-13,4.440892e-13,0.9999999999999996,1.0,0,0,1.0,1.0,0.0,0.0,-,4.4408920000000003e-16,4001,142000,0,0,0,0,4001
c2,tilt1,commons=62.4@genesis,3,False,VACUOUS,VACUOUS,0,0,-,-,0.9999999999999996,1.0,0,0,0,0,Commons,Commons,Commons,Commons,0.0,0.0,4.440892098500627e-13,4.440892e-13,0.9999999999999996,1.0,0,0,1.0,1.0,0.0,0.0,-,4.4408920000000003e-16,4001,142000,0,0,0,0,4001
c2,tilt1,commons=15.6@genesis,3,False,CONVERGED,CONVERGED,300,300,-,-,0.9095215368423336,0.9095215,0,0,0,0,Crowded,Crowded,Crowded,Crowded,0.4659530128462701,0.4659530128462692,126.84358767411918,126.8436,0.8709343405980174,0.8709343,0,0,0.9043336334600585,0.9043336,0.0,0.0,-,3.663736e-15,0,0,4001,142000,0,0,4001
c2,tilt1,commons=28.08@genesis,2,False,VACUOUS,VACUOUS,0,0,-,-,0.9999999999999996,1.0,0,0,0,0,Commons,Commons,Commons,Commons,0.0,0.0,4.440892098500627e-13,4.440892e-13,0.9999999999999996,1.0,0,0,1.0,1.0,0.0,0.0,-,4.4408920000000003e-16,4001,142000,0,0,0,0,4001
c2,tilt1,land.mach=0.8@dated,3,False,CONVERGED,CONVERGED,578,578,-,-,0.0005245851491261257,0.0005245851,156,156,0,0,Commons,Commons,Commons,Commons,0.0,0.0,7552.902799879737,7552.903,0.005080945780338332,0.005080946,252,252,0.22686978752679385,0.2268698,0.0,0.0,-,3.996803e-15,4001,142000,0,0,0,0,4001
c2,tilt1,commons=15.6@dated,3,False,CONVERGED,CONVERGED,300,300,-,-,0.9095215368423336,0.9095215,0,0,0,0,Crowded,Crowded,Crowded,Crowded,0.4659530128462701,0.46595301284626933,126.84358767411918,126.8436,0.8709343405980174,0.8709343,0,0,0.9043336334600585,0.9043336,0.0,0.0,-,4.218847e-15,0,0,4001,142000,0,0,4001
c2,tilt1,land.mach=0.36@dated,2,False,CONVERGED,CONVERGED,206,206,-,-,0.8944441073614385,0.8944441,0,0,0,0,Commons,Commons,Commons,Commons,0.0,0.0,128.68884737433828,128.6888,0.908749582358948,0.8783898,0,0,0.9902343610465126,0.9902344,0.0,0.0,-,4.218847e-15,4001,142000,0,0,0,0,4001
c2,tilt1,b.food=0.66@dated,2,False,CONVERGED,CONVERGED,323,323,-,-,0.9011014206240817,0.9011014,0,0,0,0,Commons,Commons,Commons,Commons,0.0,0.0,107.70871838405473,107.7087,0.8726068766033853,0.8726069,0,0,0.8572432292275126,0.8572432,0.0,0.0,-,2.664535e-15,4001,142000,0,0,0,0,4001
c2,tilt1,land.mach=0.2@dated,3,False,CONVERGED,CONVERGED,321,321,-,-,0.0,0.0,2,2,0,0,Commons,Commons,Commons,Commons,0.0,0.0,inf,inf,0.0,0.0,0,0,0.8772727537575173,0.8772728,0.0,0.0,-,1.0436100000000001e-14,4001,142000,0,0,0,0,4001
c2,tilt1,b.food=0.54@dated,2,False,CONVERGED,CONVERGED,321,321,-,-,0.8376991017055201,0.8376991,0,0,0,0,Commons,Commons,Commons,Commons,0.0,0.0,177.09631015729212,177.0963,0.8278851276710799,0.8278851,0,0,0.8977249997837113,0.897725,0.0,0.0,-,2.664535e-15,4001,142000,0,0,0,0,4001
c2,tilt1,commons=28.08@dated,2,False,VACUOUS,VACUOUS,0,0,-,-,0.9999999999999996,1.0,0,0,0,0,Commons,Commons,Commons,Commons,0.0,0.0,4.440892098500627e-13,4.440892e-13,0.9999999999999996,1.0,0,0,1.0,1.0,0.0,0.0,-,4.4408920000000003e-16,4001,142000,0,0,0,0,4001
c2,tilt1,land.mach=0.44@dated,2,False,CONVERGED,CONVERGED,437,437,-,-,0.33823017343952183,0.3382302,16,16,0,0,Commons,Commons,Commons,Commons,0.0,0.0,1084.028628757755,1084.029,0.46698271987171247,0.4669827,41,41,0.4934680923981702,0.4934681,0.0,0.0,-,2.775558e-15,4001,142000,0,0,0,0,4001
c2,tilt1,b.food=1.2@dated,3,False,CONVERGED,CONVERGED,538,538,-,-,0.15035122546424873,0.1503512,90,90,0,0,Commons,Commons,Commons,Commons,0.0,0.0,3285.218621893369,3285.219,0.13553520007427344,0.1355352,266,266,0.46586889700838496,0.4658689,0.0,0.0,-,4.3298699999999995e-15,4001,142000,0,0,0,0,4001
c2,tilt1,b.food=0.3@dated,3,False,CONVERGED,CONVERGED,422,422,-,-,0.315052203858996,0.3150522,26,26,0,0,Commons,Commons,Commons,Commons,0.0,0.0,1155.0169273511344,1155.017,0.315605872431596,0.3156059,20,20,0.4621395694353098,0.4621396,0.0,0.0,-,2.442491e-15,4001,142000,0,0,0,0,4001
c2,tilt1,commons=62.4@dated,3,False,VACUOUS,VACUOUS,0,0,-,-,0.9999999999999996,1.0,0,0,0,0,Commons,Commons,Commons,Commons,0.0,0.0,4.440892098500627e-13,4.440892e-13,0.9999999999999996,1.0,0,0,1.0,1.0,0.0,0.0,-,4.4408920000000003e-16,4001,142000,0,0,0,0,4001
c2,tilt1,commons=34.32@dated,2,False,VACUOUS,VACUOUS,0,0,-,-,0.9999999999999996,1.0,0,0,0,0,Commons,Commons,Commons,Commons,0.0,0.0,4.440892098500627e-13,4.440892e-13,0.9999999999999996,1.0,0,0,1.0,1.0,0.0,0.0,-,4.4408920000000003e-16,4001,142000,0,0,0,0,4001
c2,tpy12,p[labour]*1.05,1,False,CONVERGED,CONVERGED,909,909,-,-,0.9020866057272936,0.9020866,0,0,0,0,Commons,Commons,Commons,Commons,0.0,0.0,145.4569302467056,145.4569,0.8887642793439674,0.8068069,0,0,0.9499504417284685,0.9499504,0.0,0.0,-,4.107825e-15,4323,26000,0,0,0,0,4323
c2,tpy12,p[land]*0.95,1,False,CONVERGED,CONVERGED,945,945,-,-,0.9188844843610785,0.9188845,0,0,0,0,Commons,Commons,Commons,Commons,0.0,0.0,100.041647600816,100.0416,0.9310256474291695,0.9310256,0,0,0.9455138193320002,0.9455138,0.0,0.0,-,9.103829e-15,4313,26000,0,0,0,0,4313
c2,tpy12,p[land]*1.05,1,False,CONVERGED,CONVERGED,1059,1059,-,-,0.800435537096216,0.8004355,0,0,0,0,Commons,Commons,Commons,Commons,0.0,0.0,265.2911931777991,265.2912,0.8520093050247894,0.8471085,0,0,0.9172590669171855,0.9172591,0.0,0.0,-,6.77236e-15,4427,26000,0,0,0,0,4427
c2,tpy12,p[labour]*0.8,2,False,CONVERGED,CONVERGED,1157,1157,-,-,0.40226834472715595,0.4022683,1,1,0,0,Commons,Commons,Commons,Commons,0.0,0.0,910.6358888613895,910.6359,0.4016603222111068,0.4016603,9,9,0.704355993545771,0.704356,0.0,0.0,-,3.552714e-15,4525,26000,0,0,0,0,4525
c2,tpy12,p[manufactures]*1.05,1,False,CONVERGED,CONVERGED,513,513,-,-,0.9727584182062686,0.9727584,0,0,0,0,Commons,Commons,Commons,Commons,0.0,0.0,48.790164169432046,48.79016,0.9742200532168206,0.9639194,0,0,0.9930870493381264,0.993087,0.0,0.0,-,7.771561000000001e-15,4001,26000,0,0,0,0,4001
c2,tpy12,p[labour]*0.95,1,False,CONVERGED,CONVERGED,1004,1004,-,-,0.7816729686374327,0.781673,0,0,0,0,Commons,Commons,Commons,Commons,0.0,0.0,246.3188245796378,246.3188,0.7577948498761663,0.7577948,0,0,0.932482600921737,0.9324826,0.0,0.0,-,4.440892e-15,4373,26000,0,0,0,0,4373
c2,tpy12,p[labour]*1.2,2,False,CONVERGED,CONVERGED,1058,1058,-,-,0.6958057172474041,0.6958057,0,0,0,0,Commons,Commons,Commons,Commons,0.0,0.0,367.8199974938924,367.82,0.6638189522683615,0.6081696,0,0,0.8215268000666476,0.8215268,0.0,0.0,-,9.436896e-15,4426,26000,0,0,0,0,4426
c2,tpy12,p[manufactures]*0.8,2,False,CONVERGED,CONVERGED,1022,1022,-,-,0.7270720018608049,0.727072,0,0,0,0,Commons,Commons,Commons,Commons,0.0,0.0,374.30605933168795,374.3061,0.7273393959568784,0.7273394,0,0,0.8977555230122665,0.8977555,0.0,0.0,-,8.770762e-15,4437,26000,0,0,0,0,4437
c2,tpy12,p[manufactures]*0.95,1,False,CONVERGED,CONVERGED,822,822,-,-,0.93063796914034,0.930638,0,0,0,0,Commons,Commons,Commons,Commons,0.0,0.0,91.49071664458253,91.49072,0.9307979681140671,0.9293239,0,0,0.9767889541487146,0.976789,0.0,0.0,-,7.993606e-15,4191,26000,0,0,0,0,4191
c2,tpy12,p[land]*1.2,2,False,CONVERGED,CONVERGED,1163,1163,-,-,0.5002998048420625,0.5002998,0,0,0,0,Commons,Commons,Commons,Commons,0.0,0.0,822.923229327636,822.9232,0.5978579333502017,0.5890752,12,12,0.7407931978420996,0.7407932,0.0,0.0,-,5.551115e-15,4578,26000,0,0,0,0,4578
c2,tpy12,p[land]*0.8,2,False,CONVERGED,CONVERGED,1194,1194,-,-,0.7162358050332448,0.7162358,0,0,0,0,Commons,Commons,Commons,Commons,0.0,0.0,372.8982042899271,372.8982,0.7206962340810575,0.7206962,0,0,0.7796057468026277,0.7796057,0.0,0.0,-,5.329071e-15,4562,26000,0,0,0,0,4562
c2,tpy12,p[manufactures]*1.2,2,False,CONVERGED,CONVERGED,760,760,-,-,0.904657221202474,0.9046572,0,0,0,0,Commons,Commons,Commons,Commons,0.0,0.0,182.32155679395458,182.3216,0.9099137008673119,0.8718669,0,0,0.9721622669108881,0.9721623,0.0,0.0,-,3.885781e-15,4128,26000,0,0,0,0,4128
c2,tpy12,p[food]*0.95,1,False,CONVERGED,CONVERGED,813,813,-,-,0.8881420583700238,0.8881421,0,0,0,0,Commons,Commons,Commons,Commons,0.0,0.0,119.92637335450117,119.9264,0.8731861471704236,0.8731861,0,0,0.959747377092899,0.9597474,0.0,0.0,-,7.1054270000000005e-15,4182,26000,0,0,0,0,4182
c2,tpy12,p[food]*1.05,1,False,CONVERGED,CONVERGED,1006,1006,-,-,0.8821987854772932,0.8821988,0,0,0,0,Commons,Commons,Commons,Commons,0.0,0.0,125.33786800994048,125.3379,0.8913266611917804,0.8913267,0,0,0.9551326971147398,0.9551327,0.0,0.0,-,9.325873000000001e-15,4375,26000,0,0,0,0,4375
c2,tpy12,p[food]*0.8,2,False,CONVERGED,CONVERGED,921,921,-,-,0.7268543031650783,0.7268543,0,0,0,0,Commons,Commons,Commons,Commons,0.0,0.0,329.6794850450739,329.6795,0.669386980645428,0.669387,0,0,0.8954023074315157,0.8954023,0.0,0.0,-,1.2434500000000001e-14,4289,26000,0,0,0,0,4289
c2,tpy12,p[food]*1.2,2,False,CONVERGED,CONVERGED,1206,1206,-,-,0.6376389061445977,0.6376389,0,0,0,0,Commons,Commons,Commons,Commons,0.0,0.0,449.9831336930421,449.9831,0.6630634182102636,0.6630634,0,0,0.8464890452809068,0.846489,0.0,0.0,-,1.088019e-14,4575,26000,0,0,0,0,4575
c2,tpy12,p[care]*1.05,1,False,CONVERGED,CONVERGED,516,516,-,-,0.9721443932270037,0.9721444,0,0,0,0,Commons,Commons,Commons,Commons,0.0,0.0,48.790164169432046,48.79016,0.9734432461826874,0.9579626,0,0,0.9935314704895482,0.9935315,0.0,0.0,-,9.880985e-15,4001,26000,0,0,0,0,4001
c2,tpy12,p[care]*0.95,1,False,CONVERGED,CONVERGED,483,483,-,-,0.9287483691412244,0.9287484,0,0,0,0,Commons,Commons,Commons,Commons,0.0,0.0,89.64902557775133,89.64903,0.9315224886997425,0.9288001,0,0,0.9920478045952454,0.9920478,0.0,0.0,-,1.132427e-14,4001,26000,0,0,0,0,4001
c2,tpy12,p[shelter]*1.2,2,False,CONVERGED,CONVERGED,1169,1169,-,-,0.7366161936595478,0.7366162,0,0,0,0,Commons,Commons,Commons,Commons,0.0,0.0,310.78126998250514,310.7813,0.7993992014570377,0.7993992,0,0,0.8522691590876386,0.8522692,0.0,0.0,-,9.325873000000001e-15,4537,26000,0,0,0,0,4537
c2,tpy12,p[care]*0.8,2,False,CONVERGED,CONVERGED,728,728,-,-,0.7231634499914819,0.7231634,0,0,0,0,Commons,Commons,Commons,Commons,0.0,0.0,370.95793701679185,370.9579,0.7293765161785086,0.7293765,0,0,0.9630187748968718,0.9630188,0.0,0.0,-,6.77236e-15,4143,26000,0,0,0,0,4143
c2,tpy12,p[care]*1.2,2,False,CONVERGED,CONVERGED,808,808,-,-,0.9046060712634092,0.9046061,0,0,0,0,Commons,Commons,Commons,Commons,0.0,0.0,182.32155679395458,182.3216,0.9088745518490641,0.8509147,0,0,0.9745435970434662,0.9745436,0.0,0.0,-,7.882582999999999e-15,4177,26000,0,0,0,0,4177
c2,tpy12,p[mach]*1.05,1,False,CONVERGED,CONVERGED,800,800,-,-,0.8497601289614249,0.8497601,0,0,0,0,Commons,Commons,Commons,Commons,0.0,0.0,162.80117054588518,162.8012,0.8492309869940766,0.849231,0,0,0.9581435854460091,0.9581436,0.0,0.0,-,8.659739999999999e-15,4168,26000,0,0,0,0,4168
c2,tpy12,s[manufactures]*1.05,1,True,CONVERGED,CONVERGED,18,18,-,-,0.9999999999999768,1.0,0,0,0,0,Commons,Commons,Commons,Commons,0.0,0.0,39.47060135257019,39.4706,0.99999999999998,1.0,0,0,0.9999999999999906,1.0,0.0,0.0,-,4.4408920000000003e-16,4001,26000,0,0,0,0,4001
c2,tpy12,p[mach]*1.2,2,False,CONVERGED,CONVERGED,1046,1046,-,-,0.6152839609630768,0.615284,0,0,0,0,Commons,Commons,Commons,Commons,0.0,0.0,485.67139259465824,485.6714,0.62397269682174,0.6239727,0,0,0.8269171737082037,0.8269172,0.0,0.0,-,5.551115e-15,4414,26000,0,0,0,0,4414
c2,tpy12,p[shelter]*0.8,2,False,CONVERGED,CONVERGED,1346,1346,-,-,0.6437265867422759,0.6437266,0,0,0,0,Commons,Commons,Commons,Commons,0.0,0.0,440.4811977746854,440.4812,0.6563276458931637,0.6563276,0,0,0.8139772466511735,0.8139772,0.0,0.0,-,5.884182e-15,4715,26000,0,0,0,0,4715
c2,tpy12,p[mach]*0.8,2,False,CONVERGED,CONVERGED,1216,1216,-,-,0.40562870777200355,0.4056287,13,13,0,0,Commons,Commons,Commons,Commons,0.0,0.0,1021.5281311307472,1021.528,0.49058847376830417,0.4905885,15,15,0.7187592644039832,0.7187593,0.0,0.0,-,1.065814e-14,4584,26000,0,0,0,0,4584
c2,tpy12,s[food]*1.05,1,False,CONVERGED,CONVERGED,908,908,-,-,0.8686835358490577,0.8686835,0,0,0,0,Commons,Commons,Commons,Commons,0.0,0.0,140.7763905273172,140.7764,0.8426455173566977,0.8416213,0,0,0.9454206765113127,0.9454207,0.0,0.0,-,6.77236e-15,4322,26000,0,0,0,0,4322
c2,tpy12,p[shelter]*1.05,1,False,CONVERGED,CONVERGED,969,969,-,-,0.918993208372626,0.9189932,0,0,0,0,Commons,Commons,Commons,Commons,0.0,0.0,94.63234628923968,94.63235,0.9364366555392178,0.9364367,0,0,0.9622578027087929,0.9622578,0.0,0.0,-,1.110223e-14,4337,26000,0,0,0,0,4337
c2,tpy12,s[manufactures]*0.8,2,True,CONVERGED,CONVERGED,24,24,-,-,0.9999999999999768,1.0,0,0,0,0,Commons,Commons,Commons,Commons,0.0,0.0,175.5918499180843,175.5918,0.99999999999998,1.0,0,0,0.9999999999999906,1.0,0.0,0.0,-,4.4408920000000003e-16,4001,26000,0,0,0,0,4001
c2,tpy12,s[manufactures]*0.95,1,True,CONVERGED,CONVERGED,18,18,-,-,0.9999999999999768,1.0,0,0,0,0,Commons,Commons,Commons,Commons,0.0,0.0,41.09277722118941,41.09278,0.99999999999998,1.0,0,0,0.9999999999999906,1.0,0.0,0.0,-,4.4408920000000003e-16,4001,26000,0,0,0,0,4001
c2,tpy12,p[mach]*0.95,1,False,CONVERGED,CONVERGED,1110,1110,-,-,0.7306146040614259,0.7306146,0,0,0,0,Commons,Commons,Commons,Commons,0.0,0.0,360.28983360945296,360.2898,0.7829640525863266,0.7829641,0,0,0.8794590391356264,0.879459,0.0,0.0,-,4.662937e-15,4478,26000,0,0,0,0,4478
c2,tpy12,p[shelter]*0.95,1,False,CONVERGED,CONVERGED,1053,1053,-,-,0.8845306098480221,0.8845306,0,0,0,0,Commons,Commons,Commons,Commons,0.0,0.0,124.89717749828519,124.8972,0.8979758080708621,0.8979758,0,0,0.9548100827146424,0.9548101,0.0,0.0,-,1.931788e-14,4467,26000,0,0,0,0,4467
c2,tpy12,s[shelter]*1.05,1,False,CONVERGED,CONVERGED,759,759,-,-,0.9626336845000973,0.9626337,0,0,0,0,Commons,Commons,Commons,Commons,0.0,0.0,40.13101792246328,40.13102,0.9616522645837999,0.9572442,0,0,0.9816501439285389,0.9816501,0.0,0.0,-,4.107825e-15,4127,26000,0,0,0,0,4127
c2,tpy12,s[food]*1.2,2,False,CONVERGED,CONVERGED,1057,1057,-,-,0.6229900853759265,0.6229901,0,0,0,0,Commons,Commons,Commons,Commons,0.0,0.0,473.2246746456733,473.2247,0.6230901445361265,0.6230901,0,0,0.8387679467587738,0.8387679,0.0,0.0,-,7.660539e-15,4472,26000,0,0,0,0,4472
c2,tpy12,s[care]*0.8,2,False,CONVERGED,CONVERGED,955,955,-,-,0.8499904187500441,0.8499904,0,0,0,0,Commons,Commons,Commons,Commons,0.0,0.0,175.5918499180843,175.5918,0.8233252911943262,0.8233253,0,0,0.922888047434875,0.922888,0.0,0.0,-,8.437695e-15,4323,26000,0,0,0,0,4323
c2,tpy12,s[manufactures]*1.2,2,True,CONVERGED,CONVERGED,24,24,-,-,0.9999999999999768,1.0,0,0,0,0,Commons,Commons,Commons,Commons,0.0,0.0,149.3158664763651,149.3159,0.99999999999998,1.0,0,0,0.9999999999999906,1.0,0.0,0.0,-,4.4408920000000003e-16,4001,26000,0,0,0,0,4001
c2,tpy12,s[food]*0.8,2,False,CONVERGED,CONVERGED,908,908,-,-,0.9057504111820547,0.9057504,0,0,0,0,Commons,Commons,Commons,Commons,0.0,0.0,175.5918499180843,175.5918,0.8943772361764083,0.8943772,0,0,0.9470713514975388,0.9470714,0.0,0.0,-,1.4876989999999998e-14,4276,26000,0,0,0,0,4276
c2,tpy12,s[food]*0.95,1,False,CONVERGED,CONVERGED,957,957,-,-,0.8780249725924706,0.878025,0,0,0,0,Commons,Commons,Commons,Commons,0.0,0.0,134.00207116316176,134.0021,0.8554420067855766,0.855442,0,0,0.9289514065011928,0.9289514,0.0,0.0,-,7.1054270000000005e-15,4325,26000,0,0,0,0,4325
c2,tpy12,JA(1.05),1,False,CONVERGED,CONVERGED,849,849,-,-,0.8639142665679757,0.8639143,0,0,0,0,Commons,Commons,Commons,Commons,0.0,0.0,180.11284456254305,180.1128,0.8579859707783672,0.7995368,0,0,0.96368474414018,0.9636847,0.0,0.0,-,1.398881e-14,4217,26000,0,0,0,0,4217
c2,tpy12,s[care]*1.05,1,True,CONVERGED,CONVERGED,18,18,-,-,0.9999999999999768,1.0,0,0,0,0,Commons,Commons,Commons,Commons,0.0,0.0,39.47060135257019,39.4706,0.99999999999998,1.0,0,0,0.9999999999999906,1.0,0.0,0.0,-,4.4408920000000003e-16,4001,26000,0,0,0,0,4001
c2,tpy12,s[care]*0.95,1,False,CONVERGED,CONVERGED,611,611,-,-,0.9789304338894604,0.9789304,0,0,0,0,Commons,Commons,Commons,Commons,0.0,0.0,41.09277722118941,41.09278,0.9743674514172705,0.9743675,0,0,0.9902715917825745,0.9902716,0.0,0.0,-,1.554312e-15,4001,26000,0,0,0,0,4001
c2,tpy12,s[shelter]*0.95,1,False,CONVERGED,CONVERGED,663,663,-,-,0.9719020250405872,0.971902,0,0,0,0,Commons,Commons,Commons,Commons,0.0,0.0,41.09277722118941,41.09278,0.9690284523094234,0.9690285,0,0,0.9855040851700267,0.9855041,0.0,0.0,-,5.440093e-15,4031,26000,0,0,0,0,4031
c2,tpy12,s[care]*1.2,2,True,CONVERGED,CONVERGED,24,24,-,-,0.9999999999999768,1.0,0,0,0,0,Commons,Commons,Commons,Commons,0.0,0.0,149.3158664763651,149.3159,0.99999999999998,1.0,0,0,0.9999999999999906,1.0,0.0,0.0,-,4.4408920000000003e-16,4001,26000,0,0,0,0,4001
c2,tpy12,s[shelter]*1.2,2,False,CONVERGED,CONVERGED,956,956,-,-,0.883853700394436,0.8838537,0,0,0,0,Commons,Commons,Commons,Commons,0.0,0.0,149.3158664763651,149.3159,0.8656376690666171,0.8656377,0,0,0.9429498535971872,0.9429499,0.0,0.0,-,7.660539e-15,4325,26000,0,0,0,0,4325
c2,tpy12,JA(0.95),1,False,CONVERGED,CONVERGED,1107,1107,-,-,0.7404103955928037,0.7404104,0,0,0,0,Commons,Commons,Commons,Commons,0.0,0.0,363.6389708615005,363.639,0.7399706509057349,0.7399707,0,0,0.8610649791608914,0.861065,0.0,0.0,-,5.218048e-15,4476,26000,0,0,0,0,4476
c2,tpy12,RC(0.8),2,False,CONVERGED,CONVERGED,1323,1323,-,-,0.3531369453801803,0.3531369,6,6,0,0,Commons,Commons,Commons,Commons,0.0,0.0,1040.8993500282834,1040.899,0.5202608500025829,0.5202609,23,23,0.7134906521135392,0.7134907,0.0,0.0,-,5.77316e-15,4691,26000,0,0,0,0,4691
c2,tpy12,N(1.05),1,False,CONVERGED,CONVERGED,660,660,-,-,0.929964414769236,0.9299644,0,0,0,0,Commons,Commons,Commons,Commons,0.0,0.0,75.91996859146765,75.91997,0.9485468405174872,0.9274799,0,0,0.9590823507527513,0.9590824,0.0,0.0,-,5.995204e-15,4029,26000,0,0,0,0,4029
c2,tpy12,s[shelter]*0.8,2,False,CONVERGED,CONVERGED,615,615,-,-,0.971350840894365,0.9713508,0,0,0,0,Commons,Commons,Commons,Commons,0.0,0.0,175.5918499180843,175.5918,0.9684792978516562,0.9684793,0,0,0.9875985220415265,0.9875985,0.0,0.0,-,2.664535e-15,4001,26000,0,0,0,0,4001
c2,tpy12,JB(1.2),2,False,CONVERGED,CONVERGED,1214,1214,-,-,0.4900489397590874,0.4900489,2,2,0,0,Commons,Commons,Commons,Commons,0.0,0.0,842.2338930036854,842.2339,0.5779175305428482,0.5772941,12,12,0.7397757633110749,0.7397758,0.0,0.0,-,1.354472e-14,4582,26000,0,0,0,0,4582
c2,tpy12,N(1.2),2,False,CONVERGED,CONVERGED,761,761,-,-,0.7563586730294342,0.7563587,0,0,0,0,Commons,Commons,Commons,Commons,0.0,0.0,279.23958008729153,279.2396,0.8645597414241103,0.7559763,0,0,0.8630546524293872,0.8630547,0.0,0.0,-,4.662937e-15,4129,26000,0,0,0,0,4129
c2,tpy12,JA(1.2),2,False,CONVERGED,CONVERGED,998,998,-,-,0.6822242851205609,0.6822243,0,0,0,0,Commons,Commons,Commons,Commons,0.0,0.0,598.1336085287157,598.1336,0.6099046380578899,0.5994758,0,0,0.8855339305892472,0.8855339,0.0,0.0,-,1.354472e-14,4366,26000,0,0,0,0,4366
c2,tpy12,JB(0.8),2,False,CONVERGED,CONVERGED,1154,1154,-,-,0.30659681755387563,0.3065968,5,5,0,0,Commons,Commons,Commons,Commons,0.0,0.0,1313.2028689549013,1313.203,0.2179087053574255,0.2179087,10,10,0.5205671429338531,0.5205671,0.0,0.0,-,4.996004e-15,4522,26000,0,0,0,0,4522
c2,tpy12,N(0.95),1,False,CONVERGED,CONVERGED,905,905,-,-,0.9366617798913459,0.9366618,0,0,0,0,Commons,Commons,Commons,Commons,0.0,0.0,82.55218506308496,82.55219,0.9279790567936329,0.9279791,0,0,0.9666788488061406,0.9666788,0.0,0.0,-,9.547918e-15,4274,26000,0,0,0,0,4274
c2,tpy12,JB(0.95),1,False,CONVERGED,CONVERGED,954,954,-,-,0.6427961410894094,0.6427961,0,0,0,0,Commons,Commons,Commons,Commons,0.0,0.0,441.9276484202317,441.9276,0.5931897197861052,0.5931897,0,0,0.877365211481898,0.8773652,0.0,0.0,-,6.661338e-15,4369,26000,0,0,0,0,4369
c2,tpy12,JB(1.05),1,False,CONVERGED,CONVERGED,1110,1110,-,-,0.7423097261524347,0.7423097,0,0,0,0,Commons,Commons,Commons,Commons,0.0,0.0,349.4885669592639,349.4886,0.7522560064878444,0.752256,0,0,0.8592988357152014,0.8592988,0.0,0.0,-,1.021405e-14,4478,26000,0,0,0,0,4478
c2,tpy12,JA(0.8),2,False,CONVERGED,CONVERGED,1216,1216,-,-,0.34416489827597224,0.3441649,20,20,0,0,Commons,Commons,Commons,Commons,0.0,0.0,1139.25252341005,1139.253,0.42004965897206603,0.4200497,18,18,0.6798541557204469,0.6798542,0.0,0.0,-,1.165734e-14,4584,26000,0,0,0,0,4584
c2,tpy12,RC(1.05),1,False,CONVERGED,CONVERGED,1196,1196,-,-,0.8266141661830264,0.8266142,0,0,0,0,Commons,Commons,Commons,Commons,0.0,0.0,190.4172391575431,190.4172,0.8610970438764577,0.861097,0,0,0.9348926179625664,0.9348926,0.0,0.0,-,1.5321080000000002e-14,4564,26000,0,0,0,0,4564
c2,tpy12,land.mach=0.36@genesis,2,False,CONVERGED,CONVERGED,407,407,-,-,0.9403266041360783,0.9403266,0,0,0,0,Commons,Commons,Commons,Commons,0.0,0.0,116.61294695511053,116.6129,0.9553659102416816,0.9206983,0,0,0.9915346122658429,0.9915346,0.0,0.0,-,1.354472e-14,4001,26000,0,0,0,0,4001
c2,tpy12,N(0.8),2,False,CONVERGED,CONVERGED,1107,1107,-,-,0.7474166806474378,0.7474167,0,0,0,0,Commons,Commons,Commons,Commons,0.0,0.0,291.1324439466762,291.1324,0.7072080579008153,0.7072081,0,0,0.8542084000397396,0.8542084,0.0,0.0,-,1.0103030000000001e-14,4475,26000,0,0,0,0,4475
c2,tpy12,RC(1.2),2,False,CONVERGED,CONVERGED,1422,1422,-,-,0.4768981597662162,0.4768982,1,1,0,0,Commons,Commons,Commons,Commons,0.0,0.0,740.4523124268245,740.4523,0.580319843725364,0.5803198,6,6,0.7459469904652459,0.745947,0.0,0.0,-,5.77316e-15,4790,26000,0,0,0,0,4790
c2,tpy12,land.mach=0.44@genesis,2,False,CONVERGED,CONVERGED,1111,1111,-,-,0.5867379520534725,0.586738,0,0,0,0,Commons,Commons,Commons,Commons,0.0,0.0,601.6499817415244,601.65,0.653433180485377,0.6534332,4,4,0.7919814236500498,0.7919814,0.0,0.0,-,6.439294e-15,4428,26000,0,0,0,0,4428
c2,tpy12,RC(0.95),1,False,CONVERGED,CONVERGED,1118,1118,-,-,0.8162665317979492,0.8162665,0,0,0,0,Commons,Commons,Commons,Commons,0.0,0.0,224.96336228843296,224.9634,0.8545531466017326,0.8545531,0,0,0.9082270912431946,0.9082271,0.0,0.0,-,4.440892e-15,4486,26000,0,0,0,0,4486
c2,tpy12,b.food=0.66@genesis,2,False,CONVERGED,CONVERGED,1020,1020,-,-,0.7975774848379615,0.7975775,0,0,0,0,Commons,Commons,Commons,Commons,0.0,0.0,248.01702785330917,248.017,0.8600754615955457,0.8432731,0,0,0.8892442979647477,0.8892443,0.0,0.0,-,6.106227e-15,4292,26000,0,0,0,0,4292
c2,tpy12,commons=28.08@genesis,2,False,VACUOUS,VACUOUS,0,0,-,-,0.9999999999999768,1.0,0,0,0,0,Commons,Commons,Commons,Commons,0.0,0.0,2.7977620220553554e-11,2.220446e-13,0.99999999999998,1.0,0,0,0.9999999999999906,1.0,0.0,0.0,-,2.2204460000000001e-16,4001,26000,0,0,0,0,4001
c2,tpy12,b.food=0.54@genesis,2,False,CONVERGED,CONVERGED,1199,1199,-,-,0.8597467290119957,0.8597467,0,0,0,0,Commons,Commons,Commons,Commons,0.0,0.0,156.1346912557472,156.1347,0.8964758651220787,0.8964759,0,0,0.9499173373148214,0.9499173,0.0,0.0,-,1.5321080000000002e-14,4663,26000,0,0,0,0,4663
c2,tpy12,commons=34.32@genesis,2,False,VACUOUS,VACUOUS,0,0,-,-,0.9999999999999768,1.0,0,0,0,0,Commons,Commons,Commons,Commons,0.0,0.0,2.7977620220553554e-11,2.220446e-13,0.99999999999998,1.0,0,0,0.9999999999999906,1.0,0.0,0.0,-,2.2204460000000001e-16,4001,26000,0,0,0,0,4001
c2,tpy12,land.mach=0.36@dated,2,False,CONVERGED,CONVERGED,408,408,-,-,0.9403266041360773,0.9403266,0,0,0,0,Commons,Commons,Commons,Commons,0.0,0.0,116.92813875865534,116.9281,0.955365910241681,0.919245,0,0,0.9912986418804278,0.9912986,0.0,0.0,-,1.065814e-14,4001,26000,0,0,0,0,4001
c2,tpy12,b.food=0.66@dated,2,False,CONVERGED,CONVERGED,1020,1020,-,-,0.8078222263581639,0.8078222,0,0,0,0,Commons,Commons,Commons,Commons,0.0,0.0,223.08769860767137,223.0877,0.8720652244040344,0.853224,0,0,0.8977478369456815,0.8977478,0.0,0.0,-,9.547918e-15,4292,26000,0,0,0,0,4292
c2,tpy12,land.mach=0.44@dated,2,False,CONVERGED,CONVERGED,1110,1110,-,-,0.5854760457674357,0.585476,0,0,0,0,Commons,Commons,Commons,Commons,0.0,0.0,603.5594498383019,603.5594,0.6525735099673575,0.6525735,3,3,0.7910794532907042,0.7910795,0.0,0.0,-,5.77316e-15,4428,26000,0,0,0,0,4428
c2,tpy12,commons=34.32@dated,2,False,VACUOUS,VACUOUS,0,0,-,-,0.9999999999999778,1.0,0,0,0,0,Commons,Commons,Commons,Commons,0.0,0.0,2.2204460492503376e-11,2.220446e-13,0.9999999999999832,1.0,0,0,0.999999999999994,1.0,0.0,0.0,-,2.2204460000000001e-16,4001,26000,0,0,0,0,4001
c2,tpy12,b.food=0.54@dated,2,False,CONVERGED,CONVERGED,1199,1199,-,-,0.8577112796756675,0.8577113,0,0,0,0,Commons,Commons,Commons,Commons,0.0,0.0,159.16550931863213,159.1655,0.894662998522488,0.894663,0,0,0.9488899109905772,0.9488899,0.0,0.0,-,7.549517e-15,4664,26000,0,0,0,0,4664
c2,tpy12,commons=28.08@dated,2,False,VACUOUS,VACUOUS,0,0,-,-,0.9999999999999778,1.0,0,0,0,0,Commons,Commons,Commons,Commons,0.0,0.0,2.2204460492503376e-11,2.220446e-13,0.9999999999999832,1.0,0,0,0.999999999999994,1.0,0.0,0.0,-,2.2204460000000001e-16,4001,26000,0,0,0,0,4001
c2,tpy365,s[manufactures]*1.05,1,True,CONVERGED,CONVERGED,549,549,-,-,0.9999999999999848,1.0,0,0,0,0,Commons,Commons,Commons,Commons,0.0,0.0,48.45210812105736,48.45211,0.999999999999976,1.0,0,0,0.9999999999999865,1.0,0.0,0.0,-,1.509903e-14,4001,1116000,0,0,0,0,4001
c2,tpy365,s[care]*1.05,1,True,CONVERGED,CONVERGED,549,549,-,-,0.9999999999999848,1.0,0,0,0,0,Commons,Commons,Commons,Commons,0.0,0.0,48.45210812105736,48.45211,0.999999999999976,1.0,0,0,0.9999999999999865,1.0,0.0,0.0,-,1.509903e-14,4001,1116000,0,0,0,0,4001
c2,tpy365,s[manufactures]*0.8,2,True,CONVERGED,CONVERGED,743,743,-,-,0.9999999999999848,1.0,0,0,0,0,Commons,Commons,Commons,Commons,0.0,0.0,221.37062957136183,221.3706,0.999999999999976,1.0,0,0,0.9999999999999865,1.0,0.0,0.0,-,1.509903e-14,4001,1116000,0,0,0,0,4001
c2,tpy365,s[care]*1.2,2,True,CONVERGED,CONVERGED,743,743,-,-,0.9999999999999848,1.0,0,0,0,0,Commons,Commons,Commons,Commons,0.0,0.0,181.13786030306684,181.1379,0.999999999999976,1.0,0,0,0.9999999999999865,1.0,0.0,0.0,-,1.509903e-14,4001,1116000,0,0,0,0,4001
c2,tpy365,s[manufactures]*0.95,1,True,CONVERGED,CONVERGED,549,549,-,-,0.9999999999999848,1.0,0,0,0,0,Commons,Commons,Commons,Commons,0.0,0.0,50.91978640343724,50.91979,0.999999999999976,1.0,0,0,0.9999999999999865,1.0,0.0,0.0,-,1.509903e-14,4001,1116000,0,0,0,0,4001
c2,tpy365,s[manufactures]*1.2,2,True,CONVERGED,CONVERGED,743,743,-,-,0.9999999999999848,1.0,0,0,0,0,Commons,Commons,Commons,Commons,0.0,0.0,181.13786030306684,181.1379,0.999999999999976,1.0,0,0,0.9999999999999865,1.0,0.0,0.0,-,1.509903e-14,4001,1116000,0,0,0,0,4001
c2,tpy365,p[manufactures]*1.05,1,False,CONVERGED,CONVERGED,885,885,-,-,0.988600440840557,0.9886004,0,0,0,0,Commons,Commons,Commons,Commons,0.0,0.0,48.790164169432046,48.79016,0.988471364905271,0.9704143,0,0,0.9751256141761466,0.9751256,0.0,0.0,-,2.7200460000000003e-14,5629,1116000,0,0,0,0,5629
c2,tpy365,s[care]*0.95,1,False,CONVERGED,CONVERGED,809,809,-,-,0.985684461771557,0.9856845,0,0,0,0,Commons,Commons,Commons,Commons,0.0,0.0,50.91978640343724,50.91979,0.9798968614210284,0.9798969,0,0,0.9717490822750013,0.9717491,0.0,0.0,-,2.9309890000000004e-14,5636,1116000,0,0,0,0,5636
c2,tpy365,p[care]*1.2,2,False,CONVERGED,CONVERGED,1765,1765,-,-,0.9442947733584374,0.9442948,0,0,0,0,Commons,Commons,Commons,Commons,0.0,0.0,182.32155679395458,182.3216,0.9295217193902188,0.8615067,0,0,0.8877169277030714,0.8877169,0.0,0.0,-,3.819167e-14,5837,1116000,0,0,0,0,5837
c2,tpy365,s[shelter]*0.95,1,False,CONVERGED,CONVERGED,986,986,-,-,0.9742898741093731,0.9742899,0,0,0,0,Commons,Commons,Commons,Commons,0.0,0.0,50.91978640343724,50.91979,0.9658061117053922,0.9658061,0,0,0.9446037118312066,0.9446037,0.0,0.0,-,3.108624e-14,5751,1116000,0,0,0,0,5751
c2,tpy365,p[manufactures]*0.95,1,False,CONVERGED,CONVERGED,1339,1339,-,-,0.9334814352646441,0.9334814,0,0,0,0,Commons,Commons,Commons,Commons,0.0,0.0,68.83420343470276,68.8342,0.9330280655432017,0.9330281,0,0,0.9181947220495414,0.9181947,0.0,0.0,-,2.287059e-14,6078,1116000,0,0,0,0,6078
c2,tpy365,p[manufactures]*1.2,2,False,CONVERGED,CONVERGED,1939,1939,-,-,0.9558132911004207,0.9558133,0,0,0,0,Commons,Commons,Commons,Commons,0.0,0.0,182.32155679395458,182.3216,0.9553944797029225,0.8912172,0,0,0.9008418111342672,0.9008418,0.0,0.0,-,3.219647e-14,5954,1116000,0,0,0,0,5954
c2,tpy365,p[food]*0.95,1,False,CONVERGED,CONVERGED,1912,1912,-,-,0.9296895552999944,0.9296896,0,0,0,0,Commons,Commons,Commons,Commons,0.0,0.0,72.90456006768032,72.90456,0.8831400617565816,0.8831401,0,0,0.9068365889597483,0.9068366,0.0,0.0,-,3.4861e-14,5966,1116000,0,0,0,0,5966
c2,tpy365,p[food]*1.05,1,False,CONVERGED,CONVERGED,1041,1041,-,-,0.931689832746182,0.9316898,0,0,0,0,Commons,Commons,Commons,Commons,0.0,0.0,70.75531716855461,70.75532,0.9323045511787723,0.9323046,0,0,0.906123557958983,0.9061236,0.0,0.0,-,5.107026e-14,5797,1116000,0,0,0,0,5797
c2,tpy365,p[care]*0.95,1,False,CONVERGED,CONVERGED,1181,1181,-,-,0.9312086201076919,0.9312086,0,0,0,0,Commons,Commons,Commons,Commons,0.0,0.0,71.27194505930858,71.27195,0.9305388602045646,0.9305389,0,0,0.9527133296428143,0.9527133,0.0,0.0,-,1.931788e-14,5960,1116000,0,0,0,0,5960
c2,tpy365,s[food]*1.05,1,False,CONVERGED,CONVERGED,2010,2010,-,-,0.8021207930625411,0.8021208,0,0,0,0,Commons,Commons,Commons,Commons,0.0,0.0,246.1642915805597,246.1643,0.7949142269745348,0.7949142,0,0,0.8036219632562702,0.803622,0.0,0.0,-,3.796963e-14,6625,1116000,0,0,0,0,6625
c2,tpy365,s[shelter]*1.05,1,False,CONVERGED,CONVERGED,870,870,-,-,0.9521836132697932,0.9521836,0,0,0,0,Commons,Commons,Commons,Commons,0.0,0.0,54.36323570353851,54.36324,0.9497370141238594,0.949737,0,0,0.9563146177121096,0.9563146,0.0,0.0,-,2.9753979999999996e-14,5636,1116000,0,0,0,0,5636
c2,tpy365,p[shelter]*1.05,1,False,CONVERGED,CONVERGED,1365,1365,-,-,0.9689004996035085,0.9689005,0,0,0,0,Commons,Commons,Commons,Commons,0.0,0.0,48.790164169432046,48.79016,0.9737281285588791,0.9541382,0,0,0.9320037376337781,0.9320037,0.0,0.0,-,2.398082e-14,6149,1116000,0,0,0,0,6149
c2,tpy365,p[mach]*0.8,2,False,CONVERGED,CONVERGED,2709,2709,-,-,0.28991404491568573,0.289914,471,471,0,0,Commons,Commons,Commons,Commons,0.0,0.0,1238.170796778306,1238.171,0.39233166823030824,0.3923317,468,468,0.08232813149280034,0.08232813,0.0,0.0,-,4.307665e-14,7432,1116000,0,0,0,0,7432
c2,tpy365,p[care]*1.05,1,False,CONVERGED,CONVERGED,840,840,-,-,0.9857458819167771,0.9857459,0,0,0,0,Commons,Commons,Commons,Commons,0.0,0.0,48.790164169432046,48.79016,0.9817495904651019,0.961547,0,0,0.9719590254400916,0.971959,0.0,0.0,-,3.885781e-14,5613,1116000,0,0,0,0,5613
c2,tpy365,p[mach]*0.95,1,False,CONVERGED,CONVERGED,2344,2344,-,-,0.7235293811422479,0.7235294,0,0,0,0,Commons,Commons,Commons,Commons,0.0,0.0,343.430857476459,343.4309,0.6980711505296652,0.6980712,0,0,0.13097389926478392,0.1309739,0.0,0.0,-,3.08642e-14,7098,1116000,0,0,0,0,7098
c2,tpy365,p[food]*1.2,2,False,CONVERGED,CONVERGED,2144,2144,-,-,0.7439507632365799,0.7439508,0,0,0,0,Commons,Commons,Commons,Commons,0.0,0.0,295.7804247843922,295.7804,0.7457961445688522,0.7457961,0,0,0.6197043860550531,0.6197044,0.0,0.0,-,3.752554e-14,6895,1116000,0,0,0,0,6895
c2,tpy365,p[land]*1.2,2,False,CONVERGED,CONVERGED,2575,2575,-,-,0.40086867717871144,0.4008687,202,202,0,0,Commons,Commons,Commons,Commons,0.0,0.0,914.1213936439726,914.1214,0.42793302257910426,0.427933,336,336,0.08755009856104273,0.0875501,0.0,0.0,-,4.0190070000000003e-14,7342,1116000,0,0,0,0,7342
c2,tpy365,s[food]*0.95,1,False,CONVERGED,CONVERGED,2134,2134,-,-,0.8483227751709073,0.8483228,0,0,0,0,Commons,Commons,Commons,Commons,0.0,0.0,164.49408451410557,164.4941,0.7999010841300596,0.7999011,0,0,0.6432552150265026,0.6432552,0.0,0.0,-,4.1522340000000004e-14,6885,1116000,0,0,0,0,6885
c2,tpy365,s[care]*0.8,2,False,CONVERGED,CONVERGED,2036,2036,-,-,0.9078057916168776,0.9078058,0,0,0,0,Commons,Commons,Commons,Commons,0.0,0.0,221.37062957136183,221.3706,0.8745138022548644,0.8745138,0,0,0.8004360217798352,0.800436,0.0,0.0,-,3.863576e-14,6653,1116000,0,0,0,0,6653
c2,tpy365,p[land]*0.95,1,False,CONVERGED,CONVERGED,1944,1944,-,-,0.9434061698234159,0.9434062,0,0,0,0,Commons,Commons,Commons,Commons,0.0,0.0,58.258368166700755,58.25837,0.9469969701105392,0.946997,0,0,0.881733618984469,0.8817336,0.0,0.0,-,1.931788e-14,6669,1116000,0,0,0,0,6669
c2,tpy365,s[food]*1.2,2,False,CONVERGED,CONVERGED,2177,2177,-,-,0.44702218556707884,0.4470222,12,12,0,0,Commons,Commons,Commons,Commons,0.0,0.0,911.273520628652,911.2735,0.437184780272618,0.4371848,0,0,0.30034053561617446,0.3003405,0.0,0.0,-,1.576517e-14,6939,1116000,0,0,0,0,6939
c2,tpy365,s[shelter]*0.8,2,False,CONVERGED,CONVERGED,953,953,-,-,0.9798788407902745,0.9798788,0,0,0,0,Commons,Commons,Commons,Commons,0.0,0.0,221.37062957136183,221.3706,0.9732284797822245,0.9732285,0,0,0.9555775775932805,0.9555776,0.0,0.0,-,1.709743e-14,5709,1116000,0,0,0,0,5709
c2,tpy365,JA(1.05),1,False,CONVERGED,CONVERGED,2026,2026,-,-,0.761899305698919,0.7618993,0,0,0,0,Commons,Commons,Commons,Commons,0.0,0.0,275.41716436190706,275.4172,0.7963402271719242,0.7963402,0,0,0.797336045010821,0.797336,0.0,0.0,-,3.952394e-14,6660,1116000,0,0,0,0,6660
c2,tpy365,p[mach]*1.05,1,False,CONVERGED,CONVERGED,2065,2065,-,-,0.8412348970688884,0.8412349,0,0,0,0,Commons,Commons,Commons,Commons,0.0,0.0,172.88435114853024,172.8844,0.7964654204679716,0.7964654,0,0,0.74381064525735,0.7438106,0.0,0.0,-,4.196643e-14,6827,1116000,0,0,0,0,6827
c2,tpy365,p[mach]*1.2,2,False,CONVERGED,CONVERGED,2301,2301,-,-,0.5631692515243958,0.5631693,0,0,0,0,Commons,Commons,Commons,Commons,0.0,0.0,574.1750716436436,574.1751,0.4840099767230439,0.48401,37,37,0.0968636042577407,0.0968636,0.0,0.0,-,2.287059e-14,7018,1116000,0,0,0,0,7018
c2,tpy365,p[land]*1.05,1,False,CONVERGED,CONVERGED,2345,2345,-,-,0.7993924144029358,0.7993924,0,0,0,0,Commons,Commons,Commons,Commons,0.0,0.0,223.90332186310087,223.9033,0.7747652412453755,0.7747652,0,0,0.40238663605403857,0.4023866,0.0,0.0,-,3.708145e-14,6977,1116000,0,0,0,0,6977
c2,tpy365,s[shelter]*1.2,2,False,CONVERGED,CONVERGED,1978,1978,-,-,0.8268549808874704,0.826855,0,0,0,0,Commons,Commons,Commons,Commons,0.0,0.0,211.25924986584226,211.2592,0.8202683622148794,0.8202684,0,0,0.8318981736560328,0.8318982,0.0,0.0,-,2.88658e-14,6596,1116000,0,0,0,0,6596
c2,tpy365,p[shelter]*1.2,2,False,CONVERGED,CONVERGED,2464,2464,-,-,0.8914987852029305,0.8914988,0,0,0,0,Commons,Commons,Commons,Commons,0.0,0.0,182.32155679395458,182.3216,0.900372709737128,0.8385429,0,0,0.7396619298859851,0.7396619,0.0,0.0,-,3.441691e-14,7204,1116000,0,0,0,0,7204
c2,tpy365,p[food]*0.8,2,False,CONVERGED,CONVERGED,2367,2367,-,-,0.7439232741355059,0.7439233,0,0,0,0,Commons,Commons,Commons,Commons,0.0,0.0,295.8173756288679,295.8174,0.6181690452647812,0.618169,0,0,0.6602518105354602,0.6602518,0.0,0.0,-,1.953993e-14,7131,1116000,0,0,0,0,7131
c2,tpy365,p[labour]*0.95,1,False,CONVERGED,CONVERGED,2162,2162,-,-,0.7562755207900865,0.7562755,0,0,0,0,Commons,Commons,Commons,Commons,0.0,0.0,279.34952370719816,279.3495,0.679066646435679,0.6790666,0,0,0.3788746773977323,0.3788747,0.0,0.0,-,3.375078e-14,6921,1116000,0,0,0,0,6921
c2,tpy365,p[shelter]*0.8,2,False,CONVERGED,CONVERGED,2306,2306,-,-,0.6286961803303032,0.6286962,0,0,0,0,Commons,Commons,Commons,Commons,0.0,0.0,464.1071591161057,464.1072,0.5851341104440534,0.5851341,0,0,0.1782746825007644,0.1782747,0.0,0.0,-,4.0634159999999995e-14,7038,1116000,0,0,0,0,7038
c2,tpy365,s[food]*0.8,2,False,CONVERGED,CONVERGED,2203,2203,-,-,0.8430155169906183,0.8430155,0,0,0,0,Commons,Commons,Commons,Commons,0.0,0.0,221.37062957136183,221.3706,0.8024424708233966,0.8024425,0,0,0.6319244270857265,0.6319244,0.0,0.0,-,3.28626e-14,6955,1116000,0,0,0,0,6955
c2,tpy365,p[labour]*1.05,1,False,CONVERGED,CONVERGED,2068,2068,-,-,0.909695045442123,0.909695,0,0,0,0,Commons,Commons,Commons,Commons,0.0,0.0,98.95908414086617,98.95908,0.8825816432542638,0.8825816,0,0,0.8002904429449333,0.8002904,0.0,0.0,-,5.195844e-14,6683,1116000,0,0,0,0,6683
c2,tpy365,p[shelter]*0.95,1,False,CONVERGED,CONVERGED,2018,2018,-,-,0.9031054401358091,0.9031054,0,0,0,0,Commons,Commons,Commons,Commons,0.0,0.0,101.91596589698896,101.916,0.8736274380316598,0.8736274,0,0,0.830406399564349,0.8304064,0.0,0.0,-,3.819167e-14,6765,1116000,0,0,0,0,6765
c2,tpy365,p[care]*0.8,2,False,CONVERGED,CONVERGED,2314,2314,-,-,0.7320929659565218,0.732093,0,0,0,0,Commons,Commons,Commons,Commons,0.0,0.0,311.8477704121384,311.8478,0.7322949648196934,0.732295,0,0,0.7984194737221406,0.7984195,0.0,0.0,-,3.774758e-14,7038,1116000,0,0,0,0,7038
c2,tpy365,p[labour]*1.2,2,False,CONVERGED,CONVERGED,2264,2264,-,-,0.7564749415971774,0.7564749,0,0,0,0,Commons,Commons,Commons,Commons,0.0,0.0,279.08587043033,279.0859,0.6995155233151262,0.666169,0,0,0.38983892494973116,0.3898389,0.0,0.0,-,3.0420110000000004e-14,7022,1116000,0,0,0,0,7022
c2,tpy365,p[land]*0.8,2,False,CONVERGED,CONVERGED,3056,3056,-,-,0.7673909352313171,0.7673909,0,0,0,0,Commons,Commons,Commons,Commons,0.0,0.0,264.7589135516427,264.7589,0.7814446088420426,0.7814446,0,0,0.5086359782843233,0.508636,0.0,0.0,-,3.885781e-14,7782,1116000,0,0,0,0,7782
c2,tpy365,p[labour]*0.8,2,False,CONVERGED,CONVERGED,2461,2461,-,-,0.31276114358963797,0.3127611,118,118,0,0,Commons,Commons,Commons,Commons,0.0,0.0,1173.9078393278314,1173.908,0.2299172549216752,0.2299173,295,295,0.07125860109979995,0.0712586,0.0,0.0,-,2.997602e-14,7178,1116000,0,0,0,0,7178
c2,tpy365,p[manufactures]*0.8,2,False,CONVERGED,CONVERGED,2432,2432,-,-,0.7368144263460201,0.7368144,0,0,0,0,Commons,Commons,Commons,Commons,0.0,0.0,305.4192145014226,305.4192,0.7354723620985363,0.7354724,0,0,0.6498778566645049,0.6498779,0.0,0.0,-,3.68594e-14,7164,1116000,0,0,0,0,7164
c2,tpy365,JA(0.95),1,False,CONVERGED,CONVERGED,2361,2361,-,-,0.6648614560411467,0.6648615,0,0,0,0,Commons,Commons,Commons,Commons,0.0,0.0,422.08814225190514,422.0881,0.5926166188095771,0.5926166,114,114,0.10037328897565581,0.1003733,0.0,0.0,-,2.675637e-14,7101,1116000,0,0,0,0,7101
c2,tpy365,commons=34.32@genesis,2,False,VACUOUS,VACUOUS,0,0,-,-,0.9999999999999848,1.0,0,0,0,0,Commons,Commons,Commons,Commons,0.0,0.0,1.5321077739827277e-11,6.661338e-13,0.999999999999976,1.0,0,0,0.9999999999999865,1.0,0.0,0.0,-,6.661338e-16,4001,1116000,0,0,0,0,4001
c2,tpy365,JA(1.2),2,False,CONVERGED,CONVERGED,2240,2240,-,-,0.3821332601975421,0.3821333,14,14,0,0,Commons,Commons,Commons,Commons,0.0,0.0,988.0802583312015,988.0803,0.4549734374375699,0.4549734,0,0,0.21054314833557652,0.2105431,0.0,0.0,-,1.376677e-14,7009,1116000,0,0,0,0,7009
c2,tpy365,commons=28.08@genesis,2,False,VACUOUS,VACUOUS,0,0,-,-,0.9999999999999848,1.0,0,0,0,0,Commons,Commons,Commons,Commons,0.0,0.0,1.5321077739827277e-11,6.661338e-13,0.999999999999976,1.0,0,0,0.9999999999999865,1.0,0.0,0.0,-,6.661338e-16,4001,1116000,0,0,0,0,4001
c2,tpy365,JB(0.95),1,False,CONVERGED,CONVERGED,2205,2205,-,-,0.6677975053361215,0.6677975,0,0,0,0,Commons,Commons,Commons,Commons,0.0,0.0,460.9014040568363,460.9014,0.5357918342717551,0.5357918,0,0,0.17278503421056807,0.172785,0.0,0.0,-,2.597922e-14,6941,1116000,0,0,0,0,6941
c2,tpy365,N(1.05),1,False,CONVERGED,CONVERGED,1437,1437,-,-,0.9335454730481215,0.9335455,0,0,0,0,Commons,Commons,Commons,Commons,0.0,0.0,71.89592715378507,71.89593,0.9732346174897424,0.9333333,0,0,0.8654029033038431,0.8654029,0.0,0.0,-,3.4638959999999996e-14,6381,1116000,0,0,0,0,6381
c2,tpy365,JB(1.2),2,False,CONVERGED,CONVERGED,2655,2655,-,-,0.3913919403757099,0.3913919,228,228,0,0,Commons,Commons,Commons,Commons,0.0,0.0,939.9128427749614,939.9128,0.47569742693383943,0.4756974,388,388,0.09083384918635329,0.09083385,0.0,0.0,-,1.2878590000000001e-14,7367,1116000,0,0,0,0,7367
c2,tpy365,JB(0.8),2,False,CONVERGED,CONVERGED,3163,3163,-,-,0.22993874335905312,0.2299387,149,149,0,0,Commons,Commons,Commons,Commons,0.0,0.0,1649.8898796796072,1649.89,0.14327329459725993,0.1432733,273,273,0.05930813738745144,0.05930814,0.0,0.0,-,4.13003e-14,7175,1116000,0,0,0,0,7175
c2,tpy365,JA(0.8),2,False,CONVERGED,CONVERGED,3451,3451,-,-,0.22288551374501334,0.2228855,481,481,0,0,Commons,Commons,Commons,Commons,0.0,0.0,1501.0970306304098,1501.097,0.24643714938832226,0.2464371,505,505,0.06763938986122167,0.06763939,0.0,0.0,-,4.707346e-14,7457,1116000,0,0,0,0,7457
c2,tpy365,JB(1.05),1,False,CONVERGED,CONVERGED,2383,2383,-,-,0.6839990130335147,0.683999,0,0,0,0,Commons,Commons,Commons,Commons,0.0,0.0,379.79880429408564,379.7988,0.6711487647640655,0.6711488,42,42,0.10409554403222643,0.1040955,0.0,0.0,-,1.199041e-14,7138,1116000,0,0,0,0,7138
c2,tpy365,RC(1.05),1,False,CONVERGED,CONVERGED,2053,2053,-,-,0.8642187639276041,0.8642188,0,0,0,0,Commons,Commons,Commons,Commons,0.0,0.0,145.92934323725328,145.9293,0.8792338857555246,0.8792339,0,0,0.8122319500019308,0.812232,0.0,0.0,-,3.819167e-14,6814,1116000,0,0,0,0,6814
c2,tpy365,N(0.8),2,False,CONVERGED,CONVERGED,2396,2396,-,-,0.7060824060264392,0.7060824,0,0,0,0,Commons,Commons,Commons,Commons,0.0,0.0,348.0233258833735,348.0233,0.6982674372385071,0.6982674,0,0,0.4456926057423638,0.4456926,0.0,0.0,-,3.330669e-14,7116,1116000,0,0,0,0,7116
c2,tpy365,RC(1.2),2,False,CONVERGED,CONVERGED,2280,2280,-,-,0.5750059433929205,0.5750059,0,0,0,0,Commons,Commons,Commons,Commons,0.0,0.0,553.3749019026923,553.3749,0.6177524954473695,0.6177525,0,0,0.2666331148765336,0.2666331,0.0,0.0,-,2.3758770000000002e-14,7015,1116000,0,0,0,0,7015
c2,tpy365,N(1.2),2,False,CONVERGED,CONVERGED,1744,1744,-,-,0.7804017288242584,0.7804017,0,0,0,0,Commons,Commons,Commons,Commons,0.0,0.0,260.70865076282183,260.7087,0.9144699265261378,0.7777778,0,0,0.4652330427865943,0.465233,0.0,0.0,-,1.953993e-14,6574,1116000,0,0,0,0,6574
c2,tpy365,N(0.95),1,False,CONVERGED,CONVERGED,2079,2079,-,-,0.9363981649139678,0.9363982,0,0,0,0,Commons,Commons,Commons,Commons,0.0,0.0,65.71450309181263,65.7145,0.9259497323465142,0.9259497,0,0,0.8767250586914287,0.8767251,0.0,0.0,-,3.68594e-14,6850,1116000,0,0,0,0,6850
c2,tpy365,b.food=0.54@genesis,2,False,CONVERGED,CONVERGED,2066,2066,-,-,0.8267647108833264,0.8267647,0,0,0,0,Commons,Commons,Commons,Commons,0.0,0.0,190.2351336488739,190.2351,0.8530436441675773,0.8530436,0,0,0.7753178550086554,0.7753179,0.0,0.0,-,3.996803e-14,6668,1116000,0,0,0,0,6668
c2,tpy365,RC(0.95),1,False,CONVERGED,CONVERGED,2406,2406,-,-,0.8626193537565514,0.8626194,0,0,0,0,Commons,Commons,Commons,Commons,0.0,0.0,147.78175848339657,147.7818,0.8975924519537213,0.8923051,0,0,0.6948332872461788,0.6948333,0.0,0.0,-,3.619327e-14,7133,1116000,0,0,0,0,7133
c2,tpy365,land.mach=0.36@genesis,2,False,CONVERGED,CONVERGED,1905,1905,-,-,0.9403266041360784,0.9403266,0,0,0,0,Commons,Commons,Commons,Commons,0.0,0.0,109.01313777709723,109.0131,0.9553659102416815,0.9087699,0,0,0.9792888077914241,0.9792888,0.0,0.0,-,5.3623770000000006e-14,6786,1116000,0,0,0,0,6786
c2,tpy365,b.food=0.66@genesis,2,False,CONVERGED,CONVERGED,2357,2357,-,-,0.8428044533985108,0.8428045,0,0,0,0,Commons,Commons,Commons,Commons,0.0,0.0,171.02031301467412,171.0203,0.8710308985234844,0.8710309,0,0,0.5853138174801458,0.5853138,0.0,0.0,-,3.08642e-14,7086,1116000,0,0,0,0,7086
c2,tpy365,land.mach=0.44@genesis,2,False,CONVERGED,CONVERGED,2430,2430,-,-,0.5875567723274867,0.5875568,0,0,0,0,Commons,Commons,Commons,Commons,0.0,0.0,531.7824038836496,531.7824,0.5934903163819448,0.5934903,216,216,0.09609007480141235,0.09609007,0.0,0.0,-,1.254552e-14,7183,1116000,0,0,0,0,7183
c2,tpy365,RC(0.8),2,False,CONVERGED,CONVERGED,2663,2663,-,-,0.5324339722277454,0.532434,0,0,0,0,Commons,Commons,Commons,Commons,0.0,0.0,630.2963849031144,630.2964,0.665482173465386,0.6546692,173,173,0.10250807266050144,0.1025081,0.0,0.0,-,1.121325e-14,7391,1116000,0,0,0,0,7391
c2,tpy365,b.food=0.54@dated,2,False,CONVERGED,CONVERGED,2066,2066,-,-,0.8266285872556541,0.8266286,0,0,0,0,Commons,Commons,Commons,Commons,0.0,0.0,190.3997933558328,190.3998,0.8528958206705085,0.8528958,0,0,0.7749653988947878,0.7749654,0.0,0.0,-,4.618528e-14,6669,1116000,0,0,0,0,6669
c2,tpy365,commons=28.08@dated,2,False,VACUOUS,VACUOUS,0,0,-,-,0.9999999999999853,1.0,0,0,0,0,Commons,Commons,Commons,Commons,0.0,0.0,1.4432899320127138e-11,6.661338e-13,0.9999999999999785,1.0,0,0,0.9999999999999865,1.0,0.0,0.0,-,6.661338e-16,4001,1116000,0,0,0,0,4001
c2,tpy365,land.mach=0.36@dated,2,False,CONVERGED,CONVERGED,1906,1906,-,-,0.9403266041360641,0.9403266,0,0,0,0,Commons,Commons,Commons,Commons,0.0,0.0,109.02006620190663,109.0201,0.9553659102416606,0.908868,0,0,0.979185622681582,0.9791856,0.0,0.0,-,4.551914e-14,6786,1116000,0,0,0,0,6786
c2,tpy365,commons=34.32@dated,2,False,VACUOUS,VACUOUS,0,0,-,-,0.9999999999999853,1.0,0,0,0,0,Commons,Commons,Commons,Commons,0.0,0.0,1.4432899320127138e-11,6.661338e-13,0.9999999999999785,1.0,0,0,0.9999999999999865,1.0,0.0,0.0,-,6.661338e-16,4001,1116000,0,0,0,0,4001
c2,tpy365,b.food=0.66@dated,2,False,CONVERGED,CONVERGED,2356,2356,-,-,0.8435525456548189,0.8435525,0,0,0,0,Commons,Commons,Commons,Commons,0.0,0.0,170.13308414700109,170.1331,0.8705487926539247,0.8705488,0,0,0.5878814512732559,0.5878815,0.0,0.0,-,2.4202860000000003e-14,7085,1116000,0,0,0,0,7085
c2,tpy365,land.mach=0.44@dated,2,False,CONVERGED,CONVERGED,2429,2429,-,-,0.5876364001120515,0.5876364,0,0,0,0,Commons,Commons,Commons,Commons,0.0,0.0,531.6468895077084,531.6469,0.5935318525171933,0.5935319,216,216,0.09609210568763603,0.09609211,0.0,0.0,-,3.375078e-14,7182,1116000,0,0,0,0,7182
c1n,L,p[labour]*1.05,1,False,CONVERGED,CONVERGED,310,310,-,-,0.967696558886131,0.9676966,0,0,0,0,Commons,Commons,Commons,Commons,0.0,0.0,48.790164169432046,48.79016,0.9708355591422274,0.8765424,0,0,0.951590333753069,0.9515903,0.0,0.0,-,4.662937e-15,4001,141000,0,0,0,0,4001
c1n,L,p[labour]*0.95,1,False,CONVERGED,CONVERGED,501,501,-,-,0.8080671152317367,0.8080671,0,0,0,0,Commons,Commons,Commons,Commons,0.0,0.0,234.59652345870464,234.5965,0.7997282576163641,0.7997283,0,0,0.6360439251749503,0.6360439,0.0,0.0,-,4.662937e-15,4001,141000,0,0,0,0,4001
c1n,L,p[labour]*1.2,2,False,CONVERGED,CONVERGED,494,494,-,-,0.8652049436080014,0.8652049,0,0,0,0,Commons,Commons,Commons,Commons,0.0,0.0,212.139214926057,212.1392,0.8755306899791362,0.6258462,0,0,0.7749782316338206,0.7749782,0.0,0.0,-,5.551115e-15,4001,141000,0,0,0,0,4001
c1n,L,p[labour]*0.8,2,False,CONVERGED,CONVERGED,534,534,-,-,0.39435954172366244,0.3943595,42,42,0,0,Commons,Commons,Commons,Commons,0.0,0.0,996.914538592748,996.9145,0.35342563133341715,0.3534256,50,50,0.34676692053358865,0.3467669,0.0,0.0,-,4.662937e-15,4001,141000,0,0,0,0,4001
c1n,L,p[labour]*2,3,False,CONVERGED,CONVERGED,536,536,-,-,0.5049858473257982,0.5049858,10,10,0,0,Commons,Commons,Commons,Commons,0.0,0.0,1213.6118267553836,1213.612,0.5073110555983935,0.1745438,39,39,0.389279214073098,0.3892792,0.0,0.0,-,5.995204e-15,4001,141000,0,0,0,0,4001
c1n,L,p[labour]*0.5,3,False,CONVERGED,CONVERGED,725,725,-,-,0.0,0.0,83,83,3,3,Commons,Commons,Commons,Commons,0.0,0.0,inf,inf,0.0,0.0,97,97,0.13718292054057887,0.1371829,0.046232225376916514,0.04623223,-,5.77316e-15,3946,140945,29,29,26,26,4001
c1n,L,p[land]*1.05,1,False,CONVERGED,CONVERGED,524,524,-,-,0.7144678781043012,0.7144679,0,0,0,0,Commons,Commons,Commons,Commons,0.0,0.0,348.2174421416957,348.2174,0.7647128147418755,0.7647128,9,9,0.45776585505163636,0.4577659,0.0,0.0,-,4.662937e-15,4001,141000,0,0,0,0,4001
c1n,L,p[land]*0.95,1,False,CONVERGED,CONVERGED,453,453,-,-,0.9460796299659984,0.9460796,0,0,0,0,Commons,Commons,Commons,Commons,0.0,0.0,57.10821319595059,57.10821,0.9468097246757441,0.9468097,0,0,0.9152064815494036,0.9152065,0.0,0.0,-,2.88658e-15,4001,141000,0,0,0,0,4001
c1n,L,p[land]*1.2,2,False,CONVERGED,CONVERGED,554,554,-,-,0.32660185166158306,0.3266019,46,46,2,2,Commons,Commons,Commons,Commons,0.0,0.0,1119.0134289530165,1119.013,0.3704196943859429,0.3704197,59,59,0.3419163152535988,0.3419163,0.0,0.0,-,5.77316e-15,3982,140981,19,19,0,0,4001
c1n,L,p[land]*0.8,2,False,CONVERGED,CONVERGED,642,642,-,-,0.777483685269279,0.7774837,0,0,0,0,Commons,Commons,Commons,Commons,0.0,0.0,251.69261872539604,251.6926,0.7824077337511228,0.7824077,0,0,0.650210845117445,0.6502108,0.0,0.0,-,5.551115e-15,4001,141000,0,0,0,0,4001
c1n,L,p[land]*2,3,False,DIVERGED,DIVERGED,-,-,283,283,0.0,0.0,281,281,2,2,Enclosed,Enclosed,Commons,Commons,1.0,1.0,inf,inf,0.0,0.0,271,271,1.0338317824589819e-05,1.033832e-05,0.07269230769230772,0.07269231,-,inf,11,11,12,12,261,261,284
c1n,L,p[land]*0.5,3,False,CONVERGED,CONVERGED,679,679,-,-,0.4040957427763133,0.4040957,17,17,0,0,Commons,Commons,Commons,Commons,0.0,0.0,906.1034420279044,906.1034,0.4136341286784181,0.4136341,48,48,0.2610621479282689,0.2610621,0.0,0.0,-,4.440892e-15,4001,141000,0,0,0,0,4001
c1n,L,p[manufactures]*1.05,1,False,CONVERGED,CONVERGED,301,301,-,-,0.9843363588469867,0.9843364,0,0,0,0,Commons,Commons,Commons,Commons,0.0,0.0,48.790164169432046,48.79016,0.9859095661256971,0.9728718,0,0,0.9772769748412002,0.977277,0.0,0.0,-,6.8833830000000005e-15,4001,141000,0,0,0,0,4001
c1n,L,p[manufactures]*0.95,1,False,CONVERGED,CONVERGED,365,365,-,-,0.9317585008339355,0.9317585,0,0,0,0,Commons,Commons,Commons,Commons,0.0,0.0,70.68161715063938,70.68162,0.932068107480043,0.9320681,0,0,0.9209652566592876,0.9209653,0.0,0.0,-,5.107026e-15,4001,141000,0,0,0,0,4001
c1n,L,p[manufactures]*1.2,2,False,CONVERGED,CONVERGED,463,463,-,-,0.9397668761523766,0.9397669,0,0,0,0,Commons,Commons,Commons,Commons,0.0,0.0,182.32155679395458,182.3216,0.9456165156622067,0.9024365,0,0,0.9087096037480991,0.9087096,0.0,0.0,-,5.107026e-15,4001,141000,0,0,0,0,4001
c1n,L,p[manufactures]*0.8,2,False,CONVERGED,CONVERGED,555,555,-,-,0.7311083136883106,0.7311083,0,0,0,0,Commons,Commons,Commons,Commons,0.0,0.0,313.19365826850265,313.1937,0.731840370432857,0.7318404,0,0,0.6493445636391233,0.6493446,0.0,0.0,-,5.77316e-15,4001,141000,0,0,0,0,4001
c1n,L,p[manufactures]*2,3,False,CONVERGED,CONVERGED,520,520,-,-,0.7491064310031808,0.7491064,0,0,0,0,Commons,Commons,Commons,Commons,0.0,0.0,693.1471805599452,693.1472,0.7706374296983669,0.6484713,0,0,0.5286453041811772,0.5286453,0.0,0.0,-,5.77316e-15,4001,141000,0,0,0,0,4001
c1n,L,p[manufactures]*0.5,3,False,CONVERGED,CONVERGED,588,588,-,-,0.3624522006045346,0.3624522,32,32,0,0,Commons,Commons,Commons,Commons,0.0,0.0,1014.8626737830384,1014.863,0.3620999473778367,0.3620999,35,35,0.40643053355837155,0.4064305,0.0,0.0,-,5.77316e-15,4001,141000,0,0,0,0,4001
c1n,L,p[food]*1.05,1,False,CONVERGED,CONVERGED,318,318,-,-,0.8931049816906251,0.893105,0,0,0,0,Commons,Commons,Commons,Commons,0.0,0.0,113.05114433156278,113.0511,0.9092225020540297,0.9092225,0,0,0.8729178728902507,0.8729179,0.0,0.0,-,6.217249e-15,4001,141000,0,0,0,0,4001
c1n,L,p[food]*0.95,1,False,CONVERGED,CONVERGED,505,505,-,-,0.8759712888733509,0.8759713,0,0,0,0,Commons,Commons,Commons,Commons,0.0,0.0,135.7134044769238,135.7134,0.8822334169645162,0.8822334,0,0,0.845623121534561,0.8456231,0.0,0.0,-,5.995204e-15,4001,141000,0,0,0,0,4001
c1n,L,p[food]*1.2,2,False,CONVERGED,CONVERGED,504,504,-,-,0.6384055767562823,0.6384056,0,0,0,0,Commons,Commons,Commons,Commons,0.0,0.0,448.7814973642001,448.7815,0.6583769215489278,0.6583769,0,0,0.479506888979315,0.4795069,0.0,0.0,-,5.107026e-15,4001,141000,0,0,0,0,4001
c1n,L,p[food]*0.8,2,False,CONVERGED,CONVERGED,542,542,-,-,0.5882446643837381,0.5882447,0,0,0,0,Commons,Commons,Commons,Commons,0.0,0.0,584.367499852392,584.3675,0.6192982102281982,0.6192982,24,24,0.4590578429654792,0.4590578,0.0,0.0,-,7.1054270000000005e-15,4001,141000,0,0,0,0,4001
c1n,L,p[food]*2,3,False,CONVERGED,CONVERGED,537,537,-,-,0.14670534379242958,0.1467053,42,42,4,4,Commons,Commons,Commons,Commons,0.0,0.0,1919.3291678270407,1919.329,0.15718612119336473,0.1571861,59,59,0.3560030334235937,0.356003,0.03484971404204973,0.03484971,-,6.661338e-15,3967,140966,13,13,21,21,4001
c1n,L,p[food]*0.5,3,False,CONVERGED,CONVERGED,745,745,-,-,0.12144509970005549,0.1214451,110,110,4,4,Commons,Commons,Commons,Commons,0.0,0.0,2222.0031303303176,2222.003,0.23117278843552616,0.2311728,93,93,0.3706657293539117,0.3706657,0.05219417986959762,0.05219418,-,6.439294e-15,3952,140951,13,13,36,36,4001
c1n,L,p[care]*1.05,1,False,CONVERGED,CONVERGED,142,142,-,-,0.9933940258572811,0.993394,0,0,0,0,Commons,Commons,Commons,Commons,0.0,0.0,48.790164169432046,48.79016,0.9936168997466087,0.9681251,0,0,0.9901826239271497,0.9901826,0.0,0.0,-,6.661338e-15,4001,141000,0,0,0,0,4001
c1n,L,p[care]*0.95,1,False,CONVERGED,CONVERGED,337,337,-,-,0.9306491601716874,0.9306492,0,0,0,0,Commons,Commons,Commons,Commons,0.0,0.0,71.87291464868119,71.87291,0.9304405876181029,0.9304406,0,0,0.9737108430921018,0.9737108,0.0,0.0,-,6.439294e-15,4001,141000,0,0,0,0,4001
c1n,L,p[care]*1.2,2,False,CONVERGED,CONVERGED,305,305,-,-,0.9744434540953341,0.9744435,0,0,0,0,Commons,Commons,Commons,Commons,0.0,0.0,182.32155679395458,182.3216,0.9750203642580278,0.885063,0,0,0.9610797608641208,0.9610798,0.0,0.0,-,5.107026e-15,4001,141000,0,0,0,0,4001
c1n,L,p[care]*0.8,2,False,CONVERGED,CONVERGED,371,371,-,-,0.7281750124845757,0.728175,0,0,0,0,Commons,Commons,Commons,Commons,0.0,0.0,317.21385791279766,317.2139,0.727331152968171,0.7273312,0,0,0.8855375966779468,0.8855376,0.0,0.0,-,5.551115e-15,4001,141000,0,0,0,0,4001
c1n,L,p[care]*2,3,False,CONVERGED,CONVERGED,492,492,-,-,0.8862819406640058,0.8862819,0,0,0,0,Commons,Commons,Commons,Commons,0.0,0.0,693.1471805599452,693.1472,0.8872784212300598,0.6192098,0,0,0.8112420497401346,0.811242,0.0,0.0,-,5.995204e-15,4001,141000,0,0,0,0,4001
c1n,L,p[care]*0.5,3,False,CONVERGED,CONVERGED,559,559,-,-,0.35946626548965926,0.3594663,32,32,0,0,Commons,Commons,Commons,Commons,0.0,0.0,1023.1349435267864,1023.135,0.3578382737871674,0.3578383,0,0,0.6454394399884154,0.6454394,0.0,0.0,-,4.884981e-15,4001,141000,0,0,0,0,4001
c1n,L,p[shelter]*1.05,1,False,CONVERGED,CONVERGED,368,368,-,-,0.924847257112015,0.9248473,0,0,0,0,Commons,Commons,Commons,Commons,0.0,0.0,78.12668255121973,78.12668,0.9421702416337662,0.9421702,0,0,0.894069139858592,0.8940691,0.0,0.0,-,5.995204e-15,4001,141000,0,0,0,0,4001
c1n,L,p[shelter]*0.95,1,False,CONVERGED,CONVERGED,491,491,-,-,0.8615564097272309,0.8615564,0,0,0,0,Commons,Commons,Commons,Commons,0.0,0.0,149.01474665837867,149.0147,0.8643456454123224,0.8643456,0,0,0.8256182494527031,0.8256182,0.0,0.0,-,6.439294e-15,4001,141000,0,0,0,0,4001
c1n,L,p[shelter]*1.2,2,False,CONVERGED,CONVERGED,553,553,-,-,0.7527279193903961,0.7527279,0,0,0,0,Commons,Commons,Commons,Commons,0.0,0.0,285.9373770928688,285.9374,0.8041565795286636,0.8041566,0,0,0.5755043595455052,0.5755044,0.0,0.0,-,6.8833830000000005e-15,4001,141000,0,0,0,0,4001
c1n,L,p[shelter]*0.8,2,False,CONVERGED,CONVERGED,525,525,-,-,0.5450372212222001,0.5450372,0,0,0,0,Commons,Commons,Commons,Commons,0.0,0.0,606.9011908303955,606.9012,0.5490960523340171,0.5490961,19,19,0.4203442521401945,0.4203443,0.0,0.0,-,5.995204e-15,4001,141000,0,0,0,0,4001
c1n,L,p[shelter]*2,3,False,CONVERGED,CONVERGED,582,582,-,-,0.4016230508423288,0.4016231,33,33,2,2,Commons,Commons,Commons,Commons,0.0,0.0,956.1011165505676,956.1011,0.4835705214821773,0.4781327,52,52,0.39079801996376506,0.390798,0.0,0.0,-,4.884981e-15,3982,140981,19,19,0,0,4001
c1n,L,p[shelter]*0.5,3,False,CONVERGED,CONVERGED,706,706,-,-,0.18812712957072936,0.1881271,37,37,0,0,Commons,Commons,Commons,Commons,0.0,0.0,1670.6373235657684,1670.637,0.19046614355202024,0.1904661,51,51,0.3242893416604883,0.3242893,0.0,0.0,-,5.551115e-15,4001,141000,0,0,0,0,4001
c1n,L,p[mach]*1.05,1,False,CONVERGED,CONVERGED,303,303,-,-,0.9259252580005713,0.9259253,0,0,0,0,Commons,Commons,Commons,Commons,0.0,0.0,83.29467566849875,83.29468,0.9046693177358982,0.9046693,0,0,0.8957515321307313,0.8957515,0.0,0.0,-,5.329071e-15,4001,141000,0,0,0,0,4001
c1n,L,p[mach]*0.95,1,False,CONVERGED,CONVERGED,530,530,-,-,0.6977356144740801,0.6977356,0,0,0,0,Commons,Commons,Commons,Commons,0.0,0.0,390.1748612547053,390.1749,0.7437333872165494,0.7437334,11,11,0.45411241363326,0.4541124,0.0,0.0,-,7.1054270000000005e-15,4001,141000,0,0,0,0,4001
c1n,L,p[mach]*1.2,2,False,CONVERGED,CONVERGED,495,495,-,-,0.7568060872705858,0.7568061,0,0,0,0,Commons,Commons,Commons,Commons,0.0,0.0,301.21140871052165,301.2114,0.7105480020115696,0.710548,0,0,0.6099769039252488,0.6099769,0.0,0.0,-,5.995204e-15,4001,141000,0,0,0,0,4001
c1n,L,p[mach]*0.8,2,False,CONVERGED,CONVERGED,716,716,-,-,0.29563877040216063,0.2956388,84,84,4,4,Commons,Commons,Commons,Commons,0.0,0.0,1218.6169401792258,1218.617,0.312712430366365,0.3127124,66,66,0.3479013227161495,0.3479013,0.01438667672666133,0.01438668,-,4.440892e-15,3965,140964,18,18,18,18,4001
c1n,L,p[mach]*2,3,False,CONVERGED,CONVERGED,529,529,-,-,0.3552066818234271,0.3552067,30,30,0,0,Commons,Commons,Commons,Commons,0.0,0.0,1151.6142713047948,1151.614,0.309433390100125,0.3094334,38,38,0.3511937141608228,0.3511937,0.0,0.0,-,5.995204e-15,4001,141000,0,0,0,0,4001
c1n,L,p[mach]*0.5,3,False,DIVERGED,DIVERGED,-,-,284,284,0.0,0.0,281,281,2,2,Enclosed,Enclosed,Commons,Commons,1.0,1.0,inf,inf,0.0,0.0,269,269,6.060853805587738e-06,6.060854e-06,0.07269230769230772,0.07269231,-,inf,7,7,7,7,271,271,285
c1n,L,s[manufactures]*1.05,1,False,CONVERGED,CONVERGED,78,78,-,-,1.0,1.0,0,0,0,0,Commons,Commons,Commons,Commons,0.0,0.0,46.46505483938295,46.46505,0.9999999999999998,1.0,0,0,1.0,1.0,0.0,0.0,-,1.554312e-15,4001,141000,0,0,0,0,4001
c1n,L,s[manufactures]*0.95,1,False,CONVERGED,CONVERGED,78,78,-,-,1.0,1.0,0,0,0,0,Commons,Commons,Commons,Commons,0.0,0.0,48.72971078306231,48.72971,0.9999999999999998,1.0,0,0,1.0,1.0,0.0,0.0,-,1.665335e-15,4001,141000,0,0,0,0,4001
c1n,L,s[manufactures]*1.2,2,False,CONVERGED,CONVERGED,105,105,-,-,1.0,1.0,0,0,0,0,Commons,Commons,Commons,Commons,0.0,0.0,174.1599117457396,174.1599,0.9999999999999998,1.0,0,0,1.0,1.0,0.0,0.0,-,1.554312e-15,4001,141000,0,0,0,0,4001
c1n,L,s[manufactures]*0.8,2,False,CONVERGED,CONVERGED,105,105,-,-,1.0,1.0,0,0,0,0,Commons,Commons,Commons,Commons,0.0,0.0,211.02463900491773,211.0246,0.9999999999999998,1.0,0,0,1.0,1.0,0.0,0.0,-,1.665335e-15,4001,141000,0,0,0,0,4001
c1n,L,s[manufactures]*2,3,False,CONVERGED,CONVERGED,313,313,-,-,0.8227366350335129,0.8227366,0,0,0,0,Commons,Commons,Commons,Commons,0.0,0.0,668.4596480132863,668.4596,0.8227366350335128,0.8227366,0,0,0.9370343707057706,0.9370344,0.0,0.0,-,3.996803e-15,4001,141000,0,0,0,0,4001
c1n,L,s[manufactures]*0.5,3,False,CONVERGED,CONVERGED,124,124,-,-,1.0,1.0,0,0,0,0,Commons,Commons,Commons,Commons,0.0,0.0,645.5285828834769,645.5286,0.9999999999999998,1.0,0,0,1.0,1.0,0.0,0.0,-,1.665335e-15,4001,141000,0,0,0,0,4001
c1n,L,s[food]*1.05,1,False,CONVERGED,CONVERGED,305,305,-,-,0.9082028829701719,0.9082029,0,0,0,0,Commons,Commons,Commons,Commons,0.0,0.0,99.1898129210823,99.18981,0.9082101252418677,0.9082101,0,0,0.9426307932425191,0.9426308,0.0,0.0,-,5.551115e-15,4001,141000,0,0,0,0,4001
c1n,L,s[food]*0.95,1,False,CONVERGED,CONVERGED,463,463,-,-,0.9031610619004282,0.9031611,0,0,0,0,Commons,Commons,Commons,Commons,0.0,0.0,110.92379706517436,110.9238,0.9029750180185471,0.8989279,0,0,0.8391913325010214,0.8391913,0.0,0.0,-,6.439294e-15,4001,141000,0,0,0,0,4001
c1n,L,s[food]*1.2,2,False,CONVERGED,CONVERGED,489,489,-,-,0.7117930440957505,0.711793,0,0,0,0,Commons,Commons,Commons,Commons,0.0,0.0,388.3897686427141,388.3898,0.7118837255008266,0.7118837,0,0,0.7839033089841781,0.7839033,0.0,0.0,-,6.661338e-15,4001,141000,0,0,0,0,4001
c1n,L,s[food]*0.8,2,False,CONVERGED,CONVERGED,522,522,-,-,0.6550356378079921,0.6550356,0,0,0,0,Commons,Commons,Commons,Commons,0.0,0.0,518.0607828568088,518.0608,0.6443684640142028,0.5956746,21,21,0.42654653280836774,0.4265465,0.0,0.0,-,3.552714e-15,4001,141000,0,0,0,0,4001
c1n,L,s[food]*2,3,False,CONVERGED,CONVERGED,526,526,-,-,0.35495864867708204,0.3549586,14,14,0,0,Commons,Commons,Commons,Commons,0.0,0.0,1635.7406475927705,1635.741,0.34525497372675584,0.345255,37,37,0.39678457142322976,0.3967846,0.0,0.0,-,4.440892e-15,4001,141000,0,0,0,0,4001
c1n,L,s[food]*0.5,3,False,CONVERGED,CONVERGED,538,538,-,-,0.4378264480124551,0.4378264,37,37,0,0,Commons,Commons,Commons,Commons,0.0,0.0,870.1309927699444,870.131,0.4072309674663512,0.407231,48,48,0.35667369229287293,0.3566737,0.0,0.0,-,5.329071e-15,4001,141000,0,0,0,0,4001
c1n,L,s[care]*1.05,1,False,CONVERGED,CONVERGED,78,78,-,-,1.0,1.0,0,0,0,0,Commons,Commons,Commons,Commons,0.0,0.0,46.46505483938295,46.46505,0.9999999999999998,1.0,0,0,1.0,1.0,0.0,0.0,-,1.554312e-15,4001,141000,0,0,0,0,4001
c1n,L,s[care]*0.95,1,False,CONVERGED,CONVERGED,78,78,-,-,1.0,1.0,0,0,0,0,Commons,Commons,Commons,Commons,0.0,0.0,48.72971078306231,48.72971,0.9999999999999998,1.0,0,0,1.0,1.0,0.0,0.0,-,1.665335e-15,4001,141000,0,0,0,0,4001
c1n,L,s[care]*1.2,2,False,CONVERGED,CONVERGED,105,105,-,-,1.0,1.0,0,0,0,0,Commons,Commons,Commons,Commons,0.0,0.0,174.1599117457396,174.1599,0.9999999999999998,1.0,0,0,1.0,1.0,0.0,0.0,-,1.554312e-15,4001,141000,0,0,0,0,4001
c1n,L,s[care]*0.8,2,False,CONVERGED,CONVERGED,105,105,-,-,1.0,1.0,0,0,0,0,Commons,Commons,Commons,Commons,0.0,0.0,211.02463900491773,211.0246,0.9999999999999998,1.0,0,0,1.0,1.0,0.0,0.0,-,1.665335e-15,4001,141000,0,0,0,0,4001
c1n,L,s[care]*2,3,False,CONVERGED,CONVERGED,138,138,-,-,1.0,1.0,0,0,0,0,Commons,Commons,Commons,Commons,0.0,0.0,668.4596480132863,668.4596,0.9999999999999998,1.0,0,0,1.0,1.0,0.0,0.0,-,1.554312e-15,4001,141000,0,0,0,0,4001
c1n,L,s[care]*0.5,3,False,CONVERGED,CONVERGED,320,320,-,-,0.9385415236620277,0.9385415,0,0,0,0,Commons,Commons,Commons,Commons,0.0,0.0,645.5285828834769,645.5286,0.9275891623795923,0.9275892,0,0,0.8978178041126649,0.8978178,0.0,0.0,-,3.552714e-15,4001,141000,0,0,0,0,4001
c1n,L,s[shelter]*1.05,1,False,CONVERGED,CONVERGED,117,117,-,-,0.9788829894419916,0.978883,0,0,0,0,Commons,Commons,Commons,Commons,0.0,0.0,46.46505483938295,46.46505,0.9788852251398145,0.9788852,0,0,0.9874939722084735,0.987494,0.0,0.0,-,6.217249e-15,4001,141000,0,0,0,0,4001
c1n,L,s[shelter]*0.95,1,False,CONVERGED,CONVERGED,302,302,-,-,0.9787384757499321,0.9787385,0,0,0,0,Commons,Commons,Commons,Commons,0.0,0.0,48.72971078306231,48.72971,0.9788513658277016,0.9784458,0,0,0.9673635405867894,0.9673635,0.0,0.0,-,6.661338e-15,4001,141000,0,0,0,0,4001
c1n,L,s[shelter]*1.2,2,False,CONVERGED,CONVERGED,301,301,-,-,0.9203564044248091,0.9203564,0,0,0,0,Commons,Commons,Commons,Commons,0.0,0.0,174.1599117457396,174.1599,0.9203900263757139,0.92039,0,0,0.9501070209417476,0.950107,0.0,0.0,-,5.77316e-15,4001,141000,0,0,0,0,4001
c1n,L,s[shelter]*0.8,2,False,CONVERGED,CONVERGED,329,329,-,-,0.916985002106798,0.916985,0,0,0,0,Commons,Commons,Commons,Commons,0.0,0.0,211.02463900491773,211.0246,0.9164294144290673,0.9137813,0,0,0.8640254486850224,0.8640254,0.0,0.0,-,5.77316e-15,4001,141000,0,0,0,0,4001
c1n,L,s[shelter]*2,3,False,CONVERGED,CONVERGED,489,489,-,-,0.7317446937396946,0.7317447,0,0,0,0,Commons,Commons,Commons,Commons,0.0,0.0,668.4596480132863,668.4596,0.7233944887598797,0.7233945,0,0,0.7622996864259457,0.7622997,0.0,0.0,-,7.327472e-15,4001,141000,0,0,0,0,4001
c1n,L,s[shelter]*0.5,3,False,CONVERGED,CONVERGED,491,491,-,-,0.8755893130459534,0.8755893,0,0,0,0,Commons,Commons,Commons,Commons,0.0,0.0,645.5285828834769,645.5286,0.878392560197049,0.8783926,0,0,0.7901851219301428,0.7901851,0.0,0.0,-,7.1054270000000005e-15,4001,141000,0,0,0,0,4001
c1n,L,JA(1.05),1,False,CONVERGED,CONVERGED,306,306,-,-,0.9127105362209001,0.9127105,0,0,0,0,Commons,Commons,Commons,Commons,0.0,0.0,127.7073445116259,127.7073,0.9032079117389803,0.9032079,0,0,0.9286412578951612,0.9286413,0.0,0.0,-,5.329071e-15,4001,141000,0,0,0,0,4001
c1n,L,JA(0.95),1,False,CONVERGED,CONVERGED,534,534,-,-,0.6088915127572878,0.6088915,0,0,0,0,Commons,Commons,Commons,Commons,0.0,0.0,556.3323819541829,556.3324,0.6426319453797132,0.6426319,31,31,0.4257843593386941,0.4257844,0.0,0.0,-,5.77316e-15,4001,141000,0,0,0,0,4001
c1n,L,JA(1.2),2,False,CONVERGED,CONVERGED,492,492,-,-,0.7142007120089641,0.7142007,0,0,0,0,Commons,Commons,Commons,Commons,0.0,0.0,445.3551685047416,445.3552,0.7078421632119126,0.7078422,0,0,0.7163315447621925,0.7163315,0.0,0.0,-,6.217249e-15,4001,141000,0,0,0,0,4001
c1n,L,JA(0.8),2,False,CONVERGED,CONVERGED,727,727,-,-,0.2045253794526919,0.2045254,91,91,4,4,Commons,Commons,Commons,Commons,0.0,0.0,1861.1530939742463,1861.153,0.19253608066292335,0.1925361,83,83,0.26529649324469273,0.2652965,0.04328675297067164,0.04328675,-,6.439294e-15,3955,140954,13,13,33,33,4001
c1n,L,JA(2),3,False,CONVERGED,CONVERGED,530,530,-,-,0.24033439707855747,0.2403344,9,9,0,0,Commons,Commons,Commons,Commons,0.0,0.0,1803.1903653401123,1803.19,0.40126208297462945,0.1424055,35,35,0.40322079366074715,0.4032208,0.0,0.0,-,3.552714e-15,4001,141000,0,0,0,0,4001
c1n,L,JA(0.5),3,False,DIVERGED,DIVERGED,-,-,294,280,0.0,0.0,295,281,2,2,Enclosed,Enclosed,Commons,Commons,1.0,1.0,inf,inf,0.0,0.0,271,257,5.15417903008999e-06,7.057818e-06,0.07269230769230772,0.07269231,-,inf,4,4,20,20,271,257,295
c1n,L,JB(1.05),1,False,CONVERGED,CONVERGED,525,525,-,-,0.7012037885461054,0.7012038,0,0,0,0,Commons,Commons,Commons,Commons,0.0,0.0,373.95207471456854,373.9521,0.7536283472862028,0.7536283,9,9,0.4569955180776187,0.4569955,0.0,0.0,-,7.1054270000000005e-15,4001,141000,0,0,0,0,4001
c1n,L,JB(0.95),1,False,CONVERGED,CONVERGED,494,494,-,-,0.8234873818845707,0.8234874,0,0,0,0,Commons,Commons,Commons,Commons,0.0,0.0,208.6939511254303,208.694,0.7196001550905747,0.7196002,0,0,0.6718729094515953,0.6718729,0.0,0.0,-,6.661338e-15,4001,141000,0,0,0,0,4001
c1n,L,JB(1.2),2,False,CONVERGED,CONVERGED,688,688,-,-,0.3194251344466995,0.3194251,87,87,4,4,Commons,Commons,Commons,Commons,0.0,0.0,1141.2323536025942,1141.232,0.32460132303284983,0.3246013,62,62,0.3478869136523788,0.3478869,0.008652746787556176,0.008652747,-,5.107026e-15,3958,140957,31,31,12,12,4001
c1n,L,JB(0.8),2,False,CONVERGED,CONVERGED,524,524,-,-,0.5273546519816465,0.5273547,15,15,0,0,Commons,Commons,Commons,Commons,0.0,0.0,838.434206957014,838.4342,0.33765987109644646,0.3376599,34,34,0.32895435858346855,0.3289544,0.0,0.0,-,5.77316e-15,4001,141000,0,0,0,0,4001
c1n,L,JB(2),3,False,DIVERGED,DIVERGED,-,-,279,293,0.0,0.0,280,294,2,2,Enclosed,Enclosed,Commons,Commons,1.0,1.0,inf,inf,0.0,0.0,278,292,8.053388532288347e-06,5.938011e-06,0.07269230769230772,0.07269231,-,inf,6,6,5,5,269,283,280
c1n,L,JB(0.5),3,False,CONVERGED,CONVERGED,722,722,-,-,0.10826737580575792,0.1082674,79,79,4,4,Commons,Commons,Commons,Commons,0.0,0.0,3204.5689175505945,3204.569,0.0537328783801104,0.05373288,83,83,0.1706737242330354,0.1706737,0.018585809052869273,0.01858581,-,7.1054270000000005e-15,3988,140987,6,6,7,7,4001
c1n,L,N(1.05),1,False,CONVERGED,CONVERGED,203,203,-,-,0.9452865883379262,0.9452866,0,0,0,0,Commons,Commons,Commons,Commons,0.0,0.0,56.26712938240237,56.26713,0.9893018441423482,0.9333333,0,0,0.931322522386591,0.9313225,0.0,0.0,-,7.1054270000000005e-15,4001,141000,0,0,0,0,4001
c1n,L,N(0.95),1,False,CONVERGED,CONVERGED,485,485,-,-,0.9288004280298592,0.9288004,0,0,0,0,Commons,Commons,Commons,Commons,0.0,0.0,73.86138775676628,73.86139,0.9247082249115256,0.9247082,0,0,0.9108770987004443,0.9108771,0.0,0.0,-,2.442491e-15,4001,141000,0,0,0,0,4001
c1n,L,N(1.2),2,False,CONVERGED,CONVERGED,402,402,-,-,0.8085030591827419,0.8085031,0,0,0,0,Commons,Commons,Commons,Commons,0.0,0.0,212.57081619632456,212.5708,0.9640473912166769,0.7777778,0,0,0.7303752290083523,0.7303752,0.0,0.0,-,5.329071e-15,4001,141000,0,0,0,0,4001
c1n,L,N(0.8),2,False,CONVERGED,CONVERGED,519,519,-,-,0.7174902394472235,0.7174902,0,0,0,0,Commons,Commons,Commons,Commons,0.0,0.0,331.9959349987668,331.9959,0.7023127086916806,0.7023127,0,0,0.6022479307014111,0.6022479,0.0,0.0,-,6.439294e-15,4001,141000,0,0,0,0,4001
c1n,L,N(2),3,False,CONVERGED,CONVERGED,448,448,-,-,0.42550917754822576,0.4255092,24,24,0,0,Commons,Commons,Commons,Commons,0.0,0.0,854.468762345318,854.4688,0.8963768830189731,0.4112935,75,75,0.46882620881781234,0.4688262,0.0,0.0,-,5.107026e-15,4001,141000,0,0,0,0,4001
c1n,L,N(0.5),3,False,CONVERGED,CONVERGED,717,717,-,-,0.39956107429345833,0.3995611,56,56,2,2,Commons,Commons,Commons,Commons,0.0,0.0,1002.7510585097536,1002.751,0.27362502890097495,0.273625,52,52,0.3071832642461023,0.3071833,0.0,0.0,-,7.1054270000000005e-15,3980,140979,21,21,0,0,4001
c1n,L,RC(1.05),1,False,CONVERGED,CONVERGED,496,496,-,-,0.7923759627165472,0.792376,0,0,0,0,Commons,Commons,Commons,Commons,0.0,0.0,232.71929940262154,232.7193,0.8226260918169682,0.8226261,0,0,0.7446653525173166,0.7446654,0.0,0.0,-,6.217249e-15,4001,141000,0,0,0,0,4001
c1n,L,RC(0.95),1,False,CONVERGED,CONVERGED,543,543,-,-,0.7674066980751206,0.7674067,0,0,0,0,Commons,Commons,Commons,Commons,0.0,0.0,264.73837293643436,264.7384,0.8197222851400982,0.8178494,0,0,0.6218812708491779,0.6218813,0.0,0.0,-,5.551115e-15,4001,141000,0,0,0,0,4001
c1n,L,RC(1.2),2,False,CONVERGED,CONVERGED,524,524,-,-,0.4432246472388511,0.4432246,13,13,0,0,Commons,Commons,Commons,Commons,0.0,0.0,813.6785330943352,813.6785,0.5093855713388356,0.5093856,28,28,0.4154769142105507,0.4154769,0.0,0.0,-,5.107026e-15,4001,141000,0,0,0,0,4001
c1n,L,RC(0.8),2,False,CONVERGED,CONVERGED,576,576,-,-,0.39814208220087455,0.3981421,67,67,2,2,Commons,Commons,Commons,Commons,0.0,0.0,986.819063704101,986.8191,0.444520852481825,0.4445209,55,55,0.387230796251998,0.3872308,0.0,0.0,-,6.217249e-15,3979,140978,22,22,0,0,4001
c1n,L,RC(2),3,False,CONVERGED,CONVERGED,707,707,-,-,0.055318576734272,0.05531858,63,63,4,4,Commons,Commons,Commons,Commons,0.0,0.0,2894.6465003858166,2894.647,0.10831136940276152,0.1083114,77,77,0.3201559154184972,0.3201559,0.05333389577955705,0.0533339,-,7.327472e-15,3953,140952,13,13,35,35,4001
c1n,L,RC(0.5),3,False,DIVERGED,DIVERGED,-,-,314,300,0.0,0.0,299,285,2,2,Enclosed,Enclosed,Commons,Commons,1.0,1.0,inf,inf,0.0,0.0,271,257,8.035835076578773e-06,1.100567e-05,0.07269230769230772,0.07269231,-,inf,44,44,7,7,264,250,315
c1n,L,x*/2,3,False,CONVERGED,CONVERGED,532,532,-,-,0.2888722202905911,0.2888722,28,28,0,0,Commons,Commons,Commons,Commons,0.0,0.0,2096.005229578712,2096.005,0.289770262346536,0.2667087,47,47,0.3760026229658865,0.3760026,0.0,0.0,-,5.995204e-15,4001,141000,0,0,0,0,4001
c1n,L,land.mach=0.44@genesis,2,False,CONVERGED,CONVERGED,547,547,-,-,0.5008198611989271,0.5008199,16,16,0,0,Commons,Commons,Commons,Commons,0.0,0.0,798.6876550822716,798.6877,0.5568694634865977,0.5568695,49,49,0.3999735944885657,0.3999736,0.0,0.0,-,4.218847e-15,4001,141000,0,0,0,0,4001
c1n,L,land.mach=0.44@dated,2,False,CONVERGED,CONVERGED,546,546,-,-,0.5007215365479889,0.5007215,16,16,0,0,Commons,Commons,Commons,Commons,0.0,0.0,799.1892493579146,799.1892,0.5566092295657916,0.5566092,49,49,0.39998324568373994,0.3999832,0.0,0.0,-,2.664535e-15,4001,141000,0,0,0,0,4001
c1n,L,land.mach=0.36@genesis,2,False,CONVERGED,CONVERGED,270,270,-,-,0.9475105476067954,0.9475105,0,0,0,0,Commons,Commons,Commons,Commons,0.0,0.0,141.9827684025225,141.9828,0.9551343757871442,0.915584,0,0,0.9904145667613735,0.9904146,0.0,0.0,-,5.995204e-15,4001,141000,0,0,0,0,4001
c1n,L,land.mach=0.36@dated,2,False,CONVERGED,CONVERGED,270,270,-,-,0.9475105476067952,0.9475105,0,0,0,0,Commons,Commons,Commons,Commons,0.0,0.0,141.9827684025225,141.9828,0.955134375787144,0.9155862,0,0,0.9903527816073068,0.9903528,0.0,0.0,-,4.884981e-15,4001,141000,0,0,0,0,4001
c1n,L,land.mach=0.8@genesis,3,False,DIVERGED,DIVERGED,-,-,286,286,0.0,0.0,284,284,2,2,Enclosed,Enclosed,Commons,Commons,1.0,1.0,inf,inf,0.0,0.0,274,274,7.859303286001978e-06,7.859306e-06,0.07269230769230772,0.07269231,-,inf,21,21,6,6,260,260,287
c1n,L,land.mach=0.8@dated,3,False,DIVERGED,DIVERGED,-,-,285,285,0.0,0.0,284,284,2,2,Enclosed,Enclosed,Commons,Commons,1.0,1.0,inf,inf,0.0,0.0,273,273,7.786004075423553e-06,7.786004e-06,0.07269230769230772,0.07269231,-,inf,20,20,7,7,259,259,286
c1n,L,land.mach=0.2@genesis,3,False,CONVERGED,CONVERGED,521,521,-,-,0.5787002652791449,0.5787003,1,1,1,1,Crowded,Crowded,Crowded,Crowded,0.2158444242771306,0.21584442427713252,981.2043881682893,981.2044,0.6140619180153554,0.571807,0,0,0.9007922446721645,0.9007922,0.0,0.0,-,6.550316e-15,91,91,3910,140909,0,0,4001
c1n,L,land.mach=0.2@dated,3,False,CONVERGED,CONVERGED,521,521,-,-,0.5787002652791446,0.5787003,1,1,1,1,Crowded,Crowded,Crowded,Crowded,0.21584442427713538,0.21584442427714012,981.2043881682893,981.2044,0.6140619180153553,0.5711356,0,0,0.9002003078525602,0.9002003,0.0,0.0,-,5.995204e-15,91,91,3910,140909,0,0,4001
c1n,L,b.food=0.66@genesis,2,False,CONVERGED,CONVERGED,532,532,-,-,0.7591792926654948,0.7591793,0,0,0,0,Commons,Commons,Commons,Commons,0.0,0.0,327.7440835448822,327.7441,0.799107176123424,0.7991072,0,0,0.5309791835393283,0.5309792,0.0,0.0,-,4.218847e-15,4001,141000,0,0,0,0,4001
c1n,L,b.food=0.66@dated,2,False,CONVERGED,CONVERGED,531,531,-,-,0.7652191056808748,0.7652191,0,0,0,0,Commons,Commons,Commons,Commons,0.0,0.0,318.7381616754591,318.7382,0.8039453690958357,0.8039454,0,0,0.5461096567699372,0.5461097,0.0,0.0,-,6.439294e-15,4001,141000,0,0,0,0,4001
c1n,L,b.food=0.54@genesis,2,False,CONVERGED,CONVERGED,315,315,-,-,0.8377248017624219,0.8377248,0,0,0,0,Commons,Commons,Commons,Commons,0.0,0.0,177.06563128629037,177.0656,0.8739778439261199,0.8739778,0,0,0.8692945278822571,0.8692945,0.0,0.0,-,5.107026e-15,4001,141000,0,0,0,0,4001
c1n,L,b.food=0.54@dated,2,False,CONVERGED,CONVERGED,316,316,-,-,0.8334403879097478,0.8334404,0,0,0,0,Commons,Commons,Commons,Commons,0.0,0.0,182.19309955324158,182.1931,0.8695039173988539,0.8695039,0,0,0.8611722898820265,0.8611723,0.0,0.0,-,3.552714e-15,4001,141000,0,0,0,0,4001
c1n,L,b.food=1.2@genesis,3,False,DIVERGED,DIVERGED,-,-,290,290,0.0,0.0,280,280,2,2,Enclosed,Enclosed,Crowded,Crowded,1.0,1.0,inf,inf,0.0,0.0,273,273,8.763925094115909e-06,8.763927e-06,0.07269230769230772,0.07269231,-,inf,16,16,8,8,267,267,291
c1n,L,b.food=1.2@dated,3,False,DIVERGED,DIVERGED,-,-,290,290,0.0,0.0,280,280,2,2,Enclosed,Enclosed,Crowded,Crowded,1.0,1.0,inf,inf,0.0,0.0,273,273,1.0215354938426894e-05,9.221578e-06,0.07269230769230772,0.07269231,-,inf,16,16,8,8,267,267,291
c1n,L,b.food=0.3@genesis,3,False,CONVERGED,CONVERGED,517,517,-,-,0.3349980662454224,0.3349981,26,26,0,0,Commons,Commons,Commons,Commons,0.0,0.0,1093.630519575455,1093.631,0.4373000865849981,0.4373001,23,23,0.3742586010699727,0.3742586,0.0,0.0,-,3.996803e-15,4001,141000,0,0,0,0,4001
c1n,L,b.food=0.3@dated,3,False,CONVERGED,CONVERGED,518,518,-,-,0.3258763594891489,0.3258764,26,26,0,0,Commons,Commons,Commons,Commons,0.0,0.0,1121.237234925439,1121.237,0.42357199949089996,0.423572,25,25,0.37087359804001047,0.3708736,0.0,0.0,-,1.776357e-15,4001,141000,0,0,0,0,4001
c1n,L,commons=26.73@genesis,2,False,VACUOUS,VACUOUS,0,0,-,-,1.0,1.0,0,0,0,0,Commons,Commons,Commons,Commons,0.0,0.0,2.2204460492503136e-13,2.220446e-13,0.9999999999999998,1.0,0,0,1.0,1.0,0.0,0.0,-,2.2204460000000001e-16,4001,141000,0,0,0,0,4001
c1n,L,commons=26.73@dated,2,False,VACUOUS,VACUOUS,0,0,-,-,1.0,1.0,0,0,0,0,Commons,Commons,Commons,Commons,0.0,0.0,2.2204460492503128e-13,2.220446e-13,0.9999999999999998,1.0,0,0,1.0,1.0,0.0,0.0,-,2.2204460000000001e-16,4001,141000,0,0,0,0,4001
c1n,L,commons=21.87@genesis,2,False,VACUOUS,VACUOUS,0,0,-,-,1.0,1.0,0,0,0,0,Commons,Commons,Commons,Commons,0.0,0.0,2.2204460492503136e-13,2.220446e-13,0.9999999999999998,1.0,0,0,1.0,1.0,0.0,0.0,-,2.2204460000000001e-16,4001,141000,0,0,0,0,4001
c1n,L,commons=21.87@dated,2,False,VACUOUS,VACUOUS,0,0,-,-,1.0,1.0,0,0,0,0,Commons,Commons,Commons,Commons,0.0,0.0,2.2204460492503128e-13,2.220446e-13,0.9999999999999998,1.0,0,0,1.0,1.0,0.0,0.0,-,2.2204460000000001e-16,4001,141000,0,0,0,0,4001
c1n,L,commons=48.6@genesis,3,False,VACUOUS,VACUOUS,0,0,-,-,1.0,1.0,0,0,0,0,Commons,Commons,Commons,Commons,0.0,0.0,2.2204460492503136e-13,2.220446e-13,0.9999999999999998,1.0,0,0,1.0,1.0,0.0,0.0,-,2.2204460000000001e-16,4001,141000,0,0,0,0,4001
c1n,L,commons=48.6@dated,3,False,VACUOUS,VACUOUS,0,0,-,-,1.0,1.0,0,0,0,0,Commons,Commons,Commons,Commons,0.0,0.0,2.2204460492503128e-13,2.220446e-13,0.9999999999999998,1.0,0,0,1.0,1.0,0.0,0.0,-,2.2204460000000001e-16,4001,141000,0,0,0,0,4001
c1n,L,commons=12.15@genesis,3,False,CONVERGED,CONVERGED,741,741,-,-,0.8095836055935477,0.8095836,0,0,1,1,Enclosed,Enclosed,Enclosed,Enclosed,1.0,1.0,473.77242612105937,473.7724,0.8087871654708175,0.6173131,0,0,0.6833144886479965,0.6833145,0.05841950369717491,0.0584195,-,1.776357e-15,0,0,2,2,3999,140998,4001
c1n,L,commons=12.15@dated,3,False,CONVERGED,CONVERGED,741,741,-,-,0.8095836055935486,0.8095836,0,0,1,1,Enclosed,Enclosed,Enclosed,Enclosed,1.0,1.0,473.77242612105937,473.7724,0.8087871654708177,0.6173131,0,0,0.683314488647998,0.6833145,0.058419503697174524,0.0584195,-,1.776357e-15,0,0,2,2,3999,140998,4001
