run	tier	tpy	cls	ticks_to_tol	peak_Dhat	dead	baskets_trough	baskets_none	worst_fill	transfer_short	depth_min	breach_ticks	first_breach	smax_services	smax_goods	F_hi_entrant	F_hi_trained	F_hi_master	sat_entrant	sat_trained	sat_master	dead_labour	dead_land	dead_services	dead_goods	dead_mach	dead_labour.trained	dead_labour.master
p[labour]*0.12270440108003683	3	52.0	CONVERGED	697	inf	105	0.0	18	0.0	891.2445193140277	-1.1554022165272668	18	0	0.2828568437701065	0.2828568437701065	0.6634916626599896	0.37603349207091147	0.5664262210237564	0	0	0	19	27	104	104	60	39	43
p[labour]*0.12883962113403868	3	52.0	CONVERGED	695	inf	103	0.0	18	0.0	848.6462047581985	-1.1066120523578347	17	0	0.2682770650830186	0.2682770650830186	0.6587164187774973	0.3750086734006488	0.5651873411329594	0	0	0	19	26	102	102	59	38	42
p[labour]*0.13528160219074062	3	52.0	CONVERGED	692	inf	101	0.0	17	0.0	806.4115666084601	-1.0578218881884027	16	0	0.25313575521279214	0.25313575521279214	0.6537996499144938	0.3739368421808908	0.5638924171741019	0	0	0	18	25	100	100	58	37	41
p[labour]*0.14204568230027764	3	52.0	CONVERGED	690	inf	100	0.0	16	0.0	765.3538989073577	-1.0090317240189708	16	0	0.23870892523543996	0.23870892523543996	0.6488191026597625	0.37285942841912234	0.562577455608505	0	0	0	17	24	99	99	58	36	40
p[labour]*0.14914796641529154	3	52.0	CONVERGED	687	inf	98	0.0	16	0.0	725.2716424612619	-0.9602415598495387	15	0	0.22380120196524825	0.22380120196524825	0.6438147492374746	0.37174659870446414	0.5612188114974298	0	0	0	17	23	97	97	57	35	39
p[labour]*0.15660536473605613	3	52.0	CONVERGED	684	inf	96	0.0	15	0.0	685.3183025349394	-0.9114513956801066	14	0	0.20918417971933612	0.20918417971933612	0.6386181553719859	0.3705985528507938	0.5598023621585286	0	0	0	16	23	95	95	56	33	37
p[labour]*0.16443563297285893	3	52.0	CONVERGED	680	inf	94	0.0	14	0.0	646.5819946472269	-0.8626612315106746	14	0	0.19458858489055392	0.19458858489055392	0.6334234153707482	0.3694399289817572	0.5583740001071139	0	0	0	15	23	93	93	55	32	36
p[labour]*0.1726574146215019	3	52.0	CONVERGED	653	inf	92	0.0	13	0.0	608.637569959397	-0.8138710673412427	13	0	0.1799020926497987	0.1799020926497987	0.6281512926207053	0.36822599446042636	0.5568587709105952	0	0	0	15	22	91	91	55	29	35
p[labour]*0.181290285352577	3	52.0	CONVERGED	650	inf	90	0.0	13	0.0	571.0823990891754	-0.7650809031718105	12	0	0.1657067948583833	0.1657067948583833	0.6227401201437373	0.3669885000147713	0.5553066218168761	0	0	0	14	21	89	89	54	28	33
p[labour]*0.19035479962020585	3	52.0	CONVERGED	646	inf	88	0.0	12	0.0	534.3743424905384	-0.7162907390023785	12	0	0.15110275763918563	0.15110275763918563	0.6173001452517227	0.36572640111878124	0.5537201951309829	0	0	0	13	20	87	87	53	25	31
p[labour]*0.19987253960121615	3	52.0	CONVERGED	643	inf	86	0.0	11	0.0	498.1473903735889	-0.6675005748329464	11	0	0.13740625138435922	0.13740625138435922	0.6117090775861496	0.36439191292891276	0.5520131664051009	0	0	0	13	19	85	85	52	17	29
p[labour]*0.20986616658127696	3	52.0	CONVERGED	640	inf	84	0.0	10	0.0	462.3723720215131	-0.6187104106635143	10	0	0.1232550730864033	0.1232550730864033	0.6059734548407454	0.36303022847051564	0.5502597655659187	0	0	0	12	18	83	83	51	8	26
p[labour]*0.22035947491034083	3	52.0	CONVERGED	637	inf	81	0.0	9	0.0	427.84625148253815	-0.5699202464940825	10	0	0.10999130933426267	0.10999130933426267	0.6002353523495033	0.3616494786880871	0.5484812513611813	0	0	0	12	17	80	80	50	0	19
p[labour]*0.23137744865585788	3	52.0	CONVERGED	633	inf	79	0.0	8	0.0	393.53202301785757	-0.5211300823246501	9	0	0.09648313604563334	0.09648313604563334	0.5942655508250694	0.36018098084273137	0.5465472433902339	0	0	0	11	17	78	78	49	0	7
p[labour]*0.24294632108865077	3	52.0	CONVERGED	630	inf	76	0.0	7	0.0	359.40708558504696	-0.4723399181552183	8	0	0.08383304857518284	0.08383304857518284	0.5880360564156387	0.35863959207543195	0.5445025775968171	0	0	0	10	16	75	75	48	0	0
p[labour]*0.2550936371430833	3	52.0	CONVERGED	626	inf	74	0.0	6	0.0	326.4989293056509	-0.42354975398578626	8	0	0.07109229433567739	0.07109229433567739	0.5817532312490484	0.35708154151861815	0.5424108014695712	0	0	0	10	15	73	73	47	0	0
p[labour]*0.26784831900023753	3	52.0	CONVERGED	622	inf	71	0.0	5	0.0	293.90451473898696	-0.37475958981635404	7	0	0.059394188489487125	0.059394188489487125	0.5751629579057492	0.35541920570473734	0.5401334132630338	0	0	0	9	14	70	70	46	0	0
p[labour]*0.28124073495024937	3	52.0	CONVERGED	618	inf	68	0.0	4	0.0	261.49524387955694	-0.3259694256469221	6	0	0.047705219024680334	0.047705219024680334	0.5682076159490194	0.35364167396469215	0.5376646255857223	0	0	0	8	12	67	67	45	0	0
p[labour]*0.29530277169776187	3	52.0	CONVERGED	614	inf	66	0.0	3	0.0	229.52374731207	-0.2771792614774901	5	0	0.03726759869234012	0.03726759869234012	0.5609076052774201	0.35177151402179313	0.5350411618029846	0	0	0	8	11	65	65	44	0	0
p[labour]*0.31006791028264996	3	52.0	CONVERGED	609	inf	63	0.0	2	0.0	198.7215844257316	-0.22838909730805818	5	0	0.027434376996834105	0.027434376996834105	0.5534292032277914	0.34982653373346667	0.5322682933057354	0	0	0	7	10	62	62	43	0	0
p[labour]*0.3255713057967825	3	52.0	CONVERGED	604	inf	60	0.0	1	0.0	168.60186839482827	-0.17959893313862602	4	0	0.01845736469706906	0.01845736469706906	0.5455471548886207	0.3477307449496588	0.529219742105109	0	0	0	6	7	59	59	41	0	0
p[labour]*0.3418498710866216	3	52.0	CONVERGED	598	3223.966842553378	58	0.03979687678325716	0	0.038415213106881535	140.34796407447968	-0.130808768969194	3	0	0.01107837429985726	0.01107837429985726	0.5375146605461443	0.3455611991230476	0.5259913608753555	0	0	0	6	3	57	57	40	0	0
p[labour]*0.35894236464095275	3	52.0	CONVERGED	593	2456.2642080227038	55	0.08575471508595078	0	0.08300754107830893	116.20448782019076	-0.08201860479976188	2	0	0.005616111134761457	0.005616111134761457	0.5300733898793552	0.34351256407676384	0.5228870439486382	0	0	0	5	0	54	54	38	0	0
p[labour]*0.3768894828730004	3	52.0	CONVERGED	588	2050.1069203178517	53	0.12872113994681353	0	0.12494010893307336	96.24953038626289	-0.03322844063032984	1	0	0.0019924267768215054	0.0019924267768215054	0.5233750025327809	0.34160583156374835	0.5199154825307383	0	0	0	4	0	51	52	36	0	0
p[labour]*0.39573395701665043	3	52.0	CONVERGED	583	1780.2507753516609	48	0.1685958622801488	0	0.16420162418874817	76.68629057260632	0.015561723539102243	0		0.0	0.0	0.5164545427843827	0.3393459058869599	0.5170198628614535	0	0	0	3	0	44	46	34	0	0
p[labour]*0.41552065486748296	3	52.0	CONVERGED	579	1629.2865562767633	42	0.19606940872789447	0	0.1911082079962319	64.01015902793473	0.0643518877085342	0		0.0	0.0	0.5114836822742963	0.33784805383111105	0.5145630387837586	0	0	0	2	0	36	40	31	0	0
p[labour]*0.4362966876108571	3	52.0	CONVERGED	575	1492.0119728012558	35	0.22491966773872293	0	0.2194096880473021	52.290409291128654	0.1131420518779664	0		0.0	0.0	0.5064874684483398	0.3363351949708255	0.5120856927870416	0	0	0	1	0	21	33	28	0	0
p[labour]*0.4581115219914	3	52.0	CONVERGED	570	1365.6577791767265	27	0.25521274713338116	0	0.24917860738505646	41.43187679124823	0.16193221604739824	0		0.0	0.0	0.5014899527342705	0.3347874958094687	0.5094928379598884	0	0	0	0	0	11	26	21	0	0
p[labour]*0.48101709809097004	3	52.0	CONVERGED	565	1248.2124647624664	21	0.2870173922850017	0	0.28049113122799113	31.600421261895516	0.21072238021683046	0		0.0	0.0	0.496453525054666	0.3332242548468029	0.5068717313466937	0	0	0	0	0	8	20	13	0	0
p[labour]*0.5050679529955185	3	52.0	CONVERGED	560	1138.169440466908	13	0.3204050057511595	0	0.31342719460364526	22.715041687255823	0.2595125443862625	0		0.0	0.0	0.4914356520900373	0.331633067459167	0.5041675909283571	0	0	0	0	0	6	13	8	0	0
p[labour]*0.5303213506452945	3	52.0	CONVERGED	555	1034.3716638446776	9	0.35544965264091105	0	0.34807065110201546	14.895047039240199	0.3083027085556945	0		0.0	0.0	0.4863820576343998	0.3300210282370114	0.5014083068093955	0	0	0	0	0	4	8	6	0	0
p[labour]*0.5568374181775593	3	52.0	CONVERGED	550	935.911849727381	7	0.39222804937913314	0	0.38450942211193395	8.286162165961711	0.3570928727251265	0		0.0	0.0	0.4813621719568656	0.3283941610254049	0.498601199474599	0	0	0	0	0	3	6	4	0	0
p[labour]*0.5846792890864372	3	52.0	CONVERGED	545	842.0659927736934	5	0.43081953331383727	0	0.4228356458503035	3.0848068339596524	0.40588303689455846	0		0.0	0.0	0.4763528179536814	0.32674932490384223	0.4957356137167021	0	0	0	0	0	1	4	3	0	0
p[labour]*0.6139132535407591	3	52.0	CONVERGED	540	752.2476923370434	2	0.47130601039309633	0	0.4631458254500699	0.0	0.45467320106399056	0		0.0	0.0	0.47140394126926066	0.3251064997792856	0.4928635308090983	0	0	0	0	0	0	1	1	0	0
p[labour]*0.6446089162177971	3	52.0	CONVERGED	534	665.9759293181178	0	0.5137718779205939	0	0.5055409753422914	0.0	0.5034633652334228	0		0.0	0.0	0.466486608231613	0.3234440620416303	0.489905668726772	0	0	0	0	0	0	0	0	0	0
p[labour]*0.676839362028687	3	52.0	CONVERGED	524	582.8518068315593	0	0.558303919187225	0	0.5501267651556075	0.0	0.5522535294028548	0		0.0	0.0	0.461577842508448	0.32176503310000326	0.48692214736004336	0	0	0	0	0	0	0	0	0	0
p[labour]*0.7106813301301214	3	52.0	CONVERGED	482	502.5414217582759	0	0.6049911665762646	0	0.5970136603689012	0.0	0.6010436935722868	0		0.0	0.0	0.4566602171374884	0.3200578850494676	0.4838678905903999	0	0	0	0	0	0	0	0	0	0
p[labour]*0.7462153966366275	3	52.0	CONVERGED	473	424.76302656775954	0	0.653924729557856	0	0.6463170589969967	0.0	0.6498338577417188	0		0.0	0.0	0.4517773788289778	0.31833673924021644	0.4807804039700722	0	0	0	0	0	0	0	0	0	0
p[labour]*0.7835261664684589	3	52.0	CONVERGED	461	349.2772546798977	0	0.7051975838327544	0	0.6981574236734421	0.0	0.6986240219111508	0		0.0	0.0	0.44690205275659667	0.31659533312939364	0.4776496466836079	0	0	0	0	0	0	0	0	0	0
p[labour]*0.8227024747918819	3	52.0	CONVERGED	448	275.87957308529906	0	0.7589043177639451	0	0.752660408628433	0.0	0.747414186080583	0		0.0	0.0	0.4420550370397396	0.31483765243932754	0.47447819641441114	0	0	0	0	0	0	0	0	0	0
p[labour]*0.863837598531476	3	52.0	CONVERGED	432	204.39438047563272	0	0.8151408321580086	0	0.8099569812554738	0.0	0.796204350250015	0		0.0	0.0	0.43724570611270547	0.3130673284186261	0.4712822015802351	0	0	0	0	0	0	0	0	0	0
p[labour]*0.9070294784580498	3	52.0	CONVERGED	376	134.67033876396596	0	0.8740039894368485	0	0.8701835382307845	0.0	0.844994514419447	0		0.0	0.0	0.43246804220598195	0.31128229977466554	0.4680500377349233	0	0	0	0	0	0	0	0	0	0
p[labour]*0.9523809523809523	3	52.0	CONVERGED	337	66.57664118795348	0	0.9355912082868473	0	0.9334820165104255	0.0	0.8937846785888791	0		0.0	0.0	0.4277465002088255	0.3094906616269187	0.46480223507424673	0	0	0	0	0	0	0	0	0	0
p[labour]*1.05	3	52.0	CONVERGED	214	48.790164169432046	0	0.9855037693900063	0	0.985193199201799	0.0	0.9425748427583135	0		0.0	0.0	0.4401784427040182	0.3088086790916993	0.46211938932619834	0	0	0	0	0	0	0	0	0	0
p[labour]*1.1025	3	52.0	CONVERGED	250	97.58032833886404	0	0.9707282734331125	0	0.9701103511374695	0.0	0.9425748427583182	0		0.0	0.0	0.4578257338460063	0.3099571799168009	0.46272118997871997	0	0	0	0	0	0	0	0	0	0
p[labour]*1.1576250000000001	3	52.0	CONVERGED	309	146.3704925082961	0	0.9556834484056401	0	0.9547621132664583	0.0	0.9425748427583128	0		0.0	0.0	0.4760262098816008	0.3111369601083938	0.46334417322479343	0	0	0	0	0	0	0	0	0	0
p[labour]*1.2155062500000002	3	52.0	CONVERGED	324	195.16065667772818	0	0.940380248205564	0	0.9391601642339127	0.0	0.9425748427583142	0		0.0	0.0	0.4947867650356992	0.31234687506273345	0.4639884409937217	0	0	0	0	0	0	0	0	0	0
p[labour]*1.2762815625000004	3	52.0	CONVERGED	335	243.9508208471603	0	0.9248306310825083	0	0.923317185940429	0.0	0.9425748427583187	0		0.0	0.0	0.5141137447693981	0.3135912118954265	0.4646545998744919	0	0	0	0	0	0	0	0	0	0
p[labour]*1.3400956406250004	3	52.0	CONVERGED	347	292.74098501659233	0	0.9090475388045265	0	0.9072468378636775	0.0	0.942574842758316	0		0.0	0.0	0.534012918024094	0.31486807508237047	0.4653432704068577	0	0	0	0	0	0	0	0	0	0
p[labour]*1.4071004226562505	3	52.0	CONVERGED	356	341.5311491860243	0	0.8930448681074279	0	0.8909637235310028	0.0	0.9425748427583147	0		0.0	0.0	0.5544894515691134	0.31617720929810333	0.4660550249728275	0	0	0	0	0	0	0	0	0	0
p[labour]*1.477455443789063	3	52.0	CONVERGED	365	390.32131335545637	0	0.8768374343660886	0	0.8744833491407814	0.0	0.9425748427583172	0		0.0	0.0	0.575547886688853	0.31751498911541653	0.4667890194398205	0	0	0	0	0	0	0	0	0	0
p[labour]*1.5513282159785162	3	52.0	CONVERGED	372	439.1114775248884	0	0.8604409275272685	0	0.8578220744344912	0.0	0.9425748427583142	0		0.0	0.0	0.597192118428333	0.31887695074979255	0.46754450864273084	0	0	0	0	0	0	0	0	0	0
p[labour]*1.628894626777442	3	52.0	CONVERGED	412	487.90164169432035	0	0.8438718604481746	0	0.8409970560291273	0.0	0.9425748427583147	0		0.0	0.0	0.6194253775955446	0.3202571807955895	0.46832093212103787	0	0	0	0	0	0	0	0	0	0
p[labour]*1.7103393581163142	3	52.0	CONVERGED	421	536.6918058637524	0	0.8271475098924039	0	0.8240261835287315	0.0	0.9425748427583142	0		0.0	0.0	0.642250215695247	0.3216775749459274	0.46912458023664366	0	0	0	0	0	0	0	0	0	0
p[labour]*1.79585632602213	3	52.0	CONVERGED	427	585.4819700331846	0	0.8102858505427908	0	0.8069280088420688	0.0	0.942574842758315	0		0.0	0.0	0.6656684929422724	0.32312401096469456	0.4699533165076344	0	0	0	0	0	0	0	0	0	0
p[labour]*1.8856491423232367	3	52.0	CONVERGED	431	634.2721342026167	0	0.7933054824967457	0	0.7897216692384992	0.0	0.9425748427583157	0		0.0	0.0	0.6896813694733334	0.32459049291229486	0.47080867225729295	0	0	0	0	0	0	0	0	0	0
p[labour]*1.9799315994393987	3	52.0	CONVERGED	435	683.0622983720486	0	0.7762255528115749	0	0.7724268047734898	0.0	0.942574842758315	0		0.0	0.0	0.7142892998452344	0.32608151490724335	0.47169114426869685	0	0	0	0	0	0	0	0	0	0
p[labour]*2.0789281794113688	3	52.0	CONVERGED	439	731.8524625414807	0	0.7590656717626066	0	0.7550634708066066	0.0	0.9425748427583135	0		0.0	0.0	0.7394920308748076	0.32759134774521226	0.47259993810696654	0	0	0	0	0	0	0	0	0	0
p[labour]*2.182874588381937	3	52.0	CONVERGED	444	780.6426267109126	0	0.7418458245634555	0	0.7376520464159961	0.0	0.9425748427583157	0		0.0	0.0	0.7652886028423499	0.32913251081509126	0.4735328825232907	0	0	0	0	0	0	0	0	0	0
p[labour]*2.292018317801034	3	52.0	CONVERGED	448	829.4327908803447	0	0.7245862793733029	0	0.7202131395823014	0.0	0.9425748427583163	0		0.0	0.0	0.7916773540464248	0.3306822875068031	0.4744850558730821	0	0	0	0	0	0	0	0	0	0
p[labour]*2.4066192336910857	3	52.0	CONVERGED	453	878.2229550497767	0	0.7073074924787327	0	0.7027674900698848	0.0	0.9425748427583173	0		0.0	0.0	0.8186559286641846	0.33223420389512054	0.47546083512449405	0	0	0	0	0	0	0	0	0	0
p[labour]*2.5269501953756404	3	52.0	CONVERGED	457	927.0131192192089	0	0.6900300115858697	0	0.6853358709727512	0.0	0.9425748427583157	0		0.0	0.0	0.8462212878384547	0.33378052330487124	0.4764618826039848	0	0	0	0	0	0	0	0	0	0
p[labour]*2.653297705144422	3	52.0	CONVERGED	461	975.8032833886408	0	0.6727743781910484	0	0.6669849384803728	0.0	0.9425748427583159	0		0.0	0.0	0.8743697238812513	0.3353354483493334	0.47748117662288125	0	0	0	0	0	0	0	0	0	0
p[labour]*2.7859625904016436	3	52.0	CONVERGED	465	1024.593447558073	0	0.6555610300141335	0	0.6480462436559327	0.0	0.9425748427583188	0		0.0	0.0	0.9030968774537174	0.3369040440708583	0.47853678477035433	0	0	0	0	0	0	0	0	0	0
p[labour]*2.925260719921726	3	52.0	CONVERGED	469	1073.383611727505	0	0.6384102044775531	0	0.6290512079221929	0.0	0.9425748427583182	0		0.0	0.0	0.9323977575551093	0.33843514692422083	0.4796048903244779	0	0	0	0	0	0	0	0	0	0
p[labour]*3.0715237559178123	3	52.0	CONVERGED	472	1122.173775896937	0	0.6213418441960379	0	0.610027601221675	0.0	0.9425748427583126	0		0.0	0.0	0.9622667641288999	0.3399403832031056	0.48069404076189165	0	0	0	0	0	0	0	0	0	0
p[labour]*3.225099943713703	3	52.0	CONVERGED	476	1170.9639400663689	0	0.6043755054075409	0	0.5910037302309556	0.0	0.9425748427583145	0		0.0	0.0	0.9926977130725905	0.3414538621936262	0.4818019015431543	0	0	0	0	0	0	0	0	0	0
p[labour]*3.3863549408993885	3	52.0	CONVERGED	479	1219.7541042358014	0	0.5875302702256958	0	0.5717695092854351	0.0	0.9425748427583133	0		0.0	0.0	1.0	0.3429867695761146	0.4829498309170045	1	0	0	0	0	0	0	0	0	0
p[labour]*3.555672687944358	3	52.0	CONVERGED	483	1268.5442684052332	0	0.5708246635297627	0	0.5524647286260469	0.0	0.9425748427583145	0		0.0	0.0	1.0	0.34449223748164143	0.4841256111012955	2	0	0	0	0	0	0	0	0	0
p[labour]*3.733456322341576	3	52.0	CONVERGED	486	1317.3344325746652	0	0.5542765752309734	0	0.5330902752034428	0.0	0.9425748427583147	0		0.0	0.0	1.0	0.3459569238002196	0.4853177403795158	2	0	0	0	0	0	0	0	0	0
p[labour]*3.920129138458655	3	52.0	CONVERGED	489	1366.1245967440973	0	0.5379031885664354	0	0.5137181660731017	0.0	0.9425748427583159	0		0.0	0.0	1.0	0.347411162347389	0.4865447244876596	3	0	0	0	0	0	0	0	0	0
p[labour]*4.116135595381588	3	52.0	CONVERGED	527	1414.9147609135296	0	0.521720914975448	0	0.4944788216177203	0.0	0.942574842758315	0		0.0	0.0	1.0	0.34881220740736185	0.4878060039038416	4	0	0	0	0	0	0	0	0	0
p[labour]*4.321942375150668	3	52.0	CONVERGED	531	1463.7049250829614	0	0.5057453360105332	0	0.4752685571363153	0.0	0.9425748427583165	0		0.0	0.0	1.0	0.35022762937205504	0.4890898902912285	4	0	0	0	0	0	0	0	0	0
p[labour]*4.538039493908201	3	52.0	CONVERGED	534	1512.4950892523934	4	0.4899911526290436	0	0.45612181986647193	0.0	0.9425748427583137	0		0.0	0.0	1.0	0.3515568964252058	0.49038217073835566	5	0	0	0	0	3	0	0	1	0
p[labour]*4.764941468603611	3	52.0	CONVERGED	537	1561.2852534218255	10	0.4733099953142582	0	0.4371784370143479	0.0	0.9425748427583148	0		0.0	0.0	1.0	0.35279200910683656	0.49167839445718864	5	0	0	0	0	9	0	0	1	0
p[labour]*5.003188542033792	3	52.0	CONVERGED	540	1610.0754175912573	13	0.4550680396296536	0	0.41850104178297365	0.0	0.9425748427583148	0		0.0	0.0	1.0	0.3540376481325803	0.49300099325827773	6	0	0	0	0	12	0	0	5	0
p[labour]*5.253347969135482	3	52.0	CONVERGED	542	1658.8655817606893	15	0.437049285310721	0	0.40014322319069523	0.3180211838792544	0.9425748427583144	0		0.0	0.0	1.0	0.3552241676679196	0.49437736802870436	6	0	0	0	0	14	0	0	8	0
p[labour]*5.5160153675922565	3	52.0	CONVERGED	545	1707.6557459301216	16	0.41927998539023725	0	0.38215598165045256	1.9159263152879282	0.9425748427583156	0		0.0	0.0	1.0	0.35650880536887614	0.495770408664137	7	0	0	0	0	15	0	0	9	0
p[labour]*5.791816135971869	3	52.0	CONVERGED	547	1756.4459100995534	17	0.40178541072131946	0	0.36459137982542766	4.137280914066466	0.9425748427583165	0		0.0	0.0	1.0	0.35779750867917304	0.4971896672399157	7	0	0	1	0	16	0	0	11	0
p[labour]*6.081406942770463	3	52.0	CONVERGED	549	1805.2360742689857	18	0.3845897064720808	0	0.3474928334033768	6.82005727361184	0.9425748427583156	0		0.0	0.0	1.0	0.3591014664493061	0.49864054726838286	8	0	0	3	0	17	0	0	12	0
p[labour]*6.385477289908986	3	52.0	CONVERGED	551	1854.0262384384175	19	0.3677157578891494	0	0.3308727635147396	9.91643787170917	0.9425748427583156	0		0.0	0.0	1.0	0.36029416905904377	0.5001140587891728	8	0	0	7	0	18	0	0	14	0
p[labour]*6.704751154404436	3	52.0	CONVERGED	554	1902.8164026078498	21	0.3511850668833156	0	0.31474167684872373	13.376445927776976	0.942574842758314	0		0.0	0.0	1.0	0.3614533619622347	0.50161951115885	9	0	0	10	0	20	0	0	15	0
p[labour]*7.039988712124658	3	52.0	CONVERGED	556	1951.6065667772816	22	0.33501764083751645	0	0.29910815984842504	17.179925135257484	0.942574842758316	0		0.0	0.0	1.0	0.36257309343541466	0.50313963219289	9	0	0	12	0	21	0	0	16	0
p[labour]*7.391988147730891	3	52.0	CONVERGED	559	2000.3967309467137	23	0.3192318948577986	0	0.28397888978242936	21.292125636905052	0.9425748427583154	0		0.0	0.0	1.0	0.3635998844324492	0.5046477878257453	10	0	0	14	0	22	0	0	17	0
p[labour]*7.761587555117436	3	52.0	CONVERGED	562	2049.186895116146	24	0.30384456848574465	0	0.2693586621027115	25.70561576288341	0.9425748427583163	0		0.0	0.0	1.0	0.36443236172040083	0.5061546186682251	10	0	0	15	0	23	0	0	22	0
p[labour]*8.14966693287331	3	52.0	CONVERGED	565	2097.977059285578	26	0.28887065767065	0	0.25513958288402394	30.43793905041007	0.942574842758316	0		0.0	0.0	1.0	0.36525184370012936	0.50766873527922	11	0	0	16	0	25	0	0	25	0
p[land]*0.12270440108003683	3	52.0	CONVERGED	654	inf	8	0.0	1	0.0	117.8387248746659	0.8902987504942637	0		0.0	0.0	0.9279826430247173	0.5473470194856129	0.7572329592211193	0	0	0	0	0	6	5	6	0	0
p[land]*0.12883962113403868	3	52.0	CONVERGED	650	inf	8	0.0	1	0.0	110.05786994324691	0.8903991646583873	0		0.0	0.0	0.918791477962748	0.5442531320921529	0.7536037051605907	0	0	0	0	0	6	5	5	0	0
p[land]*0.13528160219074062	3	52.0	CONVERGED	646	inf	7	0.0	1	0.0	102.55439791412981	0.8903664757549894	0		0.0	0.0	0.9092746077743444	0.5410455489577748	0.749836961072102	0	0	0	0	0	5	4	5	0	0
p[land]*0.14204568230027764	3	52.0	CONVERGED	642	inf	7	0.0	1	0.0	95.20823116130026	0.8902068208810766	0		0.0	0.0	0.8994391269695678	0.5377218466696163	0.7459293916936441	0	0	0	0	0	5	3	4	0	0
p[land]*0.14914796641529154	3	52.0	CONVERGED	639	inf	5	0.0	1	0.0	88.02351614061473	0.889670106671688	0		0.0	0.0	0.8892867931405213	0.5342796992854565	0.7418777382255632	0	0	0	0	0	3	3	3	0	0
p[land]*0.15660536473605613	3	52.0	CONVERGED	635	inf	5	0.0	1	0.0	80.98111741223897	0.8888070036605551	0		0.0	0.0	0.8789394863721383	0.530716892846109	0.7376788337682809	0	0	0	0	0	3	3	3	0	0
p[land]*0.16443563297285893	3	52.0	CONVERGED	632	inf	5	0.0	1	0.0	74.22749572451946	0.8878562985794798	0		0.0	0.0	0.8682273503118567	0.5270313404283989	0.7333296194771163	0	0	0	0	0	3	3	3	0	0
p[land]*0.1726574146215019	3	52.0	CONVERGED	629	inf	5	0.0	1	0.0	67.71120215049025	0.8868273887216714	0		0.0	0.0	0.8572003813471627	0.5232210976763738	0.7288271613851633	0	0	0	0	0	3	2	2	0	0
p[land]*0.181290285352577	3	52.0	CONVERGED	625	inf	4	0.0	1	0.0	61.40238097027067	0.8857282851286151	0		0.0	0.0	0.8459191751671298	0.5192843787376938	0.7241686678346382	0	0	0	0	0	2	2	2	0	0
p[land]*0.19035479962020585	3	52.0	CONVERGED	620	inf	4	0.0	1	0.0	55.34583517888146	0.8847195301405951	0		0.0	0.0	0.8344541471425303	0.5152195725212158	0.719351507446233	0	0	0	0	0	2	2	2	0	0
p[land]*0.19987253960121615	3	52.0	CONVERGED	615	inf	4	0.0	1	0.0	49.50533428832475	0.8837599505068836	0		0.0	0.0	0.8227159183128873	0.5110252591807866	0.7143732275449318	0	0	0	0	0	2	2	2	0	0
p[land]*0.20986616658127696	3	52.0	CONVERGED	607	inf	2	0.0	1	0.0	43.962829021416944	0.8825264360353912	0		0.0	0.0	0.8107427695854889	0.5067002267193645	0.7092315729495925	0	0	0	0	0	1	1	1	0	0
p[land]*0.22035947491034083	3	52.0	CONVERGED	597	inf	2	0.0	1	0.0	38.6675929758875	0.8812843774460293	0		0.0	0.0	0.7985342106664067	0.5022434875969612	0.7039245050225502	0	0	0	0	0	1	1	1	0	0
p[land]*0.23137744865585788	3	52.0	CONVERGED	594	4747.691386581096	2	0.008671691695967421	0	0.004265653975155691	33.54507052064787	0.8804047146585717	0		0.0	0.0	0.7862465568405389	0.49765429521576054	0.6984502208647233	0	0	0	0	0	1	1	1	0	0
p[land]*0.24294632108865077	3	52.0	CONVERGED	591	2874.5243196055376	2	0.056442981938974485	0	0.028194865928512725	28.475417722681843	0.8811309894883587	0		0.0	0.0	0.7737994160464735	0.4929321601463241	0.6928071725313913	0	0	0	0	0	1	1	1	0	0
p[land]*0.2550936371430833	3	52.0	CONVERGED	589	2270.49230661258	2	0.10326133133130061	0	0.05240805409376088	23.732210872855656	0.8818691437270412	0		0.0	0.0	0.7611831479220709	0.4880768659502607	0.6869940861341651	0	0	0	0	0	1	1	1	0	0
p[land]*0.26784831900023753	3	52.0	CONVERGED	586	1903.1317520164496	2	0.14910094010753747	0	0.0769249246897883	19.357932090853545	0.8826180949192507	0		0.0	0.0	0.7483908794119877	0.48308848444735036	0.6810099806858846	0	0	0	0	0	1	1	1	0	0
p[land]*0.28124073495024937	3	52.0	CONVERGED	585	1640.2097726493419	2	0.19393935485120628	0	0.10176753350853072	15.272428475384364	0.8833865758273183	0		0.0	0.0	0.735466265167495	0.47796739026909485	0.674854186537467	0	0	0	0	0	1	1	1	0	0
p[land]*0.29530277169776187	3	52.0	CONVERGED	584	1436.5043630851217	2	0.23775742135642908	0	0.12696035233517303	11.50628408167803	0.8841890285264731	0		0.0	0.0	0.7224822479514206	0.4727142745362335	0.6685263632492754	0	0	0	0	0	1	1	1	0	0
p[land]*0.31006791028264996	3	52.0	CONVERGED	583	1321.2935801252693	2	0.28053921880668603	0	0.1525303338642462	8.130435754452566	0.8850356815805682	0		0.0	0.0	0.7093338539987993	0.46733015749514145	0.6620265167345997	0	0	0	0	0	1	1	1	0	0
p[land]*0.3255713057967825	3	52.0	CONVERGED	582	1264.05670385541	2	0.32227197699430954	0	0.17850697576171304	5.183101026542285	0.8859248395902298	0		0.0	0.0	0.6961888883535232	0.46181639994738594	0.6553550155094862	0	0	0	0	0	1	1	1	0	0
p[land]*0.3418498710866216	3	52.0	CONVERGED	581	1207.2551795231243	2	0.3629459783818441	0	0.2049223845559973	2.6868610165281166	0.8866820675972058	0		0.0	0.0	0.6831117125513058	0.45617471330824916	0.648512605881605	0	0	0	0	0	1	1	1	0	0
p[land]*0.35894236464095275	3	52.0	CONVERGED	579	1150.494459565626	2	0.4025544468508268	0	0.23181134006281556	0.7787667382446452	0.8875307383960754	0		0.0	0.0	0.6700553227323889	0.45040716813385423	0.6415004259112173	0	0	0	0	0	1	1	1	0	0
p[land]*0.3768894828730004	3	52.0	CONVERGED	576	1093.8044437086212	2	0.44109342499695403	0	0.2592113610596074	0.0	0.8884806427948124	0		0.0	0.0	0.6570559971956353	0.4445162009627701	0.6343200179797202	0	0	0	0	0	1	1	1	0	0
p[land]*0.39573395701665043	3	52.0	CONVERGED	574	1037.492743349779	2	0.4785616418157771	0	0.2871627729255329	0.0	0.8895416002263797	0		0.0	0.0	0.6442055071365073	0.43850461932668	0.6269733398057611	0	0	0	0	0	1	1	1	0	0
p[land]*0.41552065486748296	3	52.0	CONVERGED	570	981.7735550546699	0	0.5149603725828817	0	0.31570877795248103	0.0	0.8907234110895089	0		0.0	0.0	0.6314259374678386	0.432375604795901	0.619462773755577	0	0	0	0	0	0	0	0	0	0
p[land]*0.4362966876108571	3	52.0	CONVERGED	566	926.1155936809203	0	0.5502932926702616	0	0.34489552901145515	0.0	0.8920358095185718	0		0.0	0.0	0.6187032576898729	0.4261327139392026	0.6117911343030155	0	0	0	0	0	0	0	0	0	0
p[land]*0.4581115219914	3	52.0	CONVERGED	534	870.5378439921358	0	0.5845663269596078	0	0.3747722072270257	0.0	0.8934884169362953	0		0.0	0.0	0.606072616191062	0.41977987709342174	0.6039616735055882	0	0	0	0	0	0	0	0	0	0
p[land]*0.48101709809097004	3	52.0	CONVERGED	530	815.0507261894877	0	0.617787496416872	0	0.40539110427008734	0.0	0.8950907269227076	0		0.0	0.0	0.5935831753655229	0.4133213948566677	0.595978084375829	0	0	0	0	0	0	0	0	0	0
p[land]*0.5050679529955185	3	52.0	CONVERGED	525	759.8556302299091	0	0.6499667632840372	0	0.4368077098254851	0.0	0.896852213811499	0		0.0	0.0	0.5811960612142528	0.406761932239281	0.5878445020420283	0	0	0	0	0	0	0	0	0	0
p[land]*0.5303213506452945	3	52.0	CONVERGED	520	704.7916134909095	0	0.6811158762266754	0	0.46908080472542674	0.0	0.8987818464091684	0		0.0	0.0	0.5689152733356632	0.4001065104289154	0.5795655026089661	0	0	0	0	0	0	0	0	0	0
p[land]*0.5568374181775593	3	52.0	CONVERGED	516	649.9750715534053	0	0.7112482166526053	0	0.502272560160826	0.0	0.9008882522067568	0		0.0	0.0	0.5567715646580714	0.3933604961498773	0.5711460996473521	0	0	0	0	0	0	0	0	0	0
p[land]*0.5846792890864372	3	52.0	CONVERGED	510	595.3225828497574	0	0.7403786472904331	0	0.5364486432891644	0.0	0.9031797457186677	0		0.0	0.0	0.5447840789557703	0.38652958862186354	0.5625917382600935	0	0	0	0	0	0	0	0	0	0
p[land]*0.6139132535407591	3	52.0	CONVERGED	504	540.7744734326484	0	0.7685233639894504	0	0.5716783294468681	0.0	0.9056642960958354	0		0.0	0.0	0.5329569572870415	0.3796198041491208	0.553908286694006	0	0	0	0	0	0	0	0	0	0
p[land]*0.6446089162177971	3	52.0	CONVERGED	498	486.4067075757502	0	0.7956997515764237	0	0.6080346210436285	0.0	0.9083494960515778	0		0.0	0.0	0.5221229208270313	0.372637458397433	0.5451020254868878	0	0	0	0	0	0	0	0	0	0
p[land]*0.676839362028687	3	52.0	CONVERGED	491	432.0929376107525	0	0.8219262444820226	0	0.6455943730616933	0.0	0.9112425319382069	0		0.0	0.0	0.5112273075370903	0.36558914644280716	0.5361796341617241	0	0	0	0	0	0	0	0	0	0
p[land]*0.7106813301301214	3	52.0	CONVERGED	484	377.8376310019465	0	0.8472221927316169	0	0.6844384249001328	0.0	0.9143501547988482	0		0.0	0.0	0.500275766798878	0.3584817207018556	0.5271481755018942	0	0	0	0	0	0	0	0	0	0
p[land]*0.7462153966366275	3	52.0	CONVERGED	475	323.64491188844823	0	0.8716077337830764	0	0.7246517380863419	0.0	0.9176786522125888	0		0.0	0.0	0.48928032916676767	0.35132226687923906	0.5180150774633286	0	0	0	0	0	0	0	0	0	0
p[land]*0.7835261664684589	3	52.0	CONVERGED	466	269.56263613126293	0	0.895103670589069	0	0.7663235391170822	0.0	0.9212338207516337	0		0.0	0.0	0.4782532159996137	0.3441180780917101	0.5087881128013367	0	0	0	0	0	0	0	0	0	0
p[land]*0.8227024747918819	3	52.0	CONVERGED	456	215.62943964330128	0	0.9177313561638174	0	0.8095474663799697	0.0	0.9250208858909521	0		0.0	0.0	0.46720678699253687	0.3368766273508704	0.49947537651102436	0	0	0	0	0	0	0	0	0	0
p[land]*0.863837598531476	3	52.0	CONVERGED	404	161.71197902368064	0	0.9395125848448377	0	0.8544217197320704	0.0	0.9290446049250253	0		0.0	0.0	0.45615348646735243	0.3296055386073567	0.49008526120060014	0	0	0	0	0	0	0	0	0	0
p[land]*0.9070294784580498	3	52.0	CONVERGED	382	107.84577862233027	0	0.9604694903590961	0	0.9010492108613981	0.0	0.9333092454809536	0		0.0	0.0	0.4451057889005088	0.32231255657740926	0.48062643053617893	0	0	0	0	0	0	0	0	0	0
p[land]*0.9523809523809523	3	52.0	CONVERGED	348	53.94716431941649	0	0.9806244507303364	0	0.9495377120126517	0.0	0.937818377101177	0		0.0	0.0	0.43407614417876833	0.3150055155883708	0.47110779091473926	0	0	0	0	0	0	0	0	0	0
p[land]*1.05	3	52.0	CONVERGED	398	105.63643094981872	0	0.9104482934366988	0	0.9192202607119195	0.0	0.8884922179498633	0		0.0	0.0	0.43118163697819734	0.3107722897071387	0.46760649270757465	0	0	0	0	0	0	0	0	0	0
p[land]*1.1025	3	52.0	CONVERGED	468	208.51761026681632	0	0.8286465527280161	0	0.8468233006167271	0.0	0.8371425305960681	0		0.0	0.0	0.4390610382642636	0.31371187634120085	0.47333161911237087	0	0	0	0	0	0	0	0	0	0
p[land]*1.1576250000000001	3	52.0	CONVERGED	493	308.7273150664528	0	0.7539561701045677	0	0.781768825256376	0.0	0.788215120209576	0		0.0	0.0	0.44670773627746796	0.3165159611210195	0.4787255979979776	0	0	0	0	0	0	0	0	0	0
p[land]*1.2155062500000002	3	52.0	CONVERGED	510	406.29879411007994	0	0.6859290447778081	0	0.7232297359089589	0.0	0.7414435830725788	0		0.0	0.0	0.4541042926515908	0.3191847498539646	0.4837927459395774	0	0	0	0	0	0	0	0	0	0
p[land]*1.2762815625000004	3	52.0	CONVERGED	558	502.5330986255849	0	0.6239663558710262	0	0.6703160508673958	3.1485400195729785	0.6968701044138822	0		0.0	0.0	0.4613475798142632	0.32175395982524896	0.4886064758205326	0	0	0	0	0	0	0	0	0	0
p[land]*1.3400956406250004	3	52.0	CONVERGED	572	600.9432346216461	0	0.5676582022884753	0	0.6223915681049913	17.407551108540535	0.6535497729277201	0		0.0	0.0	0.4686622416468274	0.32430549356044536	0.49330067954173507	0	0	0	0	0	0	0	0	0	0
p[land]*1.4071004226562505	3	52.0	CONVERGED	581	699.4694711502174	0	0.516514429084202	0	0.5789640085866553	37.98919834684434	0.610884529533091	0		0.0	0.0	0.4758529248835385	0.3267699478652785	0.4977528965950352	0	0	0	0	0	0	0	0	0	0
p[land]*1.477455443789063	3	52.0	CONVERGED	589	797.3496640930705	27	0.46997661818715164	0	0.538965252051685	63.71545413226836	0.5685695692615995	0		0.0	0.0	0.4829074913710627	0.3291494453404232	0.5019631946045394	0	0	0	0	0	24	26	18	0	0
p[land]*1.5513282159785162	3	52.0	CONVERGED	598	893.9983737057705	53	0.42771853157181444	0	0.5013869375253633	94.07781908255009	0.5264052296527324	0		0.0	0.0	0.4897793999328959	0.33143083431913584	0.5059208506269186	0	0	0	0	0	53	50	37	0	0
p[land]*1.628894626777442	3	52.0	CONVERGED	606	989.3595415444879	61	0.38909801865964216	0	0.46689546431847667	128.99997549869119	0.4842587611177952	0		0.0	0.0	0.49646068860965065	0.3336102092321625	0.509618774163871	0	0	0	0	7	61	59	45	0	0
p[land]*1.7103393581163142	3	52.0	CONVERGED	613	1083.5116896017373	70	0.3535813228540471	0	0.43526515918552633	168.5362258585977	0.4419228064373423	0		0.0	0.0	0.5029537449293628	0.3356918774941225	0.5130670542895072	0	0	0	0	12	69	67	52	0	0
p[land]*1.79585632602213	3	52.0	CONVERGED	620	1176.2407575680706	80	0.3213183065460335	0	0.40632459066107324	212.53586015174926	0.3995304331921116	0		0.0	0.0	0.5092393814561887	0.33767479316590177	0.5162678822315734	0	0	0	0	17	79	76	59	0	0
p[land]*1.8856491423232367	3	52.0	CONVERGED	627	1267.7763804787992	85	0.29202110282056737	0	0.3798049831265223	260.9561932707612	0.35702605077794863	0		0.0	0.0	0.5153318072433841	0.3395643531496334	0.5192537882691263	0	0	0	0	20	84	84	63	0	0
p[land]*1.9799315994393987	3	52.0	CONVERGED	633	1358.2493206102745	89	0.26414735104618986	0	0.355463115890899	313.940041225446	0.3143636066642458	0		0.0	0.0	0.5212557261690764	0.34137245559411233	0.5220539196912302	0	0	0	0	23	88	88	65	0	0
p[land]*2.0789281794113688	3	52.0	CONVERGED	639	1447.4645520603012	94	0.23809164049156872	0	0.333141090922689	371.5139460023471	0.2716821587515824	0		0.0	0.0	0.5270058208637872	0.34309849844605655	0.5246888741783038	0	0	0	0	26	93	93	66	0	0
p[land]*2.182874588381937	3	52.0	CONVERGED	645	1538.2358571405434	99	0.2147596341109561	0	0.3126413281619011	433.9068856669325	0.22898679111000939	0		0.0	0.0	0.5326188426487454	0.344759418114118	0.5271787238511383	0	0	0	29	28	98	98	68	0	0
p[land]*2.292018317801034	3	52.0	CONVERGED	651	1642.6112841502704	104	0.19347416606173443	0	0.29305684178880376	501.4805958715543	0.18609204016134004	0		0.0	0.0	0.538122141488797	0.3463605166042942	0.5295338942963572	0	0	0	39	32	103	103	70	0	0
p[land]*2.4066192336910857	3	52.0	CONVERGED	656	1747.4405253213151	110	0.1742192831332275	0	0.2731629620724976	574.3480760234527	0.1430765862631272	0		0.0	0.0	0.5434932583565486	0.34789676389473273	0.5317519637857121	0	0	0	46	37	109	109	71	0	0
p[land]*2.5269501953756404	3	52.0	CONVERGED	661	1851.841885727889	114	0.15694781997434887	0	0.2547105917900602	652.7860329313761	0.10017615517080282	0		0.0	0.0	0.548749152794137	0.349374815362028	0.5338457375794381	0	0	0	50	41	114	114	73	0	0
p[land]*2.653297705144422	3	52.0	CONVERGED	667	1955.127820557446	118	0.14154638300020608	0	0.23746074416581547	737.3364682443707	0.05703422061193554	0		0.0	0.0	0.5539261263725868	0.35080238869019004	0.5358424884104861	0	0	0	55	45	118	118	74	29	11
p[land]*2.7859625904016436	3	52.0	CONVERGED	672	2057.230459881334	122	0.12780744803773486	0	0.22043515674543362	828.4968685665858	0.013989327713311678	0		0.0	0.0	0.5590308423204445	0.35218686842097635	0.5377468626054148	0	0	0	58	48	122	122	77	40	31
p[land]*2.925260719921726	3	52.0	CONVERGED	678	2186.6392702952007	128	0.11229350328957617	0	0.20409407397963647	963.1262196715953	-0.018656956573432193	10	43	0.005764274272495833	0.005764274272495833	0.567610370556433	0.35437381960694564	0.5407647008812839	0	0	0	62	53	128	128	89	54	54
p[land]*3.0715237559178123	3	52.0	CONVERGED	684	2359.210037426962	133	0.09608780393325803	0	0.18948284157324305	1113.0954840012917	-0.037167191673391324	13	40	0.013445606248946293	0.013445606248946293	0.5758807138370149	0.3563858198365595	0.5436308414893118	0	0	0	65	58	133	133	95	68	65
p[land]*3.225099943713703	3	52.0	CONVERGED	690	2533.0820932263837	137	0.08185145450408705	0	0.1597465365360306	1265.4832865568897	-0.05276308298810042	15	39	0.020401293488042618	0.020401293488042618	0.582839726485411	0.3580587479727502	0.5459572570870335	0	0	0	69	63	137	137	101	77	74
p[land]*3.3863549408993885	3	52.0	CONVERGED	695	2688.9885754756087	141	0.07001797460453527	0	0.13574966231505498	1421.6567320175964	-0.0661382863684313	17	38	0.026765006299983192	0.026765006299983192	0.5888793657894098	0.3594805158224155	0.5479224067319619	0	0	0	72	68	141	141	106	86	82
p[land]*3.555672687944358	3	52.0	CONVERGED	700	2830.1803239126525	145	0.06080505954188277	0	0.11781540874990018	1585.9693551062298	-0.07787652370973194	20	37	0.0326640442923256	0.0326640442923256	0.5944059749181999	0.36075905651051327	0.5496558762587628	0	0	0	75	73	145	145	112	91	89
p[land]*3.733456322341576	3	52.0	CONVERGED	704	2963.9977172894305	148	0.053148092438817074	0	0.1032814295489746	1765.4650353582474	-0.08845486935345744	25	36	0.038364189684704744	0.038364189684704744	0.5999898234300167	0.3620319231604875	0.5513469554731332	0	0	0	78	81	148	148	115	99	97
p[land]*3.920129138458655	3	52.0	CONVERGED	709	3091.6834511734496	152	0.046707916895222544	0	0.0913530686270908	1959.179770494248	-0.09878199444453008	27	36	0.043845202333783515	0.043845202333783515	0.605653036123899	0.36329477023727297	0.5530085140403738	0	0	0	80	89	152	152	119	106	101
p[land]*4.116135595381588	3	52.0	CONVERGED	714	3214.7694603445807	156	0.041280328314935895	0	0.08148050961856193	2165.4134241150505	-0.1080397438790038	30	35	0.049093901371158516	0.049093901371158516	0.6111973271752849	0.3645082908757425	0.5545825765968837	0	0	0	84	104	156	156	122	110	107
p[land]*4.321942375150668	3	52.0	CONVERGED	718	3331.824995870201	159	0.036704400330530296	0	0.07330283093393179	2382.9780354952263	-0.11602167381065567	32	35	0.05417704060473336	0.05417704060473336	0.6165281648275391	0.3656485827454272	0.5560387359746616	0	0	0	88	106	159	159	125	116	111
p[land]*4.538039493908201	3	52.0	CONVERGED	723	3447.4921340921155	163	0.032699626426319205	0	0.06617553118050255	2615.483768534245	-0.12395632884590672	33	35	0.059215630928261036	0.059215630928261036	0.6218097697241716	0.3667627660203099	0.5574310241330288	0	0	0	91	109	163	163	129	119	115
p[land]*4.764941468603611	3	52.0	CONVERGED	751	3561.155918054525	166	0.029198011782059746	0	0.059958313282141296	2863.047882124547	-0.13183369581769427	34	35	0.06426627155432993	0.06426627155432993	0.6270176651499892	0.3678428417835301	0.5587698292828587	0	0	0	92	111	166	166	132	123	120
p[land]*5.003188542033792	3	52.0	CONVERGED	757	3672.194807292019	169	0.02613578761493999	0	0.054538355948318816	3126.1312352121095	-0.13932293464975068	36	35	0.06934664735376152	0.06934664735376152	0.6321251410285905	0.36888490457589423	0.5600437085530718	0	0	0	94	114	169	169	135	129	124
p[land]*5.253347969135482	3	52.0	CONVERGED	762	3780.849267339398	172	0.02343344865812056	0	0.04970963844837724	3405.054880660874	-0.14630507907019766	37	35	0.07454205684520684	0.07454205684520684	0.6370973937104238	0.3698816134958789	0.5612468213759648	0	0	0	96	117	172	172	138	133	129
p[land]*5.5160153675922565	3	52.0	CONVERGED	766	3887.5962234660537	176	0.021047271170855024	0	0.045440582947411656	3701.8125029842727	-0.15306211502224218	38	35	0.08011830615869141	0.08011830615869141	0.6419663243185613	0.37084131107815355	0.56238967818737	0	0	0	97	119	176	176	141	136	133
p[land]*5.791816135971869	3	52.0	CONVERGED	770	3992.016189411394	179	0.01894514208778228	0	0.041670043826586525	4018.7720962871063	-0.15940887741552526	40	35	0.08613633104729874	0.08613633104729874	0.6468130585633154	0.37178875952600626	0.5635041113464438	0	0	0	99	122	179	179	144	140	136
p[land]*6.081406942770463	3	52.0	CONVERGED	774	4095.8385238805545	182	0.017087086153779824	0	0.035961870348945435	4355.962736016669	-0.16535720686456834	41	35	0.09244239834767183	0.09244239834767183	0.6515620479085474	0.37270864014712346	0.5645725695053966	0	0	0	101	125	182	182	147	145	141
p[land]*6.385477289908986	3	52.0	CONVERGED	777	4197.78765670387	185	0.015432515498464108	0	0.03011877723985702	4713.892095812785	-0.17092415446074397	42	35	0.09895085835329386	0.09895085835329386	0.6561874216487079	0.37359648097095693	0.5655919776412972	0	0	0	102	127	185	185	150	150	145
p[land]*6.704751154404436	3	52.0	CONVERGED	781	4298.024014915157	188	0.013945720674712128	0	0.02482490596870281	5093.502551891158	-0.17613803087760382	43	35	0.10561856862329408	0.10561856862329408	0.6606966187089071	0.3744466211177538	0.566557161953802	0	0	0	104	130	188	188	153	153	149
p[land]*7.039988712124658	3	52.0	CONVERGED	785	4398.307153095728	191	0.01261568304266321	0	0.020040903721471763	5499.40036993022	-0.18103792840291294	45	35	0.11240271618088843	0.11240271618088843	0.665203117913277	0.37529006012653016	0.5675063346917036	0	0	0	106	132	191	191	156	156	152
p[land]*7.391988147730891	3	52.0	CONVERGED	788	4497.6783888011	194	0.011425717402553175	0	0.015729369542382927	5932.811156928188	-0.18589795053130478	46	35	0.11929945444462882	0.11929945444462882	0.6696787081234924	0.3761218807237196	0.5684295653511026	0	0	0	107	135	194	194	159	159	157
p[land]*7.761587555117436	3	52.0	CONVERGED	791	4597.631292346736	197	0.010265180358452723	0	0.011854845819074377	6398.08990676704	-0.19131498382108786	47	35	0.12646087965157762	0.12646087965157762	0.6741867438403496	0.37694882097988164	0.5693358458799663	0	0	0	109	137	197	197	162	163	161
p[land]*8.14966693287331	3	52.0	CONVERGED	795	4926.839226116996	200	0.0072493807604364045	0	0.008383797782151257	6893.232317176309	-0.1966079182684535	48	35	0.13376606429996746	0.13376606429996746	0.6786218961183119	0.37774943328618776	0.5702006598744176	0	0	0	111	140	200	200	165	166	164
p[services]*0.12270440108003683	3	52.0	CONVERGED	704	2514.2984390745223	135	0.08091966237074939	0	0.07886477303655402	436.1967116816523	-0.0726280302667143	28	30	0.022518780465494728	0.022518780465494728	0.610669459158376	0.3704085498195895	0.5853857529063041	0	0	0	75	25	135	57	37	92	0
p[services]*0.12883962113403868	3	52.0	CONVERGED	699	2464.7675354466955	132	0.0850286062113755	0	0.08313520335014993	402.7771010338685	-0.0710499598617174	27	30	0.021882571741374965	0.021882571741374965	0.6035442214515573	0.37039773756615463	0.5832808030222145	0	0	0	73	24	132	55	36	90	0
p[services]*0.13528160219074062	3	52.0	CONVERGED	695	2414.526030945295	129	0.08940970631452683	0	0.08768214080445251	370.19149872741133	-0.07012404313098035	27	30	0.021257355900516087	0.021257355900516087	0.5963668742377873	0.37002758616785014	0.5810814811080575	0	0	0	71	22	129	53	35	88	0
p[services]*0.14204568230027764	3	52.0	CONVERGED	691	2349.262311811253	126	0.09543954087564833	0	0.09392829015793837	341.8679921718407	-0.06641811905909047	25	31	0.02020245141787347	0.02020245141787347	0.5895545851716726	0.3691135741342212	0.5784567863369922	0	0	0	67	21	126	52	34	86	0
p[services]*0.14914796641529154	3	52.0	CONVERGED	687	2280.5719215169797	123	0.10222572490196749	0	0.10063140280569095	315.3233270528851	-0.06322678816816764	23	31	0.019245086550525526	0.019245086550525526	0.5829351891655036	0.3678438481845677	0.5753368884405146	0	0	0	65	19	123	50	34	84	0
p[services]*0.15660536473605613	3	52.0	CONVERGED	683	2215.6167090904923	120	0.10908621903688505	0	0.10745830627502594	288.7954103461539	-0.06158093303774857	21	32	0.018400819515331544	0.018400819515331544	0.576230940042483	0.3665562102128523	0.5725889030854792	0	0	0	63	18	120	48	33	81	0
p[services]*0.16443563297285893	3	52.0	CONVERGED	679	2135.002434080776	117	0.11824430256010143	0	0.11652410695813956	266.81429110458595	-0.056928539298572466	18	32	0.017105220974399506	0.017105220974399506	0.5701632226627266	0.36473326042900267	0.5691678664775905	0	0	0	61	17	117	46	32	79	0
p[services]*0.1726574146215019	3	52.0	CONVERGED	675	2056.830708045815	114	0.12785854951295464	0	0.12611943113342086	243.41813147577773	-0.05454374998333658	11	33	0.01596621766659849	0.01596621766659849	0.5638070622541025	0.3626924482587247	0.5660350920816402	0	0	0	59	15	114	44	31	77	0
p[services]*0.181290285352577	3	52.0	CONVERGED	671	1966.3327099948558	111	0.1399692238761619	0	0.13844303356622592	218.79811995905425	-0.049213231287897244	11	33	0.014464232897888134	0.014464232897888134	0.5569200783336083	0.36019103904383365	0.5625264689363856	0	0	0	56	14	111	43	30	75	0
p[services]*0.19035479962020585	3	52.0	CONVERGED	666	1873.3811717790866	107	0.1536034232429298	0	0.15267581207590483	193.8805276579221	-0.04507858813986675	10	34	0.012820930118383	0.012820930118383	0.5495324610750739	0.3560365473519367	0.5590278045986457	0	0	0	53	11	107	41	30	72	0
p[services]*0.19987253960121615	3	52.0	CONVERGED	661	1772.570909587248	104	0.16989564054374923	0	0.16922751429128916	173.39199441693162	-0.03969809857248003	9	35	0.011063631111466934	0.011063631111466934	0.5432375609675767	0.35114213076681766	0.5553027430729227	0	0	0	51	9	104	39	28	70	0
p[services]*0.20986616658127696	3	52.0	CONVERGED	657	1659.5949571056387	101	0.1902160101435342	0	0.19005184518607093	156.8401966604212	-0.03307547255740512	9	36	0.00890409935040638	0.00890409935040638	0.5380947944793728	0.3460797645216197	0.551622237352264	0	0	0	48	7	101	38	28	67	0
p[services]*0.22035947491034083	3	52.0	CONVERGED	654	1547.53458453417	99	0.21525149238827518	0	0.20046665937854452	145.31723524211023	-0.02504696217180678	8	37	0.00635260310255331	0.00635260310255331	0.534372797842187	0.34364142445796225	0.5478808333019687	0	0	0	46	4	99	38	28	65	0
p[services]*0.23137744865585788	3	52.0	CONVERGED	651	1485.7905323499651	98	0.22672019660734663	0	0.20999315495061874	139.3748783445204	-0.014613713845043532	6	39	0.0031535779463069606	0.0031535779463069606	0.5323946228357609	0.34307268488708126	0.5442716130788329	0	0	0	44	0	98	38	29	62	0
p[services]*0.24294632108865077	3	52.0	CONVERGED	649	1432.2632501277399	96	0.23876791873897465	0	0.21988216724021115	135.399784830111	0.006130172675991365	0		0.0	0.0	0.5311393249123024	0.34247760939348354	0.541366132952342	0	0	0	43	0	96	39	29	59	0
p[services]*0.2550936371430833	3	52.0	CONVERGED	645	1381.011509093106	93	0.25132420772370234	0	0.2303546990961951	118.72728157682062	0.0351925267358655	0		0.0	0.0	0.5261008998156196	0.34185508357866357	0.5392160089197005	0	0	0	39	0	92	36	28	57	0
p[services]*0.26784831900023753	3	52.0	CONVERGED	640	1329.4179620690843	90	0.2646312419046945	0	0.24135376415778237	103.26770567113279	0.06524010498205658	0		0.0	0.0	0.5211906534224591	0.34120395614526505	0.5371784190778721	0	0	0	36	0	86	33	26	55	0
p[services]*0.28124073495024937	3	52.0	CONVERGED	636	1278.4439678315084	87	0.2784702722083688	0	0.25284389790637835	89.30731733104203	0.09553007681842202	0		0.0	0.0	0.5165662708684975	0.3405230387019111	0.5351597875527065	0	0	0	32	0	81	30	23	52	0
p[services]*0.29530277169776187	3	52.0	CONVERGED	631	1227.5277199058212	83	0.293016100809726	0	0.26505200106012317	76.72893231253967	0.12641157803835143	0		0.0	0.0	0.5121490446381627	0.3398111056881222	0.533195832809587	0	0	0	27	0	74	27	21	49	0
p[services]*0.31006791028264996	3	52.0	CONVERGED	627	1176.4733260237078	80	0.3083643236591532	0	0.27776771065518724	65.86035913834166	0.15777876489054354	0		0.0	0.0	0.5081573258252245	0.3390668944333807	0.5311946702046799	0	0	0	22	0	67	24	17	47	0
p[services]*0.3255713057967825	3	52.0	CONVERGED	623	1126.2134178307226	73	0.32425876717538643	0	0.29122958320178366	56.24960369078888	0.18939204519757605	0		0.0	0.0	0.5044380655120959	0.33828910536527484	0.5291557455660317	0	0	0	11	0	60	17	13	44	0
p[services]*0.3418498710866216	3	52.0	CONVERGED	618	1075.609269898526	70	0.3410898761859285	0	0.30545257638037837	47.34480804619984	0.22165883546533605	0		0.0	0.0	0.5008170685436275	0.3374764023825244	0.5271318077187096	0	0	0	0	0	55	14	5	41	0
p[services]*0.35894236464095275	3	52.0	CONVERGED	614	1025.5502865510318	62	0.3585990788510452	0	0.3203467225872345	39.12617547029508	0.25389861970573874	0		0.0	0.0	0.4972165971104433	0.3366274134095323	0.5250928899472135	0	0	0	0	0	52	10	0	38	0
p[services]*0.3768894828730004	3	52.0	CONVERGED	609	975.8032833886408	51	0.3769665393641249	0	0.3362535805889212	31.510230264216897	0.2865069142189095	0		0.0	0.0	0.4936728978687702	0.3357407311499187	0.523035832082201	0	0	0	0	0	48	3	0	34	0
p[services]*0.39573395701665043	3	52.0	CONVERGED	605	927.0131192192088	43	0.39627703171187373	0	0.3528028420230905	24.518432181275625	0.31950584591507575	0		0.0	0.0	0.4901633732470985	0.3348149140572556	0.5209892935762372	0	0	0	0	0	43	0	0	29	0
p[services]*0.41552065486748296	3	52.0	CONVERGED	600	878.2229550497767	38	0.41631620027429095	0	0.3705161343039336	18.280989056627007	0.3524166812446482	0		0.0	0.0	0.48669548198163687	0.33384848754191027	0.5188467151136011	0	0	0	0	0	38	0	0	23	0
p[services]*0.4362966876108571	3	52.0	CONVERGED	596	829.4327908803448	30	0.43753001231902294	0	0.3890983656691522	12.682046629573005	0.3856205991219164	0		0.0	0.0	0.48326753290246793	0.33283994543351214	0.5166371798767613	0	0	0	0	0	30	0	0	13	0
p[services]*0.4581115219914	3	52.0	CONVERGED	591	780.6426267109127	16	0.4594687816097099	0	0.4090411902938234	7.824334312227685	0.41894909403640623	0		0.0	0.0	0.47986942055676296	0.3317877517190556	0.5143969277690309	0	0	0	0	0	16	0	0	2	0
p[services]*0.48101709809097004	3	52.0	CONVERGED	587	731.8524625414806	10	0.48263745378564965	0	0.4299704735382746	3.839830845839743	0.45224680139131906	0		0.0	0.0	0.4765237080187383	0.33069034257701085	0.5120514423395098	0	0	0	0	0	10	0	0	0	0
p[services]*0.5050679529955185	3	52.0	CONVERGED	583	683.0622983720486	0	0.5067582377691507	0	0.45232571125764837	0.8933221736417116	0.48571895480321425	0		0.0	0.0	0.4732084829910338	0.3295461287280221	0.5095898322773259	0	0	0	0	0	0	0	0	0	0
p[services]*0.5303213506452945	3	52.0	CONVERGED	578	634.2721342026165	0	0.5320770538395537	0	0.47602507535155053	0.0	0.519077255997215	0		0.0	0.0	0.4699173143478266	0.3283534981227857	0.5070403619187369	0	0	0	0	0	0	0	0	0	0
p[services]*0.5568374181775593	3	52.0	CONVERGED	572	585.4819700331844	0	0.5585779409719689	0	0.5012628590510456	0.0	0.5524511826555103	0		0.0	0.0	0.4666115313691174	0.3271108189874997	0.5043820126602446	0	0	0	0	0	0	0	0	0	0
p[services]*0.5846792890864372	3	52.0	CONVERGED	565	536.6918058637525	0	0.5862925032090891	0	0.5281966207145272	0.0	0.58586469372576	0		0.0	0.0	0.46328814570724686	0.325816443246826	0.5016273091181878	0	0	0	0	0	0	0	0	0	0
p[services]*0.6139132535407591	3	52.0	CONVERGED	524	487.90164169432046	0	0.6154313561190531	0	0.5569760595480306	0.0	0.6190701983093247	0		0.0	0.0	0.4599445748938923	0.3244687103435674	0.49878888877789695	0	0	0	0	0	0	0	0	0	0
p[services]*0.6446089162177971	3	52.0	CONVERGED	517	439.1114775248883	0	0.6458437732603803	0	0.5877584464067928	0.0	0.6522267035409751	0		0.0	0.0	0.4565598172143951	0.3230659514732132	0.49577461447757204	0	0	0	0	0	0	0	0	0	0
p[services]*0.676839362028687	3	52.0	CONVERGED	510	390.3213133554563	0	0.6778812996018196	0	0.620844611065079	0.0	0.6853663935817303	0		0.0	0.0	0.4531280430316979	0.32160649425009885	0.49263002494878594	0	0	0	0	0	0	0	0	0	0
p[services]*0.7106813301301214	3	52.0	CONVERGED	501	342.99256878747474	0	0.7113988944457429	0	0.6562632846652086	0.0	0.718194013048954	0		0.0	0.0	0.44965738266519756	0.3200886678201336	0.48939617713229133	0	0	0	0	0	0	0	0	0	0
p[services]*0.7462153966366275	3	52.0	CONVERGED	491	297.51304959090004	0	0.7466488825105441	0	0.6946116335593201	0.0	0.7510120381384154	0		0.0	0.0	0.44611111219017724	0.3185108084328357	0.4859547468488507	0	0	0	0	0	0	0	0	0	0
p[services]*0.7835261664684589	3	52.0	CONVERGED	480	251.1594077547234	0	0.7836716718900526	0	0.7356844746475091	0.0	0.7835351715446863	0		0.0	0.0	0.44250452348721475	0.3168712654827489	0.4823619301149424	0	0	0	0	0	0	0	0	0	0
p[services]*0.8227024747918819	3	52.0	CONVERGED	467	203.4673106068113	0	0.8225914572734521	0	0.7803070213121561	0.0	0.8158883956248316	0		0.0	0.0	0.43879959076421055	0.3151684080271638	0.4786103709179028	0	0	0	0	0	0	0	0	0	0
p[services]*0.863837598531476	3	52.0	CONVERGED	454	154.82288327375235	0	0.8635057790267844	0	0.8285211379188524	0.0	0.8480198501938445	0		0.0	0.0	0.43502440615945587	0.3134103223584607	0.47465333447926417	0	0	0	0	0	0	0	0	0	0
p[services]*0.9070294784580498	3	52.0	CONVERGED	396	104.63732841159428	0	0.9066157632831615	0	0.8808826110516609	0.0	0.8798303987579329	0		0.0	0.0	0.4311410570319232	0.3116871822553576	0.47050242695590677	0	0	0	0	0	0	0	0	0	0
p[services]*0.9523809523809523	3	52.0	CONVERGED	357	53.153738133092055	0	0.952046635120946	0	0.9379133855900526	0.0	0.9113857243433631	0		0.0	0.0	0.42716657521271195	0.3097935892474147	0.46613331954328957	0	0	0	0	0	0	0	0	0	0
p[services]*1.05	3	52.0	CONVERGED	304	48.790164169432046	0	0.9606957451443188	0	0.9710084847796888	0.0	0.942574842758311	0		0.0	0.0	0.42903297593419476	0.3136874798040126	0.46439959736579856	0	0	0	0	0	0	0	0	0	0
p[services]*1.1025	3	52.0	CONVERGED	340	97.58032833886404	0	0.9225712402905255	0	0.9424418144659117	0.0	0.942574842758311	0		0.0	0.0	0.43500742904384304	0.31965626539574055	0.46724034525109404	0	0	0	0	0	0	0	0	0	0
p[services]*1.1576250000000001	3	52.0	CONVERGED	396	146.3704925082961	0	0.8856415135508809	0	0.91432836432818	0.0	0.942574842758311	0		0.0	0.0	0.44099147038907316	0.32558970454480923	0.4700589120686768	0	0	0	0	0	0	0	0	0	0
p[services]*1.2155062500000002	3	52.0	CONVERGED	412	195.16065667772818	0	0.8499161255755405	0	0.8866941180952572	0.0	0.942574842758311	0		0.0	0.0	0.44697642361018997	0.33147883190164956	0.47285221011588324	0	0	0	0	0	0	0	0	0	0
p[services]*1.2762815625000004	3	52.0	CONVERGED	422	243.9508208471603	0	0.8153993543872396	0	0.8595625705852874	0.0	0.942574842758311	0		0.0	0.0	0.45295949955265813	0.33732188389202167	0.4756163769850521	0	0	0	0	0	0	0	0	0	0
p[services]*1.3400956406250004	3	52.0	CONVERGED	432	292.74098501659233	0	0.782090426832733	0	0.8329546556472988	0.0	0.942574842758311	0		0.0	0.0	0.458927018725791	0.34311003722355277	0.47835224802481213	0	0	0	0	0	0	0	0	0	0
p[services]*1.4071004226562505	3	52.0	CONVERGED	441	341.5311491860243	0	0.7499837906385637	0	0.8068886995924051	0.0	0.942574842758311	0		0.0	0.0	0.46486956831165754	0.3488313846864794	0.4810538365634162	0	0	0	0	0	0	0	0	0	0
p[services]*1.477455443789063	3	52.0	CONVERGED	449	390.32131335545637	0	0.7190694206087559	0	0.7813803998570787	0.0	0.942574842758311	0		0.0	0.0	0.4707775091977137	0.35447719136904415	0.4837254517583957	0	0	0	0	0	0	0	0	0	0
p[services]*1.5513282159785162	3	52.0	CONVERGED	456	439.1114775248884	0	0.6893064139276224	0	0.7563999683516122	0.0	0.942574842758311	0		0.0	0.0	0.47664116088481656	0.36003888733205835	0.48635554591362945	0	0	0	0	0	0	0	0	0	0
p[services]*1.628894626777442	3	52.0	CONVERGED	462	487.90164169432035	0	0.6605114458597656	0	0.7318035724880595	0.0	0.942574842758311	0		0.0	0.0	0.4824504207026513	0.36550809416024915	0.4889536680170683	0	0	0	0	0	0	0	0	0	0
p[services]*1.7103393581163142	3	52.0	CONVERGED	500	536.6918058637524	0	0.6328262312550403	0	0.7077580984754722	0.0	0.942574842758311	0		0.0	0.0	0.4881955285737541	0.37087664734735926	0.4915149365927199	0	0	0	0	0	0	0	0	0	0
p[services]*1.79585632602213	3	52.0	CONVERGED	508	585.4819700331846	0	0.6062301951997121	0	0.6842718607903775	0.0	0.942574842758311	0		0.0	0.0	0.49386714528767606	0.37613661720945135	0.49403179640400485	0	0	0	0	0	0	0	0	0	0
p[services]*1.8856491423232367	3	52.0	CONVERGED	513	634.2721342026165	0	0.5806999987081343	0	0.6613508628714336	0.0	0.942574842758311	0		0.0	0.0	0.4994561807947401	0.3812805953309878	0.49651667541029537	0	0	0	0	0	0	0	0	0	0
p[services]*1.9799315994393987	3	52.0	CONVERGED	517	683.0622983720488	0	0.5562098846580376	0	0.6389988737656274	0.0	0.942574842758311	0		0.0	0.0	0.5049516572651419	0.3862989534999024	0.4989569418812623	0	0	0	0	0	0	0	0	0	0
p[services]*2.0789281794113688	3	52.0	CONVERGED	520	731.8524625414807	0	0.5327320190329575	0	0.6172175196954927	0.0	0.942574842758311	0		0.0	0.0	0.5103670771169094	0.3911842424277763	0.5013584162919793	0	0	0	0	0	0	0	0	0	0
p[services]*2.182874588381937	3	52.0	CONVERGED	523	780.6426267109126	0	0.5102407982790219	0	0.5960041148018809	0.0	0.942574842758311	0		0.0	0.0	0.5156863587893254	0.39593149619560475	0.5037186215948672	0	0	0	0	0	0	0	0	0	0
p[services]*2.292018317801034	3	52.0	CONVERGED	525	829.4327908803447	6	0.48870797513320097	0	0.5753550142781719	2.064708159429393	0.942574842758311	0		0.0	0.0	0.5211505860157648	0.4008189840780144	0.5061342997509166	0	0	0	0	0	0	6	0	0	0
p[services]*2.4066192336910857	3	52.0	CONVERGED	529	878.2229550497767	9	0.46809599398785223	0	0.5552693416875957	6.10223365542692	0.942574842758311	0		0.0	0.0	0.5267058613127724	0.40583102879452004	0.5086101185993404	0	0	0	0	0	0	9	0	0	0
p[services]*2.5269501953756404	3	52.0	CONVERGED	532	927.0131192192089	13	0.44733974409401234	0	0.5357413463031732	11.281405880881561	0.942574842758311	0		0.0	0.0	0.5322113883632815	0.4107737463237999	0.5110846000164709	0	0	0	0	0	0	13	0	0	0
p[services]*2.653297705144422	3	52.0	CONVERGED	536	975.8032833886408	14	0.42622282648186516	0	0.5163745712805535	17.342738553801368	0.942574842758311	0		0.0	0.0	0.5376319297576231	0.41555056537758206	0.5135171396284008	0	0	0	0	0	0	14	0	0	0
p[services]*2.7859625904016436	3	52.0	CONVERGED	539	1024.593447558073	16	0.4058676955745727	0	0.49747126601332514	24.1671655787135	0.942574842758311	0		0.0	0.0	0.542966982071439	0.42018346187028216	0.5159151986295482	0	0	0	0	0	0	16	0	0	0
p[services]*2.925260719921726	3	52.0	CONVERGED	543	1073.383611727505	17	0.3861989521233425	0	0.47770907719158184	31.668020438128057	0.942574842758311	0		0.0	0.0	0.5480965682231782	0.4246574595737992	0.518277400344437	0	0	0	0	0	0	17	0	0	0
p[services]*3.0715237559178123	3	52.0	CONVERGED	546	1122.173775896937	18	0.3672751743579716	0	0.45765063969986264	39.79626152013491	0.942574842758311	0		0.0	0.0	0.5530855912895493	0.42896474215381264	0.5205856734301835	0	0	0	0	0	0	18	0	0	0
p[services]*3.225099943713703	3	52.0	CONVERGED	549	1170.9639400663689	19	0.34893914065963566	0	0.43823415186235654	48.46931702267183	0.942574842758311	0		0.0	0.0	0.5579518267352921	0.43317836144342964	0.5228638039866437	0	0	0	0	0	0	19	1	0	0
p[services]*3.3863549408993885	3	52.0	CONVERGED	552	1220.8630381155128	20	0.33119334399333733	0	0.4191922954671778	57.76837693023737	0.942574842758311	0		0.0	0.0	0.562642930891747	0.4372079797934538	0.5250953834527663	0	0	0	0	0	0	20	7	0	0
p[services]*3.555672687944358	3	52.0	CONVERGED	554	1272.3803662407413	20	0.31418720865166117	0	0.40065319876661587	67.55382051468786	0.942574842758311	0		0.0	0.0	0.5672038480685347	0.44104118361501987	0.5272815176417998	0	0	0	0	0	0	20	9	0	0
p[services]*3.733456322341576	3	52.0	CONVERGED	557	1324.1990111484806	22	0.29785802685750057	0	0.38241752500873555	77.90774802020452	0.942574842758311	0		0.0	0.0	0.5716132466760502	0.4446728613277218	0.5294321603012377	0	0	0	0	0	0	22	11	0	0
p[services]*3.920129138458655	3	52.0	CONVERGED	560	1376.3207490989505	22	0.2821994666904233	0	0.36439222994022735	88.85289446445054	0.942574842758311	0		0.0	0.0	0.5758572301166098	0.44809554008311314	0.5315512724468847	0	0	0	0	0	0	22	12	0	0
p[services]*4.116135595381588	3	52.0	CONVERGED	563	1428.693132294442	23	0.2672271737130515	0	0.34686193969038315	100.27585562573773	0.942574842758311	0		0.0	0.0	0.5799698328886271	0.45130511988093347	0.5336325086752006	0	0	0	0	0	9	23	14	0	0
p[services]*4.321942375150668	3	52.0	CONVERGED	565	1481.4386800510445	24	0.25285956171808077	0	0.32975388060018396	112.33552019213082	0.942574842758311	0		0.0	0.0	0.5839376926790972	0.45440170006562103	0.5356798053986497	0	0	0	0	0	13	23	15	0	0
p[services]*4.538039493908201	3	52.0	CONVERGED	568	1534.6114004521603	25	0.23906256191065378	0	0.31305054671245147	125.08799348647753	0.942574842758311	0		0.0	0.0	0.5877694026581873	0.4572773811113632	0.5376955762098615	0	0	0	0	0	17	24	16	0	0
p[services]*4.764941468603611	3	52.0	CONVERGED	571	1588.2269296514278	25	0.225699403522523	0	0.2968119589288171	138.41842678029508	0.942574842758311	0		0.0	0.0	0.5915037552543412	0.459925979463632	0.5396974114943168	0	0	0	0	8	20	24	16	0	0
p[services]*5.003188542033792	3	52.0	CONVERGED	573	1642.330231838922	25	0.21266677019473246	0	0.2810210319931035	152.36667661278568	0.942574842758311	0		0.0	0.0	0.5951771936868404	0.4623411574733447	0.5416815067773695	0	0	0	0	12	23	25	17	0	0
p[services]*5.253347969135482	3	52.0	CONVERGED	575	1696.8890165932446	27	0.2004286646607483	0	0.26621333382699436	166.97927398340215	0.942574842758311	0		0.0	0.0	0.5988157700254323	0.46455319982733473	0.5436497413594801	0	0	0	0	14	27	27	17	0	0
p[services]*5.5160153675922565	3	52.0	CONVERGED	578	1751.912262172807	28	0.18876974903288604	0	0.2516866549840683	182.43868418913885	0.942574842758311	0		0.0	0.0	0.6025666877945053	0.4666009445298485	0.5455737425728391	0	0	0	0	15	28	28	18	0	0
p[services]*5.791816135971869	3	52.0	CONVERGED	580	1807.495838270842	30	0.17758716350439988	0	0.2375526333879811	198.69301055331766	0.942574842758311	0		0.0	0.0	0.6065173092102163	0.468398240831247	0.5474970248673583	0	0	0	0	17	30	30	18	0	0
p[services]*6.081406942770463	3	52.0	CONVERGED	583	1863.771165018553	32	0.16719757012310896	0	0.22462104225072926	215.78658560792243	0.942574842758311	0		0.0	0.0	0.6106647874642956	0.4699022497722521	0.5494025258758444	0	0	0	0	19	32	32	19	0	0
p[services]*6.385477289908986	3	52.0	CONVERGED	585	1920.8655207426543	33	0.15772514533528026	0	0.21339983042687716	233.87058107089106	0.942574842758311	0		0.0	0.0	0.6150812982690246	0.47122021510588646	0.5513069941399162	0	0	0	0	19	33	33	19	0	0
p[services]*6.704751154404436	3	52.0	CONVERGED	588	1978.79431758534	34	0.1489296442395899	0	0.202925440632172	252.9983318295477	0.942574842758311	0		0.0	0.0	0.6198368934251336	0.4722855484117675	0.5532164424875359	0	0	0	0	21	34	34	19	0	0
p[services]*7.039988712124658	3	52.0	CONVERGED	590	2037.5914391491333	35	0.14073571137182753	0	0.19229929603603677	273.2499530088696	0.942574842758311	0		0.0	0.0	0.6249034089625514	0.4730527886679725	0.555140785295516	0	0	0	0	22	35	35	20	0	7
p[services]*7.391988147730891	3	52.0	CONVERGED	593	2097.2494829685434	37	0.13290382654460917	0	0.18211072116842966	294.71893079829925	0.942574842758311	0		0.0	0.0	0.6302212995100166	0.47372288010152763	0.5570869911662351	0	0	0	0	24	37	37	20	0	11
p[services]*7.761587555117436	3	52.0	CONVERGED	595	2157.9978803674785	38	0.12600256817239716	0	0.17216875770449558	317.67592495555925	0.942574842758311	0		0.0	0.0	0.6357686722814381	0.47404032448167877	0.559039821311814	0	0	0	0	24	38	38	20	0	13
p[services]*8.14966693287331	3	52.0	CONVERGED	622	2219.7147268845983	39	0.11954700284514312	0	0.16195875916731298	342.3436950340267	0.942574842758311	0		0.0	0.0	0.6414653625070903	0.4742030314485216	0.5610194425954218	0	0	0	1	25	39	39	22	0	16
p[mach]*0.12270440108003683	3	52.0	CONVERGED	1025	7759.63270401163	250	0.005112581098316882	0	0.018610217879713255	31803.61759524491	0.9425748427583159	0		0.0	0.0	1.0	0.5077092597205983	0.7476802567317979	158	0	0	139	151	249	239	195	154	146
p[mach]*0.12883962113403868	3	52.0	CONVERGED	1010	7545.089157930192	244	0.005827965111592533	0	0.02006794953602798	27534.103359724755	0.9425748427583156	0		0.0	0.0	1.0	0.5084647237237268	0.7479593394461959	148	0	0	133	146	243	233	188	148	139
p[mach]*0.13528160219074062	3	52.0	CONVERGED	994	7334.8385013953675	237	0.006637745956252315	0	0.02163108657593322	23904.37197179127	0.9425748427583153	0		0.0	0.0	1.0	0.508950588527729	0.7477945184134652	137	0	0	127	140	237	227	180	141	132
p[mach]*0.14204568230027764	3	52.0	CONVERGED	980	7128.490410865509	231	0.0075559101139748945	0	0.02331253479938828	20803.31743654451	0.9425748427583165	0		0.0	0.0	1.0	0.5092125705270405	0.7471870761530159	126	0	0	121	134	231	221	174	135	126
p[mach]*0.14914796641529154	3	52.0	CONVERGED	965	6925.820387499639	225	0.008599148219824016	0	0.0251229964434244	18146.95188955528	0.9425748427583142	0		0.0	0.0	1.0	0.5090883156070023	0.7460288174781731	115	0	0	115	129	225	214	168	129	119
p[mach]*0.15660536473605613	3	52.0	CONVERGED	951	6725.739167415788	219	0.009784978130373264	0	0.02707181905395579	15857.048297657095	0.9425748427583147	0		0.0	0.0	1.0	0.5087397357365067	0.7444782080546606	103	0	0	110	123	219	208	163	122	113
p[mach]*0.16443563297285893	3	52.0	CONVERGED	937	6529.050788095257	214	0.011135005937735419	0	0.029177522983357053	13879.726083251328	0.9425748427583156	0		0.0	0.0	1.0	0.5080332221014818	0.7423252909915288	91	0	0	104	118	214	203	157	116	106
p[mach]*0.1726574146215019	3	52.0	CONVERGED	924	6334.394046050866	208	0.012674596407120107	0	0.0314521183139129	12163.800188088639	0.9425748427583142	0		0.0	0.0	1.0	0.5070156709951261	0.7396881735776178	79	0	0	99	113	208	197	152	110	101
p[mach]*0.181290285352577	3	52.0	CONVERGED	910	6141.463460650967	203	0.014431870004313837	0	0.03391945755271458	10672.515953790878	0.9425748427583173	0		0.0	0.0	1.0	0.5056318794724208	0.7365317649654467	68	0	0	95	107	203	192	146	104	94
p[mach]*0.19035479962020585	3	52.0	CONVERGED	896	5950.649337693543	198	0.016439428685822505	0	0.036600191541303125	9369.27409711559	0.9425748427583128	0		0.0	0.0	1.0	0.5039387450479773	0.7328316481218642	55	0	0	91	102	198	187	141	98	86
p[mach]*0.19987253960121615	3	52.0	CONVERGED	882	5761.145512224388	193	0.018736965997002798	0	0.03951827886190906	8232.264843850517	0.9425748427583147	0		0.0	0.0	1.0	0.5017776116466294	0.7285721516557953	43	0	0	86	97	193	182	136	91	75
p[mach]*0.20986616658127696	3	52.0	CONVERGED	868	5573.080927192468	188	0.02136653660719549	0	0.042702048999861006	7234.516801440832	0.942574842758318	0		0.0	0.0	1.0	0.49901706081753344	0.7236662086134252	30	0	0	82	92	188	177	129	82	65
p[mach]*0.22035947491034083	3	52.0	CONVERGED	856	5385.437478796091	182	0.024382708900783676	0	0.04618921099114526	6357.484441319875	0.9425748427583163	0		0.0	0.0	1.0	0.4953954260809429	0.7181497351835965	6	0	0	77	87	182	171	124	71	56
p[mach]*0.23137744865585788	3	52.0	CONVERGED	847	5199.4779320176585	177	0.027837500630361434	0	0.05001242051839283	5586.981671393593	0.942574842758316	0		0.0	0.0	0.9816897468270878	0.4905263628385219	0.712021827317762	0	0	0	72	82	177	166	116	57	46
p[mach]*0.24294632108865077	3	52.0	CONVERGED	816	5013.508273032613	172	0.03180506710697972	0	0.054216619448327404	4907.299866730603	0.9425748427583144	0		0.0	0.0	0.962155573565071	0.4851820564817301	0.7054245487349358	0	0	0	68	78	172	160	104	44	32
p[mach]*0.2550936371430833	3	52.0	CONVERGED	805	4827.729407069494	167	0.03636787753299956	0	0.058857040013354456	4306.826526840989	0.9425748427583145	0		0.0	0.0	0.9424101598032087	0.47959279165628943	0.6984201089929223	0	0	0	62	73	167	155	101	39	27
p[mach]*0.26784831900023753	3	52.0	CONVERGED	795	4643.0672909671075	162	0.04161328160463504	0	0.06398887336317943	3776.315583820162	0.9425748427583156	0		0.0	0.0	0.9225101656656577	0.47372602589261836	0.6910049763873192	0	0	0	57	69	162	150	98	32	21
p[mach]*0.28124073495024937	3	52.0	CONVERGED	784	4457.943206119595	157	0.0470698329458165	0	0.06968582794638759	3306.140253504884	0.9425748427583148	0		0.0	0.0	0.9024272190318453	0.4676537853694075	0.6832890806969404	0	0	0	52	64	157	145	94	23	9
p[mach]*0.29530277169776187	3	52.0	CONVERGED	774	4272.7356058624855	151	0.053285007065952274	0	0.0760030428758593	2890.3484743211875	0.9425748427583156	0		0.0	0.0	0.8822817470405319	0.4613153648380805	0.6752518079583929	0	0	0	47	60	151	139	91	10	0
p[mach]*0.31006791028264996	3	52.0	CONVERGED	763	4087.7919240727047	146	0.06048341672088601	0	0.08305605108304362	2521.598479680711	0.9425748427583159	0		0.0	0.0	0.8620527183253842	0.45486450523944033	0.6670168505638318	0	0	0	41	57	146	134	89	0	0
p[mach]*0.3255713057967825	3	52.0	CONVERGED	753	3903.08689262744	138	0.06875752162799169	0	0.09094637820538158	2194.48537109831	0.942574842758315	0		0.0	0.0	0.8417946115094682	0.4482339829333125	0.6585177511511681	0	0	0	36	53	138	129	86	0	0
p[mach]*0.3418498710866216	3	52.0	CONVERGED	743	3718.1206694056063	132	0.07824343760101397	0	0.09975758939506345	1904.1345509507426	0.9425748427583145	0		0.0	0.0	0.8214657737515306	0.4415182209231785	0.6498647044211792	0	0	0	29	50	132	124	82	0	0
p[mach]*0.35894236464095275	3	52.0	CONVERGED	733	3532.784253470664	126	0.08914749743488883	0	0.10967475707526685	1646.4387065495227	0.942574842758315	0		0.0	0.0	0.8011245842525646	0.4346410864268244	0.6409833469156562	0	0	0	18	47	126	118	80	0	0
p[mach]*0.3768894828730004	3	52.0	CONVERGED	722	3347.4807632281872	120	0.10164407150756401	0	0.12082839108521404	1417.9272258054457	0.9425748427583148	0		0.0	0.0	0.7807757786278752	0.4277088182609817	0.6319885667720045	0	0	0	0	44	120	113	77	0	0
p[mach]*0.39573395701665043	3	52.0	CONVERGED	713	3162.1146289434455	114	0.11597263139158669	0	0.13337941135803263	1215.1399088207222	0.9425748427583159	0		0.0	0.0	0.7603860817235248	0.42073561815675387	0.6229242495207308	0	0	0	0	41	114	107	73	0	0
p[mach]*0.41552065486748296	3	52.0	CONVERGED	706	2977.1157667837497	109	0.13260934943407823	0	0.14757454368293846	1035.6168309033933	0.9425748427583145	0		0.0	0.0	0.7400702805848872	0.4137359298524206	0.6136883170657554	0	0	0	0	38	109	102	71	0	0
p[mach]*0.4362966876108571	3	52.0	CONVERGED	698	2792.718164567692	102	0.15179930581499518	0	0.1636103969168863	876.7317194950635	0.9425748427583209	0		0.0	0.0	0.7197551749410284	0.40684471242018455	0.6045139295689582	0	0	0	0	35	102	95	67	0	0
p[mach]*0.4581115219914	3	52.0	CONVERGED	693	2608.6986451715093	97	0.17386951495250874	0	0.1817348381020032	736.0930055928327	0.9425748427583165	0		0.0	0.0	0.6994386494748807	0.4000567053949402	0.5954385287637856	0	0	0	0	32	97	89	64	0	0
p[mach]*0.48101709809097004	3	52.0	CONVERGED	689	2425.5892641180317	91	0.19907177377331245	0	0.20225121474410085	612.0451215558793	0.9425748427583145	0		0.0	0.0	0.6791787710136621	0.39335767031100244	0.5864498724766322	0	0	0	0	29	91	83	60	0	0
p[mach]*0.5050679529955185	3	52.0	CONVERGED	684	2243.2797682580563	84	0.22780221930394995	0	0.22546632147046944	502.6825153238709	0.9425748427583132	0		0.0	0.0	0.6589208366981719	0.38673019707944056	0.5774831796719606	0	0	0	0	25	84	76	56	0	0
p[mach]*0.5303213506452945	3	52.0	CONVERGED	676	2062.3075060196516	78	0.2593099690222484	0	0.25167810018216336	406.6566190496348	0.9425748427583154	0		0.0	0.0	0.63879406473783	0.38016742852573354	0.5685020222875027	0	0	0	0	22	78	69	53	0	0
p[mach]*0.5568374181775593	3	52.0	CONVERGED	641	1882.9254658978214	71	0.29490961481453365	0	0.28132070179466123	322.7117840801282	0.9425748427583144	0		0.0	0.0	0.6190274904593704	0.37981138841054385	0.5595303822714908	0	0	0	0	19	71	61	48	0	0
p[mach]*0.5846792890864372	3	52.0	CONVERGED	631	1705.4174322125664	64	0.3344808332090344	0	0.3146575695367957	250.08462439854296	0.9425748427583148	0		0.0	0.0	0.5996410115213333	0.3818532054884551	0.5506066885834248	0	0	0	0	14	64	54	43	0	0
p[mach]*0.6139132535407591	3	52.0	CONVERGED	621	1530.2181339947117	56	0.3784167543294324	0	0.35195585532594437	188.2228323693618	0.9300794792577913	0		0.0	0.0	0.5806190377989657	0.3820992557459125	0.5429258071324758	0	0	0	0	8	56	45	36	0	0
p[mach]*0.6446089162177971	3	52.0	CONVERGED	610	1357.297401098496	45	0.42647078698218144	0	0.39368917723168717	135.51381143621802	0.9139933256590891	0		0.0	0.0	0.5619159051056125	0.380518424350847	0.5364324247838188	0	0	0	0	0	44	37	26	0	0
p[mach]*0.676839362028687	3	52.0	CONVERGED	600	1187.4209039188966	23	0.4787595283325881	0	0.43998558293419643	91.31751411765116	0.9014732530491395	0		0.0	0.0	0.5436723649262827	0.37714416418318025	0.5319302978367484	0	0	0	0	0	16	19	13	0	0
p[mach]*0.7106813301301214	3	52.0	CONVERGED	588	1021.081158234048	0	0.5346036446069252	0	0.49074609091396365	54.9166464662664	0.8925962469923752	0		0.0	0.0	0.5259515758007324	0.37205775404692465	0.5272536313672709	0	0	0	0	0	0	0	0	0	0
p[mach]*0.7462153966366275	3	52.0	CONVERGED	576	859.349495169046	0	0.5925956911494299	0	0.5449011888166271	26.302163769397296	0.887380284045669	0		0.0	0.0	0.5088846769321689	0.36542709555587516	0.5209139984726358	0	0	0	0	0	0	0	0	0	0
p[mach]*0.7835261664684589	3	52.0	CONVERGED	561	702.9194896033133	0	0.6539061082456789	0	0.6045463531095059	6.306777144573151	0.8860330404677441	0		0.0	0.0	0.4925674837117837	0.3574237425541291	0.5131721857783197	0	0	0	0	0	0	0	0	0	0
p[mach]*0.8227024747918819	3	52.0	CONVERGED	549	554.8495472123974	0	0.7182838697127135	0	0.6700648745414842	0.0	0.8894974334060382	0		0.0	0.0	0.4772192627367815	0.3485757937796055	0.5044133790665385	0	0	0	0	0	0	0	0	0	0
p[mach]*0.863837598531476	3	52.0	CONVERGED	495	411.26286951731333	0	0.7840178978066068	0	0.7419823105974239	0.0	0.897499406864608	0		0.0	0.0	0.46261691236916747	0.3394094244890744	0.4949221443780706	0	0	0	0	0	0	0	0	0	0
p[mach]*0.9070294784580498	3	52.0	CONVERGED	470	270.7114414997335	0	0.8528019008420374	0	0.8205550969003246	0.0	0.9089760938168943	0		0.0	0.0	0.4487103015395707	0.32942576545854796	0.4844645721078561	0	0	0	0	0	0	0	0	0	0
p[mach]*0.9523809523809523	3	52.0	CONVERGED	433	133.54870633569266	0	0.9248332626255383	0	0.906442657050542	0.0	0.9240090268884933	0		0.0	0.0	0.43572021470139416	0.3187596665882884	0.47325650234661	0	0	0	0	0	0	0	0	0	0
p[mach]*1.05	3	52.0	CONVERGED	321	48.790164169432046	0	0.960728706824881	0	0.9588339300655094	0.0	0.8913173845832606	0		0.0	0.0	0.42615924058535254	0.3091005683166492	0.4645960915280008	0	0	0	0	0	0	0	0	0	0
p[mach]*1.1025	3	52.0	CONVERGED	358	97.58032833886404	0	0.9219630027107818	0	0.91832737607777	0.0	0.8398067816634178	0		0.0	0.0	0.4293364600358341	0.3105383466667059	0.467697032156248	0	0	0	0	0	0	0	0	0	0
p[mach]*1.1576250000000001	3	52.0	CONVERGED	417	146.3704925082961	0	0.883806616690826	0	0.8784717178415755	0.0	0.7880596624799422	0		0.0	0.0	0.4326102535738817	0.31200561115448	0.47084849150915375	0	0	0	0	0	0	0	0	0	0
p[mach]*1.2155062500000002	3	52.0	CONVERGED	432	195.16065667772818	0	0.8463482041679199	0	0.8392926567462851	0.0	0.7360481581800545	0		0.0	0.0	0.4359811819814962	0.3135007761751978	0.4740320838791492	0	0	0	0	0	0	0	0	0	0
p[mach]*1.2762815625000004	3	52.0	CONVERGED	444	243.9508208471603	0	0.8094358665386404	0	0.8009675139638694	0.0	0.683753241855145	0		0.0	0.0	0.43944444623928236	0.3150209450818585	0.4772487484227063	0	0	0	0	0	0	0	0	0	0
p[mach]*1.3400956406250004	3	52.0	CONVERGED	456	292.74098501659233	0	0.7733196484249337	0	0.7635902153689709	0.0	0.6312273057543505	0		0.0	0.0	0.4430000442205945	0.3165642179685419	0.4804854540734601	0	0	0	0	0	0	0	0	0	0
p[mach]*1.4071004226562505	3	52.0	CONVERGED	466	341.5311491860243	0	0.7380797757381812	0	0.7271601925634531	0.0	0.5784878391768642	0		0.0	0.0	0.44665966214109776	0.31813517108819983	0.4837501082150567	0	0	0	0	0	0	0	0	0	0
p[mach]*1.477455443789063	3	52.0	CONVERGED	475	390.32131335545637	0	0.7036354344782032	0	0.6914476589037744	0.0	0.5255525086895184	0		0.0	0.0	0.4504091396831611	0.3197265166978506	0.4870317101911641	0	0	0	0	0	0	0	0	0	0
p[mach]*1.5513282159785162	3	52.0	CONVERGED	483	439.6933127296694	0	0.66995835589293	0	0.6568375001978107	0.0	0.4724391088870402	0		0.0	0.0	0.4542486923721248	0.32133621041253085	0.49029808369480726	0	0	0	0	0	0	0	0	0	0
p[mach]*1.628894626777442	3	52.0	CONVERGED	524	494.42657405194905	0	0.6372993587143096	0	0.6233889515610512	0.0	0.4189549254035795	0		0.0	0.0	0.45817475838574573	0.32296232212062026	0.49359471473307304	0	0	0	0	0	0	0	0	0	0
p[mach]*1.7103393581163142	3	52.0	CONVERGED	534	550.3064639309606	0	0.6056599660804679	0	0.5910030184356199	0.0	0.3652713393817751	0		0.0	0.0	0.4622035037381148	0.3246085926981457	0.49687182763030907	0	0	0	0	0	0	0	0	0	0
p[mach]*1.79585632602213	3	52.0	CONVERGED	540	607.2069223523017	0	0.5747357627258532	0	0.559457542834512	0.0	0.311425911649724	0		0.0	0.0	0.4663120340768605	0.3262638609865379	0.5001511995519635	0	0	0	0	0	0	0	0	0	0
p[mach]*1.8856491423232367	3	52.0	CONVERGED	545	664.9038539181445	0	0.5449320751111164	0	0.529165400776698	0.0	0.2574388450292632	0		0.0	0.0	0.47050951391907825	0.3279342647503622	0.5033920303888095	0	0	0	0	0	0	0	0	0	0
p[mach]*1.9799315994393987	3	52.0	CONVERGED	550	723.995436402974	0	0.5162610845096623	0	0.500147833673015	0.0	0.20330878749195103	0		0.0	0.0	0.47479884071488143	0.329618271053778	0.5066543567570436	0	0	0	0	0	0	0	0	0	0
p[mach]*2.0789281794113688	3	52.0	CONVERGED	554	784.4255016728374	9	0.4883046140954962	0	0.47204415694407376	2.906633393905996	0.14876424353000672	0		0.0	0.0	0.4791848935005872	0.33131069999812	0.5097496656147242	0	0	0	0	0	0	8	0	0	8
p[mach]*2.182874588381937	3	52.0	CONVERGED	559	846.5350915095196	16	0.4615262285256472	0	0.4450442018906814	8.576366235372406	0.09410611735397921	0		0.0	0.0	0.4836553929048372	0.33301210135683784	0.5127570581408021	0	0	0	0	0	0	15	0	0	15
p[mach]*2.292018317801034	3	52.0	CONVERGED	565	910.5100199206659	20	0.4358654067274492	0	0.4193386671523646	16.27377463169945	0.039356482762747974	0		0.0	0.0	0.48823170814387395	0.3347260060454342	0.5158154587265256	0	0	0	0	0	0	19	9	0	19
p[mach]*2.4066192336910857	3	52.0	CONVERGED	571	1004.3144876584347	35	0.4110872022849253	0	0.39450232616558395	29.50458049808068	-0.013299985034377048	7	6	0.0033305867386645926	0.0033305867386645926	0.49458412236618354	0.3371896762646013	0.5209949855665925	0	0	0	0	0	0	33	15	0	33
p[mach]*2.5269501953756404	3	52.0	CONVERGED	576	1074.058727379083	38	0.3880594242488342	0	0.3694686192320982	44.30070814061266	-0.0478087181587463	12	1	0.017216991374575934	0.017216991374575934	0.5013990876281083	0.3394156182280255	0.523884997568889	0	0	0	0	0	1	37	20	1	37
p[mach]*2.653297705144422	3	52.0	CONVERGED	582	1141.2078991535643	50	0.3660001130566322	0	0.3456979359872151	60.526365521565495	-0.07740177181277726	13	0	0.030501993412535337	0.030501993412535337	0.5079683840523003	0.34151158383669145	0.5265389637632458	0	0	0	0	0	23	49	26	13	40
p[mach]*2.7859625904016436	3	52.0	CONVERGED	587	1211.602382078726	56	0.34418110832583093	0	0.32238695376146914	79.42921489488027	-0.1143839883888129	13	0	0.0447673039932697	0.0447673039932697	0.5148479192811121	0.3436815392480276	0.5293577679399151	0	0	0	0	0	41	55	28	28	42
p[mach]*2.925260719921726	3	52.0	CONVERGED	592	1287.8502475738155	61	0.3203909898907961	0	0.2951909309914333	101.89709993815964	-0.15717748271009457	14	0	0.05974220220156589	0.05974220220156589	0.5221890896020793	0.3459736079872622	0.5325100124066766	0	0	0	0	0	53	60	30	35	44
p[mach]*3.0715237559178123	3	52.0	CONVERGED	597	1366.7626521539923	64	0.2959129320930746	0	0.27005409472633984	127.19447872881476	-0.20134880993421395	14	0	0.07530757161996725	0.07530757161996725	0.5297855226540676	0.34831070685452703	0.5358051138032522	0	0	0	0	0	61	63	32	40	46
p[mach]*3.225099943713703	3	52.0	CONVERGED	603	1446.5538965694984	67	0.2734754463799178	0	0.24747588915991023	155.049770298374	-0.24854247289387793	15	0	0.09132172415764143	0.09132172415764143	0.5374953993268841	0.3506559677561921	0.5392101192186787	0	0	0	0	0	66	66	34	43	48
p[mach]*3.3863549408993885	3	52.0	CONVERGED	608	1527.7060941427442	70	0.25307168037842503	0	0.22731443175088076	185.60657579630612	-0.2961417923458929	16	0	0.10827238903593947	0.10827238903593947	0.545340746365305	0.3530033524211671	0.5427651952244859	0	0	0	0	0	69	69	36	45	50
p[mach]*3.555672687944358	3	52.0	CONVERGED	613	1609.3210637596135	74	0.2344981775402306	0	0.20964417796052587	218.6018974002638	-0.3441051281194008	17	0	0.1254977159376262	0.1254977159376262	0.553239648307221	0.3553234889346811	0.5462999551344472	0	0	0	0	0	73	73	38	48	52
p[mach]*3.733456322341576	3	52.0	CONVERGED	618	1690.499128506827	77	0.21802892146933428	0	0.193755943396418	253.7644594539865	-0.39239480831360407	18	0	0.1433306238243703	0.1433306238243703	0.5611143081031755	0.35759880948325345	0.5498170387611824	0	0	0	0	0	76	76	40	50	54
p[mach]*3.920129138458655	3	52.0	CONVERGED	623	1771.5720964895845	80	0.20312829899617657	0	0.17987686304596137	291.3375907215885	-0.4410290597714178	19	0	0.16141053703901664	0.16141053703901664	0.5690187773635367	0.35984579088177937	0.5533433993983015	0	0	0	0	0	79	79	42	51	56
p[mach]*4.116135595381588	3	52.0	CONVERGED	627	1851.9774299835785	83	0.1898169377786826	0	0.16753076630843683	331.04192656591107	-0.4900819390682796	20	0	0.18000004246477147	0.18000004246477147	0.5769099696632729	0.3620506298032855	0.5568399499214332	0	0	0	0	0	82	82	43	53	58
p[mach]*4.321942375150668	3	52.0	CONVERGED	632	1932.0547030715918	86	0.17764353035042382	0	0.15649609789521562	373.1613561987901	-0.5392076990653396	21	0	0.1986531253938091	0.1986531253938091	0.5848015830749888	0.3642267026535895	0.5603446770061774	0	0	0	0	2	85	85	45	55	59
p[mach]*4.538039493908201	3	52.0	CONVERGED	637	2011.7454514261017	88	0.16667512132414686	0	0.1467702436404255	417.65084629017895	-0.5883971387295832	22	0	0.21784588895191365	0.21784588895191365	0.5926872269966212	0.36636463426322835	0.5638355420515528	0	0	0	0	6	87	87	48	57	61
p[mach]*4.764941468603611	3	52.0	CONVERGED	641	2091.158729750259	91	0.15670569840234147	0	0.13788824177011494	464.94065826259043	-0.6376443211841558	24	0	0.23694310154178316	0.23694310154178316	0.6006087049531258	0.3684769499482283	0.5673274515396425	0	0	0	0	9	90	90	50	59	63
p[mach]*5.003188542033792	3	52.0	CONVERGED	646	2169.722087658244	94	0.1475533358400269	0	0.13002866324623383	514.6718404027779	-0.6872723131309384	25	0	0.25652741615176033	0.25652741615176033	0.6085174477765611	0.37054853172667673	0.570834389720523	0	0	0	0	11	93	93	52	61	64
p[mach]*5.253347969135482	3	52.0	CONVERGED	675	2256.3739075234566	96	0.1391175220570691	0	0.12284140142532703	566.9747805704912	-0.7370423917594604	26	0	0.2760671515692034	0.2760671515692034	0.6164197909411983	0.37257676277392343	0.574288853845827	0	0	0	0	13	95	95	54	62	66
p[mach]*5.5160153675922565	3	52.0	CONVERGED	680	2352.6424759886117	99	0.13134126932953588	0	0.11638617180171536	621.4911589840569	-0.7869364834061551	27	0	0.2957356309773821	0.2957356309773821	0.6242977670651122	0.3745602638111586	0.5777322950368247	0	0	0	0	15	98	98	55	64	68
p[mach]*5.791816135971869	3	52.0	CONVERGED	684	2449.4771851582996	102	0.12414246487201797	0	0.11050698951178256	678.6369557994258	-0.8369380404872886	29	0	0.3155984573840376	0.3155984573840376	0.6322134421269012	0.37651760741548335	0.5811986552594635	0	0	0	0	17	101	101	57	66	70
p[mach]*6.081406942770463	3	52.0	CONVERGED	688	2545.151170491367	104	0.1174571000772079	0	0.10514079740580132	737.995378451945	-0.8870319159079413	30	0	0.3352932756625325	0.3352932756625325	0.6401125126907967	0.3784236521220611	0.5846079477752006	0	0	0	0	19	103	103	58	68	71
p[mach]*6.385477289908986	3	52.0	CONVERGED	691	2641.771498580312	106	0.11118422558398498	0	0.10027788694095444	799.2888248130657	-0.937204251519092	31	0	0.35525543156611566	0.35525543156611566	0.6479415825479752	0.3802762514367145	0.587971423581311	0	0	0	0	22	105	105	60	70	73
p[mach]*6.704751154404436	3	52.0	CONVERGED	694	2736.834728169401	109	0.10529762253716199	0	0.09576603088338306	862.8777598390549	-0.987442378424851	32	0	0.3751151607321227	0.3751151607321227	0.6557265849972468	0.3820863478462272	0.5913179635279249	0	0	0	0	23	108	108	61	74	75
p[mach]*7.039988712124658	3	52.0	CONVERGED	697	2833.1951582030497	111	0.09979038745427257	0	0.09167676631452608	928.3983395870215	-1.037734727315036	33	0	0.39478726286879984	0.39478726286879984	0.663429155360309	0.3838498909111862	0.594627591021258	0	0	0	0	25	110	110	62	81	76
p[mach]*7.391988147730891	3	52.0	CONVERGED	699	2927.639005366045	113	0.09464717569432457	0	0.08787238383227158	995.5540730438298	-1.0880707473096918	34	0	0.4146938827481777	0.4146938827481777	0.6709802841506011	0.38555321456485314	0.5978546878670443	0	0	0	0	27	112	112	69	84	78
p[mach]*7.761587555117436	3	52.0	CONVERGED	702	3023.5662156714893	115	0.08984844155123167	0	0.08438461231078302	1064.7159530156005	-1.1384408320623156	36	0	0.43434078436590573	0.43434078436590573	0.6784081087980348	0.38720151740058717	0.6010034208588879	0	0	0	0	30	114	114	74	87	79
p[mach]*8.14966693287331	3	52.0	CONVERGED	704	3117.446601730583	118	0.08537347240113108	0	0.08118147231048987	1135.5114673761009	-1.1888362520857552	37	0	0.4537967843340769	0.4537967843340769	0.6857133594161309	0.38879612812134345	0.6041128207884484	0	0	0	0	31	117	117	77	90	81
p[labour.trained]*0.12270440108003683	3	52.0	CONVERGED	586	2097.977059285578	47	0.1612835499220772	0	0.13439878267373218	62.86967053841674	0.8186456666384494	0		0.0	0.0	0.5448781819712042	0.40059535730082557	0.5237411157800886	0	0	0	0	0	26	20	11	26	0
p[labour.trained]*0.12883962113403868	3	52.0	CONVERGED	584	2049.186895116146	45	0.16894237773108886	0	0.14097788319476853	56.675280225691814	0.8234533459636333	0		0.0	0.0	0.5424088753167494	0.39904055677496447	0.5222682385146872	0	0	0	0	0	25	19	9	25	0
p[labour.trained]*0.13528160219074062	3	52.0	CONVERGED	581	2000.3967309467137	44	0.17694548573252808	0	0.14787284758400934	50.70542952621576	0.8280746759798302	0		0.0	0.0	0.5398344204444672	0.3974341816988057	0.5207771815270263	0	0	0	0	0	24	19	8	24	0
p[labour.trained]*0.14204568230027764	3	52.0	CONVERGED	579	1951.6065667772818	42	0.18530654319914586	0	0.15509832043748414	44.99219957138986	0.8326728994770846	0		0.0	0.0	0.5372949888217664	0.3957082124812973	0.5192311769928015	0	0	0	0	0	23	18	5	23	0
p[labour.trained]*0.14914796641529154	3	52.0	CONVERGED	577	1902.8164026078498	40	0.1940395981632219	0	0.16266958765418515	39.49181518717605	0.8372555270083356	0		0.0	0.0	0.5346253294640734	0.3940127157893287	0.5177262024239779	0	0	0	0	0	22	17	0	22	0
p[labour.trained]*0.15660536473605613	3	52.0	CONVERGED	574	1854.0262384384175	40	0.20315907297936187	0	0.17060260271274832	34.2546860138888	0.841823516302004	0		0.0	0.0	0.5319387770471385	0.39210423961303953	0.5161728782970629	0	0	0	0	0	22	17	0	22	0
p[labour.trained]*0.16443563297285893	3	52.0	CONVERGED	572	1805.2360742689857	38	0.21267975825329097	0	0.17891401409872537	29.306281757689977	0.846370220433862	0		0.0	0.0	0.5292180491610943	0.39030760579039575	0.5145850992541094	0	0	0	0	0	21	16	0	21	0
p[labour.trained]*0.1726574146215019	3	52.0	CONVERGED	569	1756.4459100995537	34	0.22261680502070622	0	0.18762119396911983	24.60868343143916	0.8508382258343943	0		0.0	0.0	0.5264314435857054	0.38832413879559957	0.5130315412511498	0	0	0	0	0	19	14	0	19	0
p[labour.trained]*0.181290285352577	3	52.0	CONVERGED	567	1707.6557459301216	32	0.2329857150611051	0	0.19674226815190204	20.239330355504368	0.8550523975704519	0		0.0	0.0	0.5235555189776004	0.38628087608002326	0.5113979316919518	0	0	0	0	0	18	13	0	18	0
p[labour.trained]*0.19035479962020585	3	52.0	CONVERGED	564	1658.8655817606893	30	0.2438023292336075	0	0.20629614759057818	16.117977605509925	0.8592417835053892	0		0.0	0.0	0.5205997898706185	0.3841948620847781	0.5097760788259209	0	0	0	0	0	17	12	0	17	0
p[labour.trained]*0.19987253960121615	3	52.0	CONVERGED	561	1610.0754175912577	27	0.25508281372529595	0	0.21630256135767995	12.34843396404142	0.8633944276097163	0		0.0	0.0	0.5176556452196053	0.3820224768355923	0.508163827906478	0	0	0	0	0	16	10	0	16	0
p[labour.trained]*0.20986616658127696	3	52.0	CONVERGED	558	1561.2852534218255	25	0.26684364410765216	0	0.2267820913763591	8.925883176498957	0.8675075873009165	0		0.0	0.0	0.514641416695699	0.3798772785007461	0.5065174823294574	0	0	0	0	0	15	9	0	15	0
p[labour.trained]*0.22035947491034083	3	52.0	CONVERGED	555	1512.4950892523934	21	0.27910158710338645	0	0.23775620900621178	5.8398850380978065	0.8715511816926661	0		0.0	0.0	0.5116470235344206	0.37758093117918373	0.5048970547374807	0	0	0	0	0	14	6	0	14	0
p[labour.trained]*0.23137744865585788	3	52.0	CONVERGED	553	1463.7049250829614	14	0.29187367997450125	0	0.24924731366811628	3.2283437698867523	0.8755389054807243	0		0.0	0.0	0.5086023918388762	0.37536849335471434	0.5032590136897538	0	0	0	0	0	13	0	0	13	0
p[labour.trained]*0.24294632108865077	3	52.0	CONVERGED	551	1414.9147609135293	13	0.30517720745286947	0	0.2612787737033244	1.1582782780252294	0.8793588509802048	0		0.0	0.0	0.5056515707837208	0.3730724012324329	0.501626499236719	0	0	0	0	0	12	0	0	12	0
p[labour.trained]*0.2550936371430833	3	52.0	CONVERGED	549	1366.1245967440973	11	0.3190296761470884	0	0.2738749696843758	0.0	0.8830048446353745	0		0.0	0.0	0.5026915505605564	0.37089920013088523	0.500053056869361	0	0	0	0	0	10	0	0	10	0
p[labour.trained]*0.26784831900023753	3	52.0	CONVERGED	546	1317.3344325746652	10	0.33344878637392644	0	0.28706134041967296	0.0	0.8865952437780982	0		0.0	0.0	0.49991388027949124	0.3688157333771873	0.4985020460744185	0	0	0	0	0	9	0	0	9	0
p[labour.trained]*0.28124073495024937	3	52.0	CONVERGED	544	1268.5442684052332	9	0.34845240137938593	0	0.30086443191979345	0.0	0.890125047336124	0		0.0	0.0	0.4970813920761099	0.36663774223228063	0.49694183979419115	0	0	0	0	0	8	0	0	8	0
p[labour.trained]*0.29530277169776187	3	52.0	CONVERGED	541	1219.7541042358012	8	0.36405851393326727	0	0.3153119496218727	0.0	0.8935878096682341	0		0.0	0.0	0.49420221122096925	0.3644996661784179	0.4954001466014936	0	0	0	0	0	7	0	0	7	0
p[labour.trained]*0.31006791028264996	3	52.0	CONVERGED	538	1170.963940066369	7	0.3802852103021145	0	0.33043281419865145	0.0	0.8969737383199538	0		0.0	0.0	0.4913140915500121	0.3622623209776939	0.49384307356032614	0	0	0	0	0	6	0	0	6	0
p[labour.trained]*0.3255713057967825	3	52.0	CONVERGED	535	1122.173775896937	6	0.3971506316285002	0	0.3462572213110451	0.0	0.9002561908970041	0		0.0	0.0	0.4883929635837695	0.35999431455554237	0.49229091925187207	0	0	0	0	0	5	0	0	5	0
p[labour.trained]*0.3418498710866216	3	52.0	CONVERGED	531	1073.383611727505	5	0.41467293276963596	0	0.36281670569731084	0.0	0.9034141941343704	0		0.0	0.0	0.4854868892621646	0.3577452330579622	0.4907488167621583	0	0	0	0	0	4	0	0	4	0
p[labour.trained]*0.35894236464095275	3	52.0	CONVERGED	492	1024.593447558073	4	0.43287023867513946	0	0.38014421002799337	0.0	0.9063889429410262	0		0.0	0.0	0.48253821857731094	0.355434342062004	0.4892276101980328	0	0	0	0	0	3	0	0	3	0
p[labour.trained]*0.3768894828730004	3	52.0	CONVERGED	488	975.8032833886408	4	0.4517605984122081	0	0.398274158993721	0.0	0.9092785491967476	0		0.0	0.0	0.4796032549128534	0.3531128127356655	0.48771035463147405	0	0	0	0	0	3	0	0	3	0
p[labour.trained]*0.39573395701665043	3	52.0	CONVERGED	484	927.0131192192089	3	0.4713619369761987	0	0.417242539132493	0.0	0.9120842483360037	0		0.0	0.0	0.4766632815398574	0.3508047834673343	0.48618968829081977	0	0	0	0	0	2	0	0	2	0
p[labour.trained]*0.41552065486748296	3	52.0	CONVERGED	480	878.2229550497769	2	0.4916920050553374	0	0.4370869849441653	0.0	0.9147974233417975	0		0.0	0.0	0.47366680060384725	0.3484152888620082	0.4846854721374926	0	0	0	0	0	1	0	0	1	0
p[labour.trained]*0.4362966876108571	3	52.0	CONVERGED	476	829.4327908803448	0	0.5127683269496193	0	0.45784687188225315	0.0	0.917406251304905	0		0.0	0.0	0.4707235948397889	0.3460320799128409	0.4831947845253822	0	0	0	0	0	0	0	0	0	0
p[labour.trained]*0.4581115219914	3	52.0	CONVERGED	472	780.6426267109127	0	0.5346081468754597	0	0.47956341685670484	0.0	0.9198957386339137	0		0.0	0.0	0.46776685726348377	0.3436808838985918	0.48171167643821333	0	0	0	0	0	0	0	0	0	0
p[labour.trained]*0.48101709809097004	3	52.0	CONVERGED	467	731.8524625414807	0	0.5572283739188274	0	0.5022797869257405	0.0	0.9222783060352152	0		0.0	0.0	0.46479424130888425	0.34129502808262907	0.4802704922356006	0	0	0	0	0	0	0	0	0	0
p[labour.trained]*0.5050679529955185	3	52.0	CONVERGED	462	683.0622983720486	0	0.5806455259299154	0	0.5260412168999518	0.0	0.9245476434873718	0		0.0	0.0	0.4618698900208031	0.33891175589930855	0.4788413139103337	0	0	0	0	0	0	0	0	0	0
p[labour.trained]*0.5303213506452945	3	52.0	CONVERGED	456	634.2721342026165	0	0.6048756726812929	0	0.5508951366273757	0.0	0.926634786738259	0		0.0	0.0	0.4589342121406312	0.3365636563070462	0.47742235155038526	0	0	0	0	0	0	0	0	0	0
p[labour.trained]*0.5568374181775593	3	52.0	CONVERGED	451	585.4819700331844	0	0.6299343786383799	0	0.5768913087739245	0.0	0.9286138340870783	0		0.0	0.0	0.4560138245288027	0.33419768152070956	0.4760347027371471	0	0	0	0	0	0	0	0	0	0
p[labour.trained]*0.5846792890864372	3	52.0	CONVERGED	445	536.6918058637525	0	0.6558366457153287	0	0.6040819779591331	0.0	0.930477404852156	0		0.0	0.0	0.45312433399579943	0.3318376013027033	0.47467014222657955	0	0	0	0	0	0	0	0	0	0
p[labour.trained]*0.6139132535407591	3	52.0	CONVERGED	438	487.90164169432046	0	0.6825968564104637	0	0.6325220321524279	0.0	0.9322091895809895	0		0.0	0.0	0.45022747820739806	0.32950366103586637	0.47331650521865953	0	0	0	0	0	0	0	0	0	0
p[labour.trained]*0.6446089162177971	3	52.0	CONVERGED	433	439.1114775248883	0	0.710228717732657	0	0.6622691772798299	0.0	0.9338230898490004	0		0.0	0.0	0.4473664884325718	0.32717384472627203	0.471996027826347	0	0	0	0	0	0	0	0	0	0
p[labour.trained]*0.676839362028687	3	52.0	CONVERGED	427	390.3213133554563	0	0.7387452063429103	0	0.6933841260349811	0.0	0.9353155467019103	0		0.0	0.0	0.44453032270906045	0.3248598567417789	0.470710905591893	0	0	0	0	0	0	0	0	0	0
p[labour.trained]*0.7106813301301214	3	52.0	CONVERGED	419	341.5311491860243	0	0.7681585153434539	0	0.7259308019315001	0.0	0.936684818819583	0		0.0	0.0	0.44171641314339105	0.3226017143351161	0.4694499526964595	0	0	0	0	0	0	0	0	0	0
p[labour.trained]*0.7462153966366275	3	52.0	CONVERGED	373	292.7409850165922	0	0.7984800031494105	0	0.7599765596758556	0.0	0.9379286481752075	0		0.0	0.0	0.43894369627488244	0.3203535802520539	0.4682162862430313	0	0	0	0	0	0	0	0	0	0
p[labour.trained]*0.7835261664684589	3	52.0	CONVERGED	363	243.95082084716023	0	0.8297201448752017	0	0.7955924229811536	0.0	0.9390380138264617	0		0.0	0.0	0.4361983712818585	0.31813238433060775	0.46701861769138314	0	0	0	0	0	0	0	0	0	0
p[labour.trained]*0.8227024747918819	3	52.0	CONVERGED	349	195.16065667772816	0	0.8618884866591153	0	0.8328533409825444	0.0	0.9400117951959055	0		0.0	0.0	0.4334862631818391	0.3159615636389858	0.4658502137706715	0	0	0	0	0	0	0	0	0	0
p[labour.trained]*0.863837598531476	3	52.0	CONVERGED	332	146.37049250829594	0	0.894993603334667	0	0.8718384644544692	0.0	0.9408481205758922	0		0.0	0.0	0.4308229054626809	0.31382636387904694	0.4647177865528803	0	0	0	0	0	0	0	0	0	0
p[labour.trained]*0.9070294784580498	3	52.0	CONVERGED	312	97.58032833886408	0	0.9290430598366062	0	0.9126314430689355	0.0	0.9415515130806912	0		0.0	0.0	0.4281955906687679	0.31173209676463043	0.46362244963407057	0	0	0	0	0	0	0	0	0	0
p[labour.trained]*0.9523809523809523	3	52.0	CONVERGED	237	48.79016416943205	0	0.9640433767026922	0	0.9553207449726919	0.0	0.9421278091277545	0		0.0	0.0	0.4256114985825781	0.30968643207680413	0.4625613417050318	0	0	0	0	0	0	0	0	0	0
p[labour.trained]*1.05	3	52.0	CONVERGED	233	48.790164169432046	0	0.9904822473119824	0	0.990398668850897	0.0	0.939391160819514	0		0.0	0.0	0.4241630921685101	0.3190514695282653	0.46227435510281356	0	0	0	0	0	0	0	0	0	0
p[labour.trained]*1.1025	3	52.0	CONVERGED	272	97.58032833886404	0	0.9806684315100529	0	0.9805137200820135	0.0	0.9360695522679602	0		0.0	0.0	0.42529065637336694	0.3307072094212736	0.4630383637805194	0	0	0	0	0	0	0	0	0	0
p[labour.trained]*1.1576250000000001	3	52.0	CONVERGED	331	146.3704925082961	0	0.9705553045637404	0	0.9703446859336452	0.0	0.9326057547024822	0		0.0	0.0	0.42646065718530946	0.3426601706224382	0.4638316200022085	0	0	0	0	0	0	0	0	0	0
p[labour.trained]*1.2155062500000002	3	52.0	CONVERGED	344	195.16065667772818	0	0.9601457325883362	0	0.9598917666611306	0.0	0.9289955028758494	0		0.0	0.0	0.4276739238772748	0.3549106439648684	0.46465441313343964	0	0	0	0	0	0	0	0	0	0
p[labour.trained]*1.2762815625000004	3	52.0	CONVERGED	358	243.9508208471603	0	0.9494329676281592	0	0.9491558680673082	0.0	0.9252345437983297	0		0.0	0.0	0.4289329348300322	0.36745856648195574	0.4655070285492996	0	0	0	0	0	0	0	0	0	0
p[labour.trained]*1.3400956406250004	3	52.0	CONVERGED	369	292.74098501659233	0	0.9384109501072502	0	0.938138637057091	0.0	0.9213186533321646	0		0.0	0.0	0.4302372840525795	0.38030352170669457	0.4663896831959871	0	0	0	0	0	0	0	0	0	0
p[labour.trained]*1.4071004226562505	3	52.0	CONVERGED	379	341.5311491860243	0	0.9270930198348614	0	0.9268424947383574	0.0	0.9172436543329888	0		0.0	0.0	0.4315871935184033	0.39344474164902465	0.46730419990904104	0	0	0	0	0	0	0	0	0	0
p[labour.trained]*1.477455443789063	3	52.0	CONVERGED	387	390.32131335545637	0	0.9154846039027829	0	0.9152706665814713	0.0	0.9130054363857618	0		0.0	0.0	0.4329823918906591	0.4068811104312844	0.4682500409727149	0	0	0	0	0	0	0	0	0	0
p[labour.trained]*1.5513282159785162	3	52.0	CONVERGED	431	439.1114775248884	0	0.9035942179943549	0	0.9034272091444052	0.0	0.9085999771722878	0		0.0	0.0	0.4344234638037271	0.42061116954531164	0.4692261715623928	0	0	0	0	0	0	0	0	0	0
p[labour.trained]*1.628894626777442	3	52.0	CONVERGED	437	487.90164169432023	0	0.8914273946258832	0	0.8913170328724573	0.0	0.9040171122083344	0		0.0	0.0	0.4359128047957888	0.434633124678804	0.47023589437894003	0	0	0	0	0	0	0	0	0	0
p[labour.trained]*1.7103393581163142	3	52.0	CONVERGED	442	536.6918058637524	0	0.878993112768825	0	0.8789459204916588	0.0	0.8992401596424131	0		0.0	0.0	0.43744775368191147	0.44894485404351947	0.4712782654725911	0	0	0	0	0	0	0	0	0	0
p[labour.trained]*1.79585632602213	3	52.0	CONVERGED	447	585.4819700331847	0	0.8663014699647308	0	0.8663205405337462	0.0	0.8942780857855994	0		0.0	0.0	0.4390271343997479	0.4635439181239963	0.4723519948018312	0	0	0	0	0	0	0	0	0	0
p[labour.trained]*1.8856491423232367	3	52.0	CONVERGED	452	634.2721342026166	0	0.8533488780776358	0	0.853448455558499	0.0	0.8891268254382387	0		0.0	0.0	0.44065297323750724	0.47842757075292297	0.473459018135446	0	0	0	0	0	0	0	0	0	0
p[labour.trained]*1.9799315994393987	3	52.0	CONVERGED	457	683.0622983720486	0	0.8400930558315494	0	0.8403381246765623	0.0	0.8837824907959643	0		0.0	0.0	0.4423337511821939	0.49359277140826335	0.4745980044852589	0	0	0	0	0	0	0	0	0	0
p[labour.trained]*2.0789281794113688	3	52.0	CONVERGED	462	731.8524625414807	0	0.8266035857078076	0	0.8269989000226732	0.0	0.8782414012046842	0		0.0	0.0	0.4440606627104428	0.5090361986178922	0.47576836209521656	0	0	0	0	0	0	0	0	0	0
p[labour.trained]*2.182874588381937	3	52.0	CONVERGED	467	780.6426267109126	0	0.8128980985520347	0	0.8134410168852731	0.0	0.8724997756874733	0		0.0	0.0	0.445829691362726	0.5247542643499155	0.47697309197013266	0	0	0	0	0	0	0	0	0	0
p[labour.trained]*2.292018317801034	3	52.0	CONVERGED	472	829.4327908803447	0	0.7989647801876714	0	0.7996755772634345	0.0	0.8665503909066201	0		0.0	0.0	0.44765305988967463	0.5407431292611118	0.4782078276328914	0	0	0	0	0	0	0	0	0	0
p[labour.trained]*2.4066192336910857	3	52.0	CONVERGED	477	878.2229550497767	0	0.784850071726311	0	0.7857145266951105	0.0	0.8603939854051886	0		0.0	0.0	0.449516912	0.556998718672041	0.47948036868415284	0	0	0	0	0	0	0	0	0	0
p[labour.trained]*2.5269501953756404	3	52.0	CONVERGED	481	927.0131192192089	0	0.7705816354187578	0	0.7715706242810123	0.0	0.8540280241625741	0		0.0	0.0	0.45141708856280205	0.5735167391353251	0.4807845939811566	0	0	0	0	0	0	0	0	0	0
p[labour.trained]*2.653297705144422	3	52.0	CONVERGED	485	975.8032833886408	0	0.7560436155161381	0	0.7572574059146746	0.0	0.8474503637853543	0		0.0	0.0	0.45337737413728013	0.5902926954633464	0.4821172917670228	0	0	0	0	0	0	0	0	0	0
p[labour.trained]*2.7859625904016436	3	52.0	CONVERGED	489	1024.593447558073	0	0.7412870083163356	0	0.7427891408200321	0.0	0.8406592926521599	0		0.0	0.0	0.4553879213044396	0.6073219080830445	0.4834876857242071	0	0	0	0	0	0	0	0	0	0
p[labour.trained]*2.925260719921726	3	52.0	CONVERGED	493	1073.383611727505	0	0.7263993199056561	0	0.7281807815914138	0.0	0.8336535717939176	0		0.0	0.0	0.4574459818251484	0.6245995305885145	0.48488587778154546	0	0	0	0	0	0	0	0	0	0
p[labour.trained]*3.0715237559178123	3	52.0	CONVERGED	496	1122.173775896937	0	0.7114029134205285	0	0.7134479080254019	0.0	0.8264324761685817	0		0.0	0.0	0.4595381715499991	0.64212056736657	0.48631363127276034	0	0	0	0	0	0	0	0	0	0
p[labour.trained]*3.225099943713703	3	52.0	CONVERGED	500	1170.9639400663689	0	0.6963285242906164	0	0.698606665127501	0.0	0.8189958359367008	0		0.0	0.0	0.46166687547319996	0.6598798911761765	0.4877759077009763	0	0	0	0	0	0	0	0	0	0
p[labour.trained]*3.3863549408993885	3	52.0	CONVERGED	539	1219.7541042358012	0	0.6810812947112234	0	0.683673695766978	0.0	0.8113440772906547	0		0.0	0.0	0.46395962865820506	0.6778722605695071	0.48927038084505886	0	0	0	0	0	0	0	0	0	0
p[labour.trained]*3.555672687944358	3	52.0	CONVERGED	543	1268.5442684052332	0	0.6656870138799742	0	0.6686660685384459	0.0	0.803378104988319	0		0.0	0.0	0.4664437539318984	0.6960923370501477	0.49078749118203624	0	0	0	0	0	0	0	0	0	0
p[labour.trained]*3.733456322341576	3	52.0	CONVERGED	547	1317.3344325746655	0	0.6502742399807586	0	0.6536012014667851	0.0	0.7951564074852294	0		0.0	0.0	0.46899998410400934	0.7145347018724956	0.49233478393979574	0	0	0	0	0	0	0	0	0	0
p[labour.trained]*3.920129138458655	3	52.0	CONVERGED	550	1366.1245967440973	0	0.6348364153559619	0	0.6384967822608854	0.0	0.786693049037411	0		0.0	0.0	0.47163066202227183	0.733193872395455	0.49389730842664553	0	0	0	0	0	0	0	0	0	0
p[labour.trained]*4.116135595381588	3	52.0	CONVERGED	552	1414.9147609135296	0	0.6194318113545079	0	0.6233706858797581	0.0	0.7780006992588082	0		0.0	0.0	0.47431785252889724	0.7520643179129853	0.49549923120533923	0	0	0	0	0	0	0	0	0	0
p[labour.trained]*4.321942375150668	3	52.0	CONVERGED	555	1463.7049250829614	0	0.6038966380047391	0	0.6082408902202895	0.0	0.7690823509637181	0		0.0	0.0	0.477099176954046	0.7711404748936919	0.49712051000638285	0	0	0	0	0	0	0	0	0	0
p[labour.trained]*4.538039493908201	3	52.0	CONVERGED	557	1512.4950892523934	0	0.5883562612626504	0	0.5931253907681383	1.1478175009090201	0.7599416204863585	0		0.0	0.0	0.47996905048381167	0.7904167615713521	0.4987729359305302	0	0	0	0	0	0	0	0	0	0
p[labour.trained]*4.764941468603611	3	52.0	CONVERGED	560	1561.2852534218255	0	0.572900956298446	0	0.5780421150711691	3.339147580597107	0.7505829913124831	0		0.0	0.0	0.4829193903750517	0.8098875918378481	0.5004745523483155	0	0	0	0	0	0	0	0	0	0
p[labour.trained]*5.003188542033792	3	52.0	CONVERGED	562	1610.0754175912575	0	0.5575684791429784	0	0.5630088378978748	6.197057409780788	0.7410118435480488	0		0.0	0.0	0.4859450802050188	0.8295473883993453	0.5022248992340221	0	0	0	0	0	0	0	0	0	0
p[labour.trained]*5.253347969135482	3	52.0	CONVERGED	565	1658.8655817606893	0	0.5420987971999288	0	0.5480430979314116	9.653114593022703	0.7312344777404058	0		0.0	0.0	0.4890756268644443	0.8493905951655691	0.5039975119215507	0	0	0	0	0	0	0	0	0	0
p[labour.trained]*5.5160153675922565	3	52.0	CONVERGED	568	1707.6557459301216	0	0.5267951308149108	0	0.5331621168234627	13.685999544944588	0.721255155011955	0		0.0	0.0	0.49228678899521106	0.8694116888506179	0.5058028883863013	0	0	0	0	0	0	0	0	0	0
p[labour.trained]*5.791816135971869	3	52.0	CONVERGED	572	1756.4459100995534	0	0.5116574763916092	0	0.5183827213918308	18.20622499532531	0.7109162562259415	0		0.0	0.0	0.49558826614707774	0.8896051897718106	0.5076216906257373	0	0	0	0	0	0	0	0	0	0
p[labour.trained]*6.081406942770463	3	52.0	CONVERGED	575	1805.2360742689857	5	0.4966155036898431	0	0.5037212696925102	23.27089208313179	0.7002498278056587	0		0.0	0.0	0.4989851226082409	0.9099656718405702	0.5094334237698007	0	0	0	0	0	0	5	0	0	0
p[labour.trained]*6.385477289908986	3	52.0	CONVERGED	578	1854.0262384384177	13	0.48167891207054914	0	0.48919358163235194	28.81013235605056	0.6893790748492091	0		0.0	0.0	0.5024518598047792	0.9304877717462086	0.5112623587082316	0	0	0	0	0	1	11	0	1	0
p[labour.trained]*6.704751154404436	3	52.0	CONVERGED	581	1902.8164026078498	17	0.46691378872131295	0	0.47481487471394646	34.97426268591684	0.6783150332373912	0		0.0	0.0	0.5060314292063136	0.9511661973397164	0.5131190607693694	0	0	0	0	0	1	15	0	1	0
p[labour.trained]*7.039988712124658	3	52.0	CONVERGED	584	1951.6065667772816	22	0.4523025376642278	0	0.46059970542184603	41.638338760693614	0.6670689739242363	0		0.0	0.0	0.509701996293717	0.9719957352302235	0.5149708333199872	0	0	0	0	0	3	18	0	3	0
p[labour.trained]*7.391988147730891	3	52.0	CONVERGED	586	2000.3967309467137	27	0.43752426137330114	0	0.4465619166707274	48.7556729517447	0.6556481256787927	0		0.0	0.0	0.5134265360424491	0.9929712576116984	0.5168434412249562	0	0	0	0	0	6	20	0	6	0
p[labour.trained]*7.761587555117436	3	52.0	CONVERGED	589	2049.186895116146	30	0.422938096401085	0	0.43271459164361065	56.535472084071294	0.6440163254228435	0		0.0	0.0	0.5172738085765656	1.0	0.5187240319186244	0	1	0	0	0	7	22	8	7	0
p[labour.trained]*8.14966693287331	3	52.0	CONVERGED	592	2097.977059285578	33	0.4083322824654929	0	0.41907001425388785	64.7444886622133	0.6322233017600094	0		0.0	0.0	0.5211855038677236	1.0	0.5205859336854557	0	1	0	0	0	9	23	14	9	0
p[labour.master]*0.12270440108003683	3	52.0	CONVERGED	535	2097.977059285578	24	0.18493464911128513	0	0.14114740889360217	5.323295469281598	0.843681785121751	0		0.0	0.0	0.4760577665118717	0.33349025196197124	0.5860040850716557	0	0	0	0	0	0	23	0	0	23
p[labour.master]*0.12883962113403868	3	52.0	CONVERGED	533	2049.186895116146	23	0.1934020124331799	0	0.14793018172681652	3.5804142602925797	0.8457220760911298	0		0.0	0.0	0.4744488261989889	0.33278015780002196	0.5832140854491404	0	0	0	0	0	0	22	0	0	22
p[labour.master]*0.13528160219074062	3	52.0	CONVERGED	531	2000.3967309467137	22	0.20222208673663186	0	0.15502810477752027	2.0581935713527884	0.8480429979476943	0		0.0	0.0	0.4728259724939189	0.3320631889703421	0.5804325592876983	0	0	0	0	0	0	21	0	0	21
p[labour.master]*0.14204568230027764	3	52.0	CONVERGED	529	1951.6065667772818	21	0.21140652401127	0	0.162455037433835	0.8174235737695715	0.850329172956096	0		0.0	0.0	0.4712320206297126	0.3313692141535181	0.5775846973675457	0	0	0	0	0	0	20	0	0	20
p[labour.master]*0.14914796641529154	3	52.0	CONVERGED	526	1902.8164026078498	20	0.22096710804552558	0	0.17022540861488905	0.0	0.8525800106657203	0		0.0	0.0	0.4696726686758594	0.33067371150514296	0.5747734695427879	0	0	0	0	0	0	19	0	0	19
p[labour.master]*0.15660536473605613	3	52.0	CONVERGED	525	1854.0262384384175	19	0.23091573414532082	0	0.1783542408117034	0.0	0.8550726691282885	0		0.0	0.0	0.468121572682155	0.3299813166164095	0.5720354301065673	0	0	0	0	0	0	18	0	0	18
p[labour.master]*0.16443563297285893	3	52.0	CONVERGED	523	1805.2360742689857	18	0.24126438710243034	0	0.18685717568602975	0.0	0.8576358458126592	0		0.0	0.0	0.4665848215430858	0.32930095741823984	0.5691867592064166	0	0	0	0	0	0	17	0	0	17
p[labour.master]*0.1726574146215019	3	52.0	CONVERGED	521	1756.4459100995537	17	0.25202511741377936	0	0.1957505013983565	0.0	0.8601588610958669	0		0.0	0.0	0.4650737960925281	0.3286248094722663	0.566359013895244	0	0	0	0	0	0	16	0	0	16
p[labour.master]*0.181290285352577	3	52.0	CONVERGED	519	1707.6557459301216	16	0.2632100157681414	0	0.20505118185457472	0.0	0.8626865108004079	0		0.0	0.0	0.4635646323001764	0.32793596471535347	0.563514920267757	0	0	0	0	0	0	15	0	0	15
p[labour.master]*0.19035479962020585	3	52.0	CONVERGED	517	1658.8655817606893	15	0.27483118583321436	0	0.2147768880802271	0.0	0.8653807185895646	0		0.0	0.0	0.46207331388680484	0.327270108190305	0.5605886412675734	0	0	0	0	0	0	14	0	0	14
p[labour.master]*0.19987253960121615	3	52.0	CONVERGED	515	1610.0754175912575	14	0.2869007153937921	0	0.224946031951803	0.0	0.8680187501375004	0		0.0	0.0	0.4606056143996077	0.3266061622492516	0.5576735897231404	0	0	0	0	0	0	13	0	0	13
p[labour.master]*0.20986616658127696	3	52.0	CONVERGED	513	1561.2852534218255	13	0.29943064591056057	0	0.2355778025361369	0.0	0.8706208643819916	0		0.0	0.0	0.4591438413848082	0.32593473647654286	0.5547456316064019	0	0	0	0	0	0	12	0	0	12
p[labour.master]*0.22035947491034083	3	52.0	CONVERGED	511	1512.4950892523934	12	0.312432940588773	0	0.24669220531152947	0.0	0.8732274707429265	0		0.0	0.0	0.4577047644831595	0.3252787134213226	0.5517292142196223	0	0	0	0	0	0	11	0	0	11
p[labour.master]*0.23137744865585788	3	52.0	CONVERGED	508	1463.7049250829612	11	0.32591945106646686	0	0.25831010456764786	0.0	0.8759395033317403	0		0.0	0.0	0.45627970722807976	0.32461546914764816	0.5487215452956744	0	0	0	0	0	0	10	0	0	10
p[labour.master]*0.24294632108865077	3	52.0	CONVERGED	506	1414.9147609135293	10	0.3399018828527369	0	0.27045326930545777	0.0	0.8785763687934683	0		0.0	0.0	0.45486609455093174	0.3239563828741534	0.5457107418490867	0	0	0	0	0	0	9	0	0	9
p[labour.master]*0.2550936371430833	3	52.0	CONVERGED	503	1366.1245967440973	9	0.3543917596675832	0	0.28314442298326414	0.0	0.8812593380172176	0		0.0	0.0	0.4534752418473025	0.3233094219809587	0.5426559429785597	0	0	0	0	0	0	8	0	0	8
p[labour.master]*0.26784831900023753	3	52.0	CONVERGED	499	1317.3344325746652	8	0.36940038685568166	0	0.29640729748024236	0.0	0.8839522146367164	0		0.0	0.0	0.45210509297102397	0.322671435397898	0.5396125883668702	0	0	0	0	0	0	7	0	0	7
p[labour.master]*0.28124073495024937	3	52.0	CONVERGED	461	1268.5442684052332	7	0.38493881406674135	0	0.3102666916744724	0.0	0.8866398061250248	0		0.0	0.0	0.45074717571469475	0.3220287984871627	0.5365542568518493	0	0	0	0	0	0	6	0	0	6
p[labour.master]*0.29530277169776187	3	52.0	CONVERGED	458	1219.7541042358012	6	0.40101779741452737	0	0.3247485350582833	0.0	0.8892320549302312	0		0.0	0.0	0.44941085608859277	0.3213946920466591	0.533438116527043	0	0	0	0	0	0	5	0	0	5
p[labour.master]*0.31006791028264996	3	52.0	CONVERGED	455	1170.963940066369	5	0.41764776134475406	0	0.33987995683949423	0.0	0.8918633041384912	0		0.0	0.0	0.44808961170957623	0.32076221073177713	0.5303407099512931	0	0	0	0	0	0	4	0	0	4
p[labour.master]*0.3255713057967825	3	52.0	CONVERGED	451	1122.173775896937	4	0.4348387604584955	0	0.3556893610027486	0.0	0.8945641894199909	0		0.0	0.0	0.4467874922742844	0.32013189837944694	0.5272753255146423	0	0	0	0	0	0	3	0	0	3
p[labour.master]*0.3418498710866216	3	52.0	CONVERGED	448	1073.383611727505	4	0.4526004415521022	0	0.3722065078304097	0.0	0.8972673210173798	0		0.0	0.0	0.44550331814993627	0.31951505495804833	0.5241866104519661	0	0	0	0	0	0	3	0	0	3
p[labour.master]*0.35894236464095275	3	52.0	CONVERGED	444	1024.593447558073	3	0.47094200614647813	0	0.3894626024072652	0.0	0.8999035482197143	0		0.0	0.0	0.44423617557560563	0.31889465333519784	0.5211151917176662	0	0	0	0	0	0	2	0	0	2
p[labour.master]*0.3768894828730004	3	52.0	CONVERGED	441	975.8032833886408	2	0.48987217378757586	0	0.40749039065746223	0.0	0.9025104832008894	0		0.0	0.0	0.4429914400115782	0.3182776521738215	0.518031125996447	0	0	0	0	0	0	1	0	0	1
p[labour.master]*0.39573395701665043	3	52.0	CONVERGED	437	927.0131192192088	0	0.5093991464057874	0	0.4263242634855431	0.0	0.9050844561110097	0		0.0	0.0	0.4417708180220772	0.3176751930407573	0.5149649612258433	0	0	0	0	0	0	0	0	0	0
p[labour.master]*0.41552065486748296	3	52.0	CONVERGED	432	878.2229550497767	0	0.529530574024233	0	0.4460003696161024	0.0	0.9076333796901257	0		0.0	0.0	0.44056619558202487	0.31707163464752064	0.5119039201714548	0	0	0	0	0	0	0	0	0	0
p[labour.master]*0.4362966876108571	3	52.0	CONVERGED	428	829.4327908803448	0	0.5502735221045516	0	0.4665567377484195	0.0	0.910150501152846	0		0.0	0.0	0.439385493628458	0.31647840675305494	0.5088368539915117	0	0	0	0	0	0	0	0	0	0
p[labour.master]*0.4581115219914	3	52.0	CONVERGED	424	780.6426267109127	0	0.5716344408135056	0	0.4880334086634199	0.0	0.9125752561574726	0		0.0	0.0	0.43823281296103117	0.31589248268304315	0.5057859632791967	0	0	0	0	0	0	0	0	0	0
p[labour.master]*0.48101709809097004	3	52.0	CONVERGED	419	731.8524625414805	0	0.5936191364843972	0	0.5104725779405583	0.0	0.9149271005123973	0		0.0	0.0	0.437099682557431	0.3153117686623991	0.5027662606652603	0	0	0	0	0	0	0	0	0	0
p[labour.master]*0.5050679529955185	3	52.0	CONVERGED	414	683.0622983720486	0	0.6162327455339904	0	0.5339187499617938	0.0	0.9172801395992158	0		0.0	0.0	0.4359885021951659	0.3147409101243418	0.49975429119071735	0	0	0	0	0	0	0	0	0	0
p[labour.master]*0.5303213506452945	3	52.0	CONVERGED	409	634.2721342026165	0	0.6394797110783367	0	0.5584189038989009	0.0	0.9195452643264144	0		0.0	0.0	0.43490331043944125	0.31417318741327266	0.4967618278909983	0	0	0	0	0	0	0	0	0	0
p[labour.master]*0.5568374181775593	3	52.0	CONVERGED	403	585.4819700331844	0	0.6633637624698342	0	0.5840226723991434	0.0	0.9217068011467577	0		0.0	0.0	0.43384182003597466	0.31361432115859533	0.4937782158063454	0	0	0	0	0	0	0	0	0	0
p[labour.master]*0.5846792890864372	3	52.0	CONVERGED	399	536.6918058637525	0	0.687887897953209	0	0.6107825337031154	0.0	0.923808182798702	0		0.0	0.0	0.4328045594047996	0.31306426042256785	0.4908430007950222	0	0	0	0	0	0	0	0	0	0
p[labour.master]*0.6139132535407591	3	52.0	CONVERGED	394	487.90164169432046	0	0.7130543706102285	0	0.6387540179476038	0.0	0.9258701278544005	0		0.0	0.0	0.43179260907688904	0.3125249128708204	0.4879380325715623	0	0	0	0	0	0	0	0	0	0
p[labour.master]*0.6446089162177971	3	52.0	CONVERGED	388	439.1114775248883	0	0.7388646777322693	0	0.6679959284260706	0.0	0.9278138704725694	0		0.0	0.0	0.43080504740601855	0.3119910819960379	0.4850637899783995	0	0	0	0	0	0	0	0	0	0
p[labour.master]*0.676839362028687	3	52.0	CONVERGED	377	390.3213133554563	0	0.7653195537268147	0	0.6985705786001597	0.0	0.9296616215507625	0		0.0	0.0	0.4298448476402014	0.3114679674656454	0.4822092394610408	0	0	0	0	0	0	0	0	0	0
p[labour.master]*0.7106813301301214	3	52.0	CONVERGED	336	341.5311491860243	0	0.792418966629106	0	0.7305440456779649	0.0	0.9314441052079188	0		0.0	0.0	0.4289095471285702	0.3109547703312464	0.47940923105005884	0	0	0	0	0	0	0	0	0	0
p[labour.master]*0.7462153966366275	3	52.0	CONVERGED	327	292.7409850165922	0	0.820162118254094	0	0.763986441599129	0.0	0.9331908728103753	0		0.0	0.0	0.42799745121042254	0.31045078326454456	0.4766701957403174	0	0	0	0	0	0	0	0	0	0
p[labour.master]*0.7835261664684589	3	52.0	CONVERGED	316	243.95082084716023	0	0.8485474479871628	0	0.7989722022936862	0.0	0.9348950697342439	0		0.0	0.0	0.42711231143020706	0.30996011255747824	0.473987134736077	0	0	0	0	0	0	0	0	0	0
p[labour.master]*0.8227024747918819	3	52.0	CONVERGED	302	195.16065667772816	0	0.8775726401754326	0	0.8355803961113807	0.0	0.9365308371471325	0		0.0	0.0	0.4262530249970363	0.30948057826817554	0.4713638725801511	0	0	0	0	0	0	0	0	0	0
p[labour.master]*0.863837598531476	3	52.0	CONVERGED	287	146.37049250829608	0	0.9072346350454606	0	0.8738950523515678	0.0	0.9381258043355569	0		0.0	0.0	0.4254193093425073	0.30901345606068714	0.4688061801528358	0	0	0	0	0	0	0	0	0	0
p[labour.master]*0.9070294784580498	3	52.0	CONVERGED	228	97.58032833886408	0	0.9375296430384331	0	0.9140055108611677	0.0	0.9396676374523616	0		0.0	0.0	0.42461141863915386	0.3085588186071078	0.4663137284008396	0	0	0	0	0	0	0	0	0	0
p[labour.master]*0.9523809523809523	3	52.0	CONVERGED	190	48.79016416943195	0	0.9684531624210708	0	0.9560067937100376	0.0	0.9411520993284693	0		0.0	0.0	0.4238307408517068	0.30811825915710267	0.46389027854740966	0	0	0	0	0	0	0	0	0	0
p[labour.master]*1.05	3	52.0	CONVERGED	217	48.790164169432046	0	0.9866852814816691	0	0.9863276329184787	0.0	0.9394788852225402	0		0.0	0.0	0.4239868413327135	0.3080644401234163	0.47638352064909983	0	0	0	0	0	0	0	0	0	0
p[labour.master]*1.1025	3	52.0	CONVERGED	255	97.58032833886404	0	0.9730811645895695	0	0.9723683273726804	0.0	0.9363083216000245	0		0.0	0.0	0.4249258221303995	0.3084480042436491	0.4915105587968859	0	0	0	0	0	0	0	0	0	0
p[labour.master]*1.1576250000000001	3	52.0	CONVERGED	314	146.3704925082961	0	0.9591948234405195	0	0.9581300847570109	0.0	0.9330661166313596	0		0.0	0.0	0.425894004464253	0.3088430010595703	0.506916291954104	0	0	0	0	0	0	0	0	0	0
p[labour.master]*1.2155062500000002	3	52.0	CONVERGED	327	195.16065667772818	0	0.9450344179745682	0	0.9436219059942629	0.0	0.9297540075875789	0		0.0	0.0	0.4268925562680566	0.3092497221429716	0.5225971675196798	0	0	0	0	0	0	0	0	0	0
p[labour.master]*1.2762815625000004	3	52.0	CONVERGED	339	243.9508208471603	0	0.9306090979796696	0	0.9288537905732902	0.0	0.9263726686973885	0		0.0	0.0	0.4279215383726259	0.30966833879821376	0.5385493794583958	0	0	0	0	0	0	0	0	0	0
p[labour.master]*1.3400956406250004	3	52.0	CONVERGED	350	292.74098501659233	0	0.9159290005067158	0	0.9138367286454441	0.0	0.9229252552810681	0		0.0	0.0	0.4289806975403811	0.3100986262725088	0.5547688841848428	0	0	0	0	0	0	0	0	0	0
p[labour.master]*1.4071004226562505	3	52.0	CONVERGED	359	341.5311491860243	0	0.9010052403376608	0	0.8985826858916893	0.0	0.9194226324078794	0		0.0	0.0	0.43006912250810897	0.31054006342660434	0.5712514170587817	0	0	0	0	0	0	0	0	0	0
p[labour.master]*1.477455443789063	3	52.0	CONVERGED	368	390.32131335545637	0	0.8858498932393252	0	0.8831045809500042	0.0	0.9158481722599157	0		0.0	0.0	0.4311876883599329	0.31099305345826733	0.587992509358094	0	0	0	0	0	0	0	0	0	0
p[labour.master]*1.5513282159785162	3	52.0	CONVERGED	374	439.1114775248884	0	0.8704759718145182	0	0.8674162552788863	0.0	0.9122140731490768	0		0.0	0.0	0.4323361312259082	0.3114573893650331	0.6049875055967119	0	0	0	0	0	0	0	0	0	0
p[labour.master]*1.628894626777442	3	52.0	CONVERGED	417	487.90164169432035	0	0.8548973938493356	0	0.8515324354262904	0.0	0.9085346463196312	0		0.0	0.0	0.43351378494315956	0.31193243329795256	0.6222315810577298	0	0	0	0	0	0	0	0	0	0
p[labour.master]*1.7103393581163142	3	52.0	CONVERGED	423	536.6918058637524	0	0.8391289431495768	0	0.8354686877725899	0.0	0.9048039714587145	0		0.0	0.0	0.43471892172444715	0.31241739017852366	0.6397197594161764	0	0	0	0	0	0	0	0	0	0
p[labour.master]*1.79585632602213	3	52.0	CONVERGED	428	585.4819700331847	0	0.8231862229586225	0	0.8192413659194123	0.0	0.901018179704218	0		0.0	0.0	0.43595618071552517	0.31291420110104606	0.6574469303314966	0	0	0	0	0	0	0	0	0	0
p[labour.master]*1.8856491423232367	3	52.0	CONVERGED	432	634.2721342026165	0	0.8070856021519922	0	0.802867551001438	0.0	0.897186021077513	0		0.0	0.0	0.43722327254527443	0.3134219394331606	0.6754078668965098	0	0	0	0	0	0	0	0	0	0
p[labour.master]*1.9799315994393987	3	52.0	CONVERGED	435	683.0622983720485	0	0.790844154508144	0	0.7863649853033227	0.0	0.8933193709500865	0		0.0	0.0	0.4385207453513983	0.31394212882763006	0.6935972428372618	0	0	0	0	0	0	0	0	0	0
p[labour.master]*2.0789281794113688	3	52.0	CONVERGED	440	731.8524625414807	0	0.7744795914587169	0	0.769751999666522	0.0	0.8893979212494441	0		0.0	0.0	0.4398516054154004	0.3144741794259949	0.7120096493666176	0	0	0	0	0	0	0	0	0	0
p[labour.master]*2.182874588381937	3	52.0	CONVERGED	444	780.6426267109126	0	0.7580101888220605	0	0.7530474352686329	0.0	0.8854235656087274	0		0.0	0.0	0.4412123986072219	0.3150170311193677	0.7306396116034395	0	0	0	0	0	0	0	0	0	0
p[labour.master]*2.292018317801034	3	52.0	CONVERGED	449	829.4327908803447	0	0.7414547081192647	0	0.7362705604486347	0.0	0.8814122544243562	0		0.0	0.0	0.44260082722520305	0.3155697420515215	0.7494816044786016	0	0	0	0	0	0	0	0	0	0
p[labour.master]*2.4066192336910857	3	52.0	CONVERGED	453	878.2229550497767	0	0.7248323131597417	0	0.7194409833329256	0.0	0.877382975830907	0		0.0	0.0	0.4440158026921255	0.31613132292266133	0.7685300680587143	0	0	0	0	0	0	0	0	0	0
p[labour.master]*2.5269501953756404	3	52.0	CONVERGED	457	927.0131192192089	0	0.7081624826615524	0	0.70257856108725	0.0	0.8733366667878296	0		0.0	0.0	0.44545898449866206	0.31670358751170113	0.787779422228131	0	0	0	0	0	0	0	0	0	0
p[labour.master]*2.653297705144422	3	52.0	CONVERGED	460	975.8032833886408	0	0.6914649197382136	0	0.6857033066767803	0.0	0.869285992755501	0		0.0	0.0	0.44692351502204086	0.3172818396733678	0.8072240806794144	0	0	0	0	0	0	0	0	0	0
p[labour.master]*2.7859625904016436	3	52.0	CONVERGED	464	1024.593447558073	0	0.6747594591369298	0	0.66878365257892	0.0	0.8652171563704818	0		0.0	0.0	0.4484172751565627	0.3178714929830095	0.8268584641718448	0	0	0	0	0	0	0	0	0	0
p[labour.master]*2.925260719921726	3	52.0	CONVERGED	468	1073.383611727505	0	0.6580659731517284	0	0.6518270188208479	0.0	0.8610869062489696	0		0.0	0.0	0.44994150107424086	0.31847007713980446	0.846677013026617	0	0	0	0	0	0	0	0	0	0
p[labour.master]*3.0715237559178123	3	52.0	CONVERGED	471	1122.173775896937	0	0.6414042771578089	0	0.6349114282659156	0.0	0.8570107671629852	0		0.0	0.0	0.4514878407144241	0.3190778483048269	0.8666741988360233	0	0	0	0	0	0	0	0	0	0
p[labour.master]*3.225099943713703	3	52.0	CONVERGED	474	1170.9639400663689	0	0.624794035719966	0	0.6180572950327533	0.0	0.8529601755898267	0		0.0	0.0	0.453056207270379	0.31969212448049367	0.886844535372058	0	0	0	0	0	0	0	0	0	0
p[labour.master]*3.3863549408993885	3	52.0	CONVERGED	477	1219.7541042358012	0	0.6082546702180305	0	0.6012847455577573	0.0	0.8489044415152862	0		0.0	0.0	0.45465388073423957	0.3203170719415038	0.907182588687454	0	0	0	0	0	0	0	0	0	0
p[labour.master]*3.555672687944358	3	52.0	CONVERGED	480	1268.544268405233	0	0.5918052689061444	0	0.5846135264141245	0.0	0.8448406153459685	0		0.0	0.0	0.45627444064958084	0.3209498860430329	0.9276829864091245	0	0	0	0	0	0	0	0	0	0
p[labour.master]*3.733456322341576	3	52.0	CONVERGED	483	1317.3344325746652	0	0.5754645002810589	0	0.5680629154005689	0.0	0.8407178076260411	0		0.0	0.0	0.45791606241883853	0.3215872887872692	0.9483404262302965	0	0	0	0	0	0	0	0	0	0
p[labour.master]*3.920129138458655	3	52.0	CONVERGED	486	1366.1245967440973	0	0.5592505305785614	0	0.551651636745188	0.0	0.8365650754416237	0		0.0	0.0	0.4595738842898784	0.32222923727607866	0.9691496836132889	0	0	0	0	0	0	0	0	0	0
p[labour.master]*4.116135595381588	3	52.0	CONVERGED	524	1414.9147609135296	0	0.5431809461480827	0	0.5353977812103123	0.0	0.8324999992599308	0		0.0	0.0	0.4612596982622865	0.3228830030791506	0.9901056187198717	0	0	0	0	0	0	0	0	0	0
p[labour.master]*4.321942375150668	3	52.0	CONVERGED	527	1463.7049250829614	0	0.5272726813752225	0	0.5192330477711695	0.0	0.8284420556084993	0		0.0	0.0	0.46297855926792536	0.32354714697639264	1.0	0	0	1	0	0	0	0	0	0	0
p[labour.master]*4.538039493908201	3	52.0	CONVERGED	530	1512.4950892523934	0	0.5115419527323812	0	0.5031982617771863	0.0	0.8245155928902119	0		0.0	0.0	0.46471408644607237	0.3242175324413248	1.0	0	0	1	0	0	0	0	0	0	0
p[labour.master]*4.764941468603611	3	52.0	CONVERGED	532	1561.2852534218255	2	0.49600419944103924	0	0.48724767864977814	0.0	0.8204658708320514	0		0.0	0.0	0.46648235352930345	0.3248955565443082	1.0	0	0	2	0	0	0	1	0	0	1
p[labour.master]*5.003188542033792	3	52.0	CONVERGED	534	1610.0754175912575	2	0.4806740311277829	0	0.47151123259805167	0.0	0.8163562817105049	0		0.0	0.0	0.46827834147005	0.3255852416644746	1.0	0	0	3	0	0	0	1	0	0	1
p[labour.master]*5.253347969135482	3	52.0	CONVERGED	537	1658.8655817606893	6	0.46556518275220915	0	0.4559578330046442	0.0	0.8123418325926667	0		0.0	0.0	0.470093118302522	0.32627600542798435	1.0	0	0	3	0	0	0	5	0	0	5
p[labour.master]*5.5160153675922565	3	52.0	CONVERGED	539	1707.6557459301216	9	0.450690476980627	0	0.4406367070310724	0.0	0.8084487890397176	0		0.0	0.0	0.4719325296905654	0.32698058903469385	1.0	0	0	4	0	0	0	8	0	0	8
p[labour.master]*5.791816135971869	3	52.0	CONVERGED	540	1756.4459100995534	10	0.4360617940771485	0	0.4255734166351678	1.011281739844148	0.8045996959871693	0		0.0	0.0	0.47381979854963985	0.3277013633505294	1.0	0	0	4	0	0	0	9	0	0	9
p[labour.master]*6.081406942770463	3	52.0	CONVERGED	542	1805.2360742689857	12	0.4216900492853168	0	0.41081381833733543	2.66619043323068	0.8007553314793631	0		0.0	0.0	0.47572635922780004	0.32842928196699966	1.0	0	0	5	0	0	0	11	0	0	11
p[labour.master]*6.385477289908986	3	52.0	CONVERGED	544	1854.0262384384175	13	0.4075851775806198	0	0.3962242781673299	4.738922933851635	0.797052597892272	0		0.0	0.0	0.4776477284045343	0.32916168140882524	1.0	0	0	5	0	0	0	12	0	0	12
p[labour.master]*6.704751154404436	3	52.0	CONVERGED	546	1902.8164026078498	14	0.39375612558859996	0	0.3819851903478997	7.165016364059749	0.7934567907384336	0		0.0	0.0	0.4796217806389858	0.3299082630463396	1.0	0	0	6	0	0	0	13	0	0	13
p[labour.master]*7.039988712124658	3	52.0	CONVERGED	547	1951.6065667772816	15	0.38021085038603813	0	0.36809990609862864	9.85476690249698	0.7899081505834027	0		0.0	0.0	0.481594789305692	0.33065650670661756	1.0	0	0	6	0	0	0	14	0	0	14
p[labour.master]*7.391988147730891	3	52.0	CONVERGED	550	2000.3967309467137	17	0.3669563248348054	0	0.35457083797693506	12.78440339411183	0.7863548718893629	0		0.0	0.0	0.483567516224248	0.3314028623296817	1.0	0	0	7	0	0	0	16	0	0	15
p[labour.master]*7.761587555117436	3	52.0	CONVERGED	552	2049.186895116146	19	0.3539985490400941	0	0.34139949597475366	15.94664958378312	0.7829107741060594	0		0.0	0.0	0.4855310127850073	0.33214558622010976	1.0	0	0	7	0	0	0	18	0	0	16
p[labour.master]*8.14966693287331	3	52.0	CONVERGED	554	2097.977059285578	22	0.3413425674772208	0	0.32858652658090753	19.291617584334876	0.7795122743559687	0		0.0	0.0	0.48752957145357667	0.3328957933380086	1.0	0	0	8	0	0	0	21	0	0	16
