set,run,tier,cls_mirror,cls_engine,ttol_mirror,ttol_engine,baskets_trough_mirror,baskets_trough_engine,depth_min_mirror,depth_min_engine,dead_mirror,dead_engine,breach_mirror,breach_engine,first_breach_mirror,first_breach_engine,peak_mirror,peak_engine,worst_fill_mirror,worst_fill_engine,transfer_short_mirror,transfer_short_engine,baskets_none_mirror,baskets_none_engine,dead_labour_mirror,dead_labour_engine,dead_land_mirror,dead_land_engine,dead_mach_mirror,dead_mach_engine,dead_services_mirror,dead_services_engine,dead_goods_mirror,dead_goods_engine,dead_labour.trained_mirror,dead_labour.trained_engine,dead_labour.master_mirror,dead_labour.master_engine,smax_services_mirror,smax_services_engine,smax_goods_mirror,smax_goods_engine,F_hi_entrant_mirror,F_hi_entrant_engine,sat_entrant_mirror,sat_entrant_engine,F_hi_trained_mirror,F_hi_trained_engine,sat_trained_mirror,sat_trained_engine,F_hi_master_mirror,F_hi_master_engine,sat_master_mirror,sat_master_engine,end_gap_engine
battery,p[labour]*1.05,1,CONVERGED,CONVERGED,214,214,0.9855037693900063,0.9855038,0.9425748427583135,0.9425748,0,0,0,0,-,-,48.790164169432046,48.79016,0.985193199201799,0.9851932,0.0,0.0,0,0,0,0,0,0,0,0,0,0,0,0,0,0,0,0,0.0,0.0,0.0,0.0,0.4401784427040182,0.4401784,0,0,0.3088086790916993,0.3088087,0,0,0.46211938932619834,0.4621194,0,0,7.327472e-15
battery,p[land]*1.05,1,CONVERGED,CONVERGED,398,398,0.9104482934366988,0.9104483,0.8884922179498633,0.8884922,0,0,0,0,-,-,105.63643094981872,105.6364,0.9192202607119195,0.9192203,0.0,0.0,0,0,0,0,0,0,0,0,0,0,0,0,0,0,0,0,0.0,0.0,0.0,0.0,0.43118163697819734,0.4311816,0,0,0.3107722897071387,0.3107723,0,0,0.46760649270757465,0.4676065,0,0,5.107026e-15
battery,p[services]*1.05,1,CONVERGED,CONVERGED,304,304,0.9606957451443188,0.9606957,0.942574842758311,0.9425748,0,0,0,0,-,-,48.790164169432046,48.79016,0.9710084847796888,0.9710085,0.0,0.0,0,0,0,0,0,0,0,0,0,0,0,0,0,0,0,0,0.0,0.0,0.0,0.0,0.42903297593419476,0.429033,0,0,0.3136874798040126,0.3136875,0,0,0.46439959736579856,0.4643996,0,0,9.992007e-15
battery,p[goods]*1.05,1,CONVERGED,CONVERGED,259,259,0.9828612604684973,0.9828613,0.9367905112625229,0.9367905,0,0,0,0,-,-,48.790164169432046,48.79016,0.9821845880825495,0.9821846,0.0,0.0,0,0,0,0,0,0,0,0,0,0,0,0,0,0,0,0,0.0,0.0,0.0,0.0,0.42505563222312,0.4250556,0,0,0.30883046422837224,0.3088305,0,0,0.469450447073775,0.4694504,0,0,6.661338e-15
battery,p[mach]*1.05,1,CONVERGED,CONVERGED,321,321,0.960728706824881,0.9607287,0.8913173845832606,0.8913174,0,0,0,0,-,-,48.790164169432046,48.79016,0.9588339300655094,0.9588339,0.0,0.0,0,0,0,0,0,0,0,0,0,0,0,0,0,0,0,0,0.0,0.0,0.0,0.0,0.42615924058535254,0.4261592,0,0,0.3091005683166492,0.3091006,0,0,0.4645960915280008,0.4645961,0,0,7.1054270000000005e-15
battery,p[labour.trained]*1.05,1,CONVERGED,CONVERGED,233,233,0.9904822473119824,0.9904822,0.939391160819514,0.9393912,0,0,0,0,-,-,48.790164169432046,48.79016,0.990398668850897,0.9903987,0.0,0.0,0,0,0,0,0,0,0,0,0,0,0,0,0,0,0,0,0.0,0.0,0.0,0.0,0.4241630921685101,0.4241631,0,0,0.3190514695282653,0.3190515,0,0,0.46227435510281356,0.4622744,0,0,1.021405e-14
battery,p[labour.master]*1.05,1,CONVERGED,CONVERGED,217,217,0.9866852814816691,0.9866853,0.9394788852225402,0.9394789,0,0,0,0,-,-,48.790164169432046,48.79016,0.9863276329184787,0.9863276,0.0,0.0,0,0,0,0,0,0,0,0,0,0,0,0,0,0,0,0,0.0,0.0,0.0,0.0,0.4239868413327135,0.4239868,0,0,0.3080644401234163,0.3080644,0,0,0.47638352064909983,0.4763835,0,0,9.547918e-15
battery,p[labour]*0.95,1,CONVERGED,CONVERGED,340,340,0.9323637031672584,0.9323637,0.8912815483707605,0.8912815,0,0,0,0,-,-,70.03230097030843,70.0323,0.9301574844833915,0.9301575,0.0,0.0,0,0,0,0,0,0,0,0,0,0,0,0,0,0,0,0,0.0,0.0,0.0,0.0,0.4279876013568072,0.4279876,0,0,0.3095828030143203,0.3095828,0,0,0.4649694173757837,0.4649694,0,0,7.771561000000001e-15
battery,p[land]*0.95,1,CONVERGED,CONVERGED,350,350,0.9796095811175232,0.9796096,0.9375810426961182,0.937581,0,0,0,0,-,-,56.713565302792404,56.71357,0.9470030072532412,0.947003,0.0,0.0,0,0,0,0,0,0,0,0,0,0,0,0,0,0,0,0,0.0,0.0,0.0,0.0,0.4346413736401852,0.4346414,0,0,0.31538061350770313,0.3153806,0,0,0.47159744729239705,0.4715974,0,0,7.771561000000001e-15
battery,p[services]*0.95,1,CONVERGED,CONVERGED,359,359,0.9496577060920469,0.9496577,0.9097786450471504,0.9097786,0,0,0,0,-,-,55.83357398931816,55.83357,0.9348736636398602,0.9348737,0.0,0.0,0,0,0,0,0,0,0,0,0,0,0,0,0,0,0,0,0.0,0.0,0.0,0.0,0.42737338656070417,0.4273734,0,0,0.3098967855574229,0.3098968,0,0,0.46636251071638485,0.4663625,0,0,8.659739999999999e-15
battery,p[goods]*0.95,1,CONVERGED,CONVERGED,341,341,0.9473170081043155,0.947317,0.9286420593560035,0.9286421,0,0,0,0,-,-,54.12149196612585,54.12149,0.9379169715417561,0.937917,0.0,0.0,0,0,0,0,0,0,0,0,0,0,0,0,0,0,0,0,0.0,0.0,0.0,0.0,0.42628758048739024,0.4262876,0,0,0.3105228876522537,0.3105229,0,0,0.46465450645280043,0.4646545,0,0,8.437695e-15
battery,p[mach]*0.95,1,CONVERGED,CONVERGED,436,436,0.9210599504591535,0.92106,0.9231487667419099,0.9231488,0,0,0,0,-,-,140.4945646834201,140.4946,0.9018506024616885,0.9018506,0.0,0.0,0,0,0,0,0,0,0,0,0,0,0,0,0,0,0,0,0.0,0.0,0.0,0.0,0.4363704309330816,0.4363704,0,0,0.3193136591796177,0.3193137,0,0,0.47384361705842365,0.4738436,0,0,7.993606e-15
battery,p[labour.trained]*0.95,1,CONVERGED,CONVERGED,240,240,0.9622244900001516,0.9622245,0.9421013757067517,0.9421014,0,0,0,0,-,-,51.293294387550574,51.29329,0.9530830067700151,0.953083,0.0,0.0,0,0,0,0,0,0,0,0,0,0,0,0,0,0,0,0,0.0,0.0,0.0,0.0,0.42574272223861576,0.4257427,0,0,0.30979006673446274,0.3097901,0,0,0.4626148722592143,0.4626149,0,0,6.439294e-15
battery,p[labour.master]*0.95,1,CONVERGED,CONVERGED,192,192,0.9668514462697525,0.9668514,0.9410774452281004,0.9410774,0,0,0,0,-,-,51.293294387550574,51.29329,0.9538043733096778,0.9538044,0.0,0.0,0,0,0,0,0,0,0,0,0,0,0,0,0,0,0,0,0.0,0.0,0.0,0.0,0.4238701460808502,0.4238701,0,0,0.30814051661536196,0.3081405,0,0,0.4640128898977264,0.4640129,0,0,1.176836e-14
battery,p[labour]*1.2,2,CONVERGED,CONVERGED,321,321,0.9444316714747664,0.9444317,0.942574842758315,0.9425748,0,0,0,0,-,-,182.32155679395458,182.3216,0.9432897101993599,0.9432897,0.0,0.0,0,0,0,0,0,0,0,0,0,0,0,0,0,0,0,0,0.0,0.0,0.0,0.0,0.4897952708428622,0.4897953,0,0,0.3120256774898341,0.3120257,0,0,0.46381682280669334,0.4638168,0,0,6.8833830000000005e-15
battery,p[land]*1.2,2,CONVERGED,CONVERGED,506,506,0.7032159568810147,0.703216,0.7535404586955758,0.7535405,0,0,0,0,-,-,380.9515493899464,380.9515,0.7380616781097106,0.7380617,0.0,0.0,0,0,0,0,0,0,0,0,0,0,0,0,0,0,0,0,0.0,0.0,0.0,0.0,0.45217575123900816,0.4521758,0,0,0.3184926165687364,0.3184926,0,0,0.4824854391147757,0.4824854,0,0,7.993606e-15
battery,p[services]*1.2,2,CONVERGED,CONVERGED,409,409,0.859200144742675,0.8592001,0.942574842758311,0.9425748,0,0,0,0,-,-,182.32155679395458,182.3216,0.8939182290615947,0.8939182,0.0,0.0,0,0,0,0,0,0,0,0,0,0,0,0,0,0,0,0,0.0,0.0,0.0,0.0,0.4454016702112708,0.4454017,0,0,0.32993391035606146,0.3299339,0,0,0.4721194097819747,0.4721194,0,0,8.881784e-15
battery,p[goods]*1.2,2,CONVERGED,CONVERGED,330,330,0.9362358290152646,0.9362358,0.921113354050504,0.9211134,0,0,0,0,-,-,182.32155679395458,182.3216,0.9343937054786358,0.9343937,0.0,0.0,0,0,0,0,0,0,0,0,0,0,0,0,0,0,0,0,0.0,0.0,0.0,0.0,0.4307287369478947,0.4307287,0,0,0.3120976741200429,0.3120977,0,0,0.4909903125666456,0.4909903,0,0,7.327472e-15
battery,p[mach]*1.2,2,CONVERGED,CONVERGED,429,429,0.8561367902796604,0.8561368,0.749768964268621,0.749769,0,0,0,0,-,-,182.32155679395458,182.3216,0.8495239534144252,0.849524,0.0,0.0,0,0,0,0,0,0,0,0,0,0,0,0,0,0,0,0,0.0,0.0,0.0,0.0,0.43508535097446865,0.4350854,0,0,0.31310492376045157,0.3131049,0,0,0.4731918513655715,0.4731919,0,0,7.1054270000000005e-15
battery,p[labour.trained]*1.2,2,CONVERGED,CONVERGED,340,340,0.9629136215279733,0.9629136,0.9299599762516951,0.92996,0,0,0,0,-,-,182.32155679395458,182.3216,0.9626699304813897,0.9626699,0.0,0.0,0,0,0,0,0,0,0,0,0,0,0,0,0,0,0,0,0.0,0.0,0.0,0.0,0.4273500575238822,0.4273501,0,0,0.35165809308841833,0.3516581,0,0,0.464435018358903,0.464435,0,0,7.771561000000001e-15
battery,p[labour.master]*1.2,2,CONVERGED,CONVERGED,324,324,0.948786794186174,0.9487868,0.9306322740508762,0.9306323,0,0,0,0,-,-,182.32155679395458,182.3216,0.9474653507029782,0.9474654,0.0,0.0,0,0,0,0,0,0,0,0,0,0,0,0,0,0,0,0,0.0,0.0,0.0,0.0,0.42662683865356554,0.4266268,0,0,0.3091415683534562,0.3091416,0,0,0.5184442893319909,0.5184443,0,0,7.549517e-15
battery,p[labour]*0.8,2,CONVERGED,CONVERGED,456,456,0.7277983908115958,0.7277984,0.7194312914441013,0.7194313,0,0,0,0,-,-,317.73120483758015,317.7312,0.7210678866089203,0.7210679,0.0,0.0,0,0,0,0,0,0,0,0,0,0,0,0,0,0,0,0,0.0,0.0,0.0,0.0,0.4448281945229357,0.4448282,0,0,0.3158466912100102,0.3158467,0,0,0.4762994163135784,0.4762994,0,0,9.103829e-15
battery,p[land]*0.8,2,CONVERGED,CONVERGED,462,462,0.9048584990707003,0.9048585,0.9228202287510193,0.9228202,0,0,0,0,-,-,246.5550169923137,246.555,0.7845615830225011,0.7845616,0.0,0.0,0,0,0,0,0,0,0,0,0,0,0,0,0,0,0,0,0.0,0.0,0.0,0.0,0.47354394689999557,0.4735439,0,0,0.341033973716669,0.341034,0,0,0.5048265700689247,0.5048266,0,0,6.217249e-15
battery,p[services]*0.8,2,CONVERGED,CONVERGED,475,475,0.8000030840856821,0.8000031,0.7974122257060804,0.7974122,0,0,0,0,-,-,231.05109724288525,231.0511,0.7542637776767931,0.7542638,0.0,0.0,0,0,0,0,0,0,0,0,0,0,0,0,0,0,0,0,0.0,0.0,0.0,0.0,0.44093100627587223,0.440931,0,0,0.3161528944567684,0.3161529,0,0,0.48076994956458263,0.4807699,0,0,1.176836e-14
battery,p[goods]*0.8,2,CONVERGED,CONVERGED,454,454,0.7867028580117572,0.7867029,0.886943110961934,0.8869431,0,0,0,0,-,-,239.90466474168312,239.9047,0.7627279061368332,0.7627279,0.0,0.0,0,0,0,0,0,0,0,0,0,0,0,0,0,0,0,0,0.0,0.0,0.0,0.0,0.4365160101299778,0.436516,0,0,0.3190984568543897,0.3190985,0,0,0.4733262193508596,0.4733262,0,0,7.993606e-15
battery,p[mach]*0.8,2,CONVERGED,CONVERGED,556,556,0.6810833627894024,0.6810834,0.8866726398331048,0.8866726,0,0,0,0,-,-,638.5200113932997,638.52,0.6317726197808863,0.6317726,1.1430593983404562,1.143059,0,0,0,0,0,0,0,0,0,0,0,0,0,0,0,0,0.0,0.0,0.0,0.0,0.4859016248026864,0.4859016,0,0,0.3535043422524518,0.3535043,0,0,0.5094310418632546,0.509431,0,0,7.771561000000001e-15
battery,p[labour.trained]*0.8,2,CONVERGED,CONVERGED,357,357,0.8433247617135896,0.8433248,0.9394693683066692,0.9394694,0,0,0,0,-,-,223.14355131420984,223.1436,0.8112771917467829,0.8112772,0.0,0.0,0,0,0,0,0,0,0,0,0,0,0,0,0,0,0,0,0.0,0.0,0.0,0.0,0.4350376158340576,0.4350376,0,0,0.3172011272453828,0.3172011,0,0,0.4665164340053171,0.4665164,0,0,1.021405e-14
battery,p[labour.master]*0.8,2,CONVERGED,CONVERGED,310,310,0.8608475682810132,0.8608476,0.9355973616852175,0.9355974,0,0,0,0,-,-,223.1435513142097,223.1436,0.8143811082092085,0.8143811,0.0,0.0,0,0,0,0,0,0,0,0,0,0,0,0,0,0,0,0,0.0,0.0,0.0,0.0,0.4267424617188794,0.4267425,0,0,0.3097540567502875,0.3097541,0,0,0.47286098819978195,0.472861,0,0,1.376677e-14
battery,p[labour]*2,3,CONVERGED,CONVERGED,435,435,0.7726845220125419,0.7726845,0.9425748427583156,0.9425748,0,0,0,0,-,-,693.1471805599452,693.1472,0.7688427653101261,0.7688428,0.0,0.0,0,0,0,0,0,0,0,0,0,0,0,0,0,0,0,0,0.0,0.0,0.0,0.0,0.7194499363669058,0.7194499,0,0,0.326392420574212,0.3263924,0,0,0.47187695928260276,0.471877,0,0,8.437695e-15
battery,p[land]*2,3,CONVERGED,CONVERGED,634,634,0.2586930429694123,0.258693,0.3055545738993286,0.3055546,90,90,0,0,-,-,1376.7822781151126,1376.782,0.35075061747085196,0.3507506,325.4452918728894,325.4453,0,0,0,0,23,23,65,65,89,89,89,89,0,0,0,0,0.0,0.0,0.0,0.0,0.522457319728797,0.5224573,0,0,0.3417359374748215,0.3417359,0,0,0.5226138471329778,0.5226138,0,0,1.154632e-14
battery,p[services]*2,3,CONVERGED,CONVERGED,517,517,0.5512749916420072,0.551275,0.942574842758311,0.9425748,0,0,0,0,-,-,693.1471805599452,693.1472,0.6344498872140089,0.6344499,0.0,0.0,0,0,0,0,0,0,0,0,0,0,0,0,0,0,0,0,0.0,0.0,0.0,0.0,0.5060748730410087,0.5060749,0,0,0.38731971653911823,0.3873197,0,0,0.4994580657957409,0.4994581,0,0,7.771561000000001e-15
battery,p[goods]*2,3,CONVERGED,CONVERGED,477,477,0.7655407385206573,0.7655407,0.8644171147110826,0.8644171,0,0,0,0,-,-,693.1471805599452,693.1472,0.7664371878621599,0.7664372,0.0,0.0,0,0,0,0,0,0,0,0,0,0,0,0,0,0,0,0,0.0,0.0,0.0,0.0,0.4562538424418965,0.4562538,0,0,0.3267964359939983,0.3267964,0,0,0.5695013096127219,0.5695013,0,0,9.769963000000001e-15
battery,p[mach]*2,3,CONVERGED,CONVERGED,551,551,0.5103865667101213,0.5103866,0.1920448908907229,0.1920449,0,0,0,0,-,-,736.284102999145,736.2841,0.49430993051687255,0.4943099,0.1659945835498715,0.1659946,0,0,0,0,0,0,0,0,0,0,0,0,0,0,0,0,0.0,0.0,0.0,0.0,0.47569764201235787,0.4756976,0,0,0.32996706411895566,0.3299671,0,0,0.5073099657551209,0.50731,0,0,6.439294e-15
battery,p[labour.trained]*2,3,CONVERGED,CONVERGED,458,458,0.8373234742758491,0.8373235,0.8826534013155257,0.8826534,0,0,0,0,-,-,693.1471805599452,693.1472,0.8375993609842476,0.8375994,0.0,0.0,0,0,0,0,0,0,0,0,0,0,0,0,0,0,0,0,0.0,0.0,0.0,0.0,0.4426871162616091,0.4426871,0,0,0.49676221709121393,0.4967622,0,0,0.47483719158715454,0.4748372,0,0,1.265654e-14
battery,p[labour.master]*2,3,CONVERGED,CONVERGED,436,436,0.7874711133785751,0.7874711,0.8925164116284443,0.8925164,0,0,0,0,-,-,693.1471805599452,693.1472,0.7829395351115446,0.7829395,0.0,0.0,0,0,0,0,0,0,0,0,0,0,0,0,0,0,0,0,0.0,0.0,0.0,0.0,0.4387928964114273,0.4387929,0,0,0.31405113352719805,0.3140511,0,0,0.6973849643868872,0.697385,0,0,7.549517e-15
battery,p[labour]*0.5,3,CONVERGED,CONVERGED,561,561,0.3133704428404773,0.3133704,0.24942766219836576,0.2494277,14,14,0,0,-,-,1160.3692648017523,1160.369,0.3064821804725113,0.3064822,24.464365203134665,24.46437,0,0,0,0,0,0,9,9,6,6,14,14,0,0,0,0,0.0,0.0,0.0,0.0,0.49247523793332926,0.4924752,0,0,0.331962761716189,0.3319628,0,0,0.5047243974166684,0.5047244,0,0,8.881784e-15
battery,p[land]*0.5,3,CONVERGED,CONVERGED,526,526,0.6434002104436155,0.6434002,0.8964746200985909,0.8964746,0,0,0,0,-,-,771.2479965915809,771.248,0.43024569296632253,0.4302457,0.0,0.0,0,0,0,0,0,0,0,0,0,0,0,0,0,0,0,0,0.0,0.0,0.0,0.0,0.5837487344807724,0.5837487,0,0,0.4081258053545089,0.4081258,0,0,0.5895377858131888,0.5895378,0,0,6.8833830000000005e-15
battery,p[services]*0.5,3,CONVERGED,CONVERGED,584,584,0.5016488933764872,0.5016489,0.4788785195061544,0.4788785,0,0,0,0,-,-,693.1471805599452,693.1472,0.4476496536035811,0.4476497,1.3930303608273114,1.39303,0,0,0,0,0,0,0,0,0,0,0,0,0,0,0,0,0.0,0.0,0.0,0.0,0.4738931180822209,0.4738931,0,0,0.32978655276491264,0.3297866,0,0,0.5101081253552883,0.5101081,0,0,7.549517e-15
battery,p[goods]*0.5,3,CONVERGED,CONVERGED,557,557,0.45079886180278683,0.4507989,0.8072506539204933,0.8072507,19,19,0,0,-,-,796.7340216582417,796.734,0.4371813132735095,0.4371813,0.0,0.0,0,0,0,0,0,0,0,0,0,0,19,19,0,0,0,0,0.0,0.0,0.0,0.0,0.4613908329132522,0.4613908,0,0,0.33844602686008113,0.338446,0,0,0.5020801803538181,0.5020802,0,0,5.329071e-15
battery,p[mach]*0.5,3,CONVERGED,CONVERGED,685,685,0.22147955199811026,0.2214796,0.942574842758314,0.9425748,85,85,0,0,-,-,2281.153732941643,2281.154,0.22040571718407836,0.2204057,524.1689151952967,524.1689,0,0,0,0,27,27,57,57,85,85,77,77,0,0,0,0,0.0,0.0,0.0,0.0,0.6631249486226384,0.6631249,0,0,0.38807889118057576,0.3880789,0,0,0.5792952896950568,0.5792953,0,0,8.881784e-15
battery,p[labour.trained]*0.5,3,CONVERGED,CONVERGED,463,463,0.5757390897049977,0.5757391,0.9240890956598964,0.9240891,0,0,0,0,-,-,693.1471805599452,693.1472,0.5210417785456078,0.5210418,0.0,0.0,0,0,0,0,0,0,0,0,0,0,0,0,0,0,0,0,0.0,0.0,0.0,0.0,0.46247438048027645,0.4624744,0,0,0.3393933453906479,0.3393933,0,0,0.47913596395184155,0.479136,0,0,7.327472e-15
battery,p[labour.master]*0.5,3,CONVERGED,CONVERGED,415,415,0.6115067421989756,0.6115067,0.9168026408279285,0.9168026,0,0,0,0,-,-,693.1471805599452,693.1472,0.5289876218953437,0.5289876,0.0,0.0,0,0,0,0,0,0,0,0,0,0,0,0,0,0,0,0,0.0,0.0,0.0,0.0,0.43621693545424023,0.4362169,0,0,0.31485959171636163,0.3148596,0,0,0.5003737760491377,0.5003738,0,0,8.437695e-15
battery,s[services]=0.05,1,CONVERGED,CONVERGED,430,430,0.775563185893989,0.7755632,0.942574842758311,0.9425748,0,0,0,0,-,-,254.1658220650786,254.1658,0.7662323509574446,0.7662324,0.0,0.0,0,0,0,0,0,0,0,0,0,0,0,0,0,0,0,0,0.047561471225035706,0.04756147,0.0,0.0,0.45261704019234517,0.452617,0,0,0.3160807809709266,0.3160808,0,0,0.4696116770500828,0.4696117,0,0,7.327472e-15
battery,s[services]=0.2,2,CONVERGED,CONVERGED,532,532,0.44451753348970047,0.4445175,0.942574842758311,0.9425748,3,3,0,0,-,-,810.7657793849794,810.7658,0.4333679593314612,0.433368,0.0,0.0,0,0,0,0,0,0,1,1,2,2,0,0,0,0,0,0,0.19024588490014283,0.1902459,0.0,0.0,0.5141644211879504,0.5141644,0,0,0.33440090732020855,0.3344009,0,0,0.48630990998837487,0.4863099,0,0,8.659739999999999e-15
battery,s[services]=0.5,3,CONVERGED,CONVERGED,574,574,0.22199013444545773,0.2219901,0.942574842758311,0.9425748,21,21,0,0,-,-,1505.1223375321936,1505.122,0.2149753682239142,0.2149754,28.862583586223955,28.86258,0,0,0,0,0,0,5,5,21,21,1,1,12,12,0,0,0.475614712250357,0.4756147,0.0,0.0,0.5880606276781561,0.5880606,0,0,0.35825385273523025,0.3582539,0,0,0.5083908937252016,0.5083909,0,0,1.199041e-14
battery,s[goods]=0.05,1,CONVERGED,CONVERGED,445,445,0.6935584763588012,0.6935585,0.942574842758311,0.9425748,0,0,0,0,-,-,370.4470625533957,370.4471,0.6760964272010822,0.6760964,0.0,0.0,0,0,0,0,0,0,0,0,0,0,0,0,0,0,0,0,0.0,0.0,0.047561471225035706,0.04756147,0.45740122727076743,0.4574012,0,0,0.3161635525877358,0.3161636,0,0,0.47688976408552264,0.4768898,0,0,1.088019e-14
battery,s[goods]=0.2,2,CONVERGED,CONVERGED,546,546,0.32995835955000186,0.3299584,0.942574842758311,0.9425748,7,7,0,0,-,-,1112.8870991874026,1112.887,0.3136131935884936,0.3136132,6.51933435442542,6.519334,0,0,0,0,0,0,4,4,2,2,7,7,0,0,0,0,0.0,0.0,0.19024588490014283,0.1902459,0.516555074198837,0.5165551,0,0,0.33205821004489,0.3320582,0,0,0.49869761864218076,0.4986976,0,0,8.659739999999999e-15
battery,s[goods]=0.5,3,CONVERGED,CONVERGED,593,593,0.13592286094485645,0.1359229,0.942574842758311,0.9425748,57,57,0,0,-,-,1995.667753099131,1995.668,0.12798141645373298,0.1279814,112.92269116026165,112.9227,0,0,0,0,0,0,39,39,23,23,46,46,0,0,31,31,0.0,0.0,0.475614712250357,0.4756147,0.5644007566370098,0.5644008,0,0,0.3512082181679164,0.3512082,0,0,0.5384443095125997,0.5384443,0,0,3.552714e-15
battery,JA(1.05),1,CONVERGED,CONVERGED,316,316,0.9576889954525137,0.957689,0.9193204036576711,0.9193204,0,0,0,0,-,-,55.81330425929058,55.8133,0.9792126939462867,0.9792127,0.0,0.0,0,0,0,0,0,0,0,0,0,0,0,0,0,0,0,0,0.0,0.0,0.0,0.0,0.43407614417876833,0.4340761,0,0,0.3150055155883708,0.3150055,0,0,0.47110779091473926,0.4711078,0,0,5.551115e-15
battery,JA(0.95),1,CONVERGED,CONVERGED,452,452,0.8841073247636976,0.8841073,0.8967138277254858,0.8967138,0,0,0,0,-,-,182.75723869073556,182.7572,0.8705020302383443,0.870502,0.0,0.0,0,0,0,0,0,0,0,0,0,0,0,0,0,0,0,0,0.0,0.0,0.0,0.0,0.4392045046387365,0.4392045,0,0,0.31841645067161156,0.3184165,0,0,0.4745887950839721,0.4745888,0,0,8.659739999999999e-15
battery,JA(1.2),2,CONVERGED,CONVERGED,422,422,0.8501053331245129,0.8501053,0.8570664718772982,0.8570665,0,0,0,0,-,-,207.35657701023624,207.3566,0.9275879953452203,0.927588,0.0,0.0,0,0,0,0,0,0,0,0,0,0,0,0,0,0,0,0,0.0,0.0,0.0,0.0,0.46429827524023354,0.4642983,0,0,0.33496580426584904,0.3349658,0,0,0.497011526677716,0.4970115,0,0,8.21565e-15
battery,JA(0.8),2,CONVERGED,CONVERGED,575,575,0.5777764434235921,0.5777764,0.7890306233941973,0.7890306,0,0,0,0,-,-,779.1743999564129,779.1744,0.5591010201575046,0.559101,22.247735549652017,22.24774,0,0,0,0,0,0,0,0,0,0,0,0,0,0,0,0,0.0,0.0,0.0,0.0,0.49409348207886317,0.4940935,0,0,0.3417756650572821,0.3417757,0,0,0.5027592094902786,0.5027592,0,0,7.993606e-15
battery,JA(2),3,CONVERGED,CONVERGED,539,539,0.5337212315656679,0.5337212,0.6395445930128872,0.6395446,1,1,0,0,-,-,774.3006369501421,774.3006,0.7848996515175832,0.7848997,13.963195338032348,13.9632,0,0,0,0,0,0,1,1,0,0,0,0,0,0,0,0,0.0,0.0,0.0,0.0,0.5775048391462102,0.5775048,0,0,0.4081258053545089,0.4081258,0,0,0.5895377858131888,0.5895378,0,0,1.065814e-14
battery,JA(0.5),3,CONVERGED,CONVERGED,705,705,0.15554942262522314,0.1555494,0.5708219860703838,0.570822,117,117,0,0,-,-,2400.7615202639504,2400.762,0.09669865474890792,0.09669865,686.8489600676078,686.849,0,0,0,0,30,30,84,84,115,115,115,115,0,0,0,0,0.0,0.0,0.0,0.0,0.6463308761507655,0.6463309,0,0,0.3764435392318252,0.3764435,0,0,0.5644198643745194,0.5644199,0,0,1.0436100000000001e-14
battery,JB(1.05),1,CONVERGED,CONVERGED,408,408,0.9362505302523487,0.9362505,0.942574842758318,0.9425748,0,0,0,0,-,-,113.51785602149789,113.5179,0.9098099220119072,0.9098099,0.0,0.0,0,0,0,0,0,0,0,0,0,0,0,0,0,0,0,0,0.0,0.0,0.0,0.0,0.43629900047582854,0.436299,0,0,0.31994848971051554,0.3199485,0,0,0.48260915462049686,0.4826092,0,0,7.327472e-15
battery,JB(0.95),1,CONVERGED,CONVERGED,362,362,0.9305104821791231,0.9305105,0.8399882539832099,0.8399883,0,0,0,0,-,-,96.31236753094171,96.31237,0.9027170286274545,0.902717,0.0,0.0,0,0,0,0,0,0,0,0,0,0,0,0,0,0,0,0,0.0,0.0,0.0,0.0,0.42802136966624393,0.4280214,0,0,0.3097887226282365,0.3097887,0,0,0.4648892888120793,0.4648893,0,0,1.3100630000000001e-14
battery,JB(1.2),2,CONVERGED,CONVERGED,521,521,0.7821752546746843,0.7821753,0.9425748427583144,0.9425748,0,0,0,0,-,-,439.85580835699636,439.8558,0.71510996059889,0.71511,0.0,0.0,0,0,0,0,0,0,0,0,0,0,0,0,0,0,0,0,0.0,0.0,0.0,0.0,0.47363545174918426,0.4736355,0,0,0.3526793007517382,0.3526793,0,0,0.5314498324768577,0.5314498,0,0,8.881784e-15
battery,JB(0.8),2,CONVERGED,CONVERGED,488,488,0.712935584592167,0.7129356,0.49628774012989163,0.4962877,0,0,0,0,-,-,438.62756663982435,438.6276,0.6299185173899733,0.6299185,0.0,0.0,0,0,0,0,0,0,0,0,0,0,0,0,0,0,0,0,0.0,0.0,0.0,0.0,0.4476674826111567,0.4476675,0,0,0.31752934948747724,0.3175293,0,0,0.47765193175062276,0.4776519,0,0,9.547918e-15
battery,JB(2),3,CONVERGED,CONVERGED,656,656,0.3487466781736145,0.3487467,0.9425748427583145,0.9425748,59,59,0,0,-,-,1985.3377740570293,1985.338,0.2884432012255773,0.2884432,364.9354389945502,364.9354,0,0,0,0,19,19,41,41,59,59,53,53,0,0,0,0,0.0,0.0,0.0,0.0,0.6621215397053826,0.6621215,0,0,0.42392652276781023,0.4239265,0,0,0.6307260885571531,0.6307261,0,0,6.439294e-15
battery,JB(0.5),3,CONVERGED,CONVERGED,629,629,0.2608596330698273,0.2608596,-0.4437195183615795,-0.4437195,87,87,11,11,0,0,1549.1002260931532,1549.1,0.18640217303627143,0.1864022,224.11329334458114,224.1133,0,0,0,0,15,15,66,66,87,87,87,87,47,47,56,56,0.10065432402107258,0.1006543,0.10065432402107258,0.1006543,0.5377996451977028,0.5377996,0,0,0.3466415179467228,0.3466415,0,0,0.5249099530516572,0.52491,0,0,1.110223e-14
battery,N(1.05),1,CONVERGED,CONVERGED,293,293,0.9469036384379584,0.9469036,0.9047113457379816,0.9047113,0,0,0,0,-,-,54.557945526774766,54.55795,0.9966336933901615,0.9966337,0.0,0.0,0,0,0,0,0,0,0,0,0,0,0,0,0,0,0,0,0.0,0.0,0.0,0.0,0.424566296911574,0.4245663,0,0,0.30835389097422855,0.3083539,0,0,0.46256766105805047,0.4625677,0,0,7.993606e-15
battery,N(0.95),1,CONVERGED,CONVERGED,358,358,0.958393413947964,0.9583934,0.942574842758311,0.9425748,0,0,0,0,-,-,82.4602457360881,82.46025,0.9182966539494366,0.9182967,0.0,0.0,0,0,0,0,0,0,0,0,0,0,0,0,0,0,0,0,0.0,0.0,0.0,0.0,0.435177697688655,0.4351777,0,0,0.3172711154428738,0.3172711,0,0,0.47616816112502175,0.4761682,0,0,5.995204e-15
battery,N(1.2),2,CONVERGED,CONVERGED,401,401,0.8141627345328553,0.8141627,0.7999427661164139,0.7999428,0,0,0,0,-,-,205.5950133873194,205.595,0.9890136083236376,0.9890136,0.0,0.0,0,0,0,0,0,0,0,0,0,0,0,0,0,0,0,0,0.0,0.0,0.0,0.0,0.4286752480732039,0.4286752,0,0,0.310157777075599,0.3101578,0,0,0.46537322941556697,0.4653732,0,0,1.2878590000000001e-14
battery,N(0.8),2,CONVERGED,CONVERGED,512,512,0.8192529816349958,0.819253,0.942574842758311,0.9425748,0,0,0,0,-,-,366.9964778336161,366.9965,0.6800447165804806,0.6800447,0.0,0.0,0,0,0,0,0,0,0,0,0,0,0,0,0,0,0,0,0.0,0.0,0.0,0.0,0.4751429579738844,0.475143,0,0,0.34782082701447087,0.3478208,0,0,0.5231279853834598,0.523128,0,0,7.327472e-15
battery,N(2),3,CONVERGED,CONVERGED,522,522,0.44248820359856517,0.4424882,0.3905194971551989,0.3905195,4,4,0,0,-,-,815.3414734238138,815.3415,0.9725277407983265,0.9725277,28.95688604691633,28.95689,0,0,0,0,4,4,1,1,4,4,4,4,0,0,0,0,0.0,0.0,0.0,0.0,0.4445991107705124,0.4445991,0,0,0.3168492126588636,0.3168492,0,0,0.47592850095506767,0.4759285,0,0,1.088019e-14
battery,N(0.5),3,CONVERGED,CONVERGED,594,594,0.4683172297046058,0.4683172,0.942574842758311,0.9425748,16,16,0,0,-,-,1225.9866034569784,1225.987,0.25929285213691355,0.2592929,45.419002076730024,45.419,0,0,0,0,0,0,0,0,16,16,0,0,0,0,0,0,0.0,0.0,0.0,0.0,0.5866215567333299,0.5866216,0,0,0.40907307161924517,0.4090731,0,0,0.6203142124258814,0.6203142,0,0,6.217249e-15
battery,RC(1.05),1,CONVERGED,CONVERGED,336,336,0.9260944444917802,0.9260944,0.9369412767244344,0.9369413,0,0,0,0,-,-,76.77905764500571,76.77906,0.923909701709049,0.9239097,0.0,0.0,0,0,0,0,0,0,0,0,0,0,0,0,0,0,0,0,0.0,0.0,0.0,0.0,0.42931411116858836,0.4293141,0,0,0.3159638284917044,0.3159638,0,0,0.4691722156535055,0.4691722,0,0,1.2434500000000001e-14
battery,RC(0.95),1,CONVERGED,CONVERGED,358,358,0.9508672589172749,0.9508673,0.9112829144927442,0.9112829,0,0,0,0,-,-,51.29880589638051,51.29881,0.9502439620666282,0.950244,0.0,0.0,0,0,0,0,0,0,0,0,0,0,0,0,0,0,0,0,0.0,0.0,0.0,0.0,0.4273291852494329,0.4273292,0,0,0.31041985103769365,0.3104199,0,0,0.47409180888464564,0.4740918,0,0,7.771561000000001e-15
battery,RC(1.2),2,CONVERGED,CONVERGED,440,440,0.7533416803147095,0.7533417,0.9304865034385515,0.9304865,0,0,0,0,-,-,283.23639538152497,283.2364,0.7525492140742233,0.7525492,0.0,0.0,0,0,0,0,0,0,0,0,0,0,0,0,0,0,0,0,0.0,0.0,0.0,0.0,0.44738665706357533,0.4473867,0,0,0.3377682966835106,0.3377683,0,0,0.49324319659708094,0.4932432,0,0,1.0436100000000001e-14
battery,RC(0.8),2,CONVERGED,CONVERGED,479,479,0.7979157427582965,0.7979157,0.8062639634136712,0.806264,0,0,0,0,-,-,225.75227262279049,225.7523,0.8011157561579109,0.8011158,0.0,0.0,0,0,0,0,0,0,0,0,0,0,0,0,0,0,0,0,0.0,0.0,0.0,0.0,0.4431271853290511,0.4431272,0,0,0.32113501572379305,0.321135,0,0,0.5146384859500416,0.5146385,0,0,9.325873000000001e-15
battery,RC(2),3,CONVERGED,CONVERGED,565,565,0.3791071231031697,0.3791071,0.942574842758311,0.9425748,35,35,0,0,-,-,969.9364671265566,969.9365,0.4278950564666564,0.4278951,0.0,0.0,0,0,0,0,0,0,0,0,0,0,35,35,0,0,24,24,0.0,0.0,0.0,0.0,0.5260765427374383,0.5260765,0,0,0.41550503562418883,0.415505,0,0,0.594760199355226,0.5947602,0,0,5.77316e-15
battery,RC(0.5),3,CONVERGED,CONVERGED,598,598,0.4601388321844023,0.4601388,0.5200804366682957,0.5200804,18,18,0,0,-,-,784.8624124476186,784.8624,0.4654680245619203,0.465468,10.942895159378697,10.9429,0,0,0,0,0,0,0,0,17,17,0,0,17,17,0,0,0.0,0.0,0.0,0.0,0.4951846356800865,0.4951846,0,0,0.3561328092971664,0.3561328,0,0,0.612467391472085,0.6124674,0,0,1.2434500000000001e-14
battery,RW(1.05),1,CONVERGED,CONVERGED,241,241,0.9640433767026922,0.9640434,0.9425748427583173,0.9425748,0,0,0,0,-,-,48.79016416943205,48.79016,0.9560067937100376,0.9560068,0.0,0.0,0,0,0,0,0,0,0,0,0,0,0,0,0,0,0,0,0.0,0.0,0.0,0.0,0.4401784427040182,0.4401784,0,0,0.309371248149094,0.3093712,0,0,0.46305968039617196,0.4630597,0,0,5.329071e-15
battery,RW(0.95),1,CONVERGED,CONVERGED,346,346,0.9390346876463813,0.9390347,0.8912815483707605,0.8912815,0,0,0,0,-,-,67.38307238522833,67.38307,0.9367550685272866,0.9367551,0.0,0.0,0,0,0,0,0,0,0,0,0,0,0,0,0,0,0,0,0.0,0.0,0.0,0.0,0.42839347484553314,0.4283935,0,0,0.319642231069111,0.3196422,0,0,0.4771527627296271,0.4771528,0,0,1.2434500000000001e-14
battery,RW(1.2),2,CONVERGED,CONVERGED,349,349,0.8705089283672026,0.8705089,0.9425748427583168,0.9425748,0,0,0,0,-,-,182.32155679395458,182.3216,0.8454938799480133,0.8454939,0.0,0.0,0,0,0,0,0,0,0,0,0,0,0,0,0,0,0,0,0.0,0.0,0.0,0.0,0.4897952708428622,0.4897953,0,0,0.314060519711388,0.3140605,0,0,0.4677546172209494,0.4677546,0,0,6.8833830000000005e-15
battery,RW(0.8),2,CONVERGED,CONVERGED,462,462,0.7565857243414429,0.7565857,0.7194312914441013,0.7194313,0,0,0,0,-,-,293.1883639042799,293.1884,0.7478104019373326,0.7478104,0.0,0.0,0,0,0,0,0,0,0,0,0,0,0,0,0,0,0,0,0.0,0.0,0.0,0.0,0.44659744472046004,0.4465974,0,0,0.3620709655848397,0.362071,0,0,0.5317133992061035,0.5317134,0,0,9.325873000000001e-15
battery,RW(2),3,CONVERGED,CONVERGED,469,469,0.5757390897049978,0.5757391,0.9425748427583129,0.9425748,0,0,0,0,-,-,693.1471805599452,693.1472,0.5289876218953437,0.5289876,0.0,0.0,0,0,0,0,0,0,0,0,0,0,0,0,0,0,0,0,0.0,0.0,0.0,0.0,0.7194499363669058,0.7194499,0,0,0.3321834982932505,0.3321835,0,0,0.4901339489910871,0.4901339,0,0,5.995204e-15
battery,RW(0.5),3,CONVERGED,CONVERGED,568,568,0.3960091021030299,0.3960091,0.24942766219836576,0.2494277,10,10,0,0,-,-,926.3180828831486,926.3181,0.3796730974850825,0.3796731,36.39532841388975,36.39533,0,0,0,0,0,0,3,3,1,1,9,9,0,0,0,0,0.0,0.0,0.0,0.0,0.4985254858759805,0.4985255,0,0,0.49676221709121393,0.4967622,0,0,0.6973849643868872,0.697385,0,0,9.992007e-15
battery,x*/2,3,CONVERGED,CONVERGED,667,667,0.0,0.0,0.942574842758311,0.9425748,83,83,0,0,-,-,inf,inf,0.0,0.0,444.1518491479709,444.1518,1,1,0,0,24,24,60,60,82,82,82,82,45,45,37,37,0.475614712250357,0.4756147,0.475614712250357,0.4756147,0.6629866407781493,0.6629866,0,0,0.39584127950334586,0.3958413,0,0,0.557885942303121,0.5578859,0,0,7.327472e-15
battery,land.mach=0.44@genesis,2,CONVERGED,CONVERGED,470,470,0.8146160012467155,0.814616,0.7784113701685071,0.7784114,0,0,0,0,-,-,296.70987719857897,296.7099,0.7930245794440789,0.7930246,0.0,0.0,0,0,0,0,0,0,0,0,0,0,0,0,0,0,0,0,0.0,0.0,0.0,0.0,0.438439379870828,0.4384394,0,0,0.31721284691529517,0.3172128,0,0,0.4724841413687379,0.4724841,0,0,6.217249e-15
battery,land.mach=0.44@dated,2,CONVERGED,CONVERGED,470,470,0.8145043587018851,0.8145044,0.7784022180326964,0.7784022,0,0,0,0,-,-,297.06230215359494,297.0623,0.792851794996306,0.7928518,0.0,0.0,0,0,0,0,0,0,0,0,0,0,0,0,0,0,0,0,0.0,0.0,0.0,0.0,0.43845896206883184,0.438459,0,0,0.31724716669859654,0.3172472,0,0,0.47250018585731784,0.4725002,0,0,6.439294e-15
battery,land.mach=0.36@genesis,2,CONVERGED,CONVERGED,343,343,0.935093166841344,0.9350932,0.942574842758311,0.9425748,0,0,0,0,-,-,95.23151019840394,95.23151,0.9571819818061004,0.957182,0.0,0.0,0,0,0,0,0,0,0,0,0,0,0,0,0,0,0,0,0.0,0.0,0.0,0.0,0.4410387777905324,0.4410388,0,0,0.31813622369433664,0.3181362,0,0,0.4776058446846094,0.4776058,0,0,7.1054270000000005e-15
battery,land.mach=0.36@dated,2,CONVERGED,CONVERGED,343,343,0.9350931668413436,0.9350932,0.942574842758311,0.9425748,0,0,0,0,-,-,95.23151019840394,95.23151,0.9571819818060999,0.957182,0.0,0.0,0,0,0,0,0,0,0,0,0,0,0,0,0,0,0,0,0.0,0.0,0.0,0.0,0.4410459537410932,0.441046,0,0,0.31813831642542123,0.3181383,0,0,0.4776114390138865,0.4776114,0,0,7.993606e-15
battery,land.mach=0.8@genesis,3,CONVERGED,CONVERGED,565,565,0.16483858606201324,0.1648386,0.1280767838042905,0.1280768,93,93,0,0,-,-,2139.0802106525803,2139.08,0.2037483758516456,0.2037484,705.3178049017408,705.3178,0,0,0,0,27,27,63,63,93,93,92,92,0,0,0,0,0.0,0.0,0.0,0.0,0.45886482320574173,0.4588648,0,0,0.30775401727211155,0.307754,0,0,0.46153846153846145,0.4615385,0,0,9.547918e-15
battery,land.mach=0.8@dated,3,CONVERGED,CONVERGED,565,565,0.1642437830006201,0.1642438,0.1280267591790004,0.1280268,94,94,0,0,-,-,2140.0411902106425,2140.041,0.2035793312318729,0.2035793,706.1369955148413,706.137,0,0,0,0,28,28,64,64,93,93,93,93,0,0,0,0,0.0,0.0,0.0,0.0,0.4589272917043455,0.4589273,0,0,0.30775401727211155,0.307754,0,0,0.46153846153846145,0.4615385,0,0,6.661338e-15
battery,land.mach=0.2@genesis,3,CONVERGED,CONVERGED,557,557,0.5691617246231984,0.5691617,0.942574842758311,0.9425748,0,0,0,0,-,-,603.9942924065705,603.9943,0.6434002104436156,0.6434002,0.0,0.0,0,0,0,0,0,0,0,0,0,0,0,0,0,0,0,0,0.0,0.0,0.0,0.0,0.5411453099239119,0.5411453,0,0,0.3708536288045565,0.3708536,0,0,0.5548279029259342,0.5548279,0,0,1.221245e-14
battery,land.mach=0.2@dated,3,CONVERGED,CONVERGED,557,557,0.569161724623198,0.5691617,0.942574842758311,0.9425748,0,0,0,0,-,-,603.9942924065705,603.9943,0.6434002104436152,0.6434002,0.0,0.0,0,0,0,0,0,0,0,0,0,0,0,0,0,0,0,0,0.0,0.0,0.0,0.0,0.5412288693763704,0.5412289,0,0,0.370874495440092,0.3708745,0,0,0.5548781648241574,0.5548782,0,0,1.2434500000000001e-14
battery,tail.services=0.11@genesis,2,CONVERGED,CONVERGED,383,383,0.9183946701114846,0.9183947,0.942574842758311,0.9425748,0,0,0,0,-,-,101.32286876111044,101.3229,0.9145839359093247,0.9145839,0.0,0.0,0,0,0,0,0,0,0,0,0,0,0,0,0,0,0,0,0.0,0.0,0.0,0.0,0.4594299107151675,0.4594299,0,0,0.30968007250211727,0.3096801,0,0,0.46610612662809364,0.4661061,0,0,1.110223e-14
battery,tail.services=0.11@dated,2,CONVERGED,CONVERGED,382,382,0.9174390683733793,0.9174391,0.942574842758311,0.9425748,0,0,0,0,-,-,101.32286876111044,101.3229,0.914534618925068,0.9145346,0.0,0.0,0,0,0,0,0,0,0,0,0,0,0,0,0,0,0,0,0.0,0.0,0.0,0.0,0.45940203351676756,0.459402,0,0,0.30965647485066533,0.3096565,0,0,0.4660870439727774,0.466087,0,0,6.661338e-15
battery,tail.services=0.09@genesis,2,CONVERGED,CONVERGED,285,285,0.9853827212486429,0.9853827,0.8467410968465994,0.8467411,0,0,0,0,-,-,105.01347883603562,105.0135,0.9705810752627232,0.9705811,0.0,0.0,0,0,0,0,0,0,0,0,0,0,0,0,0,0,0,0,0.0,0.0,0.0,0.0,0.423076923076923,0.4230769,0,0,0.3165935122421771,0.3165935,0,0,0.4646532337065069,0.4646532,0,0,7.549517e-15
battery,tail.services=0.09@dated,2,CONVERGED,CONVERGED,285,285,0.9853827212486429,0.9853827,0.8467410968465994,0.8467411,0,0,0,0,-,-,105.01347883603562,105.0135,0.9705810752627232,0.9705811,0.0,0.0,0,0,0,0,0,0,0,0,0,0,0,0,0,0,0,0,0.0,0.0,0.0,0.0,0.423076923076923,0.4230769,0,0,0.3165935122421771,0.3165935,0,0,0.4646532337065069,0.4646532,0,0,5.77316e-15
battery,tail.services=0.2@genesis,3,CONVERGED,CONVERGED,683,683,0.5157289457335273,0.5157289,0.942574842758311,0.9425748,0,0,0,0,-,-,958.6153906968534,958.6154,0.5041846895335284,0.5041847,33.69556232819833,33.69556,0,0,0,0,0,0,0,0,0,0,0,0,0,0,0,0,0.0,0.0,0.0,0.0,0.7481827819448512,0.7481828,0,0,0.3131168129796801,0.3131168,0,0,0.47683833246355406,0.4768383,0,0,1.199041e-14
battery,tail.services=0.2@dated,3,CONVERGED,CONVERGED,675,675,0.5127552168415053,0.5127552,0.942574842758311,0.9425748,0,0,0,0,-,-,958.6153906968534,958.6154,0.5059503658163255,0.5059504,28.598190506955234,28.59819,0,0,0,0,0,0,0,0,0,0,0,0,0,0,0,0,0.0,0.0,0.0,0.0,0.746865726935918,0.7468657,0,0,0.31272645721129555,0.3127265,0,0,0.4757682845262574,0.4757683,0,0,1.820766e-14
battery,tail.services=0.05@genesis,3,CONVERGED,CONVERGED,384,384,0.9249325503371826,0.9249326,0.3985784175107578,0.3985784,0,0,0,0,-,-,585.4655565343056,585.4656,0.8529053763136153,0.8529054,0.0,0.0,0,0,0,0,0,0,0,0,0,0,0,0,0,0,0,0,0.0,0.0,0.0,0.0,0.423076923076923,0.4230769,0,0,0.351784067689406,0.3517841,0,0,0.4753335738887519,0.4753336,0,0,4.884981e-15
battery,tail.services=0.05@dated,3,CONVERGED,CONVERGED,384,384,0.9249325503371826,0.9249326,0.3985784175107578,0.3985784,0,0,0,0,-,-,585.4655565343056,585.4656,0.8529053763136153,0.8529054,0.0,0.0,0,0,0,0,0,0,0,0,0,0,0,0,0,0,0,0,0.0,0.0,0.0,0.0,0.423076923076923,0.4230769,0,0,0.351784067689406,0.3517841,0,0,0.4753335738887519,0.4753336,0,0,5.329071e-15
battery,res.services.trained=0.044@genesis,2,CONVERGED,CONVERGED,369,369,0.9090909090909092,0.9090909,0.9195838684372521,0.9195839,0,0,0,0,-,-,139.5258573013426,139.5259,0.9092884261098222,0.9092884,0.0,0.0,0,0,0,0,0,0,0,0,0,0,0,0,0,0,0,0,0.0,0.0,0.0,0.0,0.4276051902672566,0.4276052,0,0,0.342374393258659,0.3423744,0,0,0.46548678893502454,0.4654868,0,0,7.549517e-15
battery,res.services.trained=0.044@dated,2,CONVERGED,CONVERGED,369,369,0.9090909090909091,0.9090909,0.9194010063645232,0.919401,0,0,0,0,-,-,139.5258573013426,139.5259,0.9092884261098221,0.9092884,0.0,0.0,0,0,0,0,0,0,0,0,0,0,0,0,0,0,0,0,0.0,0.0,0.0,0.0,0.4275896468304819,0.4275896,0,0,0.34235147177960723,0.3423515,0,0,0.46547799489337477,0.465478,0,0,9.769963000000001e-15
battery,res.services.trained=0.036@genesis,2,CONVERGED,CONVERGED,319,319,0.956845448737516,0.9568454,0.9347043932400089,0.9347044,0,0,0,0,-,-,147.77204421738224,147.772,0.9593875740638688,0.9593876,0.0,0.0,0,0,0,0,0,0,0,0,0,0,0,0,0,0,0,0,0.0,0.0,0.0,0.0,0.430670934839842,0.4306709,0,0,0.30769230769230765,0.3076923,0,0,0.4660710023977645,0.466071,0,0,7.549517e-15
battery,res.services.trained=0.036@dated,2,CONVERGED,CONVERGED,320,320,0.9562681113888851,0.9562681,0.9347043932400085,0.9347044,0,0,0,0,-,-,147.77204421738224,147.772,0.9590617832504724,0.9590618,0.0,0.0,0,0,0,0,0,0,0,0,0,0,0,0,0,0,0,0,0.0,0.0,0.0,0.0,0.43074567099088645,0.4307457,0,0,0.30769230769230765,0.3076923,0,0,0.4660902540352322,0.4660903,0,0,7.549517e-15
battery,res.services.trained=0.08@genesis,3,CONVERGED,CONVERGED,576,576,0.5000000000000001,0.5,0.7295501982033182,0.7295502,0,0,0,0,-,-,1256.3698391827868,1256.37,0.5009317648106525,0.5009318,1.7758974336830404,1.775897,0,0,0,0,0,0,0,0,0,0,0,0,0,0,0,0,0.0,0.0,0.0,0.0,0.4286343568848221,0.4286344,0,0,0.6178470616196088,0.6178471,0,0,0.4686861792416154,0.4686862,0,0,1.84297e-14
battery,res.services.trained=0.08@dated,3,CONVERGED,CONVERGED,575,575,0.49999999999999994,0.5,0.728408036636258,0.728408,0,0,0,0,-,-,1256.3698391827868,1256.37,0.5009317648106524,0.5009318,1.7181391013042688,1.718139,0,0,0,0,0,0,0,0,0,0,0,0,0,0,0,0,0.0,0.0,0.0,0.0,0.4285876030420424,0.4285876,0,0,0.6178234231000016,0.6178234,0,0,0.46863104427778624,0.468631,0,0,1.820766e-14
battery,res.services.trained=0.02@genesis,3,CONVERGED,CONVERGED,423,423,0.8130393883936556,0.8130394,0.9142648289292444,0.9142648,0,0,0,0,-,-,889.9041262080345,889.9041,0.8227975811052473,0.8227976,0.0,0.0,0,0,0,0,0,0,0,0,0,0,0,0,0,0,0,0,0.0,0.0,0.0,0.0,0.4572459570423595,0.457246,0,0,0.30769230769230765,0.3076923,0,0,0.4815622787310413,0.4815623,0,0,9.547918e-15
battery,res.services.trained=0.02@dated,3,CONVERGED,CONVERGED,424,424,0.8106111133543923,0.8106111,0.9142648289292439,0.9142648,0,0,0,0,-,-,889.9041262080345,889.9041,0.8215463936388567,0.8215464,0.0,0.0,0,0,0,0,0,0,0,0,0,0,0,0,0,0,0,0,0.0,0.0,0.0,0.0,0.4576370325838954,0.457637,0,0,0.30769230769230765,0.3076923,0,0,0.4816619250266363,0.4816619,0,0,8.437695e-15
tier3s,stock.services*0.5,3S,CONVERGED,CONVERGED,336,336,0.5,0.5,0.9332611178149527,0.9332611,0,0,0,0,-,-,693.1471805599452,693.1472,0.5000000000000001,0.5,0.0,0.0,0,0,0,0,0,0,0,0,0,0,0,0,0,0,0,0,0.0,0.0,0.0,0.0,0.4289367189965161,0.4289367,0,0,0.3136835686452285,0.3136836,0,0,0.46504497254961585,0.465045,0,0,9.103829e-15
tier3s,stock.services*2,3S,CONVERGED,CONVERGED,359,359,0.95089161438983,0.9508916,0.910498486670964,0.9104985,0,0,0,0,-,-,54.03704496849273,54.03704,0.936429694555552,0.9364297,0.0,0.0,0,0,0,0,0,0,0,0,0,0,0,0,0,0,0,0,0.0,0.0,0.0,0.0,0.427240188644512,0.4272402,0,0,0.30978443118185994,0.3097844,0,0,0.4662897883038404,0.4662898,0,0,8.21565e-15
tier3s,stock.goods*0.5,3S,CONVERGED,CONVERGED,290,290,0.5,0.5,0.9341998334156832,0.9341998,0,0,0,0,-,-,693.1471805599452,693.1472,0.5000000000000001,0.5,0.0,0.0,0,0,0,0,0,0,0,0,0,0,0,0,0,0,0,0,0.0,0.0,0.0,0.0,0.42553535296336786,0.4255354,0,0,0.3087898661863148,0.3087899,0,0,0.46929884324122306,0.4692988,0,0,7.771561000000001e-15
tier3s,stock.goods*2,3S,CONVERGED,CONVERGED,342,342,0.9484331373688186,0.9484331,0.9290092231466598,0.9290092,0,0,0,0,-,-,52.94398511362228,52.94399,0.939529108958721,0.9395291,0.0,0.0,0,0,0,0,0,0,0,0,0,0,0,0,0,0,0,0,0.0,0.0,0.0,0.0,0.42620885243226697,0.4262089,0,0,0.3105039632842534,0.310504,0,0,0.46453813122341553,0.4645381,0,0,7.327472e-15
tier3s,stock.mach*0.5,3S,CONVERGED,CONVERGED,366,366,0.28571428571428586,0.2857143,0.9034405950366118,0.9034406,2,2,0,0,-,-,1252.7629684953679,1252.763,0.2857142857142858,0.2857143,0.0,0.0,0,0,0,0,0,0,1,1,1,1,1,1,0,0,0,0,0.0,0.0,0.0,0.0,0.4318396222357508,0.4318396,0,0,0.31181256656368256,0.3118126,0,0,0.46743327251220923,0.4674333,0,0,8.437695e-15
tier3s,stock.mach*2,3S,CONVERGED,CONVERGED,370,370,0.9541189702356672,0.954119,0.9309560509857033,0.9309561,0,0,0,0,-,-,80.14752727944382,80.14753,0.94252992796952,0.9425299,0.0,0.0,0,0,0,0,0,0,0,0,0,0,0,0,0,0,0,0,0.0,0.0,0.0,0.0,0.4306969100049442,0.4306969,0,0,0.31440271129967673,0.3144027,0,0,0.46876233568512116,0.4687623,0,0,9.547918e-15
tier3s,coin.desk.services*0.5,3S,CONVERGED,CONVERGED,501,501,0.5000000000000001,0.5,0.7523339763065866,0.752334,0,0,0,0,-,-,693.1471805599452,693.1472,0.5048397792240513,0.5048398,0.0,0.0,0,0,0,0,0,0,0,0,0,0,0,0,0,0,0,0,0.0,0.0,0.0,0.0,0.45715942844267854,0.4571594,0,0,0.33893185110324314,0.3389319,0,0,0.48927389497906326,0.4892739,0,0,1.0436100000000001e-14
tier3s,coin.desk.services*2,3S,CONVERGED,CONVERGED,512,512,0.3465520771843505,0.3465521,0.8912181995300642,0.8912182,8,8,0,0,-,-,1059.7221767409962,1059.722,0.33716403243241716,0.337164,0.0,0.0,0,0,0,0,0,0,1,1,0,0,8,8,0,0,0,0,0.0,0.0,0.0,0.0,0.48771910004882957,0.4877191,0,0,0.3740114193425613,0.3740114,0,0,0.5274364608877812,0.5274365,0,0,7.1054270000000005e-15
tier3s,coin.desk.goods*0.5,3S,CONVERGED,CONVERGED,457,457,0.5000000000000001,0.5,0.8173293935434502,0.8173294,0,0,0,0,-,-,693.1471805599454,693.1472,0.5025294645072735,0.5025295,0.0,0.0,0,0,0,0,0,0,0,0,0,0,0,0,0,0,0,0,0.0,0.0,0.0,0.0,0.44276620380842474,0.4427662,0,0,0.31613596031847485,0.316136,0,0,0.5026503763439798,0.5026504,0,0,8.659739999999999e-15
tier3s,coin.desk.goods*2,3S,CONVERGED,CONVERGED,519,519,0.6363636363636367,0.6363636,0.8026564637126719,0.8026565,0,0,0,0,-,-,451.9851237430567,451.9851,0.5,0.5,0.0,0.0,0,0,0,0,0,0,0,0,0,0,0,0,0,0,0,0,0.0,0.0,0.0,0.0,0.479391195460593,0.4793912,0,0,0.35706574597517055,0.3570657,0,0,0.5784635653733243,0.5784636,0,0,7.771561000000001e-15
tier3s,coin.desk.mach*0.5,3S,CONVERGED,CONVERGED,534,534,0.5425726394962499,0.5425726,0.6429617517002099,0.6429618,0,0,0,0,-,-,693.1471805599452,693.1472,0.5335229613933152,0.533523,0.0,0.0,0,0,0,0,0,0,0,0,0,0,0,0,0,0,0,0,0.0,0.0,0.0,0.0,0.46189709257059164,0.4618971,0,0,0.3219724045807729,0.3219724,0,0,0.4889963391740104,0.4889963,0,0,7.771561000000001e-15
tier3s,coin.desk.mach*2,3S,CONVERGED,CONVERGED,550,550,0.5714285714285716,0.5714286,0.942574842758311,0.9425748,0,0,0,0,-,-,559.6157879354225,559.6158,0.5582721066197737,0.5582721,0.0,0.0,0,0,0,0,0,0,0,0,0,0,0,0,0,0,0,0,0.0,0.0,0.0,0.0,0.47721442475531284,0.4772144,0,0,0.3573634607327866,0.3573635,0,0,0.5165867373498089,0.5165867,0,0,8.881784e-15
tier3s,coin.workers*0.5,3S,CONVERGED,CONVERGED,320,320,0.8012926938238859,0.8012927,0.8882999827531389,0.8883,0,0,0,0,-,-,221.52898814322972,221.529,0.9730538319844532,0.9730538,0.0,0.0,0,0,0,0,0,0,0,0,0,0,0,0,0,0,0,0,0.0,0.0,0.0,0.0,0.42756344355429826,0.4275634,0,0,0.31033344258573126,0.3103334,0,0,0.46503822071682777,0.4650382,0,0,8.881784e-15
tier3s,coin.workers*2,3S,CONVERGED,CONVERGED,543,543,0.6853507322536413,0.6853507,0.8628897872921436,0.8628898,0,0,0,0,-,-,617.4946806743343,617.4947,0.5144427166568946,0.5144427,0.0,0.0,0,0,0,0,0,0,0,0,0,0,0,0,0,0,0,0,0.0,0.0,0.0,0.0,0.48771061312158426,0.4877106,0,0,0.34591865044457903,0.3459187,0,0,0.5234386323553811,0.5234386,0,0,9.547918e-15
tier3s,coin.workers.trained*0.5,3S,CONVERGED,CONVERGED,274,274,0.9179926371446151,0.9179926,0.9206104413737672,0.9206104,0,0,0,0,-,-,85.56590893344625,85.56591,0.988609664705741,0.9886097,0.0,0.0,0,0,0,0,0,0,0,0,0,0,0,0,0,0,0,0,0.0,0.0,0.0,0.0,0.4249875456947675,0.4249875,0,0,0.30882270007267415,0.3088227,0,0,0.46303737063560657,0.4630374,0,0,9.992007e-15
tier3s,coin.workers.trained*2,3S,CONVERGED,CONVERGED,461,461,0.850270577004767,0.8502706,0.9073371089784763,0.9073371,0,0,0,0,-,-,275.72180966058437,275.7218,0.7492271358954928,0.7492271,0.0,0.0,0,0,0,0,0,0,0,0,0,0,0,0,0,0,0,0,0.0,0.0,0.0,0.0,0.451183921540283,0.4511839,0,0,0.3273320321756778,0.327332,0,0,0.4928395297081998,0.4928395,0,0,8.659739999999999e-15
tier3s,coin.workers.master*0.5,3S,CONVERGED,CONVERGED,218,218,0.9447446523909937,0.9447447,0.927831847520215,0.9278318,0,0,0,0,-,-,56.84059711151304,56.8406,0.9922621760785685,0.9922622,0.0,0.0,0,0,0,0,0,0,0,0,0,0,0,0,0,0,0,0,0.0,0.0,0.0,0.0,0.4243749262106431,0.4243749,0,0,0.3084612270538134,0.3084612,0,0,0.4625582198894932,0.4625582,0,0,6.217249e-15
tier3s,coin.workers.master*2,3S,CONVERGED,CONVERGED,438,438,0.8956385265689958,0.8956385,0.9172797738194147,0.9172798,0,0,0,0,-,-,189.36150850977944,189.3615,0.8211411463609843,0.8211411,0.0,0.0,0,0,0,0,0,0,0,0,0,0,0,0,0,0,0,0,0.0,0.0,0.0,0.0,0.442242924930998,0.4422429,0,0,0.3215736855294036,0.3215737,0,0,0.4836224268782362,0.4836224,0,0,8.437695e-15
tier3s,coin.provider*0.5,3S,CONVERGED,CONVERGED,326,326,0.77845822023907,0.7784582,0.8817929265435777,0.8817929,0,0,0,0,-,-,250.439956150046,250.44,0.9700362018668083,0.9700362,0.0,0.0,0,0,0,0,0,0,0,0,0,0,0,0,0,0,0,0,0.0,0.0,0.0,0.0,0.42805224042668233,0.4280522,0,0,0.3106185908414449,0.3106186,0,0,0.4654155603730035,0.4654156,0,0,6.217249e-15
tier3s,coin.provider*2,3S,CONVERGED,CONVERGED,548,548,0.658464799383518,0.6584648,0.8527652039445573,0.8527652,0,0,0,0,-,-,679.1390809730357,679.1391,0.4798150580548677,0.4798151,3.5997009001791787,3.599701,0,0,0,0,0,0,0,0,0,0,0,0,0,0,0,0,0.0,0.0,0.0,0.0,0.49442737876841036,0.4944274,0,0,0.3489009949409646,0.348901,0,0,0.5282893544314647,0.5282894,0,0,9.769963000000001e-15
battery at 10L,p[labour]*2,3,CONVERGED,CONVERGED,435,435,0.7726845220125419,0.7726845,0.9425748427583156,0.9425748,0,0,0,0,-,-,693.1471805599452,693.1472,0.7688427653101261,0.7688428,0.0,0.0,0,0,0,0,0,0,0,0,0,0,0,0,0,0,0,0,0.0,0.0,0.0,0.0,0.7194499363669058,0.7194499,0,0,0.326392420574212,0.3263924,0,0,0.47187695928260276,0.471877,0,0,8.437695e-15
battery at 10L,p[land]*2,3,CONVERGED,CONVERGED,634,634,0.2586930429694123,0.258693,0.3055545738993286,0.3055546,90,90,0,0,-,-,1376.7822781151126,1376.782,0.35075061747085196,0.3507506,325.4452918728894,325.4453,0,0,0,0,23,23,65,65,89,89,89,89,0,0,0,0,0.0,0.0,0.0,0.0,0.522457319728797,0.5224573,0,0,0.3417359374748215,0.3417359,0,0,0.5226138471329778,0.5226138,0,0,1.154632e-14
battery at 10L,p[services]*2,3,CONVERGED,CONVERGED,517,517,0.5512749916420072,0.551275,0.942574842758311,0.9425748,0,0,0,0,-,-,693.1471805599452,693.1472,0.6344498872140089,0.6344499,0.0,0.0,0,0,0,0,0,0,0,0,0,0,0,0,0,0,0,0,0.0,0.0,0.0,0.0,0.5060748730410087,0.5060749,0,0,0.38731971653911823,0.3873197,0,0,0.4994580657957409,0.4994581,0,0,7.771561000000001e-15
battery at 10L,p[goods]*2,3,CONVERGED,CONVERGED,477,477,0.7655407385206573,0.7655407,0.8644171147110826,0.8644171,0,0,0,0,-,-,693.1471805599452,693.1472,0.7664371878621599,0.7664372,0.0,0.0,0,0,0,0,0,0,0,0,0,0,0,0,0,0,0,0,0.0,0.0,0.0,0.0,0.4562538424418965,0.4562538,0,0,0.3267964359939983,0.3267964,0,0,0.5695013096127219,0.5695013,0,0,9.769963000000001e-15
battery at 10L,p[mach]*2,3,CONVERGED,CONVERGED,551,551,0.5103865667101213,0.5103866,0.1920448908907229,0.1920449,0,0,0,0,-,-,736.284102999145,736.2841,0.49430993051687255,0.4943099,0.1659945835498715,0.1659946,0,0,0,0,0,0,0,0,0,0,0,0,0,0,0,0,0.0,0.0,0.0,0.0,0.47569764201235787,0.4756976,0,0,0.32996706411895566,0.3299671,0,0,0.5073099657551209,0.50731,0,0,6.439294e-15
battery at 10L,p[labour.trained]*2,3,CONVERGED,CONVERGED,458,458,0.8373234742758491,0.8373235,0.8826534013155257,0.8826534,0,0,0,0,-,-,693.1471805599452,693.1472,0.8375993609842476,0.8375994,0.0,0.0,0,0,0,0,0,0,0,0,0,0,0,0,0,0,0,0,0.0,0.0,0.0,0.0,0.4426871162616091,0.4426871,0,0,0.49676221709121393,0.4967622,0,0,0.47483719158715454,0.4748372,0,0,1.265654e-14
battery at 10L,p[labour.master]*2,3,CONVERGED,CONVERGED,436,436,0.7874711133785751,0.7874711,0.8925164116284443,0.8925164,0,0,0,0,-,-,693.1471805599452,693.1472,0.7829395351115446,0.7829395,0.0,0.0,0,0,0,0,0,0,0,0,0,0,0,0,0,0,0,0,0.0,0.0,0.0,0.0,0.4387928964114273,0.4387929,0,0,0.31405113352719805,0.3140511,0,0,0.6973849643868872,0.697385,0,0,7.549517e-15
battery at 10L,p[labour]*0.5,3,CONVERGED,CONVERGED,561,561,0.3133704428404773,0.3133704,0.24942766219836576,0.2494277,14,14,0,0,-,-,1160.3692648017523,1160.369,0.3064821804725113,0.3064822,24.464365203134665,24.46437,0,0,0,0,0,0,9,9,6,6,14,14,0,0,0,0,0.0,0.0,0.0,0.0,0.49247523793332926,0.4924752,0,0,0.331962761716189,0.3319628,0,0,0.5047243974166684,0.5047244,0,0,8.881784e-15
battery at 10L,p[land]*0.5,3,CONVERGED,CONVERGED,526,526,0.6434002104436155,0.6434002,0.8964746200985909,0.8964746,0,0,0,0,-,-,771.2479965915809,771.248,0.43024569296632253,0.4302457,0.0,0.0,0,0,0,0,0,0,0,0,0,0,0,0,0,0,0,0,0.0,0.0,0.0,0.0,0.5837487344807724,0.5837487,0,0,0.4081258053545089,0.4081258,0,0,0.5895377858131888,0.5895378,0,0,6.8833830000000005e-15
battery at 10L,p[services]*0.5,3,CONVERGED,CONVERGED,584,584,0.5016488933764872,0.5016489,0.4788785195061544,0.4788785,0,0,0,0,-,-,693.1471805599452,693.1472,0.4476496536035811,0.4476497,1.3930303608273114,1.39303,0,0,0,0,0,0,0,0,0,0,0,0,0,0,0,0,0.0,0.0,0.0,0.0,0.4738931180822209,0.4738931,0,0,0.32978655276491264,0.3297866,0,0,0.5101081253552883,0.5101081,0,0,7.549517e-15
battery at 10L,p[goods]*0.5,3,CONVERGED,CONVERGED,557,557,0.45079886180278683,0.4507989,0.8072506539204933,0.8072507,19,19,0,0,-,-,796.7340216582417,796.734,0.4371813132735095,0.4371813,0.0,0.0,0,0,0,0,0,0,0,0,0,0,19,19,0,0,0,0,0.0,0.0,0.0,0.0,0.4613908329132522,0.4613908,0,0,0.33844602686008113,0.338446,0,0,0.5020801803538181,0.5020802,0,0,5.329071e-15
battery at 10L,p[mach]*0.5,3,CONVERGED,CONVERGED,685,685,0.22147955199811026,0.2214796,0.942574842758314,0.9425748,85,85,0,0,-,-,2281.153732941643,2281.154,0.22040571718407836,0.2204057,524.1689151952967,524.1689,0,0,0,0,27,27,57,57,85,85,77,77,0,0,0,0,0.0,0.0,0.0,0.0,0.6631249486226384,0.6631249,0,0,0.38807889118057576,0.3880789,0,0,0.5792952896950568,0.5792953,0,0,8.881784e-15
battery at 10L,p[labour.trained]*0.5,3,CONVERGED,CONVERGED,463,463,0.5757390897049977,0.5757391,0.9240890956598964,0.9240891,0,0,0,0,-,-,693.1471805599452,693.1472,0.5210417785456078,0.5210418,0.0,0.0,0,0,0,0,0,0,0,0,0,0,0,0,0,0,0,0,0.0,0.0,0.0,0.0,0.46247438048027645,0.4624744,0,0,0.3393933453906479,0.3393933,0,0,0.47913596395184155,0.479136,0,0,7.327472e-15
battery at 10L,p[labour.master]*0.5,3,CONVERGED,CONVERGED,415,415,0.6115067421989756,0.6115067,0.9168026408279285,0.9168026,0,0,0,0,-,-,693.1471805599452,693.1472,0.5289876218953437,0.5289876,0.0,0.0,0,0,0,0,0,0,0,0,0,0,0,0,0,0,0,0,0.0,0.0,0.0,0.0,0.43621693545424023,0.4362169,0,0,0.31485959171636163,0.3148596,0,0,0.5003737760491377,0.5003738,0,0,8.437695e-15
battery at 10L,s[services]=0.5,3,CONVERGED,CONVERGED,574,574,0.22199013444545773,0.2219901,0.942574842758311,0.9425748,21,21,0,0,-,-,1505.1223375321936,1505.122,0.2149753682239142,0.2149754,28.862583586223955,28.86258,0,0,0,0,0,0,5,5,21,21,1,1,12,12,0,0,0.475614712250357,0.4756147,0.0,0.0,0.5880606276781561,0.5880606,0,0,0.35825385273523025,0.3582539,0,0,0.5083908937252016,0.5083909,0,0,1.199041e-14
battery at 10L,s[goods]=0.5,3,CONVERGED,CONVERGED,593,593,0.13592286094485645,0.1359229,0.942574842758311,0.9425748,57,57,0,0,-,-,1995.667753099131,1995.668,0.12798141645373298,0.1279814,112.92269116026165,112.9227,0,0,0,0,0,0,39,39,23,23,46,46,0,0,31,31,0.0,0.0,0.475614712250357,0.4756147,0.5644007566370098,0.5644008,0,0,0.3512082181679164,0.3512082,0,0,0.5384443095125997,0.5384443,0,0,3.552714e-15
battery at 10L,JA(2),3,CONVERGED,CONVERGED,539,539,0.5337212315656679,0.5337212,0.6395445930128872,0.6395446,1,1,0,0,-,-,774.3006369501421,774.3006,0.7848996515175832,0.7848997,13.963195338032348,13.9632,0,0,0,0,0,0,1,1,0,0,0,0,0,0,0,0,0.0,0.0,0.0,0.0,0.5775048391462102,0.5775048,0,0,0.4081258053545089,0.4081258,0,0,0.5895377858131888,0.5895378,0,0,1.065814e-14
battery at 10L,JA(0.5),3,CONVERGED,CONVERGED,705,705,0.15554942262522314,0.1555494,0.5708219860703838,0.570822,117,117,0,0,-,-,2400.7615202639504,2400.762,0.09669865474890792,0.09669865,686.8489600676078,686.849,0,0,0,0,30,30,84,84,115,115,115,115,0,0,0,0,0.0,0.0,0.0,0.0,0.6463308761507655,0.6463309,0,0,0.3764435392318252,0.3764435,0,0,0.5644198643745194,0.5644199,0,0,1.0436100000000001e-14
battery at 10L,JB(2),3,CONVERGED,CONVERGED,656,656,0.3487466781736145,0.3487467,0.9425748427583145,0.9425748,59,59,0,0,-,-,1985.3377740570293,1985.338,0.2884432012255773,0.2884432,364.9354389945502,364.9354,0,0,0,0,19,19,41,41,59,59,53,53,0,0,0,0,0.0,0.0,0.0,0.0,0.6621215397053826,0.6621215,0,0,0.42392652276781023,0.4239265,0,0,0.6307260885571531,0.6307261,0,0,6.439294e-15
battery at 10L,JB(0.5),3,CONVERGED,CONVERGED,629,629,0.2608596330698273,0.2608596,-0.4437195183615795,-0.4437195,87,87,11,11,0,0,1549.1002260931532,1549.1,0.18640217303627143,0.1864022,224.11329334458114,224.1133,0,0,0,0,15,15,66,66,87,87,87,87,47,47,56,56,0.10065432402107258,0.1006543,0.10065432402107258,0.1006543,0.5377996451977028,0.5377996,0,0,0.3466415179467228,0.3466415,0,0,0.5249099530516572,0.52491,0,0,1.110223e-14
battery at 10L,N(2),3,CONVERGED,CONVERGED,522,522,0.44248820359856517,0.4424882,0.3905194971551989,0.3905195,4,4,0,0,-,-,815.3414734238138,815.3415,0.9725277407983265,0.9725277,28.95688604691633,28.95689,0,0,0,0,4,4,1,1,4,4,4,4,0,0,0,0,0.0,0.0,0.0,0.0,0.4445991107705124,0.4445991,0,0,0.3168492126588636,0.3168492,0,0,0.47592850095506767,0.4759285,0,0,1.088019e-14
battery at 10L,N(0.5),3,CONVERGED,CONVERGED,594,594,0.4683172297046058,0.4683172,0.942574842758311,0.9425748,16,16,0,0,-,-,1225.9866034569784,1225.987,0.25929285213691355,0.2592929,45.419002076730024,45.419,0,0,0,0,0,0,0,0,16,16,0,0,0,0,0,0,0.0,0.0,0.0,0.0,0.5866215567333299,0.5866216,0,0,0.40907307161924517,0.4090731,0,0,0.6203142124258814,0.6203142,0,0,6.217249e-15
battery at 10L,RC(2),3,CONVERGED,CONVERGED,565,565,0.3791071231031697,0.3791071,0.942574842758311,0.9425748,35,35,0,0,-,-,969.9364671265566,969.9365,0.4278950564666564,0.4278951,0.0,0.0,0,0,0,0,0,0,0,0,0,0,35,35,0,0,24,24,0.0,0.0,0.0,0.0,0.5260765427374383,0.5260765,0,0,0.41550503562418883,0.415505,0,0,0.594760199355226,0.5947602,0,0,5.77316e-15
battery at 10L,RC(0.5),3,CONVERGED,CONVERGED,598,598,0.4601388321844023,0.4601388,0.5200804366682957,0.5200804,18,18,0,0,-,-,784.8624124476186,784.8624,0.4654680245619203,0.465468,10.942895159378697,10.9429,0,0,0,0,0,0,0,0,17,17,0,0,17,17,0,0,0.0,0.0,0.0,0.0,0.4951846356800865,0.4951846,0,0,0.3561328092971664,0.3561328,0,0,0.612467391472085,0.6124674,0,0,1.2434500000000001e-14
battery at 10L,RW(2),3,CONVERGED,CONVERGED,469,469,0.5757390897049978,0.5757391,0.9425748427583129,0.9425748,0,0,0,0,-,-,693.1471805599452,693.1472,0.5289876218953437,0.5289876,0.0,0.0,0,0,0,0,0,0,0,0,0,0,0,0,0,0,0,0,0.0,0.0,0.0,0.0,0.7194499363669058,0.7194499,0,0,0.3321834982932505,0.3321835,0,0,0.4901339489910871,0.4901339,0,0,5.995204e-15
battery at 10L,RW(0.5),3,CONVERGED,CONVERGED,568,568,0.3960091021030299,0.3960091,0.24942766219836576,0.2494277,10,10,0,0,-,-,926.3180828831486,926.3181,0.3796730974850825,0.3796731,36.39532841388975,36.39533,0,0,0,0,0,0,3,3,1,1,9,9,0,0,0,0,0.0,0.0,0.0,0.0,0.4985254858759805,0.4985255,0,0,0.49676221709121393,0.4967622,0,0,0.6973849643868872,0.697385,0,0,9.992007e-15
battery at 10L,x*/2,3,CONVERGED,CONVERGED,667,667,0.0,0.0,0.942574842758311,0.9425748,83,83,0,0,-,-,inf,inf,0.0,0.0,444.1518491479709,444.1518,1,1,0,0,24,24,60,60,82,82,82,82,45,45,37,37,0.475614712250357,0.4756147,0.475614712250357,0.4756147,0.6629866407781493,0.6629866,0,0,0.39584127950334586,0.3958413,0,0,0.557885942303121,0.5578859,0,0,7.327472e-15
battery at 10L,land.mach=0.8@genesis,3,CONVERGED,CONVERGED,565,565,0.16483858606201324,0.1648386,0.1280767838042905,0.1280768,93,93,0,0,-,-,2139.0802106525803,2139.08,0.2037483758516456,0.2037484,705.3178049017408,705.3178,0,0,0,0,27,27,63,63,93,93,92,92,0,0,0,0,0.0,0.0,0.0,0.0,0.45886482320574173,0.4588648,0,0,0.30775401727211155,0.307754,0,0,0.46153846153846145,0.4615385,0,0,9.547918e-15
battery at 10L,land.mach=0.8@dated,3,CONVERGED,CONVERGED,565,565,0.1642437830006201,0.1642438,0.1280267591790004,0.1280268,94,94,0,0,-,-,2140.0411902106425,2140.041,0.2035793312318729,0.2035793,706.1369955148413,706.137,0,0,0,0,28,28,64,64,93,93,93,93,0,0,0,0,0.0,0.0,0.0,0.0,0.4589272917043455,0.4589273,0,0,0.30775401727211155,0.307754,0,0,0.46153846153846145,0.4615385,0,0,6.661338e-15
battery at 10L,land.mach=0.2@genesis,3,CONVERGED,CONVERGED,557,557,0.5691617246231984,0.5691617,0.942574842758311,0.9425748,0,0,0,0,-,-,603.9942924065705,603.9943,0.6434002104436156,0.6434002,0.0,0.0,0,0,0,0,0,0,0,0,0,0,0,0,0,0,0,0,0.0,0.0,0.0,0.0,0.5411453099239119,0.5411453,0,0,0.3708536288045565,0.3708536,0,0,0.5548279029259342,0.5548279,0,0,1.221245e-14
battery at 10L,land.mach=0.2@dated,3,CONVERGED,CONVERGED,557,557,0.569161724623198,0.5691617,0.942574842758311,0.9425748,0,0,0,0,-,-,603.9942924065705,603.9943,0.6434002104436152,0.6434002,0.0,0.0,0,0,0,0,0,0,0,0,0,0,0,0,0,0,0,0,0.0,0.0,0.0,0.0,0.5412288693763704,0.5412289,0,0,0.370874495440092,0.3708745,0,0,0.5548781648241574,0.5548782,0,0,1.2434500000000001e-14
battery at 10L,tail.services=0.2@genesis,3,CONVERGED,CONVERGED,683,683,0.5157289457335273,0.5157289,0.942574842758311,0.9425748,0,0,0,0,-,-,958.6153906968534,958.6154,0.5041846895335284,0.5041847,33.69556232819833,33.69556,0,0,0,0,0,0,0,0,0,0,0,0,0,0,0,0,0.0,0.0,0.0,0.0,0.7481827819448512,0.7481828,0,0,0.3131168129796801,0.3131168,0,0,0.47683833246355406,0.4768383,0,0,1.199041e-14
battery at 10L,tail.services=0.2@dated,3,CONVERGED,CONVERGED,675,675,0.5127552168415053,0.5127552,0.942574842758311,0.9425748,0,0,0,0,-,-,958.6153906968534,958.6154,0.5059503658163255,0.5059504,28.598190506955234,28.59819,0,0,0,0,0,0,0,0,0,0,0,0,0,0,0,0,0.0,0.0,0.0,0.0,0.746865726935918,0.7468657,0,0,0.31272645721129555,0.3127265,0,0,0.4757682845262574,0.4757683,0,0,1.820766e-14
battery at 10L,tail.services=0.05@genesis,3,CONVERGED,CONVERGED,384,384,0.9249325503371826,0.9249326,0.3985784175107578,0.3985784,0,0,0,0,-,-,585.4655565343056,585.4656,0.8529053763136153,0.8529054,0.0,0.0,0,0,0,0,0,0,0,0,0,0,0,0,0,0,0,0,0.0,0.0,0.0,0.0,0.423076923076923,0.4230769,0,0,0.351784067689406,0.3517841,0,0,0.4753335738887519,0.4753336,0,0,4.884981e-15
battery at 10L,tail.services=0.05@dated,3,CONVERGED,CONVERGED,384,384,0.9249325503371826,0.9249326,0.3985784175107578,0.3985784,0,0,0,0,-,-,585.4655565343056,585.4656,0.8529053763136153,0.8529054,0.0,0.0,0,0,0,0,0,0,0,0,0,0,0,0,0,0,0,0,0.0,0.0,0.0,0.0,0.423076923076923,0.4230769,0,0,0.351784067689406,0.3517841,0,0,0.4753335738887519,0.4753336,0,0,5.329071e-15
battery at 10L,res.services.trained=0.08@genesis,3,CONVERGED,CONVERGED,576,576,0.5000000000000001,0.5,0.7295501982033182,0.7295502,0,0,0,0,-,-,1256.3698391827868,1256.37,0.5009317648106525,0.5009318,1.7758974336830404,1.775897,0,0,0,0,0,0,0,0,0,0,0,0,0,0,0,0,0.0,0.0,0.0,0.0,0.4286343568848221,0.4286344,0,0,0.6178470616196088,0.6178471,0,0,0.4686861792416154,0.4686862,0,0,1.84297e-14
battery at 10L,res.services.trained=0.08@dated,3,CONVERGED,CONVERGED,575,575,0.49999999999999994,0.5,0.728408036636258,0.728408,0,0,0,0,-,-,1256.3698391827868,1256.37,0.5009317648106524,0.5009318,1.7181391013042688,1.718139,0,0,0,0,0,0,0,0,0,0,0,0,0,0,0,0,0.0,0.0,0.0,0.0,0.4285876030420424,0.4285876,0,0,0.6178234231000016,0.6178234,0,0,0.46863104427778624,0.468631,0,0,1.820766e-14
battery at 10L,res.services.trained=0.02@genesis,3,CONVERGED,CONVERGED,423,423,0.8130393883936556,0.8130394,0.9142648289292444,0.9142648,0,0,0,0,-,-,889.9041262080345,889.9041,0.8227975811052473,0.8227976,0.0,0.0,0,0,0,0,0,0,0,0,0,0,0,0,0,0,0,0,0.0,0.0,0.0,0.0,0.4572459570423595,0.457246,0,0,0.30769230769230765,0.3076923,0,0,0.4815622787310413,0.4815623,0,0,9.547918e-15
battery at 10L,res.services.trained=0.02@dated,3,CONVERGED,CONVERGED,424,424,0.8106111133543923,0.8106111,0.9142648289292439,0.9142648,0,0,0,0,-,-,889.9041262080345,889.9041,0.8215463936388567,0.8215464,0.0,0.0,0,0,0,0,0,0,0,0,0,0,0,0,0,0,0,0,0.0,0.0,0.0,0.0,0.4576370325838954,0.457637,0,0,0.30769230769230765,0.3076923,0,0,0.4816619250266363,0.4816619,0,0,8.437695e-15
tier3s at 10L,stock.services*0.5,3S,CONVERGED,CONVERGED,336,336,0.5,0.5,0.9332611178149527,0.9332611,0,0,0,0,-,-,693.1471805599452,693.1472,0.5000000000000001,0.5,0.0,0.0,0,0,0,0,0,0,0,0,0,0,0,0,0,0,0,0,0.0,0.0,0.0,0.0,0.4289367189965161,0.4289367,0,0,0.3136835686452285,0.3136836,0,0,0.46504497254961585,0.465045,0,0,9.103829e-15
tier3s at 10L,stock.services*2,3S,CONVERGED,CONVERGED,359,359,0.95089161438983,0.9508916,0.910498486670964,0.9104985,0,0,0,0,-,-,54.03704496849273,54.03704,0.936429694555552,0.9364297,0.0,0.0,0,0,0,0,0,0,0,0,0,0,0,0,0,0,0,0,0.0,0.0,0.0,0.0,0.427240188644512,0.4272402,0,0,0.30978443118185994,0.3097844,0,0,0.4662897883038404,0.4662898,0,0,8.21565e-15
tier3s at 10L,stock.goods*0.5,3S,CONVERGED,CONVERGED,290,290,0.5,0.5,0.9341998334156832,0.9341998,0,0,0,0,-,-,693.1471805599452,693.1472,0.5000000000000001,0.5,0.0,0.0,0,0,0,0,0,0,0,0,0,0,0,0,0,0,0,0,0.0,0.0,0.0,0.0,0.42553535296336786,0.4255354,0,0,0.3087898661863148,0.3087899,0,0,0.46929884324122306,0.4692988,0,0,7.771561000000001e-15
tier3s at 10L,stock.goods*2,3S,CONVERGED,CONVERGED,342,342,0.9484331373688186,0.9484331,0.9290092231466598,0.9290092,0,0,0,0,-,-,52.94398511362228,52.94399,0.939529108958721,0.9395291,0.0,0.0,0,0,0,0,0,0,0,0,0,0,0,0,0,0,0,0,0.0,0.0,0.0,0.0,0.42620885243226697,0.4262089,0,0,0.3105039632842534,0.310504,0,0,0.46453813122341553,0.4645381,0,0,7.327472e-15
tier3s at 10L,stock.mach*0.5,3S,CONVERGED,CONVERGED,366,366,0.28571428571428586,0.2857143,0.9034405950366118,0.9034406,2,2,0,0,-,-,1252.7629684953679,1252.763,0.2857142857142858,0.2857143,0.0,0.0,0,0,0,0,0,0,1,1,1,1,1,1,0,0,0,0,0.0,0.0,0.0,0.0,0.4318396222357508,0.4318396,0,0,0.31181256656368256,0.3118126,0,0,0.46743327251220923,0.4674333,0,0,8.437695e-15
tier3s at 10L,stock.mach*2,3S,CONVERGED,CONVERGED,370,370,0.9541189702356672,0.954119,0.9309560509857033,0.9309561,0,0,0,0,-,-,80.14752727944382,80.14753,0.94252992796952,0.9425299,0.0,0.0,0,0,0,0,0,0,0,0,0,0,0,0,0,0,0,0,0.0,0.0,0.0,0.0,0.4306969100049442,0.4306969,0,0,0.31440271129967673,0.3144027,0,0,0.46876233568512116,0.4687623,0,0,9.547918e-15
tier3s at 10L,coin.desk.services*0.5,3S,CONVERGED,CONVERGED,501,501,0.5000000000000001,0.5,0.7523339763065866,0.752334,0,0,0,0,-,-,693.1471805599452,693.1472,0.5048397792240513,0.5048398,0.0,0.0,0,0,0,0,0,0,0,0,0,0,0,0,0,0,0,0,0.0,0.0,0.0,0.0,0.45715942844267854,0.4571594,0,0,0.33893185110324314,0.3389319,0,0,0.48927389497906326,0.4892739,0,0,1.0436100000000001e-14
tier3s at 10L,coin.desk.services*2,3S,CONVERGED,CONVERGED,512,512,0.3465520771843505,0.3465521,0.8912181995300642,0.8912182,8,8,0,0,-,-,1059.7221767409962,1059.722,0.33716403243241716,0.337164,0.0,0.0,0,0,0,0,0,0,1,1,0,0,8,8,0,0,0,0,0.0,0.0,0.0,0.0,0.48771910004882957,0.4877191,0,0,0.3740114193425613,0.3740114,0,0,0.5274364608877812,0.5274365,0,0,7.1054270000000005e-15
tier3s at 10L,coin.desk.goods*0.5,3S,CONVERGED,CONVERGED,457,457,0.5000000000000001,0.5,0.8173293935434502,0.8173294,0,0,0,0,-,-,693.1471805599454,693.1472,0.5025294645072735,0.5025295,0.0,0.0,0,0,0,0,0,0,0,0,0,0,0,0,0,0,0,0,0.0,0.0,0.0,0.0,0.44276620380842474,0.4427662,0,0,0.31613596031847485,0.316136,0,0,0.5026503763439798,0.5026504,0,0,8.659739999999999e-15
tier3s at 10L,coin.desk.goods*2,3S,CONVERGED,CONVERGED,519,519,0.6363636363636367,0.6363636,0.8026564637126719,0.8026565,0,0,0,0,-,-,451.9851237430567,451.9851,0.5,0.5,0.0,0.0,0,0,0,0,0,0,0,0,0,0,0,0,0,0,0,0,0.0,0.0,0.0,0.0,0.479391195460593,0.4793912,0,0,0.35706574597517055,0.3570657,0,0,0.5784635653733243,0.5784636,0,0,7.771561000000001e-15
tier3s at 10L,coin.desk.mach*0.5,3S,CONVERGED,CONVERGED,534,534,0.5425726394962499,0.5425726,0.6429617517002099,0.6429618,0,0,0,0,-,-,693.1471805599452,693.1472,0.5335229613933152,0.533523,0.0,0.0,0,0,0,0,0,0,0,0,0,0,0,0,0,0,0,0,0.0,0.0,0.0,0.0,0.46189709257059164,0.4618971,0,0,0.3219724045807729,0.3219724,0,0,0.4889963391740104,0.4889963,0,0,7.771561000000001e-15
tier3s at 10L,coin.desk.mach*2,3S,CONVERGED,CONVERGED,550,550,0.5714285714285716,0.5714286,0.942574842758311,0.9425748,0,0,0,0,-,-,559.6157879354225,559.6158,0.5582721066197737,0.5582721,0.0,0.0,0,0,0,0,0,0,0,0,0,0,0,0,0,0,0,0,0.0,0.0,0.0,0.0,0.47721442475531284,0.4772144,0,0,0.3573634607327866,0.3573635,0,0,0.5165867373498089,0.5165867,0,0,8.881784e-15
tier3s at 10L,coin.workers*0.5,3S,CONVERGED,CONVERGED,320,320,0.8012926938238859,0.8012927,0.8882999827531389,0.8883,0,0,0,0,-,-,221.52898814322972,221.529,0.9730538319844532,0.9730538,0.0,0.0,0,0,0,0,0,0,0,0,0,0,0,0,0,0,0,0,0.0,0.0,0.0,0.0,0.42756344355429826,0.4275634,0,0,0.31033344258573126,0.3103334,0,0,0.46503822071682777,0.4650382,0,0,8.881784e-15
tier3s at 10L,coin.workers*2,3S,CONVERGED,CONVERGED,543,543,0.6853507322536413,0.6853507,0.8628897872921436,0.8628898,0,0,0,0,-,-,617.4946806743343,617.4947,0.5144427166568946,0.5144427,0.0,0.0,0,0,0,0,0,0,0,0,0,0,0,0,0,0,0,0,0.0,0.0,0.0,0.0,0.48771061312158426,0.4877106,0,0,0.34591865044457903,0.3459187,0,0,0.5234386323553811,0.5234386,0,0,9.547918e-15
tier3s at 10L,coin.workers.trained*0.5,3S,CONVERGED,CONVERGED,274,274,0.9179926371446151,0.9179926,0.9206104413737672,0.9206104,0,0,0,0,-,-,85.56590893344625,85.56591,0.988609664705741,0.9886097,0.0,0.0,0,0,0,0,0,0,0,0,0,0,0,0,0,0,0,0,0.0,0.0,0.0,0.0,0.4249875456947675,0.4249875,0,0,0.30882270007267415,0.3088227,0,0,0.46303737063560657,0.4630374,0,0,9.992007e-15
tier3s at 10L,coin.workers.trained*2,3S,CONVERGED,CONVERGED,461,461,0.850270577004767,0.8502706,0.9073371089784763,0.9073371,0,0,0,0,-,-,275.72180966058437,275.7218,0.7492271358954928,0.7492271,0.0,0.0,0,0,0,0,0,0,0,0,0,0,0,0,0,0,0,0,0.0,0.0,0.0,0.0,0.451183921540283,0.4511839,0,0,0.3273320321756778,0.327332,0,0,0.4928395297081998,0.4928395,0,0,8.659739999999999e-15
tier3s at 10L,coin.workers.master*0.5,3S,CONVERGED,CONVERGED,218,218,0.9447446523909937,0.9447447,0.927831847520215,0.9278318,0,0,0,0,-,-,56.84059711151304,56.8406,0.9922621760785685,0.9922622,0.0,0.0,0,0,0,0,0,0,0,0,0,0,0,0,0,0,0,0,0.0,0.0,0.0,0.0,0.4243749262106431,0.4243749,0,0,0.3084612270538134,0.3084612,0,0,0.4625582198894932,0.4625582,0,0,6.217249e-15
tier3s at 10L,coin.workers.master*2,3S,CONVERGED,CONVERGED,438,438,0.8956385265689958,0.8956385,0.9172797738194147,0.9172798,0,0,0,0,-,-,189.36150850977944,189.3615,0.8211411463609843,0.8211411,0.0,0.0,0,0,0,0,0,0,0,0,0,0,0,0,0,0,0,0,0.0,0.0,0.0,0.0,0.442242924930998,0.4422429,0,0,0.3215736855294036,0.3215737,0,0,0.4836224268782362,0.4836224,0,0,8.437695e-15
tier3s at 10L,coin.provider*0.5,3S,CONVERGED,CONVERGED,326,326,0.77845822023907,0.7784582,0.8817929265435777,0.8817929,0,0,0,0,-,-,250.439956150046,250.44,0.9700362018668083,0.9700362,0.0,0.0,0,0,0,0,0,0,0,0,0,0,0,0,0,0,0,0,0.0,0.0,0.0,0.0,0.42805224042668233,0.4280522,0,0,0.3106185908414449,0.3106186,0,0,0.4654155603730035,0.4654156,0,0,6.217249e-15
tier3s at 10L,coin.provider*2,3S,CONVERGED,CONVERGED,548,548,0.658464799383518,0.6584648,0.8527652039445573,0.8527652,0,0,0,0,-,-,679.1390809730357,679.1391,0.4798150580548677,0.4798151,3.5997009001791787,3.599701,0,0,0,0,0,0,0,0,0,0,0,0,0,0,0,0,0.0,0.0,0.0,0.0,0.49442737876841036,0.4944274,0,0,0.3489009949409646,0.348901,0,0,0.5282893544314647,0.5282894,0,0,9.769963000000001e-15
stocks,coin.desk.services*0.02,3,CONVERGED,CONVERGED,626,626,0.02000000000000011,0.02,0.33202858249534584,0.3320286,77,77,0,0,-,-,3912.023005428146,3912.023,0.020382997649373014,0.020383,230.2736926962488,230.2737,0,0,21,21,18,18,36,36,76,76,53,53,28,28,0,0,0.0,0.0,0.0,0.0,0.5626010965560797,0.5626011,0,0,0.3781756402635341,0.3781756,0,0,0.5435878899807712,0.5435879,0,0,7.327472e-15
stocks,coin.desk.services*0.1,3,CONVERGED,CONVERGED,605,605,0.1000000000000001,0.1,0.4509885830518014,0.4509886,65,65,0,0,-,-,2302.5850929940457,2302.585,0.10175591772727552,0.1017559,125.74436208402578,125.7444,0,0,13,13,5,5,29,29,62,62,41,41,20,20,0,0,0.0,0.0,0.0,0.0,0.5288539931607259,0.528854,0,0,0.3743908346848806,0.3743908,0,0,0.530270506526119,0.5302705,0,0,7.771561000000001e-15
stocks,coin.desk.services*0.5,3,CONVERGED,CONVERGED,501,501,0.5000000000000001,0.5,0.7523339763065866,0.752334,0,0,0,0,-,-,693.1471805599452,693.1472,0.5048397792240513,0.5048398,0.0,0.0,0,0,0,0,0,0,0,0,0,0,0,0,0,0,0,0,0.0,0.0,0.0,0.0,0.45715942844267854,0.4571594,0,0,0.33893185110324314,0.3389319,0,0,0.48927389497906326,0.4892739,0,0,1.0436100000000001e-14
stocks,coin.desk.services*2,3,CONVERGED,CONVERGED,512,512,0.3465520771843505,0.3465521,0.8912181995300642,0.8912182,8,8,0,0,-,-,1059.7221767409962,1059.722,0.33716403243241716,0.337164,0.0,0.0,0,0,0,0,0,0,1,1,0,0,8,8,0,0,0,0,0.0,0.0,0.0,0.0,0.48771910004882957,0.4877191,0,0,0.3740114193425613,0.3740114,0,0,0.5274364608877812,0.5274365,0,0,7.1054270000000005e-15
stocks,coin.desk.goods*0.02,3,CONVERGED,CONVERGED,564,564,0.02000000000000011,0.02,0.6580627574526388,0.6580628,49,49,0,0,-,-,3912.023005428146,3912.023,0.020199277824443664,0.02019928,56.18500893218286,56.18501,0,0,0,0,0,0,3,3,19,19,39,39,0,0,29,29,0.0,0.0,0.0,0.0,0.4930594447005005,0.4930594,0,0,0.33721940531151456,0.3372194,0,0,0.5793944168274923,0.5793944,0,0,7.1054270000000005e-15
stocks,coin.desk.goods*0.1,3,CONVERGED,CONVERGED,550,550,0.10000000000000012,0.1,0.685608883276183,0.6856089,28,28,0,0,-,-,2302.585092994045,2302.585,0.10091430755623813,0.1009143,24.69366899989051,24.69367,0,0,0,0,0,0,1,1,5,5,22,22,0,0,22,22,0.0,0.0,0.0,0.0,0.47785657453415975,0.4778566,0,0,0.3308296148764349,0.3308296,0,0,0.5598469695695716,0.559847,0,0,8.881784e-15
stocks,coin.desk.goods*0.5,3,CONVERGED,CONVERGED,457,457,0.5000000000000001,0.5,0.8173293935434502,0.8173294,0,0,0,0,-,-,693.1471805599454,693.1472,0.5025294645072735,0.5025295,0.0,0.0,0,0,0,0,0,0,0,0,0,0,0,0,0,0,0,0,0.0,0.0,0.0,0.0,0.44276620380842474,0.4427662,0,0,0.31613596031847485,0.316136,0,0,0.5026503763439798,0.5026504,0,0,8.659739999999999e-15
stocks,coin.desk.goods*2,3,CONVERGED,CONVERGED,519,519,0.6363636363636367,0.6363636,0.8026564637126719,0.8026565,0,0,0,0,-,-,451.9851237430567,451.9851,0.5,0.5,0.0,0.0,0,0,0,0,0,0,0,0,0,0,0,0,0,0,0,0,0.0,0.0,0.0,0.0,0.479391195460593,0.4793912,0,0,0.35706574597517055,0.3570657,0,0,0.5784635653733243,0.5784636,0,0,7.771561000000001e-15
stocks,coin.desk.mach*0.02,3,CONVERGED,CONVERGED,616,616,0.10185338727804877,0.1018534,0.0899900039596946,0.08999,66,66,0,0,-,-,3912.023005428146,3912.023,0.09869941222496573,0.09869941,212.7362814149775,212.7363,0,0,0,0,14,14,42,42,65,65,65,65,0,0,0,0,0.0,0.0,0.0,0.0,0.544071088193625,0.5440711,0,0,0.3473397421468564,0.3473397,0,0,0.5313946258760563,0.5313946,0,0,9.103829e-15
stocks,coin.desk.mach*0.1,3,CONVERGED,CONVERGED,598,598,0.17539681720252862,0.1753968,0.23498891632334518,0.2349889,55,55,0,0,-,-,2302.585092994045,2302.585,0.1703666688313384,0.1703667,128.43258422402687,128.4326,0,0,0,0,6,6,37,37,54,54,54,54,0,0,0,0,0.0,0.0,0.0,0.0,0.5221962323386605,0.5221962,0,0,0.3411639163971702,0.3411639,0,0,0.5220382748022147,0.5220383,0,0,7.993606e-15
stocks,coin.desk.mach*0.5,3,CONVERGED,CONVERGED,534,534,0.5425726394962499,0.5425726,0.6429617517002099,0.6429618,0,0,0,0,-,-,693.1471805599452,693.1472,0.5335229613933152,0.533523,0.0,0.0,0,0,0,0,0,0,0,0,0,0,0,0,0,0,0,0,0.0,0.0,0.0,0.0,0.46189709257059164,0.4618971,0,0,0.3219724045807729,0.3219724,0,0,0.4889963391740104,0.4889963,0,0,7.771561000000001e-15
stocks,coin.desk.mach*2,3,CONVERGED,CONVERGED,550,550,0.5714285714285716,0.5714286,0.942574842758311,0.9425748,0,0,0,0,-,-,559.6157879354225,559.6158,0.5582721066197737,0.5582721,0.0,0.0,0,0,0,0,0,0,0,0,0,0,0,0,0,0,0,0,0.0,0.0,0.0,0.0,0.47721442475531284,0.4772144,0,0,0.3573634607327866,0.3573635,0,0,0.5165867373498089,0.5165867,0,0,8.881784e-15
stocks,stock.services*0.1,3,CONVERGED,CONVERGED,369,369,0.09999999999999999,0.1,0.9256181423659483,0.9256181,1,1,0,0,-,-,2302.585092994045,2302.585,0.1,0.1,0.0,0.0,0,0,0,0,0,0,0,0,1,1,0,0,0,0,0,0,0.0,0.0,0.0,0.0,0.43365313819470275,0.4336531,0,0,0.3184687091249273,0.3184687,0,0,0.46788191086408065,0.4678819,0,0,7.1054270000000005e-15
stocks,stock.services*0.5,3,CONVERGED,CONVERGED,336,336,0.5,0.5,0.9332611178149527,0.9332611,0,0,0,0,-,-,693.1471805599452,693.1472,0.5000000000000001,0.5,0.0,0.0,0,0,0,0,0,0,0,0,0,0,0,0,0,0,0,0,0.0,0.0,0.0,0.0,0.4289367189965161,0.4289367,0,0,0.3136835686452285,0.3136836,0,0,0.46504497254961585,0.465045,0,0,9.103829e-15
stocks,stock.services*2,3,CONVERGED,CONVERGED,359,359,0.95089161438983,0.9508916,0.910498486670964,0.9104985,0,0,0,0,-,-,54.03704496849273,54.03704,0.936429694555552,0.9364297,0.0,0.0,0,0,0,0,0,0,0,0,0,0,0,0,0,0,0,0,0.0,0.0,0.0,0.0,0.427240188644512,0.4272402,0,0,0.30978443118185994,0.3097844,0,0,0.4662897883038404,0.4662898,0,0,8.21565e-15
stocks,stock.goods*0.1,3,CONVERGED,CONVERGED,321,321,0.09999999999999999,0.1,0.9274582981146918,0.9274583,1,1,0,0,-,-,2302.585092994045,2302.585,0.1,0.1,0.0,0.0,0,0,0,0,0,0,0,0,0,0,1,1,0,0,0,0,0.0,0.0,0.0,0.0,0.4275471017270072,0.4275471,0,0,0.3096833120971302,0.3096833,0,0,0.4755335208290641,0.4755335,0,0,8.21565e-15
stocks,stock.goods*0.5,3,CONVERGED,CONVERGED,290,290,0.5,0.5,0.9341998334156832,0.9341998,0,0,0,0,-,-,693.1471805599452,693.1472,0.5000000000000001,0.5,0.0,0.0,0,0,0,0,0,0,0,0,0,0,0,0,0,0,0,0,0.0,0.0,0.0,0.0,0.42553535296336786,0.4255354,0,0,0.3087898661863148,0.3087899,0,0,0.46929884324122306,0.4692988,0,0,7.771561000000001e-15
stocks,stock.goods*2,3,CONVERGED,CONVERGED,342,342,0.9484331373688186,0.9484331,0.9290092231466598,0.9290092,0,0,0,0,-,-,52.94398511362228,52.94399,0.939529108958721,0.9395291,0.0,0.0,0,0,0,0,0,0,0,0,0,0,0,0,0,0,0,0,0.0,0.0,0.0,0.0,0.42620885243226697,0.4262089,0,0,0.3105039632842534,0.310504,0,0,0.46453813122341553,0.4645381,0,0,7.327472e-15
stocks,stock.mach*0.1,3,CONVERGED,CONVERGED,456,456,1.1102230246251565e-16,1.154632e-16,0.8319505251949266,0.8319505,3,3,0,0,-,-,inf,inf,0.0,0.0,0.0,0.0,0,0,0,0,0,0,2,2,2,2,2,2,0,0,0,0,0.0,0.0,0.0,0.0,0.4469985217260338,0.4469985,0,0,0.3171897748143833,0.3171898,0,0,0.4773050764579244,0.4773051,0,0,1.021405e-14
stocks,stock.mach*0.5,3,CONVERGED,CONVERGED,366,366,0.28571428571428586,0.2857143,0.9034405950366118,0.9034406,2,2,0,0,-,-,1252.7629684953679,1252.763,0.2857142857142858,0.2857143,0.0,0.0,0,0,0,0,0,0,1,1,1,1,1,1,0,0,0,0,0.0,0.0,0.0,0.0,0.4318396222357508,0.4318396,0,0,0.31181256656368256,0.3118126,0,0,0.46743327251220923,0.4674333,0,0,8.437695e-15
stocks,stock.mach*2,3,CONVERGED,CONVERGED,370,370,0.9541189702356672,0.954119,0.9309560509857033,0.9309561,0,0,0,0,-,-,80.14752727944382,80.14753,0.94252992796952,0.9425299,0.0,0.0,0,0,0,0,0,0,0,0,0,0,0,0,0,0,0,0,0.0,0.0,0.0,0.0,0.4306969100049442,0.4306969,0,0,0.31440271129967673,0.3144027,0,0,0.46876233568512116,0.4687623,0,0,9.547918e-15
stocks,stock.mach*0.01,3,CONVERGED,CONVERGED,532,532,0.0,0.0,0.7193801150234872,0.7193801,5,5,0,0,-,-,inf,inf,0.0,0.0,0.0,0.0,2,2,0,0,0,0,4,4,4,4,4,4,0,0,0,0,0.0,0.0,0.0,0.0,0.4692095255144317,0.4692095,0,0,0.3234923643357674,0.3234924,0,0,0.49094483888850915,0.4909448,0,0,7.993606e-15
stocks,stock.mach*10,3,CONVERGED,CONVERGED,432,432,0.927983575218894,0.9279836,0.9247839571389054,0.924784,0,0,0,0,-,-,127.38101222613732,127.381,0.9104399201733833,0.9104399,0.0,0.0,0,0,0,0,0,0,0,0,0,0,0,0,0,0,0,0,0.0,0.0,0.0,0.0,0.435147615768015,0.4351476,0,0,0.31826621971374697,0.3182662,0,0,0.47289932882079344,0.4728993,0,0,6.8833830000000005e-15
stocks,coin.workers*0.1,3,CONVERGED,CONVERGED,390,390,0.6423268488829948,0.6423268,0.8415297046240368,0.8415297,0,0,0,0,-,-,442.6579944352619,442.658,0.9517746529586654,0.9517747,0.0,0.0,0,0,0,0,0,0,0,0,0,0,0,0,0,0,0,0,0.0,0.0,0.0,0.0,0.4308904456915924,0.4308904,0,0,0.31226613805590253,0.3122661,0,0,0.4675937829266206,0.4675938,0,0,7.993606e-15
stocks,coin.workers*2,3,CONVERGED,CONVERGED,543,543,0.6853507322536413,0.6853507,0.8628897872921436,0.8628898,0,0,0,0,-,-,617.4946806743343,617.4947,0.5144427166568946,0.5144427,0.0,0.0,0,0,0,0,0,0,0,0,0,0,0,0,0,0,0,0,0.0,0.0,0.0,0.0,0.48771061312158426,0.4877106,0,0,0.34591865044457903,0.3459187,0,0,0.5234386323553811,0.5234386,0,0,9.547918e-15
stocks,coin.workers.trained*0.1,3,CONVERGED,CONVERGED,303,303,0.8523867468603075,0.8523867,0.9026278294005655,0.9026278,0,0,0,0,-,-,159.71492690728044,159.7149,0.9798191125468673,0.9798191,0.0,0.0,0,0,0,0,0,0,0,0,0,0,0,0,0,0,0,0,0.0,0.0,0.0,0.0,0.4264530237955251,0.426453,0,0,0.3096839175028349,0.3096839,0,0,0.4641783220402289,0.4641783,0,0,9.325873000000001e-15
stocks,coin.workers.trained*2,3,CONVERGED,CONVERGED,461,461,0.850270577004767,0.8502706,0.9073371089784763,0.9073371,0,0,0,0,-,-,275.72180966058437,275.7218,0.7492271358954928,0.7492271,0.0,0.0,0,0,0,0,0,0,0,0,0,0,0,0,0,0,0,0,0.0,0.0,0.0,0.0,0.451183921540283,0.4511839,0,0,0.3273320321756778,0.327332,0,0,0.4928395297081998,0.4928395,0,0,8.659739999999999e-15
stocks,coin.workers.master*0.1,3,CONVERGED,CONVERGED,283,283,0.9005403743037889,0.9005404,0.915866544622518,0.9158665,0,0,0,0,-,-,104.76027994223267,104.7603,0.9862517916534754,0.9862518,0.0,0.0,0,0,0,0,0,0,0,0,0,0,0,0,0,0,0,0,0.0,0.0,0.0,0.0,0.42538224823129195,0.4253822,0,0,0.30905512718208883,0.3090551,0,0,0.4633453815417875,0.4633454,0,0,6.8833830000000005e-15
stocks,coin.workers.master*2,3,CONVERGED,CONVERGED,438,438,0.8956385265689958,0.8956385,0.9172797738194147,0.9172798,0,0,0,0,-,-,189.36150850977944,189.3615,0.8211411463609843,0.8211411,0.0,0.0,0,0,0,0,0,0,0,0,0,0,0,0,0,0,0,0,0.0,0.0,0.0,0.0,0.442242924930998,0.4422429,0,0,0.3215736855294036,0.3215737,0,0,0.4836224268782362,0.4836224,0,0,8.437695e-15
stocks,coin.provider*0.5,3,CONVERGED,CONVERGED,326,326,0.77845822023907,0.7784582,0.8817929265435777,0.8817929,0,0,0,0,-,-,250.439956150046,250.44,0.9700362018668083,0.9700362,0.0,0.0,0,0,0,0,0,0,0,0,0,0,0,0,0,0,0,0,0.0,0.0,0.0,0.0,0.42805224042668233,0.4280522,0,0,0.3106185908414449,0.3106186,0,0,0.4654155603730035,0.4654156,0,0,6.217249e-15
stocks,coin.provider*2,3,CONVERGED,CONVERGED,548,548,0.658464799383518,0.6584648,0.8527652039445573,0.8527652,0,0,0,0,-,-,679.1390809730357,679.1391,0.4798150580548677,0.4798151,3.5997009001791787,3.599701,0,0,0,0,0,0,0,0,0,0,0,0,0,0,0,0,0.0,0.0,0.0,0.0,0.49442737876841036,0.4944274,0,0,0.3489009949409646,0.348901,0,0,0.5282893544314647,0.5282894,0,0,9.769963000000001e-15
joint2,"joint(2,1)",3,CONVERGED,CONVERGED,578,578,0.31867472996440305,0.3186747,0.8140197705010715,0.8140198,40,40,0,0,-,-,1143.5843516833925,1143.584,0.42634181258151044,0.4263418,78.62399917501062,78.624,0,0,0,0,0,0,29,29,0,0,40,40,0,0,0,0,0.0,0.0,0.0,0.0,0.49287114685032385,0.4928711,0,0,0.3683175057171737,0.3683175,0,0,0.5158958989923141,0.5158959,0,0,7.993606e-15
joint2,"joint(2,2)",3,CONVERGED,CONVERGED,607,607,0.3418599028026903,0.3418599,0.6799827808416434,0.6799828,59,59,0,0,-,-,1284.5539249291985,1284.554,0.39047593866410785,0.3904759,176.78810430728052,176.7881,0,0,0,0,10,10,41,41,59,59,51,51,0,0,0,0,0.0,0.0,0.0,0.0,0.5351139814152492,0.535114,0,0,0.34400535082556943,0.3440054,0,0,0.5379623928472268,0.5379624,0,0,7.327472e-15
joint2,"joint(2,3)",3,CONVERGED,CONVERGED,654,654,0.12618957906614844,0.1261896,0.7857203283672802,0.7857203,99,99,0,0,-,-,2110.29425329488,2110.294,0.1684246939193647,0.1684247,529.1854207048884,529.1854,0,0,0,0,27,27,69,69,97,97,97,97,0,0,10,10,0.0,0.0,0.0,0.0,0.6059739132294293,0.6059739,0,0,0.36626609915768155,0.3662661,0,0,0.5562150859077886,0.5562151,0,0,7.1054270000000005e-15
joint2,"joint(2,4)",3,CONVERGED,CONVERGED,624,624,0.21359686698764513,0.2135969,0.698135065965134,0.6981351,80,80,0,0,-,-,1543.6648396645057,1543.665,0.31932475478446193,0.3193248,345.4665914886336,345.4666,0,0,0,0,24,24,57,57,79,79,79,79,0,0,0,0,0.0,0.0,0.0,0.0,0.5414978919038089,0.5414979,0,0,0.3472006993683216,0.3472007,0,0,0.5303442756586588,0.5303443,0,0,6.217249e-15
joint2,"joint(2,5)",3,CONVERGED,CONVERGED,686,686,0.12312899001778656,0.123129,0.45420091075458147,0.4542009,126,126,0,0,-,-,2433.053071534846,2433.053,0.17904973756984752,0.1790497,866.323978438762,866.324,0,0,33,33,36,36,87,87,114,114,125,125,0,0,0,0,0.0,0.0,0.0,0.0,0.6298350661678717,0.6298351,0,0,0.370426100198308,0.3704261,0,0,0.6398193485433042,0.6398193,0,0,7.1054270000000005e-15
joint2,"joint(2,6)",3,CONVERGED,CONVERGED,588,588,0.5173608852840389,0.5173609,0.5226230542519152,0.5226231,0,0,0,0,-,-,774.0257928859655,774.0258,0.41181724874395065,0.4118172,34.9787517113191,34.97875,0,0,0,0,0,0,0,0,0,0,0,0,0,0,0,0,0.0,0.0,0.0,0.0,0.6512891595332687,0.6512892,0,0,0.4901113091828249,0.4901113,0,0,0.5019736981656131,0.5019737,0,0,8.881784e-15
joint2,"joint(2,7)",3,CONVERGED,CONVERGED,559,559,0.6181531893328932,0.6181532,0.8557759769611202,0.855776,0,0,0,0,-,-,1249.7557562794782,1249.756,0.5385793652062975,0.5385794,0.0,0.0,0,0,0,0,0,0,0,0,0,0,0,0,0,0,0,0,0.0,0.0,0.0,0.0,0.6483506971815521,0.6483507,0,0,0.4182131378183516,0.4182131,0,0,0.5324217007580818,0.5324217,0,0,8.21565e-15
joint2,"joint(2,8)",3,CONVERGED,CONVERGED,678,678,0.22887809548740778,0.2288781,0.9425748427583142,0.9425748,82,82,0,0,-,-,2143.711428887048,2143.711,0.23090105255739507,0.2309011,497.1812750406164,497.1813,0,0,0,0,27,27,57,57,77,77,82,82,0,0,0,0,0.0,0.0,0.0,0.0,0.6423055745448448,0.6423056,0,0,0.3829396863917638,0.3829397,0,0,0.6162359399569453,0.6162359,0,0,7.327472e-15
joint2,"joint(2,9)",3,CONVERGED,CONVERGED,633,633,0.22771847492234484,0.2277185,0.4053622874271553,0.4053623,78,78,0,0,-,-,1589.634171957182,1589.634,0.27054287117273895,0.2705429,276.935596564736,276.9356,0,0,0,0,20,20,55,55,78,78,62,62,0,0,0,0,0.0,0.0,0.0,0.0,0.5625016250717035,0.5625016,0,0,0.35025434599844785,0.3502543,0,0,0.5498838253799199,0.5498838,0,0,4.440892e-15
joint2,"joint(2,10)",3,CONVERGED,CONVERGED,580,580,0.2706156844097683,0.2706157,-0.19832735386639472,-0.1983274,52,52,6,6,0,0,1327.6473412470827,1327.647,0.33411897504288707,0.334119,2.2435347712293243,2.243535,0,0,2,2,0,0,8,8,50,50,8,8,41,41,0,0,0.026284331116035196,0.02628433,0.026284331116035196,0.02628433,0.48640683751799335,0.4864068,0,0,0.40256945364781266,0.4025695,0,0,0.5083240692777556,0.5083241,0,0,7.549517e-15
joint2,"joint(2,11)",3,CONVERGED,CONVERGED,548,548,0.6812555747155548,0.6812556,0.9425748427583142,0.9425748,0,0,0,0,-,-,925.8676171443885,925.8676,0.46741090883556774,0.4674109,0.7343940801943025,0.7343941,0,0,0,0,0,0,0,0,0,0,0,0,0,0,0,0,0.0,0.0,0.0,0.0,0.5672806997199031,0.5672807,0,0,0.4296589482709159,0.4296589,0,0,0.6149947907818609,0.6149948,0,0,6.8833830000000005e-15
joint2,"joint(2,12)",3,CONVERGED,CONVERGED,594,594,0.3474832178352433,0.3474832,0.04099385492692928,0.04099385,50,50,0,0,-,-,1109.2243854267977,1109.224,0.4794867110205103,0.4794867,5.329947117719586,5.329947,0,0,28,28,0,0,0,0,49,49,0,0,47,47,1,1,0.0,0.0,0.0,0.0,0.45978076245942573,0.4597808,0,0,0.32151052980961614,0.3215105,0,0,0.49614527413461695,0.4961453,0,0,7.327472e-15
joint2,"joint(2,13)",3,CONVERGED,CONVERGED,542,542,0.5296275689177398,0.5296276,0.657043100527373,0.6570431,0,0,0,0,-,-,682.6122656830609,682.6123,0.48884915009472457,0.4888492,0.0,0.0,0,0,0,0,0,0,0,0,0,0,0,0,0,0,0,0,0.0,0.0,0.0,0.0,0.6381479671431357,0.638148,0,0,0.33097698535569076,0.330977,0,0,0.6153944861686368,0.6153945,0,0,1.199041e-14
joint2,"joint(2,14)",3,CONVERGED,CONVERGED,573,573,0.4110037915265866,0.4110038,0.21074433888757044,0.2107443,33,33,0,0,-,-,1155.52787070114,1155.528,0.3924433720417465,0.3924434,0.0,0.0,0,0,0,0,0,0,0,0,32,32,0,0,32,32,0,0,0.0,0.0,0.0,0.0,0.5857806969571935,0.5857807,0,0,0.3957603473204391,0.3957603,0,0,0.5602343101118886,0.5602343,0,0,5.77316e-15
joint2,"joint(2,15)",3,CONVERGED,CONVERGED,706,706,0.11334831398630803,0.1133483,0.7577379796389934,0.757738,111,111,0,0,-,-,2478.042347476903,2478.042,0.17928895893275218,0.179289,854.8097095914645,854.8097,0,0,0,0,36,36,73,73,109,109,111,111,0,0,0,0,0.0,0.0,0.0,0.0,0.6414331245909719,0.6414331,0,0,0.3905367766577262,0.3905368,0,0,0.565341280089155,0.5653413,0,0,6.8833830000000005e-15
joint2,"joint(2,16)",3,CONVERGED,CONVERGED,535,535,0.6619805602687013,0.6619806,0.5583729624141057,0.558373,0,0,0,0,-,-,1095.153169352469,1095.153,0.5831902073632559,0.5831902,0.0,0.0,0,0,0,0,0,0,0,0,0,0,0,0,0,0,0,0,0.0,0.0,0.0,0.0,0.5989416616611216,0.5989417,0,0,0.37318803754837054,0.373188,0,0,0.5287078968406145,0.5287079,0,0,8.881784e-15
joint2,"joint(2,17)",3,CONVERGED,CONVERGED,648,648,0.2590997117255456,0.2590997,0.9425748427583159,0.9425748,78,78,0,0,-,-,1945.4897823538151,1945.49,0.27220248419232496,0.2722025,331.8799219244327,331.8799,0,0,0,0,19,19,50,50,78,78,61,61,0,0,0,0,0.0,0.0,0.0,0.0,0.6263495675154951,0.6263496,0,0,0.39082573860628467,0.3908257,0,0,0.5624363698693399,0.5624364,0,0,7.327472e-15
joint2,"joint(2,18)",3,CONVERGED,CONVERGED,685,685,0.13741970564389883,0.1374197,0.634963173003913,0.6349632,101,101,0,0,-,-,2291.394316367654,2291.394,0.1869884199057078,0.1869884,676.7198118646846,676.7198,0,0,20,20,35,35,70,70,98,98,99,99,0,0,0,0,0.0,0.0,0.0,0.0,0.6417462758554144,0.6417463,0,0,0.39585359540212983,0.3958536,0,0,0.6021202729683987,0.6021203,0,0,1.132427e-14
joint2,"joint(2,19)",3,CONVERGED,CONVERGED,565,565,0.46912748578228125,0.4691275,0.4875348476110209,0.4875348,14,14,0,0,-,-,1166.9053445343266,1166.905,0.32852681431485664,0.3285268,0.0,0.0,0,0,0,0,0,0,0,0,0,0,13,13,0,0,13,13,0.0,0.0,0.0,0.0,0.7726941449583974,0.7726941,0,0,0.6354249730946367,0.635425,0,0,0.6039166483860795,0.6039166,0,0,5.995204e-15
joint2,"joint(2,20)",3,CONVERGED,CONVERGED,538,538,0.5315096076885176,0.5315096,0.9425748427583147,0.9425748,0,0,0,0,-,-,1119.838647362547,1119.839,0.31049428877451757,0.3104943,0.0,0.0,0,0,0,0,0,0,0,0,0,0,0,0,0,0,0,0,0.0,0.0,0.0,0.0,0.5564547380408951,0.5564547,0,0,0.39606901403097294,0.396069,0,0,0.8019157674163437,0.8019158,0,0,5.107026e-15
joint2,"joint(2,21)",3,CONVERGED,CONVERGED,711,711,0.032456973581114636,0.03245697,0.6011441255042753,0.6011441,123,123,0,0,-,-,3427.839956574642,3427.84,0.02798722071151344,0.02798722,1328.8792760114272,1328.879,0,0,46,46,47,47,78,78,121,121,121,121,13,13,0,0,0.0,0.0,0.0,0.0,0.677087261472967,0.6770873,0,0,0.3874074641710246,0.3874075,0,0,0.5763890885239698,0.5763891,0,0,9.325873000000001e-15
joint2,"joint(2,22)",3,CONVERGED,CONVERGED,615,615,0.2894191372105727,0.2894191,-0.0338766683041643,-0.03387667,75,75,10,10,29,29,1239.8793397748866,1239.879,0.3485435791336207,0.3485436,70.40680798452125,70.40681,0,0,44,44,0,0,10,10,75,75,14,14,55,55,0,0,0.009862322267556853,0.009862322,0.009862322267556853,0.009862322,0.4769334605736995,0.4769335,0,0,0.32762499730079525,0.327625,0,0,0.506805590935277,0.5068056,0,0,8.437695e-15
joint2,"joint(2,23)",3,CONVERGED,CONVERGED,589,589,0.37099705719395853,0.3709971,0.281780678335844,0.2817807,42,42,0,0,-,-,991.5611484979171,991.5611,0.41324811997278255,0.4132481,5.787702778100577,5.787703,0,0,0,0,0,0,0,0,41,41,0,0,41,41,0,0,0.0,0.0,0.0,0.0,0.5950089131092854,0.5950089,0,0,0.33504278295883777,0.3350428,0,0,0.5923434380260693,0.5923434,0,0,7.993606e-15
joint2,"joint(2,24)",3,CONVERGED,CONVERGED,580,580,0.39552701693125425,0.395527,0.1479547758433968,0.1479548,40,40,0,0,-,-,948.5528711932371,948.5529,0.3793359870118148,0.379336,2.1028732769502514,2.102873,0,0,8,8,0,0,0,0,39,39,0,0,38,38,0,0,0.0,0.0,0.0,0.0,0.4803751180533513,0.4803751,0,0,0.3217367090847191,0.3217367,0,0,0.5896505870225033,0.5896506,0,0,9.547918e-15
joint2,"joint(2,25)",3,CONVERGED,CONVERGED,538,538,0.6544380254225308,0.654438,0.9425748427583157,0.9425748,0,0,0,0,-,-,1264.6591077145642,1264.659,0.4879811696339579,0.4879812,0.2730816836972876,0.2730817,0,0,0,0,0,0,0,0,0,0,0,0,0,0,0,0,0.0,0.0,0.0,0.0,0.6804044735967456,0.6804045,0,0,0.47732518750285147,0.4773252,0,0,0.5577781269791013,0.5577781,0,0,7.327472e-15
joint2,"joint(2,26)",3,CONVERGED,CONVERGED,568,568,0.48030739287667357,0.4803074,0.2682109494975867,0.2682109,23,23,0,0,-,-,873.1186527698942,873.1187,0.39850622276154496,0.3985062,23.85849191542558,23.85849,0,0,0,0,0,0,0,0,0,0,22,22,0,0,22,22,0.0,0.0,0.0,0.0,0.6242920889870693,0.6242921,0,0,0.33235994661841306,0.3323599,0,0,0.503779466205714,0.5037795,0,0,9.769963000000001e-15
joint2,"joint(2,27)",3,CONVERGED,CONVERGED,592,592,0.3877454168785533,0.3877454,0.3603911529417637,0.3603912,40,40,0,0,-,-,947.4062967798607,947.4063,0.40982206615002814,0.4098221,21.71431599091908,21.71432,0,0,0,0,0,0,0,0,40,40,0,0,0,0,0,0,0.0,0.0,0.0,0.0,0.4814972916238517,0.4814973,0,0,0.3258473675268045,0.3258474,0,0,0.5184630243552812,0.518463,0,0,8.437695e-15
joint2,"joint(2,28)",3,CONVERGED,CONVERGED,494,494,0.5484578610447935,0.5484579,0.7790839697590695,0.779084,0,0,0,0,-,-,600.6448280252276,600.6448,0.6561443425370055,0.6561443,0.0,0.0,0,0,0,0,0,0,0,0,0,0,0,0,0,0,0,0,0.0,0.0,0.0,0.0,0.4473388766538951,0.4473389,0,0,0.32185199492554556,0.321852,0,0,0.4794004291331115,0.4794004,0,0,8.659739999999999e-15
joint2,"joint(2,29)",3,CONVERGED,CONVERGED,693,693,0.13350973486664294,0.1335097,0.9425748427583147,0.9425748,99,99,0,0,-,-,2424.4776699021318,2424.478,0.1965199308329839,0.1965199,718.4908017949764,718.4908,0,0,0,0,34,34,66,66,92,92,99,99,0,0,0,0,0.0,0.0,0.0,0.0,0.6572711630680598,0.6572712,0,0,0.38453575721222377,0.3845358,0,0,0.5734912743967229,0.5734913,0,0,7.327472e-15
joint2,"joint(2,30)",3,CONVERGED,CONVERGED,561,561,0.4051598086961644,0.4051598,0.48395514323618155,0.4839551,35,35,0,0,-,-,933.9653417877417,933.9653,0.4552806280097847,0.4552806,0.0,0.0,0,0,0,0,0,0,0,0,0,0,34,34,0,0,34,34,0.0,0.0,0.0,0.0,0.4635703540134858,0.4635704,0,0,0.32689029045008355,0.3268903,0,0,0.520686362083237,0.5206864,0,0,8.437695e-15
joint2,"joint(2,31)",3,CONVERGED,CONVERGED,511,511,0.6447600531132519,0.6447601,0.6561936366456695,0.6561936,0,0,0,0,-,-,567.9987989299769,567.9988,0.7028034971188944,0.7028035,0.0,0.0,0,0,0,0,0,0,0,0,0,0,0,0,0,0,0,0,0.0,0.0,0.0,0.0,0.5115517632259272,0.5115518,0,0,0.3175787861160232,0.3175788,0,0,0.48006782918114543,0.4800678,0,0,6.439294e-15
joint2,"joint(2,32)",3,CONVERGED,CONVERGED,500,500,0.5682680917514722,0.5682681,0.6259443275127871,0.6259443,0,0,0,0,-,-,565.1619790942204,565.162,0.5925562231846665,0.5925562,0.0,0.0,0,0,0,0,0,0,0,0,0,0,0,0,0,0,0,0,0.0,0.0,0.0,0.0,0.6157464137508043,0.6157464,0,0,0.4365390083267913,0.436539,0,0,0.4972378522452122,0.4972379,0,0,6.217249e-15
joint2,"joint(2,33)",3,CONVERGED,CONVERGED,550,550,0.6177218047666662,0.6177218,0.22807673029479691,0.2280767,0,0,0,0,-,-,848.7711409080778,848.7711,0.36433069416418484,0.3643307,0.0,0.0,0,0,0,0,0,0,0,0,0,0,0,0,0,0,0,0,0.0,0.0,0.0,0.0,0.527912546281712,0.5279125,0,0,0.34255467191798117,0.3425547,0,0,0.5722302398234462,0.5722302,0,0,9.103829e-15
joint2,"joint(2,34)",3,CONVERGED,CONVERGED,659,659,0.1867796551844992,0.1867797,0.5446500094863715,0.54465,103,103,0,0,-,-,2145.142861593089,2145.143,0.2226718025939442,0.2226718,576.5748133675248,576.5748,0,0,0,0,30,30,67,67,102,102,90,90,0,0,1,1,0.0,0.0,0.0,0.0,0.6092283520202751,0.6092284,0,0,0.36472756134812134,0.3647276,0,0,0.5524050828299948,0.5524051,0,0,9.325873000000001e-15
joint2,"joint(2,35)",3,CONVERGED,CONVERGED,546,546,0.49866121424144816,0.4986612,0.311334494310797,0.3113345,4,4,0,0,-,-,695.8283431833919,695.8283,0.6066430016069451,0.606643,0.0,0.0,0,0,0,0,0,0,0,0,0,0,3,3,0,0,3,3,0.0,0.0,0.0,0.0,0.46313960624628914,0.4631396,0,0,0.32697009343784683,0.3269701,0,0,0.5327116575616031,0.5327117,0,0,6.217249e-15
joint2,"joint(2,36)",3,CONVERGED,CONVERGED,509,509,0.7173249060304763,0.7173249,0.7934359273047052,0.7934359,0,0,0,0,-,-,795.809902029055,795.8099,0.5362467019871826,0.5362467,0.0,0.0,0,0,0,0,0,0,0,0,0,0,0,0,0,0,0,0,0.0,0.0,0.0,0.0,0.7776617749873088,0.7776618,0,0,0.4246335638706523,0.4246336,0,0,0.698927137833005,0.6989271,0,0,6.8833830000000005e-15
joint2,"joint(2,37)",3,CONVERGED,CONVERGED,644,644,0.14839677043215804,0.1483968,0.897490621213693,0.8974906,86,86,0,0,-,-,1907.8657110722017,1907.866,0.19675206474206744,0.1967521,377.43722464228864,377.4372,0,0,0,0,23,23,59,59,71,71,86,86,0,0,30,30,0.0,0.0,0.0,0.0,0.5798390152538334,0.579839,0,0,0.3786647348702956,0.3786647,0,0,0.5499950670316877,0.5499951,0,0,7.327472e-15
joint2,"joint(2,38)",3,CONVERGED,CONVERGED,550,550,0.38887332766618754,0.3888733,0.7207762612866638,0.7207763,19,19,0,0,-,-,1274.2778735494824,1274.278,0.1999148511511917,0.1999149,0.0,0.0,0,0,0,0,0,0,0,0,19,19,0,0,0,0,0,0,0.0,0.0,0.0,0.0,1.0,1.0,1,1,0.6706064300643364,0.6706064,0,0,0.5805923601637302,0.5805924,0,0,5.995204e-15
joint2,"joint(2,39)",3,CONVERGED,CONVERGED,538,538,0.49725069100665137,0.4972507,0.2799788001713106,0.2799788,6,6,0,0,-,-,1013.5321958992375,1013.532,0.5840733001478366,0.5840733,0.7693204331776422,0.7693204,0,0,0,0,0,0,0,0,5,5,0,0,5,5,0,0,0.0,0.0,0.0,0.0,0.44904124103455667,0.4490412,0,0,0.31839884999318324,0.3183988,0,0,0.48269002373329506,0.48269,0,0,8.881784e-15
joint2,"joint(2,40)",3,CONVERGED,CONVERGED,623,623,0.14768558514492927,0.1476856,0.4033163072115296,0.4033163,89,89,0,0,-,-,1912.6696897056624,1912.67,0.21767672691622214,0.2176767,226.03861372923078,226.0386,0,0,1,1,11,11,57,57,83,83,87,87,0,0,57,57,0.0,0.0,0.0,0.0,0.511657278432428,0.5116573,0,0,0.34439254514552764,0.3443925,0,0,0.5223425258652287,0.5223425,0,0,1.2878590000000001e-14
joint2,"joint(2,41)",3,CONVERGED,CONVERGED,575,575,0.3391145197042238,0.3391145,-0.2745369834181098,-0.274537,48,48,8,8,0,0,1081.4174124120962,1081.417,0.32344294150472824,0.3234429,26.29044268590006,26.29044,0,0,0,0,0,0,19,19,47,47,16,16,40,40,9,9,0.04950103385289764,0.04950103,0.04950103385289764,0.04950103,0.49992430333182114,0.4999243,0,0,0.3586020936958955,0.3586021,0,0,0.57924978068999,0.5792498,0,0,7.1054270000000005e-15
joint2,"joint(2,42)",3,CONVERGED,CONVERGED,609,609,0.4321835373809993,0.4321835,0.9425748427583142,0.9425748,31,31,0,0,-,-,1472.791661050576,1472.792,0.2954064186094705,0.2954064,99.48201331321661,99.48201,0,0,0,0,0,0,0,0,19,19,12,12,0,0,0,0,0.0,0.0,0.0,0.0,0.737671399738465,0.7376714,0,0,0.5656791331726708,0.5656791,0,0,0.6020222280732747,0.6020222,0,0,6.8833830000000005e-15
joint2,"joint(2,43)",3,CONVERGED,CONVERGED,688,688,0.20632625871723387,0.2063263,0.8255533140506722,0.8255533,94,94,0,0,-,-,2328.665941931661,2328.666,0.2143514699292368,0.2143515,573.4712304930873,573.4712,0,0,0,0,29,29,61,61,94,94,76,76,0,0,0,0,0.0,0.0,0.0,0.0,0.6647272079669257,0.6647272,0,0,0.38561315281335223,0.3856132,0,0,0.6392281486746451,0.6392281,0,0,6.661338e-15
joint2,"joint(2,44)",3,CONVERGED,CONVERGED,572,572,0.45322961993386024,0.4532296,0.7216605976196085,0.7216606,19,19,0,0,-,-,841.6755212688992,841.6755,0.5016344403736727,0.5016344,21.604940089127645,21.60494,0,0,0,0,0,0,0,0,19,19,0,0,0,0,0,0,0.0,0.0,0.0,0.0,0.6515815168911274,0.6515815,0,0,0.3401826851984553,0.3401827,0,0,0.6036913491620567,0.6036913,0,0,7.549517e-15
joint2,"joint(2,45)",3,CONVERGED,CONVERGED,729,729,0.05640478812336358,0.05640479,0.5597401418731708,0.5597401,140,140,0,0,-,-,3359.6631459095115,3359.663,0.09967439017418336,0.09967439,2040.555797563735,2040.556,0,0,67,67,56,56,89,89,140,140,136,136,44,44,0,0,0.0,0.0,0.0,0.0,0.7312887269145707,0.7312887,0,0,0.4019100258666463,0.40191,0,0,0.5972306641315739,0.5972307,0,0,1.354472e-14
joint2,"joint(2,46)",3,CONVERGED,CONVERGED,563,563,0.5757507524775696,0.5757508,0.942574842758315,0.9425748,0,0,0,0,-,-,978.4146292947271,978.4146,0.5611672986700533,0.5611673,0.0,0.0,0,0,0,0,0,0,0,0,0,0,0,0,0,0,0,0,0.0,0.0,0.0,0.0,0.6543090419293105,0.654309,0,0,0.4835120945267241,0.4835121,0,0,0.5801880318067733,0.580188,0,0,9.325873000000001e-15
joint2,"joint(2,47)",3,CONVERGED,CONVERGED,537,537,0.6987857630074085,0.6987858,0.9425748427583175,0.9425748,0,0,0,0,-,-,549.3078754337171,549.3079,0.5110709494781341,0.5110709,0.0,0.0,0,0,0,0,0,0,0,0,0,0,0,0,0,0,0,0,0.0,0.0,0.0,0.0,0.532517448127806,0.5325174,0,0,0.3675982180087385,0.3675982,0,0,0.504968073083304,0.5049681,0,0,7.771561000000001e-15
joint2,"joint(2,48)",3,CONVERGED,CONVERGED,631,631,0.10148419003591935,0.1014842,0.6238650328080214,0.623865,82,82,0,0,-,-,2287.8522558255536,2287.852,0.08446590972749014,0.08446591,371.9820926237904,371.9821,0,0,1,1,22,22,58,58,79,79,80,80,0,0,0,0,0.0,0.0,0.0,0.0,0.5828766493945461,0.5828766,0,0,0.3587425379918591,0.3587425,0,0,0.5444022434840444,0.5444022,0,0,5.551115e-15
joint2,"joint(2,49)",3,CONVERGED,CONVERGED,581,581,0.3759453539944068,0.3759454,0.6993529308082334,0.6993529,35,35,0,0,-,-,1362.0503631794622,1362.05,0.342485695840809,0.3424857,118.14279431527419,118.1428,0,0,0,0,0,0,22,22,34,34,28,28,0,0,0,0,0.0,0.0,0.0,0.0,0.5845272973988457,0.5845273,0,0,0.4289024327144531,0.4289024,0,0,0.6276269093524356,0.6276269,0,0,7.1054270000000005e-15
joint2,"joint(2,50)",3,CONVERGED,CONVERGED,427,427,0.7958068753662634,0.7958069,0.9178268377338616,0.9178268,0,0,0,0,-,-,388.7103344977942,388.7103,0.9556970828357918,0.9556971,0.0,0.0,0,0,0,0,0,0,0,0,0,0,0,0,0,0,0,0,0.0,0.0,0.0,0.0,0.46514943109188445,0.4651494,0,0,0.3707834433176879,0.3707834,0,0,0.5552929082857532,0.5552929,0,0,8.659739999999999e-15
joint2,"joint(2,51)",3,CONVERGED,CONVERGED,502,502,0.7426241159268544,0.7426241,0.7203126854004033,0.7203127,0,0,0,0,-,-,804.0661684219294,804.0662,0.6824089361121137,0.6824089,0.0,0.0,0,0,0,0,0,0,0,0,0,0,0,0,0,0,0,0,0.0,0.0,0.0,0.0,0.5057065160778496,0.5057065,0,0,0.462774726082169,0.4627747,0,0,0.5095853766107261,0.5095854,0,0,7.1054270000000005e-15
joint2,"joint(2,52)",3,CONVERGED,CONVERGED,559,559,0.5640469413014049,0.5640469,0.559102085152699,0.5591021,0,0,0,0,-,-,1049.7906353597768,1049.791,0.4098044054338091,0.4098044,6.2675854798650885,6.267585,0,0,0,0,0,0,0,0,0,0,0,0,0,0,0,0,0.0,0.0,0.0,0.0,0.9180058979157231,0.9180059,0,0,0.34174135066294903,0.3417414,0,0,0.5279721125971908,0.5279721,0,0,9.769963000000001e-15
joint2,"joint(2,53)",3,CONVERGED,CONVERGED,544,544,0.660798394534745,0.6607984,0.7147281706478127,0.7147282,0,0,0,0,-,-,1080.7160119086705,1080.716,0.4187140594756705,0.4187141,0.0,0.0,0,0,0,0,0,0,0,0,0,0,0,0,0,0,0,0,0.0,0.0,0.0,0.0,0.7944340206504248,0.794434,0,0,0.39362053082960957,0.3936205,0,0,0.5445786938635064,0.5445787,0,0,5.995204e-15
joint2,"joint(2,54)",3,CONVERGED,CONVERGED,518,518,0.713028159699211,0.7130282,0.7368238654454068,0.7368239,0,0,0,0,-,-,932.4148228331281,932.4148,0.7283923749457138,0.7283924,0.0,0.0,0,0,0,0,0,0,0,0,0,0,0,0,0,0,0,0,0.0,0.0,0.0,0.0,0.5543776814401049,0.5543777,0,0,0.3476857647230363,0.3476858,0,0,0.5549397726033498,0.5549398,0,0,1.376677e-14
joint2,"joint(2,55)",3,CONVERGED,CONVERGED,541,541,0.6138592787691532,0.6138593,0.6344318203856294,0.6344318,0,0,0,0,-,-,1253.768955733883,1253.769,0.6086945722806454,0.6086946,0.7290105727920402,0.7290106,0,0,0,0,0,0,0,0,0,0,0,0,0,0,0,0,0.0,0.0,0.0,0.0,0.5959205760804815,0.5959206,0,0,0.3586992665988286,0.3586993,0,0,0.5600391744074927,0.5600392,0,0,6.439294e-15
joint2,"joint(2,56)",3,CONVERGED,CONVERGED,484,484,0.6846956823099686,0.6846957,0.7485662875944108,0.7485663,0,0,0,0,-,-,651.2215262750306,651.2215,0.6723117294710528,0.6723117,0.0,0.0,0,0,0,0,0,0,0,0,0,0,0,0,0,0,0,0,0.0,0.0,0.0,0.0,0.4381967946053792,0.4381968,0,0,0.3142786563486477,0.3142787,0,0,0.47198587895942895,0.4719859,0,0,7.993606e-15
joint2,"joint(2,57)",3,CONVERGED,CONVERGED,562,562,0.3400421360406458,0.3400421,0.5695032925327166,0.5695033,28,28,0,0,-,-,1078.6857395192485,1078.686,0.3899879690477184,0.389988,35.0185157151132,35.01852,0,0,0,0,0,0,18,18,0,0,27,27,0,0,0,0,0.0,0.0,0.0,0.0,0.5280888815778217,0.5280889,0,0,0.408535447519252,0.4085354,0,0,0.5324831115599743,0.5324831,0,0,1.221245e-14
joint2,"joint(2,58)",3,CONVERGED,CONVERGED,557,557,0.49326156288698997,0.4932616,0.3118239159256797,0.3118239,8,8,0,0,-,-,706.8453307808226,706.8453,0.4304329834842647,0.430433,0.0,0.0,0,0,0,0,0,0,0,0,7,7,0,0,7,7,0,0,0.0,0.0,0.0,0.0,0.4809702838648395,0.4809703,0,0,0.3305631790451797,0.3305632,0,0,0.491508282805916,0.4915083,0,0,7.771561000000001e-15
joint2,"joint(2,59)",3,CONVERGED,CONVERGED,471,471,0.6025851991744553,0.6025852,0.653550977548155,0.653551,0,0,0,0,-,-,644.8553214041164,644.8553,0.7145237563615912,0.7145238,0.0,0.0,0,0,0,0,0,0,0,0,0,0,0,0,0,0,0,0,0.0,0.0,0.0,0.0,0.4526578103027711,0.4526578,0,0,0.3432762409825514,0.3432762,0,0,0.4931333325087125,0.4931333,0,0,5.551115e-15
joint2,"joint(2,60)",3,CONVERGED,CONVERGED,591,591,0.5265727544772403,0.5265728,0.9425748427583154,0.9425748,0,0,0,0,-,-,1249.5675650437554,1249.568,0.36324804843665387,0.363248,54.894943259442435,54.89494,0,0,0,0,0,0,0,0,0,0,0,0,0,0,0,0,0.0,0.0,0.0,0.0,0.7268283512457638,0.7268284,0,0,0.5144941880046876,0.5144942,0,0,0.763556029832998,0.763556,0,0,6.661338e-15
joint4,"joint(4,1)",3,CONVERGED,CONVERGED,633,633,0.09735925738792808,0.09735926,0.8906954298242798,0.8906954,88,88,0,0,-,-,2329.3474578183136,2329.347,0.19840703893327546,0.198407,606.2011808064665,606.2012,0,0,0,0,63,63,56,56,88,88,88,88,0,0,47,47,0.0,0.0,0.0,0.0,0.5674659142170788,0.5674659,0,0,0.3838435785312957,0.3838436,0,0,0.5594808196726928,0.5594808,0,0,7.549517e-15
joint4,"joint(4,2)",3,CONVERGED,CONVERGED,704,704,0.08948379505080054,0.0894838,0.6320074961484774,0.6320075,117,117,0,0,-,-,2636.7878617327688,2636.788,0.14778728711746209,0.1477873,1195.3391490668419,1195.339,0,0,41,41,51,51,76,76,117,117,117,117,15,15,0,0,0.0,0.0,0.0,0.0,0.6603880864244974,0.6603881,0,0,0.3835148605411641,0.3835149,0,0,0.571047804773186,0.5710478,0,0,1.021405e-14
joint4,"joint(4,3)",3,CONVERGED,CONVERGED,769,769,0.0,0.0,0.6570293496210492,0.6570293,158,158,0,0,-,-,inf,inf,0.0,0.0,3044.3678016848658,3044.368,3,3,68,68,66,66,117,117,156,156,156,156,0,0,95,95,0.0,0.0,0.0,0.0,0.8074635278015022,0.8074635,0,0,0.42198101132614685,0.421981,0,0,0.6055396381038847,0.6055396,0,0,7.993606e-15
joint4,"joint(4,4)",3,CONVERGED,CONVERGED,728,728,0.034886310062691925,0.03488631,0.8634426080011012,0.8634426,139,139,0,0,-,-,3355.6607885425306,3355.661,0.08399596247395592,0.08399596,2311.8086745276573,2311.809,0,0,33,33,94,94,95,95,139,139,139,139,0,0,91,91,0.0,0.0,0.0,0.0,0.6712468637829816,0.6712469,0,0,0.3828234018091461,0.3828234,0,0,0.5736489417360352,0.5736489,0,0,6.8833830000000005e-15
joint4,"joint(4,5)",3,CONVERGED,CONVERGED,821,821,0.01558027740116888,0.01558028,-0.02619018064754582,-0.02619018,202,202,11,11,63,63,4570.359635732822,4570.36,0.0322975081538873,0.03229751,5621.720964514311,5621.721,0,0,108,108,78,78,161,161,200,200,201,201,136,136,147,147,0.009164796731539818,0.009164797,0.009164796731539818,0.009164797,0.8221986304695523,0.8221986,0,0,0.4119958240287177,0.4119958,0,0,0.8057022538353935,0.8057023,0,0,6.217249e-15
joint4,"joint(4,6)",3,CONVERGED,CONVERGED,663,663,0.21907338834172577,0.2190734,0.0698349560276872,0.06983496,111,111,0,0,-,-,1766.9270352133246,1766.927,0.18634495948593324,0.186345,377.6724265596922,377.6724,0,0,40,40,22,22,81,81,111,111,99,99,51,51,48,48,0.0,0.0,0.0,0.0,0.9267107622699744,0.9267108,0,0,0.7066430241204915,0.706643,0,0,0.5393228952297972,0.5393229,0,0,9.325873000000001e-15
joint4,"joint(4,7)",3,CONVERGED,CONVERGED,604,604,0.023801000281175988,0.023801,0.7689771111639296,0.7689771,3,3,0,0,-,-,3738.0276705670462,3738.028,0.021108139794536424,0.02110814,90.45870945128075,90.45871,0,0,0,0,0,0,1,1,1,1,2,2,0,0,0,0,0.0,0.0,0.0,0.0,0.8451243311607904,0.8451243,0,0,0.48378217387141176,0.4837822,0,0,0.5870096707422339,0.5870097,0,0,7.1054270000000005e-15
joint4,"joint(4,8)",3,CONVERGED,CONVERGED,792,792,0.03602081339477064,0.03602081,0.9425748427583147,0.9425748,163,163,0,0,-,-,4661.631495605829,4661.631,0.060330058093735706,0.06033006,4227.884464401112,4227.884,0,0,54,54,75,75,103,103,154,154,163,163,33,33,20,20,0.0,0.0,0.0,0.0,0.9155476947370053,0.9155477,0,0,0.4736096878983338,0.4736097,0,0,0.7921898693841192,0.7921899,0,0,7.993606e-15
joint4,"joint(4,9)",3,CONVERGED,CONVERGED,725,725,0.03871927774595072,0.03871928,-0.007134099538101283,-0.0071341,134,134,5,5,58,58,3251.4176700031394,3251.418,0.07692656782332781,0.07692657,1426.4243704062874,1426.424,0,0,74,74,52,52,89,89,132,132,127,127,83,83,0,0,0.0014061638100867357,0.001406164,0.0014061638100867357,0.001406164,0.6818808729761452,0.6818809,0,0,0.38362263183752143,0.3836226,0,0,0.5727112632665724,0.5727113,0,0,6.661338e-15
joint4,"joint(4,10)",3,CONVERGED,CONVERGED,713,713,0.0,0.0,-1.3392295504911012,-1.33923,128,128,31,31,0,0,inf,inf,0.0,0.0,1139.348752529408,1139.349,13,13,15,15,27,27,80,80,126,126,126,126,100,100,71,71,0.3647322154589777,0.3647322,0.3647322154589777,0.3647322,0.7024422261134157,0.7024422,0,0,0.4944825621198571,0.4944826,0,0,0.5730443048294891,0.5730443,0,0,8.659739999999999e-15
joint4,"joint(4,11)",3,CONVERGED,CONVERGED,616,616,0.3638073418646656,0.3638073,0.9425748427583163,0.9425748,27,27,0,0,-,-,1890.3858722037776,1890.386,0.20494671554525667,0.2049467,126.24426814346475,126.2443,0,0,0,0,0,0,1,1,26,26,0,0,0,0,0,0,0.0,0.0,0.0,0.0,0.7253271102357198,0.7253271,0,0,0.5376901783370414,0.5376902,0,0,0.7029858522100817,0.7029859,0,0,9.992007e-15
joint4,"joint(4,12)",3,CONVERGED,CONVERGED,673,673,0.06906033402378096,0.06906033,-0.14696063443024185,-0.1469606,125,125,47,47,9,9,2672.7747503134683,2672.775,0.13894090488949276,0.1389409,640.8969613935567,640.897,0,0,71,71,57,57,81,81,123,123,99,99,95,95,56,56,0.06606651805878258,0.06606652,0.06606651805878258,0.06606652,0.5568637882458307,0.5568638,0,0,0.34961078708750065,0.3496108,0,0,0.5504435013816462,0.5504435,0,0,8.881784e-15
joint4,"joint(4,13)",3,CONVERGED,CONVERGED,630,630,0.24583390610689412,0.2458339,0.3881243442447473,0.3881243,54,54,0,0,-,-,1486.9905285355965,1486.991,0.23726474571568584,0.2372647,77.2747088594083,77.27471,0,0,0,0,0,0,19,19,0,0,53,53,0,0,53,53,0.0,0.0,0.0,0.0,0.9007833269486379,0.9007833,0,0,0.3569821232428397,0.3569821,0,0,0.7778661548844837,0.7778662,0,0,7.549517e-15
joint4,"joint(4,14)",3,CONVERGED,CONVERGED,704,704,0.07979655885245816,0.07979656,-0.4215342019831533,-0.4215342,102,102,14,14,0,0,2728.6883071648285,2728.688,0.09818377012842948,0.09818377,511.09852903701847,511.0985,0,0,0,0,0,0,31,31,100,100,85,85,85,85,37,37,0.13003120356081416,0.1300312,0.13003120356081416,0.1300312,0.8317348476064892,0.8317348,0,0,0.5568816508053817,0.5568817,0,0,0.6048022399297412,0.6048022,0,0,7.771561000000001e-15
joint4,"joint(4,15)",3,CONVERGED,CONVERGED,810,810,0.010083540018793642,0.01008354,0.7017905993074541,0.7017906,193,193,0,0,-,-,4921.437418954169,4921.437,0.032399666711301865,0.03239967,6405.534486757601,6405.534,0,0,93,93,89,89,150,150,192,192,192,192,93,93,131,131,0.0,0.0,0.0,0.0,0.8769885754861833,0.8769886,0,0,0.4696434299700542,0.4696434,0,0,0.6365444753344411,0.6365445,0,0,7.993606e-15
joint4,"joint(4,16)",3,CONVERGED,CONVERGED,608,608,0.17609651949669136,0.1760965,0.17417108206990056,0.1741711,2,2,0,0,-,-,2200.224592753107,2200.225,0.17506063012186898,0.1750606,65.71510330824103,65.7151,0,0,0,0,0,0,1,1,1,1,1,1,0,0,0,0,0.0,0.0,0.0,0.0,0.7597240782322909,0.7597241,0,0,0.40349949356165743,0.4034995,0,0,0.5810469847197177,0.581047,0,0,7.1054270000000005e-15
joint4,"joint(4,17)",3,CONVERGED,CONVERGED,772,772,0.04834803707057363,0.04834804,0.9425748427583142,0.9425748,155,155,0,0,-,-,4164.391113921079,4164.391,0.08260973430147064,0.08260973,2494.842151610417,2494.842,0,0,36,36,56,56,99,99,155,155,141,141,0,0,24,24,0.0,0.0,0.0,0.0,0.8699316431376334,0.8699316,0,0,0.45479247145947793,0.4547925,0,0,0.6606670873335451,0.6606671,0,0,7.327472e-15
joint4,"joint(4,18)",3,CONVERGED,CONVERGED,778,778,0.0,0.0,0.6058298444047683,0.6058298,166,166,0,0,-,-,inf,inf,0.0,0.0,4591.471110392668,4591.471,1,1,105,105,77,77,117,117,164,164,164,164,97,97,7,7,0.0,0.0,0.0,0.0,0.8589987217405625,0.8589987,0,0,0.49059779735251785,0.4905978,0,0,0.7554184339789256,0.7554184,0,0,1.088019e-14
joint4,"joint(4,19)",3,CONVERGED,CONVERGED,671,671,0.1007304330462415,0.1007304,-0.06529202796303102,-0.06529203,97,97,12,12,15,15,2470.428930236618,2470.429,0.08588058058337664,0.08588058,324.7374325807992,324.7374,0,0,0,0,0,0,40,40,72,72,94,94,29,29,76,76,0.02273807552174624,0.02273808,0.02273807552174624,0.02273808,1.0,1.0,5,5,1.0,1.0,2,2,0.7822372997905545,0.7822373,0,0,5.551115e-15
joint4,"joint(4,20)",3,CONVERGED,CONVERGED,620,620,0.0,0.0,0.9425748427583166,0.9425748,24,24,0,0,-,-,inf,inf,0.0,0.0,78.25423541197841,78.25424,1,1,0,0,0,0,20,20,14,14,22,22,0,0,0,0,0.0,0.0,0.0,0.0,0.707292594102247,0.7072926,0,0,0.4596142442484499,0.4596142,0,0,1.0,1.0,6,6,5.995204e-15
joint4,"joint(4,21)",3,CONVERGED,CONVERGED,834,834,0.0,0.0,0.5931277773995066,0.5931278,203,203,0,0,-,-,inf,inf,0.0,0.0,12133.930794251104,12133.93,8,8,128,128,134,134,157,157,203,203,203,203,135,135,141,141,0.0,0.0,0.0,0.0,0.9332813507381583,0.9332814,0,0,0.4545510581127011,0.4545511,0,0,0.6720686381013219,0.6720686,0,0,7.771561000000001e-15
joint4,"joint(4,22)",3,CONVERGED,CONVERGED,693,693,0.04174040324937829,0.0417404,-0.23776876638977104,-0.2377688,140,140,49,49,15,15,3176.2857163979984,3176.286,0.06832614741975782,0.06832615,752.6728356540767,752.6728,0,0,91,91,44,44,95,95,139,139,133,133,106,106,90,90,0.11067089256054477,0.1106709,0.11067089256054477,0.1106709,0.5912671965181291,0.5912672,0,0,0.3667249270171554,0.3667249,0,0,0.5628249524575226,0.562825,0,0,9.103829e-15
joint4,"joint(4,23)",3,CONVERGED,CONVERGED,669,669,0.0985353529467034,0.09853535,-0.06303040274150357,-0.0630304,115,115,11,11,29,29,2317.3398820335146,2317.34,0.11803315611218933,0.1180332,254.47653606685947,254.4765,0,0,56,56,15,15,24,24,113,113,35,35,89,89,1,1,0.019883428993549085,0.01988343,0.019883428993549085,0.01988343,0.7563848430271993,0.7563848,0,0,0.3787287070986668,0.3787287,0,0,0.700413404969947,0.7004134,0,0,5.551115e-15
joint4,"joint(4,24)",3,CONVERGED,CONVERGED,662,662,0.08339052741038652,0.08339053,-0.17813368105462934,-0.1781337,113,113,19,19,12,12,2484.2205562793492,2484.221,0.10521991398174525,0.1052199,346.07938876170255,346.0794,0,0,18,18,0,0,39,39,111,111,63,63,92,92,33,33,0.07955715484531722,0.07955715,0.07955715484531722,0.07955715,0.6098795941772344,0.6098796,0,0,0.393738287285362,0.3937383,0,0,0.7119529342610228,0.7119529,0,0,5.995204e-15
joint4,"joint(4,25)",3,CONVERGED,CONVERGED,632,632,0.3459543848057363,0.3459544,0.9425748427583148,0.9425748,9,9,0,0,-,-,2583.4591432768457,2583.459,0.19392035840015104,0.1939204,161.20651627211927,161.2065,0,0,0,0,0,0,1,1,8,8,0,0,8,8,0,0,0.0,0.0,0.0,0.0,0.8931760806162138,0.8931761,0,0,0.6227652217774573,0.6227652,0,0,0.6293390557686045,0.6293391,0,0,9.325873000000001e-15
joint4,"joint(4,26)",3,CONVERGED,CONVERGED,648,648,0.172515109861163,0.1725151,-0.24920324994232113,-0.2492032,98,98,23,23,9,9,1998.068000858299,1998.068,0.12835667688839353,0.1283567,417.2431322599712,417.2431,0,0,0,0,17,17,69,69,97,97,97,97,67,67,68,68,0.13136147708814952,0.1313615,0.13136147708814952,0.1313615,0.8812357269271875,0.8812357,0,0,0.36198266556290276,0.3619827,0,0,0.5455810031902071,0.545581,0,0,7.993606e-15
joint4,"joint(4,27)",3,CONVERGED,CONVERGED,639,639,0.0925088933004437,0.09250889,-0.0747113791063172,-0.07471138,96,96,26,26,34,34,2380.450495296695,2380.45,0.12882212546594116,0.1288221,209.40130270186395,209.4013,0,0,48,48,0,0,48,48,94,94,41,41,79,79,0,0,0.024840900238589064,0.0248409,0.024840900238589064,0.0248409,0.5441531299762234,0.5441531,0,0,0.34505221948287385,0.3450522,0,0,0.5305486393803489,0.5305486,0,0,7.549517e-15
joint4,"joint(4,28)",3,CONVERGED,CONVERGED,576,576,0.301334759582881,0.3013348,0.6679978458941769,0.6679978,44,44,0,0,-,-,1199.5334741402417,1199.533,0.45100079901374723,0.4510008,52.62342086222914,52.62342,0,0,0,0,0,0,32,32,0,0,43,43,1,1,0,0,0.0,0.0,0.0,0.0,0.4699997068144699,0.4699997,0,0,0.32916941500246033,0.3291694,0,0,0.4949773218273821,0.4949773,0,0,8.437695e-15
joint4,"joint(4,29)",3,CONVERGED,CONVERGED,816,816,0.011704228823886319,0.01170423,0.942574842758316,0.9425748,180,180,0,0,-,-,5192.524290681452,5192.524,0.04711735839565804,0.04711736,6451.561533243869,6451.562,0,0,61,61,95,95,134,134,177,177,179,179,36,36,115,115,0.0,0.0,0.0,0.0,0.9486963102772978,0.9486963,0,0,0.4737570652116415,0.4737571,0,0,0.6664443292925158,0.6664443,0,0,1.088019e-14
joint4,"joint(4,30)",3,CONVERGED,CONVERGED,637,637,0.10205138885058126,0.1020514,-0.01347026489877374,-0.01347026,108,108,6,6,13,13,2282.2787803080514,2282.279,0.1563849424263028,0.1563849,295.6580996104061,295.6581,0,0,2,2,0,0,51,51,50,50,99,99,36,36,78,78,0.00288867664444779,0.002888677,0.00288867664444779,0.002888677,0.5440520091879881,0.544052,0,0,0.36637708107588757,0.3663771,0,0,0.6348662029502978,0.6348662,0,0,4.884981e-15
joint4,"joint(4,31)",3,CONVERGED,CONVERGED,597,597,0.4018860562967009,0.4018861,0.3509983804428481,0.3509984,66,66,0,0,-,-,1135.997597859954,1135.998,0.49185526887845926,0.4918553,78.10103061530326,78.10103,0,0,0,0,0,0,46,46,61,61,51,51,3,3,0,0,0.0,0.0,0.0,0.0,0.6052489371613757,0.6052489,0,0,0.32685953848542365,0.3268595,0,0,0.49612290183821117,0.4961229,0,0,6.439294e-15
joint4,"joint(4,32)",3,CONVERGED,CONVERGED,583,583,0.29765101652180903,0.297651,0.3017087656591872,0.3017088,40,40,0,0,-,-,1211.8335642304676,1211.834,0.3425405016573452,0.3425405,6.275372659961329,6.275373,0,0,22,22,0,0,0,0,38,38,0,0,39,39,0,0,0.0,0.0,0.0,0.0,0.8489294670877104,0.8489295,0,0,0.585117145302623,0.5851171,0,0,0.5225473824177248,0.5225474,0,0,6.8833830000000005e-15
joint4,"joint(4,33)",3,CONVERGED,CONVERGED,648,648,0.06927573077628583,0.06927573,-0.4864213821687171,-0.4864214,75,75,13,13,0,0,2669.660639370859,2669.661,0.024650745679760385,0.02465075,214.85278418522842,214.8528,0,0,0,0,0,0,38,38,64,64,74,74,29,29,53,53,0.13024829587807427,0.1302483,0.13024829587807427,0.1302483,0.6603196632358033,0.6603197,0,0,0.39072619942190734,0.3907262,0,0,0.6927038971717286,0.6927039,0,0,7.771561000000001e-15
joint4,"joint(4,34)",3,CONVERGED,CONVERGED,790,790,0.026783584877863247,0.02678358,0.2606478549871736,0.2606479,175,175,0,0,-,-,4341.120284847472,4341.12,0.05595071744014763,0.05595072,4394.644892311225,4394.645,0,0,92,92,79,79,132,132,174,174,174,174,108,108,71,71,0.0,0.0,0.0,0.0,0.8185160267287065,0.818516,0,0,0.42001687720930847,0.4200169,0,0,0.6206781213598263,0.6206781,0,0,7.771561000000001e-15
joint4,"joint(4,35)",3,CONVERGED,CONVERGED,613,613,0.14477196051667618,0.144772,-0.31990585413671735,-0.3199059,80,80,8,8,0,0,1932.5954606223506,1932.595,0.2059281585656105,0.2059282,176.97822674158544,176.9782,0,0,2,2,0,0,20,20,28,28,78,78,5,5,61,61,0.054347227953957494,0.05434723,0.054347227953957494,0.05434723,0.5309917873438568,0.5309918,0,0,0.3554340771053663,0.3554341,0,0,0.6156610159961811,0.615661,0,0,5.329071e-15
joint4,"joint(4,36)",3,CONVERGED,CONVERGED,557,557,0.47167014665989576,0.4716701,0.6079250941115467,0.6079251,15,15,0,0,-,-,1591.61980405811,1591.62,0.2662277668682171,0.2662278,5.51131256785181,5.511313,0,0,0,0,0,0,0,0,15,15,0,0,13,13,0,0,0.0,0.0,0.0,0.0,1.0,1.0,5,5,0.5663102889338258,0.5663103,0,0,0.9810576480049219,0.9810576,0,0,1.199041e-14
joint4,"joint(4,37)",3,CONVERGED,CONVERGED,741,741,0.01508888642356349,0.01508889,0.9425748427583159,0.9425748,151,151,0,0,-,-,4193.796804580582,4193.797,0.04325149667342774,0.0432515,2220.5482826970174,2220.548,0,0,0,0,61,61,94,94,149,149,146,146,7,7,97,97,0.0,0.0,0.0,0.0,0.771493478014218,0.7714935,0,0,0.415074332691914,0.4150743,0,0,0.6101925540589467,0.6101926,0,0,8.659739999999999e-15
joint4,"joint(4,38)",3,CONVERGED,CONVERGED,650,650,0.01120508443771575,0.01120508,0.007246494011912596,0.007246494,64,64,0,0,-,-,4491.387636040036,4491.388,0.002983507710336891,0.002983508,116.03918772144219,116.0392,0,0,9,9,0,0,34,34,64,64,44,44,49,49,0,0,0.0,0.0,0.0,0.0,1.0,1.0,13,13,1.0,1.0,4,4,0.7089874598873108,0.7089875,0,0,6.661338e-15
joint4,"joint(4,39)",3,CONVERGED,CONVERGED,631,631,0.16242037937346981,0.1624204,-0.15316547660028398,-0.1531655,97,97,19,19,20,20,2027.064391798475,2027.064,0.24663274379041789,0.2466327,264.7664859205889,264.7665,0,0,51,51,28,28,57,57,97,97,94,94,75,75,47,47,0.06414274763656086,0.06414275,0.06414274763656086,0.06414275,0.4860090713365627,0.4860091,0,0,0.33036975880352515,0.3303698,0,0,0.5110249319299253,0.5110249,0,0,1.176836e-14
joint4,"joint(4,40)",3,CONVERGED,CONVERGED,690,690,0.0,0.0,-0.1359422283352521,-0.1359422,142,142,17,17,0,0,inf,inf,0.0,0.0,1223.2494861563823,1223.249,2,2,54,54,92,92,97,97,142,142,142,142,41,41,104,104,0.01767904820745984,0.01767905,0.01767904820745984,0.01767905,0.5793339094644538,0.5793339,0,0,0.3672124914082523,0.3672125,0,0,0.5656653685395839,0.5656654,0,0,6.661338e-15
basin,p[labour]*0.12270440108003683,3,CONVERGED,CONVERGED,697,697,0.0,0.0,-1.1554022165272668,-1.155402,105,105,18,18,0,0,inf,inf,0.0,0.0,891.2445193140277,891.2445,18,18,19,19,27,27,60,60,104,104,104,104,39,39,43,43,0.2828568437701065,0.2828568,0.2828568437701065,0.2828568,0.6634916626599896,0.6634917,0,0,0.37603349207091147,0.3760335,0,0,0.5664262210237564,0.5664262,0,0,7.993606e-15
basin,p[labour]*0.12883962113403868,3,CONVERGED,CONVERGED,695,695,0.0,0.0,-1.1066120523578347,-1.106612,103,103,17,17,0,0,inf,inf,0.0,0.0,848.6462047581985,848.6462,18,18,19,19,26,26,59,59,102,102,102,102,38,38,42,42,0.2682770650830186,0.2682771,0.2682770650830186,0.2682771,0.6587164187774973,0.6587164,0,0,0.3750086734006488,0.3750087,0,0,0.5651873411329594,0.5651873,0,0,8.437695e-15
basin,p[labour]*0.13528160219074062,3,CONVERGED,CONVERGED,692,692,0.0,0.0,-1.0578218881884027,-1.057822,101,101,16,16,0,0,inf,inf,0.0,0.0,806.4115666084601,806.4116,17,17,18,18,25,25,58,58,100,100,100,100,37,37,41,41,0.25313575521279214,0.2531358,0.25313575521279214,0.2531358,0.6537996499144938,0.6537996,0,0,0.3739368421808908,0.3739368,0,0,0.5638924171741019,0.5638924,0,0,1.021405e-14
basin,p[labour]*0.14204568230027764,3,CONVERGED,CONVERGED,690,690,0.0,0.0,-1.0090317240189708,-1.009032,100,100,16,16,0,0,inf,inf,0.0,0.0,765.3538989073577,765.3539,16,16,17,17,24,24,58,58,99,99,99,99,36,36,40,40,0.23870892523543996,0.2387089,0.23870892523543996,0.2387089,0.6488191026597625,0.6488191,0,0,0.37285942841912234,0.3728594,0,0,0.562577455608505,0.5625775,0,0,7.549517e-15
basin,p[labour]*0.14914796641529154,3,CONVERGED,CONVERGED,687,687,0.0,0.0,-0.9602415598495387,-0.9602416,98,98,15,15,0,0,inf,inf,0.0,0.0,725.2716424612619,725.2716,16,16,17,17,23,23,57,57,97,97,97,97,35,35,39,39,0.22380120196524825,0.2238012,0.22380120196524825,0.2238012,0.6438147492374746,0.6438147,0,0,0.37174659870446414,0.3717466,0,0,0.5612188114974298,0.5612188,0,0,6.217249e-15
basin,p[labour]*0.15660536473605613,3,CONVERGED,CONVERGED,684,684,0.0,0.0,-0.9114513956801066,-0.9114514,96,96,14,14,0,0,inf,inf,0.0,0.0,685.3183025349394,685.3183,15,15,16,16,23,23,56,56,95,95,95,95,33,33,37,37,0.20918417971933612,0.2091842,0.20918417971933612,0.2091842,0.6386181553719859,0.6386182,0,0,0.3705985528507938,0.3705986,0,0,0.5598023621585286,0.5598024,0,0,7.993606e-15
basin,p[labour]*0.16443563297285893,3,CONVERGED,CONVERGED,680,680,0.0,0.0,-0.8626612315106746,-0.8626612,94,94,14,14,0,0,inf,inf,0.0,0.0,646.5819946472269,646.582,14,14,15,15,23,23,55,55,93,93,93,93,32,32,36,36,0.19458858489055392,0.1945886,0.19458858489055392,0.1945886,0.6334234153707482,0.6334234,0,0,0.3694399289817572,0.3694399,0,0,0.5583740001071139,0.558374,0,0,7.771561000000001e-15
basin,p[labour]*0.1726574146215019,3,CONVERGED,CONVERGED,653,653,0.0,0.0,-0.8138710673412427,-0.8138711,92,92,13,13,0,0,inf,inf,0.0,0.0,608.637569959397,608.6376,13,13,15,15,22,22,55,55,91,91,91,91,29,29,35,35,0.1799020926497987,0.1799021,0.1799020926497987,0.1799021,0.6281512926207053,0.6281513,0,0,0.36822599446042636,0.368226,0,0,0.5568587709105952,0.5568588,0,0,7.771561000000001e-15
basin,p[labour]*0.181290285352577,3,CONVERGED,CONVERGED,650,650,0.0,0.0,-0.7650809031718105,-0.7650809,90,90,12,12,0,0,inf,inf,0.0,0.0,571.0823990891754,571.0824,13,13,14,14,21,21,54,54,89,89,89,89,28,28,33,33,0.1657067948583833,0.1657068,0.1657067948583833,0.1657068,0.6227401201437373,0.6227401,0,0,0.3669885000147713,0.3669885,0,0,0.5553066218168761,0.5553066,0,0,8.21565e-15
basin,p[labour]*0.19035479962020585,3,CONVERGED,CONVERGED,646,646,0.0,0.0,-0.7162907390023785,-0.7162907,88,88,12,12,0,0,inf,inf,0.0,0.0,534.3743424905384,534.3743,12,12,13,13,20,20,53,53,87,87,87,87,25,25,31,31,0.15110275763918563,0.1511028,0.15110275763918563,0.1511028,0.6173001452517227,0.6173001,0,0,0.36572640111878124,0.3657264,0,0,0.5537201951309829,0.5537202,0,0,8.437695e-15
basin,p[labour]*0.19987253960121615,3,CONVERGED,CONVERGED,643,643,0.0,0.0,-0.6675005748329464,-0.6675006,86,86,11,11,0,0,inf,inf,0.0,0.0,498.1473903735889,498.1474,11,11,13,13,19,19,52,52,85,85,85,85,17,17,29,29,0.13740625138435922,0.1374063,0.13740625138435922,0.1374063,0.6117090775861496,0.6117091,0,0,0.36439191292891276,0.3643919,0,0,0.5520131664051009,0.5520132,0,0,7.993606e-15
basin,p[labour]*0.20986616658127696,3,CONVERGED,CONVERGED,640,640,0.0,0.0,-0.6187104106635143,-0.6187104,84,84,10,10,0,0,inf,inf,0.0,0.0,462.3723720215131,462.3724,10,10,12,12,18,18,51,51,83,83,83,83,8,8,26,26,0.1232550730864033,0.1232551,0.1232550730864033,0.1232551,0.6059734548407454,0.6059735,0,0,0.36303022847051564,0.3630302,0,0,0.5502597655659187,0.5502598,0,0,6.8833830000000005e-15
basin,p[labour]*0.22035947491034083,3,CONVERGED,CONVERGED,637,637,0.0,0.0,-0.5699202464940825,-0.5699202,81,81,10,10,0,0,inf,inf,0.0,0.0,427.84625148253815,427.8463,9,9,12,12,17,17,50,50,80,80,80,80,0,0,19,19,0.10999130933426267,0.1099913,0.10999130933426267,0.1099913,0.6002353523495033,0.6002354,0,0,0.3616494786880871,0.3616495,0,0,0.5484812513611813,0.5484813,0,0,5.995204e-15
basin,p[labour]*0.23137744865585788,3,CONVERGED,CONVERGED,633,633,0.0,0.0,-0.5211300823246501,-0.5211301,79,79,9,9,0,0,inf,inf,0.0,0.0,393.53202301785757,393.532,8,8,11,11,17,17,49,49,78,78,78,78,0,0,7,7,0.09648313604563334,0.09648314,0.09648313604563334,0.09648314,0.5942655508250694,0.5942656,0,0,0.36018098084273137,0.360181,0,0,0.5465472433902339,0.5465472,0,0,7.1054270000000005e-15
basin,p[labour]*0.24294632108865077,3,CONVERGED,CONVERGED,630,630,0.0,0.0,-0.4723399181552183,-0.4723399,76,76,8,8,0,0,inf,inf,0.0,0.0,359.40708558504696,359.4071,7,7,10,10,16,16,48,48,75,75,75,75,0,0,0,0,0.08383304857518284,0.08383305,0.08383304857518284,0.08383305,0.5880360564156387,0.5880361,0,0,0.35863959207543195,0.3586396,0,0,0.5445025775968171,0.5445026,0,0,6.661338e-15
basin,p[labour]*0.2550936371430833,3,CONVERGED,CONVERGED,626,626,0.0,0.0,-0.42354975398578626,-0.4235498,74,74,8,8,0,0,inf,inf,0.0,0.0,326.4989293056509,326.4989,6,6,10,10,15,15,47,47,73,73,73,73,0,0,0,0,0.07109229433567739,0.07109229,0.07109229433567739,0.07109229,0.5817532312490484,0.5817532,0,0,0.35708154151861815,0.3570815,0,0,0.5424108014695712,0.5424108,0,0,6.217249e-15
basin,p[labour]*0.26784831900023753,3,CONVERGED,CONVERGED,622,622,0.0,0.0,-0.37475958981635404,-0.3747596,71,71,7,7,0,0,inf,inf,0.0,0.0,293.90451473898696,293.9045,5,5,9,9,14,14,46,46,70,70,70,70,0,0,0,0,0.059394188489487125,0.05939419,0.059394188489487125,0.05939419,0.5751629579057492,0.575163,0,0,0.35541920570473734,0.3554192,0,0,0.5401334132630338,0.5401334,0,0,5.995204e-15
basin,p[labour]*0.28124073495024937,3,CONVERGED,CONVERGED,618,618,0.0,0.0,-0.3259694256469221,-0.3259694,68,68,6,6,0,0,inf,inf,0.0,0.0,261.49524387955694,261.4952,4,4,8,8,12,12,45,45,67,67,67,67,0,0,0,0,0.047705219024680334,0.04770522,0.047705219024680334,0.04770522,0.5682076159490194,0.5682076,0,0,0.35364167396469215,0.3536417,0,0,0.5376646255857223,0.5376646,0,0,5.995204e-15
basin,p[labour]*0.29530277169776187,3,CONVERGED,CONVERGED,614,614,0.0,0.0,-0.2771792614774901,-0.2771793,66,66,5,5,0,0,inf,inf,0.0,0.0,229.52374731207,229.5237,3,3,8,8,11,11,44,44,65,65,65,65,0,0,0,0,0.03726759869234012,0.0372676,0.03726759869234012,0.0372676,0.5609076052774201,0.5609076,0,0,0.35177151402179313,0.3517715,0,0,0.5350411618029846,0.5350412,0,0,5.995204e-15
basin,p[labour]*0.31006791028264996,3,CONVERGED,CONVERGED,609,609,0.0,0.0,-0.22838909730805818,-0.2283891,63,63,5,5,0,0,inf,inf,0.0,0.0,198.7215844257316,198.7216,2,2,7,7,10,10,43,43,62,62,62,62,0,0,0,0,0.027434376996834105,0.02743438,0.027434376996834105,0.02743438,0.5534292032277914,0.5534292,0,0,0.34982653373346667,0.3498265,0,0,0.5322682933057354,0.5322683,0,0,9.325873000000001e-15
basin,p[labour]*0.3255713057967825,3,CONVERGED,CONVERGED,604,604,0.0,0.0,-0.17959893313862602,-0.1795989,60,60,4,4,0,0,inf,inf,0.0,0.0,168.60186839482827,168.6019,1,1,6,6,7,7,41,41,59,59,59,59,0,0,0,0,0.01845736469706906,0.01845736,0.01845736469706906,0.01845736,0.5455471548886207,0.5455472,0,0,0.3477307449496588,0.3477307,0,0,0.529219742105109,0.5292197,0,0,8.659739999999999e-15
basin,p[labour]*0.3418498710866216,3,CONVERGED,CONVERGED,598,598,0.03979687678325716,0.03979688,-0.130808768969194,-0.1308088,58,58,3,3,0,0,3223.966842553378,3223.967,0.038415213106881535,0.03841521,140.34796407447968,140.348,0,0,6,6,3,3,40,40,57,57,57,57,0,0,0,0,0.01107837429985726,0.01107837,0.01107837429985726,0.01107837,0.5375146605461443,0.5375147,0,0,0.3455611991230476,0.3455612,0,0,0.5259913608753555,0.5259914,0,0,1.0436100000000001e-14
basin,p[labour]*0.35894236464095275,3,CONVERGED,CONVERGED,593,593,0.08575471508595078,0.08575472,-0.08201860479976188,-0.0820186,55,55,2,2,0,0,2456.2642080227038,2456.264,0.08300754107830893,0.08300754,116.20448782019076,116.2045,0,0,5,5,0,0,38,38,54,54,54,54,0,0,0,0,0.005616111134761457,0.005616111,0.005616111134761457,0.005616111,0.5300733898793552,0.5300734,0,0,0.34351256407676384,0.3435126,0,0,0.5228870439486382,0.522887,0,0,7.1054270000000005e-15
basin,p[labour]*0.3768894828730004,3,CONVERGED,CONVERGED,588,588,0.12872113994681353,0.1287211,-0.03322844063032984,-0.03322844,53,53,1,1,0,0,2050.1069203178517,2050.107,0.12494010893307336,0.1249401,96.24953038626289,96.24953,0,0,4,4,0,0,36,36,51,51,52,52,0,0,0,0,0.0019924267768215054,0.001992427,0.0019924267768215054,0.001992427,0.5233750025327809,0.523375,0,0,0.34160583156374835,0.3416058,0,0,0.5199154825307383,0.5199155,0,0,6.217249e-15
basin,p[labour]*0.39573395701665043,3,CONVERGED,CONVERGED,583,583,0.1685958622801488,0.1685959,0.015561723539102243,0.01556172,48,48,0,0,-,-,1780.2507753516609,1780.251,0.16420162418874817,0.1642016,76.68629057260632,76.68629,0,0,3,3,0,0,34,34,44,44,46,46,0,0,0,0,0.0,0.0,0.0,0.0,0.5164545427843827,0.5164545,0,0,0.3393459058869599,0.3393459,0,0,0.5170198628614535,0.5170199,0,0,9.769963000000001e-15
basin,p[labour]*0.41552065486748296,3,CONVERGED,CONVERGED,579,579,0.19606940872789447,0.1960694,0.0643518877085342,0.06435189,42,42,0,0,-,-,1629.2865562767633,1629.287,0.1911082079962319,0.1911082,64.01015902793473,64.01016,0,0,2,2,0,0,31,31,36,36,40,40,0,0,0,0,0.0,0.0,0.0,0.0,0.5114836822742963,0.5114837,0,0,0.33784805383111105,0.3378481,0,0,0.5145630387837586,0.514563,0,0,1.065814e-14
basin,p[labour]*0.4362966876108571,3,CONVERGED,CONVERGED,575,575,0.22491966773872293,0.2249197,0.1131420518779664,0.1131421,35,35,0,0,-,-,1492.0119728012558,1492.012,0.2194096880473021,0.2194097,52.290409291128654,52.29041,0,0,1,1,0,0,28,28,21,21,33,33,0,0,0,0,0.0,0.0,0.0,0.0,0.5064874684483398,0.5064875,0,0,0.3363351949708255,0.3363352,0,0,0.5120856927870416,0.5120857,0,0,1.221245e-14
basin,p[labour]*0.4581115219914,3,CONVERGED,CONVERGED,570,570,0.25521274713338116,0.2552127,0.16193221604739824,0.1619322,27,27,0,0,-,-,1365.6577791767265,1365.658,0.24917860738505646,0.2491786,41.43187679124823,41.43188,0,0,0,0,0,0,21,21,11,11,26,26,0,0,0,0,0.0,0.0,0.0,0.0,0.5014899527342705,0.50149,0,0,0.3347874958094687,0.3347875,0,0,0.5094928379598884,0.5094928,0,0,1.199041e-14
basin,p[labour]*0.48101709809097004,3,CONVERGED,CONVERGED,565,565,0.2870173922850017,0.2870174,0.21072238021683046,0.2107224,21,21,0,0,-,-,1248.2124647624664,1248.212,0.28049113122799113,0.2804911,31.600421261895516,31.60042,0,0,0,0,0,0,13,13,8,8,20,20,0,0,0,0,0.0,0.0,0.0,0.0,0.496453525054666,0.4964535,0,0,0.3332242548468029,0.3332243,0,0,0.5068717313466937,0.5068717,0,0,5.329071e-15
basin,p[labour]*0.5050679529955185,3,CONVERGED,CONVERGED,560,560,0.3204050057511595,0.320405,0.2595125443862625,0.2595125,13,13,0,0,-,-,1138.169440466908,1138.169,0.31342719460364526,0.3134272,22.715041687255823,22.71504,0,0,0,0,0,0,8,8,6,6,13,13,0,0,0,0,0.0,0.0,0.0,0.0,0.4914356520900373,0.4914357,0,0,0.331633067459167,0.3316331,0,0,0.5041675909283571,0.5041676,0,0,8.659739999999999e-15
basin,p[labour]*0.5303213506452945,3,CONVERGED,CONVERGED,555,555,0.35544965264091105,0.3554497,0.3083027085556945,0.3083027,9,9,0,0,-,-,1034.3716638446776,1034.372,0.34807065110201546,0.3480707,14.895047039240199,14.89505,0,0,0,0,0,0,6,6,4,4,8,8,0,0,0,0,0.0,0.0,0.0,0.0,0.4863820576343998,0.4863821,0,0,0.3300210282370114,0.330021,0,0,0.5014083068093955,0.5014083,0,0,8.881784e-15
basin,p[labour]*0.5568374181775593,3,CONVERGED,CONVERGED,550,550,0.39222804937913314,0.392228,0.3570928727251265,0.3570929,7,7,0,0,-,-,935.911849727381,935.9118,0.38450942211193395,0.3845094,8.286162165961711,8.286162,0,0,0,0,0,0,4,4,3,3,6,6,0,0,0,0,0.0,0.0,0.0,0.0,0.4813621719568656,0.4813622,0,0,0.3283941610254049,0.3283942,0,0,0.498601199474599,0.4986012,0,0,7.327472e-15
basin,p[labour]*0.5846792890864372,3,CONVERGED,CONVERGED,545,545,0.43081953331383727,0.4308195,0.40588303689455846,0.405883,5,5,0,0,-,-,842.0659927736934,842.066,0.4228356458503035,0.4228356,3.0848068339596524,3.084807,0,0,0,0,0,0,3,3,1,1,4,4,0,0,0,0,0.0,0.0,0.0,0.0,0.4763528179536814,0.4763528,0,0,0.32674932490384223,0.3267493,0,0,0.4957356137167021,0.4957356,0,0,7.327472e-15
basin,p[labour]*0.6139132535407591,3,CONVERGED,CONVERGED,540,540,0.47130601039309633,0.471306,0.45467320106399056,0.4546732,2,2,0,0,-,-,752.2476923370434,752.2477,0.4631458254500699,0.4631458,0.0,0.0,0,0,0,0,0,0,1,1,0,0,1,1,0,0,0,0,0.0,0.0,0.0,0.0,0.47140394126926066,0.4714039,0,0,0.3251064997792856,0.3251065,0,0,0.4928635308090983,0.4928635,0,0,6.8833830000000005e-15
basin,p[labour]*0.6446089162177971,3,CONVERGED,CONVERGED,534,534,0.5137718779205939,0.5137719,0.5034633652334228,0.5034634,0,0,0,0,-,-,665.9759293181178,665.9759,0.5055409753422914,0.505541,0.0,0.0,0,0,0,0,0,0,0,0,0,0,0,0,0,0,0,0,0.0,0.0,0.0,0.0,0.466486608231613,0.4664866,0,0,0.3234440620416303,0.3234441,0,0,0.489905668726772,0.4899057,0,0,5.995204e-15
basin,p[labour]*0.676839362028687,3,CONVERGED,CONVERGED,524,524,0.558303919187225,0.5583039,0.5522535294028548,0.5522535,0,0,0,0,-,-,582.8518068315593,582.8518,0.5501267651556075,0.5501268,0.0,0.0,0,0,0,0,0,0,0,0,0,0,0,0,0,0,0,0,0.0,0.0,0.0,0.0,0.461577842508448,0.4615778,0,0,0.32176503310000326,0.321765,0,0,0.48692214736004336,0.4869221,0,0,9.103829e-15
basin,p[labour]*0.7106813301301214,3,CONVERGED,CONVERGED,482,482,0.6049911665762646,0.6049912,0.6010436935722868,0.6010437,0,0,0,0,-,-,502.5414217582759,502.5414,0.5970136603689012,0.5970137,0.0,0.0,0,0,0,0,0,0,0,0,0,0,0,0,0,0,0,0,0.0,0.0,0.0,0.0,0.4566602171374884,0.4566602,0,0,0.3200578850494676,0.3200579,0,0,0.4838678905903999,0.4838679,0,0,6.661338e-15
basin,p[labour]*0.7462153966366275,3,CONVERGED,CONVERGED,473,473,0.653924729557856,0.6539247,0.6498338577417188,0.6498339,0,0,0,0,-,-,424.76302656775954,424.763,0.6463170589969967,0.6463171,0.0,0.0,0,0,0,0,0,0,0,0,0,0,0,0,0,0,0,0,0.0,0.0,0.0,0.0,0.4517773788289778,0.4517774,0,0,0.31833673924021644,0.3183367,0,0,0.4807804039700722,0.4807804,0,0,7.1054270000000005e-15
basin,p[labour]*0.7835261664684589,3,CONVERGED,CONVERGED,461,461,0.7051975838327544,0.7051976,0.6986240219111508,0.698624,0,0,0,0,-,-,349.2772546798977,349.2773,0.6981574236734421,0.6981574,0.0,0.0,0,0,0,0,0,0,0,0,0,0,0,0,0,0,0,0,0.0,0.0,0.0,0.0,0.44690205275659667,0.4469021,0,0,0.31659533312939364,0.3165953,0,0,0.4776496466836079,0.4776496,0,0,9.769963000000001e-15
basin,p[labour]*0.8227024747918819,3,CONVERGED,CONVERGED,448,448,0.7589043177639451,0.7589043,0.747414186080583,0.7474142,0,0,0,0,-,-,275.87957308529906,275.8796,0.752660408628433,0.7526604,0.0,0.0,0,0,0,0,0,0,0,0,0,0,0,0,0,0,0,0,0.0,0.0,0.0,0.0,0.4420550370397396,0.442055,0,0,0.31483765243932754,0.3148377,0,0,0.47447819641441114,0.4744782,0,0,8.881784e-15
basin,p[labour]*0.863837598531476,3,CONVERGED,CONVERGED,432,432,0.8151408321580086,0.8151408,0.796204350250015,0.7962044,0,0,0,0,-,-,204.39438047563272,204.3944,0.8099569812554738,0.809957,0.0,0.0,0,0,0,0,0,0,0,0,0,0,0,0,0,0,0,0,0.0,0.0,0.0,0.0,0.43724570611270547,0.4372457,0,0,0.3130673284186261,0.3130673,0,0,0.4712822015802351,0.4712822,0,0,1.154632e-14
basin,p[labour]*0.9070294784580498,3,CONVERGED,CONVERGED,376,376,0.8740039894368485,0.874004,0.844994514419447,0.8449945,0,0,0,0,-,-,134.67033876396596,134.6703,0.8701835382307845,0.8701835,0.0,0.0,0,0,0,0,0,0,0,0,0,0,0,0,0,0,0,0,0.0,0.0,0.0,0.0,0.43246804220598195,0.432468,0,0,0.31128229977466554,0.3112823,0,0,0.4680500377349233,0.46805,0,0,5.995204e-15
basin,p[labour]*0.9523809523809523,3,CONVERGED,CONVERGED,337,337,0.9355912082868473,0.9355912,0.8937846785888791,0.8937847,0,0,0,0,-,-,66.57664118795348,66.57664,0.9334820165104255,0.933482,0.0,0.0,0,0,0,0,0,0,0,0,0,0,0,0,0,0,0,0,0.0,0.0,0.0,0.0,0.4277465002088255,0.4277465,0,0,0.3094906616269187,0.3094907,0,0,0.46480223507424673,0.4648022,0,0,8.881784e-15
basin,p[labour]*1.05,3,CONVERGED,CONVERGED,214,214,0.9855037693900063,0.9855038,0.9425748427583135,0.9425748,0,0,0,0,-,-,48.790164169432046,48.79016,0.985193199201799,0.9851932,0.0,0.0,0,0,0,0,0,0,0,0,0,0,0,0,0,0,0,0,0.0,0.0,0.0,0.0,0.4401784427040182,0.4401784,0,0,0.3088086790916993,0.3088087,0,0,0.46211938932619834,0.4621194,0,0,7.327472e-15
basin,p[labour]*1.1025,3,CONVERGED,CONVERGED,250,250,0.9707282734331125,0.9707283,0.9425748427583182,0.9425748,0,0,0,0,-,-,97.58032833886404,97.58033,0.9701103511374695,0.9701104,0.0,0.0,0,0,0,0,0,0,0,0,0,0,0,0,0,0,0,0,0.0,0.0,0.0,0.0,0.4578257338460063,0.4578257,0,0,0.3099571799168009,0.3099572,0,0,0.46272118997871997,0.4627212,0,0,6.217249e-15
basin,p[labour]*1.1576250000000001,3,CONVERGED,CONVERGED,309,309,0.9556834484056401,0.9556834,0.9425748427583128,0.9425748,0,0,0,0,-,-,146.3704925082961,146.3705,0.9547621132664583,0.9547621,0.0,0.0,0,0,0,0,0,0,0,0,0,0,0,0,0,0,0,0,0.0,0.0,0.0,0.0,0.4760262098816008,0.4760262,0,0,0.3111369601083938,0.311137,0,0,0.46334417322479343,0.4633442,0,0,8.881784e-15
basin,p[labour]*1.2155062500000002,3,CONVERGED,CONVERGED,324,324,0.940380248205564,0.9403802,0.9425748427583142,0.9425748,0,0,0,0,-,-,195.16065667772818,195.1607,0.9391601642339127,0.9391602,0.0,0.0,0,0,0,0,0,0,0,0,0,0,0,0,0,0,0,0,0.0,0.0,0.0,0.0,0.4947867650356992,0.4947868,0,0,0.31234687506273345,0.3123469,0,0,0.4639884409937217,0.4639884,0,0,7.327472e-15
basin,p[labour]*1.2762815625000004,3,CONVERGED,CONVERGED,335,335,0.9248306310825083,0.9248306,0.9425748427583187,0.9425748,0,0,0,0,-,-,243.9508208471603,243.9508,0.923317185940429,0.9233172,0.0,0.0,0,0,0,0,0,0,0,0,0,0,0,0,0,0,0,0,0.0,0.0,0.0,0.0,0.5141137447693981,0.5141137,0,0,0.3135912118954265,0.3135912,0,0,0.4646545998744919,0.4646546,0,0,1.021405e-14
basin,p[labour]*1.3400956406250004,3,CONVERGED,CONVERGED,347,347,0.9090475388045265,0.9090475,0.942574842758316,0.9425748,0,0,0,0,-,-,292.74098501659233,292.741,0.9072468378636775,0.9072468,0.0,0.0,0,0,0,0,0,0,0,0,0,0,0,0,0,0,0,0,0.0,0.0,0.0,0.0,0.534012918024094,0.5340129,0,0,0.31486807508237047,0.3148681,0,0,0.4653432704068577,0.4653433,0,0,1.132427e-14
basin,p[labour]*1.4071004226562505,3,CONVERGED,CONVERGED,356,356,0.8930448681074279,0.8930449,0.9425748427583147,0.9425748,0,0,0,0,-,-,341.5311491860243,341.5311,0.8909637235310028,0.8909637,0.0,0.0,0,0,0,0,0,0,0,0,0,0,0,0,0,0,0,0,0.0,0.0,0.0,0.0,0.5544894515691134,0.5544895,0,0,0.31617720929810333,0.3161772,0,0,0.4660550249728275,0.466055,0,0,7.771561000000001e-15
basin,p[labour]*1.477455443789063,3,CONVERGED,CONVERGED,365,365,0.8768374343660886,0.8768374,0.9425748427583172,0.9425748,0,0,0,0,-,-,390.32131335545637,390.3213,0.8744833491407814,0.8744833,0.0,0.0,0,0,0,0,0,0,0,0,0,0,0,0,0,0,0,0,0.0,0.0,0.0,0.0,0.575547886688853,0.5755479,0,0,0.31751498911541653,0.317515,0,0,0.4667890194398205,0.466789,0,0,8.659739999999999e-15
basin,p[labour]*1.5513282159785162,3,CONVERGED,CONVERGED,372,372,0.8604409275272685,0.8604409,0.9425748427583142,0.9425748,0,0,0,0,-,-,439.1114775248884,439.1115,0.8578220744344912,0.8578221,0.0,0.0,0,0,0,0,0,0,0,0,0,0,0,0,0,0,0,0,0.0,0.0,0.0,0.0,0.597192118428333,0.5971921,0,0,0.31887695074979255,0.318877,0,0,0.46754450864273084,0.4675445,0,0,6.8833830000000005e-15
basin,p[labour]*1.628894626777442,3,CONVERGED,CONVERGED,412,412,0.8438718604481746,0.8438719,0.9425748427583147,0.9425748,0,0,0,0,-,-,487.90164169432035,487.9016,0.8409970560291273,0.8409971,0.0,0.0,0,0,0,0,0,0,0,0,0,0,0,0,0,0,0,0,0.0,0.0,0.0,0.0,0.6194253775955446,0.6194254,0,0,0.3202571807955895,0.3202572,0,0,0.46832093212103787,0.4683209,0,0,9.769963000000001e-15
basin,p[labour]*1.7103393581163142,3,CONVERGED,CONVERGED,421,421,0.8271475098924039,0.8271475,0.9425748427583142,0.9425748,0,0,0,0,-,-,536.6918058637524,536.6918,0.8240261835287315,0.8240262,0.0,0.0,0,0,0,0,0,0,0,0,0,0,0,0,0,0,0,0,0.0,0.0,0.0,0.0,0.642250215695247,0.6422502,0,0,0.3216775749459274,0.3216776,0,0,0.46912458023664366,0.4691246,0,0,5.995204e-15
basin,p[labour]*1.79585632602213,3,CONVERGED,CONVERGED,427,427,0.8102858505427908,0.8102859,0.942574842758315,0.9425748,0,0,0,0,-,-,585.4819700331846,585.482,0.8069280088420688,0.806928,0.0,0.0,0,0,0,0,0,0,0,0,0,0,0,0,0,0,0,0,0.0,0.0,0.0,0.0,0.6656684929422724,0.6656685,0,0,0.32312401096469456,0.323124,0,0,0.4699533165076344,0.4699533,0,0,8.21565e-15
basin,p[labour]*1.8856491423232367,3,CONVERGED,CONVERGED,431,431,0.7933054824967457,0.7933055,0.9425748427583157,0.9425748,0,0,0,0,-,-,634.2721342026167,634.2721,0.7897216692384992,0.7897217,0.0,0.0,0,0,0,0,0,0,0,0,0,0,0,0,0,0,0,0,0.0,0.0,0.0,0.0,0.6896813694733334,0.6896814,0,0,0.32459049291229486,0.3245905,0,0,0.47080867225729295,0.4708087,0,0,1.021405e-14
basin,p[labour]*1.9799315994393987,3,CONVERGED,CONVERGED,435,435,0.7762255528115749,0.7762256,0.942574842758315,0.9425748,0,0,0,0,-,-,683.0622983720486,683.0623,0.7724268047734898,0.7724268,0.0,0.0,0,0,0,0,0,0,0,0,0,0,0,0,0,0,0,0,0.0,0.0,0.0,0.0,0.7142892998452344,0.7142893,0,0,0.32608151490724335,0.3260815,0,0,0.47169114426869685,0.4716911,0,0,8.437695e-15
basin,p[labour]*2.0789281794113688,3,CONVERGED,CONVERGED,439,439,0.7590656717626066,0.7590657,0.9425748427583135,0.9425748,0,0,0,0,-,-,731.8524625414807,731.8525,0.7550634708066066,0.7550635,0.0,0.0,0,0,0,0,0,0,0,0,0,0,0,0,0,0,0,0,0.0,0.0,0.0,0.0,0.7394920308748076,0.739492,0,0,0.32759134774521226,0.3275913,0,0,0.47259993810696654,0.4725999,0,0,7.771561000000001e-15
basin,p[labour]*2.182874588381937,3,CONVERGED,CONVERGED,444,444,0.7418458245634555,0.7418458,0.9425748427583157,0.9425748,0,0,0,0,-,-,780.6426267109126,780.6426,0.7376520464159961,0.737652,0.0,0.0,0,0,0,0,0,0,0,0,0,0,0,0,0,0,0,0,0.0,0.0,0.0,0.0,0.7652886028423499,0.7652886,0,0,0.32913251081509126,0.3291325,0,0,0.4735328825232907,0.4735329,0,0,1.110223e-14
basin,p[labour]*2.292018317801034,3,CONVERGED,CONVERGED,448,448,0.7245862793733029,0.7245863,0.9425748427583163,0.9425748,0,0,0,0,-,-,829.4327908803447,829.4328,0.7202131395823014,0.7202131,0.0,0.0,0,0,0,0,0,0,0,0,0,0,0,0,0,0,0,0,0.0,0.0,0.0,0.0,0.7916773540464248,0.7916774,0,0,0.3306822875068031,0.3306823,0,0,0.4744850558730821,0.4744851,0,0,6.8833830000000005e-15
basin,p[labour]*2.4066192336910857,3,CONVERGED,CONVERGED,453,453,0.7073074924787327,0.7073075,0.9425748427583173,0.9425748,0,0,0,0,-,-,878.2229550497767,878.223,0.7027674900698848,0.7027675,0.0,0.0,0,0,0,0,0,0,0,0,0,0,0,0,0,0,0,0,0.0,0.0,0.0,0.0,0.8186559286641846,0.8186559,0,0,0.33223420389512054,0.3322342,0,0,0.47546083512449405,0.4754608,0,0,8.21565e-15
basin,p[labour]*2.5269501953756404,3,CONVERGED,CONVERGED,457,457,0.6900300115858697,0.69003,0.9425748427583157,0.9425748,0,0,0,0,-,-,927.0131192192089,927.0131,0.6853358709727512,0.6853359,0.0,0.0,0,0,0,0,0,0,0,0,0,0,0,0,0,0,0,0,0.0,0.0,0.0,0.0,0.8462212878384547,0.8462213,0,0,0.33378052330487124,0.3337805,0,0,0.4764618826039848,0.4764619,0,0,1.221245e-14
basin,p[labour]*2.653297705144422,3,CONVERGED,CONVERGED,461,461,0.6727743781910484,0.6727744,0.9425748427583159,0.9425748,0,0,0,0,-,-,975.8032833886408,975.8033,0.6669849384803728,0.6669849,0.0,0.0,0,0,0,0,0,0,0,0,0,0,0,0,0,0,0,0,0.0,0.0,0.0,0.0,0.8743697238812513,0.8743697,0,0,0.3353354483493334,0.3353354,0,0,0.47748117662288125,0.4774812,0,0,9.103829e-15
basin,p[labour]*2.7859625904016436,3,CONVERGED,CONVERGED,465,465,0.6555610300141335,0.655561,0.9425748427583188,0.9425748,0,0,0,0,-,-,1024.593447558073,1024.593,0.6480462436559327,0.6480462,0.0,0.0,0,0,0,0,0,0,0,0,0,0,0,0,0,0,0,0,0.0,0.0,0.0,0.0,0.9030968774537174,0.9030969,0,0,0.3369040440708583,0.336904,0,0,0.47853678477035433,0.4785368,0,0,8.21565e-15
basin,p[labour]*2.925260719921726,3,CONVERGED,CONVERGED,469,469,0.6384102044775531,0.6384102,0.9425748427583182,0.9425748,0,0,0,0,-,-,1073.383611727505,1073.384,0.6290512079221929,0.6290512,0.0,0.0,0,0,0,0,0,0,0,0,0,0,0,0,0,0,0,0,0.0,0.0,0.0,0.0,0.9323977575551093,0.9323978,0,0,0.33843514692422083,0.3384351,0,0,0.4796048903244779,0.4796049,0,0,4.440892e-15
basin,p[labour]*3.0715237559178123,3,CONVERGED,CONVERGED,472,472,0.6213418441960379,0.6213418,0.9425748427583126,0.9425748,0,0,0,0,-,-,1122.173775896937,1122.174,0.610027601221675,0.6100276,0.0,0.0,0,0,0,0,0,0,0,0,0,0,0,0,0,0,0,0,0.0,0.0,0.0,0.0,0.9622667641288999,0.9622668,0,0,0.3399403832031056,0.3399404,0,0,0.48069404076189165,0.480694,0,0,6.661338e-15
basin,p[labour]*3.225099943713703,3,CONVERGED,CONVERGED,476,476,0.6043755054075409,0.6043755,0.9425748427583145,0.9425748,0,0,0,0,-,-,1170.9639400663689,1170.964,0.5910037302309556,0.5910037,0.0,0.0,0,0,0,0,0,0,0,0,0,0,0,0,0,0,0,0,0.0,0.0,0.0,0.0,0.9926977130725905,0.9926977,0,0,0.3414538621936262,0.3414539,0,0,0.4818019015431543,0.4818019,0,0,6.8833830000000005e-15
basin,p[labour]*3.3863549408993885,3,CONVERGED,CONVERGED,479,479,0.5875302702256958,0.5875303,0.9425748427583133,0.9425748,0,0,0,0,-,-,1219.7541042358014,1219.754,0.5717695092854351,0.5717695,0.0,0.0,0,0,0,0,0,0,0,0,0,0,0,0,0,0,0,0,0.0,0.0,0.0,0.0,1.0,1.0,1,1,0.3429867695761146,0.3429868,0,0,0.4829498309170045,0.4829498,0,0,8.881784e-15
basin,p[labour]*3.555672687944358,3,CONVERGED,CONVERGED,483,483,0.5708246635297627,0.5708247,0.9425748427583145,0.9425748,0,0,0,0,-,-,1268.5442684052332,1268.544,0.5524647286260469,0.5524647,0.0,0.0,0,0,0,0,0,0,0,0,0,0,0,0,0,0,0,0,0.0,0.0,0.0,0.0,1.0,1.0,2,2,0.34449223748164143,0.3444922,0,0,0.4841256111012955,0.4841256,0,0,5.551115e-15
basin,p[labour]*3.733456322341576,3,CONVERGED,CONVERGED,486,486,0.5542765752309734,0.5542766,0.9425748427583147,0.9425748,0,0,0,0,-,-,1317.3344325746652,1317.334,0.5330902752034428,0.5330903,0.0,0.0,0,0,0,0,0,0,0,0,0,0,0,0,0,0,0,0,0.0,0.0,0.0,0.0,1.0,1.0,2,2,0.3459569238002196,0.3459569,0,0,0.4853177403795158,0.4853177,0,0,9.992007e-15
basin,p[labour]*3.920129138458655,3,CONVERGED,CONVERGED,489,489,0.5379031885664354,0.5379032,0.9425748427583159,0.9425748,0,0,0,0,-,-,1366.1245967440973,1366.125,0.5137181660731017,0.5137182,0.0,0.0,0,0,0,0,0,0,0,0,0,0,0,0,0,0,0,0,0.0,0.0,0.0,0.0,1.0,1.0,3,3,0.347411162347389,0.3474112,0,0,0.4865447244876596,0.4865447,0,0,8.21565e-15
basin,p[labour]*4.116135595381588,3,CONVERGED,CONVERGED,527,527,0.521720914975448,0.5217209,0.942574842758315,0.9425748,0,0,0,0,-,-,1414.9147609135296,1414.915,0.4944788216177203,0.4944788,0.0,0.0,0,0,0,0,0,0,0,0,0,0,0,0,0,0,0,0,0.0,0.0,0.0,0.0,1.0,1.0,4,4,0.34881220740736185,0.3488122,0,0,0.4878060039038416,0.487806,0,0,7.771561000000001e-15
basin,p[labour]*4.321942375150668,3,CONVERGED,CONVERGED,531,531,0.5057453360105332,0.5057453,0.9425748427583165,0.9425748,0,0,0,0,-,-,1463.7049250829614,1463.705,0.4752685571363153,0.4752686,0.0,0.0,0,0,0,0,0,0,0,0,0,0,0,0,0,0,0,0,0.0,0.0,0.0,0.0,1.0,1.0,4,4,0.35022762937205504,0.3502276,0,0,0.4890898902912285,0.4890899,0,0,8.21565e-15
basin,p[labour]*4.538039493908201,3,CONVERGED,CONVERGED,534,534,0.4899911526290436,0.4899912,0.9425748427583137,0.9425748,4,4,0,0,-,-,1512.4950892523934,1512.495,0.45612181986647193,0.4561218,0.0,0.0,0,0,0,0,0,0,0,0,3,3,0,0,1,1,0,0,0.0,0.0,0.0,0.0,1.0,1.0,5,5,0.3515568964252058,0.3515569,0,0,0.49038217073835566,0.4903822,0,0,7.771561000000001e-15
basin,p[labour]*4.764941468603611,3,CONVERGED,CONVERGED,537,537,0.4733099953142582,0.47331,0.9425748427583148,0.9425748,10,10,0,0,-,-,1561.2852534218255,1561.285,0.4371784370143479,0.4371784,0.0,0.0,0,0,0,0,0,0,0,0,9,9,0,0,1,1,0,0,0.0,0.0,0.0,0.0,1.0,1.0,5,5,0.35279200910683656,0.352792,0,0,0.49167839445718864,0.4916784,0,0,6.439294e-15
basin,p[labour]*5.003188542033792,3,CONVERGED,CONVERGED,540,540,0.4550680396296536,0.455068,0.9425748427583148,0.9425748,13,13,0,0,-,-,1610.0754175912573,1610.075,0.41850104178297365,0.418501,0.0,0.0,0,0,0,0,0,0,0,0,12,12,0,0,5,5,0,0,0.0,0.0,0.0,0.0,1.0,1.0,6,6,0.3540376481325803,0.3540376,0,0,0.49300099325827773,0.493001,0,0,7.1054270000000005e-15
basin,p[labour]*5.253347969135482,3,CONVERGED,CONVERGED,542,542,0.437049285310721,0.4370493,0.9425748427583144,0.9425748,15,15,0,0,-,-,1658.8655817606893,1658.866,0.40014322319069523,0.4001432,0.3180211838792544,0.3180212,0,0,0,0,0,0,0,0,14,14,0,0,8,8,0,0,0.0,0.0,0.0,0.0,1.0,1.0,6,6,0.3552241676679196,0.3552242,0,0,0.49437736802870436,0.4943774,0,0,6.217249e-15
basin,p[labour]*5.5160153675922565,3,CONVERGED,CONVERGED,545,545,0.41927998539023725,0.41928,0.9425748427583156,0.9425748,16,16,0,0,-,-,1707.6557459301216,1707.656,0.38215598165045256,0.382156,1.9159263152879282,1.915926,0,0,0,0,0,0,0,0,15,15,0,0,9,9,0,0,0.0,0.0,0.0,0.0,1.0,1.0,7,7,0.35650880536887614,0.3565088,0,0,0.495770408664137,0.4957704,0,0,7.1054270000000005e-15
basin,p[labour]*5.791816135971869,3,CONVERGED,CONVERGED,547,547,0.40178541072131946,0.4017854,0.9425748427583165,0.9425748,17,17,0,0,-,-,1756.4459100995534,1756.446,0.36459137982542766,0.3645914,4.137280914066466,4.137281,0,0,1,1,0,0,0,0,16,16,0,0,11,11,0,0,0.0,0.0,0.0,0.0,1.0,1.0,7,7,0.35779750867917304,0.3577975,0,0,0.4971896672399157,0.4971897,0,0,9.103829e-15
basin,p[labour]*6.081406942770463,3,CONVERGED,CONVERGED,549,549,0.3845897064720808,0.3845897,0.9425748427583156,0.9425748,18,18,0,0,-,-,1805.2360742689857,1805.236,0.3474928334033768,0.3474928,6.82005727361184,6.820057,0,0,3,3,0,0,0,0,17,17,0,0,12,12,0,0,0.0,0.0,0.0,0.0,1.0,1.0,8,8,0.3591014664493061,0.3591015,0,0,0.49864054726838286,0.4986405,0,0,8.881784e-15
basin,p[labour]*6.385477289908986,3,CONVERGED,CONVERGED,551,551,0.3677157578891494,0.3677158,0.9425748427583156,0.9425748,19,19,0,0,-,-,1854.0262384384175,1854.026,0.3308727635147396,0.3308728,9.91643787170917,9.916438,0,0,7,7,0,0,0,0,18,18,0,0,14,14,0,0,0.0,0.0,0.0,0.0,1.0,1.0,8,8,0.36029416905904377,0.3602942,0,0,0.5001140587891728,0.5001141,0,0,8.437695e-15
basin,p[labour]*6.704751154404436,3,CONVERGED,CONVERGED,554,554,0.3511850668833156,0.3511851,0.942574842758314,0.9425748,21,21,0,0,-,-,1902.8164026078498,1902.816,0.31474167684872373,0.3147417,13.376445927776976,13.37645,0,0,10,10,0,0,0,0,20,20,0,0,15,15,0,0,0.0,0.0,0.0,0.0,1.0,1.0,9,9,0.3614533619622347,0.3614534,0,0,0.50161951115885,0.5016195,0,0,8.21565e-15
basin,p[labour]*7.039988712124658,3,CONVERGED,CONVERGED,556,556,0.33501764083751645,0.3350176,0.942574842758316,0.9425748,22,22,0,0,-,-,1951.6065667772816,1951.607,0.29910815984842504,0.2991082,17.179925135257484,17.17993,0,0,12,12,0,0,0,0,21,21,0,0,16,16,0,0,0.0,0.0,0.0,0.0,1.0,1.0,9,9,0.36257309343541466,0.3625731,0,0,0.50313963219289,0.5031396,0,0,7.771561000000001e-15
basin,p[labour]*7.391988147730891,3,CONVERGED,CONVERGED,559,559,0.3192318948577986,0.3192319,0.9425748427583154,0.9425748,23,23,0,0,-,-,2000.3967309467137,2000.397,0.28397888978242936,0.2839789,21.292125636905052,21.29213,0,0,14,14,0,0,0,0,22,22,0,0,17,17,0,0,0.0,0.0,0.0,0.0,1.0,1.0,10,10,0.3635998844324492,0.3635999,0,0,0.5046477878257453,0.5046478,0,0,9.992007e-15
basin,p[labour]*7.761587555117436,3,CONVERGED,CONVERGED,562,562,0.30384456848574465,0.3038446,0.9425748427583163,0.9425748,24,24,0,0,-,-,2049.186895116146,2049.187,0.2693586621027115,0.2693587,25.70561576288341,25.70562,0,0,15,15,0,0,0,0,23,23,0,0,22,22,0,0,0.0,0.0,0.0,0.0,1.0,1.0,10,10,0.36443236172040083,0.3644324,0,0,0.5061546186682251,0.5061546,0,0,9.547918e-15
basin,p[labour]*8.14966693287331,3,CONVERGED,CONVERGED,565,565,0.28887065767065,0.2888707,0.942574842758316,0.9425748,26,26,0,0,-,-,2097.977059285578,2097.977,0.25513958288402394,0.2551396,30.43793905041007,30.43794,0,0,16,16,0,0,0,0,25,25,0,0,25,25,0,0,0.0,0.0,0.0,0.0,1.0,1.0,11,11,0.36525184370012936,0.3652518,0,0,0.50766873527922,0.5076687,0,0,1.2434500000000001e-14
basin,p[land]*0.12270440108003683,3,CONVERGED,CONVERGED,654,654,0.0,0.0,0.8902987504942637,0.8902988,8,8,0,0,-,-,inf,inf,0.0,0.0,117.8387248746659,117.8387,1,1,0,0,0,0,6,6,6,6,5,5,0,0,0,0,0.0,0.0,0.0,0.0,0.9279826430247173,0.9279826,0,0,0.5473470194856129,0.547347,0,0,0.7572329592211193,0.757233,0,0,7.771561000000001e-15
basin,p[land]*0.12883962113403868,3,CONVERGED,CONVERGED,650,650,0.0,0.0,0.8903991646583873,0.8903992,8,8,0,0,-,-,inf,inf,0.0,0.0,110.05786994324691,110.0579,1,1,0,0,0,0,5,5,6,6,5,5,0,0,0,0,0.0,0.0,0.0,0.0,0.918791477962748,0.9187915,0,0,0.5442531320921529,0.5442531,0,0,0.7536037051605907,0.7536037,0,0,8.659739999999999e-15
basin,p[land]*0.13528160219074062,3,CONVERGED,CONVERGED,646,646,0.0,0.0,0.8903664757549894,0.8903665,7,7,0,0,-,-,inf,inf,0.0,0.0,102.55439791412981,102.5544,1,1,0,0,0,0,5,5,5,5,4,4,0,0,0,0,0.0,0.0,0.0,0.0,0.9092746077743444,0.9092746,0,0,0.5410455489577748,0.5410455,0,0,0.749836961072102,0.749837,0,0,7.1054270000000005e-15
basin,p[land]*0.14204568230027764,3,CONVERGED,CONVERGED,642,642,0.0,0.0,0.8902068208810766,0.8902068,7,7,0,0,-,-,inf,inf,0.0,0.0,95.20823116130026,95.20823,1,1,0,0,0,0,4,4,5,5,3,3,0,0,0,0,0.0,0.0,0.0,0.0,0.8994391269695678,0.8994391,0,0,0.5377218466696163,0.5377218,0,0,0.7459293916936441,0.7459294,0,0,7.1054270000000005e-15
basin,p[land]*0.14914796641529154,3,CONVERGED,CONVERGED,639,639,0.0,0.0,0.889670106671688,0.8896701,5,5,0,0,-,-,inf,inf,0.0,0.0,88.02351614061473,88.02352,1,1,0,0,0,0,3,3,3,3,3,3,0,0,0,0,0.0,0.0,0.0,0.0,0.8892867931405213,0.8892868,0,0,0.5342796992854565,0.5342797,0,0,0.7418777382255632,0.7418777,0,0,8.881784e-15
basin,p[land]*0.15660536473605613,3,CONVERGED,CONVERGED,635,635,0.0,0.0,0.8888070036605551,0.888807,5,5,0,0,-,-,inf,inf,0.0,0.0,80.98111741223897,80.98112,1,1,0,0,0,0,3,3,3,3,3,3,0,0,0,0,0.0,0.0,0.0,0.0,0.8789394863721383,0.8789395,0,0,0.530716892846109,0.5307169,0,0,0.7376788337682809,0.7376788,0,0,7.1054270000000005e-15
basin,p[land]*0.16443563297285893,3,CONVERGED,CONVERGED,632,632,0.0,0.0,0.8878562985794798,0.8878563,5,5,0,0,-,-,inf,inf,0.0,0.0,74.22749572451946,74.2275,1,1,0,0,0,0,3,3,3,3,3,3,0,0,0,0,0.0,0.0,0.0,0.0,0.8682273503118567,0.8682274,0,0,0.5270313404283989,0.5270313,0,0,0.7333296194771163,0.7333296,0,0,6.8833830000000005e-15
basin,p[land]*0.1726574146215019,3,CONVERGED,CONVERGED,629,629,0.0,0.0,0.8868273887216714,0.8868274,5,5,0,0,-,-,inf,inf,0.0,0.0,67.71120215049025,67.7112,1,1,0,0,0,0,2,2,3,3,2,2,0,0,0,0,0.0,0.0,0.0,0.0,0.8572003813471627,0.8572004,0,0,0.5232210976763738,0.5232211,0,0,0.7288271613851633,0.7288272,0,0,6.661338e-15
basin,p[land]*0.181290285352577,3,CONVERGED,CONVERGED,625,625,0.0,0.0,0.8857282851286151,0.8857283,4,4,0,0,-,-,inf,inf,0.0,0.0,61.40238097027067,61.40238,1,1,0,0,0,0,2,2,2,2,2,2,0,0,0,0,0.0,0.0,0.0,0.0,0.8459191751671298,0.8459192,0,0,0.5192843787376938,0.5192844,0,0,0.7241686678346382,0.7241687,0,0,5.995204e-15
basin,p[land]*0.19035479962020585,3,CONVERGED,CONVERGED,620,620,0.0,0.0,0.8847195301405951,0.8847195,4,4,0,0,-,-,inf,inf,0.0,0.0,55.34583517888146,55.34584,1,1,0,0,0,0,2,2,2,2,2,2,0,0,0,0,0.0,0.0,0.0,0.0,0.8344541471425303,0.8344541,0,0,0.5152195725212158,0.5152196,0,0,0.719351507446233,0.7193515,0,0,7.1054270000000005e-15
basin,p[land]*0.19987253960121615,3,CONVERGED,CONVERGED,615,615,0.0,0.0,0.8837599505068836,0.88376,4,4,0,0,-,-,inf,inf,0.0,0.0,49.50533428832475,49.50533,1,1,0,0,0,0,2,2,2,2,2,2,0,0,0,0,0.0,0.0,0.0,0.0,0.8227159183128873,0.8227159,0,0,0.5110252591807866,0.5110253,0,0,0.7143732275449318,0.7143732,0,0,8.881784e-15
basin,p[land]*0.20986616658127696,3,CONVERGED,CONVERGED,607,607,0.0,0.0,0.8825264360353912,0.8825264,2,2,0,0,-,-,inf,inf,0.0,0.0,43.962829021416944,43.96283,1,1,0,0,0,0,1,1,1,1,1,1,0,0,0,0,0.0,0.0,0.0,0.0,0.8107427695854889,0.8107428,0,0,0.5067002267193645,0.5067002,0,0,0.7092315729495925,0.7092316,0,0,8.659739999999999e-15
basin,p[land]*0.22035947491034083,3,CONVERGED,CONVERGED,597,597,0.0,0.0,0.8812843774460293,0.8812844,2,2,0,0,-,-,inf,inf,0.0,0.0,38.6675929758875,38.66759,1,1,0,0,0,0,1,1,1,1,1,1,0,0,0,0,0.0,0.0,0.0,0.0,0.7985342106664067,0.7985342,0,0,0.5022434875969612,0.5022435,0,0,0.7039245050225502,0.7039245,0,0,8.881784e-15
basin,p[land]*0.23137744865585788,3,CONVERGED,CONVERGED,594,594,0.008671691695967421,0.008671692,0.8804047146585717,0.8804047,2,2,0,0,-,-,4747.691386581096,4747.691,0.004265653975155691,0.004265654,33.54507052064787,33.54507,0,0,0,0,0,0,1,1,1,1,1,1,0,0,0,0,0.0,0.0,0.0,0.0,0.7862465568405389,0.7862466,0,0,0.49765429521576054,0.4976543,0,0,0.6984502208647233,0.6984502,0,0,7.327472e-15
basin,p[land]*0.24294632108865077,3,CONVERGED,CONVERGED,591,591,0.056442981938974485,0.05644298,0.8811309894883587,0.881131,2,2,0,0,-,-,2874.5243196055376,2874.524,0.028194865928512725,0.02819487,28.475417722681843,28.47542,0,0,0,0,0,0,1,1,1,1,1,1,0,0,0,0,0.0,0.0,0.0,0.0,0.7737994160464735,0.7737994,0,0,0.4929321601463241,0.4929322,0,0,0.6928071725313913,0.6928072,0,0,9.769963000000001e-15
basin,p[land]*0.2550936371430833,3,CONVERGED,CONVERGED,589,589,0.10326133133130061,0.1032613,0.8818691437270412,0.8818691,2,2,0,0,-,-,2270.49230661258,2270.492,0.05240805409376088,0.05240805,23.732210872855656,23.73221,0,0,0,0,0,0,1,1,1,1,1,1,0,0,0,0,0.0,0.0,0.0,0.0,0.7611831479220709,0.7611831,0,0,0.4880768659502607,0.4880769,0,0,0.6869940861341651,0.6869941,0,0,1.2878590000000001e-14
basin,p[land]*0.26784831900023753,3,CONVERGED,CONVERGED,586,586,0.14910094010753747,0.1491009,0.8826180949192507,0.8826181,2,2,0,0,-,-,1903.1317520164496,1903.132,0.0769249246897883,0.07692492,19.357932090853545,19.35793,0,0,0,0,0,0,1,1,1,1,1,1,0,0,0,0,0.0,0.0,0.0,0.0,0.7483908794119877,0.7483909,0,0,0.48308848444735036,0.4830885,0,0,0.6810099806858846,0.68101,0,0,1.44329e-14
basin,p[land]*0.28124073495024937,3,CONVERGED,CONVERGED,585,585,0.19393935485120628,0.1939394,0.8833865758273183,0.8833866,2,2,0,0,-,-,1640.2097726493419,1640.21,0.10176753350853072,0.1017675,15.272428475384364,15.27243,0,0,0,0,0,0,1,1,1,1,1,1,0,0,0,0,0.0,0.0,0.0,0.0,0.735466265167495,0.7354663,0,0,0.47796739026909485,0.4779674,0,0,0.674854186537467,0.6748542,0,0,7.327472e-15
basin,p[land]*0.29530277169776187,3,CONVERGED,CONVERGED,584,584,0.23775742135642908,0.2377574,0.8841890285264731,0.884189,2,2,0,0,-,-,1436.5043630851217,1436.504,0.12696035233517303,0.1269604,11.50628408167803,11.50628,0,0,0,0,0,0,1,1,1,1,1,1,0,0,0,0,0.0,0.0,0.0,0.0,0.7224822479514206,0.7224822,0,0,0.4727142745362335,0.4727143,0,0,0.6685263632492754,0.6685264,0,0,7.993606e-15
basin,p[land]*0.31006791028264996,3,CONVERGED,CONVERGED,583,583,0.28053921880668603,0.2805392,0.8850356815805682,0.8850357,2,2,0,0,-,-,1321.2935801252693,1321.294,0.1525303338642462,0.1525303,8.130435754452566,8.130436,0,0,0,0,0,0,1,1,1,1,1,1,0,0,0,0,0.0,0.0,0.0,0.0,0.7093338539987993,0.7093339,0,0,0.46733015749514145,0.4673302,0,0,0.6620265167345997,0.6620265,0,0,9.547918e-15
basin,p[land]*0.3255713057967825,3,CONVERGED,CONVERGED,582,582,0.32227197699430954,0.322272,0.8859248395902298,0.8859248,2,2,0,0,-,-,1264.05670385541,1264.057,0.17850697576171304,0.178507,5.183101026542285,5.183101,0,0,0,0,0,0,1,1,1,1,1,1,0,0,0,0,0.0,0.0,0.0,0.0,0.6961888883535232,0.6961889,0,0,0.46181639994738594,0.4618164,0,0,0.6553550155094862,0.655355,0,0,6.439294e-15
basin,p[land]*0.3418498710866216,3,CONVERGED,CONVERGED,581,581,0.3629459783818441,0.362946,0.8866820675972058,0.8866821,2,2,0,0,-,-,1207.2551795231243,1207.255,0.2049223845559973,0.2049224,2.6868610165281166,2.686861,0,0,0,0,0,0,1,1,1,1,1,1,0,0,0,0,0.0,0.0,0.0,0.0,0.6831117125513058,0.6831117,0,0,0.45617471330824916,0.4561747,0,0,0.648512605881605,0.6485126,0,0,8.437695e-15
basin,p[land]*0.35894236464095275,3,CONVERGED,CONVERGED,579,579,0.4025544468508268,0.4025544,0.8875307383960754,0.8875307,2,2,0,0,-,-,1150.494459565626,1150.494,0.23181134006281556,0.2318113,0.7787667382446452,0.7787667,0,0,0,0,0,0,1,1,1,1,1,1,0,0,0,0,0.0,0.0,0.0,0.0,0.6700553227323889,0.6700553,0,0,0.45040716813385423,0.4504072,0,0,0.6415004259112173,0.6415004,0,0,7.771561000000001e-15
basin,p[land]*0.3768894828730004,3,CONVERGED,CONVERGED,576,576,0.44109342499695403,0.4410934,0.8884806427948124,0.8884806,2,2,0,0,-,-,1093.8044437086212,1093.804,0.2592113610596074,0.2592114,0.0,0.0,0,0,0,0,0,0,1,1,1,1,1,1,0,0,0,0,0.0,0.0,0.0,0.0,0.6570559971956353,0.657056,0,0,0.4445162009627701,0.4445162,0,0,0.6343200179797202,0.63432,0,0,6.217249e-15
basin,p[land]*0.39573395701665043,3,CONVERGED,CONVERGED,574,574,0.4785616418157771,0.4785616,0.8895416002263797,0.8895416,2,2,0,0,-,-,1037.492743349779,1037.493,0.2871627729255329,0.2871628,0.0,0.0,0,0,0,0,0,0,1,1,1,1,1,1,0,0,0,0,0.0,0.0,0.0,0.0,0.6442055071365073,0.6442055,0,0,0.43850461932668,0.4385046,0,0,0.6269733398057611,0.6269733,0,0,5.995204e-15
basin,p[land]*0.41552065486748296,3,CONVERGED,CONVERGED,570,570,0.5149603725828817,0.5149604,0.8907234110895089,0.8907234,0,0,0,0,-,-,981.7735550546699,981.7736,0.31570877795248103,0.3157088,0.0,0.0,0,0,0,0,0,0,0,0,0,0,0,0,0,0,0,0,0.0,0.0,0.0,0.0,0.6314259374678386,0.6314259,0,0,0.432375604795901,0.4323756,0,0,0.619462773755577,0.6194628,0,0,7.771561000000001e-15
basin,p[land]*0.4362966876108571,3,CONVERGED,CONVERGED,566,566,0.5502932926702616,0.5502933,0.8920358095185718,0.8920358,0,0,0,0,-,-,926.1155936809203,926.1156,0.34489552901145515,0.3448955,0.0,0.0,0,0,0,0,0,0,0,0,0,0,0,0,0,0,0,0,0.0,0.0,0.0,0.0,0.6187032576898729,0.6187033,0,0,0.4261327139392026,0.4261327,0,0,0.6117911343030155,0.6117911,0,0,8.881784e-15
basin,p[land]*0.4581115219914,3,CONVERGED,CONVERGED,534,534,0.5845663269596078,0.5845663,0.8934884169362953,0.8934884,0,0,0,0,-,-,870.5378439921358,870.5378,0.3747722072270257,0.3747722,0.0,0.0,0,0,0,0,0,0,0,0,0,0,0,0,0,0,0,0,0.0,0.0,0.0,0.0,0.606072616191062,0.6060726,0,0,0.41977987709342174,0.4197799,0,0,0.6039616735055882,0.6039617,0,0,7.327472e-15
basin,p[land]*0.48101709809097004,3,CONVERGED,CONVERGED,530,530,0.617787496416872,0.6177875,0.8950907269227076,0.8950907,0,0,0,0,-,-,815.0507261894877,815.0507,0.40539110427008734,0.4053911,0.0,0.0,0,0,0,0,0,0,0,0,0,0,0,0,0,0,0,0,0.0,0.0,0.0,0.0,0.5935831753655229,0.5935832,0,0,0.4133213948566677,0.4133214,0,0,0.595978084375829,0.5959781,0,0,7.327472e-15
basin,p[land]*0.5050679529955185,3,CONVERGED,CONVERGED,525,525,0.6499667632840372,0.6499668,0.896852213811499,0.8968522,0,0,0,0,-,-,759.8556302299091,759.8556,0.4368077098254851,0.4368077,0.0,0.0,0,0,0,0,0,0,0,0,0,0,0,0,0,0,0,0,0.0,0.0,0.0,0.0,0.5811960612142528,0.5811961,0,0,0.406761932239281,0.4067619,0,0,0.5878445020420283,0.5878445,0,0,7.1054270000000005e-15
basin,p[land]*0.5303213506452945,3,CONVERGED,CONVERGED,520,520,0.6811158762266754,0.6811159,0.8987818464091684,0.8987818,0,0,0,0,-,-,704.7916134909095,704.7916,0.46908080472542674,0.4690808,0.0,0.0,0,0,0,0,0,0,0,0,0,0,0,0,0,0,0,0,0.0,0.0,0.0,0.0,0.5689152733356632,0.5689153,0,0,0.4001065104289154,0.4001065,0,0,0.5795655026089661,0.5795655,0,0,8.881784e-15
basin,p[land]*0.5568374181775593,3,CONVERGED,CONVERGED,516,516,0.7112482166526053,0.7112482,0.9008882522067568,0.9008883,0,0,0,0,-,-,649.9750715534053,649.9751,0.502272560160826,0.5022726,0.0,0.0,0,0,0,0,0,0,0,0,0,0,0,0,0,0,0,0,0.0,0.0,0.0,0.0,0.5567715646580714,0.5567716,0,0,0.3933604961498773,0.3933605,0,0,0.5711460996473521,0.5711461,0,0,9.547918e-15
basin,p[land]*0.5846792890864372,3,CONVERGED,CONVERGED,510,510,0.7403786472904331,0.7403786,0.9031797457186677,0.9031797,0,0,0,0,-,-,595.3225828497574,595.3226,0.5364486432891644,0.5364486,0.0,0.0,0,0,0,0,0,0,0,0,0,0,0,0,0,0,0,0,0.0,0.0,0.0,0.0,0.5447840789557703,0.5447841,0,0,0.38652958862186354,0.3865296,0,0,0.5625917382600935,0.5625917,0,0,7.327472e-15
basin,p[land]*0.6139132535407591,3,CONVERGED,CONVERGED,504,504,0.7685233639894504,0.7685234,0.9056642960958354,0.9056643,0,0,0,0,-,-,540.7744734326484,540.7745,0.5716783294468681,0.5716783,0.0,0.0,0,0,0,0,0,0,0,0,0,0,0,0,0,0,0,0,0.0,0.0,0.0,0.0,0.5329569572870415,0.532957,0,0,0.3796198041491208,0.3796198,0,0,0.553908286694006,0.5539083,0,0,8.437695e-15
basin,p[land]*0.6446089162177971,3,CONVERGED,CONVERGED,498,498,0.7956997515764237,0.7956998,0.9083494960515778,0.9083495,0,0,0,0,-,-,486.4067075757502,486.4067,0.6080346210436285,0.6080346,0.0,0.0,0,0,0,0,0,0,0,0,0,0,0,0,0,0,0,0,0.0,0.0,0.0,0.0,0.5221229208270313,0.5221229,0,0,0.372637458397433,0.3726375,0,0,0.5451020254868878,0.545102,0,0,5.995204e-15
basin,p[land]*0.676839362028687,3,CONVERGED,CONVERGED,491,491,0.8219262444820226,0.8219262,0.9112425319382069,0.9112425,0,0,0,0,-,-,432.0929376107525,432.0929,0.6455943730616933,0.6455944,0.0,0.0,0,0,0,0,0,0,0,0,0,0,0,0,0,0,0,0,0.0,0.0,0.0,0.0,0.5112273075370903,0.5112273,0,0,0.36558914644280716,0.3655891,0,0,0.5361796341617241,0.5361796,0,0,1.398881e-14
basin,p[land]*0.7106813301301214,3,CONVERGED,CONVERGED,484,484,0.8472221927316169,0.8472222,0.9143501547988482,0.9143502,0,0,0,0,-,-,377.8376310019465,377.8376,0.6844384249001328,0.6844384,0.0,0.0,0,0,0,0,0,0,0,0,0,0,0,0,0,0,0,0,0.0,0.0,0.0,0.0,0.500275766798878,0.5002758,0,0,0.3584817207018556,0.3584817,0,0,0.5271481755018942,0.5271482,0,0,1.199041e-14
basin,p[land]*0.7462153966366275,3,CONVERGED,CONVERGED,475,475,0.8716077337830764,0.8716077,0.9176786522125888,0.9176787,0,0,0,0,-,-,323.64491188844823,323.6449,0.7246517380863419,0.7246517,0.0,0.0,0,0,0,0,0,0,0,0,0,0,0,0,0,0,0,0,0.0,0.0,0.0,0.0,0.48928032916676767,0.4892803,0,0,0.35132226687923906,0.3513223,0,0,0.5180150774633286,0.5180151,0,0,8.21565e-15
basin,p[land]*0.7835261664684589,3,CONVERGED,CONVERGED,466,466,0.895103670589069,0.8951037,0.9212338207516337,0.9212338,0,0,0,0,-,-,269.56263613126293,269.5626,0.7663235391170822,0.7663235,0.0,0.0,0,0,0,0,0,0,0,0,0,0,0,0,0,0,0,0,0.0,0.0,0.0,0.0,0.4782532159996137,0.4782532,0,0,0.3441180780917101,0.3441181,0,0,0.5087881128013367,0.5087881,0,0,7.1054270000000005e-15
basin,p[land]*0.8227024747918819,3,CONVERGED,CONVERGED,456,456,0.9177313561638174,0.9177314,0.9250208858909521,0.9250209,0,0,0,0,-,-,215.62943964330128,215.6294,0.8095474663799697,0.8095475,0.0,0.0,0,0,0,0,0,0,0,0,0,0,0,0,0,0,0,0,0.0,0.0,0.0,0.0,0.46720678699253687,0.4672068,0,0,0.3368766273508704,0.3368766,0,0,0.49947537651102436,0.4994754,0,0,8.437695e-15
basin,p[land]*0.863837598531476,3,CONVERGED,CONVERGED,404,404,0.9395125848448377,0.9395126,0.9290446049250253,0.9290446,0,0,0,0,-,-,161.71197902368064,161.712,0.8544217197320704,0.8544217,0.0,0.0,0,0,0,0,0,0,0,0,0,0,0,0,0,0,0,0,0.0,0.0,0.0,0.0,0.45615348646735243,0.4561535,0,0,0.3296055386073567,0.3296055,0,0,0.49008526120060014,0.4900853,0,0,5.551115e-15
basin,p[land]*0.9070294784580498,3,CONVERGED,CONVERGED,382,382,0.9604694903590961,0.9604695,0.9333092454809536,0.9333092,0,0,0,0,-,-,107.84577862233027,107.8458,0.9010492108613981,0.9010492,0.0,0.0,0,0,0,0,0,0,0,0,0,0,0,0,0,0,0,0,0.0,0.0,0.0,0.0,0.4451057889005088,0.4451058,0,0,0.32231255657740926,0.3223126,0,0,0.48062643053617893,0.4806264,0,0,1.465494e-14
basin,p[land]*0.9523809523809523,3,CONVERGED,CONVERGED,348,348,0.9806244507303364,0.9806245,0.937818377101177,0.9378184,0,0,0,0,-,-,53.94716431941649,53.94716,0.9495377120126517,0.9495377,0.0,0.0,0,0,0,0,0,0,0,0,0,0,0,0,0,0,0,0,0.0,0.0,0.0,0.0,0.43407614417876833,0.4340761,0,0,0.3150055155883708,0.3150055,0,0,0.47110779091473926,0.4711078,0,0,1.021405e-14
basin,p[land]*1.05,3,CONVERGED,CONVERGED,398,398,0.9104482934366988,0.9104483,0.8884922179498633,0.8884922,0,0,0,0,-,-,105.63643094981872,105.6364,0.9192202607119195,0.9192203,0.0,0.0,0,0,0,0,0,0,0,0,0,0,0,0,0,0,0,0,0.0,0.0,0.0,0.0,0.43118163697819734,0.4311816,0,0,0.3107722897071387,0.3107723,0,0,0.46760649270757465,0.4676065,0,0,5.107026e-15
basin,p[land]*1.1025,3,CONVERGED,CONVERGED,468,468,0.8286465527280161,0.8286466,0.8371425305960681,0.8371425,0,0,0,0,-,-,208.51761026681632,208.5176,0.8468233006167271,0.8468233,0.0,0.0,0,0,0,0,0,0,0,0,0,0,0,0,0,0,0,0,0.0,0.0,0.0,0.0,0.4390610382642636,0.439061,0,0,0.31371187634120085,0.3137119,0,0,0.47333161911237087,0.4733316,0,0,7.771561000000001e-15
basin,p[land]*1.1576250000000001,3,CONVERGED,CONVERGED,493,493,0.7539561701045677,0.7539562,0.788215120209576,0.7882151,0,0,0,0,-,-,308.7273150664528,308.7273,0.781768825256376,0.7817688,0.0,0.0,0,0,0,0,0,0,0,0,0,0,0,0,0,0,0,0,0.0,0.0,0.0,0.0,0.44670773627746796,0.4467077,0,0,0.3165159611210195,0.316516,0,0,0.4787255979979776,0.4787256,0,0,7.1054270000000005e-15
basin,p[land]*1.2155062500000002,3,CONVERGED,CONVERGED,510,510,0.6859290447778081,0.685929,0.7414435830725788,0.7414436,0,0,0,0,-,-,406.29879411007994,406.2988,0.7232297359089589,0.7232297,0.0,0.0,0,0,0,0,0,0,0,0,0,0,0,0,0,0,0,0,0.0,0.0,0.0,0.0,0.4541042926515908,0.4541043,0,0,0.3191847498539646,0.3191847,0,0,0.4837927459395774,0.4837927,0,0,1.021405e-14
basin,p[land]*1.2762815625000004,3,CONVERGED,CONVERGED,558,558,0.6239663558710262,0.6239664,0.6968701044138822,0.6968701,0,0,0,0,-,-,502.5330986255849,502.5331,0.6703160508673958,0.6703161,3.1485400195729785,3.14854,0,0,0,0,0,0,0,0,0,0,0,0,0,0,0,0,0.0,0.0,0.0,0.0,0.4613475798142632,0.4613476,0,0,0.32175395982524896,0.321754,0,0,0.4886064758205326,0.4886065,0,0,6.661338e-15
basin,p[land]*1.3400956406250004,3,CONVERGED,CONVERGED,572,572,0.5676582022884753,0.5676582,0.6535497729277201,0.6535498,0,0,0,0,-,-,600.9432346216461,600.9432,0.6223915681049913,0.6223916,17.407551108540535,17.40755,0,0,0,0,0,0,0,0,0,0,0,0,0,0,0,0,0.0,0.0,0.0,0.0,0.4686622416468274,0.4686622,0,0,0.32430549356044536,0.3243055,0,0,0.49330067954173507,0.4933007,0,0,8.437695e-15
basin,p[land]*1.4071004226562505,3,CONVERGED,CONVERGED,581,581,0.516514429084202,0.5165144,0.610884529533091,0.6108845,0,0,0,0,-,-,699.4694711502174,699.4695,0.5789640085866553,0.578964,37.98919834684434,37.9892,0,0,0,0,0,0,0,0,0,0,0,0,0,0,0,0,0.0,0.0,0.0,0.0,0.4758529248835385,0.4758529,0,0,0.3267699478652785,0.3267699,0,0,0.4977528965950352,0.4977529,0,0,7.993606e-15
basin,p[land]*1.477455443789063,3,CONVERGED,CONVERGED,589,589,0.46997661818715164,0.4699766,0.5685695692615995,0.5685696,27,27,0,0,-,-,797.3496640930705,797.3497,0.538965252051685,0.5389653,63.71545413226836,63.71545,0,0,0,0,0,0,18,18,24,24,26,26,0,0,0,0,0.0,0.0,0.0,0.0,0.4829074913710627,0.4829075,0,0,0.3291494453404232,0.3291494,0,0,0.5019631946045394,0.5019632,0,0,8.437695e-15
basin,p[land]*1.5513282159785162,3,CONVERGED,CONVERGED,598,598,0.42771853157181444,0.4277185,0.5264052296527324,0.5264052,53,53,0,0,-,-,893.9983737057705,893.9984,0.5013869375253633,0.5013869,94.07781908255009,94.07782,0,0,0,0,0,0,37,37,53,53,50,50,0,0,0,0,0.0,0.0,0.0,0.0,0.4897793999328959,0.4897794,0,0,0.33143083431913584,0.3314308,0,0,0.5059208506269186,0.5059209,0,0,7.771561000000001e-15
basin,p[land]*1.628894626777442,3,CONVERGED,CONVERGED,606,606,0.38909801865964216,0.389098,0.4842587611177952,0.4842588,61,61,0,0,-,-,989.3595415444879,989.3595,0.46689546431847667,0.4668955,128.99997549869119,129.0,0,0,0,0,7,7,45,45,61,61,59,59,0,0,0,0,0.0,0.0,0.0,0.0,0.49646068860965065,0.4964607,0,0,0.3336102092321625,0.3336102,0,0,0.509618774163871,0.5096188,0,0,1.332268e-14
basin,p[land]*1.7103393581163142,3,CONVERGED,CONVERGED,613,613,0.3535813228540471,0.3535813,0.4419228064373423,0.4419228,70,70,0,0,-,-,1083.5116896017373,1083.512,0.43526515918552633,0.4352652,168.5362258585977,168.5362,0,0,0,0,12,12,52,52,69,69,67,67,0,0,0,0,0.0,0.0,0.0,0.0,0.5029537449293628,0.5029537,0,0,0.3356918774941225,0.3356919,0,0,0.5130670542895072,0.5130671,0,0,1.2434500000000001e-14
basin,p[land]*1.79585632602213,3,CONVERGED,CONVERGED,620,620,0.3213183065460335,0.3213183,0.3995304331921116,0.3995304,80,80,0,0,-,-,1176.2407575680706,1176.241,0.40632459066107324,0.4063246,212.53586015174926,212.5359,0,0,0,0,17,17,59,59,79,79,76,76,0,0,0,0,0.0,0.0,0.0,0.0,0.5092393814561887,0.5092394,0,0,0.33767479316590177,0.3376748,0,0,0.5162678822315734,0.5162679,0,0,1.199041e-14
basin,p[land]*1.8856491423232367,3,CONVERGED,CONVERGED,627,627,0.29202110282056737,0.2920211,0.35702605077794863,0.3570261,85,85,0,0,-,-,1267.7763804787992,1267.776,0.3798049831265223,0.379805,260.9561932707612,260.9562,0,0,0,0,20,20,63,63,84,84,84,84,0,0,0,0,0.0,0.0,0.0,0.0,0.5153318072433841,0.5153318,0,0,0.3395643531496334,0.3395644,0,0,0.5192537882691263,0.5192538,0,0,1.44329e-14
basin,p[land]*1.9799315994393987,3,CONVERGED,CONVERGED,633,633,0.26414735104618986,0.2641474,0.3143636066642458,0.3143636,89,89,0,0,-,-,1358.2493206102745,1358.249,0.355463115890899,0.3554631,313.940041225446,313.94,0,0,0,0,23,23,65,65,88,88,88,88,0,0,0,0,0.0,0.0,0.0,0.0,0.5212557261690764,0.5212557,0,0,0.34137245559411233,0.3413725,0,0,0.5220539196912302,0.5220539,0,0,8.437695e-15
basin,p[land]*2.0789281794113688,3,CONVERGED,CONVERGED,639,639,0.23809164049156872,0.2380916,0.2716821587515824,0.2716822,94,94,0,0,-,-,1447.4645520603012,1447.465,0.333141090922689,0.3331411,371.5139460023471,371.5139,0,0,0,0,26,26,66,66,93,93,93,93,0,0,0,0,0.0,0.0,0.0,0.0,0.5270058208637872,0.5270058,0,0,0.34309849844605655,0.3430985,0,0,0.5246888741783038,0.5246889,0,0,5.329071e-15
basin,p[land]*2.182874588381937,3,CONVERGED,CONVERGED,645,645,0.2147596341109561,0.2147596,0.22898679111000939,0.2289868,99,99,0,0,-,-,1538.2358571405434,1538.236,0.3126413281619011,0.3126413,433.9068856669325,433.9069,0,0,29,29,28,28,68,68,98,98,98,98,0,0,0,0,0.0,0.0,0.0,0.0,0.5326188426487454,0.5326188,0,0,0.344759418114118,0.3447594,0,0,0.5271787238511383,0.5271787,0,0,8.881784e-15
basin,p[land]*2.292018317801034,3,CONVERGED,CONVERGED,651,651,0.19347416606173443,0.1934742,0.18609204016134004,0.186092,104,104,0,0,-,-,1642.6112841502704,1642.611,0.29305684178880376,0.2930568,501.4805958715543,501.4806,0,0,39,39,32,32,70,70,103,103,103,103,0,0,0,0,0.0,0.0,0.0,0.0,0.538122141488797,0.5381221,0,0,0.3463605166042942,0.3463605,0,0,0.5295338942963572,0.5295339,0,0,7.771561000000001e-15
basin,p[land]*2.4066192336910857,3,CONVERGED,CONVERGED,656,656,0.1742192831332275,0.1742193,0.1430765862631272,0.1430766,110,110,0,0,-,-,1747.4405253213151,1747.441,0.2731629620724976,0.273163,574.3480760234527,574.3481,0,0,46,46,37,37,71,71,109,109,109,109,0,0,0,0,0.0,0.0,0.0,0.0,0.5434932583565486,0.5434933,0,0,0.34789676389473273,0.3478968,0,0,0.5317519637857121,0.531752,0,0,4.440892e-15
basin,p[land]*2.5269501953756404,3,CONVERGED,CONVERGED,661,661,0.15694781997434887,0.1569478,0.10017615517080282,0.1001762,114,114,0,0,-,-,1851.841885727889,1851.842,0.2547105917900602,0.2547106,652.7860329313761,652.786,0,0,50,50,41,41,73,73,114,114,114,114,0,0,0,0,0.0,0.0,0.0,0.0,0.548749152794137,0.5487492,0,0,0.349374815362028,0.3493748,0,0,0.5338457375794381,0.5338457,0,0,7.771561000000001e-15
basin,p[land]*2.653297705144422,3,CONVERGED,CONVERGED,667,667,0.14154638300020608,0.1415464,0.05703422061193554,0.05703422,118,118,0,0,-,-,1955.127820557446,1955.128,0.23746074416581547,0.2374607,737.3364682443707,737.3365,0,0,55,55,45,45,74,74,118,118,118,118,29,29,11,11,0.0,0.0,0.0,0.0,0.5539261263725868,0.5539261,0,0,0.35080238869019004,0.3508024,0,0,0.5358424884104861,0.5358425,0,0,8.881784e-15
basin,p[land]*2.7859625904016436,3,CONVERGED,CONVERGED,672,672,0.12780744803773486,0.1278074,0.013989327713311678,0.01398933,122,122,0,0,-,-,2057.230459881334,2057.23,0.22043515674543362,0.2204352,828.4968685665858,828.4969,0,0,58,58,48,48,77,77,122,122,122,122,40,40,31,31,0.0,0.0,0.0,0.0,0.5590308423204445,0.5590308,0,0,0.35218686842097635,0.3521869,0,0,0.5377468626054148,0.5377469,0,0,5.329071e-15
basin,p[land]*2.925260719921726,3,CONVERGED,CONVERGED,678,678,0.11229350328957617,0.1122935,-0.018656956573432193,-0.01865696,128,128,10,10,43,43,2186.6392702952007,2186.639,0.20409407397963647,0.2040941,963.1262196715953,963.1262,0,0,62,62,53,53,89,89,128,128,128,128,54,54,54,54,0.005764274272495833,0.005764274,0.005764274272495833,0.005764274,0.567610370556433,0.5676104,0,0,0.35437381960694564,0.3543738,0,0,0.5407647008812839,0.5407647,0,0,6.217249e-15
basin,p[land]*3.0715237559178123,3,CONVERGED,CONVERGED,684,684,0.09608780393325803,0.0960878,-0.037167191673391324,-0.03716719,133,133,13,13,40,40,2359.210037426962,2359.21,0.18948284157324305,0.1894828,1113.0954840012917,1113.095,0,0,65,65,58,58,95,95,133,133,133,133,68,68,65,65,0.013445606248946293,0.01344561,0.013445606248946293,0.01344561,0.5758807138370149,0.5758807,0,0,0.3563858198365595,0.3563858,0,0,0.5436308414893118,0.5436308,0,0,4.440892e-15
basin,p[land]*3.225099943713703,3,CONVERGED,CONVERGED,690,690,0.08185145450408705,0.08185145,-0.05276308298810042,-0.05276308,137,137,15,15,39,39,2533.0820932263837,2533.082,0.1597465365360306,0.1597465,1265.4832865568897,1265.483,0,0,69,69,63,63,101,101,137,137,137,137,77,77,74,74,0.020401293488042618,0.02040129,0.020401293488042618,0.02040129,0.582839726485411,0.5828397,0,0,0.3580587479727502,0.3580587,0,0,0.5459572570870335,0.5459573,0,0,4.884981e-15
basin,p[land]*3.3863549408993885,3,CONVERGED,CONVERGED,695,695,0.07001797460453527,0.07001797,-0.0661382863684313,-0.06613829,141,141,17,17,38,38,2688.9885754756087,2688.989,0.13574966231505498,0.1357497,1421.6567320175964,1421.657,0,0,72,72,68,68,106,106,141,141,141,141,86,86,82,82,0.026765006299983192,0.02676501,0.026765006299983192,0.02676501,0.5888793657894098,0.5888794,0,0,0.3594805158224155,0.3594805,0,0,0.5479224067319619,0.5479224,0,0,6.661338e-15
basin,p[land]*3.555672687944358,3,CONVERGED,CONVERGED,700,700,0.06080505954188277,0.06080506,-0.07787652370973194,-0.07787652,145,145,20,20,37,37,2830.1803239126525,2830.18,0.11781540874990018,0.1178154,1585.9693551062298,1585.969,0,0,75,75,73,73,112,112,145,145,145,145,91,91,89,89,0.0326640442923256,0.03266404,0.0326640442923256,0.03266404,0.5944059749181999,0.594406,0,0,0.36075905651051327,0.3607591,0,0,0.5496558762587628,0.5496559,0,0,5.551115e-15
basin,p[land]*3.733456322341576,3,CONVERGED,CONVERGED,704,704,0.053148092438817074,0.05314809,-0.08845486935345744,-0.08845487,148,148,25,25,36,36,2963.9977172894305,2963.998,0.1032814295489746,0.1032814,1765.4650353582474,1765.465,0,0,78,78,81,81,115,115,148,148,148,148,99,99,97,97,0.038364189684704744,0.03836419,0.038364189684704744,0.03836419,0.5999898234300167,0.5999898,0,0,0.3620319231604875,0.3620319,0,0,0.5513469554731332,0.551347,0,0,5.77316e-15
basin,p[land]*3.920129138458655,3,CONVERGED,CONVERGED,709,709,0.046707916895222544,0.04670792,-0.09878199444453008,-0.09878199,152,152,27,27,36,36,3091.6834511734496,3091.683,0.0913530686270908,0.09135307,1959.179770494248,1959.18,0,0,80,80,89,89,119,119,152,152,152,152,106,106,101,101,0.043845202333783515,0.0438452,0.043845202333783515,0.0438452,0.605653036123899,0.605653,0,0,0.36329477023727297,0.3632948,0,0,0.5530085140403738,0.5530085,0,0,1.065814e-14
basin,p[land]*4.116135595381588,3,CONVERGED,CONVERGED,714,714,0.041280328314935895,0.04128033,-0.1080397438790038,-0.1080397,156,156,30,30,35,35,3214.7694603445807,3214.769,0.08148050961856193,0.08148051,2165.4134241150505,2165.413,0,0,84,84,104,104,122,122,156,156,156,156,110,110,107,107,0.049093901371158516,0.0490939,0.049093901371158516,0.0490939,0.6111973271752849,0.6111973,0,0,0.3645082908757425,0.3645083,0,0,0.5545825765968837,0.5545826,0,0,9.769963000000001e-15
basin,p[land]*4.321942375150668,3,CONVERGED,CONVERGED,718,718,0.036704400330530296,0.0367044,-0.11602167381065567,-0.1160217,159,159,32,32,35,35,3331.824995870201,3331.825,0.07330283093393179,0.07330283,2382.9780354952263,2382.978,0,0,88,88,106,106,125,125,159,159,159,159,116,116,111,111,0.05417704060473336,0.05417704,0.05417704060473336,0.05417704,0.6165281648275391,0.6165282,0,0,0.3656485827454272,0.3656486,0,0,0.5560387359746616,0.5560387,0,0,7.327472e-15
basin,p[land]*4.538039493908201,3,CONVERGED,CONVERGED,723,723,0.032699626426319205,0.03269963,-0.12395632884590672,-0.1239563,163,163,33,33,35,35,3447.4921340921155,3447.492,0.06617553118050255,0.06617553,2615.483768534245,2615.484,0,0,91,91,109,109,129,129,163,163,163,163,119,119,115,115,0.059215630928261036,0.05921563,0.059215630928261036,0.05921563,0.6218097697241716,0.6218098,0,0,0.3667627660203099,0.3667628,0,0,0.5574310241330288,0.557431,0,0,5.551115e-15
basin,p[land]*4.764941468603611,3,CONVERGED,CONVERGED,751,751,0.029198011782059746,0.02919801,-0.13183369581769427,-0.1318337,166,166,34,34,35,35,3561.155918054525,3561.156,0.059958313282141296,0.05995831,2863.047882124547,2863.048,0,0,92,92,111,111,132,132,166,166,166,166,123,123,120,120,0.06426627155432993,0.06426627,0.06426627155432993,0.06426627,0.6270176651499892,0.6270177,0,0,0.3678428417835301,0.3678428,0,0,0.5587698292828587,0.5587698,0,0,8.437695e-15
basin,p[land]*5.003188542033792,3,CONVERGED,CONVERGED,757,757,0.02613578761493999,0.02613579,-0.13932293464975068,-0.1393229,169,169,36,36,35,35,3672.194807292019,3672.195,0.054538355948318816,0.05453836,3126.1312352121095,3126.131,0,0,94,94,114,114,135,135,169,169,169,169,129,129,124,124,0.06934664735376152,0.06934665,0.06934664735376152,0.06934665,0.6321251410285905,0.6321251,0,0,0.36888490457589423,0.3688849,0,0,0.5600437085530718,0.5600437,0,0,6.439294e-15
basin,p[land]*5.253347969135482,3,CONVERGED,CONVERGED,762,762,0.02343344865812056,0.02343345,-0.14630507907019766,-0.1463051,172,172,37,37,35,35,3780.849267339398,3780.849,0.04970963844837724,0.04970964,3405.054880660874,3405.055,0,0,96,96,117,117,138,138,172,172,172,172,133,133,129,129,0.07454205684520684,0.07454206,0.07454205684520684,0.07454206,0.6370973937104238,0.6370974,0,0,0.3698816134958789,0.3698816,0,0,0.5612468213759648,0.5612468,0,0,8.881784e-15
basin,p[land]*5.5160153675922565,3,CONVERGED,CONVERGED,766,766,0.021047271170855024,0.02104727,-0.15306211502224218,-0.1530621,176,176,38,38,35,35,3887.5962234660537,3887.596,0.045440582947411656,0.04544058,3701.8125029842727,3701.813,0,0,97,97,119,119,141,141,176,176,176,176,136,136,133,133,0.08011830615869141,0.08011831,0.08011830615869141,0.08011831,0.6419663243185613,0.6419663,0,0,0.37084131107815355,0.3708413,0,0,0.56238967818737,0.5623897,0,0,1.065814e-14
basin,p[land]*5.791816135971869,3,CONVERGED,CONVERGED,770,770,0.01894514208778228,0.01894514,-0.15940887741552526,-0.1594089,179,179,40,40,35,35,3992.016189411394,3992.016,0.041670043826586525,0.04167004,4018.7720962871063,4018.772,0,0,99,99,122,122,144,144,179,179,179,179,140,140,136,136,0.08613633104729874,0.08613633,0.08613633104729874,0.08613633,0.6468130585633154,0.6468131,0,0,0.37178875952600626,0.3717888,0,0,0.5635041113464438,0.5635041,0,0,7.1054270000000005e-15
basin,p[land]*6.081406942770463,3,CONVERGED,CONVERGED,774,774,0.017087086153779824,0.01708709,-0.16535720686456834,-0.1653572,182,182,41,41,35,35,4095.8385238805545,4095.839,0.035961870348945435,0.03596187,4355.962736016669,4355.963,0,0,101,101,125,125,147,147,182,182,182,182,145,145,141,141,0.09244239834767183,0.0924424,0.09244239834767183,0.0924424,0.6515620479085474,0.651562,0,0,0.37270864014712346,0.3727086,0,0,0.5645725695053966,0.5645726,0,0,7.993606e-15
basin,p[land]*6.385477289908986,3,CONVERGED,CONVERGED,777,777,0.015432515498464108,0.01543252,-0.17092415446074397,-0.1709242,185,185,42,42,35,35,4197.78765670387,4197.788,0.03011877723985702,0.03011878,4713.892095812785,4713.892,0,0,102,102,127,127,150,150,185,185,185,185,150,150,145,145,0.09895085835329386,0.09895086,0.09895085835329386,0.09895086,0.6561874216487079,0.6561874,0,0,0.37359648097095693,0.3735965,0,0,0.5655919776412972,0.565592,0,0,7.1054270000000005e-15
basin,p[land]*6.704751154404436,3,CONVERGED,CONVERGED,781,781,0.013945720674712128,0.01394572,-0.17613803087760382,-0.176138,188,188,43,43,35,35,4298.024014915157,4298.024,0.02482490596870281,0.02482491,5093.502551891158,5093.503,0,0,104,104,130,130,153,153,188,188,188,188,153,153,149,149,0.10561856862329408,0.1056186,0.10561856862329408,0.1056186,0.6606966187089071,0.6606966,0,0,0.3744466211177538,0.3744466,0,0,0.566557161953802,0.5665572,0,0,6.661338e-15
basin,p[land]*7.039988712124658,3,CONVERGED,CONVERGED,785,785,0.01261568304266321,0.01261568,-0.18103792840291294,-0.1810379,191,191,45,45,35,35,4398.307153095728,4398.307,0.020040903721471763,0.0200409,5499.40036993022,5499.4,0,0,106,106,132,132,156,156,191,191,191,191,156,156,152,152,0.11240271618088843,0.1124027,0.11240271618088843,0.1124027,0.665203117913277,0.6652031,0,0,0.37529006012653016,0.3752901,0,0,0.5675063346917036,0.5675063,0,0,6.217249e-15
basin,p[land]*7.391988147730891,3,CONVERGED,CONVERGED,788,788,0.011425717402553175,0.01142572,-0.18589795053130478,-0.185898,194,194,46,46,35,35,4497.6783888011,4497.678,0.015729369542382927,0.01572937,5932.811156928188,5932.811,0,0,107,107,135,135,159,159,194,194,194,194,159,159,157,157,0.11929945444462882,0.1192995,0.11929945444462882,0.1192995,0.6696787081234924,0.6696787,0,0,0.3761218807237196,0.3761219,0,0,0.5684295653511026,0.5684296,0,0,7.327472e-15
basin,p[land]*7.761587555117436,3,CONVERGED,CONVERGED,791,791,0.010265180358452723,0.01026518,-0.19131498382108786,-0.191315,197,197,47,47,35,35,4597.631292346736,4597.631,0.011854845819074377,0.01185485,6398.08990676704,6398.09,0,0,109,109,137,137,162,162,197,197,197,197,163,163,161,161,0.12646087965157762,0.1264609,0.12646087965157762,0.1264609,0.6741867438403496,0.6741867,0,0,0.37694882097988164,0.3769488,0,0,0.5693358458799663,0.5693358,0,0,7.993606e-15
basin,p[land]*8.14966693287331,3,CONVERGED,CONVERGED,795,795,0.0072493807604364045,0.007249381,-0.1966079182684535,-0.1966079,200,200,48,48,35,35,4926.839226116996,4926.839,0.008383797782151257,0.008383798,6893.232317176309,6893.232,0,0,111,111,140,140,165,165,200,200,200,200,166,166,164,164,0.13376606429996746,0.1337661,0.13376606429996746,0.1337661,0.6786218961183119,0.6786219,0,0,0.37774943328618776,0.3777494,0,0,0.5702006598744176,0.5702007,0,0,9.325873000000001e-15
basin,p[services]*0.12270440108003683,3,CONVERGED,CONVERGED,704,704,0.08091966237074939,0.08091966,-0.0726280302667143,-0.07262803,135,135,28,28,30,30,2514.2984390745223,2514.298,0.07886477303655402,0.07886477,436.1967116816523,436.1967,0,0,75,75,25,25,37,37,135,135,57,57,92,92,0,0,0.022518780465494728,0.02251878,0.022518780465494728,0.02251878,0.610669459158376,0.6106695,0,0,0.3704085498195895,0.3704085,0,0,0.5853857529063041,0.5853858,0,0,8.21565e-15
basin,p[services]*0.12883962113403868,3,CONVERGED,CONVERGED,699,699,0.0850286062113755,0.08502861,-0.0710499598617174,-0.07104996,132,132,27,27,30,30,2464.7675354466955,2464.768,0.08313520335014993,0.0831352,402.7771010338685,402.7771,0,0,73,73,24,24,36,36,132,132,55,55,90,90,0,0,0.021882571741374965,0.02188257,0.021882571741374965,0.02188257,0.6035442214515573,0.6035442,0,0,0.37039773756615463,0.3703977,0,0,0.5832808030222145,0.5832808,0,0,5.551115e-15
basin,p[services]*0.13528160219074062,3,CONVERGED,CONVERGED,695,695,0.08940970631452683,0.08940971,-0.07012404313098035,-0.07012404,129,129,27,27,30,30,2414.526030945295,2414.526,0.08768214080445251,0.08768214,370.19149872741133,370.1915,0,0,71,71,22,22,35,35,129,129,53,53,88,88,0,0,0.021257355900516087,0.02125736,0.021257355900516087,0.02125736,0.5963668742377873,0.5963669,0,0,0.37002758616785014,0.3700276,0,0,0.5810814811080575,0.5810815,0,0,7.771561000000001e-15
basin,p[services]*0.14204568230027764,3,CONVERGED,CONVERGED,691,691,0.09543954087564833,0.09543954,-0.06641811905909047,-0.06641812,126,126,25,25,31,31,2349.262311811253,2349.262,0.09392829015793837,0.09392829,341.8679921718407,341.868,0,0,67,67,21,21,34,34,126,126,52,52,86,86,0,0,0.02020245141787347,0.02020245,0.02020245141787347,0.02020245,0.5895545851716726,0.5895546,0,0,0.3691135741342212,0.3691136,0,0,0.5784567863369922,0.5784568,0,0,6.8833830000000005e-15
basin,p[services]*0.14914796641529154,3,CONVERGED,CONVERGED,687,687,0.10222572490196749,0.1022257,-0.06322678816816764,-0.06322679,123,123,23,23,31,31,2280.5719215169797,2280.572,0.10063140280569095,0.1006314,315.3233270528851,315.3233,0,0,65,65,19,19,34,34,123,123,50,50,84,84,0,0,0.019245086550525526,0.01924509,0.019245086550525526,0.01924509,0.5829351891655036,0.5829352,0,0,0.3678438481845677,0.3678438,0,0,0.5753368884405146,0.5753369,0,0,6.8833830000000005e-15
basin,p[services]*0.15660536473605613,3,CONVERGED,CONVERGED,683,683,0.10908621903688505,0.1090862,-0.06158093303774857,-0.06158093,120,120,21,21,32,32,2215.6167090904923,2215.617,0.10745830627502594,0.1074583,288.7954103461539,288.7954,0,0,63,63,18,18,33,33,120,120,48,48,81,81,0,0,0.018400819515331544,0.01840082,0.018400819515331544,0.01840082,0.576230940042483,0.5762309,0,0,0.3665562102128523,0.3665562,0,0,0.5725889030854792,0.5725889,0,0,5.77316e-15
basin,p[services]*0.16443563297285893,3,CONVERGED,CONVERGED,679,679,0.11824430256010143,0.1182443,-0.056928539298572466,-0.05692854,117,117,18,18,32,32,2135.002434080776,2135.002,0.11652410695813956,0.1165241,266.81429110458595,266.8143,0,0,61,61,17,17,32,32,117,117,46,46,79,79,0,0,0.017105220974399506,0.01710522,0.017105220974399506,0.01710522,0.5701632226627266,0.5701632,0,0,0.36473326042900267,0.3647333,0,0,0.5691678664775905,0.5691679,0,0,5.551115e-15
basin,p[services]*0.1726574146215019,3,CONVERGED,CONVERGED,675,675,0.12785854951295464,0.1278585,-0.05454374998333658,-0.05454375,114,114,11,11,33,33,2056.830708045815,2056.831,0.12611943113342086,0.1261194,243.41813147577773,243.4181,0,0,59,59,15,15,31,31,114,114,44,44,77,77,0,0,0.01596621766659849,0.01596622,0.01596621766659849,0.01596622,0.5638070622541025,0.5638071,0,0,0.3626924482587247,0.3626924,0,0,0.5660350920816402,0.5660351,0,0,8.881784e-15
basin,p[services]*0.181290285352577,3,CONVERGED,CONVERGED,671,671,0.1399692238761619,0.1399692,-0.049213231287897244,-0.04921323,111,111,11,11,33,33,1966.3327099948558,1966.333,0.13844303356622592,0.138443,218.79811995905425,218.7981,0,0,56,56,14,14,30,30,111,111,43,43,75,75,0,0,0.014464232897888134,0.01446423,0.014464232897888134,0.01446423,0.5569200783336083,0.5569201,0,0,0.36019103904383365,0.360191,0,0,0.5625264689363856,0.5625265,0,0,5.329071e-15
basin,p[services]*0.19035479962020585,3,CONVERGED,CONVERGED,666,666,0.1536034232429298,0.1536034,-0.04507858813986675,-0.04507859,107,107,10,10,34,34,1873.3811717790866,1873.381,0.15267581207590483,0.1526758,193.8805276579221,193.8805,0,0,53,53,11,11,30,30,107,107,41,41,72,72,0,0,0.012820930118383,0.01282093,0.012820930118383,0.01282093,0.5495324610750739,0.5495325,0,0,0.3560365473519367,0.3560365,0,0,0.5590278045986457,0.5590278,0,0,9.325873000000001e-15
basin,p[services]*0.19987253960121615,3,CONVERGED,CONVERGED,661,661,0.16989564054374923,0.1698956,-0.03969809857248003,-0.0396981,104,104,9,9,35,35,1772.570909587248,1772.571,0.16922751429128916,0.1692275,173.39199441693162,173.392,0,0,51,51,9,9,28,28,104,104,39,39,70,70,0,0,0.011063631111466934,0.01106363,0.011063631111466934,0.01106363,0.5432375609675767,0.5432376,0,0,0.35114213076681766,0.3511421,0,0,0.5553027430729227,0.5553027,0,0,8.21565e-15
basin,p[services]*0.20986616658127696,3,CONVERGED,CONVERGED,657,657,0.1902160101435342,0.190216,-0.03307547255740512,-0.03307547,101,101,9,9,36,36,1659.5949571056387,1659.595,0.19005184518607093,0.1900518,156.8401966604212,156.8402,0,0,48,48,7,7,28,28,101,101,38,38,67,67,0,0,0.00890409935040638,0.008904099,0.00890409935040638,0.008904099,0.5380947944793728,0.5380948,0,0,0.3460797645216197,0.3460798,0,0,0.551622237352264,0.5516222,0,0,8.881784e-15
basin,p[services]*0.22035947491034083,3,CONVERGED,CONVERGED,654,654,0.21525149238827518,0.2152515,-0.02504696217180678,-0.02504696,99,99,8,8,37,37,1547.53458453417,1547.535,0.20046665937854452,0.2004667,145.31723524211023,145.3172,0,0,46,46,4,4,28,28,99,99,38,38,65,65,0,0,0.00635260310255331,0.006352603,0.00635260310255331,0.006352603,0.534372797842187,0.5343728,0,0,0.34364142445796225,0.3436414,0,0,0.5478808333019687,0.5478808,0,0,9.103829e-15
basin,p[services]*0.23137744865585788,3,CONVERGED,CONVERGED,651,651,0.22672019660734663,0.2267202,-0.014613713845043532,-0.01461371,98,98,6,6,39,39,1485.7905323499651,1485.791,0.20999315495061874,0.2099932,139.3748783445204,139.3749,0,0,44,44,0,0,29,29,98,98,38,38,62,62,0,0,0.0031535779463069606,0.003153578,0.0031535779463069606,0.003153578,0.5323946228357609,0.5323946,0,0,0.34307268488708126,0.3430727,0,0,0.5442716130788329,0.5442716,0,0,7.327472e-15
basin,p[services]*0.24294632108865077,3,CONVERGED,CONVERGED,649,649,0.23876791873897465,0.2387679,0.006130172675991365,0.006130173,96,96,0,0,-,-,1432.2632501277399,1432.263,0.21988216724021115,0.2198822,135.399784830111,135.3998,0,0,43,43,0,0,29,29,96,96,39,39,59,59,0,0,0.0,0.0,0.0,0.0,0.5311393249123024,0.5311393,0,0,0.34247760939348354,0.3424776,0,0,0.541366132952342,0.5413661,0,0,8.881784e-15
basin,p[services]*0.2550936371430833,3,CONVERGED,CONVERGED,645,645,0.25132420772370234,0.2513242,0.0351925267358655,0.03519253,93,93,0,0,-,-,1381.011509093106,1381.012,0.2303546990961951,0.2303547,118.72728157682062,118.7273,0,0,39,39,0,0,28,28,92,92,36,36,57,57,0,0,0.0,0.0,0.0,0.0,0.5261008998156196,0.5261009,0,0,0.34185508357866357,0.3418551,0,0,0.5392160089197005,0.539216,0,0,1.176836e-14
basin,p[services]*0.26784831900023753,3,CONVERGED,CONVERGED,640,640,0.2646312419046945,0.2646312,0.06524010498205658,0.0652401,90,90,0,0,-,-,1329.4179620690843,1329.418,0.24135376415778237,0.2413538,103.26770567113279,103.2677,0,0,36,36,0,0,26,26,86,86,33,33,55,55,0,0,0.0,0.0,0.0,0.0,0.5211906534224591,0.5211907,0,0,0.34120395614526505,0.341204,0,0,0.5371784190778721,0.5371784,0,0,1.44329e-14
basin,p[services]*0.28124073495024937,3,CONVERGED,CONVERGED,636,636,0.2784702722083688,0.2784703,0.09553007681842202,0.09553008,87,87,0,0,-,-,1278.4439678315084,1278.444,0.25284389790637835,0.2528439,89.30731733104203,89.30732,0,0,32,32,0,0,23,23,81,81,30,30,52,52,0,0,0.0,0.0,0.0,0.0,0.5165662708684975,0.5165663,0,0,0.3405230387019111,0.340523,0,0,0.5351597875527065,0.5351598,0,0,6.217249e-15
basin,p[services]*0.29530277169776187,3,CONVERGED,CONVERGED,631,631,0.293016100809726,0.2930161,0.12641157803835143,0.1264116,83,83,0,0,-,-,1227.5277199058212,1227.528,0.26505200106012317,0.265052,76.72893231253967,76.72893,0,0,27,27,0,0,21,21,74,74,27,27,49,49,0,0,0.0,0.0,0.0,0.0,0.5121490446381627,0.512149,0,0,0.3398111056881222,0.3398111,0,0,0.533195832809587,0.5331958,0,0,8.437695e-15
basin,p[services]*0.31006791028264996,3,CONVERGED,CONVERGED,627,627,0.3083643236591532,0.3083643,0.15777876489054354,0.1577788,80,80,0,0,-,-,1176.4733260237078,1176.473,0.27776771065518724,0.2777677,65.86035913834166,65.86036,0,0,22,22,0,0,17,17,67,67,24,24,47,47,0,0,0.0,0.0,0.0,0.0,0.5081573258252245,0.5081573,0,0,0.3390668944333807,0.3390669,0,0,0.5311946702046799,0.5311947,0,0,8.21565e-15
basin,p[services]*0.3255713057967825,3,CONVERGED,CONVERGED,623,623,0.32425876717538643,0.3242588,0.18939204519757605,0.189392,73,73,0,0,-,-,1126.2134178307226,1126.213,0.29122958320178366,0.2912296,56.24960369078888,56.2496,0,0,11,11,0,0,13,13,60,60,17,17,44,44,0,0,0.0,0.0,0.0,0.0,0.5044380655120959,0.5044381,0,0,0.33828910536527484,0.3382891,0,0,0.5291557455660317,0.5291557,0,0,1.110223e-14
basin,p[services]*0.3418498710866216,3,CONVERGED,CONVERGED,618,618,0.3410898761859285,0.3410899,0.22165883546533605,0.2216588,70,70,0,0,-,-,1075.609269898526,1075.609,0.30545257638037837,0.3054526,47.34480804619984,47.34481,0,0,0,0,0,0,5,5,55,55,14,14,41,41,0,0,0.0,0.0,0.0,0.0,0.5008170685436275,0.5008171,0,0,0.3374764023825244,0.3374764,0,0,0.5271318077187096,0.5271318,0,0,1.2434500000000001e-14
basin,p[services]*0.35894236464095275,3,CONVERGED,CONVERGED,614,614,0.3585990788510452,0.3585991,0.25389861970573874,0.2538986,62,62,0,0,-,-,1025.5502865510318,1025.55,0.3203467225872345,0.3203467,39.12617547029508,39.12618,0,0,0,0,0,0,0,0,52,52,10,10,38,38,0,0,0.0,0.0,0.0,0.0,0.4972165971104433,0.4972166,0,0,0.3366274134095323,0.3366274,0,0,0.5250928899472135,0.5250929,0,0,1.332268e-14
basin,p[services]*0.3768894828730004,3,CONVERGED,CONVERGED,609,609,0.3769665393641249,0.3769665,0.2865069142189095,0.2865069,51,51,0,0,-,-,975.8032833886408,975.8033,0.3362535805889212,0.3362536,31.510230264216897,31.51023,0,0,0,0,0,0,0,0,48,48,3,3,34,34,0,0,0.0,0.0,0.0,0.0,0.4936728978687702,0.4936729,0,0,0.3357407311499187,0.3357407,0,0,0.523035832082201,0.5230358,0,0,8.21565e-15
basin,p[services]*0.39573395701665043,3,CONVERGED,CONVERGED,605,605,0.39627703171187373,0.396277,0.31950584591507575,0.3195058,43,43,0,0,-,-,927.0131192192088,927.0131,0.3528028420230905,0.3528028,24.518432181275625,24.51843,0,0,0,0,0,0,0,0,43,43,0,0,29,29,0,0,0.0,0.0,0.0,0.0,0.4901633732470985,0.4901634,0,0,0.3348149140572556,0.3348149,0,0,0.5209892935762372,0.5209893,0,0,1.065814e-14
basin,p[services]*0.41552065486748296,3,CONVERGED,CONVERGED,600,600,0.41631620027429095,0.4163162,0.3524166812446482,0.3524167,38,38,0,0,-,-,878.2229550497767,878.223,0.3705161343039336,0.3705161,18.280989056627007,18.28099,0,0,0,0,0,0,0,0,38,38,0,0,23,23,0,0,0.0,0.0,0.0,0.0,0.48669548198163687,0.4866955,0,0,0.33384848754191027,0.3338485,0,0,0.5188467151136011,0.5188467,0,0,9.769963000000001e-15
basin,p[services]*0.4362966876108571,3,CONVERGED,CONVERGED,596,596,0.43753001231902294,0.43753,0.3856205991219164,0.3856206,30,30,0,0,-,-,829.4327908803448,829.4328,0.3890983656691522,0.3890984,12.682046629573005,12.68205,0,0,0,0,0,0,0,0,30,30,0,0,13,13,0,0,0.0,0.0,0.0,0.0,0.48326753290246793,0.4832675,0,0,0.33283994543351214,0.3328399,0,0,0.5166371798767613,0.5166372,0,0,9.325873000000001e-15
basin,p[services]*0.4581115219914,3,CONVERGED,CONVERGED,591,591,0.4594687816097099,0.4594688,0.41894909403640623,0.4189491,16,16,0,0,-,-,780.6426267109127,780.6426,0.4090411902938234,0.4090412,7.824334312227685,7.824334,0,0,0,0,0,0,0,0,16,16,0,0,2,2,0,0,0.0,0.0,0.0,0.0,0.47986942055676296,0.4798694,0,0,0.3317877517190556,0.3317878,0,0,0.5143969277690309,0.5143969,0,0,7.327472e-15
basin,p[services]*0.48101709809097004,3,CONVERGED,CONVERGED,587,587,0.48263745378564965,0.4826375,0.45224680139131906,0.4522468,10,10,0,0,-,-,731.8524625414806,731.8525,0.4299704735382746,0.4299705,3.839830845839743,3.839831,0,0,0,0,0,0,0,0,10,10,0,0,0,0,0,0,0.0,0.0,0.0,0.0,0.4765237080187383,0.4765237,0,0,0.33069034257701085,0.3306903,0,0,0.5120514423395098,0.5120514,0,0,9.103829e-15
basin,p[services]*0.5050679529955185,3,CONVERGED,CONVERGED,583,583,0.5067582377691507,0.5067582,0.48571895480321425,0.485719,0,0,0,0,-,-,683.0622983720486,683.0623,0.45232571125764837,0.4523257,0.8933221736417116,0.8933222,0,0,0,0,0,0,0,0,0,0,0,0,0,0,0,0,0.0,0.0,0.0,0.0,0.4732084829910338,0.4732085,0,0,0.3295461287280221,0.3295461,0,0,0.5095898322773259,0.5095898,0,0,8.659739999999999e-15
basin,p[services]*0.5303213506452945,3,CONVERGED,CONVERGED,578,578,0.5320770538395537,0.5320771,0.519077255997215,0.5190773,0,0,0,0,-,-,634.2721342026165,634.2721,0.47602507535155053,0.4760251,0.0,0.0,0,0,0,0,0,0,0,0,0,0,0,0,0,0,0,0,0.0,0.0,0.0,0.0,0.4699173143478266,0.4699173,0,0,0.3283534981227857,0.3283535,0,0,0.5070403619187369,0.5070404,0,0,1.0436100000000001e-14
basin,p[services]*0.5568374181775593,3,CONVERGED,CONVERGED,572,572,0.5585779409719689,0.5585779,0.5524511826555103,0.5524512,0,0,0,0,-,-,585.4819700331844,585.482,0.5012628590510456,0.5012629,0.0,0.0,0,0,0,0,0,0,0,0,0,0,0,0,0,0,0,0,0.0,0.0,0.0,0.0,0.4666115313691174,0.4666115,0,0,0.3271108189874997,0.3271108,0,0,0.5043820126602446,0.504382,0,0,7.993606e-15
basin,p[services]*0.5846792890864372,3,CONVERGED,CONVERGED,565,565,0.5862925032090891,0.5862925,0.58586469372576,0.5858647,0,0,0,0,-,-,536.6918058637525,536.6918,0.5281966207145272,0.5281966,0.0,0.0,0,0,0,0,0,0,0,0,0,0,0,0,0,0,0,0,0.0,0.0,0.0,0.0,0.46328814570724686,0.4632881,0,0,0.325816443246826,0.3258164,0,0,0.5016273091181878,0.5016273,0,0,8.21565e-15
basin,p[services]*0.6139132535407591,3,CONVERGED,CONVERGED,524,524,0.6154313561190531,0.6154314,0.6190701983093247,0.6190702,0,0,0,0,-,-,487.90164169432046,487.9016,0.5569760595480306,0.5569761,0.0,0.0,0,0,0,0,0,0,0,0,0,0,0,0,0,0,0,0,0.0,0.0,0.0,0.0,0.4599445748938923,0.4599446,0,0,0.3244687103435674,0.3244687,0,0,0.49878888877789695,0.4987889,0,0,7.549517e-15
basin,p[services]*0.6446089162177971,3,CONVERGED,CONVERGED,517,517,0.6458437732603803,0.6458438,0.6522267035409751,0.6522267,0,0,0,0,-,-,439.1114775248883,439.1115,0.5877584464067928,0.5877584,0.0,0.0,0,0,0,0,0,0,0,0,0,0,0,0,0,0,0,0,0.0,0.0,0.0,0.0,0.4565598172143951,0.4565598,0,0,0.3230659514732132,0.323066,0,0,0.49577461447757204,0.4957746,0,0,6.8833830000000005e-15
basin,p[services]*0.676839362028687,3,CONVERGED,CONVERGED,510,510,0.6778812996018196,0.6778813,0.6853663935817303,0.6853664,0,0,0,0,-,-,390.3213133554563,390.3213,0.620844611065079,0.6208446,0.0,0.0,0,0,0,0,0,0,0,0,0,0,0,0,0,0,0,0,0.0,0.0,0.0,0.0,0.4531280430316979,0.453128,0,0,0.32160649425009885,0.3216065,0,0,0.49263002494878594,0.49263,0,0,6.661338e-15
basin,p[services]*0.7106813301301214,3,CONVERGED,CONVERGED,501,501,0.7113988944457429,0.7113989,0.718194013048954,0.718194,0,0,0,0,-,-,342.99256878747474,342.9926,0.6562632846652086,0.6562633,0.0,0.0,0,0,0,0,0,0,0,0,0,0,0,0,0,0,0,0,0.0,0.0,0.0,0.0,0.44965738266519756,0.4496574,0,0,0.3200886678201336,0.3200887,0,0,0.48939617713229133,0.4893962,0,0,6.661338e-15
basin,p[services]*0.7462153966366275,3,CONVERGED,CONVERGED,491,491,0.7466488825105441,0.7466489,0.7510120381384154,0.751012,0,0,0,0,-,-,297.51304959090004,297.513,0.6946116335593201,0.6946116,0.0,0.0,0,0,0,0,0,0,0,0,0,0,0,0,0,0,0,0,0.0,0.0,0.0,0.0,0.44611111219017724,0.4461111,0,0,0.3185108084328357,0.3185108,0,0,0.4859547468488507,0.4859547,0,0,1.376677e-14
basin,p[services]*0.7835261664684589,3,CONVERGED,CONVERGED,480,480,0.7836716718900526,0.7836717,0.7835351715446863,0.7835352,0,0,0,0,-,-,251.1594077547234,251.1594,0.7356844746475091,0.7356845,0.0,0.0,0,0,0,0,0,0,0,0,0,0,0,0,0,0,0,0,0.0,0.0,0.0,0.0,0.44250452348721475,0.4425045,0,0,0.3168712654827489,0.3168713,0,0,0.4823619301149424,0.4823619,0,0,1.2878590000000001e-14
basin,p[services]*0.8227024747918819,3,CONVERGED,CONVERGED,467,467,0.8225914572734521,0.8225915,0.8158883956248316,0.8158884,0,0,0,0,-,-,203.4673106068113,203.4673,0.7803070213121561,0.780307,0.0,0.0,0,0,0,0,0,0,0,0,0,0,0,0,0,0,0,0,0.0,0.0,0.0,0.0,0.43879959076421055,0.4387996,0,0,0.3151684080271638,0.3151684,0,0,0.4786103709179028,0.4786104,0,0,8.437695e-15
basin,p[services]*0.863837598531476,3,CONVERGED,CONVERGED,454,454,0.8635057790267844,0.8635058,0.8480198501938445,0.8480199,0,0,0,0,-,-,154.82288327375235,154.8229,0.8285211379188524,0.8285211,0.0,0.0,0,0,0,0,0,0,0,0,0,0,0,0,0,0,0,0,0.0,0.0,0.0,0.0,0.43502440615945587,0.4350244,0,0,0.3134103223584607,0.3134103,0,0,0.47465333447926417,0.4746533,0,0,8.437695e-15
basin,p[services]*0.9070294784580498,3,CONVERGED,CONVERGED,396,396,0.9066157632831615,0.9066158,0.8798303987579329,0.8798304,0,0,0,0,-,-,104.63732841159428,104.6373,0.8808826110516609,0.8808826,0.0,0.0,0,0,0,0,0,0,0,0,0,0,0,0,0,0,0,0,0.0,0.0,0.0,0.0,0.4311410570319232,0.4311411,0,0,0.3116871822553576,0.3116872,0,0,0.47050242695590677,0.4705024,0,0,7.771561000000001e-15
basin,p[services]*0.9523809523809523,3,CONVERGED,CONVERGED,357,357,0.952046635120946,0.9520466,0.9113857243433631,0.9113857,0,0,0,0,-,-,53.153738133092055,53.15374,0.9379133855900526,0.9379134,0.0,0.0,0,0,0,0,0,0,0,0,0,0,0,0,0,0,0,0,0.0,0.0,0.0,0.0,0.42716657521271195,0.4271666,0,0,0.3097935892474147,0.3097936,0,0,0.46613331954328957,0.4661333,0,0,7.993606e-15
basin,p[services]*1.05,3,CONVERGED,CONVERGED,304,304,0.9606957451443188,0.9606957,0.942574842758311,0.9425748,0,0,0,0,-,-,48.790164169432046,48.79016,0.9710084847796888,0.9710085,0.0,0.0,0,0,0,0,0,0,0,0,0,0,0,0,0,0,0,0,0.0,0.0,0.0,0.0,0.42903297593419476,0.429033,0,0,0.3136874798040126,0.3136875,0,0,0.46439959736579856,0.4643996,0,0,9.992007e-15
basin,p[services]*1.1025,3,CONVERGED,CONVERGED,340,340,0.9225712402905255,0.9225712,0.942574842758311,0.9425748,0,0,0,0,-,-,97.58032833886404,97.58033,0.9424418144659117,0.9424418,0.0,0.0,0,0,0,0,0,0,0,0,0,0,0,0,0,0,0,0,0.0,0.0,0.0,0.0,0.43500742904384304,0.4350074,0,0,0.31965626539574055,0.3196563,0,0,0.46724034525109404,0.4672403,0,0,1.021405e-14
basin,p[services]*1.1576250000000001,3,CONVERGED,CONVERGED,396,396,0.8856415135508809,0.8856415,0.942574842758311,0.9425748,0,0,0,0,-,-,146.3704925082961,146.3705,0.91432836432818,0.9143284,0.0,0.0,0,0,0,0,0,0,0,0,0,0,0,0,0,0,0,0,0.0,0.0,0.0,0.0,0.44099147038907316,0.4409915,0,0,0.32558970454480923,0.3255897,0,0,0.4700589120686768,0.4700589,0,0,6.217249e-15
basin,p[services]*1.2155062500000002,3,CONVERGED,CONVERGED,412,412,0.8499161255755405,0.8499161,0.942574842758311,0.9425748,0,0,0,0,-,-,195.16065667772818,195.1607,0.8866941180952572,0.8866941,0.0,0.0,0,0,0,0,0,0,0,0,0,0,0,0,0,0,0,0,0.0,0.0,0.0,0.0,0.44697642361018997,0.4469764,0,0,0.33147883190164956,0.3314788,0,0,0.47285221011588324,0.4728522,0,0,8.21565e-15
basin,p[services]*1.2762815625000004,3,CONVERGED,CONVERGED,422,422,0.8153993543872396,0.8153994,0.942574842758311,0.9425748,0,0,0,0,-,-,243.9508208471603,243.9508,0.8595625705852874,0.8595626,0.0,0.0,0,0,0,0,0,0,0,0,0,0,0,0,0,0,0,0,0.0,0.0,0.0,0.0,0.45295949955265813,0.4529595,0,0,0.33732188389202167,0.3373219,0,0,0.4756163769850521,0.4756164,0,0,7.1054270000000005e-15
basin,p[services]*1.3400956406250004,3,CONVERGED,CONVERGED,432,432,0.782090426832733,0.7820904,0.942574842758311,0.9425748,0,0,0,0,-,-,292.74098501659233,292.741,0.8329546556472988,0.8329547,0.0,0.0,0,0,0,0,0,0,0,0,0,0,0,0,0,0,0,0,0.0,0.0,0.0,0.0,0.458927018725791,0.458927,0,0,0.34311003722355277,0.34311,0,0,0.47835224802481213,0.4783522,0,0,1.132427e-14
basin,p[services]*1.4071004226562505,3,CONVERGED,CONVERGED,441,441,0.7499837906385637,0.7499838,0.942574842758311,0.9425748,0,0,0,0,-,-,341.5311491860243,341.5311,0.8068886995924051,0.8068887,0.0,0.0,0,0,0,0,0,0,0,0,0,0,0,0,0,0,0,0,0.0,0.0,0.0,0.0,0.46486956831165754,0.4648696,0,0,0.3488313846864794,0.3488314,0,0,0.4810538365634162,0.4810538,0,0,7.1054270000000005e-15
basin,p[services]*1.477455443789063,3,CONVERGED,CONVERGED,449,449,0.7190694206087559,0.7190694,0.942574842758311,0.9425748,0,0,0,0,-,-,390.32131335545637,390.3213,0.7813803998570787,0.7813804,0.0,0.0,0,0,0,0,0,0,0,0,0,0,0,0,0,0,0,0,0.0,0.0,0.0,0.0,0.4707775091977137,0.4707775,0,0,0.35447719136904415,0.3544772,0,0,0.4837254517583957,0.4837255,0,0,7.1054270000000005e-15
basin,p[services]*1.5513282159785162,3,CONVERGED,CONVERGED,456,456,0.6893064139276224,0.6893064,0.942574842758311,0.9425748,0,0,0,0,-,-,439.1114775248884,439.1115,0.7563999683516122,0.7564,0.0,0.0,0,0,0,0,0,0,0,0,0,0,0,0,0,0,0,0,0.0,0.0,0.0,0.0,0.47664116088481656,0.4766412,0,0,0.36003888733205835,0.3600389,0,0,0.48635554591362945,0.4863555,0,0,7.1054270000000005e-15
basin,p[services]*1.628894626777442,3,CONVERGED,CONVERGED,462,462,0.6605114458597656,0.6605114,0.942574842758311,0.9425748,0,0,0,0,-,-,487.90164169432035,487.9016,0.7318035724880595,0.7318036,0.0,0.0,0,0,0,0,0,0,0,0,0,0,0,0,0,0,0,0,0.0,0.0,0.0,0.0,0.4824504207026513,0.4824504,0,0,0.36550809416024915,0.3655081,0,0,0.4889536680170683,0.4889537,0,0,5.77316e-15
basin,p[services]*1.7103393581163142,3,CONVERGED,CONVERGED,500,500,0.6328262312550403,0.6328262,0.942574842758311,0.9425748,0,0,0,0,-,-,536.6918058637524,536.6918,0.7077580984754722,0.7077581,0.0,0.0,0,0,0,0,0,0,0,0,0,0,0,0,0,0,0,0,0.0,0.0,0.0,0.0,0.4881955285737541,0.4881955,0,0,0.37087664734735926,0.3708766,0,0,0.4915149365927199,0.4915149,0,0,9.769963000000001e-15
basin,p[services]*1.79585632602213,3,CONVERGED,CONVERGED,508,508,0.6062301951997121,0.6062302,0.942574842758311,0.9425748,0,0,0,0,-,-,585.4819700331846,585.482,0.6842718607903775,0.6842719,0.0,0.0,0,0,0,0,0,0,0,0,0,0,0,0,0,0,0,0,0.0,0.0,0.0,0.0,0.49386714528767606,0.4938671,0,0,0.37613661720945135,0.3761366,0,0,0.49403179640400485,0.4940318,0,0,7.771561000000001e-15
basin,p[services]*1.8856491423232367,3,CONVERGED,CONVERGED,513,513,0.5806999987081343,0.5807,0.942574842758311,0.9425748,0,0,0,0,-,-,634.2721342026165,634.2721,0.6613508628714336,0.6613509,0.0,0.0,0,0,0,0,0,0,0,0,0,0,0,0,0,0,0,0,0.0,0.0,0.0,0.0,0.4994561807947401,0.4994562,0,0,0.3812805953309878,0.3812806,0,0,0.49651667541029537,0.4965167,0,0,8.437695e-15
basin,p[services]*1.9799315994393987,3,CONVERGED,CONVERGED,517,517,0.5562098846580376,0.5562099,0.942574842758311,0.9425748,0,0,0,0,-,-,683.0622983720488,683.0623,0.6389988737656274,0.6389989,0.0,0.0,0,0,0,0,0,0,0,0,0,0,0,0,0,0,0,0,0.0,0.0,0.0,0.0,0.5049516572651419,0.5049517,0,0,0.3862989534999024,0.386299,0,0,0.4989569418812623,0.4989569,0,0,6.661338e-15
basin,p[services]*2.0789281794113688,3,CONVERGED,CONVERGED,520,520,0.5327320190329575,0.532732,0.942574842758311,0.9425748,0,0,0,0,-,-,731.8524625414807,731.8525,0.6172175196954927,0.6172175,0.0,0.0,0,0,0,0,0,0,0,0,0,0,0,0,0,0,0,0,0.0,0.0,0.0,0.0,0.5103670771169094,0.5103671,0,0,0.3911842424277763,0.3911842,0,0,0.5013584162919793,0.5013584,0,0,8.659739999999999e-15
basin,p[services]*2.182874588381937,3,CONVERGED,CONVERGED,523,523,0.5102407982790219,0.5102408,0.942574842758311,0.9425748,0,0,0,0,-,-,780.6426267109126,780.6426,0.5960041148018809,0.5960041,0.0,0.0,0,0,0,0,0,0,0,0,0,0,0,0,0,0,0,0,0.0,0.0,0.0,0.0,0.5156863587893254,0.5156864,0,0,0.39593149619560475,0.3959315,0,0,0.5037186215948672,0.5037186,0,0,8.881784e-15
basin,p[services]*2.292018317801034,3,CONVERGED,CONVERGED,525,525,0.48870797513320097,0.488708,0.942574842758311,0.9425748,6,6,0,0,-,-,829.4327908803447,829.4328,0.5753550142781719,0.575355,2.064708159429393,2.064708,0,0,0,0,0,0,0,0,0,0,6,6,0,0,0,0,0.0,0.0,0.0,0.0,0.5211505860157648,0.5211506,0,0,0.4008189840780144,0.400819,0,0,0.5061342997509166,0.5061343,0,0,8.881784e-15
basin,p[services]*2.4066192336910857,3,CONVERGED,CONVERGED,529,529,0.46809599398785223,0.468096,0.942574842758311,0.9425748,9,9,0,0,-,-,878.2229550497767,878.223,0.5552693416875957,0.5552693,6.10223365542692,6.102234,0,0,0,0,0,0,0,0,0,0,9,9,0,0,0,0,0.0,0.0,0.0,0.0,0.5267058613127724,0.5267059,0,0,0.40583102879452004,0.405831,0,0,0.5086101185993404,0.5086101,0,0,7.993606e-15
basin,p[services]*2.5269501953756404,3,CONVERGED,CONVERGED,532,532,0.44733974409401234,0.4473397,0.942574842758311,0.9425748,13,13,0,0,-,-,927.0131192192089,927.0131,0.5357413463031732,0.5357413,11.281405880881561,11.28141,0,0,0,0,0,0,0,0,0,0,13,13,0,0,0,0,0.0,0.0,0.0,0.0,0.5322113883632815,0.5322114,0,0,0.4107737463237999,0.4107737,0,0,0.5110846000164709,0.5110846,0,0,8.437695e-15
basin,p[services]*2.653297705144422,3,CONVERGED,CONVERGED,536,536,0.42622282648186516,0.4262228,0.942574842758311,0.9425748,14,14,0,0,-,-,975.8032833886408,975.8033,0.5163745712805535,0.5163746,17.342738553801368,17.34274,0,0,0,0,0,0,0,0,0,0,14,14,0,0,0,0,0.0,0.0,0.0,0.0,0.5376319297576231,0.5376319,0,0,0.41555056537758206,0.4155506,0,0,0.5135171396284008,0.5135171,0,0,1.154632e-14
basin,p[services]*2.7859625904016436,3,CONVERGED,CONVERGED,539,539,0.4058676955745727,0.4058677,0.942574842758311,0.9425748,16,16,0,0,-,-,1024.593447558073,1024.593,0.49747126601332514,0.4974713,24.1671655787135,24.16717,0,0,0,0,0,0,0,0,0,0,16,16,0,0,0,0,0.0,0.0,0.0,0.0,0.542966982071439,0.542967,0,0,0.42018346187028216,0.4201835,0,0,0.5159151986295482,0.5159152,0,0,1.021405e-14
basin,p[services]*2.925260719921726,3,CONVERGED,CONVERGED,543,543,0.3861989521233425,0.386199,0.942574842758311,0.9425748,17,17,0,0,-,-,1073.383611727505,1073.384,0.47770907719158184,0.4777091,31.668020438128057,31.66802,0,0,0,0,0,0,0,0,0,0,17,17,0,0,0,0,0.0,0.0,0.0,0.0,0.5480965682231782,0.5480966,0,0,0.4246574595737992,0.4246575,0,0,0.518277400344437,0.5182774,0,0,1.176836e-14
basin,p[services]*3.0715237559178123,3,CONVERGED,CONVERGED,546,546,0.3672751743579716,0.3672752,0.942574842758311,0.9425748,18,18,0,0,-,-,1122.173775896937,1122.174,0.45765063969986264,0.4576506,39.79626152013491,39.79626,0,0,0,0,0,0,0,0,0,0,18,18,0,0,0,0,0.0,0.0,0.0,0.0,0.5530855912895493,0.5530856,0,0,0.42896474215381264,0.4289647,0,0,0.5205856734301835,0.5205857,0,0,8.881784e-15
basin,p[services]*3.225099943713703,3,CONVERGED,CONVERGED,549,549,0.34893914065963566,0.3489391,0.942574842758311,0.9425748,19,19,0,0,-,-,1170.9639400663689,1170.964,0.43823415186235654,0.4382342,48.46931702267183,48.46932,0,0,0,0,0,0,1,1,0,0,19,19,0,0,0,0,0.0,0.0,0.0,0.0,0.5579518267352921,0.5579518,0,0,0.43317836144342964,0.4331784,0,0,0.5228638039866437,0.5228638,0,0,1.2878590000000001e-14
basin,p[services]*3.3863549408993885,3,CONVERGED,CONVERGED,552,552,0.33119334399333733,0.3311933,0.942574842758311,0.9425748,20,20,0,0,-,-,1220.8630381155128,1220.863,0.4191922954671778,0.4191923,57.76837693023737,57.76838,0,0,0,0,0,0,7,7,0,0,20,20,0,0,0,0,0.0,0.0,0.0,0.0,0.562642930891747,0.5626429,0,0,0.4372079797934538,0.437208,0,0,0.5250953834527663,0.5250954,0,0,6.439294e-15
basin,p[services]*3.555672687944358,3,CONVERGED,CONVERGED,554,554,0.31418720865166117,0.3141872,0.942574842758311,0.9425748,20,20,0,0,-,-,1272.3803662407413,1272.38,0.40065319876661587,0.4006532,67.55382051468786,67.55382,0,0,0,0,0,0,9,9,0,0,20,20,0,0,0,0,0.0,0.0,0.0,0.0,0.5672038480685347,0.5672038,0,0,0.44104118361501987,0.4410412,0,0,0.5272815176417998,0.5272815,0,0,7.771561000000001e-15
basin,p[services]*3.733456322341576,3,CONVERGED,CONVERGED,557,557,0.29785802685750057,0.297858,0.942574842758311,0.9425748,22,22,0,0,-,-,1324.1990111484806,1324.199,0.38241752500873555,0.3824175,77.90774802020452,77.90775,0,0,0,0,0,0,11,11,0,0,22,22,0,0,0,0,0.0,0.0,0.0,0.0,0.5716132466760502,0.5716132,0,0,0.4446728613277218,0.4446729,0,0,0.5294321603012377,0.5294322,0,0,9.769963000000001e-15
basin,p[services]*3.920129138458655,3,CONVERGED,CONVERGED,560,560,0.2821994666904233,0.2821995,0.942574842758311,0.9425748,22,22,0,0,-,-,1376.3207490989505,1376.321,0.36439222994022735,0.3643922,88.85289446445054,88.85289,0,0,0,0,0,0,12,12,0,0,22,22,0,0,0,0,0.0,0.0,0.0,0.0,0.5758572301166098,0.5758572,0,0,0.44809554008311314,0.4480955,0,0,0.5315512724468847,0.5315513,0,0,5.551115e-15
basin,p[services]*4.116135595381588,3,CONVERGED,CONVERGED,563,563,0.2672271737130515,0.2672272,0.942574842758311,0.9425748,23,23,0,0,-,-,1428.693132294442,1428.693,0.34686193969038315,0.3468619,100.27585562573773,100.2759,0,0,0,0,0,0,14,14,9,9,23,23,0,0,0,0,0.0,0.0,0.0,0.0,0.5799698328886271,0.5799698,0,0,0.45130511988093347,0.4513051,0,0,0.5336325086752006,0.5336325,0,0,9.103829e-15
basin,p[services]*4.321942375150668,3,CONVERGED,CONVERGED,565,565,0.25285956171808077,0.2528596,0.942574842758311,0.9425748,24,24,0,0,-,-,1481.4386800510445,1481.439,0.32975388060018396,0.3297539,112.33552019213082,112.3355,0,0,0,0,0,0,15,15,13,13,23,23,0,0,0,0,0.0,0.0,0.0,0.0,0.5839376926790972,0.5839377,0,0,0.45440170006562103,0.4544017,0,0,0.5356798053986497,0.5356798,0,0,9.992007e-15
basin,p[services]*4.538039493908201,3,CONVERGED,CONVERGED,568,568,0.23906256191065378,0.2390626,0.942574842758311,0.9425748,25,25,0,0,-,-,1534.6114004521603,1534.611,0.31305054671245147,0.3130505,125.08799348647753,125.088,0,0,0,0,0,0,16,16,17,17,24,24,0,0,0,0,0.0,0.0,0.0,0.0,0.5877694026581873,0.5877694,0,0,0.4572773811113632,0.4572774,0,0,0.5376955762098615,0.5376956,0,0,6.217249e-15
basin,p[services]*4.764941468603611,3,CONVERGED,CONVERGED,571,571,0.225699403522523,0.2256994,0.942574842758311,0.9425748,25,25,0,0,-,-,1588.2269296514278,1588.227,0.2968119589288171,0.296812,138.41842678029508,138.4184,0,0,0,0,8,8,16,16,20,20,24,24,0,0,0,0,0.0,0.0,0.0,0.0,0.5915037552543412,0.5915038,0,0,0.459925979463632,0.459926,0,0,0.5396974114943168,0.5396974,0,0,1.021405e-14
basin,p[services]*5.003188542033792,3,CONVERGED,CONVERGED,573,573,0.21266677019473246,0.2126668,0.942574842758311,0.9425748,25,25,0,0,-,-,1642.330231838922,1642.33,0.2810210319931035,0.281021,152.36667661278568,152.3667,0,0,0,0,12,12,17,17,23,23,25,25,0,0,0,0,0.0,0.0,0.0,0.0,0.5951771936868404,0.5951772,0,0,0.4623411574733447,0.4623412,0,0,0.5416815067773695,0.5416815,0,0,9.547918e-15
basin,p[services]*5.253347969135482,3,CONVERGED,CONVERGED,575,575,0.2004286646607483,0.2004287,0.942574842758311,0.9425748,27,27,0,0,-,-,1696.8890165932446,1696.889,0.26621333382699436,0.2662133,166.97927398340215,166.9793,0,0,0,0,14,14,17,17,27,27,27,27,0,0,0,0,0.0,0.0,0.0,0.0,0.5988157700254323,0.5988158,0,0,0.46455319982733473,0.4645532,0,0,0.5436497413594801,0.5436497,0,0,7.771561000000001e-15
basin,p[services]*5.5160153675922565,3,CONVERGED,CONVERGED,578,578,0.18876974903288604,0.1887697,0.942574842758311,0.9425748,28,28,0,0,-,-,1751.912262172807,1751.912,0.2516866549840683,0.2516867,182.43868418913885,182.4387,0,0,0,0,15,15,18,18,28,28,28,28,0,0,0,0,0.0,0.0,0.0,0.0,0.6025666877945053,0.6025667,0,0,0.4666009445298485,0.4666009,0,0,0.5455737425728391,0.5455737,0,0,5.329071e-15
basin,p[services]*5.791816135971869,3,CONVERGED,CONVERGED,580,580,0.17758716350439988,0.1775872,0.942574842758311,0.9425748,30,30,0,0,-,-,1807.495838270842,1807.496,0.2375526333879811,0.2375526,198.69301055331766,198.693,0,0,0,0,17,17,18,18,30,30,30,30,0,0,0,0,0.0,0.0,0.0,0.0,0.6065173092102163,0.6065173,0,0,0.468398240831247,0.4683982,0,0,0.5474970248673583,0.547497,0,0,1.0436100000000001e-14
basin,p[services]*6.081406942770463,3,CONVERGED,CONVERGED,583,583,0.16719757012310896,0.1671976,0.942574842758311,0.9425748,32,32,0,0,-,-,1863.771165018553,1863.771,0.22462104225072926,0.224621,215.78658560792243,215.7866,0,0,0,0,19,19,19,19,32,32,32,32,0,0,0,0,0.0,0.0,0.0,0.0,0.6106647874642956,0.6106648,0,0,0.4699022497722521,0.4699022,0,0,0.5494025258758444,0.5494025,0,0,5.329071e-15
basin,p[services]*6.385477289908986,3,CONVERGED,CONVERGED,585,585,0.15772514533528026,0.1577251,0.942574842758311,0.9425748,33,33,0,0,-,-,1920.8655207426543,1920.866,0.21339983042687716,0.2133998,233.87058107089106,233.8706,0,0,0,0,19,19,19,19,33,33,33,33,0,0,0,0,0.0,0.0,0.0,0.0,0.6150812982690246,0.6150813,0,0,0.47122021510588646,0.4712202,0,0,0.5513069941399162,0.551307,0,0,9.325873000000001e-15
basin,p[services]*6.704751154404436,3,CONVERGED,CONVERGED,588,588,0.1489296442395899,0.1489296,0.942574842758311,0.9425748,34,34,0,0,-,-,1978.79431758534,1978.794,0.202925440632172,0.2029254,252.9983318295477,252.9983,0,0,0,0,21,21,19,19,34,34,34,34,0,0,0,0,0.0,0.0,0.0,0.0,0.6198368934251336,0.6198369,0,0,0.4722855484117675,0.4722855,0,0,0.5532164424875359,0.5532164,0,0,6.217249e-15
basin,p[services]*7.039988712124658,3,CONVERGED,CONVERGED,590,590,0.14073571137182753,0.1407357,0.942574842758311,0.9425748,35,35,0,0,-,-,2037.5914391491333,2037.591,0.19229929603603677,0.1922993,273.2499530088696,273.25,0,0,0,0,22,22,20,20,35,35,35,35,0,0,7,7,0.0,0.0,0.0,0.0,0.6249034089625514,0.6249034,0,0,0.4730527886679725,0.4730528,0,0,0.555140785295516,0.5551408,0,0,6.661338e-15
basin,p[services]*7.391988147730891,3,CONVERGED,CONVERGED,593,593,0.13290382654460917,0.1329038,0.942574842758311,0.9425748,37,37,0,0,-,-,2097.2494829685434,2097.249,0.18211072116842966,0.1821107,294.71893079829925,294.7189,0,0,0,0,24,24,20,20,37,37,37,37,0,0,11,11,0.0,0.0,0.0,0.0,0.6302212995100166,0.6302213,0,0,0.47372288010152763,0.4737229,0,0,0.5570869911662351,0.557087,0,0,8.881784e-15
basin,p[services]*7.761587555117436,3,CONVERGED,CONVERGED,595,595,0.12600256817239716,0.1260026,0.942574842758311,0.9425748,38,38,0,0,-,-,2157.9978803674785,2157.998,0.17216875770449558,0.1721688,317.67592495555925,317.6759,0,0,0,0,24,24,20,20,38,38,38,38,0,0,13,13,0.0,0.0,0.0,0.0,0.6357686722814381,0.6357687,0,0,0.47404032448167877,0.4740403,0,0,0.559039821311814,0.5590398,0,0,8.437695e-15
basin,p[services]*8.14966693287331,3,CONVERGED,CONVERGED,622,622,0.11954700284514312,0.119547,0.942574842758311,0.9425748,39,39,0,0,-,-,2219.7147268845983,2219.715,0.16195875916731298,0.1619588,342.3436950340267,342.3437,0,0,1,1,25,25,22,22,39,39,39,39,0,0,16,16,0.0,0.0,0.0,0.0,0.6414653625070903,0.6414654,0,0,0.4742030314485216,0.474203,0,0,0.5610194425954218,0.5610194,0,0,9.103829e-15
basin,p[mach]*0.12270440108003683,3,CONVERGED,CONVERGED,1025,1025,0.005112581098316882,0.005112581,0.9425748427583159,0.9425748,250,250,0,0,-,-,7759.63270401163,7759.633,0.018610217879713255,0.01861022,31803.61759524491,31803.62,0,0,139,139,151,151,195,195,249,249,239,239,154,154,146,146,0.0,0.0,0.0,0.0,1.0,1.0,158,158,0.5077092597205983,0.5077093,0,0,0.7476802567317979,0.7476803,0,0,1.154632e-14
basin,p[mach]*0.12883962113403868,3,CONVERGED,CONVERGED,1010,1010,0.005827965111592533,0.005827965,0.9425748427583156,0.9425748,244,244,0,0,-,-,7545.089157930192,7545.089,0.02006794953602798,0.02006795,27534.103359724755,27534.1,0,0,133,133,146,146,188,188,243,243,233,233,148,148,139,139,0.0,0.0,0.0,0.0,1.0,1.0,148,148,0.5084647237237268,0.5084647,0,0,0.7479593394461959,0.7479593,0,0,1.176836e-14
basin,p[mach]*0.13528160219074062,3,CONVERGED,CONVERGED,994,994,0.006637745956252315,0.006637746,0.9425748427583153,0.9425748,237,237,0,0,-,-,7334.8385013953675,7334.839,0.02163108657593322,0.02163109,23904.37197179127,23904.37,0,0,127,127,140,140,180,180,237,237,227,227,141,141,132,132,0.0,0.0,0.0,0.0,1.0,1.0,137,137,0.508950588527729,0.5089506,0,0,0.7477945184134652,0.7477945,0,0,9.547918e-15
basin,p[mach]*0.14204568230027764,3,CONVERGED,CONVERGED,980,980,0.0075559101139748945,0.00755591,0.9425748427583165,0.9425748,231,231,0,0,-,-,7128.490410865509,7128.49,0.02331253479938828,0.02331253,20803.31743654451,20803.32,0,0,121,121,134,134,174,174,231,231,221,221,135,135,126,126,0.0,0.0,0.0,0.0,1.0,1.0,126,126,0.5092125705270405,0.5092126,0,0,0.7471870761530159,0.7471871,0,0,1.0436100000000001e-14
basin,p[mach]*0.14914796641529154,3,CONVERGED,CONVERGED,965,965,0.008599148219824016,0.008599148,0.9425748427583142,0.9425748,225,225,0,0,-,-,6925.820387499639,6925.82,0.0251229964434244,0.025123,18146.95188955528,18146.95,0,0,115,115,129,129,168,168,225,225,214,214,129,129,119,119,0.0,0.0,0.0,0.0,1.0,1.0,115,115,0.5090883156070023,0.5090883,0,0,0.7460288174781731,0.7460288,0,0,7.1054270000000005e-15
basin,p[mach]*0.15660536473605613,3,CONVERGED,CONVERGED,951,951,0.009784978130373264,0.009784978,0.9425748427583147,0.9425748,219,219,0,0,-,-,6725.739167415788,6725.739,0.02707181905395579,0.02707182,15857.048297657095,15857.05,0,0,110,110,123,123,163,163,219,219,208,208,122,122,113,113,0.0,0.0,0.0,0.0,1.0,1.0,103,103,0.5087397357365067,0.5087397,0,0,0.7444782080546606,0.7444782,0,0,8.437695e-15
basin,p[mach]*0.16443563297285893,3,CONVERGED,CONVERGED,937,937,0.011135005937735419,0.01113501,0.9425748427583156,0.9425748,214,214,0,0,-,-,6529.050788095257,6529.051,0.029177522983357053,0.02917752,13879.726083251328,13879.73,0,0,104,104,118,118,157,157,214,214,203,203,116,116,106,106,0.0,0.0,0.0,0.0,1.0,1.0,91,91,0.5080332221014818,0.5080332,0,0,0.7423252909915288,0.7423253,0,0,7.327472e-15
basin,p[mach]*0.1726574146215019,3,CONVERGED,CONVERGED,924,924,0.012674596407120107,0.0126746,0.9425748427583142,0.9425748,208,208,0,0,-,-,6334.394046050866,6334.394,0.0314521183139129,0.03145212,12163.800188088639,12163.8,0,0,99,99,113,113,152,152,208,208,197,197,110,110,101,101,0.0,0.0,0.0,0.0,1.0,1.0,79,79,0.5070156709951261,0.5070157,0,0,0.7396881735776178,0.7396882,0,0,6.8833830000000005e-15
basin,p[mach]*0.181290285352577,3,CONVERGED,CONVERGED,910,910,0.014431870004313837,0.01443187,0.9425748427583173,0.9425748,203,203,0,0,-,-,6141.463460650967,6141.463,0.03391945755271458,0.03391946,10672.515953790878,10672.52,0,0,95,95,107,107,146,146,203,203,192,192,104,104,94,94,0.0,0.0,0.0,0.0,1.0,1.0,68,68,0.5056318794724208,0.5056319,0,0,0.7365317649654467,0.7365318,0,0,8.437695e-15
basin,p[mach]*0.19035479962020585,3,CONVERGED,CONVERGED,896,896,0.016439428685822505,0.01643943,0.9425748427583128,0.9425748,198,198,0,0,-,-,5950.649337693543,5950.649,0.036600191541303125,0.03660019,9369.27409711559,9369.274,0,0,91,91,102,102,141,141,198,198,187,187,98,98,86,86,0.0,0.0,0.0,0.0,1.0,1.0,55,55,0.5039387450479773,0.5039387,0,0,0.7328316481218642,0.7328316,0,0,8.881784e-15
basin,p[mach]*0.19987253960121615,3,CONVERGED,CONVERGED,882,882,0.018736965997002798,0.01873697,0.9425748427583147,0.9425748,193,193,0,0,-,-,5761.145512224388,5761.146,0.03951827886190906,0.03951828,8232.264843850517,8232.265,0,0,86,86,97,97,136,136,193,193,182,182,91,91,75,75,0.0,0.0,0.0,0.0,1.0,1.0,43,43,0.5017776116466294,0.5017776,0,0,0.7285721516557953,0.7285722,0,0,6.217249e-15
basin,p[mach]*0.20986616658127696,3,CONVERGED,CONVERGED,868,868,0.02136653660719549,0.02136654,0.942574842758318,0.9425748,188,188,0,0,-,-,5573.080927192468,5573.081,0.042702048999861006,0.04270205,7234.516801440832,7234.517,0,0,82,82,92,92,129,129,188,188,177,177,82,82,65,65,0.0,0.0,0.0,0.0,1.0,1.0,30,30,0.49901706081753344,0.4990171,0,0,0.7236662086134252,0.7236662,0,0,7.771561000000001e-15
basin,p[mach]*0.22035947491034083,3,CONVERGED,CONVERGED,856,856,0.024382708900783676,0.02438271,0.9425748427583163,0.9425748,182,182,0,0,-,-,5385.437478796091,5385.437,0.04618921099114526,0.04618921,6357.484441319875,6357.484,0,0,77,77,87,87,124,124,182,182,171,171,71,71,56,56,0.0,0.0,0.0,0.0,1.0,1.0,6,6,0.4953954260809429,0.4953954,0,0,0.7181497351835965,0.7181497,0,0,7.771561000000001e-15
basin,p[mach]*0.23137744865585788,3,CONVERGED,CONVERGED,847,847,0.027837500630361434,0.0278375,0.942574842758316,0.9425748,177,177,0,0,-,-,5199.4779320176585,5199.478,0.05001242051839283,0.05001242,5586.981671393593,5586.982,0,0,72,72,82,82,116,116,177,177,166,166,57,57,46,46,0.0,0.0,0.0,0.0,0.9816897468270878,0.9816897,0,0,0.4905263628385219,0.4905264,0,0,0.712021827317762,0.7120218,0,0,5.995204e-15
basin,p[mach]*0.24294632108865077,3,CONVERGED,CONVERGED,816,816,0.03180506710697972,0.03180507,0.9425748427583144,0.9425748,172,172,0,0,-,-,5013.508273032613,5013.508,0.054216619448327404,0.05421662,4907.299866730603,4907.3,0,0,68,68,78,78,104,104,172,172,160,160,44,44,32,32,0.0,0.0,0.0,0.0,0.962155573565071,0.9621556,0,0,0.4851820564817301,0.4851821,0,0,0.7054245487349358,0.7054245,0,0,1.021405e-14
basin,p[mach]*0.2550936371430833,3,CONVERGED,CONVERGED,805,805,0.03636787753299956,0.03636788,0.9425748427583145,0.9425748,167,167,0,0,-,-,4827.729407069494,4827.729,0.058857040013354456,0.05885704,4306.826526840989,4306.827,0,0,62,62,73,73,101,101,167,167,155,155,39,39,27,27,0.0,0.0,0.0,0.0,0.9424101598032087,0.9424102,0,0,0.47959279165628943,0.4795928,0,0,0.6984201089929223,0.6984201,0,0,7.993606e-15
basin,p[mach]*0.26784831900023753,3,CONVERGED,CONVERGED,795,795,0.04161328160463504,0.04161328,0.9425748427583156,0.9425748,162,162,0,0,-,-,4643.0672909671075,4643.067,0.06398887336317943,0.06398887,3776.315583820162,3776.316,0,0,57,57,69,69,98,98,162,162,150,150,32,32,21,21,0.0,0.0,0.0,0.0,0.9225101656656577,0.9225102,0,0,0.47372602589261836,0.473726,0,0,0.6910049763873192,0.691005,0,0,8.881784e-15
basin,p[mach]*0.28124073495024937,3,CONVERGED,CONVERGED,784,784,0.0470698329458165,0.04706983,0.9425748427583148,0.9425748,157,157,0,0,-,-,4457.943206119595,4457.943,0.06968582794638759,0.06968583,3306.140253504884,3306.14,0,0,52,52,64,64,94,94,157,157,145,145,23,23,9,9,0.0,0.0,0.0,0.0,0.9024272190318453,0.9024272,0,0,0.4676537853694075,0.4676538,0,0,0.6832890806969404,0.6832891,0,0,7.549517e-15
basin,p[mach]*0.29530277169776187,3,CONVERGED,CONVERGED,774,774,0.053285007065952274,0.05328501,0.9425748427583156,0.9425748,151,151,0,0,-,-,4272.7356058624855,4272.736,0.0760030428758593,0.07600304,2890.3484743211875,2890.348,0,0,47,47,60,60,91,91,151,151,139,139,10,10,0,0,0.0,0.0,0.0,0.0,0.8822817470405319,0.8822817,0,0,0.4613153648380805,0.4613154,0,0,0.6752518079583929,0.6752518,0,0,7.549517e-15
basin,p[mach]*0.31006791028264996,3,CONVERGED,CONVERGED,763,763,0.06048341672088601,0.06048342,0.9425748427583159,0.9425748,146,146,0,0,-,-,4087.7919240727047,4087.792,0.08305605108304362,0.08305605,2521.598479680711,2521.598,0,0,41,41,57,57,89,89,146,146,134,134,0,0,0,0,0.0,0.0,0.0,0.0,0.8620527183253842,0.8620527,0,0,0.45486450523944033,0.4548645,0,0,0.6670168505638318,0.6670169,0,0,7.771561000000001e-15
basin,p[mach]*0.3255713057967825,3,CONVERGED,CONVERGED,753,753,0.06875752162799169,0.06875752,0.942574842758315,0.9425748,138,138,0,0,-,-,3903.08689262744,3903.087,0.09094637820538158,0.09094638,2194.48537109831,2194.485,0,0,36,36,53,53,86,86,138,138,129,129,0,0,0,0,0.0,0.0,0.0,0.0,0.8417946115094682,0.8417946,0,0,0.4482339829333125,0.448234,0,0,0.6585177511511681,0.6585178,0,0,7.327472e-15
basin,p[mach]*0.3418498710866216,3,CONVERGED,CONVERGED,743,743,0.07824343760101397,0.07824344,0.9425748427583145,0.9425748,132,132,0,0,-,-,3718.1206694056063,3718.121,0.09975758939506345,0.09975759,1904.1345509507426,1904.135,0,0,29,29,50,50,82,82,132,132,124,124,0,0,0,0,0.0,0.0,0.0,0.0,0.8214657737515306,0.8214658,0,0,0.4415182209231785,0.4415182,0,0,0.6498647044211792,0.6498647,0,0,7.1054270000000005e-15
basin,p[mach]*0.35894236464095275,3,CONVERGED,CONVERGED,733,733,0.08914749743488883,0.0891475,0.942574842758315,0.9425748,126,126,0,0,-,-,3532.784253470664,3532.784,0.10967475707526685,0.1096748,1646.4387065495227,1646.439,0,0,18,18,47,47,80,80,126,126,118,118,0,0,0,0,0.0,0.0,0.0,0.0,0.8011245842525646,0.8011246,0,0,0.4346410864268244,0.4346411,0,0,0.6409833469156562,0.6409833,0,0,6.661338e-15
basin,p[mach]*0.3768894828730004,3,CONVERGED,CONVERGED,722,722,0.10164407150756401,0.1016441,0.9425748427583148,0.9425748,120,120,0,0,-,-,3347.4807632281872,3347.481,0.12082839108521404,0.1208284,1417.9272258054457,1417.927,0,0,0,0,44,44,77,77,120,120,113,113,0,0,0,0,0.0,0.0,0.0,0.0,0.7807757786278752,0.7807758,0,0,0.4277088182609817,0.4277088,0,0,0.6319885667720045,0.6319886,0,0,7.993606e-15
basin,p[mach]*0.39573395701665043,3,CONVERGED,CONVERGED,713,713,0.11597263139158669,0.1159726,0.9425748427583159,0.9425748,114,114,0,0,-,-,3162.1146289434455,3162.115,0.13337941135803263,0.1333794,1215.1399088207222,1215.14,0,0,0,0,41,41,73,73,114,114,107,107,0,0,0,0,0.0,0.0,0.0,0.0,0.7603860817235248,0.7603861,0,0,0.42073561815675387,0.4207356,0,0,0.6229242495207308,0.6229242,0,0,7.549517e-15
basin,p[mach]*0.41552065486748296,3,CONVERGED,CONVERGED,706,706,0.13260934943407823,0.1326093,0.9425748427583145,0.9425748,109,109,0,0,-,-,2977.1157667837497,2977.116,0.14757454368293846,0.1475745,1035.6168309033933,1035.617,0,0,0,0,38,38,71,71,109,109,102,102,0,0,0,0,0.0,0.0,0.0,0.0,0.7400702805848872,0.7400703,0,0,0.4137359298524206,0.4137359,0,0,0.6136883170657554,0.6136883,0,0,4.884981e-15
basin,p[mach]*0.4362966876108571,3,CONVERGED,CONVERGED,698,698,0.15179930581499518,0.1517993,0.9425748427583209,0.9425748,102,102,0,0,-,-,2792.718164567692,2792.718,0.1636103969168863,0.1636104,876.7317194950635,876.7317,0,0,0,0,35,35,67,67,102,102,95,95,0,0,0,0,0.0,0.0,0.0,0.0,0.7197551749410284,0.7197552,0,0,0.40684471242018455,0.4068447,0,0,0.6045139295689582,0.6045139,0,0,1.176836e-14
basin,p[mach]*0.4581115219914,3,CONVERGED,CONVERGED,693,693,0.17386951495250874,0.1738695,0.9425748427583165,0.9425748,97,97,0,0,-,-,2608.6986451715093,2608.699,0.1817348381020032,0.1817348,736.0930055928327,736.093,0,0,0,0,32,32,64,64,97,97,89,89,0,0,0,0,0.0,0.0,0.0,0.0,0.6994386494748807,0.6994386,0,0,0.4000567053949402,0.4000567,0,0,0.5954385287637856,0.5954385,0,0,9.325873000000001e-15
basin,p[mach]*0.48101709809097004,3,CONVERGED,CONVERGED,689,689,0.19907177377331245,0.1990718,0.9425748427583145,0.9425748,91,91,0,0,-,-,2425.5892641180317,2425.589,0.20225121474410085,0.2022512,612.0451215558793,612.0451,0,0,0,0,29,29,60,60,91,91,83,83,0,0,0,0,0.0,0.0,0.0,0.0,0.6791787710136621,0.6791788,0,0,0.39335767031100244,0.3933577,0,0,0.5864498724766322,0.5864499,0,0,6.8833830000000005e-15
basin,p[mach]*0.5050679529955185,3,CONVERGED,CONVERGED,684,684,0.22780221930394995,0.2278022,0.9425748427583132,0.9425748,84,84,0,0,-,-,2243.2797682580563,2243.28,0.22546632147046944,0.2254663,502.6825153238709,502.6825,0,0,0,0,25,25,56,56,84,84,76,76,0,0,0,0,0.0,0.0,0.0,0.0,0.6589208366981719,0.6589208,0,0,0.38673019707944056,0.3867302,0,0,0.5774831796719606,0.5774832,0,0,6.661338e-15
basin,p[mach]*0.5303213506452945,3,CONVERGED,CONVERGED,676,676,0.2593099690222484,0.25931,0.9425748427583154,0.9425748,78,78,0,0,-,-,2062.3075060196516,2062.308,0.25167810018216336,0.2516781,406.6566190496348,406.6566,0,0,0,0,22,22,53,53,78,78,69,69,0,0,0,0,0.0,0.0,0.0,0.0,0.63879406473783,0.6387941,0,0,0.38016742852573354,0.3801674,0,0,0.5685020222875027,0.568502,0,0,6.439294e-15
basin,p[mach]*0.5568374181775593,3,CONVERGED,CONVERGED,641,641,0.29490961481453365,0.2949096,0.9425748427583144,0.9425748,71,71,0,0,-,-,1882.9254658978214,1882.925,0.28132070179466123,0.2813207,322.7117840801282,322.7118,0,0,0,0,19,19,48,48,71,71,61,61,0,0,0,0,0.0,0.0,0.0,0.0,0.6190274904593704,0.6190275,0,0,0.37981138841054385,0.3798114,0,0,0.5595303822714908,0.5595304,0,0,8.21565e-15
basin,p[mach]*0.5846792890864372,3,CONVERGED,CONVERGED,631,631,0.3344808332090344,0.3344808,0.9425748427583148,0.9425748,64,64,0,0,-,-,1705.4174322125664,1705.417,0.3146575695367957,0.3146576,250.08462439854296,250.0846,0,0,0,0,14,14,43,43,64,64,54,54,0,0,0,0,0.0,0.0,0.0,0.0,0.5996410115213333,0.599641,0,0,0.3818532054884551,0.3818532,0,0,0.5506066885834248,0.5506067,0,0,6.661338e-15
basin,p[mach]*0.6139132535407591,3,CONVERGED,CONVERGED,621,621,0.3784167543294324,0.3784168,0.9300794792577913,0.9300795,56,56,0,0,-,-,1530.2181339947117,1530.218,0.35195585532594437,0.3519559,188.2228323693618,188.2228,0,0,0,0,8,8,36,36,56,56,45,45,0,0,0,0,0.0,0.0,0.0,0.0,0.5806190377989657,0.580619,0,0,0.3820992557459125,0.3820993,0,0,0.5429258071324758,0.5429258,0,0,7.327472e-15
basin,p[mach]*0.6446089162177971,3,CONVERGED,CONVERGED,610,610,0.42647078698218144,0.4264708,0.9139933256590891,0.9139933,45,45,0,0,-,-,1357.297401098496,1357.297,0.39368917723168717,0.3936892,135.51381143621802,135.5138,0,0,0,0,0,0,26,26,44,44,37,37,0,0,0,0,0.0,0.0,0.0,0.0,0.5619159051056125,0.5619159,0,0,0.380518424350847,0.3805184,0,0,0.5364324247838188,0.5364324,0,0,6.661338e-15
basin,p[mach]*0.676839362028687,3,CONVERGED,CONVERGED,600,600,0.4787595283325881,0.4787595,0.9014732530491395,0.9014733,23,23,0,0,-,-,1187.4209039188966,1187.421,0.43998558293419643,0.4399856,91.31751411765116,91.31751,0,0,0,0,0,0,13,13,16,16,19,19,0,0,0,0,0.0,0.0,0.0,0.0,0.5436723649262827,0.5436724,0,0,0.37714416418318025,0.3771442,0,0,0.5319302978367484,0.5319303,0,0,7.771561000000001e-15
basin,p[mach]*0.7106813301301214,3,CONVERGED,CONVERGED,588,588,0.5346036446069252,0.5346036,0.8925962469923752,0.8925962,0,0,0,0,-,-,1021.081158234048,1021.081,0.49074609091396365,0.4907461,54.9166464662664,54.91665,0,0,0,0,0,0,0,0,0,0,0,0,0,0,0,0,0.0,0.0,0.0,0.0,0.5259515758007324,0.5259516,0,0,0.37205775404692465,0.3720578,0,0,0.5272536313672709,0.5272536,0,0,1.376677e-14
basin,p[mach]*0.7462153966366275,3,CONVERGED,CONVERGED,576,576,0.5925956911494299,0.5925957,0.887380284045669,0.8873803,0,0,0,0,-,-,859.349495169046,859.3495,0.5449011888166271,0.5449012,26.302163769397296,26.30216,0,0,0,0,0,0,0,0,0,0,0,0,0,0,0,0,0.0,0.0,0.0,0.0,0.5088846769321689,0.5088847,0,0,0.36542709555587516,0.3654271,0,0,0.5209139984726358,0.520914,0,0,9.992007e-15
basin,p[mach]*0.7835261664684589,3,CONVERGED,CONVERGED,561,561,0.6539061082456789,0.6539061,0.8860330404677441,0.886033,0,0,0,0,-,-,702.9194896033133,702.9195,0.6045463531095059,0.6045464,6.306777144573151,6.306777,0,0,0,0,0,0,0,0,0,0,0,0,0,0,0,0,0.0,0.0,0.0,0.0,0.4925674837117837,0.4925675,0,0,0.3574237425541291,0.3574237,0,0,0.5131721857783197,0.5131722,0,0,7.771561000000001e-15
basin,p[mach]*0.8227024747918819,3,CONVERGED,CONVERGED,549,549,0.7182838697127135,0.7182839,0.8894974334060382,0.8894974,0,0,0,0,-,-,554.8495472123974,554.8495,0.6700648745414842,0.6700649,0.0,0.0,0,0,0,0,0,0,0,0,0,0,0,0,0,0,0,0,0.0,0.0,0.0,0.0,0.4772192627367815,0.4772193,0,0,0.3485757937796055,0.3485758,0,0,0.5044133790665385,0.5044134,0,0,7.549517e-15
basin,p[mach]*0.863837598531476,3,CONVERGED,CONVERGED,495,495,0.7840178978066068,0.7840179,0.897499406864608,0.8974994,0,0,0,0,-,-,411.26286951731333,411.2629,0.7419823105974239,0.7419823,0.0,0.0,0,0,0,0,0,0,0,0,0,0,0,0,0,0,0,0,0.0,0.0,0.0,0.0,0.46261691236916747,0.4626169,0,0,0.3394094244890744,0.3394094,0,0,0.4949221443780706,0.4949221,0,0,6.439294e-15
basin,p[mach]*0.9070294784580498,3,CONVERGED,CONVERGED,470,470,0.8528019008420374,0.8528019,0.9089760938168943,0.9089761,0,0,0,0,-,-,270.7114414997335,270.7114,0.8205550969003246,0.8205551,0.0,0.0,0,0,0,0,0,0,0,0,0,0,0,0,0,0,0,0,0.0,0.0,0.0,0.0,0.4487103015395707,0.4487103,0,0,0.32942576545854796,0.3294258,0,0,0.4844645721078561,0.4844646,0,0,1.354472e-14
basin,p[mach]*0.9523809523809523,3,CONVERGED,CONVERGED,433,433,0.9248332626255383,0.9248333,0.9240090268884933,0.924009,0,0,0,0,-,-,133.54870633569266,133.5487,0.906442657050542,0.9064427,0.0,0.0,0,0,0,0,0,0,0,0,0,0,0,0,0,0,0,0,0.0,0.0,0.0,0.0,0.43572021470139416,0.4357202,0,0,0.3187596665882884,0.3187597,0,0,0.47325650234661,0.4732565,0,0,8.659739999999999e-15
basin,p[mach]*1.05,3,CONVERGED,CONVERGED,321,321,0.960728706824881,0.9607287,0.8913173845832606,0.8913174,0,0,0,0,-,-,48.790164169432046,48.79016,0.9588339300655094,0.9588339,0.0,0.0,0,0,0,0,0,0,0,0,0,0,0,0,0,0,0,0,0.0,0.0,0.0,0.0,0.42615924058535254,0.4261592,0,0,0.3091005683166492,0.3091006,0,0,0.4645960915280008,0.4645961,0,0,7.1054270000000005e-15
basin,p[mach]*1.1025,3,CONVERGED,CONVERGED,358,358,0.9219630027107818,0.921963,0.8398067816634178,0.8398068,0,0,0,0,-,-,97.58032833886404,97.58033,0.91832737607777,0.9183274,0.0,0.0,0,0,0,0,0,0,0,0,0,0,0,0,0,0,0,0,0.0,0.0,0.0,0.0,0.4293364600358341,0.4293365,0,0,0.3105383466667059,0.3105383,0,0,0.467697032156248,0.467697,0,0,7.771561000000001e-15
basin,p[mach]*1.1576250000000001,3,CONVERGED,CONVERGED,417,417,0.883806616690826,0.8838066,0.7880596624799422,0.7880597,0,0,0,0,-,-,146.3704925082961,146.3705,0.8784717178415755,0.8784717,0.0,0.0,0,0,0,0,0,0,0,0,0,0,0,0,0,0,0,0,0.0,0.0,0.0,0.0,0.4326102535738817,0.4326103,0,0,0.31200561115448,0.3120056,0,0,0.47084849150915375,0.4708485,0,0,8.437695e-15
basin,p[mach]*1.2155062500000002,3,CONVERGED,CONVERGED,432,432,0.8463482041679199,0.8463482,0.7360481581800545,0.7360482,0,0,0,0,-,-,195.16065667772818,195.1607,0.8392926567462851,0.8392927,0.0,0.0,0,0,0,0,0,0,0,0,0,0,0,0,0,0,0,0,0.0,0.0,0.0,0.0,0.4359811819814962,0.4359812,0,0,0.3135007761751978,0.3135008,0,0,0.4740320838791492,0.4740321,0,0,8.881784e-15
basin,p[mach]*1.2762815625000004,3,CONVERGED,CONVERGED,444,444,0.8094358665386404,0.8094359,0.683753241855145,0.6837532,0,0,0,0,-,-,243.9508208471603,243.9508,0.8009675139638694,0.8009675,0.0,0.0,0,0,0,0,0,0,0,0,0,0,0,0,0,0,0,0,0.0,0.0,0.0,0.0,0.43944444623928236,0.4394444,0,0,0.3150209450818585,0.3150209,0,0,0.4772487484227063,0.4772487,0,0,1.0436100000000001e-14
basin,p[mach]*1.3400956406250004,3,CONVERGED,CONVERGED,456,456,0.7733196484249337,0.7733196,0.6312273057543505,0.6312273,0,0,0,0,-,-,292.74098501659233,292.741,0.7635902153689709,0.7635902,0.0,0.0,0,0,0,0,0,0,0,0,0,0,0,0,0,0,0,0,0.0,0.0,0.0,0.0,0.4430000442205945,0.443,0,0,0.3165642179685419,0.3165642,0,0,0.4804854540734601,0.4804855,0,0,1.2878590000000001e-14
basin,p[mach]*1.4071004226562505,3,CONVERGED,CONVERGED,466,466,0.7380797757381812,0.7380798,0.5784878391768642,0.5784878,0,0,0,0,-,-,341.5311491860243,341.5311,0.7271601925634531,0.7271602,0.0,0.0,0,0,0,0,0,0,0,0,0,0,0,0,0,0,0,0,0.0,0.0,0.0,0.0,0.44665966214109776,0.4466597,0,0,0.31813517108819983,0.3181352,0,0,0.4837501082150567,0.4837501,0,0,5.77316e-15
basin,p[mach]*1.477455443789063,3,CONVERGED,CONVERGED,475,475,0.7036354344782032,0.7036354,0.5255525086895184,0.5255525,0,0,0,0,-,-,390.32131335545637,390.3213,0.6914476589037744,0.6914477,0.0,0.0,0,0,0,0,0,0,0,0,0,0,0,0,0,0,0,0,0.0,0.0,0.0,0.0,0.4504091396831611,0.4504091,0,0,0.3197265166978506,0.3197265,0,0,0.4870317101911641,0.4870317,0,0,7.993606e-15
basin,p[mach]*1.5513282159785162,3,CONVERGED,CONVERGED,483,483,0.66995835589293,0.6699584,0.4724391088870402,0.4724391,0,0,0,0,-,-,439.6933127296694,439.6933,0.6568375001978107,0.6568375,0.0,0.0,0,0,0,0,0,0,0,0,0,0,0,0,0,0,0,0,0.0,0.0,0.0,0.0,0.4542486923721248,0.4542487,0,0,0.32133621041253085,0.3213362,0,0,0.49029808369480726,0.4902981,0,0,8.659739999999999e-15
basin,p[mach]*1.628894626777442,3,CONVERGED,CONVERGED,524,524,0.6372993587143096,0.6372994,0.4189549254035795,0.4189549,0,0,0,0,-,-,494.42657405194905,494.4266,0.6233889515610512,0.623389,0.0,0.0,0,0,0,0,0,0,0,0,0,0,0,0,0,0,0,0,0.0,0.0,0.0,0.0,0.45817475838574573,0.4581748,0,0,0.32296232212062026,0.3229623,0,0,0.49359471473307304,0.4935947,0,0,7.771561000000001e-15
basin,p[mach]*1.7103393581163142,3,CONVERGED,CONVERGED,534,534,0.6056599660804679,0.60566,0.3652713393817751,0.3652713,0,0,0,0,-,-,550.3064639309606,550.3065,0.5910030184356199,0.591003,0.0,0.0,0,0,0,0,0,0,0,0,0,0,0,0,0,0,0,0,0.0,0.0,0.0,0.0,0.4622035037381148,0.4622035,0,0,0.3246085926981457,0.3246086,0,0,0.49687182763030907,0.4968718,0,0,6.661338e-15
basin,p[mach]*1.79585632602213,3,CONVERGED,CONVERGED,540,540,0.5747357627258532,0.5747358,0.311425911649724,0.3114259,0,0,0,0,-,-,607.2069223523017,607.2069,0.559457542834512,0.5594575,0.0,0.0,0,0,0,0,0,0,0,0,0,0,0,0,0,0,0,0,0.0,0.0,0.0,0.0,0.4663120340768605,0.466312,0,0,0.3262638609865379,0.3262639,0,0,0.5001511995519635,0.5001512,0,0,7.1054270000000005e-15
basin,p[mach]*1.8856491423232367,3,CONVERGED,CONVERGED,545,545,0.5449320751111164,0.5449321,0.2574388450292632,0.2574388,0,0,0,0,-,-,664.9038539181445,664.9039,0.529165400776698,0.5291654,0.0,0.0,0,0,0,0,0,0,0,0,0,0,0,0,0,0,0,0,0.0,0.0,0.0,0.0,0.47050951391907825,0.4705095,0,0,0.3279342647503622,0.3279343,0,0,0.5033920303888095,0.503392,0,0,8.437695e-15
basin,p[mach]*1.9799315994393987,3,CONVERGED,CONVERGED,550,550,0.5162610845096623,0.5162611,0.20330878749195103,0.2033088,0,0,0,0,-,-,723.995436402974,723.9954,0.500147833673015,0.5001478,0.0,0.0,0,0,0,0,0,0,0,0,0,0,0,0,0,0,0,0,0.0,0.0,0.0,0.0,0.47479884071488143,0.4747988,0,0,0.329618271053778,0.3296183,0,0,0.5066543567570436,0.5066544,0,0,7.771561000000001e-15
basin,p[mach]*2.0789281794113688,3,CONVERGED,CONVERGED,554,554,0.4883046140954962,0.4883046,0.14876424353000672,0.1487642,9,9,0,0,-,-,784.4255016728374,784.4255,0.47204415694407376,0.4720442,2.906633393905996,2.906633,0,0,0,0,0,0,0,0,0,0,8,8,0,0,8,8,0.0,0.0,0.0,0.0,0.4791848935005872,0.4791849,0,0,0.33131069999812,0.3313107,0,0,0.5097496656147242,0.5097497,0,0,5.551115e-15
basin,p[mach]*2.182874588381937,3,CONVERGED,CONVERGED,559,559,0.4615262285256472,0.4615262,0.09410611735397921,0.09410612,16,16,0,0,-,-,846.5350915095196,846.5351,0.4450442018906814,0.4450442,8.576366235372406,8.576366,0,0,0,0,0,0,0,0,0,0,15,15,0,0,15,15,0.0,0.0,0.0,0.0,0.4836553929048372,0.4836554,0,0,0.33301210135683784,0.3330121,0,0,0.5127570581408021,0.5127571,0,0,7.327472e-15
basin,p[mach]*2.292018317801034,3,CONVERGED,CONVERGED,565,565,0.4358654067274492,0.4358654,0.039356482762747974,0.03935648,20,20,0,0,-,-,910.5100199206659,910.51,0.4193386671523646,0.4193387,16.27377463169945,16.27377,0,0,0,0,0,0,9,9,0,0,19,19,0,0,19,19,0.0,0.0,0.0,0.0,0.48823170814387395,0.4882317,0,0,0.3347260060454342,0.334726,0,0,0.5158154587265256,0.5158155,0,0,8.21565e-15
basin,p[mach]*2.4066192336910857,3,CONVERGED,CONVERGED,571,571,0.4110872022849253,0.4110872,-0.013299985034377048,-0.01329999,35,35,7,7,6,6,1004.3144876584347,1004.314,0.39450232616558395,0.3945023,29.50458049808068,29.50458,0,0,0,0,0,0,15,15,0,0,33,33,0,0,33,33,0.0033305867386645926,0.003330587,0.0033305867386645926,0.003330587,0.49458412236618354,0.4945841,0,0,0.3371896762646013,0.3371897,0,0,0.5209949855665925,0.520995,0,0,1.132427e-14
basin,p[mach]*2.5269501953756404,3,CONVERGED,CONVERGED,576,576,0.3880594242488342,0.3880594,-0.0478087181587463,-0.04780872,38,38,12,12,1,1,1074.058727379083,1074.059,0.3694686192320982,0.3694686,44.30070814061266,44.30071,0,0,0,0,0,0,20,20,1,1,37,37,1,1,37,37,0.017216991374575934,0.01721699,0.017216991374575934,0.01721699,0.5013990876281083,0.5013991,0,0,0.3394156182280255,0.3394156,0,0,0.523884997568889,0.523885,0,0,1.2878590000000001e-14
basin,p[mach]*2.653297705144422,3,CONVERGED,CONVERGED,582,582,0.3660001130566322,0.3660001,-0.07740177181277726,-0.07740177,50,50,13,13,0,0,1141.2078991535643,1141.208,0.3456979359872151,0.3456979,60.526365521565495,60.52637,0,0,0,0,0,0,26,26,23,23,49,49,13,13,40,40,0.030501993412535337,0.03050199,0.030501993412535337,0.03050199,0.5079683840523003,0.5079684,0,0,0.34151158383669145,0.3415116,0,0,0.5265389637632458,0.526539,0,0,9.769963000000001e-15
basin,p[mach]*2.7859625904016436,3,CONVERGED,CONVERGED,587,587,0.34418110832583093,0.3441811,-0.1143839883888129,-0.114384,56,56,13,13,0,0,1211.602382078726,1211.602,0.32238695376146914,0.322387,79.42921489488027,79.42921,0,0,0,0,0,0,28,28,41,41,55,55,28,28,42,42,0.0447673039932697,0.0447673,0.0447673039932697,0.0447673,0.5148479192811121,0.5148479,0,0,0.3436815392480276,0.3436815,0,0,0.5293577679399151,0.5293578,0,0,1.021405e-14
basin,p[mach]*2.925260719921726,3,CONVERGED,CONVERGED,592,592,0.3203909898907961,0.320391,-0.15717748271009457,-0.1571775,61,61,14,14,0,0,1287.8502475738155,1287.85,0.2951909309914333,0.2951909,101.89709993815964,101.8971,0,0,0,0,0,0,30,30,53,53,60,60,35,35,44,44,0.05974220220156589,0.0597422,0.05974220220156589,0.0597422,0.5221890896020793,0.5221891,0,0,0.3459736079872622,0.3459736,0,0,0.5325100124066766,0.53251,0,0,1.021405e-14
basin,p[mach]*3.0715237559178123,3,CONVERGED,CONVERGED,597,597,0.2959129320930746,0.2959129,-0.20134880993421395,-0.2013488,64,64,14,14,0,0,1366.7626521539923,1366.763,0.27005409472633984,0.2700541,127.19447872881476,127.1945,0,0,0,0,0,0,32,32,61,61,63,63,40,40,46,46,0.07530757161996725,0.07530757,0.07530757161996725,0.07530757,0.5297855226540676,0.5297855,0,0,0.34831070685452703,0.3483107,0,0,0.5358051138032522,0.5358051,0,0,9.547918e-15
basin,p[mach]*3.225099943713703,3,CONVERGED,CONVERGED,603,603,0.2734754463799178,0.2734754,-0.24854247289387793,-0.2485425,67,67,15,15,0,0,1446.5538965694984,1446.554,0.24747588915991023,0.2474759,155.049770298374,155.0498,0,0,0,0,0,0,34,34,66,66,66,66,43,43,48,48,0.09132172415764143,0.09132172,0.09132172415764143,0.09132172,0.5374953993268841,0.5374954,0,0,0.3506559677561921,0.350656,0,0,0.5392101192186787,0.5392101,0,0,8.881784e-15
basin,p[mach]*3.3863549408993885,3,CONVERGED,CONVERGED,608,608,0.25307168037842503,0.2530717,-0.2961417923458929,-0.2961418,70,70,16,16,0,0,1527.7060941427442,1527.706,0.22731443175088076,0.2273144,185.60657579630612,185.6066,0,0,0,0,0,0,36,36,69,69,69,69,45,45,50,50,0.10827238903593947,0.1082724,0.10827238903593947,0.1082724,0.545340746365305,0.5453407,0,0,0.3530033524211671,0.3530034,0,0,0.5427651952244859,0.5427652,0,0,6.8833830000000005e-15
basin,p[mach]*3.555672687944358,3,CONVERGED,CONVERGED,613,613,0.2344981775402306,0.2344982,-0.3441051281194008,-0.3441051,74,74,17,17,0,0,1609.3210637596135,1609.321,0.20964417796052587,0.2096442,218.6018974002638,218.6019,0,0,0,0,0,0,38,38,73,73,73,73,48,48,52,52,0.1254977159376262,0.1254977,0.1254977159376262,0.1254977,0.553239648307221,0.5532396,0,0,0.3553234889346811,0.3553235,0,0,0.5462999551344472,0.5463,0,0,7.771561000000001e-15
basin,p[mach]*3.733456322341576,3,CONVERGED,CONVERGED,618,618,0.21802892146933428,0.2180289,-0.39239480831360407,-0.3923948,77,77,18,18,0,0,1690.499128506827,1690.499,0.193755943396418,0.1937559,253.7644594539865,253.7645,0,0,0,0,0,0,40,40,76,76,76,76,50,50,54,54,0.1433306238243703,0.1433306,0.1433306238243703,0.1433306,0.5611143081031755,0.5611143,0,0,0.35759880948325345,0.3575988,0,0,0.5498170387611824,0.549817,0,0,6.217249e-15
basin,p[mach]*3.920129138458655,3,CONVERGED,CONVERGED,623,623,0.20312829899617657,0.2031283,-0.4410290597714178,-0.4410291,80,80,19,19,0,0,1771.5720964895845,1771.572,0.17987686304596137,0.1798769,291.3375907215885,291.3376,0,0,0,0,0,0,42,42,79,79,79,79,51,51,56,56,0.16141053703901664,0.1614105,0.16141053703901664,0.1614105,0.5690187773635367,0.5690188,0,0,0.35984579088177937,0.3598458,0,0,0.5533433993983015,0.5533434,0,0,5.551115e-15
basin,p[mach]*4.116135595381588,3,CONVERGED,CONVERGED,627,627,0.1898169377786826,0.1898169,-0.4900819390682796,-0.4900819,83,83,20,20,0,0,1851.9774299835785,1851.977,0.16753076630843683,0.1675308,331.04192656591107,331.0419,0,0,0,0,0,0,43,43,82,82,82,82,53,53,58,58,0.18000004246477147,0.18,0.18000004246477147,0.18,0.5769099696632729,0.57691,0,0,0.3620506298032855,0.3620506,0,0,0.5568399499214332,0.5568399,0,0,4.884981e-15
basin,p[mach]*4.321942375150668,3,CONVERGED,CONVERGED,632,632,0.17764353035042382,0.1776435,-0.5392076990653396,-0.5392077,86,86,21,21,0,0,1932.0547030715918,1932.055,0.15649609789521562,0.1564961,373.1613561987901,373.1614,0,0,0,0,2,2,45,45,85,85,85,85,55,55,59,59,0.1986531253938091,0.1986531,0.1986531253938091,0.1986531,0.5848015830749888,0.5848016,0,0,0.3642267026535895,0.3642267,0,0,0.5603446770061774,0.5603447,0,0,6.661338e-15
basin,p[mach]*4.538039493908201,3,CONVERGED,CONVERGED,637,637,0.16667512132414686,0.1666751,-0.5883971387295832,-0.5883971,88,88,22,22,0,0,2011.7454514261017,2011.745,0.1467702436404255,0.1467702,417.65084629017895,417.6508,0,0,0,0,6,6,48,48,87,87,87,87,57,57,61,61,0.21784588895191365,0.2178459,0.21784588895191365,0.2178459,0.5926872269966212,0.5926872,0,0,0.36636463426322835,0.3663646,0,0,0.5638355420515528,0.5638355,0,0,8.881784e-15
basin,p[mach]*4.764941468603611,3,CONVERGED,CONVERGED,641,641,0.15670569840234147,0.1567057,-0.6376443211841558,-0.6376443,91,91,24,24,0,0,2091.158729750259,2091.159,0.13788824177011494,0.1378882,464.94065826259043,464.9407,0,0,0,0,9,9,50,50,90,90,90,90,59,59,63,63,0.23694310154178316,0.2369431,0.23694310154178316,0.2369431,0.6006087049531258,0.6006087,0,0,0.3684769499482283,0.3684769,0,0,0.5673274515396425,0.5673275,0,0,9.325873000000001e-15
basin,p[mach]*5.003188542033792,3,CONVERGED,CONVERGED,646,646,0.1475533358400269,0.1475533,-0.6872723131309384,-0.6872723,94,94,25,25,0,0,2169.722087658244,2169.722,0.13002866324623383,0.1300287,514.6718404027779,514.6718,0,0,0,0,11,11,52,52,93,93,93,93,61,61,64,64,0.25652741615176033,0.2565274,0.25652741615176033,0.2565274,0.6085174477765611,0.6085174,0,0,0.37054853172667673,0.3705485,0,0,0.570834389720523,0.5708344,0,0,7.1054270000000005e-15
basin,p[mach]*5.253347969135482,3,CONVERGED,CONVERGED,675,675,0.1391175220570691,0.1391175,-0.7370423917594604,-0.7370424,96,96,26,26,0,0,2256.3739075234566,2256.374,0.12284140142532703,0.1228414,566.9747805704912,566.9748,0,0,0,0,13,13,54,54,95,95,95,95,62,62,66,66,0.2760671515692034,0.2760672,0.2760671515692034,0.2760672,0.6164197909411983,0.6164198,0,0,0.37257676277392343,0.3725768,0,0,0.574288853845827,0.5742889,0,0,6.8833830000000005e-15
basin,p[mach]*5.5160153675922565,3,CONVERGED,CONVERGED,680,680,0.13134126932953588,0.1313413,-0.7869364834061551,-0.7869365,99,99,27,27,0,0,2352.6424759886117,2352.642,0.11638617180171536,0.1163862,621.4911589840569,621.4912,0,0,0,0,15,15,55,55,98,98,98,98,64,64,68,68,0.2957356309773821,0.2957356,0.2957356309773821,0.2957356,0.6242977670651122,0.6242978,0,0,0.3745602638111586,0.3745603,0,0,0.5777322950368247,0.5777323,0,0,7.549517e-15
basin,p[mach]*5.791816135971869,3,CONVERGED,CONVERGED,684,684,0.12414246487201797,0.1241425,-0.8369380404872886,-0.836938,102,102,29,29,0,0,2449.4771851582996,2449.477,0.11050698951178256,0.110507,678.6369557994258,678.637,0,0,0,0,17,17,57,57,101,101,101,101,66,66,70,70,0.3155984573840376,0.3155985,0.3155984573840376,0.3155985,0.6322134421269012,0.6322134,0,0,0.37651760741548335,0.3765176,0,0,0.5811986552594635,0.5811987,0,0,8.437695e-15
basin,p[mach]*6.081406942770463,3,CONVERGED,CONVERGED,688,688,0.1174571000772079,0.1174571,-0.8870319159079413,-0.8870319,104,104,30,30,0,0,2545.151170491367,2545.151,0.10514079740580132,0.1051408,737.995378451945,737.9954,0,0,0,0,19,19,58,58,103,103,103,103,68,68,71,71,0.3352932756625325,0.3352933,0.3352932756625325,0.3352933,0.6401125126907967,0.6401125,0,0,0.3784236521220611,0.3784237,0,0,0.5846079477752006,0.5846079,0,0,9.547918e-15
basin,p[mach]*6.385477289908986,3,CONVERGED,CONVERGED,691,691,0.11118422558398498,0.1111842,-0.937204251519092,-0.9372043,106,106,31,31,0,0,2641.771498580312,2641.771,0.10027788694095444,0.1002779,799.2888248130657,799.2888,0,0,0,0,22,22,60,60,105,105,105,105,70,70,73,73,0.35525543156611566,0.3552554,0.35525543156611566,0.3552554,0.6479415825479752,0.6479416,0,0,0.3802762514367145,0.3802763,0,0,0.587971423581311,0.5879714,0,0,8.437695e-15
basin,p[mach]*6.704751154404436,3,CONVERGED,CONVERGED,694,694,0.10529762253716199,0.1052976,-0.987442378424851,-0.9874424,109,109,32,32,0,0,2736.834728169401,2736.835,0.09576603088338306,0.09576603,862.8777598390549,862.8778,0,0,0,0,23,23,61,61,108,108,108,108,74,74,75,75,0.3751151607321227,0.3751152,0.3751151607321227,0.3751152,0.6557265849972468,0.6557266,0,0,0.3820863478462272,0.3820863,0,0,0.5913179635279249,0.591318,0,0,1.154632e-14
basin,p[mach]*7.039988712124658,3,CONVERGED,CONVERGED,697,697,0.09979038745427257,0.09979039,-1.037734727315036,-1.037735,111,111,33,33,0,0,2833.1951582030497,2833.195,0.09167676631452608,0.09167677,928.3983395870215,928.3983,0,0,0,0,25,25,62,62,110,110,110,110,81,81,76,76,0.39478726286879984,0.3947873,0.39478726286879984,0.3947873,0.663429155360309,0.6634292,0,0,0.3838498909111862,0.3838499,0,0,0.594627591021258,0.5946276,0,0,8.437695e-15
basin,p[mach]*7.391988147730891,3,CONVERGED,CONVERGED,699,699,0.09464717569432457,0.09464718,-1.0880707473096918,-1.088071,113,113,34,34,0,0,2927.639005366045,2927.639,0.08787238383227158,0.08787238,995.5540730438298,995.5541,0,0,0,0,27,27,69,69,112,112,112,112,84,84,78,78,0.4146938827481777,0.4146939,0.4146938827481777,0.4146939,0.6709802841506011,0.6709803,0,0,0.38555321456485314,0.3855532,0,0,0.5978546878670443,0.5978547,0,0,1.021405e-14
basin,p[mach]*7.761587555117436,3,CONVERGED,CONVERGED,702,702,0.08984844155123167,0.08984844,-1.1384408320623156,-1.138441,115,115,36,36,0,0,3023.5662156714893,3023.566,0.08438461231078302,0.08438461,1064.7159530156005,1064.716,0,0,0,0,30,30,74,74,114,114,114,114,87,87,79,79,0.43434078436590573,0.4343408,0.43434078436590573,0.4343408,0.6784081087980348,0.6784081,0,0,0.38720151740058717,0.3872015,0,0,0.6010034208588879,0.6010034,0,0,9.547918e-15
basin,p[mach]*8.14966693287331,3,CONVERGED,CONVERGED,704,704,0.08537347240113108,0.08537347,-1.1888362520857552,-1.188836,118,118,37,37,0,0,3117.446601730583,3117.447,0.08118147231048987,0.08118147,1135.5114673761009,1135.511,0,0,0,0,31,31,77,77,117,117,117,117,90,90,81,81,0.4537967843340769,0.4537968,0.4537967843340769,0.4537968,0.6857133594161309,0.6857134,0,0,0.38879612812134345,0.3887961,0,0,0.6041128207884484,0.6041128,0,0,8.21565e-15
basin,p[labour.trained]*0.12270440108003683,3,CONVERGED,CONVERGED,586,586,0.1612835499220772,0.1612835,0.8186456666384494,0.8186457,47,47,0,0,-,-,2097.977059285578,2097.977,0.13439878267373218,0.1343988,62.86967053841674,62.86967,0,0,0,0,0,0,11,11,26,26,20,20,26,26,0,0,0.0,0.0,0.0,0.0,0.5448781819712042,0.5448782,0,0,0.40059535730082557,0.4005954,0,0,0.5237411157800886,0.5237411,0,0,9.769963000000001e-15
basin,p[labour.trained]*0.12883962113403868,3,CONVERGED,CONVERGED,584,584,0.16894237773108886,0.1689424,0.8234533459636333,0.8234533,45,45,0,0,-,-,2049.186895116146,2049.187,0.14097788319476853,0.1409779,56.675280225691814,56.67528,0,0,0,0,0,0,9,9,25,25,19,19,25,25,0,0,0.0,0.0,0.0,0.0,0.5424088753167494,0.5424089,0,0,0.39904055677496447,0.3990406,0,0,0.5222682385146872,0.5222682,0,0,9.992007e-15
basin,p[labour.trained]*0.13528160219074062,3,CONVERGED,CONVERGED,581,581,0.17694548573252808,0.1769455,0.8280746759798302,0.8280747,44,44,0,0,-,-,2000.3967309467137,2000.397,0.14787284758400934,0.1478728,50.70542952621576,50.70543,0,0,0,0,0,0,8,8,24,24,19,19,24,24,0,0,0.0,0.0,0.0,0.0,0.5398344204444672,0.5398344,0,0,0.3974341816988057,0.3974342,0,0,0.5207771815270263,0.5207772,0,0,1.44329e-14
basin,p[labour.trained]*0.14204568230027764,3,CONVERGED,CONVERGED,579,579,0.18530654319914586,0.1853065,0.8326728994770846,0.8326729,42,42,0,0,-,-,1951.6065667772818,1951.607,0.15509832043748414,0.1550983,44.99219957138986,44.9922,0,0,0,0,0,0,5,5,23,23,18,18,23,23,0,0,0.0,0.0,0.0,0.0,0.5372949888217664,0.537295,0,0,0.3957082124812973,0.3957082,0,0,0.5192311769928015,0.5192312,0,0,1.332268e-14
basin,p[labour.trained]*0.14914796641529154,3,CONVERGED,CONVERGED,577,577,0.1940395981632219,0.1940396,0.8372555270083356,0.8372555,40,40,0,0,-,-,1902.8164026078498,1902.816,0.16266958765418515,0.1626696,39.49181518717605,39.49182,0,0,0,0,0,0,0,0,22,22,17,17,22,22,0,0,0.0,0.0,0.0,0.0,0.5346253294640734,0.5346253,0,0,0.3940127157893287,0.3940127,0,0,0.5177262024239779,0.5177262,0,0,8.21565e-15
basin,p[labour.trained]*0.15660536473605613,3,CONVERGED,CONVERGED,574,574,0.20315907297936187,0.2031591,0.841823516302004,0.8418235,40,40,0,0,-,-,1854.0262384384175,1854.026,0.17060260271274832,0.1706026,34.2546860138888,34.25469,0,0,0,0,0,0,0,0,22,22,17,17,22,22,0,0,0.0,0.0,0.0,0.0,0.5319387770471385,0.5319388,0,0,0.39210423961303953,0.3921042,0,0,0.5161728782970629,0.5161729,0,0,1.088019e-14
basin,p[labour.trained]*0.16443563297285893,3,CONVERGED,CONVERGED,572,572,0.21267975825329097,0.2126798,0.846370220433862,0.8463702,38,38,0,0,-,-,1805.2360742689857,1805.236,0.17891401409872537,0.178914,29.306281757689977,29.30628,0,0,0,0,0,0,0,0,21,21,16,16,21,21,0,0,0.0,0.0,0.0,0.0,0.5292180491610943,0.529218,0,0,0.39030760579039575,0.3903076,0,0,0.5145850992541094,0.5145851,0,0,9.325873000000001e-15
basin,p[labour.trained]*0.1726574146215019,3,CONVERGED,CONVERGED,569,569,0.22261680502070622,0.2226168,0.8508382258343943,0.8508382,34,34,0,0,-,-,1756.4459100995537,1756.446,0.18762119396911983,0.1876212,24.60868343143916,24.60868,0,0,0,0,0,0,0,0,19,19,14,14,19,19,0,0,0.0,0.0,0.0,0.0,0.5264314435857054,0.5264314,0,0,0.38832413879559957,0.3883241,0,0,0.5130315412511498,0.5130315,0,0,1.021405e-14
basin,p[labour.trained]*0.181290285352577,3,CONVERGED,CONVERGED,567,567,0.2329857150611051,0.2329857,0.8550523975704519,0.8550524,32,32,0,0,-,-,1707.6557459301216,1707.656,0.19674226815190204,0.1967423,20.239330355504368,20.23933,0,0,0,0,0,0,0,0,18,18,13,13,18,18,0,0,0.0,0.0,0.0,0.0,0.5235555189776004,0.5235555,0,0,0.38628087608002326,0.3862809,0,0,0.5113979316919518,0.5113979,0,0,9.769963000000001e-15
basin,p[labour.trained]*0.19035479962020585,3,CONVERGED,CONVERGED,564,564,0.2438023292336075,0.2438023,0.8592417835053892,0.8592418,30,30,0,0,-,-,1658.8655817606893,1658.866,0.20629614759057818,0.2062961,16.117977605509925,16.11798,0,0,0,0,0,0,0,0,17,17,12,12,17,17,0,0,0.0,0.0,0.0,0.0,0.5205997898706185,0.5205998,0,0,0.3841948620847781,0.3841949,0,0,0.5097760788259209,0.5097761,0,0,7.771561000000001e-15
basin,p[labour.trained]*0.19987253960121615,3,CONVERGED,CONVERGED,561,561,0.25508281372529595,0.2550828,0.8633944276097163,0.8633944,27,27,0,0,-,-,1610.0754175912577,1610.075,0.21630256135767995,0.2163026,12.34843396404142,12.34843,0,0,0,0,0,0,0,0,16,16,10,10,16,16,0,0,0.0,0.0,0.0,0.0,0.5176556452196053,0.5176556,0,0,0.3820224768355923,0.3820225,0,0,0.508163827906478,0.5081638,0,0,1.154632e-14
basin,p[labour.trained]*0.20986616658127696,3,CONVERGED,CONVERGED,558,558,0.26684364410765216,0.2668436,0.8675075873009165,0.8675076,25,25,0,0,-,-,1561.2852534218255,1561.285,0.2267820913763591,0.2267821,8.925883176498957,8.925883,0,0,0,0,0,0,0,0,15,15,9,9,15,15,0,0,0.0,0.0,0.0,0.0,0.514641416695699,0.5146414,0,0,0.3798772785007461,0.3798773,0,0,0.5065174823294574,0.5065175,0,0,1.088019e-14
basin,p[labour.trained]*0.22035947491034083,3,CONVERGED,CONVERGED,555,555,0.27910158710338645,0.2791016,0.8715511816926661,0.8715512,21,21,0,0,-,-,1512.4950892523934,1512.495,0.23775620900621178,0.2377562,5.8398850380978065,5.839885,0,0,0,0,0,0,0,0,14,14,6,6,14,14,0,0,0.0,0.0,0.0,0.0,0.5116470235344206,0.511647,0,0,0.37758093117918373,0.3775809,0,0,0.5048970547374807,0.5048971,0,0,1.110223e-14
basin,p[labour.trained]*0.23137744865585788,3,CONVERGED,CONVERGED,553,553,0.29187367997450125,0.2918737,0.8755389054807243,0.8755389,14,14,0,0,-,-,1463.7049250829614,1463.705,0.24924731366811628,0.2492473,3.2283437698867523,3.228344,0,0,0,0,0,0,0,0,13,13,0,0,13,13,0,0,0.0,0.0,0.0,0.0,0.5086023918388762,0.5086024,0,0,0.37536849335471434,0.3753685,0,0,0.5032590136897538,0.503259,0,0,7.993606e-15
basin,p[labour.trained]*0.24294632108865077,3,CONVERGED,CONVERGED,551,551,0.30517720745286947,0.3051772,0.8793588509802048,0.8793589,13,13,0,0,-,-,1414.9147609135293,1414.915,0.2612787737033244,0.2612788,1.1582782780252294,1.158278,0,0,0,0,0,0,0,0,12,12,0,0,12,12,0,0,0.0,0.0,0.0,0.0,0.5056515707837208,0.5056516,0,0,0.3730724012324329,0.3730724,0,0,0.501626499236719,0.5016265,0,0,9.992007e-15
basin,p[labour.trained]*0.2550936371430833,3,CONVERGED,CONVERGED,549,549,0.3190296761470884,0.3190297,0.8830048446353745,0.8830048,11,11,0,0,-,-,1366.1245967440973,1366.125,0.2738749696843758,0.273875,0.0,0.0,0,0,0,0,0,0,0,0,10,10,0,0,10,10,0,0,0.0,0.0,0.0,0.0,0.5026915505605564,0.5026916,0,0,0.37089920013088523,0.3708992,0,0,0.500053056869361,0.5000531,0,0,7.1054270000000005e-15
basin,p[labour.trained]*0.26784831900023753,3,CONVERGED,CONVERGED,546,546,0.33344878637392644,0.3334488,0.8865952437780982,0.8865952,10,10,0,0,-,-,1317.3344325746652,1317.334,0.28706134041967296,0.2870613,0.0,0.0,0,0,0,0,0,0,0,0,9,9,0,0,9,9,0,0,0.0,0.0,0.0,0.0,0.49991388027949124,0.4999139,0,0,0.3688157333771873,0.3688157,0,0,0.4985020460744185,0.498502,0,0,7.1054270000000005e-15
basin,p[labour.trained]*0.28124073495024937,3,CONVERGED,CONVERGED,544,544,0.34845240137938593,0.3484524,0.890125047336124,0.890125,9,9,0,0,-,-,1268.5442684052332,1268.544,0.30086443191979345,0.3008644,0.0,0.0,0,0,0,0,0,0,0,0,8,8,0,0,8,8,0,0,0.0,0.0,0.0,0.0,0.4970813920761099,0.4970814,0,0,0.36663774223228063,0.3666377,0,0,0.49694183979419115,0.4969418,0,0,6.661338e-15
basin,p[labour.trained]*0.29530277169776187,3,CONVERGED,CONVERGED,541,541,0.36405851393326727,0.3640585,0.8935878096682341,0.8935878,8,8,0,0,-,-,1219.7541042358012,1219.754,0.3153119496218727,0.3153119,0.0,0.0,0,0,0,0,0,0,0,0,7,7,0,0,7,7,0,0,0.0,0.0,0.0,0.0,0.49420221122096925,0.4942022,0,0,0.3644996661784179,0.3644997,0,0,0.4954001466014936,0.4954001,0,0,6.661338e-15
basin,p[labour.trained]*0.31006791028264996,3,CONVERGED,CONVERGED,538,538,0.3802852103021145,0.3802852,0.8969737383199538,0.8969737,7,7,0,0,-,-,1170.963940066369,1170.964,0.33043281419865145,0.3304328,0.0,0.0,0,0,0,0,0,0,0,0,6,6,0,0,6,6,0,0,0.0,0.0,0.0,0.0,0.4913140915500121,0.4913141,0,0,0.3622623209776939,0.3622623,0,0,0.49384307356032614,0.4938431,0,0,7.993606e-15
basin,p[labour.trained]*0.3255713057967825,3,CONVERGED,CONVERGED,535,535,0.3971506316285002,0.3971506,0.9002561908970041,0.9002562,6,6,0,0,-,-,1122.173775896937,1122.174,0.3462572213110451,0.3462572,0.0,0.0,0,0,0,0,0,0,0,0,5,5,0,0,5,5,0,0,0.0,0.0,0.0,0.0,0.4883929635837695,0.488393,0,0,0.35999431455554237,0.3599943,0,0,0.49229091925187207,0.4922909,0,0,1.065814e-14
basin,p[labour.trained]*0.3418498710866216,3,CONVERGED,CONVERGED,531,531,0.41467293276963596,0.4146729,0.9034141941343704,0.9034142,5,5,0,0,-,-,1073.383611727505,1073.384,0.36281670569731084,0.3628167,0.0,0.0,0,0,0,0,0,0,0,0,4,4,0,0,4,4,0,0,0.0,0.0,0.0,0.0,0.4854868892621646,0.4854869,0,0,0.3577452330579622,0.3577452,0,0,0.4907488167621583,0.4907488,0,0,6.439294e-15
basin,p[labour.trained]*0.35894236464095275,3,CONVERGED,CONVERGED,492,492,0.43287023867513946,0.4328702,0.9063889429410262,0.9063889,4,4,0,0,-,-,1024.593447558073,1024.593,0.38014421002799337,0.3801442,0.0,0.0,0,0,0,0,0,0,0,0,3,3,0,0,3,3,0,0,0.0,0.0,0.0,0.0,0.48253821857731094,0.4825382,0,0,0.355434342062004,0.3554343,0,0,0.4892276101980328,0.4892276,0,0,5.551115e-15
basin,p[labour.trained]*0.3768894828730004,3,CONVERGED,CONVERGED,488,488,0.4517605984122081,0.4517606,0.9092785491967476,0.9092785,4,4,0,0,-,-,975.8032833886408,975.8033,0.398274158993721,0.3982742,0.0,0.0,0,0,0,0,0,0,0,0,3,3,0,0,3,3,0,0,0.0,0.0,0.0,0.0,0.4796032549128534,0.4796033,0,0,0.3531128127356655,0.3531128,0,0,0.48771035463147405,0.4877104,0,0,6.8833830000000005e-15
basin,p[labour.trained]*0.39573395701665043,3,CONVERGED,CONVERGED,484,484,0.4713619369761987,0.4713619,0.9120842483360037,0.9120842,3,3,0,0,-,-,927.0131192192089,927.0131,0.417242539132493,0.4172425,0.0,0.0,0,0,0,0,0,0,0,0,2,2,0,0,2,2,0,0,0.0,0.0,0.0,0.0,0.4766632815398574,0.4766633,0,0,0.3508047834673343,0.3508048,0,0,0.48618968829081977,0.4861897,0,0,7.1054270000000005e-15
basin,p[labour.trained]*0.41552065486748296,3,CONVERGED,CONVERGED,480,480,0.4916920050553374,0.491692,0.9147974233417975,0.9147974,2,2,0,0,-,-,878.2229550497769,878.223,0.4370869849441653,0.437087,0.0,0.0,0,0,0,0,0,0,0,0,1,1,0,0,1,1,0,0,0.0,0.0,0.0,0.0,0.47366680060384725,0.4736668,0,0,0.3484152888620082,0.3484153,0,0,0.4846854721374926,0.4846855,0,0,7.1054270000000005e-15
basin,p[labour.trained]*0.4362966876108571,3,CONVERGED,CONVERGED,476,476,0.5127683269496193,0.5127683,0.917406251304905,0.9174063,0,0,0,0,-,-,829.4327908803448,829.4328,0.45784687188225315,0.4578469,0.0,0.0,0,0,0,0,0,0,0,0,0,0,0,0,0,0,0,0,0.0,0.0,0.0,0.0,0.4707235948397889,0.4707236,0,0,0.3460320799128409,0.3460321,0,0,0.4831947845253822,0.4831948,0,0,7.549517e-15
basin,p[labour.trained]*0.4581115219914,3,CONVERGED,CONVERGED,472,472,0.5346081468754597,0.5346081,0.9198957386339137,0.9198957,0,0,0,0,-,-,780.6426267109127,780.6426,0.47956341685670484,0.4795634,0.0,0.0,0,0,0,0,0,0,0,0,0,0,0,0,0,0,0,0,0.0,0.0,0.0,0.0,0.46776685726348377,0.4677669,0,0,0.3436808838985918,0.3436809,0,0,0.48171167643821333,0.4817117,0,0,9.103829e-15
basin,p[labour.trained]*0.48101709809097004,3,CONVERGED,CONVERGED,467,467,0.5572283739188274,0.5572284,0.9222783060352152,0.9222783,0,0,0,0,-,-,731.8524625414807,731.8525,0.5022797869257405,0.5022798,0.0,0.0,0,0,0,0,0,0,0,0,0,0,0,0,0,0,0,0,0.0,0.0,0.0,0.0,0.46479424130888425,0.4647942,0,0,0.34129502808262907,0.341295,0,0,0.4802704922356006,0.4802705,0,0,6.217249e-15
basin,p[labour.trained]*0.5050679529955185,3,CONVERGED,CONVERGED,462,462,0.5806455259299154,0.5806455,0.9245476434873718,0.9245476,0,0,0,0,-,-,683.0622983720486,683.0623,0.5260412168999518,0.5260412,0.0,0.0,0,0,0,0,0,0,0,0,0,0,0,0,0,0,0,0,0.0,0.0,0.0,0.0,0.4618698900208031,0.4618699,0,0,0.33891175589930855,0.3389118,0,0,0.4788413139103337,0.4788413,0,0,7.993606e-15
basin,p[labour.trained]*0.5303213506452945,3,CONVERGED,CONVERGED,456,456,0.6048756726812929,0.6048757,0.926634786738259,0.9266348,0,0,0,0,-,-,634.2721342026165,634.2721,0.5508951366273757,0.5508951,0.0,0.0,0,0,0,0,0,0,0,0,0,0,0,0,0,0,0,0,0.0,0.0,0.0,0.0,0.4589342121406312,0.4589342,0,0,0.3365636563070462,0.3365637,0,0,0.47742235155038526,0.4774224,0,0,1.44329e-14
basin,p[labour.trained]*0.5568374181775593,3,CONVERGED,CONVERGED,451,451,0.6299343786383799,0.6299344,0.9286138340870783,0.9286138,0,0,0,0,-,-,585.4819700331844,585.482,0.5768913087739245,0.5768913,0.0,0.0,0,0,0,0,0,0,0,0,0,0,0,0,0,0,0,0,0.0,0.0,0.0,0.0,0.4560138245288027,0.4560138,0,0,0.33419768152070956,0.3341977,0,0,0.4760347027371471,0.4760347,0,0,1.2434500000000001e-14
basin,p[labour.trained]*0.5846792890864372,3,CONVERGED,CONVERGED,445,445,0.6558366457153287,0.6558366,0.930477404852156,0.9304774,0,0,0,0,-,-,536.6918058637525,536.6918,0.6040819779591331,0.604082,0.0,0.0,0,0,0,0,0,0,0,0,0,0,0,0,0,0,0,0,0.0,0.0,0.0,0.0,0.45312433399579943,0.4531243,0,0,0.3318376013027033,0.3318376,0,0,0.47467014222657955,0.4746701,0,0,7.771561000000001e-15
basin,p[labour.trained]*0.6139132535407591,3,CONVERGED,CONVERGED,438,438,0.6825968564104637,0.6825969,0.9322091895809895,0.9322092,0,0,0,0,-,-,487.90164169432046,487.9016,0.6325220321524279,0.632522,0.0,0.0,0,0,0,0,0,0,0,0,0,0,0,0,0,0,0,0,0.0,0.0,0.0,0.0,0.45022747820739806,0.4502275,0,0,0.32950366103586637,0.3295037,0,0,0.47331650521865953,0.4733165,0,0,1.088019e-14
basin,p[labour.trained]*0.6446089162177971,3,CONVERGED,CONVERGED,433,433,0.710228717732657,0.7102287,0.9338230898490004,0.9338231,0,0,0,0,-,-,439.1114775248883,439.1115,0.6622691772798299,0.6622692,0.0,0.0,0,0,0,0,0,0,0,0,0,0,0,0,0,0,0,0,0.0,0.0,0.0,0.0,0.4473664884325718,0.4473665,0,0,0.32717384472627203,0.3271738,0,0,0.471996027826347,0.471996,0,0,9.325873000000001e-15
basin,p[labour.trained]*0.676839362028687,3,CONVERGED,CONVERGED,427,427,0.7387452063429103,0.7387452,0.9353155467019103,0.9353155,0,0,0,0,-,-,390.3213133554563,390.3213,0.6933841260349811,0.6933841,0.0,0.0,0,0,0,0,0,0,0,0,0,0,0,0,0,0,0,0,0.0,0.0,0.0,0.0,0.44453032270906045,0.4445303,0,0,0.3248598567417789,0.3248599,0,0,0.470710905591893,0.4707109,0,0,7.1054270000000005e-15
basin,p[labour.trained]*0.7106813301301214,3,CONVERGED,CONVERGED,419,419,0.7681585153434539,0.7681585,0.936684818819583,0.9366848,0,0,0,0,-,-,341.5311491860243,341.5311,0.7259308019315001,0.7259308,0.0,0.0,0,0,0,0,0,0,0,0,0,0,0,0,0,0,0,0,0.0,0.0,0.0,0.0,0.44171641314339105,0.4417164,0,0,0.3226017143351161,0.3226017,0,0,0.4694499526964595,0.46945,0,0,7.993606e-15
basin,p[labour.trained]*0.7462153966366275,3,CONVERGED,CONVERGED,373,373,0.7984800031494105,0.79848,0.9379286481752075,0.9379286,0,0,0,0,-,-,292.7409850165922,292.741,0.7599765596758556,0.7599766,0.0,0.0,0,0,0,0,0,0,0,0,0,0,0,0,0,0,0,0,0.0,0.0,0.0,0.0,0.43894369627488244,0.4389437,0,0,0.3203535802520539,0.3203536,0,0,0.4682162862430313,0.4682163,0,0,8.659739999999999e-15
basin,p[labour.trained]*0.7835261664684589,3,CONVERGED,CONVERGED,363,363,0.8297201448752017,0.8297201,0.9390380138264617,0.939038,0,0,0,0,-,-,243.95082084716023,243.9508,0.7955924229811536,0.7955924,0.0,0.0,0,0,0,0,0,0,0,0,0,0,0,0,0,0,0,0,0.0,0.0,0.0,0.0,0.4361983712818585,0.4361984,0,0,0.31813238433060775,0.3181324,0,0,0.46701861769138314,0.4670186,0,0,9.103829e-15
basin,p[labour.trained]*0.8227024747918819,3,CONVERGED,CONVERGED,349,349,0.8618884866591153,0.8618885,0.9400117951959055,0.9400118,0,0,0,0,-,-,195.16065667772816,195.1607,0.8328533409825444,0.8328533,0.0,0.0,0,0,0,0,0,0,0,0,0,0,0,0,0,0,0,0,0.0,0.0,0.0,0.0,0.4334862631818391,0.4334863,0,0,0.3159615636389858,0.3159616,0,0,0.4658502137706715,0.4658502,0,0,1.088019e-14
basin,p[labour.trained]*0.863837598531476,3,CONVERGED,CONVERGED,332,332,0.894993603334667,0.8949936,0.9408481205758922,0.9408481,0,0,0,0,-,-,146.37049250829594,146.3705,0.8718384644544692,0.8718385,0.0,0.0,0,0,0,0,0,0,0,0,0,0,0,0,0,0,0,0,0.0,0.0,0.0,0.0,0.4308229054626809,0.4308229,0,0,0.31382636387904694,0.3138264,0,0,0.4647177865528803,0.4647178,0,0,7.327472e-15
basin,p[labour.trained]*0.9070294784580498,3,CONVERGED,CONVERGED,312,312,0.9290430598366062,0.9290431,0.9415515130806912,0.9415515,0,0,0,0,-,-,97.58032833886408,97.58033,0.9126314430689355,0.9126314,0.0,0.0,0,0,0,0,0,0,0,0,0,0,0,0,0,0,0,0,0.0,0.0,0.0,0.0,0.4281955906687679,0.4281956,0,0,0.31173209676463043,0.3117321,0,0,0.46362244963407057,0.4636224,0,0,7.327472e-15
basin,p[labour.trained]*0.9523809523809523,3,CONVERGED,CONVERGED,237,237,0.9640433767026922,0.9640434,0.9421278091277545,0.9421278,0,0,0,0,-,-,48.79016416943205,48.79016,0.9553207449726919,0.9553207,0.0,0.0,0,0,0,0,0,0,0,0,0,0,0,0,0,0,0,0,0.0,0.0,0.0,0.0,0.4256114985825781,0.4256115,0,0,0.30968643207680413,0.3096864,0,0,0.4625613417050318,0.4625613,0,0,1.065814e-14
basin,p[labour.trained]*1.05,3,CONVERGED,CONVERGED,233,233,0.9904822473119824,0.9904822,0.939391160819514,0.9393912,0,0,0,0,-,-,48.790164169432046,48.79016,0.990398668850897,0.9903987,0.0,0.0,0,0,0,0,0,0,0,0,0,0,0,0,0,0,0,0,0.0,0.0,0.0,0.0,0.4241630921685101,0.4241631,0,0,0.3190514695282653,0.3190515,0,0,0.46227435510281356,0.4622744,0,0,1.021405e-14
basin,p[labour.trained]*1.1025,3,CONVERGED,CONVERGED,272,272,0.9806684315100529,0.9806684,0.9360695522679602,0.9360696,0,0,0,0,-,-,97.58032833886404,97.58033,0.9805137200820135,0.9805137,0.0,0.0,0,0,0,0,0,0,0,0,0,0,0,0,0,0,0,0,0.0,0.0,0.0,0.0,0.42529065637336694,0.4252907,0,0,0.3307072094212736,0.3307072,0,0,0.4630383637805194,0.4630384,0,0,7.1054270000000005e-15
basin,p[labour.trained]*1.1576250000000001,3,CONVERGED,CONVERGED,331,331,0.9705553045637404,0.9705553,0.9326057547024822,0.9326058,0,0,0,0,-,-,146.3704925082961,146.3705,0.9703446859336452,0.9703447,0.0,0.0,0,0,0,0,0,0,0,0,0,0,0,0,0,0,0,0,0.0,0.0,0.0,0.0,0.42646065718530946,0.4264607,0,0,0.3426601706224382,0.3426602,0,0,0.4638316200022085,0.4638316,0,0,7.993606e-15
basin,p[labour.trained]*1.2155062500000002,3,CONVERGED,CONVERGED,344,344,0.9601457325883362,0.9601457,0.9289955028758494,0.9289955,0,0,0,0,-,-,195.16065667772818,195.1607,0.9598917666611306,0.9598918,0.0,0.0,0,0,0,0,0,0,0,0,0,0,0,0,0,0,0,0,0.0,0.0,0.0,0.0,0.4276739238772748,0.4276739,0,0,0.3549106439648684,0.3549106,0,0,0.46465441313343964,0.4646544,0,0,7.993606e-15
basin,p[labour.trained]*1.2762815625000004,3,CONVERGED,CONVERGED,358,358,0.9494329676281592,0.949433,0.9252345437983297,0.9252345,0,0,0,0,-,-,243.9508208471603,243.9508,0.9491558680673082,0.9491559,0.0,0.0,0,0,0,0,0,0,0,0,0,0,0,0,0,0,0,0,0.0,0.0,0.0,0.0,0.4289329348300322,0.4289329,0,0,0.36745856648195574,0.3674586,0,0,0.4655070285492996,0.465507,0,0,9.547918e-15
basin,p[labour.trained]*1.3400956406250004,3,CONVERGED,CONVERGED,369,369,0.9384109501072502,0.938411,0.9213186533321646,0.9213187,0,0,0,0,-,-,292.74098501659233,292.741,0.938138637057091,0.9381386,0.0,0.0,0,0,0,0,0,0,0,0,0,0,0,0,0,0,0,0,0.0,0.0,0.0,0.0,0.4302372840525795,0.4302373,0,0,0.38030352170669457,0.3803035,0,0,0.4663896831959871,0.4663897,0,0,7.327472e-15
basin,p[labour.trained]*1.4071004226562505,3,CONVERGED,CONVERGED,379,379,0.9270930198348614,0.927093,0.9172436543329888,0.9172437,0,0,0,0,-,-,341.5311491860243,341.5311,0.9268424947383574,0.9268425,0.0,0.0,0,0,0,0,0,0,0,0,0,0,0,0,0,0,0,0,0.0,0.0,0.0,0.0,0.4315871935184033,0.4315872,0,0,0.39344474164902465,0.3934447,0,0,0.46730419990904104,0.4673042,0,0,1.021405e-14
basin,p[labour.trained]*1.477455443789063,3,CONVERGED,CONVERGED,387,387,0.9154846039027829,0.9154846,0.9130054363857618,0.9130054,0,0,0,0,-,-,390.32131335545637,390.3213,0.9152706665814713,0.9152707,0.0,0.0,0,0,0,0,0,0,0,0,0,0,0,0,0,0,0,0,0.0,0.0,0.0,0.0,0.4329823918906591,0.4329824,0,0,0.4068811104312844,0.4068811,0,0,0.4682500409727149,0.46825,0,0,8.437695e-15
basin,p[labour.trained]*1.5513282159785162,3,CONVERGED,CONVERGED,431,431,0.9035942179943549,0.9035942,0.9085999771722878,0.9086,0,0,0,0,-,-,439.1114775248884,439.1115,0.9034272091444052,0.9034272,0.0,0.0,0,0,0,0,0,0,0,0,0,0,0,0,0,0,0,0,0.0,0.0,0.0,0.0,0.4344234638037271,0.4344235,0,0,0.42061116954531164,0.4206112,0,0,0.4692261715623928,0.4692262,0,0,7.771561000000001e-15
basin,p[labour.trained]*1.628894626777442,3,CONVERGED,CONVERGED,437,437,0.8914273946258832,0.8914274,0.9040171122083344,0.9040171,0,0,0,0,-,-,487.90164169432023,487.9016,0.8913170328724573,0.891317,0.0,0.0,0,0,0,0,0,0,0,0,0,0,0,0,0,0,0,0,0.0,0.0,0.0,0.0,0.4359128047957888,0.4359128,0,0,0.434633124678804,0.4346331,0,0,0.47023589437894003,0.4702359,0,0,5.995204e-15
basin,p[labour.trained]*1.7103393581163142,3,CONVERGED,CONVERGED,442,442,0.878993112768825,0.8789931,0.8992401596424131,0.8992402,0,0,0,0,-,-,536.6918058637524,536.6918,0.8789459204916588,0.8789459,0.0,0.0,0,0,0,0,0,0,0,0,0,0,0,0,0,0,0,0,0.0,0.0,0.0,0.0,0.43744775368191147,0.4374478,0,0,0.44894485404351947,0.4489449,0,0,0.4712782654725911,0.4712783,0,0,1.021405e-14
basin,p[labour.trained]*1.79585632602213,3,CONVERGED,CONVERGED,447,447,0.8663014699647308,0.8663015,0.8942780857855994,0.8942781,0,0,0,0,-,-,585.4819700331847,585.482,0.8663205405337462,0.8663205,0.0,0.0,0,0,0,0,0,0,0,0,0,0,0,0,0,0,0,0,0.0,0.0,0.0,0.0,0.4390271343997479,0.4390271,0,0,0.4635439181239963,0.4635439,0,0,0.4723519948018312,0.472352,0,0,9.103829e-15
basin,p[labour.trained]*1.8856491423232367,3,CONVERGED,CONVERGED,452,452,0.8533488780776358,0.8533489,0.8891268254382387,0.8891268,0,0,0,0,-,-,634.2721342026166,634.2721,0.853448455558499,0.8534485,0.0,0.0,0,0,0,0,0,0,0,0,0,0,0,0,0,0,0,0,0.0,0.0,0.0,0.0,0.44065297323750724,0.440653,0,0,0.47842757075292297,0.4784276,0,0,0.473459018135446,0.473459,0,0,7.327472e-15
basin,p[labour.trained]*1.9799315994393987,3,CONVERGED,CONVERGED,457,457,0.8400930558315494,0.8400931,0.8837824907959643,0.8837825,0,0,0,0,-,-,683.0622983720486,683.0623,0.8403381246765623,0.8403381,0.0,0.0,0,0,0,0,0,0,0,0,0,0,0,0,0,0,0,0,0.0,0.0,0.0,0.0,0.4423337511821939,0.4423338,0,0,0.49359277140826335,0.4935928,0,0,0.4745980044852589,0.474598,0,0,1.0436100000000001e-14
basin,p[labour.trained]*2.0789281794113688,3,CONVERGED,CONVERGED,462,462,0.8266035857078076,0.8266036,0.8782414012046842,0.8782414,0,0,0,0,-,-,731.8524625414807,731.8525,0.8269989000226732,0.8269989,0.0,0.0,0,0,0,0,0,0,0,0,0,0,0,0,0,0,0,0,0.0,0.0,0.0,0.0,0.4440606627104428,0.4440607,0,0,0.5090361986178922,0.5090362,0,0,0.47576836209521656,0.4757684,0,0,1.2878590000000001e-14
basin,p[labour.trained]*2.182874588381937,3,CONVERGED,CONVERGED,467,467,0.8128980985520347,0.8128981,0.8724997756874733,0.8724998,0,0,0,0,-,-,780.6426267109126,780.6426,0.8134410168852731,0.813441,0.0,0.0,0,0,0,0,0,0,0,0,0,0,0,0,0,0,0,0,0.0,0.0,0.0,0.0,0.445829691362726,0.4458297,0,0,0.5247542643499155,0.5247543,0,0,0.47697309197013266,0.4769731,0,0,8.437695e-15
basin,p[labour.trained]*2.292018317801034,3,CONVERGED,CONVERGED,472,472,0.7989647801876714,0.7989648,0.8665503909066201,0.8665504,0,0,0,0,-,-,829.4327908803447,829.4328,0.7996755772634345,0.7996756,0.0,0.0,0,0,0,0,0,0,0,0,0,0,0,0,0,0,0,0,0.0,0.0,0.0,0.0,0.44765305988967463,0.4476531,0,0,0.5407431292611118,0.5407431,0,0,0.4782078276328914,0.4782078,0,0,8.21565e-15
basin,p[labour.trained]*2.4066192336910857,3,CONVERGED,CONVERGED,477,477,0.784850071726311,0.7848501,0.8603939854051886,0.860394,0,0,0,0,-,-,878.2229550497767,878.223,0.7857145266951105,0.7857145,0.0,0.0,0,0,0,0,0,0,0,0,0,0,0,0,0,0,0,0,0.0,0.0,0.0,0.0,0.449516912,0.4495169,0,0,0.556998718672041,0.5569987,0,0,0.47948036868415284,0.4794804,0,0,9.547918e-15
basin,p[labour.trained]*2.5269501953756404,3,CONVERGED,CONVERGED,481,481,0.7705816354187578,0.7705816,0.8540280241625741,0.854028,0,0,0,0,-,-,927.0131192192089,927.0131,0.7715706242810123,0.7715706,0.0,0.0,0,0,0,0,0,0,0,0,0,0,0,0,0,0,0,0,0.0,0.0,0.0,0.0,0.45141708856280205,0.4514171,0,0,0.5735167391353251,0.5735167,0,0,0.4807845939811566,0.4807846,0,0,8.437695e-15
basin,p[labour.trained]*2.653297705144422,3,CONVERGED,CONVERGED,485,485,0.7560436155161381,0.7560436,0.8474503637853543,0.8474504,0,0,0,0,-,-,975.8032833886408,975.8033,0.7572574059146746,0.7572574,0.0,0.0,0,0,0,0,0,0,0,0,0,0,0,0,0,0,0,0,0.0,0.0,0.0,0.0,0.45337737413728013,0.4533774,0,0,0.5902926954633464,0.5902927,0,0,0.4821172917670228,0.4821173,0,0,8.437695e-15
basin,p[labour.trained]*2.7859625904016436,3,CONVERGED,CONVERGED,489,489,0.7412870083163356,0.741287,0.8406592926521599,0.8406593,0,0,0,0,-,-,1024.593447558073,1024.593,0.7427891408200321,0.7427891,0.0,0.0,0,0,0,0,0,0,0,0,0,0,0,0,0,0,0,0,0.0,0.0,0.0,0.0,0.4553879213044396,0.4553879,0,0,0.6073219080830445,0.6073219,0,0,0.4834876857242071,0.4834877,0,0,4.218847e-15
basin,p[labour.trained]*2.925260719921726,3,CONVERGED,CONVERGED,493,493,0.7263993199056561,0.7263993,0.8336535717939176,0.8336536,0,0,0,0,-,-,1073.383611727505,1073.384,0.7281807815914138,0.7281808,0.0,0.0,0,0,0,0,0,0,0,0,0,0,0,0,0,0,0,0,0.0,0.0,0.0,0.0,0.4574459818251484,0.457446,0,0,0.6245995305885145,0.6245995,0,0,0.48488587778154546,0.4848859,0,0,7.327472e-15
basin,p[labour.trained]*3.0715237559178123,3,CONVERGED,CONVERGED,496,496,0.7114029134205285,0.7114029,0.8264324761685817,0.8264325,0,0,0,0,-,-,1122.173775896937,1122.174,0.7134479080254019,0.7134479,0.0,0.0,0,0,0,0,0,0,0,0,0,0,0,0,0,0,0,0,0.0,0.0,0.0,0.0,0.4595381715499991,0.4595382,0,0,0.64212056736657,0.6421206,0,0,0.48631363127276034,0.4863136,0,0,6.8833830000000005e-15
basin,p[labour.trained]*3.225099943713703,3,CONVERGED,CONVERGED,500,500,0.6963285242906164,0.6963285,0.8189958359367008,0.8189958,0,0,0,0,-,-,1170.9639400663689,1170.964,0.698606665127501,0.6986067,0.0,0.0,0,0,0,0,0,0,0,0,0,0,0,0,0,0,0,0,0.0,0.0,0.0,0.0,0.46166687547319996,0.4616669,0,0,0.6598798911761765,0.6598799,0,0,0.4877759077009763,0.4877759,0,0,7.327472e-15
basin,p[labour.trained]*3.3863549408993885,3,CONVERGED,CONVERGED,539,539,0.6810812947112234,0.6810813,0.8113440772906547,0.8113441,0,0,0,0,-,-,1219.7541042358012,1219.754,0.683673695766978,0.6836737,0.0,0.0,0,0,0,0,0,0,0,0,0,0,0,0,0,0,0,0,0.0,0.0,0.0,0.0,0.46395962865820506,0.4639596,0,0,0.6778722605695071,0.6778723,0,0,0.48927038084505886,0.4892704,0,0,6.8833830000000005e-15
basin,p[labour.trained]*3.555672687944358,3,CONVERGED,CONVERGED,543,543,0.6656870138799742,0.665687,0.803378104988319,0.8033781,0,0,0,0,-,-,1268.5442684052332,1268.544,0.6686660685384459,0.6686661,0.0,0.0,0,0,0,0,0,0,0,0,0,0,0,0,0,0,0,0,0.0,0.0,0.0,0.0,0.4664437539318984,0.4664438,0,0,0.6960923370501477,0.6960923,0,0,0.49078749118203624,0.4907875,0,0,7.1054270000000005e-15
basin,p[labour.trained]*3.733456322341576,3,CONVERGED,CONVERGED,547,547,0.6502742399807586,0.6502742,0.7951564074852294,0.7951564,0,0,0,0,-,-,1317.3344325746655,1317.334,0.6536012014667851,0.6536012,0.0,0.0,0,0,0,0,0,0,0,0,0,0,0,0,0,0,0,0,0.0,0.0,0.0,0.0,0.46899998410400934,0.469,0,0,0.7145347018724956,0.7145347,0,0,0.49233478393979574,0.4923348,0,0,7.771561000000001e-15
basin,p[labour.trained]*3.920129138458655,3,CONVERGED,CONVERGED,550,550,0.6348364153559619,0.6348364,0.786693049037411,0.786693,0,0,0,0,-,-,1366.1245967440973,1366.125,0.6384967822608854,0.6384968,0.0,0.0,0,0,0,0,0,0,0,0,0,0,0,0,0,0,0,0,0.0,0.0,0.0,0.0,0.47163066202227183,0.4716307,0,0,0.733193872395455,0.7331939,0,0,0.49389730842664553,0.4938973,0,0,7.1054270000000005e-15
basin,p[labour.trained]*4.116135595381588,3,CONVERGED,CONVERGED,552,552,0.6194318113545079,0.6194318,0.7780006992588082,0.7780007,0,0,0,0,-,-,1414.9147609135296,1414.915,0.6233706858797581,0.6233707,0.0,0.0,0,0,0,0,0,0,0,0,0,0,0,0,0,0,0,0,0.0,0.0,0.0,0.0,0.47431785252889724,0.4743179,0,0,0.7520643179129853,0.7520643,0,0,0.49549923120533923,0.4954992,0,0,1.088019e-14
basin,p[labour.trained]*4.321942375150668,3,CONVERGED,CONVERGED,555,555,0.6038966380047391,0.6038966,0.7690823509637181,0.7690824,0,0,0,0,-,-,1463.7049250829614,1463.705,0.6082408902202895,0.6082409,0.0,0.0,0,0,0,0,0,0,0,0,0,0,0,0,0,0,0,0,0.0,0.0,0.0,0.0,0.477099176954046,0.4770992,0,0,0.7711404748936919,0.7711405,0,0,0.49712051000638285,0.4971205,0,0,6.8833830000000005e-15
basin,p[labour.trained]*4.538039493908201,3,CONVERGED,CONVERGED,557,557,0.5883562612626504,0.5883563,0.7599416204863585,0.7599416,0,0,0,0,-,-,1512.4950892523934,1512.495,0.5931253907681383,0.5931254,1.1478175009090201,1.147818,0,0,0,0,0,0,0,0,0,0,0,0,0,0,0,0,0.0,0.0,0.0,0.0,0.47996905048381167,0.4799691,0,0,0.7904167615713521,0.7904168,0,0,0.4987729359305302,0.4987729,0,0,9.547918e-15
basin,p[labour.trained]*4.764941468603611,3,CONVERGED,CONVERGED,560,560,0.572900956298446,0.572901,0.7505829913124831,0.750583,0,0,0,0,-,-,1561.2852534218255,1561.285,0.5780421150711691,0.5780421,3.339147580597107,3.339148,0,0,0,0,0,0,0,0,0,0,0,0,0,0,0,0,0.0,0.0,0.0,0.0,0.4829193903750517,0.4829194,0,0,0.8098875918378481,0.8098876,0,0,0.5004745523483155,0.5004746,0,0,6.661338e-15
basin,p[labour.trained]*5.003188542033792,3,CONVERGED,CONVERGED,562,562,0.5575684791429784,0.5575685,0.7410118435480488,0.7410118,0,0,0,0,-,-,1610.0754175912575,1610.075,0.5630088378978748,0.5630088,6.197057409780788,6.197057,0,0,0,0,0,0,0,0,0,0,0,0,0,0,0,0,0.0,0.0,0.0,0.0,0.4859450802050188,0.4859451,0,0,0.8295473883993453,0.8295474,0,0,0.5022248992340221,0.5022249,0,0,7.771561000000001e-15
basin,p[labour.trained]*5.253347969135482,3,CONVERGED,CONVERGED,565,565,0.5420987971999288,0.5420988,0.7312344777404058,0.7312345,0,0,0,0,-,-,1658.8655817606893,1658.866,0.5480430979314116,0.5480431,9.653114593022703,9.653115,0,0,0,0,0,0,0,0,0,0,0,0,0,0,0,0,0.0,0.0,0.0,0.0,0.4890756268644443,0.4890756,0,0,0.8493905951655691,0.8493906,0,0,0.5039975119215507,0.5039975,0,0,7.549517e-15
basin,p[labour.trained]*5.5160153675922565,3,CONVERGED,CONVERGED,568,568,0.5267951308149108,0.5267951,0.721255155011955,0.7212552,0,0,0,0,-,-,1707.6557459301216,1707.656,0.5331621168234627,0.5331621,13.685999544944588,13.686,0,0,0,0,0,0,0,0,0,0,0,0,0,0,0,0,0.0,0.0,0.0,0.0,0.49228678899521106,0.4922868,0,0,0.8694116888506179,0.8694117,0,0,0.5058028883863013,0.5058029,0,0,8.21565e-15
basin,p[labour.trained]*5.791816135971869,3,CONVERGED,CONVERGED,572,572,0.5116574763916092,0.5116575,0.7109162562259415,0.7109163,0,0,0,0,-,-,1756.4459100995534,1756.446,0.5183827213918308,0.5183827,18.20622499532531,18.20622,0,0,0,0,0,0,0,0,0,0,0,0,0,0,0,0,0.0,0.0,0.0,0.0,0.49558826614707774,0.4955883,0,0,0.8896051897718106,0.8896052,0,0,0.5076216906257373,0.5076217,0,0,8.437695e-15
basin,p[labour.trained]*6.081406942770463,3,CONVERGED,CONVERGED,575,575,0.4966155036898431,0.4966155,0.7002498278056587,0.7002498,5,5,0,0,-,-,1805.2360742689857,1805.236,0.5037212696925102,0.5037213,23.27089208313179,23.27089,0,0,0,0,0,0,0,0,0,0,5,5,0,0,0,0,0.0,0.0,0.0,0.0,0.4989851226082409,0.4989851,0,0,0.9099656718405702,0.9099657,0,0,0.5094334237698007,0.5094334,0,0,1.154632e-14
basin,p[labour.trained]*6.385477289908986,3,CONVERGED,CONVERGED,578,578,0.48167891207054914,0.4816789,0.6893790748492091,0.6893791,13,13,0,0,-,-,1854.0262384384177,1854.026,0.48919358163235194,0.4891936,28.81013235605056,28.81013,0,0,0,0,0,0,0,0,1,1,11,11,1,1,0,0,0.0,0.0,0.0,0.0,0.5024518598047792,0.5024519,0,0,0.9304877717462086,0.9304878,0,0,0.5112623587082316,0.5112624,0,0,9.769963000000001e-15
basin,p[labour.trained]*6.704751154404436,3,CONVERGED,CONVERGED,581,581,0.46691378872131295,0.4669138,0.6783150332373912,0.678315,17,17,0,0,-,-,1902.8164026078498,1902.816,0.47481487471394646,0.4748149,34.97426268591684,34.97426,0,0,0,0,0,0,0,0,1,1,15,15,1,1,0,0,0.0,0.0,0.0,0.0,0.5060314292063136,0.5060314,0,0,0.9511661973397164,0.9511662,0,0,0.5131190607693694,0.5131191,0,0,1.398881e-14
basin,p[labour.trained]*7.039988712124658,3,CONVERGED,CONVERGED,584,584,0.4523025376642278,0.4523025,0.6670689739242363,0.667069,22,22,0,0,-,-,1951.6065667772816,1951.607,0.46059970542184603,0.4605997,41.638338760693614,41.63834,0,0,0,0,0,0,0,0,3,3,18,18,3,3,0,0,0.0,0.0,0.0,0.0,0.509701996293717,0.509702,0,0,0.9719957352302235,0.9719957,0,0,0.5149708333199872,0.5149708,0,0,9.103829e-15
basin,p[labour.trained]*7.391988147730891,3,CONVERGED,CONVERGED,586,586,0.43752426137330114,0.4375243,0.6556481256787927,0.6556481,27,27,0,0,-,-,2000.3967309467137,2000.397,0.4465619166707274,0.4465619,48.7556729517447,48.75567,0,0,0,0,0,0,0,0,6,6,20,20,6,6,0,0,0.0,0.0,0.0,0.0,0.5134265360424491,0.5134265,0,0,0.9929712576116984,0.9929713,0,0,0.5168434412249562,0.5168434,0,0,8.881784e-15
basin,p[labour.trained]*7.761587555117436,3,CONVERGED,CONVERGED,589,589,0.422938096401085,0.4229381,0.6440163254228435,0.6440163,30,30,0,0,-,-,2049.186895116146,2049.187,0.43271459164361065,0.4327146,56.535472084071294,56.53547,0,0,0,0,0,0,8,8,7,7,22,22,7,7,0,0,0.0,0.0,0.0,0.0,0.5172738085765656,0.5172738,0,0,1.0,1.0,1,1,0.5187240319186244,0.518724,0,0,1.2434500000000001e-14
basin,p[labour.trained]*8.14966693287331,3,CONVERGED,CONVERGED,592,592,0.4083322824654929,0.4083323,0.6322233017600094,0.6322233,33,33,0,0,-,-,2097.977059285578,2097.977,0.41907001425388785,0.41907,64.7444886622133,64.74449,0,0,0,0,0,0,14,14,9,9,23,23,9,9,0,0,0.0,0.0,0.0,0.0,0.5211855038677236,0.5211855,0,0,1.0,1.0,1,1,0.5205859336854557,0.5205859,0,0,1.065814e-14
basin,p[labour.master]*0.12270440108003683,3,CONVERGED,CONVERGED,535,535,0.18493464911128513,0.1849346,0.843681785121751,0.8436818,24,24,0,0,-,-,2097.977059285578,2097.977,0.14114740889360217,0.1411474,5.323295469281598,5.323295,0,0,0,0,0,0,0,0,0,0,23,23,0,0,23,23,0.0,0.0,0.0,0.0,0.4760577665118717,0.4760578,0,0,0.33349025196197124,0.3334903,0,0,0.5860040850716557,0.5860041,0,0,1.132427e-14
basin,p[labour.master]*0.12883962113403868,3,CONVERGED,CONVERGED,533,533,0.1934020124331799,0.193402,0.8457220760911298,0.8457221,23,23,0,0,-,-,2049.186895116146,2049.187,0.14793018172681652,0.1479302,3.5804142602925797,3.580414,0,0,0,0,0,0,0,0,0,0,22,22,0,0,22,22,0.0,0.0,0.0,0.0,0.4744488261989889,0.4744488,0,0,0.33278015780002196,0.3327802,0,0,0.5832140854491404,0.5832141,0,0,1.065814e-14
basin,p[labour.master]*0.13528160219074062,3,CONVERGED,CONVERGED,531,531,0.20222208673663186,0.2022221,0.8480429979476943,0.848043,22,22,0,0,-,-,2000.3967309467137,2000.397,0.15502810477752027,0.1550281,2.0581935713527884,2.058194,0,0,0,0,0,0,0,0,0,0,21,21,0,0,21,21,0.0,0.0,0.0,0.0,0.4728259724939189,0.472826,0,0,0.3320631889703421,0.3320632,0,0,0.5804325592876983,0.5804326,0,0,8.881784e-15
basin,p[labour.master]*0.14204568230027764,3,CONVERGED,CONVERGED,529,529,0.21140652401127,0.2114065,0.850329172956096,0.8503292,21,21,0,0,-,-,1951.6065667772818,1951.607,0.162455037433835,0.162455,0.8174235737695715,0.8174236,0,0,0,0,0,0,0,0,0,0,20,20,0,0,20,20,0.0,0.0,0.0,0.0,0.4712320206297126,0.471232,0,0,0.3313692141535181,0.3313692,0,0,0.5775846973675457,0.5775847,0,0,1.132427e-14
basin,p[labour.master]*0.14914796641529154,3,CONVERGED,CONVERGED,526,526,0.22096710804552558,0.2209671,0.8525800106657203,0.85258,20,20,0,0,-,-,1902.8164026078498,1902.816,0.17022540861488905,0.1702254,0.0,0.0,0,0,0,0,0,0,0,0,0,0,19,19,0,0,19,19,0.0,0.0,0.0,0.0,0.4696726686758594,0.4696727,0,0,0.33067371150514296,0.3306737,0,0,0.5747734695427879,0.5747735,0,0,8.659739999999999e-15
basin,p[labour.master]*0.15660536473605613,3,CONVERGED,CONVERGED,525,525,0.23091573414532082,0.2309157,0.8550726691282885,0.8550727,19,19,0,0,-,-,1854.0262384384175,1854.026,0.1783542408117034,0.1783542,0.0,0.0,0,0,0,0,0,0,0,0,0,0,18,18,0,0,18,18,0.0,0.0,0.0,0.0,0.468121572682155,0.4681216,0,0,0.3299813166164095,0.3299813,0,0,0.5720354301065673,0.5720354,0,0,9.325873000000001e-15
basin,p[labour.master]*0.16443563297285893,3,CONVERGED,CONVERGED,523,523,0.24126438710243034,0.2412644,0.8576358458126592,0.8576358,18,18,0,0,-,-,1805.2360742689857,1805.236,0.18685717568602975,0.1868572,0.0,0.0,0,0,0,0,0,0,0,0,0,0,17,17,0,0,17,17,0.0,0.0,0.0,0.0,0.4665848215430858,0.4665848,0,0,0.32930095741823984,0.329301,0,0,0.5691867592064166,0.5691868,0,0,6.8833830000000005e-15
basin,p[labour.master]*0.1726574146215019,3,CONVERGED,CONVERGED,521,521,0.25202511741377936,0.2520251,0.8601588610958669,0.8601589,17,17,0,0,-,-,1756.4459100995537,1756.446,0.1957505013983565,0.1957505,0.0,0.0,0,0,0,0,0,0,0,0,0,0,16,16,0,0,16,16,0.0,0.0,0.0,0.0,0.4650737960925281,0.4650738,0,0,0.3286248094722663,0.3286248,0,0,0.566359013895244,0.566359,0,0,8.881784e-15
basin,p[labour.master]*0.181290285352577,3,CONVERGED,CONVERGED,519,519,0.2632100157681414,0.26321,0.8626865108004079,0.8626865,16,16,0,0,-,-,1707.6557459301216,1707.656,0.20505118185457472,0.2050512,0.0,0.0,0,0,0,0,0,0,0,0,0,0,15,15,0,0,15,15,0.0,0.0,0.0,0.0,0.4635646323001764,0.4635646,0,0,0.32793596471535347,0.327936,0,0,0.563514920267757,0.5635149,0,0,6.439294e-15
basin,p[labour.master]*0.19035479962020585,3,CONVERGED,CONVERGED,517,517,0.27483118583321436,0.2748312,0.8653807185895646,0.8653807,15,15,0,0,-,-,1658.8655817606893,1658.866,0.2147768880802271,0.2147769,0.0,0.0,0,0,0,0,0,0,0,0,0,0,14,14,0,0,14,14,0.0,0.0,0.0,0.0,0.46207331388680484,0.4620733,0,0,0.327270108190305,0.3272701,0,0,0.5605886412675734,0.5605886,0,0,4.218847e-15
basin,p[labour.master]*0.19987253960121615,3,CONVERGED,CONVERGED,515,515,0.2869007153937921,0.2869007,0.8680187501375004,0.8680188,14,14,0,0,-,-,1610.0754175912575,1610.075,0.224946031951803,0.224946,0.0,0.0,0,0,0,0,0,0,0,0,0,0,13,13,0,0,13,13,0.0,0.0,0.0,0.0,0.4606056143996077,0.4606056,0,0,0.3266061622492516,0.3266062,0,0,0.5576735897231404,0.5576736,0,0,7.771561000000001e-15
basin,p[labour.master]*0.20986616658127696,3,CONVERGED,CONVERGED,513,513,0.29943064591056057,0.2994306,0.8706208643819916,0.8706209,13,13,0,0,-,-,1561.2852534218255,1561.285,0.2355778025361369,0.2355778,0.0,0.0,0,0,0,0,0,0,0,0,0,0,12,12,0,0,12,12,0.0,0.0,0.0,0.0,0.4591438413848082,0.4591438,0,0,0.32593473647654286,0.3259347,0,0,0.5547456316064019,0.5547456,0,0,6.8833830000000005e-15
basin,p[labour.master]*0.22035947491034083,3,CONVERGED,CONVERGED,511,511,0.312432940588773,0.3124329,0.8732274707429265,0.8732275,12,12,0,0,-,-,1512.4950892523934,1512.495,0.24669220531152947,0.2466922,0.0,0.0,0,0,0,0,0,0,0,0,0,0,11,11,0,0,11,11,0.0,0.0,0.0,0.0,0.4577047644831595,0.4577048,0,0,0.3252787134213226,0.3252787,0,0,0.5517292142196223,0.5517292,0,0,7.549517e-15
basin,p[labour.master]*0.23137744865585788,3,CONVERGED,CONVERGED,508,508,0.32591945106646686,0.3259195,0.8759395033317403,0.8759395,11,11,0,0,-,-,1463.7049250829612,1463.705,0.25831010456764786,0.2583101,0.0,0.0,0,0,0,0,0,0,0,0,0,0,10,10,0,0,10,10,0.0,0.0,0.0,0.0,0.45627970722807976,0.4562797,0,0,0.32461546914764816,0.3246155,0,0,0.5487215452956744,0.5487215,0,0,7.993606e-15
basin,p[labour.master]*0.24294632108865077,3,CONVERGED,CONVERGED,506,506,0.3399018828527369,0.3399019,0.8785763687934683,0.8785764,10,10,0,0,-,-,1414.9147609135293,1414.915,0.27045326930545777,0.2704533,0.0,0.0,0,0,0,0,0,0,0,0,0,0,9,9,0,0,9,9,0.0,0.0,0.0,0.0,0.45486609455093174,0.4548661,0,0,0.3239563828741534,0.3239564,0,0,0.5457107418490867,0.5457107,0,0,7.771561000000001e-15
basin,p[labour.master]*0.2550936371430833,3,CONVERGED,CONVERGED,503,503,0.3543917596675832,0.3543918,0.8812593380172176,0.8812593,9,9,0,0,-,-,1366.1245967440973,1366.125,0.28314442298326414,0.2831444,0.0,0.0,0,0,0,0,0,0,0,0,0,0,8,8,0,0,8,8,0.0,0.0,0.0,0.0,0.4534752418473025,0.4534752,0,0,0.3233094219809587,0.3233094,0,0,0.5426559429785597,0.5426559,0,0,7.1054270000000005e-15
basin,p[labour.master]*0.26784831900023753,3,CONVERGED,CONVERGED,499,499,0.36940038685568166,0.3694004,0.8839522146367164,0.8839522,8,8,0,0,-,-,1317.3344325746652,1317.334,0.29640729748024236,0.2964073,0.0,0.0,0,0,0,0,0,0,0,0,0,0,7,7,0,0,7,7,0.0,0.0,0.0,0.0,0.45210509297102397,0.4521051,0,0,0.322671435397898,0.3226714,0,0,0.5396125883668702,0.5396126,0,0,9.103829e-15
basin,p[labour.master]*0.28124073495024937,3,CONVERGED,CONVERGED,461,461,0.38493881406674135,0.3849388,0.8866398061250248,0.8866398,7,7,0,0,-,-,1268.5442684052332,1268.544,0.3102666916744724,0.3102667,0.0,0.0,0,0,0,0,0,0,0,0,0,0,6,6,0,0,6,6,0.0,0.0,0.0,0.0,0.45074717571469475,0.4507472,0,0,0.3220287984871627,0.3220288,0,0,0.5365542568518493,0.5365543,0,0,9.992007e-15
basin,p[labour.master]*0.29530277169776187,3,CONVERGED,CONVERGED,458,458,0.40101779741452737,0.4010178,0.8892320549302312,0.8892321,6,6,0,0,-,-,1219.7541042358012,1219.754,0.3247485350582833,0.3247485,0.0,0.0,0,0,0,0,0,0,0,0,0,0,5,5,0,0,5,5,0.0,0.0,0.0,0.0,0.44941085608859277,0.4494109,0,0,0.3213946920466591,0.3213947,0,0,0.533438116527043,0.5334381,0,0,6.661338e-15
basin,p[labour.master]*0.31006791028264996,3,CONVERGED,CONVERGED,455,455,0.41764776134475406,0.4176478,0.8918633041384912,0.8918633,5,5,0,0,-,-,1170.963940066369,1170.964,0.33987995683949423,0.33988,0.0,0.0,0,0,0,0,0,0,0,0,0,0,4,4,0,0,4,4,0.0,0.0,0.0,0.0,0.44808961170957623,0.4480896,0,0,0.32076221073177713,0.3207622,0,0,0.5303407099512931,0.5303407,0,0,3.330669e-15
basin,p[labour.master]*0.3255713057967825,3,CONVERGED,CONVERGED,451,451,0.4348387604584955,0.4348388,0.8945641894199909,0.8945642,4,4,0,0,-,-,1122.173775896937,1122.174,0.3556893610027486,0.3556894,0.0,0.0,0,0,0,0,0,0,0,0,0,0,3,3,0,0,3,3,0.0,0.0,0.0,0.0,0.4467874922742844,0.4467875,0,0,0.32013189837944694,0.3201319,0,0,0.5272753255146423,0.5272753,0,0,5.77316e-15
basin,p[labour.master]*0.3418498710866216,3,CONVERGED,CONVERGED,448,448,0.4526004415521022,0.4526004,0.8972673210173798,0.8972673,4,4,0,0,-,-,1073.383611727505,1073.384,0.3722065078304097,0.3722065,0.0,0.0,0,0,0,0,0,0,0,0,0,0,3,3,0,0,3,3,0.0,0.0,0.0,0.0,0.44550331814993627,0.4455033,0,0,0.31951505495804833,0.3195151,0,0,0.5241866104519661,0.5241866,0,0,7.549517e-15
basin,p[labour.master]*0.35894236464095275,3,CONVERGED,CONVERGED,444,444,0.47094200614647813,0.470942,0.8999035482197143,0.8999035,3,3,0,0,-,-,1024.593447558073,1024.593,0.3894626024072652,0.3894626,0.0,0.0,0,0,0,0,0,0,0,0,0,0,2,2,0,0,2,2,0.0,0.0,0.0,0.0,0.44423617557560563,0.4442362,0,0,0.31889465333519784,0.3188947,0,0,0.5211151917176662,0.5211152,0,0,5.551115e-15
basin,p[labour.master]*0.3768894828730004,3,CONVERGED,CONVERGED,441,441,0.48987217378757586,0.4898722,0.9025104832008894,0.9025105,2,2,0,0,-,-,975.8032833886408,975.8033,0.40749039065746223,0.4074904,0.0,0.0,0,0,0,0,0,0,0,0,0,0,1,1,0,0,1,1,0.0,0.0,0.0,0.0,0.4429914400115782,0.4429914,0,0,0.3182776521738215,0.3182777,0,0,0.518031125996447,0.5180311,0,0,1.021405e-14
basin,p[labour.master]*0.39573395701665043,3,CONVERGED,CONVERGED,437,437,0.5093991464057874,0.5093991,0.9050844561110097,0.9050845,0,0,0,0,-,-,927.0131192192088,927.0131,0.4263242634855431,0.4263243,0.0,0.0,0,0,0,0,0,0,0,0,0,0,0,0,0,0,0,0,0.0,0.0,0.0,0.0,0.4417708180220772,0.4417708,0,0,0.3176751930407573,0.3176752,0,0,0.5149649612258433,0.514965,0,0,6.217249e-15
basin,p[labour.master]*0.41552065486748296,3,CONVERGED,CONVERGED,432,432,0.529530574024233,0.5295306,0.9076333796901257,0.9076334,0,0,0,0,-,-,878.2229550497767,878.223,0.4460003696161024,0.4460004,0.0,0.0,0,0,0,0,0,0,0,0,0,0,0,0,0,0,0,0,0.0,0.0,0.0,0.0,0.44056619558202487,0.4405662,0,0,0.31707163464752064,0.3170716,0,0,0.5119039201714548,0.5119039,0,0,1.0436100000000001e-14
basin,p[labour.master]*0.4362966876108571,3,CONVERGED,CONVERGED,428,428,0.5502735221045516,0.5502735,0.910150501152846,0.9101505,0,0,0,0,-,-,829.4327908803448,829.4328,0.4665567377484195,0.4665567,0.0,0.0,0,0,0,0,0,0,0,0,0,0,0,0,0,0,0,0,0.0,0.0,0.0,0.0,0.439385493628458,0.4393855,0,0,0.31647840675305494,0.3164784,0,0,0.5088368539915117,0.5088369,0,0,1.2878590000000001e-14
basin,p[labour.master]*0.4581115219914,3,CONVERGED,CONVERGED,424,424,0.5716344408135056,0.5716344,0.9125752561574726,0.9125753,0,0,0,0,-,-,780.6426267109127,780.6426,0.4880334086634199,0.4880334,0.0,0.0,0,0,0,0,0,0,0,0,0,0,0,0,0,0,0,0,0.0,0.0,0.0,0.0,0.43823281296103117,0.4382328,0,0,0.31589248268304315,0.3158925,0,0,0.5057859632791967,0.505786,0,0,1.2878590000000001e-14
basin,p[labour.master]*0.48101709809097004,3,CONVERGED,CONVERGED,419,419,0.5936191364843972,0.5936191,0.9149271005123973,0.9149271,0,0,0,0,-,-,731.8524625414805,731.8525,0.5104725779405583,0.5104726,0.0,0.0,0,0,0,0,0,0,0,0,0,0,0,0,0,0,0,0,0.0,0.0,0.0,0.0,0.437099682557431,0.4370997,0,0,0.3153117686623991,0.3153118,0,0,0.5027662606652603,0.5027663,0,0,1.2434500000000001e-14
basin,p[labour.master]*0.5050679529955185,3,CONVERGED,CONVERGED,414,414,0.6162327455339904,0.6162327,0.9172801395992158,0.9172801,0,0,0,0,-,-,683.0622983720486,683.0623,0.5339187499617938,0.5339187,0.0,0.0,0,0,0,0,0,0,0,0,0,0,0,0,0,0,0,0,0.0,0.0,0.0,0.0,0.4359885021951659,0.4359885,0,0,0.3147409101243418,0.3147409,0,0,0.49975429119071735,0.4997543,0,0,6.8833830000000005e-15
basin,p[labour.master]*0.5303213506452945,3,CONVERGED,CONVERGED,409,409,0.6394797110783367,0.6394797,0.9195452643264144,0.9195453,0,0,0,0,-,-,634.2721342026165,634.2721,0.5584189038989009,0.5584189,0.0,0.0,0,0,0,0,0,0,0,0,0,0,0,0,0,0,0,0,0.0,0.0,0.0,0.0,0.43490331043944125,0.4349033,0,0,0.31417318741327266,0.3141732,0,0,0.4967618278909983,0.4967618,0,0,7.771561000000001e-15
basin,p[labour.master]*0.5568374181775593,3,CONVERGED,CONVERGED,403,403,0.6633637624698342,0.6633638,0.9217068011467577,0.9217068,0,0,0,0,-,-,585.4819700331844,585.482,0.5840226723991434,0.5840227,0.0,0.0,0,0,0,0,0,0,0,0,0,0,0,0,0,0,0,0,0.0,0.0,0.0,0.0,0.43384182003597466,0.4338418,0,0,0.31361432115859533,0.3136143,0,0,0.4937782158063454,0.4937782,0,0,9.547918e-15
basin,p[labour.master]*0.5846792890864372,3,CONVERGED,CONVERGED,399,399,0.687887897953209,0.6878879,0.923808182798702,0.9238082,0,0,0,0,-,-,536.6918058637525,536.6918,0.6107825337031154,0.6107825,0.0,0.0,0,0,0,0,0,0,0,0,0,0,0,0,0,0,0,0,0.0,0.0,0.0,0.0,0.4328045594047996,0.4328046,0,0,0.31306426042256785,0.3130643,0,0,0.4908430007950222,0.490843,0,0,8.881784e-15
basin,p[labour.master]*0.6139132535407591,3,CONVERGED,CONVERGED,394,394,0.7130543706102285,0.7130544,0.9258701278544005,0.9258701,0,0,0,0,-,-,487.90164169432046,487.9016,0.6387540179476038,0.638754,0.0,0.0,0,0,0,0,0,0,0,0,0,0,0,0,0,0,0,0,0.0,0.0,0.0,0.0,0.43179260907688904,0.4317926,0,0,0.3125249128708204,0.3125249,0,0,0.4879380325715623,0.487938,0,0,1.021405e-14
basin,p[labour.master]*0.6446089162177971,3,CONVERGED,CONVERGED,388,388,0.7388646777322693,0.7388647,0.9278138704725694,0.9278139,0,0,0,0,-,-,439.1114775248883,439.1115,0.6679959284260706,0.6679959,0.0,0.0,0,0,0,0,0,0,0,0,0,0,0,0,0,0,0,0,0.0,0.0,0.0,0.0,0.43080504740601855,0.430805,0,0,0.3119910819960379,0.3119911,0,0,0.4850637899783995,0.4850638,0,0,9.992007e-15
basin,p[labour.master]*0.676839362028687,3,CONVERGED,CONVERGED,377,377,0.7653195537268147,0.7653196,0.9296616215507625,0.9296616,0,0,0,0,-,-,390.3213133554563,390.3213,0.6985705786001597,0.6985706,0.0,0.0,0,0,0,0,0,0,0,0,0,0,0,0,0,0,0,0,0.0,0.0,0.0,0.0,0.4298448476402014,0.4298448,0,0,0.3114679674656454,0.311468,0,0,0.4822092394610408,0.4822092,0,0,5.551115e-15
basin,p[labour.master]*0.7106813301301214,3,CONVERGED,CONVERGED,336,336,0.792418966629106,0.792419,0.9314441052079188,0.9314441,0,0,0,0,-,-,341.5311491860243,341.5311,0.7305440456779649,0.730544,0.0,0.0,0,0,0,0,0,0,0,0,0,0,0,0,0,0,0,0,0.0,0.0,0.0,0.0,0.4289095471285702,0.4289095,0,0,0.3109547703312464,0.3109548,0,0,0.47940923105005884,0.4794092,0,0,5.551115e-15
basin,p[labour.master]*0.7462153966366275,3,CONVERGED,CONVERGED,327,327,0.820162118254094,0.8201621,0.9331908728103753,0.9331909,0,0,0,0,-,-,292.7409850165922,292.741,0.763986441599129,0.7639864,0.0,0.0,0,0,0,0,0,0,0,0,0,0,0,0,0,0,0,0,0.0,0.0,0.0,0.0,0.42799745121042254,0.4279975,0,0,0.31045078326454456,0.3104508,0,0,0.4766701957403174,0.4766702,0,0,5.551115e-15
basin,p[labour.master]*0.7835261664684589,3,CONVERGED,CONVERGED,316,316,0.8485474479871628,0.8485474,0.9348950697342439,0.9348951,0,0,0,0,-,-,243.95082084716023,243.9508,0.7989722022936862,0.7989722,0.0,0.0,0,0,0,0,0,0,0,0,0,0,0,0,0,0,0,0,0.0,0.0,0.0,0.0,0.42711231143020706,0.4271123,0,0,0.30996011255747824,0.3099601,0,0,0.473987134736077,0.4739871,0,0,9.547918e-15
basin,p[labour.master]*0.8227024747918819,3,CONVERGED,CONVERGED,302,302,0.8775726401754326,0.8775726,0.9365308371471325,0.9365308,0,0,0,0,-,-,195.16065667772816,195.1607,0.8355803961113807,0.8355804,0.0,0.0,0,0,0,0,0,0,0,0,0,0,0,0,0,0,0,0,0.0,0.0,0.0,0.0,0.4262530249970363,0.426253,0,0,0.30948057826817554,0.3094806,0,0,0.4713638725801511,0.4713639,0,0,1.132427e-14
basin,p[labour.master]*0.863837598531476,3,CONVERGED,CONVERGED,287,287,0.9072346350454606,0.9072346,0.9381258043355569,0.9381258,0,0,0,0,-,-,146.37049250829608,146.3705,0.8738950523515678,0.8738951,0.0,0.0,0,0,0,0,0,0,0,0,0,0,0,0,0,0,0,0,0.0,0.0,0.0,0.0,0.4254193093425073,0.4254193,0,0,0.30901345606068714,0.3090135,0,0,0.4688061801528358,0.4688062,0,0,7.993606e-15
basin,p[labour.master]*0.9070294784580498,3,CONVERGED,CONVERGED,228,228,0.9375296430384331,0.9375296,0.9396676374523616,0.9396676,0,0,0,0,-,-,97.58032833886408,97.58033,0.9140055108611677,0.9140055,0.0,0.0,0,0,0,0,0,0,0,0,0,0,0,0,0,0,0,0,0.0,0.0,0.0,0.0,0.42461141863915386,0.4246114,0,0,0.3085588186071078,0.3085588,0,0,0.4663137284008396,0.4663137,0,0,6.439294e-15
basin,p[labour.master]*0.9523809523809523,3,CONVERGED,CONVERGED,190,190,0.9684531624210708,0.9684532,0.9411520993284693,0.9411521,0,0,0,0,-,-,48.79016416943195,48.79016,0.9560067937100376,0.9560068,0.0,0.0,0,0,0,0,0,0,0,0,0,0,0,0,0,0,0,0,0.0,0.0,0.0,0.0,0.4238307408517068,0.4238307,0,0,0.30811825915710267,0.3081183,0,0,0.46389027854740966,0.4638903,0,0,6.8833830000000005e-15
basin,p[labour.master]*1.05,3,CONVERGED,CONVERGED,217,217,0.9866852814816691,0.9866853,0.9394788852225402,0.9394789,0,0,0,0,-,-,48.790164169432046,48.79016,0.9863276329184787,0.9863276,0.0,0.0,0,0,0,0,0,0,0,0,0,0,0,0,0,0,0,0,0.0,0.0,0.0,0.0,0.4239868413327135,0.4239868,0,0,0.3080644401234163,0.3080644,0,0,0.47638352064909983,0.4763835,0,0,9.547918e-15
basin,p[labour.master]*1.1025,3,CONVERGED,CONVERGED,255,255,0.9730811645895695,0.9730812,0.9363083216000245,0.9363083,0,0,0,0,-,-,97.58032833886404,97.58033,0.9723683273726804,0.9723683,0.0,0.0,0,0,0,0,0,0,0,0,0,0,0,0,0,0,0,0,0.0,0.0,0.0,0.0,0.4249258221303995,0.4249258,0,0,0.3084480042436491,0.308448,0,0,0.4915105587968859,0.4915106,0,0,1.0436100000000001e-14
basin,p[labour.master]*1.1576250000000001,3,CONVERGED,CONVERGED,314,314,0.9591948234405195,0.9591948,0.9330661166313596,0.9330661,0,0,0,0,-,-,146.3704925082961,146.3705,0.9581300847570109,0.9581301,0.0,0.0,0,0,0,0,0,0,0,0,0,0,0,0,0,0,0,0,0.0,0.0,0.0,0.0,0.425894004464253,0.425894,0,0,0.3088430010595703,0.308843,0,0,0.506916291954104,0.5069163,0,0,6.217249e-15
basin,p[labour.master]*1.2155062500000002,3,CONVERGED,CONVERGED,327,327,0.9450344179745682,0.9450344,0.9297540075875789,0.929754,0,0,0,0,-,-,195.16065667772818,195.1607,0.9436219059942629,0.9436219,0.0,0.0,0,0,0,0,0,0,0,0,0,0,0,0,0,0,0,0,0.0,0.0,0.0,0.0,0.4268925562680566,0.4268926,0,0,0.3092497221429716,0.3092497,0,0,0.5225971675196798,0.5225972,0,0,7.771561000000001e-15
basin,p[labour.master]*1.2762815625000004,3,CONVERGED,CONVERGED,339,339,0.9306090979796696,0.9306091,0.9263726686973885,0.9263727,0,0,0,0,-,-,243.9508208471603,243.9508,0.9288537905732902,0.9288538,0.0,0.0,0,0,0,0,0,0,0,0,0,0,0,0,0,0,0,0,0.0,0.0,0.0,0.0,0.4279215383726259,0.4279215,0,0,0.30966833879821376,0.3096683,0,0,0.5385493794583958,0.5385494,0,0,1.132427e-14
basin,p[labour.master]*1.3400956406250004,3,CONVERGED,CONVERGED,350,350,0.9159290005067158,0.915929,0.9229252552810681,0.9229253,0,0,0,0,-,-,292.74098501659233,292.741,0.9138367286454441,0.9138367,0.0,0.0,0,0,0,0,0,0,0,0,0,0,0,0,0,0,0,0,0.0,0.0,0.0,0.0,0.4289806975403811,0.4289807,0,0,0.3100986262725088,0.3100986,0,0,0.5547688841848428,0.5547689,0,0,1.088019e-14
basin,p[labour.master]*1.4071004226562505,3,CONVERGED,CONVERGED,359,359,0.9010052403376608,0.9010052,0.9194226324078794,0.9194226,0,0,0,0,-,-,341.5311491860243,341.5311,0.8985826858916893,0.8985827,0.0,0.0,0,0,0,0,0,0,0,0,0,0,0,0,0,0,0,0,0.0,0.0,0.0,0.0,0.43006912250810897,0.4300691,0,0,0.31054006342660434,0.3105401,0,0,0.5712514170587817,0.5712514,0,0,7.327472e-15
basin,p[labour.master]*1.477455443789063,3,CONVERGED,CONVERGED,368,368,0.8858498932393252,0.8858499,0.9158481722599157,0.9158482,0,0,0,0,-,-,390.32131335545637,390.3213,0.8831045809500042,0.8831046,0.0,0.0,0,0,0,0,0,0,0,0,0,0,0,0,0,0,0,0,0.0,0.0,0.0,0.0,0.4311876883599329,0.4311877,0,0,0.31099305345826733,0.3109931,0,0,0.587992509358094,0.5879925,0,0,6.661338e-15
basin,p[labour.master]*1.5513282159785162,3,CONVERGED,CONVERGED,374,374,0.8704759718145182,0.870476,0.9122140731490768,0.9122141,0,0,0,0,-,-,439.1114775248884,439.1115,0.8674162552788863,0.8674163,0.0,0.0,0,0,0,0,0,0,0,0,0,0,0,0,0,0,0,0,0.0,0.0,0.0,0.0,0.4323361312259082,0.4323361,0,0,0.3114573893650331,0.3114574,0,0,0.6049875055967119,0.6049875,0,0,6.661338e-15
basin,p[labour.master]*1.628894626777442,3,CONVERGED,CONVERGED,417,417,0.8548973938493356,0.8548974,0.9085346463196312,0.9085346,0,0,0,0,-,-,487.90164169432035,487.9016,0.8515324354262904,0.8515324,0.0,0.0,0,0,0,0,0,0,0,0,0,0,0,0,0,0,0,0,0.0,0.0,0.0,0.0,0.43351378494315956,0.4335138,0,0,0.31193243329795256,0.3119324,0,0,0.6222315810577298,0.6222316,0,0,9.769963000000001e-15
basin,p[labour.master]*1.7103393581163142,3,CONVERGED,CONVERGED,423,423,0.8391289431495768,0.8391289,0.9048039714587145,0.904804,0,0,0,0,-,-,536.6918058637524,536.6918,0.8354686877725899,0.8354687,0.0,0.0,0,0,0,0,0,0,0,0,0,0,0,0,0,0,0,0,0.0,0.0,0.0,0.0,0.43471892172444715,0.4347189,0,0,0.31241739017852366,0.3124174,0,0,0.6397197594161764,0.6397198,0,0,9.992007e-15
basin,p[labour.master]*1.79585632602213,3,CONVERGED,CONVERGED,428,428,0.8231862229586225,0.8231862,0.901018179704218,0.9010182,0,0,0,0,-,-,585.4819700331847,585.482,0.8192413659194123,0.8192414,0.0,0.0,0,0,0,0,0,0,0,0,0,0,0,0,0,0,0,0,0.0,0.0,0.0,0.0,0.43595618071552517,0.4359562,0,0,0.31291420110104606,0.3129142,0,0,0.6574469303314966,0.6574469,0,0,1.088019e-14
basin,p[labour.master]*1.8856491423232367,3,CONVERGED,CONVERGED,432,432,0.8070856021519922,0.8070856,0.897186021077513,0.897186,0,0,0,0,-,-,634.2721342026165,634.2721,0.802867551001438,0.8028676,0.0,0.0,0,0,0,0,0,0,0,0,0,0,0,0,0,0,0,0,0.0,0.0,0.0,0.0,0.43722327254527443,0.4372233,0,0,0.3134219394331606,0.3134219,0,0,0.6754078668965098,0.6754079,0,0,8.21565e-15
basin,p[labour.master]*1.9799315994393987,3,CONVERGED,CONVERGED,435,435,0.790844154508144,0.7908442,0.8933193709500865,0.8933194,0,0,0,0,-,-,683.0622983720485,683.0623,0.7863649853033227,0.786365,0.0,0.0,0,0,0,0,0,0,0,0,0,0,0,0,0,0,0,0,0.0,0.0,0.0,0.0,0.4385207453513983,0.4385207,0,0,0.31394212882763006,0.3139421,0,0,0.6935972428372618,0.6935972,0,0,6.217249e-15
basin,p[labour.master]*2.0789281794113688,3,CONVERGED,CONVERGED,440,440,0.7744795914587169,0.7744796,0.8893979212494441,0.8893979,0,0,0,0,-,-,731.8524625414807,731.8525,0.769751999666522,0.769752,0.0,0.0,0,0,0,0,0,0,0,0,0,0,0,0,0,0,0,0,0.0,0.0,0.0,0.0,0.4398516054154004,0.4398516,0,0,0.3144741794259949,0.3144742,0,0,0.7120096493666176,0.7120096,0,0,6.439294e-15
basin,p[labour.master]*2.182874588381937,3,CONVERGED,CONVERGED,444,444,0.7580101888220605,0.7580102,0.8854235656087274,0.8854236,0,0,0,0,-,-,780.6426267109126,780.6426,0.7530474352686329,0.7530474,0.0,0.0,0,0,0,0,0,0,0,0,0,0,0,0,0,0,0,0,0.0,0.0,0.0,0.0,0.4412123986072219,0.4412124,0,0,0.3150170311193677,0.315017,0,0,0.7306396116034395,0.7306396,0,0,1.354472e-14
basin,p[labour.master]*2.292018317801034,3,CONVERGED,CONVERGED,449,449,0.7414547081192647,0.7414547,0.8814122544243562,0.8814123,0,0,0,0,-,-,829.4327908803447,829.4328,0.7362705604486347,0.7362706,0.0,0.0,0,0,0,0,0,0,0,0,0,0,0,0,0,0,0,0,0.0,0.0,0.0,0.0,0.44260082722520305,0.4426008,0,0,0.3155697420515215,0.3155697,0,0,0.7494816044786016,0.7494816,0,0,1.265654e-14
basin,p[labour.master]*2.4066192336910857,3,CONVERGED,CONVERGED,453,453,0.7248323131597417,0.7248323,0.877382975830907,0.877383,0,0,0,0,-,-,878.2229550497767,878.223,0.7194409833329256,0.719441,0.0,0.0,0,0,0,0,0,0,0,0,0,0,0,0,0,0,0,0,0.0,0.0,0.0,0.0,0.4440158026921255,0.4440158,0,0,0.31613132292266133,0.3161313,0,0,0.7685300680587143,0.7685301,0,0,1.509903e-14
basin,p[labour.master]*2.5269501953756404,3,CONVERGED,CONVERGED,457,457,0.7081624826615524,0.7081625,0.8733366667878296,0.8733367,0,0,0,0,-,-,927.0131192192089,927.0131,0.70257856108725,0.7025786,0.0,0.0,0,0,0,0,0,0,0,0,0,0,0,0,0,0,0,0,0.0,0.0,0.0,0.0,0.44545898449866206,0.445459,0,0,0.31670358751170113,0.3167036,0,0,0.787779422228131,0.7877794,0,0,1.398881e-14
basin,p[labour.master]*2.653297705144422,3,CONVERGED,CONVERGED,460,460,0.6914649197382136,0.6914649,0.869285992755501,0.869286,0,0,0,0,-,-,975.8032833886408,975.8033,0.6857033066767803,0.6857033,0.0,0.0,0,0,0,0,0,0,0,0,0,0,0,0,0,0,0,0,0.0,0.0,0.0,0.0,0.44692351502204086,0.4469235,0,0,0.3172818396733678,0.3172818,0,0,0.8072240806794144,0.8072241,0,0,1.2434500000000001e-14
basin,p[labour.master]*2.7859625904016436,3,CONVERGED,CONVERGED,464,464,0.6747594591369298,0.6747595,0.8652171563704818,0.8652172,0,0,0,0,-,-,1024.593447558073,1024.593,0.66878365257892,0.6687837,0.0,0.0,0,0,0,0,0,0,0,0,0,0,0,0,0,0,0,0,0.0,0.0,0.0,0.0,0.4484172751565627,0.4484173,0,0,0.3178714929830095,0.3178715,0,0,0.8268584641718448,0.8268585,0,0,5.551115e-15
basin,p[labour.master]*2.925260719921726,3,CONVERGED,CONVERGED,468,468,0.6580659731517284,0.658066,0.8610869062489696,0.8610869,0,0,0,0,-,-,1073.383611727505,1073.384,0.6518270188208479,0.651827,0.0,0.0,0,0,0,0,0,0,0,0,0,0,0,0,0,0,0,0,0.0,0.0,0.0,0.0,0.44994150107424086,0.4499415,0,0,0.31847007713980446,0.3184701,0,0,0.846677013026617,0.846677,0,0,7.327472e-15
basin,p[labour.master]*3.0715237559178123,3,CONVERGED,CONVERGED,471,471,0.6414042771578089,0.6414043,0.8570107671629852,0.8570108,0,0,0,0,-,-,1122.173775896937,1122.174,0.6349114282659156,0.6349114,0.0,0.0,0,0,0,0,0,0,0,0,0,0,0,0,0,0,0,0,0.0,0.0,0.0,0.0,0.4514878407144241,0.4514878,0,0,0.3190778483048269,0.3190778,0,0,0.8666741988360233,0.8666742,0,0,1.065814e-14
basin,p[labour.master]*3.225099943713703,3,CONVERGED,CONVERGED,474,474,0.624794035719966,0.624794,0.8529601755898267,0.8529602,0,0,0,0,-,-,1170.9639400663689,1170.964,0.6180572950327533,0.6180573,0.0,0.0,0,0,0,0,0,0,0,0,0,0,0,0,0,0,0,0,0.0,0.0,0.0,0.0,0.453056207270379,0.4530562,0,0,0.31969212448049367,0.3196921,0,0,0.886844535372058,0.8868445,0,0,6.8833830000000005e-15
basin,p[labour.master]*3.3863549408993885,3,CONVERGED,CONVERGED,477,477,0.6082546702180305,0.6082547,0.8489044415152862,0.8489044,0,0,0,0,-,-,1219.7541042358012,1219.754,0.6012847455577573,0.6012847,0.0,0.0,0,0,0,0,0,0,0,0,0,0,0,0,0,0,0,0,0.0,0.0,0.0,0.0,0.45465388073423957,0.4546539,0,0,0.3203170719415038,0.3203171,0,0,0.907182588687454,0.9071826,0,0,5.329071e-15
basin,p[labour.master]*3.555672687944358,3,CONVERGED,CONVERGED,480,480,0.5918052689061444,0.5918053,0.8448406153459685,0.8448406,0,0,0,0,-,-,1268.544268405233,1268.544,0.5846135264141245,0.5846135,0.0,0.0,0,0,0,0,0,0,0,0,0,0,0,0,0,0,0,0,0.0,0.0,0.0,0.0,0.45627444064958084,0.4562744,0,0,0.3209498860430329,0.3209499,0,0,0.9276829864091245,0.927683,0,0,4.884981e-15
basin,p[labour.master]*3.733456322341576,3,CONVERGED,CONVERGED,483,483,0.5754645002810589,0.5754645,0.8407178076260411,0.8407178,0,0,0,0,-,-,1317.3344325746652,1317.334,0.5680629154005689,0.5680629,0.0,0.0,0,0,0,0,0,0,0,0,0,0,0,0,0,0,0,0,0.0,0.0,0.0,0.0,0.45791606241883853,0.4579161,0,0,0.3215872887872692,0.3215873,0,0,0.9483404262302965,0.9483404,0,0,7.327472e-15
basin,p[labour.master]*3.920129138458655,3,CONVERGED,CONVERGED,486,486,0.5592505305785614,0.5592505,0.8365650754416237,0.8365651,0,0,0,0,-,-,1366.1245967440973,1366.125,0.551651636745188,0.5516516,0.0,0.0,0,0,0,0,0,0,0,0,0,0,0,0,0,0,0,0,0.0,0.0,0.0,0.0,0.4595738842898784,0.4595739,0,0,0.32222923727607866,0.3222292,0,0,0.9691496836132889,0.9691497,0,0,7.549517e-15
basin,p[labour.master]*4.116135595381588,3,CONVERGED,CONVERGED,524,524,0.5431809461480827,0.5431809,0.8324999992599308,0.8325,0,0,0,0,-,-,1414.9147609135296,1414.915,0.5353977812103123,0.5353978,0.0,0.0,0,0,0,0,0,0,0,0,0,0,0,0,0,0,0,0,0.0,0.0,0.0,0.0,0.4612596982622865,0.4612597,0,0,0.3228830030791506,0.322883,0,0,0.9901056187198717,0.9901056,0,0,8.437695e-15
basin,p[labour.master]*4.321942375150668,3,CONVERGED,CONVERGED,527,527,0.5272726813752225,0.5272727,0.8284420556084993,0.8284421,0,0,0,0,-,-,1463.7049250829614,1463.705,0.5192330477711695,0.519233,0.0,0.0,0,0,0,0,0,0,0,0,0,0,0,0,0,0,0,0,0.0,0.0,0.0,0.0,0.46297855926792536,0.4629786,0,0,0.32354714697639264,0.3235471,0,0,1.0,1.0,1,1,7.771561000000001e-15
basin,p[labour.master]*4.538039493908201,3,CONVERGED,CONVERGED,530,530,0.5115419527323812,0.511542,0.8245155928902119,0.8245156,0,0,0,0,-,-,1512.4950892523934,1512.495,0.5031982617771863,0.5031983,0.0,0.0,0,0,0,0,0,0,0,0,0,0,0,0,0,0,0,0,0.0,0.0,0.0,0.0,0.46471408644607237,0.4647141,0,0,0.3242175324413248,0.3242175,0,0,1.0,1.0,1,1,6.217249e-15
basin,p[labour.master]*4.764941468603611,3,CONVERGED,CONVERGED,532,532,0.49600419944103924,0.4960042,0.8204658708320514,0.8204659,2,2,0,0,-,-,1561.2852534218255,1561.285,0.48724767864977814,0.4872477,0.0,0.0,0,0,0,0,0,0,0,0,0,0,1,1,0,0,1,1,0.0,0.0,0.0,0.0,0.46648235352930345,0.4664824,0,0,0.3248955565443082,0.3248956,0,0,1.0,1.0,2,2,7.327472e-15
basin,p[labour.master]*5.003188542033792,3,CONVERGED,CONVERGED,534,534,0.4806740311277829,0.480674,0.8163562817105049,0.8163563,2,2,0,0,-,-,1610.0754175912575,1610.075,0.47151123259805167,0.4715112,0.0,0.0,0,0,0,0,0,0,0,0,0,0,1,1,0,0,1,1,0.0,0.0,0.0,0.0,0.46827834147005,0.4682783,0,0,0.3255852416644746,0.3255852,0,0,1.0,1.0,3,3,7.549517e-15
basin,p[labour.master]*5.253347969135482,3,CONVERGED,CONVERGED,537,537,0.46556518275220915,0.4655652,0.8123418325926667,0.8123418,6,6,0,0,-,-,1658.8655817606893,1658.866,0.4559578330046442,0.4559578,0.0,0.0,0,0,0,0,0,0,0,0,0,0,5,5,0,0,5,5,0.0,0.0,0.0,0.0,0.470093118302522,0.4700931,0,0,0.32627600542798435,0.326276,0,0,1.0,1.0,3,3,1.154632e-14
basin,p[labour.master]*5.5160153675922565,3,CONVERGED,CONVERGED,539,539,0.450690476980627,0.4506905,0.8084487890397176,0.8084488,9,9,0,0,-,-,1707.6557459301216,1707.656,0.4406367070310724,0.4406367,0.0,0.0,0,0,0,0,0,0,0,0,0,0,8,8,0,0,8,8,0.0,0.0,0.0,0.0,0.4719325296905654,0.4719325,0,0,0.32698058903469385,0.3269806,0,0,1.0,1.0,4,4,1.0436100000000001e-14
basin,p[labour.master]*5.791816135971869,3,CONVERGED,CONVERGED,540,540,0.4360617940771485,0.4360618,0.8045996959871693,0.8045997,10,10,0,0,-,-,1756.4459100995534,1756.446,0.4255734166351678,0.4255734,1.011281739844148,1.011282,0,0,0,0,0,0,0,0,0,0,9,9,0,0,9,9,0.0,0.0,0.0,0.0,0.47381979854963985,0.4738198,0,0,0.3277013633505294,0.3277014,0,0,1.0,1.0,4,4,6.217249e-15
basin,p[labour.master]*6.081406942770463,3,CONVERGED,CONVERGED,542,542,0.4216900492853168,0.42169,0.8007553314793631,0.8007553,12,12,0,0,-,-,1805.2360742689857,1805.236,0.41081381833733543,0.4108138,2.66619043323068,2.66619,0,0,0,0,0,0,0,0,0,0,11,11,0,0,11,11,0.0,0.0,0.0,0.0,0.47572635922780004,0.4757264,0,0,0.32842928196699966,0.3284293,0,0,1.0,1.0,5,5,7.771561000000001e-15
basin,p[labour.master]*6.385477289908986,3,CONVERGED,CONVERGED,544,544,0.4075851775806198,0.4075852,0.797052597892272,0.7970526,13,13,0,0,-,-,1854.0262384384175,1854.026,0.3962242781673299,0.3962243,4.738922933851635,4.738923,0,0,0,0,0,0,0,0,0,0,12,12,0,0,12,12,0.0,0.0,0.0,0.0,0.4776477284045343,0.4776477,0,0,0.32916168140882524,0.3291617,0,0,1.0,1.0,5,5,5.551115e-15
basin,p[labour.master]*6.704751154404436,3,CONVERGED,CONVERGED,546,546,0.39375612558859996,0.3937561,0.7934567907384336,0.7934568,14,14,0,0,-,-,1902.8164026078498,1902.816,0.3819851903478997,0.3819852,7.165016364059749,7.165016,0,0,0,0,0,0,0,0,0,0,13,13,0,0,13,13,0.0,0.0,0.0,0.0,0.4796217806389858,0.4796218,0,0,0.3299082630463396,0.3299083,0,0,1.0,1.0,6,6,1.154632e-14
basin,p[labour.master]*7.039988712124658,3,CONVERGED,CONVERGED,547,547,0.38021085038603813,0.3802109,0.7899081505834027,0.7899082,15,15,0,0,-,-,1951.6065667772816,1951.607,0.36809990609862864,0.3680999,9.85476690249698,9.854767,0,0,0,0,0,0,0,0,0,0,14,14,0,0,14,14,0.0,0.0,0.0,0.0,0.481594789305692,0.4815948,0,0,0.33065650670661756,0.3306565,0,0,1.0,1.0,6,6,8.659739999999999e-15
basin,p[labour.master]*7.391988147730891,3,CONVERGED,CONVERGED,550,550,0.3669563248348054,0.3669563,0.7863548718893629,0.7863549,17,17,0,0,-,-,2000.3967309467137,2000.397,0.35457083797693506,0.3545708,12.78440339411183,12.7844,0,0,0,0,0,0,0,0,0,0,16,16,0,0,15,15,0.0,0.0,0.0,0.0,0.483567516224248,0.4835675,0,0,0.3314028623296817,0.3314029,0,0,1.0,1.0,7,7,8.21565e-15
basin,p[labour.master]*7.761587555117436,3,CONVERGED,CONVERGED,552,552,0.3539985490400941,0.3539985,0.7829107741060594,0.7829108,19,19,0,0,-,-,2049.186895116146,2049.187,0.34139949597475366,0.3413995,15.94664958378312,15.94665,0,0,0,0,0,0,0,0,0,0,18,18,0,0,16,16,0.0,0.0,0.0,0.0,0.4855310127850073,0.485531,0,0,0.33214558622010976,0.3321456,0,0,1.0,1.0,7,7,1.0436100000000001e-14
basin,p[labour.master]*8.14966693287331,3,CONVERGED,CONVERGED,554,554,0.3413425674772208,0.3413426,0.7795122743559687,0.7795123,22,22,0,0,-,-,2097.977059285578,2097.977,0.32858652658090753,0.3285865,19.291617584334876,19.29162,0,0,0,0,0,0,0,0,0,0,21,21,0,0,16,16,0.0,0.0,0.0,0.0,0.48752957145357667,0.4875296,0,0,0.3328957933380086,0.3328958,0,0,1.0,1.0,8,8,6.439294e-15
tpy12,p[labour]*1.05,1,CONVERGED,CONVERGED,71,71,0.9855037693900067,0.9855038,0.9406553739421073,0.9406554,0,0,0,0,-,-,48.790164169432046,48.79016,0.9845334443431624,0.9845334,0.0,0.0,0,0,0,0,0,0,0,0,0,0,0,0,0,0,0,0,0.0,0.0,0.0,0.0,0.44017844270401824,0.4401784,0,0,0.3093949090669858,0.3093949,0,0,0.4631093142271835,0.4631093,0,0,1.554312e-15
tpy12,p[land]*1.05,1,CONVERGED,CONVERGED,144,144,0.9093870619973674,0.9093871,0.8768229008952751,0.8768229,0,0,0,0,-,-,131.60588559913407,131.6059,0.9165297625342606,0.9165298,0.0,0.0,0,0,0,0,0,0,0,0,0,0,0,0,0,0,0,0,0.0,0.0,0.0,0.0,0.4362902245916874,0.4362902,0,0,0.3131754285334028,0.3131754,0,0,0.47319969472107914,0.4731997,0,0,1.110223e-15
tpy12,p[services]*1.05,1,CONVERGED,CONVERGED,96,96,0.9681094313497208,0.9681094,0.9420004682991917,0.9420005,0,0,0,0,-,-,48.790164169432046,48.79016,0.9769375911086451,0.9769376,0.0,0.0,0,0,0,0,0,0,0,0,0,0,0,0,0,0,0,0,0.0,0.0,0.0,0.0,0.4292133077117289,0.4292133,0,0,0.3139915653120675,0.3139916,0,0,0.46806418069626493,0.4680642,0,0,1.554312e-15
tpy12,p[goods]*1.05,1,CONVERGED,CONVERGED,75,75,0.978401906167782,0.9784019,0.9297243834426971,0.9297244,0,0,0,0,-,-,48.790164169432046,48.79016,0.9810433827792141,0.9810434,0.0,0.0,0,0,0,0,0,0,0,0,0,0,0,0,0,0,0,0,0.0,0.0,0.0,0.0,0.42695144646720845,0.4269514,0,0,0.31052425810880385,0.3105243,0,0,0.47111017428339547,0.4711102,0,0,1.110223e-15
tpy12,p[mach]*1.05,1,CONVERGED,CONVERGED,96,96,0.9647801158227699,0.9647801,0.8892087886038884,0.8892088,0,0,0,0,-,-,48.790164169432046,48.79016,0.96635892400289,0.9663589,0.0,0.0,0,0,0,0,0,0,0,0,0,0,0,0,0,0,0,0,0.0,0.0,0.0,0.0,0.42699699833220695,0.426997,0,0,0.30983838809118347,0.3098384,0,0,0.4662610137564973,0.466261,0,0,1.110223e-15
tpy12,p[labour.trained]*1.05,1,CONVERGED,CONVERGED,70,70,0.9905890431803613,0.990589,0.9398379018292429,0.9398379,0,0,0,0,-,-,48.790164169432046,48.79016,0.990019913504903,0.9900199,0.0,0.0,0,0,0,0,0,0,0,0,0,0,0,0,0,0,0,0,0.0,0.0,0.0,0.0,0.4243169387269281,0.4243169,0,0,0.31905146952826535,0.3190515,0,0,0.46277129081469925,0.4627713,0,0,1.110223e-15
tpy12,p[labour.master]*1.05,1,CONVERGED,CONVERGED,73,73,0.9866852814816695,0.9866853,0.9358343321827194,0.9358343,0,0,0,0,-,-,48.790164169432046,48.79016,0.98561644274149,0.9856164,0.0,0.0,0,0,0,0,0,0,0,0,0,0,0,0,0,0,0,0,0.0,0.0,0.0,0.0,0.4249465709807152,0.4249466,0,0,0.3085733759309148,0.3085734,0,0,0.47638352064909983,0.4763835,0,0,1.554312e-15
tpy12,p[labour]*0.95,1,CONVERGED,CONVERGED,100,100,0.9468694950060612,0.9468695,0.8912815483707607,0.8912815,0,0,0,0,-,-,54.59400415628847,54.594,0.9454735189907657,0.9454735,0.0,0.0,0,0,0,0,0,0,0,0,0,0,0,0,0,0,0,0,0.0,0.0,0.0,0.0,0.4273620251019923,0.427362,0,0,0.3097889218868548,0.3097889,0,0,0.4649743715834125,0.4649744,0,0,8.881784000000001e-16
tpy12,p[land]*0.95,1,CONVERGED,CONVERGED,119,119,0.9796095811175233,0.9796096,0.9343015564278748,0.9343016,0,0,0,0,-,-,64.75451914958899,64.75452,0.950500058252053,0.9505001,0.0,0.0,0,0,0,0,0,0,0,0,0,0,0,0,0,0,0,0,0.0,0.0,0.0,0.0,0.4350761948783468,0.4350762,0,0,0.31538061350770324,0.3153806,0,0,0.4715974472923972,0.4715974,0,0,1.332268e-15
tpy12,p[services]*0.95,1,CONVERGED,CONVERGED,117,117,0.9562935877596718,0.9562936,0.9098234628106096,0.9098235,0,0,0,0,-,-,64.2492711568641,64.24927,0.9485719522488912,0.948572,0.0,0.0,0,0,0,0,0,0,0,0,0,0,0,0,0,0,0,0,0.0,0.0,0.0,0.0,0.4290786372590951,0.4290786,0,0,0.31208838697563585,0.3120884,0,0,0.4679487183813367,0.4679487,0,0,1.110223e-15
tpy12,p[goods]*0.95,1,CONVERGED,CONVERGED,112,112,0.9530651560932223,0.9530652,0.9140132301013218,0.9140132,0,0,0,0,-,-,65.56165439959815,65.56165,0.9483668853904844,0.9483669,0.0,0.0,0,0,0,0,0,0,0,0,0,0,0,0,0,0,0,0,0.0,0.0,0.0,0.0,0.42917538462421584,0.4291754,0,0,0.31128940870585875,0.3112894,0,0,0.4699726000419797,0.4699726,0,0,8.881784000000001e-16
tpy12,p[mach]*0.95,1,CONVERGED,CONVERGED,142,142,0.9296673357970788,0.9296673,0.9135240432156878,0.913524,0,0,0,0,-,-,136.6258178459281,136.6258,0.9207927724344102,0.9207928,0.0,0.0,0,0,0,0,0,0,0,0,0,0,0,0,0,0,0,0,0.0,0.0,0.0,0.0,0.4372888791708106,0.4372889,0,0,0.3184229572470616,0.318423,0,0,0.47671168925347635,0.4767117,0,0,1.110223e-15
tpy12,p[labour.trained]*0.95,1,CONVERGED,CONVERGED,73,73,0.9622244900001516,0.9622245,0.940229162832543,0.9402292,0,0,0,0,-,-,51.29329438755046,51.29329,0.9530830067700148,0.953083,0.0,0.0,0,0,0,0,0,0,0,0,0,0,0,0,0,0,0,0,0.0,0.0,0.0,0.0,0.425874021920044,0.425874,0,0,0.31020068258212424,0.3102007,0,0,0.4637305634505338,0.4637306,0,0,1.110223e-15
tpy12,p[labour.master]*0.95,1,CONVERGED,CONVERGED,55,55,0.9668514462697524,0.9668514,0.9400245048526179,0.9400245,0,0,0,0,-,-,51.293294387550574,51.29329,0.953804373309678,0.9538044,0.0,0.0,0,0,0,0,0,0,0,0,0,0,0,0,0,0,0,0,0.0,0.0,0.0,0.0,0.42424988151423637,0.4242499,0,0,0.30843792634258643,0.3084379,0,0,0.464440219415471,0.4644402,0,0,1.332268e-15
tpy12,p[labour]*1.2,2,CONVERGED,CONVERGED,110,110,0.9444316714747666,0.9444317,0.9353327437350112,0.9353327,0,0,0,0,-,-,182.32155679395458,182.3216,0.9408657819923276,0.9408658,0.0,0.0,0,0,0,0,0,0,0,0,0,0,0,0,0,0,0,0,0.0,0.0,0.0,0.0,0.48979527084286223,0.4897953,0,0,0.31436566964580387,0.3143657,0,0,0.4676736115093106,0.4676736,0,0,8.881784000000001e-16
tpy12,p[land]*1.2,2,CONVERGED,CONVERGED,164,164,0.7014493477229091,0.7014493,0.7168290731944289,0.7168291,0,0,0,0,-,-,466.2488142494459,466.2488,0.7363797103959552,0.7363797,0.0,0.0,0,0,0,0,0,0,0,0,0,0,0,0,0,0,0,0,0.0,0.0,0.0,0.0,0.46949433384248784,0.4694943,0,0,0.326456829172002,0.3264568,0,0,0.49976214999178165,0.4997621,0,0,1.554312e-15
tpy12,p[services]*1.2,2,CONVERGED,CONVERGED,134,134,0.8853468288392394,0.8853468,0.9411149019313,0.9411149,0,0,0,0,-,-,182.32155679395458,182.3216,0.9175986732690212,0.9175987,0.0,0.0,0,0,0,0,0,0,0,0,0,0,0,0,0,0,0,0,0.0,0.0,0.0,0.0,0.4460426279446462,0.4460426,0,0,0.3310622136648459,0.3310622,0,0,0.48618038923214413,0.4861804,0,0,1.776357e-15
tpy12,p[goods]*1.2,2,CONVERGED,CONVERGED,113,113,0.9200008475181982,0.9200008,0.8944862411887566,0.8944862,0,0,0,0,-,-,182.32155679395458,182.3216,0.9311764145968788,0.9311764,0.0,0.0,0,0,0,0,0,0,0,0,0,0,0,0,0,0,0,0,0.0,0.0,0.0,0.0,0.43795060407321307,0.4379506,0,0,0.3185367997116878,0.3185368,0,0,0.4971401810933848,0.4971402,0,0,4.4408920000000003e-16
tpy12,p[mach]*1.2,2,CONVERGED,CONVERGED,134,134,0.8713081511799515,0.8713082,0.7430116981033865,0.7430117,0,0,0,0,-,-,189.26169155627585,189.2617,0.8753230529160198,0.8753231,0.0,0.0,0,0,0,0,0,0,0,0,0,0,0,0,0,0,0,0,0.0,0.0,0.0,0.0,0.438492176878821,0.4384922,0,0,0.31599351021460786,0.3159935,0,0,0.4794701774808152,0.4794702,0,0,4.4408920000000003e-16
tpy12,p[labour.trained]*1.2,2,CONVERGED,CONVERGED,108,108,0.9633897842015559,0.9633898,0.9315946204308094,0.9315946,0,0,0,0,-,-,182.32155679395458,182.3216,0.9612401344517415,0.9612401,0.0,0.0,0,0,0,0,0,0,0,0,0,0,0,0,0,0,0,0,0.0,0.0,0.0,0.0,0.4279680608294608,0.4279681,0,0,0.35165809308841844,0.3516581,0,0,0.4664093874437198,0.4664094,0,0,1.776357e-15
tpy12,p[labour.master]*1.2,2,CONVERGED,CONVERGED,111,111,0.9487867941861741,0.9487868,0.9165641716191588,0.9165642,0,0,0,0,-,-,182.32155679395458,182.3216,0.9448457153978409,0.9448457,0.0,0.0,0,0,0,0,0,0,0,0,0,0,0,0,0,0,0,0,0.0,0.0,0.0,0.0,0.43038208842246106,0.4303821,0,0,0.311112560421409,0.3111126,0,0,0.518444289331991,0.5184443,0,0,1.554312e-15
tpy12,p[labour]*0.8,2,CONVERGED,CONVERGED,141,141,0.7889367424191106,0.7889367,0.7194312914441018,0.7194313,0,0,0,0,-,-,237.06913572415053,237.0691,0.7842318945475664,0.7842319,0.0,0.0,0,0,0,0,0,0,0,0,0,0,0,0,0,0,0,0,0.0,0.0,0.0,0.0,0.4425554318403936,0.4425554,0,0,0.3162454898649741,0.3162455,0,0,0.47693714641390983,0.4769371,0,0,1.776357e-15
tpy12,p[land]*0.8,2,CONVERGED,CONVERGED,157,157,0.9048584990707,0.9048585,0.9095261309770649,0.9095261,0,0,0,0,-,-,279.87105424714684,279.8711,0.7950030209831969,0.795003,0.0,0.0,0,0,0,0,0,0,0,0,0,0,0,0,0,0,0,0,0.0,0.0,0.0,0.0,0.4758269259520008,0.4758269,0,0,0.34103397371666916,0.341034,0,0,0.5048265700689248,0.5048266,0,0,1.110223e-15
tpy12,p[services]*0.8,2,CONVERGED,CONVERGED,157,157,0.8209190303957441,0.820919,0.7979356112662708,0.7979356,0,0,0,0,-,-,273.15014401458956,273.1501,0.7980942100984718,0.7980942,0.0,0.0,0,0,0,0,0,0,0,0,0,0,0,0,0,0,0,0,0.0,0.0,0.0,0.0,0.4479929904148363,0.447993,0,0,0.32580982641321665,0.3258098,0,0,0.48821127162271016,0.4882113,0,0,1.332268e-15
tpy12,p[goods]*0.8,2,CONVERGED,CONVERGED,150,150,0.80678799608376,0.806788,0.8268750240035132,0.826875,0,0,0,0,-,-,280.82003083286816,280.82,0.7920577907353539,0.7920578,0.0,0.0,0,0,0,0,0,0,0,0,0,0,0,0,0,0,0,0,0.0,0.0,0.0,0.0,0.44882307624788886,0.4488231,0,0,0.32221580098698144,0.3222158,0,0,0.49656681943976555,0.4965668,0,0,1.332268e-15
tpy12,p[mach]*0.8,2,CONVERGED,CONVERGED,183,183,0.7111934356520401,0.7111934,0.8348841216782569,0.8348841,0,0,0,0,-,-,610.9051723071199,610.9052,0.683230309347122,0.6832303,0.0,0.0,0,0,0,0,0,0,0,0,0,0,0,0,0,0,0,0,0.0,0.0,0.0,0.0,0.48866481823869723,0.4886648,0,0,0.3498157177285181,0.3498157,0,0,0.5232566959872245,0.5232567,0,0,6.661338e-16
tpy12,p[labour.trained]*0.8,2,CONVERGED,CONVERGED,114,114,0.8433247617135898,0.8433248,0.9319986578489033,0.9319987,0,0,0,0,-,-,223.1435513142097,223.1436,0.8112771917467826,0.8112772,0.0,0.0,0,0,0,0,0,0,0,0,0,0,0,0,0,0,0,0,0.0,0.0,0.0,0.0,0.43570455912893213,0.4357046,0,0,0.31921883854399924,0.3192188,0,0,0.4717706870759384,0.4717707,0,0,1.776357e-15
tpy12,p[labour.master]*0.8,2,CONVERGED,CONVERGED,97,97,0.8608475682810134,0.8608476,0.9302794372414153,0.9302794,0,0,0,0,-,-,223.1435513142097,223.1436,0.8143811082092086,0.8143811,0.0,0.0,0,0,0,0,0,0,0,0,0,0,0,0,0,0,0,0,0.0,0.0,0.0,0.0,0.4285883433426747,0.4285883,0,0,0.31122543416335546,0.3112254,0,0,0.4751912055007878,0.4751912,0,0,6.661338e-16
tpy12,s[services]=0.05,1,CONVERGED,CONVERGED,143,143,0.8100190927661483,0.8100191,0.9422427445411583,0.9422427,0,0,0,0,-,-,210.6974602772196,210.6975,0.8109667740214404,0.8109668,0.0,0.0,0,0,0,0,0,0,0,0,0,0,0,0,0,0,0,0,0.04025991620090353,0.04025992,0.0,0.0,0.45423072555488914,0.4542307,0,0,0.32600614036062164,0.3260061,0,0,0.478553706216653,0.4785537,0,0,1.332268e-15
tpy12,s[services]=0.2,2,CONVERGED,CONVERGED,180,180,0.5154694161203307,0.5154694,0.94163656903473,0.9416366,0,0,0,0,-,-,662.6773058586905,662.6773,0.5176149070384648,0.5176149,0.0,0.0,0,0,0,0,0,0,0,0,0,0,0,0,0,0,0,0,0.16103966480361412,0.1610397,0.0,0.0,0.5126684007498878,0.5126684,0,0,0.3611464849993185,0.3611465,0,0,0.5147315742803475,0.5147316,0,0,1.9984009999999997e-15
tpy12,s[goods]=0.05,1,CONVERGED,CONVERGED,149,149,0.7297481287315095,0.7297481,0.9159787238103316,0.9159787,0,0,0,0,-,-,315.05583351086585,315.0558,0.7313324918327355,0.7313325,0.0,0.0,0,0,0,0,0,0,0,0,0,0,0,0,0,0,0,0,0.0,0.0,0.04025991620090353,0.04025992,0.4675645674756375,0.4675646,0,0,0.31857845591857,0.3185785,0,0,0.49617509466548204,0.4961751,0,0,1.110223e-15
tpy12,s[goods]=0.2,2,CONVERGED,CONVERGED,183,183,0.40147573494752087,0.4014757,0.8786991982543285,0.8786992,1,1,0,0,-,-,912.6081834178616,912.6082,0.40442478147284694,0.4044248,22.754561963433346,22.75456,0,0,0,0,0,0,0,0,0,0,1,1,0,0,0,0,0.0,0.0,0.16103966480361412,0.1610397,0.538849372753142,0.5388494,0,0,0.34320406632331846,0.3432041,0,0,0.559658668153201,0.5596587,0,0,2.220446e-15
tpy12,JA(1.05),1,CONVERGED,CONVERGED,96,96,0.9712451162664889,0.9712451,0.9173529609583636,0.917353,0,0,0,0,-,-,49.97219532022922,49.9722,0.9938192198278679,0.9938192,0.0,0.0,0,0,0,0,0,0,0,0,0,0,0,0,0,0,0,0,0.0,0.0,0.0,0.0,0.4340761441787684,0.4340761,0,0,0.3150055155883709,0.3150055,0,0,0.4711077909147393,0.4711078,0,0,1.332268e-15
tpy12,JA(0.95),1,CONVERGED,CONVERGED,147,147,0.900657563245682,0.9006576,0.8870145666148622,0.8870146,0,0,0,0,-,-,177.31854454351833,177.3185,0.8875335202462262,0.8875335,0.0,0.0,0,0,0,0,0,0,0,0,0,0,0,0,0,0,0,0,0.0,0.0,0.0,0.0,0.441242580463992,0.4412426,0,0,0.3171052976815051,0.3171053,0,0,0.4765444894749957,0.4765445,0,0,1.110223e-15
tpy12,JA(1.2),2,CONVERGED,CONVERGED,133,133,0.8949535121731051,0.8949535,0.8465160615415782,0.8465161,0,0,0,0,-,-,184.06122450344515,184.0612,0.9772305462367659,0.9772305,0.0,0.0,0,0,0,0,0,0,0,0,0,0,0,0,0,0,0,0,0.0,0.0,0.0,0.0,0.4642982752402336,0.4642983,0,0,0.33496580426584915,0.3349658,0,0,0.4970115266777161,0.4970115,0,0,1.554312e-15
tpy12,JA(0.8),2,CONVERGED,CONVERGED,187,187,0.6291052188250476,0.6291052,0.7500758556538983,0.7500759,0,0,0,0,-,-,751.3375197298731,751.3375,0.6115123799168565,0.6115124,12.798903037804958,12.7989,0,0,0,0,0,0,0,0,0,0,0,0,0,0,0,0,0.0,0.0,0.0,0.0,0.500950820975903,0.5009508,0,0,0.33933666473999563,0.3393367,0,0,0.5179080293155176,0.517908,0,0,6.661338e-16
tpy12,JB(1.05),1,CONVERGED,CONVERGED,138,138,0.9459067535862934,0.9459068,0.9294378195778175,0.9294378,0,0,0,0,-,-,115.85734060117996,115.8573,0.9186498598485955,0.9186499,0.0,0.0,0,0,0,0,0,0,0,0,0,0,0,0,0,0,0,0,0.0,0.0,0.0,0.0,0.4369946770115735,0.4369947,0,0,0.31820251308556896,0.3182025,0,0,0.48223172695492544,0.4822317,0,0,8.881784000000001e-16
tpy12,JB(0.95),1,CONVERGED,CONVERGED,118,118,0.932317028665583,0.932317,0.8399882539832102,0.8399883,0,0,0,0,-,-,99.887222497176,99.88722,0.9155932187325114,0.9155932,0.0,0.0,0,0,0,0,0,0,0,0,0,0,0,0,0,0,0,0,0.0,0.0,0.0,0.0,0.432278938170658,0.4322789,0,0,0.3116522341233918,0.3116522,0,0,0.470527168786633,0.4705272,0,0,8.881784000000001e-16
tpy12,JB(1.2),2,CONVERGED,CONVERGED,159,159,0.8116834213530552,0.8116834,0.9050914016264198,0.9050914,0,0,0,0,-,-,448.21388276472754,448.2139,0.7401940833503404,0.7401941,0.0,0.0,0,0,0,0,0,0,0,0,0,0,0,0,0,0,0,0,0.0,0.0,0.0,0.0,0.47642974397213445,0.4764297,0,0,0.34741122539193536,0.3474112,0,0,0.5332999415092435,0.5332999,0,0,1.776357e-15
tpy12,JB(0.8),2,CONVERGED,CONVERGED,160,160,0.720800990111023,0.720801,0.4962877401298921,0.4962877,0,0,0,0,-,-,446.0236427919534,446.0236,0.6693365505907938,0.6693366,0.0,0.0,0,0,0,0,0,0,0,0,0,0,0,0,0,0,0,0,0.0,0.0,0.0,0.0,0.4672100495669663,0.46721,0,0,0.3256265044423246,0.3256265,0,0,0.4981819645308723,0.498182,0,0,2.220446e-15
tpy12,N(1.05),1,CONVERGED,CONVERGED,78,78,0.9360000962407385,0.9360001,0.9018924158219114,0.9018924,0,0,0,0,-,-,66.13969968324842,66.1397,0.9859248451517767,0.9859248,0.0,0.0,0,0,0,0,0,0,0,0,0,0,0,0,0,0,0,0,0.0,0.0,0.0,0.0,0.42566977771709485,0.4256698,0,0,0.30910286615718374,0.3091029,0,0,0.4631274844242067,0.4631275,0,0,1.332268e-15
tpy12,N(0.95),1,CONVERGED,CONVERGED,114,114,0.9651581748135806,0.9651582,0.9418790708831697,0.9418791,0,0,0,0,-,-,81.53451171868855,81.53451,0.925753454379989,0.9257535,0.0,0.0,0,0,0,0,0,0,0,0,0,0,0,0,0,0,0,0,0.0,0.0,0.0,0.0,0.43536009609417814,0.4353601,0,0,0.3177613215523241,0.3177613,0,0,0.4767974683018654,0.4767975,0,0,1.332268e-15
tpy12,N(1.2),2,CONVERGED,CONVERGED,118,118,0.7760003368425843,0.7760003,0.7880597852381985,0.7880598,0,0,0,0,-,-,253.60232472351728,253.6023,0.953364827781698,0.9533648,0.0,0.0,0,0,0,0,0,0,0,0,0,0,0,0,0,0,0,0,0.0,0.0,0.0,0.0,0.43305904978792475,0.433059,0,0,0.3130539531424518,0.313054,0,0,0.4674646169401799,0.4674646,0,0,8.881784000000001e-16
tpy12,N(0.8),2,CONVERGED,CONVERGED,155,155,0.8443008754748218,0.8443009,0.9418951246794283,0.9418951,0,0,0,0,-,-,359.2560450003928,359.256,0.7028716347030215,0.7028716,0.0,0.0,0,0,0,0,0,0,0,0,0,0,0,0,0,0,0,0,0.0,0.0,0.0,0.0,0.4764426053199908,0.4764426,0,0,0.350326705639814,0.3503267,0,0,0.525390288350976,0.5253903,0,0,1.554312e-15
tpy12,RC(1.05),1,CONVERGED,CONVERGED,106,106,0.9363326990873656,0.9363327,0.9251484642099778,0.9251485,0,0,0,0,-,-,83.87426772791947,83.87427,0.9344737496765098,0.9344737,0.0,0.0,0,0,0,0,0,0,0,0,0,0,0,0,0,0,0,0,0.0,0.0,0.0,0.0,0.43073035740885784,0.4307304,0,0,0.31674822713360057,0.3167482,0,0,0.47478647420063547,0.4747865,0,0,6.661338e-16
tpy12,RC(0.95),1,CONVERGED,CONVERGED,119,119,0.9476055890032922,0.9476056,0.9051674071231627,0.9051674,0,0,0,0,-,-,66.15993186857952,66.15993,0.9494424707794463,0.9494425,0.0,0.0,0,0,0,0,0,0,0,0,0,0,0,0,0,0,0,0,0.0,0.0,0.0,0.0,0.4307205522127214,0.4307206,0,0,0.3152658228191626,0.3152658,0,0,0.4758658949077106,0.4758659,0,0,4.4408920000000003e-16
tpy12,RC(1.2),2,CONVERGED,CONVERGED,144,144,0.7810921707757797,0.7810922,0.883886947390449,0.8838869,0,0,0,0,-,-,317.29582571114366,317.2958,0.7759762417725793,0.7759762,0.0,0.0,0,0,0,0,0,0,0,0,0,0,0,0,0,0,0,0,0.0,0.0,0.0,0.0,0.45244820135110386,0.4524482,0,0,0.3407171891735282,0.3407172,0,0,0.514110663513464,0.5141107,0,0,1.110223e-15
tpy12,RC(0.8),2,CONVERGED,CONVERGED,161,161,0.7786724609803741,0.7786725,0.775710572748705,0.7757106,0,0,0,0,-,-,306.6172557370847,306.6173,0.7876200059303358,0.78762,0.0,0.0,0,0,0,0,0,0,0,0,0,0,0,0,0,0,0,0,0.0,0.0,0.0,0.0,0.45776758005483364,0.4577676,0,0,0.3416172185258758,0.3416172,0,0,0.5221694709496794,0.5221695,0,0,1.110223e-15
tpy12,RW(1.05),1,CONVERGED,CONVERGED,95,95,0.9640433767026926,0.9640434,0.9424039777022654,0.942404,0,0,0,0,-,-,48.79016416943205,48.79016,0.9560067937100376,0.9560068,0.0,0.0,0,0,0,0,0,0,0,0,0,0,0,0,0,0,0,0,0.0,0.0,0.0,0.0,0.44017844270401824,0.4401784,0,0,0.31037218345543405,0.3103722,0,0,0.46378499559604025,0.463785,0,0,1.554312e-15
tpy12,RW(0.95),1,CONVERGED,CONVERGED,106,106,0.957581719969059,0.9575817,0.8912815483707607,0.8912815,0,0,0,0,-,-,54.23700584520655,54.23701,0.9543924104073482,0.9543924,0.0,0.0,0,0,0,0,0,0,0,0,0,0,0,0,0,0,0,0,0.0,0.0,0.0,0.0,0.42836435196314077,0.4283644,0,0,0.31964223106911105,0.3196422,0,0,0.47715276272962714,0.4771528,0,0,1.554312e-15
tpy12,RW(1.2),2,CONVERGED,CONVERGED,114,114,0.870508928367203,0.8705089,0.9420979336979521,0.9420979,0,0,0,0,-,-,182.32155679395458,182.3216,0.8454938799480133,0.8454939,0.0,0.0,0,0,0,0,0,0,0,0,0,0,0,0,0,0,0,0,0.0,0.0,0.0,0.0,0.48979527084286223,0.4897953,0,0,0.31800929729272676,0.3180093,0,0,0.4707770433779315,0.470777,0,0,1.332268e-15
tpy12,RW(0.8),2,CONVERGED,CONVERGED,146,146,0.8294115604196869,0.8294116,0.7194312914441018,0.7194313,0,0,0,0,-,-,243.05432435679302,243.0543,0.820009327926753,0.8200093,0.0,0.0,0,0,0,0,0,0,0,0,0,0,0,0,0,0,0,0,0.0,0.0,0.0,0.0,0.4470262858085393,0.4470263,0,0,0.3620709655848398,0.362071,0,0,0.5317133992061036,0.5317134,0,0,1.332268e-15
tpy12,land.mach=0.44@genesis,2,CONVERGED,CONVERGED,153,153,0.8401851722302413,0.8401852,0.7567893661984251,0.7567894,0,0,0,0,-,-,288.83297238548937,288.833,0.8254535802718239,0.8254536,0.0,0.0,0,0,0,0,0,0,0,0,0,0,0,0,0,0,0,0,0.0,0.0,0.0,0.0,0.44219658879295215,0.4421966,0,0,0.314542853010808,0.3145429,0,0,0.47404755173896496,0.4740476,0,0,1.776357e-15
tpy12,land.mach=0.44@dated,2,CONVERGED,CONVERGED,153,153,0.8384312794672278,0.8384313,0.7560911833861426,0.7560912,0,0,0,0,-,-,290.3906954150207,290.3907,0.8248698572958295,0.8248699,0.0,0.0,0,0,0,0,0,0,0,0,0,0,0,0,0,0,0,0,0.0,0.0,0.0,0.0,0.442328190912178,0.4423282,0,0,0.3144586873496177,0.3144587,0,0,0.4741277801725911,0.4741278,0,0,6.661338e-16
tpy12,land.mach=0.36@genesis,2,CONVERGED,CONVERGED,105,105,0.9350931668413442,0.9350932,0.9425748427583114,0.9425748,0,0,0,0,-,-,98.99356610801381,98.99357,0.9571819818061001,0.957182,0.0,0.0,0,0,0,0,0,0,0,0,0,0,0,0,0,0,0,0,0.0,0.0,0.0,0.0,0.44271208405201956,0.4427121,0,0,0.31964183682191977,0.3196418,0,0,0.4798564447030122,0.4798564,0,0,1.110223e-15
tpy12,land.mach=0.36@dated,2,CONVERGED,CONVERGED,105,105,0.9350931668413435,0.9350932,0.9425748427583116,0.9425748,0,0,0,0,-,-,98.9935661080142,98.99357,0.9571819818060994,0.957182,0.0,0.0,0,0,0,0,0,0,0,0,0,0,0,0,0,0,0,0,0.0,0.0,0.0,0.0,0.44273808188320907,0.4427381,0,0,0.3196493941422105,0.3196494,0,0,0.47989780900753815,0.4798978,0,0,1.776357e-15
tpy12,tail.services=0.11@genesis,2,CONVERGED,CONVERGED,119,119,0.9245238254418284,0.9245238,0.9425748427583114,0.9425748,0,0,0,0,-,-,101.32286876111044,101.3229,0.9181684416817733,0.9181684,0.0,0.0,0,0,0,0,0,0,0,0,0,0,0,0,0,0,0,0,0.0,0.0,0.0,0.0,0.46129173021254893,0.4612917,0,0,0.3118074894422715,0.3118075,0,0,0.4709530029621307,0.470953,0,0,6.661338e-16
tpy12,tail.services=0.11@dated,2,CONVERGED,CONVERGED,119,119,0.9190647728519394,0.9190648,0.9425748427583116,0.9425748,0,0,0,0,-,-,101.3228687611102,101.3229,0.9145922090311926,0.9145922,0.0,0.0,0,0,0,0,0,0,0,0,0,0,0,0,0,0,0,0,0.0,0.0,0.0,0.0,0.4610393452111228,0.4610393,0,0,0.3111018066937103,0.3111018,0,0,0.4707338208341405,0.4707338,0,0,8.881784000000001e-16
tpy12,tail.services=0.09@genesis,2,CONVERGED,CONVERGED,95,95,0.9841066844403992,0.9841067,0.8459149383505978,0.8459149,0,0,0,0,-,-,105.01347883603562,105.0135,0.9705810752627226,0.9705811,0.0,0.0,0,0,0,0,0,0,0,0,0,0,0,0,0,0,0,0,0.0,0.0,0.0,0.0,0.4230769230769231,0.4230769,0,0,0.3181396447049977,0.3181396,0,0,0.4670854477048604,0.4670854,0,0,1.776357e-15
tpy12,tail.services=0.09@dated,2,CONVERGED,CONVERGED,95,95,0.9841066844403985,0.9841067,0.8459149383505983,0.8459149,0,0,0,0,-,-,105.01347883603582,105.0135,0.970581075262723,0.9705811,0.0,0.0,0,0,0,0,0,0,0,0,0,0,0,0,0,0,0,0,0.0,0.0,0.0,0.0,0.42307692307692313,0.4230769,0,0,0.3181396447049977,0.3181396,0,0,0.4670854477048606,0.4670854,0,0,1.332268e-15
tpy12,res.services.trained=0.044@genesis,2,CONVERGED,CONVERGED,118,118,0.9090909090909093,0.9090909,0.917046706541232,0.9170467,0,0,0,0,-,-,139.52585730134274,139.5259,0.9096818735489917,0.9096819,0.0,0.0,0,0,0,0,0,0,0,0,0,0,0,0,0,0,0,0,0.0,0.0,0.0,0.0,0.42981472068724924,0.4298147,0,0,0.34544182225035464,0.3454418,0,0,0.4710421394985316,0.4710421,0,0,6.661338e-16
tpy12,res.services.trained=0.044@dated,2,CONVERGED,CONVERGED,118,118,0.9090909090909091,0.9090909,0.9161652463795066,0.9161652,0,0,0,0,-,-,139.52585730134234,139.5259,0.9096818735489917,0.9096819,0.0,0.0,0,0,0,0,0,0,0,0,0,0,0,0,0,0,0,0,0.0,0.0,0.0,0.0,0.4297393848334584,0.4297394,0,0,0.34536361517143643,0.3453636,0,0,0.4709942057734185,0.4709942,0,0,6.661338e-16
tpy12,res.services.trained=0.036@genesis,2,CONVERGED,CONVERGED,100,100,0.9647479263535711,0.9647479,0.9338946206058821,0.9338946,0,0,0,0,-,-,147.77204421738224,147.772,0.9676169644906494,0.967617,0.0,0.0,0,0,0,0,0,0,0,0,0,0,0,0,0,0,0,0,0.0,0.0,0.0,0.0,0.4306363004758453,0.4306363,0,0,0.3076923076923077,0.3076923,0,0,0.4683543414687686,0.4683543,0,0,1.332268e-15
tpy12,res.services.trained=0.036@dated,2,CONVERGED,CONVERGED,101,101,0.9631378770080585,0.9631379,0.9334906092017212,0.9334906,0,0,0,0,-,-,147.77204421738244,147.772,0.9661796240138387,0.9661796,0.0,0.0,0,0,0,0,0,0,0,0,0,0,0,0,0,0,0,0,0.0,0.0,0.0,0.0,0.43071179018074124,0.4307118,0,0,0.3076923076923078,0.3076923,0,0,0.4685530456181839,0.468553,0,0,1.332268e-15
tpy365,p[labour]*1.05,1,CONVERGED,CONVERGED,1377,1377,0.9855037693900063,0.9855038,0.9425748588874518,0.9425748,0,0,0,0,-,-,48.790164169432046,48.79016,0.9851929694184994,0.985193,0.0,0.0,0,0,0,0,0,0,0,0,0,0,0,0,0,0,0,0,0.0,0.0,0.0,0.0,0.4401784427040182,0.4401784,0,0,0.30855933957112974,0.3085593,0,0,0.46196776609757095,0.4619678,0,0,8.704149e-14
tpy365,p[land]*1.05,1,CONVERGED,CONVERGED,2743,2743,0.9083821359363817,0.9083821,0.8911371991048695,0.8911372,0,0,0,0,-,-,101.29333323847744,101.2933,0.91712227928216,0.9171223,0.0,0.0,0,0,0,0,0,0,0,0,0,0,0,0,0,0,0,0,0.0,0.0,0.0,0.0,0.4300286379208888,0.4300286,0,0,0.3102634559218637,0.3102635,0,0,0.466501328267288,0.4665013,0,0,8.792966e-14
tpy365,p[services]*1.05,1,CONVERGED,CONVERGED,2072,2072,0.956176360544728,0.9561764,0.942574842758311,0.9425748,0,0,0,0,-,-,50.39174140601437,50.39174,0.9667486748016374,0.9667487,0.0,0.0,0,0,0,0,0,0,0,0,0,0,0,0,0,0,0,0,0.0,0.0,0.0,0.0,0.4291430746591654,0.4291431,0,0,0.3137574389954401,0.3137574,0,0,0.46397703084902314,0.463977,0,0,7.993606e-14
tpy365,p[goods]*1.05,1,CONVERGED,CONVERGED,1745,1745,0.9845141618472993,0.9845142,0.9381144376715437,0.9381144,0,0,0,0,-,-,48.790164169432046,48.79016,0.9823633200317379,0.9823633,0.0,0.0,0,0,0,0,0,0,0,0,0,0,0,0,0,0,0,0,0.0,0.0,0.0,0.0,0.42479928171476977,0.4247993,0,0,0.3086284296193608,0.3086284,0,0,0.469012583023573,0.4690126,0,0,1.016964e-13
tpy365,p[mach]*1.05,1,CONVERGED,CONVERGED,2187,2187,0.9589822824704227,0.9589823,0.8908842487523976,0.8908842,0,0,0,0,-,-,48.790164169432046,48.79016,0.9558331851250697,0.9558332,0.0,0.0,0,0,0,0,0,0,0,0,0,0,0,0,0,0,0,0,0.0,0.0,0.0,0.0,0.42593760539953357,0.4259376,0,0,0.3089334149664418,0.3089334,0,0,0.4641504747368779,0.4641505,0,0,7.749357000000001e-14
tpy365,p[labour.trained]*1.05,1,CONVERGED,CONVERGED,1574,1574,0.9902907056658462,0.9902907,0.9393123783483829,0.9393124,0,0,0,0,-,-,48.790164169432046,48.79016,0.9903240707648067,0.9903241,0.0,0.0,0,0,0,0,0,0,0,0,0,0,0,0,0,0,0,0,0.0,0.0,0.0,0.0,0.42409397364088486,0.424094,0,0,0.31905146952826535,0.3190515,0,0,0.4621751233049256,0.4621751,0,0,7.083223e-14
tpy365,p[labour.master]*1.05,1,CONVERGED,CONVERGED,1421,1421,0.9866852814816692,0.9866853,0.9403453643547436,0.9403454,0,0,0,0,-,-,48.790164169432046,48.79016,0.9854686874829564,0.9854687,0.0,0.0,0,0,0,0,0,0,0,0,0,0,0,0,0,0,0,0,0.0,0.0,0.0,0.0,0.42378965845227995,0.4237897,0,0,0.30797903592665044,0.307979,0,0,0.47638352064909983,0.4763835,0,0,8.926193e-14
tpy365,p[labour]*0.95,1,CONVERGED,CONVERGED,2376,2376,0.9244991586340768,0.9244992,0.8912815483707605,0.8912815,0,0,0,0,-,-,78.5031382320868,78.50314,0.9241616184255921,0.9241616,0.0,0.0,0,0,0,0,0,0,0,0,0,0,0,0,0,0,0,0,0.0,0.0,0.0,0.0,0.4281036422165705,0.4281036,0,0,0.30962117477769174,0.3096212,0,0,0.46492813794924026,0.4649281,0,0,7.660539e-14
tpy365,p[land]*0.95,1,CONVERGED,CONVERGED,2347,2347,0.979609581117523,0.9796096,0.9390500974931977,0.9390501,0,0,0,0,-,-,54.09612070847547,54.09612,0.9474886383839788,0.9474886,0.0,0.0,0,0,0,0,0,0,0,0,0,0,0,0,0,0,0,0,0.0,0.0,0.0,0.0,0.4346413736401852,0.4346414,0,0,0.3153806135077032,0.3153806,0,0,0.47159744729239705,0.4715974,0,0,5.861978000000001e-14
tpy365,p[services]*0.95,1,CONVERGED,CONVERGED,2397,2397,0.9479374431088702,0.9479374,0.910495982285174,0.910496,0,0,0,0,-,-,53.46676718622021,53.46677,0.9305362929642021,0.9305363,0.0,0.0,0,0,0,0,0,0,0,0,0,0,0,0,0,0,0,0,0.0,0.0,0.0,0.0,0.4268732732570858,0.4268733,0,0,0.3097633579463426,0.3097634,0,0,0.4665611491764942,0.4665611,0,0,8.815171e-14
tpy365,p[goods]*0.95,1,CONVERGED,CONVERGED,2280,2280,0.9447826444332739,0.9447826,0.931603789682611,0.9316038,0,0,0,0,-,-,56.80038383452134,56.80038,0.9339224519049476,0.9339225,0.0,0.0,0,0,0,0,0,0,0,0,0,0,0,0,0,0,0,0,0.0,0.0,0.0,0.0,0.42600595920495776,0.426006,0,0,0.31068582180918286,0.3106858,0,0,0.4640943500226101,0.4640944,0,0,6.883383e-14
tpy365,p[mach]*0.95,1,CONVERGED,CONVERGED,2924,2924,0.9135401934619741,0.9135402,0.9261311044835894,0.9261311,0,0,0,0,-,-,143.8412729357137,143.8413,0.8934395537875419,0.8934396,0.0,0.0,0,0,0,0,0,0,0,0,0,0,0,0,0,0,0,0,0.0,0.0,0.0,0.0,0.436168391484501,0.4361684,0,0,0.3196100653774966,0.3196101,0,0,0.4759440062115775,0.475944,0,0,8.393286e-14
tpy365,p[labour.trained]*0.95,1,CONVERGED,CONVERGED,1646,1646,0.9622244900001515,0.9622245,0.9423512656338024,0.9423513,0,0,0,0,-,-,51.293294387550574,51.29329,0.9530830067700149,0.953083,0.0,0.0,0,0,0,0,0,0,0,0,0,0,0,0,0,0,0,0,0.0,0.0,0.0,0.0,0.42564788516871543,0.4256479,0,0,0.3095795032280749,0.3095795,0,0,0.46246853756816675,0.4624685,0,0,7.172041e-14
tpy365,p[labour.master]*0.95,1,CONVERGED,CONVERGED,1311,1311,0.9668514462697521,0.9668514,0.9412691705402637,0.9412692,0,0,0,0,-,-,51.293294387550574,51.29329,0.9538043733096776,0.9538044,0.0,0.0,0,0,0,0,0,0,0,0,0,0,0,0,0,0,0,0,0.0,0.0,0.0,0.0,0.42378105566938573,0.4237811,0,0,0.30804722878349544,0.3080472,0,0,0.4638341495557289,0.4638341,0,0,6.128431e-14
tpy365,p[labour]*1.2,2,CONVERGED,CONVERGED,2099,2099,0.9444316714747663,0.9444317,0.9425748601022367,0.9425748,0,0,0,0,-,-,182.32155679395458,182.3216,0.9429075901070756,0.9429076,0.0,0.0,0,0,0,0,0,0,0,0,0,0,0,0,0,0,0,0,0.0,0.0,0.0,0.0,0.4897952708428622,0.4897953,0,0,0.31106040679285185,0.3110604,0,0,0.4632250378609819,0.463225,0,0,6.616929000000001e-14
tpy365,p[land]*1.2,2,CONVERGED,CONVERGED,3560,3560,0.6975728251918446,0.6975728,0.7622334252983877,0.7622334,0,0,0,0,-,-,369.738714830611,369.7387,0.7300719734241451,0.730072,0.0,0.0,0,0,0,0,0,0,0,0,0,0,0,0,0,0,0,0,0.0,0.0,0.0,0.0,0.44833098921723025,0.448331,0,0,0.3168284636303237,0.3168285,0,0,0.47895136792716697,0.4789514,0,0,8.548717e-14
tpy365,p[services]*1.2,2,CONVERGED,CONVERGED,2780,2780,0.8432727914165429,0.8432728,0.942574842758311,0.9425748,0,0,0,0,-,-,189.07565327496766,189.0757,0.8784284338957411,0.8784284,0.0,0.0,0,0,0,0,0,0,0,0,0,0,0,0,0,0,0,0,0.0,0.0,0.0,0.0,0.445873876418882,0.4458739,0,0,0.33022642052541173,0.3302264,0,0,0.4706288891651041,0.4706289,0,0,7.349675999999999e-14
tpy365,p[goods]*1.2,2,CONVERGED,CONVERGED,2457,2457,0.9420906686963905,0.9420907,0.9258777515303432,0.9258778,0,0,0,0,-,-,182.32155679395458,182.3216,0.9348044725832627,0.9348045,0.0,0.0,0,0,0,0,0,0,0,0,0,0,0,0,0,0,0,0,0.0,0.0,0.0,0.0,0.4297498952759143,0.4297499,0,0,0.3113083579846324,0.3113084,0,0,0.48941838112074343,0.4894184,0,0,7.505108e-14
tpy365,p[mach]*1.2,2,CONVERGED,CONVERGED,2914,2914,0.8505704733533038,0.8505705,0.7483794759923954,0.7483795,0,0,0,0,-,-,182.32155679395458,182.3216,0.8398018762184659,0.8398019,0.0,0.0,0,0,0,0,0,0,0,0,0,0,0,0,0,0,0,0,0.0,0.0,0.0,0.0,0.4341847150880038,0.4341847,0,0,0.3124525570646702,0.3124526,0,0,0.47150458023620057,0.4715046,0,0,7.394085000000001e-14
tpy365,p[labour.trained]*1.2,2,CONVERGED,CONVERGED,2303,2303,0.9622028563529558,0.9622029,0.929683251009691,0.9296833,0,0,0,0,-,-,182.32155679395458,182.3216,0.9623515696029754,0.9623516,0.0,0.0,0,0,0,0,0,0,0,0,0,0,0,0,0,0,0,0,0.0,0.0,0.0,0.0,0.4270768208988559,0.4270768,0,0,0.35165809308841844,0.3516581,0,0,0.4640438106021496,0.4640438,0,0,9.836576000000001e-14
tpy365,p[labour.master]*1.2,2,CONVERGED,CONVERGED,2136,2136,0.9487867941861741,0.9487868,0.9339938541239207,0.9339939,0,0,0,0,-,-,182.32155679395458,182.3216,0.944278739753748,0.9442787,0.0,0.0,0,0,0,0,0,0,0,0,0,0,0,0,0,0,0,0,0.0,0.0,0.0,0.0,0.4258579612153525,0.425858,0,0,0.30880956441118296,0.3088096,0,0,0.5184442893319909,0.5184443,0,0,8.615331e-14
tpy365,p[labour]*0.8,2,CONVERGED,CONVERGED,3199,3199,0.7004083352231254,0.7004083,0.7194312914441013,0.7194313,0,0,0,0,-,-,356.0917779800227,356.0918,0.6994001817898401,0.6994002,0.0,0.0,0,0,0,0,0,0,0,0,0,0,0,0,0,0,0,0,0.0,0.0,0.0,0.0,0.44512714909543294,0.4451271,0,0,0.31570981654021074,0.3157098,0,0,0.47597150021957524,0.4759715,0,0,8.637535e-14
tpy365,p[land]*0.8,2,CONVERGED,CONVERGED,3127,3127,0.9048584990707,0.9048585,0.928910690525779,0.9289107,0,0,0,0,-,-,235.2449815336231,235.245,0.7862429914881722,0.786243,0.0,0.0,0,0,0,0,0,0,0,0,0,0,0,0,0,0,0,0,0.0,0.0,0.0,0.0,0.47354394689999557,0.4735439,0,0,0.3410339737166691,0.341034,0,0,0.5048265700689247,0.5048266,0,0,8.726353000000001e-14
tpy365,p[services]*0.8,2,CONVERGED,CONVERGED,3193,3193,0.795368656355823,0.7953687,0.8001582664879521,0.8001583,0,0,0,0,-,-,228.94955312551858,228.9496,0.741964693996634,0.7419647,0.0,0.0,0,0,0,0,0,0,0,0,0,0,0,0,0,0,0,0,0.0,0.0,0.0,0.0,0.43866848093261696,0.4386685,0,0,0.3161528944567684,0.3161529,0,0,0.48143530013976055,0.4814353,0,0,9.65894e-14
tpy365,p[goods]*0.8,2,CONVERGED,CONVERGED,3046,3046,0.7774401148782112,0.7774401,0.8993061519745298,0.8993062,0,0,0,0,-,-,251.74866055982574,251.7487,0.751152174684867,0.7511522,0.0,0.0,0,0,0,0,0,0,0,0,0,0,0,0,0,0,0,0,0.0,0.0,0.0,0.0,0.4350454769822984,0.4350455,0,0,0.319879277821265,0.3198793,0,0,0.47208274042395215,0.4720827,0,0,7.127632e-14
tpy365,p[mach]*0.8,2,CONVERGED,CONVERGED,3793,3793,0.6575950125444598,0.657595,0.9020266272923045,0.9020266,0,0,0,0,-,-,657.2699514559476,657.27,0.6083938856238664,0.6083939,3.2456316764318744,3.245632,0,0,0,0,0,0,0,0,0,0,0,0,0,0,0,0,0.0,0.0,0.0,0.0,0.48519289032269275,0.4851929,0,0,0.3539044048713622,0.3539044,0,0,0.5160579808303822,0.516058,0,0,9.148237999999999e-14
tpy365,p[labour.trained]*0.8,2,CONVERGED,CONVERGED,2480,2480,0.8433247617135896,0.8433248,0.9404495709383147,0.9404496,0,0,0,0,-,-,223.1435513142097,223.1436,0.8112771917467827,0.8112772,0.0,0.0,0,0,0,0,0,0,0,0,0,0,0,0,0,0,0,0,0.0,0.0,0.0,0.0,0.4346096992982177,0.4346097,0,0,0.3162628391484993,0.3162628,0,0,0.46584794072418534,0.4658479,0,0,8.126833e-14
tpy365,p[labour.master]*0.8,2,CONVERGED,CONVERGED,2134,2134,0.8608475682810129,0.8608476,0.9365255685038092,0.9365256,0,0,0,0,-,-,223.1435513142097,223.1436,0.8143811082092084,0.8143811,0.0,0.0,0,0,0,0,0,0,0,0,0,0,0,0,0,0,0,0,0.0,0.0,0.0,0.0,0.42629857279402367,0.4262986,0,0,0.3093129067189818,0.3093129,0,0,0.47198696872231427,0.471987,0,0,7.505108e-14
tpy365,s[services]=0.05,1,CONVERGED,CONVERGED,2925,2925,0.753915305887809,0.7539153,0.942574842758311,0.9425748,0,0,0,0,-,-,282.4752436920059,282.4752,0.7522293296356966,0.7522293,0.0,0.0,0,0,0,0,0,0,0,0,0,0,0,0,0,0,0,0,0.04964510114043948,0.0496451,0.0,0.0,0.4528758498992531,0.4528758,0,0,0.31562844613574054,0.3156284,0,0,0.46895949420938027,0.4689595,0,0,6.883383e-14
tpy365,s[services]=0.2,2,CONVERGED,CONVERGED,3578,3578,0.4104510523009304,0.4104511,0.942574842758311,0.9425748,19,19,0,0,-,-,890.4985964174112,890.4986,0.40857176358541447,0.4085718,0.0,0.0,0,0,0,0,0,0,11,11,19,19,0,0,0,0,0,0,0.19858040456175793,0.1985804,0.0,0.0,0.5137649302527069,0.5137649,0,0,0.3344032810761342,0.3344033,0,0,0.4833089222656545,0.4833089,0,0,5.728751000000001e-14
tpy365,s[goods]=0.05,1,CONVERGED,CONVERGED,3095,3095,0.6542880489473412,0.654288,0.942574842758311,0.9425748,0,0,0,0,-,-,429.3424432014316,429.3424,0.6510941823260763,0.6510942,0.0,0.0,0,0,0,0,0,0,0,0,0,0,0,0,0,0,0,0,0.0,0.0,0.04964510114043948,0.0496451,0.4596676744052377,0.4596677,0,0,0.31583782526483356,0.3158378,0,0,0.47370564407022475,0.4737056,0,0,1.036948e-13
tpy365,s[goods]=0.2,2,CONVERGED,CONVERGED,3746,3746,0.2814132620085951,0.2814133,0.942574842758311,0.9425748,56,56,0,0,-,-,1271.4862343842447,1271.486,0.2787304013071534,0.2787304,6.207686702113893,6.207687,0,0,0,0,0,0,47,47,15,15,56,56,0,0,0,0,0.0,0.0,0.19858040456175793,0.1985804,0.5225217316104807,0.5225217,0,0,0.3302206753356451,0.3302207,0,0,0.4995755855650631,0.4995756,0,0,7.438494e-14
tpy365,JA(1.05),1,CONVERGED,CONVERGED,2205,2205,0.9531764011313204,0.9531764,0.9201079507733686,0.920108,0,0,0,0,-,-,57.884546713854355,57.88455,0.9705632492250921,0.9705632,0.0,0.0,0,0,0,0,0,0,0,0,0,0,0,0,0,0,0,0,0.0,0.0,0.0,0.0,0.43407614417876833,0.4340761,0,0,0.3150055155883709,0.3150055,0,0,0.47110779091473926,0.4711078,0,0,7.571721e-14
tpy365,JA(0.95),1,CONVERGED,CONVERGED,3069,3069,0.8777983935246304,0.8777984,0.8996254409895945,0.8996254,0,0,0,0,-,-,183.27606419836545,183.2761,0.8638643390559413,0.8638643,0.0,0.0,0,0,0,0,0,0,0,0,0,0,0,0,0,0,0,0,0.0,0.0,0.0,0.0,0.4383886153489632,0.4383886,0,0,0.3183865876334436,0.3183866,0,0,0.47547444959831114,0.4754744,0,0,8.704149e-14
tpy365,JA(1.2),2,CONVERGED,CONVERGED,2940,2940,0.8358562398172793,0.8358562,0.8606775916282925,0.8606776,0,0,0,0,-,-,215.69842507226002,215.6984,0.896986218010897,0.8969862,0.0,0.0,0,0,0,0,0,0,0,0,0,0,0,0,0,0,0,0,0.0,0.0,0.0,0.0,0.46429827524023354,0.4642983,0,0,0.33496580426584915,0.3349658,0,0,0.497011526677716,0.4970115,0,0,8.437695e-14
tpy365,JA(0.8),2,CONVERGED,CONVERGED,3943,3943,0.558797968983021,0.558798,0.7966808993423814,0.7966809,0,0,0,0,-,-,782.1704965971255,782.1705,0.5226620015188623,0.522662,23.101836899618277,23.10184,0,0,0,0,0,0,0,0,0,0,0,0,0,0,0,0,0.0,0.0,0.0,0.0,0.49095245509499064,0.4909525,0,0,0.34000359321372814,0.3400036,0,0,0.5032277000565797,0.5032277,0,0,1.023626e-13
tpy365,JB(1.05),1,CONVERGED,CONVERGED,2726,2726,0.9328423474312568,0.9328423,0.9425748602521892,0.9425748,0,0,0,0,-,-,113.74010527117089,113.7401,0.9070015167955828,0.9070015,0.0,0.0,0,0,0,0,0,0,0,0,0,0,0,0,0,0,0,0,0.0,0.0,0.0,0.0,0.43619082221310024,0.4361908,0,0,0.32047371163696564,0.3204737,0,0,0.4838856441526222,0.4838856,0,0,7.482902999999999e-14
tpy365,JB(0.95),1,CONVERGED,CONVERGED,2449,2449,0.9302554717142101,0.9302555,0.8399882539832099,0.8399883,0,0,0,0,-,-,94.57404292358831,94.57404,0.9001017191413976,0.9001017,0.0,0.0,0,0,0,0,0,0,0,0,0,0,0,0,0,0,0,0,0.0,0.0,0.0,0.0,0.4272539264762409,0.4272539,0,0,0.3094569749183168,0.309457,0,0,0.46435831643507997,0.4643583,0,0,9.503509e-14
tpy365,JB(1.2),2,CONVERGED,CONVERGED,3473,3473,0.7719621486747984,0.7719621,0.942574859000093,0.9425748,0,0,0,0,-,-,440.6692748280415,440.6693,0.7071143259734853,0.7071143,0.0,0.0,0,0,0,0,0,0,0,0,0,0,0,0,0,0,0,0,0.0,0.0,0.0,0.0,0.47294151354261876,0.4729415,0,0,0.3541707879396816,0.3541708,0,0,0.5353977010197166,0.5353977,0,0,7.061018000000001e-14
tpy365,JB(0.8),2,CONVERGED,CONVERGED,3351,3351,0.7105467692530182,0.7105468,0.49628774012989163,0.4962877,0,0,0,0,-,-,433.96458839881325,433.9646,0.6207203168406126,0.6207203,0.0,0.0,0,0,0,0,0,0,0,0,0,0,0,0,0,0,0,0,0.0,0.0,0.0,0.0,0.4435295430185302,0.4435295,0,0,0.3158158475337658,0.3158158,0,0,0.47480418007164626,0.4748042,0,0,7.593925000000001e-14
tpy365,N(1.05),1,CONVERGED,CONVERGED,2042,2042,0.9515145423334831,0.9515145,0.906114279291736,0.9061143,0,0,0,0,-,-,49.70030877525004,49.70031,0.9981228912401114,0.9981229,0.0,0.0,0,0,0,0,0,0,0,0,0,0,0,0,0,0,0,0,0.0,0.0,0.0,0.0,0.424398228127839,0.4243982,0,0,0.3082490881720819,0.3082491,0,0,0.4624288981807855,0.4624289,0,0,9.214851000000001e-14
tpy365,N(0.95),1,CONVERGED,CONVERGED,2615,2615,0.9556490096806777,0.955649,0.942574842758311,0.9425748,0,0,0,0,-,-,79.75857879952959,79.75858,0.9131502485704518,0.9131502,0.0,0.0,0,0,0,0,0,0,0,0,0,0,0,0,0,0,0,0,0.0,0.0,0.0,0.0,0.43476903810529366,0.434769,0,0,0.3169372035744239,0.3169372,0,0,0.4758842441249493,0.4758842,0,0,8.859580000000001e-14
tpy365,N(1.2),2,CONVERGED,CONVERGED,2791,2791,0.8303008981671911,0.8303009,0.8057183285858684,0.8057183,0,0,0,0,-,-,185.967115976581,185.9671,0.9931312452047789,0.9931312,0.0,0.0,0,0,0,0,0,0,0,0,0,0,0,0,0,0,0,0,0.0,0.0,0.0,0.0,0.42800470849784544,0.4280047,0,0,0.30975475611738484,0.3097548,0,0,0.46483225864053906,0.4648323,0,0,1.0302870000000001e-13
tpy365,N(0.8),2,CONVERGED,CONVERGED,3419,3419,0.8075408899169547,0.8075409,0.942574842758311,0.9425748,0,0,0,0,-,-,358.43759306799836,358.4376,0.6630616042061763,0.6630616,0.0,0.0,0,0,0,0,0,0,0,0,0,0,0,0,0,0,0,0,0.0,0.0,0.0,0.0,0.47362633311097674,0.4736263,0,0,0.34648019996775925,0.3464802,0,0,0.5223737250314231,0.5223737,0,0,6.350476e-14
tpy365,RC(1.05),1,CONVERGED,CONVERGED,2291,2291,0.9208660191473512,0.920866,0.9388115053629031,0.9388115,0,0,0,0,-,-,82.44072654757775,82.44073,0.9187608135155682,0.9187608,0.0,0.0,0,0,0,0,0,0,0,0,0,0,0,0,0,0,0,0,0.0,0.0,0.0,0.0,0.42919314308995876,0.4291931,0,0,0.31599014182326923,0.3159901,0,0,0.4678714824601673,0.4678715,0,0,7.482902999999999e-14
tpy365,RC(0.95),1,CONVERGED,CONVERGED,2374,2374,0.9514523114196685,0.9514523,0.9131220539817914,0.9131221,0,0,0,0,-,-,51.293978255366554,51.29398,0.9503986173877838,0.9503986,0.0,0.0,0,0,0,0,0,0,0,0,0,0,0,0,0,0,0,0,0.0,0.0,0.0,0.0,0.4266155197383875,0.4266155,0,0,0.3092459020206064,0.3092459,0,0,0.47367192439110445,0.4736719,0,0,7.438494e-14
tpy365,RC(1.2),2,CONVERGED,CONVERGED,3006,3006,0.7385722965663353,0.7385723,0.9369960328221859,0.936996,0,0,0,0,-,-,303.0362853007828,303.0363,0.7401673332691627,0.7401673,0.0,0.0,0,0,0,0,0,0,0,0,0,0,0,0,0,0,0,0,0.0,0.0,0.0,0.0,0.4469909976095871,0.446991,0,0,0.33790767464800264,0.3379077,0,0,0.4870221348854817,0.4870221,0,0,6.350476e-14
tpy365,RC(0.8),2,CONVERGED,CONVERGED,3224,3224,0.802715484867864,0.8027155,0.8149164850666938,0.8149165,0,0,0,0,-,-,223.2095401505183,223.2095,0.8058472847073072,0.8058473,0.0,0.0,0,0,0,0,0,0,0,0,0,0,0,0,0,0,0,0,0.0,0.0,0.0,0.0,0.43991656841128723,0.4399166,0,0,0.31595386129116065,0.3159539,0,0,0.5130933176341098,0.5130933,0,0,7.349675999999999e-14
tpy365,RW(1.05),1,CONVERGED,CONVERGED,1655,1655,0.9640433767026926,0.9640434,0.9425748589965974,0.9425748,0,0,0,0,-,-,48.79016416943205,48.79016,0.9560067937100374,0.9560068,0.0,0.0,0,0,0,0,0,0,0,0,0,0,0,0,0,0,0,0,0.0,0.0,0.0,0.0,0.4401784427040182,0.4401784,0,0,0.30924076381220755,0.3092408,0,0,0.4625825130894291,0.4625825,0,0,8.326673e-14
tpy365,RW(0.95),1,CONVERGED,CONVERGED,2402,2402,0.9326246006250893,0.9326246,0.8912815483707605,0.8912815,0,0,0,0,-,-,71.52448350546015,71.52448,0.9322017033046546,0.9322017,0.0,0.0,0,0,0,0,0,0,0,0,0,0,0,0,0,0,0,0,0.0,0.0,0.0,0.0,0.4283247552430833,0.4283248,0,0,0.31964223106911105,0.3196422,0,0,0.4771527627296271,0.4771528,0,0,8.482104e-14
tpy365,RW(1.2),2,CONVERGED,CONVERGED,2420,2420,0.8705089283672025,0.8705089,0.9425748597597868,0.9425748,0,0,0,0,-,-,182.3215567939547,182.3216,0.8454938799480134,0.8454939,0.0,0.0,0,0,0,0,0,0,0,0,0,0,0,0,0,0,0,0,0.0,0.0,0.0,0.0,0.4897952708428622,0.4897953,0,0,0.3134092378484925,0.3134092,0,0,0.46583635420374264,0.4658364,0,0,7.105427e-14
tpy365,RW(0.8),2,CONVERGED,CONVERGED,3233,3233,0.7352667794133824,0.7352668,0.7194312914441013,0.7194313,0,0,0,0,-,-,308.6238978292946,308.6239,0.7336355978207817,0.7336356,0.0,0.0,0,0,0,0,0,0,0,0,0,0,0,0,0,0,0,0,0.0,0.0,0.0,0.0,0.4461322704415694,0.4461323,0,0,0.3620709655848398,0.362071,0,0,0.5317133992061035,0.5317134,0,0,7.371881e-14
tpy365,land.mach=0.44@genesis,2,CONVERGED,CONVERGED,3244,3244,0.801320078673556,0.8013201,0.7854902584481098,0.7854903,0,0,0,0,-,-,303.9096376118224,303.9096,0.7784667656900542,0.7784668,0.0,0.0,0,0,0,0,0,0,0,0,0,0,0,0,0,0,0,0,0.0,0.0,0.0,0.0,0.43749757209396206,0.4374976,0,0,0.3177645275098928,0.3177645,0,0,0.4739651102204837,0.4739651,0,0,8.01581e-14
tpy365,land.mach=0.44@dated,2,CONVERGED,CONVERGED,3244,3244,0.8013201219081829,0.8013201,0.785500178082801,0.7855002,0,0,0,0,-,-,303.9232566025516,303.9233,0.778454044774043,0.778454,0.0,0.0,0,0,0,0,0,0,0,0,0,0,0,0,0,0,0,0,0.0,0.0,0.0,0.0,0.437498787353601,0.4374988,0,0,0.3177680258014664,0.317768,0,0,0.4739659194947813,0.4739659,0,0,9.414691000000001e-14
tpy365,land.mach=0.36@genesis,2,CONVERGED,CONVERGED,2518,2518,0.9350931668413438,0.9350932,0.942574842758311,0.9425748,0,0,0,0,-,-,94.26368266439785,94.26368,0.9571819818061,0.957182,0.0,0.0,0,0,0,0,0,0,0,0,0,0,0,0,0,0,0,0,0.0,0.0,0.0,0.0,0.4406094562709511,0.4406095,0,0,0.317811600327144,0.3178116,0,0,0.477185929070529,0.4771859,0,0,8.437695e-14
tpy365,land.mach=0.36@dated,2,CONVERGED,CONVERGED,2518,2518,0.9350931668413435,0.9350932,0.942574842758311,0.9425748,0,0,0,0,-,-,94.26368266439785,94.26368,0.9571819818060996,0.957182,0.0,0.0,0,0,0,0,0,0,0,0,0,0,0,0,0,0,0,0,0.0,0.0,0.0,0.0,0.44061043660708826,0.4406104,0,0,0.3178118683178487,0.3178119,0,0,0.4771866557075234,0.4771867,0,0,6.128431e-14
tpy365,tail.services=0.11@genesis,2,CONVERGED,CONVERGED,2650,2650,0.9169328106074057,0.9169328,0.942574842758311,0.9425748,0,0,0,0,-,-,101.32286876111044,101.3229,0.916291085705336,0.9162911,0.0,0.0,0,0,0,0,0,0,0,0,0,0,0,0,0,0,0,0,0.0,0.0,0.0,0.0,0.4590257996119458,0.4590258,0,0,0.3094909284373344,0.3094909,0,0,0.4654019459011214,0.4654019,0,0,7.771561e-14
tpy365,tail.services=0.11@dated,2,CONVERGED,CONVERGED,2648,2648,0.9167621404121306,0.9167621,0.942574842758311,0.9425748,0,0,0,0,-,-,101.32286876111044,101.3229,0.9162282855266843,0.9162283,0.0,0.0,0,0,0,0,0,0,0,0,0,0,0,0,0,0,0,0,0.0,0.0,0.0,0.0,0.4590186418758562,0.4590186,0,0,0.3094875261404631,0.3094875,0,0,0.4653972710486466,0.4653973,0,0,8.01581e-14
tpy365,tail.services=0.09@genesis,2,CONVERGED,CONVERGED,1974,1974,0.986068573865246,0.9860686,0.8467411121432138,0.8467411,0,0,0,0,-,-,105.01347883603522,105.0135,0.970581075262723,0.9705811,0.0,0.0,0,0,0,0,0,0,0,0,0,0,0,0,0,0,0,0,0.0,0.0,0.0,0.0,0.423076923076923,0.4230769,0,0,0.3161933443151002,0.3161933,0,0,0.46430353210348707,0.4643035,0,0,7.860379e-14
tpy365,tail.services=0.09@dated,2,CONVERGED,CONVERGED,1974,1974,0.986068573865246,0.9860686,0.8467411121432138,0.8467411,0,0,0,0,-,-,105.01347883603522,105.0135,0.9705810752627232,0.9705811,0.0,0.0,0,0,0,0,0,0,0,0,0,0,0,0,0,0,0,0,0.0,0.0,0.0,0.0,0.423076923076923,0.4230769,0,0,0.3161933443151002,0.3161933,0,0,0.46430353210348724,0.4643035,0,0,7.704948e-14
tpy365,res.services.trained=0.044@genesis,2,CONVERGED,CONVERGED,2502,2502,0.9090909090909093,0.9090909,0.9202006497778994,0.9202006,0,0,0,0,-,-,139.5258573013422,139.5259,0.9091221469270615,0.9091221,0.0,0.0,0,0,0,0,0,0,0,0,0,0,0,0,0,0,0,0,0.0,0.0,0.0,0.0,0.4270328876183147,0.4270329,0,0,0.3411859203924999,0.3411859,0,0,0.46464783548979066,0.4646478,0,0,8.837375e-14
tpy365,res.services.trained=0.044@dated,2,CONVERGED,CONVERGED,2502,2502,0.9090909090909093,0.9090909,0.9201754059371439,0.9201754,0,0,0,0,-,-,139.5258573013422,139.5259,0.9091221469270614,0.9091221,0.0,0.0,0,0,0,0,0,0,0,0,0,0,0,0,0,0,0,0,0.0,0.0,0.0,0.0,0.4270309177561302,0.4270309,0,0,0.34118254863853437,0.3411825,0,0,0.4646467227896715,0.4646467,0,0,7.371881e-14
tpy365,res.services.trained=0.036@genesis,2,CONVERGED,CONVERGED,2201,2201,0.953654895787324,0.9536549,0.9347044094316092,0.9347044,0,0,0,0,-,-,147.77204421738261,147.772,0.9551426827888702,0.9551427,0.0,0.0,0,0,0,0,0,0,0,0,0,0,0,0,0,0,0,0,0.0,0.0,0.0,0.0,0.430858658864011,0.4308587,0,0,0.3076923076923077,0.3076923,0,0,0.46554618044312746,0.4655462,0,0,8.126833e-14
tpy365,res.services.trained=0.036@dated,2,CONVERGED,CONVERGED,2202,2202,0.9535619432195264,0.9535619,0.9347044094399303,0.9347044,0,0,0,0,-,-,147.77204421738261,147.772,0.9550800820138302,0.9550801,0.0,0.0,0,0,0,0,0,0,0,0,0,0,0,0,0,0,0,0,0.0,0.0,0.0,0.0,0.43086979468275605,0.4308698,0,0,0.3076923076923077,0.3076923,0,0,0.4655481695081026,0.4655482,0,0,4.596323e-14
hold,p[labour]*1.05,1,CONVERGED,CONVERGED,214,214,0.9855037693900063,0.9855038,0.9425748427583135,0.9425748,0,0,0,0,-,-,48.790164169432046,48.79016,0.985193199201799,0.9851932,0.0,0.0,0,0,0,0,0,0,0,0,0,0,0,0,0,0,0,0,0.0,0.0,0.0,0.0,0.4401784427040182,0.4401784,0,0,0.3088086790916993,0.3088087,0,0,0.46211938932619834,0.4621194,0,0,7.327472e-15
hold,p[land]*1.05,1,CONVERGED,CONVERGED,398,398,0.9104482934366988,0.9104483,0.8884922179498633,0.8884922,0,0,0,0,-,-,105.63643094981872,105.6364,0.9192202607119195,0.9192203,0.0,0.0,0,0,0,0,0,0,0,0,0,0,0,0,0,0,0,0,0.0,0.0,0.0,0.0,0.43118163697819734,0.4311816,0,0,0.3107722897071387,0.3107723,0,0,0.46760649270757465,0.4676065,0,0,5.107026e-15
hold,p[services]*1.05,1,CONVERGED,CONVERGED,304,304,0.9606957451443188,0.9606957,0.942574842758311,0.9425748,0,0,0,0,-,-,48.790164169432046,48.79016,0.9710084847796888,0.9710085,0.0,0.0,0,0,0,0,0,0,0,0,0,0,0,0,0,0,0,0,0.0,0.0,0.0,0.0,0.42903297593419476,0.429033,0,0,0.3136874798040126,0.3136875,0,0,0.46439959736579856,0.4643996,0,0,9.992007e-15
hold,p[goods]*1.05,1,CONVERGED,CONVERGED,259,259,0.9828612604684973,0.9828613,0.9367905112625229,0.9367905,0,0,0,0,-,-,48.790164169432046,48.79016,0.9821845880825495,0.9821846,0.0,0.0,0,0,0,0,0,0,0,0,0,0,0,0,0,0,0,0,0.0,0.0,0.0,0.0,0.42505563222312,0.4250556,0,0,0.30883046422837224,0.3088305,0,0,0.469450447073775,0.4694504,0,0,6.661338e-15
hold,p[mach]*1.05,1,CONVERGED,CONVERGED,321,321,0.960728706824881,0.9607287,0.8913173845832606,0.8913174,0,0,0,0,-,-,48.790164169432046,48.79016,0.9588339300655094,0.9588339,0.0,0.0,0,0,0,0,0,0,0,0,0,0,0,0,0,0,0,0,0.0,0.0,0.0,0.0,0.42615924058535254,0.4261592,0,0,0.3091005683166492,0.3091006,0,0,0.4645960915280008,0.4645961,0,0,7.1054270000000005e-15
hold,p[labour.trained]*1.05,1,CONVERGED,CONVERGED,233,233,0.9904822473119824,0.9904822,0.939391160819514,0.9393912,0,0,0,0,-,-,48.790164169432046,48.79016,0.990398668850897,0.9903987,0.0,0.0,0,0,0,0,0,0,0,0,0,0,0,0,0,0,0,0,0.0,0.0,0.0,0.0,0.4241630921685101,0.4241631,0,0,0.3190514695282653,0.3190515,0,0,0.46227435510281356,0.4622744,0,0,1.021405e-14
hold,p[labour.master]*1.05,1,CONVERGED,CONVERGED,217,217,0.9866852814816691,0.9866853,0.9394788852225402,0.9394789,0,0,0,0,-,-,48.790164169432046,48.79016,0.9863276329184787,0.9863276,0.0,0.0,0,0,0,0,0,0,0,0,0,0,0,0,0,0,0,0,0.0,0.0,0.0,0.0,0.4239868413327135,0.4239868,0,0,0.3080644401234163,0.3080644,0,0,0.47638352064909983,0.4763835,0,0,9.547918e-15
hold,p[labour]*0.95,1,CONVERGED,CONVERGED,340,340,0.9323637031672584,0.9323637,0.8912815483707605,0.8912815,0,0,0,0,-,-,70.03230097030843,70.0323,0.9301574844833915,0.9301575,0.0,0.0,0,0,0,0,0,0,0,0,0,0,0,0,0,0,0,0,0.0,0.0,0.0,0.0,0.4279876013568072,0.4279876,0,0,0.3095828030143203,0.3095828,0,0,0.4649694173757837,0.4649694,0,0,7.771561000000001e-15
hold,p[land]*0.95,1,CONVERGED,CONVERGED,350,350,0.9796095811175232,0.9796096,0.9375810426961182,0.937581,0,0,0,0,-,-,56.713565302792404,56.71357,0.9470030072532412,0.947003,0.0,0.0,0,0,0,0,0,0,0,0,0,0,0,0,0,0,0,0,0.0,0.0,0.0,0.0,0.4346413736401852,0.4346414,0,0,0.31538061350770313,0.3153806,0,0,0.47159744729239705,0.4715974,0,0,7.771561000000001e-15
hold,p[services]*0.95,1,CONVERGED,CONVERGED,359,359,0.9496577060920469,0.9496577,0.9097786450471504,0.9097786,0,0,0,0,-,-,55.83357398931816,55.83357,0.9348736636398602,0.9348737,0.0,0.0,0,0,0,0,0,0,0,0,0,0,0,0,0,0,0,0,0.0,0.0,0.0,0.0,0.42737338656070417,0.4273734,0,0,0.3098967855574229,0.3098968,0,0,0.46636251071638485,0.4663625,0,0,8.659739999999999e-15
hold,p[goods]*0.95,1,CONVERGED,CONVERGED,341,341,0.9473170081043155,0.947317,0.9286420593560035,0.9286421,0,0,0,0,-,-,54.12149196612585,54.12149,0.9379169715417561,0.937917,0.0,0.0,0,0,0,0,0,0,0,0,0,0,0,0,0,0,0,0,0.0,0.0,0.0,0.0,0.42628758048739024,0.4262876,0,0,0.3105228876522537,0.3105229,0,0,0.46465450645280043,0.4646545,0,0,8.437695e-15
hold,p[mach]*0.95,1,CONVERGED,CONVERGED,436,436,0.9210599504591535,0.92106,0.9231487667419099,0.9231488,0,0,0,0,-,-,140.4945646834201,140.4946,0.9018506024616885,0.9018506,0.0,0.0,0,0,0,0,0,0,0,0,0,0,0,0,0,0,0,0,0.0,0.0,0.0,0.0,0.4363704309330816,0.4363704,0,0,0.3193136591796177,0.3193137,0,0,0.47384361705842365,0.4738436,0,0,7.993606e-15
hold,p[labour.trained]*0.95,1,CONVERGED,CONVERGED,240,240,0.9622244900001516,0.9622245,0.9421013757067517,0.9421014,0,0,0,0,-,-,51.293294387550574,51.29329,0.9530830067700151,0.953083,0.0,0.0,0,0,0,0,0,0,0,0,0,0,0,0,0,0,0,0,0.0,0.0,0.0,0.0,0.42574272223861576,0.4257427,0,0,0.30979006673446274,0.3097901,0,0,0.4626148722592143,0.4626149,0,0,6.439294e-15
hold,p[labour.master]*0.95,1,CONVERGED,CONVERGED,192,192,0.9668514462697525,0.9668514,0.9410774452281004,0.9410774,0,0,0,0,-,-,51.293294387550574,51.29329,0.9538043733096778,0.9538044,0.0,0.0,0,0,0,0,0,0,0,0,0,0,0,0,0,0,0,0,0.0,0.0,0.0,0.0,0.4238701460808502,0.4238701,0,0,0.30814051661536196,0.3081405,0,0,0.4640128898977264,0.4640129,0,0,1.176836e-14
hold,p[labour]*1.2,2,CONVERGED,CONVERGED,321,321,0.9444316714747664,0.9444317,0.942574842758315,0.9425748,0,0,0,0,-,-,182.32155679395458,182.3216,0.9432897101993599,0.9432897,0.0,0.0,0,0,0,0,0,0,0,0,0,0,0,0,0,0,0,0,0.0,0.0,0.0,0.0,0.4897952708428622,0.4897953,0,0,0.3120256774898341,0.3120257,0,0,0.46381682280669334,0.4638168,0,0,6.8833830000000005e-15
hold,p[land]*1.2,2,CONVERGED,CONVERGED,506,506,0.7032159568810147,0.703216,0.7535404586955758,0.7535405,0,0,0,0,-,-,380.9515493899464,380.9515,0.7380616781097106,0.7380617,0.0,0.0,0,0,0,0,0,0,0,0,0,0,0,0,0,0,0,0,0.0,0.0,0.0,0.0,0.45217575123900816,0.4521758,0,0,0.3184926165687364,0.3184926,0,0,0.4824854391147757,0.4824854,0,0,7.993606e-15
hold,p[services]*1.2,2,CONVERGED,CONVERGED,409,409,0.859200144742675,0.8592001,0.942574842758311,0.9425748,0,0,0,0,-,-,182.32155679395458,182.3216,0.8939182290615947,0.8939182,0.0,0.0,0,0,0,0,0,0,0,0,0,0,0,0,0,0,0,0,0.0,0.0,0.0,0.0,0.4454016702112708,0.4454017,0,0,0.32993391035606146,0.3299339,0,0,0.4721194097819747,0.4721194,0,0,8.881784e-15
hold,p[goods]*1.2,2,CONVERGED,CONVERGED,330,330,0.9362358290152646,0.9362358,0.921113354050504,0.9211134,0,0,0,0,-,-,182.32155679395458,182.3216,0.9343937054786358,0.9343937,0.0,0.0,0,0,0,0,0,0,0,0,0,0,0,0,0,0,0,0,0.0,0.0,0.0,0.0,0.4307287369478947,0.4307287,0,0,0.3120976741200429,0.3120977,0,0,0.4909903125666456,0.4909903,0,0,7.327472e-15
hold,p[mach]*1.2,2,CONVERGED,CONVERGED,429,429,0.8561367902796604,0.8561368,0.749768964268621,0.749769,0,0,0,0,-,-,182.32155679395458,182.3216,0.8495239534144252,0.849524,0.0,0.0,0,0,0,0,0,0,0,0,0,0,0,0,0,0,0,0,0.0,0.0,0.0,0.0,0.43508535097446865,0.4350854,0,0,0.31310492376045157,0.3131049,0,0,0.4731918513655715,0.4731919,0,0,7.1054270000000005e-15
hold,p[labour.trained]*1.2,2,CONVERGED,CONVERGED,340,340,0.9629136215279733,0.9629136,0.9299599762516951,0.92996,0,0,0,0,-,-,182.32155679395458,182.3216,0.9626699304813897,0.9626699,0.0,0.0,0,0,0,0,0,0,0,0,0,0,0,0,0,0,0,0,0.0,0.0,0.0,0.0,0.4273500575238822,0.4273501,0,0,0.35165809308841833,0.3516581,0,0,0.464435018358903,0.464435,0,0,7.771561000000001e-15
hold,p[labour.master]*1.2,2,CONVERGED,CONVERGED,324,324,0.948786794186174,0.9487868,0.9306322740508762,0.9306323,0,0,0,0,-,-,182.32155679395458,182.3216,0.9474653507029782,0.9474654,0.0,0.0,0,0,0,0,0,0,0,0,0,0,0,0,0,0,0,0,0.0,0.0,0.0,0.0,0.42662683865356554,0.4266268,0,0,0.3091415683534562,0.3091416,0,0,0.5184442893319909,0.5184443,0,0,7.549517e-15
hold,p[labour]*0.8,2,CONVERGED,CONVERGED,456,456,0.7277983908115958,0.7277984,0.7194312914441013,0.7194313,0,0,0,0,-,-,317.73120483758015,317.7312,0.7210678866089203,0.7210679,0.0,0.0,0,0,0,0,0,0,0,0,0,0,0,0,0,0,0,0,0.0,0.0,0.0,0.0,0.4448281945229357,0.4448282,0,0,0.3158466912100102,0.3158467,0,0,0.4762994163135784,0.4762994,0,0,9.103829e-15
hold,p[land]*0.8,2,CONVERGED,CONVERGED,462,462,0.9048584990707003,0.9048585,0.9228202287510193,0.9228202,0,0,0,0,-,-,246.5550169923137,246.555,0.7845615830225011,0.7845616,0.0,0.0,0,0,0,0,0,0,0,0,0,0,0,0,0,0,0,0,0.0,0.0,0.0,0.0,0.47354394689999557,0.4735439,0,0,0.341033973716669,0.341034,0,0,0.5048265700689247,0.5048266,0,0,6.217249e-15
hold,p[services]*0.8,2,CONVERGED,CONVERGED,475,475,0.8000030840856821,0.8000031,0.7974122257060804,0.7974122,0,0,0,0,-,-,231.05109724288525,231.0511,0.7542637776767931,0.7542638,0.0,0.0,0,0,0,0,0,0,0,0,0,0,0,0,0,0,0,0,0.0,0.0,0.0,0.0,0.44093100627587223,0.440931,0,0,0.3161528944567684,0.3161529,0,0,0.48076994956458263,0.4807699,0,0,1.176836e-14
hold,p[goods]*0.8,2,CONVERGED,CONVERGED,454,454,0.7867028580117572,0.7867029,0.886943110961934,0.8869431,0,0,0,0,-,-,239.90466474168312,239.9047,0.7627279061368332,0.7627279,0.0,0.0,0,0,0,0,0,0,0,0,0,0,0,0,0,0,0,0,0.0,0.0,0.0,0.0,0.4365160101299778,0.436516,0,0,0.3190984568543897,0.3190985,0,0,0.4733262193508596,0.4733262,0,0,7.993606e-15
hold,p[mach]*0.8,2,CONVERGED,CONVERGED,556,556,0.6810833627894024,0.6810834,0.8866726398331048,0.8866726,0,0,0,0,-,-,638.5200113932997,638.52,0.6317726197808863,0.6317726,1.1430593983404562,1.143059,0,0,0,0,0,0,0,0,0,0,0,0,0,0,0,0,0.0,0.0,0.0,0.0,0.4859016248026864,0.4859016,0,0,0.3535043422524518,0.3535043,0,0,0.5094310418632546,0.509431,0,0,7.771561000000001e-15
hold,p[labour.trained]*0.8,2,CONVERGED,CONVERGED,357,357,0.8433247617135896,0.8433248,0.9394693683066692,0.9394694,0,0,0,0,-,-,223.14355131420984,223.1436,0.8112771917467829,0.8112772,0.0,0.0,0,0,0,0,0,0,0,0,0,0,0,0,0,0,0,0,0.0,0.0,0.0,0.0,0.4350376158340576,0.4350376,0,0,0.3172011272453828,0.3172011,0,0,0.4665164340053171,0.4665164,0,0,1.021405e-14
hold,p[labour.master]*0.8,2,CONVERGED,CONVERGED,310,310,0.8608475682810132,0.8608476,0.9355973616852175,0.9355974,0,0,0,0,-,-,223.1435513142097,223.1436,0.8143811082092085,0.8143811,0.0,0.0,0,0,0,0,0,0,0,0,0,0,0,0,0,0,0,0,0.0,0.0,0.0,0.0,0.4267424617188794,0.4267425,0,0,0.3097540567502875,0.3097541,0,0,0.47286098819978195,0.472861,0,0,1.376677e-14
hold,s[services]=0.05,1,CONVERGED,CONVERGED,430,430,0.775563185893989,0.7755632,0.942574842758311,0.9425748,0,0,0,0,-,-,254.1658220650786,254.1658,0.7662323509574446,0.7662324,0.0,0.0,0,0,0,0,0,0,0,0,0,0,0,0,0,0,0,0,0.047561471225035706,0.04756147,0.0,0.0,0.45261704019234517,0.452617,0,0,0.3160807809709266,0.3160808,0,0,0.4696116770500828,0.4696117,0,0,7.327472e-15
hold,s[services]=0.2,2,CONVERGED,CONVERGED,532,532,0.44451753348970047,0.4445175,0.942574842758311,0.9425748,3,3,0,0,-,-,810.7657793849794,810.7658,0.4333679593314612,0.433368,0.0,0.0,0,0,0,0,0,0,1,1,2,2,0,0,0,0,0,0,0.19024588490014283,0.1902459,0.0,0.0,0.5141644211879504,0.5141644,0,0,0.33440090732020855,0.3344009,0,0,0.48630990998837487,0.4863099,0,0,8.659739999999999e-15
hold,s[goods]=0.05,1,CONVERGED,CONVERGED,445,445,0.6935584763588012,0.6935585,0.942574842758311,0.9425748,0,0,0,0,-,-,370.4470625533957,370.4471,0.6760964272010822,0.6760964,0.0,0.0,0,0,0,0,0,0,0,0,0,0,0,0,0,0,0,0,0.0,0.0,0.047561471225035706,0.04756147,0.45740122727076743,0.4574012,0,0,0.3161635525877358,0.3161636,0,0,0.47688976408552264,0.4768898,0,0,1.088019e-14
hold,s[goods]=0.2,2,CONVERGED,CONVERGED,546,546,0.32995835955000186,0.3299584,0.942574842758311,0.9425748,7,7,0,0,-,-,1112.8870991874026,1112.887,0.3136131935884936,0.3136132,6.51933435442542,6.519334,0,0,0,0,0,0,4,4,2,2,7,7,0,0,0,0,0.0,0.0,0.19024588490014283,0.1902459,0.516555074198837,0.5165551,0,0,0.33205821004489,0.3320582,0,0,0.49869761864218076,0.4986976,0,0,8.659739999999999e-15
hold,JA(1.05),1,CONVERGED,CONVERGED,316,316,0.9576889954525137,0.957689,0.9193204036576711,0.9193204,0,0,0,0,-,-,55.81330425929058,55.8133,0.9792126939462867,0.9792127,0.0,0.0,0,0,0,0,0,0,0,0,0,0,0,0,0,0,0,0,0.0,0.0,0.0,0.0,0.43407614417876833,0.4340761,0,0,0.3150055155883708,0.3150055,0,0,0.47110779091473926,0.4711078,0,0,5.551115e-15
hold,JA(0.95),1,CONVERGED,CONVERGED,452,452,0.8841073247636976,0.8841073,0.8967138277254858,0.8967138,0,0,0,0,-,-,182.75723869073556,182.7572,0.8705020302383443,0.870502,0.0,0.0,0,0,0,0,0,0,0,0,0,0,0,0,0,0,0,0,0.0,0.0,0.0,0.0,0.4392045046387365,0.4392045,0,0,0.31841645067161156,0.3184165,0,0,0.4745887950839721,0.4745888,0,0,8.659739999999999e-15
hold,JA(1.2),2,CONVERGED,CONVERGED,422,422,0.8501053331245129,0.8501053,0.8570664718772982,0.8570665,0,0,0,0,-,-,207.35657701023624,207.3566,0.9275879953452203,0.927588,0.0,0.0,0,0,0,0,0,0,0,0,0,0,0,0,0,0,0,0,0.0,0.0,0.0,0.0,0.46429827524023354,0.4642983,0,0,0.33496580426584904,0.3349658,0,0,0.497011526677716,0.4970115,0,0,8.21565e-15
hold,JA(0.8),2,CONVERGED,CONVERGED,575,575,0.5777764434235921,0.5777764,0.7890306233941973,0.7890306,0,0,0,0,-,-,779.1743999564129,779.1744,0.5591010201575046,0.559101,22.247735549652017,22.24774,0,0,0,0,0,0,0,0,0,0,0,0,0,0,0,0,0.0,0.0,0.0,0.0,0.49409348207886317,0.4940935,0,0,0.3417756650572821,0.3417757,0,0,0.5027592094902786,0.5027592,0,0,7.993606e-15
hold,JB(1.05),1,CONVERGED,CONVERGED,408,408,0.9362505302523487,0.9362505,0.942574842758318,0.9425748,0,0,0,0,-,-,113.51785602149789,113.5179,0.9098099220119072,0.9098099,0.0,0.0,0,0,0,0,0,0,0,0,0,0,0,0,0,0,0,0,0.0,0.0,0.0,0.0,0.43629900047582854,0.436299,0,0,0.31994848971051554,0.3199485,0,0,0.48260915462049686,0.4826092,0,0,7.327472e-15
hold,JB(0.95),1,CONVERGED,CONVERGED,362,362,0.9305104821791231,0.9305105,0.8399882539832099,0.8399883,0,0,0,0,-,-,96.31236753094171,96.31237,0.9027170286274545,0.902717,0.0,0.0,0,0,0,0,0,0,0,0,0,0,0,0,0,0,0,0,0.0,0.0,0.0,0.0,0.42802136966624393,0.4280214,0,0,0.3097887226282365,0.3097887,0,0,0.4648892888120793,0.4648893,0,0,1.3100630000000001e-14
hold,JB(1.2),2,CONVERGED,CONVERGED,521,521,0.7821752546746843,0.7821753,0.9425748427583144,0.9425748,0,0,0,0,-,-,439.85580835699636,439.8558,0.71510996059889,0.71511,0.0,0.0,0,0,0,0,0,0,0,0,0,0,0,0,0,0,0,0,0.0,0.0,0.0,0.0,0.47363545174918426,0.4736355,0,0,0.3526793007517382,0.3526793,0,0,0.5314498324768577,0.5314498,0,0,8.881784e-15
hold,JB(0.8),2,CONVERGED,CONVERGED,488,488,0.712935584592167,0.7129356,0.49628774012989163,0.4962877,0,0,0,0,-,-,438.62756663982435,438.6276,0.6299185173899733,0.6299185,0.0,0.0,0,0,0,0,0,0,0,0,0,0,0,0,0,0,0,0,0.0,0.0,0.0,0.0,0.4476674826111567,0.4476675,0,0,0.31752934948747724,0.3175293,0,0,0.47765193175062276,0.4776519,0,0,9.547918e-15
hold,N(1.05),1,CONVERGED,CONVERGED,293,293,0.9469036384379584,0.9469036,0.9047113457379816,0.9047113,0,0,0,0,-,-,54.557945526774766,54.55795,0.9966336933901615,0.9966337,0.0,0.0,0,0,0,0,0,0,0,0,0,0,0,0,0,0,0,0,0.0,0.0,0.0,0.0,0.424566296911574,0.4245663,0,0,0.30835389097422855,0.3083539,0,0,0.46256766105805047,0.4625677,0,0,7.993606e-15
hold,N(0.95),1,CONVERGED,CONVERGED,358,358,0.958393413947964,0.9583934,0.942574842758311,0.9425748,0,0,0,0,-,-,82.4602457360881,82.46025,0.9182966539494366,0.9182967,0.0,0.0,0,0,0,0,0,0,0,0,0,0,0,0,0,0,0,0,0.0,0.0,0.0,0.0,0.435177697688655,0.4351777,0,0,0.3172711154428738,0.3172711,0,0,0.47616816112502175,0.4761682,0,0,5.995204e-15
hold,N(1.2),2,CONVERGED,CONVERGED,401,401,0.8141627345328553,0.8141627,0.7999427661164139,0.7999428,0,0,0,0,-,-,205.5950133873194,205.595,0.9890136083236376,0.9890136,0.0,0.0,0,0,0,0,0,0,0,0,0,0,0,0,0,0,0,0,0.0,0.0,0.0,0.0,0.4286752480732039,0.4286752,0,0,0.310157777075599,0.3101578,0,0,0.46537322941556697,0.4653732,0,0,1.2878590000000001e-14
hold,N(0.8),2,CONVERGED,CONVERGED,512,512,0.8192529816349958,0.819253,0.942574842758311,0.9425748,0,0,0,0,-,-,366.9964778336161,366.9965,0.6800447165804806,0.6800447,0.0,0.0,0,0,0,0,0,0,0,0,0,0,0,0,0,0,0,0,0.0,0.0,0.0,0.0,0.4751429579738844,0.475143,0,0,0.34782082701447087,0.3478208,0,0,0.5231279853834598,0.523128,0,0,7.327472e-15
hold,RC(1.05),1,CONVERGED,CONVERGED,336,336,0.9260944444917802,0.9260944,0.9369412767244344,0.9369413,0,0,0,0,-,-,76.77905764500571,76.77906,0.923909701709049,0.9239097,0.0,0.0,0,0,0,0,0,0,0,0,0,0,0,0,0,0,0,0,0.0,0.0,0.0,0.0,0.42931411116858836,0.4293141,0,0,0.3159638284917044,0.3159638,0,0,0.4691722156535055,0.4691722,0,0,1.2434500000000001e-14
hold,RC(0.95),1,CONVERGED,CONVERGED,358,358,0.9508672589172749,0.9508673,0.9112829144927442,0.9112829,0,0,0,0,-,-,51.29880589638051,51.29881,0.9502439620666282,0.950244,0.0,0.0,0,0,0,0,0,0,0,0,0,0,0,0,0,0,0,0,0.0,0.0,0.0,0.0,0.4273291852494329,0.4273292,0,0,0.31041985103769365,0.3104199,0,0,0.47409180888464564,0.4740918,0,0,7.771561000000001e-15
hold,RC(1.2),2,CONVERGED,CONVERGED,440,440,0.7533416803147095,0.7533417,0.9304865034385515,0.9304865,0,0,0,0,-,-,283.23639538152497,283.2364,0.7525492140742233,0.7525492,0.0,0.0,0,0,0,0,0,0,0,0,0,0,0,0,0,0,0,0,0.0,0.0,0.0,0.0,0.44738665706357533,0.4473867,0,0,0.3377682966835106,0.3377683,0,0,0.49324319659708094,0.4932432,0,0,1.0436100000000001e-14
hold,RC(0.8),2,CONVERGED,CONVERGED,479,479,0.7979157427582965,0.7979157,0.8062639634136712,0.806264,0,0,0,0,-,-,225.75227262279049,225.7523,0.8011157561579109,0.8011158,0.0,0.0,0,0,0,0,0,0,0,0,0,0,0,0,0,0,0,0,0.0,0.0,0.0,0.0,0.4431271853290511,0.4431272,0,0,0.32113501572379305,0.321135,0,0,0.5146384859500416,0.5146385,0,0,9.325873000000001e-15
hold,RW(1.05),1,CONVERGED,CONVERGED,241,241,0.9640433767026922,0.9640434,0.9425748427583173,0.9425748,0,0,0,0,-,-,48.79016416943205,48.79016,0.9560067937100376,0.9560068,0.0,0.0,0,0,0,0,0,0,0,0,0,0,0,0,0,0,0,0,0.0,0.0,0.0,0.0,0.4401784427040182,0.4401784,0,0,0.309371248149094,0.3093712,0,0,0.46305968039617196,0.4630597,0,0,5.329071e-15
hold,RW(0.95),1,CONVERGED,CONVERGED,346,346,0.9390346876463813,0.9390347,0.8912815483707605,0.8912815,0,0,0,0,-,-,67.38307238522833,67.38307,0.9367550685272866,0.9367551,0.0,0.0,0,0,0,0,0,0,0,0,0,0,0,0,0,0,0,0,0.0,0.0,0.0,0.0,0.42839347484553314,0.4283935,0,0,0.319642231069111,0.3196422,0,0,0.4771527627296271,0.4771528,0,0,1.2434500000000001e-14
hold,RW(1.2),2,CONVERGED,CONVERGED,349,349,0.8705089283672026,0.8705089,0.9425748427583168,0.9425748,0,0,0,0,-,-,182.32155679395458,182.3216,0.8454938799480133,0.8454939,0.0,0.0,0,0,0,0,0,0,0,0,0,0,0,0,0,0,0,0,0.0,0.0,0.0,0.0,0.4897952708428622,0.4897953,0,0,0.314060519711388,0.3140605,0,0,0.4677546172209494,0.4677546,0,0,6.8833830000000005e-15
hold,RW(0.8),2,CONVERGED,CONVERGED,462,462,0.7565857243414429,0.7565857,0.7194312914441013,0.7194313,0,0,0,0,-,-,293.1883639042799,293.1884,0.7478104019373326,0.7478104,0.0,0.0,0,0,0,0,0,0,0,0,0,0,0,0,0,0,0,0,0.0,0.0,0.0,0.0,0.44659744472046004,0.4465974,0,0,0.3620709655848397,0.362071,0,0,0.5317133992061035,0.5317134,0,0,9.325873000000001e-15
hold,land.mach=0.44@genesis,2,CONVERGED,CONVERGED,470,470,0.8146160012467155,0.814616,0.7784113701685071,0.7784114,0,0,0,0,-,-,296.70987719857897,296.7099,0.7930245794440789,0.7930246,0.0,0.0,0,0,0,0,0,0,0,0,0,0,0,0,0,0,0,0,0.0,0.0,0.0,0.0,0.438439379870828,0.4384394,0,0,0.31721284691529517,0.3172128,0,0,0.4724841413687379,0.4724841,0,0,6.217249e-15
hold,land.mach=0.44@dated,2,CONVERGED,CONVERGED,470,470,0.8145043587018851,0.8145044,0.7784022180326964,0.7784022,0,0,0,0,-,-,297.06230215359494,297.0623,0.792851794996306,0.7928518,0.0,0.0,0,0,0,0,0,0,0,0,0,0,0,0,0,0,0,0,0.0,0.0,0.0,0.0,0.43845896206883184,0.438459,0,0,0.31724716669859654,0.3172472,0,0,0.47250018585731784,0.4725002,0,0,6.439294e-15
hold,land.mach=0.36@genesis,2,CONVERGED,CONVERGED,343,343,0.935093166841344,0.9350932,0.942574842758311,0.9425748,0,0,0,0,-,-,95.23151019840394,95.23151,0.9571819818061004,0.957182,0.0,0.0,0,0,0,0,0,0,0,0,0,0,0,0,0,0,0,0,0.0,0.0,0.0,0.0,0.4410387777905324,0.4410388,0,0,0.31813622369433664,0.3181362,0,0,0.4776058446846094,0.4776058,0,0,7.1054270000000005e-15
hold,land.mach=0.36@dated,2,CONVERGED,CONVERGED,343,343,0.9350931668413436,0.9350932,0.942574842758311,0.9425748,0,0,0,0,-,-,95.23151019840394,95.23151,0.9571819818060999,0.957182,0.0,0.0,0,0,0,0,0,0,0,0,0,0,0,0,0,0,0,0,0.0,0.0,0.0,0.0,0.4410459537410932,0.441046,0,0,0.31813831642542123,0.3181383,0,0,0.4776114390138865,0.4776114,0,0,7.993606e-15
hold,tail.services=0.11@genesis,2,CONVERGED,CONVERGED,383,383,0.9183946701114846,0.9183947,0.942574842758311,0.9425748,0,0,0,0,-,-,101.32286876111044,101.3229,0.9145839359093247,0.9145839,0.0,0.0,0,0,0,0,0,0,0,0,0,0,0,0,0,0,0,0,0.0,0.0,0.0,0.0,0.4594299107151675,0.4594299,0,0,0.30968007250211727,0.3096801,0,0,0.46610612662809364,0.4661061,0,0,1.110223e-14
hold,tail.services=0.11@dated,2,CONVERGED,CONVERGED,382,382,0.9174390683733793,0.9174391,0.942574842758311,0.9425748,0,0,0,0,-,-,101.32286876111044,101.3229,0.914534618925068,0.9145346,0.0,0.0,0,0,0,0,0,0,0,0,0,0,0,0,0,0,0,0,0.0,0.0,0.0,0.0,0.45940203351676756,0.459402,0,0,0.30965647485066533,0.3096565,0,0,0.4660870439727774,0.466087,0,0,6.661338e-15
hold,tail.services=0.09@genesis,2,CONVERGED,CONVERGED,285,285,0.9853827212486429,0.9853827,0.8467410968465994,0.8467411,0,0,0,0,-,-,105.01347883603562,105.0135,0.9705810752627232,0.9705811,0.0,0.0,0,0,0,0,0,0,0,0,0,0,0,0,0,0,0,0,0.0,0.0,0.0,0.0,0.423076923076923,0.4230769,0,0,0.3165935122421771,0.3165935,0,0,0.4646532337065069,0.4646532,0,0,7.549517e-15
hold,tail.services=0.09@dated,2,CONVERGED,CONVERGED,285,285,0.9853827212486429,0.9853827,0.8467410968465994,0.8467411,0,0,0,0,-,-,105.01347883603562,105.0135,0.9705810752627232,0.9705811,0.0,0.0,0,0,0,0,0,0,0,0,0,0,0,0,0,0,0,0,0.0,0.0,0.0,0.0,0.423076923076923,0.4230769,0,0,0.3165935122421771,0.3165935,0,0,0.4646532337065069,0.4646532,0,0,5.77316e-15
hold,res.services.trained=0.044@genesis,2,CONVERGED,CONVERGED,369,369,0.9090909090909092,0.9090909,0.9195838684372521,0.9195839,0,0,0,0,-,-,139.5258573013426,139.5259,0.9092884261098222,0.9092884,0.0,0.0,0,0,0,0,0,0,0,0,0,0,0,0,0,0,0,0,0.0,0.0,0.0,0.0,0.4276051902672566,0.4276052,0,0,0.342374393258659,0.3423744,0,0,0.46548678893502454,0.4654868,0,0,7.549517e-15
hold,res.services.trained=0.044@dated,2,CONVERGED,CONVERGED,369,369,0.9090909090909091,0.9090909,0.9194010063645232,0.919401,0,0,0,0,-,-,139.5258573013426,139.5259,0.9092884261098221,0.9092884,0.0,0.0,0,0,0,0,0,0,0,0,0,0,0,0,0,0,0,0,0.0,0.0,0.0,0.0,0.4275896468304819,0.4275896,0,0,0.34235147177960723,0.3423515,0,0,0.46547799489337477,0.465478,0,0,9.769963000000001e-15
hold,res.services.trained=0.036@genesis,2,CONVERGED,CONVERGED,319,319,0.956845448737516,0.9568454,0.9347043932400089,0.9347044,0,0,0,0,-,-,147.77204421738224,147.772,0.9593875740638688,0.9593876,0.0,0.0,0,0,0,0,0,0,0,0,0,0,0,0,0,0,0,0,0.0,0.0,0.0,0.0,0.430670934839842,0.4306709,0,0,0.30769230769230765,0.3076923,0,0,0.4660710023977645,0.466071,0,0,7.549517e-15
hold,res.services.trained=0.036@dated,2,CONVERGED,CONVERGED,320,320,0.9562681113888851,0.9562681,0.9347043932400085,0.9347044,0,0,0,0,-,-,147.77204421738224,147.772,0.9590617832504724,0.9590618,0.0,0.0,0,0,0,0,0,0,0,0,0,0,0,0,0,0,0,0,0.0,0.0,0.0,0.0,0.43074567099088645,0.4307457,0,0,0.30769230769230765,0.3076923,0,0,0.4660902540352322,0.4660903,0,0,7.549517e-15
tilt1,p[labour]*1.05,1,CONVERGED,CONVERGED,154,154,0.9719102305128433,0.9719102,0.9425748427583209,0.9425748,0,0,0,0,-,-,48.790164169432046,48.79016,0.9720482516288986,0.9720483,0.0,0.0,0,0,0,0,0,0,0,0,0,0,0,0,0,0,0,0,0.0,0.0,0.0,0.0,0.4401784427040182,0.4401784,0,0,0.30858134578999746,0.3085813,0,0,0.4619815244724122,0.4619815,0,0,8.659739999999999e-15
tilt1,p[land]*1.05,1,CONVERGED,CONVERGED,329,329,0.9186219108411976,0.9186219,0.9039100293084408,0.90391,0,0,0,0,-,-,90.02467155675023,90.02467,0.9212862956277026,0.9212863,0.0,0.0,0,0,0,0,0,0,0,0,0,0,0,0,0,0,0,0,0.0,0.0,0.0,0.0,0.428517366754104,0.4285174,0,0,0.3094774033512896,0.3094774,0,0,0.46421250496293764,0.4642125,0,0,1.2434500000000001e-14
tilt1,p[services]*1.05,1,CONVERGED,CONVERGED,250,250,0.9342008399713846,0.9342008,0.942574842758311,0.9425748,0,0,0,0,-,-,68.06383178010354,68.06383,0.934345441338388,0.9343454,0.0,0.0,0,0,0,0,0,0,0,0,0,0,0,0,0,0,0,0,0.0,0.0,0.0,0.0,0.42981250505012736,0.4298125,0,0,0.31447352947097224,0.3144735,0,0,0.4634955054516468,0.4634955,0,0,1.132427e-14
tilt1,p[goods]*1.05,1,CONVERGED,CONVERGED,202,202,0.9668441199547473,0.9668441,0.9393815601907541,0.9393816,0,0,0,0,-,-,48.790164169432046,48.79016,0.949499006442204,0.949499,0.0,0.0,0,0,0,0,0,0,0,0,0,0,0,0,0,0,0,0,0.0,0.0,0.0,0.0,0.4243857384248465,0.4243857,0,0,0.3082181045835125,0.3082181,0,0,0.4704524711624433,0.4704525,0,0,1.176836e-14
tilt1,p[mach]*1.05,1,CONVERGED,CONVERGED,257,257,0.9324143701645503,0.9324144,0.8925495813412074,0.8925496,0,0,0,0,-,-,69.9779599224068,69.97796,0.9324492829683226,0.9324493,0.0,0.0,0,0,0,0,0,0,0,0,0,0,0,0,0,0,0,0,0.0,0.0,0.0,0.0,0.425010234211182,0.4250102,0,0,0.3083178675365406,0.3083179,0,0,0.4632077106241057,0.4632077,0,0,1.265654e-14
tilt1,p[labour.trained]*1.05,1,CONVERGED,CONVERGED,190,190,0.9817208323771666,0.9817208,0.9391618489539465,0.9391618,0,0,0,0,-,-,48.790164169432046,48.79016,0.981702328471555,0.9817023,0.0,0.0,0,0,0,0,0,0,0,0,0,0,0,0,0,0,0,0,0.0,0.0,0.0,0.0,0.4243792073352816,0.4243792,0,0,0.3190514695282653,0.3190515,0,0,0.46231517772834146,0.4623152,0,0,1.154632e-14
tilt1,p[labour.master]*1.05,1,CONVERGED,CONVERGED,179,179,0.9741854507525104,0.9741855,0.9409538026770814,0.9409538,0,0,0,0,-,-,48.790164169432046,48.79016,0.9739609726365712,0.973961,0.0,0.0,0,0,0,0,0,0,0,0,0,0,0,0,0,0,0,0,0.0,0.0,0.0,0.0,0.42407057546258503,0.4240706,0,0,0.308166803031092,0.3081668,0,0,0.47638352064909983,0.4763835,0,0,1.2878590000000001e-14
tilt1,p[labour]*0.95,1,CONVERGED,CONVERGED,283,283,0.9211870845852359,0.9211871,0.8912815483707605,0.8912815,0,0,0,0,-,-,82.09213134097324,82.09213,0.9194996894452088,0.9194997,0.0,0.0,0,0,0,0,0,0,0,0,0,0,0,0,0,0,0,0,0.0,0.0,0.0,0.0,0.42752536766470406,0.4275254,0,0,0.31001326947550595,0.3100133,0,0,0.4655906065644,0.4655906,0,0,1.154632e-14
tilt1,p[land]*0.95,1,CONVERGED,CONVERGED,289,289,0.959347503320008,0.9593475,0.9414159880872759,0.941416,0,0,0,0,-,-,56.41736327233781,56.41736,0.9260765797814166,0.9260766,0.0,0.0,0,0,0,0,0,0,0,0,0,0,0,0,0,0,0,0,0.0,0.0,0.0,0.0,0.43512334380911816,0.4351233,0,0,0.31538061350770313,0.3153806,0,0,0.47159744729239705,0.4715974,0,0,1.065814e-14
tilt1,p[services]*0.95,1,CONVERGED,CONVERGED,291,291,0.9523392877887054,0.9523393,0.9164136836314513,0.9164137,0,0,0,0,-,-,51.293294387550695,51.29329,0.9424656611803038,0.9424657,0.0,0.0,0,0,0,0,0,0,0,0,0,0,0,0,0,0,0,0,0.0,0.0,0.0,0.0,0.4265059953536276,0.426506,0,0,0.3097633579463425,0.3097634,0,0,0.465492258241266,0.4654923,0,0,9.547918e-15
tilt1,p[goods]*0.95,1,CONVERGED,CONVERGED,275,275,0.9523392877887055,0.9523393,0.9381244822665438,0.9381245,0,0,0,0,-,-,51.293294387550574,51.29329,0.9403222043074732,0.9403222,0.0,0.0,0,0,0,0,0,0,0,0,0,0,0,0,0,0,0,0,0.0,0.0,0.0,0.0,0.42600595920495776,0.426006,0,0,0.3104409016833377,0.3104409,0,0,0.4640943500226101,0.4640944,0,0,1.021405e-14
tilt1,p[mach]*0.95,1,CONVERGED,CONVERGED,352,352,0.9170438139248805,0.9170438,0.9425748427583185,0.9425748,0,0,0,0,-,-,129.66029405770107,129.6603,0.8739994838019324,0.8739995,0.0,0.0,0,0,0,0,0,0,0,0,0,0,0,0,0,0,0,0,0.0,0.0,0.0,0.0,0.4364217614898061,0.4364218,0,0,0.3194424434489328,0.3194424,0,0,0.47830282034724947,0.4783028,0,0,1.154632e-14
tilt1,p[labour.trained]*0.95,1,CONVERGED,CONVERGED,179,179,0.9622244900001516,0.9622245,0.942574842758311,0.9425748,0,0,0,0,-,-,51.293294387550574,51.29329,0.9444736272816497,0.9444736,0.0,0.0,0,0,0,0,0,0,0,0,0,0,0,0,0,0,0,0,0.0,0.0,0.0,0.0,0.42509598682779,0.425096,0,0,0.30870914690280327,0.3087091,0,0,0.46198338841103304,0.4619834,0,0,1.132427e-14
tilt1,p[labour.master]*0.95,1,CONVERGED,CONVERGED,151,151,0.9668514462697525,0.9668514,0.9411279410569218,0.9411279,0,0,0,0,-,-,51.293294387550574,51.29329,0.9415663286310509,0.9415663,0.0,0.0,0,0,0,0,0,0,0,0,0,0,0,0,0,0,0,0,0.0,0.0,0.0,0.0,0.42360624577502926,0.4236062,0,0,0.30787728534023806,0.3078773,0,0,0.46295462561523104,0.4629546,0,0,8.437695e-15
tilt1,p[labour]*1.2,2,CONVERGED,CONVERGED,247,247,0.8943925794253755,0.8943926,0.9425748427583204,0.9425748,0,0,0,0,-,-,182.32155679395458,182.3216,0.8949398340295385,0.8949398,0.0,0.0,0,0,0,0,0,0,0,0,0,0,0,0,0,0,0,0,0.0,0.0,0.0,0.0,0.4897952708428622,0.4897953,0,0,0.3111462196277656,0.3111462,0,0,0.46318185281314506,0.4631819,0,0,1.154632e-14
tilt1,p[land]*1.2,2,CONVERGED,CONVERGED,424,424,0.7257632583726709,0.7257633,0.807176559354037,0.8071766,0,0,0,0,-,-,348.27964879080855,348.2796,0.7473909384001751,0.7473909,0.0,0.0,0,0,0,0,0,0,0,0,0,0,0,0,0,0,0,0,0.0,0.0,0.0,0.0,0.44236397429573227,0.442364,0,0,0.3139043387190166,0.3139043,0,0,0.47083512218217544,0.4708351,0,0,9.325873000000001e-15
tilt1,p[services]*1.2,2,CONVERGED,CONVERGED,345,345,0.764614815708263,0.7646148,0.942574842758311,0.9425748,0,0,0,0,-,-,268.3830808368501,268.3831,0.7658451549951368,0.7658452,0.0,0.0,0,0,0,0,0,0,0,0,0,0,0,0,0,0,0,0,0.0,0.0,0.0,0.0,0.448957731168237,0.4489577,0,0,0.33360743494496037,0.3336074,0,0,0.4690928519350638,0.4690929,0,0,1.265654e-14
tilt1,p[goods]*1.2,2,CONVERGED,CONVERGED,293,293,0.8774350031182633,0.877435,0.9307065425476913,0.9307065,0,0,0,0,-,-,182.32155679395458,182.3216,0.823448755309206,0.8234488,0.0,0.0,0,0,0,0,0,0,0,0,0,0,0,0,0,0,0,0,0.0,0.0,0.0,0.0,0.42812890587481506,0.4281289,0,0,0.3097043687890097,0.3097044,0,0,0.49509124663910065,0.4950912,0,0,9.992007e-15
tilt1,p[mach]*1.2,2,CONVERGED,CONVERGED,342,342,0.766191649309062,0.7661916,0.756170370737938,0.7561704,0,0,0,0,-,-,266.3229456146289,266.3229,0.7659053087970016,0.7659053,0.0,0.0,0,0,0,0,0,0,0,0,0,0,0,0,0,0,0,0,0.0,0.0,0.0,0.0,0.4306783123255302,0.4306783,0,0,0.3101311944600766,0.3101312,0,0,0.46800601567290706,0.468006,0,0,1.065814e-14
tilt1,p[labour.trained]*1.2,2,CONVERGED,CONVERGED,287,287,0.9297925223815998,0.9297925,0.9290414813373279,0.9290415,0,0,0,0,-,-,182.32155679395458,182.3216,0.9297432156600137,0.9297432,0.0,0.0,0,0,0,0,0,0,0,0,0,0,0,0,0,0,0,0,0.0,0.0,0.0,0.0,0.42822133248443606,0.4282213,0,0,0.35165809308841833,0.3516581,0,0,0.46455869246945214,0.4645587,0,0,1.2878590000000001e-14
tilt1,p[labour.master]*1.2,2,CONVERGED,CONVERGED,275,275,0.902466907972406,0.9024669,0.9364154878183115,0.9364155,0,0,0,0,-,-,182.32155679395458,182.3216,0.9017138367564923,0.9017138,0.0,0.0,0,0,0,0,0,0,0,0,0,0,0,0,0,0,0,0,0.0,0.0,0.0,0.0,0.42692128993397105,0.4269213,0,0,0.30947773961969666,0.3094777,0,0,0.5184442893319909,0.5184443,0,0,1.2878590000000001e-14
tilt1,p[labour]*0.8,2,CONVERGED,CONVERGED,390,390,0.6863865002932074,0.6863865,0.7194312914441013,0.7194313,0,0,0,0,-,-,376.31439840679144,376.3144,0.6815830968308705,0.6815831,0.0,0.0,0,0,0,0,0,0,0,0,0,0,0,0,0,0,0,0,0.0,0.0,0.0,0.0,0.4437554646943318,0.4437555,0,0,0.3178712103062132,0.3178712,0,0,0.47873961431220247,0.4787396,0,0,1.154632e-14
tilt1,p[land]*0.8,2,CONVERGED,CONVERGED,393,393,0.7955301644616052,0.7955302,0.9384215351365373,0.9384215,0,0,0,0,-,-,248.07065165744962,248.0707,0.6858927482152094,0.6858927,0.0,0.0,0,0,0,0,0,0,0,0,0,0,0,0,0,0,0,0,0.0,0.0,0.0,0.0,0.478073359567126,0.4780734,0,0,0.341033973716669,0.341034,0,0,0.5048265700689247,0.5048266,0,0,1.088019e-14
tilt1,p[services]*0.8,2,CONVERGED,CONVERGED,392,392,0.8079189532963348,0.807919,0.8287742518828677,0.8287743,0,0,0,0,-,-,223.1435513142097,223.1436,0.7745642970359768,0.7745643,0.0,0.0,0,0,0,0,0,0,0,0,0,0,0,0,0,0,0,0,0.0,0.0,0.0,0.0,0.43681187239212954,0.4368119,0,0,0.3161528944567684,0.3161529,0,0,0.4768883483282104,0.4768883,0,0,1.132427e-14
tilt1,p[goods]*0.8,2,CONVERGED,CONVERGED,372,372,0.8079189532963349,0.807919,0.9258335004675524,0.9258335,0,0,0,0,-,-,223.1435513142097,223.1436,0.7743650762111938,0.7743651,0.0,0.0,0,0,0,0,0,0,0,0,0,0,0,0,0,0,0,0,0.0,0.0,0.0,0.0,0.4350454769822984,0.4350455,0,0,0.31880081861073095,0.3188008,0,0,0.47194739642776573,0.4719474,0,0,1.065814e-14
tilt1,p[mach]*0.8,2,CONVERGED,CONVERGED,468,468,0.6759844040647748,0.6759844,0.9425748427583199,0.9425748,0,0,0,0,-,-,606.7748952549238,606.7749,0.5569577573558119,0.5569578,0.0,0.0,0,0,0,0,0,0,0,0,0,0,0,0,0,0,0,0,0.0,0.0,0.0,0.0,0.4868013010849593,0.4868013,0,0,0.36077582832022087,0.3607758,0,0,0.5347894773641431,0.5347895,0,0,1.5321080000000002e-14
tilt1,p[labour.trained]*0.8,2,CONVERGED,CONVERGED,283,283,0.8433247617135896,0.8433248,0.942574842758311,0.9425748,0,0,0,0,-,-,223.14355131420984,223.1436,0.7819642395685686,0.7819642,0.0,0.0,0,0,0,0,0,0,0,0,0,0,0,0,0,0,0,0,0.0,0.0,0.0,0.0,0.43224478490204976,0.4322448,0,0,0.31235142669455573,0.3123514,0,0,0.46347195734578367,0.463472,0,0,1.088019e-14
tilt1,p[labour.master]*0.8,2,CONVERGED,CONVERGED,251,251,0.8608475682810132,0.8608476,0.9365199480294194,0.9365199,0,0,0,0,-,-,223.1435513142097,223.1436,0.772586071547882,0.7725861,0.0,0.0,0,0,0,0,0,0,0,0,0,0,0,0,0,0,0,0,0.0,0.0,0.0,0.0,0.4254712301401692,0.4254712,0,0,0.3085259745608716,0.308526,0,0,0.46813809840922904,0.4681381,0,0,9.547918e-15
tilt1,s[services]=0.05,1,CONVERGED,CONVERGED,372,372,0.7721947179694894,0.7721947,0.942574842758311,0.9425748,0,0,0,0,-,-,258.5185354117474,258.5185,0.7728658677773227,0.7728659,0.0,0.0,0,0,0,0,0,0,0,0,0,0,0,0,0,0,0,0,0.047561471225035706,0.04756147,0.0,0.0,0.45756763952747104,0.4575676,0,0,0.3168437793469473,0.3168438,0,0,0.46933770648322803,0.4693377,0,0,9.103829e-15
tilt1,s[services]=0.2,2,CONVERGED,CONVERGED,464,464,0.45467439436493584,0.4546744,0.942574842758311,0.9425748,2,2,0,0,-,-,788.1737329874588,788.1737,0.45595116650999534,0.4559512,0.0,0.0,0,0,0,0,0,0,0,0,2,2,0,0,0,0,0,0,0.19024588490014283,0.1902459,0.0,0.0,0.5308792817300644,0.5308793,0,0,0.33655577740993375,0.3365558,0,0,0.48195544861939366,0.4819554,0,0,1.110223e-14
tilt1,s[goods]=0.05,1,CONVERGED,CONVERGED,392,392,0.6523418517990407,0.6523419,0.942574842758311,0.9425748,0,0,0,0,-,-,427.18654188408044,427.1865,0.653378245977909,0.6533782,0.0,0.0,0,0,0,0,0,0,0,0,0,0,0,0,0,0,0,0,0.0,0.0,0.047561471225035706,0.04756147,0.4663996270286951,0.4663996,0,0,0.3178069108594076,0.3178069,0,0,0.48242221391203155,0.4824222,0,0,1.154632e-14
tilt1,s[goods]=0.2,2,CONVERGED,CONVERGED,481,481,0.30645764226151173,0.3064576,0.942574842758311,0.9425748,9,9,0,0,-,-,1182.6757313241058,1182.676,0.3079081109244968,0.3079081,2.469080178972139,2.46908,0,0,0,0,0,0,4,4,0,0,9,9,0,0,0,0,0.0,0.0,0.19024588490014283,0.1902459,0.544223884278933,0.5442239,0,0,0.3373185865596586,0.3373186,0,0,0.5105398355081341,0.5105398,0,0,1.398881e-14
tilt1,JA(1.05),1,CONVERGED,CONVERGED,257,257,0.9586836268814618,0.9586836,0.9321174597687214,0.9321175,0,0,0,0,-,-,52.36631826348142,52.36632,0.9767575702322643,0.9767576,0.0,0.0,0,0,0,0,0,0,0,0,0,0,0,0,0,0,0,0,0.0,0.0,0.0,0.0,0.43407614417876833,0.4340761,0,0,0.3150055155883708,0.3150055,0,0,0.47110779091473926,0.4711078,0,0,1.176836e-14
tilt1,JA(0.95),1,CONVERGED,CONVERGED,375,375,0.8933322786438127,0.8933323,0.9207823648605017,0.9207824,0,0,0,0,-,-,168.67356084455326,168.6736,0.8638107863810562,0.8638108,0.0,0.0,0,0,0,0,0,0,0,0,0,0,0,0,0,0,0,0,0.0,0.0,0.0,0.0,0.43806684546711383,0.4380668,0,0,0.3187319569290048,0.318732,0,0,0.4779706129672418,0.4779706,0,0,1.110223e-14
tilt1,JA(1.2),2,CONVERGED,CONVERGED,351,351,0.8527393365038027,0.8527393,0.9027100404006757,0.90271,0,0,0,0,-,-,195.66983686772957,195.6698,0.9174976333063012,0.9174976,0.0,0.0,0,0,0,0,0,0,0,0,0,0,0,0,0,0,0,0,0.0,0.0,0.0,0.0,0.46429827524023354,0.4642983,0,0,0.33496580426584904,0.3349658,0,0,0.497011526677716,0.4970115,0,0,1.110223e-14
tilt1,JA(0.8),2,CONVERGED,CONVERGED,488,488,0.6081919632069948,0.608192,0.8796942114486895,0.8796942,0,0,0,0,-,-,710.8498426311838,710.8498,0.5073267570412717,0.5073268,0.0,0.0,0,0,0,0,0,0,0,0,0,0,0,0,0,0,0,0,0.0,0.0,0.0,0.0,0.4889075128109428,0.4889075,0,0,0.3507704658499289,0.3507705,0,0,0.5252979131571003,0.5252979,0,0,1.132427e-14
tilt1,JB(1.05),1,CONVERGED,CONVERGED,324,324,0.9237163962072051,0.9237164,0.9425748427583194,0.9425748,0,0,0,0,-,-,110.55362274294342,110.5536,0.8826402086722587,0.8826402,0.0,0.0,0,0,0,0,0,0,0,0,0,0,0,0,0,0,0,0,0.0,0.0,0.0,0.0,0.43684689793655734,0.4368469,0,0,0.3210866588335785,0.3210867,0,0,0.48554996230800274,0.48555,0,0,1.132427e-14
tilt1,JB(0.95),1,CONVERGED,CONVERGED,295,295,0.9076012659013571,0.9076013,0.8399882539832099,0.8399883,0,0,0,0,-,-,96.95013129849278,96.95013,0.8892585380666174,0.8892585,0.0,0.0,0,0,0,0,0,0,0,0,0,0,0,0,0,0,0,0,0.0,0.0,0.0,0.0,0.42543167987498653,0.4254317,0,0,0.3084661763095567,0.3084662,0,0,0.4632581057099149,0.4632581,0,0,1.021405e-14
tilt1,JB(1.2),2,CONVERGED,CONVERGED,431,431,0.7392940457970496,0.739294,0.9425748427583216,0.9425748,0,0,0,0,-,-,435.9679194759921,435.9679,0.6383226701116717,0.6383227,0.0,0.0,0,0,0,0,0,0,0,0,0,0,0,0,0,0,0,0,0.0,0.0,0.0,0.0,0.47814582050995735,0.4781458,0,0,0.3598823700796095,0.3598824,0,0,0.5463647030785322,0.5463647,0,0,1.154632e-14
tilt1,JB(0.8),2,CONVERGED,CONVERGED,405,405,0.6372058082176343,0.6372058,0.49628774012989163,0.4962877,0,0,0,0,-,-,450.66258576864965,450.6626,0.5852633654621252,0.5852634,0.0,0.0,0,0,0,0,0,0,0,0,0,0,0,0,0,0,0,0,0.0,0.0,0.0,0.0,0.4349979789961167,0.434998,0,0,0.3114924787351475,0.3114925,0,0,0.4691546257264305,0.4691546,0,0,1.154632e-14
tilt1,N(1.05),1,CONVERGED,CONVERGED,259,259,0.9469036384379584,0.9469036,0.9104475087188934,0.9104475,0,0,0,0,-,-,54.557945526774766,54.55795,0.9955126472864055,0.9955126,0.0,0.0,0,0,0,0,0,0,0,0,0,0,0,0,0,0,0,0,0.0,0.0,0.0,0.0,0.4237250765885863,0.4237251,0,0,0.30790042154659986,0.3079004,0,0,0.46189269035647057,0.4618927,0,0,1.110223e-14
tilt1,N(0.95),1,CONVERGED,CONVERGED,313,313,0.9604896361405032,0.9604896,0.942574842758311,0.9425748,0,0,0,0,-,-,73.43914650795143,73.43915,0.9183692475235543,0.9183692,0.0,0.0,0,0,0,0,0,0,0,0,0,0,0,0,0,0,0,0,0.0,0.0,0.0,0.0,0.4348462302000168,0.4348462,0,0,0.3167080858221867,0.3167081,0,0,0.47622697243479606,0.476227,0,0,1.421085e-14
tilt1,N(1.2),2,CONVERGED,CONVERGED,355,355,0.8141627345328553,0.8141627,0.8211299939404204,0.82113,0,0,0,0,-,-,205.5950133873194,205.595,0.98578418437661,0.9857842,0.0,0.0,0,0,0,0,0,0,0,0,0,0,0,0,0,0,0,0,0.0,0.0,0.0,0.0,0.42551730062914334,0.4255173,0,0,0.3084731764030161,0.3084732,0,0,0.4628687221467722,0.4628687,0,0,8.881784e-15
tilt1,N(0.8),2,CONVERGED,CONVERGED,424,424,0.8259095052922251,0.8259095,0.942574842758311,0.9425748,0,0,0,0,-,-,335.4074984082238,335.4075,0.680045665455495,0.6800457,0.0,0.0,0,0,0,0,0,0,0,0,0,0,0,0,0,0,0,0,0.0,0.0,0.0,0.0,0.4752694396986376,0.4752694,0,0,0.34795080430903147,0.3479508,0,0,0.5266205533801154,0.5266206,0,0,1.3100630000000001e-14
tilt1,RC(1.05),1,CONVERGED,CONVERGED,259,259,0.9211272290716896,0.9211272,0.942574842758311,0.9425748,0,0,0,0,-,-,82.15710995306294,82.15711,0.9208187138101396,0.9208187,0.0,0.0,0,0,0,0,0,0,0,0,0,0,0,0,0,0,0,0,0.0,0.0,0.0,0.0,0.42954202380981915,0.429542,0,0,0.3157538421906095,0.3157538,0,0,0.46490093131297117,0.4649009,0,0,1.132427e-14
tilt1,RC(0.95),1,CONVERGED,CONVERGED,240,240,0.9446916822578062,0.9446917,0.9178473641041321,0.9178474,0,0,0,0,-,-,56.89666688452418,56.89667,0.9454649013349328,0.9454649,0.0,0.0,0,0,0,0,0,0,0,0,0,0,0,0,0,0,0,0,0.0,0.0,0.0,0.0,0.4250251931197654,0.4250252,0,0,0.30848225608523194,0.3084823,0,0,0.47347745845548206,0.4734775,0,0,1.021405e-14
tilt1,RC(1.2),2,CONVERGED,CONVERGED,350,350,0.721356010105763,0.721356,0.942574842758311,0.9425748,0,0,0,0,-,-,326.622490877975,326.6225,0.7258430492089419,0.725843,0.0,0.0,0,0,0,0,0,0,0,0,0,0,0,0,0,0,0,0,0.0,0.0,0.0,0.0,0.44916301102496137,0.449163,0,0,0.3383479712390734,0.338348,0,0,0.4751433040583775,0.4751433,0,0,1.154632e-14
tilt1,RC(0.8),2,CONVERGED,CONVERGED,348,348,0.7746720951964713,0.7746721,0.8399852424422636,0.8399852,0,0,0,0,-,-,263.8240937114906,263.8241,0.7823479887100263,0.782348,0.0,0.0,0,0,0,0,0,0,0,0,0,0,0,0,0,0,0,0,0.0,0.0,0.0,0.0,0.43180507813387503,0.4318051,0,0,0.3112307870393688,0.3112308,0,0,0.5128673981230238,0.5128674,0,0,7.771561000000001e-15
tilt1,RW(1.05),1,CONVERGED,CONVERGED,207,207,0.9640433767026922,0.9640434,0.9425748427583176,0.9425748,0,0,0,0,-,-,48.79016416943205,48.79016,0.9443245935458253,0.9443246,0.0,0.0,0,0,0,0,0,0,0,0,0,0,0,0,0,0,0,0,0.0,0.0,0.0,0.0,0.4401784427040182,0.4401784,0,0,0.3091944538395861,0.3091945,0,0,0.46223588889202044,0.4622359,0,0,1.110223e-14
tilt1,RW(0.95),1,CONVERGED,CONVERGED,293,293,0.9328555323710863,0.9328555,0.8912815483707605,0.8912815,0,0,0,0,-,-,69.50493217005585,69.50493,0.9302137296252949,0.9302137,0.0,0.0,0,0,0,0,0,0,0,0,0,0,0,0,0,0,0,0,0.0,0.0,0.0,0.0,0.4282932059672892,0.4282932,0,0,0.319642231069111,0.3196422,0,0,0.4771527627296271,0.4771528,0,0,1.398881e-14
tilt1,RW(1.2),2,CONVERGED,CONVERGED,291,291,0.8705089283672028,0.8705089,0.9425748427583182,0.9425748,0,0,0,0,-,-,182.32155679395458,182.3216,0.8093337614199457,0.8093338,0.0,0.0,0,0,0,0,0,0,0,0,0,0,0,0,0,0,0,0,0.0,0.0,0.0,0.0,0.4897952708428622,0.4897953,0,0,0.313392588149808,0.3133926,0,0,0.464265523095091,0.4642655,0,0,1.132427e-14
tilt1,RW(0.8),2,CONVERGED,CONVERGED,401,401,0.7368764498710173,0.7368764,0.7194312914441013,0.7194313,0,0,0,0,-,-,305.33504009818154,305.335,0.7275573111741496,0.7275573,0.0,0.0,0,0,0,0,0,0,0,0,0,0,0,0,0,0,0,0,0.0,0.0,0.0,0.0,0.44714052678422544,0.4471405,0,0,0.3620709655848397,0.362071,0,0,0.5317133992061035,0.5317134,0,0,1.221245e-14
tilt1,land.mach=0.44@genesis,2,CONVERGED,CONVERGED,394,394,0.8289229809126727,0.828923,0.8261981393914123,0.8261981,0,0,0,0,-,-,278.66461232336366,278.6646,0.7838074650422501,0.7838075,0.0,0.0,0,0,0,0,0,0,0,0,0,0,0,0,0,0,0,0,0.0,0.0,0.0,0.0,0.43720967135312566,0.4372097,0,0,0.31970237466506457,0.3197024,0,0,0.4786760614911396,0.4786761,0,0,1.021405e-14
tilt1,land.mach=0.44@dated,2,CONVERGED,CONVERGED,394,394,0.8267671476156915,0.8267671,0.82566879698125,0.8256688,0,0,0,0,-,-,282.4515389368857,282.4515,0.7813292760285828,0.7813293,0.0,0.0,0,0,0,0,0,0,0,0,0,0,0,0,0,0,0,0,0.0,0.0,0.0,0.0,0.43749847881427173,0.4374985,0,0,0.3199157558917266,0.3199158,0,0,0.4789027738797368,0.4789028,0,0,1.0436100000000001e-14
tilt1,land.mach=0.36@genesis,2,CONVERGED,CONVERGED,303,303,0.89156401320522,0.891564,0.942574842758311,0.9425748,0,0,0,0,-,-,114.77804032489829,114.778,0.9104549085442999,0.9104549,0.0,0.0,0,0,0,0,0,0,0,0,0,0,0,0,0,0,0,0,0.0,0.0,0.0,0.0,0.4414250716432887,0.4414251,0,0,0.3180007479576028,0.3180007,0,0,0.4770387475859744,0.4770387,0,0,1.021405e-14
tilt1,land.mach=0.36@dated,2,CONVERGED,CONVERGED,304,304,0.8915640132052196,0.891564,0.942574842758311,0.9425748,0,0,0,0,-,-,114.77804032489878,114.778,0.9104549085442994,0.9104549,0.0,0.0,0,0,0,0,0,0,0,0,0,0,0,0,0,0,0,0,0.0,0.0,0.0,0.0,0.441433852760573,0.4414339,0,0,0.31800133567821415,0.3180013,0,0,0.47703001970383074,0.47703,0,0,1.110223e-14
tilt1,tail.services=0.11@genesis,2,CONVERGED,CONVERGED,335,335,0.9170397127954582,0.9170397,0.942574842758311,0.9425748,0,0,0,0,-,-,101.32286876111044,101.3229,0.9152329728577141,0.915233,0.0,0.0,0,0,0,0,0,0,0,0,0,0,0,0,0,0,0,0,0.0,0.0,0.0,0.0,0.45964530228186695,0.4596453,0,0,0.30957414959870355,0.3095741,0,0,0.4647659581815785,0.464766,0,0,8.881784e-15
tilt1,tail.services=0.11@dated,2,CONVERGED,CONVERGED,334,334,0.9173704108725559,0.9173704,0.942574842758311,0.9425748,0,0,0,0,-,-,101.32286876111044,101.3229,0.9154669959405483,0.915467,0.0,0.0,0,0,0,0,0,0,0,0,0,0,0,0,0,0,0,0,0.0,0.0,0.0,0.0,0.4594991500564717,0.4594992,0,0,0.3095233011924854,0.3095233,0,0,0.464662639906276,0.4646626,0,0,1.132427e-14
tilt1,tail.services=0.09@genesis,2,CONVERGED,CONVERGED,260,260,0.9749468229412129,0.9749468,0.8467410968466029,0.8467411,0,0,0,0,-,-,105.01347883603562,105.0135,0.9434321912991108,0.9434322,0.0,0.0,0,0,0,0,0,0,0,0,0,0,0,0,0,0,0,0,0.0,0.0,0.0,0.0,0.423076923076923,0.4230769,0,0,0.31718112287115674,0.3171811,0,0,0.46455824277649505,0.4645582,0,0,1.0436100000000001e-14
tilt1,tail.services=0.09@dated,2,CONVERGED,CONVERGED,260,260,0.9749468229412124,0.9749468,0.846741096846602,0.8467411,0,0,0,0,-,-,105.01347883603562,105.0135,0.9434321912991108,0.9434322,0.0,0.0,0,0,0,0,0,0,0,0,0,0,0,0,0,0,0,0,0.0,0.0,0.0,0.0,0.423076923076923,0.4230769,0,0,0.31718112287115674,0.3171811,0,0,0.46455824277649505,0.4645582,0,0,8.659739999999999e-15
tilt1,res.services.trained=0.044@genesis,2,CONVERGED,CONVERGED,295,295,0.9090909090909091,0.9090909,0.9253632493025206,0.9253632,0,0,0,0,-,-,139.5258573013426,139.5259,0.9094729794090807,0.909473,0.0,0.0,0,0,0,0,0,0,0,0,0,0,0,0,0,0,0,0,0.0,0.0,0.0,0.0,0.4262179495844761,0.4262179,0,0,0.33966929356733433,0.3396693,0,0,0.4627548008492987,0.4627548,0,0,1.265654e-14
tilt1,res.services.trained=0.044@dated,2,CONVERGED,CONVERGED,295,295,0.909090909090909,0.9090909,0.9250445036059706,0.9250445,0,0,0,0,-,-,139.5258573013426,139.5259,0.9094729794090806,0.909473,0.0,0.0,0,0,0,0,0,0,0,0,0,0,0,0,0,0,0,0,0.0,0.0,0.0,0.0,0.4262005702799025,0.4262006,0,0,0.3396364100037063,0.3396364,0,0,0.4627445367885051,0.4627445,0,0,1.2434500000000001e-14
tilt1,res.services.trained=0.036@genesis,2,CONVERGED,CONVERGED,265,265,0.9501325596360758,0.9501326,0.9347043932400139,0.9347044,0,0,0,0,-,-,147.77204421738224,147.772,0.9490714615678568,0.9490715,0.0,0.0,0,0,0,0,0,0,0,0,0,0,0,0,0,0,0,0,0.0,0.0,0.0,0.0,0.43182019729770876,0.4318202,0,0,0.30769230769230765,0.3076923,0,0,0.4656363560309609,0.4656364,0,0,1.065814e-14
tilt1,res.services.trained=0.036@dated,2,CONVERGED,CONVERGED,268,268,0.9461358995014653,0.9461359,0.9347043932400144,0.9347044,0,0,0,0,-,-,147.77204421738224,147.772,0.94562147452861,0.9456215,0.0,0.0,0,0,0,0,0,0,0,0,0,0,0,0,0,0,0,0,0.0,0.0,0.0,0.0,0.4319774702857109,0.4319775,0,0,0.30769230769230765,0.3076923,0,0,0.4657083688305944,0.4657084,0,0,1.398881e-14
line,p[labour]*1.05,1,CONVERGED,CONVERGED,381,381,0.9517154259960219,0.9517154,-0.06348288228711653,-0.06348288,0,0,4000,24999,1,1,70.88224730450338,70.88225,0.9498121974143618,0.9498122,0.0,0.0,0,0,0,0,0,0,0,0,0,0,0,0,0,0,0,0,0.05670130198859942,0.0567013,0.05670130198859942,0.0567013,0.7429893596753719,0.7429894,0,0,0.3159842439882176,0.3159842,0,0,0.47368910418619603,0.4736891,0,0,2.442491e-15
line,p[land]*1.05,1,CONVERGED,CONVERGED,466,466,0.8611067618336381,0.8611068,-0.05451192356377292,-0.05451192,0,0,4001,25000,0,0,196.83435505174853,196.8344,0.8809644627611454,0.8809645,0.0,0.0,0,0,0,0,0,0,0,0,0,0,0,0,0,0,0,0,0.061708046121457034,0.06170805,0.061708046121457034,0.06170805,0.7669405509922387,0.7669406,0,0,0.3214793594683984,0.3214794,0,0,0.4813777881339645,0.4813778,0,0,5.329071e-15
line,p[services]*1.05,1,CONVERGED,CONVERGED,236,236,0.9744306010536031,0.9744306,-0.04387286543621955,-0.04387287,0,0,4001,25000,0,0,48.790164169432046,48.79016,0.9798192617233236,0.9798193,0.0,0.0,0,0,0,0,0,0,0,0,0,0,0,0,0,0,0,0,0.0526176082341714,0.05261761,0.0526176082341714,0.05261761,0.7143684726063272,0.7143685,0,0,0.3201042687581995,0.3201043,0,0,0.4727835016565484,0.4727835,0,0,5.107026e-15
line,p[goods]*1.05,1,CONVERGED,CONVERGED,224,224,0.9809882244071789,0.9809882,-0.04490031314729175,-0.04490031,0,0,4001,25000,0,0,48.790164169432046,48.79016,0.9819602599194366,0.9819603,0.0,0.0,0,0,0,0,0,0,0,0,0,0,0,0,0,0,0,0,0.05324586240108208,0.05324586,0.05324586240108208,0.05324586,0.7131287577686387,0.7131288,0,0,0.3155448813328806,0.3155449,0,0,0.47879254633716145,0.4787925,0,0,4.662937e-15
line,p[mach]*1.05,1,CONVERGED,CONVERGED,384,384,0.9062496573091771,0.9062497,-0.09179515248708468,-0.09179515,0,0,4001,25000,0,0,98.44045095492173,98.44045,0.8937091212396954,0.8937091,0.0,0.0,0,0,0,0,0,0,0,0,0,0,0,0,0,0,0,0,0.06729712692829232,0.06729713,0.06729712692829232,0.06729713,0.7277088925596648,0.7277089,0,0,0.3178050446391685,0.317805,0,0,0.4761932881339364,0.4761933,0,0,3.996803e-15
line,p[labour.trained]*1.05,1,CONVERGED,CONVERGED,260,260,0.9875545692966592,0.9875546,-0.04472914283472622,-0.04472914,0,0,4001,25000,0,0,48.790164169432046,48.79016,0.9879216871840257,0.9879217,0.0,0.0,0,0,0,0,0,0,0,0,0,0,0,0,0,0,0,0,0.05329194740543777,0.05329195,0.05329194740543777,0.05329195,0.7148219930682975,0.714822,0,0,0.3254336823877912,0.3254337,0,0,0.4719009548525227,0.471901,0,0,6.217249e-15
line,p[labour.master]*1.05,1,CONVERGED,CONVERGED,266,266,0.9855741212114469,0.9855741,-0.04413294938831302,-0.04413295,0,0,4001,25000,0,0,48.790164169432046,48.79016,0.985928951619364,0.985929,0.0,0.0,0,0,0,0,0,0,0,0,0,0,0,0,0,0,0,0,0.053413692916334,0.05341369,0.053413692916334,0.05341369,0.7153049211801347,0.7153049,0,0,0.314755882504497,0.3147559,0,0,0.48589018457465494,0.4858902,0,0,4.662937e-15
line,p[labour]*0.95,1,CONVERGED,CONVERGED,425,425,0.8775068367951695,0.8775068,-0.09429828270520327,-0.09429828,0,0,4001,25000,0,0,147.7923394191859,147.7923,0.8631737912057516,0.8631738,0.0,0.0,0,0,0,0,0,0,0,0,0,0,0,0,0,0,0,0,0.06345541633883608,0.06345542,0.06345541633883608,0.06345542,0.7474353407384042,0.7474353,0,0,0.31957273134459374,0.3195727,0,0,0.4785195322675201,0.4785195,0,0,5.551115e-15
line,p[land]*0.95,1,CONVERGED,CONVERGED,356,356,0.9782544391382417,0.9782544,-0.04998488278030628,-0.04998488,0,0,4001,25000,0,0,58.96506840318301,58.96507,0.9439881788982402,0.9439882,0.0,0.0,0,0,0,0,0,0,0,0,0,0,0,0,0,0,0,0,0.05484477106412317,0.05484477,0.05484477106412317,0.05484477,0.7336261656795515,0.7336262,0,0,0.322123531749708,0.3221235,0,0,0.481585048729793,0.481585,0,0,5.551115e-15
line,p[services]*0.95,1,CONVERGED,CONVERGED,403,403,0.9464546304681039,0.9464546,-0.05052132347475636,-0.05052132,0,0,4001,25000,0,0,63.532711037424455,63.53271,0.9338880888838818,0.9338881,0.0,0.0,0,0,0,0,0,0,0,0,0,0,0,0,0,0,0,0,0.05653334185418866,0.05653334,0.05653334185418866,0.05653334,0.7260035667345661,0.7260036,0,0,0.31818154050468644,0.3181815,0,0,0.47523358191412857,0.4752336,0,0,4.218847e-15
line,p[goods]*0.95,1,CONVERGED,CONVERGED,400,400,0.9497425445458982,0.9497425,-0.04731493519421896,-0.04731494,0,0,4001,25000,0,0,53.687073096345465,53.68707,0.9336176241514339,0.9336176,0.0,0.0,0,0,0,0,0,0,0,0,0,0,0,0,0,0,0,0,0.055430707516275775,0.05543071,0.055430707516275775,0.05543071,0.7256649109813466,0.7256649,0,0,0.31749912036630085,0.3174991,0,0,0.47552768692329817,0.4755277,0,0,6.217249e-15
line,p[mach]*0.95,1,CONVERGED,CONVERGED,542,542,0.8518346890183969,0.8518347,-0.06261232428491408,-0.06261232,0,0,3997,24996,4,4,251.4578671211285,251.4579,0.8484988864428937,0.8484989,0.0,0.0,0,0,0,0,0,0,0,0,0,0,0,0,0,0,0,0,0.060193126661147456,0.06019313,0.060193126661147456,0.06019313,0.7770960064292645,0.777096,0,0,0.32544106002189005,0.3254411,0,0,0.48845491758665566,0.4884549,0,0,3.996803e-15
line,p[labour.trained]*0.95,1,CONVERGED,CONVERGED,222,222,0.9624282476910861,0.9624282,-0.04370325071191151,-0.04370325,0,0,4001,25000,0,0,51.293294387550574,51.29329,0.9508749650753765,0.950875,0.0,0.0,0,0,0,0,0,0,0,0,0,0,0,0,0,0,0,0,0.052686963851103615,0.05268696,0.052686963851103615,0.05268696,0.7129118449633427,0.7129118,0,0,0.31585813558869447,0.3158581,0,0,0.4716855475093659,0.4716855,0,0,3.7747579999999994e-15
line,p[labour.master]*0.95,1,CONVERGED,CONVERGED,205,205,0.9671060733030041,0.9671061,-0.04335002277090062,-0.04335002,0,0,4001,25000,0,0,51.29329438755046,51.29329,0.9536353377329092,0.9536353,0.0,0.0,0,0,0,0,0,0,0,0,0,0,0,0,0,0,0,0,0.052734989358573556,0.05273499,0.052734989358573556,0.05273499,0.7117774959812626,0.7117775,0,0,0.3144182873561255,0.3144183,0,0,0.47307105377232694,0.4730711,0,0,4.218847e-15
line,p[labour]*1.2,2,CONVERGED,CONVERGED,429,429,0.887597398313901,0.8875974,-0.08783945378263525,-0.08783945,0,0,3993,24992,8,8,182.32155679395458,182.3216,0.888650783777562,0.8886508,0.0,0.0,0,0,0,0,0,0,0,0,0,0,0,0,0,0,0,0,0.06156109136684794,0.06156109,0.06156109136684794,0.06156109,0.8387016944384839,0.8387017,0,0,0.3187853920078329,0.3187854,0,0,0.4776737873505111,0.4776738,0,0,6.217249e-15
line,p[land]*1.2,2,CONVERGED,CONVERGED,601,601,0.5897294598855694,0.5897295,-0.08523195870762713,-0.08523196,0,0,4001,25000,0,0,651.6710515841374,651.6711,0.6489950531686327,0.6489951,2.357904679350044,2.357905,0,0,0,0,0,0,0,0,0,0,0,0,0,0,0,0,0.0841837610547032,0.08418376,0.0841837610547032,0.08418376,0.873414894194643,0.8734149,0,0,0.3375122589503987,0.3375123,0,0,0.5037347386994817,0.5037347,0,0,4.884981e-15
line,p[services]*1.2,2,CONVERGED,CONVERGED,372,372,0.9054998842440816,0.9054999,-0.04645743021053688,-0.04645743,0,0,4001,25000,0,0,182.32155679395458,182.3216,0.9241663025228122,0.9241663,0.0,0.0,0,0,0,0,0,0,0,0,0,0,0,0,0,0,0,0,0.05261941074102163,0.05261941,0.05261941074102163,0.05261941,0.724863864993276,0.7248639,0,0,0.3371905597250868,0.3371906,0,0,0.4780602881294955,0.4780603,0,0,6.217249e-15
line,p[goods]*1.2,2,CONVERGED,CONVERGED,356,356,0.9294826799907359,0.9294827,-0.050212137385027424,-0.05021214,0,0,4001,25000,0,0,182.32155679395458,182.3216,0.933665591330534,0.9336656,0.0,0.0,0,0,0,0,0,0,0,0,0,0,0,0,0,0,0,0,0.05493451710771117,0.05493452,0.05493451710771117,0.05493452,0.7198104801309193,0.7198105,0,0,0.32020827346121755,0.3202083,0,0,0.5003463919462927,0.5003464,0,0,7.1054270000000005e-15
line,p[mach]*1.2,2,CONVERGED,CONVERGED,518,518,0.7151312216375707,0.7151312,-0.2253265451116074,-0.2253265,0,0,4001,25000,0,0,335.2892263612729,335.2892,0.684184812562878,0.6841848,0.0,0.0,0,0,0,0,0,0,0,0,0,0,0,0,0,0,0,0,0.11017796914113655,0.110178,0.11017796914113655,0.110178,0.76816704061076,0.768167,0,0,0.3274519326276123,0.3274519,0,0,0.48930573612197326,0.4893057,0,0,3.7747579999999994e-15
line,p[labour.trained]*1.2,2,CONVERGED,CONVERGED,392,392,0.9523707688622748,0.9523708,-0.04977511590502704,-0.04977512,0,0,4001,25000,0,0,182.32155679395458,182.3216,0.9533761606839274,0.9533762,0.0,0.0,0,0,0,0,0,0,0,0,0,0,0,0,0,0,0,0,0.05527528746017565,0.05527529,0.05527528746017565,0.05527529,0.7268514698641608,0.7268515,0,0,0.35848849725918014,0.3584885,0,0,0.4748694484678534,0.4748694,0,0,4.440892e-15
line,p[labour.master]*1.2,2,CONVERGED,CONVERGED,396,396,0.9452531878159874,0.9452532,-0.04725687246753872,-0.04725687,0,0,4001,25000,0,0,182.32155679395458,182.3216,0.9459955060201439,0.9459955,0.0,0.0,0,0,0,0,0,0,0,0,0,0,0,0,0,0,0,0,0.05563309749896575,0.0556331,0.05563309749896575,0.0556331,0.7285911879448904,0.7285912,0,0,0.31716720514029195,0.3171672,0,0,0.5284276979854456,0.5284277,0,0,6.8833830000000005e-15
line,p[labour]*0.8,2,CONVERGED,CONVERGED,567,567,0.5599318542124344,0.5599319,-0.26614853963186236,-0.2661485,0,0,4001,25000,0,0,658.8034545709786,658.8035,0.5273942865485532,0.5273943,0.0,0.0,0,0,0,0,0,0,0,0,0,0,0,0,0,0,0,0,0.10341037638162659,0.1034104,0.10341037638162659,0.1034104,0.8425921146829887,0.8425921,0,0,0.336088614389182,0.3360886,0,0,0.5004409511671064,0.500441,0,0,5.329071e-15
line,p[land]*0.8,2,CONVERGED,CONVERGED,497,497,0.8974001117529689,0.8974001,-0.07209982412751823,-0.07209982,0,0,4001,25000,0,0,254.8809255581135,254.8809,0.7719286810725299,0.7719287,0.0,0.0,0,0,0,0,0,0,0,0,0,0,0,0,0,0,0,0,0.06202338935066508,0.06202339,0.06202338935066508,0.06202339,0.8127764859484569,0.8127765,0,0,0.34967161476084024,0.3496716,0,0,0.5171596947204233,0.5171597,0,0,5.995204e-15
line,p[services]*0.8,2,CONVERGED,CONVERGED,550,550,0.7876212331813419,0.7876212,-0.07387493440816466,-0.07387493,0,0,4001,25000,0,0,266.01013139844963,266.0101,0.748280117070476,0.7482801,0.0,0.0,0,0,0,0,0,0,0,0,0,0,0,0,0,0,0,0,0.06903130459005132,0.0690313,0.06903130459005132,0.0690313,0.7717598280503165,0.7717598,0,0,0.3304675228416522,0.3304675,0,0,0.48856864935939537,0.4885686,0,0,5.329071e-15
line,p[goods]*0.8,2,CONVERGED,CONVERGED,476,476,0.7988573663254147,0.7988574,-0.06001553812282232,-0.06001554,0,0,4001,25000,0,0,237.69022497271794,237.6902,0.7479303357142938,0.7479303,0.0,0.0,0,0,0,0,0,0,0,0,0,0,0,0,0,0,0,0,0.0637925839895081,0.06379258,0.0637925839895081,0.06379258,0.7712982481695324,0.7712982,0,0,0.3287294352868069,0.3287294,0,0,0.48876055679867464,0.4887606,0,0,5.329071e-15
line,p[mach]*0.8,2,CONVERGED,CONVERGED,610,610,0.5492234243895089,0.5492234,-0.09276611711097141,-0.09276612,0,0,3984,24983,17,17,894.2064957940784,894.2065,0.5386601007162778,0.5386601,17.019926344294785,17.01993,0,0,0,0,0,0,0,0,0,0,0,0,0,0,0,0,0.06971265230091964,0.06971265,0.06971265230091964,0.06971265,0.8930892638534771,0.8930893,0,0,0.3513237878988949,0.3513238,0,0,0.5219050743501872,0.5219051,0,0,6.439294e-15
line,p[labour.trained]*0.8,2,CONVERGED,CONVERGED,364,364,0.8440835049432387,0.8440835,-0.04626978261536293,-0.04626978,0,0,4001,25000,0,0,223.1435513142097,223.1436,0.8035529602204989,0.803553,0.0,0.0,0,0,0,0,0,0,0,0,0,0,0,0,0,0,0,0,0.05306200771373303,0.05306201,0.05306200771373303,0.05306201,0.721045723640427,0.7210457,0,0,0.32279757064246856,0.3227976,0,0,0.474580371147274,0.4745804,0,0,5.107026e-15
line,p[labour.master]*0.8,2,CONVERGED,CONVERGED,336,336,0.8618295224778567,0.8618295,-0.04470269340963203,-0.04470269,0,0,4001,25000,0,0,223.1435513142097,223.1436,0.8138121315244515,0.8138121,0.0,0.0,0,0,0,0,0,0,0,0,0,0,0,0,0,0,0,0,0.05314283462971364,0.05314283,0.05314283462971364,0.05314283,0.7155716420346124,0.7155716,0,0,0.3162361147494092,0.3162361,0,0,0.4812265948867896,0.4812266,0,0,4.662937e-15
line,p[labour]*2,3,CONVERGED,CONVERGED,539,539,0.7598256840598318,0.7598257,-0.11501453884982428,-0.1150145,0,0,3984,24983,17,17,693.1471805599452,693.1472,0.7575822093144905,0.7575822,0.0,0.0,0,0,0,0,0,0,0,0,0,0,0,0,0,0,0,0,0.06642622903423064,0.06642623,0.06642622903423064,0.06642623,1.0,1.0,8,8,0.32838718648014786,0.3283872,0,0,0.4871704200056046,0.4871704,0,0,8.21565e-15
line,p[land]*2,3,CONVERGED,CONVERGED,741,741,0.18274906084869938,0.1827491,-0.1901847789360162,-0.1901848,103,103,3997,24996,0,0,1895.7484214611939,1895.748,0.2570588322436977,0.2570588,457.75588479033445,457.7559,0,0,0,0,28,28,70,70,102,102,102,102,18,18,0,0,0.174878773071713,0.1748788,0.174878773071713,0.1748788,1.0,1.0,8,8,0.36759506249381785,0.3675951,0,0,0.546592723975623,0.5465927,0,0,4.884981e-15
line,p[services]*2,3,CONVERGED,CONVERGED,508,508,0.6585553242391325,0.6585553,-0.06090040912015367,-0.06090041,0,0,3992,24991,0,0,693.1471805599452,693.1472,0.7133454470435602,0.7133454,0.0,0.0,0,0,0,0,0,0,0,0,0,0,0,0,0,0,0,0,0.05261952563402565,0.05261953,0.05261952563402565,0.05261953,0.7661814702550674,0.7661815,0,0,0.40261319595662104,0.4026132,0,0,0.49877562637363587,0.4987756,0,0,4.218847e-15
line,p[goods]*2,3,CONVERGED,CONVERGED,486,486,0.739049902958403,0.7390499,-0.07203816018034166,-0.07203816,0,0,4001,25000,0,0,693.1471805599452,693.1472,0.7651289588326647,0.765129,0.0,0.0,0,0,0,0,0,0,0,0,0,0,0,0,0,0,0,0,0.06083296690799135,0.06083297,0.06083296690799135,0.06083297,0.7387761417136058,0.7387761,0,0,0.3414603372305244,0.3414603,0,0,0.5785788958549823,0.5785789,0,0,3.996803e-15
line,p[mach]*2,3,CONVERGED,CONVERGED,592,592,0.38470494405079103,0.3847049,-0.7425864822739181,-0.7425865,25,25,3967,24966,0,0,1151.0035866995975,1151.004,0.3479912980175108,0.3479913,31.52917663451101,31.52918,0,0,0,0,0,0,25,25,21,21,22,22,0,0,3,3,0.28979378194411476,0.2897938,0.28979378194411476,0.2897938,0.9150727362449468,0.9150727,0,0,0.35479849361125976,0.3547985,0,0,0.5267296959483008,0.5267297,0,0,6.439294e-15
line,p[labour.trained]*2,3,CONVERGED,CONVERGED,537,537,0.8063956151655489,0.8063956,-0.07367931773235528,-0.07367932,0,0,4001,25000,0,0,693.1471805599452,693.1472,0.8035228750343641,0.8035229,0.0,0.0,0,0,0,0,0,0,0,0,0,0,0,0,0,0,0,0,0.06485137360163454,0.06485137,0.06485137360163454,0.06485137,0.7762063121625444,0.7762063,0,0,0.505264418793181,0.5052644,0,0,0.4878752266930765,0.4878752,0,0,6.661338e-15
line,p[labour.master]*2,3,CONVERGED,CONVERGED,540,540,0.7821187361066467,0.7821187,-0.05916260013177169,-0.0591626,0,0,4001,25000,0,0,693.1471805599452,693.1472,0.7779453303762903,0.7779453,0.0,0.0,0,0,0,0,0,0,0,0,0,0,0,0,0,0,0,0,0.06425679595364021,0.0642568,0.06425679595364021,0.0642568,0.781779752779877,0.7817798,0,0,0.3275169371432989,0.3275169,0,0,0.7089992069240739,0.7089992,0,0,5.107026e-15
line,p[labour]*0.5,3,CONVERGED,CONVERGED,693,693,0.08562242405397512,0.08562242,-0.736152168877598,-0.7361522,60,60,4001,25000,0,0,2648.7357489654332,2648.736,0.07804831126807849,0.07804831,142.98219364463023,142.9822,0,0,0,0,7,7,42,42,60,60,60,60,0,0,0,0,0.23337238100160693,0.2333724,0.23337238100160693,0.2333724,0.9564446218195625,0.9564446,0,0,0.3666100719757948,0.3666101,0,0,0.5412240245666673,0.541224,0,0,5.107026e-15
line,p[land]*0.5,3,CONVERGED,CONVERGED,612,612,0.5997822373564571,0.5997822,-0.12106243778322354,-0.1210624,0,0,3972,24971,0,0,785.8853652245643,785.8854,0.39112234030393717,0.3911223,0.0,0.0,0,0,0,0,0,0,0,0,0,0,0,0,0,0,0,0,0.07930112673072798,0.07930113,0.07930112673072798,0.07930113,1.0,1.0,2,2,0.4228398793658247,0.4228399,0,0,0.6091077279300394,0.6091077,0,0,3.996803e-15
line,p[services]*0.5,3,CONVERGED,CONVERGED,609,609,0.4735439808623606,0.473544,-0.12363834926039219,-0.1236383,25,25,4001,25000,0,0,758.9082131104917,758.9082,0.42487678474174195,0.4248768,0.0,0.0,0,0,0,0,0,0,0,0,25,25,0,0,10,10,0,0,0.09740709947772729,0.0974071,0.09740709947772729,0.0974071,0.855102240101529,0.8551022,0,0,0.3518328059208816,0.3518328,0,0,0.5180264206440346,0.5180264,0,0,5.551115e-15
line,p[goods]*0.5,3,CONVERGED,CONVERGED,606,606,0.4864894473167966,0.4864894,-0.0883337576287947,-0.08833376,19,19,4001,25000,0,0,786.4086784146016,786.4087,0.42644095179633223,0.426441,0.0,0.0,0,0,0,0,0,0,0,0,0,0,19,19,0,0,0,0,0.07959638537405087,0.07959639,0.07959638537405087,0.07959639,0.8577591669588105,0.8577592,0,0,0.3545898234637447,0.3545898,0,0,0.5093117107589841,0.5093117,0,0,4.884981e-15
line,p[mach]*0.5,3,CONVERGED,CONVERGED,711,711,0.18244144207001092,0.1824414,-0.08562675066147181,-0.08562675,87,87,3969,24968,32,32,2360.422869040079,2360.423,0.18967266552550793,0.1896727,455.6483885571761,455.6484,0,0,0,0,23,23,56,56,87,87,84,84,0,0,0,0,0.05262331376457607,0.05262331,0.05262331376457607,0.05262331,0.8594102541791625,0.8594103,0,0,0.40973835750686194,0.4097384,0,0,0.5988066704406031,0.5988067,0,0,3.996803e-15
line,p[labour.trained]*0.5,3,CONVERGED,CONVERGED,502,502,0.5772218380521401,0.5772218,-0.05546686377485527,-0.05546686,0,0,4001,25000,0,0,693.1471805599452,693.1472,0.507930365747846,0.5079304,0.0,0.0,0,0,0,0,0,0,0,0,0,0,0,0,0,0,0,0,0.05534605504535279,0.05534606,0.05534605504535279,0.05534606,0.7463867398945448,0.7463867,0,0,0.3440881791337989,0.3440882,0,0,0.4837114651030761,0.4837115,0,0,6.661338e-15
line,p[labour.master]*0.5,3,CONVERGED,CONVERGED,394,394,0.6136078277139098,0.6136078,-0.04925086097931498,-0.04925086,0,0,4001,25000,0,0,693.1471805599452,693.1472,0.528138932221978,0.5281389,0.0,0.0,0,0,0,0,0,0,0,0,0,0,0,0,0,0,0,0,0.05420165381332517,0.05420165,0.05420165381332517,0.05420165,0.7243593854789233,0.7243594,0,0,0.32271974798560404,0.3227197,0,0,0.5083317273009625,0.5083317,0,0,6.439294e-15
line,s[services]=0.05,1,CONVERGED,CONVERGED,146,146,0.9938286829982056,0.9938287,-0.045621249340800085,-0.04562125,0,0,4001,25000,0,0,8.282989078986413,8.282989,0.9932534462186318,0.9932534,0.0,0.0,0,0,0,0,0,0,0,0,0,0,0,0,0,0,0,0,0.05270108806812646,0.05270109,0.05367293487838195,0.05367293,0.71235453512546,0.7123545,0,0,0.31418389483372616,0.3141839,0,0,0.47123203155460647,0.471232,0,0,7.327472e-15
line,s[services]=0.2,2,CONVERGED,CONVERGED,520,520,0.6606735873924909,0.6606736,-0.06441399157937805,-0.06441399,0,0,3986,24985,0,0,494.36826875956365,494.3683,0.6423836228088012,0.6423836,0.0,0.0,0,0,0,0,0,0,0,0,0,0,0,0,0,0,0,0,0.1928120333645039,0.192812,0.05412546822902765,0.05412547,0.7744219106809713,0.7744219,0,0,0.3263833875357224,0.3263834,0,0,0.48827779891276496,0.4882778,0,0,6.439294e-15
line,s[services]=0.5,3,CONVERGED,CONVERGED,550,550,0.3224121803055479,0.3224122,-0.07497956496369025,-0.07497956,5,5,3969,24968,0,0,1350.2889707303832,1350.289,0.3065015083765745,0.3065015,0.0,0.0,0,0,0,0,0,0,4,4,5,5,4,4,0,0,0,0,0.4781808607147181,0.4781809,0.05262362242183077,0.05262362,0.8743936186318735,0.8743936,0,0,0.3392874048974815,0.3392874,0,0,0.5014526691340099,0.5014527,0,0,3.7747579999999994e-15
line,s[goods]=0.05,1,CONVERGED,CONVERGED,225,225,0.9917826470931999,0.9917826,-0.04649250160910434,-0.0464925,0,0,4001,25000,0,0,11.057846559391923,11.05785,0.9910181839568053,0.9910182,0.0,0.0,0,0,0,0,0,0,0,0,0,0,0,0,0,0,0,0,0.054024442005937964,0.05402444,0.05283448071159646,0.05283448,0.7129477043544158,0.7129477,0,0,0.314274672816805,0.3142747,0,0,0.47135316738209015,0.4713532,0,0,5.77316e-15
line,s[goods]=0.2,2,CONVERGED,CONVERGED,525,525,0.5830752096949342,0.5830752,-0.06898001985672123,-0.06898002,0,0,3982,24981,0,0,654.4019255629898,654.4019,0.5635263767485261,0.5635264,0.0,0.0,0,0,0,0,0,0,0,0,0,0,0,0,0,0,0,0,0.05317675192846489,0.05317675,0.1928120333645039,0.192812,0.7964842320810199,0.7964842,0,0,0.32702276964855165,0.3270228,0,0,0.4901301487291649,0.4901301,0,0,4.884981e-15
line,s[goods]=0.5,3,CONVERGED,CONVERGED,568,568,0.21719892416247932,0.2171989,-0.1010968660608421,-0.1010969,9,9,3962,24961,0,0,1861.2813920029582,1861.281,0.20528156012944868,0.2052816,0.0,0.0,0,0,0,0,0,0,8,8,6,6,7,7,0,0,0,0,0.05515809981596492,0.0551581,0.4781808607147181,0.4781809,0.9302224905873921,0.9302225,0,0,0.33836826027706746,0.3383683,0,0,0.5058643139295711,0.5058643,0,0,4.440892e-15
line,JA(1.05),1,CONVERGED,CONVERGED,358,358,0.958216325246164,0.9582163,-0.05338883452659224,-0.05338883,0,0,4001,25000,0,0,58.25115837233132,58.25116,0.9773493083309526,0.9773493,0.0,0.0,0,0,0,0,0,0,0,0,0,0,0,0,0,0,0,0,0.05794229430635896,0.05794229,0.05794229430635896,0.05794229,0.7324942551910153,0.7324943,0,0,0.32172240784455625,0.3217224,0,0,0.48106276930088226,0.4810628,0,0,4.440892e-15
line,JA(0.95),1,CONVERGED,CONVERGED,548,548,0.8350286523927857,0.8350287,-0.053733942918945114,-0.05373394,0,0,4001,25000,0,0,271.71723601144254,271.7172,0.8316717923285611,0.8316718,0.0,0.0,0,0,0,0,0,0,0,0,0,0,0,0,0,0,0,0,0.0610827504668474,0.06108275,0.0610827504668474,0.06108275,0.7834257915575925,0.7834258,0,0,0.32518687859914314,0.3251869,0,0,0.4875087135008853,0.4875087,0,0,7.327472e-15
line,JA(1.2),2,CONVERGED,CONVERGED,499,499,0.851862228306052,0.8518622,-0.08174948387350316,-0.08174948,0,0,4001,25000,0,0,214.88414429047464,214.8841,0.9206690552111753,0.9206691,0.0,0.0,0,0,0,0,0,0,0,0,0,0,0,0,0,0,0,0,0.07308160802408238,0.07308161,0.07308160802408238,0.07308161,0.7937414001202578,0.7937414,0,0,0.3431346346290823,0.3431346,0,0,0.5087693451899274,0.5087693,0,0,6.439294e-15
line,JA(0.8),2,CONVERGED,CONVERGED,623,623,0.4756763907264369,0.4756764,-0.08601017262346385,-0.08601017,20,20,4001,25000,0,0,1047.241796452382,1047.242,0.5022960536954985,0.5022961,44.21817650937875,44.21818,0,0,0,0,0,0,20,20,16,16,9,9,0,0,0,0,0.07748704331785775,0.07748704,0.07748704331785775,0.07748704,0.9164724808623509,0.9164725,0,0,0.3542017700537589,0.3542018,0,0,0.5246243782503413,0.5246244,0,0,6.439294e-15
line,JA(2),3,CONVERGED,CONVERGED,571,571,0.5378370580985602,0.5378371,-0.18139377324035016,-0.1813938,2,2,4001,25000,0,0,783.754524973338,783.7545,0.764038568086798,0.7640386,4.95899118615093,4.958991,0,0,0,0,0,0,2,2,0,0,0,0,1,1,1,1,0.1363854276073589,0.1363854,0.1363854276073589,0.1363854,1.0,1.0,2,2,0.4228398793658247,0.4228399,0,0,0.6091077279300394,0.6091077,0,0,4.440892e-15
line,JA(0.5),3,CONVERGED,CONVERGED,741,741,0.11694463996358336,0.1169446,-0.14591616012508446,-0.1459162,124,124,3977,24976,0,0,2664.0899019529693,2664.09,0.12614144824210982,0.1261414,696.0530053476938,696.053,0,0,0,0,28,28,85,85,122,122,122,122,10,10,0,0,0.11536200665984615,0.115362,0.11536200665984615,0.115362,0.9021972178887114,0.9021972,0,0,0.4022959410617581,0.4022959,0,0,0.5806248904721005,0.5806249,0,0,5.995204e-15
line,JB(1.05),1,CONVERGED,CONVERGED,529,529,0.8598392167038812,0.8598392,-0.06909869609323444,-0.0690987,0,0,3995,24994,6,6,216.76774051421603,216.7677,0.8307215041232533,0.8307215,0.0,0.0,0,0,0,0,0,0,0,0,0,0,0,0,0,0,0,0,0.059003948456819444,0.05900395,0.059003948456819444,0.05900395,0.7680388583283666,0.7680389,0,0,0.32628713444781077,0.3262871,0,0,0.48957705643307037,0.4895771,0,0,7.771561000000001e-15
line,JB(0.95),1,CONVERGED,CONVERGED,418,418,0.8327075811196016,0.8327076,-0.14559157709275392,-0.1455916,0,0,4001,25000,0,0,192.14246673883696,192.1425,0.7930342379713389,0.7930342,0.0,0.0,0,0,0,0,0,0,0,0,0,0,0,0,0,0,0,0,0.08052572061502458,0.08052572,0.08052572061502458,0.08052572,0.7378026210713455,0.7378026,0,0,0.32002863725669856,0.3200286,0,0,0.47903223205841805,0.4790322,0,0,3.996803e-15
line,JB(1.2),2,CONVERGED,CONVERGED,581,581,0.6739237369350098,0.6739237,-0.08733813222221666,-0.08733813,0,0,3983,24982,18,18,579.9308335649271,579.9308,0.605145687837441,0.6051457,0.0,0.0,0,0,0,0,0,0,0,0,0,0,0,0,0,0,0,0,0.06281105267109764,0.06281105,0.06281105267109764,0.06281105,0.843008564664639,0.8430086,0,0,0.3591138074017877,0.3591138,0,0,0.538081250355794,0.5380813,0,0,5.551115e-15
line,JB(0.8),2,CONVERGED,CONVERGED,563,563,0.5173724037317827,0.5173724,-0.4892920909460721,-0.4892921,6,6,3990,24989,0,0,737.2704912739958,737.2705,0.43756334573890454,0.4375633,0.0,0.0,0,0,0,0,0,0,6,6,0,0,0,0,0,0,0,0,0.18651585893357706,0.1865159,0.18651585893357706,0.1865159,0.8068184626711178,0.8068185,0,0,0.33667367833455936,0.3366737,0,0,0.5011826857066314,0.5011827,0,0,5.107026e-15
line,JB(2),3,CONVERGED,CONVERGED,667,667,0.4219474165707883,0.4219474,-0.06035730063877245,-0.0603573,43,43,3950,24949,47,47,1561.8410292079673,1561.841,0.32675689972849375,0.3267569,175.29526833134884,175.2953,0,0,0,0,0,0,18,18,42,42,43,43,0,0,0,0,0.05262422858120731,0.05262423,0.05262422858120731,0.05262423,1.0,1.0,2,2,0.4688690221474202,0.468869,0,0,0.6717653115424637,0.6717653,0,0,4.884981e-15
line,JB(0.5),3,CONVERGED,CONVERGED,711,711,0.173819578118708,0.1738196,-1.4292993494375434,-1.429299,82,82,3975,24974,0,0,2298.1297299293606,2298.13,0.12784577697483648,0.1278458,149.4653400337519,149.4653,0,0,0,0,7,7,59,59,82,82,82,82,47,47,47,47,0.49541431438595657,0.4954143,0.49541431438595657,0.4954143,0.928775759426678,0.9287758,0,0,0.36145693626301245,0.3614569,0,0,0.5355272166925529,0.5355272,0,0,6.217249e-15
line,N(1.05),1,CONVERGED,CONVERGED,314,314,0.9470121510360735,0.9470122,-0.058774860080904906,-0.05877486,0,0,4001,25000,0,0,61.1431241046997,61.14312,0.9838231717530466,0.9838232,0.0,0.0,0,0,0,0,0,0,0,0,0,0,0,0,0,0,0,0,0.05978044544014158,0.05978045,0.05978044544014158,0.05978045,0.7229136458053244,0.7229136,0,0,0.31516287211035227,0.3151629,0,0,0.4726624415420023,0.4726624,0,0,6.217249e-15
line,N(0.95),1,CONVERGED,CONVERGED,396,396,0.9591518622487237,0.9591519,-0.04720318260688687,-0.04720318,0,0,4001,25000,0,0,75.83008106981795,75.83008,0.917329793426059,0.9173298,0.0,0.0,0,0,0,0,0,0,0,0,0,0,0,0,0,0,0,0,0.05262030984716755,0.05262031,0.05262030984716755,0.05262031,0.7250232582777292,0.7250233,0,0,0.3241769154140947,0.3241769,0,0,0.4855019228054196,0.4855019,0,0,5.551115e-15
line,N(1.2),2,CONVERGED,CONVERGED,454,454,0.8145425286262572,0.8145425,-0.10261507473546047,-0.1026151,0,0,4001,25000,0,0,221.42686651840853,221.4269,0.9458755071966178,0.9458755,0.0,0.0,0,0,0,0,0,0,0,0,0,0,0,0,0,0,0,0,0.08051000323365812,0.08051,0.08051000323365812,0.08051,0.7548166899410939,0.7548167,0,0,0.31846616765853486,0.3184662,0,0,0.47740006131470036,0.4774001,0,0,5.551115e-15
line,N(0.8),2,CONVERGED,CONVERGED,533,533,0.8249202439013458,0.8249202,-0.06316348102052065,-0.06316348,0,0,4001,25000,0,0,321.19903226610955,321.199,0.6772007870098865,0.6772008,0.0,0.0,0,0,0,0,0,0,0,0,0,0,0,0,0,0,0,0,0.05262419344602822,0.05262419,0.05262419344602822,0.05262419,0.7630242361353416,0.7630242,0,0,0.3571703097464809,0.3571703,0,0,0.5322282584798405,0.5322283,0,0,6.439294e-15
line,N(2),3,CONVERGED,CONVERGED,596,596,0.44362758587877127,0.4436276,-0.28027572787005056,-0.2802757,22,22,4001,25000,0,0,812.769839058058,812.7698,0.860976289946867,0.8609763,25.335340089651524,25.33534,0,0,1,1,4,4,18,17,5,5,5,5,1,0,1,0,0.1718313755746126,0.1718314,0.1718313755746126,0.1718314,0.8563448322069289,0.8563448,0,0,0.32942817244350153,0.3294282,0,0,0.49300317813896977,0.4930032,0,0,3.7747579999999994e-15
line,N(0.5),3,CONVERGED,CONVERGED,653,653,0.4931198532979749,0.4931199,-0.09304978818966421,-0.09304979,6,6,3968,24967,0,0,1020.6243546365777,1020.624,0.2608854786266238,0.2608855,6.331998816880703,6.331999,0,0,0,0,0,0,0,0,6,6,0,0,0,0,0,0,0.053247892497671596,0.05324789,0.053247892497671596,0.05324789,0.8274028021366452,0.8274028,0,0,0.43182669893013736,0.4318267,0,0,0.636631803378268,0.6366318,0,0,5.551115e-15
line,RC(1.05),1,CONVERGED,CONVERGED,287,287,0.9510912859252322,0.9510913,-0.04429036053434246,-0.04429036,0,0,4001,25000,0,0,53.7198841247349,53.71988,0.9480707201837812,0.9480707,0.0,0.0,0,0,0,0,0,0,0,0,0,0,0,0,0,0,0,0,0.0531754605278548,0.05317546,0.0531754605278548,0.05317546,0.7150354476406647,0.7150354,0,0,0.32309858827412985,0.3230986,0,0,0.4760089614088362,0.476009,0,0,5.995204e-15
line,RC(0.95),1,CONVERGED,CONVERGED,386,386,0.9416118305119676,0.9416118,-0.04799087939041305,-0.04799088,0,0,4001,25000,0,0,60.162158849953485,60.16216,0.9405789786616636,0.940579,0.0,0.0,0,0,0,0,0,0,0,0,0,0,0,0,0,0,0,0,0.05544489661120775,0.0554449,0.05544489661120775,0.0554449,0.7196135755472124,0.7196136,0,0,0.31838447917180973,0.3183845,0,0,0.4833253425038432,0.4833253,0,0,5.995204e-15
line,RC(1.2),2,CONVERGED,CONVERGED,411,411,0.8239227965790045,0.8239228,-0.046167065595548853,-0.04616707,0,0,4001,25000,0,0,204.81656409256323,204.8166,0.8183242721711134,0.8183243,0.0,0.0,0,0,0,0,0,0,0,0,0,0,0,0,0,0,0,0,0.05354472168057265,0.05354472,0.05354472168057265,0.05354472,0.7214214400082611,0.7214214,0,0,0.34765560029250075,0.3476556,0,0,0.4942516936322003,0.4942517,0,0,3.108624e-15
line,RC(0.8),2,CONVERGED,CONVERGED,461,461,0.7659819968227782,0.765982,-0.0631179556877302,-0.06311796,0,0,4001,25000,0,0,266.5966123600679,266.5966,0.7653854808745659,0.7653855,0.0,0.0,0,0,0,0,0,0,0,0,0,0,0,0,0,0,0,0,0.06405736600333682,0.06405737,0.06405736600333682,0.06405737,0.74538745849778,0.7453875,0,0,0.33639123077054695,0.3363912,0,0,0.5233201627891072,0.5233202,0,0,7.1054270000000005e-15
line,RC(2),3,CONVERGED,CONVERGED,544,544,0.44569241581613117,0.4456924,-0.049633228470435,-0.04963323,22,22,3993,24992,0,0,825.5929315135947,825.5929,0.4424957118455596,0.4424957,0.0,0.0,0,0,0,0,0,0,0,0,0,0,22,22,0,0,19,19,0.0526209690971255,0.05262097,0.0526209690971255,0.05262097,0.7580207757098029,0.7580208,0,0,0.4328041201754372,0.4328041,0,0,0.5824439054328792,0.5824439,0,0,4.884981e-15
line,RC(0.5),3,CONVERGED,CONVERGED,596,596,0.4145813077837584,0.4145813,-0.09396610425909284,-0.0939661,32,32,4001,25000,0,0,880.4861649370979,880.4862,0.41293362003427575,0.4129336,0.0,0.0,0,0,0,0,0,0,0,0,31,31,0,0,31,31,0,0,0.0811882149371564,0.08118821,0.0811882149371564,0.08118821,0.7975806872377398,0.7975807,0,0,0.39507491367267367,0.3950749,0,0,0.6191668086678678,0.6191668,0,0,5.551115e-15
line,RW(1.05),1,CONVERGED,CONVERGED,370,370,0.9540121112023571,0.9540121,-0.06337654133571664,-0.06337654,0,0,4000,24999,1,1,68.20423525714808,68.20424,0.9514060325054394,0.951406,0.0,0.0,0,0,0,0,0,0,0,0,0,0,0,0,0,0,0,0,0.056545757472783745,0.05654576,0.056545757472783745,0.05654576,0.7429893596753719,0.7429894,0,0,0.31569000068462705,0.31569,0,0,0.4733253579873503,0.4733254,0,0,6.8833830000000005e-15
line,RW(0.95),1,CONVERGED,CONVERGED,427,427,0.8839614223978585,0.8839614,-0.09429828270520327,-0.09429828,0,0,4001,25000,0,0,139.89670540328208,139.8967,0.8677289070624998,0.8677289,0.0,0.0,0,0,0,0,0,0,0,0,0,0,0,0,0,0,0,0,0.06370384396901763,0.06370384,0.06370384396901763,0.06370384,0.7471580389521159,0.747158,0,0,0.3260328305728813,0.3260328,0,0,0.4866685148896898,0.4866685,0,0,6.439294e-15
line,RW(1.2),2,CONVERGED,CONVERGED,420,420,0.8711526610064184,0.8711527,-0.08581419090852192,-0.08581419,0,0,3993,24992,8,8,182.32155679395458,182.3216,0.855237727291071,0.8552377,0.0,0.0,0,0,0,0,0,0,0,0,0,0,0,0,0,0,0,0,0.06002016046884881,0.06002016,0.06002016046884881,0.06002016,0.8387016944384839,0.8387017,0,0,0.31878505879568625,0.3187851,0,0,0.4776026981773539,0.4776027,0,0,8.659739999999999e-15
line,RW(0.8),2,CONVERGED,CONVERGED,568,568,0.5887396845363321,0.5887397,-0.26614853963186236,-0.2661485,0,0,4001,25000,0,0,610.4851572352276,610.4852,0.5484245325018662,0.5484245,0.0,0.0,0,0,0,0,0,0,0,0,0,0,0,0,0,0,0,0,0.10448680506316421,0.1044868,0.10448680506316421,0.1044868,0.8394422444508411,0.8394422,0,0,0.3690383701402044,0.3690384,0,0,0.5418389873462914,0.541839,0,0,6.217249e-15
line,RW(2),3,CONVERGED,CONVERGED,539,539,0.5772218380521401,0.5772218,-0.09666395157830092,-0.09666395,0,0,3983,24982,18,18,693.1471805599452,693.1472,0.563578416281942,0.5635784,0.0,0.0,0,0,0,0,0,0,0,0,0,0,0,0,0,0,0,0,0.05960585194778489,0.05960585,0.05960585194778489,0.05960585,1.0,1.0,8,8,0.3440729000159087,0.3440729,0,0,0.5054520662766093,0.5054521,0,0,5.551115e-15
line,RW(0.5),3,CONVERGED,CONVERGED,693,693,0.17520179967735486,0.1752018,-0.736152168877598,-0.7361522,61,61,4001,25000,0,0,1985.2716693058871,1985.272,0.15017607711635161,0.1501761,143.7732358466812,143.7732,0,0,0,0,7,7,42,42,61,61,61,61,0,0,0,0,0.2373750420752022,0.237375,0.2373750420752022,0.237375,0.9457045757193285,0.9457046,0,0,0.505264418793181,0.5052644,0,0,0.7089992069240739,0.7089992,0,0,6.8833830000000005e-15
line,x*/2,3,CONVERGED,CONVERGED,595,595,0.0,0.0,-0.0915535885387518,-0.09155359,29,29,3950,24949,0,0,inf,inf,0.0,0.0,39.003337806496226,39.00334,1,1,0,0,0,0,29,29,12,12,11,11,0,0,0,0,0.5032061541621302,0.5032062,0.5032061541621302,0.5032062,1.0,1.0,17,17,0.3594951542961504,0.3594952,0,0,0.5213321126750845,0.5213321,0,0,4.884981e-15
line,land.mach=0.44@genesis,2,CONVERGED,CONVERGED,564,564,0.6872182998733356,0.6872183,-0.06951332820004197,-0.06951333,0,0,4001,25000,0,0,522.8382290663176,522.8382,0.7019073674779559,0.7019074,0.0,0.0,0,0,0,0,0,0,0,0,0,0,0,0,0,0,0,0,0.07949181357299882,0.07949181,0.07949181357299882,0.07949181,0.8817494762570819,0.8817495,0,0,0.32835808879970996,0.3283581,0,0,0.4897730850520071,0.4897731,0,0,6.217249e-15
line,land.mach=0.44@dated,2,CONVERGED,CONVERGED,563,563,0.6872010289333601,0.687201,-0.06950160109339502,-0.0695016,0,0,4001,25000,0,0,523.1831818056668,523.1832,0.701796264068886,0.7017963,0.0,0.0,0,0,0,0,0,0,0,0,0,0,0,0,0,0,0,0,0.07949520686167083,0.07949521,0.07949520686167083,0.07949521,0.8818467331583634,0.8818467,0,0,0.3283623301485426,0.3283623,0,0,0.48978504636867237,0.489785,0,0,5.329071e-15
line,land.mach=0.36@genesis,2,CONVERGED,CONVERGED,393,393,0.9371935159432527,0.9371935,-0.04300498831765277,-0.04300499,0,0,4001,25000,0,0,106.20276934436737,106.2028,0.9541842010387525,0.9541842,0.0,0.0,0,0,0,0,0,0,0,0,0,0,0,0,0,0,0,0,0.0526167353591853,0.05261674,0.0526167353591853,0.05261674,0.7130055410963025,0.7130055,0,0,0.3249433118403524,0.3249433,0,0,0.4865254275770743,0.4865254,0,0,6.8833830000000005e-15
line,land.mach=0.36@dated,2,CONVERGED,CONVERGED,393,393,0.9371935159432524,0.9371935,-0.04300498831765277,-0.04300499,0,0,4001,25000,0,0,106.20276934436737,106.2028,0.9541842010387522,0.9541842,0.0,0.0,0,0,0,0,0,0,0,0,0,0,0,0,0,0,0,0,0.05261673535918528,0.05261674,0.05261673535918528,0.05261674,0.713014283499793,0.7130143,0,0,0.32494522046625984,0.3249452,0,0,0.48652825605059213,0.4865283,0,0,8.437695e-15
line,land.mach=0.8@genesis,3,CONVERGED,CONVERGED,625,625,0.10778705183209657,0.1077871,-0.21184622991254598,-0.2118462,116,116,4001,25000,0,0,2632.9322626068742,2632.932,0.1482067243082593,0.1482067,1082.1049273637348,1082.105,0,0,0,0,33,33,70,70,116,116,116,116,27,27,0,0,0.2094136547499289,0.2094137,0.2094136547499289,0.2094137,1.0,1.0,3880,24879,0.31397400551722066,0.313974,0,0,0.4709319414101321,0.4709319,0,0,5.995204e-15
line,land.mach=0.8@dated,3,CONVERGED,CONVERGED,624,624,0.10773563293443819,0.1077356,-0.21181862736666396,-0.2118186,116,116,4001,25000,0,0,2633.3671082707733,2633.367,0.1481800064316483,0.14818,1082.445402100581,1082.445,0,0,0,0,33,33,70,70,116,116,115,115,27,27,0,0,0.2094607344885737,0.2094607,0.2094607344885737,0.2094607,1.0,1.0,3882,24881,0.31397400551722066,0.313974,0,0,0.4709319414101321,0.4709319,0,0,4.440892e-15
line,land.mach=0.2@genesis,3,CONVERGED,CONVERGED,617,617,0.5413004491433083,0.5413004,-0.04300498831765277,-0.04300499,1,1,4,4,0,0,703.5401756759263,703.5402,0.5997822373564572,0.5997822,0.0,0.0,0,0,0,0,0,0,1,1,0,0,0,0,0,0,0,0,0.0526167353591853,0.05261674,0.0526167353591853,0.05261674,0.7323894603079523,0.7323895,0,0,0.38358147490638883,0.3835815,0,0,0.5692536655689968,0.5692537,0,0,6.439294e-15
line,land.mach=0.2@dated,3,CONVERGED,CONVERGED,617,617,0.5413004491433082,0.5413004,-0.04300498831765277,-0.04300499,1,1,4,4,0,0,703.5401756759263,703.5402,0.5997822373564571,0.5997822,0.0,0.0,0,0,0,0,0,0,1,1,0,0,0,0,0,0,0,0,0.05261673535918528,0.05261674,0.05261673535918528,0.05261674,0.732418091968836,0.7324181,0,0,0.38359371608319826,0.3835937,0,0,0.5692749747431955,0.569275,0,0,5.995204e-15
line,tail.services=0.11@genesis,2,CONVERGED,CONVERGED,289,289,0.9512050636128906,0.9512051,-0.04300498831765277,-0.04300499,0,0,4001,25000,0,0,50.26032408122481,50.26032,0.9461109105092352,0.9461109,0.0,0.0,0,0,0,0,0,0,0,0,0,0,0,0,0,0,0,0,0.0526167353591853,0.05261674,0.0526167353591853,0.05261674,0.7217859647699864,0.721786,0,0,0.31470660879008017,0.3147066,0,0,0.4719882362851603,0.4719882,0,0,7.1054270000000005e-15
line,tail.services=0.11@dated,2,CONVERGED,CONVERGED,289,289,0.9457888371924391,0.9457888,-0.04300498831765277,-0.04300499,0,0,4001,25000,0,0,57.224042765545434,57.22404,0.9420807037628226,0.9420807,0.0,0.0,0,0,0,0,0,0,0,0,0,0,0,0,0,0,0,0,0.05261673535918528,0.05261674,0.05261673535918528,0.05261674,0.722095286044253,0.7220953,0,0,0.31476471311523085,0.3147647,0,0,0.4721247641955028,0.4721248,0,0,6.439294e-15
line,tail.services=0.09@genesis,2,CONVERGED,CONVERGED,245,245,0.9755559228972562,0.9755559,-0.05631687862093638,-0.05631688,0,0,4001,25000,0,0,34.77829400515186,34.77829,0.9757612108670494,0.9757612,0.0,0.0,0,0,0,0,0,0,0,0,0,0,0,0,0,0,0,0,0.05874690222691406,0.0587469,0.05874690222691406,0.0587469,0.7124564624024284,0.7124565,0,0,0.3171892011868894,0.3171892,0,0,0.4738822737869194,0.4738823,0,0,4.884981e-15
line,tail.services=0.09@dated,2,CONVERGED,CONVERGED,245,245,0.9755559228972556,0.9755559,-0.0563168786209365,-0.05631688,0,0,4001,25000,0,0,34.77829400515186,34.77829,0.9757612108670477,0.9757612,0.0,0.0,0,0,0,0,0,0,0,0,0,0,0,0,0,0,0,0,0.05874690222691417,0.0587469,0.05874690222691417,0.0587469,0.7124564624024287,0.7124565,0,0,0.3171892011868893,0.3171892,0,0,0.4738822737869194,0.4738823,0,0,5.995204e-15
line,tail.services=0.2@genesis,3,CONVERGED,CONVERGED,478,478,0.648814620774244,0.6488146,-0.04300498831765277,-0.04300499,0,0,18,18,0,0,437.8220449675541,437.822,0.6212951591021073,0.6212952,0.0,0.0,0,0,0,0,0,0,0,0,0,0,0,0,0,0,0,0,0.0526167353591853,0.05261674,0.0526167353591853,0.05261674,0.797138838864373,0.7971388,0,0,0.31750879410503924,0.3175088,0,0,0.47679495643543035,0.476795,0,0,7.549517e-15
line,tail.services=0.2@dated,3,CONVERGED,CONVERGED,479,479,0.6229106447258594,0.6229106,-0.04300498831765277,-0.04300499,0,0,21,21,0,0,488.10776747558816,488.1078,0.6027350561091966,0.6027351,0.0,0.0,0,0,0,0,0,0,0,0,0,0,0,0,0,0,0,0,0.05261673535918528,0.05261674,0.05261673535918528,0.05261674,0.8016817896316872,0.8016818,0,0,0.31816834180702885,0.3181683,0,0,0.4772089704386872,0.477209,0,0,5.995204e-15
line,tail.services=0.05@genesis,3,CONVERGED,CONVERGED,407,407,0.8732263942059597,0.8732264,-0.11511141890862438,-0.1151114,0,0,4001,25000,0,0,202.01971310494966,202.0197,0.8734299093910587,0.8734299,0.0,0.0,0,0,0,0,0,0,0,0,0,0,0,0,0,0,0,0,0.08502435305515571,0.08502435,0.08502435305515571,0.08502435,0.7229930636704529,0.7229931,0,0,0.33033945899151657,0.3303395,0,0,0.4863187520558883,0.4863188,0,0,1.088019e-14
line,tail.services=0.05@dated,3,CONVERGED,CONVERGED,407,407,0.8732263942059593,0.8732264,-0.11511141890862475,-0.1151114,0,0,4001,25000,0,0,202.0197131049499,202.0197,0.8734299093910589,0.8734299,0.0,0.0,0,0,0,0,0,0,0,0,0,0,0,0,0,0,0,0,0.08502435305515578,0.08502435,0.08502435305515578,0.08502435,0.7229930636704522,0.7229931,0,0,0.33033945899151657,0.3303395,0,0,0.48631875205588854,0.4863188,0,0,7.549517e-15
line,res.services.trained=0.044@genesis,2,CONVERGED,CONVERGED,400,400,0.9094401253942023,0.9094401,-0.05131519427500539,-0.05131519,0,0,4001,25000,0,0,139.2496372973463,139.2496,0.9092187485663374,0.9092187,0.0,0.0,0,0,0,0,0,0,0,0,0,0,0,0,0,0,0,0,0.05645677536380449,0.05645678,0.05645677536380449,0.05645678,0.7222322271494772,0.7222322,0,0,0.34836299336539683,0.348363,0,0,0.4742557917963433,0.4742558,0,0,4.662937e-15
line,res.services.trained=0.044@dated,2,CONVERGED,CONVERGED,400,400,0.9094401253942023,0.9094401,-0.05138531821709324,-0.05138532,0,0,4001,25000,0,0,139.2496372973463,139.2496,0.9092187485663374,0.9092187,0.0,0.0,0,0,0,0,0,0,0,0,0,0,0,0,0,0,0,0,0.05649560267253679,0.0564956,0.05649560267253679,0.0564956,0.7220540428646189,0.722054,0,0,0.34832537352760173,0.3483254,0,0,0.4742205733199779,0.4742206,0,0,5.551115e-15
line,res.services.trained=0.036@genesis,2,CONVERGED,CONVERGED,344,344,0.9614724459359016,0.9614724,-0.044541653351321896,-0.04454165,0,0,4001,25000,0,0,147.66234493406097,147.6623,0.9627658668549973,0.9627659,0.0,0.0,0,0,0,0,0,0,0,0,0,0,0,0,0,0,0,0,0.05349821340869762,0.05349821,0.05349821340869762,0.05349821,0.723222393677476,0.7232224,0,0,0.3139112920768755,0.3139113,0,0,0.4758587335564508,0.4758587,0,0,7.993606e-15
line,res.services.trained=0.036@dated,2,CONVERGED,CONVERGED,346,346,0.960372501960878,0.9603725,-0.0445992262255901,-0.04459923,0,0,4001,25000,0,0,147.66234493406097,147.6623,0.961789531621387,0.9617895,0.0,0.0,0,0,0,0,0,0,0,0,0,0,0,0,0,0,0,0,0.05349832330308399,0.05349832,0.05349832330308399,0.05349832,0.7236239151449793,0.7236239,0,0,0.3139112920768755,0.3139113,0,0,0.4759592652235266,0.4759593,0,0,7.993606e-15
line,res.services.trained=0.08@genesis,3,CONVERGED,CONVERGED,575,575,0.5037057646675787,0.5037058,-0.103165684847671,-0.1031657,0,0,4001,25000,0,0,1238.4737532878737,1238.474,0.5005811963731568,0.5005812,0.0,0.0,0,0,0,0,0,0,0,0,0,0,0,0,0,0,0,0,0.08204815741684017,0.08204816,0.08204815741684017,0.08204816,0.7105694561564866,0.7105695,0,0,0.6261335518149463,0.6261336,0,0,0.47628790701621965,0.4762879,0,0,1.5321080000000002e-14
line,res.services.trained=0.08@dated,3,CONVERGED,CONVERGED,575,575,0.5037057646675787,0.5037058,-0.10349428063407495,-0.1034943,0,0,4001,25000,0,0,1238.4737532878737,1238.474,0.5005811963731568,0.5005812,0.0,0.0,0,0,0,0,0,0,0,0,0,0,0,0,0,0,0,0,0.08229367500456099,0.08229368,0.08229367500456099,0.08229368,0.7105694561564866,0.7105695,0,0,0.6261259983034679,0.626126,0,0,0.47627564113292425,0.4762756,0,0,1.221245e-14
line,res.services.trained=0.02@genesis,3,CONVERGED,CONVERGED,388,388,0.8208862373814098,0.8208862,-0.050856024644357935,-0.05085602,0,0,4001,25000,0,0,890.5951828433563,890.5952,0.8271197517273573,0.8271198,0.0,0.0,0,0,0,0,0,0,0,0,0,0,0,0,0,0,0,0,0.05589850610246777,0.05589851,0.05589850610246777,0.05589851,0.7654551221004801,0.7654551,0,0,0.3139112920768755,0.3139113,0,0,0.4945770688564143,0.4945771,0,0,5.995204e-15
line,res.services.trained=0.02@dated,3,CONVERGED,CONVERGED,392,392,0.8163235729048385,0.8163236,-0.05109239624351294,-0.0510924,0,0,4001,25000,0,0,890.5951828433563,890.5952,0.8233714400769248,0.8233714,0.0,0.0,0,0,0,0,0,0,0,0,0,0,0,0,0,0,0,0,0.056182429628102534,0.05618243,0.056182429628102534,0.05618243,0.7673609203227806,0.7673609,0,0,0.3139112920768755,0.3139113,0,0,0.495141870858067,0.4951419,0,0,9.103829e-15
tier3s_line,stock.services*0.5,3S,CONVERGED,CONVERGED,370,370,0.5000000000000001,0.5,-0.04829932767331499,-0.04829933,0,0,4001,25000,0,0,693.1471805599452,693.1472,0.5,0.5,0.0,0.0,0,0,0,0,0,0,0,0,0,0,0,0,0,0,0,0,0.05430209095207911,0.05430209,0.05430209095207911,0.05430209,0.7221527058096802,0.7221527,0,0,0.3206643760797194,0.3206644,0,0,0.4742026431715255,0.4742026,0,0,8.437695e-15
tier3s_line,stock.services*2,3S,CONVERGED,CONVERGED,403,403,0.9477470475116846,0.947747,-0.05035085967185728,-0.05035086,0,0,4001,25000,0,0,61.643132191436045,61.64313,0.9355994612706583,0.9355995,0.0,0.0,0,0,0,0,0,0,0,0,0,0,0,0,0,0,0,0,0.0564453021395168,0.0564453,0.0564453021395168,0.0564453,0.7255171171297246,0.7255171,0,0,0.3180277159153408,0.3180277,0,0,0.4751841759405954,0.4751842,0,0,4.662937e-15
tier3s_line,stock.goods*0.5,3S,CONVERGED,CONVERGED,289,289,0.5000000000000001,0.5,-0.046361321231300455,-0.04636132,0,0,4001,25000,0,0,693.1471805599452,693.1472,0.5,0.5,0.0,0.0,0,0,0,0,0,0,0,0,0,0,0,0,0,0,0,0,0.05436714722497129,0.05436715,0.05436714722497129,0.05436715,0.719760629667794,0.7197606,0,0,0.3159302004640353,0.3159302,0,0,0.4791216438352713,0.4791216,0,0,5.329071e-15
tier3s_line,stock.goods*2,3S,CONVERGED,CONVERGED,400,400,0.9509120584441926,0.9509121,-0.047171591097298175,-0.04717159,0,0,4001,25000,0,0,52.04421675124074,52.04422,0.9352792589457491,0.9352793,0.0,0.0,0,0,0,0,0,0,0,0,0,0,0,0,0,0,0,0,0.05533004145796664,0.05533004,0.05533004145796664,0.05533004,0.7251446668245374,0.7251447,0,0,0.31746908109290994,0.3174691,0,0,0.4753339601800415,0.475334,0,0,9.992007e-15
tier3s_line,stock.mach*0.5,3S,CONVERGED,CONVERGED,426,426,0.28571428571428575,0.2857143,-0.0639380604383967,-0.06393806,2,2,4001,25000,0,0,1252.7629684953679,1252.763,0.28571428571428575,0.2857143,0.0,0.0,0,0,0,0,0,0,1,1,1,1,1,1,0,0,0,0,0.06117580219415502,0.0611758,0.06117580219415502,0.0611758,0.7504727941588468,0.7504728,0,0,0.3200920427357331,0.320092,0,0,0.4792225207818879,0.4792225,0,0,7.1054270000000005e-15
tier3s_line,stock.mach*2,3S,CONVERGED,CONVERGED,447,447,0.9116641616371431,0.9116642,-0.0540645293426362,-0.05406453,0,0,4001,25000,0,0,146.13699545781895,146.137,0.9087700793380467,0.9087701,0.0,0.0,0,0,0,0,0,0,0,0,0,0,0,0,0,0,0,0,0.05724925552855493,0.05724926,0.05724925552855493,0.05724926,0.750399778490917,0.7503998,0,0,0.3208476230802232,0.3208476,0,0,0.4814901370563138,0.4814901,0,0,7.1054270000000005e-15
tier3s_line,coin.desk.services*0.5,3S,CONVERGED,CONVERGED,563,563,0.4999999999999999,0.5,-0.12315621868432776,-0.1231562,2,0,4001,25000,0,0,693.1471805599455,693.1472,0.5034551940415329,0.5034552,0.0,0.0,0,0,0,0,0,0,0,0,1,0,0,0,1,0,0,0,0.08460211448577956,0.08460211,0.08460211448577956,0.08460211,0.8209007059417432,0.8209007,0,0,0.3523151429431957,0.3523151,0,0,0.4991748670520535,0.4991749,0,0,5.329071e-15
tier3s_line,coin.desk.services*2,3S,CONVERGED,CONVERGED,539,539,0.38827543441540185,0.3882754,-0.09425943015069652,-0.09425943,4,4,3991,24990,0,0,946.0403086923521,946.0403,0.37862333517067787,0.3786233,0.0,0.0,0,0,0,0,0,0,0,0,0,0,4,4,0,0,0,0,0.06651924900855849,0.06651925,0.06651924900855849,0.06651925,0.8016723614112443,0.8016724,0,0,0.3929700971605241,0.3929701,0,0,0.5359880626165301,0.5359881,0,0,8.437695e-15
tier3s_line,coin.desk.goods*0.5,3S,CONVERGED,CONVERGED,546,546,0.4999999999999999,0.5,-0.07608235650241905,-0.07608236,2,0,4001,25000,0,0,693.1471805599455,693.1472,0.5031811204320576,0.5031811,0.0,0.0,0,0,0,0,0,0,0,0,0,0,1,0,0,0,1,0,0.07512607886582086,0.07512608,0.07512607886582086,0.07512608,0.8044974382500403,0.8044974,0,0,0.33079128792866036,0.3307913,0,0,0.5155724360206214,0.5155724,0,0,9.547918e-15
tier3s_line,coin.desk.goods*2,3S,CONVERGED,CONVERGED,508,508,0.5087491495308715,0.5087491,-0.08548247671079862,-0.08548248,0,0,4001,25000,0,0,675.8002139105203,675.8002,0.49784573019283224,0.4978457,0.0,0.0,0,0,0,0,0,0,0,0,0,0,0,0,0,0,0,0,0.07037002732395006,0.07037003,0.07037002732395006,0.07037003,0.7783607942252934,0.7783608,0,0,0.3760696882500837,0.3760697,0,0,0.5920115254797056,0.5920115,0,0,6.8833830000000005e-15
tier3s_line,coin.desk.mach*0.5,3S,CONVERGED,CONVERGED,590,590,0.5238842452660495,0.5238842,-0.13811105388818418,-0.1381111,11,11,4001,25000,0,0,762.7611505592484,762.7612,0.5351783446936887,0.5351783,6.734818826383845,6.734819,0,0,0,0,0,0,11,11,0,0,0,0,0,0,0,0,0.11059620998535102,0.1105962,0.11059620998535102,0.1105962,0.9068742137300277,0.9068742,0,0,0.34206569879429366,0.3420657,0,0,0.5096560587803446,0.5096561,0,0,5.329071e-15
tier3s_line,coin.desk.mach*2,3S,CONVERGED,CONVERGED,602,602,0.5714285714285715,0.5714286,-0.05647504151822024,-0.05647504,0,0,3988,24987,0,0,559.6157879354225,559.6158,0.5583544025584773,0.5583544,0.0,0.0,0,0,0,0,0,0,0,0,0,0,0,0,0,0,0,0,0.05937606949506845,0.05937607,0.05937606949506845,0.05937607,0.8238532450019569,0.8238532,0,0,0.35044611360644934,0.3504461,0,0,0.5249815788923577,0.5249816,0,0,5.107026e-15
tier3s_line,coin.workers*0.5,3S,CONVERGED,CONVERGED,333,333,0.818717362140397,0.8187174,-0.06300713028479603,-0.06300713,0,0,4001,25000,0,0,200.01635586185697,200.0164,0.9643544152068135,0.9643544,0.0,0.0,0,0,0,0,0,0,0,0,0,0,0,0,0,0,0,0,0.06223200631675598,0.06223201,0.06223200631675598,0.06223201,0.7229199268596077,0.7229199,0,0,0.3162732056395282,0.3162732,0,0,0.473992939788044,0.4739929,0,0,6.661338e-15
tier3s_line,coin.workers*2,3S,CONVERGED,CONVERGED,570,570,0.7090029115700757,0.7090029,-0.07023480371859533,-0.0702348,0,0,4001,25000,0,0,551.8277725688953,551.8278,0.5399315607378435,0.5399316,0.0,0.0,0,0,0,0,0,0,0,0,0,0,0,0,0,0,0,0,0.0645584096732136,0.06455841,0.0645584096732136,0.06455841,0.8316458810977566,0.8316459,0,0,0.3554350700178099,0.3554351,0,0,0.5333292422669489,0.5333292,0,0,6.439294e-15
tier3s_line,coin.workers.trained*0.5,3S,CONVERGED,CONVERGED,289,289,0.918817199415296,0.9188172,-0.05177735462954322,-0.05177735,0,0,4001,25000,0,0,84.66808890912215,84.66809,0.9836511224517559,0.9836511,0.0,0.0,0,0,0,0,0,0,0,0,0,0,0,0,0,0,0,0,0.05678635464105463,0.05678635,0.05678635464105463,0.05678635,0.715993867742308,0.7159939,0,0,0.31500091381727496,0.3150009,0,0,0.47230988390542816,0.4723099,0,0,4.884981e-15
tier3s_line,coin.workers.trained*2,3S,CONVERGED,CONVERGED,530,530,0.8538082979645669,0.8538083,-0.0554316537676333,-0.05543165,0,0,4001,25000,0,0,275.2020246045588,275.202,0.7494240315727128,0.749424,0.0,0.0,0,0,0,0,0,0,0,0,0,0,0,0,0,0,0,0,0.057760246151176003,0.05776025,0.057760246151176003,0.05776025,0.778320790815358,0.7783208,0,0,0.3360906539991948,0.3360907,0,0,0.5041925666466782,0.5041926,0,0,4.662937e-15
tier3s_line,coin.workers.master*0.5,3S,CONVERGED,CONVERGED,275,275,0.9446775071944401,0.9446775,-0.04895757749801202,-0.04895758,0,0,4001,25000,0,0,56.91167195970535,56.91167,0.9887708088348055,0.9887708,0.0,0.0,0,0,0,0,0,0,0,0,0,0,0,0,0,0,0,0,0.05543566146478173,0.05543566,0.05543566146478173,0.05543566,0.7142484808921027,0.7142485,0,0,0.3146602692321195,0.3146603,0,0,0.47185893045936766,0.4718589,0,0,8.437695e-15
tier3s_line,coin.workers.master*2,3S,CONVERGED,CONVERGED,517,517,0.897157167063044,0.8971572,-0.0514825805735799,-0.05148258,0,0,4001,25000,0,0,193.6268509420194,193.6269,0.8195301741389323,0.8195302,0.0,0.0,0,0,0,0,0,0,0,0,0,0,0,0,0,0,0,0,0.05619710437845383,0.0561971,0.05619710437845383,0.0561971,0.7597602333635851,0.7597602,0,0,0.32976585112360923,0.3297659,0,0,0.49467342255846747,0.4946734,0,0,4.884981e-15
tier3s_line,coin.provider*0.5,3S,CONVERGED,CONVERGED,418,418,0.7614155171286384,0.7614155,-0.06973441337124164,-0.06973441,0,0,4001,25000,0,0,272.576055508493,272.5761,0.953458875147093,0.9534589,0.0,0.0,0,0,0,0,0,0,0,0,0,0,0,0,0,0,0,0,0.06554865825462712,0.06554866,0.06554865825462712,0.06554866,0.7270269536751814,0.727027,0,0,0.3169745799663612,0.3169746,0,0,0.4749199039803893,0.4749199,0,0,6.439294e-15
tier3s_line,coin.provider*2,3S,CONVERGED,CONVERGED,580,580,0.6395436065989204,0.6395436,-0.07853359221455006,-0.07853359,0,0,4001,25000,0,0,687.288588475173,687.2886,0.45247997162017345,0.45248,0.0,0.0,0,0,0,0,0,0,0,0,0,0,0,0,0,0,0,0,0.06861703952968348,0.06861704,0.06861703952968348,0.06861704,0.8524482820742417,0.8524483,0,0,0.3634805666692047,0.3634806,0,0,0.5457124663250565,0.5457125,0,0,8.659739999999999e-15
