amendment,step,inst,set,group,run,what,registered,engine_as_scored,status_as_scored,engine_on_amendment,detail,status_on_amendment
switch A1,E5,is1,L,L,res.services.trained=0.036@dated,"E5: a pooled pop ends at a*, within 1e-10 relative",0.035671256071013395,0.03567126,fail,0.03567125607101244,"|a/a* - 1| 2.684e-14 at tick 27499, within 1e-10",pass
switch A1,E5,is1,L,L,res.services.trained=0.036@genesis,"E5: a pooled pop ends at a*, within 1e-10 relative",0.035671256071013395,0.03567126,fail,0.035671256071013666,"|a/a* - 1| 7.586e-15 at tick 21999, within 1e-10",pass
switch A1,E5,is1,L,L,tail.services=0.11@dated,"E5: a pooled pop ends at a*, within 1e-10 relative",0.007031052173720732,0.007031052,fail,0.007031052173719852,"|a/a* - 1| 1.251e-13 at tick 27499, within 1e-10",pass
switch A1,E5,is1,L,L,tail.services=0.11@genesis,"E5: a pooled pop ends at a*, within 1e-10 relative",0.007031052173720732,0.007031052,fail,0.007031052173720229,"|a/a* - 1| 7.155e-14 at tick 21999, within 1e-10",pass
switch A1,E5,is1,L,L,res.services.trained=0.02@dated,"E5: a pooled pop ends at a*, within 1e-10 relative",0.39142810838832925,0.3914281,fail,0.39142810838833053,"|a/a* - 1| 3.262e-15 at tick 27499, within 1e-10",pass
switch A1,E5,is1,L,L,res.services.trained=0.02@genesis,"E5: a pooled pop ends at a*, within 1e-10 relative",0.39142810838832925,0.3914281,fail,0.39142810838833025,"|a/a* - 1| 2.553e-15 at tick 21999, within 1e-10",pass
switch A1,E5,is1,L,L,tail.services=0.2@dated,"E5: a pooled pop ends at a*, within 1e-10 relative",0.2860879343123933,0.2860879,fail,0.2860879343123939,"|a/a* - 1| 1.940e-15 at tick 27499, within 1e-10",pass
switch A1,E5,is1,L,L,tail.services=0.2@dated,"E5: a pooled pop ends at a*, within 1e-10 relative",0.04967163795419962,0.04967164,fail,0.0496716379542009,"|a/a* - 1| 2.584e-14 at tick 27499, within 1e-10",pass
switch A1,E5,is1,L,L,tail.services=0.2@genesis,"E5: a pooled pop ends at a*, within 1e-10 relative",0.2860879343123933,0.2860879,fail,0.2860879343123938,"|a/a* - 1| 1.746e-15 at tick 21999, within 1e-10",pass
switch A1,E5,is1,L,L,tail.services=0.2@genesis,"E5: a pooled pop ends at a*, within 1e-10 relative",0.04967163795419962,0.04967164,fail,0.049671637954200314,"|a/a* - 1| 1.397e-14 at tick 21999, within 1e-10",pass
switch A1,E5,is1,hold,hold,res.services.trained=0.036@dated,"E5: a pooled pop ends at a*, within 1e-10 relative",0.035671256071013395,0.03567126,fail,0.03567125607101244,"|a/a* - 1| 2.684e-14 at tick 27499, within 1e-10",pass
switch A1,E5,is1,hold,hold,res.services.trained=0.036@genesis,"E5: a pooled pop ends at a*, within 1e-10 relative",0.035671256071013395,0.03567126,fail,0.035671256071013666,"|a/a* - 1| 7.586e-15 at tick 21999, within 1e-10",pass
switch A1,E5,is1,hold,hold,tail.services=0.11@dated,"E5: a pooled pop ends at a*, within 1e-10 relative",0.007031052173720732,0.007031052,fail,0.007031052173719852,"|a/a* - 1| 1.251e-13 at tick 27499, within 1e-10",pass
switch A1,E5,is1,hold,hold,tail.services=0.11@genesis,"E5: a pooled pop ends at a*, within 1e-10 relative",0.007031052173720732,0.007031052,fail,0.007031052173720229,"|a/a* - 1| 7.155e-14 at tick 21999, within 1e-10",pass
switch A1,E5,is1,nbhd,nbhd adjust.*=0.75,res.services.trained=0.02@dated,"E5: a pooled pop ends at a*, within 1e-10 relative",0.39142810838832925,0.3914281,fail,0.39142810838833053,"|a/a* - 1| 3.262e-15 at tick 27499, within 1e-10",pass
switch A1,E5,is1,nbhd,nbhd adjust.*=0.75,res.services.trained=0.02@genesis,"E5: a pooled pop ends at a*, within 1e-10 relative",0.39142810838832925,0.3914281,fail,0.39142810838833025,"|a/a* - 1| 2.553e-15 at tick 21999, within 1e-10",pass
switch A1,E5,is1,nbhd,nbhd adjust.*=0.75,tail.services=0.2@dated,"E5: a pooled pop ends at a*, within 1e-10 relative",0.2860879343123933,0.2860879,fail,0.2860879343123939,"|a/a* - 1| 1.940e-15 at tick 27499, within 1e-10",pass
switch A1,E5,is1,nbhd,nbhd adjust.*=0.75,tail.services=0.2@dated,"E5: a pooled pop ends at a*, within 1e-10 relative",0.04967163795419962,0.04967164,fail,0.0496716379542009,"|a/a* - 1| 2.584e-14 at tick 27499, within 1e-10",pass
switch A1,E5,is1,nbhd,nbhd adjust.*=0.75,tail.services=0.2@genesis,"E5: a pooled pop ends at a*, within 1e-10 relative",0.2860879343123933,0.2860879,fail,0.2860879343123938,"|a/a* - 1| 1.746e-15 at tick 21999, within 1e-10",pass
switch A1,E5,is1,nbhd,nbhd adjust.*=0.75,tail.services=0.2@genesis,"E5: a pooled pop ends at a*, within 1e-10 relative",0.04967163795419962,0.04967164,fail,0.049671637954200314,"|a/a* - 1| 1.397e-14 at tick 21999, within 1e-10",pass
switch A1,E5,is1,nbhd,nbhd adjust.*=0.9,res.services.trained=0.02@dated,"E5: a pooled pop ends at a*, within 1e-10 relative",0.39142810838832925,0.3914281,fail,0.39142810838833053,"|a/a* - 1| 3.262e-15 at tick 27499, within 1e-10",pass
switch A1,E5,is1,nbhd,nbhd adjust.*=0.9,res.services.trained=0.02@genesis,"E5: a pooled pop ends at a*, within 1e-10 relative",0.39142810838832925,0.3914281,fail,0.39142810838833025,"|a/a* - 1| 2.553e-15 at tick 21999, within 1e-10",pass
switch A1,E5,is1,nbhd,nbhd adjust.*=0.9,tail.services=0.2@dated,"E5: a pooled pop ends at a*, within 1e-10 relative",0.2860879343123933,0.2860879,fail,0.2860879343123939,"|a/a* - 1| 1.940e-15 at tick 27499, within 1e-10",pass
switch A1,E5,is1,nbhd,nbhd adjust.*=0.9,tail.services=0.2@dated,"E5: a pooled pop ends at a*, within 1e-10 relative",0.04967163795419962,0.04967164,fail,0.0496716379542009,"|a/a* - 1| 2.584e-14 at tick 27499, within 1e-10",pass
switch A1,E5,is1,nbhd,nbhd adjust.*=0.9,tail.services=0.2@genesis,"E5: a pooled pop ends at a*, within 1e-10 relative",0.2860879343123933,0.2860879,fail,0.2860879343123938,"|a/a* - 1| 1.746e-15 at tick 21999, within 1e-10",pass
switch A1,E5,is1,nbhd,nbhd adjust.*=0.9,tail.services=0.2@genesis,"E5: a pooled pop ends at a*, within 1e-10 relative",0.04967163795419962,0.04967164,fail,0.049671637954200314,"|a/a* - 1| 1.397e-14 at tick 21999, within 1e-10",pass
switch A1,E5,is1,nbhd,nbhd adjust.*=1.1,res.services.trained=0.02@dated,"E5: a pooled pop ends at a*, within 1e-10 relative",0.39142810838832925,0.3914281,fail,0.39142810838833053,"|a/a* - 1| 3.262e-15 at tick 27499, within 1e-10",pass
switch A1,E5,is1,nbhd,nbhd adjust.*=1.1,res.services.trained=0.02@genesis,"E5: a pooled pop ends at a*, within 1e-10 relative",0.39142810838832925,0.3914281,fail,0.39142810838833025,"|a/a* - 1| 2.553e-15 at tick 21999, within 1e-10",pass
switch A1,E5,is1,nbhd,nbhd adjust.*=1.1,tail.services=0.2@dated,"E5: a pooled pop ends at a*, within 1e-10 relative",0.2860879343123933,0.2860879,fail,0.2860879343123939,"|a/a* - 1| 1.940e-15 at tick 27499, within 1e-10",pass
switch A1,E5,is1,nbhd,nbhd adjust.*=1.1,tail.services=0.2@dated,"E5: a pooled pop ends at a*, within 1e-10 relative",0.04967163795419962,0.04967164,fail,0.0496716379542009,"|a/a* - 1| 2.584e-14 at tick 27499, within 1e-10",pass
switch A1,E5,is1,nbhd,nbhd adjust.*=1.1,tail.services=0.2@genesis,"E5: a pooled pop ends at a*, within 1e-10 relative",0.2860879343123933,0.2860879,fail,0.2860879343123938,"|a/a* - 1| 1.746e-15 at tick 21999, within 1e-10",pass
switch A1,E5,is1,nbhd,nbhd adjust.*=1.1,tail.services=0.2@genesis,"E5: a pooled pop ends at a*, within 1e-10 relative",0.04967163795419962,0.04967164,fail,0.049671637954200314,"|a/a* - 1| 1.397e-14 at tick 21999, within 1e-10",pass
switch A1,E5,is1,nbhd,nbhd adjust.*=1.25,res.services.trained=0.02@dated,"E5: a pooled pop ends at a*, within 1e-10 relative",0.39142810838832925,0.3914281,fail,0.39142810838833053,"|a/a* - 1| 3.262e-15 at tick 27499, within 1e-10",pass
switch A1,E5,is1,nbhd,nbhd adjust.*=1.25,res.services.trained=0.02@genesis,"E5: a pooled pop ends at a*, within 1e-10 relative",0.39142810838832925,0.3914281,fail,0.39142810838833025,"|a/a* - 1| 2.553e-15 at tick 21999, within 1e-10",pass
switch A1,E5,is1,nbhd,nbhd adjust.*=1.25,tail.services=0.2@dated,"E5: a pooled pop ends at a*, within 1e-10 relative",0.2860879343123933,0.2860879,fail,0.2860879343123939,"|a/a* - 1| 1.940e-15 at tick 27499, within 1e-10",pass
switch A1,E5,is1,nbhd,nbhd adjust.*=1.25,tail.services=0.2@dated,"E5: a pooled pop ends at a*, within 1e-10 relative",0.04967163795419962,0.04967164,fail,0.0496716379542009,"|a/a* - 1| 2.584e-14 at tick 27499, within 1e-10",pass
switch A1,E5,is1,nbhd,nbhd adjust.*=1.25,tail.services=0.2@genesis,"E5: a pooled pop ends at a*, within 1e-10 relative",0.2860879343123933,0.2860879,fail,0.2860879343123938,"|a/a* - 1| 1.746e-15 at tick 21999, within 1e-10",pass
switch A1,E5,is1,nbhd,nbhd adjust.*=1.25,tail.services=0.2@genesis,"E5: a pooled pop ends at a*, within 1e-10 relative",0.04967163795419962,0.04967164,fail,0.049671637954200314,"|a/a* - 1| 1.397e-14 at tick 21999, within 1e-10",pass
switch A1,E5,is1,nbhd,nbhd buffer.*=0.75,res.services.trained=0.02@dated,"E5: a pooled pop ends at a*, within 1e-10 relative",0.39142810838832925,0.3914281,fail,0.39142810838832964,"|a/a* - 1| 9.927e-16 at tick 27499, within 1e-10",pass
switch A1,E5,is1,nbhd,nbhd buffer.*=0.75,res.services.trained=0.02@genesis,"E5: a pooled pop ends at a*, within 1e-10 relative",0.39142810838832925,0.3914281,fail,0.39142810838832887,"|a/a* - 1| 9.927e-16 at tick 21999, within 1e-10",pass
switch A1,E5,is1,nbhd,nbhd buffer.*=0.75,tail.services=0.2@dated,"E5: a pooled pop ends at a*, within 1e-10 relative",0.2860879343123933,0.2860879,fail,0.2860879343123938,"|a/a* - 1| 1.746e-15 at tick 27499, within 1e-10",pass
switch A1,E5,is1,nbhd,nbhd buffer.*=0.75,tail.services=0.2@dated,"E5: a pooled pop ends at a*, within 1e-10 relative",0.04967163795419962,0.04967164,fail,0.04967163795419861,"|a/a* - 1| 2.040e-14 at tick 27499, within 1e-10",pass
switch A1,E5,is1,nbhd,nbhd buffer.*=0.75,tail.services=0.2@genesis,"E5: a pooled pop ends at a*, within 1e-10 relative",0.2860879343123933,0.2860879,fail,0.2860879343123924,"|a/a* - 1| 3.299e-15 at tick 21999, within 1e-10",pass
switch A1,E5,is1,nbhd,nbhd buffer.*=0.75,tail.services=0.2@genesis,"E5: a pooled pop ends at a*, within 1e-10 relative",0.04967163795419962,0.04967164,fail,0.04967163795419999,"|a/a* - 1| 7.404e-15 at tick 21999, within 1e-10",pass
switch A1,E5,is1,nbhd,nbhd buffer.*=0.9,res.services.trained=0.02@dated,"E5: a pooled pop ends at a*, within 1e-10 relative",0.39142810838832925,0.3914281,fail,0.39142810838832975,"|a/a* - 1| 1.276e-15 at tick 27499, within 1e-10",pass
switch A1,E5,is1,nbhd,nbhd buffer.*=0.9,res.services.trained=0.02@genesis,"E5: a pooled pop ends at a*, within 1e-10 relative",0.39142810838832925,0.3914281,fail,0.3914281083883296,"|a/a* - 1| 8.509e-16 at tick 21999, within 1e-10",pass
switch A1,E5,is1,nbhd,nbhd buffer.*=0.9,tail.services=0.2@dated,"E5: a pooled pop ends at a*, within 1e-10 relative",0.2860879343123933,0.2860879,fail,0.286087934312394,"|a/a* - 1| 2.328e-15 at tick 27499, within 1e-10",pass
switch A1,E5,is1,nbhd,nbhd buffer.*=0.9,tail.services=0.2@dated,"E5: a pooled pop ends at a*, within 1e-10 relative",0.04967163795419962,0.04967164,fail,0.04967163795419898,"|a/a* - 1| 1.285e-14 at tick 27499, within 1e-10",pass
switch A1,E5,is1,nbhd,nbhd buffer.*=0.9,tail.services=0.2@genesis,"E5: a pooled pop ends at a*, within 1e-10 relative",0.2860879343123933,0.2860879,fail,0.28608793431239293,"|a/a* - 1| 1.358e-15 at tick 21999, within 1e-10",pass
switch A1,E5,is1,nbhd,nbhd buffer.*=0.9,tail.services=0.2@genesis,"E5: a pooled pop ends at a*, within 1e-10 relative",0.04967163795419962,0.04967164,fail,0.049671637954200897,"|a/a* - 1| 2.570e-14 at tick 21999, within 1e-10",pass
switch A1,E5,is1,nbhd,nbhd buffer.*=1.1,res.services.trained=0.02@dated,"E5: a pooled pop ends at a*, within 1e-10 relative",0.39142810838832925,0.3914281,fail,0.3914281083883296,"|a/a* - 1| 8.509e-16 at tick 27499, within 1e-10",pass
switch A1,E5,is1,nbhd,nbhd buffer.*=1.1,res.services.trained=0.02@genesis,"E5: a pooled pop ends at a*, within 1e-10 relative",0.39142810838832925,0.3914281,fail,0.39142810838833075,"|a/a* - 1| 3.829e-15 at tick 21999, within 1e-10",pass
switch A1,E5,is1,nbhd,nbhd buffer.*=1.1,tail.services=0.2@dated,"E5: a pooled pop ends at a*, within 1e-10 relative",0.2860879343123933,0.2860879,fail,0.2860879343123936,"|a/a* - 1| 9.702e-16 at tick 27499, within 1e-10",pass
switch A1,E5,is1,nbhd,nbhd buffer.*=1.1,tail.services=0.2@dated,"E5: a pooled pop ends at a*, within 1e-10 relative",0.04967163795419962,0.04967164,fail,0.04967163795420001,"|a/a* - 1| 7.823e-15 at tick 27499, within 1e-10",pass
switch A1,E5,is1,nbhd,nbhd buffer.*=1.1,tail.services=0.2@genesis,"E5: a pooled pop ends at a*, within 1e-10 relative",0.2860879343123933,0.2860879,fail,0.28608793431239377,"|a/a* - 1| 1.552e-15 at tick 21999, within 1e-10",pass
switch A1,E5,is1,nbhd,nbhd buffer.*=1.1,tail.services=0.2@genesis,"E5: a pooled pop ends at a*, within 1e-10 relative",0.04967163795419962,0.04967164,fail,0.04967163795419712,"|a/a* - 1| 5.029e-14 at tick 21999, within 1e-10",pass
switch A1,E5,is1,nbhd,nbhd buffer.*=1.25,res.services.trained=0.02@dated,"E5: a pooled pop ends at a*, within 1e-10 relative",0.39142810838832925,0.3914281,fail,0.39142810838832964,"|a/a* - 1| 9.927e-16 at tick 27499, within 1e-10",pass
switch A1,E5,is1,nbhd,nbhd buffer.*=1.25,res.services.trained=0.02@genesis,"E5: a pooled pop ends at a*, within 1e-10 relative",0.39142810838832925,0.3914281,fail,0.39142810838832875,"|a/a* - 1| 1.276e-15 at tick 21999, within 1e-10",pass
switch A1,E5,is1,nbhd,nbhd buffer.*=1.25,tail.services=0.2@dated,"E5: a pooled pop ends at a*, within 1e-10 relative",0.2860879343123933,0.2860879,fail,0.2860879343123931,"|a/a* - 1| 7.761e-16 at tick 27499, within 1e-10",pass
switch A1,E5,is1,nbhd,nbhd buffer.*=1.25,tail.services=0.2@dated,"E5: a pooled pop ends at a*, within 1e-10 relative",0.04967163795419962,0.04967164,fail,0.04967163795419886,"|a/a* - 1| 1.523e-14 at tick 27499, within 1e-10",pass
switch A1,E5,is1,nbhd,nbhd buffer.*=1.25,tail.services=0.2@genesis,"E5: a pooled pop ends at a*, within 1e-10 relative",0.2860879343123933,0.2860879,fail,0.2860879343123937,"|a/a* - 1| 1.358e-15 at tick 21999, within 1e-10",pass
switch A1,E5,is1,nbhd,nbhd buffer.*=1.25,tail.services=0.2@genesis,"E5: a pooled pop ends at a*, within 1e-10 relative",0.04967163795419962,0.04967164,fail,0.04967163795419843,"|a/a* - 1| 2.389e-14 at tick 21999, within 1e-10",pass
switch A1,E5,is1,nbhd,nbhd rate.*=0.75,res.services.trained=0.02@dated,"E5: a pooled pop ends at a*, within 1e-10 relative",0.39142810838832925,0.3914281,fail,0.3914281083883302,"|a/a* - 1| 2.411e-15 at tick 27499, within 1e-10",pass
switch A1,E5,is1,nbhd,nbhd rate.*=0.75,res.services.trained=0.02@genesis,"E5: a pooled pop ends at a*, within 1e-10 relative",0.39142810838832925,0.3914281,fail,0.39142810838832953,"|a/a* - 1| 7.091e-16 at tick 21999, within 1e-10",pass
switch A1,E5,is1,nbhd,nbhd rate.*=0.75,tail.services=0.2@dated,"E5: a pooled pop ends at a*, within 1e-10 relative",0.2860879343123933,0.2860879,fail,0.2860879343123931,"|a/a* - 1| 7.761e-16 at tick 27499, within 1e-10",pass
switch A1,E5,is1,nbhd,nbhd rate.*=0.75,tail.services=0.2@dated,"E5: a pooled pop ends at a*, within 1e-10 relative",0.04967163795419962,0.04967164,fail,0.049671637954199925,"|a/a* - 1| 6.147e-15 at tick 27499, within 1e-10",pass
switch A1,E5,is1,nbhd,nbhd rate.*=0.75,tail.services=0.2@genesis,"E5: a pooled pop ends at a*, within 1e-10 relative",0.2860879343123933,0.2860879,fail,0.28608793431239427,"|a/a* - 1| 3.299e-15 at tick 21999, within 1e-10",pass
switch A1,E5,is1,nbhd,nbhd rate.*=0.75,tail.services=0.2@genesis,"E5: a pooled pop ends at a*, within 1e-10 relative",0.04967163795419962,0.04967164,fail,0.049671637954198315,"|a/a* - 1| 2.626e-14 at tick 21999, within 1e-10",pass
switch A1,E5,is1,nbhd,nbhd rate.*=0.9,res.services.trained=0.02@dated,"E5: a pooled pop ends at a*, within 1e-10 relative",0.39142810838832925,0.3914281,fail,0.39142810838833014,"|a/a* - 1| 2.269e-15 at tick 27499, within 1e-10",pass
switch A1,E5,is1,nbhd,nbhd rate.*=0.9,res.services.trained=0.02@genesis,"E5: a pooled pop ends at a*, within 1e-10 relative",0.39142810838832925,0.3914281,fail,0.3914281083883295,"|a/a* - 1| 5.673e-16 at tick 21999, within 1e-10",pass
switch A1,E5,is1,nbhd,nbhd rate.*=0.9,tail.services=0.2@dated,"E5: a pooled pop ends at a*, within 1e-10 relative",0.2860879343123933,0.2860879,fail,0.2860879343123935,"|a/a* - 1| 5.821e-16 at tick 27499, within 1e-10",pass
switch A1,E5,is1,nbhd,nbhd rate.*=0.9,tail.services=0.2@dated,"E5: a pooled pop ends at a*, within 1e-10 relative",0.04967163795419962,0.04967164,fail,0.04967163795420249,"|a/a* - 1| 5.783e-14 at tick 27499, within 1e-10",pass
switch A1,E5,is1,nbhd,nbhd rate.*=0.9,tail.services=0.2@genesis,"E5: a pooled pop ends at a*, within 1e-10 relative",0.2860879343123933,0.2860879,fail,0.2860879343123936,"|a/a* - 1| 9.702e-16 at tick 21999, within 1e-10",pass
switch A1,E5,is1,nbhd,nbhd rate.*=0.9,tail.services=0.2@genesis,"E5: a pooled pop ends at a*, within 1e-10 relative",0.04967163795419962,0.04967164,fail,0.049671637954200064,"|a/a* - 1| 8.940e-15 at tick 21999, within 1e-10",pass
switch A1,E5,is1,nbhd,nbhd rate.*=1.1,res.services.trained=0.02@dated,"E5: a pooled pop ends at a*, within 1e-10 relative",0.39142810838832925,0.3914281,fail,0.39142810838832975,"|a/a* - 1| 1.276e-15 at tick 27499, within 1e-10",pass
switch A1,E5,is1,nbhd,nbhd rate.*=1.1,res.services.trained=0.02@genesis,"E5: a pooled pop ends at a*, within 1e-10 relative",0.39142810838832925,0.3914281,fail,0.39142810838832914,"|a/a* - 1| 2.836e-16 at tick 21999, within 1e-10",pass
switch A1,E5,is1,nbhd,nbhd rate.*=1.1,tail.services=0.2@dated,"E5: a pooled pop ends at a*, within 1e-10 relative",0.2860879343123933,0.2860879,fail,0.28608793431239304,"|a/a* - 1| 9.702e-16 at tick 27499, within 1e-10",pass
switch A1,E5,is1,nbhd,nbhd rate.*=1.1,tail.services=0.2@dated,"E5: a pooled pop ends at a*, within 1e-10 relative",0.04967163795419962,0.04967164,fail,0.049671637954198655,"|a/a* - 1| 1.942e-14 at tick 27499, within 1e-10",pass
switch A1,E5,is1,nbhd,nbhd rate.*=1.1,tail.services=0.2@genesis,"E5: a pooled pop ends at a*, within 1e-10 relative",0.2860879343123933,0.2860879,fail,0.2860879343123931,"|a/a* - 1| 7.761e-16 at tick 21999, within 1e-10",pass
switch A1,E5,is1,nbhd,nbhd rate.*=1.1,tail.services=0.2@genesis,"E5: a pooled pop ends at a*, within 1e-10 relative",0.04967163795419962,0.04967164,fail,0.04967163795420141,"|a/a* - 1| 3.604e-14 at tick 21999, within 1e-10",pass
switch A1,E5,is1,nbhd,nbhd rate.*=1.25,res.services.trained=0.02@dated,"E5: a pooled pop ends at a*, within 1e-10 relative",0.39142810838832925,0.3914281,fail,0.39142810838832964,"|a/a* - 1| 9.927e-16 at tick 27499, within 1e-10",pass
switch A1,E5,is1,nbhd,nbhd rate.*=1.25,res.services.trained=0.02@genesis,"E5: a pooled pop ends at a*, within 1e-10 relative",0.39142810838832925,0.3914281,fail,0.39142810838833,"|a/a* - 1| 1.844e-15 at tick 21999, within 1e-10",pass
switch A1,E5,is1,nbhd,nbhd rate.*=1.25,tail.services=0.2@dated,"E5: a pooled pop ends at a*, within 1e-10 relative",0.2860879343123933,0.2860879,fail,0.28608793431239377,"|a/a* - 1| 1.552e-15 at tick 27499, within 1e-10",pass
switch A1,E5,is1,nbhd,nbhd rate.*=1.25,tail.services=0.2@dated,"E5: a pooled pop ends at a*, within 1e-10 relative",0.04967163795419962,0.04967164,fail,0.04967163795420078,"|a/a* - 1| 2.333e-14 at tick 27499, within 1e-10",pass
switch A1,E5,is1,nbhd,nbhd rate.*=1.25,tail.services=0.2@genesis,"E5: a pooled pop ends at a*, within 1e-10 relative",0.2860879343123933,0.2860879,fail,0.28608793431239354,"|a/a* - 1| 7.761e-16 at tick 21999, within 1e-10",pass
switch A1,E5,is1,nbhd,nbhd rate.*=1.25,tail.services=0.2@genesis,"E5: a pooled pop ends at a*, within 1e-10 relative",0.04967163795419962,0.04967164,fail,0.04967163795420043,"|a/a* - 1| 1.634e-14 at tick 21999, within 1e-10",pass
switch A1,E5,is1,nbhd,nbhd tilt.*=0.05,res.services.trained=0.02@dated,"E5: a pooled pop ends at a*, within 1e-10 relative",0.39142810838832925,0.3914281,fail,0.3914281083883294,"|a/a* - 1| 4.255e-16 at tick 27499, within 1e-10",pass
switch A1,E5,is1,nbhd,nbhd tilt.*=0.05,res.services.trained=0.02@genesis,"E5: a pooled pop ends at a*, within 1e-10 relative",0.39142810838832925,0.3914281,fail,0.39142810838833,"|a/a* - 1| 1.844e-15 at tick 21999, within 1e-10",pass
switch A1,E5,is1,nbhd,nbhd tilt.*=0.05,tail.services=0.2@dated,"E5: a pooled pop ends at a*, within 1e-10 relative",0.2860879343123933,0.2860879,fail,0.286087934312394,"|a/a* - 1| 2.328e-15 at tick 27499, within 1e-10",pass
switch A1,E5,is1,nbhd,nbhd tilt.*=0.05,tail.services=0.2@dated,"E5: a pooled pop ends at a*, within 1e-10 relative",0.04967163795419962,0.04967164,fail,0.049671637954199765,"|a/a* - 1| 2.934e-15 at tick 27499, within 1e-10",pass
switch A1,E5,is1,nbhd,nbhd tilt.*=0.05,tail.services=0.2@genesis,"E5: a pooled pop ends at a*, within 1e-10 relative",0.2860879343123933,0.2860879,fail,0.286087934312394,"|a/a* - 1| 2.328e-15 at tick 21999, within 1e-10",pass
switch A1,E5,is1,nbhd,nbhd tilt.*=0.05,tail.services=0.2@genesis,"E5: a pooled pop ends at a*, within 1e-10 relative",0.04967163795419962,0.04967164,fail,0.04967163795419787,"|a/a* - 1| 3.520e-14 at tick 21999, within 1e-10",pass
switch A1,E5,is1,nbhd,nbhd tilt.*=0.1,res.services.trained=0.02@dated,"E5: a pooled pop ends at a*, within 1e-10 relative",0.39142810838832925,0.3914281,fail,0.3914281083883304,"|a/a* - 1| 2.978e-15 at tick 27499, within 1e-10",pass
switch A1,E5,is1,nbhd,nbhd tilt.*=0.1,res.services.trained=0.02@genesis,"E5: a pooled pop ends at a*, within 1e-10 relative",0.39142810838832925,0.3914281,fail,0.39142810838833014,"|a/a* - 1| 2.269e-15 at tick 21999, within 1e-10",pass
switch A1,E5,is1,nbhd,nbhd tilt.*=0.1,tail.services=0.2@dated,"E5: a pooled pop ends at a*, within 1e-10 relative",0.2860879343123933,0.2860879,fail,0.2860879343123938,"|a/a* - 1| 1.746e-15 at tick 27499, within 1e-10",pass
switch A1,E5,is1,nbhd,nbhd tilt.*=0.1,tail.services=0.2@dated,"E5: a pooled pop ends at a*, within 1e-10 relative",0.04967163795419962,0.04967164,fail,0.04967163795419843,"|a/a* - 1| 2.389e-14 at tick 27499, within 1e-10",pass
switch A1,E5,is1,nbhd,nbhd tilt.*=0.1,tail.services=0.2@genesis,"E5: a pooled pop ends at a*, within 1e-10 relative",0.2860879343123933,0.2860879,fail,0.2860879343123932,"|a/a* - 1| 3.881e-16 at tick 21999, within 1e-10",pass
switch A1,E5,is1,nbhd,nbhd tilt.*=0.1,tail.services=0.2@genesis,"E5: a pooled pop ends at a*, within 1e-10 relative",0.04967163795419962,0.04967164,fail,0.049671637954199564,"|a/a* - 1| 1.118e-15 at tick 21999, within 1e-10",pass
switch A1,E5,is1,nbhd,nbhd tilt.*=0.25,res.services.trained=0.02@dated,"E5: a pooled pop ends at a*, within 1e-10 relative",0.39142810838832925,0.3914281,fail,0.3914281083883283,"|a/a* - 1| 2.411e-15 at tick 27499, within 1e-10",pass
switch A1,E5,is1,nbhd,nbhd tilt.*=0.25,res.services.trained=0.02@genesis,"E5: a pooled pop ends at a*, within 1e-10 relative",0.39142810838832925,0.3914281,fail,0.39142810838832987,"|a/a* - 1| 1.560e-15 at tick 21999, within 1e-10",pass
switch A1,E5,is1,nbhd,nbhd tilt.*=0.25,tail.services=0.2@dated,"E5: a pooled pop ends at a*, within 1e-10 relative",0.2860879343123933,0.2860879,fail,0.28608793431239377,"|a/a* - 1| 1.552e-15 at tick 27499, within 1e-10",pass
switch A1,E5,is1,nbhd,nbhd tilt.*=0.25,tail.services=0.2@dated,"E5: a pooled pop ends at a*, within 1e-10 relative",0.04967163795419962,0.04967164,fail,0.04967163795420009,"|a/a* - 1| 9.499e-15 at tick 27499, within 1e-10",pass
switch A1,E5,is1,nbhd,nbhd tilt.*=0.25,tail.services=0.2@genesis,"E5: a pooled pop ends at a*, within 1e-10 relative",0.2860879343123933,0.2860879,fail,0.2860879343123926,"|a/a* - 1| 2.522e-15 at tick 21999, within 1e-10",pass
switch A1,E5,is1,nbhd,nbhd tilt.*=0.25,tail.services=0.2@genesis,"E5: a pooled pop ends at a*, within 1e-10 relative",0.04967163795419962,0.04967164,fail,0.049671637954198655,"|a/a* - 1| 1.942e-14 at tick 21999, within 1e-10",pass
switch A1,E5,is1,nbhd,nbhd tilt.*=0.5,res.services.trained=0.02@dated,"E5: a pooled pop ends at a*, within 1e-10 relative",0.39142810838832925,0.3914281,fail,0.39142810838832937,"|a/a* - 1| 2.836e-16 at tick 27499, within 1e-10",pass
switch A1,E5,is1,nbhd,nbhd tilt.*=0.5,res.services.trained=0.02@genesis,"E5: a pooled pop ends at a*, within 1e-10 relative",0.39142810838832925,0.3914281,fail,0.3914281083883299,"|a/a* - 1| 1.702e-15 at tick 21999, within 1e-10",pass
switch A1,E5,is1,nbhd,nbhd tilt.*=0.5,tail.services=0.2@dated,"E5: a pooled pop ends at a*, within 1e-10 relative",0.2860879343123933,0.2860879,fail,0.2860879343123938,"|a/a* - 1| 1.746e-15 at tick 27499, within 1e-10",pass
switch A1,E5,is1,nbhd,nbhd tilt.*=0.5,tail.services=0.2@dated,"E5: a pooled pop ends at a*, within 1e-10 relative",0.04967163795419962,0.04967164,fail,0.04967163795419993,"|a/a* - 1| 6.286e-15 at tick 27499, within 1e-10",pass
switch A1,E5,is1,nbhd,nbhd tilt.*=0.5,tail.services=0.2@genesis,"E5: a pooled pop ends at a*, within 1e-10 relative",0.2860879343123933,0.2860879,fail,0.28608793431239354,"|a/a* - 1| 7.761e-16 at tick 21999, within 1e-10",pass
switch A1,E5,is1,nbhd,nbhd tilt.*=0.5,tail.services=0.2@genesis,"E5: a pooled pop ends at a*, within 1e-10 relative",0.04967163795419962,0.04967164,fail,0.049671637954198315,"|a/a* - 1| 2.626e-14 at tick 21999, within 1e-10",pass
switch A1,E5,is1,nbhd,nbhd tilt.*=1,res.services.trained=0.02@dated,"E5: a pooled pop ends at a*, within 1e-10 relative",0.39142810838832925,0.3914281,fail,0.3914281083883305,"|a/a* - 1| 3.120e-15 at tick 27499, within 1e-10",pass
switch A1,E5,is1,nbhd,nbhd tilt.*=1,res.services.trained=0.02@genesis,"E5: a pooled pop ends at a*, within 1e-10 relative",0.39142810838832925,0.3914281,fail,0.3914281083883303,"|a/a* - 1| 2.695e-15 at tick 21999, within 1e-10",pass
switch A1,E5,is1,nbhd,nbhd tilt.*=1,tail.services=0.2@dated,"E5: a pooled pop ends at a*, within 1e-10 relative",0.2860879343123933,0.2860879,fail,0.28608793431239404,"|a/a* - 1| 2.522e-15 at tick 27499, within 1e-10",pass
switch A1,E5,is1,nbhd,nbhd tilt.*=1,tail.services=0.2@dated,"E5: a pooled pop ends at a*, within 1e-10 relative",0.04967163795419962,0.04967164,fail,0.0496716379541991,"|a/a* - 1| 1.048e-14 at tick 27499, within 1e-10",pass
switch A1,E5,is1,nbhd,nbhd tilt.*=1,tail.services=0.2@genesis,"E5: a pooled pop ends at a*, within 1e-10 relative",0.2860879343123933,0.2860879,fail,0.28608793431239304,"|a/a* - 1| 9.702e-16 at tick 21999, within 1e-10",pass
switch A1,E5,is1,nbhd,nbhd tilt.*=1,tail.services=0.2@genesis,"E5: a pooled pop ends at a*, within 1e-10 relative",0.04967163795419962,0.04967164,fail,0.049671637954200314,"|a/a* - 1| 1.397e-14 at tick 21999, within 1e-10",pass
switch A1,E5,is1,swrate,swrate rate.switch.*=0.75,res.services.trained=0.02@dated,"E5: a pooled pop ends at a*, within 1e-10 relative",0.39142810838832925,0.3914281,fail,0.3914281083883298,"|a/a* - 1| 1.418e-15 at tick 27499, within 1e-10",pass
switch A1,E5,is1,swrate,swrate rate.switch.*=0.75,res.services.trained=0.02@genesis,"E5: a pooled pop ends at a*, within 1e-10 relative",0.39142810838832925,0.3914281,fail,0.39142810838833014,"|a/a* - 1| 2.269e-15 at tick 21999, within 1e-10",pass
switch A1,E5,is1,swrate,swrate rate.switch.*=0.75,tail.services=0.2@dated,"E5: a pooled pop ends at a*, within 1e-10 relative",0.2860879343123933,0.2860879,fail,0.28608793431239343,"|a/a* - 1| 3.881e-16 at tick 27499, within 1e-10",pass
switch A1,E5,is1,swrate,swrate rate.switch.*=0.75,tail.services=0.2@dated,"E5: a pooled pop ends at a*, within 1e-10 relative",0.04967163795419962,0.04967164,fail,0.04967163795420043,"|a/a* - 1| 1.634e-14 at tick 27499, within 1e-10",pass
switch A1,E5,is1,swrate,swrate rate.switch.*=0.75,tail.services=0.2@genesis,"E5: a pooled pop ends at a*, within 1e-10 relative",0.2860879343123933,0.2860879,fail,0.28608793431239327,"|a/a* - 1| 1.940e-16 at tick 21999, within 1e-10",pass
switch A1,E5,is1,swrate,swrate rate.switch.*=0.75,tail.services=0.2@genesis,"E5: a pooled pop ends at a*, within 1e-10 relative",0.04967163795419962,0.04967164,fail,0.04967163795419786,"|a/a* - 1| 3.548e-14 at tick 21999, within 1e-10",pass
switch A1,E5,is1,swrate,swrate rate.switch.*=0.9,res.services.trained=0.02@dated,"E5: a pooled pop ends at a*, within 1e-10 relative",0.39142810838832925,0.3914281,fail,0.39142810838833036,"|a/a* - 1| 2.836e-15 at tick 27499, within 1e-10",pass
switch A1,E5,is1,swrate,swrate rate.switch.*=0.9,res.services.trained=0.02@genesis,"E5: a pooled pop ends at a*, within 1e-10 relative",0.39142810838832925,0.3914281,fail,0.39142810838833053,"|a/a* - 1| 3.262e-15 at tick 21999, within 1e-10",pass
switch A1,E5,is1,swrate,swrate rate.switch.*=0.9,tail.services=0.2@dated,"E5: a pooled pop ends at a*, within 1e-10 relative",0.2860879343123933,0.2860879,fail,0.28608793431239343,"|a/a* - 1| 3.881e-16 at tick 27499, within 1e-10",pass
switch A1,E5,is1,swrate,swrate rate.switch.*=0.9,tail.services=0.2@dated,"E5: a pooled pop ends at a*, within 1e-10 relative",0.04967163795419962,0.04967164,fail,0.0496716379542023,"|a/a* - 1| 5.392e-14 at tick 27499, within 1e-10",pass
switch A1,E5,is1,swrate,swrate rate.switch.*=0.9,tail.services=0.2@genesis,"E5: a pooled pop ends at a*, within 1e-10 relative",0.2860879343123933,0.2860879,fail,0.28608793431239343,"|a/a* - 1| 3.881e-16 at tick 21999, within 1e-10",pass
switch A1,E5,is1,swrate,swrate rate.switch.*=0.9,tail.services=0.2@genesis,"E5: a pooled pop ends at a*, within 1e-10 relative",0.04967163795419962,0.04967164,fail,0.0496716379541991,"|a/a* - 1| 1.048e-14 at tick 21999, within 1e-10",pass
switch A1,E5,is1,swrate,swrate rate.switch.*=1.1,res.services.trained=0.02@dated,"E5: a pooled pop ends at a*, within 1e-10 relative",0.39142810838832925,0.3914281,fail,0.3914281083883295,"|a/a* - 1| 5.673e-16 at tick 27499, within 1e-10",pass
switch A1,E5,is1,swrate,swrate rate.switch.*=1.1,res.services.trained=0.02@genesis,"E5: a pooled pop ends at a*, within 1e-10 relative",0.39142810838832925,0.3914281,fail,0.3914281083883306,"|a/a* - 1| 3.404e-15 at tick 21999, within 1e-10",pass
switch A1,E5,is1,swrate,swrate rate.switch.*=1.1,tail.services=0.2@dated,"E5: a pooled pop ends at a*, within 1e-10 relative",0.2860879343123933,0.2860879,fail,0.2860879343123937,"|a/a* - 1| 1.358e-15 at tick 27499, within 1e-10",pass
switch A1,E5,is1,swrate,swrate rate.switch.*=1.1,tail.services=0.2@dated,"E5: a pooled pop ends at a*, within 1e-10 relative",0.04967163795419962,0.04967164,fail,0.04967163795419999,"|a/a* - 1| 7.404e-15 at tick 27499, within 1e-10",pass
switch A1,E5,is1,swrate,swrate rate.switch.*=1.1,tail.services=0.2@genesis,"E5: a pooled pop ends at a*, within 1e-10 relative",0.2860879343123933,0.2860879,fail,0.2860879343123926,"|a/a* - 1| 2.522e-15 at tick 21999, within 1e-10",pass
switch A1,E5,is1,swrate,swrate rate.switch.*=1.1,tail.services=0.2@genesis,"E5: a pooled pop ends at a*, within 1e-10 relative",0.04967163795419962,0.04967164,fail,0.04967163795420196,"|a/a* - 1| 4.708e-14 at tick 21999, within 1e-10",pass
switch A1,E5,is1,swrate,swrate rate.switch.*=1.25,res.services.trained=0.02@dated,"E5: a pooled pop ends at a*, within 1e-10 relative",0.39142810838832925,0.3914281,fail,0.3914281083883294,"|a/a* - 1| 4.255e-16 at tick 27499, within 1e-10",pass
switch A1,E5,is1,swrate,swrate rate.switch.*=1.25,res.services.trained=0.02@genesis,"E5: a pooled pop ends at a*, within 1e-10 relative",0.39142810838832925,0.3914281,fail,0.3914281083883298,"|a/a* - 1| 1.418e-15 at tick 21999, within 1e-10",pass
switch A1,E5,is1,swrate,swrate rate.switch.*=1.25,tail.services=0.2@dated,"E5: a pooled pop ends at a*, within 1e-10 relative",0.2860879343123933,0.2860879,fail,0.28608793431239393,"|a/a* - 1| 2.134e-15 at tick 27499, within 1e-10",pass
switch A1,E5,is1,swrate,swrate rate.switch.*=1.25,tail.services=0.2@dated,"E5: a pooled pop ends at a*, within 1e-10 relative",0.04967163795419962,0.04967164,fail,0.04967163795419854,"|a/a* - 1| 2.179e-14 at tick 27499, within 1e-10",pass
switch A1,E5,is1,swrate,swrate rate.switch.*=1.25,tail.services=0.2@genesis,"E5: a pooled pop ends at a*, within 1e-10 relative",0.2860879343123933,0.2860879,fail,0.28608793431239266,"|a/a* - 1| 2.328e-15 at tick 21999, within 1e-10",pass
switch A1,E5,is1,swrate,swrate rate.switch.*=1.25,tail.services=0.2@genesis,"E5: a pooled pop ends at a*, within 1e-10 relative",0.04967163795419962,0.04967164,fail,0.04967163795419876,"|a/a* - 1| 1.732e-14 at tick 21999, within 1e-10",pass
switch A1,E5,is1,tpy12,tpy12,res.services.trained=0.036@dated,"E5: a pooled pop ends at a*, within 1e-10 relative",0.03567125607101331,0.03567126,fail,0.03567125607101332,"|a/a* - 1| 1.945e-16 at tick 24999, within 1e-10",pass
switch A1,E5,is1,tpy12,tpy12,res.services.trained=0.036@genesis,"E5: a pooled pop ends at a*, within 1e-10 relative",0.03567125607101331,0.03567126,fail,0.035671256071013395,"|a/a* - 1| 2.334e-15 at tick 19999, within 1e-10",pass
switch A1,E5,is1,tpy12,tpy12,tail.services=0.11@dated,"E5: a pooled pop ends at a*, within 1e-10 relative",0.007031052173720643,0.007031052,fail,0.007031052173720852,"|a/a* - 1| 2.973e-14 at tick 24999, within 1e-10",pass
switch A1,E5,is1,tpy12,tpy12,tail.services=0.11@genesis,"E5: a pooled pop ends at a*, within 1e-10 relative",0.007031052173720643,0.007031052,fail,0.00703105217372052,"|a/a* - 1| 1.752e-14 at tick 19999, within 1e-10",pass
switch A1,E5,is1,tpy365,tpy365,res.services.trained=0.036@dated,"E5: a pooled pop ends at a*, within 1e-10 relative",0.03567125607101342,0.03567126,fail,0.03567125607100957,"|a/a* - 1| 1.080e-13 at tick 204999, within 1e-10",pass
switch A1,E5,is1,tpy365,tpy365,res.services.trained=0.036@genesis,"E5: a pooled pop ends at a*, within 1e-10 relative",0.03567125607101342,0.03567126,fail,0.03567125607101282,"|a/a* - 1| 1.692e-14 at tick 163999, within 1e-10",pass
switch A1,E5,is1,tpy365,tpy365,tail.services=0.11@dated,"E5: a pooled pop ends at a*, within 1e-10 relative",0.0070310521737207594,0.007031052,fail,0.007031052173714857,"|a/a* - 1| 8.395e-13 at tick 204999, within 1e-10",pass
switch A1,E5,is1,tpy365,tpy365,tail.services=0.11@genesis,"E5: a pooled pop ends at a*, within 1e-10 relative",0.0070310521737207594,0.007031052,fail,0.007031052173722044,"|a/a* - 1| 1.827e-13 at tick 163999, within 1e-10",pass
switch A1,E5,is2,L,L,JA(0.95),"E5: a pooled pop ends at a*, within 1e-10 relative",0.39142810838832925,0.3914281,reported,0.3914281083883308,"|a/a* - 1| 3.971e-15 at tick 23999, within 1e-10",reported
switch A1,E5,is2,L,L,JA(1.05),"E5: a pooled pop ends at a*, within 1e-10 relative",0.39142810838832925,0.3914281,reported,0.39142810838833036,"|a/a* - 1| 2.836e-15 at tick 23999, within 1e-10",reported
switch A1,E5,is2,L,L,JB(0.95),"E5: a pooled pop ends at a*, within 1e-10 relative",0.39142810838832925,0.3914281,reported,0.39142810838833053,"|a/a* - 1| 3.262e-15 at tick 23999, within 1e-10",reported
switch A1,E5,is2,L,L,JB(1.05),"E5: a pooled pop ends at a*, within 1e-10 relative",0.39142810838832925,0.3914281,reported,0.39142810838832903,"|a/a* - 1| 5.673e-16 at tick 23999, within 1e-10",reported
switch A1,E5,is2,L,L,N(0.95),"E5: a pooled pop ends at a*, within 1e-10 relative",0.39142810838832925,0.3914281,reported,0.3914281083883296,"|a/a* - 1| 8.509e-16 at tick 23999, within 1e-10",reported
switch A1,E5,is2,L,L,N(1.05),"E5: a pooled pop ends at a*, within 1e-10 relative",0.39142810838832925,0.3914281,reported,0.3914281083883308,"|a/a* - 1| 3.971e-15 at tick 23999, within 1e-10",reported
switch A1,E5,is2,L,L,RC(0.95),"E5: a pooled pop ends at a*, within 1e-10 relative",0.39142810838832925,0.3914281,reported,0.3914281083883306,"|a/a* - 1| 3.404e-15 at tick 23999, within 1e-10",reported
switch A1,E5,is2,L,L,RC(1.05),"E5: a pooled pop ends at a*, within 1e-10 relative",0.39142810838832925,0.3914281,reported,0.3914281083883305,"|a/a* - 1| 3.120e-15 at tick 23999, within 1e-10",reported
switch A1,E5,is2,L,L,RW(0.95),"E5: a pooled pop ends at a*, within 1e-10 relative",0.39142810838832925,0.3914281,reported,0.39142810838833003,"|a/a* - 1| 1.985e-15 at tick 23999, within 1e-10",reported
switch A1,E5,is2,L,L,RW(1.05),"E5: a pooled pop ends at a*, within 1e-10 relative",0.39142810838832925,0.3914281,reported,0.391428108388329,"|a/a* - 1| 7.091e-16 at tick 23999, within 1e-10",reported
switch A1,E5,is2,L,L,p[goods]*0.95,"E5: a pooled pop ends at a*, within 1e-10 relative",0.39142810838832925,0.3914281,reported,0.39142810838833036,"|a/a* - 1| 2.836e-15 at tick 23999, within 1e-10",reported
switch A1,E5,is2,L,L,p[goods]*1.05,"E5: a pooled pop ends at a*, within 1e-10 relative",0.39142810838832925,0.3914281,reported,0.39142810838832975,"|a/a* - 1| 1.276e-15 at tick 23999, within 1e-10",reported
switch A1,E5,is2,L,L,p[labour.master]*0.95,"E5: a pooled pop ends at a*, within 1e-10 relative",0.39142810838832925,0.3914281,reported,0.39142810838833064,"|a/a* - 1| 3.545e-15 at tick 23999, within 1e-10",reported
switch A1,E5,is2,L,L,p[labour.master]*1.05,"E5: a pooled pop ends at a*, within 1e-10 relative",0.39142810838832925,0.3914281,reported,0.39142810838833,"|a/a* - 1| 1.844e-15 at tick 23999, within 1e-10",reported
switch A1,E5,is2,L,L,p[labour.trained]*0.95,"E5: a pooled pop ends at a*, within 1e-10 relative",0.39142810838832925,0.3914281,reported,0.39142810838833003,"|a/a* - 1| 1.985e-15 at tick 23999, within 1e-10",reported
switch A1,E5,is2,L,L,p[labour.trained]*1.05,"E5: a pooled pop ends at a*, within 1e-10 relative",0.39142810838832925,0.3914281,reported,0.3914281083883295,"|a/a* - 1| 5.673e-16 at tick 23999, within 1e-10",reported
switch A1,E5,is2,L,L,p[labour]*0.95,"E5: a pooled pop ends at a*, within 1e-10 relative",0.39142810838832925,0.3914281,reported,0.3914281083883299,"|a/a* - 1| 1.702e-15 at tick 23999, within 1e-10",reported
switch A1,E5,is2,L,L,p[labour]*1.05,"E5: a pooled pop ends at a*, within 1e-10 relative",0.39142810838832925,0.3914281,reported,0.39142810838832914,"|a/a* - 1| 2.836e-16 at tick 23999, within 1e-10",reported
switch A1,E5,is2,L,L,p[land]*0.95,"E5: a pooled pop ends at a*, within 1e-10 relative",0.39142810838832925,0.3914281,reported,0.39142810838833036,"|a/a* - 1| 2.836e-15 at tick 23999, within 1e-10",reported
switch A1,E5,is2,L,L,p[land]*1.05,"E5: a pooled pop ends at a*, within 1e-10 relative",0.39142810838832925,0.3914281,reported,0.3914281083883303,"|a/a* - 1| 2.695e-15 at tick 23999, within 1e-10",reported
switch A1,E5,is2,L,L,p[mach]*0.95,"E5: a pooled pop ends at a*, within 1e-10 relative",0.39142810838832925,0.3914281,reported,0.3914281083883295,"|a/a* - 1| 5.673e-16 at tick 23999, within 1e-10",reported
switch A1,E5,is2,L,L,p[mach]*1.05,"E5: a pooled pop ends at a*, within 1e-10 relative",0.39142810838832925,0.3914281,reported,0.39142810838833036,"|a/a* - 1| 2.836e-15 at tick 23999, within 1e-10",reported
switch A1,E5,is2,L,L,p[services]*0.95,"E5: a pooled pop ends at a*, within 1e-10 relative",0.39142810838832925,0.3914281,reported,0.3914281083883307,"|a/a* - 1| 3.687e-15 at tick 23999, within 1e-10",reported
switch A1,E5,is2,L,L,p[services]*1.05,"E5: a pooled pop ends at a*, within 1e-10 relative",0.39142810838832925,0.3914281,reported,0.3914281083883299,"|a/a* - 1| 1.702e-15 at tick 23999, within 1e-10",reported
switch A1,E5,is2,L,L,s[goods]=0.05,"E5: a pooled pop ends at a*, within 1e-10 relative",0.39142810838832925,0.3914281,reported,0.3914281083883304,"|a/a* - 1| 2.978e-15 at tick 23999, within 1e-10",reported
switch A1,E5,is2,L,L,s[services]=0.05,"E5: a pooled pop ends at a*, within 1e-10 relative",0.39142810838832925,0.3914281,reported,0.3914281083883307,"|a/a* - 1| 3.687e-15 at tick 23999, within 1e-10",reported
switch A1,E5,is2,L,L,sw[master]=0.05,"E5: a pooled pop ends at a*, within 1e-10 relative",0.39142810838832925,0.3914281,reported,0.3914281083883301,"|a/a* - 1| 2.127e-15 at tick 23999, within 1e-10",reported
switch A1,E5,is2,L,L,sw[trained]=0.05,"E5: a pooled pop ends at a*, within 1e-10 relative",0.39142810838832925,0.3914281,reported,0.3914281083883303,"|a/a* - 1| 2.695e-15 at tick 23999, within 1e-10",reported
switch A1,E5,is2,L,L,JA(0.8),"E5: a pooled pop ends at a*, within 1e-10 relative",0.39142810838832925,0.3914281,reported,0.39142810838833053,"|a/a* - 1| 3.262e-15 at tick 23999, within 1e-10",reported
switch A1,E5,is2,L,L,JA(1.2),"E5: a pooled pop ends at a*, within 1e-10 relative",0.39142810838832925,0.3914281,reported,0.39142810838833036,"|a/a* - 1| 2.836e-15 at tick 23999, within 1e-10",reported
switch A1,E5,is2,L,L,JB(0.8),"E5: a pooled pop ends at a*, within 1e-10 relative",0.39142810838832925,0.3914281,reported,0.39142810838833053,"|a/a* - 1| 3.262e-15 at tick 23999, within 1e-10",reported
switch A1,E5,is2,L,L,JB(1.2),"E5: a pooled pop ends at a*, within 1e-10 relative",0.39142810838832925,0.3914281,reported,0.3914281083883309,"|a/a* - 1| 4.255e-15 at tick 23999, within 1e-10",reported
switch A1,E5,is2,L,L,N(0.8),"E5: a pooled pop ends at a*, within 1e-10 relative",0.39142810838832925,0.3914281,reported,0.3914281083883297,"|a/a* - 1| 1.135e-15 at tick 23999, within 1e-10",reported
switch A1,E5,is2,L,L,N(1.2),"E5: a pooled pop ends at a*, within 1e-10 relative",0.39142810838832925,0.3914281,reported,0.39142810838833075,"|a/a* - 1| 3.829e-15 at tick 23999, within 1e-10",reported
switch A1,E5,is2,L,L,RC(0.8),"E5: a pooled pop ends at a*, within 1e-10 relative",0.39142810838832925,0.3914281,reported,0.39142810838833053,"|a/a* - 1| 3.262e-15 at tick 23999, within 1e-10",reported
switch A1,E5,is2,L,L,RC(1.2),"E5: a pooled pop ends at a*, within 1e-10 relative",0.39142810838832925,0.3914281,reported,0.39142810838833036,"|a/a* - 1| 2.836e-15 at tick 23999, within 1e-10",reported
switch A1,E5,is2,L,L,RW(0.8),"E5: a pooled pop ends at a*, within 1e-10 relative",0.39142810838832925,0.3914281,reported,0.3914281083883306,"|a/a* - 1| 3.404e-15 at tick 23999, within 1e-10",reported
switch A1,E5,is2,L,L,RW(1.2),"E5: a pooled pop ends at a*, within 1e-10 relative",0.39142810838832925,0.3914281,reported,0.3914281083883301,"|a/a* - 1| 2.127e-15 at tick 23999, within 1e-10",reported
switch A1,E5,is2,L,L,land.mach=0.36@dated,"E5: a pooled pop ends at a*, within 1e-10 relative",0.39077131266119786,0.3907713,reported,0.3907713126611973,"|a/a* - 1| 1.421e-15 at tick 29999, within 1e-10",reported
switch A1,E5,is2,L,L,land.mach=0.36@genesis,"E5: a pooled pop ends at a*, within 1e-10 relative",0.39077131266119786,0.3907713,reported,0.3907713126611974,"|a/a* - 1| 1.136e-15 at tick 23999, within 1e-10",reported
switch A1,E5,is2,L,L,land.mach=0.44@dated,"E5: a pooled pop ends at a*, within 1e-10 relative",0.3920586729489223,0.3920587,reported,0.39205867294892194,"|a/a* - 1| 9.911e-16 at tick 29999, within 1e-10",reported
switch A1,E5,is2,L,L,land.mach=0.44@genesis,"E5: a pooled pop ends at a*, within 1e-10 relative",0.3920586729489223,0.3920587,reported,0.39205867294892294,"|a/a* - 1| 1.557e-15 at tick 23999, within 1e-10",reported
switch A1,E5,is2,L,L,p[goods]*0.8,"E5: a pooled pop ends at a*, within 1e-10 relative",0.39142810838832925,0.3914281,reported,0.3914281083883302,"|a/a* - 1| 2.411e-15 at tick 23999, within 1e-10",reported
switch A1,E5,is2,L,L,p[goods]*1.2,"E5: a pooled pop ends at a*, within 1e-10 relative",0.39142810838832925,0.3914281,reported,0.39142810838833036,"|a/a* - 1| 2.836e-15 at tick 23999, within 1e-10",reported
switch A1,E5,is2,L,L,p[labour.master]*0.8,"E5: a pooled pop ends at a*, within 1e-10 relative",0.39142810838832925,0.3914281,reported,0.3914281083883306,"|a/a* - 1| 3.404e-15 at tick 23999, within 1e-10",reported
switch A1,E5,is2,L,L,p[labour.master]*1.2,"E5: a pooled pop ends at a*, within 1e-10 relative",0.39142810838832925,0.3914281,reported,0.39142810838833075,"|a/a* - 1| 3.829e-15 at tick 23999, within 1e-10",reported
switch A1,E5,is2,L,L,p[labour.trained]*0.8,"E5: a pooled pop ends at a*, within 1e-10 relative",0.39142810838832925,0.3914281,reported,0.39142810838833036,"|a/a* - 1| 2.836e-15 at tick 23999, within 1e-10",reported
switch A1,E5,is2,L,L,p[labour.trained]*1.2,"E5: a pooled pop ends at a*, within 1e-10 relative",0.39142810838832925,0.3914281,reported,0.3914281083883305,"|a/a* - 1| 3.120e-15 at tick 23999, within 1e-10",reported
switch A1,E5,is2,L,L,p[labour]*0.8,"E5: a pooled pop ends at a*, within 1e-10 relative",0.39142810838832925,0.3914281,reported,0.3914281083883304,"|a/a* - 1| 2.978e-15 at tick 23999, within 1e-10",reported
switch A1,E5,is2,L,L,p[labour]*1.2,"E5: a pooled pop ends at a*, within 1e-10 relative",0.39142810838832925,0.3914281,reported,0.39142810838833086,"|a/a* - 1| 4.113e-15 at tick 23999, within 1e-10",reported
switch A1,E5,is2,L,L,p[land]*0.8,"E5: a pooled pop ends at a*, within 1e-10 relative",0.39142810838832925,0.3914281,reported,0.39142810838832937,"|a/a* - 1| 2.836e-16 at tick 23999, within 1e-10",reported
switch A1,E5,is2,L,L,p[land]*1.2,"E5: a pooled pop ends at a*, within 1e-10 relative",0.39142810838832925,0.3914281,reported,0.3914281083883298,"|a/a* - 1| 1.418e-15 at tick 23999, within 1e-10",reported
switch A1,E5,is2,L,L,p[mach]*0.8,"E5: a pooled pop ends at a*, within 1e-10 relative",0.39142810838832925,0.3914281,reported,0.39142810838833064,"|a/a* - 1| 3.545e-15 at tick 23999, within 1e-10",reported
switch A1,E5,is2,L,L,p[mach]*1.2,"E5: a pooled pop ends at a*, within 1e-10 relative",0.39142810838832925,0.3914281,reported,0.3914281083883297,"|a/a* - 1| 1.135e-15 at tick 23999, within 1e-10",reported
switch A1,E5,is2,L,L,p[services]*0.8,"E5: a pooled pop ends at a*, within 1e-10 relative",0.39142810838832925,0.3914281,reported,0.3914281083883295,"|a/a* - 1| 5.673e-16 at tick 23999, within 1e-10",reported
switch A1,E5,is2,L,L,p[services]*1.2,"E5: a pooled pop ends at a*, within 1e-10 relative",0.39142810838832925,0.3914281,reported,0.3914281083883301,"|a/a* - 1| 2.127e-15 at tick 23999, within 1e-10",reported
switch A1,E5,is2,L,L,res.services.trained=0.018@dated,"E5: a pooled pop ends at a*, within 1e-10 relative",0.4427551661680639,0.4427552,reported,0.44275516616806454,"|a/a* - 1| 1.505e-15 at tick 29999, within 1e-10",reported
switch A1,E5,is2,L,L,res.services.trained=0.018@genesis,"E5: a pooled pop ends at a*, within 1e-10 relative",0.4427551661680639,0.4427552,reported,0.4427551661680644,"|a/a* - 1| 1.128e-15 at tick 23999, within 1e-10",reported
switch A1,E5,is2,L,L,res.services.trained=0.022@dated,"E5: a pooled pop ends at a*, within 1e-10 relative",0.34181122187676016,0.3418112,reported,0.3418112218767605,"|a/a* - 1| 9.744e-16 at tick 29999, within 1e-10",reported
switch A1,E5,is2,L,L,res.services.trained=0.022@genesis,"E5: a pooled pop ends at a*, within 1e-10 relative",0.34181122187676016,0.3418112,reported,0.34181122187676183,"|a/a* - 1| 4.872e-15 at tick 23999, within 1e-10",reported
switch A1,E5,is2,L,L,s[goods]=0.2,"E5: a pooled pop ends at a*, within 1e-10 relative",0.39142810838832925,0.3914281,reported,0.3914281083883304,"|a/a* - 1| 2.978e-15 at tick 23999, within 1e-10",reported
switch A1,E5,is2,L,L,s[services]=0.2,"E5: a pooled pop ends at a*, within 1e-10 relative",0.39142810838832925,0.3914281,reported,0.3914281083883294,"|a/a* - 1| 4.255e-16 at tick 23999, within 1e-10",reported
switch A1,E5,is2,L,L,sw[master]=0.2,"E5: a pooled pop ends at a*, within 1e-10 relative",0.39142810838832925,0.3914281,reported,0.39142810838833014,"|a/a* - 1| 2.269e-15 at tick 23999, within 1e-10",reported
switch A1,E5,is2,L,L,sw[trained]=0.2,"E5: a pooled pop ends at a*, within 1e-10 relative",0.39142810838832925,0.3914281,reported,0.3914281083883303,"|a/a* - 1| 2.695e-15 at tick 23999, within 1e-10",reported
switch A1,E5,is2,L,L,tail.services=0.09@dated,"E5: a pooled pop ends at a*, within 1e-10 relative",0.354571298729831,0.3545713,reported,0.3545712987298305,"|a/a* - 1| 1.409e-15 at tick 29999, within 1e-10",reported
switch A1,E5,is2,L,L,tail.services=0.09@genesis,"E5: a pooled pop ends at a*, within 1e-10 relative",0.354571298729831,0.3545713,reported,0.35457129872983184,"|a/a* - 1| 2.348e-15 at tick 23999, within 1e-10",reported
switch A1,E5,is2,L,L,tail.services=0.11@dated,"E5: a pooled pop ends at a*, within 1e-10 relative",0.4241539900012462,0.424154,reported,0.4241539900012465,"|a/a* - 1| 6.544e-16 at tick 29999, within 1e-10",reported
switch A1,E5,is2,L,L,tail.services=0.11@genesis,"E5: a pooled pop ends at a*, within 1e-10 relative",0.4241539900012462,0.424154,reported,0.4241539900012473,"|a/a* - 1| 2.617e-15 at tick 23999, within 1e-10",reported
switch A1,E5,is2,L,L,JA(0.5),"E5: a pooled pop ends at a*, within 1e-10 relative",0.39142810838832925,0.3914281,reported,0.39142810838833053,"|a/a* - 1| 3.262e-15 at tick 23999, within 1e-10",reported
switch A1,E5,is2,L,L,JA(2),"E5: a pooled pop ends at a*, within 1e-10 relative",0.39142810838832925,0.3914281,reported,0.3914281083883292,"|a/a* - 1| 1.418e-16 at tick 23999, within 1e-10",reported
switch A1,E5,is2,L,L,JB(0.5),"E5: a pooled pop ends at a*, within 1e-10 relative",0.39142810838832925,0.3914281,reported,0.3914281083883308,"|a/a* - 1| 3.971e-15 at tick 23999, within 1e-10",reported
switch A1,E5,is2,L,L,JB(2),"E5: a pooled pop ends at a*, within 1e-10 relative",0.39142810838832925,0.3914281,reported,0.39142810838833014,"|a/a* - 1| 2.269e-15 at tick 23999, within 1e-10",reported
switch A1,E5,is2,L,L,N(0.5),"E5: a pooled pop ends at a*, within 1e-10 relative",0.39142810838832925,0.3914281,reported,0.39142810838833075,"|a/a* - 1| 3.829e-15 at tick 23999, within 1e-10",reported
switch A1,E5,is2,L,L,N(2),"E5: a pooled pop ends at a*, within 1e-10 relative",0.39142810838832925,0.3914281,reported,0.39142810838832937,"|a/a* - 1| 2.836e-16 at tick 23999, within 1e-10",reported
switch A1,E5,is2,L,L,RC(0.5),"E5: a pooled pop ends at a*, within 1e-10 relative",0.39142810838832925,0.3914281,reported,0.3914281083883295,"|a/a* - 1| 5.673e-16 at tick 23999, within 1e-10",reported
switch A1,E5,is2,L,L,RC(2),"E5: a pooled pop ends at a*, within 1e-10 relative",0.39142810838832925,0.3914281,reported,0.39142810838833053,"|a/a* - 1| 3.262e-15 at tick 23999, within 1e-10",reported
switch A1,E5,is2,L,L,RW(0.5),"E5: a pooled pop ends at a*, within 1e-10 relative",0.39142810838832925,0.3914281,reported,0.39142810838832937,"|a/a* - 1| 2.836e-16 at tick 23999, within 1e-10",reported
switch A1,E5,is2,L,L,RW(2),"E5: a pooled pop ends at a*, within 1e-10 relative",0.39142810838832925,0.3914281,reported,0.3914281083883306,"|a/a* - 1| 3.404e-15 at tick 23999, within 1e-10",reported
switch A1,E5,is2,L,L,land.mach=0.2@dated,"E5: a pooled pop ends at a*, within 1e-10 relative",0.387846294928211,0.3878463,reported,0.38784629492821154,"|a/a* - 1| 1.431e-15 at tick 29999, within 1e-10",reported
switch A1,E5,is2,L,L,land.mach=0.2@genesis,"E5: a pooled pop ends at a*, within 1e-10 relative",0.387846294928211,0.3878463,reported,0.3878462949282098,"|a/a* - 1| 3.006e-15 at tick 23999, within 1e-10",reported
switch A1,E5,is2,L,L,land.mach=0.8@dated,"E5: a pooled pop ends at a*, within 1e-10 relative",0.396772523327664,0.3967725,reported,0.3967725233276649,"|a/a* - 1| 2.239e-15 at tick 29999, within 1e-10",reported
switch A1,E5,is2,L,L,land.mach=0.8@genesis,"E5: a pooled pop ends at a*, within 1e-10 relative",0.396772523327664,0.3967725,reported,0.39677252332766466,"|a/a* - 1| 1.679e-15 at tick 23999, within 1e-10",reported
switch A1,E5,is2,L,L,p[goods]*0.5,"E5: a pooled pop ends at a*, within 1e-10 relative",0.39142810838832925,0.3914281,reported,0.39142810838833086,"|a/a* - 1| 4.113e-15 at tick 23999, within 1e-10",reported
switch A1,E5,is2,L,L,p[goods]*2,"E5: a pooled pop ends at a*, within 1e-10 relative",0.39142810838832925,0.3914281,reported,0.39142810838832964,"|a/a* - 1| 9.927e-16 at tick 23999, within 1e-10",reported
switch A1,E5,is2,L,L,p[labour.master]*0.5,"E5: a pooled pop ends at a*, within 1e-10 relative",0.39142810838832925,0.3914281,reported,0.3914281083883298,"|a/a* - 1| 1.418e-15 at tick 23999, within 1e-10",reported
switch A1,E5,is2,L,L,p[labour.master]*2,"E5: a pooled pop ends at a*, within 1e-10 relative",0.39142810838832925,0.3914281,reported,0.3914281083883291,"|a/a* - 1| 4.255e-16 at tick 23999, within 1e-10",reported
switch A1,E5,is2,L,L,p[labour.trained]*0.5,"E5: a pooled pop ends at a*, within 1e-10 relative",0.39142810838832925,0.3914281,reported,0.3914281083883304,"|a/a* - 1| 2.978e-15 at tick 23999, within 1e-10",reported
switch A1,E5,is2,L,L,p[labour.trained]*2,"E5: a pooled pop ends at a*, within 1e-10 relative",0.39142810838832925,0.3914281,reported,0.39142810838833014,"|a/a* - 1| 2.269e-15 at tick 23999, within 1e-10",reported
switch A1,E5,is2,L,L,p[labour]*0.5,"E5: a pooled pop ends at a*, within 1e-10 relative",0.39142810838832925,0.3914281,reported,0.39142810838833075,"|a/a* - 1| 3.829e-15 at tick 23999, within 1e-10",reported
switch A1,E5,is2,L,L,p[labour]*2,"E5: a pooled pop ends at a*, within 1e-10 relative",0.39142810838832925,0.3914281,reported,0.39142810838833053,"|a/a* - 1| 3.262e-15 at tick 23999, within 1e-10",reported
switch A1,E5,is2,L,L,p[land]*0.5,"E5: a pooled pop ends at a*, within 1e-10 relative",0.39142810838832925,0.3914281,reported,0.3914281083883306,"|a/a* - 1| 3.404e-15 at tick 23999, within 1e-10",reported
switch A1,E5,is2,L,L,p[land]*2,"E5: a pooled pop ends at a*, within 1e-10 relative",0.39142810838832925,0.3914281,reported,0.3914281083883306,"|a/a* - 1| 3.404e-15 at tick 23999, within 1e-10",reported
switch A1,E5,is2,L,L,p[mach]*0.5,"E5: a pooled pop ends at a*, within 1e-10 relative",0.39142810838832925,0.3914281,reported,0.3914281083883308,"|a/a* - 1| 3.971e-15 at tick 23999, within 1e-10",reported
switch A1,E5,is2,L,L,p[mach]*2,"E5: a pooled pop ends at a*, within 1e-10 relative",0.39142810838832925,0.3914281,reported,0.39142810838832814,"|a/a* - 1| 2.836e-15 at tick 23999, within 1e-10",reported
switch A1,E5,is2,L,L,p[services]*0.5,"E5: a pooled pop ends at a*, within 1e-10 relative",0.39142810838832925,0.3914281,reported,0.3914281083883306,"|a/a* - 1| 3.404e-15 at tick 23999, within 1e-10",reported
switch A1,E5,is2,L,L,p[services]*2,"E5: a pooled pop ends at a*, within 1e-10 relative",0.39142810838832925,0.3914281,reported,0.3914281083883303,"|a/a* - 1| 2.695e-15 at tick 23999, within 1e-10",reported
switch A1,E5,is2,L,L,res.services.trained=0.01@dated,"E5: a pooled pop ends at a*, within 1e-10 relative",0.667169987202366,0.66717,reported,0.6671699872023662,"|a/a* - 1| 3.328e-16 at tick 29999, within 1e-10",reported
switch A1,E5,is2,L,L,res.services.trained=0.01@genesis,"E5: a pooled pop ends at a*, within 1e-10 relative",0.667169987202366,0.66717,reported,0.6671699872023666,"|a/a* - 1| 9.984e-16 at tick 23999, within 1e-10",reported
switch A1,E5,is2,L,L,s[goods]=0.5,"E5: a pooled pop ends at a*, within 1e-10 relative",0.39142810838832925,0.3914281,reported,0.39142810838832914,"|a/a* - 1| 2.836e-16 at tick 23999, within 1e-10",reported
switch A1,E5,is2,L,L,s[services]=0.5,"E5: a pooled pop ends at a*, within 1e-10 relative",0.39142810838832925,0.3914281,reported,0.3914281083883294,"|a/a* - 1| 4.255e-16 at tick 23999, within 1e-10",reported
switch A1,E5,is2,L,L,sw[master]=0.5,"E5: a pooled pop ends at a*, within 1e-10 relative",0.39142810838832925,0.3914281,reported,0.3914281083883305,"|a/a* - 1| 3.120e-15 at tick 23999, within 1e-10",reported
switch A1,E5,is2,L,L,sw[trained]=0.5,"E5: a pooled pop ends at a*, within 1e-10 relative",0.39142810838832925,0.3914281,reported,0.3914281083883308,"|a/a* - 1| 3.971e-15 at tick 23999, within 1e-10",reported
switch A1,E5,is2,L,L,tail.services=0.05@dated,"E5: a pooled pop ends at a*, within 1e-10 relative",0.14475154970860177,0.1447515,reported,0.1447515497086012,"|a/a* - 1| 3.835e-15 at tick 29999, within 1e-10",reported
switch A1,E5,is2,L,L,tail.services=0.05@genesis,"E5: a pooled pop ends at a*, within 1e-10 relative",0.14475154970860177,0.1447515,reported,0.14475154970860224,"|a/a* - 1| 3.260e-15 at tick 23999, within 1e-10",reported
switch A1,E5,is2,L,L,tail.services=0.2@dated,"E5: a pooled pop ends at a*, within 1e-10 relative",0.6091995878176161,0.6091996,reported,0.6091995878176164,"|a/a* - 1| 5.467e-16 at tick 29999, within 1e-10",reported
switch A1,E5,is2,L,L,tail.services=0.2@genesis,"E5: a pooled pop ends at a*, within 1e-10 relative",0.6091995878176161,0.6091996,reported,0.6091995878176162,"|a/a* - 1| 1.822e-16 at tick 23999, within 1e-10",reported
switch A1,E5,is2,L,L,x*/2,"E5: a pooled pop ends at a*, within 1e-10 relative",0.39142810838832925,0.3914281,reported,0.39142810838833014,"|a/a* - 1| 2.269e-15 at tick 23999, within 1e-10",reported
switch A1,E5,is2,hold,hold,JA(0.95),"E5: a pooled pop ends at a*, within 1e-10 relative",0.39142810838832925,0.3914281,reported,0.3914281083883308,"|a/a* - 1| 3.971e-15 at tick 23999, within 1e-10",reported
switch A1,E5,is2,hold,hold,JA(1.05),"E5: a pooled pop ends at a*, within 1e-10 relative",0.39142810838832925,0.3914281,reported,0.39142810838833036,"|a/a* - 1| 2.836e-15 at tick 23999, within 1e-10",reported
switch A1,E5,is2,hold,hold,JB(0.95),"E5: a pooled pop ends at a*, within 1e-10 relative",0.39142810838832925,0.3914281,reported,0.39142810838833053,"|a/a* - 1| 3.262e-15 at tick 23999, within 1e-10",reported
switch A1,E5,is2,hold,hold,JB(1.05),"E5: a pooled pop ends at a*, within 1e-10 relative",0.39142810838832925,0.3914281,reported,0.39142810838832903,"|a/a* - 1| 5.673e-16 at tick 23999, within 1e-10",reported
switch A1,E5,is2,hold,hold,N(0.95),"E5: a pooled pop ends at a*, within 1e-10 relative",0.39142810838832925,0.3914281,reported,0.3914281083883296,"|a/a* - 1| 8.509e-16 at tick 23999, within 1e-10",reported
switch A1,E5,is2,hold,hold,N(1.05),"E5: a pooled pop ends at a*, within 1e-10 relative",0.39142810838832925,0.3914281,reported,0.3914281083883308,"|a/a* - 1| 3.971e-15 at tick 23999, within 1e-10",reported
switch A1,E5,is2,hold,hold,RC(0.95),"E5: a pooled pop ends at a*, within 1e-10 relative",0.39142810838832925,0.3914281,reported,0.3914281083883306,"|a/a* - 1| 3.404e-15 at tick 23999, within 1e-10",reported
switch A1,E5,is2,hold,hold,RC(1.05),"E5: a pooled pop ends at a*, within 1e-10 relative",0.39142810838832925,0.3914281,reported,0.3914281083883305,"|a/a* - 1| 3.120e-15 at tick 23999, within 1e-10",reported
switch A1,E5,is2,hold,hold,RW(0.95),"E5: a pooled pop ends at a*, within 1e-10 relative",0.39142810838832925,0.3914281,reported,0.39142810838833003,"|a/a* - 1| 1.985e-15 at tick 23999, within 1e-10",reported
switch A1,E5,is2,hold,hold,RW(1.05),"E5: a pooled pop ends at a*, within 1e-10 relative",0.39142810838832925,0.3914281,reported,0.391428108388329,"|a/a* - 1| 7.091e-16 at tick 23999, within 1e-10",reported
switch A1,E5,is2,hold,hold,p[goods]*0.95,"E5: a pooled pop ends at a*, within 1e-10 relative",0.39142810838832925,0.3914281,reported,0.39142810838833036,"|a/a* - 1| 2.836e-15 at tick 23999, within 1e-10",reported
switch A1,E5,is2,hold,hold,p[goods]*1.05,"E5: a pooled pop ends at a*, within 1e-10 relative",0.39142810838832925,0.3914281,reported,0.39142810838832975,"|a/a* - 1| 1.276e-15 at tick 23999, within 1e-10",reported
switch A1,E5,is2,hold,hold,p[labour.master]*0.95,"E5: a pooled pop ends at a*, within 1e-10 relative",0.39142810838832925,0.3914281,reported,0.39142810838833064,"|a/a* - 1| 3.545e-15 at tick 23999, within 1e-10",reported
switch A1,E5,is2,hold,hold,p[labour.master]*1.05,"E5: a pooled pop ends at a*, within 1e-10 relative",0.39142810838832925,0.3914281,reported,0.39142810838833,"|a/a* - 1| 1.844e-15 at tick 23999, within 1e-10",reported
switch A1,E5,is2,hold,hold,p[labour.trained]*0.95,"E5: a pooled pop ends at a*, within 1e-10 relative",0.39142810838832925,0.3914281,reported,0.39142810838833003,"|a/a* - 1| 1.985e-15 at tick 23999, within 1e-10",reported
switch A1,E5,is2,hold,hold,p[labour.trained]*1.05,"E5: a pooled pop ends at a*, within 1e-10 relative",0.39142810838832925,0.3914281,reported,0.3914281083883295,"|a/a* - 1| 5.673e-16 at tick 23999, within 1e-10",reported
switch A1,E5,is2,hold,hold,p[labour]*0.95,"E5: a pooled pop ends at a*, within 1e-10 relative",0.39142810838832925,0.3914281,reported,0.3914281083883299,"|a/a* - 1| 1.702e-15 at tick 23999, within 1e-10",reported
switch A1,E5,is2,hold,hold,p[labour]*1.05,"E5: a pooled pop ends at a*, within 1e-10 relative",0.39142810838832925,0.3914281,reported,0.39142810838832914,"|a/a* - 1| 2.836e-16 at tick 23999, within 1e-10",reported
switch A1,E5,is2,hold,hold,p[land]*0.95,"E5: a pooled pop ends at a*, within 1e-10 relative",0.39142810838832925,0.3914281,reported,0.39142810838833036,"|a/a* - 1| 2.836e-15 at tick 23999, within 1e-10",reported
switch A1,E5,is2,hold,hold,p[land]*1.05,"E5: a pooled pop ends at a*, within 1e-10 relative",0.39142810838832925,0.3914281,reported,0.3914281083883303,"|a/a* - 1| 2.695e-15 at tick 23999, within 1e-10",reported
switch A1,E5,is2,hold,hold,p[mach]*0.95,"E5: a pooled pop ends at a*, within 1e-10 relative",0.39142810838832925,0.3914281,reported,0.3914281083883295,"|a/a* - 1| 5.673e-16 at tick 23999, within 1e-10",reported
switch A1,E5,is2,hold,hold,p[mach]*1.05,"E5: a pooled pop ends at a*, within 1e-10 relative",0.39142810838832925,0.3914281,reported,0.39142810838833036,"|a/a* - 1| 2.836e-15 at tick 23999, within 1e-10",reported
switch A1,E5,is2,hold,hold,p[services]*0.95,"E5: a pooled pop ends at a*, within 1e-10 relative",0.39142810838832925,0.3914281,reported,0.3914281083883307,"|a/a* - 1| 3.687e-15 at tick 23999, within 1e-10",reported
switch A1,E5,is2,hold,hold,p[services]*1.05,"E5: a pooled pop ends at a*, within 1e-10 relative",0.39142810838832925,0.3914281,reported,0.3914281083883299,"|a/a* - 1| 1.702e-15 at tick 23999, within 1e-10",reported
switch A1,E5,is2,hold,hold,s[goods]=0.05,"E5: a pooled pop ends at a*, within 1e-10 relative",0.39142810838832925,0.3914281,reported,0.3914281083883304,"|a/a* - 1| 2.978e-15 at tick 23999, within 1e-10",reported
switch A1,E5,is2,hold,hold,s[services]=0.05,"E5: a pooled pop ends at a*, within 1e-10 relative",0.39142810838832925,0.3914281,reported,0.3914281083883307,"|a/a* - 1| 3.687e-15 at tick 23999, within 1e-10",reported
switch A1,E5,is2,hold,hold,sw[master]=0.05,"E5: a pooled pop ends at a*, within 1e-10 relative",0.39142810838832925,0.3914281,reported,0.3914281083883301,"|a/a* - 1| 2.127e-15 at tick 23999, within 1e-10",reported
switch A1,E5,is2,hold,hold,sw[trained]=0.05,"E5: a pooled pop ends at a*, within 1e-10 relative",0.39142810838832925,0.3914281,reported,0.3914281083883303,"|a/a* - 1| 2.695e-15 at tick 23999, within 1e-10",reported
switch A1,E5,is2,hold,hold,JA(0.8),"E5: a pooled pop ends at a*, within 1e-10 relative",0.39142810838832925,0.3914281,reported,0.39142810838833053,"|a/a* - 1| 3.262e-15 at tick 23999, within 1e-10",reported
switch A1,E5,is2,hold,hold,JA(1.2),"E5: a pooled pop ends at a*, within 1e-10 relative",0.39142810838832925,0.3914281,reported,0.39142810838833036,"|a/a* - 1| 2.836e-15 at tick 23999, within 1e-10",reported
switch A1,E5,is2,hold,hold,JB(0.8),"E5: a pooled pop ends at a*, within 1e-10 relative",0.39142810838832925,0.3914281,reported,0.39142810838833053,"|a/a* - 1| 3.262e-15 at tick 23999, within 1e-10",reported
switch A1,E5,is2,hold,hold,JB(1.2),"E5: a pooled pop ends at a*, within 1e-10 relative",0.39142810838832925,0.3914281,reported,0.3914281083883309,"|a/a* - 1| 4.255e-15 at tick 23999, within 1e-10",reported
switch A1,E5,is2,hold,hold,N(0.8),"E5: a pooled pop ends at a*, within 1e-10 relative",0.39142810838832925,0.3914281,reported,0.3914281083883297,"|a/a* - 1| 1.135e-15 at tick 23999, within 1e-10",reported
switch A1,E5,is2,hold,hold,N(1.2),"E5: a pooled pop ends at a*, within 1e-10 relative",0.39142810838832925,0.3914281,reported,0.39142810838833075,"|a/a* - 1| 3.829e-15 at tick 23999, within 1e-10",reported
switch A1,E5,is2,hold,hold,RC(0.8),"E5: a pooled pop ends at a*, within 1e-10 relative",0.39142810838832925,0.3914281,reported,0.39142810838833053,"|a/a* - 1| 3.262e-15 at tick 23999, within 1e-10",reported
switch A1,E5,is2,hold,hold,RC(1.2),"E5: a pooled pop ends at a*, within 1e-10 relative",0.39142810838832925,0.3914281,reported,0.39142810838833036,"|a/a* - 1| 2.836e-15 at tick 23999, within 1e-10",reported
switch A1,E5,is2,hold,hold,RW(0.8),"E5: a pooled pop ends at a*, within 1e-10 relative",0.39142810838832925,0.3914281,reported,0.3914281083883306,"|a/a* - 1| 3.404e-15 at tick 23999, within 1e-10",reported
switch A1,E5,is2,hold,hold,RW(1.2),"E5: a pooled pop ends at a*, within 1e-10 relative",0.39142810838832925,0.3914281,reported,0.3914281083883301,"|a/a* - 1| 2.127e-15 at tick 23999, within 1e-10",reported
switch A1,E5,is2,hold,hold,land.mach=0.36@dated,"E5: a pooled pop ends at a*, within 1e-10 relative",0.39077131266119786,0.3907713,reported,0.3907713126611973,"|a/a* - 1| 1.421e-15 at tick 29999, within 1e-10",reported
switch A1,E5,is2,hold,hold,land.mach=0.36@genesis,"E5: a pooled pop ends at a*, within 1e-10 relative",0.39077131266119786,0.3907713,reported,0.3907713126611974,"|a/a* - 1| 1.136e-15 at tick 23999, within 1e-10",reported
switch A1,E5,is2,hold,hold,land.mach=0.44@dated,"E5: a pooled pop ends at a*, within 1e-10 relative",0.3920586729489223,0.3920587,reported,0.39205867294892194,"|a/a* - 1| 9.911e-16 at tick 29999, within 1e-10",reported
switch A1,E5,is2,hold,hold,land.mach=0.44@genesis,"E5: a pooled pop ends at a*, within 1e-10 relative",0.3920586729489223,0.3920587,reported,0.39205867294892294,"|a/a* - 1| 1.557e-15 at tick 23999, within 1e-10",reported
switch A1,E5,is2,hold,hold,p[goods]*0.8,"E5: a pooled pop ends at a*, within 1e-10 relative",0.39142810838832925,0.3914281,reported,0.3914281083883302,"|a/a* - 1| 2.411e-15 at tick 23999, within 1e-10",reported
switch A1,E5,is2,hold,hold,p[goods]*1.2,"E5: a pooled pop ends at a*, within 1e-10 relative",0.39142810838832925,0.3914281,reported,0.39142810838833036,"|a/a* - 1| 2.836e-15 at tick 23999, within 1e-10",reported
switch A1,E5,is2,hold,hold,p[labour.master]*0.8,"E5: a pooled pop ends at a*, within 1e-10 relative",0.39142810838832925,0.3914281,reported,0.3914281083883306,"|a/a* - 1| 3.404e-15 at tick 23999, within 1e-10",reported
switch A1,E5,is2,hold,hold,p[labour.master]*1.2,"E5: a pooled pop ends at a*, within 1e-10 relative",0.39142810838832925,0.3914281,reported,0.39142810838833075,"|a/a* - 1| 3.829e-15 at tick 23999, within 1e-10",reported
switch A1,E5,is2,hold,hold,p[labour.trained]*0.8,"E5: a pooled pop ends at a*, within 1e-10 relative",0.39142810838832925,0.3914281,reported,0.39142810838833036,"|a/a* - 1| 2.836e-15 at tick 23999, within 1e-10",reported
switch A1,E5,is2,hold,hold,p[labour.trained]*1.2,"E5: a pooled pop ends at a*, within 1e-10 relative",0.39142810838832925,0.3914281,reported,0.3914281083883305,"|a/a* - 1| 3.120e-15 at tick 23999, within 1e-10",reported
switch A1,E5,is2,hold,hold,p[labour]*0.8,"E5: a pooled pop ends at a*, within 1e-10 relative",0.39142810838832925,0.3914281,reported,0.3914281083883304,"|a/a* - 1| 2.978e-15 at tick 23999, within 1e-10",reported
switch A1,E5,is2,hold,hold,p[labour]*1.2,"E5: a pooled pop ends at a*, within 1e-10 relative",0.39142810838832925,0.3914281,reported,0.39142810838833086,"|a/a* - 1| 4.113e-15 at tick 23999, within 1e-10",reported
switch A1,E5,is2,hold,hold,p[land]*0.8,"E5: a pooled pop ends at a*, within 1e-10 relative",0.39142810838832925,0.3914281,reported,0.39142810838832937,"|a/a* - 1| 2.836e-16 at tick 23999, within 1e-10",reported
switch A1,E5,is2,hold,hold,p[land]*1.2,"E5: a pooled pop ends at a*, within 1e-10 relative",0.39142810838832925,0.3914281,reported,0.3914281083883298,"|a/a* - 1| 1.418e-15 at tick 23999, within 1e-10",reported
switch A1,E5,is2,hold,hold,p[mach]*0.8,"E5: a pooled pop ends at a*, within 1e-10 relative",0.39142810838832925,0.3914281,reported,0.39142810838833064,"|a/a* - 1| 3.545e-15 at tick 23999, within 1e-10",reported
switch A1,E5,is2,hold,hold,p[mach]*1.2,"E5: a pooled pop ends at a*, within 1e-10 relative",0.39142810838832925,0.3914281,reported,0.3914281083883297,"|a/a* - 1| 1.135e-15 at tick 23999, within 1e-10",reported
switch A1,E5,is2,hold,hold,p[services]*0.8,"E5: a pooled pop ends at a*, within 1e-10 relative",0.39142810838832925,0.3914281,reported,0.3914281083883295,"|a/a* - 1| 5.673e-16 at tick 23999, within 1e-10",reported
switch A1,E5,is2,hold,hold,p[services]*1.2,"E5: a pooled pop ends at a*, within 1e-10 relative",0.39142810838832925,0.3914281,reported,0.3914281083883301,"|a/a* - 1| 2.127e-15 at tick 23999, within 1e-10",reported
switch A1,E5,is2,hold,hold,res.services.trained=0.018@dated,"E5: a pooled pop ends at a*, within 1e-10 relative",0.4427551661680639,0.4427552,reported,0.44275516616806454,"|a/a* - 1| 1.505e-15 at tick 29999, within 1e-10",reported
switch A1,E5,is2,hold,hold,res.services.trained=0.018@genesis,"E5: a pooled pop ends at a*, within 1e-10 relative",0.4427551661680639,0.4427552,reported,0.4427551661680644,"|a/a* - 1| 1.128e-15 at tick 23999, within 1e-10",reported
switch A1,E5,is2,hold,hold,res.services.trained=0.022@dated,"E5: a pooled pop ends at a*, within 1e-10 relative",0.34181122187676016,0.3418112,reported,0.3418112218767605,"|a/a* - 1| 9.744e-16 at tick 29999, within 1e-10",reported
switch A1,E5,is2,hold,hold,res.services.trained=0.022@genesis,"E5: a pooled pop ends at a*, within 1e-10 relative",0.34181122187676016,0.3418112,reported,0.34181122187676183,"|a/a* - 1| 4.872e-15 at tick 23999, within 1e-10",reported
switch A1,E5,is2,hold,hold,s[goods]=0.2,"E5: a pooled pop ends at a*, within 1e-10 relative",0.39142810838832925,0.3914281,reported,0.3914281083883304,"|a/a* - 1| 2.978e-15 at tick 23999, within 1e-10",reported
switch A1,E5,is2,hold,hold,s[services]=0.2,"E5: a pooled pop ends at a*, within 1e-10 relative",0.39142810838832925,0.3914281,reported,0.3914281083883294,"|a/a* - 1| 4.255e-16 at tick 23999, within 1e-10",reported
switch A1,E5,is2,hold,hold,sw[master]=0.2,"E5: a pooled pop ends at a*, within 1e-10 relative",0.39142810838832925,0.3914281,reported,0.39142810838833014,"|a/a* - 1| 2.269e-15 at tick 23999, within 1e-10",reported
switch A1,E5,is2,hold,hold,sw[trained]=0.2,"E5: a pooled pop ends at a*, within 1e-10 relative",0.39142810838832925,0.3914281,reported,0.3914281083883303,"|a/a* - 1| 2.695e-15 at tick 23999, within 1e-10",reported
switch A1,E5,is2,hold,hold,tail.services=0.09@dated,"E5: a pooled pop ends at a*, within 1e-10 relative",0.354571298729831,0.3545713,reported,0.3545712987298305,"|a/a* - 1| 1.409e-15 at tick 29999, within 1e-10",reported
switch A1,E5,is2,hold,hold,tail.services=0.09@genesis,"E5: a pooled pop ends at a*, within 1e-10 relative",0.354571298729831,0.3545713,reported,0.35457129872983184,"|a/a* - 1| 2.348e-15 at tick 23999, within 1e-10",reported
switch A1,E5,is2,hold,hold,tail.services=0.11@dated,"E5: a pooled pop ends at a*, within 1e-10 relative",0.4241539900012462,0.424154,reported,0.4241539900012465,"|a/a* - 1| 6.544e-16 at tick 29999, within 1e-10",reported
switch A1,E5,is2,hold,hold,tail.services=0.11@genesis,"E5: a pooled pop ends at a*, within 1e-10 relative",0.4241539900012462,0.424154,reported,0.4241539900012473,"|a/a* - 1| 2.617e-15 at tick 23999, within 1e-10",reported
switch A1,E5,is2,nbhd,nbhd adjust.*=0.75,JA(0.5),"E5: a pooled pop ends at a*, within 1e-10 relative",0.39142810838832925,0.3914281,reported,0.39142810838833053,"|a/a* - 1| 3.262e-15 at tick 23999, within 1e-10",reported
switch A1,E5,is2,nbhd,nbhd adjust.*=0.75,JA(2),"E5: a pooled pop ends at a*, within 1e-10 relative",0.39142810838832925,0.3914281,reported,0.3914281083883292,"|a/a* - 1| 1.418e-16 at tick 23999, within 1e-10",reported
switch A1,E5,is2,nbhd,nbhd adjust.*=0.75,JB(0.5),"E5: a pooled pop ends at a*, within 1e-10 relative",0.39142810838832925,0.3914281,reported,0.39142810838833064,"|a/a* - 1| 3.545e-15 at tick 23999, within 1e-10",reported
switch A1,E5,is2,nbhd,nbhd adjust.*=0.75,JB(2),"E5: a pooled pop ends at a*, within 1e-10 relative",0.39142810838832925,0.3914281,reported,0.39142810838833014,"|a/a* - 1| 2.269e-15 at tick 23999, within 1e-10",reported
switch A1,E5,is2,nbhd,nbhd adjust.*=0.75,N(0.5),"E5: a pooled pop ends at a*, within 1e-10 relative",0.39142810838832925,0.3914281,reported,0.39142810838833075,"|a/a* - 1| 3.829e-15 at tick 23999, within 1e-10",reported
switch A1,E5,is2,nbhd,nbhd adjust.*=0.75,N(2),"E5: a pooled pop ends at a*, within 1e-10 relative",0.39142810838832925,0.3914281,reported,0.39142810838832937,"|a/a* - 1| 2.836e-16 at tick 23999, within 1e-10",reported
switch A1,E5,is2,nbhd,nbhd adjust.*=0.75,RC(0.5),"E5: a pooled pop ends at a*, within 1e-10 relative",0.39142810838832925,0.3914281,reported,0.3914281083883295,"|a/a* - 1| 5.673e-16 at tick 23999, within 1e-10",reported
switch A1,E5,is2,nbhd,nbhd adjust.*=0.75,RC(2),"E5: a pooled pop ends at a*, within 1e-10 relative",0.39142810838832925,0.3914281,reported,0.39142810838833053,"|a/a* - 1| 3.262e-15 at tick 23999, within 1e-10",reported
switch A1,E5,is2,nbhd,nbhd adjust.*=0.75,RW(0.5),"E5: a pooled pop ends at a*, within 1e-10 relative",0.39142810838832925,0.3914281,reported,0.39142810838832937,"|a/a* - 1| 2.836e-16 at tick 23999, within 1e-10",reported
switch A1,E5,is2,nbhd,nbhd adjust.*=0.75,RW(2),"E5: a pooled pop ends at a*, within 1e-10 relative",0.39142810838832925,0.3914281,reported,0.3914281083883306,"|a/a* - 1| 3.404e-15 at tick 23999, within 1e-10",reported
switch A1,E5,is2,nbhd,nbhd adjust.*=0.75,land.mach=0.2@dated,"E5: a pooled pop ends at a*, within 1e-10 relative",0.387846294928211,0.3878463,reported,0.38784629492821154,"|a/a* - 1| 1.431e-15 at tick 29999, within 1e-10",reported
switch A1,E5,is2,nbhd,nbhd adjust.*=0.75,land.mach=0.2@genesis,"E5: a pooled pop ends at a*, within 1e-10 relative",0.387846294928211,0.3878463,reported,0.3878462949282098,"|a/a* - 1| 3.006e-15 at tick 23999, within 1e-10",reported
switch A1,E5,is2,nbhd,nbhd adjust.*=0.75,land.mach=0.8@dated,"E5: a pooled pop ends at a*, within 1e-10 relative",0.396772523327664,0.3967725,reported,0.39677252332766483,"|a/a* - 1| 2.099e-15 at tick 29999, within 1e-10",reported
switch A1,E5,is2,nbhd,nbhd adjust.*=0.75,land.mach=0.8@genesis,"E5: a pooled pop ends at a*, within 1e-10 relative",0.396772523327664,0.3967725,reported,0.3967725233276645,"|a/a* - 1| 1.259e-15 at tick 23999, within 1e-10",reported
switch A1,E5,is2,nbhd,nbhd adjust.*=0.75,p[goods]*0.5,"E5: a pooled pop ends at a*, within 1e-10 relative",0.39142810838832925,0.3914281,reported,0.39142810838833086,"|a/a* - 1| 4.113e-15 at tick 23999, within 1e-10",reported
switch A1,E5,is2,nbhd,nbhd adjust.*=0.75,p[goods]*2,"E5: a pooled pop ends at a*, within 1e-10 relative",0.39142810838832925,0.3914281,reported,0.39142810838832964,"|a/a* - 1| 9.927e-16 at tick 23999, within 1e-10",reported
switch A1,E5,is2,nbhd,nbhd adjust.*=0.75,p[labour.master]*0.5,"E5: a pooled pop ends at a*, within 1e-10 relative",0.39142810838832925,0.3914281,reported,0.3914281083883298,"|a/a* - 1| 1.418e-15 at tick 23999, within 1e-10",reported
switch A1,E5,is2,nbhd,nbhd adjust.*=0.75,p[labour.master]*2,"E5: a pooled pop ends at a*, within 1e-10 relative",0.39142810838832925,0.3914281,reported,0.3914281083883291,"|a/a* - 1| 4.255e-16 at tick 23999, within 1e-10",reported
switch A1,E5,is2,nbhd,nbhd adjust.*=0.75,p[labour.trained]*0.5,"E5: a pooled pop ends at a*, within 1e-10 relative",0.39142810838832925,0.3914281,reported,0.3914281083883304,"|a/a* - 1| 2.978e-15 at tick 23999, within 1e-10",reported
switch A1,E5,is2,nbhd,nbhd adjust.*=0.75,p[labour.trained]*2,"E5: a pooled pop ends at a*, within 1e-10 relative",0.39142810838832925,0.3914281,reported,0.39142810838833014,"|a/a* - 1| 2.269e-15 at tick 23999, within 1e-10",reported
switch A1,E5,is2,nbhd,nbhd adjust.*=0.75,p[labour]*0.5,"E5: a pooled pop ends at a*, within 1e-10 relative",0.39142810838832925,0.3914281,reported,0.39142810838833075,"|a/a* - 1| 3.829e-15 at tick 23999, within 1e-10",reported
switch A1,E5,is2,nbhd,nbhd adjust.*=0.75,p[labour]*2,"E5: a pooled pop ends at a*, within 1e-10 relative",0.39142810838832925,0.3914281,reported,0.39142810838833053,"|a/a* - 1| 3.262e-15 at tick 23999, within 1e-10",reported
switch A1,E5,is2,nbhd,nbhd adjust.*=0.75,p[land]*0.5,"E5: a pooled pop ends at a*, within 1e-10 relative",0.39142810838832925,0.3914281,reported,0.3914281083883306,"|a/a* - 1| 3.404e-15 at tick 23999, within 1e-10",reported
switch A1,E5,is2,nbhd,nbhd adjust.*=0.75,p[land]*2,"E5: a pooled pop ends at a*, within 1e-10 relative",0.39142810838832925,0.3914281,reported,0.3914281083883306,"|a/a* - 1| 3.404e-15 at tick 23999, within 1e-10",reported
switch A1,E5,is2,nbhd,nbhd adjust.*=0.75,p[mach]*0.5,"E5: a pooled pop ends at a*, within 1e-10 relative",0.39142810838832925,0.3914281,reported,0.3914281083883308,"|a/a* - 1| 3.971e-15 at tick 23999, within 1e-10",reported
switch A1,E5,is2,nbhd,nbhd adjust.*=0.75,p[mach]*2,"E5: a pooled pop ends at a*, within 1e-10 relative",0.39142810838832925,0.3914281,reported,0.39142810838832837,"|a/a* - 1| 2.269e-15 at tick 23999, within 1e-10",reported
switch A1,E5,is2,nbhd,nbhd adjust.*=0.75,p[services]*0.5,"E5: a pooled pop ends at a*, within 1e-10 relative",0.39142810838832925,0.3914281,reported,0.3914281083883306,"|a/a* - 1| 3.404e-15 at tick 23999, within 1e-10",reported
switch A1,E5,is2,nbhd,nbhd adjust.*=0.75,p[services]*2,"E5: a pooled pop ends at a*, within 1e-10 relative",0.39142810838832925,0.3914281,reported,0.3914281083883303,"|a/a* - 1| 2.695e-15 at tick 23999, within 1e-10",reported
switch A1,E5,is2,nbhd,nbhd adjust.*=0.75,res.services.trained=0.01@dated,"E5: a pooled pop ends at a*, within 1e-10 relative",0.667169987202366,0.66717,reported,0.6671699872023662,"|a/a* - 1| 3.328e-16 at tick 29999, within 1e-10",reported
switch A1,E5,is2,nbhd,nbhd adjust.*=0.75,res.services.trained=0.01@genesis,"E5: a pooled pop ends at a*, within 1e-10 relative",0.667169987202366,0.66717,reported,0.6671699872023666,"|a/a* - 1| 9.984e-16 at tick 23999, within 1e-10",reported
switch A1,E5,is2,nbhd,nbhd adjust.*=0.75,s[goods]=0.5,"E5: a pooled pop ends at a*, within 1e-10 relative",0.39142810838832925,0.3914281,reported,0.3914281083883298,"|a/a* - 1| 1.418e-15 at tick 23999, within 1e-10",reported
switch A1,E5,is2,nbhd,nbhd adjust.*=0.75,s[services]=0.5,"E5: a pooled pop ends at a*, within 1e-10 relative",0.39142810838832925,0.3914281,reported,0.39142810838833075,"|a/a* - 1| 3.829e-15 at tick 23999, within 1e-10",reported
switch A1,E5,is2,nbhd,nbhd adjust.*=0.75,sw[master]=0.5,"E5: a pooled pop ends at a*, within 1e-10 relative",0.39142810838832925,0.3914281,reported,0.3914281083883305,"|a/a* - 1| 3.120e-15 at tick 23999, within 1e-10",reported
switch A1,E5,is2,nbhd,nbhd adjust.*=0.75,sw[trained]=0.5,"E5: a pooled pop ends at a*, within 1e-10 relative",0.39142810838832925,0.3914281,reported,0.3914281083883308,"|a/a* - 1| 3.971e-15 at tick 23999, within 1e-10",reported
switch A1,E5,is2,nbhd,nbhd adjust.*=0.75,tail.services=0.05@dated,"E5: a pooled pop ends at a*, within 1e-10 relative",0.14475154970860177,0.1447515,reported,0.1447515497086012,"|a/a* - 1| 3.835e-15 at tick 29999, within 1e-10",reported
switch A1,E5,is2,nbhd,nbhd adjust.*=0.75,tail.services=0.05@genesis,"E5: a pooled pop ends at a*, within 1e-10 relative",0.14475154970860177,0.1447515,reported,0.14475154970860224,"|a/a* - 1| 3.260e-15 at tick 23999, within 1e-10",reported
switch A1,E5,is2,nbhd,nbhd adjust.*=0.75,tail.services=0.2@dated,"E5: a pooled pop ends at a*, within 1e-10 relative",0.6091995878176161,0.6091996,reported,0.6091995878176164,"|a/a* - 1| 5.467e-16 at tick 29999, within 1e-10",reported
switch A1,E5,is2,nbhd,nbhd adjust.*=0.75,tail.services=0.2@genesis,"E5: a pooled pop ends at a*, within 1e-10 relative",0.6091995878176161,0.6091996,reported,0.6091995878176162,"|a/a* - 1| 1.822e-16 at tick 23999, within 1e-10",reported
switch A1,E5,is2,nbhd,nbhd adjust.*=0.75,x*/2,"E5: a pooled pop ends at a*, within 1e-10 relative",0.39142810838832925,0.3914281,reported,0.3914281083883294,"|a/a* - 1| 4.255e-16 at tick 23999, within 1e-10",reported
switch A1,E5,is2,nbhd,nbhd adjust.*=0.9,JA(0.5),"E5: a pooled pop ends at a*, within 1e-10 relative",0.39142810838832925,0.3914281,reported,0.39142810838833053,"|a/a* - 1| 3.262e-15 at tick 23999, within 1e-10",reported
switch A1,E5,is2,nbhd,nbhd adjust.*=0.9,JA(2),"E5: a pooled pop ends at a*, within 1e-10 relative",0.39142810838832925,0.3914281,reported,0.3914281083883292,"|a/a* - 1| 1.418e-16 at tick 23999, within 1e-10",reported
switch A1,E5,is2,nbhd,nbhd adjust.*=0.9,JB(0.5),"E5: a pooled pop ends at a*, within 1e-10 relative",0.39142810838832925,0.3914281,reported,0.3914281083883306,"|a/a* - 1| 3.404e-15 at tick 23999, within 1e-10",reported
switch A1,E5,is2,nbhd,nbhd adjust.*=0.9,JB(2),"E5: a pooled pop ends at a*, within 1e-10 relative",0.39142810838832925,0.3914281,reported,0.39142810838833014,"|a/a* - 1| 2.269e-15 at tick 23999, within 1e-10",reported
switch A1,E5,is2,nbhd,nbhd adjust.*=0.9,N(0.5),"E5: a pooled pop ends at a*, within 1e-10 relative",0.39142810838832925,0.3914281,reported,0.39142810838833075,"|a/a* - 1| 3.829e-15 at tick 23999, within 1e-10",reported
switch A1,E5,is2,nbhd,nbhd adjust.*=0.9,N(2),"E5: a pooled pop ends at a*, within 1e-10 relative",0.39142810838832925,0.3914281,reported,0.39142810838832937,"|a/a* - 1| 2.836e-16 at tick 23999, within 1e-10",reported
switch A1,E5,is2,nbhd,nbhd adjust.*=0.9,RC(0.5),"E5: a pooled pop ends at a*, within 1e-10 relative",0.39142810838832925,0.3914281,reported,0.3914281083883295,"|a/a* - 1| 5.673e-16 at tick 23999, within 1e-10",reported
switch A1,E5,is2,nbhd,nbhd adjust.*=0.9,RC(2),"E5: a pooled pop ends at a*, within 1e-10 relative",0.39142810838832925,0.3914281,reported,0.39142810838833053,"|a/a* - 1| 3.262e-15 at tick 23999, within 1e-10",reported
switch A1,E5,is2,nbhd,nbhd adjust.*=0.9,RW(0.5),"E5: a pooled pop ends at a*, within 1e-10 relative",0.39142810838832925,0.3914281,reported,0.39142810838832937,"|a/a* - 1| 2.836e-16 at tick 23999, within 1e-10",reported
switch A1,E5,is2,nbhd,nbhd adjust.*=0.9,RW(2),"E5: a pooled pop ends at a*, within 1e-10 relative",0.39142810838832925,0.3914281,reported,0.3914281083883306,"|a/a* - 1| 3.404e-15 at tick 23999, within 1e-10",reported
switch A1,E5,is2,nbhd,nbhd adjust.*=0.9,land.mach=0.2@dated,"E5: a pooled pop ends at a*, within 1e-10 relative",0.387846294928211,0.3878463,reported,0.38784629492821154,"|a/a* - 1| 1.431e-15 at tick 29999, within 1e-10",reported
switch A1,E5,is2,nbhd,nbhd adjust.*=0.9,land.mach=0.2@genesis,"E5: a pooled pop ends at a*, within 1e-10 relative",0.387846294928211,0.3878463,reported,0.3878462949282098,"|a/a* - 1| 3.006e-15 at tick 23999, within 1e-10",reported
switch A1,E5,is2,nbhd,nbhd adjust.*=0.9,land.mach=0.8@dated,"E5: a pooled pop ends at a*, within 1e-10 relative",0.396772523327664,0.3967725,reported,0.39677252332766527,"|a/a* - 1| 3.218e-15 at tick 29999, within 1e-10",reported
switch A1,E5,is2,nbhd,nbhd adjust.*=0.9,land.mach=0.8@genesis,"E5: a pooled pop ends at a*, within 1e-10 relative",0.396772523327664,0.3967725,reported,0.3967725233276657,"|a/a* - 1| 4.337e-15 at tick 23999, within 1e-10",reported
switch A1,E5,is2,nbhd,nbhd adjust.*=0.9,p[goods]*0.5,"E5: a pooled pop ends at a*, within 1e-10 relative",0.39142810838832925,0.3914281,reported,0.39142810838833086,"|a/a* - 1| 4.113e-15 at tick 23999, within 1e-10",reported
switch A1,E5,is2,nbhd,nbhd adjust.*=0.9,p[goods]*2,"E5: a pooled pop ends at a*, within 1e-10 relative",0.39142810838832925,0.3914281,reported,0.39142810838832964,"|a/a* - 1| 9.927e-16 at tick 23999, within 1e-10",reported
switch A1,E5,is2,nbhd,nbhd adjust.*=0.9,p[labour.master]*0.5,"E5: a pooled pop ends at a*, within 1e-10 relative",0.39142810838832925,0.3914281,reported,0.3914281083883298,"|a/a* - 1| 1.418e-15 at tick 23999, within 1e-10",reported
switch A1,E5,is2,nbhd,nbhd adjust.*=0.9,p[labour.master]*2,"E5: a pooled pop ends at a*, within 1e-10 relative",0.39142810838832925,0.3914281,reported,0.3914281083883291,"|a/a* - 1| 4.255e-16 at tick 23999, within 1e-10",reported
switch A1,E5,is2,nbhd,nbhd adjust.*=0.9,p[labour.trained]*0.5,"E5: a pooled pop ends at a*, within 1e-10 relative",0.39142810838832925,0.3914281,reported,0.3914281083883304,"|a/a* - 1| 2.978e-15 at tick 23999, within 1e-10",reported
switch A1,E5,is2,nbhd,nbhd adjust.*=0.9,p[labour.trained]*2,"E5: a pooled pop ends at a*, within 1e-10 relative",0.39142810838832925,0.3914281,reported,0.39142810838833014,"|a/a* - 1| 2.269e-15 at tick 23999, within 1e-10",reported
switch A1,E5,is2,nbhd,nbhd adjust.*=0.9,p[labour]*0.5,"E5: a pooled pop ends at a*, within 1e-10 relative",0.39142810838832925,0.3914281,reported,0.39142810838833075,"|a/a* - 1| 3.829e-15 at tick 23999, within 1e-10",reported
switch A1,E5,is2,nbhd,nbhd adjust.*=0.9,p[labour]*2,"E5: a pooled pop ends at a*, within 1e-10 relative",0.39142810838832925,0.3914281,reported,0.39142810838833053,"|a/a* - 1| 3.262e-15 at tick 23999, within 1e-10",reported
switch A1,E5,is2,nbhd,nbhd adjust.*=0.9,p[land]*0.5,"E5: a pooled pop ends at a*, within 1e-10 relative",0.39142810838832925,0.3914281,reported,0.3914281083883306,"|a/a* - 1| 3.404e-15 at tick 23999, within 1e-10",reported
switch A1,E5,is2,nbhd,nbhd adjust.*=0.9,p[land]*2,"E5: a pooled pop ends at a*, within 1e-10 relative",0.39142810838832925,0.3914281,reported,0.3914281083883306,"|a/a* - 1| 3.404e-15 at tick 23999, within 1e-10",reported
switch A1,E5,is2,nbhd,nbhd adjust.*=0.9,p[mach]*0.5,"E5: a pooled pop ends at a*, within 1e-10 relative",0.39142810838832925,0.3914281,reported,0.3914281083883308,"|a/a* - 1| 3.971e-15 at tick 23999, within 1e-10",reported
switch A1,E5,is2,nbhd,nbhd adjust.*=0.9,p[mach]*2,"E5: a pooled pop ends at a*, within 1e-10 relative",0.39142810838832925,0.3914281,reported,0.39142810838833086,"|a/a* - 1| 4.113e-15 at tick 23999, within 1e-10",reported
switch A1,E5,is2,nbhd,nbhd adjust.*=0.9,p[services]*0.5,"E5: a pooled pop ends at a*, within 1e-10 relative",0.39142810838832925,0.3914281,reported,0.3914281083883306,"|a/a* - 1| 3.404e-15 at tick 23999, within 1e-10",reported
switch A1,E5,is2,nbhd,nbhd adjust.*=0.9,p[services]*2,"E5: a pooled pop ends at a*, within 1e-10 relative",0.39142810838832925,0.3914281,reported,0.3914281083883303,"|a/a* - 1| 2.695e-15 at tick 23999, within 1e-10",reported
switch A1,E5,is2,nbhd,nbhd adjust.*=0.9,res.services.trained=0.01@dated,"E5: a pooled pop ends at a*, within 1e-10 relative",0.667169987202366,0.66717,reported,0.6671699872023662,"|a/a* - 1| 3.328e-16 at tick 29999, within 1e-10",reported
switch A1,E5,is2,nbhd,nbhd adjust.*=0.9,res.services.trained=0.01@genesis,"E5: a pooled pop ends at a*, within 1e-10 relative",0.667169987202366,0.66717,reported,0.6671699872023666,"|a/a* - 1| 9.984e-16 at tick 23999, within 1e-10",reported
switch A1,E5,is2,nbhd,nbhd adjust.*=0.9,s[goods]=0.5,"E5: a pooled pop ends at a*, within 1e-10 relative",0.39142810838832925,0.3914281,reported,0.39142810838833,"|a/a* - 1| 1.844e-15 at tick 23999, within 1e-10",reported
switch A1,E5,is2,nbhd,nbhd adjust.*=0.9,s[services]=0.5,"E5: a pooled pop ends at a*, within 1e-10 relative",0.39142810838832925,0.3914281,reported,0.3914281083883296,"|a/a* - 1| 8.509e-16 at tick 23999, within 1e-10",reported
switch A1,E5,is2,nbhd,nbhd adjust.*=0.9,sw[master]=0.5,"E5: a pooled pop ends at a*, within 1e-10 relative",0.39142810838832925,0.3914281,reported,0.3914281083883305,"|a/a* - 1| 3.120e-15 at tick 23999, within 1e-10",reported
switch A1,E5,is2,nbhd,nbhd adjust.*=0.9,sw[trained]=0.5,"E5: a pooled pop ends at a*, within 1e-10 relative",0.39142810838832925,0.3914281,reported,0.3914281083883308,"|a/a* - 1| 3.971e-15 at tick 23999, within 1e-10",reported
switch A1,E5,is2,nbhd,nbhd adjust.*=0.9,tail.services=0.05@dated,"E5: a pooled pop ends at a*, within 1e-10 relative",0.14475154970860177,0.1447515,reported,0.1447515497086012,"|a/a* - 1| 3.835e-15 at tick 29999, within 1e-10",reported
switch A1,E5,is2,nbhd,nbhd adjust.*=0.9,tail.services=0.05@genesis,"E5: a pooled pop ends at a*, within 1e-10 relative",0.14475154970860177,0.1447515,reported,0.14475154970860224,"|a/a* - 1| 3.260e-15 at tick 23999, within 1e-10",reported
switch A1,E5,is2,nbhd,nbhd adjust.*=0.9,tail.services=0.2@dated,"E5: a pooled pop ends at a*, within 1e-10 relative",0.6091995878176161,0.6091996,reported,0.6091995878176164,"|a/a* - 1| 5.467e-16 at tick 29999, within 1e-10",reported
switch A1,E5,is2,nbhd,nbhd adjust.*=0.9,tail.services=0.2@genesis,"E5: a pooled pop ends at a*, within 1e-10 relative",0.6091995878176161,0.6091996,reported,0.6091995878176162,"|a/a* - 1| 1.822e-16 at tick 23999, within 1e-10",reported
switch A1,E5,is2,nbhd,nbhd adjust.*=0.9,x*/2,"E5: a pooled pop ends at a*, within 1e-10 relative",0.39142810838832925,0.3914281,reported,0.39142810838832964,"|a/a* - 1| 9.927e-16 at tick 23999, within 1e-10",reported
switch A1,E5,is2,nbhd,nbhd adjust.*=1.1,JA(0.5),"E5: a pooled pop ends at a*, within 1e-10 relative",0.39142810838832925,0.3914281,reported,0.39142810838833053,"|a/a* - 1| 3.262e-15 at tick 23999, within 1e-10",reported
switch A1,E5,is2,nbhd,nbhd adjust.*=1.1,JA(2),"E5: a pooled pop ends at a*, within 1e-10 relative",0.39142810838832925,0.3914281,reported,0.3914281083883292,"|a/a* - 1| 1.418e-16 at tick 23999, within 1e-10",reported
switch A1,E5,is2,nbhd,nbhd adjust.*=1.1,JB(0.5),"E5: a pooled pop ends at a*, within 1e-10 relative",0.39142810838832925,0.3914281,reported,0.3914281083883307,"|a/a* - 1| 3.687e-15 at tick 23999, within 1e-10",reported
switch A1,E5,is2,nbhd,nbhd adjust.*=1.1,JB(2),"E5: a pooled pop ends at a*, within 1e-10 relative",0.39142810838832925,0.3914281,reported,0.39142810838833014,"|a/a* - 1| 2.269e-15 at tick 23999, within 1e-10",reported
switch A1,E5,is2,nbhd,nbhd adjust.*=1.1,N(0.5),"E5: a pooled pop ends at a*, within 1e-10 relative",0.39142810838832925,0.3914281,reported,0.39142810838833075,"|a/a* - 1| 3.829e-15 at tick 23999, within 1e-10",reported
switch A1,E5,is2,nbhd,nbhd adjust.*=1.1,N(2),"E5: a pooled pop ends at a*, within 1e-10 relative",0.39142810838832925,0.3914281,reported,0.39142810838832937,"|a/a* - 1| 2.836e-16 at tick 23999, within 1e-10",reported
switch A1,E5,is2,nbhd,nbhd adjust.*=1.1,RC(0.5),"E5: a pooled pop ends at a*, within 1e-10 relative",0.39142810838832925,0.3914281,reported,0.3914281083883295,"|a/a* - 1| 5.673e-16 at tick 23999, within 1e-10",reported
switch A1,E5,is2,nbhd,nbhd adjust.*=1.1,RC(2),"E5: a pooled pop ends at a*, within 1e-10 relative",0.39142810838832925,0.3914281,reported,0.39142810838833053,"|a/a* - 1| 3.262e-15 at tick 23999, within 1e-10",reported
switch A1,E5,is2,nbhd,nbhd adjust.*=1.1,RW(0.5),"E5: a pooled pop ends at a*, within 1e-10 relative",0.39142810838832925,0.3914281,reported,0.39142810838832937,"|a/a* - 1| 2.836e-16 at tick 23999, within 1e-10",reported
switch A1,E5,is2,nbhd,nbhd adjust.*=1.1,RW(2),"E5: a pooled pop ends at a*, within 1e-10 relative",0.39142810838832925,0.3914281,reported,0.3914281083883306,"|a/a* - 1| 3.404e-15 at tick 23999, within 1e-10",reported
switch A1,E5,is2,nbhd,nbhd adjust.*=1.1,land.mach=0.2@dated,"E5: a pooled pop ends at a*, within 1e-10 relative",0.387846294928211,0.3878463,reported,0.38784629492821154,"|a/a* - 1| 1.431e-15 at tick 29999, within 1e-10",reported
switch A1,E5,is2,nbhd,nbhd adjust.*=1.1,land.mach=0.2@genesis,"E5: a pooled pop ends at a*, within 1e-10 relative",0.387846294928211,0.3878463,reported,0.3878462949282098,"|a/a* - 1| 3.006e-15 at tick 23999, within 1e-10",reported
switch A1,E5,is2,nbhd,nbhd adjust.*=1.1,land.mach=0.8@dated,"E5: a pooled pop ends at a*, within 1e-10 relative",0.396772523327664,0.3967725,reported,0.39677252332766555,"|a/a* - 1| 3.917e-15 at tick 29999, within 1e-10",reported
switch A1,E5,is2,nbhd,nbhd adjust.*=1.1,land.mach=0.8@genesis,"E5: a pooled pop ends at a*, within 1e-10 relative",0.396772523327664,0.3967725,reported,0.3967725233276651,"|a/a* - 1| 2.798e-15 at tick 23999, within 1e-10",reported
switch A1,E5,is2,nbhd,nbhd adjust.*=1.1,p[goods]*0.5,"E5: a pooled pop ends at a*, within 1e-10 relative",0.39142810838832925,0.3914281,reported,0.39142810838833086,"|a/a* - 1| 4.113e-15 at tick 23999, within 1e-10",reported
switch A1,E5,is2,nbhd,nbhd adjust.*=1.1,p[goods]*2,"E5: a pooled pop ends at a*, within 1e-10 relative",0.39142810838832925,0.3914281,reported,0.39142810838832964,"|a/a* - 1| 9.927e-16 at tick 23999, within 1e-10",reported
switch A1,E5,is2,nbhd,nbhd adjust.*=1.1,p[labour.master]*0.5,"E5: a pooled pop ends at a*, within 1e-10 relative",0.39142810838832925,0.3914281,reported,0.3914281083883298,"|a/a* - 1| 1.418e-15 at tick 23999, within 1e-10",reported
switch A1,E5,is2,nbhd,nbhd adjust.*=1.1,p[labour.master]*2,"E5: a pooled pop ends at a*, within 1e-10 relative",0.39142810838832925,0.3914281,reported,0.3914281083883291,"|a/a* - 1| 4.255e-16 at tick 23999, within 1e-10",reported
switch A1,E5,is2,nbhd,nbhd adjust.*=1.1,p[labour.trained]*0.5,"E5: a pooled pop ends at a*, within 1e-10 relative",0.39142810838832925,0.3914281,reported,0.3914281083883304,"|a/a* - 1| 2.978e-15 at tick 23999, within 1e-10",reported
switch A1,E5,is2,nbhd,nbhd adjust.*=1.1,p[labour.trained]*2,"E5: a pooled pop ends at a*, within 1e-10 relative",0.39142810838832925,0.3914281,reported,0.39142810838833014,"|a/a* - 1| 2.269e-15 at tick 23999, within 1e-10",reported
switch A1,E5,is2,nbhd,nbhd adjust.*=1.1,p[labour]*0.5,"E5: a pooled pop ends at a*, within 1e-10 relative",0.39142810838832925,0.3914281,reported,0.39142810838833075,"|a/a* - 1| 3.829e-15 at tick 23999, within 1e-10",reported
switch A1,E5,is2,nbhd,nbhd adjust.*=1.1,p[labour]*2,"E5: a pooled pop ends at a*, within 1e-10 relative",0.39142810838832925,0.3914281,reported,0.39142810838833053,"|a/a* - 1| 3.262e-15 at tick 23999, within 1e-10",reported
switch A1,E5,is2,nbhd,nbhd adjust.*=1.1,p[land]*0.5,"E5: a pooled pop ends at a*, within 1e-10 relative",0.39142810838832925,0.3914281,reported,0.3914281083883306,"|a/a* - 1| 3.404e-15 at tick 23999, within 1e-10",reported
switch A1,E5,is2,nbhd,nbhd adjust.*=1.1,p[land]*2,"E5: a pooled pop ends at a*, within 1e-10 relative",0.39142810838832925,0.3914281,reported,0.3914281083883306,"|a/a* - 1| 3.404e-15 at tick 23999, within 1e-10",reported
switch A1,E5,is2,nbhd,nbhd adjust.*=1.1,p[mach]*0.5,"E5: a pooled pop ends at a*, within 1e-10 relative",0.39142810838832925,0.3914281,reported,0.3914281083883308,"|a/a* - 1| 3.971e-15 at tick 23999, within 1e-10",reported
switch A1,E5,is2,nbhd,nbhd adjust.*=1.1,p[mach]*2,"E5: a pooled pop ends at a*, within 1e-10 relative",0.39142810838832925,0.3914281,reported,0.3914281083883297,"|a/a* - 1| 1.135e-15 at tick 23999, within 1e-10",reported
switch A1,E5,is2,nbhd,nbhd adjust.*=1.1,p[services]*0.5,"E5: a pooled pop ends at a*, within 1e-10 relative",0.39142810838832925,0.3914281,reported,0.3914281083883306,"|a/a* - 1| 3.404e-15 at tick 23999, within 1e-10",reported
switch A1,E5,is2,nbhd,nbhd adjust.*=1.1,p[services]*2,"E5: a pooled pop ends at a*, within 1e-10 relative",0.39142810838832925,0.3914281,reported,0.3914281083883303,"|a/a* - 1| 2.695e-15 at tick 23999, within 1e-10",reported
switch A1,E5,is2,nbhd,nbhd adjust.*=1.1,res.services.trained=0.01@dated,"E5: a pooled pop ends at a*, within 1e-10 relative",0.667169987202366,0.66717,reported,0.6671699872023662,"|a/a* - 1| 3.328e-16 at tick 29999, within 1e-10",reported
switch A1,E5,is2,nbhd,nbhd adjust.*=1.1,res.services.trained=0.01@genesis,"E5: a pooled pop ends at a*, within 1e-10 relative",0.667169987202366,0.66717,reported,0.6671699872023666,"|a/a* - 1| 9.984e-16 at tick 23999, within 1e-10",reported
switch A1,E5,is2,nbhd,nbhd adjust.*=1.1,s[goods]=0.5,"E5: a pooled pop ends at a*, within 1e-10 relative",0.39142810838832925,0.3914281,reported,0.3914281083883304,"|a/a* - 1| 2.978e-15 at tick 23999, within 1e-10",reported
switch A1,E5,is2,nbhd,nbhd adjust.*=1.1,s[services]=0.5,"E5: a pooled pop ends at a*, within 1e-10 relative",0.39142810838832925,0.3914281,reported,0.3914281083883306,"|a/a* - 1| 3.404e-15 at tick 23999, within 1e-10",reported
switch A1,E5,is2,nbhd,nbhd adjust.*=1.1,sw[master]=0.5,"E5: a pooled pop ends at a*, within 1e-10 relative",0.39142810838832925,0.3914281,reported,0.3914281083883305,"|a/a* - 1| 3.120e-15 at tick 23999, within 1e-10",reported
switch A1,E5,is2,nbhd,nbhd adjust.*=1.1,sw[trained]=0.5,"E5: a pooled pop ends at a*, within 1e-10 relative",0.39142810838832925,0.3914281,reported,0.3914281083883308,"|a/a* - 1| 3.971e-15 at tick 23999, within 1e-10",reported
switch A1,E5,is2,nbhd,nbhd adjust.*=1.1,tail.services=0.05@dated,"E5: a pooled pop ends at a*, within 1e-10 relative",0.14475154970860177,0.1447515,reported,0.1447515497086012,"|a/a* - 1| 3.835e-15 at tick 29999, within 1e-10",reported
switch A1,E5,is2,nbhd,nbhd adjust.*=1.1,tail.services=0.05@genesis,"E5: a pooled pop ends at a*, within 1e-10 relative",0.14475154970860177,0.1447515,reported,0.14475154970860224,"|a/a* - 1| 3.260e-15 at tick 23999, within 1e-10",reported
switch A1,E5,is2,nbhd,nbhd adjust.*=1.1,tail.services=0.2@dated,"E5: a pooled pop ends at a*, within 1e-10 relative",0.6091995878176161,0.6091996,reported,0.6091995878176164,"|a/a* - 1| 5.467e-16 at tick 29999, within 1e-10",reported
switch A1,E5,is2,nbhd,nbhd adjust.*=1.1,tail.services=0.2@genesis,"E5: a pooled pop ends at a*, within 1e-10 relative",0.6091995878176161,0.6091996,reported,0.6091995878176162,"|a/a* - 1| 1.822e-16 at tick 23999, within 1e-10",reported
switch A1,E5,is2,nbhd,nbhd adjust.*=1.1,x*/2,"E5: a pooled pop ends at a*, within 1e-10 relative",0.39142810838832925,0.3914281,reported,0.3914281083883306,"|a/a* - 1| 3.404e-15 at tick 23999, within 1e-10",reported
switch A1,E5,is2,nbhd,nbhd adjust.*=1.25,JA(0.5),"E5: a pooled pop ends at a*, within 1e-10 relative",0.39142810838832925,0.3914281,reported,0.39142810838833053,"|a/a* - 1| 3.262e-15 at tick 23999, within 1e-10",reported
switch A1,E5,is2,nbhd,nbhd adjust.*=1.25,JA(2),"E5: a pooled pop ends at a*, within 1e-10 relative",0.39142810838832925,0.3914281,reported,0.3914281083883292,"|a/a* - 1| 1.418e-16 at tick 23999, within 1e-10",reported
switch A1,E5,is2,nbhd,nbhd adjust.*=1.25,JB(0.5),"E5: a pooled pop ends at a*, within 1e-10 relative",0.39142810838832925,0.3914281,reported,0.39142810838832987,"|a/a* - 1| 1.560e-15 at tick 23999, within 1e-10",reported
switch A1,E5,is2,nbhd,nbhd adjust.*=1.25,JB(2),"E5: a pooled pop ends at a*, within 1e-10 relative",0.39142810838832925,0.3914281,reported,0.39142810838833014,"|a/a* - 1| 2.269e-15 at tick 23999, within 1e-10",reported
switch A1,E5,is2,nbhd,nbhd adjust.*=1.25,N(0.5),"E5: a pooled pop ends at a*, within 1e-10 relative",0.39142810838832925,0.3914281,reported,0.39142810838833075,"|a/a* - 1| 3.829e-15 at tick 23999, within 1e-10",reported
switch A1,E5,is2,nbhd,nbhd adjust.*=1.25,N(2),"E5: a pooled pop ends at a*, within 1e-10 relative",0.39142810838832925,0.3914281,reported,0.39142810838832937,"|a/a* - 1| 2.836e-16 at tick 23999, within 1e-10",reported
switch A1,E5,is2,nbhd,nbhd adjust.*=1.25,RC(0.5),"E5: a pooled pop ends at a*, within 1e-10 relative",0.39142810838832925,0.3914281,reported,0.3914281083883295,"|a/a* - 1| 5.673e-16 at tick 23999, within 1e-10",reported
switch A1,E5,is2,nbhd,nbhd adjust.*=1.25,RC(2),"E5: a pooled pop ends at a*, within 1e-10 relative",0.39142810838832925,0.3914281,reported,0.39142810838833053,"|a/a* - 1| 3.262e-15 at tick 23999, within 1e-10",reported
switch A1,E5,is2,nbhd,nbhd adjust.*=1.25,RW(0.5),"E5: a pooled pop ends at a*, within 1e-10 relative",0.39142810838832925,0.3914281,reported,0.39142810838832937,"|a/a* - 1| 2.836e-16 at tick 23999, within 1e-10",reported
switch A1,E5,is2,nbhd,nbhd adjust.*=1.25,RW(2),"E5: a pooled pop ends at a*, within 1e-10 relative",0.39142810838832925,0.3914281,reported,0.3914281083883306,"|a/a* - 1| 3.404e-15 at tick 23999, within 1e-10",reported
switch A1,E5,is2,nbhd,nbhd adjust.*=1.25,land.mach=0.2@dated,"E5: a pooled pop ends at a*, within 1e-10 relative",0.387846294928211,0.3878463,reported,0.38784629492821154,"|a/a* - 1| 1.431e-15 at tick 29999, within 1e-10",reported
switch A1,E5,is2,nbhd,nbhd adjust.*=1.25,land.mach=0.2@genesis,"E5: a pooled pop ends at a*, within 1e-10 relative",0.387846294928211,0.3878463,reported,0.3878462949282098,"|a/a* - 1| 3.006e-15 at tick 23999, within 1e-10",reported
switch A1,E5,is2,nbhd,nbhd adjust.*=1.25,land.mach=0.8@dated,"E5: a pooled pop ends at a*, within 1e-10 relative",0.396772523327664,0.3967725,reported,0.39677252332766455,"|a/a* - 1| 1.399e-15 at tick 29999, within 1e-10",reported
switch A1,E5,is2,nbhd,nbhd adjust.*=1.25,land.mach=0.8@genesis,"E5: a pooled pop ends at a*, within 1e-10 relative",0.396772523327664,0.3967725,reported,0.3967725233276648,"|a/a* - 1| 1.959e-15 at tick 23999, within 1e-10",reported
switch A1,E5,is2,nbhd,nbhd adjust.*=1.25,p[goods]*0.5,"E5: a pooled pop ends at a*, within 1e-10 relative",0.39142810838832925,0.3914281,reported,0.39142810838833086,"|a/a* - 1| 4.113e-15 at tick 23999, within 1e-10",reported
switch A1,E5,is2,nbhd,nbhd adjust.*=1.25,p[goods]*2,"E5: a pooled pop ends at a*, within 1e-10 relative",0.39142810838832925,0.3914281,reported,0.39142810838832964,"|a/a* - 1| 9.927e-16 at tick 23999, within 1e-10",reported
switch A1,E5,is2,nbhd,nbhd adjust.*=1.25,p[labour.master]*0.5,"E5: a pooled pop ends at a*, within 1e-10 relative",0.39142810838832925,0.3914281,reported,0.3914281083883298,"|a/a* - 1| 1.418e-15 at tick 23999, within 1e-10",reported
switch A1,E5,is2,nbhd,nbhd adjust.*=1.25,p[labour.master]*2,"E5: a pooled pop ends at a*, within 1e-10 relative",0.39142810838832925,0.3914281,reported,0.3914281083883291,"|a/a* - 1| 4.255e-16 at tick 23999, within 1e-10",reported
switch A1,E5,is2,nbhd,nbhd adjust.*=1.25,p[labour.trained]*0.5,"E5: a pooled pop ends at a*, within 1e-10 relative",0.39142810838832925,0.3914281,reported,0.3914281083883304,"|a/a* - 1| 2.978e-15 at tick 23999, within 1e-10",reported
switch A1,E5,is2,nbhd,nbhd adjust.*=1.25,p[labour.trained]*2,"E5: a pooled pop ends at a*, within 1e-10 relative",0.39142810838832925,0.3914281,reported,0.39142810838833014,"|a/a* - 1| 2.269e-15 at tick 23999, within 1e-10",reported
switch A1,E5,is2,nbhd,nbhd adjust.*=1.25,p[labour]*0.5,"E5: a pooled pop ends at a*, within 1e-10 relative",0.39142810838832925,0.3914281,reported,0.39142810838833075,"|a/a* - 1| 3.829e-15 at tick 23999, within 1e-10",reported
switch A1,E5,is2,nbhd,nbhd adjust.*=1.25,p[labour]*2,"E5: a pooled pop ends at a*, within 1e-10 relative",0.39142810838832925,0.3914281,reported,0.39142810838833053,"|a/a* - 1| 3.262e-15 at tick 23999, within 1e-10",reported
switch A1,E5,is2,nbhd,nbhd adjust.*=1.25,p[land]*0.5,"E5: a pooled pop ends at a*, within 1e-10 relative",0.39142810838832925,0.3914281,reported,0.3914281083883306,"|a/a* - 1| 3.404e-15 at tick 23999, within 1e-10",reported
switch A1,E5,is2,nbhd,nbhd adjust.*=1.25,p[land]*2,"E5: a pooled pop ends at a*, within 1e-10 relative",0.39142810838832925,0.3914281,reported,0.3914281083883306,"|a/a* - 1| 3.404e-15 at tick 23999, within 1e-10",reported
switch A1,E5,is2,nbhd,nbhd adjust.*=1.25,p[mach]*0.5,"E5: a pooled pop ends at a*, within 1e-10 relative",0.39142810838832925,0.3914281,reported,0.3914281083883308,"|a/a* - 1| 3.971e-15 at tick 23999, within 1e-10",reported
switch A1,E5,is2,nbhd,nbhd adjust.*=1.25,p[mach]*2,"E5: a pooled pop ends at a*, within 1e-10 relative",0.39142810838832925,0.3914281,reported,0.39142810838833,"|a/a* - 1| 1.844e-15 at tick 23999, within 1e-10",reported
switch A1,E5,is2,nbhd,nbhd adjust.*=1.25,p[services]*0.5,"E5: a pooled pop ends at a*, within 1e-10 relative",0.39142810838832925,0.3914281,reported,0.3914281083883306,"|a/a* - 1| 3.404e-15 at tick 23999, within 1e-10",reported
switch A1,E5,is2,nbhd,nbhd adjust.*=1.25,p[services]*2,"E5: a pooled pop ends at a*, within 1e-10 relative",0.39142810838832925,0.3914281,reported,0.3914281083883303,"|a/a* - 1| 2.695e-15 at tick 23999, within 1e-10",reported
switch A1,E5,is2,nbhd,nbhd adjust.*=1.25,res.services.trained=0.01@dated,"E5: a pooled pop ends at a*, within 1e-10 relative",0.667169987202366,0.66717,reported,0.6671699872023662,"|a/a* - 1| 3.328e-16 at tick 29999, within 1e-10",reported
switch A1,E5,is2,nbhd,nbhd adjust.*=1.25,res.services.trained=0.01@genesis,"E5: a pooled pop ends at a*, within 1e-10 relative",0.667169987202366,0.66717,reported,0.6671699872023666,"|a/a* - 1| 9.984e-16 at tick 23999, within 1e-10",reported
switch A1,E5,is2,nbhd,nbhd adjust.*=1.25,s[goods]=0.5,"E5: a pooled pop ends at a*, within 1e-10 relative",0.39142810838832925,0.3914281,reported,0.39142810838833075,"|a/a* - 1| 3.829e-15 at tick 23999, within 1e-10",reported
switch A1,E5,is2,nbhd,nbhd adjust.*=1.25,s[services]=0.5,"E5: a pooled pop ends at a*, within 1e-10 relative",0.39142810838832925,0.3914281,reported,0.39142810838832903,"|a/a* - 1| 5.673e-16 at tick 23999, within 1e-10",reported
switch A1,E5,is2,nbhd,nbhd adjust.*=1.25,sw[master]=0.5,"E5: a pooled pop ends at a*, within 1e-10 relative",0.39142810838832925,0.3914281,reported,0.3914281083883305,"|a/a* - 1| 3.120e-15 at tick 23999, within 1e-10",reported
switch A1,E5,is2,nbhd,nbhd adjust.*=1.25,sw[trained]=0.5,"E5: a pooled pop ends at a*, within 1e-10 relative",0.39142810838832925,0.3914281,reported,0.3914281083883308,"|a/a* - 1| 3.971e-15 at tick 23999, within 1e-10",reported
switch A1,E5,is2,nbhd,nbhd adjust.*=1.25,tail.services=0.05@dated,"E5: a pooled pop ends at a*, within 1e-10 relative",0.14475154970860177,0.1447515,reported,0.1447515497086012,"|a/a* - 1| 3.835e-15 at tick 29999, within 1e-10",reported
switch A1,E5,is2,nbhd,nbhd adjust.*=1.25,tail.services=0.05@genesis,"E5: a pooled pop ends at a*, within 1e-10 relative",0.14475154970860177,0.1447515,reported,0.14475154970860224,"|a/a* - 1| 3.260e-15 at tick 23999, within 1e-10",reported
switch A1,E5,is2,nbhd,nbhd adjust.*=1.25,tail.services=0.2@dated,"E5: a pooled pop ends at a*, within 1e-10 relative",0.6091995878176161,0.6091996,reported,0.6091995878176164,"|a/a* - 1| 5.467e-16 at tick 29999, within 1e-10",reported
switch A1,E5,is2,nbhd,nbhd adjust.*=1.25,tail.services=0.2@genesis,"E5: a pooled pop ends at a*, within 1e-10 relative",0.6091995878176161,0.6091996,reported,0.6091995878176162,"|a/a* - 1| 1.822e-16 at tick 23999, within 1e-10",reported
switch A1,E5,is2,nbhd,nbhd adjust.*=1.25,x*/2,"E5: a pooled pop ends at a*, within 1e-10 relative",0.39142810838832925,0.3914281,reported,0.3914281083883306,"|a/a* - 1| 3.404e-15 at tick 23999, within 1e-10",reported
switch A1,E5,is2,nbhd,nbhd buffer.*=0.75,JA(0.5),"E5: a pooled pop ends at a*, within 1e-10 relative",0.39142810838832925,0.3914281,reported,0.3914281083883293,"|a/a* - 1| 1.418e-16 at tick 23999, within 1e-10",reported
switch A1,E5,is2,nbhd,nbhd buffer.*=0.75,JA(2),"E5: a pooled pop ends at a*, within 1e-10 relative",0.39142810838832925,0.3914281,reported,0.39142810838833103,"|a/a* - 1| 4.538e-15 at tick 23999, within 1e-10",reported
switch A1,E5,is2,nbhd,nbhd buffer.*=0.75,JB(0.5),"E5: a pooled pop ends at a*, within 1e-10 relative",0.39142810838832925,0.3914281,reported,0.39142810838832903,"|a/a* - 1| 5.673e-16 at tick 23999, within 1e-10",reported
switch A1,E5,is2,nbhd,nbhd buffer.*=0.75,JB(2),"E5: a pooled pop ends at a*, within 1e-10 relative",0.39142810838832925,0.3914281,reported,0.3914281083883292,"|a/a* - 1| 1.418e-16 at tick 23999, within 1e-10",reported
switch A1,E5,is2,nbhd,nbhd buffer.*=0.75,N(0.5),"E5: a pooled pop ends at a*, within 1e-10 relative",0.39142810838832925,0.3914281,reported,0.39142810838833025,"|a/a* - 1| 2.553e-15 at tick 23999, within 1e-10",reported
switch A1,E5,is2,nbhd,nbhd buffer.*=0.75,N(2),"E5: a pooled pop ends at a*, within 1e-10 relative",0.39142810838832925,0.3914281,reported,0.3914281083883291,"|a/a* - 1| 4.255e-16 at tick 23999, within 1e-10",reported
switch A1,E5,is2,nbhd,nbhd buffer.*=0.75,RC(0.5),"E5: a pooled pop ends at a*, within 1e-10 relative",0.39142810838832925,0.3914281,reported,0.39142810838833086,"|a/a* - 1| 4.113e-15 at tick 23999, within 1e-10",reported
switch A1,E5,is2,nbhd,nbhd buffer.*=0.75,RC(2),"E5: a pooled pop ends at a*, within 1e-10 relative",0.39142810838832925,0.3914281,reported,0.3914281083883296,"|a/a* - 1| 8.509e-16 at tick 23999, within 1e-10",reported
switch A1,E5,is2,nbhd,nbhd buffer.*=0.75,RW(0.5),"E5: a pooled pop ends at a*, within 1e-10 relative",0.39142810838832925,0.3914281,reported,0.3914281083883303,"|a/a* - 1| 2.695e-15 at tick 23999, within 1e-10",reported
switch A1,E5,is2,nbhd,nbhd buffer.*=0.75,RW(2),"E5: a pooled pop ends at a*, within 1e-10 relative",0.39142810838832925,0.3914281,reported,0.39142810838832987,"|a/a* - 1| 1.560e-15 at tick 23999, within 1e-10",reported
switch A1,E5,is2,nbhd,nbhd buffer.*=0.75,land.mach=0.2@dated,"E5: a pooled pop ends at a*, within 1e-10 relative",0.387846294928211,0.3878463,reported,0.3878462949282112,"|a/a* - 1| 5.725e-16 at tick 29999, within 1e-10",reported
switch A1,E5,is2,nbhd,nbhd buffer.*=0.75,land.mach=0.2@genesis,"E5: a pooled pop ends at a*, within 1e-10 relative",0.387846294928211,0.3878463,reported,0.38784629492821077,"|a/a* - 1| 5.725e-16 at tick 23999, within 1e-10",reported
switch A1,E5,is2,nbhd,nbhd buffer.*=0.75,land.mach=0.8@dated,"E5: a pooled pop ends at a*, within 1e-10 relative",0.396772523327664,0.3967725,reported,0.39677252332766444,"|a/a* - 1| 1.119e-15 at tick 29999, within 1e-10",reported
switch A1,E5,is2,nbhd,nbhd buffer.*=0.75,land.mach=0.8@genesis,"E5: a pooled pop ends at a*, within 1e-10 relative",0.396772523327664,0.3967725,reported,0.39677252332766416,"|a/a* - 1| 4.197e-16 at tick 23999, within 1e-10",reported
switch A1,E5,is2,nbhd,nbhd buffer.*=0.75,p[goods]*0.5,"E5: a pooled pop ends at a*, within 1e-10 relative",0.39142810838832925,0.3914281,reported,0.3914281083883296,"|a/a* - 1| 8.509e-16 at tick 23999, within 1e-10",reported
switch A1,E5,is2,nbhd,nbhd buffer.*=0.75,p[goods]*2,"E5: a pooled pop ends at a*, within 1e-10 relative",0.39142810838832925,0.3914281,reported,0.3914281083883302,"|a/a* - 1| 2.411e-15 at tick 23999, within 1e-10",reported
switch A1,E5,is2,nbhd,nbhd buffer.*=0.75,p[labour.master]*0.5,"E5: a pooled pop ends at a*, within 1e-10 relative",0.39142810838832925,0.3914281,reported,0.39142810838833075,"|a/a* - 1| 3.829e-15 at tick 23999, within 1e-10",reported
switch A1,E5,is2,nbhd,nbhd buffer.*=0.75,p[labour.master]*2,"E5: a pooled pop ends at a*, within 1e-10 relative",0.39142810838832925,0.3914281,reported,0.3914281083883299,"|a/a* - 1| 1.702e-15 at tick 23999, within 1e-10",reported
switch A1,E5,is2,nbhd,nbhd buffer.*=0.75,p[labour.trained]*0.5,"E5: a pooled pop ends at a*, within 1e-10 relative",0.39142810838832925,0.3914281,reported,0.391428108388331,"|a/a* - 1| 4.396e-15 at tick 23999, within 1e-10",reported
switch A1,E5,is2,nbhd,nbhd buffer.*=0.75,p[labour.trained]*2,"E5: a pooled pop ends at a*, within 1e-10 relative",0.39142810838832925,0.3914281,reported,0.39142810838832903,"|a/a* - 1| 5.673e-16 at tick 23999, within 1e-10",reported
switch A1,E5,is2,nbhd,nbhd buffer.*=0.75,p[labour]*0.5,"E5: a pooled pop ends at a*, within 1e-10 relative",0.39142810838832925,0.3914281,reported,0.3914281083883308,"|a/a* - 1| 3.971e-15 at tick 23999, within 1e-10",reported
switch A1,E5,is2,nbhd,nbhd buffer.*=0.75,p[labour]*2,"E5: a pooled pop ends at a*, within 1e-10 relative",0.39142810838832925,0.3914281,reported,0.3914281083883308,"|a/a* - 1| 3.971e-15 at tick 23999, within 1e-10",reported
switch A1,E5,is2,nbhd,nbhd buffer.*=0.75,p[land]*0.5,"E5: a pooled pop ends at a*, within 1e-10 relative",0.39142810838832925,0.3914281,reported,0.3914281083883291,"|a/a* - 1| 4.255e-16 at tick 23999, within 1e-10",reported
switch A1,E5,is2,nbhd,nbhd buffer.*=0.75,p[land]*2,"E5: a pooled pop ends at a*, within 1e-10 relative",0.39142810838832925,0.3914281,reported,0.39142810838833014,"|a/a* - 1| 2.269e-15 at tick 23999, within 1e-10",reported
switch A1,E5,is2,nbhd,nbhd buffer.*=0.75,p[mach]*0.5,"E5: a pooled pop ends at a*, within 1e-10 relative",0.39142810838832925,0.3914281,reported,0.39142810838832903,"|a/a* - 1| 5.673e-16 at tick 23999, within 1e-10",reported
switch A1,E5,is2,nbhd,nbhd buffer.*=0.75,p[mach]*2,"E5: a pooled pop ends at a*, within 1e-10 relative",0.39142810838832925,0.3914281,reported,0.39142810838832987,"|a/a* - 1| 1.560e-15 at tick 23999, within 1e-10",reported
switch A1,E5,is2,nbhd,nbhd buffer.*=0.75,p[services]*0.5,"E5: a pooled pop ends at a*, within 1e-10 relative",0.39142810838832925,0.3914281,reported,0.3914281083883302,"|a/a* - 1| 2.411e-15 at tick 23999, within 1e-10",reported
switch A1,E5,is2,nbhd,nbhd buffer.*=0.75,p[services]*2,"E5: a pooled pop ends at a*, within 1e-10 relative",0.39142810838832925,0.3914281,reported,0.39142810838833036,"|a/a* - 1| 2.836e-15 at tick 23999, within 1e-10",reported
switch A1,E5,is2,nbhd,nbhd buffer.*=0.75,res.services.trained=0.01@dated,"E5: a pooled pop ends at a*, within 1e-10 relative",0.667169987202366,0.66717,reported,0.6671699872023662,"|a/a* - 1| 3.328e-16 at tick 29999, within 1e-10",reported
switch A1,E5,is2,nbhd,nbhd buffer.*=0.75,res.services.trained=0.01@genesis,"E5: a pooled pop ends at a*, within 1e-10 relative",0.667169987202366,0.66717,reported,0.6671699872023666,"|a/a* - 1| 9.984e-16 at tick 23999, within 1e-10",reported
switch A1,E5,is2,nbhd,nbhd buffer.*=0.75,s[goods]=0.5,"E5: a pooled pop ends at a*, within 1e-10 relative",0.39142810838832925,0.3914281,reported,0.3914281083883297,"|a/a* - 1| 1.135e-15 at tick 23999, within 1e-10",reported
switch A1,E5,is2,nbhd,nbhd buffer.*=0.75,s[services]=0.5,"E5: a pooled pop ends at a*, within 1e-10 relative",0.39142810838832925,0.3914281,reported,0.3914281083883302,"|a/a* - 1| 2.411e-15 at tick 23999, within 1e-10",reported
switch A1,E5,is2,nbhd,nbhd buffer.*=0.75,sw[master]=0.5,"E5: a pooled pop ends at a*, within 1e-10 relative",0.39142810838832925,0.3914281,reported,0.39142810838833003,"|a/a* - 1| 1.985e-15 at tick 23999, within 1e-10",reported
switch A1,E5,is2,nbhd,nbhd buffer.*=0.75,sw[trained]=0.5,"E5: a pooled pop ends at a*, within 1e-10 relative",0.39142810838832925,0.3914281,reported,0.39142810838832953,"|a/a* - 1| 7.091e-16 at tick 23999, within 1e-10",reported
switch A1,E5,is2,nbhd,nbhd buffer.*=0.75,tail.services=0.05@dated,"E5: a pooled pop ends at a*, within 1e-10 relative",0.14475154970860177,0.1447515,reported,0.14475154970860335,"|a/a* - 1| 1.093e-14 at tick 29999, within 1e-10",reported
switch A1,E5,is2,nbhd,nbhd buffer.*=0.75,tail.services=0.05@genesis,"E5: a pooled pop ends at a*, within 1e-10 relative",0.14475154970860177,0.1447515,reported,0.1447515497086039,"|a/a* - 1| 1.476e-14 at tick 23999, within 1e-10",reported
switch A1,E5,is2,nbhd,nbhd buffer.*=0.75,tail.services=0.2@dated,"E5: a pooled pop ends at a*, within 1e-10 relative",0.6091995878176161,0.6091996,reported,0.6091995878176162,"|a/a* - 1| 1.822e-16 at tick 29999, within 1e-10",reported
switch A1,E5,is2,nbhd,nbhd buffer.*=0.75,tail.services=0.2@genesis,"E5: a pooled pop ends at a*, within 1e-10 relative",0.6091995878176161,0.6091996,reported,0.6091995878176161,"|a/a* - 1| 0.000e+00 at tick 23999, within 1e-10",reported
switch A1,E5,is2,nbhd,nbhd buffer.*=0.75,x*/2,"E5: a pooled pop ends at a*, within 1e-10 relative",0.39142810838832925,0.3914281,reported,0.39142810838833053,"|a/a* - 1| 3.262e-15 at tick 23999, within 1e-10",reported
switch A1,E5,is2,nbhd,nbhd buffer.*=0.9,JA(0.5),"E5: a pooled pop ends at a*, within 1e-10 relative",0.39142810838832925,0.3914281,reported,0.39142810838833003,"|a/a* - 1| 1.985e-15 at tick 23999, within 1e-10",reported
switch A1,E5,is2,nbhd,nbhd buffer.*=0.9,JA(2),"E5: a pooled pop ends at a*, within 1e-10 relative",0.39142810838832925,0.3914281,reported,0.39142810838832975,"|a/a* - 1| 1.276e-15 at tick 23999, within 1e-10",reported
switch A1,E5,is2,nbhd,nbhd buffer.*=0.9,JB(0.5),"E5: a pooled pop ends at a*, within 1e-10 relative",0.39142810838832925,0.3914281,reported,0.3914281083883287,"|a/a* - 1| 1.418e-15 at tick 23999, within 1e-10",reported
switch A1,E5,is2,nbhd,nbhd buffer.*=0.9,JB(2),"E5: a pooled pop ends at a*, within 1e-10 relative",0.39142810838832925,0.3914281,reported,0.39142810838833053,"|a/a* - 1| 3.262e-15 at tick 23999, within 1e-10",reported
switch A1,E5,is2,nbhd,nbhd buffer.*=0.9,N(0.5),"E5: a pooled pop ends at a*, within 1e-10 relative",0.39142810838832925,0.3914281,reported,0.39142810838832864,"|a/a* - 1| 1.560e-15 at tick 23999, within 1e-10",reported
switch A1,E5,is2,nbhd,nbhd buffer.*=0.9,N(2),"E5: a pooled pop ends at a*, within 1e-10 relative",0.39142810838832925,0.3914281,reported,0.3914281083883285,"|a/a* - 1| 1.985e-15 at tick 23999, within 1e-10",reported
switch A1,E5,is2,nbhd,nbhd buffer.*=0.9,RC(0.5),"E5: a pooled pop ends at a*, within 1e-10 relative",0.39142810838832925,0.3914281,reported,0.39142810838833103,"|a/a* - 1| 4.538e-15 at tick 23999, within 1e-10",reported
switch A1,E5,is2,nbhd,nbhd buffer.*=0.9,RC(2),"E5: a pooled pop ends at a*, within 1e-10 relative",0.39142810838832925,0.3914281,reported,0.39142810838832814,"|a/a* - 1| 2.836e-15 at tick 23999, within 1e-10",reported
switch A1,E5,is2,nbhd,nbhd buffer.*=0.9,RW(0.5),"E5: a pooled pop ends at a*, within 1e-10 relative",0.39142810838832925,0.3914281,reported,0.3914281083883301,"|a/a* - 1| 2.127e-15 at tick 23999, within 1e-10",reported
switch A1,E5,is2,nbhd,nbhd buffer.*=0.9,RW(2),"E5: a pooled pop ends at a*, within 1e-10 relative",0.39142810838832925,0.3914281,reported,0.39142810838832953,"|a/a* - 1| 7.091e-16 at tick 23999, within 1e-10",reported
switch A1,E5,is2,nbhd,nbhd buffer.*=0.9,land.mach=0.2@dated,"E5: a pooled pop ends at a*, within 1e-10 relative",0.387846294928211,0.3878463,reported,0.3878462949282114,"|a/a* - 1| 1.002e-15 at tick 29999, within 1e-10",reported
switch A1,E5,is2,nbhd,nbhd buffer.*=0.9,land.mach=0.2@genesis,"E5: a pooled pop ends at a*, within 1e-10 relative",0.387846294928211,0.3878463,reported,0.3878462949282124,"|a/a* - 1| 3.578e-15 at tick 23999, within 1e-10",reported
switch A1,E5,is2,nbhd,nbhd buffer.*=0.9,land.mach=0.8@dated,"E5: a pooled pop ends at a*, within 1e-10 relative",0.396772523327664,0.3967725,reported,0.39677252332766466,"|a/a* - 1| 1.679e-15 at tick 29999, within 1e-10",reported
switch A1,E5,is2,nbhd,nbhd buffer.*=0.9,land.mach=0.8@genesis,"E5: a pooled pop ends at a*, within 1e-10 relative",0.396772523327664,0.3967725,reported,0.3967725233276655,"|a/a* - 1| 3.777e-15 at tick 23999, within 1e-10",reported
switch A1,E5,is2,nbhd,nbhd buffer.*=0.9,p[goods]*0.5,"E5: a pooled pop ends at a*, within 1e-10 relative",0.39142810838832925,0.3914281,reported,0.3914281083883298,"|a/a* - 1| 1.418e-15 at tick 23999, within 1e-10",reported
switch A1,E5,is2,nbhd,nbhd buffer.*=0.9,p[goods]*2,"E5: a pooled pop ends at a*, within 1e-10 relative",0.39142810838832925,0.3914281,reported,0.3914281083883304,"|a/a* - 1| 2.978e-15 at tick 23999, within 1e-10",reported
switch A1,E5,is2,nbhd,nbhd buffer.*=0.9,p[labour.master]*0.5,"E5: a pooled pop ends at a*, within 1e-10 relative",0.39142810838832925,0.3914281,reported,0.3914281083883288,"|a/a* - 1| 1.135e-15 at tick 23999, within 1e-10",reported
switch A1,E5,is2,nbhd,nbhd buffer.*=0.9,p[labour.master]*2,"E5: a pooled pop ends at a*, within 1e-10 relative",0.39142810838832925,0.3914281,reported,0.3914281083883294,"|a/a* - 1| 4.255e-16 at tick 23999, within 1e-10",reported
switch A1,E5,is2,nbhd,nbhd buffer.*=0.9,p[labour.trained]*0.5,"E5: a pooled pop ends at a*, within 1e-10 relative",0.39142810838832925,0.3914281,reported,0.3914281083883305,"|a/a* - 1| 3.120e-15 at tick 23999, within 1e-10",reported
switch A1,E5,is2,nbhd,nbhd buffer.*=0.9,p[labour.trained]*2,"E5: a pooled pop ends at a*, within 1e-10 relative",0.39142810838832925,0.3914281,reported,0.3914281083883295,"|a/a* - 1| 5.673e-16 at tick 23999, within 1e-10",reported
switch A1,E5,is2,nbhd,nbhd buffer.*=0.9,p[labour]*0.5,"E5: a pooled pop ends at a*, within 1e-10 relative",0.39142810838832925,0.3914281,reported,0.39142810838833053,"|a/a* - 1| 3.262e-15 at tick 23999, within 1e-10",reported
switch A1,E5,is2,nbhd,nbhd buffer.*=0.9,p[labour]*2,"E5: a pooled pop ends at a*, within 1e-10 relative",0.39142810838832925,0.3914281,reported,0.3914281083883294,"|a/a* - 1| 4.255e-16 at tick 23999, within 1e-10",reported
switch A1,E5,is2,nbhd,nbhd buffer.*=0.9,p[land]*0.5,"E5: a pooled pop ends at a*, within 1e-10 relative",0.39142810838832925,0.3914281,reported,0.3914281083883288,"|a/a* - 1| 1.135e-15 at tick 23999, within 1e-10",reported
switch A1,E5,is2,nbhd,nbhd buffer.*=0.9,p[land]*2,"E5: a pooled pop ends at a*, within 1e-10 relative",0.39142810838832925,0.3914281,reported,0.39142810838832964,"|a/a* - 1| 9.927e-16 at tick 23999, within 1e-10",reported
switch A1,E5,is2,nbhd,nbhd buffer.*=0.9,p[mach]*0.5,"E5: a pooled pop ends at a*, within 1e-10 relative",0.39142810838832925,0.3914281,reported,0.39142810838833,"|a/a* - 1| 1.844e-15 at tick 23999, within 1e-10",reported
switch A1,E5,is2,nbhd,nbhd buffer.*=0.9,p[mach]*2,"E5: a pooled pop ends at a*, within 1e-10 relative",0.39142810838832925,0.3914281,reported,0.39142810838832914,"|a/a* - 1| 2.836e-16 at tick 23999, within 1e-10",reported
switch A1,E5,is2,nbhd,nbhd buffer.*=0.9,p[services]*0.5,"E5: a pooled pop ends at a*, within 1e-10 relative",0.39142810838832925,0.3914281,reported,0.39142810838832987,"|a/a* - 1| 1.560e-15 at tick 23999, within 1e-10",reported
switch A1,E5,is2,nbhd,nbhd buffer.*=0.9,p[services]*2,"E5: a pooled pop ends at a*, within 1e-10 relative",0.39142810838832925,0.3914281,reported,0.39142810838833014,"|a/a* - 1| 2.269e-15 at tick 23999, within 1e-10",reported
switch A1,E5,is2,nbhd,nbhd buffer.*=0.9,res.services.trained=0.01@dated,"E5: a pooled pop ends at a*, within 1e-10 relative",0.667169987202366,0.66717,reported,0.667169987202366,"|a/a* - 1| 0.000e+00 at tick 29999, within 1e-10",reported
switch A1,E5,is2,nbhd,nbhd buffer.*=0.9,res.services.trained=0.01@genesis,"E5: a pooled pop ends at a*, within 1e-10 relative",0.667169987202366,0.66717,reported,0.6671699872023658,"|a/a* - 1| 3.328e-16 at tick 23999, within 1e-10",reported
switch A1,E5,is2,nbhd,nbhd buffer.*=0.9,s[goods]=0.5,"E5: a pooled pop ends at a*, within 1e-10 relative",0.39142810838832925,0.3914281,reported,0.39142810838833075,"|a/a* - 1| 3.829e-15 at tick 23999, within 1e-10",reported
switch A1,E5,is2,nbhd,nbhd buffer.*=0.9,s[services]=0.5,"E5: a pooled pop ends at a*, within 1e-10 relative",0.39142810838832925,0.3914281,reported,0.3914281083883285,"|a/a* - 1| 1.985e-15 at tick 23999, within 1e-10",reported
switch A1,E5,is2,nbhd,nbhd buffer.*=0.9,sw[master]=0.5,"E5: a pooled pop ends at a*, within 1e-10 relative",0.39142810838832925,0.3914281,reported,0.3914281083883303,"|a/a* - 1| 2.695e-15 at tick 23999, within 1e-10",reported
switch A1,E5,is2,nbhd,nbhd buffer.*=0.9,sw[trained]=0.5,"E5: a pooled pop ends at a*, within 1e-10 relative",0.39142810838832925,0.3914281,reported,0.39142810838832975,"|a/a* - 1| 1.276e-15 at tick 23999, within 1e-10",reported
switch A1,E5,is2,nbhd,nbhd buffer.*=0.9,tail.services=0.05@dated,"E5: a pooled pop ends at a*, within 1e-10 relative",0.14475154970860177,0.1447515,reported,0.14475154970860313,"|a/a* - 1| 9.396e-15 at tick 29999, within 1e-10",reported
switch A1,E5,is2,nbhd,nbhd buffer.*=0.9,tail.services=0.05@genesis,"E5: a pooled pop ends at a*, within 1e-10 relative",0.14475154970860177,0.1447515,reported,0.14475154970860218,"|a/a* - 1| 2.876e-15 at tick 23999, within 1e-10",reported
switch A1,E5,is2,nbhd,nbhd buffer.*=0.9,tail.services=0.2@dated,"E5: a pooled pop ends at a*, within 1e-10 relative",0.6091995878176161,0.6091996,reported,0.609199587817616,"|a/a* - 1| 1.822e-16 at tick 29999, within 1e-10",reported
switch A1,E5,is2,nbhd,nbhd buffer.*=0.9,tail.services=0.2@genesis,"E5: a pooled pop ends at a*, within 1e-10 relative",0.6091995878176161,0.6091996,reported,0.6091995878176164,"|a/a* - 1| 5.467e-16 at tick 23999, within 1e-10",reported
switch A1,E5,is2,nbhd,nbhd buffer.*=0.9,x*/2,"E5: a pooled pop ends at a*, within 1e-10 relative",0.39142810838832925,0.3914281,reported,0.3914281083883296,"|a/a* - 1| 8.509e-16 at tick 23999, within 1e-10",reported
switch A1,E5,is2,nbhd,nbhd buffer.*=1.1,JA(0.5),"E5: a pooled pop ends at a*, within 1e-10 relative",0.39142810838832925,0.3914281,reported,0.3914281083883306,"|a/a* - 1| 3.404e-15 at tick 23999, within 1e-10",reported
switch A1,E5,is2,nbhd,nbhd buffer.*=1.1,JA(2),"E5: a pooled pop ends at a*, within 1e-10 relative",0.39142810838832925,0.3914281,reported,0.3914281083883294,"|a/a* - 1| 4.255e-16 at tick 23999, within 1e-10",reported
switch A1,E5,is2,nbhd,nbhd buffer.*=1.1,JB(0.5),"E5: a pooled pop ends at a*, within 1e-10 relative",0.39142810838832925,0.3914281,reported,0.3914281083883297,"|a/a* - 1| 1.135e-15 at tick 23999, within 1e-10",reported
switch A1,E5,is2,nbhd,nbhd buffer.*=1.1,JB(2),"E5: a pooled pop ends at a*, within 1e-10 relative",0.39142810838832925,0.3914281,reported,0.391428108388329,"|a/a* - 1| 7.091e-16 at tick 23999, within 1e-10",reported
switch A1,E5,is2,nbhd,nbhd buffer.*=1.1,N(0.5),"E5: a pooled pop ends at a*, within 1e-10 relative",0.39142810838832925,0.3914281,reported,0.39142810838832964,"|a/a* - 1| 9.927e-16 at tick 23999, within 1e-10",reported
switch A1,E5,is2,nbhd,nbhd buffer.*=1.1,N(2),"E5: a pooled pop ends at a*, within 1e-10 relative",0.39142810838832925,0.3914281,reported,0.39142810838833036,"|a/a* - 1| 2.836e-15 at tick 23999, within 1e-10",reported
switch A1,E5,is2,nbhd,nbhd buffer.*=1.1,RC(0.5),"E5: a pooled pop ends at a*, within 1e-10 relative",0.39142810838832925,0.3914281,reported,0.3914281083883307,"|a/a* - 1| 3.687e-15 at tick 23999, within 1e-10",reported
switch A1,E5,is2,nbhd,nbhd buffer.*=1.1,RC(2),"E5: a pooled pop ends at a*, within 1e-10 relative",0.39142810838832925,0.3914281,reported,0.3914281083883296,"|a/a* - 1| 8.509e-16 at tick 23999, within 1e-10",reported
switch A1,E5,is2,nbhd,nbhd buffer.*=1.1,RW(0.5),"E5: a pooled pop ends at a*, within 1e-10 relative",0.39142810838832925,0.3914281,reported,0.39142810838832964,"|a/a* - 1| 9.927e-16 at tick 23999, within 1e-10",reported
switch A1,E5,is2,nbhd,nbhd buffer.*=1.1,RW(2),"E5: a pooled pop ends at a*, within 1e-10 relative",0.39142810838832925,0.3914281,reported,0.39142810838832975,"|a/a* - 1| 1.276e-15 at tick 23999, within 1e-10",reported
switch A1,E5,is2,nbhd,nbhd buffer.*=1.1,land.mach=0.2@dated,"E5: a pooled pop ends at a*, within 1e-10 relative",0.387846294928211,0.3878463,reported,0.38784629492821165,"|a/a* - 1| 1.718e-15 at tick 29999, within 1e-10",reported
switch A1,E5,is2,nbhd,nbhd buffer.*=1.1,land.mach=0.2@genesis,"E5: a pooled pop ends at a*, within 1e-10 relative",0.387846294928211,0.3878463,reported,0.38784629492821215,"|a/a* - 1| 3.006e-15 at tick 23999, within 1e-10",reported
switch A1,E5,is2,nbhd,nbhd buffer.*=1.1,land.mach=0.8@dated,"E5: a pooled pop ends at a*, within 1e-10 relative",0.396772523327664,0.3967725,reported,0.39677252332766433,"|a/a* - 1| 8.394e-16 at tick 29999, within 1e-10",reported
switch A1,E5,is2,nbhd,nbhd buffer.*=1.1,land.mach=0.8@genesis,"E5: a pooled pop ends at a*, within 1e-10 relative",0.396772523327664,0.3967725,reported,0.3967725233276644,"|a/a* - 1| 9.793e-16 at tick 23999, within 1e-10",reported
switch A1,E5,is2,nbhd,nbhd buffer.*=1.1,p[goods]*0.5,"E5: a pooled pop ends at a*, within 1e-10 relative",0.39142810838832925,0.3914281,reported,0.39142810838833025,"|a/a* - 1| 2.553e-15 at tick 23999, within 1e-10",reported
switch A1,E5,is2,nbhd,nbhd buffer.*=1.1,p[goods]*2,"E5: a pooled pop ends at a*, within 1e-10 relative",0.39142810838832925,0.3914281,reported,0.39142810838832975,"|a/a* - 1| 1.276e-15 at tick 23999, within 1e-10",reported
switch A1,E5,is2,nbhd,nbhd buffer.*=1.1,p[labour.master]*0.5,"E5: a pooled pop ends at a*, within 1e-10 relative",0.39142810838832925,0.3914281,reported,0.3914281083883299,"|a/a* - 1| 1.702e-15 at tick 23999, within 1e-10",reported
switch A1,E5,is2,nbhd,nbhd buffer.*=1.1,p[labour.master]*2,"E5: a pooled pop ends at a*, within 1e-10 relative",0.39142810838832925,0.3914281,reported,0.3914281083883306,"|a/a* - 1| 3.404e-15 at tick 23999, within 1e-10",reported
switch A1,E5,is2,nbhd,nbhd buffer.*=1.1,p[labour.trained]*0.5,"E5: a pooled pop ends at a*, within 1e-10 relative",0.39142810838832925,0.3914281,reported,0.39142810838832987,"|a/a* - 1| 1.560e-15 at tick 23999, within 1e-10",reported
switch A1,E5,is2,nbhd,nbhd buffer.*=1.1,p[labour.trained]*2,"E5: a pooled pop ends at a*, within 1e-10 relative",0.39142810838832925,0.3914281,reported,0.3914281083883308,"|a/a* - 1| 3.971e-15 at tick 23999, within 1e-10",reported
switch A1,E5,is2,nbhd,nbhd buffer.*=1.1,p[labour]*0.5,"E5: a pooled pop ends at a*, within 1e-10 relative",0.39142810838832925,0.3914281,reported,0.3914281083883301,"|a/a* - 1| 2.127e-15 at tick 23999, within 1e-10",reported
switch A1,E5,is2,nbhd,nbhd buffer.*=1.1,p[labour]*2,"E5: a pooled pop ends at a*, within 1e-10 relative",0.39142810838832925,0.3914281,reported,0.39142810838833036,"|a/a* - 1| 2.836e-15 at tick 23999, within 1e-10",reported
switch A1,E5,is2,nbhd,nbhd buffer.*=1.1,p[land]*0.5,"E5: a pooled pop ends at a*, within 1e-10 relative",0.39142810838832925,0.3914281,reported,0.3914281083883297,"|a/a* - 1| 1.135e-15 at tick 23999, within 1e-10",reported
switch A1,E5,is2,nbhd,nbhd buffer.*=1.1,p[land]*2,"E5: a pooled pop ends at a*, within 1e-10 relative",0.39142810838832925,0.3914281,reported,0.3914281083883301,"|a/a* - 1| 2.127e-15 at tick 23999, within 1e-10",reported
switch A1,E5,is2,nbhd,nbhd buffer.*=1.1,p[mach]*0.5,"E5: a pooled pop ends at a*, within 1e-10 relative",0.39142810838832925,0.3914281,reported,0.3914281083883296,"|a/a* - 1| 8.509e-16 at tick 23999, within 1e-10",reported
switch A1,E5,is2,nbhd,nbhd buffer.*=1.1,p[mach]*2,"E5: a pooled pop ends at a*, within 1e-10 relative",0.39142810838832925,0.3914281,reported,0.39142810838832975,"|a/a* - 1| 1.276e-15 at tick 23999, within 1e-10",reported
switch A1,E5,is2,nbhd,nbhd buffer.*=1.1,p[services]*0.5,"E5: a pooled pop ends at a*, within 1e-10 relative",0.39142810838832925,0.3914281,reported,0.3914281083883295,"|a/a* - 1| 5.673e-16 at tick 23999, within 1e-10",reported
switch A1,E5,is2,nbhd,nbhd buffer.*=1.1,p[services]*2,"E5: a pooled pop ends at a*, within 1e-10 relative",0.39142810838832925,0.3914281,reported,0.3914281083883301,"|a/a* - 1| 2.127e-15 at tick 23999, within 1e-10",reported
switch A1,E5,is2,nbhd,nbhd buffer.*=1.1,res.services.trained=0.01@dated,"E5: a pooled pop ends at a*, within 1e-10 relative",0.667169987202366,0.66717,reported,0.6671699872023658,"|a/a* - 1| 3.328e-16 at tick 29999, within 1e-10",reported
switch A1,E5,is2,nbhd,nbhd buffer.*=1.1,res.services.trained=0.01@genesis,"E5: a pooled pop ends at a*, within 1e-10 relative",0.667169987202366,0.66717,reported,0.667169987202366,"|a/a* - 1| 0.000e+00 at tick 23999, within 1e-10",reported
switch A1,E5,is2,nbhd,nbhd buffer.*=1.1,s[goods]=0.5,"E5: a pooled pop ends at a*, within 1e-10 relative",0.39142810838832925,0.3914281,reported,0.39142810838833053,"|a/a* - 1| 3.262e-15 at tick 23999, within 1e-10",reported
switch A1,E5,is2,nbhd,nbhd buffer.*=1.1,s[services]=0.5,"E5: a pooled pop ends at a*, within 1e-10 relative",0.39142810838832925,0.3914281,reported,0.3914281083883302,"|a/a* - 1| 2.411e-15 at tick 23999, within 1e-10",reported
switch A1,E5,is2,nbhd,nbhd buffer.*=1.1,sw[master]=0.5,"E5: a pooled pop ends at a*, within 1e-10 relative",0.39142810838832925,0.3914281,reported,0.39142810838832937,"|a/a* - 1| 2.836e-16 at tick 23999, within 1e-10",reported
switch A1,E5,is2,nbhd,nbhd buffer.*=1.1,sw[trained]=0.5,"E5: a pooled pop ends at a*, within 1e-10 relative",0.39142810838832925,0.3914281,reported,0.39142810838832875,"|a/a* - 1| 1.276e-15 at tick 23999, within 1e-10",reported
switch A1,E5,is2,nbhd,nbhd buffer.*=1.1,tail.services=0.05@dated,"E5: a pooled pop ends at a*, within 1e-10 relative",0.14475154970860177,0.1447515,reported,0.14475154970860343,"|a/a* - 1| 1.150e-14 at tick 29999, within 1e-10",reported
switch A1,E5,is2,nbhd,nbhd buffer.*=1.1,tail.services=0.05@genesis,"E5: a pooled pop ends at a*, within 1e-10 relative",0.14475154970860177,0.1447515,reported,0.14475154970860396,"|a/a* - 1| 1.515e-14 at tick 23999, within 1e-10",reported
switch A1,E5,is2,nbhd,nbhd buffer.*=1.1,tail.services=0.2@dated,"E5: a pooled pop ends at a*, within 1e-10 relative",0.6091995878176161,0.6091996,reported,0.6091995878176166,"|a/a* - 1| 9.112e-16 at tick 29999, within 1e-10",reported
switch A1,E5,is2,nbhd,nbhd buffer.*=1.1,tail.services=0.2@genesis,"E5: a pooled pop ends at a*, within 1e-10 relative",0.6091995878176161,0.6091996,reported,0.6091995878176161,"|a/a* - 1| 0.000e+00 at tick 23999, within 1e-10",reported
switch A1,E5,is2,nbhd,nbhd buffer.*=1.1,x*/2,"E5: a pooled pop ends at a*, within 1e-10 relative",0.39142810838832925,0.3914281,reported,0.39142810838832875,"|a/a* - 1| 1.276e-15 at tick 23999, within 1e-10",reported
switch A1,E5,is2,nbhd,nbhd buffer.*=1.25,JA(0.5),"E5: a pooled pop ends at a*, within 1e-10 relative",0.39142810838832925,0.3914281,reported,0.39142810838832975,"|a/a* - 1| 1.276e-15 at tick 23999, within 1e-10",reported
switch A1,E5,is2,nbhd,nbhd buffer.*=1.25,JA(2),"E5: a pooled pop ends at a*, within 1e-10 relative",0.39142810838832925,0.3914281,reported,0.3914281083883293,"|a/a* - 1| 1.418e-16 at tick 23999, within 1e-10",reported
switch A1,E5,is2,nbhd,nbhd buffer.*=1.25,JB(0.5),"E5: a pooled pop ends at a*, within 1e-10 relative",0.39142810838832925,0.3914281,reported,0.39142810838833,"|a/a* - 1| 1.844e-15 at tick 23999, within 1e-10",reported
switch A1,E5,is2,nbhd,nbhd buffer.*=1.25,JB(2),"E5: a pooled pop ends at a*, within 1e-10 relative",0.39142810838832925,0.3914281,reported,0.39142810838833,"|a/a* - 1| 1.844e-15 at tick 23999, within 1e-10",reported
switch A1,E5,is2,nbhd,nbhd buffer.*=1.25,N(0.5),"E5: a pooled pop ends at a*, within 1e-10 relative",0.39142810838832925,0.3914281,reported,0.39142810838833036,"|a/a* - 1| 2.836e-15 at tick 23999, within 1e-10",reported
switch A1,E5,is2,nbhd,nbhd buffer.*=1.25,N(2),"E5: a pooled pop ends at a*, within 1e-10 relative",0.39142810838832925,0.3914281,reported,0.39142810838833,"|a/a* - 1| 1.844e-15 at tick 23999, within 1e-10",reported
switch A1,E5,is2,nbhd,nbhd buffer.*=1.25,RC(0.5),"E5: a pooled pop ends at a*, within 1e-10 relative",0.39142810838832925,0.3914281,reported,0.39142810838832937,"|a/a* - 1| 2.836e-16 at tick 23999, within 1e-10",reported
switch A1,E5,is2,nbhd,nbhd buffer.*=1.25,RC(2),"E5: a pooled pop ends at a*, within 1e-10 relative",0.39142810838832925,0.3914281,reported,0.39142810838833003,"|a/a* - 1| 1.985e-15 at tick 23999, within 1e-10",reported
switch A1,E5,is2,nbhd,nbhd buffer.*=1.25,RW(0.5),"E5: a pooled pop ends at a*, within 1e-10 relative",0.39142810838832925,0.3914281,reported,0.3914281083883292,"|a/a* - 1| 1.418e-16 at tick 23999, within 1e-10",reported
switch A1,E5,is2,nbhd,nbhd buffer.*=1.25,RW(2),"E5: a pooled pop ends at a*, within 1e-10 relative",0.39142810838832925,0.3914281,reported,0.39142810838833086,"|a/a* - 1| 4.113e-15 at tick 23999, within 1e-10",reported
switch A1,E5,is2,nbhd,nbhd buffer.*=1.25,land.mach=0.2@dated,"E5: a pooled pop ends at a*, within 1e-10 relative",0.387846294928211,0.3878463,reported,0.38784629492821143,"|a/a* - 1| 1.145e-15 at tick 29999, within 1e-10",reported
switch A1,E5,is2,nbhd,nbhd buffer.*=1.25,land.mach=0.2@genesis,"E5: a pooled pop ends at a*, within 1e-10 relative",0.387846294928211,0.3878463,reported,0.3878462949282116,"|a/a* - 1| 1.574e-15 at tick 23999, within 1e-10",reported
switch A1,E5,is2,nbhd,nbhd buffer.*=1.25,land.mach=0.8@dated,"E5: a pooled pop ends at a*, within 1e-10 relative",0.396772523327664,0.3967725,reported,0.39677252332766455,"|a/a* - 1| 1.399e-15 at tick 29999, within 1e-10",reported
switch A1,E5,is2,nbhd,nbhd buffer.*=1.25,land.mach=0.8@genesis,"E5: a pooled pop ends at a*, within 1e-10 relative",0.396772523327664,0.3967725,reported,0.39677252332766494,"|a/a* - 1| 2.378e-15 at tick 23999, within 1e-10",reported
switch A1,E5,is2,nbhd,nbhd buffer.*=1.25,p[goods]*0.5,"E5: a pooled pop ends at a*, within 1e-10 relative",0.39142810838832925,0.3914281,reported,0.39142810838833,"|a/a* - 1| 1.844e-15 at tick 23999, within 1e-10",reported
switch A1,E5,is2,nbhd,nbhd buffer.*=1.25,p[goods]*2,"E5: a pooled pop ends at a*, within 1e-10 relative",0.39142810838832925,0.3914281,reported,0.3914281083883303,"|a/a* - 1| 2.695e-15 at tick 23999, within 1e-10",reported
switch A1,E5,is2,nbhd,nbhd buffer.*=1.25,p[labour.master]*0.5,"E5: a pooled pop ends at a*, within 1e-10 relative",0.39142810838832925,0.3914281,reported,0.3914281083883288,"|a/a* - 1| 1.135e-15 at tick 23999, within 1e-10",reported
switch A1,E5,is2,nbhd,nbhd buffer.*=1.25,p[labour.master]*2,"E5: a pooled pop ends at a*, within 1e-10 relative",0.39142810838832925,0.3914281,reported,0.3914281083883297,"|a/a* - 1| 1.135e-15 at tick 23999, within 1e-10",reported
switch A1,E5,is2,nbhd,nbhd buffer.*=1.25,p[labour.trained]*0.5,"E5: a pooled pop ends at a*, within 1e-10 relative",0.39142810838832925,0.3914281,reported,0.39142810838832964,"|a/a* - 1| 9.927e-16 at tick 23999, within 1e-10",reported
switch A1,E5,is2,nbhd,nbhd buffer.*=1.25,p[labour.trained]*2,"E5: a pooled pop ends at a*, within 1e-10 relative",0.39142810838832925,0.3914281,reported,0.3914281083883292,"|a/a* - 1| 1.418e-16 at tick 23999, within 1e-10",reported
switch A1,E5,is2,nbhd,nbhd buffer.*=1.25,p[labour]*0.5,"E5: a pooled pop ends at a*, within 1e-10 relative",0.39142810838832925,0.3914281,reported,0.39142810838832875,"|a/a* - 1| 1.276e-15 at tick 23999, within 1e-10",reported
switch A1,E5,is2,nbhd,nbhd buffer.*=1.25,p[labour]*2,"E5: a pooled pop ends at a*, within 1e-10 relative",0.39142810838832925,0.3914281,reported,0.3914281083883299,"|a/a* - 1| 1.702e-15 at tick 23999, within 1e-10",reported
switch A1,E5,is2,nbhd,nbhd buffer.*=1.25,p[land]*0.5,"E5: a pooled pop ends at a*, within 1e-10 relative",0.39142810838832925,0.3914281,reported,0.3914281083883297,"|a/a* - 1| 1.135e-15 at tick 23999, within 1e-10",reported
switch A1,E5,is2,nbhd,nbhd buffer.*=1.25,p[land]*2,"E5: a pooled pop ends at a*, within 1e-10 relative",0.39142810838832925,0.3914281,reported,0.3914281083883307,"|a/a* - 1| 3.687e-15 at tick 23999, within 1e-10",reported
switch A1,E5,is2,nbhd,nbhd buffer.*=1.25,p[mach]*0.5,"E5: a pooled pop ends at a*, within 1e-10 relative",0.39142810838832925,0.3914281,reported,0.39142810838833075,"|a/a* - 1| 3.829e-15 at tick 23999, within 1e-10",reported
switch A1,E5,is2,nbhd,nbhd buffer.*=1.25,p[mach]*2,"E5: a pooled pop ends at a*, within 1e-10 relative",0.39142810838832925,0.3914281,reported,0.39142810838833003,"|a/a* - 1| 1.985e-15 at tick 23999, within 1e-10",reported
switch A1,E5,is2,nbhd,nbhd buffer.*=1.25,p[services]*0.5,"E5: a pooled pop ends at a*, within 1e-10 relative",0.39142810838832925,0.3914281,reported,0.39142810838833064,"|a/a* - 1| 3.545e-15 at tick 23999, within 1e-10",reported
switch A1,E5,is2,nbhd,nbhd buffer.*=1.25,p[services]*2,"E5: a pooled pop ends at a*, within 1e-10 relative",0.39142810838832925,0.3914281,reported,0.39142810838833014,"|a/a* - 1| 2.269e-15 at tick 23999, within 1e-10",reported
switch A1,E5,is2,nbhd,nbhd buffer.*=1.25,res.services.trained=0.01@dated,"E5: a pooled pop ends at a*, within 1e-10 relative",0.667169987202366,0.66717,reported,0.6671699872023666,"|a/a* - 1| 9.984e-16 at tick 29999, within 1e-10",reported
switch A1,E5,is2,nbhd,nbhd buffer.*=1.25,res.services.trained=0.01@genesis,"E5: a pooled pop ends at a*, within 1e-10 relative",0.667169987202366,0.66717,reported,0.6671699872023662,"|a/a* - 1| 3.328e-16 at tick 23999, within 1e-10",reported
switch A1,E5,is2,nbhd,nbhd buffer.*=1.25,s[goods]=0.5,"E5: a pooled pop ends at a*, within 1e-10 relative",0.39142810838832925,0.3914281,reported,0.3914281083883298,"|a/a* - 1| 1.418e-15 at tick 23999, within 1e-10",reported
switch A1,E5,is2,nbhd,nbhd buffer.*=1.25,s[services]=0.5,"E5: a pooled pop ends at a*, within 1e-10 relative",0.39142810838832925,0.3914281,reported,0.39142810838832887,"|a/a* - 1| 9.927e-16 at tick 23999, within 1e-10",reported
switch A1,E5,is2,nbhd,nbhd buffer.*=1.25,sw[master]=0.5,"E5: a pooled pop ends at a*, within 1e-10 relative",0.39142810838832925,0.3914281,reported,0.39142810838833,"|a/a* - 1| 1.844e-15 at tick 23999, within 1e-10",reported
switch A1,E5,is2,nbhd,nbhd buffer.*=1.25,sw[trained]=0.5,"E5: a pooled pop ends at a*, within 1e-10 relative",0.39142810838832925,0.3914281,reported,0.39142810838833103,"|a/a* - 1| 4.538e-15 at tick 23999, within 1e-10",reported
switch A1,E5,is2,nbhd,nbhd buffer.*=1.25,tail.services=0.05@dated,"E5: a pooled pop ends at a*, within 1e-10 relative",0.14475154970860177,0.1447515,reported,0.14475154970860282,"|a/a* - 1| 7.286e-15 at tick 29999, within 1e-10",reported
switch A1,E5,is2,nbhd,nbhd buffer.*=1.25,tail.services=0.05@genesis,"E5: a pooled pop ends at a*, within 1e-10 relative",0.14475154970860177,0.1447515,reported,0.14475154970860338,"|a/a* - 1| 1.112e-14 at tick 23999, within 1e-10",reported
switch A1,E5,is2,nbhd,nbhd buffer.*=1.25,tail.services=0.2@dated,"E5: a pooled pop ends at a*, within 1e-10 relative",0.6091995878176161,0.6091996,reported,0.6091995878176166,"|a/a* - 1| 9.112e-16 at tick 29999, within 1e-10",reported
switch A1,E5,is2,nbhd,nbhd buffer.*=1.25,tail.services=0.2@genesis,"E5: a pooled pop ends at a*, within 1e-10 relative",0.6091995878176161,0.6091996,reported,0.6091995878176165,"|a/a* - 1| 7.290e-16 at tick 23999, within 1e-10",reported
switch A1,E5,is2,nbhd,nbhd buffer.*=1.25,x*/2,"E5: a pooled pop ends at a*, within 1e-10 relative",0.39142810838832925,0.3914281,reported,0.3914281083883308,"|a/a* - 1| 3.971e-15 at tick 23999, within 1e-10",reported
switch A1,E5,is2,nbhd,nbhd rate.*=0.75,JA(0.5),"E5: a pooled pop ends at a*, within 1e-10 relative",0.39142810838832925,0.3914281,reported,0.39142810838833036,"|a/a* - 1| 2.836e-15 at tick 23999, within 1e-10",reported
switch A1,E5,is2,nbhd,nbhd rate.*=0.75,JA(2),"E5: a pooled pop ends at a*, within 1e-10 relative",0.39142810838832925,0.3914281,reported,0.3914281083883314,"|a/a* - 1| 5.531e-15 at tick 23999, within 1e-10",reported
switch A1,E5,is2,nbhd,nbhd rate.*=0.75,JB(0.5),"E5: a pooled pop ends at a*, within 1e-10 relative",0.39142810838832925,0.3914281,reported,0.3914281083883301,"|a/a* - 1| 2.127e-15 at tick 23999, within 1e-10",reported
switch A1,E5,is2,nbhd,nbhd rate.*=0.75,JB(2),"E5: a pooled pop ends at a*, within 1e-10 relative",0.39142810838832925,0.3914281,reported,0.39142810838833075,"|a/a* - 1| 3.829e-15 at tick 23999, within 1e-10",reported
switch A1,E5,is2,nbhd,nbhd rate.*=0.75,N(0.5),"E5: a pooled pop ends at a*, within 1e-10 relative",0.39142810838832925,0.3914281,reported,0.3914281083883306,"|a/a* - 1| 3.404e-15 at tick 23999, within 1e-10",reported
switch A1,E5,is2,nbhd,nbhd rate.*=0.75,N(2),"E5: a pooled pop ends at a*, within 1e-10 relative",0.39142810838832925,0.3914281,reported,0.3914281083883299,"|a/a* - 1| 1.702e-15 at tick 23999, within 1e-10",reported
switch A1,E5,is2,nbhd,nbhd rate.*=0.75,RC(0.5),"E5: a pooled pop ends at a*, within 1e-10 relative",0.39142810838832925,0.3914281,reported,0.39142810838833003,"|a/a* - 1| 1.985e-15 at tick 23999, within 1e-10",reported
switch A1,E5,is2,nbhd,nbhd rate.*=0.75,RC(2),"E5: a pooled pop ends at a*, within 1e-10 relative",0.39142810838832925,0.3914281,reported,0.39142810838833053,"|a/a* - 1| 3.262e-15 at tick 23999, within 1e-10",reported
switch A1,E5,is2,nbhd,nbhd rate.*=0.75,RW(0.5),"E5: a pooled pop ends at a*, within 1e-10 relative",0.39142810838832925,0.3914281,reported,0.3914281083883313,"|a/a* - 1| 5.247e-15 at tick 23999, within 1e-10",reported
switch A1,E5,is2,nbhd,nbhd rate.*=0.75,RW(2),"E5: a pooled pop ends at a*, within 1e-10 relative",0.39142810838832925,0.3914281,reported,0.39142810838833053,"|a/a* - 1| 3.262e-15 at tick 23999, within 1e-10",reported
switch A1,E5,is2,nbhd,nbhd rate.*=0.75,land.mach=0.2@dated,"E5: a pooled pop ends at a*, within 1e-10 relative",0.387846294928211,0.3878463,reported,0.38784629492821204,"|a/a* - 1| 2.719e-15 at tick 29999, within 1e-10",reported
switch A1,E5,is2,nbhd,nbhd rate.*=0.75,land.mach=0.2@genesis,"E5: a pooled pop ends at a*, within 1e-10 relative",0.387846294928211,0.3878463,reported,0.38784629492821066,"|a/a* - 1| 8.588e-16 at tick 23999, within 1e-10",reported
switch A1,E5,is2,nbhd,nbhd rate.*=0.75,land.mach=0.8@dated,"E5: a pooled pop ends at a*, within 1e-10 relative",0.396772523327664,0.3967725,reported,0.396772523327665,"|a/a* - 1| 2.518e-15 at tick 29999, within 1e-10",reported
switch A1,E5,is2,nbhd,nbhd rate.*=0.75,land.mach=0.8@genesis,"E5: a pooled pop ends at a*, within 1e-10 relative",0.396772523327664,0.3967725,reported,0.39677252332766494,"|a/a* - 1| 2.378e-15 at tick 23999, within 1e-10",reported
switch A1,E5,is2,nbhd,nbhd rate.*=0.75,p[goods]*0.5,"E5: a pooled pop ends at a*, within 1e-10 relative",0.39142810838832925,0.3914281,reported,0.39142810838832987,"|a/a* - 1| 1.560e-15 at tick 23999, within 1e-10",reported
switch A1,E5,is2,nbhd,nbhd rate.*=0.75,p[goods]*2,"E5: a pooled pop ends at a*, within 1e-10 relative",0.39142810838832925,0.3914281,reported,0.3914281083883295,"|a/a* - 1| 5.673e-16 at tick 23999, within 1e-10",reported
switch A1,E5,is2,nbhd,nbhd rate.*=0.75,p[labour.master]*0.5,"E5: a pooled pop ends at a*, within 1e-10 relative",0.39142810838832925,0.3914281,reported,0.3914281083883312,"|a/a* - 1| 4.964e-15 at tick 23999, within 1e-10",reported
switch A1,E5,is2,nbhd,nbhd rate.*=0.75,p[labour.master]*2,"E5: a pooled pop ends at a*, within 1e-10 relative",0.39142810838832925,0.3914281,reported,0.3914281083883295,"|a/a* - 1| 5.673e-16 at tick 23999, within 1e-10",reported
switch A1,E5,is2,nbhd,nbhd rate.*=0.75,p[labour.trained]*0.5,"E5: a pooled pop ends at a*, within 1e-10 relative",0.39142810838832925,0.3914281,reported,0.3914281083883305,"|a/a* - 1| 3.120e-15 at tick 23999, within 1e-10",reported
switch A1,E5,is2,nbhd,nbhd rate.*=0.75,p[labour.trained]*2,"E5: a pooled pop ends at a*, within 1e-10 relative",0.39142810838832925,0.3914281,reported,0.39142810838833103,"|a/a* - 1| 4.538e-15 at tick 23999, within 1e-10",reported
switch A1,E5,is2,nbhd,nbhd rate.*=0.75,p[labour]*0.5,"E5: a pooled pop ends at a*, within 1e-10 relative",0.39142810838832925,0.3914281,reported,0.3914281083883314,"|a/a* - 1| 5.531e-15 at tick 23999, within 1e-10",reported
switch A1,E5,is2,nbhd,nbhd rate.*=0.75,p[labour]*2,"E5: a pooled pop ends at a*, within 1e-10 relative",0.39142810838832925,0.3914281,reported,0.39142810838833103,"|a/a* - 1| 4.538e-15 at tick 23999, within 1e-10",reported
switch A1,E5,is2,nbhd,nbhd rate.*=0.75,p[land]*0.5,"E5: a pooled pop ends at a*, within 1e-10 relative",0.39142810838832925,0.3914281,reported,0.39142810838832953,"|a/a* - 1| 7.091e-16 at tick 23999, within 1e-10",reported
switch A1,E5,is2,nbhd,nbhd rate.*=0.75,p[land]*2,"E5: a pooled pop ends at a*, within 1e-10 relative",0.39142810838832925,0.3914281,reported,0.39142810838833114,"|a/a* - 1| 4.822e-15 at tick 23999, within 1e-10",reported
switch A1,E5,is2,nbhd,nbhd rate.*=0.75,p[mach]*0.5,"E5: a pooled pop ends at a*, within 1e-10 relative",0.39142810838832925,0.3914281,reported,0.39142810838833036,"|a/a* - 1| 2.836e-15 at tick 23999, within 1e-10",reported
switch A1,E5,is2,nbhd,nbhd rate.*=0.75,p[mach]*2,"E5: a pooled pop ends at a*, within 1e-10 relative",0.39142810838832925,0.3914281,reported,0.3914281083883302,"|a/a* - 1| 2.411e-15 at tick 23999, within 1e-10",reported
switch A1,E5,is2,nbhd,nbhd rate.*=0.75,p[services]*0.5,"E5: a pooled pop ends at a*, within 1e-10 relative",0.39142810838832925,0.3914281,reported,0.3914281083883314,"|a/a* - 1| 5.531e-15 at tick 23999, within 1e-10",reported
switch A1,E5,is2,nbhd,nbhd rate.*=0.75,p[services]*2,"E5: a pooled pop ends at a*, within 1e-10 relative",0.39142810838832925,0.3914281,reported,0.3914281083883312,"|a/a* - 1| 4.964e-15 at tick 23999, within 1e-10",reported
switch A1,E5,is2,nbhd,nbhd rate.*=0.75,res.services.trained=0.01@dated,"E5: a pooled pop ends at a*, within 1e-10 relative",0.667169987202366,0.66717,reported,0.6671699872023668,"|a/a* - 1| 1.165e-15 at tick 29999, within 1e-10",reported
switch A1,E5,is2,nbhd,nbhd rate.*=0.75,res.services.trained=0.01@genesis,"E5: a pooled pop ends at a*, within 1e-10 relative",0.667169987202366,0.66717,reported,0.6671699872023671,"|a/a* - 1| 1.664e-15 at tick 23999, within 1e-10",reported
switch A1,E5,is2,nbhd,nbhd rate.*=0.75,s[goods]=0.5,"E5: a pooled pop ends at a*, within 1e-10 relative",0.39142810838832925,0.3914281,reported,0.39142810838832975,"|a/a* - 1| 1.276e-15 at tick 23999, within 1e-10",reported
switch A1,E5,is2,nbhd,nbhd rate.*=0.75,s[services]=0.5,"E5: a pooled pop ends at a*, within 1e-10 relative",0.39142810838832925,0.3914281,reported,0.39142810838833036,"|a/a* - 1| 2.836e-15 at tick 23999, within 1e-10",reported
switch A1,E5,is2,nbhd,nbhd rate.*=0.75,sw[master]=0.5,"E5: a pooled pop ends at a*, within 1e-10 relative",0.39142810838832925,0.3914281,reported,0.3914281083883307,"|a/a* - 1| 3.687e-15 at tick 23999, within 1e-10",reported
switch A1,E5,is2,nbhd,nbhd rate.*=0.75,sw[trained]=0.5,"E5: a pooled pop ends at a*, within 1e-10 relative",0.39142810838832925,0.3914281,reported,0.39142810838833036,"|a/a* - 1| 2.836e-15 at tick 23999, within 1e-10",reported
switch A1,E5,is2,nbhd,nbhd rate.*=0.75,tail.services=0.05@dated,"E5: a pooled pop ends at a*, within 1e-10 relative",0.14475154970860177,0.1447515,reported,0.14475154970860332,"|a/a* - 1| 1.074e-14 at tick 29999, within 1e-10",reported
switch A1,E5,is2,nbhd,nbhd rate.*=0.75,tail.services=0.05@genesis,"E5: a pooled pop ends at a*, within 1e-10 relative",0.14475154970860177,0.1447515,reported,0.14475154970860116,"|a/a* - 1| 4.218e-15 at tick 23999, within 1e-10",reported
switch A1,E5,is2,nbhd,nbhd rate.*=0.75,tail.services=0.2@dated,"E5: a pooled pop ends at a*, within 1e-10 relative",0.6091995878176161,0.6091996,reported,0.6091995878176168,"|a/a* - 1| 1.276e-15 at tick 29999, within 1e-10",reported
switch A1,E5,is2,nbhd,nbhd rate.*=0.75,tail.services=0.2@genesis,"E5: a pooled pop ends at a*, within 1e-10 relative",0.6091995878176161,0.6091996,reported,0.6091995878176166,"|a/a* - 1| 9.112e-16 at tick 23999, within 1e-10",reported
switch A1,E5,is2,nbhd,nbhd rate.*=0.75,x*/2,"E5: a pooled pop ends at a*, within 1e-10 relative",0.39142810838832925,0.3914281,reported,0.3914281083883306,"|a/a* - 1| 3.404e-15 at tick 23999, within 1e-10",reported
switch A1,E5,is2,nbhd,nbhd rate.*=0.9,JA(0.5),"E5: a pooled pop ends at a*, within 1e-10 relative",0.39142810838832925,0.3914281,reported,0.39142810838833036,"|a/a* - 1| 2.836e-15 at tick 23999, within 1e-10",reported
switch A1,E5,is2,nbhd,nbhd rate.*=0.9,JA(2),"E5: a pooled pop ends at a*, within 1e-10 relative",0.39142810838832925,0.3914281,reported,0.39142810838833053,"|a/a* - 1| 3.262e-15 at tick 23999, within 1e-10",reported
switch A1,E5,is2,nbhd,nbhd rate.*=0.9,JB(0.5),"E5: a pooled pop ends at a*, within 1e-10 relative",0.39142810838832925,0.3914281,reported,0.39142810838833014,"|a/a* - 1| 2.269e-15 at tick 23999, within 1e-10",reported
switch A1,E5,is2,nbhd,nbhd rate.*=0.9,JB(2),"E5: a pooled pop ends at a*, within 1e-10 relative",0.39142810838832925,0.3914281,reported,0.39142810838833036,"|a/a* - 1| 2.836e-15 at tick 23999, within 1e-10",reported
switch A1,E5,is2,nbhd,nbhd rate.*=0.9,N(0.5),"E5: a pooled pop ends at a*, within 1e-10 relative",0.39142810838832925,0.3914281,reported,0.391428108388329,"|a/a* - 1| 7.091e-16 at tick 23999, within 1e-10",reported
switch A1,E5,is2,nbhd,nbhd rate.*=0.9,N(2),"E5: a pooled pop ends at a*, within 1e-10 relative",0.39142810838832925,0.3914281,reported,0.39142810838832953,"|a/a* - 1| 7.091e-16 at tick 23999, within 1e-10",reported
switch A1,E5,is2,nbhd,nbhd rate.*=0.9,RC(0.5),"E5: a pooled pop ends at a*, within 1e-10 relative",0.39142810838832925,0.3914281,reported,0.3914281083883302,"|a/a* - 1| 2.411e-15 at tick 23999, within 1e-10",reported
switch A1,E5,is2,nbhd,nbhd rate.*=0.9,RC(2),"E5: a pooled pop ends at a*, within 1e-10 relative",0.39142810838832925,0.3914281,reported,0.39142810838832987,"|a/a* - 1| 1.560e-15 at tick 23999, within 1e-10",reported
switch A1,E5,is2,nbhd,nbhd rate.*=0.9,RW(0.5),"E5: a pooled pop ends at a*, within 1e-10 relative",0.39142810838832925,0.3914281,reported,0.39142810838832953,"|a/a* - 1| 7.091e-16 at tick 23999, within 1e-10",reported
switch A1,E5,is2,nbhd,nbhd rate.*=0.9,RW(2),"E5: a pooled pop ends at a*, within 1e-10 relative",0.39142810838832925,0.3914281,reported,0.39142810838832987,"|a/a* - 1| 1.560e-15 at tick 23999, within 1e-10",reported
switch A1,E5,is2,nbhd,nbhd rate.*=0.9,land.mach=0.2@dated,"E5: a pooled pop ends at a*, within 1e-10 relative",0.387846294928211,0.3878463,reported,0.3878462949282123,"|a/a* - 1| 3.435e-15 at tick 29999, within 1e-10",reported
switch A1,E5,is2,nbhd,nbhd rate.*=0.9,land.mach=0.2@genesis,"E5: a pooled pop ends at a*, within 1e-10 relative",0.387846294928211,0.3878463,reported,0.38784629492821254,"|a/a* - 1| 4.008e-15 at tick 23999, within 1e-10",reported
switch A1,E5,is2,nbhd,nbhd rate.*=0.9,land.mach=0.8@dated,"E5: a pooled pop ends at a*, within 1e-10 relative",0.396772523327664,0.3967725,reported,0.39677252332766455,"|a/a* - 1| 1.399e-15 at tick 29999, within 1e-10",reported
switch A1,E5,is2,nbhd,nbhd rate.*=0.9,land.mach=0.8@genesis,"E5: a pooled pop ends at a*, within 1e-10 relative",0.396772523327664,0.3967725,reported,0.3967725233276642,"|a/a* - 1| 5.596e-16 at tick 23999, within 1e-10",reported
switch A1,E5,is2,nbhd,nbhd rate.*=0.9,p[goods]*0.5,"E5: a pooled pop ends at a*, within 1e-10 relative",0.39142810838832925,0.3914281,reported,0.3914281083883294,"|a/a* - 1| 4.255e-16 at tick 23999, within 1e-10",reported
switch A1,E5,is2,nbhd,nbhd rate.*=0.9,p[goods]*2,"E5: a pooled pop ends at a*, within 1e-10 relative",0.39142810838832925,0.3914281,reported,0.3914281083883306,"|a/a* - 1| 3.404e-15 at tick 23999, within 1e-10",reported
switch A1,E5,is2,nbhd,nbhd rate.*=0.9,p[labour.master]*0.5,"E5: a pooled pop ends at a*, within 1e-10 relative",0.39142810838832925,0.3914281,reported,0.39142810838833075,"|a/a* - 1| 3.829e-15 at tick 23999, within 1e-10",reported
switch A1,E5,is2,nbhd,nbhd rate.*=0.9,p[labour.master]*2,"E5: a pooled pop ends at a*, within 1e-10 relative",0.39142810838832925,0.3914281,reported,0.39142810838833086,"|a/a* - 1| 4.113e-15 at tick 23999, within 1e-10",reported
switch A1,E5,is2,nbhd,nbhd rate.*=0.9,p[labour.trained]*0.5,"E5: a pooled pop ends at a*, within 1e-10 relative",0.39142810838832925,0.3914281,reported,0.39142810838832864,"|a/a* - 1| 1.560e-15 at tick 23999, within 1e-10",reported
switch A1,E5,is2,nbhd,nbhd rate.*=0.9,p[labour.trained]*2,"E5: a pooled pop ends at a*, within 1e-10 relative",0.39142810838832925,0.3914281,reported,0.39142810838832864,"|a/a* - 1| 1.560e-15 at tick 23999, within 1e-10",reported
switch A1,E5,is2,nbhd,nbhd rate.*=0.9,p[labour]*0.5,"E5: a pooled pop ends at a*, within 1e-10 relative",0.39142810838832925,0.3914281,reported,0.39142810838833,"|a/a* - 1| 1.844e-15 at tick 23999, within 1e-10",reported
switch A1,E5,is2,nbhd,nbhd rate.*=0.9,p[labour]*2,"E5: a pooled pop ends at a*, within 1e-10 relative",0.39142810838832925,0.3914281,reported,0.3914281083883306,"|a/a* - 1| 3.404e-15 at tick 23999, within 1e-10",reported
switch A1,E5,is2,nbhd,nbhd rate.*=0.9,p[land]*0.5,"E5: a pooled pop ends at a*, within 1e-10 relative",0.39142810838832925,0.3914281,reported,0.39142810838833036,"|a/a* - 1| 2.836e-15 at tick 23999, within 1e-10",reported
switch A1,E5,is2,nbhd,nbhd rate.*=0.9,p[land]*2,"E5: a pooled pop ends at a*, within 1e-10 relative",0.39142810838832925,0.3914281,reported,0.3914281083883299,"|a/a* - 1| 1.702e-15 at tick 23999, within 1e-10",reported
switch A1,E5,is2,nbhd,nbhd rate.*=0.9,p[mach]*0.5,"E5: a pooled pop ends at a*, within 1e-10 relative",0.39142810838832925,0.3914281,reported,0.39142810838833025,"|a/a* - 1| 2.553e-15 at tick 23999, within 1e-10",reported
switch A1,E5,is2,nbhd,nbhd rate.*=0.9,p[mach]*2,"E5: a pooled pop ends at a*, within 1e-10 relative",0.39142810838832925,0.3914281,reported,0.391428108388331,"|a/a* - 1| 4.396e-15 at tick 23999, within 1e-10",reported
switch A1,E5,is2,nbhd,nbhd rate.*=0.9,p[services]*0.5,"E5: a pooled pop ends at a*, within 1e-10 relative",0.39142810838832925,0.3914281,reported,0.39142810838833064,"|a/a* - 1| 3.545e-15 at tick 23999, within 1e-10",reported
switch A1,E5,is2,nbhd,nbhd rate.*=0.9,p[services]*2,"E5: a pooled pop ends at a*, within 1e-10 relative",0.39142810838832925,0.3914281,reported,0.3914281083883294,"|a/a* - 1| 4.255e-16 at tick 23999, within 1e-10",reported
switch A1,E5,is2,nbhd,nbhd rate.*=0.9,res.services.trained=0.01@dated,"E5: a pooled pop ends at a*, within 1e-10 relative",0.667169987202366,0.66717,reported,0.6671699872023664,"|a/a* - 1| 6.656e-16 at tick 29999, within 1e-10",reported
switch A1,E5,is2,nbhd,nbhd rate.*=0.9,res.services.trained=0.01@genesis,"E5: a pooled pop ends at a*, within 1e-10 relative",0.667169987202366,0.66717,reported,0.667169987202367,"|a/a* - 1| 1.498e-15 at tick 23999, within 1e-10",reported
switch A1,E5,is2,nbhd,nbhd rate.*=0.9,s[goods]=0.5,"E5: a pooled pop ends at a*, within 1e-10 relative",0.39142810838832925,0.3914281,reported,0.39142810838833036,"|a/a* - 1| 2.836e-15 at tick 23999, within 1e-10",reported
switch A1,E5,is2,nbhd,nbhd rate.*=0.9,s[services]=0.5,"E5: a pooled pop ends at a*, within 1e-10 relative",0.39142810838832925,0.3914281,reported,0.39142810838832937,"|a/a* - 1| 2.836e-16 at tick 23999, within 1e-10",reported
switch A1,E5,is2,nbhd,nbhd rate.*=0.9,sw[master]=0.5,"E5: a pooled pop ends at a*, within 1e-10 relative",0.39142810838832925,0.3914281,reported,0.3914281083883307,"|a/a* - 1| 3.687e-15 at tick 23999, within 1e-10",reported
switch A1,E5,is2,nbhd,nbhd rate.*=0.9,sw[trained]=0.5,"E5: a pooled pop ends at a*, within 1e-10 relative",0.39142810838832925,0.3914281,reported,0.3914281083883307,"|a/a* - 1| 3.687e-15 at tick 23999, within 1e-10",reported
switch A1,E5,is2,nbhd,nbhd rate.*=0.9,tail.services=0.05@dated,"E5: a pooled pop ends at a*, within 1e-10 relative",0.14475154970860177,0.1447515,reported,0.14475154970860352,"|a/a* - 1| 1.208e-14 at tick 29999, within 1e-10",reported
switch A1,E5,is2,nbhd,nbhd rate.*=0.9,tail.services=0.05@genesis,"E5: a pooled pop ends at a*, within 1e-10 relative",0.14475154970860177,0.1447515,reported,0.14475154970860352,"|a/a* - 1| 1.208e-14 at tick 23999, within 1e-10",reported
switch A1,E5,is2,nbhd,nbhd rate.*=0.9,tail.services=0.2@dated,"E5: a pooled pop ends at a*, within 1e-10 relative",0.6091995878176161,0.6091996,reported,0.6091995878176162,"|a/a* - 1| 1.822e-16 at tick 29999, within 1e-10",reported
switch A1,E5,is2,nbhd,nbhd rate.*=0.9,tail.services=0.2@genesis,"E5: a pooled pop ends at a*, within 1e-10 relative",0.6091995878176161,0.6091996,reported,0.6091995878176168,"|a/a* - 1| 1.276e-15 at tick 23999, within 1e-10",reported
switch A1,E5,is2,nbhd,nbhd rate.*=0.9,x*/2,"E5: a pooled pop ends at a*, within 1e-10 relative",0.39142810838832925,0.3914281,reported,0.3914281083883305,"|a/a* - 1| 3.120e-15 at tick 23999, within 1e-10",reported
switch A1,E5,is2,nbhd,nbhd rate.*=1.1,JA(0.5),"E5: a pooled pop ends at a*, within 1e-10 relative",0.39142810838832925,0.3914281,reported,0.39142810838833,"|a/a* - 1| 1.844e-15 at tick 23999, within 1e-10",reported
switch A1,E5,is2,nbhd,nbhd rate.*=1.1,JA(2),"E5: a pooled pop ends at a*, within 1e-10 relative",0.39142810838832925,0.3914281,reported,0.39142810838833025,"|a/a* - 1| 2.553e-15 at tick 23999, within 1e-10",reported
switch A1,E5,is2,nbhd,nbhd rate.*=1.1,JB(0.5),"E5: a pooled pop ends at a*, within 1e-10 relative",0.39142810838832925,0.3914281,reported,0.3914281083883298,"|a/a* - 1| 1.418e-15 at tick 23999, within 1e-10",reported
switch A1,E5,is2,nbhd,nbhd rate.*=1.1,JB(2),"E5: a pooled pop ends at a*, within 1e-10 relative",0.39142810838832925,0.3914281,reported,0.3914281083883303,"|a/a* - 1| 2.695e-15 at tick 23999, within 1e-10",reported
switch A1,E5,is2,nbhd,nbhd rate.*=1.1,N(0.5),"E5: a pooled pop ends at a*, within 1e-10 relative",0.39142810838832925,0.3914281,reported,0.3914281083883296,"|a/a* - 1| 8.509e-16 at tick 23999, within 1e-10",reported
switch A1,E5,is2,nbhd,nbhd rate.*=1.1,N(2),"E5: a pooled pop ends at a*, within 1e-10 relative",0.39142810838832925,0.3914281,reported,0.3914281083883298,"|a/a* - 1| 1.418e-15 at tick 23999, within 1e-10",reported
switch A1,E5,is2,nbhd,nbhd rate.*=1.1,RC(0.5),"E5: a pooled pop ends at a*, within 1e-10 relative",0.39142810838832925,0.3914281,reported,0.3914281083883298,"|a/a* - 1| 1.418e-15 at tick 23999, within 1e-10",reported
switch A1,E5,is2,nbhd,nbhd rate.*=1.1,RC(2),"E5: a pooled pop ends at a*, within 1e-10 relative",0.39142810838832925,0.3914281,reported,0.39142810838832975,"|a/a* - 1| 1.276e-15 at tick 23999, within 1e-10",reported
switch A1,E5,is2,nbhd,nbhd rate.*=1.1,RW(0.5),"E5: a pooled pop ends at a*, within 1e-10 relative",0.39142810838832925,0.3914281,reported,0.3914281083883296,"|a/a* - 1| 8.509e-16 at tick 23999, within 1e-10",reported
switch A1,E5,is2,nbhd,nbhd rate.*=1.1,RW(2),"E5: a pooled pop ends at a*, within 1e-10 relative",0.39142810838832925,0.3914281,reported,0.39142810838833053,"|a/a* - 1| 3.262e-15 at tick 23999, within 1e-10",reported
switch A1,E5,is2,nbhd,nbhd rate.*=1.1,land.mach=0.2@dated,"E5: a pooled pop ends at a*, within 1e-10 relative",0.387846294928211,0.3878463,reported,0.38784629492821154,"|a/a* - 1| 1.431e-15 at tick 29999, within 1e-10",reported
switch A1,E5,is2,nbhd,nbhd rate.*=1.1,land.mach=0.2@genesis,"E5: a pooled pop ends at a*, within 1e-10 relative",0.387846294928211,0.3878463,reported,0.3878462949282121,"|a/a* - 1| 2.863e-15 at tick 23999, within 1e-10",reported
switch A1,E5,is2,nbhd,nbhd rate.*=1.1,land.mach=0.8@dated,"E5: a pooled pop ends at a*, within 1e-10 relative",0.396772523327664,0.3967725,reported,0.3967725233276646,"|a/a* - 1| 1.539e-15 at tick 29999, within 1e-10",reported
switch A1,E5,is2,nbhd,nbhd rate.*=1.1,land.mach=0.8@genesis,"E5: a pooled pop ends at a*, within 1e-10 relative",0.396772523327664,0.3967725,reported,0.39677252332766344,"|a/a* - 1| 1.399e-15 at tick 23999, within 1e-10",reported
switch A1,E5,is2,nbhd,nbhd rate.*=1.1,p[goods]*0.5,"E5: a pooled pop ends at a*, within 1e-10 relative",0.39142810838832925,0.3914281,reported,0.3914281083883303,"|a/a* - 1| 2.695e-15 at tick 23999, within 1e-10",reported
switch A1,E5,is2,nbhd,nbhd rate.*=1.1,p[goods]*2,"E5: a pooled pop ends at a*, within 1e-10 relative",0.39142810838832925,0.3914281,reported,0.3914281083883306,"|a/a* - 1| 3.404e-15 at tick 23999, within 1e-10",reported
switch A1,E5,is2,nbhd,nbhd rate.*=1.1,p[labour.master]*0.5,"E5: a pooled pop ends at a*, within 1e-10 relative",0.39142810838832925,0.3914281,reported,0.39142810838832914,"|a/a* - 1| 2.836e-16 at tick 23999, within 1e-10",reported
switch A1,E5,is2,nbhd,nbhd rate.*=1.1,p[labour.master]*2,"E5: a pooled pop ends at a*, within 1e-10 relative",0.39142810838832925,0.3914281,reported,0.3914281083883297,"|a/a* - 1| 1.135e-15 at tick 23999, within 1e-10",reported
switch A1,E5,is2,nbhd,nbhd rate.*=1.1,p[labour.trained]*0.5,"E5: a pooled pop ends at a*, within 1e-10 relative",0.39142810838832925,0.3914281,reported,0.39142810838833003,"|a/a* - 1| 1.985e-15 at tick 23999, within 1e-10",reported
switch A1,E5,is2,nbhd,nbhd rate.*=1.1,p[labour.trained]*2,"E5: a pooled pop ends at a*, within 1e-10 relative",0.39142810838832925,0.3914281,reported,0.39142810838833003,"|a/a* - 1| 1.985e-15 at tick 23999, within 1e-10",reported
switch A1,E5,is2,nbhd,nbhd rate.*=1.1,p[labour]*0.5,"E5: a pooled pop ends at a*, within 1e-10 relative",0.39142810838832925,0.3914281,reported,0.3914281083883294,"|a/a* - 1| 4.255e-16 at tick 23999, within 1e-10",reported
switch A1,E5,is2,nbhd,nbhd rate.*=1.1,p[labour]*2,"E5: a pooled pop ends at a*, within 1e-10 relative",0.39142810838832925,0.3914281,reported,0.39142810838832887,"|a/a* - 1| 9.927e-16 at tick 23999, within 1e-10",reported
switch A1,E5,is2,nbhd,nbhd rate.*=1.1,p[land]*0.5,"E5: a pooled pop ends at a*, within 1e-10 relative",0.39142810838832925,0.3914281,reported,0.39142810838833003,"|a/a* - 1| 1.985e-15 at tick 23999, within 1e-10",reported
switch A1,E5,is2,nbhd,nbhd rate.*=1.1,p[land]*2,"E5: a pooled pop ends at a*, within 1e-10 relative",0.39142810838832925,0.3914281,reported,0.3914281083883294,"|a/a* - 1| 4.255e-16 at tick 23999, within 1e-10",reported
switch A1,E5,is2,nbhd,nbhd rate.*=1.1,p[mach]*0.5,"E5: a pooled pop ends at a*, within 1e-10 relative",0.39142810838832925,0.3914281,reported,0.39142810838833003,"|a/a* - 1| 1.985e-15 at tick 23999, within 1e-10",reported
switch A1,E5,is2,nbhd,nbhd rate.*=1.1,p[mach]*2,"E5: a pooled pop ends at a*, within 1e-10 relative",0.39142810838832925,0.3914281,reported,0.3914281083883294,"|a/a* - 1| 4.255e-16 at tick 23999, within 1e-10",reported
switch A1,E5,is2,nbhd,nbhd rate.*=1.1,p[services]*0.5,"E5: a pooled pop ends at a*, within 1e-10 relative",0.39142810838832925,0.3914281,reported,0.3914281083883296,"|a/a* - 1| 8.509e-16 at tick 23999, within 1e-10",reported
switch A1,E5,is2,nbhd,nbhd rate.*=1.1,p[services]*2,"E5: a pooled pop ends at a*, within 1e-10 relative",0.39142810838832925,0.3914281,reported,0.3914281083883306,"|a/a* - 1| 3.404e-15 at tick 23999, within 1e-10",reported
switch A1,E5,is2,nbhd,nbhd rate.*=1.1,res.services.trained=0.01@dated,"E5: a pooled pop ends at a*, within 1e-10 relative",0.667169987202366,0.66717,reported,0.667169987202366,"|a/a* - 1| 0.000e+00 at tick 29999, within 1e-10",reported
switch A1,E5,is2,nbhd,nbhd rate.*=1.1,res.services.trained=0.01@genesis,"E5: a pooled pop ends at a*, within 1e-10 relative",0.667169987202366,0.66717,reported,0.6671699872023665,"|a/a* - 1| 8.320e-16 at tick 23999, within 1e-10",reported
switch A1,E5,is2,nbhd,nbhd rate.*=1.1,s[goods]=0.5,"E5: a pooled pop ends at a*, within 1e-10 relative",0.39142810838832925,0.3914281,reported,0.39142810838832975,"|a/a* - 1| 1.276e-15 at tick 23999, within 1e-10",reported
switch A1,E5,is2,nbhd,nbhd rate.*=1.1,s[services]=0.5,"E5: a pooled pop ends at a*, within 1e-10 relative",0.39142810838832925,0.3914281,reported,0.39142810838833025,"|a/a* - 1| 2.553e-15 at tick 23999, within 1e-10",reported
switch A1,E5,is2,nbhd,nbhd rate.*=1.1,sw[master]=0.5,"E5: a pooled pop ends at a*, within 1e-10 relative",0.39142810838832925,0.3914281,reported,0.39142810838832975,"|a/a* - 1| 1.276e-15 at tick 23999, within 1e-10",reported
switch A1,E5,is2,nbhd,nbhd rate.*=1.1,sw[trained]=0.5,"E5: a pooled pop ends at a*, within 1e-10 relative",0.39142810838832925,0.3914281,reported,0.39142810838832975,"|a/a* - 1| 1.276e-15 at tick 23999, within 1e-10",reported
switch A1,E5,is2,nbhd,nbhd rate.*=1.1,tail.services=0.05@dated,"E5: a pooled pop ends at a*, within 1e-10 relative",0.14475154970860177,0.1447515,reported,0.14475154970860254,"|a/a* - 1| 5.369e-15 at tick 29999, within 1e-10",reported
switch A1,E5,is2,nbhd,nbhd rate.*=1.1,tail.services=0.05@genesis,"E5: a pooled pop ends at a*, within 1e-10 relative",0.14475154970860177,0.1447515,reported,0.14475154970860332,"|a/a* - 1| 1.074e-14 at tick 23999, within 1e-10",reported
switch A1,E5,is2,nbhd,nbhd rate.*=1.1,tail.services=0.2@dated,"E5: a pooled pop ends at a*, within 1e-10 relative",0.6091995878176161,0.6091996,reported,0.609199587817616,"|a/a* - 1| 1.822e-16 at tick 29999, within 1e-10",reported
switch A1,E5,is2,nbhd,nbhd rate.*=1.1,tail.services=0.2@genesis,"E5: a pooled pop ends at a*, within 1e-10 relative",0.6091995878176161,0.6091996,reported,0.6091995878176162,"|a/a* - 1| 1.822e-16 at tick 23999, within 1e-10",reported
switch A1,E5,is2,nbhd,nbhd rate.*=1.1,x*/2,"E5: a pooled pop ends at a*, within 1e-10 relative",0.39142810838832925,0.3914281,reported,0.3914281083883295,"|a/a* - 1| 5.673e-16 at tick 23999, within 1e-10",reported
switch A1,E5,is2,nbhd,nbhd rate.*=1.25,JA(0.5),"E5: a pooled pop ends at a*, within 1e-10 relative",0.39142810838832925,0.3914281,reported,0.39142810838833003,"|a/a* - 1| 1.985e-15 at tick 23999, within 1e-10",reported
switch A1,E5,is2,nbhd,nbhd rate.*=1.25,JA(2),"E5: a pooled pop ends at a*, within 1e-10 relative",0.39142810838832925,0.3914281,reported,0.39142810838832975,"|a/a* - 1| 1.276e-15 at tick 23999, within 1e-10",reported
switch A1,E5,is2,nbhd,nbhd rate.*=1.25,JB(0.5),"E5: a pooled pop ends at a*, within 1e-10 relative",0.39142810838832925,0.3914281,reported,0.39142810838832975,"|a/a* - 1| 1.276e-15 at tick 23999, within 1e-10",reported
switch A1,E5,is2,nbhd,nbhd rate.*=1.25,JB(2),"E5: a pooled pop ends at a*, within 1e-10 relative",0.39142810838832925,0.3914281,reported,0.39142810838833025,"|a/a* - 1| 2.553e-15 at tick 23999, within 1e-10",reported
switch A1,E5,is2,nbhd,nbhd rate.*=1.25,N(0.5),"E5: a pooled pop ends at a*, within 1e-10 relative",0.39142810838832925,0.3914281,reported,0.39142810838832964,"|a/a* - 1| 9.927e-16 at tick 23999, within 1e-10",reported
switch A1,E5,is2,nbhd,nbhd rate.*=1.25,N(2),"E5: a pooled pop ends at a*, within 1e-10 relative",0.39142810838832925,0.3914281,reported,0.3914281083883298,"|a/a* - 1| 1.418e-15 at tick 23999, within 1e-10",reported
switch A1,E5,is2,nbhd,nbhd rate.*=1.25,RC(0.5),"E5: a pooled pop ends at a*, within 1e-10 relative",0.39142810838832925,0.3914281,reported,0.3914281083883295,"|a/a* - 1| 5.673e-16 at tick 23999, within 1e-10",reported
switch A1,E5,is2,nbhd,nbhd rate.*=1.25,RC(2),"E5: a pooled pop ends at a*, within 1e-10 relative",0.39142810838832925,0.3914281,reported,0.39142810838832975,"|a/a* - 1| 1.276e-15 at tick 23999, within 1e-10",reported
switch A1,E5,is2,nbhd,nbhd rate.*=1.25,RW(0.5),"E5: a pooled pop ends at a*, within 1e-10 relative",0.39142810838832925,0.3914281,reported,0.3914281083883299,"|a/a* - 1| 1.702e-15 at tick 23999, within 1e-10",reported
switch A1,E5,is2,nbhd,nbhd rate.*=1.25,RW(2),"E5: a pooled pop ends at a*, within 1e-10 relative",0.39142810838832925,0.3914281,reported,0.39142810838832953,"|a/a* - 1| 7.091e-16 at tick 23999, within 1e-10",reported
switch A1,E5,is2,nbhd,nbhd rate.*=1.25,land.mach=0.2@dated,"E5: a pooled pop ends at a*, within 1e-10 relative",0.387846294928211,0.3878463,reported,0.38784629492821115,"|a/a* - 1| 4.294e-16 at tick 29999, within 1e-10",reported
switch A1,E5,is2,nbhd,nbhd rate.*=1.25,land.mach=0.2@genesis,"E5: a pooled pop ends at a*, within 1e-10 relative",0.387846294928211,0.3878463,reported,0.387846294928211,"|a/a* - 1| 0.000e+00 at tick 23999, within 1e-10",reported
switch A1,E5,is2,nbhd,nbhd rate.*=1.25,land.mach=0.8@dated,"E5: a pooled pop ends at a*, within 1e-10 relative",0.396772523327664,0.3967725,reported,0.39677252332766466,"|a/a* - 1| 1.679e-15 at tick 29999, within 1e-10",reported
switch A1,E5,is2,nbhd,nbhd rate.*=1.25,land.mach=0.8@genesis,"E5: a pooled pop ends at a*, within 1e-10 relative",0.396772523327664,0.3967725,reported,0.39677252332766444,"|a/a* - 1| 1.119e-15 at tick 23999, within 1e-10",reported
switch A1,E5,is2,nbhd,nbhd rate.*=1.25,p[goods]*0.5,"E5: a pooled pop ends at a*, within 1e-10 relative",0.39142810838832925,0.3914281,reported,0.39142810838832853,"|a/a* - 1| 1.844e-15 at tick 23999, within 1e-10",reported
switch A1,E5,is2,nbhd,nbhd rate.*=1.25,p[goods]*2,"E5: a pooled pop ends at a*, within 1e-10 relative",0.39142810838832925,0.3914281,reported,0.3914281083883294,"|a/a* - 1| 4.255e-16 at tick 23999, within 1e-10",reported
switch A1,E5,is2,nbhd,nbhd rate.*=1.25,p[labour.master]*0.5,"E5: a pooled pop ends at a*, within 1e-10 relative",0.39142810838832925,0.3914281,reported,0.39142810838833025,"|a/a* - 1| 2.553e-15 at tick 23999, within 1e-10",reported
switch A1,E5,is2,nbhd,nbhd rate.*=1.25,p[labour.master]*2,"E5: a pooled pop ends at a*, within 1e-10 relative",0.39142810838832925,0.3914281,reported,0.3914281083883301,"|a/a* - 1| 2.127e-15 at tick 23999, within 1e-10",reported
switch A1,E5,is2,nbhd,nbhd rate.*=1.25,p[labour.trained]*0.5,"E5: a pooled pop ends at a*, within 1e-10 relative",0.39142810838832925,0.3914281,reported,0.3914281083883306,"|a/a* - 1| 3.404e-15 at tick 23999, within 1e-10",reported
switch A1,E5,is2,nbhd,nbhd rate.*=1.25,p[labour.trained]*2,"E5: a pooled pop ends at a*, within 1e-10 relative",0.39142810838832925,0.3914281,reported,0.3914281083883304,"|a/a* - 1| 2.978e-15 at tick 23999, within 1e-10",reported
switch A1,E5,is2,nbhd,nbhd rate.*=1.25,p[labour]*0.5,"E5: a pooled pop ends at a*, within 1e-10 relative",0.39142810838832925,0.3914281,reported,0.39142810838833025,"|a/a* - 1| 2.553e-15 at tick 23999, within 1e-10",reported
switch A1,E5,is2,nbhd,nbhd rate.*=1.25,p[labour]*2,"E5: a pooled pop ends at a*, within 1e-10 relative",0.39142810838832925,0.3914281,reported,0.3914281083883299,"|a/a* - 1| 1.702e-15 at tick 23999, within 1e-10",reported
switch A1,E5,is2,nbhd,nbhd rate.*=1.25,p[land]*0.5,"E5: a pooled pop ends at a*, within 1e-10 relative",0.39142810838832925,0.3914281,reported,0.39142810838833053,"|a/a* - 1| 3.262e-15 at tick 23999, within 1e-10",reported
switch A1,E5,is2,nbhd,nbhd rate.*=1.25,p[land]*2,"E5: a pooled pop ends at a*, within 1e-10 relative",0.39142810838832925,0.3914281,reported,0.3914281083883298,"|a/a* - 1| 1.418e-15 at tick 23999, within 1e-10",reported
switch A1,E5,is2,nbhd,nbhd rate.*=1.25,p[mach]*0.5,"E5: a pooled pop ends at a*, within 1e-10 relative",0.39142810838832925,0.3914281,reported,0.39142810838832853,"|a/a* - 1| 1.844e-15 at tick 23999, within 1e-10",reported
switch A1,E5,is2,nbhd,nbhd rate.*=1.25,p[mach]*2,"E5: a pooled pop ends at a*, within 1e-10 relative",0.39142810838832925,0.3914281,reported,0.39142810838833014,"|a/a* - 1| 2.269e-15 at tick 23999, within 1e-10",reported
switch A1,E5,is2,nbhd,nbhd rate.*=1.25,p[services]*0.5,"E5: a pooled pop ends at a*, within 1e-10 relative",0.39142810838832925,0.3914281,reported,0.3914281083883294,"|a/a* - 1| 4.255e-16 at tick 23999, within 1e-10",reported
switch A1,E5,is2,nbhd,nbhd rate.*=1.25,p[services]*2,"E5: a pooled pop ends at a*, within 1e-10 relative",0.39142810838832925,0.3914281,reported,0.39142810838832953,"|a/a* - 1| 7.091e-16 at tick 23999, within 1e-10",reported
switch A1,E5,is2,nbhd,nbhd rate.*=1.25,res.services.trained=0.01@dated,"E5: a pooled pop ends at a*, within 1e-10 relative",0.667169987202366,0.66717,reported,0.6671699872023666,"|a/a* - 1| 9.984e-16 at tick 29999, within 1e-10",reported
switch A1,E5,is2,nbhd,nbhd rate.*=1.25,res.services.trained=0.01@genesis,"E5: a pooled pop ends at a*, within 1e-10 relative",0.667169987202366,0.66717,reported,0.6671699872023661,"|a/a* - 1| 1.664e-16 at tick 23999, within 1e-10",reported
switch A1,E5,is2,nbhd,nbhd rate.*=1.25,s[goods]=0.5,"E5: a pooled pop ends at a*, within 1e-10 relative",0.39142810838832925,0.3914281,reported,0.39142810838832925,"|a/a* - 1| 0.000e+00 at tick 23999, within 1e-10",reported
switch A1,E5,is2,nbhd,nbhd rate.*=1.25,s[services]=0.5,"E5: a pooled pop ends at a*, within 1e-10 relative",0.39142810838832925,0.3914281,reported,0.3914281083883296,"|a/a* - 1| 8.509e-16 at tick 23999, within 1e-10",reported
switch A1,E5,is2,nbhd,nbhd rate.*=1.25,sw[master]=0.5,"E5: a pooled pop ends at a*, within 1e-10 relative",0.39142810838832925,0.3914281,reported,0.39142810838832953,"|a/a* - 1| 7.091e-16 at tick 23999, within 1e-10",reported
switch A1,E5,is2,nbhd,nbhd rate.*=1.25,sw[trained]=0.5,"E5: a pooled pop ends at a*, within 1e-10 relative",0.39142810838832925,0.3914281,reported,0.3914281083883296,"|a/a* - 1| 8.509e-16 at tick 23999, within 1e-10",reported
switch A1,E5,is2,nbhd,nbhd rate.*=1.25,tail.services=0.05@dated,"E5: a pooled pop ends at a*, within 1e-10 relative",0.14475154970860177,0.1447515,reported,0.14475154970860346,"|a/a* - 1| 1.170e-14 at tick 29999, within 1e-10",reported
switch A1,E5,is2,nbhd,nbhd rate.*=1.25,tail.services=0.05@genesis,"E5: a pooled pop ends at a*, within 1e-10 relative",0.14475154970860177,0.1447515,reported,0.14475154970860277,"|a/a* - 1| 6.903e-15 at tick 23999, within 1e-10",reported
switch A1,E5,is2,nbhd,nbhd rate.*=1.25,tail.services=0.2@dated,"E5: a pooled pop ends at a*, within 1e-10 relative",0.6091995878176161,0.6091996,reported,0.6091995878176162,"|a/a* - 1| 1.822e-16 at tick 29999, within 1e-10",reported
switch A1,E5,is2,nbhd,nbhd rate.*=1.25,tail.services=0.2@genesis,"E5: a pooled pop ends at a*, within 1e-10 relative",0.6091995878176161,0.6091996,reported,0.6091995878176165,"|a/a* - 1| 7.290e-16 at tick 23999, within 1e-10",reported
switch A1,E5,is2,nbhd,nbhd rate.*=1.25,x*/2,"E5: a pooled pop ends at a*, within 1e-10 relative",0.39142810838832925,0.3914281,reported,0.39142810838832937,"|a/a* - 1| 2.836e-16 at tick 23999, within 1e-10",reported
switch A1,E5,is2,nbhd,nbhd tilt.*=0.05,JA(0.5),"E5: a pooled pop ends at a*, within 1e-10 relative",0.39142810838832925,0.3914281,reported,0.3914281083883306,"|a/a* - 1| 3.404e-15 at tick 23999, within 1e-10",reported
switch A1,E5,is2,nbhd,nbhd tilt.*=0.05,JA(2),"E5: a pooled pop ends at a*, within 1e-10 relative",0.39142810838832925,0.3914281,reported,0.3914281083883297,"|a/a* - 1| 1.135e-15 at tick 23999, within 1e-10",reported
switch A1,E5,is2,nbhd,nbhd tilt.*=0.05,JB(0.5),"E5: a pooled pop ends at a*, within 1e-10 relative",0.39142810838832925,0.3914281,reported,0.39142810838833086,"|a/a* - 1| 4.113e-15 at tick 23999, within 1e-10",reported
switch A1,E5,is2,nbhd,nbhd tilt.*=0.05,JB(2),"E5: a pooled pop ends at a*, within 1e-10 relative",0.39142810838832925,0.3914281,reported,0.3914281083883309,"|a/a* - 1| 4.255e-15 at tick 23999, within 1e-10",reported
switch A1,E5,is2,nbhd,nbhd tilt.*=0.05,N(0.5),"E5: a pooled pop ends at a*, within 1e-10 relative",0.39142810838832925,0.3914281,reported,0.39142810838833003,"|a/a* - 1| 1.985e-15 at tick 23999, within 1e-10",reported
switch A1,E5,is2,nbhd,nbhd tilt.*=0.05,N(2),"E5: a pooled pop ends at a*, within 1e-10 relative",0.39142810838832925,0.3914281,reported,0.3914281083883305,"|a/a* - 1| 3.120e-15 at tick 23999, within 1e-10",reported
switch A1,E5,is2,nbhd,nbhd tilt.*=0.05,RC(0.5),"E5: a pooled pop ends at a*, within 1e-10 relative",0.39142810838832925,0.3914281,reported,0.39142810838833036,"|a/a* - 1| 2.836e-15 at tick 23999, within 1e-10",reported
switch A1,E5,is2,nbhd,nbhd tilt.*=0.05,RC(2),"E5: a pooled pop ends at a*, within 1e-10 relative",0.39142810838832925,0.3914281,reported,0.3914281083883296,"|a/a* - 1| 8.509e-16 at tick 23999, within 1e-10",reported
switch A1,E5,is2,nbhd,nbhd tilt.*=0.05,RW(0.5),"E5: a pooled pop ends at a*, within 1e-10 relative",0.39142810838832925,0.3914281,reported,0.39142810838833053,"|a/a* - 1| 3.262e-15 at tick 23999, within 1e-10",reported
switch A1,E5,is2,nbhd,nbhd tilt.*=0.05,RW(2),"E5: a pooled pop ends at a*, within 1e-10 relative",0.39142810838832925,0.3914281,reported,0.3914281083883294,"|a/a* - 1| 4.255e-16 at tick 23999, within 1e-10",reported
switch A1,E5,is2,nbhd,nbhd tilt.*=0.05,land.mach=0.2@dated,"E5: a pooled pop ends at a*, within 1e-10 relative",0.387846294928211,0.3878463,reported,0.3878462949282124,"|a/a* - 1| 3.578e-15 at tick 29999, within 1e-10",reported
switch A1,E5,is2,nbhd,nbhd tilt.*=0.05,land.mach=0.2@genesis,"E5: a pooled pop ends at a*, within 1e-10 relative",0.387846294928211,0.3878463,reported,0.3878462949282116,"|a/a* - 1| 1.574e-15 at tick 23999, within 1e-10",reported
switch A1,E5,is2,nbhd,nbhd tilt.*=0.05,land.mach=0.8@dated,"E5: a pooled pop ends at a*, within 1e-10 relative",0.396772523327664,0.3967725,reported,0.39677252332766444,"|a/a* - 1| 1.119e-15 at tick 29999, within 1e-10",reported
switch A1,E5,is2,nbhd,nbhd tilt.*=0.05,land.mach=0.8@genesis,"E5: a pooled pop ends at a*, within 1e-10 relative",0.396772523327664,0.3967725,reported,0.3967725233276654,"|a/a* - 1| 3.498e-15 at tick 23999, within 1e-10",reported
switch A1,E5,is2,nbhd,nbhd tilt.*=0.05,p[goods]*0.5,"E5: a pooled pop ends at a*, within 1e-10 relative",0.39142810838832925,0.3914281,reported,0.39142810838832937,"|a/a* - 1| 2.836e-16 at tick 23999, within 1e-10",reported
switch A1,E5,is2,nbhd,nbhd tilt.*=0.05,p[goods]*2,"E5: a pooled pop ends at a*, within 1e-10 relative",0.39142810838832925,0.3914281,reported,0.39142810838833064,"|a/a* - 1| 3.545e-15 at tick 23999, within 1e-10",reported
switch A1,E5,is2,nbhd,nbhd tilt.*=0.05,p[labour.master]*0.5,"E5: a pooled pop ends at a*, within 1e-10 relative",0.39142810838832925,0.3914281,reported,0.39142810838832937,"|a/a* - 1| 2.836e-16 at tick 23999, within 1e-10",reported
switch A1,E5,is2,nbhd,nbhd tilt.*=0.05,p[labour.master]*2,"E5: a pooled pop ends at a*, within 1e-10 relative",0.39142810838832925,0.3914281,reported,0.391428108388329,"|a/a* - 1| 7.091e-16 at tick 23999, within 1e-10",reported
switch A1,E5,is2,nbhd,nbhd tilt.*=0.05,p[labour.trained]*0.5,"E5: a pooled pop ends at a*, within 1e-10 relative",0.39142810838832925,0.3914281,reported,0.39142810838833064,"|a/a* - 1| 3.545e-15 at tick 23999, within 1e-10",reported
switch A1,E5,is2,nbhd,nbhd tilt.*=0.05,p[labour.trained]*2,"E5: a pooled pop ends at a*, within 1e-10 relative",0.39142810838832925,0.3914281,reported,0.3914281083883295,"|a/a* - 1| 5.673e-16 at tick 23999, within 1e-10",reported
switch A1,E5,is2,nbhd,nbhd tilt.*=0.05,p[labour]*0.5,"E5: a pooled pop ends at a*, within 1e-10 relative",0.39142810838832925,0.3914281,reported,0.3914281083883296,"|a/a* - 1| 8.509e-16 at tick 23999, within 1e-10",reported
switch A1,E5,is2,nbhd,nbhd tilt.*=0.05,p[labour]*2,"E5: a pooled pop ends at a*, within 1e-10 relative",0.39142810838832925,0.3914281,reported,0.39142810838833036,"|a/a* - 1| 2.836e-15 at tick 23999, within 1e-10",reported
switch A1,E5,is2,nbhd,nbhd tilt.*=0.05,p[land]*0.5,"E5: a pooled pop ends at a*, within 1e-10 relative",0.39142810838832925,0.3914281,reported,0.39142810838833,"|a/a* - 1| 1.844e-15 at tick 23999, within 1e-10",reported
switch A1,E5,is2,nbhd,nbhd tilt.*=0.05,p[land]*2,"E5: a pooled pop ends at a*, within 1e-10 relative",0.39142810838832925,0.3914281,reported,0.3914281083883307,"|a/a* - 1| 3.687e-15 at tick 23999, within 1e-10",reported
switch A1,E5,is2,nbhd,nbhd tilt.*=0.05,p[mach]*0.5,"E5: a pooled pop ends at a*, within 1e-10 relative",0.39142810838832925,0.3914281,reported,0.3914281083883301,"|a/a* - 1| 2.127e-15 at tick 23999, within 1e-10",reported
switch A1,E5,is2,nbhd,nbhd tilt.*=0.05,p[mach]*2,"E5: a pooled pop ends at a*, within 1e-10 relative",0.39142810838832925,0.3914281,reported,0.3914281083883307,"|a/a* - 1| 3.687e-15 at tick 23999, within 1e-10",reported
switch A1,E5,is2,nbhd,nbhd tilt.*=0.05,p[services]*0.5,"E5: a pooled pop ends at a*, within 1e-10 relative",0.39142810838832925,0.3914281,reported,0.39142810838833053,"|a/a* - 1| 3.262e-15 at tick 23999, within 1e-10",reported
switch A1,E5,is2,nbhd,nbhd tilt.*=0.05,p[services]*2,"E5: a pooled pop ends at a*, within 1e-10 relative",0.39142810838832925,0.3914281,reported,0.3914281083883289,"|a/a* - 1| 8.509e-16 at tick 23999, within 1e-10",reported
switch A1,E5,is2,nbhd,nbhd tilt.*=0.05,res.services.trained=0.01@dated,"E5: a pooled pop ends at a*, within 1e-10 relative",0.667169987202366,0.66717,reported,0.6671699872023662,"|a/a* - 1| 3.328e-16 at tick 29999, within 1e-10",reported
switch A1,E5,is2,nbhd,nbhd tilt.*=0.05,res.services.trained=0.01@genesis,"E5: a pooled pop ends at a*, within 1e-10 relative",0.667169987202366,0.66717,reported,0.6671699872023658,"|a/a* - 1| 3.328e-16 at tick 23999, within 1e-10",reported
switch A1,E5,is2,nbhd,nbhd tilt.*=0.05,s[goods]=0.5,"E5: a pooled pop ends at a*, within 1e-10 relative",0.39142810838832925,0.3914281,reported,0.3914281083883306,"|a/a* - 1| 3.404e-15 at tick 23999, within 1e-10",reported
switch A1,E5,is2,nbhd,nbhd tilt.*=0.05,s[services]=0.5,"E5: a pooled pop ends at a*, within 1e-10 relative",0.39142810838832925,0.3914281,reported,0.39142810838833003,"|a/a* - 1| 1.985e-15 at tick 23999, within 1e-10",reported
switch A1,E5,is2,nbhd,nbhd tilt.*=0.05,sw[master]=0.5,"E5: a pooled pop ends at a*, within 1e-10 relative",0.39142810838832925,0.3914281,reported,0.3914281083883304,"|a/a* - 1| 2.978e-15 at tick 23999, within 1e-10",reported
switch A1,E5,is2,nbhd,nbhd tilt.*=0.05,sw[trained]=0.5,"E5: a pooled pop ends at a*, within 1e-10 relative",0.39142810838832925,0.3914281,reported,0.3914281083883304,"|a/a* - 1| 2.978e-15 at tick 23999, within 1e-10",reported
switch A1,E5,is2,nbhd,nbhd tilt.*=0.05,tail.services=0.05@dated,"E5: a pooled pop ends at a*, within 1e-10 relative",0.14475154970860177,0.1447515,reported,0.14475154970860277,"|a/a* - 1| 6.903e-15 at tick 29999, within 1e-10",reported
switch A1,E5,is2,nbhd,nbhd tilt.*=0.05,tail.services=0.05@genesis,"E5: a pooled pop ends at a*, within 1e-10 relative",0.14475154970860177,0.1447515,reported,0.14475154970860427,"|a/a* - 1| 1.726e-14 at tick 23999, within 1e-10",reported
switch A1,E5,is2,nbhd,nbhd tilt.*=0.05,tail.services=0.2@dated,"E5: a pooled pop ends at a*, within 1e-10 relative",0.6091995878176161,0.6091996,reported,0.609199587817616,"|a/a* - 1| 1.822e-16 at tick 29999, within 1e-10",reported
switch A1,E5,is2,nbhd,nbhd tilt.*=0.05,tail.services=0.2@genesis,"E5: a pooled pop ends at a*, within 1e-10 relative",0.6091995878176161,0.6091996,reported,0.6091995878176155,"|a/a* - 1| 9.112e-16 at tick 23999, within 1e-10",reported
switch A1,E5,is2,nbhd,nbhd tilt.*=0.05,x*/2,"E5: a pooled pop ends at a*, within 1e-10 relative",0.39142810838832925,0.3914281,reported,0.39142810838832964,"|a/a* - 1| 9.927e-16 at tick 23999, within 1e-10",reported
switch A1,E5,is2,nbhd,nbhd tilt.*=0.1,JA(0.5),"E5: a pooled pop ends at a*, within 1e-10 relative",0.39142810838832925,0.3914281,reported,0.39142810838832975,"|a/a* - 1| 1.276e-15 at tick 23999, within 1e-10",reported
switch A1,E5,is2,nbhd,nbhd tilt.*=0.1,JA(2),"E5: a pooled pop ends at a*, within 1e-10 relative",0.39142810838832925,0.3914281,reported,0.3914281083883297,"|a/a* - 1| 1.135e-15 at tick 23999, within 1e-10",reported
switch A1,E5,is2,nbhd,nbhd tilt.*=0.1,JB(0.5),"E5: a pooled pop ends at a*, within 1e-10 relative",0.39142810838832925,0.3914281,reported,0.3914281083883297,"|a/a* - 1| 1.135e-15 at tick 23999, within 1e-10",reported
switch A1,E5,is2,nbhd,nbhd tilt.*=0.1,JB(2),"E5: a pooled pop ends at a*, within 1e-10 relative",0.39142810838832925,0.3914281,reported,0.3914281083883288,"|a/a* - 1| 1.135e-15 at tick 23999, within 1e-10",reported
switch A1,E5,is2,nbhd,nbhd tilt.*=0.1,N(0.5),"E5: a pooled pop ends at a*, within 1e-10 relative",0.39142810838832925,0.3914281,reported,0.3914281083883284,"|a/a* - 1| 2.127e-15 at tick 23999, within 1e-10",reported
switch A1,E5,is2,nbhd,nbhd tilt.*=0.1,N(2),"E5: a pooled pop ends at a*, within 1e-10 relative",0.39142810838832925,0.3914281,reported,0.3914281083883305,"|a/a* - 1| 3.120e-15 at tick 23999, within 1e-10",reported
switch A1,E5,is2,nbhd,nbhd tilt.*=0.1,RC(0.5),"E5: a pooled pop ends at a*, within 1e-10 relative",0.39142810838832925,0.3914281,reported,0.39142810838833,"|a/a* - 1| 1.844e-15 at tick 23999, within 1e-10",reported
switch A1,E5,is2,nbhd,nbhd tilt.*=0.1,RC(2),"E5: a pooled pop ends at a*, within 1e-10 relative",0.39142810838832925,0.3914281,reported,0.3914281083883301,"|a/a* - 1| 2.127e-15 at tick 23999, within 1e-10",reported
switch A1,E5,is2,nbhd,nbhd tilt.*=0.1,RW(0.5),"E5: a pooled pop ends at a*, within 1e-10 relative",0.39142810838832925,0.3914281,reported,0.39142810838833086,"|a/a* - 1| 4.113e-15 at tick 23999, within 1e-10",reported
switch A1,E5,is2,nbhd,nbhd tilt.*=0.1,RW(2),"E5: a pooled pop ends at a*, within 1e-10 relative",0.39142810838832925,0.3914281,reported,0.39142810838832987,"|a/a* - 1| 1.560e-15 at tick 23999, within 1e-10",reported
switch A1,E5,is2,nbhd,nbhd tilt.*=0.1,land.mach=0.2@dated,"E5: a pooled pop ends at a*, within 1e-10 relative",0.387846294928211,0.3878463,reported,0.38784629492821154,"|a/a* - 1| 1.431e-15 at tick 29999, within 1e-10",reported
switch A1,E5,is2,nbhd,nbhd tilt.*=0.1,land.mach=0.2@genesis,"E5: a pooled pop ends at a*, within 1e-10 relative",0.387846294928211,0.3878463,reported,0.38784629492821093,"|a/a* - 1| 1.431e-16 at tick 23999, within 1e-10",reported
switch A1,E5,is2,nbhd,nbhd tilt.*=0.1,land.mach=0.8@dated,"E5: a pooled pop ends at a*, within 1e-10 relative",0.396772523327664,0.3967725,reported,0.3967725233276656,"|a/a* - 1| 4.057e-15 at tick 29999, within 1e-10",reported
switch A1,E5,is2,nbhd,nbhd tilt.*=0.1,land.mach=0.8@genesis,"E5: a pooled pop ends at a*, within 1e-10 relative",0.396772523327664,0.3967725,reported,0.39677252332766466,"|a/a* - 1| 1.679e-15 at tick 23999, within 1e-10",reported
switch A1,E5,is2,nbhd,nbhd tilt.*=0.1,p[goods]*0.5,"E5: a pooled pop ends at a*, within 1e-10 relative",0.39142810838832925,0.3914281,reported,0.3914281083883288,"|a/a* - 1| 1.135e-15 at tick 23999, within 1e-10",reported
switch A1,E5,is2,nbhd,nbhd tilt.*=0.1,p[goods]*2,"E5: a pooled pop ends at a*, within 1e-10 relative",0.39142810838832925,0.3914281,reported,0.39142810838832964,"|a/a* - 1| 9.927e-16 at tick 23999, within 1e-10",reported
switch A1,E5,is2,nbhd,nbhd tilt.*=0.1,p[labour.master]*0.5,"E5: a pooled pop ends at a*, within 1e-10 relative",0.39142810838832925,0.3914281,reported,0.3914281083883305,"|a/a* - 1| 3.120e-15 at tick 23999, within 1e-10",reported
switch A1,E5,is2,nbhd,nbhd tilt.*=0.1,p[labour.master]*2,"E5: a pooled pop ends at a*, within 1e-10 relative",0.39142810838832925,0.3914281,reported,0.3914281083883302,"|a/a* - 1| 2.411e-15 at tick 23999, within 1e-10",reported
switch A1,E5,is2,nbhd,nbhd tilt.*=0.1,p[labour.trained]*0.5,"E5: a pooled pop ends at a*, within 1e-10 relative",0.39142810838832925,0.3914281,reported,0.3914281083883301,"|a/a* - 1| 2.127e-15 at tick 23999, within 1e-10",reported
switch A1,E5,is2,nbhd,nbhd tilt.*=0.1,p[labour.trained]*2,"E5: a pooled pop ends at a*, within 1e-10 relative",0.39142810838832925,0.3914281,reported,0.39142810838833053,"|a/a* - 1| 3.262e-15 at tick 23999, within 1e-10",reported
switch A1,E5,is2,nbhd,nbhd tilt.*=0.1,p[labour]*0.5,"E5: a pooled pop ends at a*, within 1e-10 relative",0.39142810838832925,0.3914281,reported,0.3914281083883298,"|a/a* - 1| 1.418e-15 at tick 23999, within 1e-10",reported
switch A1,E5,is2,nbhd,nbhd tilt.*=0.1,p[labour]*2,"E5: a pooled pop ends at a*, within 1e-10 relative",0.39142810838832925,0.3914281,reported,0.39142810838833025,"|a/a* - 1| 2.553e-15 at tick 23999, within 1e-10",reported
switch A1,E5,is2,nbhd,nbhd tilt.*=0.1,p[land]*0.5,"E5: a pooled pop ends at a*, within 1e-10 relative",0.39142810838832925,0.3914281,reported,0.39142810838832903,"|a/a* - 1| 5.673e-16 at tick 23999, within 1e-10",reported
switch A1,E5,is2,nbhd,nbhd tilt.*=0.1,p[land]*2,"E5: a pooled pop ends at a*, within 1e-10 relative",0.39142810838832925,0.3914281,reported,0.39142810838832987,"|a/a* - 1| 1.560e-15 at tick 23999, within 1e-10",reported
switch A1,E5,is2,nbhd,nbhd tilt.*=0.1,p[mach]*0.5,"E5: a pooled pop ends at a*, within 1e-10 relative",0.39142810838832925,0.3914281,reported,0.3914281083883289,"|a/a* - 1| 8.509e-16 at tick 23999, within 1e-10",reported
switch A1,E5,is2,nbhd,nbhd tilt.*=0.1,p[mach]*2,"E5: a pooled pop ends at a*, within 1e-10 relative",0.39142810838832925,0.3914281,reported,0.39142810838833014,"|a/a* - 1| 2.269e-15 at tick 23999, within 1e-10",reported
switch A1,E5,is2,nbhd,nbhd tilt.*=0.1,p[services]*0.5,"E5: a pooled pop ends at a*, within 1e-10 relative",0.39142810838832925,0.3914281,reported,0.39142810838833036,"|a/a* - 1| 2.836e-15 at tick 23999, within 1e-10",reported
switch A1,E5,is2,nbhd,nbhd tilt.*=0.1,p[services]*2,"E5: a pooled pop ends at a*, within 1e-10 relative",0.39142810838832925,0.3914281,reported,0.39142810838832937,"|a/a* - 1| 2.836e-16 at tick 23999, within 1e-10",reported
switch A1,E5,is2,nbhd,nbhd tilt.*=0.1,res.services.trained=0.01@dated,"E5: a pooled pop ends at a*, within 1e-10 relative",0.667169987202366,0.66717,reported,0.6671699872023664,"|a/a* - 1| 6.656e-16 at tick 29999, within 1e-10",reported
switch A1,E5,is2,nbhd,nbhd tilt.*=0.1,res.services.trained=0.01@genesis,"E5: a pooled pop ends at a*, within 1e-10 relative",0.667169987202366,0.66717,reported,0.6671699872023668,"|a/a* - 1| 1.165e-15 at tick 23999, within 1e-10",reported
switch A1,E5,is2,nbhd,nbhd tilt.*=0.1,s[goods]=0.5,"E5: a pooled pop ends at a*, within 1e-10 relative",0.39142810838832925,0.3914281,reported,0.3914281083883301,"|a/a* - 1| 2.127e-15 at tick 23999, within 1e-10",reported
switch A1,E5,is2,nbhd,nbhd tilt.*=0.1,s[services]=0.5,"E5: a pooled pop ends at a*, within 1e-10 relative",0.39142810838832925,0.3914281,reported,0.39142810838833014,"|a/a* - 1| 2.269e-15 at tick 23999, within 1e-10",reported
switch A1,E5,is2,nbhd,nbhd tilt.*=0.1,sw[master]=0.5,"E5: a pooled pop ends at a*, within 1e-10 relative",0.39142810838832925,0.3914281,reported,0.39142810838833053,"|a/a* - 1| 3.262e-15 at tick 23999, within 1e-10",reported
switch A1,E5,is2,nbhd,nbhd tilt.*=0.1,sw[trained]=0.5,"E5: a pooled pop ends at a*, within 1e-10 relative",0.39142810838832925,0.3914281,reported,0.39142810838832914,"|a/a* - 1| 2.836e-16 at tick 23999, within 1e-10",reported
switch A1,E5,is2,nbhd,nbhd tilt.*=0.1,tail.services=0.05@dated,"E5: a pooled pop ends at a*, within 1e-10 relative",0.14475154970860177,0.1447515,reported,0.14475154970860363,"|a/a* - 1| 1.285e-14 at tick 29999, within 1e-10",reported
switch A1,E5,is2,nbhd,nbhd tilt.*=0.1,tail.services=0.05@genesis,"E5: a pooled pop ends at a*, within 1e-10 relative",0.14475154970860177,0.1447515,reported,0.1447515497086033,"|a/a* - 1| 1.055e-14 at tick 23999, within 1e-10",reported
switch A1,E5,is2,nbhd,nbhd tilt.*=0.1,tail.services=0.2@dated,"E5: a pooled pop ends at a*, within 1e-10 relative",0.6091995878176161,0.6091996,reported,0.6091995878176157,"|a/a* - 1| 5.467e-16 at tick 29999, within 1e-10",reported
switch A1,E5,is2,nbhd,nbhd tilt.*=0.1,tail.services=0.2@genesis,"E5: a pooled pop ends at a*, within 1e-10 relative",0.6091995878176161,0.6091996,reported,0.6091995878176163,"|a/a* - 1| 3.645e-16 at tick 23999, within 1e-10",reported
switch A1,E5,is2,nbhd,nbhd tilt.*=0.1,x*/2,"E5: a pooled pop ends at a*, within 1e-10 relative",0.39142810838832925,0.3914281,reported,0.3914281083883298,"|a/a* - 1| 1.418e-15 at tick 23999, within 1e-10",reported
switch A1,E5,is2,nbhd,nbhd tilt.*=0.25,JA(0.5),"E5: a pooled pop ends at a*, within 1e-10 relative",0.39142810838832925,0.3914281,reported,0.3914281083883295,"|a/a* - 1| 5.673e-16 at tick 23999, within 1e-10",reported
switch A1,E5,is2,nbhd,nbhd tilt.*=0.25,JA(2),"E5: a pooled pop ends at a*, within 1e-10 relative",0.39142810838832925,0.3914281,reported,0.3914281083883307,"|a/a* - 1| 3.687e-15 at tick 23999, within 1e-10",reported
switch A1,E5,is2,nbhd,nbhd tilt.*=0.25,JB(0.5),"E5: a pooled pop ends at a*, within 1e-10 relative",0.39142810838832925,0.3914281,reported,0.3914281083883293,"|a/a* - 1| 1.418e-16 at tick 23999, within 1e-10",reported
switch A1,E5,is2,nbhd,nbhd tilt.*=0.25,JB(2),"E5: a pooled pop ends at a*, within 1e-10 relative",0.39142810838832925,0.3914281,reported,0.39142810838833014,"|a/a* - 1| 2.269e-15 at tick 23999, within 1e-10",reported
switch A1,E5,is2,nbhd,nbhd tilt.*=0.25,N(0.5),"E5: a pooled pop ends at a*, within 1e-10 relative",0.39142810838832925,0.3914281,reported,0.3914281083883289,"|a/a* - 1| 8.509e-16 at tick 23999, within 1e-10",reported
switch A1,E5,is2,nbhd,nbhd tilt.*=0.25,N(2),"E5: a pooled pop ends at a*, within 1e-10 relative",0.39142810838832925,0.3914281,reported,0.39142810838832914,"|a/a* - 1| 2.836e-16 at tick 23999, within 1e-10",reported
switch A1,E5,is2,nbhd,nbhd tilt.*=0.25,RC(0.5),"E5: a pooled pop ends at a*, within 1e-10 relative",0.39142810838832925,0.3914281,reported,0.39142810838833064,"|a/a* - 1| 3.545e-15 at tick 23999, within 1e-10",reported
switch A1,E5,is2,nbhd,nbhd tilt.*=0.25,RC(2),"E5: a pooled pop ends at a*, within 1e-10 relative",0.39142810838832925,0.3914281,reported,0.391428108388331,"|a/a* - 1| 4.396e-15 at tick 23999, within 1e-10",reported
switch A1,E5,is2,nbhd,nbhd tilt.*=0.25,RW(0.5),"E5: a pooled pop ends at a*, within 1e-10 relative",0.39142810838832925,0.3914281,reported,0.39142810838833075,"|a/a* - 1| 3.829e-15 at tick 23999, within 1e-10",reported
switch A1,E5,is2,nbhd,nbhd tilt.*=0.25,RW(2),"E5: a pooled pop ends at a*, within 1e-10 relative",0.39142810838832925,0.3914281,reported,0.3914281083883295,"|a/a* - 1| 5.673e-16 at tick 23999, within 1e-10",reported
switch A1,E5,is2,nbhd,nbhd tilt.*=0.25,land.mach=0.2@dated,"E5: a pooled pop ends at a*, within 1e-10 relative",0.387846294928211,0.3878463,reported,0.38784629492821165,"|a/a* - 1| 1.718e-15 at tick 29999, within 1e-10",reported
switch A1,E5,is2,nbhd,nbhd tilt.*=0.25,land.mach=0.2@genesis,"E5: a pooled pop ends at a*, within 1e-10 relative",0.387846294928211,0.3878463,reported,0.38784629492821177,"|a/a* - 1| 2.004e-15 at tick 23999, within 1e-10",reported
switch A1,E5,is2,nbhd,nbhd tilt.*=0.25,land.mach=0.8@dated,"E5: a pooled pop ends at a*, within 1e-10 relative",0.396772523327664,0.3967725,reported,0.39677252332766444,"|a/a* - 1| 1.119e-15 at tick 29999, within 1e-10",reported
switch A1,E5,is2,nbhd,nbhd tilt.*=0.25,land.mach=0.8@genesis,"E5: a pooled pop ends at a*, within 1e-10 relative",0.396772523327664,0.3967725,reported,0.39677252332766344,"|a/a* - 1| 1.399e-15 at tick 23999, within 1e-10",reported
switch A1,E5,is2,nbhd,nbhd tilt.*=0.25,p[goods]*0.5,"E5: a pooled pop ends at a*, within 1e-10 relative",0.39142810838832925,0.3914281,reported,0.3914281083883304,"|a/a* - 1| 2.978e-15 at tick 23999, within 1e-10",reported
switch A1,E5,is2,nbhd,nbhd tilt.*=0.25,p[goods]*2,"E5: a pooled pop ends at a*, within 1e-10 relative",0.39142810838832925,0.3914281,reported,0.3914281083883295,"|a/a* - 1| 5.673e-16 at tick 23999, within 1e-10",reported
switch A1,E5,is2,nbhd,nbhd tilt.*=0.25,p[labour.master]*0.5,"E5: a pooled pop ends at a*, within 1e-10 relative",0.39142810838832925,0.3914281,reported,0.39142810838833036,"|a/a* - 1| 2.836e-15 at tick 23999, within 1e-10",reported
switch A1,E5,is2,nbhd,nbhd tilt.*=0.25,p[labour.master]*2,"E5: a pooled pop ends at a*, within 1e-10 relative",0.39142810838832925,0.3914281,reported,0.39142810838833103,"|a/a* - 1| 4.538e-15 at tick 23999, within 1e-10",reported
switch A1,E5,is2,nbhd,nbhd tilt.*=0.25,p[labour.trained]*0.5,"E5: a pooled pop ends at a*, within 1e-10 relative",0.39142810838832925,0.3914281,reported,0.39142810838832975,"|a/a* - 1| 1.276e-15 at tick 23999, within 1e-10",reported
switch A1,E5,is2,nbhd,nbhd tilt.*=0.25,p[labour.trained]*2,"E5: a pooled pop ends at a*, within 1e-10 relative",0.39142810838832925,0.3914281,reported,0.39142810838833053,"|a/a* - 1| 3.262e-15 at tick 23999, within 1e-10",reported
switch A1,E5,is2,nbhd,nbhd tilt.*=0.25,p[labour]*0.5,"E5: a pooled pop ends at a*, within 1e-10 relative",0.39142810838832925,0.3914281,reported,0.3914281083883305,"|a/a* - 1| 3.120e-15 at tick 23999, within 1e-10",reported
switch A1,E5,is2,nbhd,nbhd tilt.*=0.25,p[labour]*2,"E5: a pooled pop ends at a*, within 1e-10 relative",0.39142810838832925,0.3914281,reported,0.3914281083883292,"|a/a* - 1| 1.418e-16 at tick 23999, within 1e-10",reported
switch A1,E5,is2,nbhd,nbhd tilt.*=0.25,p[land]*0.5,"E5: a pooled pop ends at a*, within 1e-10 relative",0.39142810838832925,0.3914281,reported,0.3914281083883302,"|a/a* - 1| 2.411e-15 at tick 23999, within 1e-10",reported
switch A1,E5,is2,nbhd,nbhd tilt.*=0.25,p[land]*2,"E5: a pooled pop ends at a*, within 1e-10 relative",0.39142810838832925,0.3914281,reported,0.39142810838832987,"|a/a* - 1| 1.560e-15 at tick 23999, within 1e-10",reported
switch A1,E5,is2,nbhd,nbhd tilt.*=0.25,p[mach]*0.5,"E5: a pooled pop ends at a*, within 1e-10 relative",0.39142810838832925,0.3914281,reported,0.3914281083883297,"|a/a* - 1| 1.135e-15 at tick 23999, within 1e-10",reported
switch A1,E5,is2,nbhd,nbhd tilt.*=0.25,p[mach]*2,"E5: a pooled pop ends at a*, within 1e-10 relative",0.39142810838832925,0.3914281,reported,0.3914281083883306,"|a/a* - 1| 3.404e-15 at tick 23999, within 1e-10",reported
switch A1,E5,is2,nbhd,nbhd tilt.*=0.25,p[services]*0.5,"E5: a pooled pop ends at a*, within 1e-10 relative",0.39142810838832925,0.3914281,reported,0.39142810838833014,"|a/a* - 1| 2.269e-15 at tick 23999, within 1e-10",reported
switch A1,E5,is2,nbhd,nbhd tilt.*=0.25,p[services]*2,"E5: a pooled pop ends at a*, within 1e-10 relative",0.39142810838832925,0.3914281,reported,0.39142810838833064,"|a/a* - 1| 3.545e-15 at tick 23999, within 1e-10",reported
switch A1,E5,is2,nbhd,nbhd tilt.*=0.25,res.services.trained=0.01@dated,"E5: a pooled pop ends at a*, within 1e-10 relative",0.667169987202366,0.66717,reported,0.6671699872023658,"|a/a* - 1| 3.328e-16 at tick 29999, within 1e-10",reported
switch A1,E5,is2,nbhd,nbhd tilt.*=0.25,res.services.trained=0.01@genesis,"E5: a pooled pop ends at a*, within 1e-10 relative",0.667169987202366,0.66717,reported,0.6671699872023668,"|a/a* - 1| 1.165e-15 at tick 23999, within 1e-10",reported
switch A1,E5,is2,nbhd,nbhd tilt.*=0.25,s[goods]=0.5,"E5: a pooled pop ends at a*, within 1e-10 relative",0.39142810838832925,0.3914281,reported,0.3914281083883296,"|a/a* - 1| 8.509e-16 at tick 23999, within 1e-10",reported
switch A1,E5,is2,nbhd,nbhd tilt.*=0.25,s[services]=0.5,"E5: a pooled pop ends at a*, within 1e-10 relative",0.39142810838832925,0.3914281,reported,0.39142810838832903,"|a/a* - 1| 5.673e-16 at tick 23999, within 1e-10",reported
switch A1,E5,is2,nbhd,nbhd tilt.*=0.25,sw[master]=0.5,"E5: a pooled pop ends at a*, within 1e-10 relative",0.39142810838832925,0.3914281,reported,0.3914281083883305,"|a/a* - 1| 3.120e-15 at tick 23999, within 1e-10",reported
switch A1,E5,is2,nbhd,nbhd tilt.*=0.25,sw[trained]=0.5,"E5: a pooled pop ends at a*, within 1e-10 relative",0.39142810838832925,0.3914281,reported,0.3914281083883296,"|a/a* - 1| 8.509e-16 at tick 23999, within 1e-10",reported
switch A1,E5,is2,nbhd,nbhd tilt.*=0.25,tail.services=0.05@dated,"E5: a pooled pop ends at a*, within 1e-10 relative",0.14475154970860177,0.1447515,reported,0.1447515497086032,"|a/a* - 1| 9.971e-15 at tick 29999, within 1e-10",reported
switch A1,E5,is2,nbhd,nbhd tilt.*=0.25,tail.services=0.05@genesis,"E5: a pooled pop ends at a*, within 1e-10 relative",0.14475154970860177,0.1447515,reported,0.14475154970860335,"|a/a* - 1| 1.093e-14 at tick 23999, within 1e-10",reported
switch A1,E5,is2,nbhd,nbhd tilt.*=0.25,tail.services=0.2@dated,"E5: a pooled pop ends at a*, within 1e-10 relative",0.6091995878176161,0.6091996,reported,0.6091995878176166,"|a/a* - 1| 9.112e-16 at tick 29999, within 1e-10",reported
switch A1,E5,is2,nbhd,nbhd tilt.*=0.25,tail.services=0.2@genesis,"E5: a pooled pop ends at a*, within 1e-10 relative",0.6091995878176161,0.6091996,reported,0.6091995878176156,"|a/a* - 1| 7.290e-16 at tick 23999, within 1e-10",reported
switch A1,E5,is2,nbhd,nbhd tilt.*=0.25,x*/2,"E5: a pooled pop ends at a*, within 1e-10 relative",0.39142810838832925,0.3914281,reported,0.39142810838832987,"|a/a* - 1| 1.560e-15 at tick 23999, within 1e-10",reported
switch A1,E5,is2,nbhd,nbhd tilt.*=0.5,JA(0.5),"E5: a pooled pop ends at a*, within 1e-10 relative",0.39142810838832925,0.3914281,reported,0.39142810838832975,"|a/a* - 1| 1.276e-15 at tick 23999, within 1e-10",reported
switch A1,E5,is2,nbhd,nbhd tilt.*=0.5,JA(2),"E5: a pooled pop ends at a*, within 1e-10 relative",0.39142810838832925,0.3914281,reported,0.3914281083883299,"|a/a* - 1| 1.702e-15 at tick 23999, within 1e-10",reported
switch A1,E5,is2,nbhd,nbhd tilt.*=0.5,JB(0.5),"E5: a pooled pop ends at a*, within 1e-10 relative",0.39142810838832925,0.3914281,reported,0.391428108388331,"|a/a* - 1| 4.396e-15 at tick 23999, within 1e-10",reported
switch A1,E5,is2,nbhd,nbhd tilt.*=0.5,JB(2),"E5: a pooled pop ends at a*, within 1e-10 relative",0.39142810838832925,0.3914281,reported,0.39142810838833086,"|a/a* - 1| 4.113e-15 at tick 23999, within 1e-10",reported
switch A1,E5,is2,nbhd,nbhd tilt.*=0.5,N(0.5),"E5: a pooled pop ends at a*, within 1e-10 relative",0.39142810838832925,0.3914281,reported,0.3914281083883295,"|a/a* - 1| 5.673e-16 at tick 23999, within 1e-10",reported
switch A1,E5,is2,nbhd,nbhd tilt.*=0.5,N(2),"E5: a pooled pop ends at a*, within 1e-10 relative",0.39142810838832925,0.3914281,reported,0.39142810838832925,"|a/a* - 1| 0.000e+00 at tick 23999, within 1e-10",reported
switch A1,E5,is2,nbhd,nbhd tilt.*=0.5,RC(0.5),"E5: a pooled pop ends at a*, within 1e-10 relative",0.39142810838832925,0.3914281,reported,0.39142810838832987,"|a/a* - 1| 1.560e-15 at tick 23999, within 1e-10",reported
switch A1,E5,is2,nbhd,nbhd tilt.*=0.5,RC(2),"E5: a pooled pop ends at a*, within 1e-10 relative",0.39142810838832925,0.3914281,reported,0.3914281083883301,"|a/a* - 1| 2.127e-15 at tick 23999, within 1e-10",reported
switch A1,E5,is2,nbhd,nbhd tilt.*=0.5,RW(0.5),"E5: a pooled pop ends at a*, within 1e-10 relative",0.39142810838832925,0.3914281,reported,0.39142810838833036,"|a/a* - 1| 2.836e-15 at tick 23999, within 1e-10",reported
switch A1,E5,is2,nbhd,nbhd tilt.*=0.5,RW(2),"E5: a pooled pop ends at a*, within 1e-10 relative",0.39142810838832925,0.3914281,reported,0.39142810838833014,"|a/a* - 1| 2.269e-15 at tick 23999, within 1e-10",reported
switch A1,E5,is2,nbhd,nbhd tilt.*=0.5,land.mach=0.2@dated,"E5: a pooled pop ends at a*, within 1e-10 relative",0.387846294928211,0.3878463,reported,0.38784629492821243,"|a/a* - 1| 3.721e-15 at tick 29999, within 1e-10",reported
switch A1,E5,is2,nbhd,nbhd tilt.*=0.5,land.mach=0.2@genesis,"E5: a pooled pop ends at a*, within 1e-10 relative",0.387846294928211,0.3878463,reported,0.38784629492821077,"|a/a* - 1| 5.725e-16 at tick 23999, within 1e-10",reported
switch A1,E5,is2,nbhd,nbhd tilt.*=0.5,land.mach=0.8@dated,"E5: a pooled pop ends at a*, within 1e-10 relative",0.396772523327664,0.3967725,reported,0.39677252332766483,"|a/a* - 1| 2.099e-15 at tick 29999, within 1e-10",reported
switch A1,E5,is2,nbhd,nbhd tilt.*=0.5,land.mach=0.8@genesis,"E5: a pooled pop ends at a*, within 1e-10 relative",0.396772523327664,0.3967725,reported,0.3967725233276643,"|a/a* - 1| 6.995e-16 at tick 23999, within 1e-10",reported
switch A1,E5,is2,nbhd,nbhd tilt.*=0.5,p[goods]*0.5,"E5: a pooled pop ends at a*, within 1e-10 relative",0.39142810838832925,0.3914281,reported,0.39142810838832987,"|a/a* - 1| 1.560e-15 at tick 23999, within 1e-10",reported
switch A1,E5,is2,nbhd,nbhd tilt.*=0.5,p[goods]*2,"E5: a pooled pop ends at a*, within 1e-10 relative",0.39142810838832925,0.3914281,reported,0.3914281083883303,"|a/a* - 1| 2.695e-15 at tick 23999, within 1e-10",reported
switch A1,E5,is2,nbhd,nbhd tilt.*=0.5,p[labour.master]*0.5,"E5: a pooled pop ends at a*, within 1e-10 relative",0.39142810838832925,0.3914281,reported,0.3914281083883308,"|a/a* - 1| 3.971e-15 at tick 23999, within 1e-10",reported
switch A1,E5,is2,nbhd,nbhd tilt.*=0.5,p[labour.master]*2,"E5: a pooled pop ends at a*, within 1e-10 relative",0.39142810838832925,0.3914281,reported,0.39142810838833036,"|a/a* - 1| 2.836e-15 at tick 23999, within 1e-10",reported
switch A1,E5,is2,nbhd,nbhd tilt.*=0.5,p[labour.trained]*0.5,"E5: a pooled pop ends at a*, within 1e-10 relative",0.39142810838832925,0.3914281,reported,0.39142810838833075,"|a/a* - 1| 3.829e-15 at tick 23999, within 1e-10",reported
switch A1,E5,is2,nbhd,nbhd tilt.*=0.5,p[labour.trained]*2,"E5: a pooled pop ends at a*, within 1e-10 relative",0.39142810838832925,0.3914281,reported,0.3914281083883308,"|a/a* - 1| 3.971e-15 at tick 23999, within 1e-10",reported
switch A1,E5,is2,nbhd,nbhd tilt.*=0.5,p[labour]*0.5,"E5: a pooled pop ends at a*, within 1e-10 relative",0.39142810838832925,0.3914281,reported,0.39142810838832964,"|a/a* - 1| 9.927e-16 at tick 23999, within 1e-10",reported
switch A1,E5,is2,nbhd,nbhd tilt.*=0.5,p[labour]*2,"E5: a pooled pop ends at a*, within 1e-10 relative",0.39142810838832925,0.3914281,reported,0.39142810838832987,"|a/a* - 1| 1.560e-15 at tick 23999, within 1e-10",reported
switch A1,E5,is2,nbhd,nbhd tilt.*=0.5,p[land]*0.5,"E5: a pooled pop ends at a*, within 1e-10 relative",0.39142810838832925,0.3914281,reported,0.39142810838832964,"|a/a* - 1| 9.927e-16 at tick 23999, within 1e-10",reported
switch A1,E5,is2,nbhd,nbhd tilt.*=0.5,p[land]*2,"E5: a pooled pop ends at a*, within 1e-10 relative",0.39142810838832925,0.3914281,reported,0.3914281083883308,"|a/a* - 1| 3.971e-15 at tick 23999, within 1e-10",reported
switch A1,E5,is2,nbhd,nbhd tilt.*=0.5,p[mach]*0.5,"E5: a pooled pop ends at a*, within 1e-10 relative",0.39142810838832925,0.3914281,reported,0.3914281083883293,"|a/a* - 1| 1.418e-16 at tick 23999, within 1e-10",reported
switch A1,E5,is2,nbhd,nbhd tilt.*=0.5,p[mach]*2,"E5: a pooled pop ends at a*, within 1e-10 relative",0.39142810838832925,0.3914281,reported,0.3914281083883292,"|a/a* - 1| 1.418e-16 at tick 23999, within 1e-10",reported
switch A1,E5,is2,nbhd,nbhd tilt.*=0.5,p[services]*0.5,"E5: a pooled pop ends at a*, within 1e-10 relative",0.39142810838832925,0.3914281,reported,0.39142810838832964,"|a/a* - 1| 9.927e-16 at tick 23999, within 1e-10",reported
switch A1,E5,is2,nbhd,nbhd tilt.*=0.5,p[services]*2,"E5: a pooled pop ends at a*, within 1e-10 relative",0.39142810838832925,0.3914281,reported,0.39142810838833025,"|a/a* - 1| 2.553e-15 at tick 23999, within 1e-10",reported
switch A1,E5,is2,nbhd,nbhd tilt.*=0.5,res.services.trained=0.01@dated,"E5: a pooled pop ends at a*, within 1e-10 relative",0.667169987202366,0.66717,reported,0.6671699872023653,"|a/a* - 1| 9.984e-16 at tick 29999, within 1e-10",reported
switch A1,E5,is2,nbhd,nbhd tilt.*=0.5,res.services.trained=0.01@genesis,"E5: a pooled pop ends at a*, within 1e-10 relative",0.667169987202366,0.66717,reported,0.6671699872023663,"|a/a* - 1| 4.992e-16 at tick 23999, within 1e-10",reported
switch A1,E5,is2,nbhd,nbhd tilt.*=0.5,s[goods]=0.5,"E5: a pooled pop ends at a*, within 1e-10 relative",0.39142810838832925,0.3914281,reported,0.39142810838832987,"|a/a* - 1| 1.560e-15 at tick 23999, within 1e-10",reported
switch A1,E5,is2,nbhd,nbhd tilt.*=0.5,s[services]=0.5,"E5: a pooled pop ends at a*, within 1e-10 relative",0.39142810838832925,0.3914281,reported,0.3914281083883306,"|a/a* - 1| 3.404e-15 at tick 23999, within 1e-10",reported
switch A1,E5,is2,nbhd,nbhd tilt.*=0.5,sw[master]=0.5,"E5: a pooled pop ends at a*, within 1e-10 relative",0.39142810838832925,0.3914281,reported,0.391428108388329,"|a/a* - 1| 7.091e-16 at tick 23999, within 1e-10",reported
switch A1,E5,is2,nbhd,nbhd tilt.*=0.5,sw[trained]=0.5,"E5: a pooled pop ends at a*, within 1e-10 relative",0.39142810838832925,0.3914281,reported,0.39142810838832925,"|a/a* - 1| 0.000e+00 at tick 23999, within 1e-10",reported
switch A1,E5,is2,nbhd,nbhd tilt.*=0.5,tail.services=0.05@dated,"E5: a pooled pop ends at a*, within 1e-10 relative",0.14475154970860177,0.1447515,reported,0.1447515497086032,"|a/a* - 1| 9.971e-15 at tick 29999, within 1e-10",reported
switch A1,E5,is2,nbhd,nbhd tilt.*=0.5,tail.services=0.05@genesis,"E5: a pooled pop ends at a*, within 1e-10 relative",0.14475154970860177,0.1447515,reported,0.14475154970860263,"|a/a* - 1| 5.944e-15 at tick 23999, within 1e-10",reported
switch A1,E5,is2,nbhd,nbhd tilt.*=0.5,tail.services=0.2@dated,"E5: a pooled pop ends at a*, within 1e-10 relative",0.6091995878176161,0.6091996,reported,0.6091995878176165,"|a/a* - 1| 7.290e-16 at tick 29999, within 1e-10",reported
switch A1,E5,is2,nbhd,nbhd tilt.*=0.5,tail.services=0.2@genesis,"E5: a pooled pop ends at a*, within 1e-10 relative",0.6091995878176161,0.6091996,reported,0.6091995878176164,"|a/a* - 1| 5.467e-16 at tick 23999, within 1e-10",reported
switch A1,E5,is2,nbhd,nbhd tilt.*=0.5,x*/2,"E5: a pooled pop ends at a*, within 1e-10 relative",0.39142810838832925,0.3914281,reported,0.39142810838833053,"|a/a* - 1| 3.262e-15 at tick 23999, within 1e-10",reported
switch A1,E5,is2,nbhd,nbhd tilt.*=1,JA(0.5),"E5: a pooled pop ends at a*, within 1e-10 relative",0.39142810838832925,0.3914281,reported,0.39142810838833064,"|a/a* - 1| 3.545e-15 at tick 23999, within 1e-10",reported
switch A1,E5,is2,nbhd,nbhd tilt.*=1,JA(2),"E5: a pooled pop ends at a*, within 1e-10 relative",0.39142810838832925,0.3914281,reported,0.3914281083883297,"|a/a* - 1| 1.135e-15 at tick 23999, within 1e-10",reported
switch A1,E5,is2,nbhd,nbhd tilt.*=1,JB(0.5),"E5: a pooled pop ends at a*, within 1e-10 relative",0.39142810838832925,0.3914281,reported,0.39142810838832987,"|a/a* - 1| 1.560e-15 at tick 23999, within 1e-10",reported
switch A1,E5,is2,nbhd,nbhd tilt.*=1,JB(2),"E5: a pooled pop ends at a*, within 1e-10 relative",0.39142810838832925,0.3914281,reported,0.3914281083883295,"|a/a* - 1| 5.673e-16 at tick 23999, within 1e-10",reported
switch A1,E5,is2,nbhd,nbhd tilt.*=1,N(0.5),"E5: a pooled pop ends at a*, within 1e-10 relative",0.39142810838832925,0.3914281,reported,0.3914281083883299,"|a/a* - 1| 1.702e-15 at tick 23999, within 1e-10",reported
switch A1,E5,is2,nbhd,nbhd tilt.*=1,N(2),"E5: a pooled pop ends at a*, within 1e-10 relative",0.39142810838832925,0.3914281,reported,0.3914281083883301,"|a/a* - 1| 2.127e-15 at tick 23999, within 1e-10",reported
switch A1,E5,is2,nbhd,nbhd tilt.*=1,RC(0.5),"E5: a pooled pop ends at a*, within 1e-10 relative",0.39142810838832925,0.3914281,reported,0.39142810838832964,"|a/a* - 1| 9.927e-16 at tick 23999, within 1e-10",reported
switch A1,E5,is2,nbhd,nbhd tilt.*=1,RC(2),"E5: a pooled pop ends at a*, within 1e-10 relative",0.39142810838832925,0.3914281,reported,0.391428108388329,"|a/a* - 1| 7.091e-16 at tick 23999, within 1e-10",reported
switch A1,E5,is2,nbhd,nbhd tilt.*=1,RW(0.5),"E5: a pooled pop ends at a*, within 1e-10 relative",0.39142810838832925,0.3914281,reported,0.39142810838832964,"|a/a* - 1| 9.927e-16 at tick 23999, within 1e-10",reported
switch A1,E5,is2,nbhd,nbhd tilt.*=1,RW(2),"E5: a pooled pop ends at a*, within 1e-10 relative",0.39142810838832925,0.3914281,reported,0.39142810838833014,"|a/a* - 1| 2.269e-15 at tick 23999, within 1e-10",reported
switch A1,E5,is2,nbhd,nbhd tilt.*=1,land.mach=0.2@dated,"E5: a pooled pop ends at a*, within 1e-10 relative",0.387846294928211,0.3878463,reported,0.38784629492821165,"|a/a* - 1| 1.718e-15 at tick 29999, within 1e-10",reported
switch A1,E5,is2,nbhd,nbhd tilt.*=1,land.mach=0.2@genesis,"E5: a pooled pop ends at a*, within 1e-10 relative",0.387846294928211,0.3878463,reported,0.3878462949282117,"|a/a* - 1| 1.861e-15 at tick 23999, within 1e-10",reported
switch A1,E5,is2,nbhd,nbhd tilt.*=1,land.mach=0.8@dated,"E5: a pooled pop ends at a*, within 1e-10 relative",0.396772523327664,0.3967725,reported,0.39677252332766455,"|a/a* - 1| 1.399e-15 at tick 29999, within 1e-10",reported
switch A1,E5,is2,nbhd,nbhd tilt.*=1,land.mach=0.8@genesis,"E5: a pooled pop ends at a*, within 1e-10 relative",0.396772523327664,0.3967725,reported,0.3967725233276643,"|a/a* - 1| 6.995e-16 at tick 23999, within 1e-10",reported
switch A1,E5,is2,nbhd,nbhd tilt.*=1,p[goods]*0.5,"E5: a pooled pop ends at a*, within 1e-10 relative",0.39142810838832925,0.3914281,reported,0.3914281083883289,"|a/a* - 1| 8.509e-16 at tick 23999, within 1e-10",reported
switch A1,E5,is2,nbhd,nbhd tilt.*=1,p[goods]*2,"E5: a pooled pop ends at a*, within 1e-10 relative",0.39142810838832925,0.3914281,reported,0.3914281083883297,"|a/a* - 1| 1.135e-15 at tick 23999, within 1e-10",reported
switch A1,E5,is2,nbhd,nbhd tilt.*=1,p[labour.master]*0.5,"E5: a pooled pop ends at a*, within 1e-10 relative",0.39142810838832925,0.3914281,reported,0.3914281083883298,"|a/a* - 1| 1.418e-15 at tick 23999, within 1e-10",reported
switch A1,E5,is2,nbhd,nbhd tilt.*=1,p[labour.master]*2,"E5: a pooled pop ends at a*, within 1e-10 relative",0.39142810838832925,0.3914281,reported,0.39142810838832875,"|a/a* - 1| 1.276e-15 at tick 23999, within 1e-10",reported
switch A1,E5,is2,nbhd,nbhd tilt.*=1,p[labour.trained]*0.5,"E5: a pooled pop ends at a*, within 1e-10 relative",0.39142810838832925,0.3914281,reported,0.3914281083883305,"|a/a* - 1| 3.120e-15 at tick 23999, within 1e-10",reported
switch A1,E5,is2,nbhd,nbhd tilt.*=1,p[labour.trained]*2,"E5: a pooled pop ends at a*, within 1e-10 relative",0.39142810838832925,0.3914281,reported,0.3914281083883289,"|a/a* - 1| 8.509e-16 at tick 23999, within 1e-10",reported
switch A1,E5,is2,nbhd,nbhd tilt.*=1,p[labour]*0.5,"E5: a pooled pop ends at a*, within 1e-10 relative",0.39142810838832925,0.3914281,reported,0.3914281083883286,"|a/a* - 1| 1.702e-15 at tick 23999, within 1e-10",reported
switch A1,E5,is2,nbhd,nbhd tilt.*=1,p[labour]*2,"E5: a pooled pop ends at a*, within 1e-10 relative",0.39142810838832925,0.3914281,reported,0.3914281083883294,"|a/a* - 1| 4.255e-16 at tick 23999, within 1e-10",reported
switch A1,E5,is2,nbhd,nbhd tilt.*=1,p[land]*0.5,"E5: a pooled pop ends at a*, within 1e-10 relative",0.39142810838832925,0.3914281,reported,0.3914281083883305,"|a/a* - 1| 3.120e-15 at tick 23999, within 1e-10",reported
switch A1,E5,is2,nbhd,nbhd tilt.*=1,p[land]*2,"E5: a pooled pop ends at a*, within 1e-10 relative",0.39142810838832925,0.3914281,reported,0.3914281083883289,"|a/a* - 1| 8.509e-16 at tick 23999, within 1e-10",reported
switch A1,E5,is2,nbhd,nbhd tilt.*=1,p[mach]*0.5,"E5: a pooled pop ends at a*, within 1e-10 relative",0.39142810838832925,0.3914281,reported,0.3914281083883294,"|a/a* - 1| 4.255e-16 at tick 23999, within 1e-10",reported
switch A1,E5,is2,nbhd,nbhd tilt.*=1,p[mach]*2,"E5: a pooled pop ends at a*, within 1e-10 relative",0.39142810838832925,0.3914281,reported,0.3914281083883299,"|a/a* - 1| 1.702e-15 at tick 23999, within 1e-10",reported
switch A1,E5,is2,nbhd,nbhd tilt.*=1,p[services]*0.5,"E5: a pooled pop ends at a*, within 1e-10 relative",0.39142810838832925,0.3914281,reported,0.39142810838832937,"|a/a* - 1| 2.836e-16 at tick 23999, within 1e-10",reported
switch A1,E5,is2,nbhd,nbhd tilt.*=1,p[services]*2,"E5: a pooled pop ends at a*, within 1e-10 relative",0.39142810838832925,0.3914281,reported,0.3914281083883302,"|a/a* - 1| 2.411e-15 at tick 23999, within 1e-10",reported
switch A1,E5,is2,nbhd,nbhd tilt.*=1,res.services.trained=0.01@dated,"E5: a pooled pop ends at a*, within 1e-10 relative",0.667169987202366,0.66717,reported,0.6671699872023661,"|a/a* - 1| 1.664e-16 at tick 29999, within 1e-10",reported
switch A1,E5,is2,nbhd,nbhd tilt.*=1,res.services.trained=0.01@genesis,"E5: a pooled pop ends at a*, within 1e-10 relative",0.667169987202366,0.66717,reported,0.6671699872023662,"|a/a* - 1| 3.328e-16 at tick 23999, within 1e-10",reported
switch A1,E5,is2,nbhd,nbhd tilt.*=1,s[goods]=0.5,"E5: a pooled pop ends at a*, within 1e-10 relative",0.39142810838832925,0.3914281,reported,0.39142810838832875,"|a/a* - 1| 1.276e-15 at tick 23999, within 1e-10",reported
switch A1,E5,is2,nbhd,nbhd tilt.*=1,s[services]=0.5,"E5: a pooled pop ends at a*, within 1e-10 relative",0.39142810838832925,0.3914281,reported,0.3914281083883299,"|a/a* - 1| 1.702e-15 at tick 23999, within 1e-10",reported
switch A1,E5,is2,nbhd,nbhd tilt.*=1,sw[master]=0.5,"E5: a pooled pop ends at a*, within 1e-10 relative",0.39142810838832925,0.3914281,reported,0.39142810838832964,"|a/a* - 1| 9.927e-16 at tick 23999, within 1e-10",reported
switch A1,E5,is2,nbhd,nbhd tilt.*=1,sw[trained]=0.5,"E5: a pooled pop ends at a*, within 1e-10 relative",0.39142810838832925,0.3914281,reported,0.39142810838832914,"|a/a* - 1| 2.836e-16 at tick 23999, within 1e-10",reported
switch A1,E5,is2,nbhd,nbhd tilt.*=1,tail.services=0.05@dated,"E5: a pooled pop ends at a*, within 1e-10 relative",0.14475154970860177,0.1447515,reported,0.14475154970860166,"|a/a* - 1| 7.670e-16 at tick 29999, within 1e-10",reported
switch A1,E5,is2,nbhd,nbhd tilt.*=1,tail.services=0.05@genesis,"E5: a pooled pop ends at a*, within 1e-10 relative",0.14475154970860177,0.1447515,reported,0.1447515497086023,"|a/a* - 1| 3.643e-15 at tick 23999, within 1e-10",reported
switch A1,E5,is2,nbhd,nbhd tilt.*=1,tail.services=0.2@dated,"E5: a pooled pop ends at a*, within 1e-10 relative",0.6091995878176161,0.6091996,reported,0.6091995878176164,"|a/a* - 1| 5.467e-16 at tick 29999, within 1e-10",reported
switch A1,E5,is2,nbhd,nbhd tilt.*=1,tail.services=0.2@genesis,"E5: a pooled pop ends at a*, within 1e-10 relative",0.6091995878176161,0.6091996,reported,0.6091995878176167,"|a/a* - 1| 1.093e-15 at tick 23999, within 1e-10",reported
switch A1,E5,is2,nbhd,nbhd tilt.*=1,x*/2,"E5: a pooled pop ends at a*, within 1e-10 relative",0.39142810838832925,0.3914281,reported,0.3914281083883304,"|a/a* - 1| 2.978e-15 at tick 23999, within 1e-10",reported
switch A1,E5,is2,tier3s,tier3s,coin.desk.goods*0.5,"E5: a pooled pop ends at a*, within 1e-10 relative",0.39142810838832925,0.3914281,reported,0.39142810838833075,"|a/a* - 1| 3.829e-15 at tick 23999, within 1e-10",reported
switch A1,E5,is2,tier3s,tier3s,coin.desk.goods*2,"E5: a pooled pop ends at a*, within 1e-10 relative",0.39142810838832925,0.3914281,reported,0.39142810838833086,"|a/a* - 1| 4.113e-15 at tick 23999, within 1e-10",reported
switch A1,E5,is2,tier3s,tier3s,coin.desk.mach*0.5,"E5: a pooled pop ends at a*, within 1e-10 relative",0.39142810838832925,0.3914281,reported,0.3914281083883296,"|a/a* - 1| 8.509e-16 at tick 23999, within 1e-10",reported
switch A1,E5,is2,tier3s,tier3s,coin.desk.mach*2,"E5: a pooled pop ends at a*, within 1e-10 relative",0.39142810838832925,0.3914281,reported,0.39142810838832953,"|a/a* - 1| 7.091e-16 at tick 23999, within 1e-10",reported
switch A1,E5,is2,tier3s,tier3s,coin.desk.services*0.5,"E5: a pooled pop ends at a*, within 1e-10 relative",0.39142810838832925,0.3914281,reported,0.39142810838832987,"|a/a* - 1| 1.560e-15 at tick 23999, within 1e-10",reported
switch A1,E5,is2,tier3s,tier3s,coin.desk.services*2,"E5: a pooled pop ends at a*, within 1e-10 relative",0.39142810838832925,0.3914281,reported,0.3914281083883304,"|a/a* - 1| 2.978e-15 at tick 23999, within 1e-10",reported
switch A1,E5,is2,tier3s,tier3s,coin.provider*0.5,"E5: a pooled pop ends at a*, within 1e-10 relative",0.39142810838832925,0.3914281,reported,0.39142810838833064,"|a/a* - 1| 3.545e-15 at tick 23999, within 1e-10",reported
switch A1,E5,is2,tier3s,tier3s,coin.provider*2,"E5: a pooled pop ends at a*, within 1e-10 relative",0.39142810838832925,0.3914281,reported,0.3914281083883306,"|a/a* - 1| 3.404e-15 at tick 23999, within 1e-10",reported
switch A1,E5,is2,tier3s,tier3s,coin.workers*0.5,"E5: a pooled pop ends at a*, within 1e-10 relative",0.39142810838832925,0.3914281,reported,0.391428108388329,"|a/a* - 1| 7.091e-16 at tick 23999, within 1e-10",reported
switch A1,E5,is2,tier3s,tier3s,coin.workers*2,"E5: a pooled pop ends at a*, within 1e-10 relative",0.39142810838832925,0.3914281,reported,0.3914281083883294,"|a/a* - 1| 4.255e-16 at tick 23999, within 1e-10",reported
switch A1,E5,is2,tier3s,tier3s,coin.workers.master*0.5,"E5: a pooled pop ends at a*, within 1e-10 relative",0.39142810838832925,0.3914281,reported,0.3914281083883297,"|a/a* - 1| 1.135e-15 at tick 23999, within 1e-10",reported
switch A1,E5,is2,tier3s,tier3s,coin.workers.master*2,"E5: a pooled pop ends at a*, within 1e-10 relative",0.39142810838832925,0.3914281,reported,0.3914281083883299,"|a/a* - 1| 1.702e-15 at tick 23999, within 1e-10",reported
switch A1,E5,is2,tier3s,tier3s,coin.workers.trained*0.5,"E5: a pooled pop ends at a*, within 1e-10 relative",0.39142810838832925,0.3914281,reported,0.39142810838832864,"|a/a* - 1| 1.560e-15 at tick 23999, within 1e-10",reported
switch A1,E5,is2,tier3s,tier3s,coin.workers.trained*2,"E5: a pooled pop ends at a*, within 1e-10 relative",0.39142810838832925,0.3914281,reported,0.39142810838833,"|a/a* - 1| 1.844e-15 at tick 23999, within 1e-10",reported
switch A1,E5,is2,tier3s,tier3s,stock.goods*0.5,"E5: a pooled pop ends at a*, within 1e-10 relative",0.39142810838832925,0.3914281,reported,0.39142810838833036,"|a/a* - 1| 2.836e-15 at tick 23999, within 1e-10",reported
switch A1,E5,is2,tier3s,tier3s,stock.goods*2,"E5: a pooled pop ends at a*, within 1e-10 relative",0.39142810838832925,0.3914281,reported,0.39142810838832953,"|a/a* - 1| 7.091e-16 at tick 23999, within 1e-10",reported
switch A1,E5,is2,tier3s,tier3s,stock.mach*0.5,"E5: a pooled pop ends at a*, within 1e-10 relative",0.39142810838832925,0.3914281,reported,0.3914281083883306,"|a/a* - 1| 3.404e-15 at tick 23999, within 1e-10",reported
switch A1,E5,is2,tier3s,tier3s,stock.mach*2,"E5: a pooled pop ends at a*, within 1e-10 relative",0.39142810838832925,0.3914281,reported,0.39142810838832914,"|a/a* - 1| 2.836e-16 at tick 23999, within 1e-10",reported
switch A1,E5,is2,tier3s,tier3s,stock.services*0.5,"E5: a pooled pop ends at a*, within 1e-10 relative",0.39142810838832925,0.3914281,reported,0.39142810838833086,"|a/a* - 1| 4.113e-15 at tick 23999, within 1e-10",reported
switch A1,E5,is2,tier3s,tier3s,stock.services*2,"E5: a pooled pop ends at a*, within 1e-10 relative",0.39142810838832925,0.3914281,reported,0.39142810838833064,"|a/a* - 1| 3.545e-15 at tick 23999, within 1e-10",reported
switch A1,E5,is2,tpy12,tpy12,JA(0.95),"E5: a pooled pop ends at a*, within 1e-10 relative",0.3914281083883292,0.3914281,reported,0.39142810838832914,"|a/a* - 1| 1.418e-16 at tick 19999, within 1e-10",reported
switch A1,E5,is2,tpy12,tpy12,JA(1.05),"E5: a pooled pop ends at a*, within 1e-10 relative",0.3914281083883292,0.3914281,reported,0.39142810838832937,"|a/a* - 1| 4.255e-16 at tick 19999, within 1e-10",reported
switch A1,E5,is2,tpy12,tpy12,JB(0.95),"E5: a pooled pop ends at a*, within 1e-10 relative",0.3914281083883292,0.3914281,reported,0.3914281083883289,"|a/a* - 1| 7.091e-16 at tick 19999, within 1e-10",reported
switch A1,E5,is2,tpy12,tpy12,JB(1.05),"E5: a pooled pop ends at a*, within 1e-10 relative",0.3914281083883292,0.3914281,reported,0.39142810838832914,"|a/a* - 1| 1.418e-16 at tick 19999, within 1e-10",reported
switch A1,E5,is2,tpy12,tpy12,N(0.95),"E5: a pooled pop ends at a*, within 1e-10 relative",0.3914281083883292,0.3914281,reported,0.3914281083883293,"|a/a* - 1| 2.836e-16 at tick 19999, within 1e-10",reported
switch A1,E5,is2,tpy12,tpy12,N(1.05),"E5: a pooled pop ends at a*, within 1e-10 relative",0.3914281083883292,0.3914281,reported,0.39142810838832914,"|a/a* - 1| 1.418e-16 at tick 19999, within 1e-10",reported
switch A1,E5,is2,tpy12,tpy12,RC(0.95),"E5: a pooled pop ends at a*, within 1e-10 relative",0.3914281083883292,0.3914281,reported,0.39142810838832925,"|a/a* - 1| 1.418e-16 at tick 19999, within 1e-10",reported
switch A1,E5,is2,tpy12,tpy12,RC(1.05),"E5: a pooled pop ends at a*, within 1e-10 relative",0.3914281083883292,0.3914281,reported,0.391428108388329,"|a/a* - 1| 5.673e-16 at tick 19999, within 1e-10",reported
switch A1,E5,is2,tpy12,tpy12,RW(0.95),"E5: a pooled pop ends at a*, within 1e-10 relative",0.3914281083883292,0.3914281,reported,0.3914281083883292,"|a/a* - 1| 0.000e+00 at tick 19999, within 1e-10",reported
switch A1,E5,is2,tpy12,tpy12,RW(1.05),"E5: a pooled pop ends at a*, within 1e-10 relative",0.3914281083883292,0.3914281,reported,0.391428108388329,"|a/a* - 1| 5.673e-16 at tick 19999, within 1e-10",reported
switch A1,E5,is2,tpy12,tpy12,p[goods]*0.95,"E5: a pooled pop ends at a*, within 1e-10 relative",0.3914281083883292,0.3914281,reported,0.39142810838832937,"|a/a* - 1| 4.255e-16 at tick 19999, within 1e-10",reported
switch A1,E5,is2,tpy12,tpy12,p[goods]*1.05,"E5: a pooled pop ends at a*, within 1e-10 relative",0.3914281083883292,0.3914281,reported,0.3914281083883291,"|a/a* - 1| 2.836e-16 at tick 19999, within 1e-10",reported
switch A1,E5,is2,tpy12,tpy12,p[labour.master]*0.95,"E5: a pooled pop ends at a*, within 1e-10 relative",0.3914281083883292,0.3914281,reported,0.3914281083883292,"|a/a* - 1| 0.000e+00 at tick 19999, within 1e-10",reported
switch A1,E5,is2,tpy12,tpy12,p[labour.master]*1.05,"E5: a pooled pop ends at a*, within 1e-10 relative",0.3914281083883292,0.3914281,reported,0.39142810838832887,"|a/a* - 1| 8.509e-16 at tick 19999, within 1e-10",reported
switch A1,E5,is2,tpy12,tpy12,p[labour.trained]*0.95,"E5: a pooled pop ends at a*, within 1e-10 relative",0.3914281083883292,0.3914281,reported,0.3914281083883295,"|a/a* - 1| 7.091e-16 at tick 19999, within 1e-10",reported
switch A1,E5,is2,tpy12,tpy12,p[labour.trained]*1.05,"E5: a pooled pop ends at a*, within 1e-10 relative",0.3914281083883292,0.3914281,reported,0.3914281083883293,"|a/a* - 1| 2.836e-16 at tick 19999, within 1e-10",reported
switch A1,E5,is2,tpy12,tpy12,p[labour]*0.95,"E5: a pooled pop ends at a*, within 1e-10 relative",0.3914281083883292,0.3914281,reported,0.39142810838832903,"|a/a* - 1| 4.255e-16 at tick 19999, within 1e-10",reported
switch A1,E5,is2,tpy12,tpy12,p[labour]*1.05,"E5: a pooled pop ends at a*, within 1e-10 relative",0.3914281083883292,0.3914281,reported,0.3914281083883293,"|a/a* - 1| 2.836e-16 at tick 19999, within 1e-10",reported
switch A1,E5,is2,tpy12,tpy12,p[land]*0.95,"E5: a pooled pop ends at a*, within 1e-10 relative",0.3914281083883292,0.3914281,reported,0.39142810838832903,"|a/a* - 1| 4.255e-16 at tick 19999, within 1e-10",reported
switch A1,E5,is2,tpy12,tpy12,p[land]*1.05,"E5: a pooled pop ends at a*, within 1e-10 relative",0.3914281083883292,0.3914281,reported,0.3914281083883292,"|a/a* - 1| 0.000e+00 at tick 19999, within 1e-10",reported
switch A1,E5,is2,tpy12,tpy12,p[mach]*0.95,"E5: a pooled pop ends at a*, within 1e-10 relative",0.3914281083883292,0.3914281,reported,0.39142810838832914,"|a/a* - 1| 1.418e-16 at tick 19999, within 1e-10",reported
switch A1,E5,is2,tpy12,tpy12,p[mach]*1.05,"E5: a pooled pop ends at a*, within 1e-10 relative",0.3914281083883292,0.3914281,reported,0.39142810838832937,"|a/a* - 1| 4.255e-16 at tick 19999, within 1e-10",reported
switch A1,E5,is2,tpy12,tpy12,p[services]*0.95,"E5: a pooled pop ends at a*, within 1e-10 relative",0.3914281083883292,0.3914281,reported,0.3914281083883292,"|a/a* - 1| 0.000e+00 at tick 19999, within 1e-10",reported
switch A1,E5,is2,tpy12,tpy12,p[services]*1.05,"E5: a pooled pop ends at a*, within 1e-10 relative",0.3914281083883292,0.3914281,reported,0.39142810838832903,"|a/a* - 1| 4.255e-16 at tick 19999, within 1e-10",reported
switch A1,E5,is2,tpy12,tpy12,s[goods]=0.05,"E5: a pooled pop ends at a*, within 1e-10 relative",0.3914281083883292,0.3914281,reported,0.3914281083883291,"|a/a* - 1| 2.836e-16 at tick 19999, within 1e-10",reported
switch A1,E5,is2,tpy12,tpy12,s[services]=0.05,"E5: a pooled pop ends at a*, within 1e-10 relative",0.3914281083883292,0.3914281,reported,0.39142810838832937,"|a/a* - 1| 4.255e-16 at tick 19999, within 1e-10",reported
switch A1,E5,is2,tpy12,tpy12,sw[master]=0.05,"E5: a pooled pop ends at a*, within 1e-10 relative",0.3914281083883292,0.3914281,reported,0.39142810838832937,"|a/a* - 1| 4.255e-16 at tick 19999, within 1e-10",reported
switch A1,E5,is2,tpy12,tpy12,sw[trained]=0.05,"E5: a pooled pop ends at a*, within 1e-10 relative",0.3914281083883292,0.3914281,reported,0.3914281083883291,"|a/a* - 1| 2.836e-16 at tick 19999, within 1e-10",reported
switch A1,E5,is2,tpy12,tpy12,JA(0.8),"E5: a pooled pop ends at a*, within 1e-10 relative",0.3914281083883292,0.3914281,reported,0.39142810838832903,"|a/a* - 1| 4.255e-16 at tick 19999, within 1e-10",reported
switch A1,E5,is2,tpy12,tpy12,JA(1.2),"E5: a pooled pop ends at a*, within 1e-10 relative",0.3914281083883292,0.3914281,reported,0.3914281083883292,"|a/a* - 1| 0.000e+00 at tick 19999, within 1e-10",reported
switch A1,E5,is2,tpy12,tpy12,JB(0.8),"E5: a pooled pop ends at a*, within 1e-10 relative",0.3914281083883292,0.3914281,reported,0.3914281083883292,"|a/a* - 1| 0.000e+00 at tick 19999, within 1e-10",reported
switch A1,E5,is2,tpy12,tpy12,JB(1.2),"E5: a pooled pop ends at a*, within 1e-10 relative",0.3914281083883292,0.3914281,reported,0.3914281083883293,"|a/a* - 1| 2.836e-16 at tick 19999, within 1e-10",reported
switch A1,E5,is2,tpy12,tpy12,N(0.8),"E5: a pooled pop ends at a*, within 1e-10 relative",0.3914281083883292,0.3914281,reported,0.3914281083883294,"|a/a* - 1| 5.673e-16 at tick 19999, within 1e-10",reported
switch A1,E5,is2,tpy12,tpy12,N(1.2),"E5: a pooled pop ends at a*, within 1e-10 relative",0.3914281083883292,0.3914281,reported,0.3914281083883293,"|a/a* - 1| 2.836e-16 at tick 19999, within 1e-10",reported
switch A1,E5,is2,tpy12,tpy12,RC(0.8),"E5: a pooled pop ends at a*, within 1e-10 relative",0.3914281083883292,0.3914281,reported,0.39142810838832937,"|a/a* - 1| 4.255e-16 at tick 19999, within 1e-10",reported
switch A1,E5,is2,tpy12,tpy12,RC(1.2),"E5: a pooled pop ends at a*, within 1e-10 relative",0.3914281083883292,0.3914281,reported,0.3914281083883292,"|a/a* - 1| 0.000e+00 at tick 19999, within 1e-10",reported
switch A1,E5,is2,tpy12,tpy12,RW(0.8),"E5: a pooled pop ends at a*, within 1e-10 relative",0.3914281083883292,0.3914281,reported,0.39142810838832925,"|a/a* - 1| 1.418e-16 at tick 19999, within 1e-10",reported
switch A1,E5,is2,tpy12,tpy12,RW(1.2),"E5: a pooled pop ends at a*, within 1e-10 relative",0.3914281083883292,0.3914281,reported,0.3914281083883292,"|a/a* - 1| 0.000e+00 at tick 19999, within 1e-10",reported
switch A1,E5,is2,tpy12,tpy12,land.mach=0.36@dated,"E5: a pooled pop ends at a*, within 1e-10 relative",0.3907713126611978,0.3907713,reported,0.3907713126611976,"|a/a* - 1| 5.682e-16 at tick 24999, within 1e-10",reported
switch A1,E5,is2,tpy12,tpy12,land.mach=0.36@genesis,"E5: a pooled pop ends at a*, within 1e-10 relative",0.3907713126611978,0.3907713,reported,0.3907713126611981,"|a/a* - 1| 7.103e-16 at tick 19999, within 1e-10",reported
switch A1,E5,is2,tpy12,tpy12,land.mach=0.44@dated,"E5: a pooled pop ends at a*, within 1e-10 relative",0.39205867294892227,0.3920587,reported,0.3920586729489221,"|a/a* - 1| 4.248e-16 at tick 24999, within 1e-10",reported
switch A1,E5,is2,tpy12,tpy12,land.mach=0.44@genesis,"E5: a pooled pop ends at a*, within 1e-10 relative",0.39205867294892227,0.3920587,reported,0.3920586729489223,"|a/a* - 1| 1.416e-16 at tick 19999, within 1e-10",reported
switch A1,E5,is2,tpy12,tpy12,p[goods]*0.8,"E5: a pooled pop ends at a*, within 1e-10 relative",0.3914281083883292,0.3914281,reported,0.3914281083883294,"|a/a* - 1| 5.673e-16 at tick 19999, within 1e-10",reported
switch A1,E5,is2,tpy12,tpy12,p[goods]*1.2,"E5: a pooled pop ends at a*, within 1e-10 relative",0.3914281083883292,0.3914281,reported,0.39142810838832937,"|a/a* - 1| 4.255e-16 at tick 19999, within 1e-10",reported
switch A1,E5,is2,tpy12,tpy12,p[labour.master]*0.8,"E5: a pooled pop ends at a*, within 1e-10 relative",0.3914281083883292,0.3914281,reported,0.3914281083883289,"|a/a* - 1| 7.091e-16 at tick 19999, within 1e-10",reported
switch A1,E5,is2,tpy12,tpy12,p[labour.master]*1.2,"E5: a pooled pop ends at a*, within 1e-10 relative",0.3914281083883292,0.3914281,reported,0.391428108388329,"|a/a* - 1| 5.673e-16 at tick 19999, within 1e-10",reported
switch A1,E5,is2,tpy12,tpy12,p[labour.trained]*0.8,"E5: a pooled pop ends at a*, within 1e-10 relative",0.3914281083883292,0.3914281,reported,0.39142810838832887,"|a/a* - 1| 8.509e-16 at tick 19999, within 1e-10",reported
switch A1,E5,is2,tpy12,tpy12,p[labour.trained]*1.2,"E5: a pooled pop ends at a*, within 1e-10 relative",0.3914281083883292,0.3914281,reported,0.3914281083883293,"|a/a* - 1| 2.836e-16 at tick 19999, within 1e-10",reported
switch A1,E5,is2,tpy12,tpy12,p[labour]*0.8,"E5: a pooled pop ends at a*, within 1e-10 relative",0.3914281083883292,0.3914281,reported,0.3914281083883292,"|a/a* - 1| 0.000e+00 at tick 19999, within 1e-10",reported
switch A1,E5,is2,tpy12,tpy12,p[labour]*1.2,"E5: a pooled pop ends at a*, within 1e-10 relative",0.3914281083883292,0.3914281,reported,0.39142810838832914,"|a/a* - 1| 1.418e-16 at tick 19999, within 1e-10",reported
switch A1,E5,is2,tpy12,tpy12,p[land]*0.8,"E5: a pooled pop ends at a*, within 1e-10 relative",0.3914281083883292,0.3914281,reported,0.391428108388329,"|a/a* - 1| 5.673e-16 at tick 19999, within 1e-10",reported
switch A1,E5,is2,tpy12,tpy12,p[land]*1.2,"E5: a pooled pop ends at a*, within 1e-10 relative",0.3914281083883292,0.3914281,reported,0.39142810838832937,"|a/a* - 1| 4.255e-16 at tick 19999, within 1e-10",reported
switch A1,E5,is2,tpy12,tpy12,p[mach]*0.8,"E5: a pooled pop ends at a*, within 1e-10 relative",0.3914281083883292,0.3914281,reported,0.3914281083883291,"|a/a* - 1| 2.836e-16 at tick 19999, within 1e-10",reported
switch A1,E5,is2,tpy12,tpy12,p[mach]*1.2,"E5: a pooled pop ends at a*, within 1e-10 relative",0.3914281083883292,0.3914281,reported,0.39142810838832914,"|a/a* - 1| 1.418e-16 at tick 19999, within 1e-10",reported
switch A1,E5,is2,tpy12,tpy12,p[services]*0.8,"E5: a pooled pop ends at a*, within 1e-10 relative",0.3914281083883292,0.3914281,reported,0.39142810838832925,"|a/a* - 1| 1.418e-16 at tick 19999, within 1e-10",reported
switch A1,E5,is2,tpy12,tpy12,p[services]*1.2,"E5: a pooled pop ends at a*, within 1e-10 relative",0.3914281083883292,0.3914281,reported,0.39142810838832903,"|a/a* - 1| 4.255e-16 at tick 19999, within 1e-10",reported
switch A1,E5,is2,tpy12,tpy12,res.services.trained=0.018@dated,"E5: a pooled pop ends at a*, within 1e-10 relative",0.4427551661680638,0.4427552,reported,0.44275516616806376,"|a/a* - 1| 1.254e-16 at tick 24999, within 1e-10",reported
switch A1,E5,is2,tpy12,tpy12,res.services.trained=0.018@genesis,"E5: a pooled pop ends at a*, within 1e-10 relative",0.4427551661680638,0.4427552,reported,0.4427551661680639,"|a/a* - 1| 1.254e-16 at tick 19999, within 1e-10",reported
switch A1,E5,is2,tpy12,tpy12,res.services.trained=0.022@dated,"E5: a pooled pop ends at a*, within 1e-10 relative",0.3418112218767601,0.3418112,reported,0.3418112218767602,"|a/a* - 1| 3.248e-16 at tick 24999, within 1e-10",reported
switch A1,E5,is2,tpy12,tpy12,res.services.trained=0.022@genesis,"E5: a pooled pop ends at a*, within 1e-10 relative",0.3418112218767601,0.3418112,reported,0.3418112218767603,"|a/a* - 1| 4.872e-16 at tick 19999, within 1e-10",reported
switch A1,E5,is2,tpy12,tpy12,s[goods]=0.2,"E5: a pooled pop ends at a*, within 1e-10 relative",0.3914281083883292,0.3914281,reported,0.39142810838832925,"|a/a* - 1| 1.418e-16 at tick 19999, within 1e-10",reported
switch A1,E5,is2,tpy12,tpy12,s[services]=0.2,"E5: a pooled pop ends at a*, within 1e-10 relative",0.3914281083883292,0.3914281,reported,0.391428108388329,"|a/a* - 1| 5.673e-16 at tick 19999, within 1e-10",reported
switch A1,E5,is2,tpy12,tpy12,sw[master]=0.2,"E5: a pooled pop ends at a*, within 1e-10 relative",0.3914281083883292,0.3914281,reported,0.39142810838832903,"|a/a* - 1| 4.255e-16 at tick 19999, within 1e-10",reported
switch A1,E5,is2,tpy12,tpy12,sw[trained]=0.2,"E5: a pooled pop ends at a*, within 1e-10 relative",0.3914281083883292,0.3914281,reported,0.3914281083883293,"|a/a* - 1| 2.836e-16 at tick 19999, within 1e-10",reported
switch A1,E5,is2,tpy12,tpy12,tail.services=0.09@dated,"E5: a pooled pop ends at a*, within 1e-10 relative",0.35457129872983095,0.3545713,reported,0.3545712987298305,"|a/a* - 1| 1.252e-15 at tick 24999, within 1e-10",reported
switch A1,E5,is2,tpy12,tpy12,tail.services=0.09@genesis,"E5: a pooled pop ends at a*, within 1e-10 relative",0.35457129872983095,0.3545713,reported,0.35457129872983095,"|a/a* - 1| 0.000e+00 at tick 19999, within 1e-10",reported
switch A1,E5,is2,tpy12,tpy12,tail.services=0.11@dated,"E5: a pooled pop ends at a*, within 1e-10 relative",0.42415399000124615,0.424154,reported,0.4241539900012462,"|a/a* - 1| 1.309e-16 at tick 24999, within 1e-10",reported
switch A1,E5,is2,tpy12,tpy12,tail.services=0.11@genesis,"E5: a pooled pop ends at a*, within 1e-10 relative",0.42415399000124615,0.424154,reported,0.4241539900012461,"|a/a* - 1| 1.309e-16 at tick 19999, within 1e-10",reported
switch A1,E5,is2,tpy365,tpy365,JA(0.95),"E5: a pooled pop ends at a*, within 1e-10 relative",0.39142810838832925,0.3914281,reported,0.391428108388334,"|a/a* - 1| 1.205e-14 at tick 182999, within 1e-10",reported
switch A1,E5,is2,tpy365,tpy365,JA(1.05),"E5: a pooled pop ends at a*, within 1e-10 relative",0.39142810838832925,0.3914281,reported,0.3914281083883362,"|a/a* - 1| 1.773e-14 at tick 182999, within 1e-10",reported
switch A1,E5,is2,tpy365,tpy365,JB(0.95),"E5: a pooled pop ends at a*, within 1e-10 relative",0.39142810838832925,0.3914281,reported,0.391428108388334,"|a/a* - 1| 1.205e-14 at tick 182999, within 1e-10",reported
switch A1,E5,is2,tpy365,tpy365,JB(1.05),"E5: a pooled pop ends at a*, within 1e-10 relative",0.39142810838832925,0.3914281,reported,0.3914281083883403,"|a/a* - 1| 2.822e-14 at tick 182999, within 1e-10",reported
switch A1,E5,is2,tpy365,tpy365,N(0.95),"E5: a pooled pop ends at a*, within 1e-10 relative",0.39142810838832925,0.3914281,reported,0.3914281083883328,"|a/a* - 1| 9.076e-15 at tick 182999, within 1e-10",reported
switch A1,E5,is2,tpy365,tpy365,N(1.05),"E5: a pooled pop ends at a*, within 1e-10 relative",0.39142810838832925,0.3914281,reported,0.39142810838832665,"|a/a* - 1| 6.665e-15 at tick 182999, within 1e-10",reported
switch A1,E5,is2,tpy365,tpy365,RC(0.95),"E5: a pooled pop ends at a*, within 1e-10 relative",0.39142810838832925,0.3914281,reported,0.39142810838833136,"|a/a* - 1| 5.389e-15 at tick 182999, within 1e-10",reported
switch A1,E5,is2,tpy365,tpy365,RC(1.05),"E5: a pooled pop ends at a*, within 1e-10 relative",0.39142810838832925,0.3914281,reported,0.3914281083883304,"|a/a* - 1| 2.978e-15 at tick 182999, within 1e-10",reported
switch A1,E5,is2,tpy365,tpy365,RW(0.95),"E5: a pooled pop ends at a*, within 1e-10 relative",0.39142810838832925,0.3914281,reported,0.39142810838833186,"|a/a* - 1| 6.665e-15 at tick 182999, within 1e-10",reported
switch A1,E5,is2,tpy365,tpy365,RW(1.05),"E5: a pooled pop ends at a*, within 1e-10 relative",0.39142810838832925,0.3914281,reported,0.39142810838833575,"|a/a* - 1| 1.659e-14 at tick 182999, within 1e-10",reported
switch A1,E5,is2,tpy365,tpy365,p[goods]*0.95,"E5: a pooled pop ends at a*, within 1e-10 relative",0.39142810838832925,0.3914281,reported,0.3914281083883314,"|a/a* - 1| 5.531e-15 at tick 182999, within 1e-10",reported
switch A1,E5,is2,tpy365,tpy365,p[goods]*1.05,"E5: a pooled pop ends at a*, within 1e-10 relative",0.39142810838832925,0.3914281,reported,0.39142810838833236,"|a/a* - 1| 7.942e-15 at tick 182999, within 1e-10",reported
switch A1,E5,is2,tpy365,tpy365,p[labour.master]*0.95,"E5: a pooled pop ends at a*, within 1e-10 relative",0.39142810838832925,0.3914281,reported,0.3914281083883386,"|a/a* - 1| 2.383e-14 at tick 182999, within 1e-10",reported
switch A1,E5,is2,tpy365,tpy365,p[labour.master]*1.05,"E5: a pooled pop ends at a*, within 1e-10 relative",0.39142810838832925,0.3914281,reported,0.3914281083883306,"|a/a* - 1| 3.404e-15 at tick 182999, within 1e-10",reported
switch A1,E5,is2,tpy365,tpy365,p[labour.trained]*0.95,"E5: a pooled pop ends at a*, within 1e-10 relative",0.39142810838832925,0.3914281,reported,0.3914281083883283,"|a/a* - 1| 2.411e-15 at tick 182999, within 1e-10",reported
switch A1,E5,is2,tpy365,tpy365,p[labour.trained]*1.05,"E5: a pooled pop ends at a*, within 1e-10 relative",0.39142810838832925,0.3914281,reported,0.3914281083883276,"|a/a* - 1| 4.255e-15 at tick 182999, within 1e-10",reported
switch A1,E5,is2,tpy365,tpy365,p[labour]*0.95,"E5: a pooled pop ends at a*, within 1e-10 relative",0.39142810838832925,0.3914281,reported,0.391428108388339,"|a/a* - 1| 2.496e-14 at tick 182999, within 1e-10",reported
switch A1,E5,is2,tpy365,tpy365,p[labour]*1.05,"E5: a pooled pop ends at a*, within 1e-10 relative",0.39142810838832925,0.3914281,reported,0.3914281083883291,"|a/a* - 1| 4.255e-16 at tick 182999, within 1e-10",reported
switch A1,E5,is2,tpy365,tpy365,p[land]*0.95,"E5: a pooled pop ends at a*, within 1e-10 relative",0.39142810838832925,0.3914281,reported,0.3914281083883225,"|a/a* - 1| 1.730e-14 at tick 182999, within 1e-10",reported
switch A1,E5,is2,tpy365,tpy365,p[land]*1.05,"E5: a pooled pop ends at a*, within 1e-10 relative",0.39142810838832925,0.3914281,reported,0.3914281083883267,"|a/a* - 1| 6.524e-15 at tick 182999, within 1e-10",reported
switch A1,E5,is2,tpy365,tpy365,p[mach]*0.95,"E5: a pooled pop ends at a*, within 1e-10 relative",0.39142810838832925,0.3914281,reported,0.3914281083883271,"|a/a* - 1| 5.531e-15 at tick 182999, within 1e-10",reported
switch A1,E5,is2,tpy365,tpy365,p[mach]*1.05,"E5: a pooled pop ends at a*, within 1e-10 relative",0.39142810838832925,0.3914281,reported,0.3914281083883281,"|a/a* - 1| 2.978e-15 at tick 182999, within 1e-10",reported
switch A1,E5,is2,tpy365,tpy365,p[services]*0.95,"E5: a pooled pop ends at a*, within 1e-10 relative",0.39142810838832925,0.3914281,reported,0.39142810838833475,"|a/a* - 1| 1.404e-14 at tick 182999, within 1e-10",reported
switch A1,E5,is2,tpy365,tpy365,p[services]*1.05,"E5: a pooled pop ends at a*, within 1e-10 relative",0.39142810838832925,0.3914281,reported,0.39142810838832737,"|a/a* - 1| 4.822e-15 at tick 182999, within 1e-10",reported
switch A1,E5,is2,tpy365,tpy365,s[goods]=0.05,"E5: a pooled pop ends at a*, within 1e-10 relative",0.39142810838832925,0.3914281,reported,0.39142810838833214,"|a/a* - 1| 7.374e-15 at tick 182999, within 1e-10",reported
switch A1,E5,is2,tpy365,tpy365,s[services]=0.05,"E5: a pooled pop ends at a*, within 1e-10 relative",0.39142810838832925,0.3914281,reported,0.39142810838833814,"|a/a* - 1| 2.269e-14 at tick 182999, within 1e-10",reported
switch A1,E5,is2,tpy365,tpy365,sw[master]=0.05,"E5: a pooled pop ends at a*, within 1e-10 relative",0.39142810838832925,0.3914281,reported,0.3914281083883341,"|a/a* - 1| 1.234e-14 at tick 182999, within 1e-10",reported
switch A1,E5,is2,tpy365,tpy365,sw[trained]=0.05,"E5: a pooled pop ends at a*, within 1e-10 relative",0.39142810838832925,0.3914281,reported,0.39142810838832937,"|a/a* - 1| 2.836e-16 at tick 182999, within 1e-10",reported
switch A1,E5,is2,tpy365,tpy365,JA(0.8),"E5: a pooled pop ends at a*, within 1e-10 relative",0.39142810838832925,0.3914281,reported,0.3914281083883336,"|a/a* - 1| 1.106e-14 at tick 182999, within 1e-10",reported
switch A1,E5,is2,tpy365,tpy365,JA(1.2),"E5: a pooled pop ends at a*, within 1e-10 relative",0.39142810838832925,0.3914281,reported,0.39142810838833275,"|a/a* - 1| 8.934e-15 at tick 182999, within 1e-10",reported
switch A1,E5,is2,tpy365,tpy365,JB(0.8),"E5: a pooled pop ends at a*, within 1e-10 relative",0.39142810838832925,0.3914281,reported,0.3914281083883338,"|a/a* - 1| 1.163e-14 at tick 182999, within 1e-10",reported
switch A1,E5,is2,tpy365,tpy365,JB(1.2),"E5: a pooled pop ends at a*, within 1e-10 relative",0.39142810838832925,0.3914281,reported,0.39142810838832753,"|a/a* - 1| 4.396e-15 at tick 182999, within 1e-10",reported
switch A1,E5,is2,tpy365,tpy365,N(0.8),"E5: a pooled pop ends at a*, within 1e-10 relative",0.39142810838832925,0.3914281,reported,0.39142810838833403,"|a/a* - 1| 1.220e-14 at tick 182999, within 1e-10",reported
switch A1,E5,is2,tpy365,tpy365,N(1.2),"E5: a pooled pop ends at a*, within 1e-10 relative",0.39142810838832925,0.3914281,reported,0.3914281083883302,"|a/a* - 1| 2.411e-15 at tick 182999, within 1e-10",reported
switch A1,E5,is2,tpy365,tpy365,RC(0.8),"E5: a pooled pop ends at a*, within 1e-10 relative",0.39142810838832925,0.3914281,reported,0.3914281083883275,"|a/a* - 1| 4.538e-15 at tick 182999, within 1e-10",reported
switch A1,E5,is2,tpy365,tpy365,RC(1.2),"E5: a pooled pop ends at a*, within 1e-10 relative",0.39142810838832925,0.3914281,reported,0.3914281083883386,"|a/a* - 1| 2.383e-14 at tick 182999, within 1e-10",reported
switch A1,E5,is2,tpy365,tpy365,RW(0.8),"E5: a pooled pop ends at a*, within 1e-10 relative",0.39142810838832925,0.3914281,reported,0.39142810838832576,"|a/a* - 1| 8.934e-15 at tick 182999, within 1e-10",reported
switch A1,E5,is2,tpy365,tpy365,RW(1.2),"E5: a pooled pop ends at a*, within 1e-10 relative",0.39142810838832925,0.3914281,reported,0.3914281083883282,"|a/a* - 1| 2.695e-15 at tick 182999, within 1e-10",reported
switch A1,E5,is2,tpy365,tpy365,land.mach=0.36@dated,"E5: a pooled pop ends at a*, within 1e-10 relative",0.39077131266119786,0.3907713,reported,0.3907713126612005,"|a/a* - 1| 6.819e-15 at tick 228749, within 1e-10",reported
switch A1,E5,is2,tpy365,tpy365,land.mach=0.36@genesis,"E5: a pooled pop ends at a*, within 1e-10 relative",0.39077131266119786,0.3907713,reported,0.3907713126612039,"|a/a* - 1| 1.548e-14 at tick 182999, within 1e-10",reported
switch A1,E5,is2,tpy365,tpy365,land.mach=0.44@dated,"E5: a pooled pop ends at a*, within 1e-10 relative",0.3920586729489224,0.3920587,reported,0.3920586729489232,"|a/a* - 1| 2.124e-15 at tick 228749, within 1e-10",reported
switch A1,E5,is2,tpy365,tpy365,land.mach=0.44@genesis,"E5: a pooled pop ends at a*, within 1e-10 relative",0.3920586729489224,0.3920587,reported,0.3920586729489265,"|a/a* - 1| 1.048e-14 at tick 182999, within 1e-10",reported
switch A1,E5,is2,tpy365,tpy365,p[goods]*0.8,"E5: a pooled pop ends at a*, within 1e-10 relative",0.39142810838832925,0.3914281,reported,0.391428108388329,"|a/a* - 1| 7.091e-16 at tick 182999, within 1e-10",reported
switch A1,E5,is2,tpy365,tpy365,p[goods]*1.2,"E5: a pooled pop ends at a*, within 1e-10 relative",0.39142810838832925,0.3914281,reported,0.3914281083883264,"|a/a* - 1| 7.233e-15 at tick 182999, within 1e-10",reported
switch A1,E5,is2,tpy365,tpy365,p[labour.master]*0.8,"E5: a pooled pop ends at a*, within 1e-10 relative",0.39142810838832925,0.3914281,reported,0.3914281083883303,"|a/a* - 1| 2.695e-15 at tick 182999, within 1e-10",reported
switch A1,E5,is2,tpy365,tpy365,p[labour.master]*1.2,"E5: a pooled pop ends at a*, within 1e-10 relative",0.39142810838832925,0.3914281,reported,0.39142810838833314,"|a/a* - 1| 9.927e-15 at tick 182999, within 1e-10",reported
switch A1,E5,is2,tpy365,tpy365,p[labour.trained]*0.8,"E5: a pooled pop ends at a*, within 1e-10 relative",0.39142810838832925,0.3914281,reported,0.3914281083883351,"|a/a* - 1| 1.489e-14 at tick 182999, within 1e-10",reported
switch A1,E5,is2,tpy365,tpy365,p[labour.trained]*1.2,"E5: a pooled pop ends at a*, within 1e-10 relative",0.39142810838832925,0.3914281,reported,0.39142810838833175,"|a/a* - 1| 6.382e-15 at tick 182999, within 1e-10",reported
switch A1,E5,is2,tpy365,tpy365,p[labour]*0.8,"E5: a pooled pop ends at a*, within 1e-10 relative",0.39142810838832925,0.3914281,reported,0.39142810838832537,"|a/a* - 1| 9.927e-15 at tick 182999, within 1e-10",reported
switch A1,E5,is2,tpy365,tpy365,p[labour]*1.2,"E5: a pooled pop ends at a*, within 1e-10 relative",0.39142810838832925,0.3914281,reported,0.3914281083883397,"|a/a* - 1| 2.666e-14 at tick 182999, within 1e-10",reported
switch A1,E5,is2,tpy365,tpy365,p[land]*0.8,"E5: a pooled pop ends at a*, within 1e-10 relative",0.39142810838832925,0.3914281,reported,0.3914281083883287,"|a/a* - 1| 1.418e-15 at tick 182999, within 1e-10",reported
switch A1,E5,is2,tpy365,tpy365,p[land]*1.2,"E5: a pooled pop ends at a*, within 1e-10 relative",0.39142810838832925,0.3914281,reported,0.3914281083883328,"|a/a* - 1| 9.076e-15 at tick 182999, within 1e-10",reported
switch A1,E5,is2,tpy365,tpy365,p[mach]*0.8,"E5: a pooled pop ends at a*, within 1e-10 relative",0.39142810838832925,0.3914281,reported,0.39142810838833114,"|a/a* - 1| 4.822e-15 at tick 182999, within 1e-10",reported
switch A1,E5,is2,tpy365,tpy365,p[mach]*1.2,"E5: a pooled pop ends at a*, within 1e-10 relative",0.39142810838832925,0.3914281,reported,0.39142810838832504,"|a/a* - 1| 1.078e-14 at tick 182999, within 1e-10",reported
switch A1,E5,is2,tpy365,tpy365,p[services]*0.8,"E5: a pooled pop ends at a*, within 1e-10 relative",0.39142810838832925,0.3914281,reported,0.39142810838832864,"|a/a* - 1| 1.560e-15 at tick 182999, within 1e-10",reported
switch A1,E5,is2,tpy365,tpy365,p[services]*1.2,"E5: a pooled pop ends at a*, within 1e-10 relative",0.39142810838832925,0.3914281,reported,0.39142810838833475,"|a/a* - 1| 1.404e-14 at tick 182999, within 1e-10",reported
switch A1,E5,is2,tpy365,tpy365,res.services.trained=0.018@dated,"E5: a pooled pop ends at a*, within 1e-10 relative",0.4427551661680639,0.4427552,reported,0.44275516616806015,"|a/a* - 1| 8.400e-15 at tick 228749, within 1e-10",reported
switch A1,E5,is2,tpy365,tpy365,res.services.trained=0.018@genesis,"E5: a pooled pop ends at a*, within 1e-10 relative",0.4427551661680639,0.4427552,reported,0.4427551661680688,"|a/a* - 1| 1.116e-14 at tick 182999, within 1e-10",reported
switch A1,E5,is2,tpy365,tpy365,res.services.trained=0.022@dated,"E5: a pooled pop ends at a*, within 1e-10 relative",0.3418112218767602,0.3418112,reported,0.3418112218767613,"|a/a* - 1| 3.086e-15 at tick 228749, within 1e-10",reported
switch A1,E5,is2,tpy365,tpy365,res.services.trained=0.022@genesis,"E5: a pooled pop ends at a*, within 1e-10 relative",0.3418112218767602,0.3418112,reported,0.34181122187676816,"|a/a* - 1| 2.322e-14 at tick 182999, within 1e-10",reported
switch A1,E5,is2,tpy365,tpy365,s[goods]=0.2,"E5: a pooled pop ends at a*, within 1e-10 relative",0.39142810838832925,0.3914281,reported,0.39142810838832814,"|a/a* - 1| 2.836e-15 at tick 182999, within 1e-10",reported
switch A1,E5,is2,tpy365,tpy365,s[services]=0.2,"E5: a pooled pop ends at a*, within 1e-10 relative",0.39142810838832925,0.3914281,reported,0.39142810838832726,"|a/a* - 1| 5.105e-15 at tick 182999, within 1e-10",reported
switch A1,E5,is2,tpy365,tpy365,sw[master]=0.2,"E5: a pooled pop ends at a*, within 1e-10 relative",0.39142810838832925,0.3914281,reported,0.3914281083883246,"|a/a* - 1| 1.191e-14 at tick 182999, within 1e-10",reported
switch A1,E5,is2,tpy365,tpy365,sw[trained]=0.2,"E5: a pooled pop ends at a*, within 1e-10 relative",0.39142810838832925,0.3914281,reported,0.3914281083883392,"|a/a* - 1| 2.539e-14 at tick 182999, within 1e-10",reported
switch A1,E5,is2,tpy365,tpy365,tail.services=0.09@dated,"E5: a pooled pop ends at a*, within 1e-10 relative",0.354571298729831,0.3545713,reported,0.3545712987298319,"|a/a* - 1| 2.505e-15 at tick 228749, within 1e-10",reported
switch A1,E5,is2,tpy365,tpy365,tail.services=0.09@genesis,"E5: a pooled pop ends at a*, within 1e-10 relative",0.354571298729831,0.3545713,reported,0.3545712987298266,"|a/a* - 1| 1.237e-14 at tick 182999, within 1e-10",reported
switch A1,E5,is2,tpy365,tpy365,tail.services=0.11@dated,"E5: a pooled pop ends at a*, within 1e-10 relative",0.4241539900012462,0.424154,reported,0.4241539900012535,"|a/a* - 1| 1.714e-14 at tick 228749, within 1e-10",reported
switch A1,E5,is2,tpy365,tpy365,tail.services=0.11@genesis,"E5: a pooled pop ends at a*, within 1e-10 relative",0.4241539900012462,0.424154,reported,0.42415399000124665,"|a/a* - 1| 1.047e-15 at tick 182999, within 1e-10",reported
