step,inst,set,setting,run,tier,cls_mirror,cls_engine,ttol_mirror,ttol_engine,baskets_mirror,baskets_engine,depth_mirror,depth_engine,dead_mirror,dead_engine,breach_mirror,breach_engine,live_trained_mirror,live_trained_engine,max_trained_mirror,max_trained_engine,end_trained_engine,live_master_mirror,live_master_engine,max_master_mirror,max_master_engine,end_master_engine,end_dhat_engine
E7,is1,basin,-,p[labour.master]*0.12270440108003683,3,CONVERGED,CONVERGED,573.0,573,0.000794701269585658,0.0007947013,0.7156315268343352,0.7156315,51.0,51,0.0,0.0,529,529.0,0.19290340595491734,0.1929034,6.4e-323,72,72.0,0.9986070958748585,0.9986071,1e-323,7.771561e-12
E7,is1,basin,-,p[labour.master]*0.12883962113403868,3,CONVERGED,CONVERGED,571.0,571,0.0011577011027626004,0.001157701,0.7178247583631733,0.7178248,48.0,48,0.0,0.0,529,529.0,0.18588917858733203,0.1858892,6.4e-323,72,72.0,0.9979967039172984,0.9979967,1e-323,1.24345e-11
E7,is1,basin,-,p[labour.master]*0.13528160219074062,3,CONVERGED,CONVERGED,569.0,569,0.001639632581018078,0.001639633,0.7210344599214463,0.7210345,45.0,45,0.0,0.0,527,527.0,0.17794613651206906,0.1779461,6.4e-323,72,72.0,0.9971648003242891,0.9971648,1e-323,5.995204e-12
E7,is1,basin,-,p[labour.master]*0.14204568230027764,3,CONVERGED,CONVERGED,567.0,567,0.0023396329327015418,0.002339633,0.7234675979616074,0.7234676,44.0,44,0.0,0.0,526,526.0,0.17199966806907113,0.1719997,6.4e-323,72,72.0,0.9960084267114522,0.9960084,1e-323,1.310063e-11
E7,is1,basin,-,p[labour.master]*0.14914796641529154,3,CONVERGED,CONVERGED,565.0,565,0.0032295554210911583,0.003229555,0.7266219581505051,0.726622,43.0,43,0.0,0.0,525,525.0,0.16452992995605165,0.1645299,6.4e-323,72,72.0,0.9944952832320229,0.9944953,1e-323,1.376677e-11
E7,is1,basin,-,p[labour.master]*0.15660536473605613,3,CONVERGED,CONVERGED,563.0,563,0.0044503522823147006,0.004450352,0.7299041329275603,0.7299041,41.0,41,0.0,0.0,523,523.0,0.15700728743196163,0.1570073,6.4e-323,72,72.0,0.9924230230783692,0.992423,1e-323,1.310063e-11
E7,is1,basin,-,p[labour.master]*0.16443563297285893,3,CONVERGED,CONVERGED,560.0,560,0.006082710524559473,0.006082711,0.7334816658930633,0.7334817,39.0,39,0.0,0.0,522,522.0,0.14977323347507807,0.1497732,6.4e-323,72,72.0,0.9897890493193946,0.989789,1e-323,1.487699e-11
E7,is1,basin,-,p[labour.master]*0.1726574146215019,3,CONVERGED,CONVERGED,558.0,558,0.008170352778801468,0.008170353,0.7369508708864797,0.7369509,37.0,37,0.0,0.0,521,521.0,0.14329613839133495,0.1432961,6.4e-323,72,72.0,0.9863047279588165,0.9863047,1e-323,1.154632e-11
E7,is1,basin,-,p[labour.master]*0.181290285352577,3,CONVERGED,CONVERGED,556.0,556,0.010976865251666464,0.01097687,0.7405792740387186,0.7405793,34.0,34,0.0,0.0,520,520.0,0.13516927133497625,0.1351693,6.4e-323,71,71.0,0.981866809540979,0.9818668,1e-323,1.221245e-11
E7,is1,basin,-,p[labour.master]*0.19035479962020585,3,CONVERGED,CONVERGED,553.0,553,0.014378067876714683,0.01437807,0.7451645834268309,0.7451646,30.0,30,0.0,0.0,518,518.0,0.12751401792211126,0.127514,6.4e-323,71,71.0,0.9762924501174183,0.9762925,1e-323,1.110223e-11
E7,is1,basin,-,p[labour.master]*0.19987253960121615,3,CONVERGED,CONVERGED,551.0,551,0.01902301716894631,0.01902302,0.7488541965140313,0.7488542,23.0,23,0.0,0.0,516,516.0,0.12079144410282532,0.1207914,6.4e-323,72,72.0,0.969093010186313,0.969093,1e-323,9.103829e-12
E7,is1,basin,-,p[labour.master]*0.20986616658127696,3,CONVERGED,CONVERGED,549.0,549,0.024313504175087583,0.0243135,0.7536226124832244,0.7536226,21.0,21,0.0,0.0,515,515.0,0.11298196879185324,0.112982,6.4e-323,72,72.0,0.9605873853700482,0.9605874,1e-323,8.65974e-12
E7,is1,basin,-,p[labour.master]*0.22035947491034083,3,CONVERGED,CONVERGED,546.0,546,0.031018431699322266,0.03101843,0.7585087599152756,0.7585088,19.0,19,0.0,0.0,514,514.0,0.10503610438996579,0.1050361,6.4e-323,72,72.0,0.9498654760352622,0.9498655,1e-323,8.65974e-12
E7,is1,basin,-,p[labour.master]*0.23137744865585788,3,CONVERGED,CONVERGED,543.0,543,0.03960713812956797,0.03960714,0.7630725846986217,0.7630726,19.0,19,0.0,0.0,513,513.0,0.09741430642777861,0.09741431,6.4e-323,72,72.0,0.9368833432815635,0.9368833,1e-323,9.103829e-12
E7,is1,basin,-,p[labour.master]*0.24294632108865077,3,CONVERGED,CONVERGED,540.0,540,0.04935242239451868,0.04935242,0.7683970389781151,0.768397,18.0,18,0.0,0.0,511,511.0,0.08967757436128607,0.08967757,6.4e-323,72,72.0,0.9216229838963974,0.921623,1e-323,7.549517e-12
E7,is1,basin,-,p[labour.master]*0.2550936371430833,3,CONVERGED,CONVERGED,538.0,538,0.061392502699349635,0.0613925,0.7735236575920333,0.7735237,18.0,18,0.0,0.0,509,509.0,0.08192309775525186,0.0819231,6.4e-323,72,72.0,0.9029347623794869,0.9029348,1e-323,8.437695e-12
E7,is1,basin,-,p[labour.master]*0.26784831900023753,3,CONVERGED,CONVERGED,535.0,535,0.07587862538950739,0.07587863,0.7794233537224977,0.7794234,17.0,17,0.0,0.0,508,508.0,0.07371178359915183,0.07371178,6.4e-323,72,72.0,0.8814874965400401,0.8814875,1e-323,7.771561e-12
E7,is1,basin,-,p[labour.master]*0.28124073495024937,3,CONVERGED,CONVERGED,533.0,533,0.09230586580246418,0.09230587,0.7854285817666334,0.7854286,17.0,17,0.0,0.0,506,506.0,0.06531856568021197,0.06531857,6.4e-323,73,73.0,0.8565503227507307,0.8565503,1e-323,9.992007e-12
E7,is1,basin,-,p[labour.master]*0.29530277169776187,3,CONVERGED,CONVERGED,530.0,530,0.112134122611448,0.1121341,0.7916012345482831,0.7916012,16.0,16,0.0,0.0,504,504.0,0.057167788774645234,0.05716779,6.4e-323,73,73.0,0.8268536456499144,0.8268536,1e-323,9.103829e-12
E7,is1,basin,-,p[labour.master]*0.31006791028264996,3,CONVERGED,CONVERGED,527.0,527,0.1344318739655601,0.1344319,0.7984262632106872,0.7984263,16.0,16,0.0,0.0,501,501.0,0.04849364957004392,0.04849365,6.4e-323,73,73.0,0.7941941046958596,0.7941941,1e-323,8.65974e-12
E7,is1,basin,-,p[labour.master]*0.3255713057967825,3,CONVERGED,CONVERGED,523.0,523,0.15992897424889363,0.159929,0.8056781305717634,0.8056781,15.0,15,0.0,0.0,498,498.0,0.03936998248414588,0.03936998,6.4e-323,74,74.0,0.7568823120573686,0.7568823,1e-323,9.992007e-12
E7,is1,basin,-,p[labour.master]*0.3418498710866216,3,CONVERGED,CONVERGED,520.0,520,0.18967738100028275,0.1896774,0.8130789402004489,0.8130789,15.0,15,0.0,0.0,494,494.0,0.02997834707860076,0.02997835,6.4e-323,75,75.0,0.7136261342379472,0.7136261,1e-323,7.993606e-12
E7,is1,basin,-,p[labour.master]*0.35894236464095275,3,CONVERGED,CONVERGED,514.0,514,0.2212189812757156,0.221219,0.8210407572666161,0.8210408,14.0,14,0.0,0.0,488,488.0,0.01995096279831984,0.01995096,6.4e-323,75,75.0,0.6678410005346511,0.667841,1e-323,7.105427e-12
E7,is1,basin,-,p[labour.master]*0.3768894828730004,3,CONVERGED,CONVERGED,473.0,473,0.2578724663184297,0.2578725,0.8294946218506132,0.8294946,13.0,13,0.0,0.0,472,472.0,0.008735110063840883,0.00873511,6.4e-323,76,76.0,0.6165815773297361,0.6165816,1e-323,9.325873e-12
E7,is1,basin,-,p[labour.master]*0.39573395701665043,3,CONVERGED,CONVERGED,468.0,468,0.29652184704420276,0.2965218,0.8383092373795997,0.8383092,13.0,13,0.0,0.0,0,0.0,0.0,0.0,0.0,77,77.0,0.5586846599539369,0.5586847,1e-323,6.217249e-12
E7,is1,basin,-,p[labour.master]*0.41552065486748296,3,CONVERGED,CONVERGED,462.0,462,0.33948126043093,0.3394813,0.847702700278356,0.8477027,12.0,12,0.0,0.0,0,0.0,0.0,0.0,0.0,78,78.0,0.50043051750501,0.5004305,1e-323,9.547918e-12
E7,is1,basin,-,p[labour.master]*0.4362966876108571,3,CONVERGED,CONVERGED,455.0,455,0.38457461396635667,0.3845746,0.8576630006647707,0.857663,10.0,10,0.0,0.0,0,0.0,0.0,0.0,0.0,79,79.0,0.4358430318343004,0.435843,1e-323,7.993606e-12
E7,is1,basin,-,p[labour.master]*0.4581115219914,3,CONVERGED,CONVERGED,448.0,448,0.43312997561098804,0.43313,0.8681333251949055,0.8681333,8.0,8,0.0,0.0,0,0.0,0.0,0.0,0.0,80,80.0,0.368408389024967,0.3684084,1e-323,8.881784e-12
E7,is1,basin,-,p[labour.master]*0.48101709809097004,3,CONVERGED,CONVERGED,440.0,440,0.4819121365970338,0.4819121,0.8789649800097544,0.878965,4.0,4,0.0,0.0,0,0.0,0.0,0.0,0.0,81,81.0,0.29988799709347014,0.299888,1e-323,1.110223e-11
E7,is1,basin,-,p[labour.master]*0.5050679529955185,3,CONVERGED,CONVERGED,432.0,432,0.5330325029161437,0.5330325,0.890006142089923,0.8900061,0.0,0,0.0,0.0,0,0.0,0.0,0.0,0.0,81,81.0,0.22911290697975106,0.2291129,1e-323,1.332268e-11
E7,is1,basin,-,p[labour.master]*0.5303213506452945,3,CONVERGED,CONVERGED,422.0,422,0.582731842289273,0.5827318,0.90057992162257,0.9005799,0.0,0,0.0,0.0,0,0.0,0.0,0.0,0.0,82,82.0,0.16106801952216757,0.161068,1e-323,1.021405e-11
E7,is1,basin,-,p[labour.master]*0.5568374181775593,3,CONVERGED,CONVERGED,411.0,411,0.6282224784353423,0.6282225,0.9102994594084702,0.9102995,0.0,0,0.0,0.0,0,0.0,0.0,0.0,0.0,81,81.0,0.09830268000992728,0.09830268,1e-323,1.065814e-11
E7,is1,basin,-,p[labour.master]*0.5846792890864372,3,CONVERGED,CONVERGED,403.0,403,0.6664949537914134,0.666495,0.9184740153499863,0.918474,0.0,0,0.0,0.0,0,0.0,0.0,0.0,0.0,80,80.0,0.04463649901859815,0.0446365,1e-323,7.327472e-12
E7,is1,basin,-,p[labour.master]*0.6139132535407591,3,CONVERGED,CONVERGED,395.0,395,0.7068453990400172,0.7068454,0.9248999114959034,0.9248999,0.0,0,0.0,0.0,0,0.0,0.0,0.0,0.0,74,74.0,0.008822114834235046,0.008822115,1e-323,6.661338e-12
E7,is1,basin,-,p[labour.master]*0.6446089162177971,3,CONVERGED,CONVERGED,388.0,388,0.7388646777322693,0.7388647,0.9278138704725694,0.9278139,0.0,0,0.0,0.0,0,0.0,0.0,0.0,0.0,0,0.0,0.0,0.0,0.0,9.992007e-12
E7,is1,basin,-,p[labour.master]*0.676839362028687,3,CONVERGED,CONVERGED,377.0,377,0.7653195537268147,0.7653196,0.9296616215507625,0.9296616,0.0,0,0.0,0.0,0,0.0,0.0,0.0,0.0,0,0.0,0.0,0.0,0.0,5.551115e-12
E7,is1,basin,-,p[labour.master]*0.7106813301301214,3,CONVERGED,CONVERGED,336.0,336,0.792418966629106,0.792419,0.9314441052079188,0.9314441,0.0,0,0.0,0.0,0,0.0,0.0,0.0,0.0,0,0.0,0.0,0.0,0.0,5.551115e-12
E7,is1,basin,-,p[labour.master]*0.7462153966366275,3,CONVERGED,CONVERGED,327.0,327,0.820162118254094,0.8201621,0.9331908728103753,0.9331909,0.0,0,0.0,0.0,0,0.0,0.0,0.0,0.0,0,0.0,0.0,0.0,0.0,5.551115e-12
E7,is1,basin,-,p[labour.master]*0.7835261664684589,3,CONVERGED,CONVERGED,316.0,316,0.8485474479871628,0.8485474,0.9348950697342439,0.9348951,0.0,0,0.0,0.0,0,0.0,0.0,0.0,0.0,0,0.0,0.0,0.0,0.0,9.547918e-12
E7,is1,basin,-,p[labour.master]*0.8227024747918819,3,CONVERGED,CONVERGED,302.0,302,0.8775726401754326,0.8775726,0.9365308371471325,0.9365308,0.0,0,0.0,0.0,0,0.0,0.0,0.0,0.0,0,0.0,0.0,0.0,0.0,1.132427e-11
E7,is1,basin,-,p[labour.master]*0.863837598531476,3,CONVERGED,CONVERGED,287.0,287,0.9072346350454606,0.9072346,0.9381258043355569,0.9381258,0.0,0,0.0,0.0,0,0.0,0.0,0.0,0.0,0,0.0,0.0,0.0,0.0,7.993606e-12
E7,is1,basin,-,p[labour.master]*0.9070294784580498,3,CONVERGED,CONVERGED,228.0,228,0.9375296430384331,0.9375296,0.9396676374523616,0.9396676,0.0,0,0.0,0.0,0,0.0,0.0,0.0,0.0,0,0.0,0.0,0.0,0.0,6.439294e-12
E7,is1,basin,-,p[labour.master]*0.9523809523809523,3,CONVERGED,CONVERGED,190.0,190,0.9684531624210708,0.9684532,0.9411520993284693,0.9411521,0.0,0,0.0,0.0,0,0.0,0.0,0.0,0.0,0,0.0,0.0,0.0,0.0,6.883383e-12
E7,is1,basin,-,p[labour.master]*1.05,3,CONVERGED,CONVERGED,217.0,217,0.9866852814816691,0.9866853,0.9394788852225402,0.9394789,0.0,0,0.0,0.0,0,0.0,0.0,0.0,0.0,0,0.0,0.0,0.0,0.0,9.547918e-12
E7,is1,basin,-,p[labour.master]*1.1025,3,CONVERGED,CONVERGED,255.0,255,0.9730811645895695,0.9730812,0.9363083216000245,0.9363083,0.0,0,0.0,0.0,0,0.0,0.0,0.0,0.0,0,0.0,0.0,0.0,0.0,1.04361e-11
E7,is1,basin,-,p[labour.master]*1.1576250000000001,3,CONVERGED,CONVERGED,314.0,314,0.9591948234405195,0.9591948,0.9330661166313596,0.9330661,0.0,0,0.0,0.0,0,0.0,0.0,0.0,0.0,0,0.0,0.0,0.0,0.0,6.217249e-12
E7,is1,basin,-,p[labour.master]*1.2155062500000002,3,CONVERGED,CONVERGED,327.0,327,0.9450344179745682,0.9450344,0.9297540075875789,0.929754,0.0,0,0.0,0.0,0,0.0,0.0,0.0,0.0,0,0.0,0.0,0.0,0.0,7.771561e-12
E7,is1,basin,-,p[labour.master]*1.2762815625000004,3,CONVERGED,CONVERGED,339.0,339,0.9306090979796696,0.9306091,0.9263726686973885,0.9263727,0.0,0,0.0,0.0,0,0.0,0.0,0.0,0.0,0,0.0,0.0,0.0,0.0,1.132427e-11
E7,is1,basin,-,p[labour.master]*1.3400956406250004,3,CONVERGED,CONVERGED,350.0,350,0.9159290005067158,0.915929,0.9229252552810681,0.9229253,0.0,0,0.0,0.0,0,0.0,0.0,0.0,0.0,0,0.0,0.0,0.0,0.0,1.088019e-11
E7,is1,basin,-,p[labour.master]*1.4071004226562505,3,CONVERGED,CONVERGED,359.0,359,0.9010052403376608,0.9010052,0.9194226324078794,0.9194226,0.0,0,0.0,0.0,0,0.0,0.0,0.0,0.0,0,0.0,0.0,0.0,0.0,7.327472e-12
E7,is1,basin,-,p[labour.master]*1.477455443789063,3,CONVERGED,CONVERGED,368.0,368,0.8858498932393252,0.8858499,0.9158481722599157,0.9158482,0.0,0,0.0,0.0,0,0.0,0.0,0.0,0.0,0,0.0,0.0,0.0,0.0,6.661338e-12
E7,is1,basin,-,p[labour.master]*1.5513282159785162,3,CONVERGED,CONVERGED,374.0,374,0.8704759718145182,0.870476,0.9122140731490768,0.9122141,0.0,0,0.0,0.0,0,0.0,0.0,0.0,0.0,0,0.0,0.0,0.0,0.0,6.661338e-12
E7,is1,basin,-,p[labour.master]*1.628894626777442,3,CONVERGED,CONVERGED,417.0,417,0.8548973938493356,0.8548974,0.9085346463196312,0.9085346,0.0,0,0.0,0.0,0,0.0,0.0,0.0,0.0,0,0.0,0.0,0.0,0.0,9.769963e-12
E7,is1,basin,-,p[labour.master]*1.7103393581163142,3,CONVERGED,CONVERGED,423.0,423,0.8391289431495768,0.8391289,0.9048039714587145,0.904804,0.0,0,0.0,0.0,0,0.0,0.0,0.0,0.0,0,0.0,0.0,0.0,0.0,9.992007e-12
E7,is1,basin,-,p[labour.master]*1.79585632602213,3,CONVERGED,CONVERGED,428.0,428,0.8231862229586225,0.8231862,0.901018179704218,0.9010182,0.0,0,0.0,0.0,0,0.0,0.0,0.0,0.0,0,0.0,0.0,0.0,0.0,1.088019e-11
E7,is1,basin,-,p[labour.master]*1.8856491423232367,3,CONVERGED,CONVERGED,432.0,432,0.8070856021519922,0.8070856,0.897186021077513,0.897186,0.0,0,0.0,0.0,0,0.0,0.0,0.0,0.0,0,0.0,0.0,0.0,0.0,8.21565e-12
E7,is1,basin,-,p[labour.master]*1.9799315994393987,3,CONVERGED,CONVERGED,435.0,435,0.790844154508144,0.7908442,0.8933193709500865,0.8933194,0.0,0,0.0,0.0,0,0.0,0.0,0.0,0.0,0,0.0,0.0,0.0,0.0,6.217249e-12
E7,is1,basin,-,p[labour.master]*2.0789281794113688,3,CONVERGED,CONVERGED,440.0,440,0.7744795914587169,0.7744796,0.8893979212494441,0.8893979,0.0,0,0.0,0.0,0,0.0,0.0,0.0,0.0,0,0.0,0.0,0.0,0.0,6.439294e-12
E7,is1,basin,-,p[labour.master]*2.182874588381937,3,CONVERGED,CONVERGED,444.0,444,0.7580101888220605,0.7580102,0.8854235656087274,0.8854236,0.0,0,0.0,0.0,0,0.0,0.0,0.0,0.0,0,0.0,0.0,0.0,0.0,1.354472e-11
E7,is1,basin,-,p[labour.master]*2.292018317801034,3,CONVERGED,CONVERGED,449.0,449,0.7414547081192647,0.7414547,0.8814122544243562,0.8814123,0.0,0,0.0,0.0,0,0.0,0.0,0.0,0.0,0,0.0,0.0,0.0,0.0,1.265654e-11
E7,is1,basin,-,p[labour.master]*2.4066192336910857,3,CONVERGED,CONVERGED,453.0,453,0.7248323131597417,0.7248323,0.877382975830907,0.877383,0.0,0,0.0,0.0,0,0.0,0.0,0.0,0.0,0,0.0,0.0,0.0,0.0,1.509903e-11
E7,is1,basin,-,p[labour.master]*2.5269501953756404,3,CONVERGED,CONVERGED,457.0,457,0.7081624826615524,0.7081625,0.8733366667878296,0.8733367,0.0,0,0.0,0.0,0,0.0,0.0,0.0,0.0,0,0.0,0.0,0.0,0.0,1.398881e-11
E7,is1,basin,-,p[labour.master]*2.653297705144422,3,CONVERGED,CONVERGED,460.0,460,0.6914649197382136,0.6914649,0.869285992755501,0.869286,0.0,0,0.0,0.0,0,0.0,0.0,0.0,0.0,0,0.0,0.0,0.0,0.0,1.24345e-11
E7,is1,basin,-,p[labour.master]*2.7859625904016436,3,CONVERGED,CONVERGED,464.0,464,0.6747594591369298,0.6747595,0.8652171563704818,0.8652172,0.0,0,0.0,0.0,0,0.0,0.0,0.0,0.0,0,0.0,0.0,0.0,0.0,5.551115e-12
E7,is1,basin,-,p[labour.master]*2.925260719921726,3,CONVERGED,CONVERGED,468.0,468,0.6580659731517284,0.658066,0.8610869062489696,0.8610869,0.0,0,0.0,0.0,0,0.0,0.0,0.0,0.0,0,0.0,0.0,0.0,0.0,7.327472e-12
E7,is1,basin,-,p[labour.master]*3.0715237559178123,3,CONVERGED,CONVERGED,471.0,471,0.6414042771578089,0.6414043,0.8570107671629852,0.8570108,0.0,0,0.0,0.0,0,0.0,0.0,0.0,0.0,0,0.0,0.0,0.0,0.0,1.065814e-11
E7,is1,basin,-,p[labour.master]*3.225099943713703,3,CONVERGED,CONVERGED,474.0,474,0.624794035719966,0.624794,0.8529601755898267,0.8529602,0.0,0,0.0,0.0,0,0.0,0.0,0.0,0.0,0,0.0,0.0,0.0,0.0,6.883383e-12
E7,is1,basin,-,p[labour.master]*3.3863549408993885,3,CONVERGED,CONVERGED,477.0,477,0.6082546702180305,0.6082547,0.8489044415152862,0.8489044,0.0,0,0.0,0.0,0,0.0,0.0,0.0,0.0,0,0.0,0.0,0.0,0.0,5.329071e-12
E7,is1,basin,-,p[labour.master]*3.555672687944358,3,CONVERGED,CONVERGED,480.0,480,0.5918052689061444,0.5918053,0.8448406153459685,0.8448406,0.0,0,0.0,0.0,0,0.0,0.0,0.0,0.0,0,0.0,0.0,0.0,0.0,4.884981e-12
E7,is1,basin,-,p[labour.master]*3.733456322341576,3,CONVERGED,CONVERGED,483.0,483,0.5754645002810589,0.5754645,0.8407178076260411,0.8407178,0.0,0,0.0,0.0,0,0.0,0.0,0.0,0.0,0,0.0,0.0,0.0,0.0,7.327472e-12
E7,is1,basin,-,p[labour.master]*3.920129138458655,3,CONVERGED,CONVERGED,486.0,486,0.5592505305785614,0.5592505,0.8365650754416237,0.8365651,0.0,0,0.0,0.0,0,0.0,0.0,0.0,0.0,0,0.0,0.0,0.0,0.0,7.549517e-12
E7,is1,basin,-,p[labour.master]*4.116135595381588,3,CONVERGED,CONVERGED,524.0,524,0.5431809461480827,0.5431809,0.8324999992599308,0.8325,0.0,0,0.0,0.0,0,0.0,0.0,0.0,0.0,0,0.0,0.0,0.0,0.0,8.437695e-12
E7,is1,basin,-,p[labour.master]*4.321942375150668,3,CONVERGED,CONVERGED,527.0,527,0.5272726813752225,0.5272727,0.8284420556084993,0.8284421,0.0,0,0.0,0.0,453,453.0,0.002897884842422589,0.002897885,6.4e-323,0,0.0,0.0,0.0,0.0,9.103829e-12
E7,is1,basin,-,p[labour.master]*4.538039493908201,3,CONVERGED,CONVERGED,530.0,530,0.5115419527323812,0.511542,0.8245155928902119,0.8245156,0.0,0,0.0,0.0,481,481.0,0.009898297161264787,0.009898297,6.4e-323,0,0.0,0.0,0.0,0.0,7.771561e-12
E7,is1,basin,-,p[labour.master]*4.764941468603611,3,CONVERGED,CONVERGED,533.0,533,0.49600419944103924,0.4960042,0.8204658708320514,0.8204659,2.0,2,0.0,0.0,491,491.0,0.01630132887011567,0.01630133,6.4e-323,0,0.0,0.0,0.0,0.0,6.661338e-12
E7,is1,basin,-,p[labour.master]*5.003188542033792,3,CONVERGED,CONVERGED,535.0,535,0.4806740311277829,0.480674,0.8163562817105049,0.8163563,2.0,2,0.0,0.0,496,496.0,0.02248145394741302,0.02248145,6.4e-323,0,0.0,0.0,0.0,0.0,7.105427e-12
E7,is1,basin,-,p[labour.master]*5.253347969135482,3,CONVERGED,CONVERGED,537.0,537,0.46556518275220915,0.4655652,0.8123418325926667,0.8123418,6.0,6,0.0,0.0,500,500.0,0.028634431315514828,0.02863443,6.4e-323,0,0.0,0.0,0.0,0.0,7.993606e-12
E7,is1,basin,-,p[labour.master]*5.5160153675922565,3,CONVERGED,CONVERGED,539.0,539,0.450690476980627,0.4506905,0.8084487890397176,0.8084488,9.0,9,0.0,0.0,503,503.0,0.03453885604734754,0.03453886,6.4e-323,0,0.0,0.0,0.0,0.0,5.77316e-12
E7,is1,basin,-,p[labour.master]*5.791816135971869,3,CONVERGED,CONVERGED,541.0,541,0.4360617940771485,0.4360618,0.8045996959871693,0.8045997,10.0,10,0.0,0.0,504,504.0,0.040435410379619,0.04043541,6.4e-323,0,0.0,0.0,0.0,0.0,8.65974e-12
E7,is1,basin,-,p[labour.master]*6.081406942770463,3,CONVERGED,CONVERGED,542.0,542,0.4216900492853168,0.42169,0.8007553314793631,0.8007553,12.0,12,0.0,0.0,507,507.0,0.04647157962118542,0.04647158,6.4e-323,0,0.0,0.0,0.0,0.0,8.437695e-12
E7,is1,basin,-,p[labour.master]*6.385477289908986,3,CONVERGED,CONVERGED,544.0,544,0.4075851775806198,0.4075852,0.797052597892272,0.7970526,13.0,13,0.0,0.0,508,508.0,0.05216199150083723,0.05216199,6.4e-323,0,0.0,0.0,0.0,0.0,7.993606e-12
E7,is1,basin,-,p[labour.master]*6.704751154404436,3,CONVERGED,CONVERGED,546.0,546,0.39375612558859996,0.3937561,0.7934567907384336,0.7934568,14.0,14,0.0,0.0,510,510.0,0.05807702701300114,0.05807703,6.4e-323,0,0.0,0.0,0.0,0.0,7.993606e-12
E7,is1,basin,-,p[labour.master]*7.039988712124658,3,CONVERGED,CONVERGED,548.0,548,0.38021085038603813,0.3802109,0.7899081505834027,0.7899082,15.0,15,0.0,0.0,512,512.0,0.06433617373985903,0.06433617,6.4e-323,0,0.0,0.0,0.0,0.0,8.437695e-12
E7,is1,basin,-,p[labour.master]*7.391988147730891,3,CONVERGED,CONVERGED,550.0,550,0.3669563248348054,0.3669563,0.7863548718893629,0.7863549,17.0,17,0.0,0.0,513,513.0,0.07029590740306767,0.07029591,6.4e-323,0,0.0,0.0,0.0,0.0,8.21565e-12
E7,is1,basin,-,p[labour.master]*7.761587555117436,3,CONVERGED,CONVERGED,552.0,552,0.3539985490400941,0.3539985,0.7829107741060594,0.7829108,19.0,19,0.0,0.0,514,514.0,0.07633587104328386,0.07633587,6.4e-323,0,0.0,0.0,0.0,0.0,8.65974e-12
E7,is1,basin,-,p[labour.master]*8.14966693287331,3,CONVERGED,CONVERGED,554.0,554,0.3413425674772208,0.3413426,0.7795122743559687,0.7795123,22.0,22,0.0,0.0,516,516.0,0.08242145443769266,0.08242145,6.4e-323,0,0.0,0.0,0.0,0.0,1.199041e-11
E7,is1,basin,-,p[labour.trained]*0.12270440108003683,3,CONVERGED,CONVERGED,680.0,680,6.839529462407289e-05,6.839529e-05,0.3237354136219364,0.3237354,93.0,93,0.0,0.0,665,665.0,0.9998819149611553,0.9998819,6.4e-323,153,153.0,0.4112264594260505,0.4112265,1e-323,5.77316e-12
E7,is1,basin,-,p[labour.trained]*0.12883962113403868,3,CONVERGED,CONVERGED,678.0,678,9.97113899487714e-05,9.971139e-05,0.33659872312973116,0.3365987,91.0,91,0.0,0.0,663,663.0,0.9998279383991917,0.9998279,6.4e-323,151,151.0,0.39721141646814023,0.3972114,1e-323,5.77316e-12
E7,is1,basin,-,p[labour.trained]*0.13528160219074062,3,CONVERGED,CONVERGED,675.0,675,0.0001452419110042636,0.0001452419,0.3456995010615061,0.3456995,90.0,90,0.0,0.0,661,661.0,0.9997495158716047,0.9997495,6.4e-323,150,150.0,0.38225686511713836,0.3822569,1e-323,7.105427e-12
E7,is1,basin,-,p[labour.trained]*0.14204568230027764,3,CONVERGED,CONVERGED,672.0,672,0.00022060004058913486,0.0002206,0.3551518259038378,0.3551518,89.0,89,0.0,0.0,659,659.0,0.9996368717086556,0.9996369,6.4e-323,148,148.0,0.37020812136428943,0.3702081,1e-323,8.437695e-12
E7,is1,basin,-,p[labour.trained]*0.14914796641529154,3,CONVERGED,CONVERGED,645.0,645,0.0003133668354372744,0.0003133668,0.36780662509550754,0.3678066,87.0,87,0.0,0.0,657,657.0,0.9994845225462482,0.9994845,6.4e-323,146,146.0,0.35293909624313036,0.3529391,1e-323,7.327472e-12
E7,is1,basin,-,p[labour.trained]*0.15660536473605613,3,CONVERGED,CONVERGED,642.0,642,0.000444680073004211,0.0004446801,0.3780394667082018,0.3780395,86.0,86,0.0,0.0,655,655.0,0.9992690734410935,0.9992691,6.4e-323,145,145.0,0.3381471610498466,0.3381472,1e-323,1.088019e-11
E7,is1,basin,-,p[labour.trained]*0.16443563297285893,3,CONVERGED,CONVERGED,640.0,640,0.0006573080699390562,0.0006573081,0.3871582939122222,0.3871583,85.0,85,0.0,0.0,654,654.0,0.998967789849229,0.9989678,6.4e-323,144,144.0,0.3247779148413634,0.3247779,1e-323,9.103829e-12
E7,is1,basin,-,p[labour.trained]*0.1726574146215019,3,CONVERGED,CONVERGED,638.0,638,0.0009095775770503708,0.0009095776,0.399359841469066,0.3993598,83.0,83,0.0,0.0,652,652.0,0.9985729183473708,0.9985729,6.4e-323,142,142.0,0.30534491548047465,0.3053449,1e-323,7.327472e-12
E7,is1,basin,-,p[labour.trained]*0.181290285352577,3,CONVERGED,CONVERGED,635.0,635,0.0012570836041354706,0.001257084,0.4110728939427976,0.4110729,82.0,82,0.0,0.0,650,650.0,0.9980296982226486,0.9980297,6.4e-323,141,141.0,0.28855607154286805,0.2885561,1e-323,7.105427e-12
E7,is1,basin,-,p[labour.trained]*0.19035479962020585,3,CONVERGED,CONVERGED,633.0,633,0.00180949698567119,0.001809497,0.41997494818188363,0.4199749,81.0,81,0.0,0.0,648,648.0,0.9972873647711233,0.9972874,6.4e-323,139,139.0,0.27321136100900234,0.2732114,1e-323,9.103829e-12
E7,is1,basin,-,p[labour.trained]*0.19987253960121615,3,CONVERGED,CONVERGED,631.0,631,0.0024387586689801517,0.002438759,0.43176886736632264,0.4317689,78.0,78,0.0,0.0,646,646.0,0.996348338772509,0.9963483,6.4e-323,137,137.0,0.25304253671394,0.2530425,1e-323,4.662937e-12
E7,is1,basin,-,p[labour.trained]*0.20986616658127696,3,CONVERGED,CONVERGED,628.0,628,0.0032819800392916007,0.00328198,0.4433096514962731,0.4433097,76.0,76,0.0,0.0,644,644.0,0.9950924129774636,0.9950924,6.4e-323,136,136.0,0.23306505898625887,0.2330651,1e-323,8.65974e-12
E7,is1,basin,-,p[labour.trained]*0.22035947491034083,3,CONVERGED,CONVERGED,626.0,626,0.004409526002167958,0.004409526,0.45424847432718696,0.4542485,74.0,74,0.0,0.0,642,642.0,0.9934168353719683,0.9934168,6.4e-323,134,134.0,0.21612982511799356,0.2161298,1e-323,5.329071e-12
E7,is1,basin,-,p[labour.trained]*0.23137744865585788,3,CONVERGED,CONVERGED,624.0,624,0.006044021880518411,0.006044022,0.46553948585007326,0.4655395,71.0,71,0.0,0.0,640,640.0,0.9913563868067122,0.9913564,6.4e-323,133,133.0,0.19410373134820688,0.1941037,1e-323,1.04361e-11
E7,is1,basin,-,p[labour.trained]*0.24294632108865077,3,CONVERGED,CONVERGED,621.0,621,0.00791993641671321,0.007919936,0.47691480595548896,0.4769148,70.0,70,0.0,0.0,638,638.0,0.9886940141430769,0.988694,6.4e-323,131,131.0,0.17155123711243014,0.1715512,1e-323,6.661338e-12
E7,is1,basin,-,p[labour.trained]*0.2550936371430833,3,CONVERGED,CONVERGED,619.0,619,0.010359037329852824,0.01035904,0.4880917515154855,0.4880918,68.0,68,0.0,0.0,636,636.0,0.9852439549531447,0.985244,6.4e-323,130,130.0,0.15010863883728745,0.1501086,1e-323,1.154632e-11
E7,is1,basin,-,p[labour.trained]*0.26784831900023753,3,CONVERGED,CONVERGED,617.0,617,0.013865065878438096,0.01386507,0.5010000400872308,0.501,66.0,66,0.0,0.0,634,634.0,0.9810395565496426,0.9810396,6.4e-323,128,128.0,0.12597811035212486,0.1259781,1e-323,9.992007e-12
E7,is1,basin,-,p[labour.trained]*0.28124073495024937,3,CONVERGED,CONVERGED,614.0,614,0.01769537611577641,0.01769538,0.512510458553322,0.5125105,65.0,65,0.0,0.0,632,632.0,0.9758583308821648,0.9758583,6.4e-323,127,127.0,0.10078574579919053,0.1007857,1e-323,9.103829e-12
E7,is1,basin,-,p[labour.trained]*0.29530277169776187,3,CONVERGED,CONVERGED,611.0,611,0.022539605202587992,0.02253961,0.523926736512751,0.5239267,62.0,62,0.0,0.0,630,630.0,0.9693371455383903,0.9693371,6.4e-323,125,125.0,0.07562797167936826,0.07562797,1e-323,9.103829e-12
E7,is1,basin,-,p[labour.trained]*0.31006791028264996,3,CONVERGED,CONVERGED,609.0,609,0.029505714217665256,0.02950571,0.5360415092513332,0.5360415,61.0,61,0.0,0.0,628,628.0,0.9613406299491323,0.9613406,6.4e-323,121,121.0,0.049784654806742816,0.04978465,1e-323,6.661338e-12
E7,is1,basin,-,p[labour.trained]*0.3255713057967825,3,CONVERGED,CONVERGED,606.0,606,0.03669886610007458,0.03669887,0.5499463264635661,0.5499463,57.0,57,0.0,0.0,625,625.0,0.9520572544153324,0.9520573,6.4e-323,117,117.0,0.022540002583358785,0.02254,1e-323,5.551115e-12
E7,is1,basin,-,p[labour.trained]*0.3418498710866216,3,CONVERGED,CONVERGED,603.0,603,0.0455555173064599,0.04555552,0.5624935594713544,0.5624936,54.0,54,0.0,0.0,623,623.0,0.9407029709688037,0.940703,6.4e-323,0,0.0,0.0,0.0,0.0,9.325873e-12
E7,is1,basin,-,p[labour.trained]*0.35894236464095275,3,CONVERGED,CONVERGED,600.0,600,0.056430392415035786,0.05643039,0.5745490024438307,0.574549,52.0,52,0.0,0.0,621,621.0,0.9268777626976489,0.9268778,6.4e-323,0,0.0,0.0,0.0,0.0,1.021405e-11
E7,is1,basin,-,p[labour.trained]*0.3768894828730004,3,CONVERGED,CONVERGED,597.0,597,0.07085880464636485,0.0708588,0.5881640938333308,0.5881641,44.0,44,0.0,0.0,618,618.0,0.9110551690577277,0.9110552,6.4e-323,0,0.0,0.0,0.0,0.0,9.103829e-12
E7,is1,basin,-,p[labour.trained]*0.39573395701665043,3,CONVERGED,CONVERGED,593.0,593,0.08581162230256242,0.08581162,0.6026061585451183,0.6026062,43.0,43,0.0,0.0,615,615.0,0.8927576869654102,0.8927577,6.4e-323,0,0.0,0.0,0.0,0.0,1.04361e-11
E7,is1,basin,-,p[labour.trained]*0.41552065486748296,3,CONVERGED,CONVERGED,589.0,589,0.10370998902784508,0.10371,0.6171658073518299,0.6171658,41.0,41,0.0,0.0,613,613.0,0.8710935170557723,0.8710935,6.4e-323,0,0.0,0.0,0.0,0.0,7.771561e-12
E7,is1,basin,-,p[labour.trained]*0.4362966876108571,3,CONVERGED,CONVERGED,586.0,586,0.12506735614227324,0.1250674,0.6307599814437944,0.63076,39.0,39,0.0,0.0,610,610.0,0.8455853372853024,0.8455853,6.4e-323,0,0.0,0.0,0.0,0.0,1.332268e-11
E7,is1,basin,-,p[labour.trained]*0.4581115219914,3,CONVERGED,CONVERGED,582.0,582,0.15108090553078415,0.1510809,0.6457193045447055,0.6457193,37.0,37,0.0,0.0,607,607.0,0.8177007352359045,0.8177007,6.4e-323,0,0.0,0.0,0.0,0.0,1.221245e-11
E7,is1,basin,-,p[labour.trained]*0.48101709809097004,3,CONVERGED,CONVERGED,577.0,577,0.17839484381948786,0.1783948,0.6612889479353732,0.6612889,35.0,35,0.0,0.0,604,604.0,0.7860956170729011,0.7860956,6.4e-323,0,0.0,0.0,0.0,0.0,1.354472e-11
E7,is1,basin,-,p[labour.trained]*0.5050679529955185,3,CONVERGED,CONVERGED,573.0,573,0.21020447991539198,0.2102045,0.677257516640929,0.6772575,30.0,30,0.0,0.0,601,601.0,0.749879515030919,0.7498795,6.4e-323,0,0.0,0.0,0.0,0.0,1.176836e-11
E7,is1,basin,-,p[labour.trained]*0.5303213506452945,3,CONVERGED,CONVERGED,568.0,568,0.24708654741670458,0.2470865,0.6937539357780285,0.6937539,26.0,26,0.0,0.0,598,598.0,0.7086688045381256,0.7086688,6.4e-323,0,0.0,0.0,0.0,0.0,6.217249e-12
E7,is1,basin,-,p[labour.trained]*0.5568374181775593,3,CONVERGED,CONVERGED,562.0,562,0.28776632252284967,0.2877663,0.7113374990388346,0.7113375,17.0,17,0.0,0.0,594,594.0,0.6646796514170272,0.6646797,6.4e-323,0,0.0,0.0,0.0,0.0,7.105427e-12
E7,is1,basin,-,p[labour.trained]*0.5846792890864372,3,CONVERGED,CONVERGED,557.0,557,0.33184700618871055,0.331847,0.7291519699368045,0.729152,10.0,10,0.0,0.0,590,590.0,0.6166712178936591,0.6166712,6.4e-323,0,0.0,0.0,0.0,0.0,7.771561e-12
E7,is1,basin,-,p[labour.trained]*0.6139132535407591,3,CONVERGED,CONVERGED,552.0,552,0.3817474755061626,0.3817475,0.7475099059074761,0.7475099,9.0,9,0.0,0.0,584,584.0,0.5634806853846311,0.5634807,6.4e-323,0,0.0,0.0,0.0,0.0,9.103829e-12
E7,is1,basin,-,p[labour.trained]*0.6446089162177971,3,CONVERGED,CONVERGED,547.0,547,0.435941916675634,0.4359419,0.7668017626856336,0.7668018,7.0,7,0.0,0.0,564,564.0,0.5050714910321523,0.5050715,6.4e-323,0,0.0,0.0,0.0,0.0,5.551115e-12
E7,is1,basin,-,p[labour.trained]*0.676839362028687,3,CONVERGED,CONVERGED,539.0,539,0.4930670724442461,0.4930671,0.7871147240137564,0.7871147,3.0,3,0.0,0.0,486,486.0,0.44384674932136636,0.4438467,6.4e-323,0,0.0,0.0,0.0,0.0,6.661338e-12
E7,is1,basin,-,p[labour.trained]*0.7106813301301214,3,CONVERGED,CONVERGED,494.0,494,0.5563403936211635,0.5563404,0.808379412496161,0.8083794,0.0,0,0.0,0.0,483,483.0,0.37985634589585493,0.3798563,6.4e-323,0,0.0,0.0,0.0,0.0,6.217249e-12
E7,is1,basin,-,p[labour.trained]*0.7462153966366275,3,CONVERGED,CONVERGED,483.0,483,0.622379921368989,0.6223799,0.8308488250184223,0.8308488,0.0,0,0.0,0.0,481,481.0,0.3113863830594014,0.3113864,6.4e-323,0,0.0,0.0,0.0,0.0,8.881784e-12
E7,is1,basin,-,p[labour.trained]*0.7835261664684589,3,CONVERGED,CONVERGED,469.0,469,0.6926531175069135,0.6926531,0.8547943777458118,0.8547944,0.0,0,0.0,0.0,479,479.0,0.23891280003003856,0.2389128,6.4e-323,0,0.0,0.0,0.0,0.0,9.325873e-12
E7,is1,basin,-,p[labour.trained]*0.8227024747918819,3,CONVERGED,CONVERGED,450.0,450,0.7668686658437759,0.7668687,0.879772284598341,0.8797723,0.0,0,0.0,0.0,477,477.0,0.166787725842475,0.1667877,6.4e-323,0,0.0,0.0,0.0,0.0,6.661338e-12
E7,is1,basin,-,p[labour.trained]*0.863837598531476,3,CONVERGED,CONVERGED,426.0,426,0.844353149567124,0.8443531,0.9066327031600991,0.9066327,0.0,0,0.0,0.0,474,474.0,0.09206780031564957,0.0920678,6.4e-323,0,0.0,0.0,0.0,0.0,6.439294e-12
E7,is1,basin,-,p[labour.trained]*0.9070294784580498,3,CONVERGED,CONVERGED,335.0,335,0.9181962275908659,0.9181962,0.9334395859986772,0.9334396,0.0,0,0.0,0.0,460,460.0,0.02196385046670072,0.02196385,6.4e-323,0,0.0,0.0,0.0,0.0,9.547918e-12
E7,is1,basin,-,p[labour.trained]*0.9523809523809523,3,CONVERGED,CONVERGED,237.0,237,0.9640433767026922,0.9640434,0.9421278091277545,0.9421278,0.0,0,0.0,0.0,0,0.0,0.0,0.0,0.0,0,0.0,0.0,0.0,0.0,1.065814e-11
E7,is1,basin,-,p[labour.trained]*1.05,3,CONVERGED,CONVERGED,233.0,233,0.9904822473119824,0.9904822,0.939391160819514,0.9393912,0.0,0,0.0,0.0,0,0.0,0.0,0.0,0.0,0,0.0,0.0,0.0,0.0,1.021405e-11
E7,is1,basin,-,p[labour.trained]*1.1025,3,CONVERGED,CONVERGED,272.0,272,0.9806684315100529,0.9806684,0.9360695522679602,0.9360696,0.0,0,0.0,0.0,0,0.0,0.0,0.0,0.0,0,0.0,0.0,0.0,0.0,7.105427e-12
E7,is1,basin,-,p[labour.trained]*1.1576250000000001,3,CONVERGED,CONVERGED,331.0,331,0.9705553045637404,0.9705553,0.9326057547024822,0.9326058,0.0,0,0.0,0.0,0,0.0,0.0,0.0,0.0,0,0.0,0.0,0.0,0.0,7.993606e-12
E7,is1,basin,-,p[labour.trained]*1.2155062500000002,3,CONVERGED,CONVERGED,344.0,344,0.9601457325883362,0.9601457,0.9289955028758494,0.9289955,0.0,0,0.0,0.0,0,0.0,0.0,0.0,0.0,0,0.0,0.0,0.0,0.0,7.993606e-12
E7,is1,basin,-,p[labour.trained]*1.2762815625000004,3,CONVERGED,CONVERGED,358.0,358,0.9494329676281592,0.949433,0.9252345437983297,0.9252345,0.0,0,0.0,0.0,0,0.0,0.0,0.0,0.0,0,0.0,0.0,0.0,0.0,9.547918e-12
E7,is1,basin,-,p[labour.trained]*1.3400956406250004,3,CONVERGED,CONVERGED,369.0,369,0.9384109501072502,0.938411,0.9213186533321646,0.9213187,0.0,0,0.0,0.0,0,0.0,0.0,0.0,0.0,0,0.0,0.0,0.0,0.0,7.327472e-12
E7,is1,basin,-,p[labour.trained]*1.4071004226562505,3,CONVERGED,CONVERGED,379.0,379,0.9270930198348614,0.927093,0.9172436543329888,0.9172437,0.0,0,0.0,0.0,0,0.0,0.0,0.0,0.0,0,0.0,0.0,0.0,0.0,1.021405e-11
E7,is1,basin,-,p[labour.trained]*1.477455443789063,3,CONVERGED,CONVERGED,387.0,387,0.9154846039027829,0.9154846,0.9130054363857618,0.9130054,0.0,0,0.0,0.0,0,0.0,0.0,0.0,0.0,0,0.0,0.0,0.0,0.0,8.437695e-12
E7,is1,basin,-,p[labour.trained]*1.5513282159785162,3,CONVERGED,CONVERGED,431.0,431,0.9035942179943549,0.9035942,0.9085999771722878,0.9086,0.0,0,0.0,0.0,0,0.0,0.0,0.0,0.0,0,0.0,0.0,0.0,0.0,7.771561e-12
E7,is1,basin,-,p[labour.trained]*1.628894626777442,3,CONVERGED,CONVERGED,437.0,437,0.8914273946258832,0.8914274,0.9040171122083344,0.9040171,0.0,0,0.0,0.0,0,0.0,0.0,0.0,0.0,0,0.0,0.0,0.0,0.0,5.995204e-12
E7,is1,basin,-,p[labour.trained]*1.7103393581163142,3,CONVERGED,CONVERGED,442.0,442,0.878993112768825,0.8789931,0.8992401596424131,0.8992402,0.0,0,0.0,0.0,0,0.0,0.0,0.0,0.0,0,0.0,0.0,0.0,0.0,1.021405e-11
E7,is1,basin,-,p[labour.trained]*1.79585632602213,3,CONVERGED,CONVERGED,447.0,447,0.8663014699647308,0.8663015,0.8942780857855994,0.8942781,0.0,0,0.0,0.0,0,0.0,0.0,0.0,0.0,0,0.0,0.0,0.0,0.0,9.103829e-12
E7,is1,basin,-,p[labour.trained]*1.8856491423232367,3,CONVERGED,CONVERGED,452.0,452,0.8533488780776358,0.8533489,0.8891268254382387,0.8891268,0.0,0,0.0,0.0,0,0.0,0.0,0.0,0.0,0,0.0,0.0,0.0,0.0,7.327472e-12
E7,is1,basin,-,p[labour.trained]*1.9799315994393987,3,CONVERGED,CONVERGED,457.0,457,0.8400930558315494,0.8400931,0.8837824907959643,0.8837825,0.0,0,0.0,0.0,0,0.0,0.0,0.0,0.0,0,0.0,0.0,0.0,0.0,1.04361e-11
E7,is1,basin,-,p[labour.trained]*2.0789281794113688,3,CONVERGED,CONVERGED,462.0,462,0.8266035857078076,0.8266036,0.8782414012046842,0.8782414,0.0,0,0.0,0.0,0,0.0,0.0,0.0,0.0,0,0.0,0.0,0.0,0.0,1.287859e-11
E7,is1,basin,-,p[labour.trained]*2.182874588381937,3,CONVERGED,CONVERGED,467.0,467,0.8128980985520347,0.8128981,0.8724997756874733,0.8724998,0.0,0,0.0,0.0,0,0.0,0.0,0.0,0.0,0,0.0,0.0,0.0,0.0,8.437695e-12
E7,is1,basin,-,p[labour.trained]*2.292018317801034,3,CONVERGED,CONVERGED,472.0,472,0.7989647801876714,0.7989648,0.8665503909066201,0.8665504,0.0,0,0.0,0.0,0,0.0,0.0,0.0,0.0,0,0.0,0.0,0.0,0.0,8.21565e-12
E7,is1,basin,-,p[labour.trained]*2.4066192336910857,3,CONVERGED,CONVERGED,477.0,477,0.784850071726311,0.7848501,0.8603939854051886,0.860394,0.0,0,0.0,0.0,0,0.0,0.0,0.0,0.0,0,0.0,0.0,0.0,0.0,9.547918e-12
E7,is1,basin,-,p[labour.trained]*2.5269501953756404,3,CONVERGED,CONVERGED,481.0,481,0.7705816354187578,0.7705816,0.8540280241625741,0.854028,0.0,0,0.0,0.0,0,0.0,0.0,0.0,0.0,0,0.0,0.0,0.0,0.0,8.437695e-12
E7,is1,basin,-,p[labour.trained]*2.653297705144422,3,CONVERGED,CONVERGED,485.0,485,0.7560436155161381,0.7560436,0.8474503637853543,0.8474504,0.0,0,0.0,0.0,0,0.0,0.0,0.0,0.0,0,0.0,0.0,0.0,0.0,8.437695e-12
E7,is1,basin,-,p[labour.trained]*2.7859625904016436,3,CONVERGED,CONVERGED,489.0,489,0.7412870083163356,0.741287,0.8406592926521599,0.8406593,0.0,0,0.0,0.0,0,0.0,0.0,0.0,0.0,0,0.0,0.0,0.0,0.0,4.218847e-12
E7,is1,basin,-,p[labour.trained]*2.925260719921726,3,CONVERGED,CONVERGED,493.0,493,0.7263993199056561,0.7263993,0.8336535717939176,0.8336536,0.0,0,0.0,0.0,0,0.0,0.0,0.0,0.0,0,0.0,0.0,0.0,0.0,7.327472e-12
E7,is1,basin,-,p[labour.trained]*3.0715237559178123,3,CONVERGED,CONVERGED,496.0,496,0.7114029134205285,0.7114029,0.8264324761685817,0.8264325,0.0,0,0.0,0.0,0,0.0,0.0,0.0,0.0,0,0.0,0.0,0.0,0.0,6.883383e-12
E7,is1,basin,-,p[labour.trained]*3.225099943713703,3,CONVERGED,CONVERGED,500.0,500,0.6963285242906164,0.6963285,0.8189958359367008,0.8189958,0.0,0,0.0,0.0,0,0.0,0.0,0.0,0.0,0,0.0,0.0,0.0,0.0,7.327472e-12
E7,is1,basin,-,p[labour.trained]*3.3863549408993885,3,CONVERGED,CONVERGED,539.0,539,0.6810812947112234,0.6810813,0.8113440772906547,0.8113441,0.0,0,0.0,0.0,0,0.0,0.0,0.0,0.0,0,0.0,0.0,0.0,0.0,6.883383e-12
E7,is1,basin,-,p[labour.trained]*3.555672687944358,3,CONVERGED,CONVERGED,543.0,543,0.6656870138799742,0.665687,0.803378104988319,0.8033781,0.0,0,0.0,0.0,0,0.0,0.0,0.0,0.0,0,0.0,0.0,0.0,0.0,7.105427e-12
E7,is1,basin,-,p[labour.trained]*3.733456322341576,3,CONVERGED,CONVERGED,547.0,547,0.6502742399807586,0.6502742,0.7951564074852294,0.7951564,0.0,0,0.0,0.0,0,0.0,0.0,0.0,0.0,0,0.0,0.0,0.0,0.0,7.771561e-12
E7,is1,basin,-,p[labour.trained]*3.920129138458655,3,CONVERGED,CONVERGED,550.0,550,0.6348364153559619,0.6348364,0.786693049037411,0.786693,0.0,0,0.0,0.0,474,474.0,0.005670318001745431,0.005670318,6.4e-323,0,0.0,0.0,0.0,0.0,6.217249e-12
E7,is1,basin,-,p[labour.trained]*4.116135595381588,3,CONVERGED,CONVERGED,552.0,552,0.6194318113545079,0.6194318,0.7780006992588082,0.7780007,0.0,0,0.0,0.0,491,491.0,0.012242281271807834,0.01224228,6.4e-323,0,0.0,0.0,0.0,0.0,5.995204e-12
E7,is1,basin,-,p[labour.trained]*4.321942375150668,3,CONVERGED,CONVERGED,555.0,555,0.6038966380047391,0.6038966,0.7690823509637181,0.7690824,0.0,0,0.0,0.0,499,499.0,0.018476228344717315,0.01847623,6.4e-323,0,0.0,0.0,0.0,0.0,6.217249e-12
E7,is1,basin,-,p[labour.trained]*4.538039493908201,3,CONVERGED,CONVERGED,557.0,557,0.5883562612626504,0.5883563,0.7599416204863585,0.7599416,0.0,0,0.0,0.0,505,505.0,0.024640294861758005,0.02464029,6.4e-323,0,0.0,0.0,0.0,0.0,7.771561e-12
E7,is1,basin,-,p[labour.trained]*4.764941468603611,3,CONVERGED,CONVERGED,560.0,560,0.572900956298446,0.572901,0.7505829913124831,0.750583,0.0,0,0.0,0.0,509,509.0,0.03084680563601914,0.03084681,6.4e-323,0,0.0,0.0,0.0,0.0,8.437695e-12
E7,is1,basin,-,p[labour.trained]*5.003188542033792,3,CONVERGED,CONVERGED,562.0,562,0.5575684791429784,0.5575685,0.7410118435480488,0.7410118,0.0,0,0.0,0.0,512,512.0,0.03727216861609797,0.03727217,6.4e-323,0,0.0,0.0,0.0,0.0,1.24345e-11
E7,is1,basin,-,p[labour.trained]*5.253347969135482,3,CONVERGED,CONVERGED,565.0,565,0.5420987971999288,0.5420988,0.7312344777404058,0.7312345,0.0,0,0.0,0.0,514,514.0,0.043663133300313225,0.04366313,6.4e-323,0,0.0,0.0,0.0,0.0,8.881784e-12
E7,is1,basin,-,p[labour.trained]*5.5160153675922565,3,CONVERGED,CONVERGED,568.0,568,0.5267951308149108,0.5267951,0.721255155011955,0.7212552,0.0,0,0.0,0.0,516,516.0,0.05014023962631701,0.05014024,6.4e-323,0,0.0,0.0,0.0,0.0,7.993606e-12
E7,is1,basin,-,p[labour.trained]*5.791816135971869,3,CONVERGED,CONVERGED,572.0,572,0.5116574763916092,0.5116575,0.7109162562259415,0.7109163,0.0,0,0.0,0.0,519,519.0,0.056510905161344244,0.05651091,6.4e-323,0,0.0,0.0,0.0,0.0,7.993606e-12
E7,is1,basin,-,p[labour.trained]*6.081406942770463,3,CONVERGED,CONVERGED,575.0,575,0.4966155036898431,0.4966155,0.7002498278056587,0.7002498,5.0,5,0.0,0.0,521,521.0,0.06304824411145718,0.06304824,6.4e-323,0,0.0,0.0,0.0,0.0,8.65974e-12
E7,is1,basin,-,p[labour.trained]*6.385477289908986,3,CONVERGED,CONVERGED,578.0,578,0.48167891207054914,0.4816789,0.6893790748492091,0.6893791,13.0,13,0.0,0.0,523,523.0,0.06955290047713945,0.0695529,6.4e-323,0,0.0,0.0,0.0,0.0,7.327472e-12
E7,is1,basin,-,p[labour.trained]*6.704751154404436,3,CONVERGED,CONVERGED,581.0,581,0.46691378872131295,0.4669138,0.6783150332373912,0.678315,17.0,17,0.0,0.0,525,525.0,0.07630198292043515,0.07630198,6.4e-323,0,0.0,0.0,0.0,0.0,9.547918e-12
E7,is1,basin,-,p[labour.trained]*7.039988712124658,3,CONVERGED,CONVERGED,584.0,584,0.4523025376642278,0.4523025,0.6670689739242363,0.667069,22.0,22,0.0,0.0,527,527.0,0.08295305702615503,0.08295306,6.4e-323,0,0.0,0.0,0.0,0.0,1.110223e-11
E7,is1,basin,-,p[labour.trained]*7.391988147730891,3,CONVERGED,CONVERGED,586.0,586,0.43752426137330114,0.4375243,0.6556481256787927,0.6556481,27.0,27,0.0,0.0,529,529.0,0.08957724731281425,0.08957725,6.4e-323,0,0.0,0.0,0.0,0.0,6.217249e-12
E7,is1,basin,-,p[labour.trained]*7.761587555117436,3,CONVERGED,CONVERGED,589.0,589,0.422938096401085,0.4229381,0.6440163254228435,0.6440163,30.0,30,0.0,0.0,532,532.0,0.09629853595574435,0.09629854,6.4e-323,0,0.0,0.0,0.0,0.0,1.065814e-11
E7,is1,basin,-,p[labour.trained]*8.14966693287331,3,CONVERGED,CONVERGED,592.0,592,0.4083322824654929,0.4083323,0.6322233017600094,0.6322233,33.0,33,0.0,0.0,534,534.0,0.10324852214098694,0.1032485,6.4e-323,0,0.0,0.0,0.0,0.0,1.287859e-11
E7,is1,basin,-,p[labour]*0.12270440108003683,3,CONVERGED,CONVERGED,689.0,689,0.0,0.0,-1.1554022165272668,-1.155402,99.0,99,18.0,18.0,648,648.0,0.6937064061629546,0.6937064,6.4e-323,195,195.0,0.5080347501489074,0.5080348,1e-323,6.217249e-12
E7,is1,basin,-,p[labour]*0.12883962113403868,3,CONVERGED,CONVERGED,687.0,687,0.0,0.0,-1.1066120523578347,-1.106612,97.0,97,17.0,17.0,647,647.0,0.6736724528977382,0.6736725,6.4e-323,194,194.0,0.4741467353642572,0.4741467,1e-323,6.217249e-12
E7,is1,basin,-,p[labour]*0.13528160219074062,3,CONVERGED,CONVERGED,684.0,684,0.0,0.0,-1.0578218881884027,-1.057822,95.0,95,16.0,16.0,645,645.0,0.6525315267180272,0.6525315,6.4e-323,189,189.0,0.43453475070731457,0.4345348,1e-323,7.327472e-12
E7,is1,basin,-,p[labour]*0.14204568230027764,3,CONVERGED,CONVERGED,681.0,681,0.0,0.0,-1.0090317240189708,-1.009032,94.0,94,16.0,16.0,643,643.0,0.6293950538865094,0.6293951,6.4e-323,186,186.0,0.3937261328414425,0.3937261,1e-323,6.883383e-12
E7,is1,basin,-,p[labour]*0.14914796641529154,3,CONVERGED,CONVERGED,676.0,676,0.0,0.0,-0.9602415598495387,-0.9602416,92.0,92,15.0,15.0,640,640.0,0.6058724518135842,0.6058725,6.4e-323,182,182.0,0.3498898101628702,0.3498898,1e-323,6.217249e-12
E7,is1,basin,-,p[labour]*0.15660536473605613,3,CONVERGED,CONVERGED,650.0,650,0.0,0.0,-0.9114513956801066,-0.9114514,90.0,90,14.0,14.0,639,639.0,0.5786156891497757,0.5786157,6.4e-323,179,179.0,0.3002794141649921,0.3002794,1e-323,9.992007e-12
E7,is1,basin,-,p[labour]*0.16443563297285893,3,CONVERGED,CONVERGED,647.0,647,0.0,0.0,-0.8626612315106746,-0.8626612,88.0,88,14.0,14.0,637,637.0,0.5486403199821338,0.5486403,6.4e-323,175,175.0,0.24696256552475368,0.2469626,1e-323,7.105427e-12
E7,is1,basin,-,p[labour]*0.1726574146215019,3,CONVERGED,CONVERGED,644.0,644,0.0,0.0,-0.8138710673412427,-0.8138711,86.0,86,13.0,13.0,634,634.0,0.5157420147518037,0.515742,6.4e-323,173,173.0,0.18960790554977666,0.1896079,1e-323,7.327472e-12
E7,is1,basin,-,p[labour]*0.181290285352577,3,CONVERGED,CONVERGED,642.0,642,0.0,0.0,-0.7650809031718105,-0.7650809,85.0,85,12.0,12.0,632,632.0,0.4794268947228416,0.4794269,6.4e-323,169,169.0,0.12537407626189814,0.1253741,1e-323,1.221245e-11
E7,is1,basin,-,p[labour]*0.19035479962020585,3,CONVERGED,CONVERGED,639.0,639,0.0,0.0,-0.7162907390023785,-0.7162907,83.0,83,12.0,12.0,630,630.0,0.4405531519772697,0.4405532,6.4e-323,164,164.0,0.05644025944831092,0.05644026,1e-323,9.103829e-12
E7,is1,basin,-,p[labour]*0.19987253960121615,3,CONVERGED,CONVERGED,637.0,637,0.0,0.0,-0.6675005748329464,-0.6675006,82.0,82,11.0,11.0,628,628.0,0.4042385927757738,0.4042386,6.4e-323,0,0.0,0.0,0.0,0.0,6.217249e-12
E7,is1,basin,-,p[labour]*0.20986616658127696,3,CONVERGED,CONVERGED,634.0,634,0.0,0.0,-0.6187104106635143,-0.6187104,80.0,80,10.0,10.0,625,625.0,0.38946391345852965,0.3894639,6.4e-323,0,0.0,0.0,0.0,0.0,5.329071e-12
E7,is1,basin,-,p[labour]*0.22035947491034083,3,CONVERGED,CONVERGED,632.0,632,0.0,0.0,-0.5699202464940825,-0.5699202,78.0,78,10.0,10.0,622,622.0,0.3756853073431122,0.3756853,6.4e-323,0,0.0,0.0,0.0,0.0,9.992007e-12
E7,is1,basin,-,p[labour]*0.23137744865585788,3,CONVERGED,CONVERGED,629.0,629,0.0,0.0,-0.5211300823246501,-0.5211301,76.0,76,9.0,9.0,619,619.0,0.3614183276755015,0.3614183,6.4e-323,0,0.0,0.0,0.0,0.0,7.327472e-12
E7,is1,basin,-,p[labour]*0.24294632108865077,3,CONVERGED,CONVERGED,626.0,626,0.0,0.0,-0.4723399181552183,-0.4723399,74.0,74,8.0,8.0,615,615.0,0.3493579502165242,0.349358,6.4e-323,0,0.0,0.0,0.0,0.0,5.995204e-12
E7,is1,basin,-,p[labour]*0.2550936371430833,3,CONVERGED,CONVERGED,624.0,624,0.0,0.0,-0.42354975398578626,-0.4235498,73.0,73,8.0,8.0,611,611.0,0.34254334441302564,0.3425433,6.4e-323,0,0.0,0.0,0.0,0.0,4.884981e-12
E7,is1,basin,-,p[labour]*0.26784831900023753,3,CONVERGED,CONVERGED,622.0,622,0.0,0.0,-0.37475958981635404,-0.3747596,71.0,71,7.0,7.0,589,589.0,0.33182744709847223,0.3318274,6.4e-323,0,0.0,0.0,0.0,0.0,1.021405e-11
E7,is1,basin,-,p[labour]*0.28124073495024937,3,CONVERGED,CONVERGED,618.0,618,0.0,0.0,-0.3259694256469221,-0.3259694,68.0,68,6.0,6.0,583,583.0,0.33178091023774553,0.3317809,6.4e-323,0,0.0,0.0,0.0,0.0,5.329071e-12
E7,is1,basin,-,p[labour]*0.29530277169776187,3,CONVERGED,CONVERGED,614.0,614,0.0,0.0,-0.2771792614774901,-0.2771793,66.0,66,5.0,5.0,578,578.0,0.32079392071487545,0.3207939,6.4e-323,0,0.0,0.0,0.0,0.0,7.105427e-12
E7,is1,basin,-,p[labour]*0.31006791028264996,3,CONVERGED,CONVERGED,609.0,609,0.0,0.0,-0.22838909730805818,-0.2283891,63.0,63,5.0,5.0,574,574.0,0.3047182136641817,0.3047182,6.4e-323,0,0.0,0.0,0.0,0.0,7.105427e-12
E7,is1,basin,-,p[labour]*0.3255713057967825,3,CONVERGED,CONVERGED,604.0,604,0.0,0.0,-0.17959893313862602,-0.1795989,60.0,60,4.0,4.0,569,569.0,0.28617611155895223,0.2861761,6.4e-323,0,0.0,0.0,0.0,0.0,5.995204e-12
E7,is1,basin,-,p[labour]*0.3418498710866216,3,CONVERGED,CONVERGED,598.0,598,0.03979687678325716,0.03979688,-0.130808768969194,-0.1308088,58.0,58,3.0,3.0,565,565.0,0.2651331348838953,0.2651331,6.4e-323,0,0.0,0.0,0.0,0.0,4.218847e-12
E7,is1,basin,-,p[labour]*0.35894236464095275,3,CONVERGED,CONVERGED,593.0,593,0.08575471508595078,0.08575472,-0.08201860479976188,-0.0820186,55.0,55,2.0,2.0,561,561.0,0.2448245695742668,0.2448246,6.4e-323,0,0.0,0.0,0.0,0.0,9.547918e-12
E7,is1,basin,-,p[labour]*0.3768894828730004,3,CONVERGED,CONVERGED,588.0,588,0.12872113994681353,0.1287211,-0.03322844063032984,-0.03322844,53.0,53,1.0,1.0,555,555.0,0.22567971985164637,0.2256797,6.4e-323,0,0.0,0.0,0.0,0.0,1.021405e-11
E7,is1,basin,-,p[labour]*0.39573395701665043,3,CONVERGED,CONVERGED,583.0,583,0.1685958622801488,0.1685959,0.015561723539102243,0.01556172,48.0,48,0.0,0.0,552,552.0,0.20239791616690445,0.2023979,6.4e-323,0,0.0,0.0,0.0,0.0,1.176836e-11
E7,is1,basin,-,p[labour]*0.41552065486748296,3,CONVERGED,CONVERGED,579.0,579,0.19606940872789447,0.1960694,0.0643518877085342,0.06435189,42.0,42,0.0,0.0,548,548.0,0.1870875737063481,0.1870876,6.4e-323,0,0.0,0.0,0.0,0.0,1.110223e-11
E7,is1,basin,-,p[labour]*0.4362966876108571,3,CONVERGED,CONVERGED,575.0,575,0.22491966773872293,0.2249197,0.1131420518779664,0.1131421,35.0,35,0.0,0.0,545,545.0,0.17100303915015339,0.171003,6.4e-323,0,0.0,0.0,0.0,0.0,7.105427e-12
E7,is1,basin,-,p[labour]*0.4581115219914,3,CONVERGED,CONVERGED,570.0,570,0.25521274713338116,0.2552127,0.16193221604739824,0.1619322,27.0,27,0.0,0.0,541,541.0,0.15498924382125373,0.1549892,6.4e-323,0,0.0,0.0,0.0,0.0,8.65974e-12
E7,is1,basin,-,p[labour]*0.48101709809097004,3,CONVERGED,CONVERGED,565.0,565,0.2870173922850017,0.2870174,0.21072238021683046,0.2107224,21.0,21,0.0,0.0,537,537.0,0.1389610809313814,0.1389611,6.4e-323,0,0.0,0.0,0.0,0.0,1.021405e-11
E7,is1,basin,-,p[labour]*0.5050679529955185,3,CONVERGED,CONVERGED,560.0,560,0.3204050057511595,0.320405,0.2595125443862625,0.2595125,13.0,13,0.0,0.0,533,533.0,0.12267627624965889,0.1226763,6.4e-323,0,0.0,0.0,0.0,0.0,1.132427e-11
E7,is1,basin,-,p[labour]*0.5303213506452945,3,CONVERGED,CONVERGED,555.0,555,0.35544965264091105,0.3554497,0.3083027085556945,0.3083027,9.0,9,0.0,0.0,529,529.0,0.10660941029572137,0.1066094,6.4e-323,0,0.0,0.0,0.0,0.0,8.65974e-12
E7,is1,basin,-,p[labour]*0.5568374181775593,3,CONVERGED,CONVERGED,550.0,550,0.39222804937913314,0.392228,0.3570928727251265,0.3570929,7.0,7,0.0,0.0,524,524.0,0.09062155027486987,0.09062155,6.4e-323,0,0.0,0.0,0.0,0.0,1.021405e-11
E7,is1,basin,-,p[labour]*0.5846792890864372,3,CONVERGED,CONVERGED,545.0,545,0.43081953331383727,0.4308195,0.40588303689455846,0.405883,5.0,5,0.0,0.0,520,520.0,0.07410364515420374,0.07410365,6.4e-323,0,0.0,0.0,0.0,0.0,8.21565e-12
E7,is1,basin,-,p[labour]*0.6139132535407591,3,CONVERGED,CONVERGED,540.0,540,0.47130601039309633,0.471306,0.45467320106399056,0.4546732,2.0,2,0.0,0.0,515,515.0,0.05815780226000197,0.0581578,6.4e-323,0,0.0,0.0,0.0,0.0,7.105427e-12
E7,is1,basin,-,p[labour]*0.6446089162177971,3,CONVERGED,CONVERGED,534.0,534,0.5137718779205939,0.5137719,0.5034633652334228,0.5034634,0.0,0,0.0,0.0,509,509.0,0.04209439816933433,0.0420944,6.4e-323,0,0.0,0.0,0.0,0.0,8.881784e-12
E7,is1,basin,-,p[labour]*0.676839362028687,3,CONVERGED,CONVERGED,525.0,525,0.558303919187225,0.5583039,0.5522535294028548,0.5522535,0.0,0,0.0,0.0,501,501.0,0.025391336666289725,0.02539134,6.4e-323,0,0.0,0.0,0.0,0.0,8.437695e-12
E7,is1,basin,-,p[labour]*0.7106813301301214,3,CONVERGED,CONVERGED,482.0,482,0.6049911665762646,0.6049912,0.6010436935722868,0.6010437,0.0,0,0.0,0.0,473,473.0,0.00633315598238587,0.006333156,6.4e-323,0,0.0,0.0,0.0,0.0,5.551115e-12
E7,is1,basin,-,p[labour]*0.7462153966366275,3,CONVERGED,CONVERGED,473.0,473,0.653924729557856,0.6539247,0.6498338577417188,0.6498339,0.0,0,0.0,0.0,0,0.0,0.0,0.0,0.0,0,0.0,0.0,0.0,0.0,7.105427e-12
E7,is1,basin,-,p[labour]*0.7835261664684589,3,CONVERGED,CONVERGED,461.0,461,0.7051975838327544,0.7051976,0.6986240219111508,0.698624,0.0,0,0.0,0.0,0,0.0,0.0,0.0,0.0,0,0.0,0.0,0.0,0.0,9.769963e-12
E7,is1,basin,-,p[labour]*0.8227024747918819,3,CONVERGED,CONVERGED,448.0,448,0.7589043177639451,0.7589043,0.747414186080583,0.7474142,0.0,0,0.0,0.0,0,0.0,0.0,0.0,0.0,0,0.0,0.0,0.0,0.0,8.881784e-12
E7,is1,basin,-,p[labour]*0.863837598531476,3,CONVERGED,CONVERGED,432.0,432,0.8151408321580086,0.8151408,0.796204350250015,0.7962044,0.0,0,0.0,0.0,0,0.0,0.0,0.0,0.0,0,0.0,0.0,0.0,0.0,1.154632e-11
E7,is1,basin,-,p[labour]*0.9070294784580498,3,CONVERGED,CONVERGED,376.0,376,0.8740039894368485,0.874004,0.844994514419447,0.8449945,0.0,0,0.0,0.0,0,0.0,0.0,0.0,0.0,0,0.0,0.0,0.0,0.0,5.995204e-12
E7,is1,basin,-,p[labour]*0.9523809523809523,3,CONVERGED,CONVERGED,337.0,337,0.9355912082868473,0.9355912,0.8937846785888791,0.8937847,0.0,0,0.0,0.0,0,0.0,0.0,0.0,0.0,0,0.0,0.0,0.0,0.0,8.881784e-12
E7,is1,basin,-,p[labour]*1.05,3,CONVERGED,CONVERGED,214.0,214,0.9855037693900063,0.9855038,0.9425748427583135,0.9425748,0.0,0,0.0,0.0,0,0.0,0.0,0.0,0.0,0,0.0,0.0,0.0,0.0,7.327472e-12
E7,is1,basin,-,p[labour]*1.1025,3,CONVERGED,CONVERGED,262.0,262,0.9707282734331125,0.9707283,0.9395234874250138,0.9395235,0.0,0,0.0,0.0,458,458.0,0.02266780590783001,0.02266781,6.4e-323,0,0.0,0.0,0.0,0.0,6.439294e-12
E7,is1,basin,-,p[labour]*1.1576250000000001,3,CONVERGED,CONVERGED,364.0,364,0.9121245275716063,0.9121245,0.9232317786082893,0.9232318,0.0,0,0.0,0.0,470,470.0,0.09375896088939938,0.09375896,6.4e-323,0,0.0,0.0,0.0,0.0,7.105427e-12
E7,is1,basin,-,p[labour]*1.2155062500000002,3,CONVERGED,CONVERGED,431.0,431,0.8463013961138942,0.8463014,0.9083121344382895,0.9083121,0.0,0,0.0,0.0,471,471.0,0.16812288885331314,0.1681229,6.4e-323,0,0.0,0.0,0.0,0.0,6.883383e-12
E7,is1,basin,-,p[labour]*1.2762815625000004,3,CONVERGED,CONVERGED,446.0,446,0.7833197169867749,0.7833197,0.8962580404642355,0.896258,0.0,0,0.0,0.0,470,470.0,0.23898705492582104,0.2389871,6.4e-323,0,0.0,0.0,0.0,0.0,1.110223e-11
E7,is1,basin,-,p[labour]*1.3400956406250004,3,CONVERGED,CONVERGED,461.0,461,0.7208577172128003,0.7208577,0.8858875978592899,0.8858876,0.0,0,0.0,0.0,469,469.0,0.3102404826651931,0.3102405,6.4e-323,0,0.0,0.0,0.0,0.0,1.24345e-11
E7,is1,basin,-,p[labour]*1.4071004226562505,3,CONVERGED,CONVERGED,472.0,472,0.6593353012097226,0.6593353,0.8776319623171432,0.877632,0.0,0,0.0,0.0,469,469.0,0.37758532005289647,0.3775853,6.4e-323,0,0.0,0.0,0.0,0.0,7.549517e-12
E7,is1,basin,-,p[labour]*1.477455443789063,3,CONVERGED,CONVERGED,481.0,481,0.6014629736822306,0.601463,0.8710024990275099,0.8710025,0.0,0,0.0,0.0,468,468.0,0.44061469601723685,0.4406147,6.4e-323,0,0.0,0.0,0.0,0.0,1.021405e-11
E7,is1,basin,-,p[labour]*1.5513282159785162,3,CONVERGED,CONVERGED,488.0,488,0.5467812959840053,0.5467813,0.8657516086316142,0.8657516,0.0,0,0.0,0.0,468,468.0,0.49912326753396846,0.4991233,6.4e-323,0,0.0,0.0,0.0,0.0,8.65974e-12
E7,is1,basin,-,p[labour]*1.628894626777442,3,CONVERGED,CONVERGED,495.0,495,0.49178804104349894,0.491788,0.8617854427219951,0.8617854,3.0,3,0.0,0.0,468,468.0,0.5540879893505997,0.554088,6.4e-323,82,82.0,0.008822114834235046,0.008822115,1e-323,3.330669e-12
E7,is1,basin,-,p[labour]*1.7103393581163142,3,CONVERGED,CONVERGED,536.0,536,0.44144516336255,0.4414452,0.8591336887009867,0.8591337,5.0,5,0.0,0.0,469,469.0,0.6054573869052163,0.6054574,6.4e-323,91,91.0,0.040430477731573544,0.04043048,1e-323,8.881784e-12
E7,is1,basin,-,p[labour]*1.79585632602213,3,CONVERGED,CONVERGED,542.0,542,0.3951705593470282,0.3951706,0.8571783922655014,0.8571784,6.0,6,0.0,0.0,470,470.0,0.6521786288814977,0.6521786,6.4e-323,94,94.0,0.08411077084487309,0.08411077,1e-323,7.771561e-12
E7,is1,basin,-,p[labour]*1.8856491423232367,3,CONVERGED,CONVERGED,546.0,546,0.35278933904649584,0.3527893,0.8559179759864246,0.855918,8.0,8,0.0,0.0,472,472.0,0.6945197916533808,0.6945198,6.4e-323,96,96.0,0.14177641221745252,0.1417764,1e-323,7.327472e-12
E7,is1,basin,-,p[labour]*1.9799315994393987,3,CONVERGED,CONVERGED,550.0,550,0.31413465362570175,0.3141347,0.8558711846123844,0.8558712,8.0,8,0.0,0.0,542,542.0,0.7328284300205592,0.7328284,6.4e-323,96,96.0,0.19713576309663877,0.1971358,1e-323,7.549517e-12
E7,is1,basin,-,p[labour]*2.0789281794113688,3,CONVERGED,CONVERGED,554.0,554,0.27667951828563,0.2766795,0.8569923044544886,0.8569923,8.0,8,0.0,0.0,579,579.0,0.7671696542243973,0.7671697,6.4e-323,96,96.0,0.26061297072219874,0.260613,1e-323,7.549517e-12
E7,is1,basin,-,p[labour]*2.182874588381937,3,CONVERGED,CONVERGED,557.0,557,0.23846878567299407,0.2384688,0.8586827845702895,0.8586828,9.0,9,0.0,0.0,587,587.0,0.7986017517452753,0.7986018,6.4e-323,95,95.0,0.319916109419473,0.3199161,1e-323,8.437695e-12
E7,is1,basin,-,p[labour]*2.292018317801034,3,CONVERGED,CONVERGED,561.0,561,0.2078560936853695,0.2078561,0.8612515530395984,0.8612516,10.0,10,0.0,0.0,591,591.0,0.8275973032095449,0.8275973,6.4e-323,95,95.0,0.37713414698874603,0.3771341,1e-323,9.992007e-12
E7,is1,basin,-,p[labour]*2.4066192336910857,3,CONVERGED,CONVERGED,565.0,565,0.18073830255330753,0.1807383,0.8647123146636321,0.8647123,10.0,10,0.0,0.0,594,594.0,0.8529802380704122,0.8529802,6.4e-323,93,93.0,0.43663760027942766,0.4366376,1e-323,9.547918e-12
E7,is1,basin,-,p[labour]*2.5269501953756404,3,CONVERGED,CONVERGED,569.0,569,0.15681839996449226,0.1568184,0.8682859776207317,0.868286,10.0,10,0.0,0.0,597,597.0,0.8750630668676576,0.8750631,6.4e-323,92,92.0,0.4913082753710312,0.4913083,1e-323,1.176836e-11
E7,is1,basin,-,p[labour]*2.653297705144422,3,CONVERGED,CONVERGED,573.0,573,0.13579362864401257,0.1357936,0.8717458405178977,0.8717458,10.0,10,0.0,0.0,599,599.0,0.8941609142682828,0.8941609,6.4e-323,91,91.0,0.5413689722180559,0.541369,1e-323,1.199041e-11
E7,is1,basin,-,p[labour]*2.7859625904016436,3,CONVERGED,CONVERGED,576.0,576,0.1165068717212121,0.1165069,0.8756218735455631,0.8756219,12.0,12,0.0,0.0,602,602.0,0.9105912267484002,0.9105912,6.4e-323,89,89.0,0.5892498858827595,0.5892499,1e-323,1.44329e-11
E7,is1,basin,-,p[labour]*2.925260719921726,3,CONVERGED,CONVERGED,580.0,580,0.0951907777799177,0.09519078,0.8795920263772132,0.879592,19.0,19,0.0,0.0,604,604.0,0.9253875054411863,0.9253875,6.4e-323,87,87.0,0.6359250434939125,0.635925,1e-323,1.310063e-11
E7,is1,basin,-,p[labour]*3.0715237559178123,3,CONVERGED,CONVERGED,582.0,582,0.08061882635483171,0.08061883,0.8841124614242429,0.8841125,24.0,24,0.0,0.0,606,606.0,0.9381944269607997,0.9381944,6.4e-323,85,85.0,0.6778796395275329,0.6778796,1e-323,1.421085e-11
E7,is1,basin,-,p[labour]*3.225099943713703,3,CONVERGED,CONVERGED,585.0,585,0.06814152857883392,0.06814153,0.8884394484699022,0.8884394,27.0,27,0.0,0.0,607,607.0,0.9489490482313241,0.948949,6.4e-323,83,83.0,0.715466335691247,0.7154663,1e-323,9.992007e-12
E7,is1,basin,-,p[labour]*3.3863549408993885,3,CONVERGED,CONVERGED,588.0,588,0.05740358239644791,0.05740358,0.8924504954147903,0.8924505,31.0,31,0.0,0.0,610,610.0,0.9580119945831096,0.958012,6.4e-323,81,81.0,0.7492982021817407,0.7492982,1e-323,1.021405e-11
E7,is1,basin,-,p[labour]*3.555672687944358,3,CONVERGED,CONVERGED,591.0,591,0.04824765093334521,0.04824765,0.8959602539417373,0.8959603,42.0,42,0.0,0.0,612,612.0,0.9655695183362812,0.9655695,6.4e-323,79,79.0,0.7818503371894219,0.7818503,1e-323,6.661338e-12
E7,is1,basin,-,p[labour]*3.733456322341576,3,CONVERGED,CONVERGED,594.0,594,0.03776696467170514,0.03776696,0.9001020665180375,0.9001021,45.0,45,0.0,0.0,613,613.0,0.9720521675460785,0.9720522,6.4e-323,77,77.0,0.8114090200211896,0.811409,1e-323,9.325873e-12
E7,is1,basin,-,p[labour]*3.920129138458655,3,CONVERGED,CONVERGED,596.0,596,0.031037276431653507,0.03103728,0.9048199767426582,0.90482,48.0,48,0.0,0.0,615,615.0,0.977590039354339,0.97759,6.4e-323,76,76.0,0.8372454654113386,0.8372455,1e-323,9.547918e-12
E7,is1,basin,-,p[labour]*4.116135595381588,3,CONVERGED,CONVERGED,599.0,599,0.02545350097114065,0.0254535,0.9093805910177051,0.9093806,49.0,49,0.0,0.0,617,617.0,0.9820775818923485,0.9820776,6.4e-323,74,74.0,0.8597773757249276,0.8597774,1e-323,1.021405e-11
E7,is1,basin,-,p[labour]*4.321942375150668,3,CONVERGED,CONVERGED,601.0,601,0.020838208590483846,0.02083821,0.9134149271328019,0.9134149,53.0,53,0.0,0.0,619,619.0,0.9856967347162865,0.9856967,6.4e-323,72,72.0,0.8793516450381323,0.8793516,1e-323,6.217249e-12
E7,is1,basin,-,p[labour]*4.538039493908201,3,CONVERGED,CONVERGED,604.0,604,0.017032819842032584,0.01703282,0.9152793675029783,0.9152794,59.0,59,0.0,0.0,621,621.0,0.9886073581207181,0.9886074,6.4e-323,71,71.0,0.8975335581358833,0.8975336,1e-323,8.437695e-12
E7,is1,basin,-,p[labour]*4.764941468603611,3,CONVERGED,CONVERGED,606.0,606,0.012875806199088907,0.01287581,0.9179711320203349,0.9179711,61.0,61,0.0,0.0,623,623.0,0.9910326767422148,0.9910327,6.4e-323,70,70.0,0.9134950240445086,0.913495,1e-323,8.21565e-12
E7,is1,basin,-,p[labour]*5.003188542033792,3,CONVERGED,CONVERGED,608.0,608,0.010291537205909444,0.01029154,0.9209516856126857,0.9209517,64.0,64,0.0,0.0,624,624.0,0.9930150865874884,0.9930151,6.4e-323,69,69.0,0.9270793679041726,0.9270794,1e-323,1.110223e-11
E7,is1,basin,-,p[labour]*5.253347969135482,3,CONVERGED,CONVERGED,610.0,610,0.008215565211392838,0.008215565,0.9238896172307473,0.9238896,67.0,67,0.0,0.0,626,626.0,0.9945669234715857,0.9945669,6.4e-323,68,68.0,0.9386051208743229,0.9386051,1e-323,7.549517e-12
E7,is1,basin,-,p[labour]*5.5160153675922565,3,CONVERGED,CONVERGED,612.0,612,0.006548739430416339,0.006548739,0.926111674131058,0.9261117,68.0,68,0.0,0.0,628,628.0,0.9957809302877622,0.9957809,6.4e-323,68,68.0,0.9483748177252534,0.9483748,1e-323,5.551115e-12
E7,is1,basin,-,p[labour]*5.791816135971869,3,CONVERGED,CONVERGED,614.0,614,0.005215103030019811,0.005215103,0.9273992768735589,0.9273993,69.0,69,0.0,0.0,630,630.0,0.9967271384706227,0.9967271,6.4e-323,67,67.0,0.9571252583788479,0.9571253,1e-323,1.021405e-11
E7,is1,basin,-,p[labour]*6.081406942770463,3,CONVERGED,CONVERGED,616.0,616,0.0038032398886411346,0.00380324,0.9299363856178938,0.9299364,70.0,70,0.0,0.0,631,631.0,0.9975099096426522,0.9975099,6.4e-323,67,67.0,0.9646627260464666,0.9646627,1e-323,5.107026e-12
E7,is1,basin,-,p[labour]*6.385477289908986,3,CONVERGED,CONVERGED,618.0,618,0.002961059356799177,0.002961059,0.9316035118541101,0.9316035,71.0,71,0.0,0.0,633,633.0,0.9981117174193,0.9981117,6.4e-323,66,66.0,0.9709116136735387,0.9709116,1e-323,4.662937e-12
E7,is1,basin,-,p[labour]*6.704751154404436,3,CONVERGED,CONVERGED,620.0,620,0.002302693983826271,0.002302694,0.9320538624498851,0.9320539,72.0,72,0.0,0.0,635,635.0,0.9985697668079144,0.9985698,6.4e-323,66,66.0,0.9760836819415636,0.9760837,1e-323,5.77316e-12
E7,is1,basin,-,p[labour]*7.039988712124658,3,CONVERGED,CONVERGED,622.0,622,0.0017886815978110462,0.001788682,0.9322502993420635,0.9322503,73.0,73,0.0,0.0,637,637.0,0.9989179221929065,0.9989179,6.4e-323,65,65.0,0.9803579708876278,0.980358,1e-323,6.217249e-12
E7,is1,basin,-,p[labour]*7.391988147730891,3,CONVERGED,CONVERGED,624.0,624,0.0012843342339616008,0.001284334,0.9321971437092473,0.9321971,74.0,74,0.0,0.0,639,639.0,0.9991886001101911,0.9991886,6.4e-323,65,65.0,0.9840876360632344,0.9840876,1e-323,8.881784e-12
E7,is1,basin,-,p[labour]*7.761587555117436,3,CONVERGED,CONVERGED,626.0,626,0.0009751029061334188,0.0009751029,0.9331556402130696,0.9331556,75.0,75,0.0,0.0,640,640.0,0.9994001383414951,0.9994001,6.4e-323,65,65.0,0.9872051946761575,0.9872052,1e-323,5.329071e-12
E7,is1,basin,-,p[labour]*8.14966693287331,3,CONVERGED,CONVERGED,627.0,627,0.0007395906521208242,0.0007395907,0.9339114169242091,0.9339114,76.0,76,0.0,0.0,641,641.0,0.9995569209609007,0.9995569,6.4e-323,65,65.0,0.9897238440743125,0.9897238,1e-323,8.21565e-12
E7,is1,basin,-,p[land]*0.12270440108003683,3,CONVERGED,CONVERGED,658.0,658,0.0,0.0,0.8196844777359915,0.8196845,9.0,9,0.0,0.0,645,645.0,0.5706633975038732,0.5706634,6.4e-323,167,167.0,0.10065357566936939,0.1006536,1e-323,7.105427e-12
E7,is1,basin,-,p[land]*0.12883962113403868,3,CONVERGED,CONVERGED,655.0,655,0.0,0.0,0.8254906851218521,0.8254907,8.0,8,0.0,0.0,642,642.0,0.5614254633871956,0.5614255,6.4e-323,162,162.0,0.07924562984566642,0.07924563,1e-323,6.883383e-12
E7,is1,basin,-,p[land]*0.13528160219074062,3,CONVERGED,CONVERGED,651.0,651,0.0,0.0,0.8303010201361624,0.830301,7.0,7,0.0,0.0,638,638.0,0.5517964439653713,0.5517964,6.4e-323,158,158.0,0.056264216784068975,0.05626422,1e-323,7.549517e-12
E7,is1,basin,-,p[land]*0.14204568230027764,3,CONVERGED,CONVERGED,647.0,647,0.0,0.0,0.8349926332337784,0.8349926,7.0,7,0.0,0.0,635,635.0,0.5417847515702309,0.5417848,6.4e-323,154,154.0,0.03078817756216943,0.03078818,1e-323,7.327472e-12
E7,is1,basin,-,p[land]*0.14914796641529154,3,CONVERGED,CONVERGED,644.0,644,0.0,0.0,0.8395774288255006,0.8395774,5.0,5,0.0,0.0,631,631.0,0.5314023646824961,0.5314024,6.4e-323,140,140.0,0.003305427152647756,0.003305427,1e-323,7.327472e-12
E7,is1,basin,-,p[land]*0.15660536473605613,3,CONVERGED,CONVERGED,640.0,640,0.0,0.0,0.8439098968875949,0.8439099,5.0,5,0.0,0.0,628,628.0,0.5206195426251923,0.5206195,6.4e-323,0,0.0,0.0,0.0,0.0,7.549517e-12
E7,is1,basin,-,p[land]*0.16443563297285893,3,CONVERGED,CONVERGED,636.0,636,0.0,0.0,0.8473679481266294,0.8473679,5.0,5,0.0,0.0,624,624.0,0.5095919917055483,0.509592,6.4e-323,0,0.0,0.0,0.0,0.0,7.993606e-12
E7,is1,basin,-,p[land]*0.1726574146215019,3,CONVERGED,CONVERGED,631.0,631,0.0,0.0,0.8507265089911917,0.8507265,5.0,5,0.0,0.0,620,620.0,0.4983619683139651,0.498362,6.4e-323,0,0.0,0.0,0.0,0.0,7.327472e-12
E7,is1,basin,-,p[land]*0.181290285352577,3,CONVERGED,CONVERGED,626.0,626,0.0,0.0,0.8539709559991285,0.853971,4.0,4,0.0,0.0,617,617.0,0.48691364706402207,0.4869136,6.4e-323,0,0.0,0.0,0.0,0.0,7.549517e-12
E7,is1,basin,-,p[land]*0.19035479962020585,3,CONVERGED,CONVERGED,621.0,621,0.0,0.0,0.8564116306281482,0.8564116,4.0,4,0.0,0.0,612,612.0,0.4752904879163547,0.4752905,6.4e-323,0,0.0,0.0,0.0,0.0,9.769963e-12
E7,is1,basin,-,p[land]*0.19987253960121615,3,CONVERGED,CONVERGED,614.0,614,0.0,0.0,0.8586431805740251,0.8586432,4.0,4,0.0,0.0,608,608.0,0.4627241540519284,0.4627242,6.4e-323,0,0.0,0.0,0.0,0.0,8.21565e-12
E7,is1,basin,-,p[land]*0.20986616658127696,3,CONVERGED,CONVERGED,606.0,606,0.0,0.0,0.8607447518399207,0.8607448,2.0,2,0.0,0.0,604,604.0,0.44973980559564314,0.4497398,6.4e-323,0,0.0,0.0,0.0,0.0,1.354472e-11
E7,is1,basin,-,p[land]*0.22035947491034083,3,CONVERGED,CONVERGED,601.0,601,0.0,0.0,0.8621299627400867,0.86213,2.0,2,0.0,0.0,600,600.0,0.4362390279010272,0.436239,6.4e-323,0,0.0,0.0,0.0,0.0,6.661338e-12
E7,is1,basin,-,p[land]*0.23137744865585788,3,CONVERGED,CONVERGED,597.0,597,0.008671691695967421,0.008671692,0.8639251090902623,0.8639251,2.0,2,0.0,0.0,596,596.0,0.42245468186550145,0.4224547,6.4e-323,0,0.0,0.0,0.0,0.0,7.105427e-12
E7,is1,basin,-,p[land]*0.24294632108865077,3,CONVERGED,CONVERGED,594.0,594,0.056442981938974485,0.05644298,0.8674568389743302,0.8674568,2.0,2,0.0,0.0,592,592.0,0.4086096710065097,0.4086097,6.4e-323,0,0.0,0.0,0.0,0.0,7.771561e-12
E7,is1,basin,-,p[land]*0.2550936371430833,3,CONVERGED,CONVERGED,591.0,591,0.10326133133130061,0.1032613,0.8702997251080064,0.8702997,2.0,2,0.0,0.0,588,588.0,0.3943379883970243,0.394338,6.4e-323,0,0.0,0.0,0.0,0.0,9.325873e-12
E7,is1,basin,-,p[land]*0.26784831900023753,3,CONVERGED,CONVERGED,589.0,589,0.14910094010753747,0.1491009,0.8730121486739489,0.8730121,2.0,2,0.0,0.0,584,584.0,0.37950311431729494,0.3795031,6.4e-323,0,0.0,0.0,0.0,0.0,8.437695e-12
E7,is1,basin,-,p[land]*0.28124073495024937,3,CONVERGED,CONVERGED,587.0,587,0.19393935485120628,0.1939394,0.8756963208606348,0.8756963,2.0,2,0.0,0.0,580,580.0,0.3644640640003584,0.3644641,6.4e-323,0,0.0,0.0,0.0,0.0,1.287859e-11
E7,is1,basin,-,p[land]*0.29530277169776187,3,CONVERGED,CONVERGED,586.0,586,0.23775742135642908,0.2377574,0.8778636153567417,0.8778636,2.0,2,0.0,0.0,576,576.0,0.3492110034299166,0.349211,6.4e-323,0,0.0,0.0,0.0,0.0,1.199041e-11
E7,is1,basin,-,p[land]*0.31006791028264996,3,CONVERGED,CONVERGED,585.0,585,0.28053921880668603,0.2805392,0.8799449160097217,0.8799449,2.0,2,0.0,0.0,572,572.0,0.3334326202281349,0.3334326,6.4e-323,0,0.0,0.0,0.0,0.0,6.217249e-12
E7,is1,basin,-,p[land]*0.3255713057967825,3,CONVERGED,CONVERGED,584.0,584,0.32227197699430954,0.322272,0.881909917058404,0.8819099,2.0,2,0.0,0.0,568,568.0,0.31684459664628345,0.3168446,6.4e-323,0,0.0,0.0,0.0,0.0,6.661338e-12
E7,is1,basin,-,p[land]*0.3418498710866216,3,CONVERGED,CONVERGED,582.0,582,0.3629459783818441,0.362946,0.8836495018722857,0.8836495,2.0,2,0.0,0.0,564,564.0,0.29981525869990716,0.2998153,6.4e-323,0,0.0,0.0,0.0,0.0,7.771561e-12
E7,is1,basin,-,p[land]*0.35894236464095275,3,CONVERGED,CONVERGED,580.0,580,0.4025544468508268,0.4025544,0.8851774284465574,0.8851774,2.0,2,0.0,0.0,560,560.0,0.28246754077046526,0.2824675,6.4e-323,0,0.0,0.0,0.0,0.0,7.549517e-12
E7,is1,basin,-,p[land]*0.3768894828730004,3,CONVERGED,CONVERGED,577.0,577,0.44109342499695403,0.4410934,0.8867909835298741,0.886791,2.0,2,0.0,0.0,557,557.0,0.2652550257109232,0.265255,6.4e-323,0,0.0,0.0,0.0,0.0,6.661338e-12
E7,is1,basin,-,p[land]*0.39573395701665043,3,CONVERGED,CONVERGED,575.0,575,0.4785616418157771,0.4785616,0.8885005408277611,0.8885005,2.0,2,0.0,0.0,553,553.0,0.24803089244128546,0.2480309,6.4e-323,0,0.0,0.0,0.0,0.0,8.21565e-12
E7,is1,basin,-,p[land]*0.41552065486748296,3,CONVERGED,CONVERGED,571.0,571,0.5149603725828817,0.5149604,0.8902550035357129,0.890255,0.0,0,0.0,0.0,549,549.0,0.23033908953372478,0.2303391,6.4e-323,0,0.0,0.0,0.0,0.0,8.437695e-12
E7,is1,basin,-,p[land]*0.4362966876108571,3,CONVERGED,CONVERGED,567.0,567,0.5502932926702616,0.5502933,0.8918156398692805,0.8918156,0.0,0,0.0,0.0,545,545.0,0.21189714607043975,0.2118971,6.4e-323,0,0.0,0.0,0.0,0.0,7.993606e-12
E7,is1,basin,-,p[land]*0.4581115219914,3,CONVERGED,CONVERGED,536.0,536,0.5845663269596078,0.5845663,0.893374012330715,0.893374,0.0,0,0.0,0.0,542,542.0,0.19425323823657917,0.1942532,6.4e-323,0,0.0,0.0,0.0,0.0,9.992007e-12
E7,is1,basin,-,p[land]*0.48101709809097004,3,CONVERGED,CONVERGED,531.0,531,0.617787496416872,0.6177875,0.8950828955205529,0.8950829,0.0,0,0.0,0.0,538,538.0,0.1769097456301814,0.1769097,6.4e-323,0,0.0,0.0,0.0,0.0,7.105427e-12
E7,is1,basin,-,p[land]*0.5050679529955185,3,CONVERGED,CONVERGED,526.0,526,0.6499667632840372,0.6499668,0.896852213811499,0.8968522,0.0,0,0.0,0.0,533,533.0,0.1582771650422424,0.1582772,6.4e-323,0,0.0,0.0,0.0,0.0,8.21565e-12
E7,is1,basin,-,p[land]*0.5303213506452945,3,CONVERGED,CONVERGED,521.0,521,0.6811158762266754,0.6811159,0.8987818464091684,0.8987818,0.0,0,0.0,0.0,530,530.0,0.13976228476489647,0.1397623,6.4e-323,0,0.0,0.0,0.0,0.0,5.77316e-12
E7,is1,basin,-,p[land]*0.5568374181775593,3,CONVERGED,CONVERGED,516.0,516,0.7112482166526053,0.7112482,0.9008882522067568,0.9008883,0.0,0,0.0,0.0,525,525.0,0.12138330672207694,0.1213833,6.4e-323,0,0.0,0.0,0.0,0.0,5.551115e-12
E7,is1,basin,-,p[land]*0.5846792890864372,3,CONVERGED,CONVERGED,511.0,511,0.7403786472904331,0.7403786,0.9031797457186677,0.9031797,0.0,0,0.0,0.0,520,520.0,0.10328495854237196,0.103285,6.4e-323,0,0.0,0.0,0.0,0.0,7.771561e-12
E7,is1,basin,-,p[land]*0.6139132535407591,3,CONVERGED,CONVERGED,505.0,505,0.7685233639894504,0.7685234,0.9056642960958354,0.9056643,0.0,0,0.0,0.0,517,517.0,0.08480469941224873,0.0848047,6.4e-323,0,0.0,0.0,0.0,0.0,1.065814e-11
E7,is1,basin,-,p[land]*0.6446089162177971,3,CONVERGED,CONVERGED,499.0,499,0.7956997515764237,0.7956998,0.9083494960515778,0.9083495,0.0,0,0.0,0.0,512,512.0,0.06630874898723887,0.06630875,6.4e-323,0,0.0,0.0,0.0,0.0,5.551115e-12
E7,is1,basin,-,p[land]*0.676839362028687,3,CONVERGED,CONVERGED,492.0,492,0.8219262444820226,0.8219262,0.9112425319382069,0.9112425,0.0,0,0.0,0.0,507,507.0,0.047443840917227545,0.04744384,6.4e-323,0,0.0,0.0,0.0,0.0,1.354472e-11
E7,is1,basin,-,p[land]*0.7106813301301214,3,CONVERGED,CONVERGED,484.0,484,0.8472221927316169,0.8472222,0.9143501547988482,0.9143502,0.0,0,0.0,0.0,499,499.0,0.028513049348809143,0.02851305,6.4e-323,0,0.0,0.0,0.0,0.0,9.325873e-12
E7,is1,basin,-,p[land]*0.7462153966366275,3,CONVERGED,CONVERGED,475.0,475,0.8716077337830764,0.8716077,0.9176786522125888,0.9176787,0.0,0,0.0,0.0,475,475.0,0.008367135983516166,0.008367136,6.4e-323,0,0.0,0.0,0.0,0.0,8.21565e-12
E7,is1,basin,-,p[land]*0.7835261664684589,3,CONVERGED,CONVERGED,466.0,466,0.895103670589069,0.8951037,0.9212338207516337,0.9212338,0.0,0,0.0,0.0,0,0.0,0.0,0.0,0.0,0,0.0,0.0,0.0,0.0,7.105427e-12
E7,is1,basin,-,p[land]*0.8227024747918819,3,CONVERGED,CONVERGED,456.0,456,0.9177313561638174,0.9177314,0.9250208858909521,0.9250209,0.0,0,0.0,0.0,0,0.0,0.0,0.0,0.0,0,0.0,0.0,0.0,0.0,8.437695e-12
E7,is1,basin,-,p[land]*0.863837598531476,3,CONVERGED,CONVERGED,404.0,404,0.9395125848448377,0.9395126,0.9290446049250253,0.9290446,0.0,0,0.0,0.0,0,0.0,0.0,0.0,0.0,0,0.0,0.0,0.0,0.0,5.551115e-12
E7,is1,basin,-,p[land]*0.9070294784580498,3,CONVERGED,CONVERGED,382.0,382,0.9604694903590961,0.9604695,0.9333092454809536,0.9333092,0.0,0,0.0,0.0,0,0.0,0.0,0.0,0.0,0,0.0,0.0,0.0,0.0,1.465494e-11
E7,is1,basin,-,p[land]*0.9523809523809523,3,CONVERGED,CONVERGED,348.0,348,0.9806244507303364,0.9806245,0.937818377101177,0.9378184,0.0,0,0.0,0.0,0,0.0,0.0,0.0,0.0,0,0.0,0.0,0.0,0.0,1.021405e-11
E7,is1,basin,-,p[land]*1.05,3,CONVERGED,CONVERGED,398.0,398,0.9104482934366988,0.9104483,0.8884922179498633,0.8884922,0.0,0,0.0,0.0,0,0.0,0.0,0.0,0.0,0,0.0,0.0,0.0,0.0,5.107026e-12
E7,is1,basin,-,p[land]*1.1025,3,CONVERGED,CONVERGED,468.0,468,0.8286465527280161,0.8286466,0.8371425305960681,0.8371425,0.0,0,0.0,0.0,0,0.0,0.0,0.0,0.0,0,0.0,0.0,0.0,0.0,7.771561e-12
E7,is1,basin,-,p[land]*1.1576250000000001,3,CONVERGED,CONVERGED,493.0,493,0.7539561701045677,0.7539562,0.788215120209576,0.7882151,0.0,0,0.0,0.0,0,0.0,0.0,0.0,0.0,0,0.0,0.0,0.0,0.0,7.105427e-12
E7,is1,basin,-,p[land]*1.2155062500000002,3,CONVERGED,CONVERGED,510.0,510,0.6859290447778081,0.685929,0.7414435830725788,0.7414436,0.0,0,0.0,0.0,500,500.0,0.01987354113325825,0.01987354,6.4e-323,0,0.0,0.0,0.0,0.0,5.995204e-12
E7,is1,basin,-,p[land]*1.2762815625000004,3,CONVERGED,CONVERGED,559.0,559,0.6239663558710262,0.6239664,0.6968701044138822,0.6968701,0.0,0,0.0,0.0,517,517.0,0.04893903553680597,0.04893904,6.4e-323,0,0.0,0.0,0.0,0.0,8.437695e-12
E7,is1,basin,-,p[land]*1.3400956406250004,3,CONVERGED,CONVERGED,572.0,572,0.5676582022884753,0.5676582,0.6535497729277201,0.6535498,0.0,0,0.0,0.0,527,527.0,0.07714008231703687,0.07714008,6.4e-323,0,0.0,0.0,0.0,0.0,9.325873e-12
E7,is1,basin,-,p[land]*1.4071004226562505,3,CONVERGED,CONVERGED,581.0,581,0.516514429084202,0.5165144,0.610884529533091,0.6108845,0.0,0,0.0,0.0,536,536.0,0.10507311111914669,0.1050731,6.4e-323,0,0.0,0.0,0.0,0.0,8.881784e-12
E7,is1,basin,-,p[land]*1.477455443789063,3,CONVERGED,CONVERGED,589.0,589,0.46997661818715164,0.4699766,0.5685695692615995,0.5685696,27.0,27,0.0,0.0,544,544.0,0.1326401045845719,0.1326401,6.4e-323,0,0.0,0.0,0.0,0.0,8.65974e-12
E7,is1,basin,-,p[land]*1.5513282159785162,3,CONVERGED,CONVERGED,597.0,597,0.42771853157181444,0.4277185,0.5264052296527324,0.5264052,53.0,53,0.0,0.0,550,550.0,0.15957679766438934,0.1595768,6.4e-323,0,0.0,0.0,0.0,0.0,8.21565e-12
E7,is1,basin,-,p[land]*1.628894626777442,3,CONVERGED,CONVERGED,605.0,605,0.38909801865964216,0.389098,0.4842587611177952,0.4842588,61.0,61,0.0,0.0,557,557.0,0.18479751032466687,0.1847975,6.4e-323,0,0.0,0.0,0.0,0.0,8.21565e-12
E7,is1,basin,-,p[land]*1.7103393581163142,3,CONVERGED,CONVERGED,613.0,613,0.3535813228540471,0.3535813,0.4419228064373423,0.4419228,70.0,70,0.0,0.0,563,563.0,0.20997992776716576,0.2099799,6.4e-323,0,0.0,0.0,0.0,0.0,1.199041e-11
E7,is1,basin,-,p[land]*1.79585632602213,3,CONVERGED,CONVERGED,620.0,620,0.3213183065460335,0.3213183,0.3995304331921116,0.3995304,80.0,80,0.0,0.0,569,569.0,0.23502962000988237,0.2350296,6.4e-323,0,0.0,0.0,0.0,0.0,1.088019e-11
E7,is1,basin,-,p[land]*1.8856491423232367,3,CONVERGED,CONVERGED,626.0,626,0.29202110282056737,0.2920211,0.35702605077794863,0.3570261,85.0,85,0.0,0.0,573,573.0,0.2587397133483782,0.2587397,6.4e-323,0,0.0,0.0,0.0,0.0,1.021405e-11
E7,is1,basin,-,p[land]*1.9799315994393987,3,CONVERGED,CONVERGED,633.0,633,0.26414735104618986,0.2641474,0.3143636066642458,0.3143636,89.0,89,0.0,0.0,577,577.0,0.28221710429020974,0.2822171,6.4e-323,0,0.0,0.0,0.0,0.0,7.105427e-12
E7,is1,basin,-,p[land]*2.0789281794113688,3,CONVERGED,CONVERGED,639.0,639,0.23809164049156872,0.2380916,0.2716821587515824,0.2716822,94.0,94,0.0,0.0,581,581.0,0.30525124800864145,0.3052512,6.4e-323,0,0.0,0.0,0.0,0.0,8.21565e-12
E7,is1,basin,-,p[land]*2.182874588381937,3,CONVERGED,CONVERGED,645.0,645,0.2147596341109561,0.2147596,0.22898679111000939,0.2289868,99.0,99,0.0,0.0,585,585.0,0.3277663210194306,0.3277663,6.4e-323,0,0.0,0.0,0.0,0.0,8.437695e-12
E7,is1,basin,-,p[land]*2.292018317801034,3,CONVERGED,CONVERGED,650.0,650,0.19347416606173443,0.1934742,0.18609204016134004,0.186092,105.0,105,0.0,0.0,589,589.0,0.3495319544344027,0.349532,6.4e-323,0,0.0,0.0,0.0,0.0,6.661338e-12
E7,is1,basin,-,p[land]*2.4066192336910857,3,CONVERGED,CONVERGED,656.0,656,0.1742192831332275,0.1742193,0.1430765862631272,0.1430766,110.0,110,0.0,0.0,593,593.0,0.3705076512151906,0.3705077,6.4e-323,0,0.0,0.0,0.0,0.0,7.549517e-12
E7,is1,basin,-,p[land]*2.5269501953756404,3,CONVERGED,CONVERGED,661.0,661,0.15694781997434887,0.1569478,0.10017615517080282,0.1001762,115.0,115,0.0,0.0,597,597.0,0.39107688475979546,0.3910769,6.4e-323,0,0.0,0.0,0.0,0.0,7.549517e-12
E7,is1,basin,-,p[land]*2.653297705144422,3,CONVERGED,CONVERGED,666.0,666,0.14154638300020608,0.1415464,0.05703422061193554,0.05703422,119.0,119,0.0,0.0,600,600.0,0.41114410869355317,0.4111441,6.4e-323,0,0.0,0.0,0.0,0.0,8.881784e-12
E7,is1,basin,-,p[land]*2.7859625904016436,3,CONVERGED,CONVERGED,671.0,671,0.12780744803773486,0.1278074,0.013989327713311678,0.01398933,123.0,123,0.0,0.0,604,604.0,0.43063145505987593,0.4306315,6.4e-323,124,124.0,0.021284810376237782,0.02128481,1e-323,8.881784e-12
E7,is1,basin,-,p[land]*2.925260719921726,3,CONVERGED,CONVERGED,677.0,677,0.11229350328957617,0.1122935,-0.018656956573432193,-0.01865696,128.0,128,10.0,10.0,608,608.0,0.4544270643584133,0.4544271,6.4e-323,138,138.0,0.0751605895431256,0.07516059,1e-323,8.65974e-12
E7,is1,basin,-,p[land]*3.0715237559178123,3,CONVERGED,CONVERGED,683.0,683,0.09608780393325803,0.0960878,-0.037167191673391324,-0.03716719,133.0,133,13.0,13.0,614,614.0,0.47268120567526867,0.4726812,6.4e-323,146,146.0,0.12676588436050074,0.1267659,1e-323,7.549517e-12
E7,is1,basin,-,p[land]*3.225099943713703,3,CONVERGED,CONVERGED,689.0,689,0.08185145450408705,0.08185145,-0.05276308298810042,-0.05276308,137.0,137,15.0,15.0,618,618.0,0.4852516524472729,0.4852517,6.4e-323,150,150.0,0.17008550819544355,0.1700855,1e-323,8.21565e-12
E7,is1,basin,-,p[land]*3.3863549408993885,3,CONVERGED,CONVERGED,693.0,693,0.07001797460453527,0.07001797,-0.0661382863684313,-0.06613829,141.0,141,17.0,17.0,651,651.0,0.49439243710005265,0.4943924,6.4e-323,155,155.0,0.2019127831572322,0.2019128,1e-323,8.881784e-12
E7,is1,basin,-,p[land]*3.555672687944358,3,CONVERGED,CONVERGED,697.0,697,0.06080505954188277,0.06080506,-0.07787652370973194,-0.07787652,144.0,144,26.0,26.0,659,659.0,0.5046645581373144,0.5046646,6.4e-323,158,158.0,0.23420520091666236,0.2342052,1e-323,5.551115e-12
E7,is1,basin,-,p[land]*3.733456322341576,3,CONVERGED,CONVERGED,702.0,702,0.053148092438817074,0.05314809,-0.08845486935345744,-0.08845487,148.0,148,29.0,29.0,666,666.0,0.517227996133098,0.517228,6.4e-323,163,163.0,0.27544736929444974,0.2754474,1e-323,6.217249e-12
E7,is1,basin,-,p[land]*3.920129138458655,3,CONVERGED,CONVERGED,707.0,707,0.046707916895222544,0.04670792,-0.09878199444453008,-0.09878199,152.0,152,31.0,31.0,672,672.0,0.5289994884071856,0.5289995,6.4e-323,168,168.0,0.3092223363941582,0.3092223,1e-323,6.217249e-12
E7,is1,basin,-,p[land]*4.116135595381588,3,CONVERGED,CONVERGED,712.0,712,0.041280328314935895,0.04128033,-0.1080397438790038,-0.1080397,155.0,155,33.0,33.0,677,677.0,0.5384116703485918,0.5384117,6.4e-323,173,173.0,0.33750249387469416,0.3375025,1e-323,6.661338e-12
E7,is1,basin,-,p[land]*4.321942375150668,3,CONVERGED,CONVERGED,717.0,717,0.036923442449995625,0.03692344,-0.11602167381065567,-0.1160217,159.0,159,34.0,34.0,682,682.0,0.5452803867232845,0.5452804,6.4e-323,177,177.0,0.36063374956853367,0.3606337,1e-323,6.883383e-12
E7,is1,basin,-,p[land]*4.538039493908201,3,CONVERGED,CONVERGED,722.0,722,0.03299164946556147,0.03299165,-0.12395632884590672,-0.1239563,163.0,163,35.0,35.0,688,688.0,0.5491997967039853,0.5491998,6.4e-323,181,181.0,0.3798410635806888,0.3798411,1e-323,7.105427e-12
E7,is1,basin,-,p[land]*4.764941468603611,3,CONVERGED,CONVERGED,751.0,751,0.029655650304421674,0.02965565,-0.13183369581769427,-0.1318337,166.0,166,36.0,36.0,692,692.0,0.5512823425047503,0.5512823,6.4e-323,209,209.0,0.3967340242849169,0.396734,1e-323,6.661338e-12
E7,is1,basin,-,p[land]*5.003188542033792,3,CONVERGED,CONVERGED,755.0,755,0.026706022549793804,0.02670602,-0.13932293464975068,-0.1393229,169.0,169,37.0,37.0,695,695.0,0.5637631253490686,0.5637631,6.4e-323,218,218.0,0.3914585882510431,0.3914586,1e-323,6.217249e-12
E7,is1,basin,-,p[land]*5.253347969135482,3,CONVERGED,CONVERGED,759.0,759,0.024158042027254672,0.02415804,-0.14630507907019766,-0.1463051,172.0,172,39.0,39.0,699,699.0,0.5775808347566743,0.5775808,6.4e-323,223,223.0,0.40018658325117024,0.4001866,1e-323,6.883383e-12
E7,is1,basin,-,p[land]*5.5160153675922565,3,CONVERGED,CONVERGED,763.0,763,0.02184840453948654,0.0218484,-0.15306211502224218,-0.1530621,174.0,174,40.0,40.0,702,702.0,0.6031025491647135,0.6031025,6.4e-323,229,229.0,0.41488897702077604,0.414889,1e-323,8.21565e-12
E7,is1,basin,-,p[land]*5.791816135971869,3,CONVERGED,CONVERGED,767.0,767,0.01979277430344299,0.01979277,-0.15940887741552526,-0.1594089,177.0,177,42.0,42.0,706,706.0,0.6258429207444484,0.6258429,6.4e-323,233,233.0,0.4318626585806795,0.4318627,1e-323,8.65974e-12
E7,is1,basin,-,p[land]*6.081406942770463,3,CONVERGED,CONVERGED,771.0,771,0.01796361408694342,0.01796361,-0.16535720686456834,-0.1653572,180.0,180,43.0,43.0,709,709.0,0.6461511372961778,0.6461511,6.4e-323,237,237.0,0.4495011085865475,0.4495011,1e-323,8.65974e-12
E7,is1,basin,-,p[land]*6.385477289908986,3,CONVERGED,CONVERGED,774.0,774,0.0163303642133903,0.01633036,-0.17092415446074397,-0.1709242,183.0,183,44.0,44.0,713,713.0,0.6643127353070493,0.6643127,6.4e-323,242,242.0,0.4658303673727502,0.4658304,1e-323,8.21565e-12
E7,is1,basin,-,p[land]*6.704751154404436,3,CONVERGED,CONVERGED,778.0,778,0.01484713282551976,0.01484713,-0.17613803087760382,-0.176138,186.0,186,46.0,46.0,717,717.0,0.6805749749313187,0.680575,6.4e-323,245,245.0,0.47956508398509573,0.4795651,1e-323,7.105427e-12
E7,is1,basin,-,p[land]*7.039988712124658,3,CONVERGED,CONVERGED,781.0,781,0.013501505120967138,0.01350151,-0.18110235937048189,-0.1811024,189.0,189,47.0,47.0,720,720.0,0.6951776479196989,0.6951776,6.4e-323,250,250.0,0.49183256068369674,0.4918326,1e-323,8.21565e-12
E7,is1,basin,-,p[land]*7.391988147730891,3,CONVERGED,CONVERGED,785.0,785,0.012283873861004902,0.01228387,-0.19291191019828188,-0.1929119,192.0,192,49.0,49.0,724,724.0,0.7083048530513805,0.7083049,6.4e-323,253,253.0,0.5030744623105896,0.5030745,1e-323,7.771561e-12
E7,is1,basin,-,p[land]*7.761587555117436,3,CONVERGED,CONVERGED,788.0,788,0.010265180358452723,0.01026518,-0.20520662251042163,-0.2052066,195.0,195,50.0,50.0,728,728.0,0.7207121583731804,0.7207122,6.4e-323,257,257.0,0.5119897504591795,0.5119898,1e-323,6.217249e-12
E7,is1,basin,-,p[land]*8.14966693287331,3,CONVERGED,CONVERGED,792.0,792,0.0072493807604364045,0.007249381,-0.21788096094052162,-0.217881,199.0,199,51.0,51.0,731,731.0,0.7324766709987153,0.7324767,6.4e-323,261,261.0,0.5177125962889556,0.5177126,1e-323,7.327472e-12
E7,is1,basin,-,p[mach]*0.12270440108003683,3,CONVERGED,CONVERGED,1012.0,1012,0.005112581098316882,0.005112581,0.9425748427583178,0.9425748,250.0,250,0.0,0.0,830,830.0,0.4584354851170164,0.4584355,6.4e-323,378,378.0,0.202308186152635,0.2023082,1e-323,1.021405e-11
E7,is1,basin,-,p[mach]*0.12883962113403868,3,CONVERGED,CONVERGED,997.0,997,0.005827965111592533,0.005827965,0.9425748427583147,0.9425748,244.0,244,0.0,0.0,820,820.0,0.4555165270437602,0.4555165,6.4e-323,365,365.0,0.19136020185456018,0.1913602,1e-323,9.325873e-12
E7,is1,basin,-,p[mach]*0.13528160219074062,3,CONVERGED,CONVERGED,983.0,983,0.006637745956252315,0.006637746,0.9425748427583157,0.9425748,237.0,237,0.0,0.0,809,809.0,0.45312966629174356,0.4531297,6.4e-323,354,354.0,0.18046149412459186,0.1804615,1e-323,8.881784e-12
E7,is1,basin,-,p[mach]*0.14204568230027764,3,CONVERGED,CONVERGED,970.0,970,0.0075559101139748945,0.00755591,0.9425748427583156,0.9425748,231.0,231,0.0,0.0,798,798.0,0.4503612246195977,0.4503612,6.4e-323,342,342.0,0.16899559176040868,0.1689956,1e-323,7.993606e-12
E7,is1,basin,-,p[mach]*0.14914796641529154,3,CONVERGED,CONVERGED,956.0,956,0.008599148219824016,0.008599148,0.9425748427583132,0.9425748,225.0,225,0.0,0.0,789,789.0,0.449233602169501,0.4492336,6.4e-323,331,331.0,0.15767759988689992,0.1576776,1e-323,7.549517e-12
E7,is1,basin,-,p[mach]*0.15660536473605613,3,CONVERGED,CONVERGED,944.0,944,0.009784978130373264,0.009784978,0.9425748427583157,0.9425748,220.0,220,0.0,0.0,779,779.0,0.44718598528665976,0.447186,6.4e-323,321,321.0,0.14524050491730917,0.1452405,1e-323,7.549517e-12
E7,is1,basin,-,p[mach]*0.16443563297285893,3,CONVERGED,CONVERGED,932.0,932,0.011135005937735419,0.01113501,0.942574842758314,0.9425748,214.0,214,0.0,0.0,770,770.0,0.447218923943459,0.4472189,6.4e-323,302,302.0,0.13292138093023326,0.1329214,1e-323,6.217249e-12
E7,is1,basin,-,p[mach]*0.1726574146215019,3,CONVERGED,CONVERGED,920.0,920,0.012674596407120107,0.0126746,0.9425748427583153,0.9425748,209.0,209,0.0,0.0,761,761.0,0.4460019210088711,0.4460019,6.4e-323,277,277.0,0.12001916304361952,0.1200192,1e-323,8.65974e-12
E7,is1,basin,-,p[mach]*0.181290285352577,3,CONVERGED,CONVERGED,908.0,908,0.014431870004313837,0.01443187,0.942574842758315,0.9425748,203.0,203,0.0,0.0,752,752.0,0.4449844892548366,0.4449845,6.4e-323,263,263.0,0.1063173280161592,0.1063173,1e-323,8.21565e-12
E7,is1,basin,-,p[mach]*0.19035479962020585,3,CONVERGED,CONVERGED,896.0,896,0.016439428685822505,0.01643943,0.9425748427583147,0.9425748,198.0,198,0.0,0.0,743,743.0,0.44405041485888685,0.4440504,6.4e-323,249,249.0,0.09176791585331381,0.09176792,1e-323,6.439294e-12
E7,is1,basin,-,p[mach]*0.19987253960121615,3,CONVERGED,CONVERGED,884.0,884,0.018736965997002798,0.01873697,0.9425748427583159,0.9425748,193.0,193,0.0,0.0,734,734.0,0.443347529492262,0.4433475,6.4e-323,237,237.0,0.07610130633458764,0.07610131,1e-323,6.439294e-12
E7,is1,basin,-,p[mach]*0.20986616658127696,3,CONVERGED,CONVERGED,873.0,873,0.02136653660719549,0.02136654,0.9425748427583145,0.9425748,188.0,188,0.0,0.0,726,726.0,0.4429800638335619,0.4429801,6.4e-323,225,225.0,0.05936055142442582,0.05936055,1e-323,7.327472e-12
E7,is1,basin,-,p[mach]*0.22035947491034083,3,CONVERGED,CONVERGED,861.0,861,0.024382708900783676,0.02438271,0.9425748427583154,0.9425748,183.0,183,0.0,0.0,718,718.0,0.4423929073320928,0.4423929,6.4e-323,212,212.0,0.040045508595808695,0.04004551,1e-323,9.992007e-12
E7,is1,basin,-,p[mach]*0.23137744865585788,3,CONVERGED,CONVERGED,849.0,849,0.027837500630361434,0.0278375,0.9425748427583135,0.9425748,178.0,178,0.0,0.0,711,711.0,0.4415370905534126,0.4415371,6.4e-323,196,196.0,0.0181393319619653,0.01813933,1e-323,6.217249e-12
E7,is1,basin,-,p[mach]*0.24294632108865077,3,CONVERGED,CONVERGED,836.0,836,0.03180506710697972,0.03180507,0.9425748427583135,0.9425748,173.0,173,0.0,0.0,704,704.0,0.4390925532658074,0.4390926,6.4e-323,0,0.0,0.0,0.0,0.0,1.04361e-11
E7,is1,basin,-,p[mach]*0.2550936371430833,3,CONVERGED,CONVERGED,823.0,823,0.03636787753299956,0.03636788,0.9425748427583154,0.9425748,168.0,168,0.0,0.0,698,698.0,0.4359650276006933,0.435965,6.4e-323,0,0.0,0.0,0.0,0.0,9.992007e-12
E7,is1,basin,-,p[mach]*0.26784831900023753,3,CONVERGED,CONVERGED,795.0,795,0.04161328160463504,0.04161328,0.9425748427583147,0.9425748,163.0,163,0.0,0.0,690,690.0,0.4331283206432856,0.4331283,6.4e-323,0,0.0,0.0,0.0,0.0,1.088019e-11
E7,is1,basin,-,p[mach]*0.28124073495024937,3,CONVERGED,CONVERGED,785.0,785,0.0470698329458165,0.04706983,0.9425748427583145,0.9425748,158.0,158,0.0,0.0,683,683.0,0.4282140414379281,0.428214,6.4e-323,0,0.0,0.0,0.0,0.0,1.021405e-11
E7,is1,basin,-,p[mach]*0.29530277169776187,3,CONVERGED,CONVERGED,787.0,787,0.053285007065952274,0.05328501,0.9425748427583138,0.9425748,152.0,152,0.0,0.0,674,674.0,0.422973538016579,0.4229735,6.4e-323,0,0.0,0.0,0.0,0.0,8.437695e-12
E7,is1,basin,-,p[mach]*0.31006791028264996,3,CONVERGED,CONVERGED,778.0,778,0.06048341672088601,0.06048342,0.9425748427583138,0.9425748,147.0,147,0.0,0.0,665,665.0,0.4158526204218053,0.4158526,6.4e-323,0,0.0,0.0,0.0,0.0,1.088019e-11
E7,is1,basin,-,p[mach]*0.3255713057967825,3,CONVERGED,CONVERGED,770.0,770,0.06875752162799169,0.06875752,0.9425748427583137,0.9425748,139.0,139,0.0,0.0,657,657.0,0.40804585372759977,0.4080459,6.4e-323,0,0.0,0.0,0.0,0.0,7.327472e-12
E7,is1,basin,-,p[mach]*0.3418498710866216,3,CONVERGED,CONVERGED,759.0,759,0.07824343760101397,0.07824344,0.9425748427583138,0.9425748,133.0,133,0.0,0.0,647,647.0,0.39820447711665197,0.3982045,6.4e-323,0,0.0,0.0,0.0,0.0,7.771561e-12
E7,is1,basin,-,p[mach]*0.35894236464095275,3,CONVERGED,CONVERGED,733.0,733,0.08914749743488883,0.0891475,0.9425748427583145,0.9425748,126.0,126,0.0,0.0,638,638.0,0.38670847915730483,0.3867085,6.4e-323,0,0.0,0.0,0.0,0.0,8.21565e-12
E7,is1,basin,-,p[mach]*0.3768894828730004,3,CONVERGED,CONVERGED,724.0,724,0.10164407150756401,0.1016441,0.9425748427583144,0.9425748,120.0,120,0.0,0.0,629,629.0,0.3735003764980036,0.3735004,6.4e-323,0,0.0,0.0,0.0,0.0,7.105427e-12
E7,is1,basin,-,p[mach]*0.39573395701665043,3,CONVERGED,CONVERGED,715.0,715,0.11597263139158669,0.1159726,0.9425748427583142,0.9425748,114.0,114,0.0,0.0,620,620.0,0.35869724494979316,0.3586972,6.4e-323,0,0.0,0.0,0.0,0.0,6.661338e-12
E7,is1,basin,-,p[mach]*0.41552065486748296,3,CONVERGED,CONVERGED,707.0,707,0.13260934943407823,0.1326093,0.9425748427583163,0.9425748,109.0,109,0.0,0.0,611,611.0,0.34256482122301274,0.3425648,6.4e-323,0,0.0,0.0,0.0,0.0,9.325873e-12
E7,is1,basin,-,p[mach]*0.4362966876108571,3,CONVERGED,CONVERGED,700.0,700,0.15179930581499518,0.1517993,0.9425748427583192,0.9425748,103.0,103,0.0,0.0,603,603.0,0.3246924342069413,0.3246924,6.4e-323,0,0.0,0.0,0.0,0.0,1.021405e-11
E7,is1,basin,-,p[mach]*0.4581115219914,3,CONVERGED,CONVERGED,696.0,696,0.17386951495250874,0.1738695,0.9425748427583156,0.9425748,97.0,97,0.0,0.0,595,595.0,0.3057465863734854,0.3057466,6.4e-323,0,0.0,0.0,0.0,0.0,7.105427e-12
E7,is1,basin,-,p[mach]*0.48101709809097004,3,CONVERGED,CONVERGED,691.0,691,0.19907177377331245,0.1990718,0.9425748427583147,0.9425748,91.0,91,0.0,0.0,587,587.0,0.284550834709929,0.2845508,6.4e-323,0,0.0,0.0,0.0,0.0,9.325873e-12
E7,is1,basin,-,p[mach]*0.5050679529955185,3,CONVERGED,CONVERGED,685.0,685,0.22780221930394995,0.2278022,0.9425748427583147,0.9425748,84.0,84,0.0,0.0,580,580.0,0.2621615652266267,0.2621616,6.4e-323,0,0.0,0.0,0.0,0.0,9.547918e-12
E7,is1,basin,-,p[mach]*0.5303213506452945,3,CONVERGED,CONVERGED,678.0,678,0.2593099690222484,0.25931,0.9425748427583129,0.9425748,78.0,78,0.0,0.0,573,573.0,0.23842775388946444,0.2384278,6.4e-323,0,0.0,0.0,0.0,0.0,8.65974e-12
E7,is1,basin,-,p[mach]*0.5568374181775593,3,CONVERGED,CONVERGED,642.0,642,0.29490961481453365,0.2949096,0.9425748427583147,0.9425748,71.0,71,0.0,0.0,566,566.0,0.21324333727971165,0.2132433,6.4e-323,0,0.0,0.0,0.0,0.0,7.771561e-12
E7,is1,basin,-,p[mach]*0.5846792890864372,3,CONVERGED,CONVERGED,631.0,631,0.3344808332090344,0.3344808,0.9425748427583147,0.9425748,64.0,64,0.0,0.0,559,559.0,0.18764415916861152,0.1876442,6.4e-323,0,0.0,0.0,0.0,0.0,7.549517e-12
E7,is1,basin,-,p[mach]*0.6139132535407591,3,CONVERGED,CONVERGED,621.0,621,0.3784167543294324,0.3784168,0.9300794792577913,0.9300795,56.0,56,0.0,0.0,551,551.0,0.16143144800632211,0.1614314,6.4e-323,0,0.0,0.0,0.0,0.0,7.327472e-12
E7,is1,basin,-,p[mach]*0.6446089162177971,3,CONVERGED,CONVERGED,611.0,611,0.42647078698218144,0.4264708,0.9139933256590891,0.9139933,45.0,45,0.0,0.0,544,544.0,0.1341020637238439,0.1341021,6.4e-323,0,0.0,0.0,0.0,0.0,8.65974e-12
E7,is1,basin,-,p[mach]*0.676839362028687,3,CONVERGED,CONVERGED,600.0,600,0.4787595283325881,0.4787595,0.9014732530491395,0.9014733,23.0,23,0.0,0.0,536,536.0,0.10590859140760805,0.1059086,6.4e-323,0,0.0,0.0,0.0,0.0,7.327472e-12
E7,is1,basin,-,p[mach]*0.7106813301301214,3,CONVERGED,CONVERGED,588.0,588,0.5346036446069252,0.5346036,0.8925962469923752,0.8925962,0.0,0,0.0,0.0,528,528.0,0.07816483108944187,0.07816483,6.4e-323,0,0.0,0.0,0.0,0.0,9.992007e-12
E7,is1,basin,-,p[mach]*0.7462153966366275,3,CONVERGED,CONVERGED,576.0,576,0.5925956911494299,0.5925957,0.887380284045669,0.8873803,0.0,0,0.0,0.0,519,519.0,0.050506149779559376,0.05050615,6.4e-323,0,0.0,0.0,0.0,0.0,9.103829e-12
E7,is1,basin,-,p[mach]*0.7835261664684589,3,CONVERGED,CONVERGED,561.0,561,0.6539061082456789,0.6539061,0.8860330404677441,0.886033,0.0,0,0.0,0.0,505,505.0,0.023332801411229308,0.0233328,6.4e-323,0,0.0,0.0,0.0,0.0,1.021405e-11
E7,is1,basin,-,p[mach]*0.8227024747918819,3,CONVERGED,CONVERGED,549.0,549,0.7182838697127135,0.7182839,0.8894974334060382,0.8894974,0.0,0,0.0,0.0,0,0.0,0.0,0.0,0.0,0,0.0,0.0,0.0,0.0,7.549517e-12
E7,is1,basin,-,p[mach]*0.863837598531476,3,CONVERGED,CONVERGED,495.0,495,0.7840178978066068,0.7840179,0.897499406864608,0.8974994,0.0,0,0.0,0.0,0,0.0,0.0,0.0,0.0,0,0.0,0.0,0.0,0.0,6.439294e-12
E7,is1,basin,-,p[mach]*0.9070294784580498,3,CONVERGED,CONVERGED,470.0,470,0.8528019008420374,0.8528019,0.9089760938168943,0.9089761,0.0,0,0.0,0.0,0,0.0,0.0,0.0,0.0,0,0.0,0.0,0.0,0.0,1.354472e-11
E7,is1,basin,-,p[mach]*0.9523809523809523,3,CONVERGED,CONVERGED,433.0,433,0.9248332626255383,0.9248333,0.9240090268884933,0.924009,0.0,0,0.0,0.0,0,0.0,0.0,0.0,0.0,0,0.0,0.0,0.0,0.0,8.65974e-12
E7,is1,basin,-,p[mach]*1.05,3,CONVERGED,CONVERGED,321.0,321,0.960728706824881,0.9607287,0.8913173845832606,0.8913174,0.0,0,0.0,0.0,0,0.0,0.0,0.0,0.0,0,0.0,0.0,0.0,0.0,7.105427e-12
E7,is1,basin,-,p[mach]*1.1025,3,CONVERGED,CONVERGED,358.0,358,0.9219630027107818,0.921963,0.8398067816634178,0.8398068,0.0,0,0.0,0.0,0,0.0,0.0,0.0,0.0,0,0.0,0.0,0.0,0.0,7.771561e-12
E7,is1,basin,-,p[mach]*1.1576250000000001,3,CONVERGED,CONVERGED,417.0,417,0.883806616690826,0.8838066,0.7880596624799422,0.7880597,0.0,0,0.0,0.0,0,0.0,0.0,0.0,0.0,0,0.0,0.0,0.0,0.0,8.437695e-12
E7,is1,basin,-,p[mach]*1.2155062500000002,3,CONVERGED,CONVERGED,432.0,432,0.8463482041679199,0.8463482,0.7360481581800545,0.7360482,0.0,0,0.0,0.0,0,0.0,0.0,0.0,0.0,0,0.0,0.0,0.0,0.0,8.881784e-12
E7,is1,basin,-,p[mach]*1.2762815625000004,3,CONVERGED,CONVERGED,444.0,444,0.8094358665386404,0.8094359,0.683753241855145,0.6837532,0.0,0,0.0,0.0,0,0.0,0.0,0.0,0.0,0,0.0,0.0,0.0,0.0,1.04361e-11
E7,is1,basin,-,p[mach]*1.3400956406250004,3,CONVERGED,CONVERGED,456.0,456,0.7733196484249337,0.7733196,0.6312273057543505,0.6312273,0.0,0,0.0,0.0,447,447.0,0.0025222628640938806,0.002522263,6.4e-323,0,0.0,0.0,0.0,0.0,1.421085e-11
E7,is1,basin,-,p[mach]*1.4071004226562505,3,CONVERGED,CONVERGED,466.0,466,0.7380797757381812,0.7380798,0.5784878391768642,0.5784878,0.0,0,0.0,0.0,522,522.0,0.013542268745662327,0.01354227,6.4e-323,0,0.0,0.0,0.0,0.0,8.437695e-12
E7,is1,basin,-,p[mach]*1.477455443789063,3,CONVERGED,CONVERGED,475.0,475,0.7036354344782032,0.7036354,0.5255525086895184,0.5255525,0.0,0,0.0,0.0,535,535.0,0.028033174183398717,0.02803317,6.4e-323,0,0.0,0.0,0.0,0.0,1.088019e-11
E7,is1,basin,-,p[mach]*1.5513282159785162,3,CONVERGED,CONVERGED,483.0,483,0.66995835589293,0.6699584,0.4724391088870402,0.4724391,0.0,0,0.0,0.0,544,544.0,0.04788496005925759,0.04788496,6.4e-323,0,0.0,0.0,0.0,0.0,7.771561e-12
E7,is1,basin,-,p[mach]*1.628894626777442,3,CONVERGED,CONVERGED,525.0,525,0.6372993587143095,0.6372994,0.4189549254035795,0.4189549,0.0,0,0.0,0.0,552,552.0,0.06723276955555028,0.06723277,6.4e-323,0,0.0,0.0,0.0,0.0,6.439294e-12
E7,is1,basin,-,p[mach]*1.7103393581163142,3,CONVERGED,CONVERGED,534.0,534,0.6056599660740908,0.60566,0.3652713393817751,0.3652713,0.0,0,0.0,0.0,558,558.0,0.08588170860047949,0.08588171,6.4e-323,0,0.0,0.0,0.0,0.0,6.661338e-12
E7,is1,basin,-,p[mach]*1.79585632602213,3,CONVERGED,CONVERGED,540.0,540,0.5747357537307669,0.5747358,0.311425911649724,0.3114259,0.0,0,0.0,0.0,563,563.0,0.10491065768156507,0.1049107,6.4e-323,0,0.0,0.0,0.0,0.0,6.661338e-12
E7,is1,basin,-,p[mach]*1.8856491423232367,3,CONVERGED,CONVERGED,546.0,546,0.5449320856084566,0.5449321,0.2574388450292632,0.2574388,0.0,0,0.0,0.0,568,568.0,0.12353471116686256,0.1235347,6.4e-323,0,0.0,0.0,0.0,0.0,7.771561e-12
E7,is1,basin,-,p[mach]*1.9799315994393987,3,CONVERGED,CONVERGED,550.0,550,0.5162613971765821,0.5162614,0.203116486502318,0.2031165,0.0,0,0.0,0.0,572,572.0,0.14331404210894794,0.143314,6.4e-323,0,0.0,0.0,0.0,0.0,8.437695e-12
E7,is1,basin,-,p[mach]*2.0789281794113688,3,CONVERGED,CONVERGED,555.0,555,0.48830516294656023,0.4883052,0.14830777297245218,0.1483078,9.0,9,0.0,0.0,577,577.0,0.1628645529670745,0.1628646,6.4e-323,0,0.0,0.0,0.0,0.0,8.437695e-12
E7,is1,basin,-,p[mach]*2.182874588381937,3,CONVERGED,CONVERGED,560.0,560,0.46152693882205414,0.4615269,0.09310172585298862,0.09310173,16.0,16,0.0,0.0,581,581.0,0.18290774165407322,0.1829077,6.4e-323,0,0.0,0.0,0.0,0.0,8.881784e-12
E7,is1,basin,-,p[mach]*2.292018317801034,3,CONVERGED,CONVERGED,565.0,565,0.4358676087857157,0.4358676,0.037396920128809165,0.03739692,22.0,22,0.0,0.0,586,586.0,0.20329396881604148,0.203294,6.4e-323,0,0.0,0.0,0.0,0.0,7.993606e-12
E7,is1,basin,-,p[mach]*2.4066192336910857,3,CONVERGED,CONVERGED,571.0,571,0.41113438753657067,0.4111344,-0.014798900674479275,-0.0147989,34.0,34,9.0,9.0,591,591.0,0.25336209638976664,0.2533621,6.4e-323,0,0.0,0.0,0.0,0.0,1.265654e-11
E7,is1,basin,-,p[mach]*2.5269501953756404,3,CONVERGED,CONVERGED,579.0,579,0.3883001863103263,0.3883002,-0.04781653905555539,-0.04781654,47.0,47,15.0,15.0,599,599.0,0.36761845354255823,0.3676185,6.4e-323,116,116.0,0.11055607642961561,0.1105561,1e-323,1.332268e-11
E7,is1,basin,-,p[mach]*2.653297705144422,3,CONVERGED,CONVERGED,585.0,585,0.35588775656658195,0.3558878,-0.07740177181277726,-0.07740177,54.0,54,18.0,18.0,605,605.0,0.4577590577249666,0.4577591,6.4e-323,123,123.0,0.22514547742079494,0.2251455,1e-323,1.332268e-11
E7,is1,basin,-,p[mach]*2.7859625904016436,3,CONVERGED,CONVERGED,591.0,591,0.3077845334344864,0.3077845,-0.1143839883888129,-0.114384,59.0,59,22.0,22.0,611,611.0,0.5335873004275298,0.5335873,6.4e-323,131,131.0,0.33399345851219114,0.3339935,1e-323,1.110223e-11
E7,is1,basin,-,p[mach]*2.925260719921726,3,CONVERGED,CONVERGED,598.0,598,0.2654836872308056,0.2654837,-0.15717748271009457,-0.1571775,62.0,62,25.0,25.0,616,616.0,0.597785917201335,0.5977859,6.4e-323,137,137.0,0.4307184500570285,0.4307185,1e-323,1.065814e-11
E7,is1,basin,-,p[mach]*3.0715237559178123,3,CONVERGED,CONVERGED,604.0,604,0.22972250034904937,0.2297225,-0.20134880993421395,-0.2013488,65.0,65,26.0,26.0,622,622.0,0.6506408014100086,0.6506408,6.4e-323,142,142.0,0.5109852319799969,0.5109852,1e-323,4.884981e-12
E7,is1,basin,-,p[mach]*3.225099943713703,3,CONVERGED,CONVERGED,610.0,610,0.19918187639358084,0.1991819,-0.24854247289387793,-0.2485425,68.0,68,27.0,27.0,627,627.0,0.6943756876073652,0.6943757,6.4e-323,148,148.0,0.579102741350971,0.5791027,1e-323,5.329071e-12
E7,is1,basin,-,p[mach]*3.3863549408993885,3,CONVERGED,CONVERGED,615.0,615,0.1726904323828117,0.1726904,-0.2961417923458929,-0.2961418,71.0,71,27.0,27.0,631,631.0,0.7310157426966671,0.7310157,6.4e-323,152,152.0,0.6375083116114024,0.6375083,1e-323,8.21565e-12
E7,is1,basin,-,p[mach]*3.555672687944358,3,CONVERGED,CONVERGED,620.0,620,0.1508795666201821,0.1508796,-0.3441051281194008,-0.3441051,74.0,74,28.0,28.0,635,635.0,0.7622093762116945,0.7622094,6.4e-323,156,156.0,0.6851142267811493,0.6851142,1e-323,8.881784e-12
E7,is1,basin,-,p[mach]*3.733456322341576,3,CONVERGED,CONVERGED,625.0,625,0.13193138853976608,0.1319314,-0.39239480831360407,-0.3923948,78.0,78,29.0,29.0,639,639.0,0.788504006837131,0.788504,6.4e-323,158,158.0,0.7252429933329249,0.725243,1e-323,8.65974e-12
E7,is1,basin,-,p[mach]*3.920129138458655,3,CONVERGED,CONVERGED,630.0,630,0.11552762271982582,0.1155276,-0.4410290597714178,-0.4410291,82.0,82,30.0,30.0,643,643.0,0.8106677270767984,0.8106677,6.4e-323,162,162.0,0.7588820902545418,0.7588821,1e-323,5.551115e-12
E7,is1,basin,-,p[mach]*4.116135595381588,3,CONVERGED,CONVERGED,635.0,635,0.10226576337304658,0.1022658,-0.4900819390682796,-0.4900819,85.0,85,31.0,31.0,647,647.0,0.8292084737169915,0.8292085,6.4e-323,166,166.0,0.7866226168978734,0.7866226,1e-323,6.217249e-12
E7,is1,basin,-,p[mach]*4.321942375150668,3,CONVERGED,CONVERGED,640.0,640,0.09106572846065035,0.09106573,-0.5392076990653396,-0.5392077,88.0,88,31.0,31.0,651,651.0,0.8449880977213774,0.8449881,6.4e-323,169,169.0,0.8102089588033428,0.810209,1e-323,8.881784e-12
E7,is1,basin,-,p[mach]*4.538039493908201,3,CONVERGED,CONVERGED,645.0,645,0.08154437600609048,0.08154438,-0.5883971387295832,-0.5883971,91.0,91,32.0,32.0,655,655.0,0.8584531307330605,0.8584531,6.4e-323,174,174.0,0.8301561817547329,0.8301562,1e-323,7.327472e-12
E7,is1,basin,-,p[mach]*4.764941468603611,3,CONVERGED,CONVERGED,650.0,650,0.07342400864780463,0.07342401,-0.6376443211841558,-0.6376443,94.0,94,33.0,33.0,659,659.0,0.8701600773919563,0.8701601,6.4e-323,180,180.0,0.8470957242022837,0.8470957,1e-323,7.327472e-12
E7,is1,basin,-,p[mach]*5.003188542033792,3,CONVERGED,CONVERGED,680.0,680,0.06646215412429642,0.06646215,-0.6872723131309384,-0.6872723,97.0,97,34.0,34.0,664,664.0,0.8806847475802332,0.8806847,6.4e-323,185,185.0,0.8615814709958546,0.8615815,1e-323,7.549517e-12
E7,is1,basin,-,p[mach]*5.253347969135482,3,CONVERGED,CONVERGED,686.0,686,0.060472323596062805,0.06047232,-0.7370423917594604,-0.7370424,100.0,100,35.0,35.0,668,668.0,0.8897897837804484,0.8897898,6.4e-323,190,190.0,0.8739897421961231,0.8739897,1e-323,6.661338e-12
E7,is1,basin,-,p[mach]*5.5160153675922565,3,CONVERGED,CONVERGED,691.0,691,0.05530405245934023,0.05530405,-0.7869364834061551,-0.7869365,103.0,103,36.0,36.0,672,672.0,0.8977085409383451,0.8977085,6.4e-323,193,193.0,0.8846494056654101,0.8846494,1e-323,7.549517e-12
E7,is1,basin,-,p[mach]*5.791816135971869,3,CONVERGED,CONVERGED,695.0,695,0.05082368050661212,0.05082368,-0.8369380404872886,-0.836938,106.0,106,37.0,37.0,677,677.0,0.9046102089192251,0.9046102,6.4e-323,197,197.0,0.8938510386226821,0.893851,1e-323,7.771561e-12
E7,is1,basin,-,p[mach]*6.081406942770463,3,CONVERGED,CONVERGED,699.0,699,0.04692822325001742,0.04692822,-0.8870319159079413,-0.8870319,109.0,109,38.0,38.0,681,681.0,0.9106591087522975,0.9106591,6.4e-323,201,201.0,0.901815938666975,0.9018159,1e-323,7.771561e-12
E7,is1,basin,-,p[mach]*6.385477289908986,3,CONVERGED,CONVERGED,702.0,702,0.04297957515003167,0.04297958,-0.937204251519092,-0.9372043,111.0,111,39.0,39.0,685,685.0,0.9159774800688084,0.9159775,6.4e-323,204,204.0,0.9086751077294372,0.9086751,1e-323,6.439294e-12
E7,is1,basin,-,p[mach]*6.704751154404436,3,CONVERGED,CONVERGED,705.0,705,0.0395214157675698,0.03952142,-0.987442378424851,-0.9874424,114.0,114,39.0,39.0,689,689.0,0.9206935324248866,0.9206935,6.4e-323,207,207.0,0.9149532256312929,0.9149532,1e-323,8.65974e-12
E7,is1,basin,-,p[mach]*7.039988712124658,3,CONVERGED,CONVERGED,708.0,708,0.03678642760472213,0.03678643,-1.037734727315036,-1.037735,116.0,116,40.0,40.0,692,692.0,0.9250544516016497,0.9250545,6.4e-323,210,210.0,0.9205835449895301,0.9205835,1e-323,7.327472e-12
E7,is1,basin,-,p[mach]*7.391988147730891,3,CONVERGED,CONVERGED,710.0,710,0.0343552226440488,0.03435522,-1.0880707473096918,-1.088071,118.0,118,41.0,41.0,695,695.0,0.9291075617728954,0.9291076,6.4e-323,213,213.0,0.9255839738840844,0.925584,1e-323,7.771561e-12
E7,is1,basin,-,p[mach]*7.761587555117436,3,CONVERGED,CONVERGED,713.0,713,0.03218721056171312,0.03218721,-1.1384408320623156,-1.138441,120.0,120,42.0,42.0,698,698.0,0.9327401744374673,0.9327402,6.4e-323,216,216.0,0.9300278836730279,0.9300279,1e-323,7.771561e-12
E7,is1,basin,-,p[mach]*8.14966693287331,3,CONVERGED,CONVERGED,714.0,714,0.030245887945146054,0.03024589,-1.1888362520857552,-1.188836,122.0,122,43.0,43.0,701,701.0,0.9360069909087827,0.936007,6.4e-323,218,218.0,0.9339933377307017,0.9339933,1e-323,1.154632e-11
E7,is1,basin,-,p[services]*0.12270440108003683,3,CONVERGED,CONVERGED,699.0,699,0.04768306740773384,0.04768307,-0.10727865948711943,-0.1072787,134.0,134,42.0,42.0,701,701.0,0.8955689875735124,0.895569,6.4e-323,147,147.0,0.424602144172127,0.4246021,1e-323,5.995204e-12
E7,is1,basin,-,p[services]*0.12883962113403868,3,CONVERGED,CONVERGED,697.0,697,0.05147047639090096,0.05147048,-0.10506451396567965,-0.1050645,132.0,132,40.0,40.0,699,699.0,0.8867160944074408,0.8867161,6.4e-323,146,146.0,0.41237862936324177,0.4123786,1e-323,8.881784e-12
E7,is1,basin,-,p[services]*0.13528160219074062,3,CONVERGED,CONVERGED,695.0,695,0.05565181500147883,0.05565182,-0.10275715007079336,-0.1027572,130.0,130,39.0,39.0,697,697.0,0.8769309554838413,0.876931,6.4e-323,145,145.0,0.401984307620182,0.4019843,1e-323,5.995204e-12
E7,is1,basin,-,p[services]*0.14204568230027764,3,CONVERGED,CONVERGED,692.0,692,0.06076929682886369,0.0607693,-0.09951984597897084,-0.09951985,128.0,128,31.0,31.0,695,695.0,0.8649807234884405,0.8649807,6.4e-323,144,144.0,0.3918998238299956,0.3918998,1e-323,6.217249e-12
E7,is1,basin,-,p[services]*0.14914796641529154,3,CONVERGED,CONVERGED,689.0,689,0.06666090959614872,0.06666091,-0.0968681501947188,-0.09686815,126.0,126,30.0,30.0,692,692.0,0.8511620472261963,0.851162,6.4e-323,143,143.0,0.3807310785982493,0.3807311,1e-323,6.439294e-12
E7,is1,basin,-,p[services]*0.15660536473605613,3,CONVERGED,CONVERGED,686.0,686,0.07309941479601956,0.07309941,-0.09412880183831748,-0.0941288,123.0,123,29.0,29.0,689,689.0,0.8359551374924147,0.8359551,6.4e-323,141,141.0,0.36655368264549587,0.3665537,1e-323,5.329071e-12
E7,is1,basin,-,p[services]*0.16443563297285893,3,CONVERGED,CONVERGED,682.0,682,0.08043612927139762,0.08043613,-0.0909696342057181,-0.09096963,120.0,120,28.0,28.0,686,686.0,0.8185106120726567,0.8185106,6.4e-323,138,138.0,0.3506073954363758,0.3506074,1e-323,5.329071e-12
E7,is1,basin,-,p[services]*0.1726574146215019,3,CONVERGED,CONVERGED,678.0,678,0.0896969067901086,0.08969691,-0.08620322650399342,-0.08620323,117.0,117,27.0,27.0,682,682.0,0.7965270860281397,0.7965271,6.4e-323,136,136.0,0.32955689318877185,0.3295569,1e-323,5.995204e-12
E7,is1,basin,-,p[services]*0.181290285352577,3,CONVERGED,CONVERGED,674.0,674,0.10000397032166708,0.100004,-0.08298377081755057,-0.08298377,114.0,114,27.0,27.0,679,679.0,0.7720321226615935,0.7720321,6.4e-323,132,132.0,0.30766766144277236,0.3076677,1e-323,5.551115e-12
E7,is1,basin,-,p[services]*0.19035479962020585,3,CONVERGED,CONVERGED,670.0,670,0.11199114791351489,0.1119911,-0.07812836300203656,-0.07812836,111.0,111,25.0,25.0,676,676.0,0.7432269268419758,0.7432269,6.4e-323,130,130.0,0.2851246677542035,0.2851247,1e-323,8.881784e-12
E7,is1,basin,-,p[services]*0.19987253960121615,3,CONVERGED,CONVERGED,668.0,668,0.1266250010538462,0.126625,-0.07293471659356185,-0.07293472,109.0,109,25.0,25.0,673,673.0,0.7081561003356536,0.7081561,6.4e-323,128,128.0,0.26262734351795236,0.2626273,1e-323,6.439294e-12
E7,is1,basin,-,p[services]*0.20986616658127696,3,CONVERGED,CONVERGED,666.0,666,0.14353479130229743,0.1435348,-0.06772124534712187,-0.06772125,107.0,107,23.0,23.0,672,672.0,0.6676936538646328,0.6676937,6.4e-323,126,126.0,0.242896544927351,0.2428965,1e-323,5.551115e-12
E7,is1,basin,-,p[services]*0.22035947491034083,3,CONVERGED,CONVERGED,664.0,664,0.1640743014789494,0.1640743,-0.06124250571132713,-0.06124251,106.0,106,22.0,22.0,670,670.0,0.6182842388407854,0.6182842,6.4e-323,125,125.0,0.22418724744014368,0.2241872,1e-323,1.021405e-11
E7,is1,basin,-,p[services]*0.23137744865585788,3,CONVERGED,CONVERGED,662.0,662,0.18958692613562367,0.1895869,-0.05341221624321398,-0.05341222,105.0,105,13.0,13.0,668,668.0,0.5576274434693326,0.5576274,6.4e-323,123,123.0,0.20174222119418794,0.2017422,1e-323,9.769963e-12
E7,is1,basin,-,p[services]*0.24294632108865077,3,CONVERGED,CONVERGED,657.0,657,0.2169642434334713,0.2169642,-0.045586631960880024,-0.04558663,101.0,101,11.0,11.0,665,665.0,0.4862404519738103,0.4862405,6.4e-323,120,120.0,0.17305446433641705,0.1730545,1e-323,1.021405e-11
E7,is1,basin,-,p[services]*0.2550936371430833,3,CONVERGED,CONVERGED,651.0,651,0.24417593489655504,0.2441759,-0.03587717676439745,-0.03587718,97.0,97,9.0,9.0,660,660.0,0.3988673758600558,0.3988674,6.4e-323,115,115.0,0.11529152584260964,0.1152915,1e-323,1.065814e-11
E7,is1,basin,-,p[services]*0.26784831900023753,3,CONVERGED,CONVERGED,645.0,645,0.26386075570612777,0.2638608,-0.02319170828727895,-0.02319171,93.0,93,7.0,7.0,655,655.0,0.30973702992518326,0.309737,6.4e-323,0,0.0,0.0,0.0,0.0,6.661338e-12
E7,is1,basin,-,p[services]*0.28124073495024937,3,CONVERGED,CONVERGED,642.0,642,0.27766847179105836,0.2776685,-0.004090637153727599,-0.004090637,91.0,91,4.0,4.0,653,653.0,0.29684520006293463,0.2968452,6.4e-323,0,0.0,0.0,0.0,0.0,9.103829e-12
E7,is1,basin,-,p[services]*0.29530277169776187,3,CONVERGED,CONVERGED,638.0,638,0.2922838672159858,0.2922839,0.03083039483136331,0.03083039,88.0,88,0.0,0.0,649,649.0,0.28410040957780486,0.2841004,6.4e-323,0,0.0,0.0,0.0,0.0,1.332268e-11
E7,is1,basin,-,p[services]*0.31006791028264996,3,CONVERGED,CONVERGED,634.0,634,0.307607715597078,0.3076077,0.06706877696525797,0.06706878,85.0,85,0.0,0.0,646,646.0,0.2710449747299797,0.271045,6.4e-323,0,0.0,0.0,0.0,0.0,9.103829e-12
E7,is1,basin,-,p[services]*0.3255713057967825,3,CONVERGED,CONVERGED,629.0,629,0.3235901524175957,0.3235902,0.10343097505460165,0.103431,82.0,82,0.0,0.0,641,641.0,0.2574499816089665,0.25745,6.4e-323,0,0.0,0.0,0.0,0.0,1.354472e-11
E7,is1,basin,-,p[services]*0.3418498710866216,3,CONVERGED,CONVERGED,625.0,625,0.3405132549810576,0.3405133,0.14057264039656736,0.1405726,73.0,73,0.0,0.0,637,637.0,0.2436603058358221,0.2436603,6.4e-323,0,0.0,0.0,0.0,0.0,1.421085e-11
E7,is1,basin,-,p[services]*0.35894236464095275,3,CONVERGED,CONVERGED,620.0,620,0.35801396059855606,0.358014,0.17789067089889946,0.1778907,70.0,70,0.0,0.0,633,633.0,0.23021431498978767,0.2302143,6.4e-323,0,0.0,0.0,0.0,0.0,6.217249e-12
E7,is1,basin,-,p[services]*0.3768894828730004,3,CONVERGED,CONVERGED,615.0,615,0.37647894604498333,0.3764789,0.21553935941660282,0.2155394,63.0,63,0.0,0.0,629,629.0,0.2165804936907192,0.2165805,6.4e-323,0,0.0,0.0,0.0,0.0,7.105427e-12
E7,is1,basin,-,p[services]*0.39573395701665043,3,CONVERGED,CONVERGED,610.0,610,0.39578913431198043,0.3957891,0.25366103812887647,0.253661,50.0,50,0.0,0.0,625,625.0,0.2028131761412392,0.2028132,6.4e-323,0,0.0,0.0,0.0,0.0,9.992007e-12
E7,is1,basin,-,p[services]*0.41552065486748296,3,CONVERGED,CONVERGED,605.0,605,0.41592838876344507,0.4159284,0.29198260240040125,0.2919826,39.0,39,0.0,0.0,620,620.0,0.1884917047138624,0.1884917,6.4e-323,0,0.0,0.0,0.0,0.0,1.021405e-11
E7,is1,basin,-,p[services]*0.4362966876108571,3,CONVERGED,CONVERGED,600.0,600,0.437201387911474,0.4372014,0.330843641056197,0.3308436,24.0,24,0.0,0.0,616,616.0,0.1740851228756798,0.1740851,6.4e-323,0,0.0,0.0,0.0,0.0,9.769963e-12
E7,is1,basin,-,p[services]*0.4581115219914,3,CONVERGED,CONVERGED,595.0,595,0.4591861820432979,0.4591862,0.3694535731704809,0.3694536,16.0,16,0.0,0.0,612,612.0,0.1597259903307595,0.159726,6.4e-323,0,0.0,0.0,0.0,0.0,6.217249e-12
E7,is1,basin,-,p[services]*0.48101709809097004,3,CONVERGED,CONVERGED,590.0,590,0.4824367257231008,0.4824367,0.40864252734089357,0.4086425,10.0,10,0.0,0.0,607,607.0,0.14491942887465584,0.1449194,6.4e-323,0,0.0,0.0,0.0,0.0,5.329071e-12
E7,is1,basin,-,p[services]*0.5050679529955185,3,CONVERGED,CONVERGED,585.0,585,0.506576993319809,0.506577,0.4477365745644785,0.4477366,0.0,0,0.0,0.0,602,602.0,0.1300703279926431,0.1300703,6.4e-323,0,0.0,0.0,0.0,0.0,7.549517e-12
E7,is1,basin,-,p[services]*0.5303213506452945,3,CONVERGED,CONVERGED,580.0,580,0.5319640761863569,0.5319641,0.48698713477867434,0.4869871,0.0,0,0.0,0.0,596,596.0,0.11489255580720485,0.1148926,6.4e-323,0,0.0,0.0,0.0,0.0,7.549517e-12
E7,is1,basin,-,p[services]*0.5568374181775593,3,CONVERGED,CONVERGED,574.0,574,0.5584882930826793,0.5584883,0.5264104476157258,0.5264104,0.0,0,0.0,0.0,586,586.0,0.09953622255792409,0.09953622,6.4e-323,0,0.0,0.0,0.0,0.0,7.105427e-12
E7,is1,basin,-,p[services]*0.5846792890864372,3,CONVERGED,CONVERGED,566.0,566,0.5862532928106177,0.5862533,0.5655755283212971,0.5655755,0.0,0,0.0,0.0,559,559.0,0.08337057480689178,0.08337057,6.4e-323,0,0.0,0.0,0.0,0.0,9.103829e-12
E7,is1,basin,-,p[services]*0.6139132535407591,3,CONVERGED,CONVERGED,524.0,524,0.6154119012824354,0.6154119,0.6047803706832225,0.6047804,0.0,0,0.0,0.0,549,549.0,0.06726448843191916,0.06726449,6.4e-323,0,0.0,0.0,0.0,0.0,4.884981e-12
E7,is1,basin,-,p[services]*0.6446089162177971,3,CONVERGED,CONVERGED,516.0,516,0.6458437732603803,0.6458438,0.643752286723065,0.6437523,0.0,0,0.0,0.0,538,538.0,0.0500595438624217,0.05005954,6.4e-323,0,0.0,0.0,0.0,0.0,7.993606e-12
E7,is1,basin,-,p[services]*0.676839362028687,3,CONVERGED,CONVERGED,508.0,508,0.6778812996018196,0.6778813,0.6819871861395359,0.6819872,0.0,0,0.0,0.0,526,526.0,0.03168282025746014,0.03168282,6.4e-323,0,0.0,0.0,0.0,0.0,6.217249e-12
E7,is1,basin,-,p[services]*0.7106813301301214,3,CONVERGED,CONVERGED,500.0,500,0.7113988944457429,0.7113989,0.7180298190617588,0.7180298,0.0,0,0.0,0.0,502,502.0,0.010251640829439537,0.01025164,6.4e-323,0,0.0,0.0,0.0,0.0,9.992007e-12
E7,is1,basin,-,p[services]*0.7462153966366275,3,CONVERGED,CONVERGED,491.0,491,0.7466488825105441,0.7466489,0.7510120381384154,0.751012,0.0,0,0.0,0.0,0,0.0,0.0,0.0,0.0,0,0.0,0.0,0.0,0.0,1.376677e-11
E7,is1,basin,-,p[services]*0.7835261664684589,3,CONVERGED,CONVERGED,480.0,480,0.7836716718900526,0.7836717,0.7835351715446863,0.7835352,0.0,0,0.0,0.0,0,0.0,0.0,0.0,0.0,0,0.0,0.0,0.0,0.0,1.287859e-11
E7,is1,basin,-,p[services]*0.8227024747918819,3,CONVERGED,CONVERGED,467.0,467,0.8225914572734521,0.8225915,0.8158883956248316,0.8158884,0.0,0,0.0,0.0,0,0.0,0.0,0.0,0.0,0,0.0,0.0,0.0,0.0,8.437695e-12
E7,is1,basin,-,p[services]*0.863837598531476,3,CONVERGED,CONVERGED,454.0,454,0.8635057790267844,0.8635058,0.8480198501938445,0.8480199,0.0,0,0.0,0.0,0,0.0,0.0,0.0,0.0,0,0.0,0.0,0.0,0.0,8.437695e-12
E7,is1,basin,-,p[services]*0.9070294784580498,3,CONVERGED,CONVERGED,396.0,396,0.9066157632831615,0.9066158,0.8798303987579329,0.8798304,0.0,0,0.0,0.0,0,0.0,0.0,0.0,0.0,0,0.0,0.0,0.0,0.0,7.771561e-12
E7,is1,basin,-,p[services]*0.9523809523809523,3,CONVERGED,CONVERGED,357.0,357,0.952046635120946,0.9520466,0.9113857243433631,0.9113857,0.0,0,0.0,0.0,0,0.0,0.0,0.0,0.0,0,0.0,0.0,0.0,0.0,7.993606e-12
E7,is1,basin,-,p[services]*1.05,3,CONVERGED,CONVERGED,304.0,304,0.9606957451443188,0.9606957,0.942574842758311,0.9425748,0.0,0,0.0,0.0,0,0.0,0.0,0.0,0.0,0,0.0,0.0,0.0,0.0,9.992007e-12
E7,is1,basin,-,p[services]*1.1025,3,CONVERGED,CONVERGED,340.0,340,0.9225712402905255,0.9225712,0.942574842758311,0.9425748,0.0,0,0.0,0.0,0,0.0,0.0,0.0,0.0,0,0.0,0.0,0.0,0.0,1.021405e-11
E7,is1,basin,-,p[services]*1.1576250000000001,3,CONVERGED,CONVERGED,396.0,396,0.8856415135508809,0.8856415,0.942574842758311,0.9425748,0.0,0,0.0,0.0,0,0.0,0.0,0.0,0.0,0,0.0,0.0,0.0,0.0,6.217249e-12
E7,is1,basin,-,p[services]*1.2155062500000002,3,CONVERGED,CONVERGED,412.0,412,0.8499161255755405,0.8499161,0.942574842758311,0.9425748,0.0,0,0.0,0.0,0,0.0,0.0,0.0,0.0,0,0.0,0.0,0.0,0.0,8.21565e-12
E7,is1,basin,-,p[services]*1.2762815625000004,3,CONVERGED,CONVERGED,422.0,422,0.8153993543872396,0.8153994,0.942574842758311,0.9425748,0.0,0,0.0,0.0,0,0.0,0.0,0.0,0.0,0,0.0,0.0,0.0,0.0,7.105427e-12
E7,is1,basin,-,p[services]*1.3400956406250004,3,CONVERGED,CONVERGED,432.0,432,0.782090426832733,0.7820904,0.942574842758311,0.9425748,0.0,0,0.0,0.0,0,0.0,0.0,0.0,0.0,0,0.0,0.0,0.0,0.0,1.132427e-11
E7,is1,basin,-,p[services]*1.4071004226562505,3,CONVERGED,CONVERGED,441.0,441,0.7499837906385637,0.7499838,0.942574842758311,0.9425748,0.0,0,0.0,0.0,0,0.0,0.0,0.0,0.0,0,0.0,0.0,0.0,0.0,7.105427e-12
E7,is1,basin,-,p[services]*1.477455443789063,3,CONVERGED,CONVERGED,449.0,449,0.7190694206087559,0.7190694,0.942574842758311,0.9425748,0.0,0,0.0,0.0,0,0.0,0.0,0.0,0.0,0,0.0,0.0,0.0,0.0,7.105427e-12
E7,is1,basin,-,p[services]*1.5513282159785162,3,CONVERGED,CONVERGED,456.0,456,0.6893064139276224,0.6893064,0.942574842758311,0.9425748,0.0,0,0.0,0.0,0,0.0,0.0,0.0,0.0,0,0.0,0.0,0.0,0.0,7.105427e-12
E7,is1,basin,-,p[services]*1.628894626777442,3,CONVERGED,CONVERGED,462.0,462,0.6605114458597656,0.6605114,0.942574842758311,0.9425748,0.0,0,0.0,0.0,0,0.0,0.0,0.0,0.0,0,0.0,0.0,0.0,0.0,5.77316e-12
E7,is1,basin,-,p[services]*1.7103393581163142,3,CONVERGED,CONVERGED,500.0,500,0.6328262312550403,0.6328262,0.942574842758311,0.9425748,0.0,0,0.0,0.0,0,0.0,0.0,0.0,0.0,0,0.0,0.0,0.0,0.0,9.769963e-12
E7,is1,basin,-,p[services]*1.79585632602213,3,CONVERGED,CONVERGED,508.0,508,0.6062301951997121,0.6062302,0.942574842758311,0.9425748,0.0,0,0.0,0.0,0,0.0,0.0,0.0,0.0,0,0.0,0.0,0.0,0.0,7.771561e-12
E7,is1,basin,-,p[services]*1.8856491423232367,3,CONVERGED,CONVERGED,513.0,513,0.5806999987081343,0.5807,0.942574842758311,0.9425748,0.0,0,0.0,0.0,0,0.0,0.0,0.0,0.0,0,0.0,0.0,0.0,0.0,8.437695e-12
E7,is1,basin,-,p[services]*1.9799315994393987,3,CONVERGED,CONVERGED,517.0,517,0.5562098846580376,0.5562099,0.942574842758311,0.9425748,0.0,0,0.0,0.0,0,0.0,0.0,0.0,0.0,0,0.0,0.0,0.0,0.0,6.661338e-12
E7,is1,basin,-,p[services]*2.0789281794113688,3,CONVERGED,CONVERGED,520.0,520,0.5327320190329575,0.532732,0.942574842758311,0.9425748,0.0,0,0.0,0.0,0,0.0,0.0,0.0,0.0,0,0.0,0.0,0.0,0.0,8.65974e-12
E7,is1,basin,-,p[services]*2.182874588381937,3,CONVERGED,CONVERGED,522.0,522,0.5102407982790219,0.5102408,0.942574842758311,0.9425748,0.0,0,0.0,0.0,0,0.0,0.0,0.0,0.0,99,99.0,0.01146205558065773,0.01146206,1e-323,8.881784e-12
E7,is1,basin,-,p[services]*2.292018317801034,3,CONVERGED,CONVERGED,525.0,525,0.48870797513320097,0.488708,0.942574842758311,0.9425748,6.0,6,0.0,0.0,0,0.0,0.0,0.0,0.0,108,108.0,0.06992864145874896,0.06992864,1e-323,7.549517e-12
E7,is1,basin,-,p[services]*2.4066192336910857,3,CONVERGED,CONVERGED,528.0,528,0.46809599398785223,0.468096,0.942574842758311,0.9425748,9.0,9,0.0,0.0,0,0.0,0.0,0.0,0.0,111,111.0,0.123156948539543,0.1231569,1e-323,7.993606e-12
E7,is1,basin,-,p[services]*2.5269501953756404,3,CONVERGED,CONVERGED,532.0,532,0.44733974409401234,0.4473397,0.942574842758311,0.9425748,13.0,13,0.0,0.0,0,0.0,0.0,0.0,0.0,112,112.0,0.17113899067416186,0.171139,1e-323,7.771561e-12
E7,is1,basin,-,p[services]*2.653297705144422,3,CONVERGED,CONVERGED,536.0,536,0.42622282648186516,0.4262228,0.942574842758311,0.9425748,14.0,14,0.0,0.0,0,0.0,0.0,0.0,0.0,114,114.0,0.21326417434702774,0.2132642,1e-323,1.310063e-11
E7,is1,basin,-,p[services]*2.7859625904016436,3,CONVERGED,CONVERGED,539.0,539,0.4058676955745727,0.4058677,0.942574842758311,0.9425748,16.0,16,0.0,0.0,420,420.0,0.0009514327612581666,0.0009514328,6.4e-323,116,116.0,0.2512400490622638,0.25124,1e-323,9.769963e-12
E7,is1,basin,-,p[services]*2.925260719921726,3,CONVERGED,CONVERGED,542.0,542,0.3861989521233425,0.386199,0.942574842758311,0.9425748,17.0,17,0.0,0.0,470,470.0,0.006347551263118658,0.006347551,6.4e-323,117,117.0,0.28578801775279944,0.285788,1e-323,5.329071e-12
E7,is1,basin,-,p[services]*3.0715237559178123,3,CONVERGED,CONVERGED,545.0,545,0.3672751743579716,0.3672752,0.942574842758311,0.9425748,18.0,18,0.0,0.0,482,482.0,0.010535829893775195,0.01053583,6.4e-323,119,119.0,0.316900574915378,0.3169006,1e-323,9.325873e-12
E7,is1,basin,-,p[services]*3.225099943713703,3,CONVERGED,CONVERGED,548.0,548,0.34893914065963566,0.3489391,0.942574842758311,0.9425748,19.0,19,0.0,0.0,488,488.0,0.013818401400433111,0.0138184,6.4e-323,121,121.0,0.34572001926022106,0.34572,1e-323,1.310063e-11
E7,is1,basin,-,p[services]*3.3863549408993885,3,CONVERGED,CONVERGED,551.0,551,0.33119334399333733,0.3311933,0.942574842758311,0.9425748,19.0,19,0.0,0.0,492,492.0,0.017265181239685193,0.01726518,6.4e-323,123,123.0,0.37257045107906717,0.3725705,1e-323,1.110223e-11
E7,is1,basin,-,p[services]*3.555672687944358,3,CONVERGED,CONVERGED,554.0,554,0.31418720865166117,0.3141872,0.942574842758311,0.9425748,20.0,20,0.0,0.0,496,496.0,0.020597825384007864,0.02059783,6.4e-323,124,124.0,0.3966149264998931,0.3966149,1e-323,1.176836e-11
E7,is1,basin,-,p[services]*3.733456322341576,3,CONVERGED,CONVERGED,556.0,556,0.29785802685750057,0.297858,0.942574842758311,0.9425748,21.0,21,0.0,0.0,500,500.0,0.023887322220941264,0.02388732,6.4e-323,127,127.0,0.41913529726112225,0.4191353,1e-323,7.105427e-12
E7,is1,basin,-,p[services]*3.920129138458655,3,CONVERGED,CONVERGED,559.0,559,0.2821994666904233,0.2821995,0.942574842758311,0.9425748,22.0,22,0.0,0.0,502,502.0,0.02676995099656424,0.02676995,6.4e-323,128,128.0,0.43961848081057087,0.4396185,1e-323,9.103829e-12
E7,is1,basin,-,p[services]*4.116135595381588,3,CONVERGED,CONVERGED,562.0,562,0.2672271737130515,0.2672272,0.942574842758311,0.9425748,27.0,27,0.0,0.0,504,504.0,0.02957731203382382,0.02957731,6.4e-323,129,129.0,0.45968603308651557,0.459686,1e-323,6.883383e-12
E7,is1,basin,-,p[services]*4.321942375150668,3,CONVERGED,CONVERGED,565.0,565,0.25285956171808077,0.2528596,0.942574842758311,0.9425748,30.0,30,0.0,0.0,506,506.0,0.03225212790055233,0.03225213,6.4e-323,132,132.0,0.4784634757957572,0.4784635,1e-323,7.771561e-12
E7,is1,basin,-,p[services]*4.538039493908201,3,CONVERGED,CONVERGED,567.0,567,0.23906256191065378,0.2390626,0.942574842758311,0.9425748,30.0,30,0.0,0.0,508,508.0,0.03443002106365847,0.03443002,6.4e-323,134,134.0,0.4946680569823062,0.4946681,1e-323,6.217249e-12
E7,is1,basin,-,p[services]*4.764941468603611,3,CONVERGED,CONVERGED,570.0,570,0.225699403522523,0.2256994,0.942574842758311,0.9425748,31.0,31,0.0,0.0,510,510.0,0.036549485150196764,0.03654949,6.4e-323,135,135.0,0.5101827797192708,0.5101828,1e-323,7.771561e-12
E7,is1,basin,-,p[services]*5.003188542033792,3,CONVERGED,CONVERGED,572.0,572,0.21266677019473246,0.2126668,0.942574842758311,0.9425748,31.0,31,0.0,0.0,511,511.0,0.0386688772420141,0.03866888,6.4e-323,137,137.0,0.5250229810903312,0.525023,1e-323,6.883383e-12
E7,is1,basin,-,p[services]*5.253347969135482,3,CONVERGED,CONVERGED,574.0,574,0.2004286646607483,0.2004287,0.942574842758311,0.9425748,32.0,32,0.0,0.0,513,513.0,0.04058928608533227,0.04058929,6.4e-323,139,139.0,0.539124694664795,0.5391247,1e-323,1.154632e-11
E7,is1,basin,-,p[services]*5.5160153675922565,3,CONVERGED,CONVERGED,577.0,577,0.18876974903288604,0.1887697,0.942574842758311,0.9425748,33.0,33,0.0,0.0,514,514.0,0.04206661624441116,0.04206662,6.4e-323,142,142.0,0.5513091504479568,0.5513092,1e-323,9.769963e-12
E7,is1,basin,-,p[services]*5.791816135971869,3,CONVERGED,CONVERGED,579.0,579,0.17758716350439988,0.1775872,0.942574842758311,0.9425748,35.0,35,0.0,0.0,516,516.0,0.04362634222968202,0.04362634,6.4e-323,143,143.0,0.562834825837755,0.5628348,1e-323,7.771561e-12
E7,is1,basin,-,p[services]*6.081406942770463,3,CONVERGED,CONVERGED,581.0,581,0.16719757012310896,0.1671976,0.942574842758311,0.9425748,37.0,37,0.0,0.0,517,517.0,0.04497714803654437,0.04497715,6.4e-323,145,145.0,0.5736836139341132,0.5736836,1e-323,4.218847e-12
E7,is1,basin,-,p[services]*6.385477289908986,3,CONVERGED,CONVERGED,584.0,584,0.15772514533528026,0.1577251,0.942574842758311,0.9425748,38.0,38,0.0,0.0,517,517.0,0.04622260822741988,0.04622261,6.4e-323,147,147.0,0.5838177717261294,0.5838178,1e-323,7.105427e-12
E7,is1,basin,-,p[services]*6.704751154404436,3,CONVERGED,CONVERGED,586.0,586,0.1489296442395899,0.1489296,0.942574842758311,0.9425748,39.0,39,0.0,0.0,519,519.0,0.04738040073566785,0.0473804,6.4e-323,149,149.0,0.5933153661957498,0.5933154,1e-323,7.771561e-12
E7,is1,basin,-,p[services]*7.039988712124658,3,CONVERGED,CONVERGED,589.0,589,0.14073571137182753,0.1407357,0.942574842758311,0.9425748,40.0,40,0.0,0.0,520,520.0,0.04879018091021896,0.04879018,6.4e-323,151,151.0,0.6021451478053935,0.6021451,1e-323,7.327472e-12
E7,is1,basin,-,p[services]*7.391988147730891,3,CONVERGED,CONVERGED,591.0,591,0.13290382654460917,0.1329038,0.942574842758311,0.9425748,41.0,41,0.0,0.0,521,521.0,0.05026917741394697,0.05026918,6.4e-323,152,152.0,0.6104504315915491,0.6104504,1e-323,8.21565e-12
E7,is1,basin,-,p[services]*7.761587555117436,3,CONVERGED,CONVERGED,594.0,594,0.12600256817239716,0.1260026,0.942574842758311,0.9425748,42.0,42,0.0,0.0,523,523.0,0.05172545362273513,0.05172545,6.4e-323,154,154.0,0.6185047905998445,0.6185048,1e-323,7.105427e-12
E7,is1,basin,-,p[services]*8.14966693287331,3,CONVERGED,CONVERGED,597.0,597,0.11954700284514312,0.119547,0.942574842758311,0.9425748,43.0,43,0.0,0.0,525,525.0,0.05321390626281902,0.05321391,6.4e-323,156,156.0,0.6261795132662984,0.6261795,1e-323,8.21565e-12
E3,is1,L,-,JA(0.95),1,CONVERGED,CONVERGED,452.0,452,0.8841073247636976,0.8841073,0.8967138277254858,0.8967138,0.0,0,0.0,0.0,0,0.0,0.0,0.0,0.0,0,0.0,0.0,0.0,0.0,8.65974e-12
E3,is1,L,-,JA(1.05),1,CONVERGED,CONVERGED,316.0,316,0.9576889954525137,0.957689,0.9193204036576711,0.9193204,0.0,0,0.0,0.0,0,0.0,0.0,0.0,0.0,0,0.0,0.0,0.0,0.0,5.551115e-12
E3,is1,L,-,JB(0.95),1,CONVERGED,CONVERGED,362.0,362,0.9305104821791231,0.9305105,0.8399882539832099,0.8399883,0.0,0,0.0,0.0,0,0.0,0.0,0.0,0.0,0,0.0,0.0,0.0,0.0,1.310063e-11
E3,is1,L,-,JB(1.05),1,CONVERGED,CONVERGED,408.0,408,0.9362505302523487,0.9362505,0.942574842758318,0.9425748,0.0,0,0.0,0.0,0,0.0,0.0,0.0,0.0,0,0.0,0.0,0.0,0.0,7.327472e-12
E3,is1,L,-,N(0.95),1,CONVERGED,CONVERGED,358.0,358,0.958393413947964,0.9583934,0.942574842758311,0.9425748,0.0,0,0.0,0.0,0,0.0,0.0,0.0,0.0,0,0.0,0.0,0.0,0.0,5.995204e-12
E3,is1,L,-,N(1.05),1,CONVERGED,CONVERGED,293.0,293,0.9469036384379584,0.9469036,0.9047113457379816,0.9047113,0.0,0,0.0,0.0,0,0.0,0.0,0.0,0.0,0,0.0,0.0,0.0,0.0,7.993606e-12
E3,is1,L,-,RC(0.95),1,CONVERGED,CONVERGED,358.0,358,0.9508672589172749,0.9508673,0.9112829144927442,0.9112829,0.0,0,0.0,0.0,0,0.0,0.0,0.0,0.0,0,0.0,0.0,0.0,0.0,7.771561e-12
E3,is1,L,-,RC(1.05),1,CONVERGED,CONVERGED,336.0,336,0.9260944444917802,0.9260944,0.9369412767244344,0.9369413,0.0,0,0.0,0.0,0,0.0,0.0,0.0,0.0,0,0.0,0.0,0.0,0.0,1.24345e-11
E3,is1,L,-,RW(0.95),1,CONVERGED,CONVERGED,346.0,346,0.9390346876463813,0.9390347,0.8912815483707605,0.8912815,0.0,0,0.0,0.0,0,0.0,0.0,0.0,0.0,0,0.0,0.0,0.0,0.0,1.24345e-11
E3,is1,L,-,RW(1.05),1,CONVERGED,CONVERGED,309.0,309,0.948727721195692,0.9487277,0.9398279826996223,0.939828,0.0,0,0.0,0.0,459,459.0,0.02190205906333282,0.02190206,6.4e-323,0,0.0,0.0,0.0,0.0,9.547918e-12
E3,is1,L,-,p[goods]*0.95,1,CONVERGED,CONVERGED,341.0,341,0.9473170081043155,0.947317,0.9286420593560035,0.9286421,0.0,0,0.0,0.0,0,0.0,0.0,0.0,0.0,0,0.0,0.0,0.0,0.0,8.437695e-12
E3,is1,L,-,p[goods]*1.05,1,CONVERGED,CONVERGED,259.0,259,0.9828612604684973,0.9828613,0.9367905112625229,0.9367905,0.0,0,0.0,0.0,0,0.0,0.0,0.0,0.0,0,0.0,0.0,0.0,0.0,6.661338e-12
E3,is1,L,-,p[labour.master]*0.95,1,CONVERGED,CONVERGED,192.0,192,0.9668514462697525,0.9668514,0.9410774452281004,0.9410774,0.0,0,0.0,0.0,0,0.0,0.0,0.0,0.0,0,0.0,0.0,0.0,0.0,1.176836e-11
E3,is1,L,-,p[labour.master]*1.05,1,CONVERGED,CONVERGED,217.0,217,0.9866852814816691,0.9866853,0.9394788852225402,0.9394789,0.0,0,0.0,0.0,0,0.0,0.0,0.0,0.0,0,0.0,0.0,0.0,0.0,9.547918e-12
E3,is1,L,-,p[labour.trained]*0.95,1,CONVERGED,CONVERGED,240.0,240,0.9622244900001516,0.9622245,0.9421013757067517,0.9421014,0.0,0,0.0,0.0,0,0.0,0.0,0.0,0.0,0,0.0,0.0,0.0,0.0,6.439294e-12
E3,is1,L,-,p[labour.trained]*1.05,1,CONVERGED,CONVERGED,233.0,233,0.9904822473119824,0.9904822,0.939391160819514,0.9393912,0.0,0,0.0,0.0,0,0.0,0.0,0.0,0.0,0,0.0,0.0,0.0,0.0,1.021405e-11
E3,is1,L,-,p[labour]*0.95,1,CONVERGED,CONVERGED,340.0,340,0.9323637031672584,0.9323637,0.8912815483707605,0.8912815,0.0,0,0.0,0.0,0,0.0,0.0,0.0,0.0,0,0.0,0.0,0.0,0.0,7.771561e-12
E3,is1,L,-,p[labour]*1.05,1,CONVERGED,CONVERGED,214.0,214,0.9855037693900063,0.9855038,0.9425748427583135,0.9425748,0.0,0,0.0,0.0,0,0.0,0.0,0.0,0.0,0,0.0,0.0,0.0,0.0,7.327472e-12
E3,is1,L,-,p[land]*0.95,1,CONVERGED,CONVERGED,350.0,350,0.9796095811175232,0.9796096,0.9375810426961182,0.937581,0.0,0,0.0,0.0,0,0.0,0.0,0.0,0.0,0,0.0,0.0,0.0,0.0,7.771561e-12
E3,is1,L,-,p[land]*1.05,1,CONVERGED,CONVERGED,398.0,398,0.9104482934366988,0.9104483,0.8884922179498633,0.8884922,0.0,0,0.0,0.0,0,0.0,0.0,0.0,0.0,0,0.0,0.0,0.0,0.0,5.107026e-12
E3,is1,L,-,p[mach]*0.95,1,CONVERGED,CONVERGED,436.0,436,0.9210599504591535,0.92106,0.9231487667419099,0.9231488,0.0,0,0.0,0.0,0,0.0,0.0,0.0,0.0,0,0.0,0.0,0.0,0.0,7.993606e-12
E3,is1,L,-,p[mach]*1.05,1,CONVERGED,CONVERGED,321.0,321,0.960728706824881,0.9607287,0.8913173845832606,0.8913174,0.0,0,0.0,0.0,0,0.0,0.0,0.0,0.0,0,0.0,0.0,0.0,0.0,7.105427e-12
E3,is1,L,-,p[services]*0.95,1,CONVERGED,CONVERGED,359.0,359,0.9496577060920469,0.9496577,0.9097786450471504,0.9097786,0.0,0,0.0,0.0,0,0.0,0.0,0.0,0.0,0,0.0,0.0,0.0,0.0,8.65974e-12
E3,is1,L,-,p[services]*1.05,1,CONVERGED,CONVERGED,304.0,304,0.9606957451443188,0.9606957,0.942574842758311,0.9425748,0.0,0,0.0,0.0,0,0.0,0.0,0.0,0.0,0,0.0,0.0,0.0,0.0,9.992007e-12
E3,is1,L,-,s[goods]=0.05,1,CONVERGED,CONVERGED,439.0,439,0.6935584763588012,0.6935585,0.942574842758311,0.9425748,0.0,0,0.0,0.0,513,513.0,0.1408819391482589,0.1408819,6.4e-323,0,0.0,0.0,0.0,0.0,8.437695e-12
E3,is1,L,-,s[services]=0.05,1,CONVERGED,CONVERGED,435.0,435,0.775563185893989,0.7755632,0.942574842758311,0.9425748,0.0,0,0.0,0.0,502,502.0,0.11988844884922142,0.1198884,6.4e-323,0,0.0,0.0,0.0,0.0,9.547918e-12
E3,is1,L,-,sw[master]=0.05,1,CONVERGED,CONVERGED,212.0,212,0.951135339085058,0.9511353,0.9388026749454769,0.9388027,0.0,0,0.0,0.0,0,0.0,0.0,0.0,0.0,74,74.0,0.039525002433716615,0.039525,1e-323,9.103829e-12
E3,is1,L,-,sw[trained]=0.05,1,CONVERGED,CONVERGED,320.0,320,0.949373507238668,0.9493735,0.926865739499661,0.9268657,0.0,0,0.0,0.0,458,458.0,0.048191883344700134,0.04819188,6.4e-323,0,0.0,0.0,0.0,0.0,6.439294e-12
E3,is1,L,-,JA(0.8),2,CONVERGED,CONVERGED,575.0,575,0.5777764434235921,0.5777764,0.7890306233941973,0.7890306,0.0,0,0.0,0.0,523,523.0,0.06575113827570027,0.06575114,6.4e-323,0,0.0,0.0,0.0,0.0,8.881784e-12
E3,is1,L,-,JA(1.2),2,CONVERGED,CONVERGED,422.0,422,0.8501053331245129,0.8501053,0.8570664718772982,0.8570665,0.0,0,0.0,0.0,0,0.0,0.0,0.0,0.0,0,0.0,0.0,0.0,0.0,8.21565e-12
E3,is1,L,-,JB(0.8),2,CONVERGED,CONVERGED,490.0,490,0.712935584592167,0.7129356,0.49628774012989163,0.4962877,0.0,0,0.0,0.0,533,533.0,0.029586265046590322,0.02958627,6.4e-323,0,0.0,0.0,0.0,0.0,1.04361e-11
E3,is1,L,-,JB(1.2),2,CONVERGED,CONVERGED,521.0,521,0.7821752546746843,0.7821753,0.9425748427583144,0.9425748,0.0,0,0.0,0.0,0,0.0,0.0,0.0,0.0,0,0.0,0.0,0.0,0.0,8.881784e-12
E3,is1,L,-,N(0.8),2,CONVERGED,CONVERGED,512.0,512,0.8192529816349958,0.819253,0.942574842758311,0.9425748,0.0,0,0.0,0.0,0,0.0,0.0,0.0,0.0,0,0.0,0.0,0.0,0.0,7.327472e-12
E3,is1,L,-,N(1.2),2,CONVERGED,CONVERGED,401.0,401,0.8141627345328553,0.8141627,0.7999427661164139,0.7999428,0.0,0,0.0,0.0,0,0.0,0.0,0.0,0.0,0,0.0,0.0,0.0,0.0,1.287859e-11
E3,is1,L,-,RC(0.8),2,CONVERGED,CONVERGED,483.0,483,0.7979157427582965,0.7979157,0.8055045425887831,0.8055045,0.0,0,0.0,0.0,493,493.0,0.01957097834444227,0.01957098,6.4e-323,0,0.0,0.0,0.0,0.0,1.176836e-11
E3,is1,L,-,RC(1.2),2,CONVERGED,CONVERGED,440.0,440,0.7533416803147095,0.7533417,0.9304865034385515,0.9304865,0.0,0,0.0,0.0,0,0.0,0.0,0.0,0.0,0,0.0,0.0,0.0,0.0,1.04361e-11
E3,is1,L,-,RW(0.8),2,CONVERGED,CONVERGED,462.0,462,0.7565857243414429,0.7565857,0.7194312914441013,0.7194313,0.0,0,0.0,0.0,0,0.0,0.0,0.0,0.0,0,0.0,0.0,0.0,0.0,9.325873e-12
E3,is1,L,-,RW(1.2),2,CONVERGED,CONVERGED,480.0,480,0.5867669590052517,0.586767,0.8451421124219458,0.8451421,0.0,0,0.0,0.0,476,476.0,0.3981793190556236,0.3981793,6.4e-323,0,0.0,0.0,0.0,0.0,1.04361e-11
E3,is1,L,-,land.mach=0.36@dated,2,CONVERGED,CONVERGED,343.0,343,0.9350931668413436,0.9350932,0.942574842758311,0.9425748,0.0,0,0.0,0.0,0,0.0,0.0,0.0,0.0,0,0.0,0.0,0.0,0.0,7.993606e-12
E3,is1,L,-,land.mach=0.36@genesis,2,CONVERGED,CONVERGED,343.0,343,0.935093166841344,0.9350932,0.942574842758311,0.9425748,0.0,0,0.0,0.0,0,0.0,0.0,0.0,0.0,0,0.0,0.0,0.0,0.0,7.105427e-12
E3,is1,L,-,land.mach=0.44@dated,2,CONVERGED,CONVERGED,470.0,470,0.8145043587018851,0.8145044,0.7784022180326964,0.7784022,0.0,0,0.0,0.0,0,0.0,0.0,0.0,0.0,0,0.0,0.0,0.0,0.0,6.439294e-12
E3,is1,L,-,land.mach=0.44@genesis,2,CONVERGED,CONVERGED,470.0,470,0.8146160012467155,0.814616,0.7784113701685071,0.7784114,0.0,0,0.0,0.0,0,0.0,0.0,0.0,0.0,0,0.0,0.0,0.0,0.0,6.217249e-12
E3,is1,L,-,p[goods]*0.8,2,CONVERGED,CONVERGED,454.0,454,0.7867028580117572,0.7867029,0.886943110961934,0.8869431,0.0,0,0.0,0.0,0,0.0,0.0,0.0,0.0,0,0.0,0.0,0.0,0.0,7.993606e-12
E3,is1,L,-,p[goods]*1.2,2,CONVERGED,CONVERGED,330.0,330,0.9362358290152646,0.9362358,0.921113354050504,0.9211134,0.0,0,0.0,0.0,0,0.0,0.0,0.0,0.0,0,0.0,0.0,0.0,0.0,7.327472e-12
E3,is1,L,-,p[labour.master]*0.8,2,CONVERGED,CONVERGED,310.0,310,0.8608475682810132,0.8608476,0.9355973616852175,0.9355974,0.0,0,0.0,0.0,0,0.0,0.0,0.0,0.0,0,0.0,0.0,0.0,0.0,1.376677e-11
E3,is1,L,-,p[labour.master]*1.2,2,CONVERGED,CONVERGED,324.0,324,0.948786794186174,0.9487868,0.9306322740508762,0.9306323,0.0,0,0.0,0.0,0,0.0,0.0,0.0,0.0,0,0.0,0.0,0.0,0.0,7.549517e-12
E3,is1,L,-,p[labour.trained]*0.8,2,CONVERGED,CONVERGED,462.0,462,0.724530100521831,0.7245301,0.8653057181293364,0.8653057,0.0,0,0.0,0.0,478,478.0,0.20818178020328726,0.2081818,6.4e-323,0,0.0,0.0,0.0,0.0,1.376677e-11
E3,is1,L,-,p[labour.trained]*1.2,2,CONVERGED,CONVERGED,340.0,340,0.9629136215279733,0.9629136,0.9299599762516951,0.92996,0.0,0,0.0,0.0,0,0.0,0.0,0.0,0.0,0,0.0,0.0,0.0,0.0,7.771561e-12
E3,is1,L,-,p[labour]*0.8,2,CONVERGED,CONVERGED,456.0,456,0.7277983908115958,0.7277984,0.7194312914441013,0.7194313,0.0,0,0.0,0.0,0,0.0,0.0,0.0,0.0,0,0.0,0.0,0.0,0.0,9.103829e-12
E3,is1,L,-,p[labour]*1.2,2,CONVERGED,CONVERGED,422.0,422,0.8634311400082136,0.8634311,0.9119746650966578,0.9119747,0.0,0,0.0,0.0,471,471.0,0.14887539474387057,0.1488754,6.4e-323,0,0.0,0.0,0.0,0.0,7.771561e-12
E3,is1,L,-,p[land]*0.8,2,CONVERGED,CONVERGED,462.0,462,0.9048584990707003,0.9048585,0.9228202287510193,0.9228202,0.0,0,0.0,0.0,0,0.0,0.0,0.0,0.0,0,0.0,0.0,0.0,0.0,6.217249e-12
E3,is1,L,-,p[land]*1.2,2,CONVERGED,CONVERGED,506.0,506,0.7032159568810147,0.703216,0.7535404586955758,0.7535405,0.0,0,0.0,0.0,488,488.0,0.011270332847312936,0.01127033,6.4e-323,0,0.0,0.0,0.0,0.0,5.329071e-12
E3,is1,L,-,p[mach]*0.8,2,CONVERGED,CONVERGED,556.0,556,0.6810833627894024,0.6810834,0.8866726398331048,0.8866726,0.0,0,0.0,0.0,490,490.0,0.01104912441483161,0.01104912,6.4e-323,0,0.0,0.0,0.0,0.0,1.110223e-11
E3,is1,L,-,p[mach]*1.2,2,CONVERGED,CONVERGED,429.0,429,0.8561367902796604,0.8561368,0.749768964268621,0.749769,0.0,0,0.0,0.0,0,0.0,0.0,0.0,0.0,0,0.0,0.0,0.0,0.0,7.105427e-12
E3,is1,L,-,p[services]*0.8,2,CONVERGED,CONVERGED,475.0,475,0.8000030840856821,0.8000031,0.7974122257060804,0.7974122,0.0,0,0.0,0.0,0,0.0,0.0,0.0,0.0,0,0.0,0.0,0.0,0.0,1.176836e-11
E3,is1,L,-,p[services]*1.2,2,CONVERGED,CONVERGED,409.0,409,0.859200144742675,0.8592001,0.942574842758311,0.9425748,0.0,0,0.0,0.0,0,0.0,0.0,0.0,0.0,0,0.0,0.0,0.0,0.0,8.881784e-12
E3,is1,L,-,res.services.trained=0.036@dated,2,CONVERGED,CONVERGED,311.0,311,0.9569072188927314,0.9569072,0.9184105961057101,0.9184106,0.0,0,0.0,0.0,21988,21988.0,0.043137549805926045,0.04313755,0.03567126,0,0.0,0.0,0.0,0.0,8.21565e-12
E3,is1,L,-,res.services.trained=0.036@genesis,2,CONVERGED,CONVERGED,310.0,310,0.9573974349680577,0.9573974,0.9184105961057104,0.9184106,0.0,0,0.0,0.0,21988,21988.0,0.043261410582980504,0.04326141,0.03567126,0,0.0,0.0,0.0,0.0,5.107026e-12
E3,is1,L,-,res.services.trained=0.044@dated,2,CONVERGED,CONVERGED,369.0,369,0.9090909090909091,0.9090909,0.9194010063645232,0.919401,0.0,0,0.0,0.0,0,0.0,0.0,0.0,0.0,0,0.0,0.0,0.0,0.0,9.769963e-12
E3,is1,L,-,res.services.trained=0.044@genesis,2,CONVERGED,CONVERGED,369.0,369,0.9090909090909092,0.9090909,0.9195838684372521,0.9195839,0.0,0,0.0,0.0,0,0.0,0.0,0.0,0.0,0,0.0,0.0,0.0,0.0,7.549517e-12
E3,is1,L,-,s[goods]=0.2,2,CONVERGED,CONVERGED,557.0,557,0.32995835955000186,0.3299584,0.942574842758311,0.9425748,5.0,5,0.0,0.0,582,582.0,0.46430192241361146,0.4643019,6.4e-323,114,114.0,0.17782378469129287,0.1778238,1e-323,1.065814e-11
E3,is1,L,-,s[services]=0.2,2,CONVERGED,CONVERGED,556.0,556,0.4445175334897005,0.4445175,0.938148401793805,0.9381484,8.0,8,0.0,0.0,570,570.0,0.5081972623995801,0.5081973,6.4e-323,0,0.0,0.0,0.0,0.0,1.132427e-11
E3,is1,L,-,sw[master]=0.2,2,CONVERGED,CONVERGED,318.0,318,0.8087030943938716,0.8087031,0.9282501791111257,0.9282502,0.0,0,0.0,0.0,0,0.0,0.0,0.0,0.0,77,77.0,0.15810000973486646,0.1581,1e-323,7.771561e-12
E3,is1,L,-,sw[trained]=0.2,2,CONVERGED,CONVERGED,427.0,427,0.7989536837877089,0.7989537,0.8881777426077705,0.8881777,0.0,0,0.0,0.0,464,464.0,0.19276753337880054,0.1927675,6.4e-323,0,0.0,0.0,0.0,0.0,6.217249e-12
E3,is1,L,-,tail.services=0.09@dated,2,CONVERGED,CONVERGED,285.0,285,0.9853827212486429,0.9853827,0.8467410968465994,0.8467411,0.0,0,0.0,0.0,0,0.0,0.0,0.0,0.0,0,0.0,0.0,0.0,0.0,5.77316e-12
E3,is1,L,-,tail.services=0.09@genesis,2,CONVERGED,CONVERGED,285.0,285,0.9853827212486429,0.9853827,0.8467410968465994,0.8467411,0.0,0,0.0,0.0,0,0.0,0.0,0.0,0.0,0,0.0,0.0,0.0,0.0,7.549517e-12
E3,is1,L,-,tail.services=0.11@dated,2,CONVERGED,CONVERGED,452.0,452,0.9174390683733793,0.9174391,0.942574842758311,0.9425748,0.0,0,0.0,0.0,21983,21983.0,0.018903515361688404,0.01890352,0.007031052,0,0.0,0.0,0.0,0.0,1.132427e-11
E3,is1,L,-,tail.services=0.11@genesis,2,CONVERGED,CONVERGED,452.0,452,0.9183946701114846,0.9183947,0.942574842758311,0.9425748,0.0,0,0.0,0.0,21983,21983.0,0.019073994841063514,0.01907399,0.007031052,0,0.0,0.0,0.0,0.0,5.551115e-12
E3,is1,L,-,JA(0.5),3,CONVERGED,CONVERGED,706.0,706,0.15554942262522314,0.1555494,0.5708219860703838,0.570822,117.0,117,0.0,0.0,595,595.0,0.37167006927764706,0.3716701,6.4e-323,0,0.0,0.0,0.0,0.0,7.327472e-12
E3,is1,L,-,JA(2),3,CONVERGED,CONVERGED,538.0,538,0.5337212315656679,0.5337212,0.6375234706950996,0.6375235,1.0,1,0.0,0.0,557,557.0,0.11659282017881517,0.1165928,6.4e-323,0,0.0,0.0,0.0,0.0,1.110223e-11
E3,is1,L,-,JB(0.5),3,CONVERGED,CONVERGED,639.0,639,0.20841147477165986,0.2084115,-0.4437195183615795,-0.4437195,93.0,93,29.0,29.0,655,655.0,0.6715094406408777,0.6715094,6.4e-323,165,165.0,0.5608692697739941,0.5608693,1e-323,1.110223e-11
E3,is1,L,-,JB(2),3,CONVERGED,CONVERGED,658.0,658,0.3487466781736145,0.3487467,0.9425748427583168,0.9425748,59.0,59,0.0,0.0,561,561.0,0.14275775351919467,0.1427578,6.4e-323,0,0.0,0.0,0.0,0.0,1.04361e-11
E3,is1,L,-,N(0.5),3,CONVERGED,CONVERGED,595.0,595,0.4683172297046058,0.4683172,0.942574842758311,0.9425748,16.0,16,0.0,0.0,527,527.0,0.07141026535289707,0.07141027,6.4e-323,0,0.0,0.0,0.0,0.0,1.04361e-11
E3,is1,L,-,N(2),3,CONVERGED,CONVERGED,521.0,521,0.44248820359856517,0.4424882,0.3905194971551989,0.3905195,4.0,4,0.0,0.0,566,566.0,0.05013473080993783,0.05013473,6.4e-323,0,0.0,0.0,0.0,0.0,1.221245e-11
E3,is1,L,-,RC(0.5),3,CONVERGED,CONVERGED,606.0,606,0.45728281847106833,0.4572828,0.4305640057488678,0.430564,20.0,20,0.0,0.0,622,622.0,0.26844661936142505,0.2684466,6.4e-323,0,0.0,0.0,0.0,0.0,1.221245e-11
E3,is1,L,-,RC(2),3,CONVERGED,CONVERGED,557.0,557,0.2850955004308327,0.2850955,0.9305850310772422,0.930585,41.0,41,0.0,0.0,493,493.0,0.09396033428684782,0.09396033,6.4e-323,96,96.0,0.6501557602648589,0.6501558,1e-323,8.437695e-12
E3,is1,L,-,RW(0.5),3,CONVERGED,CONVERGED,568.0,568,0.3960091021030299,0.3960091,0.24942766219836576,0.2494277,10.0,10,0.0,0.0,534,534.0,0.13028570454654845,0.1302857,6.4e-323,0,0.0,0.0,0.0,0.0,9.547918e-12
E3,is1,L,-,RW(2),3,CONVERGED,CONVERGED,599.0,599,0.025886860514015446,0.02588686,0.7402149850363712,0.740215,53.0,53,0.0,0.0,618,618.0,0.9729455503302876,0.9729456,6.4e-323,72,72.0,0.8429330858457068,0.8429331,1e-323,7.549517e-12
E3,is1,L,-,land.mach=0.2@dated,3,CONVERGED,CONVERGED,559.0,559,0.569161724623198,0.5691617,0.942574842758311,0.9425748,0.0,0,0.0,0.0,456,456.0,0.16152229347962213,0.1615223,5.4e-323,0,0.0,0.0,0.0,0.0,9.103829e-12
E3,is1,L,-,land.mach=0.2@genesis,3,CONVERGED,CONVERGED,559.0,559,0.5691617246231984,0.5691617,0.942574842758311,0.9425748,0.0,0,0.0,0.0,456,456.0,0.16098325388835977,0.1609833,5.4e-323,0,0.0,0.0,0.0,0.0,1.421085e-11
E3,is1,L,-,land.mach=0.8@dated,3,CONVERGED,CONVERGED,566.0,566,0.1642437830006201,0.1642438,0.1280267591790004,0.1280268,94.0,94,0.0,0.0,747,747.0,0.3298083988596943,0.3298084,1.451086e-252,0,0.0,0.0,0.0,0.0,4.440892e-12
E3,is1,L,-,land.mach=0.8@genesis,3,CONVERGED,CONVERGED,566.0,566,0.16483858606201324,0.1648386,0.1280767838042905,0.1280768,94.0,94,0.0,0.0,748,748.0,0.32983641492833116,0.3298364,1.465946e-252,0,0.0,0.0,0.0,0.0,6.217249e-12
E3,is1,L,-,p[goods]*0.5,3,CONVERGED,CONVERGED,561.0,561,0.37705767163566556,0.3770577,0.7862018519041638,0.7862019,22.0,22,0.0,0.0,504,504.0,0.064888578448624,0.06488858,6.4e-323,99,99.0,0.4468503708871008,0.4468504,1e-323,6.439294e-12
E3,is1,L,-,p[goods]*2,3,CONVERGED,CONVERGED,445.0,445,0.7655407385206573,0.7655407,0.8594377332803731,0.8594377,0.0,0,0.0,0.0,493,493.0,0.05881914503520276,0.05881915,6.4e-323,0,0.0,0.0,0.0,0.0,7.105427e-12
E3,is1,L,-,p[labour.master]*0.5,3,CONVERGED,CONVERGED,434.0,434,0.5234443389595738,0.5234443,0.8878114411281957,0.8878114,0.0,0,0.0,0.0,0,0.0,0.0,0.0,0.0,81,81.0,0.2426016021183477,0.2426016,1e-323,1.265654e-11
E3,is1,L,-,p[labour.master]*2,3,CONVERGED,CONVERGED,436.0,436,0.7874711133785751,0.7874711,0.8925164116284443,0.8925164,0.0,0,0.0,0.0,0,0.0,0.0,0.0,0.0,0,0.0,0.0,0.0,0.0,7.549517e-12
E3,is1,L,-,p[labour.trained]*0.5,3,CONVERGED,CONVERGED,574.0,574,0.20323272884505778,0.2032327,0.6739176655250012,0.6739177,31.0,31,0.0,0.0,602,602.0,0.7577629948743125,0.757763,6.4e-323,0,0.0,0.0,0.0,0.0,8.881784e-12
E3,is1,L,-,p[labour.trained]*2,3,CONVERGED,CONVERGED,458.0,458,0.8373234742758491,0.8373235,0.8826534013155257,0.8826534,0.0,0,0.0,0.0,0,0.0,0.0,0.0,0.0,0,0.0,0.0,0.0,0.0,1.265654e-11
E3,is1,L,-,p[labour]*0.5,3,CONVERGED,CONVERGED,561.0,561,0.3133704428404773,0.3133704,0.24942766219836576,0.2494277,14.0,14,0.0,0.0,534,534.0,0.1260359829272884,0.126036,6.4e-323,0,0.0,0.0,0.0,0.0,9.325873e-12
E3,is1,L,-,p[labour]*2,3,CONVERGED,CONVERGED,551.0,551,0.30660011051472846,0.3066001,0.8560269909083775,0.856027,8.0,8,0.0,0.0,559,559.0,0.7402402387551272,0.7402402,6.4e-323,96,96.0,0.21060361537683853,0.2106036,1e-323,6.661338e-12
E3,is1,L,-,p[land]*0.5,3,CONVERGED,CONVERGED,527.0,527,0.6434002104436155,0.6434002,0.8964746200985909,0.8964746,0.0,0,0.0,0.0,534,534.0,0.16214875249036267,0.1621488,6.4e-323,0,0.0,0.0,0.0,0.0,4.440892e-12
E3,is1,L,-,p[land]*2,3,CONVERGED,CONVERGED,634.0,634,0.2586930429694123,0.258693,0.3055545738993286,0.3055546,90.0,90,0.0,0.0,578,578.0,0.2869364356663018,0.2869364,6.4e-323,0,0.0,0.0,0.0,0.0,9.325873e-12
E3,is1,L,-,p[mach]*0.5,3,CONVERGED,CONVERGED,687.0,687,0.22147955199811026,0.2214796,0.9425748427583144,0.9425748,85.0,85,0.0,0.0,582,582.0,0.2671682297170712,0.2671682,6.4e-323,0,0.0,0.0,0.0,0.0,8.65974e-12
E3,is1,L,-,p[mach]*2,3,CONVERGED,CONVERGED,551.0,551,0.5103869140168301,0.5103869,0.19181613120912078,0.1918161,0.0,0,0.0,0.0,574,574.0,0.14744058109497568,0.1474406,6.4e-323,0,0.0,0.0,0.0,0.0,9.103829e-12
E3,is1,L,-,p[services]*0.5,3,CONVERGED,CONVERGED,586.0,586,0.5014632497362381,0.5014632,0.4396114623468713,0.4396115,0.0,0,0.0,0.0,603,603.0,0.13312096566432238,0.133121,6.4e-323,0,0.0,0.0,0.0,0.0,6.217249e-12
E3,is1,L,-,p[services]*2,3,CONVERGED,CONVERGED,517.0,517,0.5512749916420072,0.551275,0.942574842758311,0.9425748,0.0,0,0.0,0.0,0,0.0,0.0,0.0,0.0,0,0.0,0.0,0.0,0.0,7.771561e-12
E3,is1,L,-,res.services.trained=0.02@dated,3,CONVERGED,CONVERGED,415.0,415,0.815369534834632,0.8153695,0.7399539160575456,0.7399539,0.0,0,0.0,0.0,21998,21998.0,0.5540804789838868,0.5540805,0.3914281,0,0.0,0.0,0.0,0.0,5.551115e-12
E3,is1,L,-,res.services.trained=0.02@genesis,3,CONVERGED,CONVERGED,415.0,415,0.8157183581443658,0.8157184,0.7399539160575466,0.7399539,0.0,0,0.0,0.0,21998,21998.0,0.5542373705203149,0.5542374,0.3914281,0,0.0,0.0,0.0,0.0,5.995204e-12
E3,is1,L,-,res.services.trained=0.08@dated,3,CONVERGED,CONVERGED,575.0,575,0.49999999999999994,0.5,0.728408036636258,0.728408,0.0,0,0.0,0.0,0,0.0,0.0,0.0,0.0,0,0.0,0.0,0.0,0.0,1.820766e-11
E3,is1,L,-,res.services.trained=0.08@genesis,3,CONVERGED,CONVERGED,576.0,576,0.5000000000000001,0.5,0.7295501982033182,0.7295502,0.0,0,0.0,0.0,0,0.0,0.0,0.0,0.0,0,0.0,0.0,0.0,0.0,1.84297e-11
E3,is1,L,-,s[goods]=0.5,3,CONVERGED,CONVERGED,617.0,617,0.13592286094485645,0.1359229,0.942574842758311,0.9425748,72.0,72,0.0,0.0,630,630.0,0.6116399727531373,0.61164,6.4e-323,118,118.0,0.7213286140429493,0.7213286,1e-323,7.105427e-12
E3,is1,L,-,s[services]=0.5,3,CONVERGED,CONVERGED,598.0,598,0.2039636303528278,0.2039636,0.9416291099075047,0.9416291,53.0,53,0.0,0.0,617,617.0,0.7900440028866703,0.790044,6.4e-323,128,128.0,0.14234272989112182,0.1423427,1e-323,6.217249e-12
E3,is1,L,-,sw[master]=0.5,3,CONVERGED,CONVERGED,362.0,362,0.5434245121669512,0.5434245,0.9100329892968206,0.910033,0.0,0,0.0,0.0,0,0.0,0.0,0.0,0.0,75,75.0,0.3952500243371661,0.39525,1e-323,7.327472e-12
E3,is1,L,-,sw[trained]=0.5,3,CONVERGED,CONVERGED,470.0,470,0.5047344661132523,0.5047345,0.8310946171594741,0.8310946,0.0,0,0.0,0.0,461,461.0,0.4819188334470013,0.4819188,6.4e-323,0,0.0,0.0,0.0,0.0,8.881784e-12
E3,is1,L,-,tail.services=0.05@dated,3,CONVERGED,CONVERGED,384.0,384,0.9249325503371826,0.9249326,0.3985784175107578,0.3985784,0.0,0,0.0,0.0,0,0.0,0.0,0.0,0.0,0,0.0,0.0,0.0,0.0,5.329071e-12
E3,is1,L,-,tail.services=0.05@genesis,3,CONVERGED,CONVERGED,384.0,384,0.9249325503371826,0.9249326,0.3985784175107578,0.3985784,0.0,0,0.0,0.0,0,0.0,0.0,0.0,0.0,0,0.0,0.0,0.0,0.0,4.884981e-12
E3,is1,L,-,tail.services=0.2@dated,3,CONVERGED,CONVERGED,729.0,729,0.4492669921600601,0.449267,0.942574842758311,0.9425748,15.0,15,0.0,0.0,21998,21998.0,0.5178377234274545,0.5178377,0.2860879,21937,21937.0,0.30940434684898477,0.3094043,0.04967164,1.24345e-11
E3,is1,L,-,tail.services=0.2@genesis,3,CONVERGED,CONVERGED,734.0,734,0.448516493531354,0.4485165,0.942574842758311,0.9425748,16.0,16,0.0,0.0,21998,21998.0,0.5200354642003768,0.5200355,0.2860879,21937,21937.0,0.3033260952210865,0.3033261,0.04967164,1.265654e-11
E3,is1,L,-,x*/2,3,CONVERGED,CONVERGED,684.0,684,0.0018828891147388105,0.001882889,0.942574842758311,0.9425748,98.0,98,0.0,0.0,676,676.0,0.9132880953121494,0.9132881,6.4e-323,171,171.0,0.7957319032890702,0.7957319,1e-323,9.547918e-12
E7,is1,hold,-,JA(0.95),1,CONVERGED,CONVERGED,452.0,452,0.8841073247636976,0.8841073,0.8967138277254858,0.8967138,0.0,0,0.0,0.0,0,0.0,0.0,0.0,0.0,0,0.0,0.0,0.0,0.0,8.65974e-12
E7,is1,hold,-,JA(1.05),1,CONVERGED,CONVERGED,316.0,316,0.9576889954525137,0.957689,0.9193204036576711,0.9193204,0.0,0,0.0,0.0,0,0.0,0.0,0.0,0.0,0,0.0,0.0,0.0,0.0,5.551115e-12
E7,is1,hold,-,JB(0.95),1,CONVERGED,CONVERGED,362.0,362,0.9305104821791231,0.9305105,0.8399882539832099,0.8399883,0.0,0,0.0,0.0,0,0.0,0.0,0.0,0.0,0,0.0,0.0,0.0,0.0,1.310063e-11
E7,is1,hold,-,JB(1.05),1,CONVERGED,CONVERGED,408.0,408,0.9362505302523487,0.9362505,0.942574842758318,0.9425748,0.0,0,0.0,0.0,0,0.0,0.0,0.0,0.0,0,0.0,0.0,0.0,0.0,7.327472e-12
E7,is1,hold,-,N(0.95),1,CONVERGED,CONVERGED,358.0,358,0.958393413947964,0.9583934,0.942574842758311,0.9425748,0.0,0,0.0,0.0,0,0.0,0.0,0.0,0.0,0,0.0,0.0,0.0,0.0,5.995204e-12
E7,is1,hold,-,N(1.05),1,CONVERGED,CONVERGED,293.0,293,0.9469036384379584,0.9469036,0.9047113457379816,0.9047113,0.0,0,0.0,0.0,0,0.0,0.0,0.0,0.0,0,0.0,0.0,0.0,0.0,7.993606e-12
E7,is1,hold,-,RC(0.95),1,CONVERGED,CONVERGED,358.0,358,0.9508672589172749,0.9508673,0.9112829144927442,0.9112829,0.0,0,0.0,0.0,0,0.0,0.0,0.0,0.0,0,0.0,0.0,0.0,0.0,7.771561e-12
E7,is1,hold,-,RC(1.05),1,CONVERGED,CONVERGED,336.0,336,0.9260944444917802,0.9260944,0.9369412767244344,0.9369413,0.0,0,0.0,0.0,0,0.0,0.0,0.0,0.0,0,0.0,0.0,0.0,0.0,1.24345e-11
E7,is1,hold,-,RW(0.95),1,CONVERGED,CONVERGED,346.0,346,0.9390346876463813,0.9390347,0.8912815483707605,0.8912815,0.0,0,0.0,0.0,0,0.0,0.0,0.0,0.0,0,0.0,0.0,0.0,0.0,1.24345e-11
E7,is1,hold,-,RW(1.05),1,CONVERGED,CONVERGED,309.0,309,0.948727721195692,0.9487277,0.9398279826996223,0.939828,0.0,0,0.0,0.0,459,459.0,0.02190205906333282,0.02190206,6.4e-323,0,0.0,0.0,0.0,0.0,9.547918e-12
E7,is1,hold,-,p[goods]*0.95,1,CONVERGED,CONVERGED,341.0,341,0.9473170081043155,0.947317,0.9286420593560035,0.9286421,0.0,0,0.0,0.0,0,0.0,0.0,0.0,0.0,0,0.0,0.0,0.0,0.0,8.437695e-12
E7,is1,hold,-,p[goods]*1.05,1,CONVERGED,CONVERGED,259.0,259,0.9828612604684973,0.9828613,0.9367905112625229,0.9367905,0.0,0,0.0,0.0,0,0.0,0.0,0.0,0.0,0,0.0,0.0,0.0,0.0,6.661338e-12
E7,is1,hold,-,p[labour.master]*0.95,1,CONVERGED,CONVERGED,192.0,192,0.9668514462697525,0.9668514,0.9410774452281004,0.9410774,0.0,0,0.0,0.0,0,0.0,0.0,0.0,0.0,0,0.0,0.0,0.0,0.0,1.176836e-11
E7,is1,hold,-,p[labour.master]*1.05,1,CONVERGED,CONVERGED,217.0,217,0.9866852814816691,0.9866853,0.9394788852225402,0.9394789,0.0,0,0.0,0.0,0,0.0,0.0,0.0,0.0,0,0.0,0.0,0.0,0.0,9.547918e-12
E7,is1,hold,-,p[labour.trained]*0.95,1,CONVERGED,CONVERGED,240.0,240,0.9622244900001516,0.9622245,0.9421013757067517,0.9421014,0.0,0,0.0,0.0,0,0.0,0.0,0.0,0.0,0,0.0,0.0,0.0,0.0,6.439294e-12
E7,is1,hold,-,p[labour.trained]*1.05,1,CONVERGED,CONVERGED,233.0,233,0.9904822473119824,0.9904822,0.939391160819514,0.9393912,0.0,0,0.0,0.0,0,0.0,0.0,0.0,0.0,0,0.0,0.0,0.0,0.0,1.021405e-11
E7,is1,hold,-,p[labour]*0.95,1,CONVERGED,CONVERGED,340.0,340,0.9323637031672584,0.9323637,0.8912815483707605,0.8912815,0.0,0,0.0,0.0,0,0.0,0.0,0.0,0.0,0,0.0,0.0,0.0,0.0,7.771561e-12
E7,is1,hold,-,p[labour]*1.05,1,CONVERGED,CONVERGED,214.0,214,0.9855037693900063,0.9855038,0.9425748427583135,0.9425748,0.0,0,0.0,0.0,0,0.0,0.0,0.0,0.0,0,0.0,0.0,0.0,0.0,7.327472e-12
E7,is1,hold,-,p[land]*0.95,1,CONVERGED,CONVERGED,350.0,350,0.9796095811175232,0.9796096,0.9375810426961182,0.937581,0.0,0,0.0,0.0,0,0.0,0.0,0.0,0.0,0,0.0,0.0,0.0,0.0,7.771561e-12
E7,is1,hold,-,p[land]*1.05,1,CONVERGED,CONVERGED,398.0,398,0.9104482934366988,0.9104483,0.8884922179498633,0.8884922,0.0,0,0.0,0.0,0,0.0,0.0,0.0,0.0,0,0.0,0.0,0.0,0.0,5.107026e-12
E7,is1,hold,-,p[mach]*0.95,1,CONVERGED,CONVERGED,436.0,436,0.9210599504591535,0.92106,0.9231487667419099,0.9231488,0.0,0,0.0,0.0,0,0.0,0.0,0.0,0.0,0,0.0,0.0,0.0,0.0,7.993606e-12
E7,is1,hold,-,p[mach]*1.05,1,CONVERGED,CONVERGED,321.0,321,0.960728706824881,0.9607287,0.8913173845832606,0.8913174,0.0,0,0.0,0.0,0,0.0,0.0,0.0,0.0,0,0.0,0.0,0.0,0.0,7.105427e-12
E7,is1,hold,-,p[services]*0.95,1,CONVERGED,CONVERGED,359.0,359,0.9496577060920469,0.9496577,0.9097786450471504,0.9097786,0.0,0,0.0,0.0,0,0.0,0.0,0.0,0.0,0,0.0,0.0,0.0,0.0,8.65974e-12
E7,is1,hold,-,p[services]*1.05,1,CONVERGED,CONVERGED,304.0,304,0.9606957451443188,0.9606957,0.942574842758311,0.9425748,0.0,0,0.0,0.0,0,0.0,0.0,0.0,0.0,0,0.0,0.0,0.0,0.0,9.992007e-12
E7,is1,hold,-,s[goods]=0.05,1,CONVERGED,CONVERGED,439.0,439,0.6935584763588012,0.6935585,0.942574842758311,0.9425748,0.0,0,0.0,0.0,513,513.0,0.1408819391482589,0.1408819,6.4e-323,0,0.0,0.0,0.0,0.0,8.437695e-12
E7,is1,hold,-,s[services]=0.05,1,CONVERGED,CONVERGED,435.0,435,0.775563185893989,0.7755632,0.942574842758311,0.9425748,0.0,0,0.0,0.0,502,502.0,0.11988844884922142,0.1198884,6.4e-323,0,0.0,0.0,0.0,0.0,9.547918e-12
E7,is1,hold,-,sw[master]=0.05,1,CONVERGED,CONVERGED,212.0,212,0.951135339085058,0.9511353,0.9388026749454769,0.9388027,0.0,0,0.0,0.0,0,0.0,0.0,0.0,0.0,74,74.0,0.039525002433716615,0.039525,1e-323,9.103829e-12
E7,is1,hold,-,sw[trained]=0.05,1,CONVERGED,CONVERGED,320.0,320,0.949373507238668,0.9493735,0.926865739499661,0.9268657,0.0,0,0.0,0.0,458,458.0,0.048191883344700134,0.04819188,6.4e-323,0,0.0,0.0,0.0,0.0,6.439294e-12
E7,is1,hold,-,JA(0.8),2,CONVERGED,CONVERGED,575.0,575,0.5777764434235921,0.5777764,0.7890306233941973,0.7890306,0.0,0,0.0,0.0,523,523.0,0.06575113827570027,0.06575114,6.4e-323,0,0.0,0.0,0.0,0.0,8.881784e-12
E7,is1,hold,-,JA(1.2),2,CONVERGED,CONVERGED,422.0,422,0.8501053331245129,0.8501053,0.8570664718772982,0.8570665,0.0,0,0.0,0.0,0,0.0,0.0,0.0,0.0,0,0.0,0.0,0.0,0.0,8.21565e-12
E7,is1,hold,-,JB(0.8),2,CONVERGED,CONVERGED,490.0,490,0.712935584592167,0.7129356,0.49628774012989163,0.4962877,0.0,0,0.0,0.0,533,533.0,0.029586265046590322,0.02958627,6.4e-323,0,0.0,0.0,0.0,0.0,1.04361e-11
E7,is1,hold,-,JB(1.2),2,CONVERGED,CONVERGED,521.0,521,0.7821752546746843,0.7821753,0.9425748427583144,0.9425748,0.0,0,0.0,0.0,0,0.0,0.0,0.0,0.0,0,0.0,0.0,0.0,0.0,8.881784e-12
E7,is1,hold,-,N(0.8),2,CONVERGED,CONVERGED,512.0,512,0.8192529816349958,0.819253,0.942574842758311,0.9425748,0.0,0,0.0,0.0,0,0.0,0.0,0.0,0.0,0,0.0,0.0,0.0,0.0,7.327472e-12
E7,is1,hold,-,N(1.2),2,CONVERGED,CONVERGED,401.0,401,0.8141627345328553,0.8141627,0.7999427661164139,0.7999428,0.0,0,0.0,0.0,0,0.0,0.0,0.0,0.0,0,0.0,0.0,0.0,0.0,1.287859e-11
E7,is1,hold,-,RC(0.8),2,CONVERGED,CONVERGED,483.0,483,0.7979157427582965,0.7979157,0.8055045425887831,0.8055045,0.0,0,0.0,0.0,493,493.0,0.01957097834444227,0.01957098,6.4e-323,0,0.0,0.0,0.0,0.0,1.176836e-11
E7,is1,hold,-,RC(1.2),2,CONVERGED,CONVERGED,440.0,440,0.7533416803147095,0.7533417,0.9304865034385515,0.9304865,0.0,0,0.0,0.0,0,0.0,0.0,0.0,0.0,0,0.0,0.0,0.0,0.0,1.04361e-11
E7,is1,hold,-,RW(0.8),2,CONVERGED,CONVERGED,462.0,462,0.7565857243414429,0.7565857,0.7194312914441013,0.7194313,0.0,0,0.0,0.0,0,0.0,0.0,0.0,0.0,0,0.0,0.0,0.0,0.0,9.325873e-12
E7,is1,hold,-,RW(1.2),2,CONVERGED,CONVERGED,480.0,480,0.5867669590052517,0.586767,0.8451421124219458,0.8451421,0.0,0,0.0,0.0,476,476.0,0.3981793190556236,0.3981793,6.4e-323,0,0.0,0.0,0.0,0.0,1.04361e-11
E7,is1,hold,-,land.mach=0.36@dated,2,CONVERGED,CONVERGED,343.0,343,0.9350931668413436,0.9350932,0.942574842758311,0.9425748,0.0,0,0.0,0.0,0,0.0,0.0,0.0,0.0,0,0.0,0.0,0.0,0.0,7.993606e-12
E7,is1,hold,-,land.mach=0.36@genesis,2,CONVERGED,CONVERGED,343.0,343,0.935093166841344,0.9350932,0.942574842758311,0.9425748,0.0,0,0.0,0.0,0,0.0,0.0,0.0,0.0,0,0.0,0.0,0.0,0.0,7.105427e-12
E7,is1,hold,-,land.mach=0.44@dated,2,CONVERGED,CONVERGED,470.0,470,0.8145043587018851,0.8145044,0.7784022180326964,0.7784022,0.0,0,0.0,0.0,0,0.0,0.0,0.0,0.0,0,0.0,0.0,0.0,0.0,6.439294e-12
E7,is1,hold,-,land.mach=0.44@genesis,2,CONVERGED,CONVERGED,470.0,470,0.8146160012467155,0.814616,0.7784113701685071,0.7784114,0.0,0,0.0,0.0,0,0.0,0.0,0.0,0.0,0,0.0,0.0,0.0,0.0,6.217249e-12
E7,is1,hold,-,p[goods]*0.8,2,CONVERGED,CONVERGED,454.0,454,0.7867028580117572,0.7867029,0.886943110961934,0.8869431,0.0,0,0.0,0.0,0,0.0,0.0,0.0,0.0,0,0.0,0.0,0.0,0.0,7.993606e-12
E7,is1,hold,-,p[goods]*1.2,2,CONVERGED,CONVERGED,330.0,330,0.9362358290152646,0.9362358,0.921113354050504,0.9211134,0.0,0,0.0,0.0,0,0.0,0.0,0.0,0.0,0,0.0,0.0,0.0,0.0,7.327472e-12
E7,is1,hold,-,p[labour.master]*0.8,2,CONVERGED,CONVERGED,310.0,310,0.8608475682810132,0.8608476,0.9355973616852175,0.9355974,0.0,0,0.0,0.0,0,0.0,0.0,0.0,0.0,0,0.0,0.0,0.0,0.0,1.376677e-11
E7,is1,hold,-,p[labour.master]*1.2,2,CONVERGED,CONVERGED,324.0,324,0.948786794186174,0.9487868,0.9306322740508762,0.9306323,0.0,0,0.0,0.0,0,0.0,0.0,0.0,0.0,0,0.0,0.0,0.0,0.0,7.549517e-12
E7,is1,hold,-,p[labour.trained]*0.8,2,CONVERGED,CONVERGED,462.0,462,0.724530100521831,0.7245301,0.8653057181293364,0.8653057,0.0,0,0.0,0.0,478,478.0,0.20818178020328726,0.2081818,6.4e-323,0,0.0,0.0,0.0,0.0,1.376677e-11
E7,is1,hold,-,p[labour.trained]*1.2,2,CONVERGED,CONVERGED,340.0,340,0.9629136215279733,0.9629136,0.9299599762516951,0.92996,0.0,0,0.0,0.0,0,0.0,0.0,0.0,0.0,0,0.0,0.0,0.0,0.0,7.771561e-12
E7,is1,hold,-,p[labour]*0.8,2,CONVERGED,CONVERGED,456.0,456,0.7277983908115958,0.7277984,0.7194312914441013,0.7194313,0.0,0,0.0,0.0,0,0.0,0.0,0.0,0.0,0,0.0,0.0,0.0,0.0,9.103829e-12
E7,is1,hold,-,p[labour]*1.2,2,CONVERGED,CONVERGED,422.0,422,0.8634311400082136,0.8634311,0.9119746650966578,0.9119747,0.0,0,0.0,0.0,471,471.0,0.14887539474387057,0.1488754,6.4e-323,0,0.0,0.0,0.0,0.0,7.771561e-12
E7,is1,hold,-,p[land]*0.8,2,CONVERGED,CONVERGED,462.0,462,0.9048584990707003,0.9048585,0.9228202287510193,0.9228202,0.0,0,0.0,0.0,0,0.0,0.0,0.0,0.0,0,0.0,0.0,0.0,0.0,6.217249e-12
E7,is1,hold,-,p[land]*1.2,2,CONVERGED,CONVERGED,506.0,506,0.7032159568810147,0.703216,0.7535404586955758,0.7535405,0.0,0,0.0,0.0,488,488.0,0.011270332847312936,0.01127033,6.4e-323,0,0.0,0.0,0.0,0.0,5.329071e-12
E7,is1,hold,-,p[mach]*0.8,2,CONVERGED,CONVERGED,556.0,556,0.6810833627894024,0.6810834,0.8866726398331048,0.8866726,0.0,0,0.0,0.0,490,490.0,0.01104912441483161,0.01104912,6.4e-323,0,0.0,0.0,0.0,0.0,1.110223e-11
E7,is1,hold,-,p[mach]*1.2,2,CONVERGED,CONVERGED,429.0,429,0.8561367902796604,0.8561368,0.749768964268621,0.749769,0.0,0,0.0,0.0,0,0.0,0.0,0.0,0.0,0,0.0,0.0,0.0,0.0,7.105427e-12
E7,is1,hold,-,p[services]*0.8,2,CONVERGED,CONVERGED,475.0,475,0.8000030840856821,0.8000031,0.7974122257060804,0.7974122,0.0,0,0.0,0.0,0,0.0,0.0,0.0,0.0,0,0.0,0.0,0.0,0.0,1.176836e-11
E7,is1,hold,-,p[services]*1.2,2,CONVERGED,CONVERGED,409.0,409,0.859200144742675,0.8592001,0.942574842758311,0.9425748,0.0,0,0.0,0.0,0,0.0,0.0,0.0,0.0,0,0.0,0.0,0.0,0.0,8.881784e-12
E7,is1,hold,-,res.services.trained=0.036@dated,2,CONVERGED,CONVERGED,311.0,311,0.9569072188927314,0.9569072,0.9184105961057101,0.9184106,0.0,0,0.0,0.0,21988,21988.0,0.043137549805926045,0.04313755,0.03567126,0,0.0,0.0,0.0,0.0,8.21565e-12
E7,is1,hold,-,res.services.trained=0.036@genesis,2,CONVERGED,CONVERGED,310.0,310,0.9573974349680577,0.9573974,0.9184105961057104,0.9184106,0.0,0,0.0,0.0,21988,21988.0,0.043261410582980504,0.04326141,0.03567126,0,0.0,0.0,0.0,0.0,5.107026e-12
E7,is1,hold,-,res.services.trained=0.044@dated,2,CONVERGED,CONVERGED,369.0,369,0.9090909090909091,0.9090909,0.9194010063645232,0.919401,0.0,0,0.0,0.0,0,0.0,0.0,0.0,0.0,0,0.0,0.0,0.0,0.0,9.769963e-12
E7,is1,hold,-,res.services.trained=0.044@genesis,2,CONVERGED,CONVERGED,369.0,369,0.9090909090909092,0.9090909,0.9195838684372521,0.9195839,0.0,0,0.0,0.0,0,0.0,0.0,0.0,0.0,0,0.0,0.0,0.0,0.0,7.549517e-12
E7,is1,hold,-,s[goods]=0.2,2,CONVERGED,CONVERGED,557.0,557,0.32995835955000186,0.3299584,0.942574842758311,0.9425748,5.0,5,0.0,0.0,582,582.0,0.46430192241361146,0.4643019,6.4e-323,114,114.0,0.17782378469129287,0.1778238,1e-323,1.065814e-11
E7,is1,hold,-,s[services]=0.2,2,CONVERGED,CONVERGED,556.0,556,0.4445175334897005,0.4445175,0.938148401793805,0.9381484,8.0,8,0.0,0.0,570,570.0,0.5081972623995801,0.5081973,6.4e-323,0,0.0,0.0,0.0,0.0,1.132427e-11
E7,is1,hold,-,sw[master]=0.2,2,CONVERGED,CONVERGED,318.0,318,0.8087030943938716,0.8087031,0.9282501791111257,0.9282502,0.0,0,0.0,0.0,0,0.0,0.0,0.0,0.0,77,77.0,0.15810000973486646,0.1581,1e-323,7.771561e-12
E7,is1,hold,-,sw[trained]=0.2,2,CONVERGED,CONVERGED,427.0,427,0.7989536837877089,0.7989537,0.8881777426077705,0.8881777,0.0,0,0.0,0.0,464,464.0,0.19276753337880054,0.1927675,6.4e-323,0,0.0,0.0,0.0,0.0,6.217249e-12
E7,is1,hold,-,tail.services=0.09@dated,2,CONVERGED,CONVERGED,285.0,285,0.9853827212486429,0.9853827,0.8467410968465994,0.8467411,0.0,0,0.0,0.0,0,0.0,0.0,0.0,0.0,0,0.0,0.0,0.0,0.0,5.77316e-12
E7,is1,hold,-,tail.services=0.09@genesis,2,CONVERGED,CONVERGED,285.0,285,0.9853827212486429,0.9853827,0.8467410968465994,0.8467411,0.0,0,0.0,0.0,0,0.0,0.0,0.0,0.0,0,0.0,0.0,0.0,0.0,7.549517e-12
E7,is1,hold,-,tail.services=0.11@dated,2,CONVERGED,CONVERGED,452.0,452,0.9174390683733793,0.9174391,0.942574842758311,0.9425748,0.0,0,0.0,0.0,21983,21983.0,0.018903515361688404,0.01890352,0.007031052,0,0.0,0.0,0.0,0.0,1.132427e-11
E7,is1,hold,-,tail.services=0.11@genesis,2,CONVERGED,CONVERGED,452.0,452,0.9183946701114846,0.9183947,0.942574842758311,0.9425748,0.0,0,0.0,0.0,21983,21983.0,0.019073994841063514,0.01907399,0.007031052,0,0.0,0.0,0.0,0.0,5.551115e-12
E7,is1,joint2,-,"joint(2,1)",3,CONVERGED,CONVERGED,575.0,575,0.31867472996440305,0.3186747,0.8048444501287325,0.8048445,39.0,39,0.0,0.0,529,529.0,0.11448761028136364,0.1144876,6.4e-323,112,112.0,0.11445403372296069,0.114454,1e-323,7.105427e-12
E7,is1,joint2,-,"joint(2,10)",3,CONVERGED,CONVERGED,582.0,582,0.2706156844097683,0.2706157,-0.19832735386639472,-0.1983274,51.0,51,6.0,6.0,587,587.0,0.4379907969753872,0.4379908,6.4e-323,0,0.0,0.0,0.0,0.0,6.661338e-12
E7,is1,joint2,-,"joint(2,11)",3,CONVERGED,CONVERGED,548.0,548,0.6812555747155548,0.6812556,0.9425748427583142,0.9425748,0.0,0,0.0,0.0,0,0.0,0.0,0.0,0.0,0,0.0,0.0,0.0,0.0,6.883383e-12
E7,is1,joint2,-,"joint(2,12)",3,CONVERGED,CONVERGED,589.0,589,0.3620246131641243,0.3620246,0.022791754870832837,0.02279175,55.0,55,0.0,0.0,624,624.0,0.4224783731348989,0.4224784,6.4e-323,50,50.0,0.1254823162050715,0.1254823,1e-323,8.881784e-12
E7,is1,joint2,-,"joint(2,13)",3,CONVERGED,CONVERGED,554.0,554,0.3438114984513439,0.3438115,0.47290430127655203,0.4729043,13.0,13,0.0,0.0,579,579.0,0.6760901756302256,0.6760902,6.4e-323,94,94.0,0.32046302537617877,0.320463,1e-323,1.021405e-11
E7,is1,joint2,-,"joint(2,14)",3,CONVERGED,CONVERGED,566.0,566,0.4067999191608917,0.4067999,0.1410889741551669,0.141089,31.0,31,0.0,0.0,568,568.0,0.45841259128945006,0.4584126,6.4e-323,64,64.0,0.1652857350331794,0.1652857,1e-323,8.21565e-12
E7,is1,joint2,-,"joint(2,15)",3,CONVERGED,CONVERGED,708.0,708,0.11334831398630803,0.1133483,0.7577379796389934,0.757738,111.0,111,0.0,0.0,596,596.0,0.3757568817432253,0.3757569,6.4e-323,0,0.0,0.0,0.0,0.0,7.327472e-12
E7,is1,joint2,-,"joint(2,16)",3,CONVERGED,CONVERGED,537.0,537,0.6619805602687014,0.6619806,0.5583729624141057,0.558373,0.0,0,0.0,0.0,545,545.0,0.2528783232028517,0.2528783,6.4e-323,0,0.0,0.0,0.0,0.0,9.325873e-12
E7,is1,joint2,-,"joint(2,17)",3,CONVERGED,CONVERGED,683.0,683,0.21801624539823966,0.2180162,0.9425748427583125,0.9425748,94.0,94,0.0,0.0,668,668.0,0.6614983755865038,0.6614984,6.4e-323,56,56.0,0.168442582060222,0.1684426,1e-323,8.65974e-12
E7,is1,joint2,-,"joint(2,18)",3,CONVERGED,CONVERGED,687.0,687,0.13741970564389883,0.1374197,0.634963173003913,0.6349632,101.0,101,0.0,0.0,590,590.0,0.33029850455282533,0.3302985,6.4e-323,0,0.0,0.0,0.0,0.0,5.77316e-12
E7,is1,joint2,-,"joint(2,19)",3,CONVERGED,CONVERGED,569.0,569,0.3502104171872321,0.3502104,0.48614675765638277,0.4861468,30.0,30,0.0,0.0,569,569.0,0.1361845580401227,0.1361846,6.4e-323,103,103.0,0.44740153441948716,0.4474015,1e-323,6.217249e-12
E7,is1,joint2,-,"joint(2,2)",3,CONVERGED,CONVERGED,612.0,612,0.3391313682813952,0.3391314,0.6927545303645021,0.6927545,61.0,61,0.0,0.0,632,632.0,0.37080371878158846,0.3708037,6.4e-323,0,0.0,0.0,0.0,0.0,9.325873e-12
E7,is1,joint2,-,"joint(2,20)",3,CONVERGED,CONVERGED,538.0,538,0.5315096076885176,0.5315096,0.9425748427583166,0.9425748,0.0,0,0.0,0.0,385,385.0,0.00031365019861297666,0.0003136502,6.4e-323,0,0.0,0.0,0.0,0.0,9.325873e-12
E7,is1,joint2,-,"joint(2,21)",3,CONVERGED,CONVERGED,712.0,712,0.032456973581114636,0.03245697,0.6011441255042753,0.6011441,123.0,123,0.0,0.0,611,611.0,0.43176153517808774,0.4317615,6.4e-323,0,0.0,0.0,0.0,0.0,8.437695e-12
E7,is1,joint2,-,"joint(2,22)",3,CONVERGED,CONVERGED,611.0,611,0.27263463055980786,0.2726346,-0.05197164811799843,-0.05197165,57.0,57,14.0,14.0,623,623.0,0.3677771834906718,0.3677772,6.4e-323,54,54.0,0.21658918550093784,0.2165892,1e-323,8.881784e-12
E7,is1,joint2,-,"joint(2,23)",3,CONVERGED,CONVERGED,594.0,594,0.3618139594781216,0.361814,0.21898423408893436,0.2189842,53.0,53,0.0,0.0,627,627.0,0.6234325528589845,0.6234326,6.4e-323,0,0.0,0.0,0.0,0.0,7.771561e-12
E7,is1,joint2,-,"joint(2,24)",3,CONVERGED,CONVERGED,581.0,581,0.390814997168012,0.390815,0.08637872444485029,0.08637872,40.0,40,0.0,0.0,613,613.0,0.2586620375028384,0.258662,6.4e-323,0,0.0,0.0,0.0,0.0,8.65974e-12
E7,is1,joint2,-,"joint(2,25)",3,CONVERGED,CONVERGED,599.0,599,0.1421177110909659,0.1421177,0.9425748427583153,0.9425748,24.0,24,0.0,0.0,374,374.0,0.8592814299195511,0.8592814,6.4e-323,130,130.0,0.10107298718859936,0.101073,1e-323,7.771561e-12
E7,is1,joint2,-,"joint(2,26)",3,CONVERGED,CONVERGED,582.0,582,0.14429683765983659,0.1442968,0.03930076308882317,0.03930076,38.0,38,0.0,0.0,610,610.0,0.8482652891578408,0.8482653,6.4e-323,129,129.0,0.5621890894149204,0.5621891,1e-323,9.547918e-12
E7,is1,joint2,-,"joint(2,27)",3,CONVERGED,CONVERGED,608.0,608,0.18038012406145526,0.1803801,0.3790744643906992,0.3790745,75.0,75,0.0,0.0,634,634.0,0.7790039044923817,0.7790039,6.4e-323,0,0.0,0.0,0.0,0.0,1.310063e-11
E7,is1,joint2,-,"joint(2,28)",3,CONVERGED,CONVERGED,513.0,513,0.4758330184737902,0.475833,0.7796087710980646,0.7796088,15.0,15,0.0,0.0,586,586.0,0.3009886494760698,0.3009886,6.4e-323,0,0.0,0.0,0.0,0.0,7.105427e-12
E7,is1,joint2,-,"joint(2,29)",3,CONVERGED,CONVERGED,696.0,696,0.13160000413047657,0.1316,0.9425748427583135,0.9425748,100.0,100,0.0,0.0,681,681.0,0.305138126577849,0.3051381,6.4e-323,0,0.0,0.0,0.0,0.0,6.883383e-12
E7,is1,joint2,-,"joint(2,3)",3,CONVERGED,CONVERGED,651.0,651,0.1262002338246038,0.1262002,0.7857203283672802,0.7857203,97.0,97,0.0,0.0,576,576.0,0.2763926785427453,0.2763927,6.4e-323,155,155.0,0.3046767773743878,0.3046768,1e-323,5.551115e-12
E7,is1,joint2,-,"joint(2,30)",3,CONVERGED,CONVERGED,566.0,566,0.2941177111189956,0.2941177,0.4080064744670072,0.4080065,41.0,41,0.0,0.0,593,593.0,0.2604222230066259,0.2604222,6.4e-323,88,88.0,0.49402032438404264,0.4940203,1e-323,1.021405e-11
E7,is1,joint2,-,"joint(2,31)",3,CONVERGED,CONVERGED,578.0,578,0.24753049672237684,0.2475305,0.5915839022104772,0.5915839,32.0,32,0.0,0.0,609,609.0,0.7309785376544753,0.7309785,6.4e-323,108,108.0,0.12050641848385713,0.1205064,1e-323,8.437695e-12
E7,is1,joint2,-,"joint(2,32)",3,CONVERGED,CONVERGED,500.0,500,0.5703018674632269,0.5703019,0.619675561969656,0.6196756,0.0,0,0.0,0.0,531,531.0,0.05470345913605354,0.05470346,6.4e-323,52,52.0,0.03943406741941402,0.03943407,1e-323,1.065814e-11
E7,is1,joint2,-,"joint(2,33)",3,CONVERGED,CONVERGED,553.0,553,0.5568379393767223,0.5568379,0.22807673029479691,0.2280767,0.0,0,0.0,0.0,572,572.0,0.23538413135477584,0.2353841,6.4e-323,98,98.0,0.1523401068733868,0.1523401,1e-323,9.547918e-12
E7,is1,joint2,-,"joint(2,34)",3,CONVERGED,CONVERGED,659.0,659,0.18882686621322364,0.1888269,0.5512806788873377,0.5512807,104.0,104,0.0,0.0,585,585.0,0.32162991175965294,0.3216299,6.4e-323,49,49.0,0.2595179495451898,0.2595179,1e-323,5.551115e-12
E7,is1,joint2,-,"joint(2,35)",3,CONVERGED,CONVERGED,547.0,547,0.38609355306356413,0.3860936,0.311334494310797,0.3113345,20.0,20,0.0,0.0,578,578.0,0.11161371478777862,0.1116137,6.4e-323,90,90.0,0.42722476439831636,0.4272248,1e-323,1.065814e-11
E7,is1,joint2,-,"joint(2,36)",3,CONVERGED,CONVERGED,519.0,519,0.6449257270942886,0.6449257,0.6894083696557212,0.6894084,0.0,0,0.0,0.0,523,523.0,0.4764999868952286,0.4765,6.4e-323,0,0.0,0.0,0.0,0.0,8.437695e-12
E7,is1,joint2,-,"joint(2,37)",3,CONVERGED,CONVERGED,685.0,685,0.08892642922849832,0.08892643,0.9304623167363405,0.9304623,102.0,102,0.0,0.0,670,670.0,0.8056116359936216,0.8056116,6.4e-323,160,160.0,0.5002691285506298,0.5002691,1e-323,7.549517e-12
E7,is1,joint2,-,"joint(2,38)",3,CONVERGED,CONVERGED,548.0,548,0.4046393694066436,0.4046394,0.6962087543011912,0.6962088,17.0,17,0.0,0.0,542,542.0,0.17455557453803083,0.1745556,6.4e-323,81,81.0,0.37965680340888813,0.3796568,1e-323,7.327472e-12
E7,is1,joint2,-,"joint(2,39)",3,CONVERGED,CONVERGED,582.0,582,0.26476315665874206,0.2647632,0.2313325161345363,0.2313325,47.0,47,0.0,0.0,618,618.0,0.6640830931542993,0.6640831,6.4e-323,72,72.0,0.44944817927475583,0.4494482,1e-323,8.437695e-12
E7,is1,joint2,-,"joint(2,4)",3,CONVERGED,CONVERGED,624.0,624,0.21359686698764513,0.2135969,0.698135065965134,0.6981351,80.0,80,0.0,0.0,568,568.0,0.2545639362005127,0.2545639,6.4e-323,0,0.0,0.0,0.0,0.0,8.65974e-12
E7,is1,joint2,-,"joint(2,40)",3,CONVERGED,CONVERGED,609.0,609,0.16596062208460363,0.1659606,0.3814067714453011,0.3814068,80.0,80,0.0,0.0,557,557.0,0.27120455712345115,0.2712046,6.4e-323,120,120.0,0.5936182150777758,0.5936182,1e-323,7.771561e-12
E7,is1,joint2,-,"joint(2,41)",3,CONVERGED,CONVERGED,575.0,575,0.28371616507451447,0.2837162,-0.2745369834181098,-0.274537,48.0,48,8.0,8.0,586,586.0,0.4842225343331407,0.4842225,6.4e-323,0,0.0,0.0,0.0,0.0,1.021405e-11
E7,is1,joint2,-,"joint(2,42)",3,CONVERGED,CONVERGED,610.0,610,0.4517234757800531,0.4517235,0.9425748427583129,0.9425748,28.0,28,0.0,0.0,536,536.0,0.09457116453446053,0.09457116,6.4e-323,50,50.0,0.22282455994583716,0.2228246,1e-323,9.103829e-12
E7,is1,joint2,-,"joint(2,43)",3,CONVERGED,CONVERGED,695.0,695,0.13363171698020737,0.1336317,0.8626330901605364,0.8626331,106.0,106,0.0,0.0,685,685.0,0.8552806482995818,0.8552806,6.4e-323,34,34.0,0.05996795663803736,0.05996796,1e-323,8.437695e-12
E7,is1,joint2,-,"joint(2,44)",3,CONVERGED,CONVERGED,593.0,593,0.25127470720027884,0.2512747,0.7435436224758867,0.7435436,42.0,42,0.0,0.0,617,617.0,0.7745376062257823,0.7745376,6.4e-323,0,0.0,0.0,0.0,0.0,3.774758e-12
E7,is1,joint2,-,"joint(2,45)",3,CONVERGED,CONVERGED,734.0,734,0.05571421311652016,0.05571421,0.5959687089499719,0.5959687,145.0,145,0.0,0.0,734,734.0,0.7990743114734326,0.7990743,6.4e-323,145,145.0,0.05929356812084513,0.05929357,1e-323,1.398881e-11
E7,is1,joint2,-,"joint(2,46)",3,CONVERGED,CONVERGED,574.0,574,0.4843776013014405,0.4843776,0.9425748427583165,0.9425748,10.0,10,0.0,0.0,594,594.0,0.44456673635657773,0.4445667,6.4e-323,91,91.0,0.004006270220304405,0.00400627,1e-323,7.105427e-12
E7,is1,joint2,-,"joint(2,47)",3,CONVERGED,CONVERGED,570.0,570,0.28727487092726584,0.2872749,0.7849187003072099,0.7849187,10.0,10,0.0,0.0,597,597.0,0.7132387797164648,0.7132388,6.4e-323,92,92.0,0.03826665239152537,0.03826665,1e-323,1.332268e-11
E7,is1,joint2,-,"joint(2,48)",3,CONVERGED,CONVERGED,632.0,632,0.10148419003591935,0.1014842,0.6238650328080214,0.623865,82.0,82,0.0,0.0,573,573.0,0.28105681976026115,0.2810568,6.4e-323,0,0.0,0.0,0.0,0.0,6.217249e-12
E7,is1,joint2,-,"joint(2,49)",3,CONVERGED,CONVERGED,582.0,582,0.3759453539944068,0.3759454,0.6993529308082334,0.6993529,35.0,35,0.0,0.0,539,539.0,0.10938388795036835,0.1093839,6.4e-323,0,0.0,0.0,0.0,0.0,9.325873e-12
E7,is1,joint2,-,"joint(2,5)",3,CONVERGED,CONVERGED,712.0,712,0.12312899001778656,0.123129,0.45420091075458147,0.4542009,126.0,126,0.0,0.0,601,601.0,0.4201790298351467,0.420179,6.4e-323,0,0.0,0.0,0.0,0.0,7.105427e-12
E7,is1,joint2,-,"joint(2,50)",3,CONVERGED,CONVERGED,427.0,427,0.7958068753662634,0.7958069,0.9178268377338616,0.9178268,0.0,0,0.0,0.0,0,0.0,0.0,0.0,0.0,0,0.0,0.0,0.0,0.0,8.65974e-12
E7,is1,joint2,-,"joint(2,51)",3,CONVERGED,CONVERGED,502.0,502,0.7426241159268544,0.7426241,0.7203126854004033,0.7203127,0.0,0,0.0,0.0,0,0.0,0.0,0.0,0.0,0,0.0,0.0,0.0,0.0,7.105427e-12
E7,is1,joint2,-,"joint(2,52)",3,CONVERGED,CONVERGED,576.0,576,0.05517239552939295,0.0551724,0.3185169432229312,0.3185169,20.0,20,0.0,0.0,599,599.0,0.9549755358557436,0.9549755,6.4e-323,126,126.0,0.8049502405293557,0.8049502,1e-323,1.398881e-11
E7,is1,joint2,-,"joint(2,53)",3,CONVERGED,CONVERGED,546.0,546,0.44585306384049606,0.4458531,0.5373004842847504,0.5373005,6.0,6,0.0,0.0,555,555.0,0.6385486472324133,0.6385486,6.4e-323,104,104.0,0.35871638648100646,0.3587164,1e-323,6.661338e-12
E7,is1,joint2,-,"joint(2,54)",3,CONVERGED,CONVERGED,530.0,530,0.2828120365107733,0.282812,0.5407170743381312,0.5407171,10.0,10,0.0,0.0,547,547.0,0.708428422891876,0.7084284,6.4e-323,0,0.0,0.0,0.0,0.0,1.398881e-11
E7,is1,joint2,-,"joint(2,55)",3,CONVERGED,CONVERGED,571.0,571,0.6096826978475941,0.6096827,0.6344318203856294,0.6344318,0.0,0,0.0,0.0,556,556.0,0.3580271116796994,0.3580271,6.4e-323,0,0.0,0.0,0.0,0.0,7.993606e-12
E7,is1,joint2,-,"joint(2,56)",3,CONVERGED,CONVERGED,484.0,484,0.662485775288494,0.6624858,0.7468143133352269,0.7468143,0.0,0,0.0,0.0,436,436.0,0.0010465171606700015,0.001046517,6.4e-323,101,101.0,0.03403096091848403,0.03403096,1e-323,1.021405e-11
E7,is1,joint2,-,"joint(2,57)",3,CONVERGED,CONVERGED,560.0,560,0.3400421360406458,0.3400421,0.5695032925327166,0.5695033,28.0,28,0.0,0.0,524,524.0,0.09373514616643655,0.09373515,6.4e-323,106,106.0,0.24127733983703709,0.2412773,1e-323,9.547918e-12
E7,is1,joint2,-,"joint(2,58)",3,CONVERGED,CONVERGED,557.0,557,0.4884446245666046,0.4884446,0.2354692097537406,0.2354692,10.0,10,0.0,0.0,583,583.0,0.22850977079763243,0.2285098,6.4e-323,63,63.0,0.018609048965258303,0.01860905,1e-323,9.103829e-12
E7,is1,joint2,-,"joint(2,59)",3,CONVERGED,CONVERGED,474.0,474,0.4755134068365005,0.4755134,0.629513130065173,0.6295131,5.0,5,0.0,0.0,506,506.0,0.04632558441501558,0.04632558,6.4e-323,101,101.0,0.2800573166347705,0.2800573,1e-323,7.549517e-12
E7,is1,joint2,-,"joint(2,6)",3,CONVERGED,CONVERGED,587.0,587,0.5186523973701135,0.5186524,0.5213312722731044,0.5213313,0.0,0,0.0,0.0,592,592.0,0.09017494215120367,0.09017494,6.4e-323,98,98.0,0.30108741694731345,0.3010874,1e-323,8.21565e-12
E7,is1,joint2,-,"joint(2,60)",3,CONVERGED,CONVERGED,592.0,592,0.5265727544772403,0.5265728,0.9425748427583163,0.9425748,0.0,0,0.0,0.0,522,522.0,0.05290983556713831,0.05290984,6.4e-323,0,0.0,0.0,0.0,0.0,9.547918e-12
E7,is1,joint2,-,"joint(2,7)",3,CONVERGED,CONVERGED,557.0,557,0.6181531893328932,0.6181532,0.8557759769611202,0.855776,0.0,0,0.0,0.0,515,515.0,0.24622119882564011,0.2462212,6.4e-323,0,0.0,0.0,0.0,0.0,7.327472e-12
E7,is1,joint2,-,"joint(2,8)",3,CONVERGED,CONVERGED,684.0,684,0.2151572451978972,0.2151572,0.9425748427583154,0.9425748,84.0,84,0.0,0.0,670,670.0,0.36742648053365395,0.3674265,6.4e-323,0,0.0,0.0,0.0,0.0,6.217249e-12
E7,is1,joint2,-,"joint(2,9)",3,CONVERGED,CONVERGED,644.0,644,0.16283360560602783,0.1628336,0.46559006483866405,0.4655901,93.0,93,0.0,0.0,660,660.0,0.8051883632959282,0.8051884,6.4e-323,0,0.0,0.0,0.0,0.0,7.327472e-12
E7,is1,joint4,-,"joint(4,1)",3,CONVERGED,CONVERGED,625.0,625,0.10677254374993052,0.1067725,0.835973079316969,0.8359731,83.0,83,0.0,0.0,561,561.0,0.23899406527604472,0.2389941,6.4e-323,146,146.0,0.5967457456201758,0.5967457,1e-323,8.881784e-12
E7,is1,joint4,-,"joint(4,10)",3,CONVERGED,CONVERGED,696.0,696,0.0,0.0,-1.3392295504911012,-1.33923,114.0,114,39.0,39.0,664,664.0,0.9741799692075712,0.97418,6.4e-323,222,222.0,0.7190894770114018,0.7190895,1e-323,7.993606e-12
E7,is1,joint4,-,"joint(4,11)",3,CONVERGED,CONVERGED,618.0,618,0.3904431365579065,0.3904431,0.9425748427583144,0.9425748,20.0,20,0.0,0.0,529,529.0,0.05396786141016767,0.05396786,6.4e-323,67,67.0,0.15520116353761726,0.1552012,1e-323,1.021405e-11
E7,is1,joint4,-,"joint(4,12)",3,CONVERGED,CONVERGED,646.0,646,0.031639820554470593,0.03163982,-0.21993363728264215,-0.2199336,107.0,107,54.0,54.0,668,668.0,0.9362453711214984,0.9362454,6.4e-323,204,204.0,0.7859732716991161,0.7859733,1e-323,1.265654e-11
E7,is1,joint4,-,"joint(4,13)",3,CONVERGED,CONVERGED,637.0,637,0.047436109545892696,0.04743611,0.13403637533524942,0.1340364,63.0,63,0.0,0.0,621,621.0,0.9581680531442919,0.9581681,6.4e-323,90,90.0,0.8909436946463397,0.8909437,1e-323,7.327472e-12
E7,is1,joint4,-,"joint(4,14)",3,CONVERGED,CONVERGED,684.0,684,0.0279500447124868,0.02795004,-0.4287709873566993,-0.428771,85.0,85,23.0,23.0,670,670.0,0.9670182627369539,0.9670183,6.4e-323,81,81.0,0.9232940391921408,0.923294,1e-323,9.103829e-12
E7,is1,joint4,-,"joint(4,15)",3,CONVERGED,CONVERGED,820.0,820,0.010137965142231526,0.01013797,0.6849195531778164,0.6849196,190.0,190,0.0,0.0,683,683.0,0.49015380638903794,0.4901538,6.4e-323,279,279.0,0.4607292599029455,0.4607293,1e-323,7.327472e-12
E7,is1,joint4,-,"joint(4,16)",3,CONVERGED,CONVERGED,609.0,609,0.17609651949669136,0.1760965,0.17417108206990056,0.1741711,20.0,20,0.0,0.0,614,614.0,0.6660418738912457,0.6660419,6.4e-323,146,146.0,0.5097572001695932,0.5097572,1e-323,7.549517e-12
E7,is1,joint4,-,"joint(4,17)",3,CONVERGED,CONVERGED,794.0,794,0.039062580197307,0.03906258,0.9425748427583154,0.9425748,160.0,160,0.0,0.0,792,792.0,0.9606633269486482,0.9606633,6.4e-323,49,49.0,0.855611017153889,0.855611,1e-323,1.021405e-11
E7,is1,joint4,-,"joint(4,18)",3,CONVERGED,CONVERGED,795.0,795,0.0,0.0,0.6058298444047683,0.6058298,167.0,167,0.0,0.0,680,680.0,0.5469918213667947,0.5469918,6.4e-323,0,0.0,0.0,0.0,0.0,6.661338e-12
E7,is1,joint4,-,"joint(4,19)",3,CONVERGED,CONVERGED,666.0,666,0.07704951555074178,0.07704952,-0.14523860255892002,-0.1452386,88.0,88,16.0,16.0,636,636.0,0.5693223377633978,0.5693223,6.4e-323,126,126.0,0.8579192786615363,0.8579193,1e-323,1.310063e-11
E7,is1,joint4,-,"joint(4,2)",3,CONVERGED,CONVERGED,711.0,711,0.08759729616137787,0.0875973,0.6987081589307621,0.6987082,123.0,123,0.0,0.0,700,700.0,0.7668361312366287,0.7668361,6.4e-323,0,0.0,0.0,0.0,0.0,7.549517e-12
E7,is1,joint4,-,"joint(4,20)",3,CONVERGED,CONVERGED,621.0,621,0.0,0.0,0.9425748427583148,0.9425748,23.0,23,0.0,0.0,629,629.0,0.0935967087476949,0.09359671,6.4e-323,0,0.0,0.0,0.0,0.0,8.881784e-12
E7,is1,joint4,-,"joint(4,21)",3,CONVERGED,CONVERGED,853.0,853,0.0,0.0,0.5931277773995066,0.5931278,204.0,204,0.0,0.0,721,721.0,0.5938332194940686,0.5938332,6.4e-323,216,216.0,0.2196607210314935,0.2196607,1e-323,8.881784e-12
E7,is1,joint4,-,"joint(4,22)",3,CONVERGED,CONVERGED,676.0,676,0.011846126676020356,0.01184613,-0.23331246851913034,-0.2333125,131.0,131,60.0,60.0,674,674.0,0.9747852622604477,0.9747853,6.4e-323,216,216.0,0.8524717699525483,0.8524718,1e-323,9.547918e-12
E7,is1,joint4,-,"joint(4,23)",3,CONVERGED,CONVERGED,665.0,665,0.03566953144067844,0.03566953,-0.07546502374195592,-0.07546502,112.0,112,27.0,27.0,681,681.0,0.9338223386179277,0.9338223,6.4e-323,135,135.0,0.3783189576629426,0.378319,1e-323,1.04361e-11
E7,is1,joint4,-,"joint(4,24)",3,CONVERGED,CONVERGED,642.0,642,0.03143548980630569,0.03143549,-0.22300492620358636,-0.2230049,100.0,100,25.0,25.0,663,663.0,0.9335874860459498,0.9335875,6.4e-323,123,123.0,0.28326007011292104,0.2832601,1e-323,1.021405e-11
E7,is1,joint4,-,"joint(4,25)",3,CONVERGED,CONVERGED,697.0,697,0.0007122527797916933,0.0007122528,0.942574842758315,0.9425748,59.0,59,0.0,0.0,713,713.0,0.9990816888034608,0.9990817,6.4e-323,217,217.0,0.6486344605575538,0.6486345,1e-323,9.769963e-12
E7,is1,joint4,-,"joint(4,26)",3,CONVERGED,CONVERGED,708.0,708,0.0035226602099977127,0.00352266,-0.4498892418835739,-0.4498892,119.0,119,30.0,30.0,693,693.0,0.9961532294392007,0.9961532,6.4e-323,219,219.0,0.9843612853250219,0.9843613,1e-323,6.217249e-12
E7,is1,joint4,-,"joint(4,27)",3,CONVERGED,CONVERGED,641.0,641,0.006800433049611879,0.006800433,-0.06205643325732559,-0.06205643,93.0,93,28.0,28.0,663,663.0,0.9897418040504642,0.9897418,6.4e-323,119,119.0,0.12236218639623121,0.1223622,1e-323,1.021405e-11
E7,is1,joint4,-,"joint(4,28)",3,CONVERGED,CONVERGED,591.0,591,0.20307781628102917,0.2030778,0.6568255007920301,0.6568255,62.0,62,0.0,0.0,619,619.0,0.6627329819098552,0.662733,6.4e-323,157,157.0,0.4822994425714146,0.4822994,1e-323,8.21565e-12
E7,is1,joint4,-,"joint(4,29)",3,CONVERGED,CONVERGED,826.0,826,0.009480054859624406,0.009480055,0.9425748427583132,0.9425748,177.0,177,0.0,0.0,786,786.0,0.6167150445970369,0.616715,6.4e-323,299,299.0,0.5640518050505079,0.5640518,1e-323,1.065814e-11
E7,is1,joint4,-,"joint(4,3)",3,CONVERGED,CONVERGED,748.0,748,0.0,0.0,0.6570293496210492,0.6570293,153.0,153,0.0,0.0,639,639.0,0.3508859587307377,0.350886,6.4e-323,230,230.0,0.6393846586434386,0.6393847,1e-323,1.021405e-11
E7,is1,joint4,-,"joint(4,30)",3,CONVERGED,CONVERGED,620.0,620,0.03303557405452967,0.03303557,-0.1163167905948915,-0.1163168,95.0,95,13.0,13.0,640,640.0,0.595106139922438,0.5951061,6.4e-323,96,96.0,0.9350184498047535,0.9350184,1e-323,8.881784e-12
E7,is1,joint4,-,"joint(4,31)",3,CONVERGED,CONVERGED,623.0,623,0.020993264262513914,0.02099326,0.34357463537377103,0.3435746,83.0,83,0.0,0.0,648,648.0,0.9750432665846951,0.9750433,6.4e-323,107,107.0,0.7517522058957086,0.7517522,1e-323,6.439294e-12
E7,is1,joint4,-,"joint(4,32)",3,CONVERGED,CONVERGED,582.0,582,0.29815320385463395,0.2981532,0.25416175636027905,0.2541618,46.0,46,0.0,0.0,591,591.0,0.2323169544132279,0.232317,6.4e-323,43,43.0,0.6325872024753294,0.6325872,1e-323,8.881784e-12
E7,is1,joint4,-,"joint(4,33)",3,CONVERGED,CONVERGED,648.0,648,0.06927573077628583,0.06927573,-0.4864213821687171,-0.4864214,73.0,73,19.0,19.0,643,643.0,0.8091304723920234,0.8091305,6.4e-323,114,114.0,0.8210202389910989,0.8210202,1e-323,1.332268e-11
E7,is1,joint4,-,"joint(4,34)",3,CONVERGED,CONVERGED,767.0,767,0.02465161976743433,0.02465162,0.3377947012003128,0.3377947,169.0,169,0.0,0.0,774,774.0,0.5824491443494748,0.5824491,6.4e-323,216,216.0,0.9429946529424157,0.9429947,1e-323,7.549517e-12
E7,is1,joint4,-,"joint(4,35)",3,CONVERGED,CONVERGED,600.0,600,0.09867739746560329,0.0986774,-0.31990585413671735,-0.3199059,70.0,70,9.0,9.0,619,619.0,0.3940771348358596,0.3940771,6.4e-323,99,99.0,0.8401982493400961,0.8401982,1e-323,6.217249e-12
E7,is1,joint4,-,"joint(4,36)",3,CONVERGED,CONVERGED,566.0,566,0.23994475865222356,0.2399448,0.48382615646641436,0.4838262,21.0,21,0.0,0.0,592,592.0,0.8586552716404336,0.8586553,6.4e-323,0,0.0,0.0,0.0,0.0,1.287859e-11
E7,is1,joint4,-,"joint(4,37)",3,CONVERGED,CONVERGED,754.0,754,0.00586532587758483,0.005865326,0.9425748427583154,0.9425748,154.0,154,0.0,0.0,728,728.0,0.9927458715614804,0.9927459,6.4e-323,246,246.0,0.881188596565786,0.8811886,1e-323,7.105427e-12
E7,is1,joint4,-,"joint(4,38)",3,CONVERGED,CONVERGED,650.0,650,0.010394436743545546,0.01039444,-0.04169213282531606,-0.04169213,63.0,63,6.0,6.0,627,627.0,0.35982087256472567,0.3598209,6.4e-323,57,57.0,0.941606934841295,0.9416069,1e-323,6.217249e-12
E7,is1,joint4,-,"joint(4,39)",3,CONVERGED,CONVERGED,638.0,638,0.01898612739318195,0.01898613,-0.16806994594324864,-0.1680699,100.0,100,39.0,39.0,664,664.0,0.9534658811724346,0.9534659,6.4e-323,215,215.0,0.9616419935061717,0.961642,1e-323,1.332268e-11
E7,is1,joint4,-,"joint(4,4)",3,CONVERGED,CONVERGED,725.0,725,0.036380284963808344,0.03638028,0.8114033889625488,0.8114034,137.0,137,0.0,0.0,615,615.0,0.40871597762803463,0.408716,6.4e-323,209,209.0,0.3446150362931685,0.344615,1e-323,7.105427e-12
E7,is1,joint4,-,"joint(4,40)",3,CONVERGED,CONVERGED,674.0,674,0.0,0.0,-0.1359422283352521,-0.1359422,132.0,132,24.0,24.0,599,599.0,0.4476549575127847,0.447655,6.4e-323,151,151.0,0.8786497801616285,0.8786498,1e-323,5.107026e-12
E7,is1,joint4,-,"joint(4,5)",3,CONVERGED,CONVERGED,813.0,813,0.01558027740116888,0.01558028,-0.02619018064754582,-0.02619018,202.0,202,11.0,11.0,682,682.0,0.6398603961283572,0.6398604,6.4e-323,211,211.0,0.397199569623778,0.3971996,1e-323,7.105427e-12
E7,is1,joint4,-,"joint(4,6)",3,CONVERGED,CONVERGED,663.0,663,0.09587730343175986,0.0958773,0.06344196789733589,0.06344197,111.0,111,0.0,0.0,654,654.0,0.3224571902815138,0.3224572,6.4e-323,86,86.0,0.9051191695316326,0.9051192,1e-323,7.327472e-12
E7,is1,joint4,-,"joint(4,7)",3,CONVERGED,CONVERGED,630.0,630,0.02380100028117599,0.023801,0.7689771111639296,0.7689771,19.0,19,0.0,0.0,641,641.0,0.6656015283180693,0.6656015,6.4e-323,142,142.0,0.4961413877113495,0.4961414,1e-323,5.329071e-12
E7,is1,joint4,-,"joint(4,8)",3,CONVERGED,CONVERGED,826.0,826,0.03076911233625081,0.03076911,0.9425748427583147,0.9425748,170.0,170,0.0,0.0,816,816.0,0.7540993822042278,0.7540994,6.4e-323,201,201.0,0.09924911950549721,0.09924912,1e-323,6.661338e-12
E7,is1,joint4,-,"joint(4,9)",3,CONVERGED,CONVERGED,731.0,731,0.004425451689523953,0.004425452,0.08578169074174159,0.08578169,140.0,140,0.0,0.0,723,723.0,0.9936348678402621,0.9936349,6.4e-323,141,141.0,0.08479876033215453,0.08479876,1e-323,6.883383e-12
E7,is1,nbhd,adjust.*=0.75,JA(0.5),3,CONVERGED,CONVERGED,706.0,706,0.15554942262522314,0.1555494,0.5708219860703838,0.570822,117.0,117,0.0,0.0,595,595.0,0.37167006927764706,0.3716701,6.4e-323,0,0.0,0.0,0.0,0.0,7.327472e-12
E7,is1,nbhd,adjust.*=0.75,JA(2),3,CONVERGED,CONVERGED,538.0,538,0.5337212315656679,0.5337212,0.6375234706950996,0.6375235,1.0,1,0.0,0.0,557,557.0,0.11659282017881517,0.1165928,6.4e-323,0,0.0,0.0,0.0,0.0,1.110223e-11
E7,is1,nbhd,adjust.*=0.75,JB(0.5),3,CONVERGED,CONVERGED,644.0,644,0.20882480081398042,0.2088248,-0.4437195183615795,-0.4437195,96.0,96,30.0,30.0,659,659.0,0.6470326887166281,0.6470327,6.4e-323,171,171.0,0.5441585745446038,0.5441586,1e-323,5.995204e-12
E7,is1,nbhd,adjust.*=0.75,JB(2),3,CONVERGED,CONVERGED,658.0,658,0.3487466781736145,0.3487467,0.9425748427583168,0.9425748,59.0,59,0.0,0.0,561,561.0,0.14275775351919467,0.1427578,6.4e-323,0,0.0,0.0,0.0,0.0,1.04361e-11
E7,is1,nbhd,adjust.*=0.75,N(0.5),3,CONVERGED,CONVERGED,595.0,595,0.4683172297046058,0.4683172,0.942574842758311,0.9425748,16.0,16,0.0,0.0,527,527.0,0.07141026535289707,0.07141027,6.4e-323,0,0.0,0.0,0.0,0.0,1.04361e-11
E7,is1,nbhd,adjust.*=0.75,N(2),3,CONVERGED,CONVERGED,521.0,521,0.44248820359856517,0.4424882,0.3905194971551989,0.3905195,4.0,4,0.0,0.0,566,566.0,0.05013473080993783,0.05013473,6.4e-323,0,0.0,0.0,0.0,0.0,1.221245e-11
E7,is1,nbhd,adjust.*=0.75,RC(0.5),3,CONVERGED,CONVERGED,606.0,606,0.45728281847106833,0.4572828,0.4305640057488678,0.430564,20.0,20,0.0,0.0,622,622.0,0.26844661936142505,0.2684466,6.4e-323,0,0.0,0.0,0.0,0.0,1.221245e-11
E7,is1,nbhd,adjust.*=0.75,RC(2),3,CONVERGED,CONVERGED,557.0,557,0.2850955004308327,0.2850955,0.9305850310772422,0.930585,41.0,41,0.0,0.0,493,493.0,0.09396033428684782,0.09396033,6.4e-323,96,96.0,0.6501557602648589,0.6501558,1e-323,8.437695e-12
E7,is1,nbhd,adjust.*=0.75,RW(0.5),3,CONVERGED,CONVERGED,568.0,568,0.3960091021030299,0.3960091,0.24942766219836576,0.2494277,10.0,10,0.0,0.0,534,534.0,0.13028570454654845,0.1302857,6.4e-323,0,0.0,0.0,0.0,0.0,9.547918e-12
E7,is1,nbhd,adjust.*=0.75,RW(2),3,CONVERGED,CONVERGED,599.0,599,0.025886860514015446,0.02588686,0.7402149850363712,0.740215,53.0,53,0.0,0.0,618,618.0,0.9729455503302876,0.9729456,6.4e-323,72,72.0,0.8429330858457068,0.8429331,1e-323,7.549517e-12
E7,is1,nbhd,adjust.*=0.75,land.mach=0.2@dated,3,CONVERGED,CONVERGED,559.0,559,0.569161724623198,0.5691617,0.942574842758311,0.9425748,0.0,0,0.0,0.0,456,456.0,0.16152229347962213,0.1615223,5.4e-323,0,0.0,0.0,0.0,0.0,9.103829e-12
E7,is1,nbhd,adjust.*=0.75,land.mach=0.2@genesis,3,CONVERGED,CONVERGED,559.0,559,0.5691617246231984,0.5691617,0.942574842758311,0.9425748,0.0,0,0.0,0.0,456,456.0,0.16098325388835977,0.1609833,5.4e-323,0,0.0,0.0,0.0,0.0,1.421085e-11
E7,is1,nbhd,adjust.*=0.75,land.mach=0.8@dated,3,CONVERGED,CONVERGED,566.0,566,0.1642437830006201,0.1642438,0.1280267591790004,0.1280268,94.0,94,0.0,0.0,747,747.0,0.3298083988596943,0.3298084,1.451086e-252,0,0.0,0.0,0.0,0.0,4.440892e-12
E7,is1,nbhd,adjust.*=0.75,land.mach=0.8@genesis,3,CONVERGED,CONVERGED,566.0,566,0.16483858606201324,0.1648386,0.1280767838042905,0.1280768,94.0,94,0.0,0.0,748,748.0,0.32983641492833116,0.3298364,1.465946e-252,0,0.0,0.0,0.0,0.0,6.217249e-12
E7,is1,nbhd,adjust.*=0.75,p[goods]*0.5,3,CONVERGED,CONVERGED,561.0,561,0.37705767163566556,0.3770577,0.7862018519041638,0.7862019,22.0,22,0.0,0.0,504,504.0,0.064888578448624,0.06488858,6.4e-323,99,99.0,0.4468503708871008,0.4468504,1e-323,6.439294e-12
E7,is1,nbhd,adjust.*=0.75,p[goods]*2,3,CONVERGED,CONVERGED,445.0,445,0.7655407385206573,0.7655407,0.8594377332803731,0.8594377,0.0,0,0.0,0.0,493,493.0,0.05881914503520276,0.05881915,6.4e-323,0,0.0,0.0,0.0,0.0,7.105427e-12
E7,is1,nbhd,adjust.*=0.75,p[labour.master]*0.5,3,CONVERGED,CONVERGED,434.0,434,0.5234443389595738,0.5234443,0.8878114411281957,0.8878114,0.0,0,0.0,0.0,0,0.0,0.0,0.0,0.0,81,81.0,0.2426016021183477,0.2426016,1e-323,1.265654e-11
E7,is1,nbhd,adjust.*=0.75,p[labour.master]*2,3,CONVERGED,CONVERGED,436.0,436,0.7874711133785751,0.7874711,0.8925164116284443,0.8925164,0.0,0,0.0,0.0,0,0.0,0.0,0.0,0.0,0,0.0,0.0,0.0,0.0,7.549517e-12
E7,is1,nbhd,adjust.*=0.75,p[labour.trained]*0.5,3,CONVERGED,CONVERGED,574.0,574,0.20323272884505778,0.2032327,0.6739176655250012,0.6739177,31.0,31,0.0,0.0,602,602.0,0.7577629948743125,0.757763,6.4e-323,0,0.0,0.0,0.0,0.0,8.881784e-12
E7,is1,nbhd,adjust.*=0.75,p[labour.trained]*2,3,CONVERGED,CONVERGED,458.0,458,0.8373234742758491,0.8373235,0.8826534013155257,0.8826534,0.0,0,0.0,0.0,0,0.0,0.0,0.0,0.0,0,0.0,0.0,0.0,0.0,1.265654e-11
E7,is1,nbhd,adjust.*=0.75,p[labour]*0.5,3,CONVERGED,CONVERGED,561.0,561,0.3133704428404773,0.3133704,0.24942766219836576,0.2494277,14.0,14,0.0,0.0,534,534.0,0.1260359829272884,0.126036,6.4e-323,0,0.0,0.0,0.0,0.0,9.325873e-12
E7,is1,nbhd,adjust.*=0.75,p[labour]*2,3,CONVERGED,CONVERGED,551.0,551,0.30660011051472846,0.3066001,0.8560269909083775,0.856027,8.0,8,0.0,0.0,559,559.0,0.7402402387551272,0.7402402,6.4e-323,96,96.0,0.21060361537683853,0.2106036,1e-323,6.661338e-12
E7,is1,nbhd,adjust.*=0.75,p[land]*0.5,3,CONVERGED,CONVERGED,527.0,527,0.6434002104436155,0.6434002,0.8964746200985909,0.8964746,0.0,0,0.0,0.0,534,534.0,0.16214875249036267,0.1621488,6.4e-323,0,0.0,0.0,0.0,0.0,4.440892e-12
E7,is1,nbhd,adjust.*=0.75,p[land]*2,3,CONVERGED,CONVERGED,634.0,634,0.2586930429694123,0.258693,0.3055545738993286,0.3055546,90.0,90,0.0,0.0,578,578.0,0.2869364356663018,0.2869364,6.4e-323,0,0.0,0.0,0.0,0.0,9.325873e-12
E7,is1,nbhd,adjust.*=0.75,p[mach]*0.5,3,CONVERGED,CONVERGED,687.0,687,0.22147955199811026,0.2214796,0.9425748427583144,0.9425748,85.0,85,0.0,0.0,582,582.0,0.2671682297170712,0.2671682,6.4e-323,0,0.0,0.0,0.0,0.0,8.65974e-12
E7,is1,nbhd,adjust.*=0.75,p[mach]*2,3,CONVERGED,CONVERGED,551.0,551,0.5103869140168301,0.5103869,0.19181613120912078,0.1918161,0.0,0,0.0,0.0,574,574.0,0.14744058109497568,0.1474406,6.4e-323,0,0.0,0.0,0.0,0.0,9.103829e-12
E7,is1,nbhd,adjust.*=0.75,p[services]*0.5,3,CONVERGED,CONVERGED,586.0,586,0.5014632497362381,0.5014632,0.4396114623468713,0.4396115,0.0,0,0.0,0.0,603,603.0,0.13312096566432238,0.133121,6.4e-323,0,0.0,0.0,0.0,0.0,6.217249e-12
E7,is1,nbhd,adjust.*=0.75,p[services]*2,3,CONVERGED,CONVERGED,517.0,517,0.5512749916420072,0.551275,0.942574842758311,0.9425748,0.0,0,0.0,0.0,0,0.0,0.0,0.0,0.0,0,0.0,0.0,0.0,0.0,7.771561e-12
E7,is1,nbhd,adjust.*=0.75,res.services.trained=0.02@dated,3,CONVERGED,CONVERGED,415.0,415,0.815369534834632,0.8153695,0.7399539160575456,0.7399539,0.0,0,0.0,0.0,21998,21998.0,0.5540804789838868,0.5540805,0.3914281,0,0.0,0.0,0.0,0.0,5.551115e-12
E7,is1,nbhd,adjust.*=0.75,res.services.trained=0.02@genesis,3,CONVERGED,CONVERGED,415.0,415,0.8157183581443658,0.8157184,0.7399539160575466,0.7399539,0.0,0,0.0,0.0,21998,21998.0,0.5542373705203149,0.5542374,0.3914281,0,0.0,0.0,0.0,0.0,5.995204e-12
E7,is1,nbhd,adjust.*=0.75,res.services.trained=0.08@dated,3,CONVERGED,CONVERGED,575.0,575,0.49999999999999994,0.5,0.728408036636258,0.728408,0.0,0,0.0,0.0,0,0.0,0.0,0.0,0.0,0,0.0,0.0,0.0,0.0,1.820766e-11
E7,is1,nbhd,adjust.*=0.75,res.services.trained=0.08@genesis,3,CONVERGED,CONVERGED,576.0,576,0.5000000000000001,0.5,0.7295501982033182,0.7295502,0.0,0,0.0,0.0,0,0.0,0.0,0.0,0.0,0,0.0,0.0,0.0,0.0,1.84297e-11
E7,is1,nbhd,adjust.*=0.75,s[goods]=0.5,3,CONVERGED,CONVERGED,661.0,661,0.13171408570916668,0.1317141,0.942574842758311,0.9425748,80.0,80,0.0,0.0,646,646.0,0.6219784335560882,0.6219784,6.4e-323,128,128.0,0.7703810346045212,0.770381,1e-323,7.327472e-12
E7,is1,nbhd,adjust.*=0.75,s[services]=0.5,3,CONVERGED,CONVERGED,610.0,610,0.18306276955952844,0.1830628,0.942574842758311,0.9425748,60.0,60,0.0,0.0,630,630.0,0.8125485146930583,0.8125485,6.4e-323,142,142.0,0.26023379897956994,0.2602338,1e-323,5.995204e-12
E7,is1,nbhd,adjust.*=0.75,sw[master]=0.5,3,CONVERGED,CONVERGED,362.0,362,0.5434245121669512,0.5434245,0.9100329892968206,0.910033,0.0,0,0.0,0.0,0,0.0,0.0,0.0,0.0,75,75.0,0.3952500243371661,0.39525,1e-323,7.327472e-12
E7,is1,nbhd,adjust.*=0.75,sw[trained]=0.5,3,CONVERGED,CONVERGED,470.0,470,0.5047344661132523,0.5047345,0.8310946171594741,0.8310946,0.0,0,0.0,0.0,461,461.0,0.4819188334470013,0.4819188,6.4e-323,0,0.0,0.0,0.0,0.0,8.881784e-12
E7,is1,nbhd,adjust.*=0.75,tail.services=0.05@dated,3,CONVERGED,CONVERGED,384.0,384,0.9249325503371826,0.9249326,0.3985784175107578,0.3985784,0.0,0,0.0,0.0,0,0.0,0.0,0.0,0.0,0,0.0,0.0,0.0,0.0,5.329071e-12
E7,is1,nbhd,adjust.*=0.75,tail.services=0.05@genesis,3,CONVERGED,CONVERGED,384.0,384,0.9249325503371826,0.9249326,0.3985784175107578,0.3985784,0.0,0,0.0,0.0,0,0.0,0.0,0.0,0.0,0,0.0,0.0,0.0,0.0,4.884981e-12
E7,is1,nbhd,adjust.*=0.75,tail.services=0.2@dated,3,CONVERGED,CONVERGED,729.0,729,0.4492669921600601,0.449267,0.942574842758311,0.9425748,15.0,15,0.0,0.0,21998,21998.0,0.5178377234274545,0.5178377,0.2860879,21937,21937.0,0.30940434684898477,0.3094043,0.04967164,1.24345e-11
E7,is1,nbhd,adjust.*=0.75,tail.services=0.2@genesis,3,CONVERGED,CONVERGED,734.0,734,0.448516493531354,0.4485165,0.942574842758311,0.9425748,16.0,16,0.0,0.0,21998,21998.0,0.5200354642003768,0.5200355,0.2860879,21937,21937.0,0.3033260952210865,0.3033261,0.04967164,1.265654e-11
E7,is1,nbhd,adjust.*=0.75,x*/2,3,CONVERGED,CONVERGED,703.0,703,0.0,0.0,0.942574842758311,0.9425748,113.0,113,0.0,0.0,706,706.0,0.9250067852829282,0.9250068,6.4e-323,216,216.0,0.8343600612223863,0.8343601,1e-323,7.771561e-12
E7,is1,nbhd,adjust.*=0.9,JA(0.5),3,CONVERGED,CONVERGED,706.0,706,0.15554942262522314,0.1555494,0.5708219860703838,0.570822,117.0,117,0.0,0.0,595,595.0,0.37167006927764706,0.3716701,6.4e-323,0,0.0,0.0,0.0,0.0,7.327472e-12
E7,is1,nbhd,adjust.*=0.9,JA(2),3,CONVERGED,CONVERGED,538.0,538,0.5337212315656679,0.5337212,0.6375234706950996,0.6375235,1.0,1,0.0,0.0,557,557.0,0.11659282017881517,0.1165928,6.4e-323,0,0.0,0.0,0.0,0.0,1.110223e-11
E7,is1,nbhd,adjust.*=0.9,JB(0.5),3,CONVERGED,CONVERGED,641.0,641,0.20891933438406368,0.2089193,-0.4437195183615795,-0.4437195,94.0,94,30.0,30.0,656,656.0,0.6624694746801324,0.6624695,6.4e-323,167,167.0,0.5558543273131362,0.5558543,1e-323,8.437695e-12
E7,is1,nbhd,adjust.*=0.9,JB(2),3,CONVERGED,CONVERGED,658.0,658,0.3487466781736145,0.3487467,0.9425748427583168,0.9425748,59.0,59,0.0,0.0,561,561.0,0.14275775351919467,0.1427578,6.4e-323,0,0.0,0.0,0.0,0.0,1.04361e-11
E7,is1,nbhd,adjust.*=0.9,N(0.5),3,CONVERGED,CONVERGED,595.0,595,0.4683172297046058,0.4683172,0.942574842758311,0.9425748,16.0,16,0.0,0.0,527,527.0,0.07141026535289707,0.07141027,6.4e-323,0,0.0,0.0,0.0,0.0,1.04361e-11
E7,is1,nbhd,adjust.*=0.9,N(2),3,CONVERGED,CONVERGED,521.0,521,0.44248820359856517,0.4424882,0.3905194971551989,0.3905195,4.0,4,0.0,0.0,566,566.0,0.05013473080993783,0.05013473,6.4e-323,0,0.0,0.0,0.0,0.0,1.221245e-11
E7,is1,nbhd,adjust.*=0.9,RC(0.5),3,CONVERGED,CONVERGED,606.0,606,0.45728281847106833,0.4572828,0.4305640057488678,0.430564,20.0,20,0.0,0.0,622,622.0,0.26844661936142505,0.2684466,6.4e-323,0,0.0,0.0,0.0,0.0,1.221245e-11
E7,is1,nbhd,adjust.*=0.9,RC(2),3,CONVERGED,CONVERGED,557.0,557,0.2850955004308327,0.2850955,0.9305850310772422,0.930585,41.0,41,0.0,0.0,493,493.0,0.09396033428684782,0.09396033,6.4e-323,96,96.0,0.6501557602648589,0.6501558,1e-323,8.437695e-12
E7,is1,nbhd,adjust.*=0.9,RW(0.5),3,CONVERGED,CONVERGED,568.0,568,0.3960091021030299,0.3960091,0.24942766219836576,0.2494277,10.0,10,0.0,0.0,534,534.0,0.13028570454654845,0.1302857,6.4e-323,0,0.0,0.0,0.0,0.0,9.547918e-12
E7,is1,nbhd,adjust.*=0.9,RW(2),3,CONVERGED,CONVERGED,599.0,599,0.025886860514015446,0.02588686,0.7402149850363712,0.740215,53.0,53,0.0,0.0,618,618.0,0.9729455503302876,0.9729456,6.4e-323,72,72.0,0.8429330858457068,0.8429331,1e-323,7.549517e-12
E7,is1,nbhd,adjust.*=0.9,land.mach=0.2@dated,3,CONVERGED,CONVERGED,559.0,559,0.569161724623198,0.5691617,0.942574842758311,0.9425748,0.0,0,0.0,0.0,456,456.0,0.16152229347962213,0.1615223,5.4e-323,0,0.0,0.0,0.0,0.0,9.103829e-12
E7,is1,nbhd,adjust.*=0.9,land.mach=0.2@genesis,3,CONVERGED,CONVERGED,559.0,559,0.5691617246231984,0.5691617,0.942574842758311,0.9425748,0.0,0,0.0,0.0,456,456.0,0.16098325388835977,0.1609833,5.4e-323,0,0.0,0.0,0.0,0.0,1.421085e-11
E7,is1,nbhd,adjust.*=0.9,land.mach=0.8@dated,3,CONVERGED,CONVERGED,566.0,566,0.1642437830006201,0.1642438,0.1280267591790004,0.1280268,94.0,94,0.0,0.0,747,747.0,0.3298083988596943,0.3298084,1.451086e-252,0,0.0,0.0,0.0,0.0,4.440892e-12
E7,is1,nbhd,adjust.*=0.9,land.mach=0.8@genesis,3,CONVERGED,CONVERGED,566.0,566,0.16483858606201324,0.1648386,0.1280767838042905,0.1280768,94.0,94,0.0,0.0,748,748.0,0.32983641492833116,0.3298364,1.465946e-252,0,0.0,0.0,0.0,0.0,6.217249e-12
E7,is1,nbhd,adjust.*=0.9,p[goods]*0.5,3,CONVERGED,CONVERGED,561.0,561,0.37705767163566556,0.3770577,0.7862018519041638,0.7862019,22.0,22,0.0,0.0,504,504.0,0.064888578448624,0.06488858,6.4e-323,99,99.0,0.4468503708871008,0.4468504,1e-323,6.439294e-12
E7,is1,nbhd,adjust.*=0.9,p[goods]*2,3,CONVERGED,CONVERGED,445.0,445,0.7655407385206573,0.7655407,0.8594377332803731,0.8594377,0.0,0,0.0,0.0,493,493.0,0.05881914503520276,0.05881915,6.4e-323,0,0.0,0.0,0.0,0.0,7.105427e-12
E7,is1,nbhd,adjust.*=0.9,p[labour.master]*0.5,3,CONVERGED,CONVERGED,434.0,434,0.5234443389595738,0.5234443,0.8878114411281957,0.8878114,0.0,0,0.0,0.0,0,0.0,0.0,0.0,0.0,81,81.0,0.2426016021183477,0.2426016,1e-323,1.265654e-11
E7,is1,nbhd,adjust.*=0.9,p[labour.master]*2,3,CONVERGED,CONVERGED,436.0,436,0.7874711133785751,0.7874711,0.8925164116284443,0.8925164,0.0,0,0.0,0.0,0,0.0,0.0,0.0,0.0,0,0.0,0.0,0.0,0.0,7.549517e-12
E7,is1,nbhd,adjust.*=0.9,p[labour.trained]*0.5,3,CONVERGED,CONVERGED,574.0,574,0.20323272884505778,0.2032327,0.6739176655250012,0.6739177,31.0,31,0.0,0.0,602,602.0,0.7577629948743125,0.757763,6.4e-323,0,0.0,0.0,0.0,0.0,8.881784e-12
E7,is1,nbhd,adjust.*=0.9,p[labour.trained]*2,3,CONVERGED,CONVERGED,458.0,458,0.8373234742758491,0.8373235,0.8826534013155257,0.8826534,0.0,0,0.0,0.0,0,0.0,0.0,0.0,0.0,0,0.0,0.0,0.0,0.0,1.265654e-11
E7,is1,nbhd,adjust.*=0.9,p[labour]*0.5,3,CONVERGED,CONVERGED,561.0,561,0.3133704428404773,0.3133704,0.24942766219836576,0.2494277,14.0,14,0.0,0.0,534,534.0,0.1260359829272884,0.126036,6.4e-323,0,0.0,0.0,0.0,0.0,9.325873e-12
E7,is1,nbhd,adjust.*=0.9,p[labour]*2,3,CONVERGED,CONVERGED,551.0,551,0.30660011051472846,0.3066001,0.8560269909083775,0.856027,8.0,8,0.0,0.0,559,559.0,0.7402402387551272,0.7402402,6.4e-323,96,96.0,0.21060361537683853,0.2106036,1e-323,6.661338e-12
E7,is1,nbhd,adjust.*=0.9,p[land]*0.5,3,CONVERGED,CONVERGED,527.0,527,0.6434002104436155,0.6434002,0.8964746200985909,0.8964746,0.0,0,0.0,0.0,534,534.0,0.16214875249036267,0.1621488,6.4e-323,0,0.0,0.0,0.0,0.0,4.440892e-12
E7,is1,nbhd,adjust.*=0.9,p[land]*2,3,CONVERGED,CONVERGED,634.0,634,0.2586930429694123,0.258693,0.3055545738993286,0.3055546,90.0,90,0.0,0.0,578,578.0,0.2869364356663018,0.2869364,6.4e-323,0,0.0,0.0,0.0,0.0,9.325873e-12
E7,is1,nbhd,adjust.*=0.9,p[mach]*0.5,3,CONVERGED,CONVERGED,687.0,687,0.22147955199811026,0.2214796,0.9425748427583144,0.9425748,85.0,85,0.0,0.0,582,582.0,0.2671682297170712,0.2671682,6.4e-323,0,0.0,0.0,0.0,0.0,8.65974e-12
E7,is1,nbhd,adjust.*=0.9,p[mach]*2,3,CONVERGED,CONVERGED,551.0,551,0.5103869140168301,0.5103869,0.19181613120912078,0.1918161,0.0,0,0.0,0.0,574,574.0,0.14744058109497568,0.1474406,6.4e-323,0,0.0,0.0,0.0,0.0,9.103829e-12
E7,is1,nbhd,adjust.*=0.9,p[services]*0.5,3,CONVERGED,CONVERGED,586.0,586,0.5014632497362381,0.5014632,0.4396114623468713,0.4396115,0.0,0,0.0,0.0,603,603.0,0.13312096566432238,0.133121,6.4e-323,0,0.0,0.0,0.0,0.0,6.217249e-12
E7,is1,nbhd,adjust.*=0.9,p[services]*2,3,CONVERGED,CONVERGED,517.0,517,0.5512749916420072,0.551275,0.942574842758311,0.9425748,0.0,0,0.0,0.0,0,0.0,0.0,0.0,0.0,0,0.0,0.0,0.0,0.0,7.771561e-12
E7,is1,nbhd,adjust.*=0.9,res.services.trained=0.02@dated,3,CONVERGED,CONVERGED,415.0,415,0.815369534834632,0.8153695,0.7399539160575456,0.7399539,0.0,0,0.0,0.0,21998,21998.0,0.5540804789838868,0.5540805,0.3914281,0,0.0,0.0,0.0,0.0,5.551115e-12
E7,is1,nbhd,adjust.*=0.9,res.services.trained=0.02@genesis,3,CONVERGED,CONVERGED,415.0,415,0.8157183581443658,0.8157184,0.7399539160575466,0.7399539,0.0,0,0.0,0.0,21998,21998.0,0.5542373705203149,0.5542374,0.3914281,0,0.0,0.0,0.0,0.0,5.995204e-12
E7,is1,nbhd,adjust.*=0.9,res.services.trained=0.08@dated,3,CONVERGED,CONVERGED,575.0,575,0.49999999999999994,0.5,0.728408036636258,0.728408,0.0,0,0.0,0.0,0,0.0,0.0,0.0,0.0,0,0.0,0.0,0.0,0.0,1.820766e-11
E7,is1,nbhd,adjust.*=0.9,res.services.trained=0.08@genesis,3,CONVERGED,CONVERGED,576.0,576,0.5000000000000001,0.5,0.7295501982033182,0.7295502,0.0,0,0.0,0.0,0,0.0,0.0,0.0,0.0,0,0.0,0.0,0.0,0.0,1.84297e-11
E7,is1,nbhd,adjust.*=0.9,s[goods]=0.5,3,CONVERGED,CONVERGED,623.0,623,0.13423204439568726,0.134232,0.942574842758311,0.9425748,75.0,75,0.0,0.0,636,636.0,0.6158988732664937,0.6158989,6.4e-323,122,122.0,0.7413528563860227,0.7413529,1e-323,7.771561e-12
E7,is1,nbhd,adjust.*=0.9,s[services]=0.5,3,CONVERGED,CONVERGED,602.0,602,0.19542306021885994,0.1954231,0.942574842758311,0.9425748,56.0,56,0.0,0.0,621,621.0,0.7992525350732709,0.7992525,6.4e-323,133,133.0,0.18834923724692657,0.1883492,1e-323,1.021405e-11
E7,is1,nbhd,adjust.*=0.9,sw[master]=0.5,3,CONVERGED,CONVERGED,362.0,362,0.5434245121669512,0.5434245,0.9100329892968206,0.910033,0.0,0,0.0,0.0,0,0.0,0.0,0.0,0.0,75,75.0,0.3952500243371661,0.39525,1e-323,7.327472e-12
E7,is1,nbhd,adjust.*=0.9,sw[trained]=0.5,3,CONVERGED,CONVERGED,470.0,470,0.5047344661132523,0.5047345,0.8310946171594741,0.8310946,0.0,0,0.0,0.0,461,461.0,0.4819188334470013,0.4819188,6.4e-323,0,0.0,0.0,0.0,0.0,8.881784e-12
E7,is1,nbhd,adjust.*=0.9,tail.services=0.05@dated,3,CONVERGED,CONVERGED,384.0,384,0.9249325503371826,0.9249326,0.3985784175107578,0.3985784,0.0,0,0.0,0.0,0,0.0,0.0,0.0,0.0,0,0.0,0.0,0.0,0.0,5.329071e-12
E7,is1,nbhd,adjust.*=0.9,tail.services=0.05@genesis,3,CONVERGED,CONVERGED,384.0,384,0.9249325503371826,0.9249326,0.3985784175107578,0.3985784,0.0,0,0.0,0.0,0,0.0,0.0,0.0,0.0,0,0.0,0.0,0.0,0.0,4.884981e-12
E7,is1,nbhd,adjust.*=0.9,tail.services=0.2@dated,3,CONVERGED,CONVERGED,729.0,729,0.4492669921600601,0.449267,0.942574842758311,0.9425748,15.0,15,0.0,0.0,21998,21998.0,0.5178377234274545,0.5178377,0.2860879,21937,21937.0,0.30940434684898477,0.3094043,0.04967164,1.24345e-11
E7,is1,nbhd,adjust.*=0.9,tail.services=0.2@genesis,3,CONVERGED,CONVERGED,734.0,734,0.448516493531354,0.4485165,0.942574842758311,0.9425748,16.0,16,0.0,0.0,21998,21998.0,0.5200354642003768,0.5200355,0.2860879,21937,21937.0,0.3033260952210865,0.3033261,0.04967164,1.265654e-11
E7,is1,nbhd,adjust.*=0.9,x*/2,3,CONVERGED,CONVERGED,688.0,688,0.0,0.0,0.942574842758311,0.9425748,104.0,104,0.0,0.0,687,687.0,0.9179126975107584,0.9179127,6.4e-323,187,187.0,0.8120807037038572,0.8120807,1e-323,5.329071e-12
E7,is1,nbhd,adjust.*=1.1,JA(0.5),3,CONVERGED,CONVERGED,706.0,706,0.15554942262522314,0.1555494,0.5708219860703838,0.570822,117.0,117,0.0,0.0,595,595.0,0.37167006927764706,0.3716701,6.4e-323,0,0.0,0.0,0.0,0.0,7.327472e-12
E7,is1,nbhd,adjust.*=1.1,JA(2),3,CONVERGED,CONVERGED,538.0,538,0.5337212315656679,0.5337212,0.6375234706950996,0.6375235,1.0,1,0.0,0.0,557,557.0,0.11659282017881517,0.1165928,6.4e-323,0,0.0,0.0,0.0,0.0,1.110223e-11
E7,is1,nbhd,adjust.*=1.1,JB(0.5),3,CONVERGED,CONVERGED,637.0,637,0.20861990642947267,0.2086199,-0.4437195183615795,-0.4437195,92.0,92,27.0,27.0,653,653.0,0.6790010304164348,0.679001,6.4e-323,163,163.0,0.5651651052161613,0.5651651,1e-323,8.65974e-12
E7,is1,nbhd,adjust.*=1.1,JB(2),3,CONVERGED,CONVERGED,658.0,658,0.3487466781736145,0.3487467,0.9425748427583168,0.9425748,59.0,59,0.0,0.0,561,561.0,0.14275775351919467,0.1427578,6.4e-323,0,0.0,0.0,0.0,0.0,1.04361e-11
E7,is1,nbhd,adjust.*=1.1,N(0.5),3,CONVERGED,CONVERGED,595.0,595,0.4683172297046058,0.4683172,0.942574842758311,0.9425748,16.0,16,0.0,0.0,527,527.0,0.07141026535289707,0.07141027,6.4e-323,0,0.0,0.0,0.0,0.0,1.04361e-11
E7,is1,nbhd,adjust.*=1.1,N(2),3,CONVERGED,CONVERGED,521.0,521,0.44248820359856517,0.4424882,0.3905194971551989,0.3905195,4.0,4,0.0,0.0,566,566.0,0.05013473080993783,0.05013473,6.4e-323,0,0.0,0.0,0.0,0.0,1.221245e-11
E7,is1,nbhd,adjust.*=1.1,RC(0.5),3,CONVERGED,CONVERGED,606.0,606,0.45728281847106833,0.4572828,0.4305640057488678,0.430564,20.0,20,0.0,0.0,622,622.0,0.26844661936142505,0.2684466,6.4e-323,0,0.0,0.0,0.0,0.0,1.221245e-11
E7,is1,nbhd,adjust.*=1.1,RC(2),3,CONVERGED,CONVERGED,557.0,557,0.2850955004308327,0.2850955,0.9305850310772422,0.930585,41.0,41,0.0,0.0,493,493.0,0.09396033428684782,0.09396033,6.4e-323,96,96.0,0.6501557602648589,0.6501558,1e-323,8.437695e-12
E7,is1,nbhd,adjust.*=1.1,RW(0.5),3,CONVERGED,CONVERGED,568.0,568,0.3960091021030299,0.3960091,0.24942766219836576,0.2494277,10.0,10,0.0,0.0,534,534.0,0.13028570454654845,0.1302857,6.4e-323,0,0.0,0.0,0.0,0.0,9.547918e-12
E7,is1,nbhd,adjust.*=1.1,RW(2),3,CONVERGED,CONVERGED,599.0,599,0.025886860514015446,0.02588686,0.7402149850363712,0.740215,53.0,53,0.0,0.0,618,618.0,0.9729455503302876,0.9729456,6.4e-323,72,72.0,0.8429330858457068,0.8429331,1e-323,7.549517e-12
E7,is1,nbhd,adjust.*=1.1,land.mach=0.2@dated,3,CONVERGED,CONVERGED,559.0,559,0.569161724623198,0.5691617,0.942574842758311,0.9425748,0.0,0,0.0,0.0,456,456.0,0.16152229347962213,0.1615223,5.4e-323,0,0.0,0.0,0.0,0.0,9.103829e-12
E7,is1,nbhd,adjust.*=1.1,land.mach=0.2@genesis,3,CONVERGED,CONVERGED,559.0,559,0.5691617246231984,0.5691617,0.942574842758311,0.9425748,0.0,0,0.0,0.0,456,456.0,0.16098325388835977,0.1609833,5.4e-323,0,0.0,0.0,0.0,0.0,1.421085e-11
E7,is1,nbhd,adjust.*=1.1,land.mach=0.8@dated,3,CONVERGED,CONVERGED,566.0,566,0.1642437830006201,0.1642438,0.1280267591790004,0.1280268,94.0,94,0.0,0.0,747,747.0,0.3298083988596943,0.3298084,1.451086e-252,0,0.0,0.0,0.0,0.0,4.440892e-12
E7,is1,nbhd,adjust.*=1.1,land.mach=0.8@genesis,3,CONVERGED,CONVERGED,566.0,566,0.16483858606201324,0.1648386,0.1280767838042905,0.1280768,94.0,94,0.0,0.0,748,748.0,0.32983641492833116,0.3298364,1.465946e-252,0,0.0,0.0,0.0,0.0,6.217249e-12
E7,is1,nbhd,adjust.*=1.1,p[goods]*0.5,3,CONVERGED,CONVERGED,561.0,561,0.37705767163566556,0.3770577,0.7862018519041638,0.7862019,22.0,22,0.0,0.0,504,504.0,0.064888578448624,0.06488858,6.4e-323,99,99.0,0.4468503708871008,0.4468504,1e-323,6.439294e-12
E7,is1,nbhd,adjust.*=1.1,p[goods]*2,3,CONVERGED,CONVERGED,445.0,445,0.7655407385206573,0.7655407,0.8594377332803731,0.8594377,0.0,0,0.0,0.0,493,493.0,0.05881914503520276,0.05881915,6.4e-323,0,0.0,0.0,0.0,0.0,7.105427e-12
E7,is1,nbhd,adjust.*=1.1,p[labour.master]*0.5,3,CONVERGED,CONVERGED,434.0,434,0.5234443389595738,0.5234443,0.8878114411281957,0.8878114,0.0,0,0.0,0.0,0,0.0,0.0,0.0,0.0,81,81.0,0.2426016021183477,0.2426016,1e-323,1.265654e-11
E7,is1,nbhd,adjust.*=1.1,p[labour.master]*2,3,CONVERGED,CONVERGED,436.0,436,0.7874711133785751,0.7874711,0.8925164116284443,0.8925164,0.0,0,0.0,0.0,0,0.0,0.0,0.0,0.0,0,0.0,0.0,0.0,0.0,7.549517e-12
E7,is1,nbhd,adjust.*=1.1,p[labour.trained]*0.5,3,CONVERGED,CONVERGED,574.0,574,0.20323272884505778,0.2032327,0.6739176655250012,0.6739177,31.0,31,0.0,0.0,602,602.0,0.7577629948743125,0.757763,6.4e-323,0,0.0,0.0,0.0,0.0,8.881784e-12
E7,is1,nbhd,adjust.*=1.1,p[labour.trained]*2,3,CONVERGED,CONVERGED,458.0,458,0.8373234742758491,0.8373235,0.8826534013155257,0.8826534,0.0,0,0.0,0.0,0,0.0,0.0,0.0,0.0,0,0.0,0.0,0.0,0.0,1.265654e-11
E7,is1,nbhd,adjust.*=1.1,p[labour]*0.5,3,CONVERGED,CONVERGED,561.0,561,0.3133704428404773,0.3133704,0.24942766219836576,0.2494277,14.0,14,0.0,0.0,534,534.0,0.1260359829272884,0.126036,6.4e-323,0,0.0,0.0,0.0,0.0,9.325873e-12
E7,is1,nbhd,adjust.*=1.1,p[labour]*2,3,CONVERGED,CONVERGED,551.0,551,0.30660011051472846,0.3066001,0.8560269909083775,0.856027,8.0,8,0.0,0.0,559,559.0,0.7402402387551272,0.7402402,6.4e-323,96,96.0,0.21060361537683853,0.2106036,1e-323,6.661338e-12
E7,is1,nbhd,adjust.*=1.1,p[land]*0.5,3,CONVERGED,CONVERGED,527.0,527,0.6434002104436155,0.6434002,0.8964746200985909,0.8964746,0.0,0,0.0,0.0,534,534.0,0.16214875249036267,0.1621488,6.4e-323,0,0.0,0.0,0.0,0.0,4.440892e-12
E7,is1,nbhd,adjust.*=1.1,p[land]*2,3,CONVERGED,CONVERGED,634.0,634,0.2586930429694123,0.258693,0.3055545738993286,0.3055546,90.0,90,0.0,0.0,578,578.0,0.2869364356663018,0.2869364,6.4e-323,0,0.0,0.0,0.0,0.0,9.325873e-12
E7,is1,nbhd,adjust.*=1.1,p[mach]*0.5,3,CONVERGED,CONVERGED,687.0,687,0.22147955199811026,0.2214796,0.9425748427583144,0.9425748,85.0,85,0.0,0.0,582,582.0,0.2671682297170712,0.2671682,6.4e-323,0,0.0,0.0,0.0,0.0,8.65974e-12
E7,is1,nbhd,adjust.*=1.1,p[mach]*2,3,CONVERGED,CONVERGED,551.0,551,0.5103869140168301,0.5103869,0.19181613120912078,0.1918161,0.0,0,0.0,0.0,574,574.0,0.14744058109497568,0.1474406,6.4e-323,0,0.0,0.0,0.0,0.0,9.103829e-12
E7,is1,nbhd,adjust.*=1.1,p[services]*0.5,3,CONVERGED,CONVERGED,586.0,586,0.5014632497362381,0.5014632,0.4396114623468713,0.4396115,0.0,0,0.0,0.0,603,603.0,0.13312096566432238,0.133121,6.4e-323,0,0.0,0.0,0.0,0.0,6.217249e-12
E7,is1,nbhd,adjust.*=1.1,p[services]*2,3,CONVERGED,CONVERGED,517.0,517,0.5512749916420072,0.551275,0.942574842758311,0.9425748,0.0,0,0.0,0.0,0,0.0,0.0,0.0,0.0,0,0.0,0.0,0.0,0.0,7.771561e-12
E7,is1,nbhd,adjust.*=1.1,res.services.trained=0.02@dated,3,CONVERGED,CONVERGED,415.0,415,0.815369534834632,0.8153695,0.7399539160575456,0.7399539,0.0,0,0.0,0.0,21998,21998.0,0.5540804789838868,0.5540805,0.3914281,0,0.0,0.0,0.0,0.0,5.551115e-12
E7,is1,nbhd,adjust.*=1.1,res.services.trained=0.02@genesis,3,CONVERGED,CONVERGED,415.0,415,0.8157183581443658,0.8157184,0.7399539160575466,0.7399539,0.0,0,0.0,0.0,21998,21998.0,0.5542373705203149,0.5542374,0.3914281,0,0.0,0.0,0.0,0.0,5.995204e-12
E7,is1,nbhd,adjust.*=1.1,res.services.trained=0.08@dated,3,CONVERGED,CONVERGED,575.0,575,0.49999999999999994,0.5,0.728408036636258,0.728408,0.0,0,0.0,0.0,0,0.0,0.0,0.0,0.0,0,0.0,0.0,0.0,0.0,1.820766e-11
E7,is1,nbhd,adjust.*=1.1,res.services.trained=0.08@genesis,3,CONVERGED,CONVERGED,576.0,576,0.5000000000000001,0.5,0.7295501982033182,0.7295502,0.0,0,0.0,0.0,0,0.0,0.0,0.0,0.0,0,0.0,0.0,0.0,0.0,1.84297e-11
E7,is1,nbhd,adjust.*=1.1,s[goods]=0.5,3,CONVERGED,CONVERGED,611.0,611,0.13762342031436425,0.1376234,0.942574842758311,0.9425748,69.0,69,0.0,0.0,625,625.0,0.6072165288145119,0.6072165,6.4e-323,113,113.0,0.7000859499742146,0.7000859,1e-323,8.881784e-12
E7,is1,nbhd,adjust.*=1.1,s[services]=0.5,3,CONVERGED,CONVERGED,594.0,594,0.21274397859295868,0.212744,0.9329670954330895,0.9329671,50.0,50,0.0,0.0,613,613.0,0.7805620306003267,0.780562,6.4e-323,123,123.0,0.09612205884713843,0.09612206,1e-323,7.993606e-12
E7,is1,nbhd,adjust.*=1.1,sw[master]=0.5,3,CONVERGED,CONVERGED,362.0,362,0.5434245121669512,0.5434245,0.9100329892968206,0.910033,0.0,0,0.0,0.0,0,0.0,0.0,0.0,0.0,75,75.0,0.3952500243371661,0.39525,1e-323,7.327472e-12
E7,is1,nbhd,adjust.*=1.1,sw[trained]=0.5,3,CONVERGED,CONVERGED,470.0,470,0.5047344661132523,0.5047345,0.8310946171594741,0.8310946,0.0,0,0.0,0.0,461,461.0,0.4819188334470013,0.4819188,6.4e-323,0,0.0,0.0,0.0,0.0,8.881784e-12
E7,is1,nbhd,adjust.*=1.1,tail.services=0.05@dated,3,CONVERGED,CONVERGED,384.0,384,0.9249325503371826,0.9249326,0.3985784175107578,0.3985784,0.0,0,0.0,0.0,0,0.0,0.0,0.0,0.0,0,0.0,0.0,0.0,0.0,5.329071e-12
E7,is1,nbhd,adjust.*=1.1,tail.services=0.05@genesis,3,CONVERGED,CONVERGED,384.0,384,0.9249325503371826,0.9249326,0.3985784175107578,0.3985784,0.0,0,0.0,0.0,0,0.0,0.0,0.0,0.0,0,0.0,0.0,0.0,0.0,4.884981e-12
E7,is1,nbhd,adjust.*=1.1,tail.services=0.2@dated,3,CONVERGED,CONVERGED,729.0,729,0.4492669921600601,0.449267,0.942574842758311,0.9425748,15.0,15,0.0,0.0,21998,21998.0,0.5178377234274545,0.5178377,0.2860879,21937,21937.0,0.30940434684898477,0.3094043,0.04967164,1.24345e-11
E7,is1,nbhd,adjust.*=1.1,tail.services=0.2@genesis,3,CONVERGED,CONVERGED,734.0,734,0.448516493531354,0.4485165,0.942574842758311,0.9425748,16.0,16,0.0,0.0,21998,21998.0,0.5200354642003768,0.5200355,0.2860879,21937,21937.0,0.3033260952210865,0.3033261,0.04967164,1.265654e-11
E7,is1,nbhd,adjust.*=1.1,x*/2,3,CONVERGED,CONVERGED,679.0,679,0.004359591378477082,0.004359591,0.942574842758311,0.9425748,93.0,93,0.0,0.0,667,667.0,0.9084337297734011,0.9084337,6.4e-323,157,157.0,0.7790646525200261,0.7790647,1e-323,9.103829e-12
E7,is1,nbhd,adjust.*=1.25,JA(0.5),3,CONVERGED,CONVERGED,706.0,706,0.15554942262522314,0.1555494,0.5708219860703838,0.570822,117.0,117,0.0,0.0,595,595.0,0.37167006927764706,0.3716701,6.4e-323,0,0.0,0.0,0.0,0.0,7.327472e-12
E7,is1,nbhd,adjust.*=1.25,JA(2),3,CONVERGED,CONVERGED,538.0,538,0.5337212315656679,0.5337212,0.6375234706950996,0.6375235,1.0,1,0.0,0.0,557,557.0,0.11659282017881517,0.1165928,6.4e-323,0,0.0,0.0,0.0,0.0,1.110223e-11
E7,is1,nbhd,adjust.*=1.25,JB(0.5),3,CONVERGED,CONVERGED,635.0,635,0.2101541763397144,0.2101542,-0.4437195183615795,-0.4437195,90.0,90,26.0,26.0,651,651.0,0.6880659629004116,0.688066,6.4e-323,160,160.0,0.570607277226839,0.5706073,1e-323,8.21565e-12
E7,is1,nbhd,adjust.*=1.25,JB(2),3,CONVERGED,CONVERGED,658.0,658,0.3487466781736145,0.3487467,0.9425748427583168,0.9425748,59.0,59,0.0,0.0,561,561.0,0.14275775351919467,0.1427578,6.4e-323,0,0.0,0.0,0.0,0.0,1.04361e-11
E7,is1,nbhd,adjust.*=1.25,N(0.5),3,CONVERGED,CONVERGED,595.0,595,0.4683172297046058,0.4683172,0.942574842758311,0.9425748,16.0,16,0.0,0.0,527,527.0,0.07141026535289707,0.07141027,6.4e-323,0,0.0,0.0,0.0,0.0,1.04361e-11
E7,is1,nbhd,adjust.*=1.25,N(2),3,CONVERGED,CONVERGED,521.0,521,0.44248820359856517,0.4424882,0.3905194971551989,0.3905195,4.0,4,0.0,0.0,566,566.0,0.05013473080993783,0.05013473,6.4e-323,0,0.0,0.0,0.0,0.0,1.221245e-11
E7,is1,nbhd,adjust.*=1.25,RC(0.5),3,CONVERGED,CONVERGED,606.0,606,0.45728281847106833,0.4572828,0.4305640057488678,0.430564,20.0,20,0.0,0.0,622,622.0,0.26844661936142505,0.2684466,6.4e-323,0,0.0,0.0,0.0,0.0,1.221245e-11
E7,is1,nbhd,adjust.*=1.25,RC(2),3,CONVERGED,CONVERGED,557.0,557,0.2850955004308327,0.2850955,0.9305850310772422,0.930585,41.0,41,0.0,0.0,493,493.0,0.09396033428684782,0.09396033,6.4e-323,96,96.0,0.6501557602648589,0.6501558,1e-323,8.437695e-12
E7,is1,nbhd,adjust.*=1.25,RW(0.5),3,CONVERGED,CONVERGED,568.0,568,0.3960091021030299,0.3960091,0.24942766219836576,0.2494277,10.0,10,0.0,0.0,534,534.0,0.13028570454654845,0.1302857,6.4e-323,0,0.0,0.0,0.0,0.0,9.547918e-12
E7,is1,nbhd,adjust.*=1.25,RW(2),3,CONVERGED,CONVERGED,599.0,599,0.025886860514015446,0.02588686,0.7402149850363712,0.740215,53.0,53,0.0,0.0,618,618.0,0.9729455503302876,0.9729456,6.4e-323,72,72.0,0.8429330858457068,0.8429331,1e-323,7.549517e-12
E7,is1,nbhd,adjust.*=1.25,land.mach=0.2@dated,3,CONVERGED,CONVERGED,559.0,559,0.569161724623198,0.5691617,0.942574842758311,0.9425748,0.0,0,0.0,0.0,456,456.0,0.16152229347962213,0.1615223,5.4e-323,0,0.0,0.0,0.0,0.0,9.103829e-12
E7,is1,nbhd,adjust.*=1.25,land.mach=0.2@genesis,3,CONVERGED,CONVERGED,559.0,559,0.5691617246231984,0.5691617,0.942574842758311,0.9425748,0.0,0,0.0,0.0,456,456.0,0.16098325388835977,0.1609833,5.4e-323,0,0.0,0.0,0.0,0.0,1.421085e-11
E7,is1,nbhd,adjust.*=1.25,land.mach=0.8@dated,3,CONVERGED,CONVERGED,566.0,566,0.1642437830006201,0.1642438,0.1280267591790004,0.1280268,94.0,94,0.0,0.0,747,747.0,0.3298083988596943,0.3298084,1.451086e-252,0,0.0,0.0,0.0,0.0,4.440892e-12
E7,is1,nbhd,adjust.*=1.25,land.mach=0.8@genesis,3,CONVERGED,CONVERGED,566.0,566,0.16483858606201324,0.1648386,0.1280767838042905,0.1280768,94.0,94,0.0,0.0,748,748.0,0.32983641492833116,0.3298364,1.465946e-252,0,0.0,0.0,0.0,0.0,6.217249e-12
E7,is1,nbhd,adjust.*=1.25,p[goods]*0.5,3,CONVERGED,CONVERGED,561.0,561,0.37705767163566556,0.3770577,0.7862018519041638,0.7862019,22.0,22,0.0,0.0,504,504.0,0.064888578448624,0.06488858,6.4e-323,99,99.0,0.4468503708871008,0.4468504,1e-323,6.439294e-12
E7,is1,nbhd,adjust.*=1.25,p[goods]*2,3,CONVERGED,CONVERGED,445.0,445,0.7655407385206573,0.7655407,0.8594377332803731,0.8594377,0.0,0,0.0,0.0,493,493.0,0.05881914503520276,0.05881915,6.4e-323,0,0.0,0.0,0.0,0.0,7.105427e-12
E7,is1,nbhd,adjust.*=1.25,p[labour.master]*0.5,3,CONVERGED,CONVERGED,434.0,434,0.5234443389595738,0.5234443,0.8878114411281957,0.8878114,0.0,0,0.0,0.0,0,0.0,0.0,0.0,0.0,81,81.0,0.2426016021183477,0.2426016,1e-323,1.265654e-11
E7,is1,nbhd,adjust.*=1.25,p[labour.master]*2,3,CONVERGED,CONVERGED,436.0,436,0.7874711133785751,0.7874711,0.8925164116284443,0.8925164,0.0,0,0.0,0.0,0,0.0,0.0,0.0,0.0,0,0.0,0.0,0.0,0.0,7.549517e-12
E7,is1,nbhd,adjust.*=1.25,p[labour.trained]*0.5,3,CONVERGED,CONVERGED,574.0,574,0.20323272884505778,0.2032327,0.6739176655250012,0.6739177,31.0,31,0.0,0.0,602,602.0,0.7577629948743125,0.757763,6.4e-323,0,0.0,0.0,0.0,0.0,8.881784e-12
E7,is1,nbhd,adjust.*=1.25,p[labour.trained]*2,3,CONVERGED,CONVERGED,458.0,458,0.8373234742758491,0.8373235,0.8826534013155257,0.8826534,0.0,0,0.0,0.0,0,0.0,0.0,0.0,0.0,0,0.0,0.0,0.0,0.0,1.265654e-11
E7,is1,nbhd,adjust.*=1.25,p[labour]*0.5,3,CONVERGED,CONVERGED,561.0,561,0.3133704428404773,0.3133704,0.24942766219836576,0.2494277,14.0,14,0.0,0.0,534,534.0,0.1260359829272884,0.126036,6.4e-323,0,0.0,0.0,0.0,0.0,9.325873e-12
E7,is1,nbhd,adjust.*=1.25,p[labour]*2,3,CONVERGED,CONVERGED,551.0,551,0.30660011051472846,0.3066001,0.8560269909083775,0.856027,8.0,8,0.0,0.0,559,559.0,0.7402402387551272,0.7402402,6.4e-323,96,96.0,0.21060361537683853,0.2106036,1e-323,6.661338e-12
E7,is1,nbhd,adjust.*=1.25,p[land]*0.5,3,CONVERGED,CONVERGED,527.0,527,0.6434002104436155,0.6434002,0.8964746200985909,0.8964746,0.0,0,0.0,0.0,534,534.0,0.16214875249036267,0.1621488,6.4e-323,0,0.0,0.0,0.0,0.0,4.440892e-12
E7,is1,nbhd,adjust.*=1.25,p[land]*2,3,CONVERGED,CONVERGED,634.0,634,0.2586930429694123,0.258693,0.3055545738993286,0.3055546,90.0,90,0.0,0.0,578,578.0,0.2869364356663018,0.2869364,6.4e-323,0,0.0,0.0,0.0,0.0,9.325873e-12
E7,is1,nbhd,adjust.*=1.25,p[mach]*0.5,3,CONVERGED,CONVERGED,687.0,687,0.22147955199811026,0.2214796,0.9425748427583144,0.9425748,85.0,85,0.0,0.0,582,582.0,0.2671682297170712,0.2671682,6.4e-323,0,0.0,0.0,0.0,0.0,8.65974e-12
E7,is1,nbhd,adjust.*=1.25,p[mach]*2,3,CONVERGED,CONVERGED,551.0,551,0.5103869140168301,0.5103869,0.19181613120912078,0.1918161,0.0,0,0.0,0.0,574,574.0,0.14744058109497568,0.1474406,6.4e-323,0,0.0,0.0,0.0,0.0,9.103829e-12
E7,is1,nbhd,adjust.*=1.25,p[services]*0.5,3,CONVERGED,CONVERGED,586.0,586,0.5014632497362381,0.5014632,0.4396114623468713,0.4396115,0.0,0,0.0,0.0,603,603.0,0.13312096566432238,0.133121,6.4e-323,0,0.0,0.0,0.0,0.0,6.217249e-12
E7,is1,nbhd,adjust.*=1.25,p[services]*2,3,CONVERGED,CONVERGED,517.0,517,0.5512749916420072,0.551275,0.942574842758311,0.9425748,0.0,0,0.0,0.0,0,0.0,0.0,0.0,0.0,0,0.0,0.0,0.0,0.0,7.771561e-12
E7,is1,nbhd,adjust.*=1.25,res.services.trained=0.02@dated,3,CONVERGED,CONVERGED,415.0,415,0.815369534834632,0.8153695,0.7399539160575456,0.7399539,0.0,0,0.0,0.0,21998,21998.0,0.5540804789838868,0.5540805,0.3914281,0,0.0,0.0,0.0,0.0,5.551115e-12
E7,is1,nbhd,adjust.*=1.25,res.services.trained=0.02@genesis,3,CONVERGED,CONVERGED,415.0,415,0.8157183581443658,0.8157184,0.7399539160575466,0.7399539,0.0,0,0.0,0.0,21998,21998.0,0.5542373705203149,0.5542374,0.3914281,0,0.0,0.0,0.0,0.0,5.995204e-12
E7,is1,nbhd,adjust.*=1.25,res.services.trained=0.08@dated,3,CONVERGED,CONVERGED,575.0,575,0.49999999999999994,0.5,0.728408036636258,0.728408,0.0,0,0.0,0.0,0,0.0,0.0,0.0,0.0,0,0.0,0.0,0.0,0.0,1.820766e-11
E7,is1,nbhd,adjust.*=1.25,res.services.trained=0.08@genesis,3,CONVERGED,CONVERGED,576.0,576,0.5000000000000001,0.5,0.7295501982033182,0.7295502,0.0,0,0.0,0.0,0,0.0,0.0,0.0,0.0,0,0.0,0.0,0.0,0.0,1.84297e-11
E7,is1,nbhd,adjust.*=1.25,s[goods]=0.5,3,CONVERGED,CONVERGED,602.0,602,0.1401925323628027,0.1401925,0.942574842758311,0.9425748,64.0,64,0.0,0.0,617,617.0,0.6002740990682229,0.6002741,6.4e-323,107,107.0,0.6667603677703248,0.6667604,1e-323,7.549517e-12
E7,is1,nbhd,adjust.*=1.25,s[services]=0.5,3,CONVERGED,CONVERGED,589.0,589,0.22637436980020978,0.2263744,0.9198127159402244,0.9198127,36.0,36,0.0,0.0,610,610.0,0.7658352780005668,0.7658353,6.4e-323,111,111.0,0.02045505701383809,0.02045506,1e-323,1.287859e-11
E7,is1,nbhd,adjust.*=1.25,sw[master]=0.5,3,CONVERGED,CONVERGED,362.0,362,0.5434245121669512,0.5434245,0.9100329892968206,0.910033,0.0,0,0.0,0.0,0,0.0,0.0,0.0,0.0,75,75.0,0.3952500243371661,0.39525,1e-323,7.327472e-12
E7,is1,nbhd,adjust.*=1.25,sw[trained]=0.5,3,CONVERGED,CONVERGED,470.0,470,0.5047344661132523,0.5047345,0.8310946171594741,0.8310946,0.0,0,0.0,0.0,461,461.0,0.4819188334470013,0.4819188,6.4e-323,0,0.0,0.0,0.0,0.0,8.881784e-12
E7,is1,nbhd,adjust.*=1.25,tail.services=0.05@dated,3,CONVERGED,CONVERGED,384.0,384,0.9249325503371826,0.9249326,0.3985784175107578,0.3985784,0.0,0,0.0,0.0,0,0.0,0.0,0.0,0.0,0,0.0,0.0,0.0,0.0,5.329071e-12
E7,is1,nbhd,adjust.*=1.25,tail.services=0.05@genesis,3,CONVERGED,CONVERGED,384.0,384,0.9249325503371826,0.9249326,0.3985784175107578,0.3985784,0.0,0,0.0,0.0,0,0.0,0.0,0.0,0.0,0,0.0,0.0,0.0,0.0,4.884981e-12
E7,is1,nbhd,adjust.*=1.25,tail.services=0.2@dated,3,CONVERGED,CONVERGED,729.0,729,0.4492669921600601,0.449267,0.942574842758311,0.9425748,15.0,15,0.0,0.0,21998,21998.0,0.5178377234274545,0.5178377,0.2860879,21937,21937.0,0.30940434684898477,0.3094043,0.04967164,1.24345e-11
E7,is1,nbhd,adjust.*=1.25,tail.services=0.2@genesis,3,CONVERGED,CONVERGED,734.0,734,0.448516493531354,0.4485165,0.942574842758311,0.9425748,16.0,16,0.0,0.0,21998,21998.0,0.5200354642003768,0.5200355,0.2860879,21937,21937.0,0.3033260952210865,0.3033261,0.04967164,1.265654e-11
E7,is1,nbhd,adjust.*=1.25,x*/2,3,CONVERGED,CONVERGED,671.0,671,0.007979027096292701,0.007979027,0.942574842758311,0.9425748,87.0,87,0.0,0.0,657,657.0,0.9007051384106665,0.9007051,6.4e-323,141,141.0,0.7538408182874756,0.7538408,1e-323,8.881784e-12
E7,is1,nbhd,buffer.*=0.75,JA(0.5),3,CONVERGED,CONVERGED,692.0,692,0.17642956209534663,0.1764296,0.6865892851028954,0.6865893,112.0,112,0.0,0.0,583,583.0,0.29756038565933457,0.2975604,6.4e-323,0,0.0,0.0,0.0,0.0,5.551115e-12
E7,is1,nbhd,buffer.*=0.75,JA(2),3,CONVERGED,CONVERGED,537.0,537,0.5287304925186914,0.5287305,0.6231109444566872,0.6231109,1.0,1,0.0,0.0,560,560.0,0.10809925151850076,0.1080993,6.4e-323,0,0.0,0.0,0.0,0.0,4.662937e-12
E7,is1,nbhd,buffer.*=0.75,JB(0.5),3,CONVERGED,CONVERGED,643.0,643,0.2429382362591133,0.2429382,-0.4437195183615795,-0.4437195,86.0,86,21.0,21.0,643,643.0,0.6592739912655524,0.659274,6.4e-323,154,154.0,0.5265168553938401,0.5265169,1e-323,5.551115e-12
E7,is1,nbhd,buffer.*=0.75,JB(2),3,CONVERGED,CONVERGED,644.0,644,0.4515814692589641,0.4515815,0.9425748427583097,0.9425748,41.0,41,0.0,0.0,543,543.0,0.08980314027479767,0.08980314,6.4e-323,0,0.0,0.0,0.0,0.0,6.217249e-12
E7,is1,nbhd,buffer.*=0.75,N(0.5),3,CONVERGED,CONVERGED,604.0,604,0.4946018297973611,0.4946018,0.942574842758311,0.9425748,7.0,7,0.0,0.0,514,514.0,0.036789870083961645,0.03678987,6.4e-323,0,0.0,0.0,0.0,0.0,4.440892e-12
E7,is1,nbhd,buffer.*=0.75,N(2),3,CONVERGED,CONVERGED,541.0,541,0.44248820359856517,0.4424882,0.3827647058024371,0.3827647,4.0,4,0.0,0.0,567,567.0,0.05130509583335118,0.0513051,6.4e-323,0,0.0,0.0,0.0,0.0,1.221245e-11
E7,is1,nbhd,buffer.*=0.75,RC(0.5),3,CONVERGED,CONVERGED,593.0,593,0.5103385658232267,0.5103386,0.4836994811578523,0.4836995,0.0,0,0.0,0.0,611,611.0,0.21347073749986764,0.2134707,6.4e-323,0,0.0,0.0,0.0,0.0,6.661338e-12
E7,is1,nbhd,buffer.*=0.75,RC(2),3,CONVERGED,CONVERGED,590.0,590,0.358909862587392,0.3589099,0.9092691800650196,0.9092692,33.0,33,0.0,0.0,488,488.0,0.07454587275632862,0.07454587,6.4e-323,101,101.0,0.5581976443958229,0.5581976,1e-323,5.77316e-12
E7,is1,nbhd,buffer.*=0.75,RW(0.5),3,CONVERGED,CONVERGED,560.0,560,0.3942735710841284,0.3942736,0.24942766219836576,0.2494277,7.0,7,0.0,0.0,529,529.0,0.1049908866226552,0.1049909,6.4e-323,0,0.0,0.0,0.0,0.0,6.217249e-12
E7,is1,nbhd,buffer.*=0.75,RW(2),3,CONVERGED,CONVERGED,603.0,603,0.025824915155997993,0.02582492,0.7767390002955519,0.776739,26.0,26,0.0,0.0,607,607.0,0.9732081483202564,0.9732081,6.4e-323,78,78.0,0.84317648632556,0.8431765,1e-323,8.881784e-12
E7,is1,nbhd,buffer.*=0.75,land.mach=0.2@dated,3,CONVERGED,CONVERGED,584.0,584,0.569161724623198,0.5691617,0.942574842758311,0.9425748,0.0,0,0.0,0.0,455,455.0,0.1605203392874345,0.1605203,5.4e-323,0,0.0,0.0,0.0,0.0,1.24345e-11
E7,is1,nbhd,buffer.*=0.75,land.mach=0.2@genesis,3,CONVERGED,CONVERGED,583.0,583,0.5691617246231985,0.5691617,0.942574842758311,0.9425748,0.0,0,0.0,0.0,455,455.0,0.16001172683277426,0.1600117,5.4e-323,0,0.0,0.0,0.0,0.0,1.310063e-11
E7,is1,nbhd,buffer.*=0.75,land.mach=0.8@dated,3,CONVERGED,CONVERGED,562.0,562,0.19276735373598658,0.1927674,0.15424441743445177,0.1542444,88.0,88,0.0,0.0,743,743.0,0.2727232939457721,0.2727233,1.340835e-252,0,0.0,0.0,0.0,0.0,7.771561e-12
E7,is1,nbhd,buffer.*=0.75,land.mach=0.8@genesis,3,CONVERGED,CONVERGED,562.0,562,0.19301542524257984,0.1930154,0.15409619640070948,0.1540962,87.0,87,0.0,0.0,744,744.0,0.2725492309933856,0.2725492,1.355844e-252,0,0.0,0.0,0.0,0.0,8.881784e-12
E7,is1,nbhd,buffer.*=0.75,p[goods]*0.5,3,CONVERGED,CONVERGED,538.0,538,0.45028559297665227,0.4502856,0.8100987471846535,0.8100987,13.0,13,0.0,0.0,495,495.0,0.045966897449506106,0.0459669,6.4e-323,101,101.0,0.35009277464827704,0.3500928,1e-323,8.437695e-12
E7,is1,nbhd,buffer.*=0.75,p[goods]*2,3,CONVERGED,CONVERGED,469.0,469,0.7711806062349639,0.7711806,0.8544771470488497,0.8544771,0.0,0,0.0,0.0,492,492.0,0.05524331144435725,0.05524331,6.4e-323,0,0.0,0.0,0.0,0.0,7.549517e-12
E7,is1,nbhd,buffer.*=0.75,p[labour.master]*0.5,3,CONVERGED,CONVERGED,452.0,452,0.5233776053115375,0.5233776,0.8957952991964361,0.8957953,0.0,0,0.0,0.0,0,0.0,0.0,0.0,0.0,81,81.0,0.2426063332750646,0.2426063,1e-323,1.199041e-11
E7,is1,nbhd,buffer.*=0.75,p[labour.master]*2,3,CONVERGED,CONVERGED,453.0,453,0.7874711133785751,0.7874711,0.899383229186863,0.8993832,0.0,0,0.0,0.0,0,0.0,0.0,0.0,0.0,0,0.0,0.0,0.0,0.0,4.884981e-12
E7,is1,nbhd,buffer.*=0.75,p[labour.trained]*0.5,3,CONVERGED,CONVERGED,556.0,556,0.20335111663591543,0.2033511,0.701052865137363,0.7010529,12.0,12,0.0,0.0,594,594.0,0.7588864886641113,0.7588865,6.4e-323,0,0.0,0.0,0.0,0.0,6.217249e-12
E7,is1,nbhd,buffer.*=0.75,p[labour.trained]*2,3,CONVERGED,CONVERGED,472.0,472,0.8403309888289611,0.840331,0.888245166070841,0.8882452,0.0,0,0.0,0.0,0,0.0,0.0,0.0,0.0,0,0.0,0.0,0.0,0.0,7.993606e-12
E7,is1,nbhd,buffer.*=0.75,p[labour]*0.5,3,CONVERGED,CONVERGED,552.0,552,0.3103384709408259,0.3103385,0.24942766219836576,0.2494277,10.0,10,0.0,0.0,530,530.0,0.10242109152722789,0.1024211,6.4e-323,0,0.0,0.0,0.0,0.0,5.107026e-12
E7,is1,nbhd,buffer.*=0.75,p[labour]*2,3,CONVERGED,CONVERGED,530.0,530,0.30728763976004536,0.3072876,0.8761507100097446,0.8761507,8.0,8,0.0,0.0,463,463.0,0.7400496226832061,0.7400496,6.4e-323,95,95.0,0.21071666393473545,0.2107167,1e-323,7.327472e-12
E7,is1,nbhd,buffer.*=0.75,p[land]*0.5,3,CONVERGED,CONVERGED,548.0,548,0.6434002104436156,0.6434002,0.8951555371521982,0.8951555,0.0,0,0.0,0.0,536,536.0,0.15102180000330623,0.1510218,6.4e-323,0,0.0,0.0,0.0,0.0,7.549517e-12
E7,is1,nbhd,buffer.*=0.75,p[land]*2,3,CONVERGED,CONVERGED,648.0,648,0.2945362615849105,0.2945363,0.3775258820831805,0.3775259,88.0,88,0.0,0.0,572,572.0,0.23285062016199154,0.2328506,6.4e-323,0,0.0,0.0,0.0,0.0,9.769963e-12
E7,is1,nbhd,buffer.*=0.75,p[mach]*0.5,3,CONVERGED,CONVERGED,674.0,674,0.27796992118381564,0.2779699,0.9425748427583185,0.9425748,75.0,75,0.0,0.0,568,568.0,0.20159820411005866,0.2015982,6.4e-323,0,0.0,0.0,0.0,0.0,5.77316e-12
E7,is1,nbhd,buffer.*=0.75,p[mach]*2,3,CONVERGED,CONVERGED,544.0,544,0.5408537855134642,0.5408538,0.1935467945822863,0.1935468,0.0,0,0.0,0.0,573,573.0,0.13671384822002997,0.1367138,6.4e-323,0,0.0,0.0,0.0,0.0,9.547918e-12
E7,is1,nbhd,buffer.*=0.75,p[services]*0.5,3,CONVERGED,CONVERGED,556.0,556,0.5471234266518407,0.5471234,0.4995575367224254,0.4995575,0.0,0,0.0,0.0,564,564.0,0.09819976376559784,0.09819976,6.4e-323,0,0.0,0.0,0.0,0.0,9.103829e-12
E7,is1,nbhd,buffer.*=0.75,p[services]*2,3,CONVERGED,CONVERGED,499.0,499,0.6400503191788716,0.6400503,0.942574842758311,0.9425748,0.0,0,0.0,0.0,0,0.0,0.0,0.0,0.0,0,0.0,0.0,0.0,0.0,5.551115e-12
E7,is1,nbhd,buffer.*=0.75,res.services.trained=0.02@dated,3,CONVERGED,CONVERGED,443.0,443,0.8113217530727488,0.8113218,0.7399539160575453,0.7399539,0.0,0,0.0,0.0,21998,21998.0,0.5557388357355971,0.5557388,0.3914281,0,0.0,0.0,0.0,0.0,4.218847e-12
E7,is1,nbhd,buffer.*=0.75,res.services.trained=0.02@genesis,3,CONVERGED,CONVERGED,442.0,442,0.8117328988200266,0.8117329,0.7399539160575458,0.7399539,0.0,0,0.0,0.0,21998,21998.0,0.5558538415146069,0.5558538,0.3914281,0,0.0,0.0,0.0,0.0,9.103829e-12
E7,is1,nbhd,buffer.*=0.75,res.services.trained=0.08@dated,3,CONVERGED,CONVERGED,577.0,577,0.49999999999999994,0.5,0.748092174580653,0.7480922,0.0,0,0.0,0.0,0,0.0,0.0,0.0,0.0,0,0.0,0.0,0.0,0.0,1.865175e-11
E7,is1,nbhd,buffer.*=0.75,res.services.trained=0.08@genesis,3,CONVERGED,CONVERGED,577.0,577,0.5000000000000001,0.5,0.7492252302596972,0.7492252,0.0,0,0.0,0.0,0,0.0,0.0,0.0,0.0,0,0.0,0.0,0.0,0.0,1.665335e-11
E7,is1,nbhd,buffer.*=0.75,s[goods]=0.5,3,CONVERGED,CONVERGED,631.0,631,0.13667680578952007,0.1366768,0.942574842758311,0.9425748,71.0,71,0.0,0.0,628,628.0,0.6204900723234146,0.6204901,6.4e-323,117,117.0,0.7211528270786324,0.7211528,1e-323,9.992007e-12
E7,is1,nbhd,buffer.*=0.75,s[services]=0.5,3,CONVERGED,CONVERGED,611.0,611,0.2054298663422039,0.2054299,0.942574842758311,0.9425748,29.0,29,0.0,0.0,607,607.0,0.7928404823670528,0.7928405,6.4e-323,121,121.0,0.10880489602452616,0.1088049,1e-323,5.551115e-12
E7,is1,nbhd,buffer.*=0.75,sw[master]=0.5,3,CONVERGED,CONVERGED,373.0,373,0.5434245121669512,0.5434245,0.912937363100347,0.9129374,0.0,0,0.0,0.0,0,0.0,0.0,0.0,0.0,75,75.0,0.3952500243371661,0.39525,1e-323,8.881784e-12
E7,is1,nbhd,buffer.*=0.75,sw[trained]=0.5,3,CONVERGED,CONVERGED,482.0,482,0.5047344661132523,0.5047345,0.8375966369320619,0.8375966,0.0,0,0.0,0.0,457,457.0,0.4819188334470013,0.4819188,6.4e-323,0,0.0,0.0,0.0,0.0,3.996803e-12
E7,is1,nbhd,buffer.*=0.75,tail.services=0.05@dated,3,CONVERGED,CONVERGED,410.0,410,0.9270629456646067,0.9270629,0.39857841751075973,0.3985784,0.0,0,0.0,0.0,0,0.0,0.0,0.0,0.0,0,0.0,0.0,0.0,0.0,8.437695e-12
E7,is1,nbhd,buffer.*=0.75,tail.services=0.05@genesis,3,CONVERGED,CONVERGED,410.0,410,0.9270629456646067,0.9270629,0.39857841751075973,0.3985784,0.0,0,0.0,0.0,0,0.0,0.0,0.0,0.0,0,0.0,0.0,0.0,0.0,9.547918e-12
E7,is1,nbhd,buffer.*=0.75,tail.services=0.2@dated,3,CONVERGED,CONVERGED,708.0,708,0.4550040441795691,0.455004,0.942574842758311,0.9425748,9.0,9,0.0,0.0,21998,21998.0,0.518499942434737,0.5184999,0.2860879,21935,21935.0,0.305340623180207,0.3053406,0.04967164,1.620926e-11
E7,is1,nbhd,buffer.*=0.75,tail.services=0.2@genesis,3,CONVERGED,CONVERGED,712.0,712,0.454582740448051,0.4545827,0.942574842758311,0.9425748,9.0,9,0.0,0.0,21998,21998.0,0.5201990786229386,0.5201991,0.2860879,21934,21934.0,0.30281230412109084,0.3028123,0.04967164,1.554312e-11
E7,is1,nbhd,buffer.*=0.75,x*/2,3,CONVERGED,CONVERGED,686.0,686,0.0,0.0,0.942574842758311,0.9425748,95.0,95,0.0,0.0,671,671.0,0.916404000811429,0.916404,6.4e-323,166,166.0,0.8013595601104776,0.8013596,1e-323,5.551115e-12
E7,is1,nbhd,buffer.*=0.9,JA(0.5),3,CONVERGED,CONVERGED,685.0,685,0.16825796492949396,0.168258,0.6158747472821694,0.6158747,115.0,115,0.0,0.0,590,590.0,0.3435408097129415,0.3435408,6.4e-323,0,0.0,0.0,0.0,0.0,1.065814e-11
E7,is1,nbhd,buffer.*=0.9,JA(2),3,CONVERGED,CONVERGED,548.0,548,0.5317398955002444,0.5317399,0.6321378979673827,0.6321379,1.0,1,0.0,0.0,558,558.0,0.11345647835927433,0.1134565,6.4e-323,0,0.0,0.0,0.0,0.0,7.549517e-12
E7,is1,nbhd,buffer.*=0.9,JB(0.5),3,CONVERGED,CONVERGED,640.0,640,0.22184862680305614,0.2218486,-0.4437195183615795,-0.4437195,90.0,90,26.0,26.0,650,650.0,0.6660697739793962,0.6660698,6.4e-323,160,160.0,0.5467010202152504,0.546701,1e-323,1.154632e-11
E7,is1,nbhd,buffer.*=0.9,JB(2),3,CONVERGED,CONVERGED,653.0,653,0.38560925040677185,0.3856093,0.9425748427583147,0.9425748,54.0,54,0.0,0.0,554,554.0,0.12075190669128012,0.1207519,6.4e-323,0,0.0,0.0,0.0,0.0,6.661338e-12
E7,is1,nbhd,buffer.*=0.9,N(0.5),3,CONVERGED,CONVERGED,599.0,599,0.4790064321895657,0.4790064,0.942574842758311,0.9425748,13.0,13,0.0,0.0,523,523.0,0.05766375546679094,0.05766376,6.4e-323,0,0.0,0.0,0.0,0.0,8.21565e-12
E7,is1,nbhd,buffer.*=0.9,N(2),3,CONVERGED,CONVERGED,528.0,528,0.44248820359856517,0.4424882,0.38768727770907235,0.3876873,4.0,4,0.0,0.0,566,566.0,0.05078696451668669,0.05078696,6.4e-323,0,0.0,0.0,0.0,0.0,1.04361e-11
E7,is1,nbhd,buffer.*=0.9,RC(0.5),3,CONVERGED,CONVERGED,612.0,612,0.47694648772571857,0.4769465,0.4504156772772566,0.4504157,15.0,15,0.0,0.0,620,620.0,0.2475988569883506,0.2475989,6.4e-323,0,0.0,0.0,0.0,0.0,7.771561e-12
E7,is1,nbhd,buffer.*=0.9,RC(2),3,CONVERGED,CONVERGED,567.0,567,0.312002841179222,0.3120028,0.9224035639530668,0.9224036,40.0,40,0.0,0.0,491,491.0,0.08612692519328986,0.08612693,6.4e-323,97,97.0,0.6167353543643156,0.6167354,1e-323,8.437695e-12
E7,is1,nbhd,buffer.*=0.9,RW(0.5),3,CONVERGED,CONVERGED,574.0,574,0.39532444226402874,0.3953244,0.24942766219836576,0.2494277,7.0,7,0.0,0.0,532,532.0,0.12100223656136062,0.1210022,6.4e-323,0,0.0,0.0,0.0,0.0,1.110223e-11
E7,is1,nbhd,buffer.*=0.9,RW(2),3,CONVERGED,CONVERGED,600.0,600,0.025863173043437288,0.02586317,0.7550482946761813,0.7550483,48.0,48,0.0,0.0,613,613.0,0.9730480691903789,0.9730481,6.4e-323,74,74.0,0.8430281145486976,0.8430281,1e-323,7.771561e-12
E7,is1,nbhd,buffer.*=0.9,land.mach=0.2@dated,3,CONVERGED,CONVERGED,567.0,567,0.569161724623198,0.5691617,0.942574842758311,0.9425748,0.0,0,0.0,0.0,456,456.0,0.16114968565080534,0.1611497,5.4e-323,0,0.0,0.0,0.0,0.0,1.221245e-11
E7,is1,nbhd,buffer.*=0.9,land.mach=0.2@genesis,3,CONVERGED,CONVERGED,567.0,567,0.5691617246231985,0.5691617,0.942574842758311,0.9425748,0.0,0,0.0,0.0,456,456.0,0.16062064314712277,0.1606206,5.4e-323,0,0.0,0.0,0.0,0.0,1.199041e-11
E7,is1,nbhd,buffer.*=0.9,land.mach=0.8@dated,3,CONVERGED,CONVERGED,544.0,544,0.17461147819016085,0.1746115,0.15459335077073183,0.1545934,91.0,91,0.0,0.0,746,746.0,0.30838919131420517,0.3083892,1.402806e-252,0,0.0,0.0,0.0,0.0,1.021405e-11
E7,is1,nbhd,buffer.*=0.9,land.mach=0.8@genesis,3,CONVERGED,CONVERGED,545.0,545,0.1745996753208567,0.1745997,0.15451976422554045,0.1545198,92.0,92,0.0,0.0,746,746.0,0.30816305242325764,0.3081631,1.417638e-252,0,0.0,0.0,0.0,0.0,3.996803e-12
E7,is1,nbhd,buffer.*=0.9,p[goods]*0.5,3,CONVERGED,CONVERGED,530.0,530,0.4037000319856936,0.4037,0.7936667546878693,0.7936668,18.0,18,0.0,0.0,501,501.0,0.05746989198308757,0.05746989,6.4e-323,99,99.0,0.41166511090627134,0.4116651,1e-323,1.088019e-11
E7,is1,nbhd,buffer.*=0.9,p[goods]*2,3,CONVERGED,CONVERGED,453.0,453,0.7703678264282322,0.7703678,0.8571354899961107,0.8571355,0.0,0,0.0,0.0,493,493.0,0.05784084648834179,0.05784085,6.4e-323,0,0.0,0.0,0.0,0.0,1.199041e-11
E7,is1,nbhd,buffer.*=0.9,p[labour.master]*0.5,3,CONVERGED,CONVERGED,439.0,439,0.5234225717419877,0.5234226,0.8916024686884857,0.8916025,0.0,0,0.0,0.0,0,0.0,0.0,0.0,0.0,81,81.0,0.2426032034838371,0.2426032,1e-323,8.21565e-12
E7,is1,nbhd,buffer.*=0.9,p[labour.master]*2,3,CONVERGED,CONVERGED,443.0,443,0.7874711133785751,0.7874711,0.8956345100920196,0.8956345,0.0,0,0.0,0.0,0,0.0,0.0,0.0,0.0,0,0.0,0.0,0.0,0.0,1.04361e-11
E7,is1,nbhd,buffer.*=0.9,p[labour.trained]*0.5,3,CONVERGED,CONVERGED,577.0,577,0.20328597569421858,0.203286,0.684417475145822,0.6844175,25.0,25,0.0,0.0,600,600.0,0.75819955651774,0.7581996,6.4e-323,0,0.0,0.0,0.0,0.0,1.265654e-11
E7,is1,nbhd,buffer.*=0.9,p[labour.trained]*2,3,CONVERGED,CONVERGED,462.0,462,0.8403309888289611,0.840331,0.8848826022131532,0.8848826,0.0,0,0.0,0.0,0,0.0,0.0,0.0,0.0,0,0.0,0.0,0.0,0.0,1.021405e-11
E7,is1,nbhd,buffer.*=0.9,p[labour]*0.5,3,CONVERGED,CONVERGED,568.0,568,0.3121636764221159,0.3121637,0.24942766219836576,0.2494277,12.0,12,0.0,0.0,532,532.0,0.1172992556360636,0.1172993,6.4e-323,0,0.0,0.0,0.0,0.0,9.103829e-12
E7,is1,nbhd,buffer.*=0.9,p[labour]*2,3,CONVERGED,CONVERGED,555.0,555,0.30687402100772576,0.306874,0.8639571180139163,0.8639571,8.0,8,0.0,0.0,470,470.0,0.7401626399216292,0.7401626,6.4e-323,96,96.0,0.21064834680236286,0.2106483,1e-323,1.154632e-11
E7,is1,nbhd,buffer.*=0.9,p[land]*0.5,3,CONVERGED,CONVERGED,537.0,537,0.6434002104436156,0.6434002,0.8959552714078389,0.8959553,0.0,0,0.0,0.0,535,535.0,0.15782870237273028,0.1578287,6.4e-323,0,0.0,0.0,0.0,0.0,1.176836e-11
E7,is1,nbhd,buffer.*=0.9,p[land]*2,3,CONVERGED,CONVERGED,638.0,638,0.27182760523815025,0.2718276,0.33354123986459583,0.3335412,89.0,89,0.0,0.0,575,575.0,0.2664396901061112,0.2664397,6.4e-323,0,0.0,0.0,0.0,0.0,9.103829e-12
E7,is1,nbhd,buffer.*=0.9,p[mach]*0.5,3,CONVERGED,CONVERGED,673.0,673,0.2412379896272641,0.241238,0.9425748427583187,0.9425748,82.0,82,0.0,0.0,577,577.0,0.24279134762697208,0.2427913,6.4e-323,0,0.0,0.0,0.0,0.0,1.021405e-11
E7,is1,nbhd,buffer.*=0.9,p[mach]*2,3,CONVERGED,CONVERGED,560.0,560,0.5222135241939515,0.5222135,0.19275203242994546,0.192752,0.0,0,0.0,0.0,573,573.0,0.14347696638419113,0.143477,6.4e-323,0,0.0,0.0,0.0,0.0,9.547918e-12
E7,is1,nbhd,buffer.*=0.9,p[services]*0.5,3,CONVERGED,CONVERGED,584.0,584,0.5184648831492893,0.5184649,0.4618219791489576,0.461822,0.0,0,0.0,0.0,592,592.0,0.1194826304447779,0.1194826,6.4e-323,0,0.0,0.0,0.0,0.0,1.265654e-11
E7,is1,nbhd,buffer.*=0.9,p[services]*2,3,CONVERGED,CONVERGED,520.0,520,0.585796102420783,0.5857961,0.942574842758311,0.9425748,0.0,0,0.0,0.0,0,0.0,0.0,0.0,0.0,0,0.0,0.0,0.0,0.0,1.154632e-11
E7,is1,nbhd,buffer.*=0.9,res.services.trained=0.02@dated,3,CONVERGED,CONVERGED,425.0,425,0.8137833952258877,0.8137834,0.7399539160575498,0.7399539,0.0,0,0.0,0.0,21998,21998.0,0.5547316673520062,0.5547317,0.3914281,0,0.0,0.0,0.0,0.0,5.107026e-12
E7,is1,nbhd,buffer.*=0.9,res.services.trained=0.02@genesis,3,CONVERGED,CONVERGED,424.0,424,0.8141557130280226,0.8141557,0.7399539160575491,0.7399539,0.0,0,0.0,0.0,21998,21998.0,0.5548733736847348,0.5548734,0.3914281,0,0.0,0.0,0.0,0.0,5.995204e-12
E7,is1,nbhd,buffer.*=0.9,res.services.trained=0.08@dated,3,CONVERGED,CONVERGED,573.0,573,0.49999999999999994,0.5,0.7358811639934008,0.7358812,0.0,0,0.0,0.0,0,0.0,0.0,0.0,0.0,0,0.0,0.0,0.0,0.0,1.909584e-11
E7,is1,nbhd,buffer.*=0.9,res.services.trained=0.08@genesis,3,CONVERGED,CONVERGED,574.0,574,0.5000000000000001,0.5,0.7369995316770976,0.7369995,0.0,0,0.0,0.0,0,0.0,0.0,0.0,0.0,0,0.0,0.0,0.0,0.0,1.354472e-11
E7,is1,nbhd,buffer.*=0.9,s[goods]=0.5,3,CONVERGED,CONVERGED,624.0,624,0.13623763614848133,0.1362376,0.942574842758311,0.9425748,72.0,72,0.0,0.0,629,629.0,0.6148629809084012,0.614863,6.4e-323,117,117.0,0.7211575349495446,0.7211575,1e-323,1.199041e-11
E7,is1,nbhd,buffer.*=0.9,s[services]=0.5,3,CONVERGED,CONVERGED,602.0,602,0.20461179562047901,0.2046118,0.942574842758311,0.9425748,49.0,49,0.0,0.0,614,614.0,0.7910810735771517,0.7910811,6.4e-323,125,125.0,0.1302038964079556,0.1302039,1e-323,7.327472e-12
E7,is1,nbhd,buffer.*=0.9,sw[master]=0.5,3,CONVERGED,CONVERGED,365.0,365,0.5434245121669512,0.5434245,0.9125596075556804,0.9125596,0.0,0,0.0,0.0,0,0.0,0.0,0.0,0.0,75,75.0,0.3952500243371661,0.39525,1e-323,6.217249e-12
E7,is1,nbhd,buffer.*=0.9,sw[trained]=0.5,3,CONVERGED,CONVERGED,474.0,474,0.5047344661132523,0.5047345,0.8336869592787867,0.833687,0.0,0,0.0,0.0,459,459.0,0.4819188334470013,0.4819188,6.4e-323,0,0.0,0.0,0.0,0.0,9.769963e-12
E7,is1,nbhd,buffer.*=0.9,tail.services=0.05@dated,3,CONVERGED,CONVERGED,393.0,393,0.9257909128108794,0.9257909,0.39857841751076034,0.3985784,0.0,0,0.0,0.0,0,0.0,0.0,0.0,0.0,0,0.0,0.0,0.0,0.0,4.884981e-12
E7,is1,nbhd,buffer.*=0.9,tail.services=0.05@genesis,3,CONVERGED,CONVERGED,393.0,393,0.9257909128108794,0.9257909,0.3985784175107593,0.3985784,0.0,0,0.0,0.0,0,0.0,0.0,0.0,0.0,0,0.0,0.0,0.0,0.0,5.551115e-12
E7,is1,nbhd,buffer.*=0.9,tail.services=0.2@dated,3,CONVERGED,CONVERGED,708.0,708,0.45167498959059815,0.451675,0.942574842758311,0.9425748,9.0,9,0.0,0.0,21998,21998.0,0.5180363697054782,0.5180364,0.2860879,21936,21936.0,0.3101977565119659,0.3101978,0.04967164,1.532108e-11
E7,is1,nbhd,buffer.*=0.9,tail.services=0.2@genesis,3,CONVERGED,CONVERGED,734.0,734,0.451004028149001,0.451004,0.942574842758311,0.9425748,9.0,9,0.0,0.0,21998,21998.0,0.5200734738456927,0.5200735,0.2860879,21936,21936.0,0.3050675469284355,0.3050675,0.04967164,1.64313e-11
E7,is1,nbhd,buffer.*=0.9,x*/2,3,CONVERGED,CONVERGED,684.0,684,0.0,0.0,0.942574842758311,0.9425748,97.0,97,0.0,0.0,674,674.0,0.914506260473212,0.9145063,6.4e-323,169,169.0,0.7978949166827313,0.7978949,1e-323,1.132427e-11
E7,is1,nbhd,buffer.*=1.1,JA(0.5),3,CONVERGED,CONVERGED,704.0,704,0.1449946236770299,0.1449946,0.5273019255164006,0.5273019,119.0,119,0.0,0.0,598,598.0,0.3956737239365734,0.3956737,6.4e-323,0,0.0,0.0,0.0,0.0,1.221245e-11
E7,is1,nbhd,buffer.*=1.1,JA(2),3,CONVERGED,CONVERGED,531.0,531,0.5356828530078416,0.5356829,0.6425229723856306,0.642523,1.0,1,0.0,0.0,556,556.0,0.11942975611543134,0.1194298,6.4e-323,0,0.0,0.0,0.0,0.0,6.217249e-12
E7,is1,nbhd,buffer.*=1.1,JB(0.5),3,CONVERGED,CONVERGED,637.0,637,0.19573304848360498,0.195733,-0.4437195183615795,-0.4437195,96.0,96,30.0,30.0,658,658.0,0.6770877360180155,0.6770877,6.4e-323,169,169.0,0.5757003867110417,0.5757004,1e-323,1.021405e-11
E7,is1,nbhd,buffer.*=1.1,JB(2),3,CONVERGED,CONVERGED,655.0,655,0.3119019037142279,0.3119019,0.9425748427583166,0.9425748,63.0,63,0.0,0.0,567,567.0,0.1652900034415924,0.16529,6.4e-323,0,0.0,0.0,0.0,0.0,7.771561e-12
E7,is1,nbhd,buffer.*=1.1,N(0.5),3,CONVERGED,CONVERGED,626.0,626,0.45769346492917823,0.4576935,0.942574842758311,0.9425748,18.0,18,0.0,0.0,532,532.0,0.08504653755107948,0.08504654,6.4e-323,0,0.0,0.0,0.0,0.0,7.549517e-12
E7,is1,nbhd,buffer.*=1.1,N(2),3,CONVERGED,CONVERGED,515.0,515,0.44248820359856517,0.4424882,0.39307523252734766,0.3930752,4.0,4,0.0,0.0,566,566.0,0.0497455233116523,0.04974552,6.4e-323,0,0.0,0.0,0.0,0.0,9.325873e-12
E7,is1,nbhd,buffer.*=1.1,RC(0.5),3,CONVERGED,CONVERGED,603.0,603,0.43915473147084494,0.4391547,0.41195592706977774,0.4119559,29.0,29,0.0,0.0,623,623.0,0.28929016724944523,0.2892902,6.4e-323,0,0.0,0.0,0.0,0.0,7.549517e-12
E7,is1,nbhd,buffer.*=1.1,RC(2),3,CONVERGED,CONVERGED,549.0,549,0.26215888541435467,0.2621589,0.9382864670454218,0.9382865,42.0,42,0.0,0.0,495,495.0,0.10087873246320449,0.1008787,6.4e-323,94,94.0,0.6788981008557152,0.6788981,1e-323,7.327472e-12
E7,is1,nbhd,buffer.*=1.1,RW(0.5),3,CONVERGED,CONVERGED,564.0,564,0.39668131105938836,0.3966813,0.24942766219836576,0.2494277,22.0,22,0.0,0.0,535,535.0,0.13752095685842822,0.137521,6.4e-323,0,0.0,0.0,0.0,0.0,5.995204e-12
E7,is1,nbhd,buffer.*=1.1,RW(2),3,CONVERGED,CONVERGED,598.0,598,0.02590883561997994,0.02590884,0.7253608953773043,0.7253609,57.0,57,0.0,0.0,622,622.0,0.9728464127503935,0.9728464,6.4e-323,70,70.0,0.8428416348564032,0.8428416,1e-323,1.110223e-11
E7,is1,nbhd,buffer.*=1.1,land.mach=0.2@dated,3,CONVERGED,CONVERGED,552.0,552,0.569161724623198,0.5691617,0.942574842758311,0.9425748,0.0,0,0.0,0.0,457,457.0,0.1618655669330957,0.1618656,5.4e-323,0,0.0,0.0,0.0,0.0,8.21565e-12
E7,is1,nbhd,buffer.*=1.1,land.mach=0.2@genesis,3,CONVERGED,CONVERGED,552.0,552,0.5691617246231985,0.5691617,0.942574842758311,0.9425748,0.0,0,0.0,0.0,456,456.0,0.16131552201022342,0.1613155,5.4e-323,0,0.0,0.0,0.0,0.0,9.769963e-12
E7,is1,nbhd,buffer.*=1.1,land.mach=0.8@dated,3,CONVERGED,CONVERGED,563.0,563,0.15582661244927948,0.1558266,0.10193470728924796,0.1019347,97.0,97,0.0,0.0,750,750.0,0.35030691939745723,0.3503069,1.503846e-252,0,0.0,0.0,0.0,0.0,6.217249e-12
E7,is1,nbhd,buffer.*=1.1,land.mach=0.8@genesis,3,CONVERGED,CONVERGED,563.0,563,0.15565856634501593,0.1556586,0.10191089047329058,0.1019109,97.0,97,0.0,0.0,749,749.0,0.349961125347964,0.3499611,1.51973e-252,0,0.0,0.0,0.0,0.0,7.327472e-12
E7,is1,nbhd,buffer.*=1.1,p[goods]*0.5,3,CONVERGED,CONVERGED,556.0,556,0.35371325375284074,0.3537133,0.7796984762207655,0.7796985,28.0,28,0.0,0.0,507,507.0,0.06936098281325086,0.06936098,6.4e-323,98,98.0,0.47803061836048744,0.4780306,1e-323,1.088019e-11
E7,is1,nbhd,buffer.*=1.1,p[goods]*2,3,CONVERGED,CONVERGED,475.0,475,0.7504552288692578,0.7504552,0.860429772062164,0.8604298,0.0,0,0.0,0.0,494,494.0,0.05978334587556649,0.05978335,6.4e-323,0,0.0,0.0,0.0,0.0,8.881784e-12
E7,is1,nbhd,buffer.*=1.1,p[labour.master]*0.5,3,CONVERGED,CONVERGED,430.0,430,0.523443934473597,0.5234439,0.8831027486341699,0.8831027,0.0,0,0.0,0.0,0,0.0,0.0,0.0,0.0,81,81.0,0.2426003757933819,0.2426004,1e-323,5.329071e-12
E7,is1,nbhd,buffer.*=1.1,p[labour.master]*2,3,CONVERGED,CONVERGED,432.0,432,0.7874711133785751,0.7874711,0.8893532737474844,0.8893533,0.0,0,0.0,0.0,0,0.0,0.0,0.0,0.0,0,0.0,0.0,0.0,0.0,8.21565e-12
E7,is1,nbhd,buffer.*=1.1,p[labour.trained]*0.5,3,CONVERGED,CONVERGED,572.0,572,0.2031743303867788,0.2031743,0.66388967929198,0.6638897,34.0,34,0.0,0.0,604,604.0,0.7573428240750572,0.7573428,6.4e-323,0,0.0,0.0,0.0,0.0,5.995204e-12
E7,is1,nbhd,buffer.*=1.1,p[labour.trained]*2,3,CONVERGED,CONVERGED,455.0,455,0.8258357822910334,0.8258358,0.8804959191646652,0.8804959,0.0,0,0.0,0.0,0,0.0,0.0,0.0,0.0,0,0.0,0.0,0.0,0.0,7.549517e-12
E7,is1,nbhd,buffer.*=1.1,p[labour]*0.5,3,CONVERGED,CONVERGED,557.0,557,0.3145691746396033,0.3145692,0.24942766219836576,0.2494277,17.0,17,0.0,0.0,535,535.0,0.13278773336302827,0.1327877,6.4e-323,0,0.0,0.0,0.0,0.0,5.551115e-12
E7,is1,nbhd,buffer.*=1.1,p[labour]*2,3,CONVERGED,CONVERGED,546.0,546,0.30632775099737725,0.3063278,0.8483680578117415,0.8483681,8.0,8,0.0,0.0,582,582.0,0.7403194970896192,0.7403195,6.4e-323,97,97.0,0.21055952271162207,0.2105595,1e-323,1.021405e-11
E7,is1,nbhd,buffer.*=1.1,p[land]*0.5,3,CONVERGED,CONVERGED,553.0,553,0.6434002104436156,0.6434002,0.8969832485188884,0.8969832,0.0,0,0.0,0.0,533,533.0,0.16631455819867103,0.1663146,6.4e-323,0,0.0,0.0,0.0,0.0,9.325873e-12
E7,is1,nbhd,buffer.*=1.1,p[land]*2,3,CONVERGED,CONVERGED,631.0,631,0.24349709681536444,0.2434971,0.2786929343179077,0.2786929,92.0,92,0.0,0.0,580,580.0,0.3064689015509342,0.3064689,6.4e-323,0,0.0,0.0,0.0,0.0,6.217249e-12
E7,is1,nbhd,buffer.*=1.1,p[mach]*0.5,3,CONVERGED,CONVERGED,683.0,683,0.19983241615966263,0.1998324,0.9425748427583178,0.9425748,89.0,89,0.0,0.0,586,586.0,0.2889143009776013,0.2889143,6.4e-323,0,0.0,0.0,0.0,0.0,6.661338e-12
E7,is1,nbhd,buffer.*=1.1,p[mach]*2,3,CONVERGED,CONVERGED,544.0,544,0.4989855774737857,0.4989856,0.1907234025567305,0.1907234,3.0,3,0.0,0.0,574,574.0,0.15036202479758348,0.150362,6.4e-323,0,0.0,0.0,0.0,0.0,1.065814e-11
E7,is1,nbhd,buffer.*=1.1,p[services]*0.5,3,CONVERGED,CONVERGED,584.0,584,0.48627850688384977,0.4862785,0.4194828903140507,0.4194829,8.0,8,0.0,0.0,608,608.0,0.14636488859098767,0.1463649,6.4e-323,0,0.0,0.0,0.0,0.0,7.105427e-12
E7,is1,nbhd,buffer.*=1.1,p[services]*2,3,CONVERGED,CONVERGED,511.0,511,0.5188443344218922,0.5188443,0.942574842758311,0.9425748,0.0,0,0.0,0.0,0,0.0,0.0,0.0,0.0,0,0.0,0.0,0.0,0.0,7.327472e-12
E7,is1,nbhd,buffer.*=1.1,res.services.trained=0.02@dated,3,CONVERGED,CONVERGED,407.0,407,0.8169143092115883,0.8169143,0.7399539160575483,0.7399539,0.0,0,0.0,0.0,21998,21998.0,0.5534446569153783,0.5534447,0.3914281,0,0.0,0.0,0.0,0.0,6.883383e-12
E7,is1,nbhd,buffer.*=1.1,res.services.trained=0.02@genesis,3,CONVERGED,CONVERGED,407.0,407,0.8172417568075534,0.8172418,0.7399539160575479,0.7399539,0.0,0,0.0,0.0,21998,21998.0,0.5536148903057029,0.5536149,0.3914281,0,0.0,0.0,0.0,0.0,6.439294e-12
E7,is1,nbhd,buffer.*=1.1,res.services.trained=0.08@dated,3,CONVERGED,CONVERGED,579.0,579,0.49999999999999994,0.5,0.7215236626411021,0.7215237,0.0,0,0.0,0.0,0,0.0,0.0,0.0,0.0,0,0.0,0.0,0.0,0.0,1.865175e-11
E7,is1,nbhd,buffer.*=1.1,res.services.trained=0.08@genesis,3,CONVERGED,CONVERGED,580.0,580,0.5000000000000001,0.5,0.7226594025711476,0.7226594,0.0,0,0.0,0.0,0,0.0,0.0,0.0,0.0,0,0.0,0.0,0.0,0.0,1.64313e-11
E7,is1,nbhd,buffer.*=1.1,s[goods]=0.5,3,CONVERGED,CONVERGED,644.0,644,0.1355909120226834,0.1355909,0.942574842758311,0.9425748,72.0,72,0.0,0.0,630,630.0,0.6084282795961726,0.6084283,6.4e-323,118,118.0,0.7216086056147145,0.7216086,1e-323,8.21565e-12
E7,is1,nbhd,buffer.*=1.1,s[services]=0.5,3,CONVERGED,CONVERGED,594.0,594,0.203213575622451,0.2032136,0.9216141894270159,0.9216142,55.0,55,0.0,0.0,619,619.0,0.7891028172144152,0.7891028,6.4e-323,131,131.0,0.15328960542936831,0.1532896,1e-323,1.088019e-11
E7,is1,nbhd,buffer.*=1.1,sw[master]=0.5,3,CONVERGED,CONVERGED,360.0,360,0.5434245121669512,0.5434245,0.9075526186103874,0.9075526,0.0,0,0.0,0.0,0,0.0,0.0,0.0,0.0,75,75.0,0.3952500243371661,0.39525,1e-323,7.549517e-12
E7,is1,nbhd,buffer.*=1.1,sw[trained]=0.5,3,CONVERGED,CONVERGED,468.0,468,0.5047344661132523,0.5047345,0.8285996388825004,0.8285996,0.0,0,0.0,0.0,462,462.0,0.4819188334470013,0.4819188,6.4e-323,0,0.0,0.0,0.0,0.0,6.661338e-12
E7,is1,nbhd,buffer.*=1.1,tail.services=0.05@dated,3,CONVERGED,CONVERGED,377.0,377,0.9240973072888563,0.9240973,0.3985784175107577,0.3985784,0.0,0,0.0,0.0,0,0.0,0.0,0.0,0.0,0,0.0,0.0,0.0,0.0,8.437695e-12
E7,is1,nbhd,buffer.*=1.1,tail.services=0.05@genesis,3,CONVERGED,CONVERGED,377.0,377,0.9240973072888563,0.9240973,0.39857841751075646,0.3985784,0.0,0,0.0,0.0,0,0.0,0.0,0.0,0.0,0,0.0,0.0,0.0,0.0,9.103829e-12
E7,is1,nbhd,buffer.*=1.1,tail.services=0.2@dated,3,CONVERGED,CONVERGED,724.0,724,0.44691310227270165,0.4469131,0.9330910210141887,0.933091,18.0,18,0.0,0.0,21998,21998.0,0.5176956872125204,0.5176957,0.2860879,21938,21938.0,0.30598280910822695,0.3059828,0.04967164,1.465494e-11
E7,is1,nbhd,buffer.*=1.1,tail.services=0.2@genesis,3,CONVERGED,CONVERGED,729.0,729,0.4460136874207923,0.4460137,0.9407728004127893,0.9407728,20.0,20,0.0,0.0,21998,21998.0,0.5200671326675511,0.5200671,0.2860879,21938,21938.0,0.29926028524040565,0.2992603,0.04967164,1.398881e-11
E7,is1,nbhd,buffer.*=1.1,x*/2,3,CONVERGED,CONVERGED,680.0,680,0.0039272982977233495,0.003927298,0.942574842758311,0.9425748,99.0,99,0.0,0.0,677,677.0,0.9121287517939176,0.9121288,6.4e-323,173,173.0,0.7937184470789351,0.7937184,1e-323,5.551115e-12
E7,is1,nbhd,buffer.*=1.25,JA(0.5),3,CONVERGED,CONVERGED,698.0,698,0.12920321019225073,0.1292032,0.46408707320178877,0.4640871,122.0,122,0.0,0.0,603,603.0,0.4301588277390482,0.4301588,6.4e-323,0,0.0,0.0,0.0,0.0,6.439294e-12
E7,is1,nbhd,buffer.*=1.25,JA(2),3,CONVERGED,CONVERGED,521.0,521,0.5385887488265307,0.5385887,0.6494972655537838,0.6494973,1.0,1,0.0,0.0,555,555.0,0.1231897361249088,0.1231897,6.4e-323,0,0.0,0.0,0.0,0.0,7.993606e-12
E7,is1,nbhd,buffer.*=1.25,JB(0.5),3,CONVERGED,CONVERGED,669.0,669,0.1771500269324911,0.17715,-0.4437195183615795,-0.4437195,100.0,100,31.0,31.0,664,664.0,0.6856035567286975,0.6856036,6.4e-323,176,176.0,0.5978285511975227,0.5978286,1e-323,7.771561e-12
E7,is1,nbhd,buffer.*=1.25,JB(2),3,CONVERGED,CONVERGED,655.0,655,0.26594532101786494,0.2659453,0.942574842758315,0.9425748,69.0,69,0.0,0.0,577,577.0,0.19630602146455825,0.196306,6.4e-323,0,0.0,0.0,0.0,0.0,9.103829e-12
E7,is1,nbhd,buffer.*=1.25,N(0.5),3,CONVERGED,CONVERGED,620.0,620,0.4420131343515144,0.4420131,0.9316270147320597,0.931627,21.0,21,0.0,0.0,537,537.0,0.10512976094773666,0.1051298,6.4e-323,0,0.0,0.0,0.0,0.0,7.105427e-12
E7,is1,nbhd,buffer.*=1.25,N(2),3,CONVERGED,CONVERGED,507.0,507,0.44248820359856517,0.4424882,0.39634013196050877,0.3963401,4.0,4,0.0,0.0,565,565.0,0.04907390048056685,0.0490739,6.4e-323,0,0.0,0.0,0.0,0.0,8.65974e-12
E7,is1,nbhd,buffer.*=1.25,RC(0.5),3,CONVERGED,CONVERGED,600.0,600,0.41464622987497624,0.4146462,0.3861150075906446,0.386115,45.0,45,0.0,0.0,625,625.0,0.3175791518743245,0.3175792,6.4e-323,0,0.0,0.0,0.0,0.0,8.881784e-12
E7,is1,nbhd,buffer.*=1.25,RC(2),3,CONVERGED,CONVERGED,540.0,540,0.23109402502407553,0.231094,0.942574842758311,0.9425748,43.0,43,0.0,0.0,498,498.0,0.11021976014720851,0.1102198,6.4e-323,93,93.0,0.7176372350838333,0.7176372,1e-323,1.065814e-11
E7,is1,nbhd,buffer.*=1.25,RW(0.5),3,CONVERGED,CONVERGED,558.0,558,0.39766680163055146,0.3976668,0.24942766219836576,0.2494277,30.0,30,0.0,0.0,537,537.0,0.1479641911848824,0.1479642,6.4e-323,0,0.0,0.0,0.0,0.0,8.437695e-12
E7,is1,nbhd,buffer.*=1.25,RW(2),3,CONVERGED,CONVERGED,631.0,631,0.025938622888023594,0.02593862,0.7007283141384009,0.7007283,62.0,62,0.0,0.0,629,629.0,0.9727039738581096,0.972704,6.4e-323,67,67.0,0.84271106622857,0.8427111,1e-323,9.769963e-12
E7,is1,nbhd,buffer.*=1.25,land.mach=0.2@dated,3,CONVERGED,CONVERGED,542.0,542,0.569161724623198,0.5691617,0.942574842758311,0.9425748,0.0,0,0.0,0.0,457,457.0,0.16232844157480222,0.1623284,5.4e-323,0,0.0,0.0,0.0,0.0,1.44329e-11
E7,is1,nbhd,buffer.*=1.25,land.mach=0.2@genesis,3,CONVERGED,CONVERGED,542.0,542,0.5691617246231984,0.5691617,0.942574842758311,0.9425748,0.0,0,0.0,0.0,457,457.0,0.16176409324450886,0.1617641,5.4e-323,0,0.0,0.0,0.0,0.0,1.04361e-11
E7,is1,nbhd,buffer.*=1.25,land.mach=0.8@dated,3,CONVERGED,CONVERGED,553.0,553,0.14453856294762743,0.1445386,0.0635600731313636,0.06356007,100.0,100,0.0,0.0,752,752.0,0.37841090528947574,0.3784109,1.594513e-252,0,0.0,0.0,0.0,0.0,9.103829e-12
E7,is1,nbhd,buffer.*=1.25,land.mach=0.8@genesis,3,CONVERGED,CONVERGED,553.0,553,0.1444417322644245,0.1444417,0.06365498295682798,0.06365498,100.0,100,0.0,0.0,751,751.0,0.37764734376305364,0.3776473,1.610783e-252,0,0.0,0.0,0.0,0.0,6.439294e-12
E7,is1,nbhd,buffer.*=1.25,p[goods]*0.5,3,CONVERGED,CONVERGED,547.0,547,0.3228268153184056,0.3228268,0.7675240009510973,0.767524,34.0,34,0.0,0.0,508,508.0,0.07288525068853495,0.07288525,6.4e-323,96,96.0,0.5201052868301299,0.5201053,1e-323,9.547918e-12
E7,is1,nbhd,buffer.*=1.25,p[goods]*2,3,CONVERGED,CONVERGED,468.0,468,0.7292831256697103,0.7292831,0.8585128284975089,0.8585128,0.0,0,0.0,0.0,494,494.0,0.06198561847473499,0.06198562,6.4e-323,0,0.0,0.0,0.0,0.0,6.661338e-12
E7,is1,nbhd,buffer.*=1.25,p[labour.master]*0.5,3,CONVERGED,CONVERGED,426.0,426,0.523442627585753,0.5234426,0.8752348405118,0.8752348,0.0,0,0.0,0.0,0,0.0,0.0,0.0,0.0,81,81.0,0.24259921570684156,0.2425992,1e-323,8.21565e-12
E7,is1,nbhd,buffer.*=1.25,p[labour.master]*2,3,CONVERGED,CONVERGED,427.0,427,0.7874711133785751,0.7874711,0.8844824201781604,0.8844824,0.0,0,0.0,0.0,0,0.0,0.0,0.0,0.0,0,0.0,0.0,0.0,0.0,8.21565e-12
E7,is1,nbhd,buffer.*=1.25,p[labour.trained]*0.5,3,CONVERGED,CONVERGED,569.0,569,0.20307212207033443,0.2030721,0.6497310479180239,0.649731,38.0,38,0.0,0.0,606,606.0,0.7567433343471375,0.7567433,6.4e-323,0,0.0,0.0,0.0,0.0,7.327472e-12
E7,is1,nbhd,buffer.*=1.25,p[labour.trained]*2,3,CONVERGED,CONVERGED,451.0,451,0.8096254800752439,0.8096255,0.877382331143451,0.8773823,0.0,0,0.0,0.0,0,0.0,0.0,0.0,0.0,0,0.0,0.0,0.0,0.0,8.437695e-12
E7,is1,nbhd,buffer.*=1.25,p[labour]*0.5,3,CONVERGED,CONVERGED,550.0,550,0.3163522033077924,0.3163522,0.24942766219836576,0.2494277,22.0,22,0.0,0.0,537,537.0,0.1421307732890816,0.1421308,6.4e-323,0,0.0,0.0,0.0,0.0,8.437695e-12
E7,is1,nbhd,buffer.*=1.25,p[labour]*2,3,CONVERGED,CONVERGED,543.0,543,0.30592226474476997,0.3059223,0.8374302123902468,0.8374302,8.0,8,0.0,0.0,588,588.0,0.740441239126945,0.7404412,6.4e-323,97,97.0,0.21049455953924243,0.2104946,1e-323,9.547918e-12
E7,is1,nbhd,buffer.*=1.25,p[land]*0.5,3,CONVERGED,CONVERGED,541.0,541,0.6434002104436155,0.6434002,0.8977257581528032,0.8977258,0.0,0,0.0,0.0,533,533.0,0.17228895338203953,0.172289,6.4e-323,0,0.0,0.0,0.0,0.0,7.105427e-12
E7,is1,nbhd,buffer.*=1.25,p[land]*2,3,CONVERGED,CONVERGED,626.0,626,0.22122474913086704,0.2212247,0.24020177085252223,0.2402018,94.0,94,0.0,0.0,583,583.0,0.3336526123208124,0.3336526,6.4e-323,0,0.0,0.0,0.0,0.0,7.105427e-12
E7,is1,nbhd,buffer.*=1.25,p[mach]*0.5,3,CONVERGED,CONVERGED,680.0,680,0.17263411862528194,0.1726341,0.942574842758314,0.9425748,93.0,93,0.0,0.0,592,592.0,0.31911966363047617,0.3191197,6.4e-323,0,0.0,0.0,0.0,0.0,7.327472e-12
E7,is1,nbhd,buffer.*=1.25,p[mach]*2,3,CONVERGED,CONVERGED,535.0,535,0.4828863317677081,0.4828863,0.18849807124777115,0.1884981,10.0,10,0.0,0.0,574,574.0,0.1534480632492433,0.1534481,6.4e-323,0,0.0,0.0,0.0,0.0,7.105427e-12
E7,is1,nbhd,buffer.*=1.25,p[services]*0.5,3,CONVERGED,CONVERGED,584.0,584,0.4658556260457555,0.4658556,0.39276576610548364,0.3927658,21.0,21,0.0,0.0,613,613.0,0.16519726893660364,0.1651973,6.4e-323,0,0.0,0.0,0.0,0.0,9.325873e-12
E7,is1,nbhd,buffer.*=1.25,p[services]*2,3,CONVERGED,CONVERGED,506.0,506,0.4728659705963646,0.472866,0.942574842758311,0.9425748,9.0,9,0.0,0.0,0,0.0,0.0,0.0,0.0,99,99.0,0.027955820958978757,0.02795582,1e-323,8.437695e-12
E7,is1,nbhd,buffer.*=1.25,res.services.trained=0.02@dated,3,CONVERGED,CONVERGED,397.0,397,0.8191583242049391,0.8191583,0.7399539160575486,0.7399539,0.0,0,0.0,0.0,21998,21998.0,0.5525183032663361,0.5525183,0.3914281,0,0.0,0.0,0.0,0.0,7.327472e-12
E7,is1,nbhd,buffer.*=1.25,res.services.trained=0.02@genesis,3,CONVERGED,CONVERGED,396.0,396,0.819457269112443,0.8194573,0.7399539160575488,0.7399539,0.0,0,0.0,0.0,21998,21998.0,0.552705180511977,0.5527052,0.3914281,0,0.0,0.0,0.0,0.0,8.65974e-12
E7,is1,nbhd,buffer.*=1.25,res.services.trained=0.08@dated,3,CONVERGED,CONVERGED,584.0,584,0.49999999999999994,0.5,0.7122593017575318,0.7122593,0.0,0,0.0,0.0,0,0.0,0.0,0.0,0.0,0,0.0,0.0,0.0,0.0,1.865175e-11
E7,is1,nbhd,buffer.*=1.25,res.services.trained=0.08@genesis,3,CONVERGED,CONVERGED,585.0,585,0.5000000000000001,0.5,0.7133884804294512,0.7133885,0.0,0,0.0,0.0,0,0.0,0.0,0.0,0.0,0,0.0,0.0,0.0,0.0,1.998401e-11
E7,is1,nbhd,buffer.*=1.25,s[goods]=0.5,3,CONVERGED,CONVERGED,634.0,634,0.13506157762601406,0.1350616,0.942574842758311,0.9425748,71.0,71,0.0,0.0,630,630.0,0.6036327130527795,0.6036327,6.4e-323,119,119.0,0.7222203251547367,0.7222203,1e-323,6.883383e-12
E7,is1,nbhd,buffer.*=1.25,s[services]=0.5,3,CONVERGED,CONVERGED,589.0,589,0.20199257832906725,0.2019926,0.8944610485322426,0.894461,58.0,58,0.0,0.0,621,621.0,0.7878902858212555,0.7878903,6.4e-323,135,135.0,0.16469021496367972,0.1646902,1e-323,9.325873e-12
E7,is1,nbhd,buffer.*=1.25,sw[master]=0.5,3,CONVERGED,CONVERGED,358.0,358,0.5434245121669512,0.5434245,0.903851002949988,0.903851,0.0,0,0.0,0.0,0,0.0,0.0,0.0,0.0,75,75.0,0.3952500243371661,0.39525,1e-323,7.327472e-12
E7,is1,nbhd,buffer.*=1.25,sw[trained]=0.5,3,CONVERGED,CONVERGED,465.0,465,0.5047344661132523,0.5047345,0.8250338488560206,0.8250338,0.0,0,0.0,0.0,464,464.0,0.4819188334470013,0.4819188,6.4e-323,0,0.0,0.0,0.0,0.0,1.332268e-11
E7,is1,nbhd,buffer.*=1.25,tail.services=0.05@dated,3,CONVERGED,CONVERGED,369.0,369,0.9228861289716951,0.9228861,0.39857841751076,0.3985784,0.0,0,0.0,0.0,0,0.0,0.0,0.0,0.0,0,0.0,0.0,0.0,0.0,7.327472e-12
E7,is1,nbhd,buffer.*=1.25,tail.services=0.05@genesis,3,CONVERGED,CONVERGED,369.0,369,0.9228861289716951,0.9228861,0.39857841751076,0.3985784,0.0,0,0.0,0.0,0,0.0,0.0,0.0,0.0,0,0.0,0.0,0.0,0.0,7.771561e-12
E7,is1,nbhd,buffer.*=1.25,tail.services=0.2@dated,3,CONVERGED,CONVERGED,715.0,715,0.4433842509196421,0.4433843,0.9188599786356846,0.91886,22.0,22,0.0,0.0,21998,21998.0,0.5175881518265179,0.5175882,0.2860879,21939,21939.0,0.2986872846690879,0.2986873,0.04967164,1.576517e-11
E7,is1,nbhd,buffer.*=1.25,tail.services=0.2@genesis,3,CONVERGED,CONVERGED,721.0,721,0.4423141094863802,0.4423141,0.9268328501225455,0.9268329,24.0,24,0.0,0.0,21998,21998.0,0.5202258390447345,0.5202258,0.2860879,21939,21939.0,0.2911018467057968,0.2911018,0.04967164,1.687539e-11
E7,is1,nbhd,buffer.*=1.25,x*/2,3,CONVERGED,CONVERGED,676.0,676,0.006859003193411206,0.006859003,0.942574842758311,0.9425748,99.0,99,0.0,0.0,679,679.0,0.9104768861471157,0.9104769,6.4e-323,176,176.0,0.7909177860397144,0.7909178,1e-323,7.327472e-12
E7,is1,nbhd,rate.*=0.75,JA(0.5),3,CONVERGED,CONVERGED,952.0,952,0.09684213998666953,0.09684214,0.40559754847233614,0.4055975,170.0,170,0.0,0.0,816,816.0,0.44438502152202375,0.444385,2.440315e-262,0,0.0,0.0,0.0,0.0,1.221245e-11
E7,is1,nbhd,rate.*=0.75,JA(2),3,CONVERGED,CONVERGED,720.0,720,0.5303328165079926,0.5303328,0.6496418742408175,0.6496419,1.0,1,0.0,0.0,743,743.0,0.13047722784479318,0.1304772,1.462404e-264,0,0.0,0.0,0.0,0.0,1.065814e-11
E7,is1,nbhd,rate.*=0.75,JB(0.5),3,CONVERGED,CONVERGED,867.0,867,0.16219382799914578,0.1621938,-0.4437195183615795,-0.4437195,132.0,132,41.0,41.0,885,885.0,0.7161603886476824,0.7161604,5.236045e-263,229,229.0,0.6286390779401809,0.6286391,1.5e-323,1.065814e-11
E7,is1,nbhd,rate.*=0.75,JB(2),3,CONVERGED,CONVERGED,888.0,888,0.235810235562785,0.2358102,0.9425748427583173,0.9425748,95.0,95,0.0,0.0,776,776.0,0.1957507663751897,0.1957508,4.73958e-263,0,0.0,0.0,0.0,0.0,1.110223e-11
E7,is1,nbhd,rate.*=0.75,N(0.5),3,CONVERGED,CONVERGED,820.0,820,0.37477196117235134,0.374772,0.8685994746863601,0.8685995,72.0,72,0.0,0.0,729,729.0,0.12068654499035655,0.1206865,1.167553e-263,0,0.0,0.0,0.0,0.0,1.576517e-11
E7,is1,nbhd,rate.*=0.75,N(2),3,CONVERGED,CONVERGED,705.0,705,0.44248820359856517,0.4424882,0.3995101298340329,0.3995101,4.0,4,0.0,0.0,756,756.0,0.049259839997601036,0.04925984,4.682601e-264,0,0.0,0.0,0.0,0.0,1.398881e-11
E7,is1,nbhd,rate.*=0.75,RC(0.5),3,CONVERGED,CONVERGED,818.0,818,0.4039195105751307,0.4039195,0.37888913606391283,0.3788891,69.0,69,0.0,0.0,834,834.0,0.33053619516011146,0.3305362,1.782141e-263,0,0.0,0.0,0.0,0.0,1.021405e-11
E7,is1,nbhd,rate.*=0.75,RC(2),3,CONVERGED,CONVERGED,735.0,735,0.21711107983340366,0.2171111,0.942574842758311,0.9425748,56.0,56,0.0,0.0,667,667.0,0.0928646514173423,0.09286465,1.929359e-264,124,124.0,0.7335169831687959,0.733517,1.5e-323,1.199041e-11
E7,is1,nbhd,rate.*=0.75,RW(0.5),3,CONVERGED,CONVERGED,767.0,767,0.3884226930459377,0.3884227,0.24942766219836576,0.2494277,52.0,52,0.0,0.0,720,720.0,0.14621587549408216,0.1462159,4.330931e-264,0,0.0,0.0,0.0,0.0,1.04361e-11
E7,is1,nbhd,rate.*=0.75,RW(2),3,CONVERGED,CONVERGED,817.0,817,0.02675246705993504,0.02675247,0.6853493554013087,0.6853494,81.0,81,0.0,0.0,836,836.0,0.9716215427831502,0.9716215,1.254063e-263,89,89.0,0.8363541022147926,0.8363541,1.5e-323,1.487699e-11
E7,is1,nbhd,rate.*=0.75,land.mach=0.2@dated,3,CONVERGED,CONVERGED,749.0,749,0.569161724623198,0.5691617,0.942574842758311,0.9425748,0.0,0,0.0,0.0,610,610.0,0.16227817918244972,0.1622782,6.656803e-318,0,0.0,0.0,0.0,0.0,1.887379e-11
E7,is1,nbhd,rate.*=0.75,land.mach=0.2@genesis,3,CONVERGED,CONVERGED,748.0,748,0.5691617246231984,0.5691617,0.942574842758311,0.9425748,0.0,0,0.0,0.0,610,610.0,0.16184206379736865,0.1618421,6.616646e-318,0,0.0,0.0,0.0,0.0,1.332268e-11
E7,is1,nbhd,rate.*=0.75,land.mach=0.8@dated,3,CONVERGED,CONVERGED,730.0,730,0.11488587612328714,0.1148859,0.037542750229138146,0.03754275,138.0,138,0.0,0.0,1010,1010.0,0.3758530774329113,0.3758531,2.199404e-189,0,0.0,0.0,0.0,0.0,8.437695e-12
E7,is1,nbhd,rate.*=0.75,land.mach=0.8@genesis,3,CONVERGED,CONVERGED,730.0,730,0.11483790079219725,0.1148379,0.03762620736373965,0.03762621,138.0,138,0.0,0.0,1010,1010.0,0.3758291985947697,0.3758292,2.215165e-189,0,0.0,0.0,0.0,0.0,1.176836e-11
E7,is1,nbhd,rate.*=0.75,p[goods]*0.5,3,CONVERGED,CONVERGED,711.0,711,0.2997469897445566,0.299747,0.7766934192322474,0.7766934,45.0,45,0.0,0.0,677,677.0,0.06485892825783818,0.06485893,3.262106e-264,129,129.0,0.5549758172978305,0.5549758,1.5e-323,1.176836e-11
E7,is1,nbhd,rate.*=0.75,p[goods]*2,3,CONVERGED,CONVERGED,607.0,607,0.7355396268993519,0.7355396,0.8615700816459095,0.8615701,0.0,0,0.0,0.0,661,661.0,0.061622112175012955,0.06162211,2.190217e-265,0,0.0,0.0,0.0,0.0,1.132427e-11
E7,is1,nbhd,rate.*=0.75,p[labour.master]*0.5,3,CONVERGED,CONVERGED,594.0,594,0.528645535363021,0.5286455,0.8788778947108838,0.8788779,0.0,0,0.0,0.0,0,0.0,0.0,0.0,0.0,109,109.0,0.23742811751621634,0.2374281,1.5e-323,1.110223e-11
E7,is1,nbhd,rate.*=0.75,p[labour.master]*2,3,CONVERGED,CONVERGED,560.0,560,0.7874711133785751,0.7874711,0.8878236727448057,0.8878237,0.0,0,0.0,0.0,0,0.0,0.0,0.0,0.0,0,0.0,0.0,0.0,0.0,1.687539e-11
E7,is1,nbhd,rate.*=0.75,p[labour.trained]*0.5,3,CONVERGED,CONVERGED,779.0,779,0.2070911740872273,0.2070912,0.6395265570720285,0.6395266,52.0,52,0.0,0.0,809,809.0,0.7507174210497058,0.7507174,5.954741e-264,0,0.0,0.0,0.0,0.0,1.287859e-11
E7,is1,nbhd,rate.*=0.75,p[labour.trained]*2,3,CONVERGED,CONVERGED,630.0,630,0.7993889971349855,0.799389,0.8746106588630437,0.8746107,0.0,0,0.0,0.0,0,0.0,0.0,0.0,0.0,0,0.0,0.0,0.0,0.0,1.332268e-11
E7,is1,nbhd,rate.*=0.75,p[labour]*0.5,3,CONVERGED,CONVERGED,760.0,760,0.3024455887508948,0.3024456,0.24942766219836576,0.2494277,37.0,37,0.0,0.0,720,720.0,0.14440565840352712,0.1444057,3.643092e-264,0,0.0,0.0,0.0,0.0,1.04361e-11
E7,is1,nbhd,rate.*=0.75,p[labour]*2,3,CONVERGED,CONVERGED,739.0,739,0.3016643239181725,0.3016643,0.8336175709072227,0.8336176,11.0,11,0.0,0.0,777,777.0,0.7377473529611311,0.7377474,2.485448e-264,129,129.0,0.2034500899320772,0.2034501,1.5e-323,1.598721e-11
E7,is1,nbhd,rate.*=0.75,p[land]*0.5,3,CONVERGED,CONVERGED,705.0,705,0.6434002104436155,0.6434002,0.9016603437152351,0.9016603,0.0,0,0.0,0.0,713,713.0,0.17298694791529323,0.1729869,5.149723e-265,0,0.0,0.0,0.0,0.0,1.287859e-11
E7,is1,nbhd,rate.*=0.75,p[land]*2,3,CONVERGED,CONVERGED,858.0,858,0.1901457666988551,0.1901458,0.23016364456709598,0.2301636,129.0,129,0.0,0.0,784,784.0,0.3289149566549677,0.328915,4.829759e-263,0,0.0,0.0,0.0,0.0,1.199041e-11
E7,is1,nbhd,rate.*=0.75,p[mach]*0.5,3,CONVERGED,CONVERGED,924.0,924,0.14245012894253706,0.1424501,0.9425748427583178,0.9425748,131.0,131,0.0,0.0,800,800.0,0.3270644894831257,0.3270645,1.228913e-262,0,0.0,0.0,0.0,0.0,1.088019e-11
E7,is1,nbhd,rate.*=0.75,p[mach]*2,3,CONVERGED,CONVERGED,707.0,707,0.4701578549139858,0.4701579,0.18433828014960643,0.1843383,16.0,16,0.0,0.0,766,766.0,0.15622516581529924,0.1562252,2.355786e-264,0,0.0,0.0,0.0,0.0,1.376677e-11
E7,is1,nbhd,rate.*=0.75,p[services]*0.5,3,CONVERGED,CONVERGED,794.0,794,0.4317862738338468,0.4317863,0.3651297854483184,0.3651298,35.0,35,0.0,0.0,812,812.0,0.16958606336331802,0.1695861,1.064485e-263,0,0.0,0.0,0.0,0.0,1.110223e-11
E7,is1,nbhd,rate.*=0.75,p[services]*2,3,CONVERGED,CONVERGED,667.0,667,0.456727165905471,0.4567272,0.942574842758311,0.9425748,13.0,13,0.0,0.0,0,0.0,0.0,0.0,0.0,128,128.0,0.007733967504563936,0.007733968,1.5e-323,1.354472e-11
E7,is1,nbhd,rate.*=0.75,res.services.trained=0.02@dated,3,CONVERGED,CONVERGED,514.0,514,0.8198985583924018,0.8198986,0.7399539160575493,0.7399539,0.0,0,0.0,0.0,21998,21998.0,0.5525031927731128,0.5525032,0.3914281,0,0.0,0.0,0.0,0.0,8.881784e-12
E7,is1,nbhd,rate.*=0.75,res.services.trained=0.02@genesis,3,CONVERGED,CONVERGED,513.0,513,0.8199588821492452,0.8199589,0.7399539160575491,0.7399539,0.0,0,0.0,0.0,21998,21998.0,0.5526689063769926,0.5526689,0.3914281,0,0.0,0.0,0.0,0.0,1.398881e-11
E7,is1,nbhd,rate.*=0.75,res.services.trained=0.08@dated,3,CONVERGED,CONVERGED,759.0,759,0.49999999999999994,0.5,0.7107393999073165,0.7107394,0.0,0,0.0,0.0,0,0.0,0.0,0.0,0.0,0,0.0,0.0,0.0,0.0,2.353673e-11
E7,is1,nbhd,rate.*=0.75,res.services.trained=0.08@genesis,3,CONVERGED,CONVERGED,760.0,760,0.5000000000000001,0.5,0.7116000304777221,0.7116,0.0,0,0.0,0.0,0,0.0,0.0,0.0,0.0,0,0.0,0.0,0.0,0.0,2.309264e-11
E7,is1,nbhd,rate.*=0.75,s[goods]=0.5,3,CONVERGED,CONVERGED,802.0,802,0.12662096752750637,0.126621,0.942574842758311,0.9425748,81.0,81,0.0,0.0,820,820.0,0.5808897564773723,0.5808898,8.49475e-264,142,142.0,0.6592180818117442,0.6592181,1.5e-323,9.992007e-12
E7,is1,nbhd,rate.*=0.75,s[services]=0.5,3,CONVERGED,CONVERGED,788.0,788,0.214737139079843,0.2147371,0.8519090863201267,0.8519091,64.0,64,0.0,0.0,812,812.0,0.7592675347064656,0.7592675,6.854775e-264,150,150.0,0.022162990067628258,0.02216299,1.5e-323,1.24345e-11
E7,is1,nbhd,rate.*=0.75,sw[master]=0.5,3,CONVERGED,CONVERGED,506.0,506,0.5181760217718593,0.518176,0.9036656839160367,0.9036657,0.0,0,0.0,0.0,0,0.0,0.0,0.0,0.0,100,100.0,0.419176020285533,0.419176,1.5e-323,1.221245e-11
E7,is1,nbhd,rate.*=0.75,sw[trained]=0.5,3,CONVERGED,CONVERGED,643.0,643,0.5002678764071011,0.5002679,0.8219070497805305,0.821907,0.0,0,0.0,0.0,620,620.0,0.48637688310177507,0.4863769,3.200757e-266,0,0.0,0.0,0.0,0.0,1.287859e-11
E7,is1,nbhd,rate.*=0.75,tail.services=0.05@dated,3,CONVERGED,CONVERGED,480.0,480,0.9232836574171422,0.9232837,0.39857841751075945,0.3985784,0.0,0,0.0,0.0,0,0.0,0.0,0.0,0.0,0,0.0,0.0,0.0,0.0,7.105427e-12
E7,is1,nbhd,rate.*=0.75,tail.services=0.05@genesis,3,CONVERGED,CONVERGED,480.0,480,0.9232836574171425,0.9232837,0.398578417510759,0.3985784,0.0,0,0.0,0.0,0,0.0,0.0,0.0,0.0,0,0.0,0.0,0.0,0.0,1.088019e-11
E7,is1,nbhd,rate.*=0.75,tail.services=0.2@dated,3,CONVERGED,CONVERGED,974.0,974,0.435554077083776,0.4355541,0.9134409438567561,0.9134409,35.0,35,0.0,0.0,21998,21998.0,0.5205639294522901,0.5205639,0.2860879,21919,21919.0,0.3095046934289469,0.3095047,0.04967164,1.84297e-11
E7,is1,nbhd,rate.*=0.75,tail.services=0.2@genesis,3,CONVERGED,CONVERGED,986.0,986,0.4346854241368208,0.4346854,0.9197713783680236,0.9197714,38.0,38,0.0,0.0,21998,21998.0,0.5227410913117904,0.5227411,0.2860879,21919,21919.0,0.30576351144333,0.3057635,0.04967164,1.909584e-11
E7,is1,nbhd,rate.*=0.75,x*/2,3,CONVERGED,CONVERGED,888.0,888,0.0,0.0,0.942574842758311,0.9425748,114.0,114,0.0,0.0,874,874.0,0.8947888244648337,0.8947888,3.704302e-263,186,186.0,0.7345403286147486,0.7345403,1.5e-323,1.088019e-11
E7,is1,nbhd,rate.*=0.9,JA(0.5),3,CONVERGED,CONVERGED,774.0,774,0.1321499447048033,0.1321499,0.5169490231386351,0.516949,134.0,134,0.0,0.0,668,668.0,0.3972541888845674,0.3972542,2.635805e-315,0,0.0,0.0,0.0,0.0,6.439294e-12
E7,is1,nbhd,rate.*=0.9,JA(2),3,CONVERGED,CONVERGED,587.0,587,0.53236504664653,0.532365,0.6423218136321239,0.6423218,1.0,1,0.0,0.0,619,619.0,0.12227067148268364,0.1222707,2.375415e-317,0,0.0,0.0,0.0,0.0,7.771561e-12
E7,is1,nbhd,rate.*=0.9,JB(0.5),3,CONVERGED,CONVERGED,736.0,736,0.19172956116555703,0.1917296,-0.4437195183615795,-0.4437195,106.0,106,34.0,34.0,731,731.0,0.6885463258050378,0.6885463,7.103058e-316,186,186.0,0.5862778458339453,0.5862778,1e-323,6.883383e-12
E7,is1,nbhd,rate.*=0.9,JB(2),3,CONVERGED,CONVERGED,723.0,723,0.30650692914846095,0.3065069,0.9425748427583156,0.9425748,70.0,70,0.0,0.0,632,632.0,0.15936716164611694,0.1593672,5.19765e-316,0,0.0,0.0,0.0,0.0,8.65974e-12
E7,is1,nbhd,rate.*=0.9,N(0.5),3,CONVERGED,CONVERGED,687.0,687,0.4356271121323673,0.4356271,0.942574842758311,0.9425748,23.0,23,0.0,0.0,593,593.0,0.08719805889655181,0.08719806,1.367619e-316,0,0.0,0.0,0.0,0.0,9.103829e-12
E7,is1,nbhd,rate.*=0.9,N(2),3,CONVERGED,CONVERGED,571.0,571,0.44248820359856517,0.4424882,0.39403023657465697,0.3940302,4.0,4,0.0,0.0,630,630.0,0.049971477331115316,0.04997148,7.69561e-317,0,0.0,0.0,0.0,0.0,8.881784e-12
E7,is1,nbhd,rate.*=0.9,RC(0.5),3,CONVERGED,CONVERGED,666.0,666,0.4380063117543097,0.4380063,0.41221493450574204,0.4122149,30.0,30,0.0,0.0,691,691.0,0.29072269792087163,0.2907227,2.715455e-316,0,0.0,0.0,0.0,0.0,1.176836e-11
E7,is1,nbhd,rate.*=0.9,RC(2),3,CONVERGED,CONVERGED,606.0,606,0.25962141142826967,0.2596214,0.9406079865346637,0.940608,47.0,47,0.0,0.0,551,551.0,0.09415618383587136,0.09415618,3.133743e-317,105,105.0,0.6812705140385441,0.6812705,1e-323,1.021405e-11
E7,is1,nbhd,rate.*=0.9,RW(0.5),3,CONVERGED,CONVERGED,624.0,624,0.392963279194796,0.3929633,0.24942766219836576,0.2494277,32.0,32,0.0,0.0,596,596.0,0.13702714946601327,0.1370271,6.455036e-317,0,0.0,0.0,0.0,0.0,8.21565e-12
E7,is1,nbhd,rate.*=0.9,RW(2),3,CONVERGED,CONVERGED,692.0,692,0.026232514086812906,0.02623251,0.7212037542353025,0.7212038,63.0,63,0.0,0.0,690,690.0,0.9724465446078249,0.9724465,1.643768e-316,78,78.0,0.8407803422675046,0.8407803,1e-323,1.287859e-11
E7,is1,nbhd,rate.*=0.9,land.mach=0.2@dated,3,CONVERGED,CONVERGED,613.0,613,0.569161724623198,0.5691617,0.942574842758311,0.9425748,0.0,0,0.0,0.0,507,507.0,0.16189448665284414,0.1618945,6e-323,0,0.0,0.0,0.0,0.0,1.265654e-11
E7,is1,nbhd,rate.*=0.9,land.mach=0.2@genesis,3,CONVERGED,CONVERGED,613.0,613,0.5691617246231984,0.5691617,0.942574842758311,0.9425748,0.0,0,0.0,0.0,507,507.0,0.16138030438446507,0.1613803,6e-323,0,0.0,0.0,0.0,0.0,1.376677e-11
E7,is1,nbhd,rate.*=0.9,land.mach=0.8@dated,3,CONVERGED,CONVERGED,614.0,614,0.1453563282061619,0.1453563,0.09953680632031893,0.09953681,108.0,108,0.0,0.0,834,834.0,0.34595759764147643,0.3459576,2.670768e-227,0,0.0,0.0,0.0,0.0,4.662937e-12
E7,is1,nbhd,rate.*=0.9,land.mach=0.8@genesis,3,CONVERGED,CONVERGED,615.0,615,0.14550678373123202,0.1455068,0.09955244108955508,0.09955244,108.0,108,0.0,0.0,835,835.0,0.34487722646312596,0.3448772,2.694911e-227,0,0.0,0.0,0.0,0.0,6.217249e-12
E7,is1,nbhd,rate.*=0.9,p[goods]*0.5,3,CONVERGED,CONVERGED,607.0,607,0.3486481301997717,0.3486481,0.7827434275715058,0.7827434,32.0,32,0.0,0.0,562,562.0,0.06554534411929873,0.06554534,5.867334e-317,109,109.0,0.48586778509466555,0.4858678,1e-323,7.771561e-12
E7,is1,nbhd,rate.*=0.9,p[goods]*2,3,CONVERGED,CONVERGED,523.0,523,0.7549548513045784,0.7549549,0.860208014871666,0.860208,0.0,0,0.0,0.0,549,549.0,0.05999764287280256,0.05999764,3.57312e-318,0,0.0,0.0,0.0,0.0,9.769963e-12
E7,is1,nbhd,rate.*=0.9,p[labour.master]*0.5,3,CONVERGED,CONVERGED,475.0,475,0.5245873943061565,0.5245874,0.8845641271470294,0.8845641,0.0,0,0.0,0.0,0,0.0,0.0,0.0,0.0,90,90.0,0.24156701035636005,0.241567,1e-323,6.883383e-12
E7,is1,nbhd,rate.*=0.9,p[labour.master]*2,3,CONVERGED,CONVERGED,476.0,476,0.7874711133785751,0.7874711,0.890913813918472,0.8909138,0.0,0,0.0,0.0,0,0.0,0.0,0.0,0.0,0,0.0,0.0,0.0,0.0,7.993606e-12
E7,is1,nbhd,rate.*=0.9,p[labour.trained]*0.5,3,CONVERGED,CONVERGED,632.0,632,0.20439120548512874,0.2043912,0.6621306738912633,0.6621307,39.0,39,0.0,0.0,670,670.0,0.7548387885596192,0.7548388,8.575509e-317,0,0.0,0.0,0.0,0.0,9.325873e-12
E7,is1,nbhd,rate.*=0.9,p[labour.trained]*2,3,CONVERGED,CONVERGED,503.0,503,0.8243344236112023,0.8243344,0.8798661145520805,0.8798661,0.0,0,0.0,0.0,0,0.0,0.0,0.0,0.0,0,0.0,0.0,0.0,0.0,7.549517e-12
E7,is1,nbhd,rate.*=0.9,p[labour]*0.5,3,CONVERGED,CONVERGED,616.0,616,0.30897992589794876,0.3089799,0.24942766219836576,0.2494277,22.0,22,0.0,0.0,596,596.0,0.1335066791145057,0.1335067,5.380376e-317,0,0.0,0.0,0.0,0.0,1.354472e-11
E7,is1,nbhd,rate.*=0.9,p[labour]*2,3,CONVERGED,CONVERGED,600.0,600,0.30446303694725424,0.304463,0.8483319768393229,0.848332,9.0,9,0.0,0.0,638,638.0,0.7395051533404958,0.7395052,2.921594e-317,107,107.0,0.20927441412088885,0.2092744,1e-323,7.105427e-12
E7,is1,nbhd,rate.*=0.9,p[land]*0.5,3,CONVERGED,CONVERGED,604.0,604,0.6434002104436155,0.6434002,0.898625679613805,0.8986257,0.0,0,0.0,0.0,594,594.0,0.16610706142011483,0.1661071,8.387594e-318,0,0.0,0.0,0.0,0.0,1.354472e-11
E7,is1,nbhd,rate.*=0.9,p[land]*2,3,CONVERGED,CONVERGED,699.0,699,0.2329283564584038,0.2329284,0.28114006333070507,0.2811401,103.0,103,0.0,0.0,646,646.0,0.3025640241798411,0.302564,6.747539e-316,0,0.0,0.0,0.0,0.0,8.437695e-12
E7,is1,nbhd,rate.*=0.9,p[mach]*0.5,3,CONVERGED,CONVERGED,753.0,753,0.19081760484207064,0.1908176,0.9425748427583144,0.9425748,100.0,100,0.0,0.0,653,653.0,0.28757201988006564,0.287572,1.355196e-315,0,0.0,0.0,0.0,0.0,6.661338e-12
E7,is1,nbhd,rate.*=0.9,p[mach]*2,3,CONVERGED,CONVERGED,600.0,600,0.4962174521330381,0.4962175,0.18997439864996804,0.1899744,6.0,6,0.0,0.0,638,638.0,0.15089405954283028,0.1508941,3.791301e-317,0,0.0,0.0,0.0,0.0,6.883383e-12
E7,is1,nbhd,rate.*=0.9,p[services]*0.5,3,CONVERGED,CONVERGED,641.0,641,0.476703352248242,0.4767034,0.4136928866533142,0.4136929,12.0,12,0.0,0.0,672,672.0,0.1456064068958654,0.1456064,1.592353e-316,0,0.0,0.0,0.0,0.0,8.21565e-12
E7,is1,nbhd,rate.*=0.9,p[services]*2,3,CONVERGED,CONVERGED,562.0,562,0.5187110053945019,0.518711,0.942574842758311,0.9425748,0.0,0,0.0,0.0,0,0.0,0.0,0.0,0.0,0,0.0,0.0,0.0,0.0,8.881784e-12
E7,is1,nbhd,rate.*=0.9,res.services.trained=0.02@dated,3,CONVERGED,CONVERGED,445.0,445,0.8160083729131888,0.8160084,0.7399539160575489,0.7399539,0.0,0,0.0,0.0,21998,21998.0,0.5534076140422616,0.5534076,0.3914281,0,0.0,0.0,0.0,0.0,1.021405e-11
E7,is1,nbhd,rate.*=0.9,res.services.trained=0.02@genesis,3,CONVERGED,CONVERGED,445.0,445,0.8162564044555637,0.8162564,0.7399539160575496,0.7399539,0.0,0,0.0,0.0,21998,21998.0,0.5535749254413909,0.5535749,0.3914281,0,0.0,0.0,0.0,0.0,7.771561e-12
E7,is1,nbhd,rate.*=0.9,res.services.trained=0.08@dated,3,CONVERGED,CONVERGED,636.0,636,0.49999999999999994,0.5,0.7218842191168084,0.7218842,0.0,0,0.0,0.0,0,0.0,0.0,0.0,0.0,0,0.0,0.0,0.0,0.0,1.731948e-11
E7,is1,nbhd,rate.*=0.9,res.services.trained=0.08@genesis,3,CONVERGED,CONVERGED,637.0,637,0.5000000000000001,0.5,0.7229139666673929,0.722914,0.0,0,0.0,0.0,0,0.0,0.0,0.0,0.0,0,0.0,0.0,0.0,0.0,1.776357e-11
E7,is1,nbhd,rate.*=0.9,s[goods]=0.5,3,CONVERGED,CONVERGED,700.0,700,0.13220136754387998,0.1322014,0.942574842758311,0.9425748,76.0,76,0.0,0.0,694,694.0,0.6015282835357815,0.6015283,2.046287e-316,126,126.0,0.7009113441677447,0.7009113,1e-323,7.993606e-12
E7,is1,nbhd,rate.*=0.9,s[services]=0.5,3,CONVERGED,CONVERGED,653.0,653,0.21247437027522426,0.2124744,0.9094033411497624,0.9094033,56.0,56,0.0,0.0,683,683.0,0.7793155353038167,0.7793155,1.348765e-316,138,138.0,0.09973770303317187,0.0997377,1e-323,9.769963e-12
E7,is1,nbhd,rate.*=0.9,sw[master]=0.5,3,CONVERGED,CONVERGED,435.0,435,0.5334687174192757,0.5334687,0.9078227177505439,0.9078227,0.0,0,0.0,0.0,0,0.0,0.0,0.0,0.0,83,83.0,0.4046520223639443,0.404652,1e-323,1.287859e-11
E7,is1,nbhd,rate.*=0.9,sw[trained]=0.5,3,CONVERGED,CONVERGED,517.0,517,0.5029525095702838,0.5029525,0.8278166018637483,0.8278166,0.0,0,0.0,0.0,513,513.0,0.48369712881001026,0.4836971,4.7485e-319,0,0.0,0.0,0.0,0.0,6.661338e-12
E7,is1,nbhd,rate.*=0.9,tail.services=0.05@dated,3,CONVERGED,CONVERGED,416.0,416,0.9244358154946957,0.9244358,0.3985784175107587,0.3985784,0.0,0,0.0,0.0,0,0.0,0.0,0.0,0.0,0,0.0,0.0,0.0,0.0,7.549517e-12
E7,is1,nbhd,rate.*=0.9,tail.services=0.05@genesis,3,CONVERGED,CONVERGED,416.0,416,0.9244358154946957,0.9244358,0.3985784175107587,0.3985784,0.0,0,0.0,0.0,0,0.0,0.0,0.0,0.0,0,0.0,0.0,0.0,0.0,9.103829e-12
E7,is1,nbhd,rate.*=0.9,tail.services=0.2@dated,3,CONVERGED,CONVERGED,802.0,802,0.44443902719918593,0.444439,0.9326794899663857,0.9326795,22.0,22,0.0,0.0,21998,21998.0,0.5191633414055948,0.5191633,0.2860879,21931,21931.0,0.3103236784916502,0.3103237,0.04967164,1.332268e-11
E7,is1,nbhd,rate.*=0.9,tail.services=0.2@genesis,3,CONVERGED,CONVERGED,807.0,807,0.44364058549649465,0.4436406,0.9395259559983722,0.939526,23.0,23,0.0,0.0,21998,21998.0,0.5212780497778525,0.521278,0.2860879,21931,21931.0,0.30562201381594384,0.305622,0.04967164,1.265654e-11
E7,is1,nbhd,rate.*=0.9,x*/2,3,CONVERGED,CONVERGED,742.0,742,0.0,0.0,0.942574842758311,0.9425748,104.0,104,0.0,0.0,742,742.0,0.9072069898622717,0.907207,9.637035e-316,176,176.0,0.7758323544685921,0.7758324,1e-323,6.217249e-12
E7,is1,nbhd,rate.*=1.1,JA(0.5),3,CONVERGED,CONVERGED,620.0,620,0.17836854742867428,0.1783685,0.6135063993088622,0.6135064,104.0,104,0.0,0.0,535,535.0,0.3487988453908115,0.3487988,6e-323,0,0.0,0.0,0.0,0.0,1.065814e-11
E7,is1,nbhd,rate.*=1.1,JA(2),3,CONVERGED,CONVERGED,503.0,503,0.5350785038684828,0.5350785,0.6329324474438772,0.6329324,1.0,1,0.0,0.0,506,506.0,0.11146798997776869,0.111468,6e-323,0,0.0,0.0,0.0,0.0,5.329071e-12
E7,is1,nbhd,rate.*=1.1,JB(0.5),3,CONVERGED,CONVERGED,587.0,587,0.22431809441469852,0.2243181,-0.4437195183615795,-0.4437195,83.0,83,23.0,23.0,592,592.0,0.6571610565745915,0.6571611,6e-323,147,147.0,0.5400528280026641,0.5400528,1e-323,8.437695e-12
E7,is1,nbhd,rate.*=1.1,JB(2),3,CONVERGED,CONVERGED,580.0,580,0.3854223345078228,0.3854223,0.9425748427583182,0.9425748,50.0,50,0.0,0.0,505,505.0,0.13029227019774509,0.1302923,6e-323,0,0.0,0.0,0.0,0.0,6.217249e-12
E7,is1,nbhd,rate.*=1.1,N(0.5),3,CONVERGED,CONVERGED,546.0,546,0.4955597134735598,0.4955597,0.942574842758311,0.9425748,6.0,6,0.0,0.0,475,475.0,0.059125562097791025,0.05912556,6e-323,0,0.0,0.0,0.0,0.0,1.132427e-11
E7,is1,nbhd,rate.*=1.1,N(2),3,CONVERGED,CONVERGED,480.0,480,0.44248820359856517,0.4424882,0.38718246078130236,0.3871825,4.0,4,0.0,0.0,514,514.0,0.05042382732379188,0.05042383,6e-323,0,0.0,0.0,0.0,0.0,8.21565e-12
E7,is1,nbhd,rate.*=1.1,RC(0.5),3,CONVERGED,CONVERGED,563.0,563,0.47421262348214693,0.4742126,0.4464935015363203,0.4464935,14.0,14,0.0,0.0,566,566.0,0.24986770230315974,0.2498677,6e-323,0,0.0,0.0,0.0,0.0,5.551115e-12
E7,is1,nbhd,rate.*=1.1,RC(2),3,CONVERGED,CONVERGED,520.0,520,0.30853621120282154,0.3085362,0.9216059180172399,0.9216059,37.0,37,0.0,0.0,447,447.0,0.09217757024629127,0.09217757,6e-323,88,88.0,0.6216360246160322,0.621636,1e-323,7.771561e-12
E7,is1,nbhd,rate.*=1.1,RW(0.5),3,CONVERGED,CONVERGED,527.0,527,0.3990699590222374,0.39907,0.24942766219836576,0.2494277,6.0,6,0.0,0.0,483,483.0,0.12254942603766814,0.1225494,6e-323,0,0.0,0.0,0.0,0.0,7.771561e-12
E7,is1,nbhd,rate.*=1.1,RW(2),3,CONVERGED,CONVERGED,551.0,551,0.025775845167604703,0.02577585,0.7570950462955796,0.757095,45.0,45,0.0,0.0,559,559.0,0.9734746239993733,0.9734746,6e-323,67,67.0,0.8447340697457045,0.8447341,1e-323,5.551115e-12
E7,is1,nbhd,rate.*=1.1,land.mach=0.2@dated,3,CONVERGED,CONVERGED,515.0,515,0.569161724623198,0.5691617,0.942574842758311,0.9425748,0.0,0,0.0,0.0,414,414.0,0.16143434752294722,0.1614343,5e-323,0,0.0,0.0,0.0,0.0,4.218847e-12
E7,is1,nbhd,rate.*=1.1,land.mach=0.2@genesis,3,CONVERGED,CONVERGED,515.0,515,0.5691617246231984,0.5691617,0.942574842758311,0.9425748,0.0,0,0.0,0.0,414,414.0,0.16083713779691713,0.1608371,5e-323,0,0.0,0.0,0.0,0.0,7.549517e-12
E7,is1,nbhd,rate.*=1.1,land.mach=0.8@dated,3,CONVERGED,CONVERGED,491.0,491,0.1825301042712801,0.1825301,0.1498654958624092,0.1498655,83.0,83,0.0,0.0,677,677.0,0.31620065173953243,0.3162007,7.997167e-278,0,0.0,0.0,0.0,0.0,8.881784e-12
E7,is1,nbhd,rate.*=1.1,land.mach=0.8@genesis,3,CONVERGED,CONVERGED,492.0,492,0.1827098265916311,0.1827098,0.14974229342485695,0.1497423,83.0,83,0.0,0.0,677,677.0,0.3165368735395471,0.3165369,8.08874e-278,0,0.0,0.0,0.0,0.0,8.65974e-12
E7,is1,nbhd,rate.*=1.1,p[goods]*0.5,3,CONVERGED,CONVERGED,484.0,484,0.4018305707106578,0.4018306,0.789260137447584,0.7892601,18.0,18,0.0,0.0,456,456.0,0.06335925467275881,0.06335925,6e-323,90,90.0,0.41187863373109035,0.4118786,1e-323,7.993606e-12
E7,is1,nbhd,rate.*=1.1,p[goods]*2,3,CONVERGED,CONVERGED,410.0,410,0.7746501890369444,0.7746502,0.8588185817637766,0.8588186,0.0,0,0.0,0.0,448,448.0,0.05726229173929221,0.05726229,6e-323,0,0.0,0.0,0.0,0.0,9.547918e-12
E7,is1,nbhd,rate.*=1.1,p[labour.master]*0.5,3,CONVERGED,CONVERGED,400.0,400,0.5193337596005726,0.5193338,0.8902207885798438,0.8902208,0.0,0,0.0,0.0,0,0.0,0.0,0.0,0.0,74,74.0,0.2478035368046516,0.2478035,1e-323,7.327472e-12
E7,is1,nbhd,rate.*=1.1,p[labour.master]*2,3,CONVERGED,CONVERGED,407.0,407,0.7874711133785751,0.7874711,0.89375768584285,0.8937577,0.0,0,0.0,0.0,0,0.0,0.0,0.0,0.0,0,0.0,0.0,0.0,0.0,6.217249e-12
E7,is1,nbhd,rate.*=1.1,p[labour.trained]*0.5,3,CONVERGED,CONVERGED,531.0,531,0.2026440718606479,0.2026441,0.6850772275755125,0.6850772,25.0,25,0.0,0.0,546,546.0,0.760125391143306,0.7601254,6e-323,0,0.0,0.0,0.0,0.0,5.551115e-12
E7,is1,nbhd,rate.*=1.1,p[labour.trained]*2,3,CONVERGED,CONVERGED,424.0,424,0.8403309888289611,0.840331,0.8850746566829496,0.8850747,0.0,0,0.0,0.0,0,0.0,0.0,0.0,0.0,0,0.0,0.0,0.0,0.0,5.329071e-12
E7,is1,nbhd,rate.*=1.1,p[labour]*0.5,3,CONVERGED,CONVERGED,522.0,522,0.3177884348656291,0.3177884,0.24942766219836576,0.2494277,10.0,10,0.0,0.0,483,483.0,0.11821001682869914,0.11821,6e-323,0,0.0,0.0,0.0,0.0,7.549517e-12
E7,is1,nbhd,rate.*=1.1,p[labour]*2,3,CONVERGED,CONVERGED,510.0,510,0.30199178181324554,0.3019918,0.8631726094679456,0.8631726,7.0,7,0.0,0.0,429,429.0,0.7406658792846316,0.7406659,6e-323,87,87.0,0.21485329336665315,0.2148533,1e-323,7.327472e-12
E7,is1,nbhd,rate.*=1.1,p[land]*0.5,3,CONVERGED,CONVERGED,488.0,488,0.6434002104436155,0.6434002,0.8947414467731877,0.8947414,0.0,0,0.0,0.0,486,486.0,0.1582694470543755,0.1582694,6e-323,0,0.0,0.0,0.0,0.0,6.439294e-12
E7,is1,nbhd,rate.*=1.1,p[land]*2,3,CONVERGED,CONVERGED,584.0,584,0.2822612395990886,0.2822612,0.3251118590073011,0.3251119,81.0,81,0.0,0.0,523,523.0,0.2727556355894593,0.2727556,6e-323,0,0.0,0.0,0.0,0.0,8.437695e-12
E7,is1,nbhd,rate.*=1.1,p[mach]*0.5,3,CONVERGED,CONVERGED,604.0,604,0.24987496066405473,0.249875,0.9425748427583159,0.9425748,74.0,74,0.0,0.0,523,523.0,0.24918140954974483,0.2491814,6e-323,0,0.0,0.0,0.0,0.0,7.993606e-12
E7,is1,nbhd,rate.*=1.1,p[mach]*2,3,CONVERGED,CONVERGED,514.0,514,0.5224550258001673,0.522455,0.19289755274821135,0.1928976,0.0,0,0.0,0.0,521,521.0,0.1434967975972158,0.1434968,6e-323,0,0.0,0.0,0.0,0.0,7.549517e-12
E7,is1,nbhd,rate.*=1.1,p[services]*0.5,3,CONVERGED,CONVERGED,506.0,506,0.5233407073430117,0.5233407,0.4621368495879749,0.4621368,0.0,0,0.0,0.0,546,546.0,0.1227448993867581,0.1227449,6e-323,0,0.0,0.0,0.0,0.0,7.771561e-12
E7,is1,nbhd,rate.*=1.1,p[services]*2,3,CONVERGED,CONVERGED,444.0,444,0.5790875210042035,0.5790875,0.942574842758311,0.9425748,0.0,0,0.0,0.0,0,0.0,0.0,0.0,0.0,0,0.0,0.0,0.0,0.0,7.993606e-12
E7,is1,nbhd,rate.*=1.1,res.services.trained=0.02@dated,3,CONVERGED,CONVERGED,396.0,396,0.8121332752691334,0.8121333,0.7399539160575466,0.7399539,0.0,0,0.0,0.0,21998,21998.0,0.5551161867321069,0.5551162,0.3914281,0,0.0,0.0,0.0,0.0,4.662937e-12
E7,is1,nbhd,rate.*=1.1,res.services.trained=0.02@genesis,3,CONVERGED,CONVERGED,395.0,395,0.8125460509959279,0.8125461,0.739953916057547,0.7399539,0.0,0,0.0,0.0,21998,21998.0,0.5552795718826605,0.5552796,0.3914281,0,0.0,0.0,0.0,0.0,6.439294e-12
E7,is1,nbhd,rate.*=1.1,res.services.trained=0.08@dated,3,CONVERGED,CONVERGED,528.0,528,0.49999999999999994,0.5,0.7343683010127191,0.7343683,0.0,0,0.0,0.0,0,0.0,0.0,0.0,0.0,0,0.0,0.0,0.0,0.0,1.332268e-11
E7,is1,nbhd,rate.*=1.1,res.services.trained=0.08@genesis,3,CONVERGED,CONVERGED,528.0,528,0.5000000000000001,0.5,0.7355979740390657,0.735598,0.0,0,0.0,0.0,0,0.0,0.0,0.0,0.0,0,0.0,0.0,0.0,0.0,1.687539e-11
E7,is1,nbhd,rate.*=1.1,s[goods]=0.5,3,CONVERGED,CONVERGED,573.0,573,0.13964531971527322,0.1396453,0.942574842758311,0.9425748,68.0,68,0.0,0.0,576,576.0,0.6210835410163178,0.6210835,6e-323,109,109.0,0.737894902477104,0.7378949,1e-323,7.105427e-12
E7,is1,nbhd,rate.*=1.1,s[services]=0.5,3,CONVERGED,CONVERGED,555.0,555,0.19792754709068744,0.1979275,0.942574842758311,0.9425748,49.0,49,0.0,0.0,563,563.0,0.7982839384955438,0.7982839,6e-323,120,120.0,0.17699561209948167,0.1769956,1e-323,6.661338e-12
E7,is1,nbhd,rate.*=1.1,sw[master]=0.5,3,CONVERGED,CONVERGED,332.0,332,0.5531914467612403,0.5531914,0.9119402973907597,0.9119403,0.0,0,0.0,0.0,0,0.0,0.0,0.0,0.0,68,68.0,0.38606647960361284,0.3860665,1e-323,1.065814e-11
E7,is1,nbhd,rate.*=1.1,sw[trained]=0.5,3,CONVERGED,CONVERGED,433.0,433,0.506510207358199,0.5065102,0.8337977724871639,0.8337978,0.0,0,0.0,0.0,418,418.0,0.48014707592391265,0.4801471,6e-323,0,0.0,0.0,0.0,0.0,9.325873e-12
E7,is1,nbhd,rate.*=1.1,tail.services=0.05@dated,3,CONVERGED,CONVERGED,367.0,367,0.9254362476142667,0.9254362,0.39857841751075734,0.3985784,0.0,0,0.0,0.0,0,0.0,0.0,0.0,0.0,0,0.0,0.0,0.0,0.0,6.217249e-12
E7,is1,nbhd,rate.*=1.1,tail.services=0.05@genesis,3,CONVERGED,CONVERGED,367.0,367,0.9254362476142667,0.9254362,0.39857841751075734,0.3985784,0.0,0,0.0,0.0,0,0.0,0.0,0.0,0.0,0,0.0,0.0,0.0,0.0,5.995204e-12
E7,is1,nbhd,rate.*=1.1,tail.services=0.2@dated,3,CONVERGED,CONVERGED,640.0,640,0.4519636676349046,0.4519637,0.942574842758311,0.9425748,8.0,8,0.0,0.0,21998,21998.0,0.5185236758410662,0.5185237,0.2860879,21942,21942.0,0.30732815757207094,0.3073282,0.04967164,1.176836e-11
E7,is1,nbhd,rate.*=1.1,tail.services=0.2@genesis,3,CONVERGED,CONVERGED,652.0,652,0.4512260887972822,0.4512261,0.942574842758311,0.9425748,8.0,8,0.0,0.0,21998,21998.0,0.5207521812953548,0.5207522,0.2860879,21942,21942.0,0.300690628268605,0.3006906,0.04967164,7.771561e-12
E7,is1,nbhd,rate.*=1.1,x*/2,3,CONVERGED,CONVERGED,616.0,616,0.014411955598928425,0.01441196,0.942574842758311,0.9425748,93.0,93,0.0,0.0,622,622.0,0.9183127592238576,0.9183128,6e-323,168,168.0,0.8108768481756361,0.8108768,1e-323,7.327472e-12
E7,is1,nbhd,rate.*=1.25,JA(0.5),3,CONVERGED,CONVERGED,556.0,556,0.19266169611224712,0.1926617,0.6630991995083257,0.6630992,89.0,89,0.0,0.0,466,466.0,0.31962199288399784,0.319622,5.4e-323,0,0.0,0.0,0.0,0.0,7.105427e-12
E7,is1,nbhd,rate.*=1.25,JA(2),3,CONVERGED,CONVERGED,421.0,421,0.5371164428414296,0.5371164,0.6263992283977228,0.6263992,1.0,1,0.0,0.0,445,445.0,0.10399123644396513,0.1039912,5.4e-323,0,0.0,0.0,0.0,0.0,3.996803e-12
E7,is1,nbhd,rate.*=1.25,JB(0.5),3,CONVERGED,CONVERGED,531.0,531,0.24496545291289826,0.2449655,-0.4437195183615795,-0.4437195,72.0,72,17.0,17.0,518,518.0,0.6367526606580994,0.6367527,5.4e-323,127,127.0,0.5104555975498045,0.5104556,5e-324,6.439294e-12
E7,is1,nbhd,rate.*=1.25,JB(2),3,CONVERGED,CONVERGED,521.0,521,0.4334657081711019,0.4334657,0.9425748427583145,0.9425748,38.0,38,0.0,0.0,439,439.0,0.1176901654538209,0.1176902,5.4e-323,0,0.0,0.0,0.0,0.0,7.105427e-12
E7,is1,nbhd,rate.*=1.25,N(0.5),3,CONVERGED,CONVERGED,494.0,494,0.5280272072974195,0.5280272,0.942574842758311,0.9425748,0.0,0,0.0,0.0,411,411.0,0.04456797158423732,0.04456797,5.4e-323,0,0.0,0.0,0.0,0.0,7.549517e-12
E7,is1,nbhd,rate.*=1.25,N(2),3,CONVERGED,CONVERGED,435.0,435,0.44248820359856517,0.4424882,0.3824599447541187,0.3824599,4.0,4,0.0,0.0,451,451.0,0.05057461991779508,0.05057462,5.4e-323,0,0.0,0.0,0.0,0.0,6.439294e-12
E7,is1,nbhd,rate.*=1.25,RC(0.5),3,CONVERGED,CONVERGED,475.0,475,0.4966348509886856,0.4966349,0.4675081423929463,0.4675081,5.0,5,0.0,0.0,498,498.0,0.2258991531811132,0.2258992,5.4e-323,0,0.0,0.0,0.0,0.0,5.107026e-12
E7,is1,nbhd,rate.*=1.25,RC(2),3,CONVERGED,CONVERGED,482.0,482,0.3396592675149851,0.3396593,0.9094915701069002,0.9094916,31.0,31,0.0,0.0,392,392.0,0.08936821196431606,0.08936821,5.4e-323,79,79.0,0.5835105832955276,0.5835106,5e-324,3.774758e-12
E7,is1,nbhd,rate.*=1.25,RW(0.5),3,CONVERGED,CONVERGED,441.0,441,0.40368946986226417,0.4036895,0.24942766219836576,0.2494277,5.0,5,0.0,0.0,423,423.0,0.11273193533850645,0.1127319,5.4e-323,0,0.0,0.0,0.0,0.0,5.551115e-12
E7,is1,nbhd,rate.*=1.25,RW(2),3,CONVERGED,CONVERGED,500.0,500,0.025296035299788595,0.02529604,0.7764413175095102,0.7764413,28.0,28,0.0,0.0,490,490.0,0.9741637706449635,0.9741638,5.4e-323,60,60.0,0.8492353200589992,0.8492353,5e-324,5.995204e-12
E7,is1,nbhd,rate.*=1.25,land.mach=0.2@dated,3,CONVERGED,CONVERGED,468.0,468,0.569161724623198,0.5691617,0.942574842758311,0.9425748,0.0,0,0.0,0.0,364,364.0,0.16070186624118404,0.1607019,4.4e-323,0,0.0,0.0,0.0,0.0,7.993606e-12
E7,is1,nbhd,rate.*=1.25,land.mach=0.2@genesis,3,CONVERGED,CONVERGED,468.0,468,0.5691617246231984,0.5691617,0.942574842758311,0.9425748,0.0,0,0.0,0.0,364,364.0,0.16008215060767939,0.1600822,4.4e-323,0,0.0,0.0,0.0,0.0,7.327472e-12
E7,is1,nbhd,rate.*=1.25,land.mach=0.8@dated,3,CONVERGED,CONVERGED,446.0,446,0.20781381578420416,0.2078138,0.17376051959641073,0.1737605,70.0,70,0.0,0.0,593,593.0,0.2980169414906033,0.2980169,1.054515e-315,0,0.0,0.0,0.0,0.0,2.220446e-12
E7,is1,nbhd,rate.*=1.25,land.mach=0.8@genesis,3,CONVERGED,CONVERGED,446.0,446,0.20766095755672634,0.207661,0.17358156737611127,0.1735816,70.0,70,0.0,0.0,593,593.0,0.29919646318543663,0.2991965,1.069475e-315,0,0.0,0.0,0.0,0.0,2.664535e-12
E7,is1,nbhd,rate.*=1.25,p[goods]*0.5,3,CONVERGED,CONVERGED,438.0,438,0.43590887846832027,0.4359089,0.7931918585936734,0.7931919,12.0,12,0.0,0.0,400,400.0,0.06042786036639036,0.06042786,5.4e-323,80,80.0,0.3663667010752244,0.3663667,5e-324,8.881784e-12
E7,is1,nbhd,rate.*=1.25,p[goods]*2,3,CONVERGED,CONVERGED,372.0,372,0.7840613061669409,0.7840613,0.8579855694422699,0.8579856,0.0,0,0.0,0.0,392,392.0,0.054776840790576584,0.05477684,5.4e-323,0,0.0,0.0,0.0,0.0,6.661338e-12
E7,is1,nbhd,rate.*=1.25,p[labour.master]*0.5,3,CONVERGED,CONVERGED,366.0,366,0.5149987007525435,0.5149987,0.8934547893225195,0.8934548,0.0,0,0.0,0.0,0,0.0,0.0,0.0,0.0,65,65.0,0.2497982248369113,0.2497982,5e-324,6.661338e-12
E7,is1,nbhd,rate.*=1.25,p[labour.master]*2,3,CONVERGED,CONVERGED,368.0,368,0.7874711133785751,0.7874711,0.8953310827879966,0.8953311,0.0,0,0.0,0.0,0,0.0,0.0,0.0,0.0,0,0.0,0.0,0.0,0.0,5.551115e-12
E7,is1,nbhd,rate.*=1.25,p[labour.trained]*0.5,3,CONVERGED,CONVERGED,444.0,444,0.20172681706503778,0.2017268,0.697517227222287,0.6975172,11.0,11,0.0,0.0,479,479.0,0.762771978549195,0.762772,5.4e-323,0,0.0,0.0,0.0,0.0,3.774758e-12
E7,is1,nbhd,rate.*=1.25,p[labour.trained]*2,3,CONVERGED,CONVERGED,388.0,388,0.8403309888289611,0.840331,0.8879057097096134,0.8879057,0.0,0,0.0,0.0,0,0.0,0.0,0.0,0.0,0,0.0,0.0,0.0,0.0,5.329071e-12
E7,is1,nbhd,rate.*=1.25,p[labour]*0.5,3,CONVERGED,CONVERGED,436.0,436,0.3244670078344403,0.324467,0.24942766219836576,0.2494277,8.0,8,0.0,0.0,423,423.0,0.10658689695850992,0.1065869,5.4e-323,0,0.0,0.0,0.0,0.0,4.218847e-12
E7,is1,nbhd,rate.*=1.25,p[labour]*2,3,CONVERGED,CONVERGED,429.0,429,0.3016298130630823,0.3016298,0.8721994788975892,0.8721995,7.0,7,0.0,0.0,375,375.0,0.7437918972908115,0.7437919,5.4e-323,76,76.0,0.22199591087631496,0.2219959,5e-324,7.549517e-12
E7,is1,nbhd,rate.*=1.25,p[land]*0.5,3,CONVERGED,CONVERGED,445.0,445,0.6434002104436155,0.6434002,0.8924934103522163,0.8924934,0.0,0,0.0,0.0,427,427.0,0.1537580176285155,0.153758,5.4e-323,0,0.0,0.0,0.0,0.0,6.217249e-12
E7,is1,nbhd,rate.*=1.25,p[land]*2,3,CONVERGED,CONVERGED,531.0,531,0.31184809756563114,0.3118481,0.348050835155066,0.3480508,71.0,71,0.0,0.0,457,457.0,0.2524196932564544,0.2524197,5.4e-323,0,0.0,0.0,0.0,0.0,7.993606e-12
E7,is1,nbhd,rate.*=1.25,p[mach]*0.5,3,CONVERGED,CONVERGED,542.0,542,0.28954298514140747,0.289543,0.9425748427583147,0.9425748,62.0,62,0.0,0.0,455,455.0,0.22525044102780364,0.2252504,5.4e-323,0,0.0,0.0,0.0,0.0,6.661338e-12
E7,is1,nbhd,rate.*=1.25,p[mach]*2,3,CONVERGED,CONVERGED,430.0,430,0.5374058648686469,0.5374059,0.19391001815902895,0.19391,0.0,0,0.0,0.0,459,459.0,0.13882743536412967,0.1388274,5.4e-323,0,0.0,0.0,0.0,0.0,2.88658e-12
E7,is1,nbhd,rate.*=1.25,p[services]*0.5,3,CONVERGED,CONVERGED,456.0,456,0.5513150824699319,0.5513151,0.49066971538049503,0.4906697,0.0,0,0.0,0.0,464,464.0,0.10897982338445036,0.1089798,5.4e-323,0,0.0,0.0,0.0,0.0,7.549517e-12
E7,is1,nbhd,rate.*=1.25,p[services]*2,3,CONVERGED,CONVERGED,401.0,401,0.6141258565006857,0.6141259,0.942574842758311,0.9425748,0.0,0,0.0,0.0,0,0.0,0.0,0.0,0.0,0,0.0,0.0,0.0,0.0,7.549517e-12
E7,is1,nbhd,rate.*=1.25,res.services.trained=0.02@dated,3,CONVERGED,CONVERGED,368.0,368,0.8103610154749298,0.810361,0.7399539160575466,0.7399539,0.0,0,0.0,0.0,21998,21998.0,0.5558612784337229,0.5558613,0.3914281,0,0.0,0.0,0.0,0.0,4.440892e-12
E7,is1,nbhd,rate.*=1.25,res.services.trained=0.02@genesis,3,CONVERGED,CONVERGED,368.0,368,0.8109778966129195,0.8109779,0.7399539160575472,0.7399539,0.0,0,0.0,0.0,21998,21998.0,0.555984074897083,0.5559841,0.3914281,0,0.0,0.0,0.0,0.0,5.995204e-12
E7,is1,nbhd,rate.*=1.25,res.services.trained=0.08@dated,3,CONVERGED,CONVERGED,474.0,474,0.49999999999999994,0.5,0.742280623877381,0.7422806,0.0,0,0.0,0.0,0,0.0,0.0,0.0,0.0,0,0.0,0.0,0.0,0.0,1.532108e-11
E7,is1,nbhd,rate.*=1.25,res.services.trained=0.08@genesis,3,CONVERGED,CONVERGED,475.0,475,0.5000000000000001,0.5,0.743722770185051,0.7437228,0.0,0,0.0,0.0,0,0.0,0.0,0.0,0.0,0,0.0,0.0,0.0,0.0,1.665335e-11
E7,is1,nbhd,rate.*=1.25,s[goods]=0.5,3,CONVERGED,CONVERGED,522.0,522,0.14592234796533907,0.1459223,0.942574842758311,0.9425748,62.0,62,0.0,0.0,512,512.0,0.6310179859692482,0.631018,5.4e-323,99,99.0,0.7574800672486787,0.7574801,5e-324,6.883383e-12
E7,is1,nbhd,rate.*=1.25,s[services]=0.5,3,CONVERGED,CONVERGED,509.0,509,0.19266536692765962,0.1926654,0.942574842758311,0.9425748,37.0,37,0.0,0.0,500,500.0,0.80832710592948,0.8083271,5.4e-323,110,110.0,0.22077588348638558,0.2207759,5e-324,9.547918e-12
E7,is1,nbhd,rate.*=1.25,sw[master]=0.5,3,CONVERGED,CONVERGED,298.0,298,0.5674927892195899,0.5674928,0.9131090257985071,0.913109,0.0,0,0.0,0.0,0,0.0,0.0,0.0,0.0,60,60.0,0.37268969162910415,0.3726897,5e-324,7.105427e-12
E7,is1,nbhd,rate.*=1.25,sw[trained]=0.5,3,CONVERGED,CONVERGED,394.0,394,0.5091622100529352,0.5091622,0.8373611362940495,0.8373611,0.0,0,0.0,0.0,366,366.0,0.47750164553425295,0.4775016,5.4e-323,0,0.0,0.0,0.0,0.0,4.884981e-12
E7,is1,nbhd,rate.*=1.25,tail.services=0.05@dated,3,CONVERGED,CONVERGED,348.0,348,0.9259139293363319,0.9259139,0.39857841751075823,0.3985784,0.0,0,0.0,0.0,0,0.0,0.0,0.0,0.0,0,0.0,0.0,0.0,0.0,1.998401e-12
E7,is1,nbhd,rate.*=1.25,tail.services=0.05@genesis,3,CONVERGED,CONVERGED,348.0,348,0.9259139293363319,0.9259139,0.39857841751075823,0.3985784,0.0,0,0.0,0.0,0,0.0,0.0,0.0,0.0,0,0.0,0.0,0.0,0.0,5.551115e-12
E7,is1,nbhd,rate.*=1.25,tail.services=0.2@dated,3,CONVERGED,CONVERGED,563.0,563,0.4565524518310887,0.4565525,0.942574842758311,0.9425748,7.0,7,0.0,0.0,21998,21998.0,0.5179562469829719,0.5179562,0.2860879,21948,21948.0,0.30240397920574874,0.302404,0.04967164,7.549517e-12
E7,is1,nbhd,rate.*=1.25,tail.services=0.2@genesis,3,CONVERGED,CONVERGED,566.0,566,0.4558885531533561,0.4558886,0.942574842758311,0.9425748,7.0,7,0.0,0.0,21998,21998.0,0.5202084078991961,0.5202084,0.2860879,21948,21948.0,0.29575319930177824,0.2957532,0.04967164,8.21565e-12
E7,is1,nbhd,rate.*=1.25,x*/2,3,CONVERGED,CONVERGED,557.0,557,0.03408791283753122,0.03408791,0.942574842758311,0.9425748,86.0,86,0.0,0.0,556,556.0,0.9235489630457411,0.923549,5.4e-323,162,162.0,0.8293596923205372,0.8293597,5e-324,6.217249e-12
E7,is1,nbhd,tilt.*=0.05,JA(0.5),3,CONVERGED,CONVERGED,702.0,702,0.16323238687999286,0.1632324,0.591613706338152,0.5916137,117.0,117,0.0,0.0,594,594.0,0.3656668774620097,0.3656669,6.4e-323,0,0.0,0.0,0.0,0.0,8.21565e-12
E7,is1,nbhd,tilt.*=0.05,JA(2),3,CONVERGED,CONVERGED,534.0,534,0.5339512441270395,0.5339512,0.6470096612524933,0.6470097,1.0,1,0.0,0.0,556,556.0,0.11528092990036856,0.1152809,6.4e-323,0,0.0,0.0,0.0,0.0,7.771561e-12
E7,is1,nbhd,tilt.*=0.05,JB(0.5),3,CONVERGED,CONVERGED,634.0,634,0.21121264473022608,0.2112126,-0.4437195183615795,-0.4437195,91.0,91,27.0,27.0,653,653.0,0.6741158498606818,0.6741158,6.4e-323,164,164.0,0.5559897665595224,0.5559898,1e-323,1.021405e-11
E7,is1,nbhd,tilt.*=0.05,JB(2),3,CONVERGED,CONVERGED,653.0,653,0.3570833683468125,0.3570834,0.9425748427583176,0.9425748,57.0,57,0.0,0.0,559,559.0,0.1330065451315235,0.1330065,6.4e-323,0,0.0,0.0,0.0,0.0,9.992007e-12
E7,is1,nbhd,tilt.*=0.05,N(0.5),3,CONVERGED,CONVERGED,592.0,592,0.46844672856196395,0.4684467,0.942574842758311,0.9425748,16.0,16,0.0,0.0,527,527.0,0.06888882330289227,0.06888882,6.4e-323,0,0.0,0.0,0.0,0.0,7.549517e-12
E7,is1,nbhd,tilt.*=0.05,N(2),3,CONVERGED,CONVERGED,517.0,517,0.44248820359856517,0.4424882,0.3949884811332058,0.3949885,4.0,4,0.0,0.0,566,566.0,0.04948313577071119,0.04948314,6.4e-323,0,0.0,0.0,0.0,0.0,1.465494e-11
E7,is1,nbhd,tilt.*=0.05,RC(0.5),3,CONVERGED,CONVERGED,599.0,599,0.47144000785113943,0.47144,0.44920090825137593,0.4492009,16.0,16,0.0,0.0,620,620.0,0.2571491962162362,0.2571492,6.4e-323,0,0.0,0.0,0.0,0.0,1.176836e-11
E7,is1,nbhd,tilt.*=0.05,RC(2),3,CONVERGED,CONVERGED,549.0,549,0.30102224403122474,0.3010222,0.942574842758311,0.9425748,39.0,39,0.0,0.0,494,494.0,0.078421117006362,0.07842112,6.4e-323,97,97.0,0.6318869443572729,0.6318869,1e-323,1.332268e-11
E7,is1,nbhd,tilt.*=0.05,RW(0.5),3,CONVERGED,CONVERGED,564.0,564,0.39519341807470065,0.3951934,0.24942766219836576,0.2494277,12.0,12,0.0,0.0,534,534.0,0.1276954640604726,0.1276955,6.4e-323,0,0.0,0.0,0.0,0.0,8.881784e-12
E7,is1,nbhd,tilt.*=0.05,RW(2),3,CONVERGED,CONVERGED,595.0,595,0.025839657667160867,0.02583966,0.7434214472891074,0.7434214,52.0,52,0.0,0.0,616,616.0,0.973004763722998,0.9730048,6.4e-323,73,73.0,0.8423699575160908,0.84237,1e-323,1.021405e-11
E7,is1,nbhd,tilt.*=0.05,land.mach=0.2@dated,3,CONVERGED,CONVERGED,556.0,556,0.548894684126296,0.5488947,0.942574842758311,0.9425748,0.0,0,0.0,0.0,456,456.0,0.16400538993724992,0.1640054,5.4e-323,0,0.0,0.0,0.0,0.0,9.992007e-12
E7,is1,nbhd,tilt.*=0.05,land.mach=0.2@genesis,3,CONVERGED,CONVERGED,556.0,556,0.5488946841262966,0.5488947,0.942574842758311,0.9425748,0.0,0,0.0,0.0,456,456.0,0.16342088105497393,0.1634209,5.4e-323,0,0.0,0.0,0.0,0.0,1.24345e-11
E7,is1,nbhd,tilt.*=0.05,land.mach=0.8@dated,3,CONVERGED,CONVERGED,555.0,555,0.1717624306904485,0.1717624,0.14662209426316028,0.1466221,93.0,93,0.0,0.0,747,747.0,0.3239422889461565,0.3239423,1.420788e-252,0,0.0,0.0,0.0,0.0,8.881784e-12
E7,is1,nbhd,tilt.*=0.05,land.mach=0.8@genesis,3,CONVERGED,CONVERGED,556.0,556,0.17227576492824467,0.1722758,0.14669330780910741,0.1466933,94.0,94,0.0,0.0,747,747.0,0.32346292803193805,0.3234629,1.435035e-252,0,0.0,0.0,0.0,0.0,5.551115e-12
E7,is1,nbhd,tilt.*=0.05,p[goods]*0.5,3,CONVERGED,CONVERGED,553.0,553,0.39340899883010133,0.393409,0.7953873546723691,0.7953874,19.0,19,0.0,0.0,503,503.0,0.05391157130790408,0.05391157,6.4e-323,99,99.0,0.42387938891108584,0.4238794,1e-323,8.437695e-12
E7,is1,nbhd,tilt.*=0.05,p[goods]*2,3,CONVERGED,CONVERGED,442.0,442,0.7615377883733492,0.7615378,0.8649396520192788,0.8649397,0.0,0,0.0,0.0,493,493.0,0.055967081624935605,0.05596708,6.4e-323,0,0.0,0.0,0.0,0.0,8.21565e-12
E7,is1,nbhd,tilt.*=0.05,p[labour.master]*0.5,3,CONVERGED,CONVERGED,429.0,429,0.5238389842275866,0.523839,0.891972579294701,0.8919726,0.0,0,0.0,0.0,0,0.0,0.0,0.0,0.0,81,81.0,0.24194379804476096,0.2419438,1e-323,1.154632e-11
E7,is1,nbhd,tilt.*=0.05,p[labour.master]*2,3,CONVERGED,CONVERGED,433.0,433,0.7785741165515034,0.7785741,0.8951639396898736,0.8951639,0.0,0,0.0,0.0,0,0.0,0.0,0.0,0.0,0,0.0,0.0,0.0,0.0,1.065814e-11
E7,is1,nbhd,tilt.*=0.05,p[labour.trained]*0.5,3,CONVERGED,CONVERGED,569.0,569,0.20316049635442482,0.2031605,0.6776852398137344,0.6776852,30.0,30,0.0,0.0,601,601.0,0.7581710855085446,0.7581711,6.4e-323,0,0.0,0.0,0.0,0.0,1.287859e-11
E7,is1,nbhd,tilt.*=0.05,p[labour.trained]*2,3,CONVERGED,CONVERGED,455.0,455,0.8334083226034965,0.8334083,0.8827351928255995,0.8827352,0.0,0,0.0,0.0,0,0.0,0.0,0.0,0.0,0,0.0,0.0,0.0,0.0,8.881784e-12
E7,is1,nbhd,tilt.*=0.05,p[labour]*0.5,3,CONVERGED,CONVERGED,557.0,557,0.3093037419181233,0.3093037,0.24942766219836576,0.2494277,14.0,14,0.0,0.0,534,534.0,0.12368068248153004,0.1236807,6.4e-323,0,0.0,0.0,0.0,0.0,7.549517e-12
E7,is1,nbhd,tilt.*=0.05,p[labour]*2,3,CONVERGED,CONVERGED,546.0,546,0.305319645448142,0.3053196,0.8600491087271581,0.8600491,8.0,8,0.0,0.0,472,472.0,0.7410832860488317,0.7410833,6.4e-323,96,96.0,0.20977162369888397,0.2097716,1e-323,6.661338e-12
E7,is1,nbhd,tilt.*=0.05,p[land]*0.5,3,CONVERGED,CONVERGED,524.0,524,0.6204896429253787,0.6204896,0.9021598467554622,0.9021598,0.0,0,0.0,0.0,534,534.0,0.16778430600692276,0.1677843,6.4e-323,0,0.0,0.0,0.0,0.0,1.04361e-11
E7,is1,nbhd,tilt.*=0.05,p[land]*2,3,CONVERGED,CONVERGED,628.0,628,0.2659682073626873,0.2659682,0.32251968161733524,0.3225197,89.0,89,0.0,0.0,577,577.0,0.27947681792357276,0.2794768,6.4e-323,0,0.0,0.0,0.0,0.0,4.440892e-12
E7,is1,nbhd,tilt.*=0.05,p[mach]*0.5,3,CONVERGED,CONVERGED,682.0,682,0.2263669554107706,0.226367,0.9425748427583153,0.9425748,85.0,85,0.0,0.0,581,581.0,0.25983051235279164,0.2598305,6.4e-323,0,0.0,0.0,0.0,0.0,9.103829e-12
E7,is1,nbhd,tilt.*=0.05,p[mach]*2,3,CONVERGED,CONVERGED,548.0,548,0.512868224640249,0.5128682,0.19480977134862162,0.1948098,0.0,0,0.0,0.0,573,573.0,0.14734231029411982,0.1473423,6.4e-323,0,0.0,0.0,0.0,0.0,1.132427e-11
E7,is1,nbhd,tilt.*=0.05,p[services]*0.5,3,CONVERGED,CONVERGED,581.0,581,0.50852575766022,0.5085258,0.45060287552287037,0.4506029,0.0,0,0.0,0.0,601,601.0,0.12487838636193795,0.1248784,6.4e-323,0,0.0,0.0,0.0,0.0,8.21565e-12
E7,is1,nbhd,tilt.*=0.05,p[services]*2,3,CONVERGED,CONVERGED,514.0,514,0.5410947441809365,0.5410947,0.942574842758311,0.9425748,0.0,0,0.0,0.0,0,0.0,0.0,0.0,0.0,0,0.0,0.0,0.0,0.0,1.110223e-11
E7,is1,nbhd,tilt.*=0.05,res.services.trained=0.02@dated,3,CONVERGED,CONVERGED,411.0,411,0.816914481858925,0.8169145,0.739953916057547,0.7399539,0.0,0,0.0,0.0,21998,21998.0,0.5536625155911167,0.5536625,0.3914281,0,0.0,0.0,0.0,0.0,4.662937e-12
E7,is1,nbhd,tilt.*=0.05,res.services.trained=0.02@genesis,3,CONVERGED,CONVERGED,411.0,411,0.8172480978751592,0.8172481,0.739953916057547,0.7399539,0.0,0,0.0,0.0,21998,21998.0,0.5538326625941231,0.5538327,0.3914281,0,0.0,0.0,0.0,0.0,6.439294e-12
E7,is1,nbhd,tilt.*=0.05,res.services.trained=0.08@dated,3,CONVERGED,CONVERGED,562.0,562,0.4999999999999999,0.5,0.7305709084457485,0.7305709,0.0,0,0.0,0.0,0,0.0,0.0,0.0,0.0,0,0.0,0.0,0.0,0.0,1.598721e-11
E7,is1,nbhd,tilt.*=0.05,res.services.trained=0.08@genesis,3,CONVERGED,CONVERGED,563.0,563,0.5,0.5,0.7317434461862499,0.7317434,0.0,0,0.0,0.0,0,0.0,0.0,0.0,0.0,0,0.0,0.0,0.0,0.0,1.709743e-11
E7,is1,nbhd,tilt.*=0.05,s[goods]=0.5,3,CONVERGED,CONVERGED,614.0,614,0.14276538556679963,0.1427654,0.942574842758311,0.9425748,71.0,71,0.0,0.0,629,629.0,0.6049566652911027,0.6049567,6.4e-323,117,117.0,0.725445856998149,0.7254459,1e-323,7.327472e-12
E7,is1,nbhd,tilt.*=0.05,s[services]=0.5,3,CONVERGED,CONVERGED,595.0,595,0.2027564476702679,0.2027564,0.942574842758311,0.9425748,52.0,52,0.0,0.0,616,616.0,0.7911548883894612,0.7911549,6.4e-323,129,129.0,0.12885206933829016,0.1288521,1e-323,6.661338e-12
E7,is1,nbhd,tilt.*=0.05,sw[master]=0.5,3,CONVERGED,CONVERGED,360.0,360,0.5434245121669512,0.5434245,0.9112997183712688,0.9112997,0.0,0,0.0,0.0,0,0.0,0.0,0.0,0.0,75,75.0,0.3952500243371661,0.39525,1e-323,4.884981e-12
E7,is1,nbhd,tilt.*=0.05,sw[trained]=0.5,3,CONVERGED,CONVERGED,466.0,466,0.5047344661132523,0.5047345,0.8322507983455063,0.8322508,0.0,0,0.0,0.0,460,460.0,0.4819188334470013,0.4819188,6.4e-323,0,0.0,0.0,0.0,0.0,9.103829e-12
E7,is1,nbhd,tilt.*=0.05,tail.services=0.05@dated,3,CONVERGED,CONVERGED,381.0,381,0.9230013400825483,0.9230013,0.39857841751075734,0.3985784,0.0,0,0.0,0.0,0,0.0,0.0,0.0,0.0,0,0.0,0.0,0.0,0.0,4.662937e-12
E7,is1,nbhd,tilt.*=0.05,tail.services=0.05@genesis,3,CONVERGED,CONVERGED,381.0,381,0.9230013400825483,0.9230013,0.39857841751075573,0.3985784,0.0,0,0.0,0.0,0,0.0,0.0,0.0,0.0,0,0.0,0.0,0.0,0.0,4.662937e-12
E7,is1,nbhd,tilt.*=0.05,tail.services=0.2@dated,3,CONVERGED,CONVERGED,723.0,723,0.4487296225092201,0.4487296,0.942574842758311,0.9425748,15.0,15,0.0,0.0,21998,21998.0,0.5187005619548408,0.5187006,0.2860879,21937,21937.0,0.30000661183109195,0.3000066,0.04967164,1.176836e-11
E7,is1,nbhd,tilt.*=0.05,tail.services=0.2@genesis,3,CONVERGED,CONVERGED,731.0,731,0.44785837121182676,0.4478584,0.942574842758311,0.9425748,16.0,16,0.0,0.0,21998,21998.0,0.5209167179758418,0.5209167,0.2860879,21937,21937.0,0.29480828214202653,0.2948083,0.04967164,1.421085e-11
E7,is1,nbhd,tilt.*=0.05,x*/2,3,CONVERGED,CONVERGED,682.0,682,0.02626233849358689,0.02626234,0.942574842758311,0.9425748,98.0,98,0.0,0.0,676,676.0,0.914084664743223,0.9140847,6.4e-323,169,169.0,0.7970566818170016,0.7970567,1e-323,8.21565e-12
E7,is1,nbhd,tilt.*=0.1,JA(0.5),3,CONVERGED,CONVERGED,697.0,697,0.1682614616629904,0.1682615,0.6111400088716711,0.61114,116.0,116,0.0,0.0,593,593.0,0.36089917515590936,0.3608992,6.4e-323,0,0.0,0.0,0.0,0.0,7.771561e-12
E7,is1,nbhd,tilt.*=0.1,JA(2),3,CONVERGED,CONVERGED,530.0,530,0.5341732976539096,0.5341733,0.6562332542975605,0.6562333,1.0,1,0.0,0.0,557,557.0,0.11386846939222615,0.1138685,6.4e-323,0,0.0,0.0,0.0,0.0,1.287859e-11
E7,is1,nbhd,tilt.*=0.1,JB(0.5),3,CONVERGED,CONVERGED,629.0,629,0.21436330061066963,0.2143633,-0.4437195183615795,-0.4437195,89.0,89,25.0,25.0,652,652.0,0.6761798973152021,0.6761799,6.4e-323,162,162.0,0.551797432581246,0.5517974,1e-323,1.021405e-11
E7,is1,nbhd,tilt.*=0.1,JB(2),3,CONVERGED,CONVERGED,650.0,650,0.36381809463890186,0.3638181,0.9425748427583166,0.9425748,57.0,57,0.0,0.0,557,557.0,0.12410126953622297,0.1241013,6.4e-323,0,0.0,0.0,0.0,0.0,9.992007e-12
E7,is1,nbhd,tilt.*=0.1,N(0.5),3,CONVERGED,CONVERGED,589.0,589,0.46858201446457626,0.468582,0.942574842758311,0.9425748,16.0,16,0.0,0.0,527,527.0,0.0664685994745335,0.0664686,6.4e-323,0,0.0,0.0,0.0,0.0,8.437695e-12
E7,is1,nbhd,tilt.*=0.1,N(2),3,CONVERGED,CONVERGED,514.0,514,0.44248820359856517,0.4424882,0.39936202007513233,0.399362,4.0,4,0.0,0.0,565,565.0,0.04880816261637442,0.04880816,6.4e-323,0,0.0,0.0,0.0,0.0,1.376677e-11
E7,is1,nbhd,tilt.*=0.1,RC(0.5),3,CONVERGED,CONVERGED,591.0,591,0.48540739372905123,0.4854074,0.46688548901377064,0.4668855,12.0,12,0.0,0.0,616,616.0,0.2464527900262091,0.2464528,6.4e-323,0,0.0,0.0,0.0,0.0,1.287859e-11
E7,is1,nbhd,tilt.*=0.1,RC(2),3,CONVERGED,CONVERGED,540.0,540,0.3158549515099664,0.315855,0.942574842758311,0.9425748,38.0,38,0.0,0.0,494,494.0,0.0643808081862267,0.06438081,6.4e-323,98,98.0,0.615346965266491,0.615347,1e-323,1.465494e-11
E7,is1,nbhd,tilt.*=0.1,RW(0.5),3,CONVERGED,CONVERGED,561.0,561,0.39439204249818305,0.394392,0.24942766219836576,0.2494277,13.0,13,0.0,0.0,534,534.0,0.1251052317232415,0.1251052,6.4e-323,0,0.0,0.0,0.0,0.0,1.065814e-11
E7,is1,nbhd,tilt.*=0.1,RW(2),3,CONVERGED,CONVERGED,591.0,591,0.025791224204862795,0.02579122,0.7466243161619015,0.7466243,51.0,51,0.0,0.0,615,615.0,0.9730653884472349,0.9730654,6.4e-323,73,73.0,0.8418094024371183,0.8418094,1e-323,1.132427e-11
E7,is1,nbhd,tilt.*=0.1,land.mach=0.2@dated,3,CONVERGED,CONVERGED,554.0,554,0.5280698244622583,0.5280698,0.942574842758311,0.9425748,0.0,0,0.0,0.0,455,455.0,0.16748825196120282,0.1674883,5.4e-323,0,0.0,0.0,0.0,0.0,1.176836e-11
E7,is1,nbhd,tilt.*=0.1,land.mach=0.2@genesis,3,CONVERGED,CONVERGED,554.0,554,0.5280698244622586,0.5280698,0.942574842758311,0.9425748,0.0,0,0.0,0.0,455,455.0,0.1668399586194329,0.16684,5.4e-323,0,0.0,0.0,0.0,0.0,1.065814e-11
E7,is1,nbhd,tilt.*=0.1,land.mach=0.8@dated,3,CONVERGED,CONVERGED,529.0,529,0.17954380671731848,0.1795438,0.16417956173183065,0.1641796,92.0,92,0.0,0.0,747,747.0,0.31675996640982856,0.31676,1.390114e-252,0,0.0,0.0,0.0,0.0,9.547918e-12
E7,is1,nbhd,tilt.*=0.1,land.mach=0.8@genesis,3,CONVERGED,CONVERGED,529.0,529,0.17987346954169656,0.1798735,0.16455854502436562,0.1645585,92.0,92,0.0,0.0,747,747.0,0.31697721625932024,0.3169772,1.403683e-252,0,0.0,0.0,0.0,0.0,8.437695e-12
E7,is1,nbhd,tilt.*=0.1,p[goods]*0.5,3,CONVERGED,CONVERGED,513.0,513,0.41024176793674194,0.4102418,0.8043663989756035,0.8043664,17.0,17,0.0,0.0,501,501.0,0.0434950579492522,0.04349506,6.4e-323,100,100.0,0.4024592531184331,0.4024593,1e-323,1.110223e-11
E7,is1,nbhd,tilt.*=0.1,p[goods]*2,3,CONVERGED,CONVERGED,439.0,439,0.7546462716452712,0.7546463,0.8697591921847022,0.8697592,0.0,0,0.0,0.0,493,493.0,0.05372320212676102,0.0537232,6.4e-323,0,0.0,0.0,0.0,0.0,1.154632e-11
E7,is1,nbhd,tilt.*=0.1,p[labour.master]*0.5,3,CONVERGED,CONVERGED,425.0,425,0.5242234050364515,0.5242234,0.8958341172761528,0.8958341,0.0,0,0.0,0.0,0,0.0,0.0,0.0,0.0,81,81.0,0.2412908727179737,0.2412909,1e-323,8.21565e-12
E7,is1,nbhd,tilt.*=0.1,p[labour.master]*2,3,CONVERGED,CONVERGED,430.0,430,0.769772390557364,0.7697724,0.8976204553181224,0.8976205,0.0,0,0.0,0.0,0,0.0,0.0,0.0,0.0,0,0.0,0.0,0.0,0.0,9.547918e-12
E7,is1,nbhd,tilt.*=0.1,p[labour.trained]*0.5,3,CONVERGED,CONVERGED,564.0,564,0.2030849805550278,0.203085,0.6813159523434054,0.681316,30.0,30,0.0,0.0,600,600.0,0.7585850141429973,0.758585,6.4e-323,0,0.0,0.0,0.0,0.0,1.221245e-11
E7,is1,nbhd,tilt.*=0.1,p[labour.trained]*2,3,CONVERGED,CONVERGED,451.0,451,0.8265396883254991,0.8265397,0.8826937800015687,0.8826938,0.0,0,0.0,0.0,0,0.0,0.0,0.0,0.0,0,0.0,0.0,0.0,0.0,1.265654e-11
E7,is1,nbhd,tilt.*=0.1,p[labour]*0.5,3,CONVERGED,CONVERGED,553.0,553,0.3052770380466032,0.305277,0.24942766219836576,0.2494277,15.0,15,0.0,0.0,533,533.0,0.12163848236030711,0.1216385,6.4e-323,0,0.0,0.0,0.0,0.0,1.065814e-11
E7,is1,nbhd,tilt.*=0.1,p[labour]*2,3,CONVERGED,CONVERGED,541.0,541,0.3040496907913654,0.3040497,0.8640031308363116,0.8640031,8.0,8,0.0,0.0,469,469.0,0.7419228740566788,0.7419229,6.4e-323,96,96.0,0.20894660182945649,0.2089466,1e-323,1.132427e-11
E7,is1,nbhd,tilt.*=0.1,p[land]*0.5,3,CONVERGED,CONVERGED,522.0,522,0.5969484972182052,0.5969485,0.9076737709181949,0.9076738,0.0,0,0.0,0.0,534,534.0,0.17257588157861234,0.1725759,6.4e-323,0,0.0,0.0,0.0,0.0,8.21565e-12
E7,is1,nbhd,tilt.*=0.1,p[land]*2,3,CONVERGED,CONVERGED,623.0,623,0.2715551097514086,0.2715551,0.33829909250542767,0.3382991,87.0,87,0.0,0.0,576,576.0,0.27228703224853007,0.272287,6.4e-323,0,0.0,0.0,0.0,0.0,6.661338e-12
E7,is1,nbhd,tilt.*=0.1,p[mach]*0.5,3,CONVERGED,CONVERGED,678.0,678,0.2309207591524346,0.2309208,0.9425748427583175,0.9425748,84.0,84,0.0,0.0,580,580.0,0.25216799318489097,0.252168,6.4e-323,0,0.0,0.0,0.0,0.0,7.993606e-12
E7,is1,nbhd,tilt.*=0.1,p[mach]*2,3,CONVERGED,CONVERGED,544.0,544,0.5144754479816965,0.5144754,0.19772722185060998,0.1977272,0.0,0,0.0,0.0,573,573.0,0.14805883273100295,0.1480588,6.4e-323,0,0.0,0.0,0.0,0.0,1.110223e-11
E7,is1,nbhd,tilt.*=0.1,p[services]*0.5,3,CONVERGED,CONVERGED,575.0,575,0.5155516145723013,0.5155516,0.46089143595650806,0.4608914,0.0,0,0.0,0.0,600,600.0,0.11787069926670783,0.1178707,6.4e-323,0,0.0,0.0,0.0,0.0,7.327472e-12
E7,is1,nbhd,tilt.*=0.1,p[services]*2,3,CONVERGED,CONVERGED,511.0,511,0.5303575804886717,0.5303576,0.942574842758311,0.9425748,0.0,0,0.0,0.0,0,0.0,0.0,0.0,0.0,0,0.0,0.0,0.0,0.0,9.992007e-12
E7,is1,nbhd,tilt.*=0.1,res.services.trained=0.02@dated,3,CONVERGED,CONVERGED,408.0,408,0.8184330782620837,0.8184331,0.7399539160575488,0.7399539,0.0,0,0.0,0.0,21998,21998.0,0.5532584449974483,0.5532584,0.3914281,0,0.0,0.0,0.0,0.0,9.992007e-12
E7,is1,nbhd,tilt.*=0.1,res.services.trained=0.02@genesis,3,CONVERGED,CONVERGED,407.0,407,0.8187467343114151,0.8187467,0.7399539160575479,0.7399539,0.0,0,0.0,0.0,21998,21998.0,0.5534428571812342,0.5534429,0.3914281,0,0.0,0.0,0.0,0.0,8.881784e-12
E7,is1,nbhd,tilt.*=0.1,res.services.trained=0.08@dated,3,CONVERGED,CONVERGED,550.0,550,0.4999999999999999,0.5,0.7327116682138934,0.7327117,0.0,0,0.0,0.0,0,0.0,0.0,0.0,0.0,0,0.0,0.0,0.0,0.0,1.731948e-11
E7,is1,nbhd,tilt.*=0.1,res.services.trained=0.08@genesis,3,CONVERGED,CONVERGED,550.0,550,0.5,0.5,0.733913011835699,0.733913,0.0,0,0.0,0.0,0,0.0,0.0,0.0,0.0,0,0.0,0.0,0.0,0.0,1.665335e-11
E7,is1,nbhd,tilt.*=0.1,s[goods]=0.5,3,CONVERGED,CONVERGED,611.0,611,0.1492503265626891,0.1492503,0.942574842758311,0.9425748,70.0,70,0.0,0.0,628,628.0,0.5982642036920067,0.5982642,6.4e-323,116,116.0,0.7295034552559925,0.7295035,1e-323,8.881784e-12
E7,is1,nbhd,tilt.*=0.1,s[services]=0.5,3,CONVERGED,CONVERGED,592.0,592,0.20160200462105293,0.201602,0.942574842758311,0.9425748,53.0,53,0.0,0.0,616,616.0,0.7922150131744083,0.792215,6.4e-323,130,130.0,0.11733811602619665,0.1173381,1e-323,6.217249e-12
E7,is1,nbhd,tilt.*=0.1,sw[master]=0.5,3,CONVERGED,CONVERGED,357.0,357,0.5434245121669512,0.5434245,0.9123188317553766,0.9123188,0.0,0,0.0,0.0,0,0.0,0.0,0.0,0.0,75,75.0,0.3952500243371661,0.39525,1e-323,7.327472e-12
E7,is1,nbhd,tilt.*=0.1,sw[trained]=0.5,3,CONVERGED,CONVERGED,462.0,462,0.5047344661132523,0.5047345,0.8332456246173691,0.8332456,0.0,0,0.0,0.0,459,459.0,0.4819188334470013,0.4819188,6.4e-323,0,0.0,0.0,0.0,0.0,8.881784e-12
E7,is1,nbhd,tilt.*=0.1,tail.services=0.05@dated,3,CONVERGED,CONVERGED,378.0,378,0.9207210980452574,0.9207211,0.39857841751075557,0.3985784,0.0,0,0.0,0.0,0,0.0,0.0,0.0,0.0,0,0.0,0.0,0.0,0.0,6.217249e-12
E7,is1,nbhd,tilt.*=0.1,tail.services=0.05@genesis,3,CONVERGED,CONVERGED,378.0,378,0.9207210980452573,0.9207211,0.39857841751075646,0.3985784,0.0,0,0.0,0.0,0,0.0,0.0,0.0,0.0,0,0.0,0.0,0.0,0.0,6.217249e-12
E7,is1,nbhd,tilt.*=0.1,tail.services=0.2@dated,3,CONVERGED,CONVERGED,706.0,706,0.4479728853973118,0.4479729,0.942574842758311,0.9425748,13.0,13,0.0,0.0,21998,21998.0,0.5195353975896467,0.5195354,0.2860879,21937,21937.0,0.29141432317347604,0.2914143,0.04967164,1.532108e-11
E7,is1,nbhd,tilt.*=0.1,tail.services=0.2@genesis,3,CONVERGED,CONVERGED,725.0,725,0.4469495016792676,0.4469495,0.942574842758311,0.9425748,16.0,16,0.0,0.0,21998,21998.0,0.5217673976019361,0.5217674,0.2860879,21937,21937.0,0.2869247244264352,0.2869247,0.04967164,1.265654e-11
E7,is1,nbhd,tilt.*=0.1,x*/2,3,CONVERGED,CONVERGED,681.0,681,0.050942577057168315,0.05094258,0.942574842758311,0.9425748,98.0,98,0.0,0.0,677,677.0,0.9148485615481975,0.9148486,6.4e-323,168,168.0,0.7981748968173983,0.7981749,1e-323,9.769963e-12
E7,is1,nbhd,tilt.*=0.25,JA(0.5),3,CONVERGED,CONVERGED,666.0,666,0.16731197139305262,0.167312,0.6632066943170183,0.6632067,113.0,113,0.0,0.0,592,592.0,0.3431249483276238,0.3431249,6.4e-323,0,0.0,0.0,0.0,0.0,1.132427e-11
E7,is1,nbhd,tilt.*=0.25,JA(2),3,CONVERGED,CONVERGED,521.0,521,0.5347853027738945,0.5347853,0.6820120927580113,0.6820121,1.0,1,0.0,0.0,555,555.0,0.10933610284866069,0.1093361,6.4e-323,0,0.0,0.0,0.0,0.0,1.154632e-11
E7,is1,nbhd,tilt.*=0.25,JB(0.5),3,CONVERGED,CONVERGED,614.0,614,0.21865693984998527,0.2186569,-0.4437195183615795,-0.4437195,85.0,85,21.0,21.0,649,649.0,0.6755985455259872,0.6755985,6.4e-323,159,159.0,0.5354259138958173,0.5354259,1e-323,9.547918e-12
E7,is1,nbhd,tilt.*=0.25,JB(2),3,CONVERGED,CONVERGED,640.0,640,0.37376505848706454,0.3737651,0.942574842758319,0.9425748,55.0,55,0.0,0.0,554,554.0,0.10302576385788717,0.1030258,6.4e-323,0,0.0,0.0,0.0,0.0,1.287859e-11
E7,is1,nbhd,tilt.*=0.25,N(0.5),3,CONVERGED,CONVERGED,581.0,581,0.46901952204409386,0.4690195,0.942574842758311,0.9425748,16.0,16,0.0,0.0,526,526.0,0.05928604963284795,0.05928605,6.4e-323,0,0.0,0.0,0.0,0.0,1.176836e-11
E7,is1,nbhd,tilt.*=0.25,N(2),3,CONVERGED,CONVERGED,507.0,507,0.44248820359856517,0.4424882,0.4117692297611962,0.4117692,4.0,4,0.0,0.0,565,565.0,0.04671862264670239,0.04671862,6.4e-323,0,0.0,0.0,0.0,0.0,1.132427e-11
E7,is1,nbhd,tilt.*=0.25,RC(0.5),3,CONVERGED,CONVERGED,572.0,572,0.5240215645562806,0.5240216,0.5119781901611928,0.5119782,0.0,0,0.0,0.0,604,604.0,0.220671903572001,0.2206719,6.4e-323,0,0.0,0.0,0.0,0.0,1.176836e-11
E7,is1,nbhd,tilt.*=0.25,RC(2),3,CONVERGED,CONVERGED,522.0,522,0.35271435276946467,0.3527144,0.942574842758311,0.9425748,36.0,36,0.0,0.0,490,490.0,0.02930820525057447,0.02930821,6.4e-323,103,103.0,0.575203532097919,0.5752035,1e-323,1.332268e-11
E7,is1,nbhd,tilt.*=0.25,RW(0.5),3,CONVERGED,CONVERGED,552.0,552,0.392073953534777,0.392074,0.24942766219836576,0.2494277,23.0,23,0.0,0.0,533,533.0,0.11889090083551002,0.1188909,6.4e-323,0,0.0,0.0,0.0,0.0,1.24345e-11
E7,is1,nbhd,tilt.*=0.25,RW(2),3,CONVERGED,CONVERGED,580.0,580,0.025639411979402074,0.02563941,0.755927982035893,0.755928,48.0,48,0.0,0.0,612,612.0,0.9732554998031425,0.9732555,6.4e-323,74,74.0,0.8401415402934235,0.8401415,1e-323,9.992007e-12
E7,is1,nbhd,tilt.*=0.25,land.mach=0.2@dated,3,CONVERGED,CONVERGED,547.0,547,0.4621143836716573,0.4621144,0.942574842758311,0.9425748,2.0,2,0.0,0.0,454,454.0,0.17883037449620656,0.1788304,5.4e-323,0,0.0,0.0,0.0,0.0,1.199041e-11
E7,is1,nbhd,tilt.*=0.25,land.mach=0.2@genesis,3,CONVERGED,CONVERGED,547.0,547,0.4621143836716578,0.4621144,0.942574842758311,0.9425748,2.0,2,0.0,0.0,454,454.0,0.17803677187009678,0.1780368,5.4e-323,0,0.0,0.0,0.0,0.0,6.439294e-12
E7,is1,nbhd,tilt.*=0.25,land.mach=0.8@dated,3,CONVERGED,CONVERGED,516.0,516,0.2025306548174261,0.2025307,0.2115658079716903,0.2115658,91.0,91,0.0,0.0,745,745.0,0.2973607514040584,0.2973608,1.30031e-252,0,0.0,0.0,0.0,0.0,6.217249e-12
E7,is1,nbhd,tilt.*=0.25,land.mach=0.8@genesis,3,CONVERGED,CONVERGED,516.0,516,0.20363401932024186,0.203634,0.2126686360794399,0.2126686,90.0,90,0.0,0.0,745,745.0,0.2954699660340143,0.29547,1.309667e-252,0,0.0,0.0,0.0,0.0,7.549517e-12
E7,is1,nbhd,tilt.*=0.25,p[goods]*0.5,3,CONVERGED,CONVERGED,494.0,494,0.4579468421260602,0.4579468,0.8275347532110436,0.8275348,11.0,11,0.0,0.0,486,486.0,0.01598407154489248,0.01598407,6.4e-323,101,101.0,0.34065882565159933,0.3406588,1e-323,8.437695e-12
E7,is1,nbhd,tilt.*=0.25,p[goods]*2,3,CONVERGED,CONVERGED,431.0,431,0.7234754717152893,0.7234755,0.881590631347791,0.8815906,0.0,0,0.0,0.0,493,493.0,0.04667011027490693,0.04667011,6.4e-323,0,0.0,0.0,0.0,0.0,1.065814e-11
E7,is1,nbhd,tilt.*=0.25,p[labour.master]*0.5,3,CONVERGED,CONVERGED,414.0,414,0.5253618325262069,0.5253618,0.9039493400245818,0.9039493,0.0,0,0.0,0.0,0,0.0,0.0,0.0,0.0,81,81.0,0.23936104323107155,0.239361,1e-323,9.103829e-12
E7,is1,nbhd,tilt.*=0.25,p[labour.master]*2,3,CONVERGED,CONVERGED,423.0,423,0.7439298843007578,0.7439299,0.9028137617433972,0.9028138,0.0,0,0.0,0.0,0,0.0,0.0,0.0,0.0,0,0.0,0.0,0.0,0.0,1.287859e-11
E7,is1,nbhd,tilt.*=0.25,p[labour.trained]*0.5,3,CONVERGED,CONVERGED,553.0,553,0.20282971981476766,0.2028297,0.6918895917692479,0.6918896,29.0,29,0.0,0.0,596,596.0,0.759840738777098,0.7598407,6.4e-323,0,0.0,0.0,0.0,0.0,1.265654e-11
E7,is1,nbhd,tilt.*=0.25,p[labour.trained]*2,3,CONVERGED,CONVERGED,443.0,443,0.8062542771688265,0.8062543,0.8824989653558295,0.882499,0.0,0,0.0,0.0,0,0.0,0.0,0.0,0.0,0,0.0,0.0,0.0,0.0,8.21565e-12
E7,is1,nbhd,tilt.*=0.25,p[labour]*0.5,3,CONVERGED,CONVERGED,546.0,546,0.2934313687139503,0.2934314,0.24942766219836576,0.2494277,17.0,17,0.0,0.0,533,533.0,0.11586541298752658,0.1158654,6.4e-323,0,0.0,0.0,0.0,0.0,9.769963e-12
E7,is1,nbhd,tilt.*=0.25,p[labour]*2,3,CONVERGED,CONVERGED,528.0,528,0.30030526831002924,0.3003053,0.8743978418009837,0.8743978,8.0,8,0.0,0.0,461,461.0,0.7444187144496147,0.7444187,6.4e-323,95,95.0,0.20651270039509748,0.2065127,1e-323,9.325873e-12
E7,is1,nbhd,tilt.*=0.25,p[land]*0.5,3,CONVERGED,CONVERGED,515.0,515,0.5223901728462218,0.5223902,0.9217692494330937,0.9217692,0.0,0,0.0,0.0,533,533.0,0.19023808812736592,0.1902381,6.4e-323,0,0.0,0.0,0.0,0.0,9.103829e-12
E7,is1,nbhd,tilt.*=0.25,p[land]*2,3,CONVERGED,CONVERGED,609.0,609,0.28829157983032266,0.2882916,0.38086370274718223,0.3808637,82.0,82,0.0,0.0,573,573.0,0.2504181825798684,0.2504182,6.4e-323,0,0.0,0.0,0.0,0.0,1.065814e-11
E7,is1,nbhd,tilt.*=0.25,p[mach]*0.5,3,CONVERGED,CONVERGED,668.0,668,0.2440608095959567,0.2440608,0.9425748427583182,0.9425748,82.0,82,0.0,0.0,578,578.0,0.23087677704385065,0.2308768,6.4e-323,0,0.0,0.0,0.0,0.0,9.547918e-12
E7,is1,nbhd,tilt.*=0.25,p[mach]*2,3,CONVERGED,CONVERGED,531.0,531,0.5071597945601882,0.5071598,0.20545053770244268,0.2054505,0.0,0,0.0,0.0,573,573.0,0.15237304245125732,0.152373,6.4e-323,0,0.0,0.0,0.0,0.0,1.176836e-11
E7,is1,nbhd,tilt.*=0.25,p[services]*0.5,3,CONVERGED,CONVERGED,529.0,529,0.5354930303254605,0.535493,0.4903134498310687,0.4903134,0.0,0,0.0,0.0,590,590.0,0.09710638006485045,0.09710638,6.4e-323,0,0.0,0.0,0.0,0.0,1.199041e-11
E7,is1,nbhd,tilt.*=0.25,p[services]*2,3,CONVERGED,CONVERGED,503.0,503,0.49579542959795997,0.4957954,0.942574842758311,0.9425748,4.0,4,0.0,0.0,0,0.0,0.0,0.0,0.0,0,0.0,0.0,0.0,0.0,1.088019e-11
E7,is1,nbhd,tilt.*=0.25,res.services.trained=0.02@dated,3,CONVERGED,CONVERGED,398.0,398,0.8228377422046294,0.8228377,0.7399539160575509,0.7399539,0.0,0,0.0,0.0,21998,21998.0,0.5521258879320943,0.5521259,0.3914281,0,0.0,0.0,0.0,0.0,9.103829e-12
E7,is1,nbhd,tilt.*=0.25,res.services.trained=0.02@genesis,3,CONVERGED,CONVERGED,397.0,397,0.8230636020961908,0.8230636,0.7399539160575502,0.7399539,0.0,0,0.0,0.0,21998,21998.0,0.5523589166879104,0.5523589,0.3914281,0,0.0,0.0,0.0,0.0,1.132427e-11
E7,is1,nbhd,tilt.*=0.25,res.services.trained=0.08@dated,3,CONVERGED,CONVERGED,512.0,512,0.49999999999999994,0.5,0.7386324913036805,0.7386325,0.0,0,0.0,0.0,0,0.0,0.0,0.0,0.0,0,0.0,0.0,0.0,0.0,1.909584e-11
E7,is1,nbhd,tilt.*=0.25,res.services.trained=0.08@genesis,3,CONVERGED,CONVERGED,513.0,513,0.5000000000000001,0.5,0.7399469404274464,0.7399469,0.0,0,0.0,0.0,0,0.0,0.0,0.0,0.0,0,0.0,0.0,0.0,0.0,1.731948e-11
E7,is1,nbhd,tilt.*=0.25,s[goods]=0.5,3,CONVERGED,CONVERGED,602.0,602,0.1666016887912599,0.1666017,0.942574842758311,0.9425748,68.0,68,0.0,0.0,626,626.0,0.5784422719998847,0.5784423,6.4e-323,113,113.0,0.7411457259312297,0.7411457,1e-323,7.549517e-12
E7,is1,nbhd,tilt.*=0.25,s[services]=0.5,3,CONVERGED,CONVERGED,584.0,584,0.19843703429618223,0.198437,0.942574842758311,0.9425748,52.0,52,0.0,0.0,615,615.0,0.7951010844639882,0.7951011,6.4e-323,132,132.0,0.08965550513102913,0.08965551,1e-323,8.21565e-12
E7,is1,nbhd,tilt.*=0.25,sw[master]=0.5,3,CONVERGED,CONVERGED,351.0,351,0.5434245121669512,0.5434245,0.9135365806800813,0.9135366,0.0,0,0.0,0.0,0,0.0,0.0,0.0,0.0,75,75.0,0.3952500243371661,0.39525,1e-323,1.110223e-11
E7,is1,nbhd,tilt.*=0.25,sw[trained]=0.5,3,CONVERGED,CONVERGED,451.0,451,0.5047344661132523,0.5047345,0.8361816596262849,0.8361817,0.0,0,0.0,0.0,456,456.0,0.4819188334470013,0.4819188,6.4e-323,0,0.0,0.0,0.0,0.0,9.992007e-12
E7,is1,nbhd,tilt.*=0.25,tail.services=0.05@dated,3,CONVERGED,CONVERGED,370.0,370,0.9128996614932049,0.9128997,0.39857841751075856,0.3985784,0.0,0,0.0,0.0,0,0.0,0.0,0.0,0.0,0,0.0,0.0,0.0,0.0,7.327472e-12
E7,is1,nbhd,tilt.*=0.25,tail.services=0.05@genesis,3,CONVERGED,CONVERGED,370.0,370,0.9128996614932049,0.9128997,0.3985784175107577,0.3985784,0.0,0,0.0,0.0,0,0.0,0.0,0.0,0.0,0,0.0,0.0,0.0,0.0,7.327472e-12
E7,is1,nbhd,tilt.*=0.25,tail.services=0.2@dated,3,CONVERGED,CONVERGED,689.0,689,0.4456674275813286,0.4456674,0.942574842758311,0.9425748,12.0,12,0.0,0.0,21998,21998.0,0.5218842207614746,0.5218842,0.2860879,21937,21937.0,0.2696464004065372,0.2696464,0.04967164,1.176836e-11
E7,is1,nbhd,tilt.*=0.25,tail.services=0.2@genesis,3,CONVERGED,CONVERGED,699.0,699,0.4443376084811662,0.4443376,0.942574842758311,0.9425748,16.0,16,0.0,0.0,21998,21998.0,0.5241580203818061,0.524158,0.2860879,21938,21938.0,0.2667477106277364,0.2667477,0.04967164,1.532108e-11
E7,is1,nbhd,tilt.*=0.25,x*/2,3,CONVERGED,CONVERGED,677.0,677,0.08743205213294812,0.08743205,0.942574842758311,0.9425748,98.0,98,0.0,0.0,678,678.0,0.9169756523042545,0.9169757,6.4e-323,163,163.0,0.8013038921469643,0.8013039,1e-323,1.24345e-11
E7,is1,nbhd,tilt.*=0.5,JA(0.5),3,CONVERGED,CONVERGED,649.0,649,0.1531792449967135,0.1531792,0.7349834964453384,0.7349835,108.0,108,0.0,0.0,588,588.0,0.30897348120974427,0.3089735,6.4e-323,0,0.0,0.0,0.0,0.0,1.354472e-11
E7,is1,nbhd,tilt.*=0.5,JA(2),3,CONVERGED,CONVERGED,482.0,482,0.5355761648273488,0.5355762,0.719225021957747,0.719225,1.0,1,0.0,0.0,552,552.0,0.10323168998285483,0.1032317,6.4e-323,0,0.0,0.0,0.0,0.0,7.549517e-12
E7,is1,nbhd,tilt.*=0.5,JB(0.5),3,CONVERGED,CONVERGED,594.0,594,0.2141272951447973,0.2141273,-0.4437195183615795,-0.4437195,78.0,78,13.0,13.0,641,641.0,0.6814521180011601,0.6814521,6.4e-323,153,153.0,0.5249382544221781,0.5249383,1e-323,1.199041e-11
E7,is1,nbhd,tilt.*=0.5,JB(2),3,CONVERGED,CONVERGED,625.0,625,0.37435801578106925,0.374358,0.942574842758318,0.9425748,61.0,61,0.0,0.0,550,550.0,0.07972705708982371,0.07972706,6.4e-323,0,0.0,0.0,0.0,0.0,1.088019e-11
E7,is1,nbhd,tilt.*=0.5,N(0.5),3,CONVERGED,CONVERGED,569.0,569,0.4698379930485256,0.469838,0.942574842758311,0.9425748,16.0,16,0.0,0.0,522,522.0,0.04760108170219493,0.04760108,6.4e-323,0,0.0,0.0,0.0,0.0,1.265654e-11
E7,is1,nbhd,tilt.*=0.5,N(2),3,CONVERGED,CONVERGED,472.0,472,0.44248820359856517,0.4424882,0.43093320324316314,0.4309332,4.0,4,0.0,0.0,564,564.0,0.043521623346098375,0.04352162,6.4e-323,0,0.0,0.0,0.0,0.0,1.176836e-11
E7,is1,nbhd,tilt.*=0.5,RC(0.5),3,CONVERGED,CONVERGED,514.0,514,0.5631826397956031,0.5631826,0.5661191628174183,0.5661192,0.0,0,0.0,0.0,556,556.0,0.19632835855794195,0.1963284,6.4e-323,0,0.0,0.0,0.0,0.0,1.065814e-11
E7,is1,nbhd,tilt.*=0.5,RC(2),3,CONVERGED,CONVERGED,478.0,478,0.3432061435622344,0.3432061,0.942574842758311,0.9425748,31.0,31,0.0,0.0,0,0.0,0.0,0.0,0.0,108,108.0,0.5444540198280458,0.544454,1e-323,1.088019e-11
E7,is1,nbhd,tilt.*=0.5,RW(0.5),3,CONVERGED,CONVERGED,542.0,542,0.38849761315765236,0.3884976,0.24942766219836576,0.2494277,23.0,23,0.0,0.0,533,533.0,0.10795533736811129,0.1079553,6.4e-323,0,0.0,0.0,0.0,0.0,9.103829e-12
E7,is1,nbhd,tilt.*=0.5,RW(2),3,CONVERGED,CONVERGED,564.0,564,0.0253626532826593,0.02536265,0.7680765885846373,0.7680766,35.0,35,0.0,0.0,607,607.0,0.9736000004537427,0.9736,6.4e-323,75,75.0,0.8374139979049954,0.837414,1e-323,1.110223e-11
E7,is1,nbhd,tilt.*=0.5,land.mach=0.2@dated,3,CONVERGED,CONVERGED,539.0,539,0.33975539101621416,0.3397554,0.942574842758311,0.9425748,2.0,2,0.0,0.0,452,452.0,0.20209408851428806,0.2020941,5.4e-323,0,0.0,0.0,0.0,0.0,1.398881e-11
E7,is1,nbhd,tilt.*=0.5,land.mach=0.2@genesis,3,CONVERGED,CONVERGED,539.0,539,0.3397553910162146,0.3397554,0.942574842758311,0.9425748,2.0,2,0.0,0.0,451,451.0,0.20098050445852722,0.2009805,5.4e-323,0,0.0,0.0,0.0,0.0,1.176836e-11
E7,is1,nbhd,tilt.*=0.5,land.mach=0.8@dated,3,CONVERGED,CONVERGED,497.0,497,0.21629051856543174,0.2162905,0.21636355006780092,0.2163636,90.0,90,0.0,0.0,743,743.0,0.2635586470960754,0.2635586,1.156086e-252,0,0.0,0.0,0.0,0.0,8.65974e-12
E7,is1,nbhd,tilt.*=0.5,land.mach=0.8@genesis,3,CONVERGED,CONVERGED,497.0,497,0.2184889957404511,0.218489,0.21636355006780023,0.2163636,89.0,89,0.0,0.0,742,742.0,0.26123695859704377,0.261237,1.156659e-252,0,0.0,0.0,0.0,0.0,1.04361e-11
E7,is1,nbhd,tilt.*=0.5,p[goods]*0.5,3,CONVERGED,CONVERGED,471.0,471,0.5308070455677674,0.530807,0.858874136800922,0.8588741,0.0,0,0.0,0.0,0,0.0,0.0,0.0,0.0,106,106.0,0.24295220043618773,0.2429522,1e-323,1.154632e-11
E7,is1,nbhd,tilt.*=0.5,p[goods]*2,3,CONVERGED,CONVERGED,418.0,418,0.6677915594817327,0.6677916,0.8920303779756583,0.8920304,0.0,0,0.0,0.0,493,493.0,0.038874924407073484,0.03887492,6.4e-323,0,0.0,0.0,0.0,0.0,8.65974e-12
E7,is1,nbhd,tilt.*=0.5,p[labour.master]*0.5,3,CONVERGED,CONVERGED,401.0,401,0.52721066617983,0.5272107,0.9016418023837244,0.9016418,0.0,0,0.0,0.0,0,0.0,0.0,0.0,0.0,81,81.0,0.23623922812955922,0.2362392,1e-323,1.065814e-11
E7,is1,nbhd,tilt.*=0.5,p[labour.master]*2,3,CONVERGED,CONVERGED,411.0,411,0.7026817371506501,0.7026817,0.9083658608674505,0.9083659,0.0,0,0.0,0.0,0,0.0,0.0,0.0,0.0,0,0.0,0.0,0.0,0.0,1.088019e-11
E7,is1,nbhd,tilt.*=0.5,p[labour.trained]*0.5,3,CONVERGED,CONVERGED,537.0,537,0.20232779845460863,0.2023278,0.7079598864149774,0.7079599,26.0,26,0.0,0.0,589,589.0,0.7619723791332833,0.7619724,6.4e-323,0,0.0,0.0,0.0,0.0,1.021405e-11
E7,is1,nbhd,tilt.*=0.5,p[labour.trained]*2,3,CONVERGED,CONVERGED,434.0,434,0.7734916154915497,0.7734916,0.8815686127555885,0.8815686,0.0,0,0.0,0.0,0,0.0,0.0,0.0,0.0,0,0.0,0.0,0.0,0.0,8.881784e-12
E7,is1,nbhd,tilt.*=0.5,p[labour]*0.5,3,CONVERGED,CONVERGED,529.0,529,0.2744377294929355,0.2744377,0.24942766219836576,0.2494277,18.0,18,0.0,0.0,531,531.0,0.10596071747232927,0.1059607,6.4e-323,0,0.0,0.0,0.0,0.0,1.154632e-11
E7,is1,nbhd,tilt.*=0.5,p[labour]*2,3,CONVERGED,CONVERGED,485.0,485,0.2942726200580418,0.2942726,0.8890889443860932,0.8890889,8.0,8,0.0,0.0,449,449.0,0.7485000480341615,0.7485,6.4e-323,94,94.0,0.20287484352042323,0.2028748,1e-323,1.132427e-11
E7,is1,nbhd,tilt.*=0.5,p[land]*0.5,3,CONVERGED,CONVERGED,504.0,504,0.3840713115835468,0.3840713,0.929112262064652,0.9291123,2.0,2,0.0,0.0,532,532.0,0.21960035967894523,0.2196004,6.4e-323,0,0.0,0.0,0.0,0.0,1.310063e-11
E7,is1,nbhd,tilt.*=0.5,p[land]*2,3,CONVERGED,CONVERGED,589.0,589,0.3097285319839291,0.3097285,0.437357034420981,0.437357,75.0,75,0.0,0.0,568,568.0,0.21493173103649243,0.2149317,6.4e-323,0,0.0,0.0,0.0,0.0,8.65974e-12
E7,is1,nbhd,tilt.*=0.5,p[mach]*0.5,3,CONVERGED,CONVERGED,634.0,634,0.2626983707719629,0.2626984,0.942574842758318,0.9425748,88.0,88,0.0,0.0,575,575.0,0.19857064817237863,0.1985706,6.4e-323,0,0.0,0.0,0.0,0.0,8.437695e-12
E7,is1,nbhd,tilt.*=0.5,p[mach]*2,3,CONVERGED,CONVERGED,492.0,492,0.44464982181990387,0.4446498,0.21612200193368042,0.216122,8.0,8,0.0,0.0,573,573.0,0.16557507326573595,0.1655751,6.4e-323,0,0.0,0.0,0.0,0.0,1.265654e-11
E7,is1,nbhd,tilt.*=0.5,p[services]*0.5,3,CONVERGED,CONVERGED,507.0,507,0.563789526346434,0.5637895,0.5313210280250328,0.531321,0.0,0,0.0,0.0,562,562.0,0.07228962422591027,0.07228962,6.4e-323,0,0.0,0.0,0.0,0.0,1.110223e-11
E7,is1,nbhd,tilt.*=0.5,p[services]*2,3,CONVERGED,CONVERGED,471.0,471,0.4543882943325882,0.4543883,0.942574842758311,0.9425748,12.0,12,0.0,0.0,0,0.0,0.0,0.0,0.0,0,0.0,0.0,0.0,0.0,1.310063e-11
E7,is1,nbhd,tilt.*=0.5,res.services.trained=0.02@dated,3,CONVERGED,CONVERGED,385.0,385,0.7980138305688766,0.7980138,0.7399539160575526,0.7399539,0.0,0,0.0,0.0,21998,21998.0,0.5505315214113194,0.5505315,0.3914281,0,0.0,0.0,0.0,0.0,1.265654e-11
E7,is1,nbhd,tilt.*=0.5,res.services.trained=0.02@genesis,3,CONVERGED,CONVERGED,384.0,384,0.8087423436346758,0.8087423,0.7399539160575505,0.7399539,0.0,0,0.0,0.0,21998,21998.0,0.5508406391686201,0.5508406,0.3914281,0,0.0,0.0,0.0,0.0,9.547918e-12
E7,is1,nbhd,tilt.*=0.5,res.services.trained=0.08@dated,3,CONVERGED,CONVERGED,451.0,451,0.5000000000000001,0.5,0.7471922134262325,0.7471922,0.0,0,0.0,0.0,0,0.0,0.0,0.0,0.0,0,0.0,0.0,0.0,0.0,1.931788e-11
E7,is1,nbhd,tilt.*=0.5,res.services.trained=0.08@genesis,3,CONVERGED,CONVERGED,452.0,452,0.5000000000000002,0.5,0.7486520712511051,0.7486521,0.0,0,0.0,0.0,0,0.0,0.0,0.0,0.0,0,0.0,0.0,0.0,0.0,1.84297e-11
E7,is1,nbhd,tilt.*=0.5,s[goods]=0.5,3,CONVERGED,CONVERGED,589.0,589,0.15919431538124335,0.1591943,0.942574842758311,0.9425748,64.0,64,0.0,0.0,621,621.0,0.5469368457539934,0.5469368,6.4e-323,108,108.0,0.7588084482213651,0.7588084,1e-323,1.44329e-11
E7,is1,nbhd,tilt.*=0.5,s[services]=0.5,3,CONVERGED,CONVERGED,575.0,575,0.19409563850379555,0.1940956,0.942574842758311,0.9425748,53.0,53,0.0,0.0,614,614.0,0.7989584034874649,0.7989584,6.4e-323,135,135.0,0.054285704146512424,0.0542857,1e-323,1.199041e-11
E7,is1,nbhd,tilt.*=0.5,sw[master]=0.5,3,CONVERGED,CONVERGED,341.0,341,0.5434245121669512,0.5434245,0.9137916405523321,0.9137916,0.0,0,0.0,0.0,0,0.0,0.0,0.0,0.0,75,75.0,0.3952500243371661,0.39525,1e-323,1.065814e-11
E7,is1,nbhd,tilt.*=0.5,sw[trained]=0.5,3,CONVERGED,CONVERGED,438.0,438,0.5047344661132523,0.5047345,0.8409075293342251,0.8409075,0.0,0,0.0,0.0,452,452.0,0.4819188334470013,0.4819188,6.4e-323,0,0.0,0.0,0.0,0.0,1.154632e-11
E7,is1,nbhd,tilt.*=0.5,tail.services=0.05@dated,3,CONVERGED,CONVERGED,359.0,359,0.8977597601068643,0.8977598,0.3985784175107591,0.3985784,0.0,0,0.0,0.0,0,0.0,0.0,0.0,0.0,0,0.0,0.0,0.0,0.0,9.992007e-12
E7,is1,nbhd,tilt.*=0.5,tail.services=0.05@genesis,3,CONVERGED,CONVERGED,359.0,359,0.8977597601068643,0.8977598,0.3985784175107591,0.3985784,0.0,0,0.0,0.0,0,0.0,0.0,0.0,0.0,0,0.0,0.0,0.0,0.0,8.21565e-12
E7,is1,nbhd,tilt.*=0.5,tail.services=0.2@dated,3,CONVERGED,CONVERGED,678.0,678,0.44200551031418744,0.4420055,0.942574842758311,0.9425748,12.0,12,0.0,0.0,21998,21998.0,0.5254288579219529,0.5254289,0.2860879,21937,21937.0,0.24504967047318635,0.2450497,0.04967164,1.376677e-11
E7,is1,nbhd,tilt.*=0.5,tail.services=0.2@genesis,3,CONVERGED,CONVERGED,685.0,685,0.4412152076166661,0.4412152,0.942574842758311,0.9425748,15.0,15,0.0,0.0,21998,21998.0,0.526752301530672,0.5267523,0.2860879,21937,21937.0,0.24461204629310151,0.244612,0.04967164,1.532108e-11
E7,is1,nbhd,tilt.*=0.5,x*/2,3,CONVERGED,CONVERGED,669.0,669,0.08188655145876089,0.08188655,0.942574842758311,0.9425748,97.0,97,0.0,0.0,680,680.0,0.9200449390120157,0.9200449,6.4e-323,154,154.0,0.8058949793637726,0.805895,1e-323,1.088019e-11
E7,is1,nbhd,tilt.*=1,JA(0.5),3,CONVERGED,CONVERGED,618.0,618,0.12490568168633776,0.1249057,0.8401151725213614,0.8401152,97.0,97,0.0,0.0,579,579.0,0.23944585188091502,0.2394459,6.4e-323,0,0.0,0.0,0.0,0.0,8.437695e-12
E7,is1,nbhd,tilt.*=1,JA(2),3,CONVERGED,CONVERGED,456.0,456,0.5356849021102038,0.5356849,0.7768073972260441,0.7768074,1.0,1,0.0,0.0,549,549.0,0.09767837350063288,0.09767837,6.4e-323,0,0.0,0.0,0.0,0.0,1.065814e-11
E7,is1,nbhd,tilt.*=1,JB(0.5),3,CONVERGED,CONVERGED,544.0,544,0.15542706179399043,0.1554271,-0.4437195183615795,-0.4437195,68.0,68,13.0,13.0,633,633.0,0.7142833621714288,0.7142834,6.4e-323,150,150.0,0.5644079974495606,0.564408,1e-323,1.176836e-11
E7,is1,nbhd,tilt.*=1,JB(2),3,CONVERGED,CONVERGED,595.0,595,0.3029638834279297,0.3029639,0.9425748427583176,0.9425748,63.0,63,0.0,0.0,550,550.0,0.05597635424645833,0.05597635,6.4e-323,0,0.0,0.0,0.0,0.0,9.547918e-12
E7,is1,nbhd,tilt.*=1,N(0.5),3,CONVERGED,CONVERGED,545.0,545,0.47171393140869183,0.4717139,0.942574842758311,0.9425748,17.0,17,0.0,0.0,513,513.0,0.027127260240499232,0.02712726,6.4e-323,0,0.0,0.0,0.0,0.0,1.176836e-11
E7,is1,nbhd,tilt.*=1,N(2),3,CONVERGED,CONVERGED,448.0,448,0.44248820359856517,0.4424882,0.46419567859042626,0.4641957,4.0,4,0.0,0.0,565,565.0,0.037893648501805904,0.03789365,6.4e-323,0,0.0,0.0,0.0,0.0,1.065814e-11
E7,is1,nbhd,tilt.*=1,RC(0.5),3,CONVERGED,CONVERGED,451.0,451,0.3945511591972282,0.3945512,0.6135270651155003,0.6135271,8.0,8,0.0,0.0,537,537.0,0.19619176937038701,0.1961918,6.4e-323,0,0.0,0.0,0.0,0.0,7.771561e-12
E7,is1,nbhd,tilt.*=1,RC(2),3,CONVERGED,CONVERGED,445.0,445,0.20086873146604006,0.2008687,0.942574842758311,0.9425748,24.0,24,0.0,0.0,0,0.0,0.0,0.0,0.0,115,115.0,0.5950397875931981,0.5950398,1e-323,1.44329e-11
E7,is1,nbhd,tilt.*=1,RW(0.5),3,CONVERGED,CONVERGED,501.0,501,0.3843908169074689,0.3843908,0.24942766219836576,0.2494277,23.0,23,0.0,0.0,531,531.0,0.09056860803954063,0.09056861,6.4e-323,0,0.0,0.0,0.0,0.0,9.769963e-12
E7,is1,nbhd,tilt.*=1,RW(2),3,CONVERGED,CONVERGED,522.0,522,0.02472264156803217,0.02472264,0.7867800426072362,0.78678,29.0,29,0.0,0.0,598,598.0,0.9743894092286669,0.9743894,6.4e-323,76,76.0,0.8321583459614694,0.8321583,1e-323,9.103829e-12
E7,is1,nbhd,tilt.*=1,land.mach=0.2@dated,3,CONVERGED,CONVERGED,508.0,508,0.04188542648521841,0.04188543,0.942574842758311,0.9425748,2.0,2,0.0,0.0,446,446.0,0.24353182956731587,0.2435318,5.4e-323,0,0.0,0.0,0.0,0.0,1.24345e-11
E7,is1,nbhd,tilt.*=1,land.mach=0.2@genesis,3,CONVERGED,CONVERGED,508.0,508,0.0418854264852189,0.04188543,0.942574842758311,0.9425748,2.0,2,0.0,0.0,446,446.0,0.24152703595469255,0.241527,5.4e-323,0,0.0,0.0,0.0,0.0,1.287859e-11
E7,is1,nbhd,tilt.*=1,land.mach=0.8@dated,3,CONVERGED,CONVERGED,461.0,461,0.2398800134507197,0.23988,0.21636355006779737,0.2163636,81.0,81,0.0,0.0,734,734.0,0.2287978102830353,0.2287978,9.003585e-253,0,0.0,0.0,0.0,0.0,4.884981e-12
E7,is1,nbhd,tilt.*=1,land.mach=0.8@genesis,3,CONVERGED,CONVERGED,460.0,460,0.24437156239517663,0.2443716,0.2163635500677968,0.2163636,80.0,80,0.0,0.0,734,734.0,0.22340481752673866,0.2234048,8.892743e-253,0,0.0,0.0,0.0,0.0,5.107026e-12
E7,is1,nbhd,tilt.*=1,p[goods]*0.5,3,CONVERGED,CONVERGED,431.0,431,0.5124973964842102,0.5124974,0.8997677432373146,0.8997677,0.0,0,0.0,0.0,0,0.0,0.0,0.0,0.0,111,111.0,0.10761542752676408,0.1076154,1e-323,1.176836e-11
E7,is1,nbhd,tilt.*=1,p[goods]*2,3,CONVERGED,CONVERGED,396.0,396,0.561135048546327,0.561135,0.9011521723693973,0.9011522,0.0,0,0.0,0.0,491,491.0,0.030097211747151662,0.03009721,6.4e-323,0,0.0,0.0,0.0,0.0,1.132427e-11
E7,is1,nbhd,tilt.*=1,p[labour.master]*0.5,3,CONVERGED,CONVERGED,356.0,356,0.5307329254203988,0.5307329,0.8988494409020464,0.8988494,0.0,0,0.0,0.0,0,0.0,0.0,0.0,0.0,82,82.0,0.23033630396568708,0.2303363,1e-323,1.354472e-11
E7,is1,nbhd,tilt.*=1,p[labour.master]*2,3,CONVERGED,CONVERGED,376.0,376,0.626636280073142,0.6266363,0.9184410816609216,0.9184411,0.0,0,0.0,0.0,0,0.0,0.0,0.0,0.0,0,0.0,0.0,0.0,0.0,1.154632e-11
E7,is1,nbhd,tilt.*=1,p[labour.trained]*0.5,3,CONVERGED,CONVERGED,488.0,488,0.20108802369143136,0.201088,0.7348623694025672,0.7348624,17.0,17,0.0,0.0,457,457.0,0.7663357991863217,0.7663358,6.4e-323,0,0.0,0.0,0.0,0.0,1.154632e-11
E7,is1,nbhd,tilt.*=1,p[labour.trained]*2,3,CONVERGED,CONVERGED,395.0,395,0.7117291638140965,0.7117292,0.8785808351066408,0.8785808,0.0,0,0.0,0.0,0,0.0,0.0,0.0,0.0,0,0.0,0.0,0.0,0.0,1.154632e-11
E7,is1,nbhd,tilt.*=1,p[labour]*0.5,3,CONVERGED,CONVERGED,489.0,489,0.23902994781897519,0.2390299,0.24942766219836576,0.2494277,18.0,18,0.0,0.0,530,530.0,0.08610027963821854,0.08610028,6.4e-323,0,0.0,0.0,0.0,0.0,1.421085e-11
E7,is1,nbhd,tilt.*=1,p[labour]*2,3,CONVERGED,CONVERGED,458.0,458,0.28012279302273757,0.2801228,0.9116749204802451,0.9116749,8.0,8,0.0,0.0,433,433.0,0.7564012211517643,0.7564012,6.4e-323,93,93.0,0.1988720491985695,0.198872,1e-323,1.24345e-11
E7,is1,nbhd,tilt.*=1,p[land]*0.5,3,CONVERGED,CONVERGED,484.0,484,0.04734874298329083,0.04734874,0.9337763848661187,0.9337764,2.0,2,0.0,0.0,529,529.0,0.2836234543861755,0.2836235,6.4e-323,0,0.0,0.0,0.0,0.0,1.154632e-11
E7,is1,nbhd,tilt.*=1,p[land]*2,3,CONVERGED,CONVERGED,534.0,534,0.24430608875715115,0.2443061,0.5132582760965991,0.5132583,65.0,65,0.0,0.0,558,558.0,0.1563835550743997,0.1563836,6.4e-323,0,0.0,0.0,0.0,0.0,1.021405e-11
E7,is1,nbhd,tilt.*=1,p[mach]*0.5,3,CONVERGED,CONVERGED,607.0,607,0.27267471459474996,0.2726747,0.9425748427583215,0.9425748,81.0,81,0.0,0.0,566,566.0,0.14763029670358296,0.1476303,6.4e-323,0,0.0,0.0,0.0,0.0,1.154632e-11
E7,is1,nbhd,tilt.*=1,p[mach]*2,3,CONVERGED,CONVERGED,463.0,463,0.3411101747315479,0.3411102,0.22900842712587455,0.2290084,9.0,9,0.0,0.0,571,571.0,0.21391927826330182,0.2139193,6.4e-323,0,0.0,0.0,0.0,0.0,8.881784e-12
E7,is1,nbhd,tilt.*=1,p[services]*0.5,3,CONVERGED,CONVERGED,461.0,461,0.5124973964842103,0.5124974,0.5802942936249368,0.5802943,0.0,0,0.0,0.0,549,549.0,0.05320632801567456,0.05320633,6.4e-323,0,0.0,0.0,0.0,0.0,1.021405e-11
E7,is1,nbhd,tilt.*=1,p[services]*2,3,CONVERGED,CONVERGED,455.0,455,0.2752124836809802,0.2752125,0.942574842758311,0.9425748,14.0,14,0.0,0.0,0,0.0,0.0,0.0,0.0,0,0.0,0.0,0.0,0.0,1.110223e-11
E7,is1,nbhd,tilt.*=1,res.services.trained=0.02@dated,3,CONVERGED,CONVERGED,348.0,348,0.7407906751131869,0.7407907,0.7399539160575521,0.7399539,0.0,0,0.0,0.0,21998,21998.0,0.5481479524541588,0.548148,0.3914281,0,0.0,0.0,0.0,0.0,7.327472e-12
E7,is1,nbhd,tilt.*=1,res.services.trained=0.02@genesis,3,CONVERGED,CONVERGED,347.0,347,0.7616581974537129,0.7616582,0.739953916057553,0.7399539,0.0,0,0.0,0.0,21998,21998.0,0.5486788360660553,0.5486788,0.3914281,0,0.0,0.0,0.0,0.0,9.547918e-12
E7,is1,nbhd,tilt.*=1,res.services.trained=0.08@dated,3,CONVERGED,CONVERGED,396.0,396,0.49999999999999994,0.5,0.7605862311862339,0.7605862,0.0,0,0.0,0.0,0,0.0,0.0,0.0,0.0,0,0.0,0.0,0.0,0.0,1.887379e-11
E7,is1,nbhd,tilt.*=1,res.services.trained=0.08@genesis,3,CONVERGED,CONVERGED,396.0,396,0.5000000000000001,0.5,0.7622766053533332,0.7622766,0.0,0,0.0,0.0,0,0.0,0.0,0.0,0.0,0,0.0,0.0,0.0,0.0,1.310063e-11
E7,is1,nbhd,tilt.*=1,s[goods]=0.5,3,CONVERGED,CONVERGED,563.0,563,0.13465519421564962,0.1346552,0.942574842758311,0.9425748,54.0,54,0.0,0.0,613,613.0,0.49426256044890954,0.4942626,6.4e-323,100,100.0,0.7872095018040552,0.7872095,1e-323,1.154632e-11
E7,is1,nbhd,tilt.*=1,s[services]=0.5,3,CONVERGED,CONVERGED,555.0,555,0.1886282897874218,0.1886283,0.942574842758311,0.9425748,54.0,54,0.0,0.0,611,611.0,0.8036116721639747,0.8036117,6.4e-323,135,135.0,0.031488435189858464,0.03148844,1e-323,1.021405e-11
E7,is1,nbhd,tilt.*=1,sw[master]=0.5,3,CONVERGED,CONVERGED,311.0,311,0.5434245121669512,0.5434245,0.9142749845486671,0.914275,0.0,0,0.0,0.0,0,0.0,0.0,0.0,0.0,75,75.0,0.3952500243371661,0.39525,1e-323,1.065814e-11
E7,is1,nbhd,tilt.*=1,sw[trained]=0.5,3,CONVERGED,CONVERGED,393.0,393,0.5047344661132523,0.5047345,0.8495744497483024,0.8495744,0.0,0,0.0,0.0,446,446.0,0.4819188334470013,0.4819188,6.4e-323,0,0.0,0.0,0.0,0.0,1.221245e-11
E7,is1,nbhd,tilt.*=1,tail.services=0.05@dated,3,CONVERGED,CONVERGED,340.0,340,0.8653473063068424,0.8653473,0.39857841751076273,0.3985784,0.0,0,0.0,0.0,0,0.0,0.0,0.0,0.0,0,0.0,0.0,0.0,0.0,1.04361e-11
E7,is1,nbhd,tilt.*=1,tail.services=0.05@genesis,3,CONVERGED,CONVERGED,340.0,340,0.8653473063068429,0.8653473,0.39857841751076273,0.3985784,0.0,0,0.0,0.0,0,0.0,0.0,0.0,0.0,0,0.0,0.0,0.0,0.0,1.04361e-11
E7,is1,nbhd,tilt.*=1,tail.services=0.2@dated,3,CONVERGED,CONVERGED,666.0,666,0.4347060277199184,0.434706,0.942574842758311,0.9425748,18.0,18,0.0,0.0,21998,21998.0,0.5313145720370014,0.5313146,0.2860879,21936,21936.0,0.21943969457871834,0.2194397,0.04967164,8.21565e-12
E7,is1,nbhd,tilt.*=1,tail.services=0.2@genesis,3,CONVERGED,CONVERGED,667.0,667,0.43599057283619946,0.4359906,0.942574842758311,0.9425748,18.0,18,0.0,0.0,21998,21998.0,0.530488787745805,0.5304888,0.2860879,21936,21936.0,0.21987515736063817,0.2198752,0.04967164,1.176836e-11
E7,is1,nbhd,tilt.*=1,x*/2,3,CONVERGED,CONVERGED,631.0,631,0.07704421548946076,0.07704422,0.942574842758311,0.9425748,92.0,92,0.0,0.0,676,676.0,0.9249007865937681,0.9249008,6.4e-323,138,138.0,0.8133515149810678,0.8133515,1e-323,1.132427e-11
E7,is1,stocks,-,coin.desk.goods*0.02,3,CONVERGED,CONVERGED,576.0,576,0.02000000000000011,0.02,0.6329032765825092,0.6329033,53.0,53,0.0,0.0,536,536.0,0.23482619254856668,0.2348262,6.4e-323,66,66.0,0.8309185358152134,0.8309185,1e-323,8.881784e-12
E7,is1,stocks,-,coin.desk.goods*0.1,3,CONVERGED,CONVERGED,558.0,558,0.10000000000000012,0.1,0.6700895360528274,0.6700895,36.0,36,0.0,0.0,523,523.0,0.16907144384354503,0.1690714,6.4e-323,66,66.0,0.6561018569338708,0.6561019,1e-323,1.021405e-11
E7,is1,stocks,-,coin.desk.goods*0.5,3,CONVERGED,CONVERGED,457.0,457,0.5000000000000001,0.5,0.8173293935434502,0.8173294,0.0,0,0.0,0.0,0,0.0,0.0,0.0,0.0,0,0.0,0.0,0.0,0.0,8.65974e-12
E7,is1,stocks,-,coin.desk.goods*2,3,CONVERGED,CONVERGED,519.0,519,0.6363636363636367,0.6363636,0.8026564637126719,0.8026565,0.0,0,0.0,0.0,0,0.0,0.0,0.0,0.0,0,0.0,0.0,0.0,0.0,7.771561e-12
E7,is1,stocks,-,coin.desk.mach*0.02,3,CONVERGED,CONVERGED,616.0,616,0.10185338727804877,0.1018534,0.0899900039596946,0.08999,66.0,66,0.0,0.0,582,582.0,0.34442642077641356,0.3444264,6.4e-323,0,0.0,0.0,0.0,0.0,5.77316e-12
E7,is1,stocks,-,coin.desk.mach*0.1,3,CONVERGED,CONVERGED,598.0,598,0.17539681720252862,0.1753968,0.23498891632334518,0.2349889,55.0,55,0.0,0.0,571,571.0,0.2684160070804379,0.268416,6.4e-323,0,0.0,0.0,0.0,0.0,1.065814e-11
E7,is1,stocks,-,coin.desk.mach*0.5,3,CONVERGED,CONVERGED,534.0,534,0.5425726394962499,0.5425726,0.6429617517002099,0.6429618,0.0,0,0.0,0.0,517,517.0,0.052041823020781225,0.05204182,6.4e-323,0,0.0,0.0,0.0,0.0,7.771561e-12
E7,is1,stocks,-,coin.desk.mach*2,3,CONVERGED,CONVERGED,558.0,558,0.5714285714285716,0.5714286,0.942574842758311,0.9425748,0.0,0,0.0,0.0,474,474.0,0.09970710011608197,0.0997071,6.4e-323,0,0.0,0.0,0.0,0.0,9.769963e-12
E7,is1,stocks,-,coin.desk.services*0.02,3,CONVERGED,CONVERGED,635.0,635,0.02000000000000011,0.02,0.24698284654061678,0.2469828,84.0,84,0.0,0.0,648,648.0,0.4592489625880023,0.459249,6.4e-323,142,142.0,0.4076059767056587,0.407606,1e-323,1.065814e-11
E7,is1,stocks,-,coin.desk.services*0.1,3,CONVERGED,CONVERGED,612.0,612,0.1000000000000001,0.1,0.3949192170731604,0.3949192,70.0,70,0.0,0.0,628,628.0,0.323960809790015,0.3239608,6.4e-323,126,126.0,0.2200434589072257,0.2200435,1e-323,8.881784e-12
E7,is1,stocks,-,coin.desk.services*0.5,3,CONVERGED,CONVERGED,500.0,500,0.5000000000000001,0.5,0.7507119016103734,0.7507119,0.0,0,0.0,0.0,516,516.0,0.023335803556088306,0.0233358,6.4e-323,0,0.0,0.0,0.0,0.0,7.105427e-12
E7,is1,stocks,-,coin.desk.services*2,3,CONVERGED,CONVERGED,512.0,512,0.3465520771843505,0.3465521,0.8912181995300642,0.8912182,8.0,8,0.0,0.0,493,493.0,0.03493438573942292,0.03493439,6.4e-323,0,0.0,0.0,0.0,0.0,1.04361e-11
E7,is1,stocks,-,coin.provider*0.5,3,CONVERGED,CONVERGED,326.0,326,0.77845822023907,0.7784582,0.8817929265435777,0.8817929,0.0,0,0.0,0.0,0,0.0,0.0,0.0,0.0,0,0.0,0.0,0.0,0.0,6.217249e-12
E7,is1,stocks,-,coin.provider*2,3,CONVERGED,CONVERGED,549.0,549,0.658464799383518,0.6584648,0.8527652039445573,0.8527652,0.0,0,0.0,0.0,506,506.0,0.02397706842783047,0.02397707,6.4e-323,0,0.0,0.0,0.0,0.0,1.021405e-11
E7,is1,stocks,-,coin.workers*0.1,3,CONVERGED,CONVERGED,390.0,390,0.6423268488829948,0.6423268,0.8415297046240368,0.8415297,0.0,0,0.0,0.0,0,0.0,0.0,0.0,0.0,0,0.0,0.0,0.0,0.0,7.993606e-12
E7,is1,stocks,-,coin.workers*2,3,CONVERGED,CONVERGED,544.0,544,0.6853507322536413,0.6853507,0.8628897872921436,0.8628898,0.0,0,0.0,0.0,491,491.0,0.011543061008301441,0.01154306,6.4e-323,0,0.0,0.0,0.0,0.0,9.992007e-12
E7,is1,stocks,-,coin.workers.master*0.1,3,CONVERGED,CONVERGED,283.0,283,0.9005403743037889,0.9005404,0.915866544622518,0.9158665,0.0,0,0.0,0.0,0,0.0,0.0,0.0,0.0,0,0.0,0.0,0.0,0.0,6.883383e-12
E7,is1,stocks,-,coin.workers.master*2,3,CONVERGED,CONVERGED,438.0,438,0.8956385265689958,0.8956385,0.9172797738194147,0.9172798,0.0,0,0.0,0.0,0,0.0,0.0,0.0,0.0,0,0.0,0.0,0.0,0.0,8.437695e-12
E7,is1,stocks,-,coin.workers.trained*0.1,3,CONVERGED,CONVERGED,303.0,303,0.8523867468603075,0.8523867,0.9026278294005655,0.9026278,0.0,0,0.0,0.0,0,0.0,0.0,0.0,0.0,0,0.0,0.0,0.0,0.0,9.325873e-12
E7,is1,stocks,-,coin.workers.trained*2,3,CONVERGED,CONVERGED,461.0,461,0.850270577004767,0.8502706,0.9073371089784763,0.9073371,0.0,0,0.0,0.0,0,0.0,0.0,0.0,0.0,0,0.0,0.0,0.0,0.0,8.65974e-12
E7,is1,stocks,-,stock.goods*0.1,3,CONVERGED,CONVERGED,321.0,321,0.09999999999999999,0.1,0.9274582981146918,0.9274583,1.0,1,0.0,0.0,0,0.0,0.0,0.0,0.0,0,0.0,0.0,0.0,0.0,8.21565e-12
E7,is1,stocks,-,stock.goods*0.5,3,CONVERGED,CONVERGED,290.0,290,0.5,0.5,0.9341998334156832,0.9341998,0.0,0,0.0,0.0,0,0.0,0.0,0.0,0.0,0,0.0,0.0,0.0,0.0,7.771561e-12
E7,is1,stocks,-,stock.goods*2,3,CONVERGED,CONVERGED,342.0,342,0.9484331373688186,0.9484331,0.9290092231466598,0.9290092,0.0,0,0.0,0.0,0,0.0,0.0,0.0,0.0,0,0.0,0.0,0.0,0.0,7.327472e-12
E7,is1,stocks,-,stock.mach*0.01,3,CONVERGED,CONVERGED,533.0,533,0.0,0.0,0.7193801150234872,0.7193801,5.0,5,0.0,0.0,510,510.0,0.03624808576360206,0.03624809,6.4e-323,0,0.0,0.0,0.0,0.0,7.105427e-12
E7,is1,stocks,-,stock.mach*0.1,3,CONVERGED,CONVERGED,456.0,456,1.1102230246251565e-16,1.154632e-16,0.8319505251949266,0.8319505,3.0,3,0.0,0.0,0,0.0,0.0,0.0,0.0,0,0.0,0.0,0.0,0.0,1.021405e-11
E7,is1,stocks,-,stock.mach*0.5,3,CONVERGED,CONVERGED,366.0,366,0.28571428571428586,0.2857143,0.9034405950366118,0.9034406,2.0,2,0.0,0.0,0,0.0,0.0,0.0,0.0,0,0.0,0.0,0.0,0.0,8.437695e-12
E7,is1,stocks,-,stock.mach*10,3,CONVERGED,CONVERGED,432.0,432,0.927983575218894,0.9279836,0.9247839571389054,0.924784,0.0,0,0.0,0.0,0,0.0,0.0,0.0,0.0,0,0.0,0.0,0.0,0.0,6.883383e-12
E7,is1,stocks,-,stock.mach*2,3,CONVERGED,CONVERGED,370.0,370,0.9541189702356672,0.954119,0.9309560509857033,0.9309561,0.0,0,0.0,0.0,0,0.0,0.0,0.0,0.0,0,0.0,0.0,0.0,0.0,9.547918e-12
E7,is1,stocks,-,stock.services*0.1,3,CONVERGED,CONVERGED,369.0,369,0.09999999999999999,0.1,0.9256181423659483,0.9256181,1.0,1,0.0,0.0,0,0.0,0.0,0.0,0.0,0,0.0,0.0,0.0,0.0,7.105427e-12
E7,is1,stocks,-,stock.services*0.5,3,CONVERGED,CONVERGED,336.0,336,0.5,0.5,0.9332611178149527,0.9332611,0.0,0,0.0,0.0,0,0.0,0.0,0.0,0.0,0,0.0,0.0,0.0,0.0,9.103829e-12
E7,is1,stocks,-,stock.services*2,3,CONVERGED,CONVERGED,359.0,359,0.95089161438983,0.9508916,0.910498486670964,0.9104985,0.0,0,0.0,0.0,0,0.0,0.0,0.0,0.0,0,0.0,0.0,0.0,0.0,8.21565e-12
E7,is1,swrate,rate.switch.*=0.75,JA(0.5),3,CONVERGED,CONVERGED,707.0,707,0.15554942262522314,0.1555494,0.5708219860703838,0.570822,118.0,118,0.0,0.0,745,745.0,0.36388982000308745,0.3638898,1.450529e-263,0,0.0,0.0,0.0,0.0,7.105427e-12
E7,is1,swrate,rate.switch.*=0.75,JA(2),3,CONVERGED,CONVERGED,538.0,538,0.5337212315656679,0.5337212,0.63808285780988,0.6380829,1.0,1,0.0,0.0,707,707.0,0.11761450952325972,0.1176145,4.821262e-265,0,0.0,0.0,0.0,0.0,1.154632e-11
E7,is1,swrate,rate.switch.*=0.75,JB(0.5),3,CONVERGED,CONVERGED,642.0,642,0.20434078465820818,0.2043408,-0.4437195183615795,-0.4437195,95.0,95,28.0,28.0,807,807.0,0.6586946391264783,0.6586946,6.20989e-264,195,195.0,0.5497937092449572,0.5497937,1.5e-323,3.774758e-12
E7,is1,swrate,rate.switch.*=0.75,JB(2),3,CONVERGED,CONVERGED,658.0,658,0.3487466781736145,0.3487467,0.9425748427583156,0.9425748,59.0,59,0.0,0.0,711,711.0,0.1379293296965078,0.1379293,4.26763e-264,0,0.0,0.0,0.0,0.0,7.771561e-12
E7,is1,swrate,rate.switch.*=0.75,N(0.5),3,CONVERGED,CONVERGED,596.0,596,0.4683172297046058,0.4683172,0.942574842758311,0.9425748,16.0,16,0.0,0.0,677,677.0,0.06934682262111078,0.06934682,1.650163e-264,0,0.0,0.0,0.0,0.0,4.440892e-12
E7,is1,swrate,rate.switch.*=0.75,N(2),3,CONVERGED,CONVERGED,521.0,521,0.44248820359856517,0.4424882,0.3905194971551989,0.3905195,4.0,4,0.0,0.0,715,715.0,0.050233227431437065,0.05023323,1.153473e-264,0,0.0,0.0,0.0,0.0,1.199041e-11
E7,is1,swrate,rate.switch.*=0.75,RC(0.5),3,CONVERGED,CONVERGED,609.0,609,0.4579854062827187,0.4579854,0.42970752383825234,0.4297075,23.0,23,0.0,0.0,774,774.0,0.2711685064235424,0.2711685,3.251435e-264,0,0.0,0.0,0.0,0.0,1.110223e-11
E7,is1,swrate,rate.switch.*=0.75,RC(2),3,CONVERGED,CONVERGED,560.0,560,0.27932090562739087,0.2793209,0.9314521515693784,0.9314522,41.0,41,0.0,0.0,645,645.0,0.08942254412091481,0.08942254,6.636613e-265,111,111.0,0.652774032471327,0.652774,1.5e-323,1.110223e-11
E7,is1,swrate,rate.switch.*=0.75,RW(0.5),3,CONVERGED,CONVERGED,569.0,569,0.3960091021030299,0.3960091,0.24942766219836576,0.2494277,10.0,10,0.0,0.0,684,684.0,0.12460765060130588,0.1246077,9.857798e-265,0,0.0,0.0,0.0,0.0,7.993606e-12
E7,is1,swrate,rate.switch.*=0.75,RW(2),3,CONVERGED,CONVERGED,603.0,603,0.05413802692471445,0.05413803,0.707554337048779,0.7075543,55.0,55,0.0,0.0,770,770.0,0.9443500097388275,0.94435,2.043283e-264,116,116.0,0.7673111858461062,0.7673112,1.5e-323,9.992007e-12
E7,is1,swrate,rate.switch.*=0.75,land.mach=0.2@dated,3,CONVERGED,CONVERGED,560.0,560,0.569161724623198,0.5691617,0.942574842758311,0.9425748,0.0,0,0.0,0.0,581,581.0,0.15444839478889727,0.1544484,2.43574e-318,0,0.0,0.0,0.0,0.0,1.24345e-11
E7,is1,swrate,rate.switch.*=0.75,land.mach=0.2@genesis,3,CONVERGED,CONVERGED,559.0,559,0.5691617246231984,0.5691617,0.942574842758311,0.9425748,0.0,0,0.0,0.0,581,581.0,0.1539104397228925,0.1539104,2.42211e-318,0,0.0,0.0,0.0,0.0,1.265654e-11
E7,is1,swrate,rate.switch.*=0.75,land.mach=0.8@dated,3,CONVERGED,CONVERGED,566.0,566,0.1642437830006201,0.1642438,0.1280267591790004,0.1280268,95.0,95,0.0,0.0,957,957.0,0.3198737485936424,0.3198737,4.717405e-190,0,0.0,0.0,0.0,0.0,9.103829e-12
E7,is1,swrate,rate.switch.*=0.75,land.mach=0.8@genesis,3,CONVERGED,CONVERGED,566.0,566,0.16483858606201324,0.1648386,0.1280767838042905,0.1280768,94.0,94,0.0,0.0,957,957.0,0.3194318432945089,0.3194318,4.753283e-190,0,0.0,0.0,0.0,0.0,9.325873e-12
E7,is1,swrate,rate.switch.*=0.75,p[goods]*0.5,3,CONVERGED,CONVERGED,559.0,559,0.38218724405481036,0.3821872,0.7880946807153689,0.7880947,20.0,20,0.0,0.0,653,653.0,0.05516442604046317,0.05516443,9.964818e-265,120,120.0,0.43909216312376137,0.4390922,1.5e-323,7.327472e-12
E7,is1,swrate,rate.switch.*=0.75,p[goods]*2,3,CONVERGED,CONVERGED,446.0,446,0.7655407385206573,0.7655407,0.8610321672744349,0.8610322,0.0,0,0.0,0.0,644,644.0,0.055693146433800064,0.05569315,1.226755e-265,0,0.0,0.0,0.0,0.0,7.105427e-12
E7,is1,swrate,rate.switch.*=0.75,p[labour.master]*0.5,3,CONVERGED,CONVERGED,432.0,432,0.5528896449634543,0.5528896,0.8918242216583505,0.8918242,0.0,0,0.0,0.0,0,0.0,0.0,0.0,0.0,106,106.0,0.19527203967233112,0.195272,1.5e-323,1.04361e-11
E7,is1,swrate,rate.switch.*=0.75,p[labour.master]*2,3,CONVERGED,CONVERGED,436.0,436,0.7874711133785751,0.7874711,0.8925164116284443,0.8925164,0.0,0,0.0,0.0,0,0.0,0.0,0.0,0.0,0,0.0,0.0,0.0,0.0,7.549517e-12
E7,is1,swrate,rate.switch.*=0.75,p[labour.trained]*0.5,3,CONVERGED,CONVERGED,574.0,574,0.2663615711972332,0.2663616,0.6773054593383816,0.6773055,31.0,31,0.0,0.0,753,753.0,0.6817280985964638,0.6817281,1.258186e-264,0,0.0,0.0,0.0,0.0,8.437695e-12
E7,is1,swrate,rate.switch.*=0.75,p[labour.trained]*2,3,CONVERGED,CONVERGED,458.0,458,0.8373234742758491,0.8373235,0.8826534013155257,0.8826534,0.0,0,0.0,0.0,0,0.0,0.0,0.0,0.0,0,0.0,0.0,0.0,0.0,1.265654e-11
E7,is1,swrate,rate.switch.*=0.75,p[labour]*0.5,3,CONVERGED,CONVERGED,562.0,562,0.3133704428404773,0.3133704,0.24942766219836576,0.2494277,14.0,14,0.0,0.0,684,684.0,0.1206365510774242,0.1206366,8.572008e-265,0,0.0,0.0,0.0,0.0,6.661338e-12
E7,is1,swrate,rate.switch.*=0.75,p[labour]*2,3,CONVERGED,CONVERGED,551.0,551,0.37432873240071207,0.3743287,0.8354320944157647,0.8354321,8.0,8,0.0,0.0,663,663.0,0.6732405019778979,0.6732405,1.064512e-265,125,125.0,0.1704848298095412,0.1704848,1.5e-323,9.103829e-12
E7,is1,swrate,rate.switch.*=0.75,p[land]*0.5,3,CONVERGED,CONVERGED,527.0,527,0.6434002104436155,0.6434002,0.8964746200985909,0.8964746,0.0,0,0.0,0.0,684,684.0,0.15673543021133998,0.1567354,2.227922e-265,0,0.0,0.0,0.0,0.0,9.103829e-12
E7,is1,swrate,rate.switch.*=0.75,p[land]*2,3,CONVERGED,CONVERGED,634.0,634,0.2586930429694123,0.258693,0.3055545738993286,0.3055546,90.0,90,0.0,0.0,728,728.0,0.280374233744364,0.2803742,5.704061e-264,0,0.0,0.0,0.0,0.0,8.437695e-12
E7,is1,swrate,rate.switch.*=0.75,p[mach]*0.5,3,CONVERGED,CONVERGED,686.0,686,0.22147955199811026,0.2214796,0.9425748427583133,0.9425748,85.0,85,0.0,0.0,733,733.0,0.2600096597288145,0.2600097,8.941849e-264,0,0.0,0.0,0.0,0.0,8.437695e-12
E7,is1,swrate,rate.switch.*=0.75,p[mach]*2,3,CONVERGED,CONVERGED,551.0,551,0.5103868161139572,0.5103868,0.19187301710851706,0.191873,0.0,0,0.0,0.0,725,725.0,0.13955880635530635,0.1395588,7.067322e-265,0,0.0,0.0,0.0,0.0,9.103829e-12
E7,is1,swrate,rate.switch.*=0.75,p[services]*0.5,3,CONVERGED,CONVERGED,586.0,586,0.5015160320574316,0.501516,0.44229631177402956,0.4422963,0.0,0,0.0,0.0,752,752.0,0.13035735947595142,0.1303574,1.912954e-264,0,0.0,0.0,0.0,0.0,6.661338e-12
E7,is1,swrate,rate.switch.*=0.75,p[services]*2,3,CONVERGED,CONVERGED,517.0,517,0.5512749916420072,0.551275,0.942574842758311,0.9425748,0.0,0,0.0,0.0,0,0.0,0.0,0.0,0.0,0,0.0,0.0,0.0,0.0,7.771561e-12
E7,is1,swrate,rate.switch.*=0.75,res.services.trained=0.02@dated,3,CONVERGED,CONVERGED,412.0,412,0.825147106414893,0.8251471,0.7399539160575466,0.7399539,0.0,0,0.0,0.0,21998,21998.0,0.5474534209587851,0.5474534,0.3914281,0,0.0,0.0,0.0,0.0,4.884981e-12
E7,is1,swrate,rate.switch.*=0.75,res.services.trained=0.02@genesis,3,CONVERGED,CONVERGED,412.0,412,0.8252152395773955,0.8252152,0.7399539160575468,0.7399539,0.0,0,0.0,0.0,21998,21998.0,0.5476243028742579,0.5476243,0.3914281,0,0.0,0.0,0.0,0.0,4.218847e-12
E7,is1,swrate,rate.switch.*=0.75,res.services.trained=0.08@dated,3,CONVERGED,CONVERGED,575.0,575,0.49999999999999994,0.5,0.728408036636258,0.728408,0.0,0,0.0,0.0,0,0.0,0.0,0.0,0.0,0,0.0,0.0,0.0,0.0,1.820766e-11
E7,is1,swrate,rate.switch.*=0.75,res.services.trained=0.08@genesis,3,CONVERGED,CONVERGED,576.0,576,0.5000000000000001,0.5,0.7295501982033182,0.7295502,0.0,0,0.0,0.0,0,0.0,0.0,0.0,0.0,0,0.0,0.0,0.0,0.0,1.84297e-11
E7,is1,swrate,rate.switch.*=0.75,s[goods]=0.5,3,CONVERGED,CONVERGED,618.0,618,0.13592286094485645,0.1359229,0.942574842758311,0.9425748,72.0,72,0.0,0.0,780,780.0,0.5874579413128891,0.5874579,2.867357e-264,141,141.0,0.706980820886699,0.7069808,1.5e-323,7.105427e-12
E7,is1,swrate,rate.switch.*=0.75,s[services]=0.5,3,CONVERGED,CONVERGED,601.0,601,0.21473283463386816,0.2147328,0.9174950068793961,0.917495,53.0,53,0.0,0.0,767,767.0,0.7727530565974607,0.7727531,1.932441e-264,155,155.0,0.15151903774484432,0.151519,1.5e-323,1.04361e-11
E7,is1,swrate,rate.switch.*=0.75,sw[master]=0.5,3,CONVERGED,CONVERGED,410.0,410,0.5181760217718593,0.518176,0.9024604635224209,0.9024605,0.0,0,0.0,0.0,0,0.0,0.0,0.0,0.0,100,100.0,0.419176020285533,0.419176,1.5e-323,7.105427e-12
E7,is1,swrate,rate.switch.*=0.75,sw[trained]=0.5,3,CONVERGED,CONVERGED,478.0,478,0.5002678764071011,0.5002679,0.815454332279075,0.8154543,0.0,0,0.0,0.0,619,619.0,0.48637688310177507,0.4863769,3.104728e-266,0,0.0,0.0,0.0,0.0,7.771561e-12
E7,is1,swrate,rate.switch.*=0.75,tail.services=0.05@dated,3,CONVERGED,CONVERGED,384.0,384,0.9249325503371826,0.9249326,0.3985784175107578,0.3985784,0.0,0,0.0,0.0,0,0.0,0.0,0.0,0.0,0,0.0,0.0,0.0,0.0,5.329071e-12
E7,is1,swrate,rate.switch.*=0.75,tail.services=0.05@genesis,3,CONVERGED,CONVERGED,384.0,384,0.9249325503371826,0.9249326,0.3985784175107578,0.3985784,0.0,0,0.0,0.0,0,0.0,0.0,0.0,0.0,0,0.0,0.0,0.0,0.0,4.884981e-12
E7,is1,swrate,rate.switch.*=0.75,tail.services=0.2@dated,3,CONVERGED,CONVERGED,722.0,722,0.44831779979642233,0.4483178,0.942574842758311,0.9425748,16.0,16,0.0,0.0,21998,21998.0,0.5121553078407186,0.5121553,0.2860879,21937,21937.0,0.3096805707176121,0.3096806,0.04967164,1.598721e-11
E7,is1,swrate,rate.switch.*=0.75,tail.services=0.2@genesis,3,CONVERGED,CONVERGED,733.0,733,0.4477130843637168,0.4477131,0.942574842758311,0.9425748,19.0,19,0.0,0.0,21998,21998.0,0.5140830418750134,0.514083,0.2860879,21937,21937.0,0.3064159933199703,0.306416,0.04967164,1.487699e-11
E7,is1,swrate,rate.switch.*=0.75,x*/2,3,CONVERGED,CONVERGED,684.0,684,0.00013221908064127988,0.0001322191,0.942574842758311,0.9425748,99.0,99,0.0,0.0,828,828.0,0.902624255636116,0.9026243,1.042334e-263,199,199.0,0.7798203550523116,0.7798204,1.5e-323,1.021405e-11
E7,is1,swrate,rate.switch.*=0.9,JA(0.5),3,CONVERGED,CONVERGED,707.0,707,0.15554942262522314,0.1555494,0.5708219860703838,0.570822,118.0,118,0.0,0.0,645,645.0,0.36833131742417785,0.3683313,8.832809e-316,0,0.0,0.0,0.0,0.0,7.105427e-12
E7,is1,swrate,rate.switch.*=0.9,JA(2),3,CONVERGED,CONVERGED,538.0,538,0.5337212315656679,0.5337212,0.6377440942204711,0.6377441,1.0,1,0.0,0.0,607,607.0,0.11709667702208745,0.1170967,1.516637e-317,0,0.0,0.0,0.0,0.0,8.437695e-12
E7,is1,swrate,rate.switch.*=0.9,JB(0.5),3,CONVERGED,CONVERGED,640.0,640,0.20692952322154615,0.2069295,-0.4437195183615795,-0.4437195,93.0,93,28.0,28.0,705,705.0,0.6675480136873784,0.667548,3.033136e-316,175,175.0,0.55739997297953,0.5574,1e-323,9.103829e-12
E7,is1,swrate,rate.switch.*=0.9,JB(2),3,CONVERGED,CONVERGED,658.0,658,0.3487466781736145,0.3487467,0.9425748427583154,0.9425748,59.0,59,0.0,0.0,611,611.0,0.1409262397330138,0.1409262,2.079188e-316,0,0.0,0.0,0.0,0.0,7.771561e-12
E7,is1,swrate,rate.switch.*=0.9,N(0.5),3,CONVERGED,CONVERGED,595.0,595,0.4683172297046058,0.4683172,0.942574842758311,0.9425748,16.0,16,0.0,0.0,577,577.0,0.07084904144946805,0.07084904,6.505986e-317,0,0.0,0.0,0.0,0.0,5.329071e-12
E7,is1,swrate,rate.switch.*=0.9,N(2),3,CONVERGED,CONVERGED,521.0,521,0.44248820359856517,0.4424882,0.3905194971551989,0.3905195,4.0,4,0.0,0.0,616,616.0,0.0502407196932656,0.05024072,4.376797e-317,0,0.0,0.0,0.0,0.0,1.354472e-11
E7,is1,swrate,rate.switch.*=0.9,RC(0.5),3,CONVERGED,CONVERGED,607.0,607,0.4575394396527728,0.4575394,0.4298966239054955,0.4298966,21.0,21,0.0,0.0,672,672.0,0.27003872116816163,0.2700387,1.415058e-316,0,0.0,0.0,0.0,0.0,1.287859e-11
E7,is1,swrate,rate.switch.*=0.9,RC(2),3,CONVERGED,CONVERGED,558.0,558,0.2828358060346102,0.2828358,0.9311509735776877,0.931151,41.0,41,0.0,0.0,544,544.0,0.09185027529077375,0.09185028,2.081299e-317,101,101.0,0.6514718151984179,0.6514718,1e-323,1.310063e-11
E7,is1,swrate,rate.switch.*=0.9,RW(0.5),3,CONVERGED,CONVERGED,568.0,568,0.3960091021030299,0.3960091,0.24942766219836576,0.2494277,10.0,10,0.0,0.0,584,584.0,0.12811944484508225,0.1281194,3.569608e-317,0,0.0,0.0,0.0,0.0,1.110223e-11
E7,is1,swrate,rate.switch.*=0.9,RW(2),3,CONVERGED,CONVERGED,600.0,600,0.03455692603248094,0.03455693,0.7284671116026972,0.7284671,54.0,54,0.0,0.0,668,668.0,0.9641091957420717,0.9641092,8.067137e-317,88,88.0,0.8161469166853692,0.8161469,1e-323,7.327472e-12
E7,is1,swrate,rate.switch.*=0.9,land.mach=0.2@dated,3,CONVERGED,CONVERGED,559.0,559,0.569161724623198,0.5691617,0.942574842758311,0.9425748,0.0,0,0.0,0.0,498,498.0,0.15887867983291518,0.1588787,6e-323,0,0.0,0.0,0.0,0.0,9.325873e-12
E7,is1,swrate,rate.switch.*=0.9,land.mach=0.2@genesis,3,CONVERGED,CONVERGED,559.0,559,0.5691617246231984,0.5691617,0.942574842758311,0.9425748,0.0,0,0.0,0.0,498,498.0,0.15833557133109727,0.1583356,6e-323,0,0.0,0.0,0.0,0.0,1.24345e-11
E7,is1,swrate,rate.switch.*=0.9,land.mach=0.8@dated,3,CONVERGED,CONVERGED,566.0,566,0.1642437830006201,0.1642438,0.1280267591790004,0.1280268,95.0,95,0.0,0.0,817,817.0,0.3269486131476878,0.3269486,1.463072e-227,0,0.0,0.0,0.0,0.0,5.995204e-12
E7,is1,swrate,rate.switch.*=0.9,land.mach=0.8@genesis,3,CONVERGED,CONVERGED,566.0,566,0.16483858606201324,0.1648386,0.1280767838042905,0.1280768,94.0,94,0.0,0.0,817,817.0,0.325686796856757,0.3256868,1.476428e-227,0,0.0,0.0,0.0,0.0,6.217249e-12
E7,is1,swrate,rate.switch.*=0.9,p[goods]*0.5,3,CONVERGED,CONVERGED,561.0,561,0.37831911888941205,0.3783191,0.7869082156613256,0.7869082,20.0,20,0.0,0.0,553,553.0,0.06136379000009404,0.06136379,3.626776e-317,106,106.0,0.44426300242020794,0.444263,1e-323,5.995204e-12
E7,is1,swrate,rate.switch.*=0.9,p[goods]*2,3,CONVERGED,CONVERGED,445.0,445,0.7655407385206573,0.7655407,0.860055952793711,0.860056,0.0,0,0.0,0.0,543,543.0,0.05764484934916406,0.05764485,2.82562e-318,0,0.0,0.0,0.0,0.0,9.103829e-12
E7,is1,swrate,rate.switch.*=0.9,p[labour.master]*0.5,3,CONVERGED,CONVERGED,433.0,433,0.5349886379888459,0.5349886,0.8892039903912952,0.889204,0.0,0,0.0,0.0,0,0.0,0.0,0.0,0.0,89,89.0,0.2238515995622396,0.2238516,1e-323,1.065814e-11
E7,is1,swrate,rate.switch.*=0.9,p[labour.master]*2,3,CONVERGED,CONVERGED,436.0,436,0.7874711133785751,0.7874711,0.8925164116284443,0.8925164,0.0,0,0.0,0.0,0,0.0,0.0,0.0,0.0,0,0.0,0.0,0.0,0.0,7.549517e-12
E7,is1,swrate,rate.switch.*=0.9,p[labour.trained]*0.5,3,CONVERGED,CONVERGED,574.0,574,0.2260837621940048,0.2260838,0.6748581836647058,0.6748582,32.0,32,0.0,0.0,652,652.0,0.7308236226683537,0.7308236,4.676462e-317,0,0.0,0.0,0.0,0.0,7.327472e-12
E7,is1,swrate,rate.switch.*=0.9,p[labour.trained]*2,3,CONVERGED,CONVERGED,458.0,458,0.8373234742758491,0.8373235,0.8826534013155257,0.8826534,0.0,0,0.0,0.0,0,0.0,0.0,0.0,0.0,0,0.0,0.0,0.0,0.0,1.265654e-11
E7,is1,swrate,rate.switch.*=0.9,p[labour]*0.5,3,CONVERGED,CONVERGED,561.0,561,0.3133704428404773,0.3133704,0.24942766219836576,0.2494277,14.0,14,0.0,0.0,584,584.0,0.12385610664242766,0.1238561,3.01673e-317,0,0.0,0.0,0.0,0.0,1.199041e-11
E7,is1,swrate,rate.switch.*=0.9,p[labour]*2,3,CONVERGED,CONVERGED,551.0,551,0.32773796585100046,0.327738,0.8481580652544478,0.8481581,8.0,8,0.0,0.0,606,606.0,0.7149473420234875,0.7149473,1.012841e-317,106,106.0,0.1953269348378808,0.1953269,1e-323,8.881784e-12
E7,is1,swrate,rate.switch.*=0.9,p[land]*0.5,3,CONVERGED,CONVERGED,527.0,527,0.6434002104436155,0.6434002,0.8964746200985909,0.8964746,0.0,0,0.0,0.0,584,584.0,0.16012045193689237,0.1601205,5.970675e-318,0,0.0,0.0,0.0,0.0,6.661338e-12
E7,is1,swrate,rate.switch.*=0.9,p[land]*2,3,CONVERGED,CONVERGED,634.0,634,0.2586930429694123,0.258693,0.3055545738993286,0.3055546,90.0,90,0.0,0.0,628,628.0,0.28462922534405455,0.2846292,2.910882e-316,0,0.0,0.0,0.0,0.0,1.110223e-11
E7,is1,swrate,rate.switch.*=0.9,p[mach]*0.5,3,CONVERGED,CONVERGED,686.0,686,0.22147955199811026,0.2214796,0.9425748427583142,0.9425748,85.0,85,0.0,0.0,632,632.0,0.26494561148312135,0.2649456,4.955994e-316,0,0.0,0.0,0.0,0.0,6.661338e-12
E7,is1,swrate,rate.switch.*=0.9,p[mach]*2,3,CONVERGED,CONVERGED,551.0,551,0.5103868740413808,0.5103869,0.19183886138735465,0.1918389,0.0,0,0.0,0.0,624,624.0,0.14470499762256453,0.144705,2.33838e-317,0,0.0,0.0,0.0,0.0,7.105427e-12
E7,is1,swrate,rate.switch.*=0.9,p[services]*0.5,3,CONVERGED,CONVERGED,586.0,586,0.5014844584820923,0.5014845,0.44051438643386653,0.4405144,0.0,0,0.0,0.0,653,653.0,0.13199377864618622,0.1319938,8.179028e-317,0,0.0,0.0,0.0,0.0,8.881784e-12
E7,is1,swrate,rate.switch.*=0.9,p[services]*2,3,CONVERGED,CONVERGED,517.0,517,0.5512749916420072,0.551275,0.942574842758311,0.9425748,0.0,0,0.0,0.0,0,0.0,0.0,0.0,0.0,0,0.0,0.0,0.0,0.0,7.771561e-12
E7,is1,swrate,rate.switch.*=0.9,res.services.trained=0.02@dated,3,CONVERGED,CONVERGED,417.0,417,0.8177521857061174,0.8177522,0.739953916057547,0.7399539,0.0,0,0.0,0.0,21998,21998.0,0.5514944104114546,0.5514944,0.3914281,0,0.0,0.0,0.0,0.0,5.551115e-12
E7,is1,swrate,rate.switch.*=0.9,res.services.trained=0.02@genesis,3,CONVERGED,CONVERGED,416.0,416,0.818006603291977,0.8180066,0.7399539160575465,0.7399539,0.0,0,0.0,0.0,21998,21998.0,0.5516669346996416,0.5516669,0.3914281,0,0.0,0.0,0.0,0.0,5.77316e-12
E7,is1,swrate,rate.switch.*=0.9,res.services.trained=0.08@dated,3,CONVERGED,CONVERGED,575.0,575,0.49999999999999994,0.5,0.728408036636258,0.728408,0.0,0,0.0,0.0,0,0.0,0.0,0.0,0.0,0,0.0,0.0,0.0,0.0,1.820766e-11
E7,is1,swrate,rate.switch.*=0.9,res.services.trained=0.08@genesis,3,CONVERGED,CONVERGED,576.0,576,0.5000000000000001,0.5,0.7295501982033182,0.7295502,0.0,0,0.0,0.0,0,0.0,0.0,0.0,0.0,0,0.0,0.0,0.0,0.0,1.84297e-11
E7,is1,swrate,rate.switch.*=0.9,s[goods]=0.5,3,CONVERGED,CONVERGED,618.0,618,0.13592286094485642,0.1359229,0.942574842758311,0.9425748,72.0,72,0.0,0.0,680,680.0,0.6032876935755418,0.6032877,1.272178e-316,126,126.0,0.7158983266551021,0.7158983,1e-323,7.993606e-12
E7,is1,swrate,rate.switch.*=0.9,s[services]=0.5,3,CONVERGED,CONVERGED,599.0,599,0.2075998048076063,0.2075998,0.933022832729444,0.9330228,53.0,53,0.0,0.0,667,667.0,0.7834330757531947,0.7834331,7.971984e-317,137,137.0,0.14595556118647776,0.1459556,1e-323,5.329071e-12
E7,is1,swrate,rate.switch.*=0.9,sw[master]=0.5,3,CONVERGED,CONVERGED,367.0,367,0.5334687174192757,0.5334687,0.9072577400034295,0.9072577,0.0,0,0.0,0.0,0,0.0,0.0,0.0,0.0,83,83.0,0.4046520223639443,0.404652,1e-323,5.995204e-12
E7,is1,swrate,rate.switch.*=0.9,sw[trained]=0.5,3,CONVERGED,CONVERGED,473.0,473,0.5029525095702838,0.5029525,0.8253521639480357,0.8253522,0.0,0,0.0,0.0,513,513.0,0.48369712881001026,0.4836971,4.7246e-319,0,0.0,0.0,0.0,0.0,1.176836e-11
E7,is1,swrate,rate.switch.*=0.9,tail.services=0.05@dated,3,CONVERGED,CONVERGED,384.0,384,0.9249325503371826,0.9249326,0.3985784175107578,0.3985784,0.0,0,0.0,0.0,0,0.0,0.0,0.0,0.0,0,0.0,0.0,0.0,0.0,5.329071e-12
E7,is1,swrate,rate.switch.*=0.9,tail.services=0.05@genesis,3,CONVERGED,CONVERGED,384.0,384,0.9249325503371826,0.9249326,0.3985784175107578,0.3985784,0.0,0,0.0,0.0,0,0.0,0.0,0.0,0.0,0,0.0,0.0,0.0,0.0,4.884981e-12
E7,is1,swrate,rate.switch.*=0.9,tail.services=0.2@dated,3,CONVERGED,CONVERGED,728.0,728,0.4486228160227236,0.4486228,0.942574842758311,0.9425748,15.0,15,0.0,0.0,21998,21998.0,0.5163678839020058,0.5163679,0.2860879,21937,21937.0,0.3131387387921276,0.3131387,0.04967164,1.04361e-11
E7,is1,swrate,rate.switch.*=0.9,tail.services=0.2@genesis,3,CONVERGED,CONVERGED,736.0,736,0.4478573903465597,0.4478574,0.942574842758311,0.9425748,18.0,18,0.0,0.0,21998,21998.0,0.5185235895446589,0.5185236,0.2860879,21937,21937.0,0.30822995726884944,0.30823,0.04967164,1.687539e-11
E7,is1,swrate,rate.switch.*=0.9,x*/2,3,CONVERGED,CONVERGED,684.0,684,0.0011836624457335727,0.001183662,0.942574842758311,0.9425748,99.0,99,0.0,0.0,727,727.0,0.9096767610959926,0.9096768,5.748066e-316,181,181.0,0.7904268668136973,0.7904269,1e-323,6.883383e-12
E7,is1,swrate,rate.switch.*=1.1,JA(0.5),3,CONVERGED,CONVERGED,706.0,706,0.15554942262522314,0.1555494,0.5708219860703838,0.570822,117.0,117,0.0,0.0,554,554.0,0.3738408415929605,0.3738408,6e-323,0,0.0,0.0,0.0,0.0,7.771561e-12
E7,is1,swrate,rate.switch.*=1.1,JA(2),3,CONVERGED,CONVERGED,538.0,538,0.5337212315656679,0.5337212,0.6373069351183102,0.6373069,1.0,1,0.0,0.0,517,517.0,0.11643412707088627,0.1164341,6e-323,0,0.0,0.0,0.0,0.0,7.993606e-12
E7,is1,swrate,rate.switch.*=1.1,JB(0.5),3,CONVERGED,CONVERGED,638.0,638,0.20962430716100885,0.2096243,-0.4437195183615795,-0.4437195,92.0,92,30.0,30.0,613,613.0,0.6760765658883606,0.6760766,6e-323,156,156.0,0.5652934657280935,0.5652935,1e-323,5.551115e-12
E7,is1,swrate,rate.switch.*=1.1,JB(2),3,CONVERGED,CONVERGED,658.0,658,0.3487466781736145,0.3487467,0.9425748427583157,0.9425748,59.0,59,0.0,0.0,520,520.0,0.1438183784568791,0.1438184,6e-323,0,0.0,0.0,0.0,0.0,8.437695e-12
E7,is1,swrate,rate.switch.*=1.1,N(0.5),3,CONVERGED,CONVERGED,595.0,595,0.4683172297046058,0.4683172,0.942574842758311,0.9425748,16.0,16,0.0,0.0,486,486.0,0.07233698391107582,0.07233698,6e-323,0,0.0,0.0,0.0,0.0,3.996803e-12
E7,is1,swrate,rate.switch.*=1.1,N(2),3,CONVERGED,CONVERGED,520.0,520,0.44248820359856517,0.4424882,0.3905194971551989,0.3905195,4.0,4,0.0,0.0,526,526.0,0.05018474360351346,0.05018474,6e-323,0,0.0,0.0,0.0,0.0,1.221245e-11
E7,is1,swrate,rate.switch.*=1.1,RC(0.5),3,CONVERGED,CONVERGED,606.0,606,0.45706073782047735,0.4570607,0.4311945151617804,0.4311945,19.0,19,0.0,0.0,580,580.0,0.2670526187749016,0.2670526,6e-323,0,0.0,0.0,0.0,0.0,1.110223e-11
E7,is1,swrate,rate.switch.*=1.1,RC(2),3,CONVERGED,CONVERGED,557.0,557,0.2876760609232895,0.2876761,0.9300677215150629,0.9300677,41.0,41,0.0,0.0,451,451.0,0.09513181989964944,0.09513182,6e-323,92,92.0,0.6481793644872604,0.6481794,1e-323,1.376677e-11
E7,is1,swrate,rate.switch.*=1.1,RW(0.5),3,CONVERGED,CONVERGED,568.0,568,0.3960091021030299,0.3960091,0.24942766219836576,0.2494277,10.0,10,0.0,0.0,494,494.0,0.1315905617015808,0.1315906,6e-323,0,0.0,0.0,0.0,0.0,8.437695e-12
E7,is1,swrate,rate.switch.*=1.1,RW(2),3,CONVERGED,CONVERGED,598.0,598,0.019514501370782554,0.0195145,0.7496202867611386,0.7496203,52.0,52,0.0,0.0,576,576.0,0.9794897939187183,0.9794898,6e-323,63,63.0,0.8653606426219158,0.8653606,1e-323,9.103829e-12
E7,is1,swrate,rate.switch.*=1.1,land.mach=0.2@dated,3,CONVERGED,CONVERGED,559.0,559,0.569161724623198,0.5691617,0.942574842758311,0.9425748,0.0,0,0.0,0.0,422,422.0,0.16337689521185036,0.1633769,5e-323,0,0.0,0.0,0.0,0.0,1.154632e-11
E7,is1,swrate,rate.switch.*=1.1,land.mach=0.2@genesis,3,CONVERGED,CONVERGED,558.0,558,0.5691617246231984,0.5691617,0.942574842758311,0.9425748,0.0,0,0.0,0.0,422,422.0,0.16283118546546854,0.1628312,5e-323,0,0.0,0.0,0.0,0.0,8.881784e-12
E7,is1,swrate,rate.switch.*=1.1,land.mach=0.8@dated,3,CONVERGED,CONVERGED,566.0,566,0.1642437830006201,0.1642438,0.1280267591790004,0.1280268,94.0,94,0.0,0.0,690,690.0,0.3337579856829889,0.333758,1.445521e-277,0,0.0,0.0,0.0,0.0,9.103829e-12
E7,is1,swrate,rate.switch.*=1.1,land.mach=0.8@genesis,3,CONVERGED,CONVERGED,566.0,566,0.16483858606201324,0.1648386,0.1280767838042905,0.1280768,94.0,94,0.0,0.0,691,691.0,0.33236695927461823,0.332367,1.461729e-277,0,0.0,0.0,0.0,0.0,5.77316e-12
E7,is1,swrate,rate.switch.*=1.1,p[goods]*0.5,3,CONVERGED,CONVERGED,562.0,562,0.3755492739466054,0.3755493,0.7856235916558916,0.7856236,22.0,22,0.0,0.0,464,464.0,0.06799934364377135,0.06799934,6e-323,93,93.0,0.448527089077328,0.4485271,1e-323,9.103829e-12
E7,is1,swrate,rate.switch.*=1.1,p[goods]*2,3,CONVERGED,CONVERGED,445.0,445,0.7655407385206573,0.7655407,0.8588843743714952,0.8588844,0.0,0,0.0,0.0,452,452.0,0.05955013376263985,0.05955013,6e-323,0,0.0,0.0,0.0,0.0,5.995204e-12
E7,is1,swrate,rate.switch.*=1.1,p[labour.master]*0.5,3,CONVERGED,CONVERGED,434.0,434,0.5115248942492121,0.5115249,0.8864096342815282,0.8864096,0.0,0,0.0,0.0,0,0.0,0.0,0.0,0.0,75,75.0,0.2610550241982451,0.261055,1e-323,1.287859e-11
E7,is1,swrate,rate.switch.*=1.1,p[labour.master]*2,3,CONVERGED,CONVERGED,436.0,436,0.7874711133785751,0.7874711,0.8925164116284443,0.8925164,0.0,0,0.0,0.0,0,0.0,0.0,0.0,0.0,0,0.0,0.0,0.0,0.0,7.549517e-12
E7,is1,swrate,rate.switch.*=1.1,p[labour.trained]*0.5,3,CONVERGED,CONVERGED,573.0,573,0.18351650508731854,0.1835165,0.6743123840812678,0.6743124,32.0,32,0.0,0.0,561,561.0,0.7808854127701779,0.7808854,6e-323,0,0.0,0.0,0.0,0.0,1.04361e-11
E7,is1,swrate,rate.switch.*=1.1,p[labour.trained]*2,3,CONVERGED,CONVERGED,458.0,458,0.8373234742758491,0.8373235,0.8826534013155257,0.8826534,0.0,0,0.0,0.0,0,0.0,0.0,0.0,0.0,0,0.0,0.0,0.0,0.0,1.265654e-11
E7,is1,swrate,rate.switch.*=1.1,p[labour]*0.5,3,CONVERGED,CONVERGED,561.0,561,0.3133704428404773,0.3133704,0.24942766219836576,0.2494277,14.0,14,0.0,0.0,493,493.0,0.12721966075070978,0.1272197,6e-323,0,0.0,0.0,0.0,0.0,7.771561e-12
E7,is1,swrate,rate.switch.*=1.1,p[labour]*2,3,CONVERGED,CONVERGED,550.0,550,0.2810043077868836,0.2810043,0.8631851232989384,0.8631851,8.0,8,0.0,0.0,522,522.0,0.7623088131060677,0.7623088,6e-323,87,87.0,0.22494070379539746,0.2249407,1e-323,7.327472e-12
E7,is1,swrate,rate.switch.*=1.1,p[land]*0.5,3,CONVERGED,CONVERGED,527.0,527,0.6434002104436155,0.6434002,0.8964746200985909,0.8964746,0.0,0,0.0,0.0,493,493.0,0.16315947675181164,0.1631595,6e-323,0,0.0,0.0,0.0,0.0,4.884981e-12
E7,is1,swrate,rate.switch.*=1.1,p[land]*2,3,CONVERGED,CONVERGED,634.0,634,0.2586930429694123,0.258693,0.3055545738993286,0.3055546,90.0,90,0.0,0.0,537,537.0,0.28812024127344193,0.2881202,6e-323,0,0.0,0.0,0.0,0.0,9.103829e-12
E7,is1,swrate,rate.switch.*=1.1,p[mach]*0.5,3,CONVERGED,CONVERGED,687.0,687,0.22147955199811026,0.2214796,0.9425748427583137,0.9425748,85.0,85,0.0,0.0,541,541.0,0.26950287265877426,0.2695029,6e-323,0,0.0,0.0,0.0,0.0,7.549517e-12
E7,is1,swrate,rate.switch.*=1.1,p[mach]*2,3,CONVERGED,CONVERGED,551.0,551,0.5103869550426078,0.510387,0.191793433200749,0.1917934,0.0,0,0.0,0.0,533,533.0,0.14985954703908858,0.1498595,6e-323,0,0.0,0.0,0.0,0.0,8.65974e-12
E7,is1,swrate,rate.switch.*=1.1,p[services]*0.5,3,CONVERGED,CONVERGED,586.0,586,0.5014420734840441,0.5014421,0.43896976103268043,0.4389698,0.0,0,0.0,0.0,563,563.0,0.1336494402682522,0.1336494,6e-323,0,0.0,0.0,0.0,0.0,7.549517e-12
E7,is1,swrate,rate.switch.*=1.1,p[services]*2,3,CONVERGED,CONVERGED,517.0,517,0.5512749916420072,0.551275,0.942574842758311,0.9425748,0.0,0,0.0,0.0,0,0.0,0.0,0.0,0.0,0,0.0,0.0,0.0,0.0,7.771561e-12
E7,is1,swrate,rate.switch.*=1.1,res.services.trained=0.02@dated,3,CONVERGED,CONVERGED,417.0,417,0.8113541210147444,0.8113541,0.7399539160575486,0.7399539,0.0,0,0.0,0.0,21998,21998.0,0.556787836056095,0.5567878,0.3914281,0,0.0,0.0,0.0,0.0,5.107026e-12
E7,is1,swrate,rate.switch.*=1.1,res.services.trained=0.02@genesis,3,CONVERGED,CONVERGED,416.0,416,0.8117293080645859,0.8117293,0.7399539160575465,0.7399539,0.0,0,0.0,0.0,21998,21998.0,0.5569417921075368,0.5569418,0.3914281,0,0.0,0.0,0.0,0.0,3.996803e-12
E7,is1,swrate,rate.switch.*=1.1,res.services.trained=0.08@dated,3,CONVERGED,CONVERGED,575.0,575,0.49999999999999994,0.5,0.728408036636258,0.728408,0.0,0,0.0,0.0,0,0.0,0.0,0.0,0.0,0,0.0,0.0,0.0,0.0,1.820766e-11
E7,is1,swrate,rate.switch.*=1.1,res.services.trained=0.08@genesis,3,CONVERGED,CONVERGED,576.0,576,0.5000000000000001,0.5,0.7295501982033182,0.7295502,0.0,0,0.0,0.0,0,0.0,0.0,0.0,0.0,0,0.0,0.0,0.0,0.0,1.84297e-11
E7,is1,swrate,rate.switch.*=1.1,s[goods]=0.5,3,CONVERGED,CONVERGED,616.0,616,0.13592286094485645,0.1359229,0.942574842758311,0.9425748,71.0,71,0.0,0.0,589,589.0,0.6200092829228971,0.6200093,6e-323,111,111.0,0.7241576935870508,0.7241577,1e-323,5.995204e-12
E7,is1,swrate,rate.switch.*=1.1,s[services]=0.5,3,CONVERGED,CONVERGED,596.0,596,0.20220082986762933,0.2022008,0.942574842758311,0.9425748,53.0,53,0.0,0.0,575,575.0,0.7946158304038784,0.7946158,6e-323,121,121.0,0.14028893028534878,0.1402889,1e-323,6.661338e-12
E7,is1,swrate,rate.switch.*=1.1,sw[master]=0.5,3,CONVERGED,CONVERGED,358.0,358,0.5531914467612403,0.5531914,0.9124667930775421,0.9124668,0.0,0,0.0,0.0,0,0.0,0.0,0.0,0.0,68,68.0,0.38606647960361284,0.3860665,1e-323,1.088019e-11
E7,is1,swrate,rate.switch.*=1.1,sw[trained]=0.5,3,CONVERGED,CONVERGED,468.0,468,0.506510207358199,0.5065102,0.8359449455207503,0.8359449,0.0,0,0.0,0.0,418,418.0,0.48014707592391265,0.4801471,6e-323,0,0.0,0.0,0.0,0.0,1.065814e-11
E7,is1,swrate,rate.switch.*=1.1,tail.services=0.05@dated,3,CONVERGED,CONVERGED,384.0,384,0.9249325503371826,0.9249326,0.3985784175107578,0.3985784,0.0,0,0.0,0.0,0,0.0,0.0,0.0,0.0,0,0.0,0.0,0.0,0.0,5.329071e-12
E7,is1,swrate,rate.switch.*=1.1,tail.services=0.05@genesis,3,CONVERGED,CONVERGED,384.0,384,0.9249325503371826,0.9249326,0.3985784175107578,0.3985784,0.0,0,0.0,0.0,0,0.0,0.0,0.0,0.0,0,0.0,0.0,0.0,0.0,4.884981e-12
E7,is1,swrate,rate.switch.*=1.1,tail.services=0.2@dated,3,CONVERGED,CONVERGED,726.0,726,0.4487984664023811,0.4487985,0.942574842758311,0.9425748,12.0,12,0.0,0.0,21998,21998.0,0.5204469800533622,0.520447,0.2860879,21937,21937.0,0.30199529885571785,0.3019953,0.04967164,1.310063e-11
E7,is1,swrate,rate.switch.*=1.1,tail.services=0.2@genesis,3,CONVERGED,CONVERGED,730.0,730,0.4479498507670995,0.4479499,0.942574842758311,0.9425748,14.0,14,0.0,0.0,21998,21998.0,0.5226506506859455,0.5226507,0.2860879,21937,21937.0,0.2955910330071608,0.295591,0.04967164,1.199041e-11
E7,is1,swrate,rate.switch.*=1.1,x*/2,3,CONVERGED,CONVERGED,684.0,684,0.0025807303157067978,0.00258073,0.942574842758311,0.9425748,98.0,98,0.0,0.0,635,635.0,0.9165822016192043,0.9165822,6e-323,162,162.0,0.8013614136808508,0.8013614,1e-323,9.769963e-12
E7,is1,swrate,rate.switch.*=1.25,JA(0.5),3,CONVERGED,CONVERGED,706.0,706,0.15554942262522314,0.1555494,0.5708219860703838,0.570822,117.0,117,0.0,0.0,505,505.0,0.3757937296248656,0.3757937,5.4e-323,0,0.0,0.0,0.0,0.0,6.883383e-12
E7,is1,swrate,rate.switch.*=1.25,JA(2),3,CONVERGED,CONVERGED,538.0,538,0.5337212315656679,0.5337212,0.636861063670155,0.6368611,1.0,1,0.0,0.0,468,468.0,0.11592167939786206,0.1159217,5.4e-323,0,0.0,0.0,0.0,0.0,8.21565e-12
E7,is1,swrate,rate.switch.*=1.25,JB(0.5),3,CONVERGED,CONVERGED,638.0,638,0.21031539488783785,0.2103154,-0.4437195183615795,-0.4437195,92.0,92,29.0,29.0,564,564.0,0.6808631025783713,0.6808631,5.4e-323,146,146.0,0.5691200478315216,0.56912,5e-324,3.774758e-12
E7,is1,swrate,rate.switch.*=1.25,JB(2),3,CONVERGED,CONVERGED,658.0,658,0.3487466781736145,0.3487467,0.9425748427583144,0.9425748,59.0,59,0.0,0.0,472,472.0,0.14615622477425141,0.1461562,5.4e-323,0,0.0,0.0,0.0,0.0,8.21565e-12
E7,is1,swrate,rate.switch.*=1.25,N(0.5),3,CONVERGED,CONVERGED,595.0,595,0.4683172297046058,0.4683172,0.942574842758311,0.9425748,16.0,16,0.0,0.0,437,437.0,0.0731388041073584,0.0731388,5.4e-323,0,0.0,0.0,0.0,0.0,4.884981e-12
E7,is1,swrate,rate.switch.*=1.25,N(2),3,CONVERGED,CONVERGED,520.0,520,0.44248820359856517,0.4424882,0.3905194971551989,0.3905195,4.0,4,0.0,0.0,477,477.0,0.050151881744759486,0.05015188,5.4e-323,0,0.0,0.0,0.0,0.0,1.310063e-11
E7,is1,swrate,rate.switch.*=1.25,RC(0.5),3,CONVERGED,CONVERGED,605.0,605,0.45679161015599223,0.4567916,0.43241665950659836,0.4324167,19.0,19,0.0,0.0,531,531.0,0.26462755506269564,0.2646276,5.4e-323,0,0.0,0.0,0.0,0.0,7.771561e-12
E7,is1,swrate,rate.switch.*=1.25,RC(2),3,CONVERGED,CONVERGED,556.0,556,0.29082295932117636,0.290823,0.929379213758339,0.9293792,42.0,42,0.0,0.0,403,403.0,0.0963146542146546,0.09631465,5.4e-323,87,87.0,0.6457351692694684,0.6457352,5e-324,8.21565e-12
E7,is1,swrate,rate.switch.*=1.25,RW(0.5),3,CONVERGED,CONVERGED,568.0,568,0.3960091021030299,0.3960091,0.24942766219836576,0.2494277,10.0,10,0.0,0.0,445,445.0,0.13416004791886377,0.13416,5.4e-323,0,0.0,0.0,0.0,0.0,8.881784e-12
E7,is1,swrate,rate.switch.*=1.25,RW(2),3,CONVERGED,CONVERGED,596.0,596,0.01359424667502535,0.01359425,0.7629954544081372,0.7629955,53.0,53,0.0,0.0,526,526.0,0.9864484784428673,0.9864485,5.4e-323,56,56.0,0.8925747164222484,0.8925747,5e-324,7.549517e-12
E7,is1,swrate,rate.switch.*=1.25,land.mach=0.2@dated,3,CONVERGED,CONVERGED,558.0,558,0.569161724623198,0.5691617,0.942574842758311,0.9425748,0.0,0,0.0,0.0,382,382.0,0.16582007042380356,0.1658201,4.4e-323,0,0.0,0.0,0.0,0.0,1.04361e-11
E7,is1,swrate,rate.switch.*=1.25,land.mach=0.2@genesis,3,CONVERGED,CONVERGED,558.0,558,0.5691617246231984,0.5691617,0.942574842758311,0.9425748,0.0,0,0.0,0.0,382,382.0,0.16528251205477673,0.1652825,4.4e-323,0,0.0,0.0,0.0,0.0,1.287859e-11
E7,is1,swrate,rate.switch.*=1.25,land.mach=0.8@dated,3,CONVERGED,CONVERGED,566.0,566,0.1642437830006201,0.1642438,0.1280267591790004,0.1280268,94.0,94,0.0,0.0,623,623.0,0.33739890277815043,0.3373989,4.606539e-315,0,0.0,0.0,0.0,0.0,5.329071e-12
E7,is1,swrate,rate.switch.*=1.25,land.mach=0.8@genesis,3,CONVERGED,CONVERGED,566.0,566,0.16483858606201324,0.1648386,0.1280767838042905,0.1280768,94.0,94,0.0,0.0,623,623.0,0.33602543877738855,0.3360254,4.664484e-315,0,0.0,0.0,0.0,0.0,6.661338e-12
E7,is1,swrate,rate.switch.*=1.25,p[goods]*0.5,3,CONVERGED,CONVERGED,562.0,562,0.37435883569911915,0.3743588,0.7850499314475773,0.7850499,23.0,23,0.0,0.0,415,415.0,0.07203115741796653,0.07203116,5.4e-323,87,87.0,0.4500147346491398,0.4500147,5e-324,6.661338e-12
E7,is1,swrate,rate.switch.*=1.25,p[goods]*2,3,CONVERGED,CONVERGED,444.0,444,0.7655407385206573,0.7655407,0.8581660883355225,0.8581661,0.0,0,0.0,0.0,402,402.0,0.060838987120461104,0.06083899,5.4e-323,0,0.0,0.0,0.0,0.0,4.884981e-12
E7,is1,swrate,rate.switch.*=1.25,p[labour.master]*0.5,3,CONVERGED,CONVERGED,435.0,435,0.4944991714746504,0.4944992,0.8850064208491537,0.8850064,3.0,3,0.0,0.0,0,0.0,0.0,0.0,0.0,67,67.0,0.28722245421504233,0.2872225,5e-324,1.065814e-11
E7,is1,swrate,rate.switch.*=1.25,p[labour.master]*2,3,CONVERGED,CONVERGED,436.0,436,0.7874711133785751,0.7874711,0.8925164116284443,0.8925164,0.0,0,0.0,0.0,0,0.0,0.0,0.0,0.0,0,0.0,0.0,0.0,0.0,7.549517e-12
E7,is1,swrate,rate.switch.*=1.25,p[labour.trained]*0.5,3,CONVERGED,CONVERGED,573.0,573,0.1596722427089099,0.1596722,0.6743741232698788,0.6743741,31.0,31,0.0,0.0,511,511.0,0.8112356757194146,0.8112357,5.4e-323,0,0.0,0.0,0.0,0.0,7.327472e-12
E7,is1,swrate,rate.switch.*=1.25,p[labour.trained]*2,3,CONVERGED,CONVERGED,458.0,458,0.8373234742758491,0.8373235,0.8826534013155257,0.8826534,0.0,0,0.0,0.0,0,0.0,0.0,0.0,0.0,0,0.0,0.0,0.0,0.0,1.265654e-11
E7,is1,swrate,rate.switch.*=1.25,p[labour]*0.5,3,CONVERGED,CONVERGED,561.0,561,0.3133704428404773,0.3133704,0.24942766219836576,0.2494277,14.0,14,0.0,0.0,445,445.0,0.1295125196762879,0.1295125,5.4e-323,0,0.0,0.0,0.0,0.0,9.103829e-12
E7,is1,swrate,rate.switch.*=1.25,p[labour]*2,3,CONVERGED,CONVERGED,550.0,550,0.24889823858414223,0.2488982,0.8728112174618589,0.8728112,8.0,8,0.0,0.0,475,475.0,0.7896909416897256,0.7896909,5.4e-323,75,75.0,0.2468440454692278,0.246844,5e-324,9.103829e-12
E7,is1,swrate,rate.switch.*=1.25,p[land]*0.5,3,CONVERGED,CONVERGED,527.0,527,0.6434002104436155,0.6434002,0.8964746200985909,0.8964746,0.0,0,0.0,0.0,445,445.0,0.1654997551004826,0.1654998,5.4e-323,0,0.0,0.0,0.0,0.0,7.993606e-12
E7,is1,swrate,rate.switch.*=1.25,p[land]*2,3,CONVERGED,CONVERGED,634.0,634,0.2586930429694123,0.258693,0.3055545738993286,0.3055546,90.0,90,0.0,0.0,489,489.0,0.2909572690045782,0.2909573,5.4e-323,0,0.0,0.0,0.0,0.0,8.65974e-12
E7,is1,swrate,rate.switch.*=1.25,p[mach]*0.5,3,CONVERGED,CONVERGED,687.0,687,0.22147955199811026,0.2214796,0.9425748427583144,0.9425748,85.0,85,0.0,0.0,492,492.0,0.2724591313311458,0.2724591,5.4e-323,0,0.0,0.0,0.0,0.0,7.549517e-12
E7,is1,swrate,rate.switch.*=1.25,p[mach]*2,3,CONVERGED,CONVERGED,551.0,551,0.5103870184857309,0.510387,0.19175944637178793,0.1917594,0.0,0,0.0,0.0,484,484.0,0.1529363381705492,0.1529363,5.4e-323,0,0.0,0.0,0.0,0.0,7.549517e-12
E7,is1,swrate,rate.switch.*=1.25,p[services]*0.5,3,CONVERGED,CONVERGED,586.0,586,0.5014106316164633,0.5014106,0.4383431938895389,0.4383432,0.0,0,0.0,0.0,514,514.0,0.13397912964329517,0.1339791,5.4e-323,0,0.0,0.0,0.0,0.0,7.771561e-12
E7,is1,swrate,rate.switch.*=1.25,p[services]*2,3,CONVERGED,CONVERGED,517.0,517,0.5512749916420072,0.551275,0.942574842758311,0.9425748,0.0,0,0.0,0.0,0,0.0,0.0,0.0,0.0,0,0.0,0.0,0.0,0.0,7.771561e-12
E7,is1,swrate,rate.switch.*=1.25,res.services.trained=0.02@dated,3,CONVERGED,CONVERGED,414.0,414,0.8072022514923334,0.8072023,0.7399539160575472,0.7399539,0.0,0,0.0,0.0,21998,21998.0,0.559405176706366,0.5594052,0.3914281,0,0.0,0.0,0.0,0.0,5.329071e-12
E7,is1,swrate,rate.switch.*=1.25,res.services.trained=0.02@genesis,3,CONVERGED,CONVERGED,413.0,413,0.807626825885505,0.8076268,0.739953916057547,0.7399539,0.0,0,0.0,0.0,21998,21998.0,0.5595726102277858,0.5595726,0.3914281,0,0.0,0.0,0.0,0.0,4.884981e-12
E7,is1,swrate,rate.switch.*=1.25,res.services.trained=0.08@dated,3,CONVERGED,CONVERGED,575.0,575,0.49999999999999994,0.5,0.728408036636258,0.728408,0.0,0,0.0,0.0,0,0.0,0.0,0.0,0.0,0,0.0,0.0,0.0,0.0,1.820766e-11
E7,is1,swrate,rate.switch.*=1.25,res.services.trained=0.08@genesis,3,CONVERGED,CONVERGED,576.0,576,0.5000000000000001,0.5,0.7295501982033182,0.7295502,0.0,0,0.0,0.0,0,0.0,0.0,0.0,0.0,0,0.0,0.0,0.0,0.0,1.84297e-11
E7,is1,swrate,rate.switch.*=1.25,s[goods]=0.5,3,CONVERGED,CONVERGED,615.0,615,0.13592286094485645,0.1359229,0.942574842758311,0.9425748,71.0,71,0.0,0.0,539,539.0,0.6299978075126906,0.6299978,5.4e-323,103,103.0,0.730186648857816,0.7301866,5e-324,5.329071e-12
E7,is1,swrate,rate.switch.*=1.25,s[services]=0.5,3,CONVERGED,CONVERGED,595.0,595,0.19580141166480347,0.1958014,0.942574842758311,0.9425748,52.0,52,0.0,0.0,526,526.0,0.8012442767968776,0.8012443,5.4e-323,110,110.0,0.1362456043434106,0.1362456,5e-324,8.881784e-12
E7,is1,swrate,rate.switch.*=1.25,sw[master]=0.5,3,CONVERGED,CONVERGED,352.0,352,0.5674927892195899,0.5674928,0.9153729923746562,0.915373,0.0,0,0.0,0.0,0,0.0,0.0,0.0,0.0,60,60.0,0.37268969162910415,0.3726897,5e-324,9.103829e-12
E7,is1,swrate,rate.switch.*=1.25,sw[trained]=0.5,3,CONVERGED,CONVERGED,464.0,464,0.5091622100529352,0.5091622,0.8423207645310112,0.8423208,0.0,0,0.0,0.0,366,366.0,0.47750164553425295,0.4775016,5.4e-323,0,0.0,0.0,0.0,0.0,8.21565e-12
E7,is1,swrate,rate.switch.*=1.25,tail.services=0.05@dated,3,CONVERGED,CONVERGED,384.0,384,0.9249325503371826,0.9249326,0.3985784175107578,0.3985784,0.0,0,0.0,0.0,0,0.0,0.0,0.0,0.0,0,0.0,0.0,0.0,0.0,5.329071e-12
E7,is1,swrate,rate.switch.*=1.25,tail.services=0.05@genesis,3,CONVERGED,CONVERGED,384.0,384,0.9249325503371826,0.9249326,0.3985784175107578,0.3985784,0.0,0,0.0,0.0,0,0.0,0.0,0.0,0.0,0,0.0,0.0,0.0,0.0,4.884981e-12
E7,is1,swrate,rate.switch.*=1.25,tail.services=0.2@dated,3,CONVERGED,CONVERGED,721.0,721,0.4489187563928872,0.4489188,0.942574842758311,0.9425748,9.0,9,0.0,0.0,21998,21998.0,0.5229593916950572,0.5229594,0.2860879,21937,21937.0,0.29199980663917285,0.2919998,0.04967164,1.620926e-11
E7,is1,swrate,rate.switch.*=1.25,tail.services=0.2@genesis,3,CONVERGED,CONVERGED,726.0,726,0.4479866893815554,0.4479867,0.942574842758311,0.9425748,11.0,11,0.0,0.0,21998,21998.0,0.5252755176093887,0.5252755,0.2860879,21937,21937.0,0.28513473135765083,0.2851347,0.04967164,1.509903e-11
E7,is1,swrate,rate.switch.*=1.25,x*/2,3,CONVERGED,CONVERGED,683.0,683,0.003624899963699878,0.0036249,0.942574842758311,0.9425748,97.0,97,0.0,0.0,585,585.0,0.9210859537191737,0.921086,5.4e-323,150,150.0,0.8063126812053482,0.8063127,5e-324,8.21565e-12
E3,is1,10L,-,JA(0.5),3,CONVERGED,CONVERGED,706.0,706,0.15554942262522314,0.1555494,0.5708219860703838,0.570822,117.0,117,0.0,0.0,595,595.0,0.37167006927764706,0.3716701,6.4e-323,0,0.0,0.0,0.0,0.0,7.327472e-12
E3,is1,10L,-,JA(2),3,CONVERGED,CONVERGED,538.0,538,0.5337212315656679,0.5337212,0.6375234706950996,0.6375235,1.0,1,0.0,0.0,557,557.0,0.11659282017881517,0.1165928,6.4e-323,0,0.0,0.0,0.0,0.0,1.110223e-11
E3,is1,10L,-,JB(0.5),3,CONVERGED,CONVERGED,639.0,639,0.20841147477165986,0.2084115,-0.4437195183615795,-0.4437195,93.0,93,29.0,29.0,655,655.0,0.6715094406408777,0.6715094,6.4e-323,165,165.0,0.5608692697739941,0.5608693,1e-323,1.110223e-11
E3,is1,10L,-,JB(2),3,CONVERGED,CONVERGED,658.0,658,0.3487466781736145,0.3487467,0.9425748427583168,0.9425748,59.0,59,0.0,0.0,561,561.0,0.14275775351919467,0.1427578,6.4e-323,0,0.0,0.0,0.0,0.0,1.04361e-11
E3,is1,10L,-,N(0.5),3,CONVERGED,CONVERGED,595.0,595,0.4683172297046058,0.4683172,0.942574842758311,0.9425748,16.0,16,0.0,0.0,527,527.0,0.07141026535289707,0.07141027,6.4e-323,0,0.0,0.0,0.0,0.0,1.04361e-11
E3,is1,10L,-,N(2),3,CONVERGED,CONVERGED,521.0,521,0.44248820359856517,0.4424882,0.3905194971551989,0.3905195,4.0,4,0.0,0.0,566,566.0,0.05013473080993783,0.05013473,6.4e-323,0,0.0,0.0,0.0,0.0,1.221245e-11
E3,is1,10L,-,RC(0.5),3,CONVERGED,CONVERGED,606.0,606,0.45728281847106833,0.4572828,0.4305640057488678,0.430564,20.0,20,0.0,0.0,622,622.0,0.26844661936142505,0.2684466,6.4e-323,0,0.0,0.0,0.0,0.0,1.221245e-11
E3,is1,10L,-,RC(2),3,CONVERGED,CONVERGED,557.0,557,0.2850955004308327,0.2850955,0.9305850310772422,0.930585,41.0,41,0.0,0.0,493,493.0,0.09396033428684782,0.09396033,6.4e-323,96,96.0,0.6501557602648589,0.6501558,1e-323,8.437695e-12
E3,is1,10L,-,RW(0.5),3,CONVERGED,CONVERGED,568.0,568,0.3960091021030299,0.3960091,0.24942766219836576,0.2494277,10.0,10,0.0,0.0,534,534.0,0.13028570454654845,0.1302857,6.4e-323,0,0.0,0.0,0.0,0.0,9.547918e-12
E3,is1,10L,-,RW(2),3,CONVERGED,CONVERGED,599.0,599,0.025886860514015446,0.02588686,0.7402149850363712,0.740215,53.0,53,0.0,0.0,618,618.0,0.9729455503302876,0.9729456,6.4e-323,72,72.0,0.8429330858457068,0.8429331,1e-323,7.549517e-12
E3,is1,10L,-,land.mach=0.2@dated,3,CONVERGED,CONVERGED,559.0,559,0.569161724623198,0.5691617,0.942574842758311,0.9425748,0.0,0,0.0,0.0,456,456.0,0.16152229347962213,0.1615223,5.4e-323,0,0.0,0.0,0.0,0.0,9.103829e-12
E3,is1,10L,-,land.mach=0.2@genesis,3,CONVERGED,CONVERGED,559.0,559,0.5691617246231984,0.5691617,0.942574842758311,0.9425748,0.0,0,0.0,0.0,456,456.0,0.16098325388835977,0.1609833,5.4e-323,0,0.0,0.0,0.0,0.0,1.421085e-11
E3,is1,10L,-,land.mach=0.8@dated,3,CONVERGED,CONVERGED,566.0,566,0.1642437830006201,0.1642438,0.1280267591790004,0.1280268,94.0,94,0.0,0.0,747,747.0,0.3298083988596943,0.3298084,9.4e-323,0,0.0,0.0,0.0,0.0,4.440892e-12
E3,is1,10L,-,land.mach=0.8@genesis,3,CONVERGED,CONVERGED,566.0,566,0.16483858606201324,0.1648386,0.1280767838042905,0.1280768,94.0,94,0.0,0.0,748,748.0,0.32983641492833116,0.3298364,9.4e-323,0,0.0,0.0,0.0,0.0,6.217249e-12
E3,is1,10L,-,p[goods]*0.5,3,CONVERGED,CONVERGED,561.0,561,0.37705767163566556,0.3770577,0.7862018519041638,0.7862019,22.0,22,0.0,0.0,504,504.0,0.064888578448624,0.06488858,6.4e-323,99,99.0,0.4468503708871008,0.4468504,1e-323,6.439294e-12
E3,is1,10L,-,p[goods]*2,3,CONVERGED,CONVERGED,445.0,445,0.7655407385206573,0.7655407,0.8594377332803731,0.8594377,0.0,0,0.0,0.0,493,493.0,0.05881914503520276,0.05881915,6.4e-323,0,0.0,0.0,0.0,0.0,7.105427e-12
E3,is1,10L,-,p[labour.master]*0.5,3,CONVERGED,CONVERGED,434.0,434,0.5234443389595738,0.5234443,0.8878114411281957,0.8878114,0.0,0,0.0,0.0,0,0.0,0.0,0.0,0.0,81,81.0,0.2426016021183477,0.2426016,1e-323,1.265654e-11
E3,is1,10L,-,p[labour.master]*2,3,CONVERGED,CONVERGED,436.0,436,0.7874711133785751,0.7874711,0.8925164116284443,0.8925164,0.0,0,0.0,0.0,0,0.0,0.0,0.0,0.0,0,0.0,0.0,0.0,0.0,7.549517e-12
E3,is1,10L,-,p[labour.trained]*0.5,3,CONVERGED,CONVERGED,574.0,574,0.20323272884505778,0.2032327,0.6739176655250012,0.6739177,31.0,31,0.0,0.0,602,602.0,0.7577629948743125,0.757763,6.4e-323,0,0.0,0.0,0.0,0.0,8.881784e-12
E3,is1,10L,-,p[labour.trained]*2,3,CONVERGED,CONVERGED,458.0,458,0.8373234742758491,0.8373235,0.8826534013155257,0.8826534,0.0,0,0.0,0.0,0,0.0,0.0,0.0,0.0,0,0.0,0.0,0.0,0.0,1.265654e-11
E3,is1,10L,-,p[labour]*0.5,3,CONVERGED,CONVERGED,561.0,561,0.3133704428404773,0.3133704,0.24942766219836576,0.2494277,14.0,14,0.0,0.0,534,534.0,0.1260359829272884,0.126036,6.4e-323,0,0.0,0.0,0.0,0.0,9.325873e-12
E3,is1,10L,-,p[labour]*2,3,CONVERGED,CONVERGED,551.0,551,0.30660011051472846,0.3066001,0.8560269909083775,0.856027,8.0,8,0.0,0.0,559,559.0,0.7402402387551272,0.7402402,6.4e-323,96,96.0,0.21060361537683853,0.2106036,1e-323,6.661338e-12
E3,is1,10L,-,p[land]*0.5,3,CONVERGED,CONVERGED,527.0,527,0.6434002104436155,0.6434002,0.8964746200985909,0.8964746,0.0,0,0.0,0.0,534,534.0,0.16214875249036267,0.1621488,6.4e-323,0,0.0,0.0,0.0,0.0,4.440892e-12
E3,is1,10L,-,p[land]*2,3,CONVERGED,CONVERGED,634.0,634,0.2586930429694123,0.258693,0.3055545738993286,0.3055546,90.0,90,0.0,0.0,578,578.0,0.2869364356663018,0.2869364,6.4e-323,0,0.0,0.0,0.0,0.0,9.325873e-12
E3,is1,10L,-,p[mach]*0.5,3,CONVERGED,CONVERGED,687.0,687,0.22147955199811026,0.2214796,0.9425748427583144,0.9425748,85.0,85,0.0,0.0,582,582.0,0.2671682297170712,0.2671682,6.4e-323,0,0.0,0.0,0.0,0.0,8.65974e-12
E3,is1,10L,-,p[mach]*2,3,CONVERGED,CONVERGED,551.0,551,0.5103869140168301,0.5103869,0.19181613120912078,0.1918161,0.0,0,0.0,0.0,574,574.0,0.14744058109497568,0.1474406,6.4e-323,0,0.0,0.0,0.0,0.0,9.103829e-12
E3,is1,10L,-,p[services]*0.5,3,CONVERGED,CONVERGED,586.0,586,0.5014632497362381,0.5014632,0.4396114623468713,0.4396115,0.0,0,0.0,0.0,603,603.0,0.13312096566432238,0.133121,6.4e-323,0,0.0,0.0,0.0,0.0,6.217249e-12
E3,is1,10L,-,p[services]*2,3,CONVERGED,CONVERGED,517.0,517,0.5512749916420072,0.551275,0.942574842758311,0.9425748,0.0,0,0.0,0.0,0,0.0,0.0,0.0,0.0,0,0.0,0.0,0.0,0.0,7.771561e-12
E3,is1,10L,-,res.services.trained=0.02@dated,3,CONVERGED,CONVERGED,415.0,415,0.815369534834632,0.8153695,0.7399539160575456,0.7399539,0.0,0,0.0,0.0,219998,219998.0,0.5540804789838868,0.5540805,0.3914281,0,0.0,0.0,0.0,0.0,5.551115e-12
E3,is1,10L,-,res.services.trained=0.02@genesis,3,CONVERGED,CONVERGED,415.0,415,0.8157183581443658,0.8157184,0.7399539160575466,0.7399539,0.0,0,0.0,0.0,219998,219998.0,0.5542373705203149,0.5542374,0.3914281,0,0.0,0.0,0.0,0.0,5.995204e-12
E3,is1,10L,-,res.services.trained=0.08@dated,3,CONVERGED,CONVERGED,575.0,575,0.49999999999999994,0.5,0.728408036636258,0.728408,0.0,0,0.0,0.0,0,0.0,0.0,0.0,0.0,0,0.0,0.0,0.0,0.0,1.820766e-11
E3,is1,10L,-,res.services.trained=0.08@genesis,3,CONVERGED,CONVERGED,576.0,576,0.5000000000000001,0.5,0.7295501982033182,0.7295502,0.0,0,0.0,0.0,0,0.0,0.0,0.0,0.0,0,0.0,0.0,0.0,0.0,1.84297e-11
E3,is1,10L,-,s[goods]=0.5,3,CONVERGED,CONVERGED,617.0,617,0.13592286094485645,0.1359229,0.942574842758311,0.9425748,72.0,72,0.0,0.0,630,630.0,0.6116399727531373,0.61164,6.4e-323,118,118.0,0.7213286140429493,0.7213286,1e-323,7.105427e-12
E3,is1,10L,-,s[services]=0.5,3,CONVERGED,CONVERGED,598.0,598,0.2039636303528278,0.2039636,0.9416291099075047,0.9416291,53.0,53,0.0,0.0,617,617.0,0.7900440028866703,0.790044,6.4e-323,128,128.0,0.14234272989112182,0.1423427,1e-323,6.217249e-12
E3,is1,10L,-,sw[master]=0.5,3,CONVERGED,CONVERGED,362.0,362,0.5434245121669512,0.5434245,0.9100329892968206,0.910033,0.0,0,0.0,0.0,0,0.0,0.0,0.0,0.0,75,75.0,0.3952500243371661,0.39525,1e-323,7.327472e-12
E3,is1,10L,-,sw[trained]=0.5,3,CONVERGED,CONVERGED,470.0,470,0.5047344661132523,0.5047345,0.8310946171594741,0.8310946,0.0,0,0.0,0.0,461,461.0,0.4819188334470013,0.4819188,6.4e-323,0,0.0,0.0,0.0,0.0,8.881784e-12
E3,is1,10L,-,tail.services=0.05@dated,3,CONVERGED,CONVERGED,384.0,384,0.9249325503371826,0.9249326,0.3985784175107578,0.3985784,0.0,0,0.0,0.0,0,0.0,0.0,0.0,0.0,0,0.0,0.0,0.0,0.0,5.329071e-12
E3,is1,10L,-,tail.services=0.05@genesis,3,CONVERGED,CONVERGED,384.0,384,0.9249325503371826,0.9249326,0.3985784175107578,0.3985784,0.0,0,0.0,0.0,0,0.0,0.0,0.0,0.0,0,0.0,0.0,0.0,0.0,4.884981e-12
E3,is1,10L,-,tail.services=0.2@dated,3,CONVERGED,CONVERGED,729.0,729,0.4492669921600601,0.449267,0.942574842758311,0.9425748,15.0,15,0.0,0.0,219998,219998.0,0.5178377234274545,0.5178377,0.2860879,219937,219937.0,0.30940434684898477,0.3094043,0.04967164,1.24345e-11
E3,is1,10L,-,tail.services=0.2@genesis,3,CONVERGED,CONVERGED,734.0,734,0.448516493531354,0.4485165,0.942574842758311,0.9425748,16.0,16,0.0,0.0,219998,219998.0,0.5200354642003768,0.5200355,0.2860879,219937,219937.0,0.3033260952210865,0.3033261,0.04967164,1.265654e-11
E3,is1,10L,-,x*/2,3,CONVERGED,CONVERGED,684.0,684,0.0018828891147388105,0.001882889,0.942574842758311,0.9425748,98.0,98,0.0,0.0,676,676.0,0.9132880953121494,0.9132881,6.4e-323,171,171.0,0.7957319032890702,0.7957319,1e-323,9.547918e-12
E3,is1,10L,-,coin.desk.goods*0.5,3S,CONVERGED,CONVERGED,457.0,457,0.5000000000000001,0.5,0.8173293935434502,0.8173294,0.0,0,0.0,0.0,0,0.0,0.0,0.0,0.0,0,0.0,0.0,0.0,0.0,8.65974e-12
E3,is1,10L,-,coin.desk.goods*2,3S,CONVERGED,CONVERGED,519.0,519,0.6363636363636367,0.6363636,0.8026564637126719,0.8026565,0.0,0,0.0,0.0,0,0.0,0.0,0.0,0.0,0,0.0,0.0,0.0,0.0,7.771561e-12
E3,is1,10L,-,coin.desk.mach*0.5,3S,CONVERGED,CONVERGED,534.0,534,0.5425726394962499,0.5425726,0.6429617517002099,0.6429618,0.0,0,0.0,0.0,517,517.0,0.052041823020781225,0.05204182,6.4e-323,0,0.0,0.0,0.0,0.0,7.771561e-12
E3,is1,10L,-,coin.desk.mach*2,3S,CONVERGED,CONVERGED,558.0,558,0.5714285714285716,0.5714286,0.942574842758311,0.9425748,0.0,0,0.0,0.0,474,474.0,0.09970710011608197,0.0997071,6.4e-323,0,0.0,0.0,0.0,0.0,9.769963e-12
E3,is1,10L,-,coin.desk.services*0.5,3S,CONVERGED,CONVERGED,500.0,500,0.5000000000000001,0.5,0.7507119016103734,0.7507119,0.0,0,0.0,0.0,516,516.0,0.023335803556088306,0.0233358,6.4e-323,0,0.0,0.0,0.0,0.0,7.105427e-12
E3,is1,10L,-,coin.desk.services*2,3S,CONVERGED,CONVERGED,512.0,512,0.3465520771843505,0.3465521,0.8912181995300642,0.8912182,8.0,8,0.0,0.0,493,493.0,0.03493438573942292,0.03493439,6.4e-323,0,0.0,0.0,0.0,0.0,1.04361e-11
E3,is1,10L,-,coin.provider*0.5,3S,CONVERGED,CONVERGED,326.0,326,0.77845822023907,0.7784582,0.8817929265435777,0.8817929,0.0,0,0.0,0.0,0,0.0,0.0,0.0,0.0,0,0.0,0.0,0.0,0.0,6.217249e-12
E3,is1,10L,-,coin.provider*2,3S,CONVERGED,CONVERGED,549.0,549,0.658464799383518,0.6584648,0.8527652039445573,0.8527652,0.0,0,0.0,0.0,506,506.0,0.02397706842783047,0.02397707,6.4e-323,0,0.0,0.0,0.0,0.0,1.021405e-11
E3,is1,10L,-,coin.workers*0.5,3S,CONVERGED,CONVERGED,320.0,320,0.8012926938238859,0.8012927,0.8882999827531389,0.8883,0.0,0,0.0,0.0,0,0.0,0.0,0.0,0.0,0,0.0,0.0,0.0,0.0,8.881784e-12
E3,is1,10L,-,coin.workers*2,3S,CONVERGED,CONVERGED,544.0,544,0.6853507322536413,0.6853507,0.8628897872921436,0.8628898,0.0,0,0.0,0.0,491,491.0,0.011543061008301441,0.01154306,6.4e-323,0,0.0,0.0,0.0,0.0,9.992007e-12
E3,is1,10L,-,coin.workers.master*0.5,3S,CONVERGED,CONVERGED,218.0,218,0.9447446523909937,0.9447447,0.927831847520215,0.9278318,0.0,0,0.0,0.0,0,0.0,0.0,0.0,0.0,0,0.0,0.0,0.0,0.0,6.217249e-12
E3,is1,10L,-,coin.workers.master*2,3S,CONVERGED,CONVERGED,438.0,438,0.8956385265689958,0.8956385,0.9172797738194147,0.9172798,0.0,0,0.0,0.0,0,0.0,0.0,0.0,0.0,0,0.0,0.0,0.0,0.0,8.437695e-12
E3,is1,10L,-,coin.workers.trained*0.5,3S,CONVERGED,CONVERGED,274.0,274,0.9179926371446151,0.9179926,0.9206104413737672,0.9206104,0.0,0,0.0,0.0,0,0.0,0.0,0.0,0.0,0,0.0,0.0,0.0,0.0,9.992007e-12
E3,is1,10L,-,coin.workers.trained*2,3S,CONVERGED,CONVERGED,461.0,461,0.850270577004767,0.8502706,0.9073371089784763,0.9073371,0.0,0,0.0,0.0,0,0.0,0.0,0.0,0.0,0,0.0,0.0,0.0,0.0,8.65974e-12
E3,is1,10L,-,stock.goods*0.5,3S,CONVERGED,CONVERGED,290.0,290,0.5,0.5,0.9341998334156832,0.9341998,0.0,0,0.0,0.0,0,0.0,0.0,0.0,0.0,0,0.0,0.0,0.0,0.0,7.771561e-12
E3,is1,10L,-,stock.goods*2,3S,CONVERGED,CONVERGED,342.0,342,0.9484331373688186,0.9484331,0.9290092231466598,0.9290092,0.0,0,0.0,0.0,0,0.0,0.0,0.0,0.0,0,0.0,0.0,0.0,0.0,7.327472e-12
E3,is1,10L,-,stock.mach*0.5,3S,CONVERGED,CONVERGED,366.0,366,0.28571428571428586,0.2857143,0.9034405950366118,0.9034406,2.0,2,0.0,0.0,0,0.0,0.0,0.0,0.0,0,0.0,0.0,0.0,0.0,8.437695e-12
E3,is1,10L,-,stock.mach*2,3S,CONVERGED,CONVERGED,370.0,370,0.9541189702356672,0.954119,0.9309560509857033,0.9309561,0.0,0,0.0,0.0,0,0.0,0.0,0.0,0.0,0,0.0,0.0,0.0,0.0,9.547918e-12
E3,is1,10L,-,stock.services*0.5,3S,CONVERGED,CONVERGED,336.0,336,0.5,0.5,0.9332611178149527,0.9332611,0.0,0,0.0,0.0,0,0.0,0.0,0.0,0.0,0,0.0,0.0,0.0,0.0,9.103829e-12
E3,is1,10L,-,stock.services*2,3S,CONVERGED,CONVERGED,359.0,359,0.95089161438983,0.9508916,0.910498486670964,0.9104985,0.0,0,0.0,0.0,0,0.0,0.0,0.0,0.0,0,0.0,0.0,0.0,0.0,8.21565e-12
E3,is1,tier3s,-,coin.desk.goods*0.5,3S,CONVERGED,CONVERGED,457.0,457,0.5000000000000001,0.5,0.8173293935434502,0.8173294,0.0,0,0.0,0.0,0,0.0,0.0,0.0,0.0,0,0.0,0.0,0.0,0.0,8.65974e-12
E3,is1,tier3s,-,coin.desk.goods*2,3S,CONVERGED,CONVERGED,519.0,519,0.6363636363636367,0.6363636,0.8026564637126719,0.8026565,0.0,0,0.0,0.0,0,0.0,0.0,0.0,0.0,0,0.0,0.0,0.0,0.0,7.771561e-12
E3,is1,tier3s,-,coin.desk.mach*0.5,3S,CONVERGED,CONVERGED,534.0,534,0.5425726394962499,0.5425726,0.6429617517002099,0.6429618,0.0,0,0.0,0.0,517,517.0,0.052041823020781225,0.05204182,6.4e-323,0,0.0,0.0,0.0,0.0,7.771561e-12
E3,is1,tier3s,-,coin.desk.mach*2,3S,CONVERGED,CONVERGED,558.0,558,0.5714285714285716,0.5714286,0.942574842758311,0.9425748,0.0,0,0.0,0.0,474,474.0,0.09970710011608197,0.0997071,6.4e-323,0,0.0,0.0,0.0,0.0,9.769963e-12
E3,is1,tier3s,-,coin.desk.services*0.5,3S,CONVERGED,CONVERGED,500.0,500,0.5000000000000001,0.5,0.7507119016103734,0.7507119,0.0,0,0.0,0.0,516,516.0,0.023335803556088306,0.0233358,6.4e-323,0,0.0,0.0,0.0,0.0,7.105427e-12
E3,is1,tier3s,-,coin.desk.services*2,3S,CONVERGED,CONVERGED,512.0,512,0.3465520771843505,0.3465521,0.8912181995300642,0.8912182,8.0,8,0.0,0.0,493,493.0,0.03493438573942292,0.03493439,6.4e-323,0,0.0,0.0,0.0,0.0,1.04361e-11
E3,is1,tier3s,-,coin.provider*0.5,3S,CONVERGED,CONVERGED,326.0,326,0.77845822023907,0.7784582,0.8817929265435777,0.8817929,0.0,0,0.0,0.0,0,0.0,0.0,0.0,0.0,0,0.0,0.0,0.0,0.0,6.217249e-12
E3,is1,tier3s,-,coin.provider*2,3S,CONVERGED,CONVERGED,549.0,549,0.658464799383518,0.6584648,0.8527652039445573,0.8527652,0.0,0,0.0,0.0,506,506.0,0.02397706842783047,0.02397707,6.4e-323,0,0.0,0.0,0.0,0.0,1.021405e-11
E3,is1,tier3s,-,coin.workers*0.5,3S,CONVERGED,CONVERGED,320.0,320,0.8012926938238859,0.8012927,0.8882999827531389,0.8883,0.0,0,0.0,0.0,0,0.0,0.0,0.0,0.0,0,0.0,0.0,0.0,0.0,8.881784e-12
E3,is1,tier3s,-,coin.workers*2,3S,CONVERGED,CONVERGED,544.0,544,0.6853507322536413,0.6853507,0.8628897872921436,0.8628898,0.0,0,0.0,0.0,491,491.0,0.011543061008301441,0.01154306,6.4e-323,0,0.0,0.0,0.0,0.0,9.992007e-12
E3,is1,tier3s,-,coin.workers.master*0.5,3S,CONVERGED,CONVERGED,218.0,218,0.9447446523909937,0.9447447,0.927831847520215,0.9278318,0.0,0,0.0,0.0,0,0.0,0.0,0.0,0.0,0,0.0,0.0,0.0,0.0,6.217249e-12
E3,is1,tier3s,-,coin.workers.master*2,3S,CONVERGED,CONVERGED,438.0,438,0.8956385265689958,0.8956385,0.9172797738194147,0.9172798,0.0,0,0.0,0.0,0,0.0,0.0,0.0,0.0,0,0.0,0.0,0.0,0.0,8.437695e-12
E3,is1,tier3s,-,coin.workers.trained*0.5,3S,CONVERGED,CONVERGED,274.0,274,0.9179926371446151,0.9179926,0.9206104413737672,0.9206104,0.0,0,0.0,0.0,0,0.0,0.0,0.0,0.0,0,0.0,0.0,0.0,0.0,9.992007e-12
E3,is1,tier3s,-,coin.workers.trained*2,3S,CONVERGED,CONVERGED,461.0,461,0.850270577004767,0.8502706,0.9073371089784763,0.9073371,0.0,0,0.0,0.0,0,0.0,0.0,0.0,0.0,0,0.0,0.0,0.0,0.0,8.65974e-12
E3,is1,tier3s,-,stock.goods*0.5,3S,CONVERGED,CONVERGED,290.0,290,0.5,0.5,0.9341998334156832,0.9341998,0.0,0,0.0,0.0,0,0.0,0.0,0.0,0.0,0,0.0,0.0,0.0,0.0,7.771561e-12
E3,is1,tier3s,-,stock.goods*2,3S,CONVERGED,CONVERGED,342.0,342,0.9484331373688186,0.9484331,0.9290092231466598,0.9290092,0.0,0,0.0,0.0,0,0.0,0.0,0.0,0.0,0,0.0,0.0,0.0,0.0,7.327472e-12
E3,is1,tier3s,-,stock.mach*0.5,3S,CONVERGED,CONVERGED,366.0,366,0.28571428571428586,0.2857143,0.9034405950366118,0.9034406,2.0,2,0.0,0.0,0,0.0,0.0,0.0,0.0,0,0.0,0.0,0.0,0.0,8.437695e-12
E3,is1,tier3s,-,stock.mach*2,3S,CONVERGED,CONVERGED,370.0,370,0.9541189702356672,0.954119,0.9309560509857033,0.9309561,0.0,0,0.0,0.0,0,0.0,0.0,0.0,0.0,0,0.0,0.0,0.0,0.0,9.547918e-12
E3,is1,tier3s,-,stock.services*0.5,3S,CONVERGED,CONVERGED,336.0,336,0.5,0.5,0.9332611178149527,0.9332611,0.0,0,0.0,0.0,0,0.0,0.0,0.0,0.0,0,0.0,0.0,0.0,0.0,9.103829e-12
E3,is1,tier3s,-,stock.services*2,3S,CONVERGED,CONVERGED,359.0,359,0.95089161438983,0.9508916,0.910498486670964,0.9104985,0.0,0,0.0,0.0,0,0.0,0.0,0.0,0.0,0,0.0,0.0,0.0,0.0,8.21565e-12
E7,is1,tpy12,-,JA(0.95),1,CONVERGED,CONVERGED,147.0,147,0.900657563245682,0.9006576,0.8870145666148622,0.8870146,0.0,0,0.0,0.0,0,0.0,0.0,0.0,0.0,0,0.0,0.0,0.0,0.0,1.110223e-12
E7,is1,tpy12,-,JA(1.05),1,CONVERGED,CONVERGED,96.0,96,0.9712451162664889,0.9712451,0.9173529609583636,0.917353,0.0,0,0.0,0.0,0,0.0,0.0,0.0,0.0,0,0.0,0.0,0.0,0.0,1.332268e-12
E7,is1,tpy12,-,JB(0.95),1,CONVERGED,CONVERGED,118.0,118,0.932317028665583,0.932317,0.8399882539832102,0.8399883,0.0,0,0.0,0.0,0,0.0,0.0,0.0,0.0,0,0.0,0.0,0.0,0.0,8.881784e-13
E7,is1,tpy12,-,JB(1.05),1,CONVERGED,CONVERGED,138.0,138,0.9459067535862934,0.9459068,0.9294378195778175,0.9294378,0.0,0,0.0,0.0,0,0.0,0.0,0.0,0.0,0,0.0,0.0,0.0,0.0,8.881784e-13
E7,is1,tpy12,-,N(0.95),1,CONVERGED,CONVERGED,114.0,114,0.9651581748135806,0.9651582,0.9418790708831697,0.9418791,0.0,0,0.0,0.0,0,0.0,0.0,0.0,0.0,0,0.0,0.0,0.0,0.0,1.332268e-12
E7,is1,tpy12,-,N(1.05),1,CONVERGED,CONVERGED,78.0,78,0.9360000962407385,0.9360001,0.9018924158219114,0.9018924,0.0,0,0.0,0.0,0,0.0,0.0,0.0,0.0,0,0.0,0.0,0.0,0.0,1.332268e-12
E7,is1,tpy12,-,RC(0.95),1,CONVERGED,CONVERGED,119.0,119,0.9476055890032922,0.9476056,0.9051674071231627,0.9051674,0.0,0,0.0,0.0,0,0.0,0.0,0.0,0.0,0,0.0,0.0,0.0,0.0,4.440892e-13
E7,is1,tpy12,-,RC(1.05),1,CONVERGED,CONVERGED,106.0,106,0.9363326990873656,0.9363327,0.9251484642099778,0.9251485,0.0,0,0.0,0.0,0,0.0,0.0,0.0,0.0,0,0.0,0.0,0.0,0.0,6.661338e-13
E7,is1,tpy12,-,RW(0.95),1,CONVERGED,CONVERGED,106.0,106,0.957581719969059,0.9575817,0.8912815483707607,0.8912815,0.0,0,0.0,0.0,0,0.0,0.0,0.0,0.0,0,0.0,0.0,0.0,0.0,1.554312e-12
E7,is1,tpy12,-,RW(1.05),1,CONVERGED,CONVERGED,110.0,110,0.9162053295186534,0.9162053,0.9238258916866537,0.9238259,0.0,0,0.0,0.0,108,108.0,0.05049739439282315,0.05049739,1.5e-323,0,0.0,0.0,0.0,0.0,4.440892e-13
E7,is1,tpy12,-,p[goods]*0.95,1,CONVERGED,CONVERGED,112.0,112,0.9530651560932223,0.9530652,0.9140132301013218,0.9140132,0.0,0,0.0,0.0,0,0.0,0.0,0.0,0.0,0,0.0,0.0,0.0,0.0,8.881784e-13
E7,is1,tpy12,-,p[goods]*1.05,1,CONVERGED,CONVERGED,75.0,75,0.978401906167782,0.9784019,0.9297243834426971,0.9297244,0.0,0,0.0,0.0,0,0.0,0.0,0.0,0.0,0,0.0,0.0,0.0,0.0,1.110223e-12
E7,is1,tpy12,-,p[labour.master]*0.95,1,CONVERGED,CONVERGED,55.0,55,0.9668514462697524,0.9668514,0.9400245048526179,0.9400245,0.0,0,0.0,0.0,0,0.0,0.0,0.0,0.0,0,0.0,0.0,0.0,0.0,1.332268e-12
E7,is1,tpy12,-,p[labour.master]*1.05,1,CONVERGED,CONVERGED,73.0,73,0.9866852814816695,0.9866853,0.9358343321827194,0.9358343,0.0,0,0.0,0.0,0,0.0,0.0,0.0,0.0,0,0.0,0.0,0.0,0.0,1.554312e-12
E7,is1,tpy12,-,p[labour.trained]*0.95,1,CONVERGED,CONVERGED,73.0,73,0.9622244900001516,0.9622245,0.940229162832543,0.9402292,0.0,0,0.0,0.0,0,0.0,0.0,0.0,0.0,0,0.0,0.0,0.0,0.0,1.110223e-12
E7,is1,tpy12,-,p[labour.trained]*1.05,1,CONVERGED,CONVERGED,70.0,70,0.9905890431803613,0.990589,0.9398379018292429,0.9398379,0.0,0,0.0,0.0,0,0.0,0.0,0.0,0.0,0,0.0,0.0,0.0,0.0,1.110223e-12
E7,is1,tpy12,-,p[labour]*0.95,1,CONVERGED,CONVERGED,100.0,100,0.9468694950060612,0.9468695,0.8912815483707607,0.8912815,0.0,0,0.0,0.0,0,0.0,0.0,0.0,0.0,0,0.0,0.0,0.0,0.0,8.881784e-13
E7,is1,tpy12,-,p[labour]*1.05,1,CONVERGED,CONVERGED,71.0,71,0.9855037693900067,0.9855038,0.9406553739421073,0.9406554,0.0,0,0.0,0.0,0,0.0,0.0,0.0,0.0,0,0.0,0.0,0.0,0.0,1.554312e-12
E7,is1,tpy12,-,p[land]*0.95,1,CONVERGED,CONVERGED,119.0,119,0.9796095811175233,0.9796096,0.9343015564278748,0.9343016,0.0,0,0.0,0.0,0,0.0,0.0,0.0,0.0,0,0.0,0.0,0.0,0.0,1.332268e-12
E7,is1,tpy12,-,p[land]*1.05,1,CONVERGED,CONVERGED,144.0,144,0.9093870619973674,0.9093871,0.8768229008952751,0.8768229,0.0,0,0.0,0.0,0,0.0,0.0,0.0,0.0,0,0.0,0.0,0.0,0.0,1.110223e-12
E7,is1,tpy12,-,p[mach]*0.95,1,CONVERGED,CONVERGED,142.0,142,0.9296673357970788,0.9296673,0.9135240432156878,0.913524,0.0,0,0.0,0.0,0,0.0,0.0,0.0,0.0,0,0.0,0.0,0.0,0.0,1.110223e-12
E7,is1,tpy12,-,p[mach]*1.05,1,CONVERGED,CONVERGED,96.0,96,0.9647801158227699,0.9647801,0.8892087886038884,0.8892088,0.0,0,0.0,0.0,0,0.0,0.0,0.0,0.0,0,0.0,0.0,0.0,0.0,1.110223e-12
E7,is1,tpy12,-,p[services]*0.95,1,CONVERGED,CONVERGED,117.0,117,0.9562935877596718,0.9562936,0.9098234628106096,0.9098235,0.0,0,0.0,0.0,0,0.0,0.0,0.0,0.0,0,0.0,0.0,0.0,0.0,1.110223e-12
E7,is1,tpy12,-,p[services]*1.05,1,CONVERGED,CONVERGED,96.0,96,0.9681094313497208,0.9681094,0.9420004682991917,0.9420005,0.0,0,0.0,0.0,0,0.0,0.0,0.0,0.0,0,0.0,0.0,0.0,0.0,1.554312e-12
E7,is1,tpy12,-,s[goods]=0.05,1,CONVERGED,CONVERGED,149.0,149,0.7297481287315095,0.7297481,0.9138998576274959,0.9138999,0.0,0,0.0,0.0,120,120.0,0.13020263269336788,0.1302026,1.5e-323,0,0.0,0.0,0.0,0.0,1.554312e-12
E7,is1,tpy12,-,s[services]=0.05,1,CONVERGED,CONVERGED,146.0,146,0.8100190927661483,0.8100191,0.9399789238548756,0.9399789,0.0,0,0.0,0.0,117,117.0,0.1048785800099181,0.1048786,1.5e-323,0,0.0,0.0,0.0,0.0,1.554312e-12
E7,is1,tpy12,-,sw[master]=0.05,1,CONVERGED,CONVERGED,61.0,61,0.9775966157307777,0.9775966,0.9383510386098696,0.938351,0.0,0,0.0,0.0,0,0.0,0.0,0.0,0.0,17,17.0,0.018052814046394177,0.01805281,0.0,1.110223e-12
E7,is1,tpy12,-,sw[trained]=0.05,1,CONVERGED,CONVERGED,102.0,102,0.9552103428965728,0.9552103,0.9261830190770922,0.926183,0.0,0,0.0,0.0,106,106.0,0.04262393565148543,0.04262394,1.5e-323,0,0.0,0.0,0.0,0.0,1.332268e-12
E7,is1,tpy12,-,JA(0.8),2,CONVERGED,CONVERGED,187.0,187,0.6291052188250476,0.6291052,0.7500758556538983,0.7500759,0.0,0,0.0,0.0,121,121.0,0.11839895821480022,0.118399,1.5e-323,0,0.0,0.0,0.0,0.0,1.554312e-12
E7,is1,tpy12,-,JA(1.2),2,CONVERGED,CONVERGED,133.0,133,0.8949535121731051,0.8949535,0.8465160615415782,0.8465161,0.0,0,0.0,0.0,0,0.0,0.0,0.0,0.0,0,0.0,0.0,0.0,0.0,1.554312e-12
E7,is1,tpy12,-,JB(0.8),2,CONVERGED,CONVERGED,161.0,161,0.7203643013309012,0.7203643,0.4962877401298921,0.4962877,0.0,0,0.0,0.0,133,133.0,0.045629119981060035,0.04562912,1.5e-323,0,0.0,0.0,0.0,0.0,1.110223e-12
E7,is1,tpy12,-,JB(1.2),2,CONVERGED,CONVERGED,159.0,159,0.8116834213530552,0.8116834,0.9050914016264198,0.9050914,0.0,0,0.0,0.0,0,0.0,0.0,0.0,0.0,0,0.0,0.0,0.0,0.0,1.776357e-12
E7,is1,tpy12,-,N(0.8),2,CONVERGED,CONVERGED,155.0,155,0.8443008754748218,0.8443009,0.9418951246794283,0.9418951,0.0,0,0.0,0.0,0,0.0,0.0,0.0,0.0,0,0.0,0.0,0.0,0.0,1.554312e-12
E7,is1,tpy12,-,N(1.2),2,CONVERGED,CONVERGED,118.0,118,0.7760003368425843,0.7760003,0.7880597852381985,0.7880598,0.0,0,0.0,0.0,0,0.0,0.0,0.0,0.0,0,0.0,0.0,0.0,0.0,8.881784e-13
E7,is1,tpy12,-,RC(0.8),2,CONVERGED,CONVERGED,162.0,162,0.7576034365038036,0.7576034,0.768462181300351,0.7684622,0.0,0,0.0,0.0,118,118.0,0.03877706175105197,0.03877706,1.5e-323,0,0.0,0.0,0.0,0.0,1.110223e-12
E7,is1,tpy12,-,RC(1.2),2,CONVERGED,CONVERGED,144.0,144,0.7810921707757797,0.7810922,0.883886947390449,0.8838869,0.0,0,0.0,0.0,0,0.0,0.0,0.0,0.0,0,0.0,0.0,0.0,0.0,1.110223e-12
E7,is1,tpy12,-,RW(0.8),2,CONVERGED,CONVERGED,146.0,146,0.8294115604196869,0.8294116,0.7194312914441018,0.7194313,0.0,0,0.0,0.0,0,0.0,0.0,0.0,0.0,0,0.0,0.0,0.0,0.0,1.332268e-12
E7,is1,tpy12,-,RW(1.2),2,CONVERGED,CONVERGED,157.0,157,0.5183033595887558,0.5183034,0.8102065968991626,0.8102066,0.0,0,0.0,0.0,133,133.0,0.46764942933625064,0.4676494,1.5e-323,0,0.0,0.0,0.0,0.0,1.998401e-12
E7,is1,tpy12,-,land.mach=0.36@dated,2,CONVERGED,CONVERGED,105.0,105,0.9350931668413435,0.9350932,0.9425748427583116,0.9425748,0.0,0,0.0,0.0,0,0.0,0.0,0.0,0.0,0,0.0,0.0,0.0,0.0,1.776357e-12
E7,is1,tpy12,-,land.mach=0.36@genesis,2,CONVERGED,CONVERGED,105.0,105,0.9350931668413442,0.9350932,0.9425748427583114,0.9425748,0.0,0,0.0,0.0,0,0.0,0.0,0.0,0.0,0,0.0,0.0,0.0,0.0,1.110223e-12
E7,is1,tpy12,-,land.mach=0.44@dated,2,CONVERGED,CONVERGED,153.0,153,0.8384312794672278,0.8384313,0.7560911833861426,0.7560912,0.0,0,0.0,0.0,0,0.0,0.0,0.0,0.0,0,0.0,0.0,0.0,0.0,6.661338e-13
E7,is1,tpy12,-,land.mach=0.44@genesis,2,CONVERGED,CONVERGED,153.0,153,0.8401851722302413,0.8401852,0.7567893661984251,0.7567894,0.0,0,0.0,0.0,0,0.0,0.0,0.0,0.0,0,0.0,0.0,0.0,0.0,1.776357e-12
E7,is1,tpy12,-,p[goods]*0.8,2,CONVERGED,CONVERGED,150.0,150,0.80678799608376,0.806788,0.8268750240035132,0.826875,0.0,0,0.0,0.0,0,0.0,0.0,0.0,0.0,0,0.0,0.0,0.0,0.0,1.332268e-12
E7,is1,tpy12,-,p[goods]*1.2,2,CONVERGED,CONVERGED,113.0,113,0.9200008475181982,0.9200008,0.8944862411887566,0.8944862,0.0,0,0.0,0.0,0,0.0,0.0,0.0,0.0,0,0.0,0.0,0.0,0.0,4.440892e-13
E7,is1,tpy12,-,p[labour.master]*0.8,2,CONVERGED,CONVERGED,97.0,97,0.8608475682810134,0.8608476,0.9302794372414153,0.9302794,0.0,0,0.0,0.0,0,0.0,0.0,0.0,0.0,0,0.0,0.0,0.0,0.0,6.661338e-13
E7,is1,tpy12,-,p[labour.master]*1.2,2,CONVERGED,CONVERGED,111.0,111,0.9487867941861741,0.9487868,0.9165641716191588,0.9165642,0.0,0,0.0,0.0,0,0.0,0.0,0.0,0.0,0,0.0,0.0,0.0,0.0,1.554312e-12
E7,is1,tpy12,-,p[labour.trained]*0.8,2,CONVERGED,CONVERGED,153.0,153,0.6310515429191879,0.6310515,0.8418751155931053,0.8418751,0.0,0,0.0,0.0,112,112.0,0.27665620227883825,0.2766562,1.5e-323,0,0.0,0.0,0.0,0.0,1.554312e-12
E7,is1,tpy12,-,p[labour.trained]*1.2,2,CONVERGED,CONVERGED,108.0,108,0.9633897842015559,0.9633898,0.9315946204308094,0.9315946,0.0,0,0.0,0.0,0,0.0,0.0,0.0,0.0,0,0.0,0.0,0.0,0.0,1.776357e-12
E7,is1,tpy12,-,p[labour]*0.8,2,CONVERGED,CONVERGED,141.0,141,0.7889367424191106,0.7889367,0.7194312914441018,0.7194313,0.0,0,0.0,0.0,0,0.0,0.0,0.0,0.0,0,0.0,0.0,0.0,0.0,1.776357e-12
E7,is1,tpy12,-,p[labour]*1.2,2,CONVERGED,CONVERGED,145.0,145,0.804367168857478,0.8043672,0.8894894930865621,0.8894895,0.0,0,0.0,0.0,110,110.0,0.2097634907518912,0.2097635,1.5e-323,0,0.0,0.0,0.0,0.0,1.332268e-12
E7,is1,tpy12,-,p[land]*0.8,2,CONVERGED,CONVERGED,157.0,157,0.9048584990707,0.9048585,0.9095261309770649,0.9095261,0.0,0,0.0,0.0,0,0.0,0.0,0.0,0.0,0,0.0,0.0,0.0,0.0,1.110223e-12
E7,is1,tpy12,-,p[land]*1.2,2,CONVERGED,CONVERGED,164.0,164,0.7014493477229091,0.7014493,0.7168290731944289,0.7168291,0.0,0,0.0,0.0,118,118.0,0.06672402929082272,0.06672403,1.5e-323,0,0.0,0.0,0.0,0.0,1.110223e-12
E7,is1,tpy12,-,p[mach]*0.8,2,CONVERGED,CONVERGED,183.0,183,0.7111934356520401,0.7111934,0.8348841216782569,0.8348841,0.0,0,0.0,0.0,118,118.0,0.057888202143379475,0.0578882,1.5e-323,0,0.0,0.0,0.0,0.0,1.332268e-12
E7,is1,tpy12,-,p[mach]*1.2,2,CONVERGED,CONVERGED,134.0,134,0.8713081511799515,0.8713082,0.7430116981033865,0.7430117,0.0,0,0.0,0.0,0,0.0,0.0,0.0,0.0,0,0.0,0.0,0.0,0.0,4.440892e-13
E7,is1,tpy12,-,p[services]*0.8,2,CONVERGED,CONVERGED,157.0,157,0.8209190303957441,0.820919,0.7979356112662708,0.7979356,0.0,0,0.0,0.0,0,0.0,0.0,0.0,0.0,0,0.0,0.0,0.0,0.0,1.332268e-12
E7,is1,tpy12,-,p[services]*1.2,2,CONVERGED,CONVERGED,134.0,134,0.8853468288392394,0.8853468,0.9411149019313,0.9411149,0.0,0,0.0,0.0,0,0.0,0.0,0.0,0.0,0,0.0,0.0,0.0,0.0,1.776357e-12
E7,is1,tpy12,-,res.services.trained=0.036@dated,2,CONVERGED,CONVERGED,104.0,104,0.9631378770080583,0.9631379,0.9174446885504955,0.9174447,0.0,0,0.0,0.0,19997,19997.0,0.04588756108114306,0.04588756,0.03567126,0,0.0,0.0,0.0,0.0,6.661338e-13
E7,is1,tpy12,-,res.services.trained=0.036@genesis,2,CONVERGED,CONVERGED,102.0,102,0.9659863579334339,0.9659864,0.9174863692306517,0.9174864,0.0,0,0.0,0.0,19997,19997.0,0.046094887012888955,0.04609489,0.03567126,0,0.0,0.0,0.0,0.0,1.776357e-12
E7,is1,tpy12,-,res.services.trained=0.044@dated,2,CONVERGED,CONVERGED,118.0,118,0.9090909090909091,0.9090909,0.9161652463795066,0.9161652,0.0,0,0.0,0.0,0,0.0,0.0,0.0,0.0,0,0.0,0.0,0.0,0.0,6.661338e-13
E7,is1,tpy12,-,res.services.trained=0.044@genesis,2,CONVERGED,CONVERGED,118.0,118,0.9090909090909093,0.9090909,0.917046706541232,0.9170467,0.0,0,0.0,0.0,0,0.0,0.0,0.0,0.0,0,0.0,0.0,0.0,0.0,6.661338e-13
E7,is1,tpy12,-,s[goods]=0.2,2,CONVERGED,CONVERGED,185.0,185,0.40147573494752087,0.4014757,0.8847722831224876,0.8847723,1.0,1,0.0,0.0,139,139.0,0.4503648304238199,0.4503648,1.5e-323,25,25.0,0.1367928426116471,0.1367928,0.0,1.776357e-12
E7,is1,tpy12,-,s[services]=0.2,2,CONVERGED,CONVERGED,183.0,183,0.5154694161203307,0.5154694,0.9414385310114531,0.9414385,0.0,0,0.0,0.0,139,139.0,0.4874970901430737,0.4874971,1.5e-323,0,0.0,0.0,0.0,0.0,1.554312e-12
E7,is1,tpy12,-,sw[master]=0.2,2,CONVERGED,CONVERGED,99.0,99,0.9112444294167886,0.9112444,0.9262494865672172,0.9262495,0.0,0,0.0,0.0,0,0.0,0.0,0.0,0.0,17,17.0,0.07221125618557671,0.07221126,0.0,1.110223e-12
E7,is1,tpy12,-,sw[trained]=0.2,2,CONVERGED,CONVERGED,140.0,140,0.8219827045240644,0.8219827,0.8889954936146363,0.8889955,0.0,0,0.0,0.0,108,108.0,0.17049574260594172,0.1704957,1.5e-323,0,0.0,0.0,0.0,0.0,8.881784e-13
E7,is1,tpy12,-,tail.services=0.09@dated,2,CONVERGED,CONVERGED,95.0,95,0.9841066844403985,0.9841067,0.8459149383505983,0.8459149,0.0,0,0.0,0.0,0,0.0,0.0,0.0,0.0,0,0.0,0.0,0.0,0.0,1.332268e-12
E7,is1,tpy12,-,tail.services=0.09@genesis,2,CONVERGED,CONVERGED,95.0,95,0.9841066844403992,0.9841067,0.8459149383505978,0.8459149,0.0,0,0.0,0.0,0,0.0,0.0,0.0,0.0,0,0.0,0.0,0.0,0.0,1.776357e-12
E7,is1,tpy12,-,tail.services=0.11@dated,2,CONVERGED,CONVERGED,141.0,141,0.9190647728519394,0.9190648,0.9425748427583116,0.9425748,0.0,0,0.0,0.0,19996,19996.0,0.025110263413808998,0.02511026,0.007031052,0,0.0,0.0,0.0,0.0,6.661338e-13
E7,is1,tpy12,-,tail.services=0.11@genesis,2,CONVERGED,CONVERGED,142.0,142,0.9245238254418284,0.9245238,0.9425748427583114,0.9425748,0.0,0,0.0,0.0,19996,19996.0,0.02634283838743261,0.02634284,0.007031052,0,0.0,0.0,0.0,0.0,1.554312e-12
E7,is1,tpy365,-,JA(0.95),1,CONVERGED,CONVERGED,3069.0,3069,0.8777983935246304,0.8777984,0.8996254409895945,0.8996254,0.0,0,0.0,0.0,0,0.0,0.0,0.0,0.0,0,0.0,0.0,0.0,0.0,8.704149e-11
E7,is1,tpy365,-,JA(1.05),1,CONVERGED,CONVERGED,2205.0,2205,0.9531764011313204,0.9531764,0.9201079507733686,0.920108,0.0,0,0.0,0.0,0,0.0,0.0,0.0,0.0,0,0.0,0.0,0.0,0.0,7.571721e-11
E7,is1,tpy365,-,JB(0.95),1,CONVERGED,CONVERGED,2449.0,2449,0.9302554717142101,0.9302555,0.8399882539832099,0.8399883,0.0,0,0.0,0.0,0,0.0,0.0,0.0,0.0,0,0.0,0.0,0.0,0.0,9.503509e-11
E7,is1,tpy365,-,JB(1.05),1,CONVERGED,CONVERGED,2726.0,2726,0.9328423474312568,0.9328423,0.9425748602521892,0.9425748,0.0,0,0.0,0.0,0,0.0,0.0,0.0,0.0,0,0.0,0.0,0.0,0.0,7.482903e-11
E7,is1,tpy365,-,N(0.95),1,CONVERGED,CONVERGED,2615.0,2615,0.9556490096806777,0.955649,0.942574842758311,0.9425748,0.0,0,0.0,0.0,0,0.0,0.0,0.0,0.0,0,0.0,0.0,0.0,0.0,8.85958e-11
E7,is1,tpy365,-,N(1.05),1,CONVERGED,CONVERGED,2042.0,2042,0.9515145423334831,0.9515145,0.906114279291736,0.9061143,0.0,0,0.0,0.0,0,0.0,0.0,0.0,0.0,0,0.0,0.0,0.0,0.0,9.214851e-11
E7,is1,tpy365,-,RC(0.95),1,CONVERGED,CONVERGED,2374.0,2374,0.9514523114196685,0.9514523,0.9131220539817914,0.9131221,0.0,0,0.0,0.0,0,0.0,0.0,0.0,0.0,0,0.0,0.0,0.0,0.0,7.438494e-11
E7,is1,tpy365,-,RC(1.05),1,CONVERGED,CONVERGED,2291.0,2291,0.9208660191473512,0.920866,0.9388115053629031,0.9388115,0.0,0,0.0,0.0,0,0.0,0.0,0.0,0.0,0,0.0,0.0,0.0,0.0,7.482903e-11
E7,is1,tpy365,-,RW(0.95),1,CONVERGED,CONVERGED,2402.0,2402,0.9326246006250893,0.9326246,0.8912815483707605,0.8912815,0.0,0,0.0,0.0,0,0.0,0.0,0.0,0.0,0,0.0,0.0,0.0,0.0,8.482104e-11
E7,is1,tpy365,-,RW(1.05),1,CONVERGED,CONVERGED,1980.0,1980,0.952147515321641,0.9521475,0.9423905722449379,0.9423906,0.0,0,0.0,0.0,3203,3203.0,0.01823830393877145,0.0182383,4.7e-322,0,0.0,0.0,0.0,0.0,1.003642e-10
E7,is1,tpy365,-,p[goods]*0.95,1,CONVERGED,CONVERGED,2280.0,2280,0.9447826444332739,0.9447826,0.931603789682611,0.9316038,0.0,0,0.0,0.0,0,0.0,0.0,0.0,0.0,0,0.0,0.0,0.0,0.0,6.883383e-11
E7,is1,tpy365,-,p[goods]*1.05,1,CONVERGED,CONVERGED,1745.0,1745,0.9845141618472993,0.9845142,0.9381144376715437,0.9381144,0.0,0,0.0,0.0,0,0.0,0.0,0.0,0.0,0,0.0,0.0,0.0,0.0,1.016964e-10
E7,is1,tpy365,-,p[labour.master]*0.95,1,CONVERGED,CONVERGED,1311.0,1311,0.9668514462697521,0.9668514,0.9412691705402637,0.9412692,0.0,0,0.0,0.0,0,0.0,0.0,0.0,0.0,0,0.0,0.0,0.0,0.0,6.128431e-11
E7,is1,tpy365,-,p[labour.master]*1.05,1,CONVERGED,CONVERGED,1421.0,1421,0.9866852814816692,0.9866853,0.9403453643547436,0.9403454,0.0,0,0.0,0.0,0,0.0,0.0,0.0,0.0,0,0.0,0.0,0.0,0.0,8.926193e-11
E7,is1,tpy365,-,p[labour.trained]*0.95,1,CONVERGED,CONVERGED,1646.0,1646,0.9622244900001515,0.9622245,0.9423512656338024,0.9423513,0.0,0,0.0,0.0,0,0.0,0.0,0.0,0.0,0,0.0,0.0,0.0,0.0,7.172041e-11
E7,is1,tpy365,-,p[labour.trained]*1.05,1,CONVERGED,CONVERGED,1574.0,1574,0.9902907056658462,0.9902907,0.9393123783483829,0.9393124,0.0,0,0.0,0.0,0,0.0,0.0,0.0,0.0,0,0.0,0.0,0.0,0.0,7.083223e-11
E7,is1,tpy365,-,p[labour]*0.95,1,CONVERGED,CONVERGED,2376.0,2376,0.9244991586340768,0.9244992,0.8912815483707605,0.8912815,0.0,0,0.0,0.0,0,0.0,0.0,0.0,0.0,0,0.0,0.0,0.0,0.0,7.660539e-11
E7,is1,tpy365,-,p[labour]*1.05,1,CONVERGED,CONVERGED,1377.0,1377,0.9855037693900063,0.9855038,0.9425748588874518,0.9425748,0.0,0,0.0,0.0,0,0.0,0.0,0.0,0.0,0,0.0,0.0,0.0,0.0,8.704149e-11
E7,is1,tpy365,-,p[land]*0.95,1,CONVERGED,CONVERGED,2347.0,2347,0.979609581117523,0.9796096,0.9390500974931977,0.9390501,0.0,0,0.0,0.0,0,0.0,0.0,0.0,0.0,0,0.0,0.0,0.0,0.0,5.861978e-11
E7,is1,tpy365,-,p[land]*1.05,1,CONVERGED,CONVERGED,2743.0,2743,0.9083821359363817,0.9083821,0.8911371991048695,0.8911372,0.0,0,0.0,0.0,0,0.0,0.0,0.0,0.0,0,0.0,0.0,0.0,0.0,8.792966e-11
E7,is1,tpy365,-,p[mach]*0.95,1,CONVERGED,CONVERGED,2924.0,2924,0.9135401934619741,0.9135402,0.9261311044835894,0.9261311,0.0,0,0.0,0.0,0,0.0,0.0,0.0,0.0,0,0.0,0.0,0.0,0.0,8.393286e-11
E7,is1,tpy365,-,p[mach]*1.05,1,CONVERGED,CONVERGED,2187.0,2187,0.9589822824704227,0.9589823,0.8908842487523976,0.8908842,0.0,0,0.0,0.0,0,0.0,0.0,0.0,0.0,0,0.0,0.0,0.0,0.0,7.749357e-11
E7,is1,tpy365,-,p[services]*0.95,1,CONVERGED,CONVERGED,2397.0,2397,0.9479374431088702,0.9479374,0.910495982285174,0.910496,0.0,0,0.0,0.0,0,0.0,0.0,0.0,0.0,0,0.0,0.0,0.0,0.0,8.815171e-11
E7,is1,tpy365,-,p[services]*1.05,1,CONVERGED,CONVERGED,2072.0,2072,0.956176360544728,0.9561764,0.942574842758311,0.9425748,0.0,0,0.0,0.0,0,0.0,0.0,0.0,0.0,0,0.0,0.0,0.0,0.0,7.993606e-11
E7,is1,tpy365,-,s[goods]=0.05,1,CONVERGED,CONVERGED,3003.0,3003,0.6542880489473412,0.654288,0.942574842758311,0.9425748,0.0,0,0.0,0.0,3607,3607.0,0.13911726809517158,0.1391173,4.7e-322,0,0.0,0.0,0.0,0.0,9.148238e-11
E7,is1,tpy365,-,s[services]=0.05,1,CONVERGED,CONVERGED,2899.0,2899,0.753915305887809,0.7539153,0.942574842758311,0.9425748,0.0,0,0.0,0.0,3508,3508.0,0.12030077681586614,0.1203008,4.7e-322,0,0.0,0.0,0.0,0.0,7.749357e-11
E7,is1,tpy365,-,sw[master]=0.05,1,CONVERGED,CONVERGED,1446.0,1446,0.9403147779903117,0.9403148,0.9388836433999225,0.9388836,0.0,0,0.0,0.0,0,0.0,0.0,0.0,0.0,521,521.0,0.04835312216343719,0.04835312,7.4e-323,7.127632e-11
E7,is1,tpy365,-,sw[trained]=0.05,1,CONVERGED,CONVERGED,2142.0,2142,0.9477529657674644,0.947753,0.9270905238911792,0.9270905,0.0,0,0.0,0.0,3211,3211.0,0.049738319428538486,0.04973832,4.7e-322,0,0.0,0.0,0.0,0.0,6.616929e-11
E7,is1,tpy365,-,JA(0.8),2,CONVERGED,CONVERGED,3949.0,3949,0.558797968983021,0.558798,0.7966808993423814,0.7966809,0.0,0,0.0,0.0,3654,3654.0,0.04870298621756274,0.04870299,4.7e-322,0,0.0,0.0,0.0,0.0,6.017409e-11
E7,is1,tpy365,-,JA(1.2),2,CONVERGED,CONVERGED,2940.0,2940,0.8358562398172793,0.8358562,0.8606775916282925,0.8606776,0.0,0,0.0,0.0,0,0.0,0.0,0.0,0.0,0,0.0,0.0,0.0,0.0,8.437695e-11
E7,is1,tpy365,-,JB(0.8),2,CONVERGED,CONVERGED,3359.0,3359,0.7105467692530185,0.7105468,0.49628774012989163,0.4962877,0.0,0,0.0,0.0,3709,3709.0,0.025513838229967795,0.02551384,4.7e-322,0,0.0,0.0,0.0,0.0,6.217249e-11
E7,is1,tpy365,-,JB(1.2),2,CONVERGED,CONVERGED,3473.0,3473,0.7719621486747984,0.7719621,0.942574859000093,0.9425748,0.0,0,0.0,0.0,0,0.0,0.0,0.0,0.0,0,0.0,0.0,0.0,0.0,7.061018e-11
E7,is1,tpy365,-,N(0.8),2,CONVERGED,CONVERGED,3419.0,3419,0.8075408899169547,0.8075409,0.942574842758311,0.9425748,0.0,0,0.0,0.0,0,0.0,0.0,0.0,0.0,0,0.0,0.0,0.0,0.0,6.350476e-11
E7,is1,tpy365,-,N(1.2),2,CONVERGED,CONVERGED,2791.0,2791,0.8303008981671911,0.8303009,0.8057183285858684,0.8057183,0.0,0,0.0,0.0,0,0.0,0.0,0.0,0.0,0,0.0,0.0,0.0,0.0,1.030287e-10
E7,is1,tpy365,-,RC(0.8),2,CONVERGED,CONVERGED,3237.0,3237,0.802715484867864,0.8027155,0.8147974910332613,0.8147975,0.0,0,0.0,0.0,3380,3380.0,0.011724489769358627,0.01172449,4.7e-322,0,0.0,0.0,0.0,0.0,7.305268e-11
E7,is1,tpy365,-,RC(1.2),2,CONVERGED,CONVERGED,3006.0,3006,0.7385722965663353,0.7385723,0.9369960328221859,0.936996,0.0,0,0.0,0.0,0,0.0,0.0,0.0,0.0,0,0.0,0.0,0.0,0.0,6.350476e-11
E7,is1,tpy365,-,RW(0.8),2,CONVERGED,CONVERGED,3233.0,3233,0.7352667794133824,0.7352668,0.7194312914441013,0.7194313,0.0,0,0.0,0.0,0,0.0,0.0,0.0,0.0,0,0.0,0.0,0.0,0.0,7.371881e-11
E7,is1,tpy365,-,RW(1.2),2,CONVERGED,CONVERGED,3417.0,3417,0.5931720157506774,0.593172,0.8515122172341238,0.8515122,0.0,0,0.0,0.0,3319,3319.0,0.3863639716917093,0.386364,4.7e-322,0,0.0,0.0,0.0,0.0,9.037215e-11
E7,is1,tpy365,-,land.mach=0.36@dated,2,CONVERGED,CONVERGED,2518.0,2518,0.9350931668413435,0.9350932,0.942574842758311,0.9425748,0.0,0,0.0,0.0,0,0.0,0.0,0.0,0.0,0,0.0,0.0,0.0,0.0,6.128431e-11
E7,is1,tpy365,-,land.mach=0.36@genesis,2,CONVERGED,CONVERGED,2518.0,2518,0.9350931668413438,0.9350932,0.942574842758311,0.9425748,0.0,0,0.0,0.0,0,0.0,0.0,0.0,0.0,0,0.0,0.0,0.0,0.0,8.437695e-11
E7,is1,tpy365,-,land.mach=0.44@dated,2,CONVERGED,CONVERGED,3244.0,3244,0.8013201219081829,0.8013201,0.785500178082801,0.7855002,0.0,0,0.0,0.0,0,0.0,0.0,0.0,0.0,0,0.0,0.0,0.0,0.0,9.414691e-11
E7,is1,tpy365,-,land.mach=0.44@genesis,2,CONVERGED,CONVERGED,3244.0,3244,0.801320078673556,0.8013201,0.7854902584481098,0.7854903,0.0,0,0.0,0.0,0,0.0,0.0,0.0,0.0,0,0.0,0.0,0.0,0.0,8.01581e-11
E7,is1,tpy365,-,p[goods]*0.8,2,CONVERGED,CONVERGED,3046.0,3046,0.7774401148782112,0.7774401,0.8993061519745298,0.8993062,0.0,0,0.0,0.0,0,0.0,0.0,0.0,0.0,0,0.0,0.0,0.0,0.0,7.127632e-11
E7,is1,tpy365,-,p[goods]*1.2,2,CONVERGED,CONVERGED,2457.0,2457,0.9420906686963905,0.9420907,0.9258777515303432,0.9258778,0.0,0,0.0,0.0,0,0.0,0.0,0.0,0.0,0,0.0,0.0,0.0,0.0,7.505108e-11
E7,is1,tpy365,-,p[labour.master]*0.8,2,CONVERGED,CONVERGED,2134.0,2134,0.8608475682810129,0.8608476,0.9365255685038092,0.9365256,0.0,0,0.0,0.0,0,0.0,0.0,0.0,0.0,0,0.0,0.0,0.0,0.0,7.505108e-11
E7,is1,tpy365,-,p[labour.master]*1.2,2,CONVERGED,CONVERGED,2136.0,2136,0.9487867941861741,0.9487868,0.9339938541239207,0.9339939,0.0,0,0.0,0.0,0,0.0,0.0,0.0,0.0,0,0.0,0.0,0.0,0.0,8.615331e-11
E7,is1,tpy365,-,p[labour.trained]*0.8,2,CONVERGED,CONVERGED,3175.0,3175,0.7321905119330917,0.7321905,0.8691244536886307,0.8691245,0.0,0,0.0,0.0,3350,3350.0,0.2004963757622678,0.2004964,4.7e-322,0,0.0,0.0,0.0,0.0,7.238654e-11
E7,is1,tpy365,-,p[labour.trained]*1.2,2,CONVERGED,CONVERGED,2303.0,2303,0.9622028563529558,0.9622029,0.929683251009691,0.9296833,0.0,0,0.0,0.0,0,0.0,0.0,0.0,0.0,0,0.0,0.0,0.0,0.0,9.836576e-11
E7,is1,tpy365,-,p[labour]*0.8,2,CONVERGED,CONVERGED,3199.0,3199,0.7004083352231254,0.7004083,0.7194312914441013,0.7194313,0.0,0,0.0,0.0,0,0.0,0.0,0.0,0.0,0,0.0,0.0,0.0,0.0,8.637535e-11
E7,is1,tpy365,-,p[labour]*1.2,2,CONVERGED,CONVERGED,2797.0,2797,0.8666232329401872,0.8666232,0.9165586009346941,0.9165586,0.0,0,0.0,0.0,3300,3300.0,0.14246270144154768,0.1424627,4.7e-322,0,0.0,0.0,0.0,0.0,6.128431e-11
E7,is1,tpy365,-,p[land]*0.8,2,CONVERGED,CONVERGED,3127.0,3127,0.9048584990707,0.9048585,0.928910690525779,0.9289107,0.0,0,0.0,0.0,0,0.0,0.0,0.0,0.0,0,0.0,0.0,0.0,0.0,8.726353e-11
E7,is1,tpy365,-,p[land]*1.2,2,CONVERGED,CONVERGED,3560.0,3560,0.6975728251918446,0.6975728,0.7622334252983877,0.7622334,0.0,0,0.0,0.0,0,0.0,0.0,0.0,0.0,0,0.0,0.0,0.0,0.0,8.548717e-11
E7,is1,tpy365,-,p[mach]*0.8,2,CONVERGED,CONVERGED,3793.0,3793,0.6575950125444598,0.657595,0.9020266272923045,0.9020266,0.0,0,0.0,0.0,0,0.0,0.0,0.0,0.0,0,0.0,0.0,0.0,0.0,9.148238e-11
E7,is1,tpy365,-,p[mach]*1.2,2,CONVERGED,CONVERGED,2914.0,2914,0.8505704733533038,0.8505705,0.7483794759923954,0.7483795,0.0,0,0.0,0.0,0,0.0,0.0,0.0,0.0,0,0.0,0.0,0.0,0.0,7.394085e-11
E7,is1,tpy365,-,p[services]*0.8,2,CONVERGED,CONVERGED,3193.0,3193,0.795368656355823,0.7953687,0.8001582664879521,0.8001583,0.0,0,0.0,0.0,0,0.0,0.0,0.0,0.0,0,0.0,0.0,0.0,0.0,9.65894e-11
E7,is1,tpy365,-,p[services]*1.2,2,CONVERGED,CONVERGED,2780.0,2780,0.8432727914165429,0.8432728,0.942574842758311,0.9425748,0.0,0,0.0,0.0,0,0.0,0.0,0.0,0.0,0,0.0,0.0,0.0,0.0,7.349676e-11
E7,is1,tpy365,-,res.services.trained=0.036@dated,2,CONVERGED,CONVERGED,2140.0,2140,0.9537061539067403,0.9537062,0.9184106116392684,0.9184106,0.0,0,0.0,0.0,163917,163917.0,0.04359947298129785,0.04359947,0.03567126,0,0.0,0.0,0.0,0.0,5.928591e-11
E7,is1,tpy365,-,res.services.trained=0.036@genesis,2,CONVERGED,CONVERGED,2139.0,2139,0.9537946756149385,0.9537947,0.9184106116652349,0.9184106,0.0,0,0.0,0.0,163917,163917.0,0.043621945899832024,0.04362195,0.03567126,0,0.0,0.0,0.0,0.0,8.415491e-11
E7,is1,tpy365,-,res.services.trained=0.044@dated,2,CONVERGED,CONVERGED,2502.0,2502,0.9090909090909093,0.9090909,0.9201754059371439,0.9201754,0.0,0,0.0,0.0,0,0.0,0.0,0.0,0.0,0,0.0,0.0,0.0,0.0,7.371881e-11
E7,is1,tpy365,-,res.services.trained=0.044@genesis,2,CONVERGED,CONVERGED,2502.0,2502,0.9090909090909093,0.9090909,0.9202006497778994,0.9202006,0.0,0,0.0,0.0,0,0.0,0.0,0.0,0.0,0,0.0,0.0,0.0,0.0,8.837375e-11
E7,is1,tpy365,-,s[goods]=0.2,2,CONVERGED,CONVERGED,3797.0,3797,0.2814132620085951,0.2814133,0.942574842758311,0.9425748,41.0,41,0.0,0.0,4041,4041.0,0.4588505379267916,0.4588505,4.7e-322,810,810.0,0.19075765541293652,0.1907577,7.4e-323,9.103829e-11
E7,is1,tpy365,-,s[services]=0.2,2,CONVERGED,CONVERGED,3773.0,3773,0.4104510523009304,0.4104511,0.9390528087897982,0.9390528,56.0,56,0.0,0.0,3959,3959.0,0.5131818359225245,0.5131818,4.7e-322,0,0.0,0.0,0.0,0.0,9.05942e-11
E7,is1,tpy365,-,sw[master]=0.2,2,CONVERGED,CONVERGED,2161.0,2161,0.7675183389205238,0.7675183,0.928655918306818,0.9286559,0.0,0,0.0,0.0,0,0.0,0.0,0.0,0.0,538,538.0,0.19341248865374877,0.1934125,7.4e-323,6.77236e-11
E7,is1,tpy365,-,sw[trained]=0.2,2,CONVERGED,CONVERGED,2873.0,2873,0.7925668951490354,0.7925669,0.8883676997123223,0.8883677,0.0,0,0.0,0.0,3249,3249.0,0.19895327771415394,0.1989533,4.7e-322,0,0.0,0.0,0.0,0.0,7.771561e-11
E7,is1,tpy365,-,tail.services=0.09@dated,2,CONVERGED,CONVERGED,1974.0,1974,0.986068573865246,0.9860686,0.8467411121432138,0.8467411,0.0,0,0.0,0.0,0,0.0,0.0,0.0,0.0,0,0.0,0.0,0.0,0.0,7.704948e-11
E7,is1,tpy365,-,tail.services=0.09@genesis,2,CONVERGED,CONVERGED,1974.0,1974,0.986068573865246,0.9860686,0.8467411121432138,0.8467411,0.0,0,0.0,0.0,0,0.0,0.0,0.0,0.0,0,0.0,0.0,0.0,0.0,7.860379e-11
E7,is1,tpy365,-,tail.services=0.11@dated,2,CONVERGED,CONVERGED,3095.0,3095,0.9168439176332902,0.9168439,0.942574842758311,0.9425748,0.0,0,0.0,0.0,163875,163875.0,0.01676469418544194,0.01676469,0.007031052,0,0.0,0.0,0.0,0.0,3.530509e-11
E7,is1,tpy365,-,tail.services=0.11@genesis,2,CONVERGED,CONVERGED,3095.0,3095,0.9169713969388187,0.9169714,0.942574842758311,0.9425748,0.0,0,0.0,0.0,163875,163875.0,0.016771877029310267,0.01677188,0.007031052,0,0.0,0.0,0.0,0.0,1.820766e-11
E8,is2,L,-,JA(0.95),1,CONVERGED,CONVERGED,453.0,453,0.8880957592985358,0.8880958,0.6977805033057876,0.6977805,0.0,0,0.0,0.0,24000,24000.0,0.4125344571227342,0.4125345,0.3914281,0,0.0,0.0,0.0,0.0,7.993606e-12
E8,is2,L,-,JA(1.05),1,CONVERGED,CONVERGED,311.0,311,0.9578123188236763,0.9578123,0.7139259338217306,0.7139259,0.0,0,0.0,0.0,24000,24000.0,0.39880634407832594,0.3988063,0.3914281,0,0.0,0.0,0.0,0.0,4.440892e-12
E8,is2,L,-,JB(0.95),1,CONVERGED,CONVERGED,373.0,373,0.9267600386803874,0.92676,0.6373673272824437,0.6373673,0.0,0,0.0,0.0,24000,24000.0,0.40895821573728214,0.4089582,0.3914281,0,0.0,0.0,0.0,0.0,5.551115e-12
E8,is2,L,-,JB(1.05),1,CONVERGED,CONVERGED,354.0,354,0.9446940572543765,0.9446941,0.7399539160575489,0.7399539,0.0,0,0.0,0.0,24000,24000.0,0.40236855349380013,0.4023686,0.3914281,0,0.0,0.0,0.0,0.0,1.04361e-11
E8,is2,L,-,N(0.95),1,CONVERGED,CONVERGED,345.0,345,0.9637440307661492,0.963744,0.7399539160575447,0.7399539,0.0,0,0.0,0.0,24000,24000.0,0.39837816012217164,0.3983782,0.3914281,0,0.0,0.0,0.0,0.0,4.884981e-12
E8,is2,L,-,N(1.05),1,CONVERGED,CONVERGED,285.0,285,0.9469036384379588,0.9469036,0.6998879970639853,0.699888,0.0,0,0.0,0.0,24000,24000.0,0.3952619513656342,0.395262,0.3914281,0,0.0,0.0,0.0,0.0,7.549517e-12
E8,is2,L,-,RC(0.95),1,CONVERGED,CONVERGED,376.0,376,0.9453107218629453,0.9453107,0.7025533665819305,0.7025534,0.0,0,0.0,0.0,24000,24000.0,0.402750540153371,0.4027505,0.3914281,0,0.0,0.0,0.0,0.0,5.107026e-12
E8,is2,L,-,RC(1.05),1,CONVERGED,CONVERGED,338.0,338,0.9110789190522482,0.9110789,0.7249678821923868,0.7249679,0.0,0,0.0,0.0,24000,24000.0,0.40109285278178936,0.4010929,0.3914281,0,0.0,0.0,0.0,0.0,5.995204e-12
E8,is2,L,-,RW(0.95),1,CONVERGED,CONVERGED,360.0,360,0.8989765286286407,0.8989765,0.6886606216699943,0.6886606,0.0,0,0.0,0.0,24000,24000.0,0.44130197516992903,0.441302,0.3914281,0,0.0,0.0,0.0,0.0,6.439294e-12
E8,is2,L,-,RW(1.05),1,CONVERGED,CONVERGED,384.0,384,0.8343911300112945,0.8343911,0.7144989488713253,0.7144989,0.0,0,0.0,0.0,24000,24000.0,0.49459211432566,0.4945921,0.3914281,0,0.0,0.0,0.0,0.0,9.547918e-12
E8,is2,L,-,p[goods]*0.95,1,CONVERGED,CONVERGED,346.0,346,0.9421528664129473,0.9421529,0.722433636605217,0.7224336,0.0,0,0.0,0.0,24000,24000.0,0.39866664149975384,0.3986666,0.3914281,0,0.0,0.0,0.0,0.0,5.329071e-12
E8,is2,L,-,p[goods]*1.05,1,CONVERGED,CONVERGED,215.0,215,0.9831578377437661,0.9831578,0.7327481814013325,0.7327482,0.0,0,0.0,0.0,24000,24000.0,0.39530043340334464,0.3953004,0.3914281,0,0.0,0.0,0.0,0.0,5.995204e-12
E8,is2,L,-,p[labour.master]*0.95,1,CONVERGED,CONVERGED,192.0,192,0.9668514462697523,0.9668514,0.7378251999547506,0.7378252,0.0,0,0.0,0.0,24000,24000.0,0.39329679511380655,0.3932968,0.3914281,0,0.0,0.0,0.0,0.0,5.107026e-12
E8,is2,L,-,p[labour.master]*1.05,1,CONVERGED,CONVERGED,217.0,217,0.9868742167603736,0.9868742,0.7368182369491614,0.7368182,0.0,0,0.0,0.0,24000,24000.0,0.3926990028551473,0.392699,0.3914281,0,0.0,0.0,0.0,0.0,6.883383e-12
E8,is2,L,-,p[labour.trained]*0.95,1,CONVERGED,CONVERGED,364.0,364,0.8998711285969394,0.8998711,0.7190340356699153,0.719034,0.0,0,0.0,0.0,24000,24000.0,0.4471498107662451,0.4471498,0.3914281,0,0.0,0.0,0.0,0.0,7.993606e-12
E8,is2,L,-,p[labour.trained]*1.05,1,CONVERGED,CONVERGED,336.0,336,0.9484477290490957,0.9484477,0.7286243959231484,0.7286244,0.0,0,0.0,0.0,24000,24000.0,0.4199207528203012,0.4199208,0.3914281,0,0.0,0.0,0.0,0.0,8.21565e-12
E8,is2,L,-,p[labour]*0.95,1,CONVERGED,CONVERGED,343.0,343,0.923596345903388,0.9235963,0.6886606216699943,0.6886606,0.0,0,0.0,0.0,24000,24000.0,0.4163575380142167,0.4163575,0.3914281,0,0.0,0.0,0.0,0.0,7.549517e-12
E8,is2,L,-,p[labour]*1.05,1,CONVERGED,CONVERGED,346.0,346,0.9254054129014977,0.9254054,0.7319857736035691,0.7319858,0.0,0,0.0,0.0,24000,24000.0,0.4445917710371649,0.4445918,0.3914281,0,0.0,0.0,0.0,0.0,5.995204e-12
E8,is2,L,-,p[land]*0.95,1,CONVERGED,CONVERGED,303.0,303,0.9792138741635451,0.9792139,0.7338860739192604,0.7338861,0.0,0,0.0,0.0,24000,24000.0,0.4030035152970317,0.4030035,0.3914281,0,0.0,0.0,0.0,0.0,5.77316e-12
E8,is2,L,-,p[land]*1.05,1,CONVERGED,CONVERGED,385.0,385,0.9105567621595365,0.9105568,0.6879082755147169,0.6879083,0.0,0,0.0,0.0,24000,24000.0,0.4062101336210659,0.4062101,0.3914281,0,0.0,0.0,0.0,0.0,6.439294e-12
E8,is2,L,-,p[mach]*0.95,1,CONVERGED,CONVERGED,382.0,382,0.9229928335918468,0.9229928,0.7220872297464428,0.7220872,0.0,0,0.0,0.0,24000,24000.0,0.4075637516497055,0.4075638,0.3914281,0,0.0,0.0,0.0,0.0,9.103829e-12
E8,is2,L,-,p[mach]*1.05,1,CONVERGED,CONVERGED,325.0,325,0.9608172979040701,0.9608173,0.6861111045517837,0.6861111,0.0,0,0.0,0.0,24000,24000.0,0.40146580476682514,0.4014658,0.3914281,0,0.0,0.0,0.0,0.0,5.329071e-12
E8,is2,L,-,p[services]*0.95,1,CONVERGED,CONVERGED,370.0,370,0.9489476491721885,0.9489476,0.7036907573544604,0.7036908,0.0,0,0.0,0.0,24000,24000.0,0.399941402550438,0.3999414,0.3914281,0,0.0,0.0,0.0,0.0,5.551115e-12
E8,is2,L,-,p[services]*1.05,1,CONVERGED,CONVERGED,312.0,312,0.9528182463698288,0.9528182,0.7385276549608806,0.7385277,0.0,0,0.0,0.0,24000,24000.0,0.3957247407719838,0.3957247,0.3914281,0,0.0,0.0,0.0,0.0,6.439294e-12
E8,is2,L,-,s[goods]=0.05,1,CONVERGED,CONVERGED,448.0,448,0.6980786437313435,0.6980786,0.7399539160575449,0.7399539,0.0,0,0.0,0.0,24000,24000.0,0.5607213883948083,0.5607214,0.3914281,0,0.0,0.0,0.0,0.0,3.108624e-12
E8,is2,L,-,s[services]=0.05,1,CONVERGED,CONVERGED,455.0,455,0.7664613275522957,0.7664613,0.7399539160575449,0.7399539,0.0,0,0.0,0.0,24000,24000.0,0.5422141958817205,0.5422142,0.3914281,0,0.0,0.0,0.0,0.0,4.218847e-12
E8,is2,L,-,sw[master]=0.05,1,CONVERGED,CONVERGED,208.0,208,0.952984290590013,0.9529843,0.7371944915353901,0.7371945,0.0,0,0.0,0.0,24000,24000.0,0.39380450252058036,0.3938045,0.3914281,53,53.0,0.036071931241311805,0.03607193,5e-324,3.996803e-12
E8,is2,L,-,sw[trained]=0.05,1,CONVERGED,CONVERGED,460.0,460,0.6900608796661194,0.6900609,0.6677952644718744,0.6677953,0.0,0,0.0,0.0,24000,24000.0,0.5684706629241515,0.5684707,0.3914281,0,0.0,0.0,0.0,0.0,4.884981e-12
E8,is2,L,-,JA(0.8),2,CONVERGED,CONVERGED,574.0,574,0.5899861753678448,0.5899862,0.6031356707053939,0.6031357,0.0,0,0.0,0.0,24000,24000.0,0.486773290961295,0.4867733,0.3914281,0,0.0,0.0,0.0,0.0,6.661338e-12
E8,is2,L,-,JA(1.2),2,CONVERGED,CONVERGED,422.0,422,0.8505560832529894,0.8505561,0.6442989851606771,0.644299,0.0,0,0.0,0.0,24000,24000.0,0.41955821043694347,0.4195582,0.3914281,0,0.0,0.0,0.0,0.0,6.883383e-12
E8,is2,L,-,JB(0.8),2,CONVERGED,CONVERGED,498.0,498,0.7108585513405243,0.7108586,0.29366681342912543,0.2936668,0.0,0,0.0,0.0,24000,24000.0,0.4702196517407953,0.4702197,0.3914281,0,0.0,0.0,0.0,0.0,7.771561e-12
E8,is2,L,-,JB(1.2),2,CONVERGED,CONVERGED,465.0,465,0.8081741358131005,0.8081741,0.7399539160575472,0.7399539,0.0,0,0.0,0.0,24000,24000.0,0.4318440041883568,0.431844,0.3914281,0,0.0,0.0,0.0,0.0,6.217249e-12
E8,is2,L,-,N(0.8),2,CONVERGED,CONVERGED,462.0,462,0.840499495964213,0.8404995,0.7399539160575449,0.7399539,0.0,0,0.0,0.0,24000,24000.0,0.4217262579789055,0.4217263,0.3914281,0,0.0,0.0,0.0,0.0,7.105427e-12
E8,is2,L,-,N(1.2),2,CONVERGED,CONVERGED,393.0,393,0.8141627345328553,0.8141627,0.5890762981372829,0.5890763,0.0,0,0.0,0.0,24000,24000.0,0.4058145608476546,0.4058146,0.3914281,0,0.0,0.0,0.0,0.0,7.105427e-12
E8,is2,L,-,RC(0.8),2,CONVERGED,CONVERGED,496.0,496,0.7746674563493925,0.7746675,0.5736524633924631,0.5736525,0.0,0,0.0,0.0,24000,24000.0,0.4443593379671823,0.4443593,0.3914281,0,0.0,0.0,0.0,0.0,3.552714e-12
E8,is2,L,-,RC(1.2),2,CONVERGED,CONVERGED,445.0,445,0.7045919585532556,0.704592,0.698362317178941,0.6983623,0.0,0,0.0,0.0,24000,24000.0,0.42392271390826014,0.4239227,0.3914281,0,0.0,0.0,0.0,0.0,4.884981e-12
E8,is2,L,-,RW(0.8),2,CONVERGED,CONVERGED,463.0,463,0.6736695350747657,0.6736695,0.5168103647433352,0.5168104,0.0,0,0.0,0.0,24000,24000.0,0.5231734258199573,0.5231734,0.3914281,0,0.0,0.0,0.0,0.0,6.217249e-12
E8,is2,L,-,RW(1.2),2,CONVERGED,CONVERGED,484.0,484,0.4700624889199927,0.4700625,0.6647783938149823,0.6647784,4.0,4,0.0,0.0,24000,24000.0,0.7207539754946509,0.720754,0.3914281,0,0.0,0.0,0.0,0.0,7.771561e-12
E8,is2,L,-,land.mach=0.36@dated,2,CONVERGED,CONVERGED,338.0,338,0.9342400154340315,0.93424,0.7399539160575449,0.7399539,0.0,0,0.0,0.0,24000,24000.0,0.41478595155854137,0.414786,0.3907713,0,0.0,0.0,0.0,0.0,8.65974e-12
E8,is2,L,-,land.mach=0.36@genesis,2,CONVERGED,CONVERGED,338.0,338,0.9342400154340319,0.93424,0.7399539160575449,0.7399539,0.0,0,0.0,0.0,24000,24000.0,0.41473895489406976,0.414739,0.3907713,0,0.0,0.0,0.0,0.0,6.883383e-12
E8,is2,L,-,land.mach=0.44@dated,2,CONVERGED,CONVERGED,465.0,465,0.8100916370414688,0.8100916,0.5761357229108857,0.5761357,0.0,0,0.0,0.0,24000,24000.0,0.429563955251722,0.429564,0.3920587,0,0.0,0.0,0.0,0.0,9.992007e-12
E8,is2,L,-,land.mach=0.44@genesis,2,CONVERGED,CONVERGED,465.0,465,0.810312796898049,0.8103128,0.5761491039583542,0.5761491,0.0,0,0.0,0.0,24000,24000.0,0.42930364368818275,0.4293036,0.3920587,0,0.0,0.0,0.0,0.0,7.327472e-12
E8,is2,L,-,p[goods]*0.8,2,CONVERGED,CONVERGED,461.0,461,0.7680897361463557,0.7680897,0.6699319317458624,0.6699319,0.0,0,0.0,0.0,24000,24000.0,0.4241156993700429,0.4241157,0.3914281,0,0.0,0.0,0.0,0.0,5.551115e-12
E8,is2,L,-,p[goods]*1.2,2,CONVERGED,CONVERGED,319.0,319,0.9373900900085096,0.9373901,0.712862516580155,0.7128625,0.0,0,0.0,0.0,24000,24000.0,0.40657758396744237,0.4065776,0.3914281,0,0.0,0.0,0.0,0.0,7.327472e-12
E8,is2,L,-,p[labour.master]*0.8,2,CONVERGED,CONVERGED,303.0,303,0.860847568281013,0.8608476,0.7300788806562524,0.7300789,0.0,0,0.0,0.0,24000,24000.0,0.39998178797423123,0.3999818,0.3914281,0,0.0,0.0,0.0,0.0,5.329071e-12
E8,is2,L,-,p[labour.master]*1.2,2,CONVERGED,CONVERGED,324.0,324,0.9494859754518353,0.949486,0.7278738323361844,0.7278738,0.0,0,0.0,0.0,24000,24000.0,0.3964242950487784,0.3964243,0.3914281,0,0.0,0.0,0.0,0.0,5.77316e-12
E8,is2,L,-,p[labour.trained]*0.8,2,CONVERGED,CONVERGED,476.0,476,0.6080304601315669,0.6080305,0.6542522866490801,0.6542523,0.0,0,0.0,0.0,24000,24000.0,0.6158867027583678,0.6158867,0.3914281,0,0.0,0.0,0.0,0.0,8.437695e-12
E8,is2,L,-,p[labour.trained]*1.2,2,CONVERGED,CONVERGED,383.0,383,0.844070022061896,0.84407,0.7048803390057864,0.7048803,0.0,0,0.0,0.0,24000,24000.0,0.47938822399897685,0.4793882,0.3914281,0,0.0,0.0,0.0,0.0,9.547918e-12
E8,is2,L,-,p[labour]*0.8,2,CONVERGED,CONVERGED,456.0,456,0.7033693643561442,0.7033694,0.5168103647433352,0.5168104,0.0,0,0.0,0.0,24000,24000.0,0.47410619249676134,0.4741062,0.3914281,0,0.0,0.0,0.0,0.0,7.105427e-12
E8,is2,L,-,p[labour]*1.2,2,CONVERGED,CONVERGED,454.0,454,0.7336709545629531,0.733671,0.71731097666401,0.717311,0.0,0,0.0,0.0,24000,24000.0,0.5765497543247409,0.5765498,0.3914281,0,0.0,0.0,0.0,0.0,4.884981e-12
E8,is2,L,-,p[land]*0.8,2,CONVERGED,CONVERGED,416.0,416,0.9026977370865428,0.9026977,0.7155549106552537,0.7155549,0.0,0,0.0,0.0,24000,24000.0,0.4432558336785733,0.4432558,0.3914281,0,0.0,0.0,0.0,0.0,9.769963e-12
E8,is2,L,-,p[land]*1.2,2,CONVERGED,CONVERGED,493.0,493,0.7050017101861863,0.7050017,0.5581740573286302,0.5581741,0.0,0,0.0,0.0,24000,24000.0,0.4478350548063472,0.4478351,0.3914281,0,0.0,0.0,0.0,0.0,4.662937e-12
E8,is2,L,-,p[mach]*0.8,2,CONVERGED,CONVERGED,504.0,504,0.6886590277374275,0.688659,0.694795589457261,0.6947956,0.0,0,0.0,0.0,24000,24000.0,0.4596332799966473,0.4596333,0.3914281,0,0.0,0.0,0.0,0.0,7.771561e-12
E8,is2,L,-,p[mach]*1.2,2,CONVERGED,CONVERGED,436.0,436,0.8563648418825351,0.8563648,0.5368935964068853,0.5368936,0.0,0,0.0,0.0,24000,24000.0,0.4303299187669724,0.4303299,0.3914281,0,0.0,0.0,0.0,0.0,5.77316e-12
E8,is2,L,-,p[services]*0.8,2,CONVERGED,CONVERGED,488.0,488,0.7988935248109645,0.7988935,0.5795365314483596,0.5795365,0.0,0,0.0,0.0,24000,24000.0,0.4282789510037369,0.428279,0.3914281,0,0.0,0.0,0.0,0.0,5.77316e-12
E8,is2,L,-,p[services]*1.2,2,CONVERGED,CONVERGED,421.0,421,0.8330190453815772,0.833019,0.7377819993578795,0.737782,0.0,0,0.0,0.0,24000,24000.0,0.4072725217754887,0.4072725,0.3914281,0,0.0,0.0,0.0,0.0,6.439294e-12
E8,is2,L,-,res.services.trained=0.018@dated,2,CONVERGED,CONVERGED,321.0,321,0.9472257032351346,0.9472257,0.7166197530495414,0.7166198,0.0,0,0.0,0.0,24000,24000.0,0.47657509354688987,0.4765751,0.4427552,0,0.0,0.0,0.0,0.0,7.771561e-12
E8,is2,L,-,res.services.trained=0.018@genesis,2,CONVERGED,CONVERGED,321.0,321,0.9472497350984393,0.9472497,0.7166197530495423,0.7166198,0.0,0,0.0,0.0,24000,24000.0,0.47659740274927265,0.4765974,0.4427552,0,0.0,0.0,0.0,0.0,7.549517e-12
E8,is2,L,-,res.services.trained=0.022@dated,2,CONVERGED,CONVERGED,354.0,354,0.9090909090909094,0.9090909,0.7335811818484806,0.7335812,0.0,0,0.0,0.0,24000,24000.0,0.39142810838832914,0.3914281,0.3418112,0,0.0,0.0,0.0,0.0,7.993606e-12
E8,is2,L,-,res.services.trained=0.022@genesis,2,CONVERGED,CONVERGED,354.0,354,0.9090909090909096,0.9090909,0.7336809914641917,0.733681,0.0,0,0.0,0.0,24000,24000.0,0.39142810838832914,0.3914281,0.3418112,0,0.0,0.0,0.0,0.0,7.105427e-12
E8,is2,L,-,s[goods]=0.2,2,CONVERGED,CONVERGED,551.0,551,0.318707946785016,0.3187079,0.7399539160575449,0.7399539,13.0,13,0.0,0.0,24000,24000.0,0.7634586705376878,0.7634587,0.3914281,0,0.0,0.0,0.0,0.0,6.439294e-12
E8,is2,L,-,s[services]=0.2,2,CONVERGED,CONVERGED,509.0,509,0.39829496634772654,0.398295,0.7399539160575449,0.7399539,11.0,11,0.0,0.0,24000,24000.0,0.7699258755525993,0.7699259,0.3914281,0,0.0,0.0,0.0,0.0,5.329071e-12
E8,is2,L,-,sw[master]=0.2,2,CONVERGED,CONVERGED,313.0,313,0.8162253464224712,0.8162253,0.7293824769922382,0.7293825,0.0,0,0.0,0.0,24000,24000.0,0.40045014292915115,0.4004501,0.3914281,56,56.0,0.14428772496524722,0.1442877,5e-324,7.105427e-12
E8,is2,L,-,sw[trained]=0.2,2,CONVERGED,CONVERGED,445.0,445,0.7977398693221638,0.7977399,0.6938764806296345,0.6938765,0.0,0,0.0,0.0,24000,24000.0,0.5065026657862856,0.5065027,0.3914281,0,0.0,0.0,0.0,0.0,2.664535e-12
E8,is2,L,-,tail.services=0.09@dated,2,CONVERGED,CONVERGED,281.0,281,0.984991882375094,0.9849919,0.6611100603683455,0.6611101,0.0,0,0.0,0.0,24000,24000.0,0.39142810838832914,0.3914281,0.3545713,0,0.0,0.0,0.0,0.0,7.549517e-12
E8,is2,L,-,tail.services=0.09@genesis,2,CONVERGED,CONVERGED,281.0,281,0.984991882375094,0.9849919,0.6611100603683455,0.6611101,0.0,0,0.0,0.0,24000,24000.0,0.39142810838832914,0.3914281,0.3545713,0,0.0,0.0,0.0,0.0,3.108624e-12
E8,is2,L,-,tail.services=0.11@dated,2,CONVERGED,CONVERGED,392.0,392,0.8932811972333803,0.8932812,0.7399539160575449,0.7399539,0.0,0,0.0,0.0,24000,24000.0,0.4574613771934009,0.4574614,0.424154,0,0.0,0.0,0.0,0.0,6.661338e-12
E8,is2,L,-,tail.services=0.11@genesis,2,CONVERGED,CONVERGED,395.0,395,0.8928449204838802,0.8928449,0.7399539160575449,0.7399539,0.0,0,0.0,0.0,24000,24000.0,0.4579453716722859,0.4579454,0.424154,0,0.0,0.0,0.0,0.0,4.662937e-12
E8,is2,L,-,JA(0.5),3,CONVERGED,CONVERGED,654.0,654,0.16213475552210135,0.1621348,0.45537059580535155,0.4553706,114.0,114,0.0,0.0,24000,24000.0,0.6777889933010535,0.677789,0.3914281,0,0.0,0.0,0.0,0.0,5.77316e-12
E8,is2,L,-,JA(2),3,CONVERGED,CONVERGED,541.0,541,0.5352023714506176,0.5352024,0.40101248170265485,0.4010125,1.0,1,0.0,0.0,24000,24000.0,0.5071690851535782,0.5071691,0.3914281,0,0.0,0.0,0.0,0.0,5.551115e-12
E8,is2,L,-,JB(0.5),3,CONVERGED,CONVERGED,637.0,637,0.11325840505291954,0.1132584,-0.6463404450623457,-0.6463404,100.0,100,33.0,33.0,24000,24000.0,0.9160782170896388,0.9160782,0.3914281,145,145.0,0.602301070690318,0.6023011,5e-324,7.105427e-12
E8,is2,L,-,JB(2),3,CONVERGED,CONVERGED,606.0,606,0.3638267094605391,0.3638267,0.7399539160575465,0.7399539,53.0,53,0.0,0.0,24000,24000.0,0.5429307728557798,0.5429308,0.3914281,0,0.0,0.0,0.0,0.0,6.661338e-12
E8,is2,L,-,N(0.5),3,CONVERGED,CONVERGED,575.0,575,0.5108804597769858,0.5108805,0.7399539160575449,0.7399539,0.0,0,0.0,0.0,24000,24000.0,0.48956665781131903,0.4895667,0.3914281,0,0.0,0.0,0.0,0.0,5.77316e-12
E8,is2,L,-,N(2),3,CONVERGED,CONVERGED,517.0,517,0.4424882035985653,0.4424882,0.15581425987066788,0.1558143,5.0,5,0.0,0.0,24000,24000.0,0.44500537708607807,0.4450054,0.3914281,0,0.0,0.0,0.0,0.0,2.88658e-12
E8,is2,L,-,RC(0.5),3,CONVERGED,CONVERGED,619.0,619,0.41734238977639204,0.4173424,0.21742021884462698,0.2174202,48.0,48,0.0,0.0,24000,24000.0,0.5837064980391931,0.5837065,0.3914281,0,0.0,0.0,0.0,0.0,9.325873e-12
E8,is2,L,-,RC(2),3,CONVERGED,CONVERGED,556.0,556,0.2613571390832954,0.2613571,0.6930590808133914,0.6930591,41.0,41,0.0,0.0,24000,24000.0,0.5099757816829487,0.5099758,0.3914281,84,84.0,0.6623251614151696,0.6623252,5e-324,3.774758e-12
E8,is2,L,-,RW(0.5),3,CONVERGED,CONVERGED,570.0,570,0.2925987342617904,0.2925987,0.046806735497599616,0.04680674,27.0,27,0.0,0.0,24000,24000.0,0.6025971676940779,0.6025972,0.3914281,0,0.0,0.0,0.0,0.0,6.439294e-12
E8,is2,L,-,RW(2),3,CONVERGED,CONVERGED,589.0,589,0.01565476463276353,0.01565476,0.5883521673672689,0.5883522,56.0,56,0.0,0.0,24000,24000.0,0.9904001340488023,0.9904001,0.3914281,62,62.0,0.724326514011459,0.7243265,5e-324,5.995204e-12
E8,is2,L,-,land.mach=0.2@dated,3,CONVERGED,CONVERGED,559.0,559,0.558297572303259,0.5582976,0.7399539160575449,0.7399539,0.0,0,0.0,0.0,24000,24000.0,0.5590528906731923,0.5590529,0.3878463,0,0.0,0.0,0.0,0.0,1.265654e-11
E8,is2,L,-,land.mach=0.2@genesis,3,CONVERGED,CONVERGED,559.0,559,0.5582975723032597,0.5582976,0.7399539160575449,0.7399539,0.0,0,0.0,0.0,24000,24000.0,0.5586769125570371,0.5586769,0.3878463,0,0.0,0.0,0.0,0.0,8.21565e-12
E8,is2,L,-,land.mach=0.8@dated,3,CONVERGED,CONVERGED,515.0,515,0.15891558537158643,0.1589156,-0.01763172485237448,-0.01763172,95.0,95,12.0,12.0,24000,24000.0,0.6774897924216887,0.6774898,0.3967725,0,0.0,0.0,0.0,0.0,5.551115e-12
E8,is2,L,-,land.mach=0.8@genesis,3,CONVERGED,CONVERGED,515.0,515,0.15911576473505865,0.1591158,-0.017648650684693973,-0.01764865,94.0,94,11.0,11.0,24000,24000.0,0.6773487549474448,0.6773488,0.3967725,0,0.0,0.0,0.0,0.0,5.107026e-12
E8,is2,L,-,p[goods]*0.5,3,CONVERGED,CONVERGED,514.0,514,0.40865806244851194,0.4086581,0.5525378381952378,0.5525378,26.0,26,0.0,0.0,24000,24000.0,0.49358116135533364,0.4935812,0.3914281,81,81.0,0.3484122221029953,0.3484122,5e-324,6.439294e-12
E8,is2,L,-,p[goods]*2,3,CONVERGED,CONVERGED,433.0,433,0.7632192912754395,0.7632193,0.6333443616549372,0.6333444,0.0,0,0.0,0.0,24000,24000.0,0.4606111211612919,0.4606111,0.3914281,0,0.0,0.0,0.0,0.0,8.437695e-12
E8,is2,L,-,p[labour.master]*0.5,3,CONVERGED,CONVERGED,416.0,416,0.5997312586197676,0.5997313,0.7018023266138492,0.7018023,0.0,0,0.0,0.0,24000,24000.0,0.4221481253523944,0.4221481,0.3914281,60,60.0,0.019865645041032456,0.01986565,5e-324,5.77316e-12
E8,is2,L,-,p[labour.master]*2,3,CONVERGED,CONVERGED,439.0,439,0.7898849120930606,0.7898849,0.6893621531284052,0.6893622,0.0,0,0.0,0.0,24000,24000.0,0.4144296180621575,0.4144296,0.3914281,0,0.0,0.0,0.0,0.0,6.883383e-12
E8,is2,L,-,p[labour.trained]*0.5,3,CONVERGED,CONVERGED,581.0,581,0.14447703969790404,0.144477,0.5058003395905533,0.5058003,38.0,38,0.0,0.0,24000,24000.0,0.9005496576841909,0.9005497,0.3914281,0,0.0,0.0,0.0,0.0,3.108624e-12
E8,is2,L,-,p[labour.trained]*2,3,CONVERGED,CONVERGED,463.0,463,0.6958701924991842,0.6958702,0.6744070165659583,0.674407,0.0,0,0.0,0.0,24000,24000.0,0.5649448457241184,0.5649448,0.3914281,0,0.0,0.0,0.0,0.0,5.551115e-12
E8,is2,L,-,p[labour]*0.5,3,CONVERGED,CONVERGED,567.0,567,0.2867762881853775,0.2867763,0.046806735497599616,0.04680674,21.0,21,0.0,0.0,24000,24000.0,0.5867490905451518,0.5867491,0.3914281,0,0.0,0.0,0.0,0.0,7.993606e-12
E8,is2,L,-,p[labour]*2,3,CONVERGED,CONVERGED,506.0,506,0.22413783814280208,0.2241378,0.7139997215646764,0.7139997,8.0,8,0.0,0.0,24000,24000.0,0.8909908597647117,0.8909909,0.3914281,70,70.0,0.019865645041032456,0.01986565,5e-324,5.995204e-12
E8,is2,L,-,p[land]*0.5,3,CONVERGED,CONVERGED,513.0,513,0.6311189947775978,0.631119,0.6796697988369598,0.6796698,0.0,0,0.0,0.0,24000,24000.0,0.5593104085351142,0.5593104,0.3914281,0,0.0,0.0,0.0,0.0,5.107026e-12
E8,is2,L,-,p[land]*2,3,CONVERGED,CONVERGED,626.0,626,0.2674339967530292,0.267434,0.12624145364811515,0.1262415,88.0,88,0.0,0.0,24000,24000.0,0.6136686238789132,0.6136686,0.3914281,0,0.0,0.0,0.0,0.0,5.107026e-12
E8,is2,L,-,p[mach]*0.5,3,CONVERGED,CONVERGED,633.0,633,0.2312713330860159,0.2312713,0.7399539160575491,0.7399539,80.0,80,0.0,0.0,24000,24000.0,0.6206042040460558,0.6206042,0.3914281,0,0.0,0.0,0.0,0.0,6.439294e-12
E8,is2,L,-,p[mach]*2,3,CONVERGED,CONVERGED,559.0,559,0.4771388143255262,0.4771388,-0.03372393189690696,-0.03372393,7.0,7,12.0,12.0,24000,24000.0,0.6047383186870926,0.6047383,0.3914281,0,0.0,0.0,0.0,0.0,8.437695e-12
E8,is2,L,-,p[services]*0.5,3,CONVERGED,CONVERGED,608.0,608,0.48921457851182504,0.4892146,0.22672523015897,0.2267252,14.0,14,0.0,0.0,24000,24000.0,0.5082178504463035,0.5082179,0.3914281,0,0.0,0.0,0.0,0.0,6.439294e-12
E8,is2,L,-,p[services]*2,3,CONVERGED,CONVERGED,480.0,480,0.49239332681563736,0.4923933,0.7399539160575449,0.7399539,5.0,5,0.0,0.0,24000,24000.0,0.44585151000783263,0.4458515,0.3914281,0,0.0,0.0,0.0,0.0,4.884981e-12
E8,is2,L,-,res.services.trained=0.01@dated,3,CONVERGED,CONVERGED,462.0,462,0.6401702249275877,0.6401702,0.6204713386302454,0.6204713,0.0,0,0.0,0.0,24000,24000.0,0.7962662484089424,0.7962662,0.66717,0,0.0,0.0,0.0,0.0,7.549517e-12
E8,is2,L,-,res.services.trained=0.01@genesis,3,CONVERGED,CONVERGED,462.0,462,0.6401995039595662,0.6401995,0.6204713386302447,0.6204713,0.0,0,0.0,0.0,24000,24000.0,0.7963232333450668,0.7963232,0.66717,0,0.0,0.0,0.0,0.0,5.551115e-12
E8,is2,L,-,res.services.trained=0.04@dated,3,CONVERGED,CONVERGED,509.0,509,0.5000000000000001,0.5,0.6777135836415269,0.6777136,0.0,2,0.0,0.0,560,560.0,0.39142810838832914,0.3914281,6.4e-323,0,0.0,0.0,0.0,0.0,6.883383e-12
E8,is2,L,-,res.services.trained=0.04@genesis,3,CONVERGED,CONVERGED,509.0,509,0.5000000000000002,0.5,0.6785476551417388,0.6785477,0.0,0,0.0,0.0,561,561.0,0.39142810838832914,0.3914281,6.4e-323,0,0.0,0.0,0.0,0.0,5.995204e-12
E8,is2,L,-,s[goods]=0.5,3,CONVERGED,CONVERGED,592.0,592,0.10538811732609332,0.1053881,0.7399539160575449,0.7399539,65.0,65,0.0,0.0,24000,24000.0,0.8568153034261461,0.8568153,0.3914281,100,100.0,0.5707245459868101,0.5707245,5e-324,3.774758e-12
E8,is2,L,-,s[services]=0.5,3,CONVERGED,CONVERGED,587.0,587,0.15659835053808396,0.1565984,0.7399539160575449,0.7399539,47.0,47,0.0,0.0,24000,24000.0,0.9117653589674309,0.9117654,0.3914281,0,0.0,0.0,0.0,0.0,4.884981e-12
E8,is2,L,-,sw[master]=0.5,3,CONVERGED,CONVERGED,346.0,346,0.5630326929894004,0.5630327,0.7156408889055004,0.7156409,0.0,0,0.0,0.0,24000,24000.0,0.4119123329561689,0.4119123,0.3914281,56,56.0,0.36071931241311805,0.3607193,5e-324,5.551115e-12
E8,is2,L,-,sw[trained]=0.5,3,CONVERGED,CONVERGED,366.0,366,0.8215956190087229,0.8215956,0.7155617578279506,0.7155618,0.0,0,0.0,0.0,24000,24000.0,0.5,0.5,0.3914281,0,0.0,0.0,0.0,0.0,7.105427e-12
E8,is2,L,-,tail.services=0.05@dated,3,CONVERGED,CONVERGED,380.0,380,0.9229402079721037,0.9229402,0.3057037014384291,0.3057037,0.0,0,0.0,0.0,24000,24000.0,0.39142810838832914,0.3914281,0.1447515,0,0.0,0.0,0.0,0.0,7.327472e-12
E8,is2,L,-,tail.services=0.05@genesis,3,CONVERGED,CONVERGED,380.0,380,0.9229402079721037,0.9229402,0.3057037014384291,0.3057037,0.0,0,0.0,0.0,24000,24000.0,0.39142810838832914,0.3914281,0.1447515,0,0.0,0.0,0.0,0.0,6.883383e-12
E8,is2,L,-,tail.services=0.2@dated,3,CONVERGED,CONVERGED,672.0,672,0.37987338921661884,0.3798734,0.7399539160575449,0.7399539,17.0,17,0.0,0.0,24000,24000.0,0.7706421083094234,0.7706421,0.6091996,641,641.0,0.22012462326535287,0.2201246,1.325235e-283,1.199041e-11
E8,is2,L,-,tail.services=0.2@genesis,3,CONVERGED,CONVERGED,677.0,677,0.37845941218417173,0.3784594,0.7399539160575449,0.7399539,18.0,18,0.0,0.0,24000,24000.0,0.7720565991111981,0.7720566,0.6091996,646,646.0,0.21641222369095148,0.2164122,1.545021e-283,8.65974e-12
E8,is2,L,-,x*/2,3,CONVERGED,CONVERGED,630.0,630,0.0,0.0,0.7399539160575449,0.7399539,92.0,92,0.0,0.0,24000,24000.0,0.9716077822590171,0.9716078,0.3914281,128,128.0,0.6977655644456499,0.6977656,5e-324,7.327472e-12
E8,is2,hold,-,JA(0.95),1,CONVERGED,CONVERGED,453.0,453,0.8880957592985358,0.8880958,0.6977805033057876,0.6977805,0.0,0,0.0,0.0,24000,24000.0,0.4125344571227342,0.4125345,0.3914281,0,0.0,0.0,0.0,0.0,7.993606e-12
E8,is2,hold,-,JA(1.05),1,CONVERGED,CONVERGED,311.0,311,0.9578123188236763,0.9578123,0.7139259338217306,0.7139259,0.0,0,0.0,0.0,24000,24000.0,0.39880634407832594,0.3988063,0.3914281,0,0.0,0.0,0.0,0.0,4.440892e-12
E8,is2,hold,-,JB(0.95),1,CONVERGED,CONVERGED,373.0,373,0.9267600386803874,0.92676,0.6373673272824437,0.6373673,0.0,0,0.0,0.0,24000,24000.0,0.40895821573728214,0.4089582,0.3914281,0,0.0,0.0,0.0,0.0,5.551115e-12
E8,is2,hold,-,JB(1.05),1,CONVERGED,CONVERGED,354.0,354,0.9446940572543765,0.9446941,0.7399539160575489,0.7399539,0.0,0,0.0,0.0,24000,24000.0,0.40236855349380013,0.4023686,0.3914281,0,0.0,0.0,0.0,0.0,1.04361e-11
E8,is2,hold,-,N(0.95),1,CONVERGED,CONVERGED,345.0,345,0.9637440307661492,0.963744,0.7399539160575447,0.7399539,0.0,0,0.0,0.0,24000,24000.0,0.39837816012217164,0.3983782,0.3914281,0,0.0,0.0,0.0,0.0,4.884981e-12
E8,is2,hold,-,N(1.05),1,CONVERGED,CONVERGED,285.0,285,0.9469036384379588,0.9469036,0.6998879970639853,0.699888,0.0,0,0.0,0.0,24000,24000.0,0.3952619513656342,0.395262,0.3914281,0,0.0,0.0,0.0,0.0,7.549517e-12
E8,is2,hold,-,RC(0.95),1,CONVERGED,CONVERGED,376.0,376,0.9453107218629453,0.9453107,0.7025533665819305,0.7025534,0.0,0,0.0,0.0,24000,24000.0,0.402750540153371,0.4027505,0.3914281,0,0.0,0.0,0.0,0.0,5.107026e-12
E8,is2,hold,-,RC(1.05),1,CONVERGED,CONVERGED,338.0,338,0.9110789190522482,0.9110789,0.7249678821923868,0.7249679,0.0,0,0.0,0.0,24000,24000.0,0.40109285278178936,0.4010929,0.3914281,0,0.0,0.0,0.0,0.0,5.995204e-12
E8,is2,hold,-,RW(0.95),1,CONVERGED,CONVERGED,360.0,360,0.8989765286286407,0.8989765,0.6886606216699943,0.6886606,0.0,0,0.0,0.0,24000,24000.0,0.44130197516992903,0.441302,0.3914281,0,0.0,0.0,0.0,0.0,6.439294e-12
E8,is2,hold,-,RW(1.05),1,CONVERGED,CONVERGED,384.0,384,0.8343911300112945,0.8343911,0.7144989488713253,0.7144989,0.0,0,0.0,0.0,24000,24000.0,0.49459211432566,0.4945921,0.3914281,0,0.0,0.0,0.0,0.0,9.547918e-12
E8,is2,hold,-,p[goods]*0.95,1,CONVERGED,CONVERGED,346.0,346,0.9421528664129473,0.9421529,0.722433636605217,0.7224336,0.0,0,0.0,0.0,24000,24000.0,0.39866664149975384,0.3986666,0.3914281,0,0.0,0.0,0.0,0.0,5.329071e-12
E8,is2,hold,-,p[goods]*1.05,1,CONVERGED,CONVERGED,215.0,215,0.9831578377437661,0.9831578,0.7327481814013325,0.7327482,0.0,0,0.0,0.0,24000,24000.0,0.39530043340334464,0.3953004,0.3914281,0,0.0,0.0,0.0,0.0,5.995204e-12
E8,is2,hold,-,p[labour.master]*0.95,1,CONVERGED,CONVERGED,192.0,192,0.9668514462697523,0.9668514,0.7378251999547506,0.7378252,0.0,0,0.0,0.0,24000,24000.0,0.39329679511380655,0.3932968,0.3914281,0,0.0,0.0,0.0,0.0,5.107026e-12
E8,is2,hold,-,p[labour.master]*1.05,1,CONVERGED,CONVERGED,217.0,217,0.9868742167603736,0.9868742,0.7368182369491614,0.7368182,0.0,0,0.0,0.0,24000,24000.0,0.3926990028551473,0.392699,0.3914281,0,0.0,0.0,0.0,0.0,6.883383e-12
E8,is2,hold,-,p[labour.trained]*0.95,1,CONVERGED,CONVERGED,364.0,364,0.8998711285969394,0.8998711,0.7190340356699153,0.719034,0.0,0,0.0,0.0,24000,24000.0,0.4471498107662451,0.4471498,0.3914281,0,0.0,0.0,0.0,0.0,7.993606e-12
E8,is2,hold,-,p[labour.trained]*1.05,1,CONVERGED,CONVERGED,336.0,336,0.9484477290490957,0.9484477,0.7286243959231484,0.7286244,0.0,0,0.0,0.0,24000,24000.0,0.4199207528203012,0.4199208,0.3914281,0,0.0,0.0,0.0,0.0,8.21565e-12
E8,is2,hold,-,p[labour]*0.95,1,CONVERGED,CONVERGED,343.0,343,0.923596345903388,0.9235963,0.6886606216699943,0.6886606,0.0,0,0.0,0.0,24000,24000.0,0.4163575380142167,0.4163575,0.3914281,0,0.0,0.0,0.0,0.0,7.549517e-12
E8,is2,hold,-,p[labour]*1.05,1,CONVERGED,CONVERGED,346.0,346,0.9254054129014977,0.9254054,0.7319857736035691,0.7319858,0.0,0,0.0,0.0,24000,24000.0,0.4445917710371649,0.4445918,0.3914281,0,0.0,0.0,0.0,0.0,5.995204e-12
E8,is2,hold,-,p[land]*0.95,1,CONVERGED,CONVERGED,303.0,303,0.9792138741635451,0.9792139,0.7338860739192604,0.7338861,0.0,0,0.0,0.0,24000,24000.0,0.4030035152970317,0.4030035,0.3914281,0,0.0,0.0,0.0,0.0,5.77316e-12
E8,is2,hold,-,p[land]*1.05,1,CONVERGED,CONVERGED,385.0,385,0.9105567621595365,0.9105568,0.6879082755147169,0.6879083,0.0,0,0.0,0.0,24000,24000.0,0.4062101336210659,0.4062101,0.3914281,0,0.0,0.0,0.0,0.0,6.439294e-12
E8,is2,hold,-,p[mach]*0.95,1,CONVERGED,CONVERGED,382.0,382,0.9229928335918468,0.9229928,0.7220872297464428,0.7220872,0.0,0,0.0,0.0,24000,24000.0,0.4075637516497055,0.4075638,0.3914281,0,0.0,0.0,0.0,0.0,9.103829e-12
E8,is2,hold,-,p[mach]*1.05,1,CONVERGED,CONVERGED,325.0,325,0.9608172979040701,0.9608173,0.6861111045517837,0.6861111,0.0,0,0.0,0.0,24000,24000.0,0.40146580476682514,0.4014658,0.3914281,0,0.0,0.0,0.0,0.0,5.329071e-12
E8,is2,hold,-,p[services]*0.95,1,CONVERGED,CONVERGED,370.0,370,0.9489476491721885,0.9489476,0.7036907573544604,0.7036908,0.0,0,0.0,0.0,24000,24000.0,0.399941402550438,0.3999414,0.3914281,0,0.0,0.0,0.0,0.0,5.551115e-12
E8,is2,hold,-,p[services]*1.05,1,CONVERGED,CONVERGED,312.0,312,0.9528182463698288,0.9528182,0.7385276549608806,0.7385277,0.0,0,0.0,0.0,24000,24000.0,0.3957247407719838,0.3957247,0.3914281,0,0.0,0.0,0.0,0.0,6.439294e-12
E8,is2,hold,-,s[goods]=0.05,1,CONVERGED,CONVERGED,448.0,448,0.6980786437313435,0.6980786,0.7399539160575449,0.7399539,0.0,0,0.0,0.0,24000,24000.0,0.5607213883948083,0.5607214,0.3914281,0,0.0,0.0,0.0,0.0,3.108624e-12
E8,is2,hold,-,s[services]=0.05,1,CONVERGED,CONVERGED,455.0,455,0.7664613275522957,0.7664613,0.7399539160575449,0.7399539,0.0,0,0.0,0.0,24000,24000.0,0.5422141958817205,0.5422142,0.3914281,0,0.0,0.0,0.0,0.0,4.218847e-12
E8,is2,hold,-,sw[master]=0.05,1,CONVERGED,CONVERGED,208.0,208,0.952984290590013,0.9529843,0.7371944915353901,0.7371945,0.0,0,0.0,0.0,24000,24000.0,0.39380450252058036,0.3938045,0.3914281,53,53.0,0.036071931241311805,0.03607193,5e-324,3.996803e-12
E8,is2,hold,-,sw[trained]=0.05,1,CONVERGED,CONVERGED,460.0,460,0.6900608796661194,0.6900609,0.6677952644718744,0.6677953,0.0,0,0.0,0.0,24000,24000.0,0.5684706629241515,0.5684707,0.3914281,0,0.0,0.0,0.0,0.0,4.884981e-12
E8,is2,hold,-,JA(0.8),2,CONVERGED,CONVERGED,574.0,574,0.5899861753678448,0.5899862,0.6031356707053939,0.6031357,0.0,0,0.0,0.0,24000,24000.0,0.486773290961295,0.4867733,0.3914281,0,0.0,0.0,0.0,0.0,6.661338e-12
E8,is2,hold,-,JA(1.2),2,CONVERGED,CONVERGED,422.0,422,0.8505560832529894,0.8505561,0.6442989851606771,0.644299,0.0,0,0.0,0.0,24000,24000.0,0.41955821043694347,0.4195582,0.3914281,0,0.0,0.0,0.0,0.0,6.883383e-12
E8,is2,hold,-,JB(0.8),2,CONVERGED,CONVERGED,498.0,498,0.7108585513405243,0.7108586,0.29366681342912543,0.2936668,0.0,0,0.0,0.0,24000,24000.0,0.4702196517407953,0.4702197,0.3914281,0,0.0,0.0,0.0,0.0,7.771561e-12
E8,is2,hold,-,JB(1.2),2,CONVERGED,CONVERGED,465.0,465,0.8081741358131005,0.8081741,0.7399539160575472,0.7399539,0.0,0,0.0,0.0,24000,24000.0,0.4318440041883568,0.431844,0.3914281,0,0.0,0.0,0.0,0.0,6.217249e-12
E8,is2,hold,-,N(0.8),2,CONVERGED,CONVERGED,462.0,462,0.840499495964213,0.8404995,0.7399539160575449,0.7399539,0.0,0,0.0,0.0,24000,24000.0,0.4217262579789055,0.4217263,0.3914281,0,0.0,0.0,0.0,0.0,7.105427e-12
E8,is2,hold,-,N(1.2),2,CONVERGED,CONVERGED,393.0,393,0.8141627345328553,0.8141627,0.5890762981372829,0.5890763,0.0,0,0.0,0.0,24000,24000.0,0.4058145608476546,0.4058146,0.3914281,0,0.0,0.0,0.0,0.0,7.105427e-12
E8,is2,hold,-,RC(0.8),2,CONVERGED,CONVERGED,496.0,496,0.7746674563493925,0.7746675,0.5736524633924631,0.5736525,0.0,0,0.0,0.0,24000,24000.0,0.4443593379671823,0.4443593,0.3914281,0,0.0,0.0,0.0,0.0,3.552714e-12
E8,is2,hold,-,RC(1.2),2,CONVERGED,CONVERGED,445.0,445,0.7045919585532556,0.704592,0.698362317178941,0.6983623,0.0,0,0.0,0.0,24000,24000.0,0.42392271390826014,0.4239227,0.3914281,0,0.0,0.0,0.0,0.0,4.884981e-12
E8,is2,hold,-,RW(0.8),2,CONVERGED,CONVERGED,463.0,463,0.6736695350747657,0.6736695,0.5168103647433352,0.5168104,0.0,0,0.0,0.0,24000,24000.0,0.5231734258199573,0.5231734,0.3914281,0,0.0,0.0,0.0,0.0,6.217249e-12
E8,is2,hold,-,RW(1.2),2,CONVERGED,CONVERGED,484.0,484,0.4700624889199927,0.4700625,0.6647783938149823,0.6647784,4.0,4,0.0,0.0,24000,24000.0,0.7207539754946509,0.720754,0.3914281,0,0.0,0.0,0.0,0.0,7.771561e-12
E8,is2,hold,-,land.mach=0.36@dated,2,CONVERGED,CONVERGED,338.0,338,0.9342400154340315,0.93424,0.7399539160575449,0.7399539,0.0,0,0.0,0.0,24000,24000.0,0.41478595155854137,0.414786,0.3907713,0,0.0,0.0,0.0,0.0,8.65974e-12
E8,is2,hold,-,land.mach=0.36@genesis,2,CONVERGED,CONVERGED,338.0,338,0.9342400154340319,0.93424,0.7399539160575449,0.7399539,0.0,0,0.0,0.0,24000,24000.0,0.41473895489406976,0.414739,0.3907713,0,0.0,0.0,0.0,0.0,6.883383e-12
E8,is2,hold,-,land.mach=0.44@dated,2,CONVERGED,CONVERGED,465.0,465,0.8100916370414688,0.8100916,0.5761357229108857,0.5761357,0.0,0,0.0,0.0,24000,24000.0,0.429563955251722,0.429564,0.3920587,0,0.0,0.0,0.0,0.0,9.992007e-12
E8,is2,hold,-,land.mach=0.44@genesis,2,CONVERGED,CONVERGED,465.0,465,0.810312796898049,0.8103128,0.5761491039583542,0.5761491,0.0,0,0.0,0.0,24000,24000.0,0.42930364368818275,0.4293036,0.3920587,0,0.0,0.0,0.0,0.0,7.327472e-12
E8,is2,hold,-,p[goods]*0.8,2,CONVERGED,CONVERGED,461.0,461,0.7680897361463557,0.7680897,0.6699319317458624,0.6699319,0.0,0,0.0,0.0,24000,24000.0,0.4241156993700429,0.4241157,0.3914281,0,0.0,0.0,0.0,0.0,5.551115e-12
E8,is2,hold,-,p[goods]*1.2,2,CONVERGED,CONVERGED,319.0,319,0.9373900900085096,0.9373901,0.712862516580155,0.7128625,0.0,0,0.0,0.0,24000,24000.0,0.40657758396744237,0.4065776,0.3914281,0,0.0,0.0,0.0,0.0,7.327472e-12
E8,is2,hold,-,p[labour.master]*0.8,2,CONVERGED,CONVERGED,303.0,303,0.860847568281013,0.8608476,0.7300788806562524,0.7300789,0.0,0,0.0,0.0,24000,24000.0,0.39998178797423123,0.3999818,0.3914281,0,0.0,0.0,0.0,0.0,5.329071e-12
E8,is2,hold,-,p[labour.master]*1.2,2,CONVERGED,CONVERGED,324.0,324,0.9494859754518353,0.949486,0.7278738323361844,0.7278738,0.0,0,0.0,0.0,24000,24000.0,0.3964242950487784,0.3964243,0.3914281,0,0.0,0.0,0.0,0.0,5.77316e-12
E8,is2,hold,-,p[labour.trained]*0.8,2,CONVERGED,CONVERGED,476.0,476,0.6080304601315669,0.6080305,0.6542522866490801,0.6542523,0.0,0,0.0,0.0,24000,24000.0,0.6158867027583678,0.6158867,0.3914281,0,0.0,0.0,0.0,0.0,8.437695e-12
E8,is2,hold,-,p[labour.trained]*1.2,2,CONVERGED,CONVERGED,383.0,383,0.844070022061896,0.84407,0.7048803390057864,0.7048803,0.0,0,0.0,0.0,24000,24000.0,0.47938822399897685,0.4793882,0.3914281,0,0.0,0.0,0.0,0.0,9.547918e-12
E8,is2,hold,-,p[labour]*0.8,2,CONVERGED,CONVERGED,456.0,456,0.7033693643561442,0.7033694,0.5168103647433352,0.5168104,0.0,0,0.0,0.0,24000,24000.0,0.47410619249676134,0.4741062,0.3914281,0,0.0,0.0,0.0,0.0,7.105427e-12
E8,is2,hold,-,p[labour]*1.2,2,CONVERGED,CONVERGED,454.0,454,0.7336709545629531,0.733671,0.71731097666401,0.717311,0.0,0,0.0,0.0,24000,24000.0,0.5765497543247409,0.5765498,0.3914281,0,0.0,0.0,0.0,0.0,4.884981e-12
E8,is2,hold,-,p[land]*0.8,2,CONVERGED,CONVERGED,416.0,416,0.9026977370865428,0.9026977,0.7155549106552537,0.7155549,0.0,0,0.0,0.0,24000,24000.0,0.4432558336785733,0.4432558,0.3914281,0,0.0,0.0,0.0,0.0,9.769963e-12
E8,is2,hold,-,p[land]*1.2,2,CONVERGED,CONVERGED,493.0,493,0.7050017101861863,0.7050017,0.5581740573286302,0.5581741,0.0,0,0.0,0.0,24000,24000.0,0.4478350548063472,0.4478351,0.3914281,0,0.0,0.0,0.0,0.0,4.662937e-12
E8,is2,hold,-,p[mach]*0.8,2,CONVERGED,CONVERGED,504.0,504,0.6886590277374275,0.688659,0.694795589457261,0.6947956,0.0,0,0.0,0.0,24000,24000.0,0.4596332799966473,0.4596333,0.3914281,0,0.0,0.0,0.0,0.0,7.771561e-12
E8,is2,hold,-,p[mach]*1.2,2,CONVERGED,CONVERGED,436.0,436,0.8563648418825351,0.8563648,0.5368935964068853,0.5368936,0.0,0,0.0,0.0,24000,24000.0,0.4303299187669724,0.4303299,0.3914281,0,0.0,0.0,0.0,0.0,5.77316e-12
E8,is2,hold,-,p[services]*0.8,2,CONVERGED,CONVERGED,488.0,488,0.7988935248109645,0.7988935,0.5795365314483596,0.5795365,0.0,0,0.0,0.0,24000,24000.0,0.4282789510037369,0.428279,0.3914281,0,0.0,0.0,0.0,0.0,5.77316e-12
E8,is2,hold,-,p[services]*1.2,2,CONVERGED,CONVERGED,421.0,421,0.8330190453815772,0.833019,0.7377819993578795,0.737782,0.0,0,0.0,0.0,24000,24000.0,0.4072725217754887,0.4072725,0.3914281,0,0.0,0.0,0.0,0.0,6.439294e-12
E8,is2,hold,-,res.services.trained=0.018@dated,2,CONVERGED,CONVERGED,321.0,321,0.9472257032351346,0.9472257,0.7166197530495414,0.7166198,0.0,0,0.0,0.0,24000,24000.0,0.47657509354688987,0.4765751,0.4427552,0,0.0,0.0,0.0,0.0,7.771561e-12
E8,is2,hold,-,res.services.trained=0.018@genesis,2,CONVERGED,CONVERGED,321.0,321,0.9472497350984393,0.9472497,0.7166197530495423,0.7166198,0.0,0,0.0,0.0,24000,24000.0,0.47659740274927265,0.4765974,0.4427552,0,0.0,0.0,0.0,0.0,7.549517e-12
E8,is2,hold,-,res.services.trained=0.022@dated,2,CONVERGED,CONVERGED,354.0,354,0.9090909090909094,0.9090909,0.7335811818484806,0.7335812,0.0,0,0.0,0.0,24000,24000.0,0.39142810838832914,0.3914281,0.3418112,0,0.0,0.0,0.0,0.0,7.993606e-12
E8,is2,hold,-,res.services.trained=0.022@genesis,2,CONVERGED,CONVERGED,354.0,354,0.9090909090909096,0.9090909,0.7336809914641917,0.733681,0.0,0,0.0,0.0,24000,24000.0,0.39142810838832914,0.3914281,0.3418112,0,0.0,0.0,0.0,0.0,7.105427e-12
E8,is2,hold,-,s[goods]=0.2,2,CONVERGED,CONVERGED,551.0,551,0.318707946785016,0.3187079,0.7399539160575449,0.7399539,13.0,13,0.0,0.0,24000,24000.0,0.7634586705376878,0.7634587,0.3914281,0,0.0,0.0,0.0,0.0,6.439294e-12
E8,is2,hold,-,s[services]=0.2,2,CONVERGED,CONVERGED,509.0,509,0.39829496634772654,0.398295,0.7399539160575449,0.7399539,11.0,11,0.0,0.0,24000,24000.0,0.7699258755525993,0.7699259,0.3914281,0,0.0,0.0,0.0,0.0,5.329071e-12
E8,is2,hold,-,sw[master]=0.2,2,CONVERGED,CONVERGED,313.0,313,0.8162253464224712,0.8162253,0.7293824769922382,0.7293825,0.0,0,0.0,0.0,24000,24000.0,0.40045014292915115,0.4004501,0.3914281,56,56.0,0.14428772496524722,0.1442877,5e-324,7.105427e-12
E8,is2,hold,-,sw[trained]=0.2,2,CONVERGED,CONVERGED,445.0,445,0.7977398693221638,0.7977399,0.6938764806296345,0.6938765,0.0,0,0.0,0.0,24000,24000.0,0.5065026657862856,0.5065027,0.3914281,0,0.0,0.0,0.0,0.0,2.664535e-12
E8,is2,hold,-,tail.services=0.09@dated,2,CONVERGED,CONVERGED,281.0,281,0.984991882375094,0.9849919,0.6611100603683455,0.6611101,0.0,0,0.0,0.0,24000,24000.0,0.39142810838832914,0.3914281,0.3545713,0,0.0,0.0,0.0,0.0,7.549517e-12
E8,is2,hold,-,tail.services=0.09@genesis,2,CONVERGED,CONVERGED,281.0,281,0.984991882375094,0.9849919,0.6611100603683455,0.6611101,0.0,0,0.0,0.0,24000,24000.0,0.39142810838832914,0.3914281,0.3545713,0,0.0,0.0,0.0,0.0,3.108624e-12
E8,is2,hold,-,tail.services=0.11@dated,2,CONVERGED,CONVERGED,392.0,392,0.8932811972333803,0.8932812,0.7399539160575449,0.7399539,0.0,0,0.0,0.0,24000,24000.0,0.4574613771934009,0.4574614,0.424154,0,0.0,0.0,0.0,0.0,6.661338e-12
E8,is2,hold,-,tail.services=0.11@genesis,2,CONVERGED,CONVERGED,395.0,395,0.8928449204838802,0.8928449,0.7399539160575449,0.7399539,0.0,0,0.0,0.0,24000,24000.0,0.4579453716722859,0.4579454,0.424154,0,0.0,0.0,0.0,0.0,4.662937e-12
E8,is2,nbhd,adjust.*=0.75,JA(0.5),3,CONVERGED,CONVERGED,654.0,654,0.16213475552210135,0.1621348,0.45537059580535155,0.4553706,114.0,114,0.0,0.0,24000,24000.0,0.6777889933010535,0.677789,0.3914281,0,0.0,0.0,0.0,0.0,5.77316e-12
E8,is2,nbhd,adjust.*=0.75,JA(2),3,CONVERGED,CONVERGED,541.0,541,0.5352023714506176,0.5352024,0.40101248170265485,0.4010125,1.0,1,0.0,0.0,24000,24000.0,0.5071690851535782,0.5071691,0.3914281,0,0.0,0.0,0.0,0.0,5.551115e-12
E8,is2,nbhd,adjust.*=0.75,JB(0.5),3,CONVERGED,CONVERGED,643.0,643,0.12390826625316154,0.1239083,-0.6463404450623457,-0.6463404,104.0,104,32.0,32.0,24000,24000.0,0.9035684224864352,0.9035684,0.3914281,155,155.0,0.5667483786712082,0.5667484,5e-324,7.327472e-12
E8,is2,nbhd,adjust.*=0.75,JB(2),3,CONVERGED,CONVERGED,606.0,606,0.3638267094605391,0.3638267,0.7399539160575465,0.7399539,53.0,53,0.0,0.0,24000,24000.0,0.5429307728557798,0.5429308,0.3914281,0,0.0,0.0,0.0,0.0,6.661338e-12
E8,is2,nbhd,adjust.*=0.75,N(0.5),3,CONVERGED,CONVERGED,575.0,575,0.5108804597769858,0.5108805,0.7399539160575449,0.7399539,0.0,0,0.0,0.0,24000,24000.0,0.48956665781131903,0.4895667,0.3914281,0,0.0,0.0,0.0,0.0,5.77316e-12
E8,is2,nbhd,adjust.*=0.75,N(2),3,CONVERGED,CONVERGED,517.0,517,0.4424882035985653,0.4424882,0.15581425987066788,0.1558143,5.0,5,0.0,0.0,24000,24000.0,0.44500537708607807,0.4450054,0.3914281,0,0.0,0.0,0.0,0.0,2.88658e-12
E8,is2,nbhd,adjust.*=0.75,RC(0.5),3,CONVERGED,CONVERGED,619.0,619,0.41734238977639204,0.4173424,0.21742021884462698,0.2174202,48.0,48,0.0,0.0,24000,24000.0,0.5837064980391931,0.5837065,0.3914281,0,0.0,0.0,0.0,0.0,9.325873e-12
E8,is2,nbhd,adjust.*=0.75,RC(2),3,CONVERGED,CONVERGED,556.0,556,0.2613571390832954,0.2613571,0.6930590808133914,0.6930591,41.0,41,0.0,0.0,24000,24000.0,0.5099757816829487,0.5099758,0.3914281,84,84.0,0.6623251614151696,0.6623252,5e-324,3.774758e-12
E8,is2,nbhd,adjust.*=0.75,RW(0.5),3,CONVERGED,CONVERGED,570.0,570,0.2925987342617904,0.2925987,0.046806735497599616,0.04680674,27.0,27,0.0,0.0,24000,24000.0,0.6025971676940779,0.6025972,0.3914281,0,0.0,0.0,0.0,0.0,6.439294e-12
E8,is2,nbhd,adjust.*=0.75,RW(2),3,CONVERGED,CONVERGED,589.0,589,0.01565476463276353,0.01565476,0.5883521673672689,0.5883522,56.0,56,0.0,0.0,24000,24000.0,0.9904001340488023,0.9904001,0.3914281,62,62.0,0.724326514011459,0.7243265,5e-324,5.995204e-12
E8,is2,nbhd,adjust.*=0.75,land.mach=0.2@dated,3,CONVERGED,CONVERGED,559.0,559,0.558297572303259,0.5582976,0.7399539160575449,0.7399539,0.0,0,0.0,0.0,24000,24000.0,0.5590528906731923,0.5590529,0.3878463,0,0.0,0.0,0.0,0.0,1.265654e-11
E8,is2,nbhd,adjust.*=0.75,land.mach=0.2@genesis,3,CONVERGED,CONVERGED,559.0,559,0.5582975723032597,0.5582976,0.7399539160575449,0.7399539,0.0,0,0.0,0.0,24000,24000.0,0.5586769125570371,0.5586769,0.3878463,0,0.0,0.0,0.0,0.0,8.21565e-12
E8,is2,nbhd,adjust.*=0.75,land.mach=0.8@dated,3,CONVERGED,CONVERGED,515.0,515,0.15856840855371515,0.1585684,-0.0193787804288401,-0.01937878,95.0,95,13.0,13.0,24000,24000.0,0.6777698179438149,0.6777698,0.3967725,0,0.0,0.0,0.0,0.0,5.551115e-12
E8,is2,nbhd,adjust.*=0.75,land.mach=0.8@genesis,3,CONVERGED,CONVERGED,516.0,516,0.15878366260810398,0.1587837,-0.019084731543976746,-0.01908473,94.0,94,12.0,12.0,24000,24000.0,0.6775341510569459,0.6775342,0.3967725,0,0.0,0.0,0.0,0.0,4.218847e-12
E8,is2,nbhd,adjust.*=0.75,p[goods]*0.5,3,CONVERGED,CONVERGED,514.0,514,0.40865806244851194,0.4086581,0.5525378381952378,0.5525378,26.0,26,0.0,0.0,24000,24000.0,0.49358116135533364,0.4935812,0.3914281,81,81.0,0.3484122221029953,0.3484122,5e-324,6.439294e-12
E8,is2,nbhd,adjust.*=0.75,p[goods]*2,3,CONVERGED,CONVERGED,433.0,433,0.7632192912754395,0.7632193,0.6333443616549372,0.6333444,0.0,0,0.0,0.0,24000,24000.0,0.4606111211612919,0.4606111,0.3914281,0,0.0,0.0,0.0,0.0,8.437695e-12
E8,is2,nbhd,adjust.*=0.75,p[labour.master]*0.5,3,CONVERGED,CONVERGED,416.0,416,0.5997312586197676,0.5997313,0.7018023266138492,0.7018023,0.0,0,0.0,0.0,24000,24000.0,0.4221481253523944,0.4221481,0.3914281,60,60.0,0.019865645041032456,0.01986565,5e-324,5.77316e-12
E8,is2,nbhd,adjust.*=0.75,p[labour.master]*2,3,CONVERGED,CONVERGED,439.0,439,0.7898849120930606,0.7898849,0.6893621531284052,0.6893622,0.0,0,0.0,0.0,24000,24000.0,0.4144296180621575,0.4144296,0.3914281,0,0.0,0.0,0.0,0.0,6.883383e-12
E8,is2,nbhd,adjust.*=0.75,p[labour.trained]*0.5,3,CONVERGED,CONVERGED,581.0,581,0.14447703969790404,0.144477,0.5058003395905533,0.5058003,38.0,38,0.0,0.0,24000,24000.0,0.9005496576841909,0.9005497,0.3914281,0,0.0,0.0,0.0,0.0,3.108624e-12
E8,is2,nbhd,adjust.*=0.75,p[labour.trained]*2,3,CONVERGED,CONVERGED,463.0,463,0.6958701924991842,0.6958702,0.6744070165659583,0.674407,0.0,0,0.0,0.0,24000,24000.0,0.5649448457241184,0.5649448,0.3914281,0,0.0,0.0,0.0,0.0,5.551115e-12
E8,is2,nbhd,adjust.*=0.75,p[labour]*0.5,3,CONVERGED,CONVERGED,567.0,567,0.2867762881853775,0.2867763,0.046806735497599616,0.04680674,21.0,21,0.0,0.0,24000,24000.0,0.5867490905451518,0.5867491,0.3914281,0,0.0,0.0,0.0,0.0,7.993606e-12
E8,is2,nbhd,adjust.*=0.75,p[labour]*2,3,CONVERGED,CONVERGED,506.0,506,0.22413783814280208,0.2241378,0.7139997215646764,0.7139997,8.0,8,0.0,0.0,24000,24000.0,0.8909908597647117,0.8909909,0.3914281,70,70.0,0.019865645041032456,0.01986565,5e-324,5.995204e-12
E8,is2,nbhd,adjust.*=0.75,p[land]*0.5,3,CONVERGED,CONVERGED,513.0,513,0.6311189947775978,0.631119,0.6796697988369598,0.6796698,0.0,0,0.0,0.0,24000,24000.0,0.5593104085351142,0.5593104,0.3914281,0,0.0,0.0,0.0,0.0,5.107026e-12
E8,is2,nbhd,adjust.*=0.75,p[land]*2,3,CONVERGED,CONVERGED,626.0,626,0.2674339967530292,0.267434,0.12624145364811515,0.1262415,88.0,88,0.0,0.0,24000,24000.0,0.6136686238789132,0.6136686,0.3914281,0,0.0,0.0,0.0,0.0,5.107026e-12
E8,is2,nbhd,adjust.*=0.75,p[mach]*0.5,3,CONVERGED,CONVERGED,633.0,633,0.2312713330860159,0.2312713,0.7399539160575491,0.7399539,80.0,80,0.0,0.0,24000,24000.0,0.6206042040460558,0.6206042,0.3914281,0,0.0,0.0,0.0,0.0,6.439294e-12
E8,is2,nbhd,adjust.*=0.75,p[mach]*2,3,CONVERGED,CONVERGED,560.0,560,0.4840403505756801,0.4840404,-0.036242713744593105,-0.03624271,6.0,6,13.0,13.0,24000,24000.0,0.5973261552499108,0.5973262,0.3914281,0,0.0,0.0,0.0,0.0,8.437695e-12
E8,is2,nbhd,adjust.*=0.75,p[services]*0.5,3,CONVERGED,CONVERGED,608.0,608,0.48921457851182504,0.4892146,0.22672523015897,0.2267252,14.0,14,0.0,0.0,24000,24000.0,0.5082178504463035,0.5082179,0.3914281,0,0.0,0.0,0.0,0.0,6.439294e-12
E8,is2,nbhd,adjust.*=0.75,p[services]*2,3,CONVERGED,CONVERGED,480.0,480,0.49239332681563736,0.4923933,0.7399539160575449,0.7399539,5.0,5,0.0,0.0,24000,24000.0,0.44585151000783263,0.4458515,0.3914281,0,0.0,0.0,0.0,0.0,4.884981e-12
E8,is2,nbhd,adjust.*=0.75,res.services.trained=0.01@dated,3,CONVERGED,CONVERGED,462.0,462,0.6401702249275877,0.6401702,0.6204713386302454,0.6204713,0.0,0,0.0,0.0,24000,24000.0,0.7962662484089424,0.7962662,0.66717,0,0.0,0.0,0.0,0.0,7.549517e-12
E8,is2,nbhd,adjust.*=0.75,res.services.trained=0.01@genesis,3,CONVERGED,CONVERGED,462.0,462,0.6401995039595662,0.6401995,0.6204713386302447,0.6204713,0.0,0,0.0,0.0,24000,24000.0,0.7963232333450668,0.7963232,0.66717,0,0.0,0.0,0.0,0.0,5.551115e-12
E8,is2,nbhd,adjust.*=0.75,res.services.trained=0.04@dated,3,CONVERGED,CONVERGED,509.0,509,0.5000000000000001,0.5,0.6777135836415269,0.6777136,0.0,2,0.0,0.0,560,560.0,0.39142810838832914,0.3914281,6.4e-323,0,0.0,0.0,0.0,0.0,6.883383e-12
E8,is2,nbhd,adjust.*=0.75,res.services.trained=0.04@genesis,3,CONVERGED,CONVERGED,509.0,509,0.5000000000000002,0.5,0.6785476551417388,0.6785477,0.0,0,0.0,0.0,561,561.0,0.39142810838832914,0.3914281,6.4e-323,0,0.0,0.0,0.0,0.0,5.995204e-12
E8,is2,nbhd,adjust.*=0.75,s[goods]=0.5,3,CONVERGED,CONVERGED,609.0,609,0.10097608766525944,0.1009761,0.7399539160575449,0.7399539,74.0,74,0.0,0.0,24000,24000.0,0.862553338356927,0.8625533,0.3914281,115,115.0,0.6573594439825451,0.6573594,5e-324,7.549517e-12
E8,is2,nbhd,adjust.*=0.75,s[services]=0.5,3,CONVERGED,CONVERGED,596.0,596,0.1381211267331766,0.1381211,0.7399539160575449,0.7399539,61.0,61,0.0,0.0,24000,24000.0,0.921485478944748,0.9214855,0.3914281,105,105.0,0.09471769380897527,0.09471769,5e-324,5.551115e-12
E8,is2,nbhd,adjust.*=0.75,sw[master]=0.5,3,CONVERGED,CONVERGED,346.0,346,0.5630326929894004,0.5630327,0.7156408889055004,0.7156409,0.0,0,0.0,0.0,24000,24000.0,0.4119123329561689,0.4119123,0.3914281,56,56.0,0.36071931241311805,0.3607193,5e-324,5.551115e-12
E8,is2,nbhd,adjust.*=0.75,sw[trained]=0.5,3,CONVERGED,CONVERGED,366.0,366,0.8215956190087229,0.8215956,0.7155617578279506,0.7155618,0.0,0,0.0,0.0,24000,24000.0,0.5,0.5,0.3914281,0,0.0,0.0,0.0,0.0,7.105427e-12
E8,is2,nbhd,adjust.*=0.75,tail.services=0.05@dated,3,CONVERGED,CONVERGED,380.0,380,0.9229402079721037,0.9229402,0.3057037014384291,0.3057037,0.0,0,0.0,0.0,24000,24000.0,0.39142810838832914,0.3914281,0.1447515,0,0.0,0.0,0.0,0.0,7.327472e-12
E8,is2,nbhd,adjust.*=0.75,tail.services=0.05@genesis,3,CONVERGED,CONVERGED,380.0,380,0.9229402079721037,0.9229402,0.3057037014384291,0.3057037,0.0,0,0.0,0.0,24000,24000.0,0.39142810838832914,0.3914281,0.1447515,0,0.0,0.0,0.0,0.0,6.883383e-12
E8,is2,nbhd,adjust.*=0.75,tail.services=0.2@dated,3,CONVERGED,CONVERGED,672.0,672,0.37987338921661884,0.3798734,0.7399539160575449,0.7399539,17.0,17,0.0,0.0,24000,24000.0,0.7706421083094234,0.7706421,0.6091996,641,641.0,0.22012462326535287,0.2201246,1.325235e-283,1.199041e-11
E8,is2,nbhd,adjust.*=0.75,tail.services=0.2@genesis,3,CONVERGED,CONVERGED,677.0,677,0.37845941218417173,0.3784594,0.7399539160575449,0.7399539,18.0,18,0.0,0.0,24000,24000.0,0.7720565991111981,0.7720566,0.6091996,646,646.0,0.21641222369095148,0.2164122,1.545021e-283,8.65974e-12
E8,is2,nbhd,adjust.*=0.75,x*/2,3,CONVERGED,CONVERGED,648.0,648,0.0,0.0,0.7399539160575449,0.7399539,106.0,106,0.0,0.0,24000,24000.0,0.9758424870361027,0.9758425,0.3914281,169,169.0,0.7607961105326883,0.7607961,5e-324,9.547918e-12
E8,is2,nbhd,adjust.*=0.9,JA(0.5),3,CONVERGED,CONVERGED,654.0,654,0.16213475552210135,0.1621348,0.45537059580535155,0.4553706,114.0,114,0.0,0.0,24000,24000.0,0.6777889933010535,0.677789,0.3914281,0,0.0,0.0,0.0,0.0,5.77316e-12
E8,is2,nbhd,adjust.*=0.9,JA(2),3,CONVERGED,CONVERGED,541.0,541,0.5352023714506176,0.5352024,0.40101248170265485,0.4010125,1.0,1,0.0,0.0,24000,24000.0,0.5071690851535782,0.5071691,0.3914281,0,0.0,0.0,0.0,0.0,5.551115e-12
E8,is2,nbhd,adjust.*=0.9,JB(0.5),3,CONVERGED,CONVERGED,639.0,639,0.11684785643223085,0.1168479,-0.6463404450623457,-0.6463404,102.0,102,33.0,33.0,24000,24000.0,0.9118079394788036,0.9118079,0.3914281,148,148.0,0.5896432041553274,0.5896432,5e-324,7.327472e-12
E8,is2,nbhd,adjust.*=0.9,JB(2),3,CONVERGED,CONVERGED,606.0,606,0.3638267094605391,0.3638267,0.7399539160575465,0.7399539,53.0,53,0.0,0.0,24000,24000.0,0.5429307728557798,0.5429308,0.3914281,0,0.0,0.0,0.0,0.0,6.661338e-12
E8,is2,nbhd,adjust.*=0.9,N(0.5),3,CONVERGED,CONVERGED,575.0,575,0.5108804597769858,0.5108805,0.7399539160575449,0.7399539,0.0,0,0.0,0.0,24000,24000.0,0.48956665781131903,0.4895667,0.3914281,0,0.0,0.0,0.0,0.0,5.77316e-12
E8,is2,nbhd,adjust.*=0.9,N(2),3,CONVERGED,CONVERGED,517.0,517,0.4424882035985653,0.4424882,0.15581425987066788,0.1558143,5.0,5,0.0,0.0,24000,24000.0,0.44500537708607807,0.4450054,0.3914281,0,0.0,0.0,0.0,0.0,2.88658e-12
E8,is2,nbhd,adjust.*=0.9,RC(0.5),3,CONVERGED,CONVERGED,619.0,619,0.41734238977639204,0.4173424,0.21742021884462698,0.2174202,48.0,48,0.0,0.0,24000,24000.0,0.5837064980391931,0.5837065,0.3914281,0,0.0,0.0,0.0,0.0,9.325873e-12
E8,is2,nbhd,adjust.*=0.9,RC(2),3,CONVERGED,CONVERGED,556.0,556,0.2613571390832954,0.2613571,0.6930590808133914,0.6930591,41.0,41,0.0,0.0,24000,24000.0,0.5099757816829487,0.5099758,0.3914281,84,84.0,0.6623251614151696,0.6623252,5e-324,3.774758e-12
E8,is2,nbhd,adjust.*=0.9,RW(0.5),3,CONVERGED,CONVERGED,570.0,570,0.2925987342617904,0.2925987,0.046806735497599616,0.04680674,27.0,27,0.0,0.0,24000,24000.0,0.6025971676940779,0.6025972,0.3914281,0,0.0,0.0,0.0,0.0,6.439294e-12
E8,is2,nbhd,adjust.*=0.9,RW(2),3,CONVERGED,CONVERGED,589.0,589,0.01565476463276353,0.01565476,0.5883521673672689,0.5883522,56.0,56,0.0,0.0,24000,24000.0,0.9904001340488023,0.9904001,0.3914281,62,62.0,0.724326514011459,0.7243265,5e-324,5.995204e-12
E8,is2,nbhd,adjust.*=0.9,land.mach=0.2@dated,3,CONVERGED,CONVERGED,559.0,559,0.558297572303259,0.5582976,0.7399539160575449,0.7399539,0.0,0,0.0,0.0,24000,24000.0,0.5590528906731923,0.5590529,0.3878463,0,0.0,0.0,0.0,0.0,1.265654e-11
E8,is2,nbhd,adjust.*=0.9,land.mach=0.2@genesis,3,CONVERGED,CONVERGED,559.0,559,0.5582975723032597,0.5582976,0.7399539160575449,0.7399539,0.0,0,0.0,0.0,24000,24000.0,0.5586769125570371,0.5586769,0.3878463,0,0.0,0.0,0.0,0.0,8.21565e-12
E8,is2,nbhd,adjust.*=0.9,land.mach=0.8@dated,3,CONVERGED,CONVERGED,515.0,515,0.15876845520426452,0.1587685,-0.018308837824574414,-0.01830884,95.0,95,12.0,12.0,24000,24000.0,0.6776010503162904,0.6776011,0.3967725,0,0.0,0.0,0.0,0.0,3.996803e-12
E8,is2,nbhd,adjust.*=0.9,land.mach=0.8@genesis,3,CONVERGED,CONVERGED,515.0,515,0.1589714625512725,0.1589715,-0.018207848248776935,-0.01820785,94.0,94,12.0,12.0,24000,24000.0,0.6774635174459712,0.6774635,0.3967725,0,0.0,0.0,0.0,0.0,3.996803e-12
E8,is2,nbhd,adjust.*=0.9,p[goods]*0.5,3,CONVERGED,CONVERGED,514.0,514,0.40865806244851194,0.4086581,0.5525378381952378,0.5525378,26.0,26,0.0,0.0,24000,24000.0,0.49358116135533364,0.4935812,0.3914281,81,81.0,0.3484122221029953,0.3484122,5e-324,6.439294e-12
E8,is2,nbhd,adjust.*=0.9,p[goods]*2,3,CONVERGED,CONVERGED,433.0,433,0.7632192912754395,0.7632193,0.6333443616549372,0.6333444,0.0,0,0.0,0.0,24000,24000.0,0.4606111211612919,0.4606111,0.3914281,0,0.0,0.0,0.0,0.0,8.437695e-12
E8,is2,nbhd,adjust.*=0.9,p[labour.master]*0.5,3,CONVERGED,CONVERGED,416.0,416,0.5997312586197676,0.5997313,0.7018023266138492,0.7018023,0.0,0,0.0,0.0,24000,24000.0,0.4221481253523944,0.4221481,0.3914281,60,60.0,0.019865645041032456,0.01986565,5e-324,5.77316e-12
E8,is2,nbhd,adjust.*=0.9,p[labour.master]*2,3,CONVERGED,CONVERGED,439.0,439,0.7898849120930606,0.7898849,0.6893621531284052,0.6893622,0.0,0,0.0,0.0,24000,24000.0,0.4144296180621575,0.4144296,0.3914281,0,0.0,0.0,0.0,0.0,6.883383e-12
E8,is2,nbhd,adjust.*=0.9,p[labour.trained]*0.5,3,CONVERGED,CONVERGED,581.0,581,0.14447703969790404,0.144477,0.5058003395905533,0.5058003,38.0,38,0.0,0.0,24000,24000.0,0.9005496576841909,0.9005497,0.3914281,0,0.0,0.0,0.0,0.0,3.108624e-12
E8,is2,nbhd,adjust.*=0.9,p[labour.trained]*2,3,CONVERGED,CONVERGED,463.0,463,0.6958701924991842,0.6958702,0.6744070165659583,0.674407,0.0,0,0.0,0.0,24000,24000.0,0.5649448457241184,0.5649448,0.3914281,0,0.0,0.0,0.0,0.0,5.551115e-12
E8,is2,nbhd,adjust.*=0.9,p[labour]*0.5,3,CONVERGED,CONVERGED,567.0,567,0.2867762881853775,0.2867763,0.046806735497599616,0.04680674,21.0,21,0.0,0.0,24000,24000.0,0.5867490905451518,0.5867491,0.3914281,0,0.0,0.0,0.0,0.0,7.993606e-12
E8,is2,nbhd,adjust.*=0.9,p[labour]*2,3,CONVERGED,CONVERGED,506.0,506,0.22413783814280208,0.2241378,0.7139997215646764,0.7139997,8.0,8,0.0,0.0,24000,24000.0,0.8909908597647117,0.8909909,0.3914281,70,70.0,0.019865645041032456,0.01986565,5e-324,5.995204e-12
E8,is2,nbhd,adjust.*=0.9,p[land]*0.5,3,CONVERGED,CONVERGED,513.0,513,0.6311189947775978,0.631119,0.6796697988369598,0.6796698,0.0,0,0.0,0.0,24000,24000.0,0.5593104085351142,0.5593104,0.3914281,0,0.0,0.0,0.0,0.0,5.107026e-12
E8,is2,nbhd,adjust.*=0.9,p[land]*2,3,CONVERGED,CONVERGED,626.0,626,0.2674339967530292,0.267434,0.12624145364811515,0.1262415,88.0,88,0.0,0.0,24000,24000.0,0.6136686238789132,0.6136686,0.3914281,0,0.0,0.0,0.0,0.0,5.107026e-12
E8,is2,nbhd,adjust.*=0.9,p[mach]*0.5,3,CONVERGED,CONVERGED,633.0,633,0.2312713330860159,0.2312713,0.7399539160575491,0.7399539,80.0,80,0.0,0.0,24000,24000.0,0.6206042040460558,0.6206042,0.3914281,0,0.0,0.0,0.0,0.0,6.439294e-12
E8,is2,nbhd,adjust.*=0.9,p[mach]*2,3,CONVERGED,CONVERGED,559.0,559,0.47964207713031437,0.4796421,-0.03468982846099616,-0.03468983,7.0,7,12.0,12.0,24000,24000.0,0.6020698903627089,0.6020699,0.3914281,0,0.0,0.0,0.0,0.0,7.105427e-12
E8,is2,nbhd,adjust.*=0.9,p[services]*0.5,3,CONVERGED,CONVERGED,608.0,608,0.48921457851182504,0.4892146,0.22672523015897,0.2267252,14.0,14,0.0,0.0,24000,24000.0,0.5082178504463035,0.5082179,0.3914281,0,0.0,0.0,0.0,0.0,6.439294e-12
E8,is2,nbhd,adjust.*=0.9,p[services]*2,3,CONVERGED,CONVERGED,480.0,480,0.49239332681563736,0.4923933,0.7399539160575449,0.7399539,5.0,5,0.0,0.0,24000,24000.0,0.44585151000783263,0.4458515,0.3914281,0,0.0,0.0,0.0,0.0,4.884981e-12
E8,is2,nbhd,adjust.*=0.9,res.services.trained=0.01@dated,3,CONVERGED,CONVERGED,462.0,462,0.6401702249275877,0.6401702,0.6204713386302454,0.6204713,0.0,0,0.0,0.0,24000,24000.0,0.7962662484089424,0.7962662,0.66717,0,0.0,0.0,0.0,0.0,7.549517e-12
E8,is2,nbhd,adjust.*=0.9,res.services.trained=0.01@genesis,3,CONVERGED,CONVERGED,462.0,462,0.6401995039595662,0.6401995,0.6204713386302447,0.6204713,0.0,0,0.0,0.0,24000,24000.0,0.7963232333450668,0.7963232,0.66717,0,0.0,0.0,0.0,0.0,5.551115e-12
E8,is2,nbhd,adjust.*=0.9,res.services.trained=0.04@dated,3,CONVERGED,CONVERGED,509.0,509,0.5000000000000001,0.5,0.6777135836415269,0.6777136,0.0,2,0.0,0.0,560,560.0,0.39142810838832914,0.3914281,6.4e-323,0,0.0,0.0,0.0,0.0,6.883383e-12
E8,is2,nbhd,adjust.*=0.9,res.services.trained=0.04@genesis,3,CONVERGED,CONVERGED,509.0,509,0.5000000000000002,0.5,0.6785476551417388,0.6785477,0.0,0,0.0,0.0,561,561.0,0.39142810838832914,0.3914281,6.4e-323,0,0.0,0.0,0.0,0.0,5.995204e-12
E8,is2,nbhd,adjust.*=0.9,s[goods]=0.5,3,CONVERGED,CONVERGED,599.0,599,0.10361395911266073,0.103614,0.7399539160575449,0.7399539,68.0,68,0.0,0.0,24000,24000.0,0.8592189592957732,0.859219,0.3914281,106,106.0,0.6075803894427871,0.6075804,5e-324,7.105427e-12
E8,is2,nbhd,adjust.*=0.9,s[services]=0.5,3,CONVERGED,CONVERGED,591.0,591,0.1501337823232656,0.1501338,0.7399539160575449,0.7399539,53.0,53,0.0,0.0,24000,24000.0,0.9157405406703157,0.9157405,0.3914281,0,0.0,0.0,0.0,0.0,4.884981e-12
E8,is2,nbhd,adjust.*=0.9,sw[master]=0.5,3,CONVERGED,CONVERGED,346.0,346,0.5630326929894004,0.5630327,0.7156408889055004,0.7156409,0.0,0,0.0,0.0,24000,24000.0,0.4119123329561689,0.4119123,0.3914281,56,56.0,0.36071931241311805,0.3607193,5e-324,5.551115e-12
E8,is2,nbhd,adjust.*=0.9,sw[trained]=0.5,3,CONVERGED,CONVERGED,366.0,366,0.8215956190087229,0.8215956,0.7155617578279506,0.7155618,0.0,0,0.0,0.0,24000,24000.0,0.5,0.5,0.3914281,0,0.0,0.0,0.0,0.0,7.105427e-12
E8,is2,nbhd,adjust.*=0.9,tail.services=0.05@dated,3,CONVERGED,CONVERGED,380.0,380,0.9229402079721037,0.9229402,0.3057037014384291,0.3057037,0.0,0,0.0,0.0,24000,24000.0,0.39142810838832914,0.3914281,0.1447515,0,0.0,0.0,0.0,0.0,7.327472e-12
E8,is2,nbhd,adjust.*=0.9,tail.services=0.05@genesis,3,CONVERGED,CONVERGED,380.0,380,0.9229402079721037,0.9229402,0.3057037014384291,0.3057037,0.0,0,0.0,0.0,24000,24000.0,0.39142810838832914,0.3914281,0.1447515,0,0.0,0.0,0.0,0.0,6.883383e-12
E8,is2,nbhd,adjust.*=0.9,tail.services=0.2@dated,3,CONVERGED,CONVERGED,672.0,672,0.37987338921661884,0.3798734,0.7399539160575449,0.7399539,17.0,17,0.0,0.0,24000,24000.0,0.7706421083094234,0.7706421,0.6091996,641,641.0,0.22012462326535287,0.2201246,1.325235e-283,1.199041e-11
E8,is2,nbhd,adjust.*=0.9,tail.services=0.2@genesis,3,CONVERGED,CONVERGED,677.0,677,0.37845941218417173,0.3784594,0.7399539160575449,0.7399539,18.0,18,0.0,0.0,24000,24000.0,0.7720565991111981,0.7720566,0.6091996,646,646.0,0.21641222369095148,0.2164122,1.545021e-283,8.65974e-12
E8,is2,nbhd,adjust.*=0.9,x*/2,3,CONVERGED,CONVERGED,636.0,636,0.0,0.0,0.7399539160575449,0.7399539,97.0,97,0.0,0.0,24000,24000.0,0.9733464395861354,0.9733464,0.3914281,141,141.0,0.7241207990938354,0.7241208,5e-324,1.065814e-11
E8,is2,nbhd,adjust.*=1.1,JA(0.5),3,CONVERGED,CONVERGED,654.0,654,0.16213475552210135,0.1621348,0.45537059580535155,0.4553706,114.0,114,0.0,0.0,24000,24000.0,0.6777889933010535,0.677789,0.3914281,0,0.0,0.0,0.0,0.0,5.77316e-12
E8,is2,nbhd,adjust.*=1.1,JA(2),3,CONVERGED,CONVERGED,541.0,541,0.5352023714506176,0.5352024,0.40101248170265485,0.4010125,1.0,1,0.0,0.0,24000,24000.0,0.5071690851535782,0.5071691,0.3914281,0,0.0,0.0,0.0,0.0,5.551115e-12
E8,is2,nbhd,adjust.*=1.1,JB(0.5),3,CONVERGED,CONVERGED,635.0,635,0.11012138090885884,0.1101214,-0.6463404450623457,-0.6463404,99.0,99,34.0,34.0,24000,24000.0,0.9196783071898245,0.9196783,0.3914281,143,143.0,0.6119179131412661,0.6119179,5e-324,5.995204e-12
E8,is2,nbhd,adjust.*=1.1,JB(2),3,CONVERGED,CONVERGED,606.0,606,0.3638267094605391,0.3638267,0.7399539160575465,0.7399539,53.0,53,0.0,0.0,24000,24000.0,0.5429307728557798,0.5429308,0.3914281,0,0.0,0.0,0.0,0.0,6.661338e-12
E8,is2,nbhd,adjust.*=1.1,N(0.5),3,CONVERGED,CONVERGED,575.0,575,0.5108804597769858,0.5108805,0.7399539160575449,0.7399539,0.0,0,0.0,0.0,24000,24000.0,0.48956665781131903,0.4895667,0.3914281,0,0.0,0.0,0.0,0.0,5.77316e-12
E8,is2,nbhd,adjust.*=1.1,N(2),3,CONVERGED,CONVERGED,517.0,517,0.4424882035985653,0.4424882,0.15581425987066788,0.1558143,5.0,5,0.0,0.0,24000,24000.0,0.44500537708607807,0.4450054,0.3914281,0,0.0,0.0,0.0,0.0,2.88658e-12
E8,is2,nbhd,adjust.*=1.1,RC(0.5),3,CONVERGED,CONVERGED,619.0,619,0.41734238977639204,0.4173424,0.21742021884462698,0.2174202,48.0,48,0.0,0.0,24000,24000.0,0.5837064980391931,0.5837065,0.3914281,0,0.0,0.0,0.0,0.0,9.325873e-12
E8,is2,nbhd,adjust.*=1.1,RC(2),3,CONVERGED,CONVERGED,556.0,556,0.2613571390832954,0.2613571,0.6930590808133914,0.6930591,41.0,41,0.0,0.0,24000,24000.0,0.5099757816829487,0.5099758,0.3914281,84,84.0,0.6623251614151696,0.6623252,5e-324,3.774758e-12
E8,is2,nbhd,adjust.*=1.1,RW(0.5),3,CONVERGED,CONVERGED,570.0,570,0.2925987342617904,0.2925987,0.046806735497599616,0.04680674,27.0,27,0.0,0.0,24000,24000.0,0.6025971676940779,0.6025972,0.3914281,0,0.0,0.0,0.0,0.0,6.439294e-12
E8,is2,nbhd,adjust.*=1.1,RW(2),3,CONVERGED,CONVERGED,589.0,589,0.01565476463276353,0.01565476,0.5883521673672689,0.5883522,56.0,56,0.0,0.0,24000,24000.0,0.9904001340488023,0.9904001,0.3914281,62,62.0,0.724326514011459,0.7243265,5e-324,5.995204e-12
E8,is2,nbhd,adjust.*=1.1,land.mach=0.2@dated,3,CONVERGED,CONVERGED,559.0,559,0.558297572303259,0.5582976,0.7399539160575449,0.7399539,0.0,0,0.0,0.0,24000,24000.0,0.5590528906731923,0.5590529,0.3878463,0,0.0,0.0,0.0,0.0,1.265654e-11
E8,is2,nbhd,adjust.*=1.1,land.mach=0.2@genesis,3,CONVERGED,CONVERGED,559.0,559,0.5582975723032597,0.5582976,0.7399539160575449,0.7399539,0.0,0,0.0,0.0,24000,24000.0,0.5586769125570371,0.5586769,0.3878463,0,0.0,0.0,0.0,0.0,8.21565e-12
E8,is2,nbhd,adjust.*=1.1,land.mach=0.8@dated,3,CONVERGED,CONVERGED,515.0,515,0.15907251950116238,0.1590725,-0.017154960805023906,-0.01715496,95.0,95,12.0,12.0,24000,24000.0,0.6772625235457499,0.6772625,0.3967725,0,0.0,0.0,0.0,0.0,4.662937e-12
E8,is2,nbhd,adjust.*=1.1,land.mach=0.8@genesis,3,CONVERGED,CONVERGED,515.0,515,0.1592595293712638,0.1592595,-0.017108831166693723,-0.01710883,94.0,94,11.0,11.0,24000,24000.0,0.6772805794767432,0.6772806,0.3967725,0,0.0,0.0,0.0,0.0,3.774758e-12
E8,is2,nbhd,adjust.*=1.1,p[goods]*0.5,3,CONVERGED,CONVERGED,514.0,514,0.40865806244851194,0.4086581,0.5525378381952378,0.5525378,26.0,26,0.0,0.0,24000,24000.0,0.49358116135533364,0.4935812,0.3914281,81,81.0,0.3484122221029953,0.3484122,5e-324,6.439294e-12
E8,is2,nbhd,adjust.*=1.1,p[goods]*2,3,CONVERGED,CONVERGED,433.0,433,0.7632192912754395,0.7632193,0.6333443616549372,0.6333444,0.0,0,0.0,0.0,24000,24000.0,0.4606111211612919,0.4606111,0.3914281,0,0.0,0.0,0.0,0.0,8.437695e-12
E8,is2,nbhd,adjust.*=1.1,p[labour.master]*0.5,3,CONVERGED,CONVERGED,416.0,416,0.5997312586197676,0.5997313,0.7018023266138492,0.7018023,0.0,0,0.0,0.0,24000,24000.0,0.4221481253523944,0.4221481,0.3914281,60,60.0,0.019865645041032456,0.01986565,5e-324,5.77316e-12
E8,is2,nbhd,adjust.*=1.1,p[labour.master]*2,3,CONVERGED,CONVERGED,439.0,439,0.7898849120930606,0.7898849,0.6893621531284052,0.6893622,0.0,0,0.0,0.0,24000,24000.0,0.4144296180621575,0.4144296,0.3914281,0,0.0,0.0,0.0,0.0,6.883383e-12
E8,is2,nbhd,adjust.*=1.1,p[labour.trained]*0.5,3,CONVERGED,CONVERGED,581.0,581,0.14447703969790404,0.144477,0.5058003395905533,0.5058003,38.0,38,0.0,0.0,24000,24000.0,0.9005496576841909,0.9005497,0.3914281,0,0.0,0.0,0.0,0.0,3.108624e-12
E8,is2,nbhd,adjust.*=1.1,p[labour.trained]*2,3,CONVERGED,CONVERGED,463.0,463,0.6958701924991842,0.6958702,0.6744070165659583,0.674407,0.0,0,0.0,0.0,24000,24000.0,0.5649448457241184,0.5649448,0.3914281,0,0.0,0.0,0.0,0.0,5.551115e-12
E8,is2,nbhd,adjust.*=1.1,p[labour]*0.5,3,CONVERGED,CONVERGED,567.0,567,0.2867762881853775,0.2867763,0.046806735497599616,0.04680674,21.0,21,0.0,0.0,24000,24000.0,0.5867490905451518,0.5867491,0.3914281,0,0.0,0.0,0.0,0.0,7.993606e-12
E8,is2,nbhd,adjust.*=1.1,p[labour]*2,3,CONVERGED,CONVERGED,506.0,506,0.22413783814280208,0.2241378,0.7139997215646764,0.7139997,8.0,8,0.0,0.0,24000,24000.0,0.8909908597647117,0.8909909,0.3914281,70,70.0,0.019865645041032456,0.01986565,5e-324,5.995204e-12
E8,is2,nbhd,adjust.*=1.1,p[land]*0.5,3,CONVERGED,CONVERGED,513.0,513,0.6311189947775978,0.631119,0.6796697988369598,0.6796698,0.0,0,0.0,0.0,24000,24000.0,0.5593104085351142,0.5593104,0.3914281,0,0.0,0.0,0.0,0.0,5.107026e-12
E8,is2,nbhd,adjust.*=1.1,p[land]*2,3,CONVERGED,CONVERGED,626.0,626,0.2674339967530292,0.267434,0.12624145364811515,0.1262415,88.0,88,0.0,0.0,24000,24000.0,0.6136686238789132,0.6136686,0.3914281,0,0.0,0.0,0.0,0.0,5.107026e-12
E8,is2,nbhd,adjust.*=1.1,p[mach]*0.5,3,CONVERGED,CONVERGED,633.0,633,0.2312713330860159,0.2312713,0.7399539160575491,0.7399539,80.0,80,0.0,0.0,24000,24000.0,0.6206042040460558,0.6206042,0.3914281,0,0.0,0.0,0.0,0.0,6.439294e-12
E8,is2,nbhd,adjust.*=1.1,p[mach]*2,3,CONVERGED,CONVERGED,559.0,559,0.4749358687297086,0.4749359,-0.03278836413587725,-0.03278836,7.0,7,12.0,12.0,24000,24000.0,0.6070501517822218,0.6070502,0.3914281,0,0.0,0.0,0.0,0.0,6.661338e-12
E8,is2,nbhd,adjust.*=1.1,p[services]*0.5,3,CONVERGED,CONVERGED,608.0,608,0.48921457851182504,0.4892146,0.22672523015897,0.2267252,14.0,14,0.0,0.0,24000,24000.0,0.5082178504463035,0.5082179,0.3914281,0,0.0,0.0,0.0,0.0,6.439294e-12
E8,is2,nbhd,adjust.*=1.1,p[services]*2,3,CONVERGED,CONVERGED,480.0,480,0.49239332681563736,0.4923933,0.7399539160575449,0.7399539,5.0,5,0.0,0.0,24000,24000.0,0.44585151000783263,0.4458515,0.3914281,0,0.0,0.0,0.0,0.0,4.884981e-12
E8,is2,nbhd,adjust.*=1.1,res.services.trained=0.01@dated,3,CONVERGED,CONVERGED,462.0,462,0.6401702249275877,0.6401702,0.6204713386302454,0.6204713,0.0,0,0.0,0.0,24000,24000.0,0.7962662484089424,0.7962662,0.66717,0,0.0,0.0,0.0,0.0,7.549517e-12
E8,is2,nbhd,adjust.*=1.1,res.services.trained=0.01@genesis,3,CONVERGED,CONVERGED,462.0,462,0.6401995039595662,0.6401995,0.6204713386302447,0.6204713,0.0,0,0.0,0.0,24000,24000.0,0.7963232333450668,0.7963232,0.66717,0,0.0,0.0,0.0,0.0,5.551115e-12
E8,is2,nbhd,adjust.*=1.1,res.services.trained=0.04@dated,3,CONVERGED,CONVERGED,509.0,509,0.5000000000000001,0.5,0.6777135836415269,0.6777136,0.0,2,0.0,0.0,560,560.0,0.39142810838832914,0.3914281,6.4e-323,0,0.0,0.0,0.0,0.0,6.883383e-12
E8,is2,nbhd,adjust.*=1.1,res.services.trained=0.04@genesis,3,CONVERGED,CONVERGED,509.0,509,0.5000000000000002,0.5,0.6785476551417388,0.6785477,0.0,0,0.0,0.0,561,561.0,0.39142810838832914,0.3914281,6.4e-323,0,0.0,0.0,0.0,0.0,5.995204e-12
E8,is2,nbhd,adjust.*=1.1,s[goods]=0.5,3,CONVERGED,CONVERGED,587.0,587,0.10717466220681905,0.1071747,0.7399539160575449,0.7399539,62.0,62,0.0,0.0,24000,24000.0,0.8542999618755387,0.8543,0.3914281,96,96.0,0.53439881972321,0.5343988,5e-324,4.218847e-12
E8,is2,nbhd,adjust.*=1.1,s[services]=0.5,3,CONVERGED,CONVERGED,584.0,584,0.16324180878609432,0.1632418,0.7399539160575449,0.7399539,43.0,43,0.0,0.0,24000,24000.0,0.9076586336448101,0.9076586,0.3914281,0,0.0,0.0,0.0,0.0,5.77316e-12
E8,is2,nbhd,adjust.*=1.1,sw[master]=0.5,3,CONVERGED,CONVERGED,346.0,346,0.5630326929894004,0.5630327,0.7156408889055004,0.7156409,0.0,0,0.0,0.0,24000,24000.0,0.4119123329561689,0.4119123,0.3914281,56,56.0,0.36071931241311805,0.3607193,5e-324,5.551115e-12
E8,is2,nbhd,adjust.*=1.1,sw[trained]=0.5,3,CONVERGED,CONVERGED,366.0,366,0.8215956190087229,0.8215956,0.7155617578279506,0.7155618,0.0,0,0.0,0.0,24000,24000.0,0.5,0.5,0.3914281,0,0.0,0.0,0.0,0.0,7.105427e-12
E8,is2,nbhd,adjust.*=1.1,tail.services=0.05@dated,3,CONVERGED,CONVERGED,380.0,380,0.9229402079721037,0.9229402,0.3057037014384291,0.3057037,0.0,0,0.0,0.0,24000,24000.0,0.39142810838832914,0.3914281,0.1447515,0,0.0,0.0,0.0,0.0,7.327472e-12
E8,is2,nbhd,adjust.*=1.1,tail.services=0.05@genesis,3,CONVERGED,CONVERGED,380.0,380,0.9229402079721037,0.9229402,0.3057037014384291,0.3057037,0.0,0,0.0,0.0,24000,24000.0,0.39142810838832914,0.3914281,0.1447515,0,0.0,0.0,0.0,0.0,6.883383e-12
E8,is2,nbhd,adjust.*=1.1,tail.services=0.2@dated,3,CONVERGED,CONVERGED,672.0,672,0.37987338921661884,0.3798734,0.7399539160575449,0.7399539,17.0,17,0.0,0.0,24000,24000.0,0.7706421083094234,0.7706421,0.6091996,641,641.0,0.22012462326535287,0.2201246,1.325235e-283,1.199041e-11
E8,is2,nbhd,adjust.*=1.1,tail.services=0.2@genesis,3,CONVERGED,CONVERGED,677.0,677,0.37845941218417173,0.3784594,0.7399539160575449,0.7399539,18.0,18,0.0,0.0,24000,24000.0,0.7720565991111981,0.7720566,0.6091996,646,646.0,0.21641222369095148,0.2164122,1.545021e-283,8.65974e-12
E8,is2,nbhd,adjust.*=1.1,x*/2,3,CONVERGED,CONVERGED,624.0,624,0.0,0.0,0.7399539160575449,0.7399539,87.0,87,0.0,0.0,24000,24000.0,0.9697631220097596,0.9697631,0.3914281,117,117.0,0.6692628029535284,0.6692628,5e-324,7.549517e-12
E8,is2,nbhd,adjust.*=1.25,JA(0.5),3,CONVERGED,CONVERGED,654.0,654,0.16213475552210135,0.1621348,0.45537059580535155,0.4553706,114.0,114,0.0,0.0,24000,24000.0,0.6777889933010535,0.677789,0.3914281,0,0.0,0.0,0.0,0.0,5.77316e-12
E8,is2,nbhd,adjust.*=1.25,JA(2),3,CONVERGED,CONVERGED,541.0,541,0.5352023714506176,0.5352024,0.40101248170265485,0.4010125,1.0,1,0.0,0.0,24000,24000.0,0.5071690851535782,0.5071691,0.3914281,0,0.0,0.0,0.0,0.0,5.551115e-12
E8,is2,nbhd,adjust.*=1.25,JB(0.5),3,CONVERGED,CONVERGED,633.0,633,0.10635292632195123,0.1063529,-0.6463404450623457,-0.6463404,97.0,97,34.0,34.0,24000,24000.0,0.9240601599396964,0.9240602,0.3914281,141,141.0,0.6205939123675364,0.6205939,5e-324,6.661338e-12
E8,is2,nbhd,adjust.*=1.25,JB(2),3,CONVERGED,CONVERGED,606.0,606,0.3638267094605391,0.3638267,0.7399539160575465,0.7399539,53.0,53,0.0,0.0,24000,24000.0,0.5429307728557798,0.5429308,0.3914281,0,0.0,0.0,0.0,0.0,6.661338e-12
E8,is2,nbhd,adjust.*=1.25,N(0.5),3,CONVERGED,CONVERGED,575.0,575,0.5108804597769858,0.5108805,0.7399539160575449,0.7399539,0.0,0,0.0,0.0,24000,24000.0,0.48956665781131903,0.4895667,0.3914281,0,0.0,0.0,0.0,0.0,5.77316e-12
E8,is2,nbhd,adjust.*=1.25,N(2),3,CONVERGED,CONVERGED,517.0,517,0.4424882035985653,0.4424882,0.15581425987066788,0.1558143,5.0,5,0.0,0.0,24000,24000.0,0.44500537708607807,0.4450054,0.3914281,0,0.0,0.0,0.0,0.0,2.88658e-12
E8,is2,nbhd,adjust.*=1.25,RC(0.5),3,CONVERGED,CONVERGED,619.0,619,0.41734238977639204,0.4173424,0.21742021884462698,0.2174202,48.0,48,0.0,0.0,24000,24000.0,0.5837064980391931,0.5837065,0.3914281,0,0.0,0.0,0.0,0.0,9.325873e-12
E8,is2,nbhd,adjust.*=1.25,RC(2),3,CONVERGED,CONVERGED,556.0,556,0.2613571390832954,0.2613571,0.6930590808133914,0.6930591,41.0,41,0.0,0.0,24000,24000.0,0.5099757816829487,0.5099758,0.3914281,84,84.0,0.6623251614151696,0.6623252,5e-324,3.774758e-12
E8,is2,nbhd,adjust.*=1.25,RW(0.5),3,CONVERGED,CONVERGED,570.0,570,0.2925987342617904,0.2925987,0.046806735497599616,0.04680674,27.0,27,0.0,0.0,24000,24000.0,0.6025971676940779,0.6025972,0.3914281,0,0.0,0.0,0.0,0.0,6.439294e-12
E8,is2,nbhd,adjust.*=1.25,RW(2),3,CONVERGED,CONVERGED,589.0,589,0.01565476463276353,0.01565476,0.5883521673672689,0.5883522,56.0,56,0.0,0.0,24000,24000.0,0.9904001340488023,0.9904001,0.3914281,62,62.0,0.724326514011459,0.7243265,5e-324,5.995204e-12
E8,is2,nbhd,adjust.*=1.25,land.mach=0.2@dated,3,CONVERGED,CONVERGED,559.0,559,0.558297572303259,0.5582976,0.7399539160575449,0.7399539,0.0,0,0.0,0.0,24000,24000.0,0.5590528906731923,0.5590529,0.3878463,0,0.0,0.0,0.0,0.0,1.265654e-11
E8,is2,nbhd,adjust.*=1.25,land.mach=0.2@genesis,3,CONVERGED,CONVERGED,559.0,559,0.5582975723032597,0.5582976,0.7399539160575449,0.7399539,0.0,0,0.0,0.0,24000,24000.0,0.5586769125570371,0.5586769,0.3878463,0,0.0,0.0,0.0,0.0,8.21565e-12
E8,is2,nbhd,adjust.*=1.25,land.mach=0.8@dated,3,CONVERGED,CONVERGED,515.0,515,0.1593376349816194,0.1593376,-0.016547260769504458,-0.01654726,95.0,95,11.0,11.0,24000,24000.0,0.6769436217478898,0.6769436,0.3967725,0,0.0,0.0,0.0,0.0,5.107026e-12
E8,is2,nbhd,adjust.*=1.25,land.mach=0.8@genesis,3,CONVERGED,CONVERGED,515.0,515,0.15948052512993538,0.1594805,-0.016333794712337465,-0.01633379,94.0,94,11.0,11.0,24000,24000.0,0.6770623678043695,0.6770624,0.3967725,0,0.0,0.0,0.0,0.0,5.551115e-12
E8,is2,nbhd,adjust.*=1.25,p[goods]*0.5,3,CONVERGED,CONVERGED,514.0,514,0.40865806244851194,0.4086581,0.5525378381952378,0.5525378,26.0,26,0.0,0.0,24000,24000.0,0.49358116135533364,0.4935812,0.3914281,81,81.0,0.3484122221029953,0.3484122,5e-324,6.439294e-12
E8,is2,nbhd,adjust.*=1.25,p[goods]*2,3,CONVERGED,CONVERGED,433.0,433,0.7632192912754395,0.7632193,0.6333443616549372,0.6333444,0.0,0,0.0,0.0,24000,24000.0,0.4606111211612919,0.4606111,0.3914281,0,0.0,0.0,0.0,0.0,8.437695e-12
E8,is2,nbhd,adjust.*=1.25,p[labour.master]*0.5,3,CONVERGED,CONVERGED,416.0,416,0.5997312586197676,0.5997313,0.7018023266138492,0.7018023,0.0,0,0.0,0.0,24000,24000.0,0.4221481253523944,0.4221481,0.3914281,60,60.0,0.019865645041032456,0.01986565,5e-324,5.77316e-12
E8,is2,nbhd,adjust.*=1.25,p[labour.master]*2,3,CONVERGED,CONVERGED,439.0,439,0.7898849120930606,0.7898849,0.6893621531284052,0.6893622,0.0,0,0.0,0.0,24000,24000.0,0.4144296180621575,0.4144296,0.3914281,0,0.0,0.0,0.0,0.0,6.883383e-12
E8,is2,nbhd,adjust.*=1.25,p[labour.trained]*0.5,3,CONVERGED,CONVERGED,581.0,581,0.14447703969790404,0.144477,0.5058003395905533,0.5058003,38.0,38,0.0,0.0,24000,24000.0,0.9005496576841909,0.9005497,0.3914281,0,0.0,0.0,0.0,0.0,3.108624e-12
E8,is2,nbhd,adjust.*=1.25,p[labour.trained]*2,3,CONVERGED,CONVERGED,463.0,463,0.6958701924991842,0.6958702,0.6744070165659583,0.674407,0.0,0,0.0,0.0,24000,24000.0,0.5649448457241184,0.5649448,0.3914281,0,0.0,0.0,0.0,0.0,5.551115e-12
E8,is2,nbhd,adjust.*=1.25,p[labour]*0.5,3,CONVERGED,CONVERGED,567.0,567,0.2867762881853775,0.2867763,0.046806735497599616,0.04680674,21.0,21,0.0,0.0,24000,24000.0,0.5867490905451518,0.5867491,0.3914281,0,0.0,0.0,0.0,0.0,7.993606e-12
E8,is2,nbhd,adjust.*=1.25,p[labour]*2,3,CONVERGED,CONVERGED,506.0,506,0.22413783814280208,0.2241378,0.7139997215646764,0.7139997,8.0,8,0.0,0.0,24000,24000.0,0.8909908597647117,0.8909909,0.3914281,70,70.0,0.019865645041032456,0.01986565,5e-324,5.995204e-12
E8,is2,nbhd,adjust.*=1.25,p[land]*0.5,3,CONVERGED,CONVERGED,513.0,513,0.6311189947775978,0.631119,0.6796697988369598,0.6796698,0.0,0,0.0,0.0,24000,24000.0,0.5593104085351142,0.5593104,0.3914281,0,0.0,0.0,0.0,0.0,5.107026e-12
E8,is2,nbhd,adjust.*=1.25,p[land]*2,3,CONVERGED,CONVERGED,626.0,626,0.2674339967530292,0.267434,0.12624145364811515,0.1262415,88.0,88,0.0,0.0,24000,24000.0,0.6136686238789132,0.6136686,0.3914281,0,0.0,0.0,0.0,0.0,5.107026e-12
E8,is2,nbhd,adjust.*=1.25,p[mach]*0.5,3,CONVERGED,CONVERGED,633.0,633,0.2312713330860159,0.2312713,0.7399539160575491,0.7399539,80.0,80,0.0,0.0,24000,24000.0,0.6206042040460558,0.6206042,0.3914281,0,0.0,0.0,0.0,0.0,6.439294e-12
E8,is2,nbhd,adjust.*=1.25,p[mach]*2,3,CONVERGED,CONVERGED,558.0,558,0.47212608486130586,0.4721261,-0.031439925765163856,-0.03143993,7.0,7,12.0,12.0,24000,24000.0,0.6099383360412529,0.6099383,0.3914281,0,0.0,0.0,0.0,0.0,5.77316e-12
E8,is2,nbhd,adjust.*=1.25,p[services]*0.5,3,CONVERGED,CONVERGED,608.0,608,0.48921457851182504,0.4892146,0.22672523015897,0.2267252,14.0,14,0.0,0.0,24000,24000.0,0.5082178504463035,0.5082179,0.3914281,0,0.0,0.0,0.0,0.0,6.439294e-12
E8,is2,nbhd,adjust.*=1.25,p[services]*2,3,CONVERGED,CONVERGED,480.0,480,0.49239332681563736,0.4923933,0.7399539160575449,0.7399539,5.0,5,0.0,0.0,24000,24000.0,0.44585151000783263,0.4458515,0.3914281,0,0.0,0.0,0.0,0.0,4.884981e-12
E8,is2,nbhd,adjust.*=1.25,res.services.trained=0.01@dated,3,CONVERGED,CONVERGED,462.0,462,0.6401702249275877,0.6401702,0.6204713386302454,0.6204713,0.0,0,0.0,0.0,24000,24000.0,0.7962662484089424,0.7962662,0.66717,0,0.0,0.0,0.0,0.0,7.549517e-12
E8,is2,nbhd,adjust.*=1.25,res.services.trained=0.01@genesis,3,CONVERGED,CONVERGED,462.0,462,0.6401995039595662,0.6401995,0.6204713386302447,0.6204713,0.0,0,0.0,0.0,24000,24000.0,0.7963232333450668,0.7963232,0.66717,0,0.0,0.0,0.0,0.0,5.551115e-12
E8,is2,nbhd,adjust.*=1.25,res.services.trained=0.04@dated,3,CONVERGED,CONVERGED,509.0,509,0.5000000000000001,0.5,0.6777135836415269,0.6777136,0.0,2,0.0,0.0,560,560.0,0.39142810838832914,0.3914281,6.4e-323,0,0.0,0.0,0.0,0.0,6.883383e-12
E8,is2,nbhd,adjust.*=1.25,res.services.trained=0.04@genesis,3,CONVERGED,CONVERGED,509.0,509,0.5000000000000002,0.5,0.6785476551417388,0.6785477,0.0,0,0.0,0.0,561,561.0,0.39142810838832914,0.3914281,6.4e-323,0,0.0,0.0,0.0,0.0,5.995204e-12
E8,is2,nbhd,adjust.*=1.25,s[goods]=0.5,3,CONVERGED,CONVERGED,580.0,580,0.10987757131614677,0.1098776,0.7399539160575449,0.7399539,55.0,55,0.0,0.0,24000,24000.0,0.8503272012617614,0.8503272,0.3914281,92,92.0,0.47668122084090475,0.4766812,5e-324,5.995204e-12
E8,is2,nbhd,adjust.*=1.25,s[services]=0.5,3,CONVERGED,CONVERGED,581.0,581,0.17354398674445895,0.173544,0.7399539160575449,0.7399539,34.0,34,0.0,0.0,24000,24000.0,0.901251181359255,0.9012512,0.3914281,0,0.0,0.0,0.0,0.0,8.21565e-12
E8,is2,nbhd,adjust.*=1.25,sw[master]=0.5,3,CONVERGED,CONVERGED,346.0,346,0.5630326929894004,0.5630327,0.7156408889055004,0.7156409,0.0,0,0.0,0.0,24000,24000.0,0.4119123329561689,0.4119123,0.3914281,56,56.0,0.36071931241311805,0.3607193,5e-324,5.551115e-12
E8,is2,nbhd,adjust.*=1.25,sw[trained]=0.5,3,CONVERGED,CONVERGED,366.0,366,0.8215956190087229,0.8215956,0.7155617578279506,0.7155618,0.0,0,0.0,0.0,24000,24000.0,0.5,0.5,0.3914281,0,0.0,0.0,0.0,0.0,7.105427e-12
E8,is2,nbhd,adjust.*=1.25,tail.services=0.05@dated,3,CONVERGED,CONVERGED,380.0,380,0.9229402079721037,0.9229402,0.3057037014384291,0.3057037,0.0,0,0.0,0.0,24000,24000.0,0.39142810838832914,0.3914281,0.1447515,0,0.0,0.0,0.0,0.0,7.327472e-12
E8,is2,nbhd,adjust.*=1.25,tail.services=0.05@genesis,3,CONVERGED,CONVERGED,380.0,380,0.9229402079721037,0.9229402,0.3057037014384291,0.3057037,0.0,0,0.0,0.0,24000,24000.0,0.39142810838832914,0.3914281,0.1447515,0,0.0,0.0,0.0,0.0,6.883383e-12
E8,is2,nbhd,adjust.*=1.25,tail.services=0.2@dated,3,CONVERGED,CONVERGED,672.0,672,0.37987338921661884,0.3798734,0.7399539160575449,0.7399539,17.0,17,0.0,0.0,24000,24000.0,0.7706421083094234,0.7706421,0.6091996,641,641.0,0.22012462326535287,0.2201246,1.325235e-283,1.199041e-11
E8,is2,nbhd,adjust.*=1.25,tail.services=0.2@genesis,3,CONVERGED,CONVERGED,677.0,677,0.37845941218417173,0.3784594,0.7399539160575449,0.7399539,18.0,18,0.0,0.0,24000,24000.0,0.7720565991111981,0.7720566,0.6091996,646,646.0,0.21641222369095148,0.2164122,1.545021e-283,8.65974e-12
E8,is2,nbhd,adjust.*=1.25,x*/2,3,CONVERGED,CONVERGED,615.0,615,0.0,0.0,0.7399539160575449,0.7399539,80.0,80,0.0,0.0,24000,24000.0,0.966782639527856,0.9667826,0.3914281,106,106.0,0.6258227686285726,0.6258228,5e-324,7.549517e-12
E8,is2,nbhd,buffer.*=0.75,JA(0.5),3,CONVERGED,CONVERGED,672.0,672,0.16418775592625615,0.1641878,0.5597540710989425,0.5597541,108.0,108,0.0,0.0,24000,24000.0,0.6184332128667203,0.6184332,0.3914281,0,0.0,0.0,0.0,0.0,6.217249e-12
E8,is2,nbhd,buffer.*=0.75,JA(2),3,CONVERGED,CONVERGED,510.0,510,0.5298395315402554,0.5298395,0.38504826887319166,0.3850483,1.0,1,0.0,0.0,24000,24000.0,0.5074743163330786,0.5074743,0.3914281,0,0.0,0.0,0.0,0.0,7.327472e-12
E8,is2,nbhd,buffer.*=0.75,JB(0.5),3,CONVERGED,CONVERGED,655.0,655,0.12344811766150177,0.1234481,-0.6463404450623457,-0.6463404,93.0,93,28.0,28.0,24000,24000.0,0.9149261678396462,0.9149262,0.3914281,133,133.0,0.5776167396348024,0.5776167,5e-324,8.21565e-12
E8,is2,nbhd,buffer.*=0.75,JB(2),3,CONVERGED,CONVERGED,624.0,624,0.47178764000204626,0.4717876,0.7399539160575465,0.7399539,31.0,31,0.0,0.0,24000,24000.0,0.4903867436644261,0.4903867,0.3914281,0,0.0,0.0,0.0,0.0,8.881784e-12
E8,is2,nbhd,buffer.*=0.75,N(0.5),3,CONVERGED,CONVERGED,599.0,599,0.5305029327327833,0.5305029,0.7399539160575449,0.7399539,0.0,0,0.0,0.0,24000,24000.0,0.4567215857215702,0.4567216,0.3914281,0,0.0,0.0,0.0,0.0,4.884981e-12
E8,is2,nbhd,buffer.*=0.75,N(2),3,CONVERGED,CONVERGED,538.0,538,0.4424882035985653,0.4424882,0.1484787916576096,0.1484788,5.0,5,0.0,0.0,24000,24000.0,0.446238628615593,0.4462386,0.3914281,0,0.0,0.0,0.0,0.0,5.995204e-12
E8,is2,nbhd,buffer.*=0.75,RC(0.5),3,CONVERGED,CONVERGED,587.0,587,0.47171612087118003,0.4717161,0.27011033590106426,0.2701103,18.0,18,0.0,0.0,24000,24000.0,0.5434987076272907,0.5434987,0.3914281,0,0.0,0.0,0.0,0.0,5.107026e-12
E8,is2,nbhd,buffer.*=0.75,RC(2),3,CONVERGED,CONVERGED,531.0,531,0.3404294757383391,0.3404295,0.6787700577531413,0.6787701,38.0,38,0.0,0.0,24000,24000.0,0.4791860500361427,0.4791861,0.3914281,87,87.0,0.5527574393475141,0.5527574,5e-324,6.439294e-12
E8,is2,nbhd,buffer.*=0.75,RW(0.5),3,CONVERGED,CONVERGED,533.0,533,0.290513120634287,0.2905131,0.046806735497599616,0.04680674,23.0,23,0.0,0.0,24000,24000.0,0.5712930451278021,0.571293,0.3914281,0,0.0,0.0,0.0,0.0,7.771561e-12
E8,is2,nbhd,buffer.*=0.75,RW(2),3,CONVERGED,CONVERGED,604.0,604,0.015548358473052606,0.01554836,0.6351491162591609,0.6351491,19.0,19,0.0,0.0,24000,24000.0,0.9905787024335396,0.9905787,0.3914281,64,64.0,0.7244728722822316,0.7244729,5e-324,6.217249e-12
E8,is2,nbhd,buffer.*=0.75,land.mach=0.2@dated,3,CONVERGED,CONVERGED,586.0,586,0.5582975723032593,0.5582976,0.7399539160575449,0.7399539,0.0,0,0.0,0.0,24000,24000.0,0.5585222821466266,0.5585223,0.3878463,0,0.0,0.0,0.0,0.0,1.154632e-11
E8,is2,nbhd,buffer.*=0.75,land.mach=0.2@genesis,3,CONVERGED,CONVERGED,586.0,586,0.5582975723032597,0.5582976,0.7399539160575449,0.7399539,0.0,0,0.0,0.0,24000,24000.0,0.5581634941664801,0.5581635,0.3878463,0,0.0,0.0,0.0,0.0,1.088019e-11
E8,is2,nbhd,buffer.*=0.75,land.mach=0.8@dated,3,CONVERGED,CONVERGED,536.0,536,0.18858069916867862,0.1885807,-0.030024825185317315,-0.03002483,87.0,87,24.0,24.0,24000,24000.0,0.6670258869500842,0.6670259,0.3967725,0,0.0,0.0,0.0,0.0,8.881784e-12
E8,is2,nbhd,buffer.*=0.75,land.mach=0.8@genesis,3,CONVERGED,CONVERGED,537.0,537,0.18915711403984584,0.1891571,-0.030397423178628546,-0.03039742,87.0,87,24.0,24.0,24000,24000.0,0.6670658010823366,0.6670658,0.3967725,0,0.0,0.0,0.0,0.0,5.995204e-12
E8,is2,nbhd,buffer.*=0.75,p[goods]*0.5,3,CONVERGED,CONVERGED,525.0,525,0.47182580426549303,0.4718258,0.5686508049370423,0.5686508,16.0,16,0.0,0.0,24000,24000.0,0.4673089366962563,0.4673089,0.3914281,81,81.0,0.23075032224753664,0.2307503,5e-324,9.769963e-12
E8,is2,nbhd,buffer.*=0.75,p[goods]*2,3,CONVERGED,CONVERGED,448.0,448,0.7638680485052114,0.763868,0.6304798251756322,0.6304798,0.0,0,0.0,0.0,24000,24000.0,0.45450523776536017,0.4545052,0.3914281,0,0.0,0.0,0.0,0.0,7.105427e-12
E8,is2,nbhd,buffer.*=0.75,p[labour.master]*0.5,3,CONVERGED,CONVERGED,434.0,434,0.5997312586197676,0.5997313,0.7027002440158294,0.7027002,0.0,0,0.0,0.0,24000,24000.0,0.4184259127627294,0.4184259,0.3914281,61,61.0,0.019865645041032456,0.01986565,5e-324,6.439294e-12
E8,is2,nbhd,buffer.*=0.75,p[labour.master]*2,3,CONVERGED,CONVERGED,455.0,455,0.7898849120930606,0.7898849,0.6922611041206708,0.6922611,0.0,0,0.0,0.0,24000,24000.0,0.4113589005713675,0.4113589,0.3914281,0,0.0,0.0,0.0,0.0,5.107026e-12
E8,is2,nbhd,buffer.*=0.75,p[labour.trained]*0.5,3,CONVERGED,CONVERGED,539.0,539,0.1444395105202858,0.1444395,0.5385934674467578,0.5385935,12.0,12,0.0,0.0,24000,24000.0,0.9014905115748034,0.9014905,0.3914281,0,0.0,0.0,0.0,0.0,6.661338e-12
E8,is2,nbhd,buffer.*=0.75,p[labour.trained]*2,3,CONVERGED,CONVERGED,484.0,484,0.69413557182081,0.6941356,0.6808235263014921,0.6808235,0.0,0,0.0,0.0,24000,24000.0,0.5669019479135509,0.5669019,0.3914281,0,0.0,0.0,0.0,0.0,7.549517e-12
E8,is2,nbhd,buffer.*=0.75,p[labour]*0.5,3,CONVERGED,CONVERGED,530.0,530,0.2835967719965031,0.2835968,0.046806735497599616,0.04680674,17.0,17,0.0,0.0,24000,24000.0,0.5571121848496863,0.5571122,0.3914281,0,0.0,0.0,0.0,0.0,7.771561e-12
E8,is2,nbhd,buffer.*=0.75,p[labour]*2,3,CONVERGED,CONVERGED,509.0,509,0.22480988269701646,0.2248099,0.7387533401368434,0.7387533,8.0,8,0.0,0.0,24000,24000.0,0.8909645529689032,0.8909646,0.3914281,67,67.0,0.019865645041032456,0.01986565,5e-324,8.21565e-12
E8,is2,nbhd,buffer.*=0.75,p[land]*0.5,3,CONVERGED,CONVERGED,540.0,540,0.6311189947775977,0.631119,0.6764130835638673,0.6764131,0.0,0,0.0,0.0,24000,24000.0,0.5527476657651902,0.5527477,0.3914281,0,0.0,0.0,0.0,0.0,8.881784e-12
E8,is2,nbhd,buffer.*=0.75,p[land]*2,3,CONVERGED,CONVERGED,647.0,647,0.3035235374945053,0.3035235,0.19237362414719944,0.1923736,86.0,86,0.0,0.0,24000,24000.0,0.5689786414754756,0.5689786,0.3914281,0,0.0,0.0,0.0,0.0,5.995204e-12
E8,is2,nbhd,buffer.*=0.75,p[mach]*0.5,3,CONVERGED,CONVERGED,651.0,651,0.28566316482608295,0.2856632,0.7399539160575447,0.7399539,70.0,70,0.0,0.0,24000,24000.0,0.567302234090639,0.5673022,0.3914281,0,0.0,0.0,0.0,0.0,8.437695e-12
E8,is2,nbhd,buffer.*=0.75,p[mach]*2,3,CONVERGED,CONVERGED,525.0,525,0.5042239329122333,0.5042239,-0.030174181988338572,-0.03017418,0.0,0,11.0,11.0,24000,24000.0,0.5909353222224479,0.5909353,0.3914281,0,0.0,0.0,0.0,0.0,6.439294e-12
E8,is2,nbhd,buffer.*=0.75,p[services]*0.5,3,CONVERGED,CONVERGED,560.0,560,0.5390961269332056,0.5390961,0.2865310347264414,0.286531,0.0,0,0.0,0.0,24000,24000.0,0.48014909861147953,0.4801491,0.3914281,0,0.0,0.0,0.0,0.0,7.105427e-12
E8,is2,nbhd,buffer.*=0.75,p[services]*2,3,CONVERGED,CONVERGED,488.0,488,0.5969744505958823,0.5969745,0.7399539160575449,0.7399539,0.0,0,0.0,0.0,24000,24000.0,0.4269211662134311,0.4269212,0.3914281,0,0.0,0.0,0.0,0.0,5.329071e-12
E8,is2,nbhd,buffer.*=0.75,res.services.trained=0.01@dated,3,CONVERGED,CONVERGED,488.0,488,0.6394791389494843,0.6394791,0.6204713386302434,0.6204713,0.0,0,0.0,0.0,24000,24000.0,0.7965738361905217,0.7965738,0.66717,0,0.0,0.0,0.0,0.0,7.771561e-12
E8,is2,nbhd,buffer.*=0.75,res.services.trained=0.01@genesis,3,CONVERGED,CONVERGED,488.0,488,0.6395641944553048,0.6395642,0.620471338630244,0.6204713,0.0,0,0.0,0.0,24000,24000.0,0.7966132518557272,0.7966133,0.66717,0,0.0,0.0,0.0,0.0,7.993606e-12
E8,is2,nbhd,buffer.*=0.75,res.services.trained=0.04@dated,3,CONVERGED,CONVERGED,521.0,521,0.5000000000000001,0.5,0.6886217860709686,0.6886218,0.0,2,0.0,0.0,509,509.0,0.39142810838832914,0.3914281,6.4e-323,0,0.0,0.0,0.0,0.0,5.995204e-12
E8,is2,nbhd,buffer.*=0.75,res.services.trained=0.04@genesis,3,CONVERGED,CONVERGED,522.0,522,0.5000000000000002,0.5,0.6894608155106088,0.6894608,0.0,0,0.0,0.0,509,509.0,0.39142810838832914,0.3914281,6.4e-323,0,0.0,0.0,0.0,0.0,1.110223e-11
E8,is2,nbhd,buffer.*=0.75,s[goods]=0.5,3,CONVERGED,CONVERGED,619.0,619,0.10598654796852094,0.1059865,0.7399539160575449,0.7399539,64.0,64,0.0,0.0,24000,24000.0,0.8607555130331693,0.8607555,0.3914281,99,99.0,0.5746122728460259,0.5746123,5e-324,7.771561e-12
E8,is2,nbhd,buffer.*=0.75,s[services]=0.5,3,CONVERGED,CONVERGED,611.0,611,0.15677474424740412,0.1567747,0.7399539160575449,0.7399539,27.0,27,0.0,0.0,24000,24000.0,0.913658813655648,0.9136588,0.3914281,0,0.0,0.0,0.0,0.0,8.437695e-12
E8,is2,nbhd,buffer.*=0.75,sw[master]=0.5,3,CONVERGED,CONVERGED,350.0,350,0.5630326929894004,0.5630327,0.7166639013384578,0.7166639,0.0,0,0.0,0.0,24000,24000.0,0.41083111636036473,0.4108311,0.3914281,57,57.0,0.36071931241311805,0.3607193,5e-324,6.439294e-12
E8,is2,nbhd,buffer.*=0.75,sw[trained]=0.5,3,CONVERGED,CONVERGED,374.0,374,0.8215956190087229,0.8215956,0.7177527436720044,0.7177527,0.0,0,0.0,0.0,24000,24000.0,0.5,0.5,0.3914281,0,0.0,0.0,0.0,0.0,5.551115e-12
E8,is2,nbhd,buffer.*=0.75,tail.services=0.05@dated,3,CONVERGED,CONVERGED,404.0,404,0.9250268664619914,0.9250269,0.30570370143843023,0.3057037,0.0,0,0.0,0.0,24000,24000.0,0.39142810838832914,0.3914281,0.1447515,0,0.0,0.0,0.0,0.0,4.662937e-12
E8,is2,nbhd,buffer.*=0.75,tail.services=0.05@genesis,3,CONVERGED,CONVERGED,404.0,404,0.9250268664619914,0.9250269,0.30570370143843023,0.3057037,0.0,0,0.0,0.0,24000,24000.0,0.39142810838832914,0.3914281,0.1447515,0,0.0,0.0,0.0,0.0,4.218847e-12
E8,is2,nbhd,buffer.*=0.75,tail.services=0.2@dated,3,CONVERGED,CONVERGED,677.0,677,0.3836896270076494,0.3836896,0.7399539160575449,0.7399539,14.0,14,0.0,0.0,24000,24000.0,0.7717495848020648,0.7717496,0.6091996,623,623.0,0.24561633892276774,0.2456163,8.883857e-284,1.509903e-11
E8,is2,nbhd,buffer.*=0.75,tail.services=0.2@genesis,3,CONVERGED,CONVERGED,683.0,683,0.38289963130964483,0.3828996,0.7399539160575449,0.7399539,14.0,14,0.0,0.0,24000,24000.0,0.7727808685118479,0.7727809,0.6091996,634,634.0,0.23906022531249665,0.2390602,1.18281e-283,1.465494e-11
E8,is2,nbhd,buffer.*=0.75,x*/2,3,CONVERGED,CONVERGED,654.0,654,0.0,0.0,0.7399539160575449,0.7399539,90.0,90,0.0,0.0,24000,24000.0,0.9730601342088473,0.9730601,0.3914281,123,123.0,0.706960694210015,0.7069607,5e-324,4.218847e-12
E8,is2,nbhd,buffer.*=0.9,JA(0.5),3,CONVERGED,CONVERGED,658.0,658,0.16703261821910736,0.1670326,0.49660158691820105,0.4966016,111.0,111,0.0,0.0,24000,24000.0,0.6557858601358395,0.6557859,0.3914281,0,0.0,0.0,0.0,0.0,5.77316e-12
E8,is2,nbhd,buffer.*=0.9,JA(2),3,CONVERGED,CONVERGED,551.0,551,0.5330733103982409,0.5330733,0.39489638156959456,0.3948964,1.0,1,0.0,0.0,24000,24000.0,0.5071753809442743,0.5071754,0.3914281,0,0.0,0.0,0.0,0.0,5.551115e-12
E8,is2,nbhd,buffer.*=0.9,JB(0.5),3,CONVERGED,CONVERGED,642.0,642,0.11737648071424642,0.1173765,-0.6463404450623457,-0.6463404,97.0,97,33.0,33.0,24000,24000.0,0.9155400777903938,0.9155401,0.3914281,140,140.0,0.5931793757250989,0.5931794,5e-324,4.884981e-12
E8,is2,nbhd,buffer.*=0.9,JB(2),3,CONVERGED,CONVERGED,608.0,608,0.40432692429018935,0.4043269,0.7399539160575477,0.7399539,47.0,47,0.0,0.0,24000,24000.0,0.521790120619166,0.5217901,0.3914281,0,0.0,0.0,0.0,0.0,4.884981e-12
E8,is2,nbhd,buffer.*=0.9,N(0.5),3,CONVERGED,CONVERGED,583.0,583,0.5190690366543845,0.519069,0.7399539160575449,0.7399539,0.0,0,0.0,0.0,24000,24000.0,0.4767760332229982,0.476776,0.3914281,0,0.0,0.0,0.0,0.0,8.65974e-12
E8,is2,nbhd,buffer.*=0.9,N(2),3,CONVERGED,CONVERGED,525.0,525,0.4424882035985653,0.4424882,0.1531914254851402,0.1531914,5.0,5,0.0,0.0,24000,24000.0,0.44548485940730725,0.4454849,0.3914281,0,0.0,0.0,0.0,0.0,1.065814e-11
E8,is2,nbhd,buffer.*=0.9,RC(0.5),3,CONVERGED,CONVERGED,630.0,630,0.4374147874921875,0.4374148,0.2373760988442569,0.2373761,39.0,39,0.0,0.0,24000,24000.0,0.568007041800272,0.568007,0.3914281,0,0.0,0.0,0.0,0.0,5.995204e-12
E8,is2,nbhd,buffer.*=0.9,RC(2),3,CONVERGED,CONVERGED,569.0,569,0.28993995178720144,0.28994,0.6877010421782883,0.687701,39.0,39,0.0,0.0,24000,24000.0,0.4974718074113443,0.4974718,0.3914281,85,85.0,0.623207768119636,0.6232078,5e-324,8.437695e-12
E8,is2,nbhd,buffer.*=0.9,RW(0.5),3,CONVERGED,CONVERGED,579.0,579,0.29177324672308513,0.2917732,0.046806735497599616,0.04680674,25.0,25,0.0,0.0,24000,24000.0,0.5908329450448343,0.5908329,0.3914281,0,0.0,0.0,0.0,0.0,6.661338e-12
E8,is2,nbhd,buffer.*=0.9,RW(2),3,CONVERGED,CONVERGED,595.0,595,0.01561354561291241,0.01561355,0.6075209806381696,0.607521,51.0,51,0.0,0.0,24000,24000.0,0.9904701139019745,0.9904701,0.3914281,62,62.0,0.7243830789348576,0.7243831,5e-324,8.65974e-12
E8,is2,nbhd,buffer.*=0.9,land.mach=0.2@dated,3,CONVERGED,CONVERGED,569.0,569,0.558297572303259,0.5582976,0.7399539160575449,0.7399539,0.0,0,0.0,0.0,24000,24000.0,0.5588349408513915,0.5588349,0.3878463,0,0.0,0.0,0.0,0.0,1.088019e-11
E8,is2,nbhd,buffer.*=0.9,land.mach=0.2@genesis,3,CONVERGED,CONVERGED,569.0,569,0.5582975723032597,0.5582976,0.7399539160575449,0.7399539,0.0,0,0.0,0.0,24000,24000.0,0.558465407215357,0.5584654,0.3878463,0,0.0,0.0,0.0,0.0,5.329071e-12
E8,is2,nbhd,buffer.*=0.9,land.mach=0.8@dated,3,CONVERGED,CONVERGED,520.0,520,0.16998753189030288,0.1699875,-0.008950236643364761,-0.008950237,91.0,91,26.0,26.0,24000,24000.0,0.6544803357574711,0.6544803,0.3967725,0,0.0,0.0,0.0,0.0,4.440892e-12
E8,is2,nbhd,buffer.*=0.9,land.mach=0.8@genesis,3,CONVERGED,CONVERGED,520.0,520,0.17042640560761618,0.1704264,-0.008895911981976286,-0.008895912,91.0,91,26.0,26.0,24000,24000.0,0.6549621793007097,0.6549622,0.3967725,0,0.0,0.0,0.0,0.0,3.774758e-12
E8,is2,nbhd,buffer.*=0.9,p[goods]*0.5,3,CONVERGED,CONVERGED,519.0,519,0.4371561881531187,0.4371562,0.5562782345983681,0.5562782,22.0,22,0.0,0.0,24000,24000.0,0.48302831376661015,0.4830283,0.3914281,81,81.0,0.3057856818127079,0.3057857,5e-324,5.551115e-12
E8,is2,nbhd,buffer.*=0.9,p[goods]*2,3,CONVERGED,CONVERGED,439.0,439,0.7633717521720065,0.7633718,0.6316263463401057,0.6316263,0.0,0,0.0,0.0,24000,24000.0,0.45861856413634283,0.4586186,0.3914281,0,0.0,0.0,0.0,0.0,4.218847e-12
E8,is2,nbhd,buffer.*=0.9,p[labour.master]*0.5,3,CONVERGED,CONVERGED,423.0,423,0.5997312586197676,0.5997313,0.702315172702128,0.7023152,0.0,0,0.0,0.0,24000,24000.0,0.42071932312404947,0.4207193,0.3914281,60,60.0,0.019865645041032456,0.01986565,5e-324,9.325873e-12
E8,is2,nbhd,buffer.*=0.9,p[labour.master]*2,3,CONVERGED,CONVERGED,446.0,446,0.7898849120930607,0.7898849,0.6909381814477785,0.6909382,0.0,0,0.0,0.0,24000,24000.0,0.4134735533384883,0.4134736,0.3914281,0,0.0,0.0,0.0,0.0,8.437695e-12
E8,is2,nbhd,buffer.*=0.9,p[labour.trained]*0.5,3,CONVERGED,CONVERGED,589.0,589,0.1444687994956621,0.1444688,0.518705719919392,0.5187057,34.0,34,0.0,0.0,24000,24000.0,0.9009150768739757,0.9009151,0.3914281,0,0.0,0.0,0.0,0.0,4.662937e-12
E8,is2,nbhd,buffer.*=0.9,p[labour.trained]*2,3,CONVERGED,CONVERGED,471.0,471,0.6951998790645036,0.6951999,0.6766418297328928,0.6766418,0.0,0,0.0,0.0,24000,24000.0,0.5656716939291174,0.5656717,0.3914281,0,0.0,0.0,0.0,0.0,5.77316e-12
E8,is2,nbhd,buffer.*=0.9,p[labour]*0.5,3,CONVERGED,CONVERGED,576.0,576,0.2855111031083481,0.2855111,0.046806735497599616,0.04680674,19.0,19,0.0,0.0,24000,24000.0,0.575856560606642,0.5758566,0.3914281,0,0.0,0.0,0.0,0.0,4.662937e-12
E8,is2,nbhd,buffer.*=0.9,p[labour]*2,3,CONVERGED,CONVERGED,508.0,508,0.224406276960389,0.2244063,0.7220200837076268,0.7220201,8.0,8,0.0,0.0,24000,24000.0,0.8909781848462782,0.8909782,0.3914281,69,69.0,0.019865645041032456,0.01986565,5e-324,7.993606e-12
E8,is2,nbhd,buffer.*=0.9,p[land]*0.5,3,CONVERGED,CONVERGED,520.0,520,0.6311189947775978,0.631119,0.6783938081266268,0.6783938,0.0,0,0.0,0.0,24000,24000.0,0.5567643938512372,0.5567644,0.3914281,0,0.0,0.0,0.0,0.0,7.105427e-12
E8,is2,nbhd,buffer.*=0.9,p[land]*2,3,CONVERGED,CONVERGED,636.0,636,0.28071716440934,0.2807172,0.1519662973227356,0.1519663,87.0,87,0.0,0.0,24000,24000.0,0.5965355558469403,0.5965356,0.3914281,0,0.0,0.0,0.0,0.0,1.154632e-11
E8,is2,nbhd,buffer.*=0.9,p[mach]*0.5,3,CONVERGED,CONVERGED,636.0,636,0.25082506236956864,0.2508251,0.7399539160575507,0.7399539,76.0,76,0.0,0.0,24000,24000.0,0.6004340462937505,0.600434,0.3914281,0,0.0,0.0,0.0,0.0,4.884981e-12
E8,is2,nbhd,buffer.*=0.9,p[mach]*2,3,CONVERGED,CONVERGED,518.0,518,0.48736894485992915,0.4873689,-0.03224985958445843,-0.03224986,5.0,5,12.0,12.0,24000,24000.0,0.5995153333485574,0.5995153,0.3914281,0,0.0,0.0,0.0,0.0,9.103829e-12
E8,is2,nbhd,buffer.*=0.9,p[services]*0.5,3,CONVERGED,CONVERGED,560.0,560,0.5074762428071584,0.5074762,0.24882462378537942,0.2488246,0.0,0,0.0,0.0,24000,24000.0,0.4970935240028956,0.4970935,0.3914281,0,0.0,0.0,0.0,0.0,7.771561e-12
E8,is2,nbhd,buffer.*=0.9,p[services]*2,3,CONVERGED,CONVERGED,483.0,483,0.5325417871377713,0.5325418,0.7399539160575449,0.7399539,0.0,0,0.0,0.0,24000,24000.0,0.43632203485780335,0.436322,0.3914281,0,0.0,0.0,0.0,0.0,5.995204e-12
E8,is2,nbhd,buffer.*=0.9,res.services.trained=0.01@dated,3,CONVERGED,CONVERGED,469.0,469,0.6399033846327364,0.6399034,0.6204713386302434,0.6204713,0.0,0,0.0,0.0,24000,24000.0,0.7963867319934659,0.7963867,0.66717,0,0.0,0.0,0.0,0.0,7.993606e-12
E8,is2,nbhd,buffer.*=0.9,res.services.trained=0.01@genesis,3,CONVERGED,CONVERGED,469.0,469,0.6399549041421587,0.6399549,0.6204713386302443,0.6204713,0.0,0,0.0,0.0,24000,24000.0,0.7964369012507553,0.7964369,0.66717,0,0.0,0.0,0.0,0.0,5.995204e-12
E8,is2,nbhd,buffer.*=0.9,res.services.trained=0.04@dated,3,CONVERGED,CONVERGED,514.0,514,0.5000000000000001,0.5,0.6819465826867286,0.6819466,0.0,2,0.0,0.0,513,513.0,0.39142810838832914,0.3914281,6.4e-323,0,0.0,0.0,0.0,0.0,9.769963e-12
E8,is2,nbhd,buffer.*=0.9,res.services.trained=0.04@genesis,3,CONVERGED,CONVERGED,514.0,514,0.5000000000000002,0.5,0.6827824680006715,0.6827825,0.0,0,0.0,0.0,513,513.0,0.39142810838832914,0.3914281,6.4e-323,0,0.0,0.0,0.0,0.0,1.021405e-11
E8,is2,nbhd,buffer.*=0.9,s[goods]=0.5,3,CONVERGED,CONVERGED,601.0,601,0.10564255130699064,0.1056426,0.7399539160575449,0.7399539,65.0,65,0.0,0.0,24000,24000.0,0.8583873126143614,0.8583873,0.3914281,99,99.0,0.5721637621728454,0.5721638,5e-324,8.437695e-12
E8,is2,nbhd,buffer.*=0.9,s[services]=0.5,3,CONVERGED,CONVERGED,597.0,597,0.15671569580088854,0.1567157,0.7399539160575449,0.7399539,41.0,41,0.0,0.0,24000,24000.0,0.9124885253005467,0.9124885,0.3914281,0,0.0,0.0,0.0,0.0,8.437695e-12
E8,is2,nbhd,buffer.*=0.9,sw[master]=0.5,3,CONVERGED,CONVERGED,348.0,348,0.5630326929894004,0.5630327,0.7163620697568271,0.7163621,0.0,0,0.0,0.0,24000,24000.0,0.41165549039884525,0.4116555,0.3914281,56,56.0,0.36071931241311805,0.3607193,5e-324,3.552714e-12
E8,is2,nbhd,buffer.*=0.9,sw[trained]=0.5,3,CONVERGED,CONVERGED,368.0,368,0.8215956190087229,0.8215956,0.7164667743774191,0.7164668,0.0,0,0.0,0.0,24000,24000.0,0.5,0.5,0.3914281,0,0.0,0.0,0.0,0.0,5.551115e-12
E8,is2,nbhd,buffer.*=0.9,tail.services=0.05@dated,3,CONVERGED,CONVERGED,390.0,390,0.9237532887519099,0.9237533,0.3057037014384293,0.3057037,0.0,0,0.0,0.0,24000,24000.0,0.39142810838832914,0.3914281,0.1447515,0,0.0,0.0,0.0,0.0,7.993606e-12
E8,is2,nbhd,buffer.*=0.9,tail.services=0.05@genesis,3,CONVERGED,CONVERGED,390.0,390,0.9237532887519099,0.9237533,0.3057037014384293,0.3057037,0.0,0,0.0,0.0,24000,24000.0,0.39142810838832914,0.3914281,0.1447515,0,0.0,0.0,0.0,0.0,7.327472e-12
E8,is2,nbhd,buffer.*=0.9,tail.services=0.2@dated,3,CONVERGED,CONVERGED,673.0,673,0.3814195926838267,0.3814196,0.7399539160575449,0.7399539,13.0,13,0.0,0.0,24000,24000.0,0.7710345527036766,0.7710346,0.6091996,638,638.0,0.22959876991605802,0.2295988,1.254462e-283,1.310063e-11
E8,is2,nbhd,buffer.*=0.9,tail.services=0.2@genesis,3,CONVERGED,CONVERGED,677.0,677,0.38024749178648765,0.3802475,0.7399539160575449,0.7399539,13.0,13,0.0,0.0,24000,24000.0,0.7722987221690026,0.7722987,0.6091996,646,646.0,0.2249092118233031,0.2249092,1.57098e-283,1.421085e-11
E8,is2,nbhd,buffer.*=0.9,x*/2,3,CONVERGED,CONVERGED,635.0,635,0.0,0.0,0.7399539160575449,0.7399539,91.0,91,0.0,0.0,24000,24000.0,0.972180810127131,0.9721808,0.3914281,126,126.0,0.7014143774413638,0.7014144,5e-324,6.217249e-12
E8,is2,nbhd,buffer.*=1.1,JA(0.5),3,CONVERGED,CONVERGED,650.0,650,0.15147686191117246,0.1514769,0.4149256195241953,0.4149256,116.0,116,0.0,0.0,24000,24000.0,0.6981195482019884,0.6981195,0.3914281,0,0.0,0.0,0.0,0.0,6.883383e-12
E8,is2,nbhd,buffer.*=1.1,JA(2),3,CONVERGED,CONVERGED,530.0,530,0.5373102479915649,0.5373102,0.4066627042488615,0.4066627,0.0,1,0.0,0.0,24000,24000.0,0.5072961483691926,0.5072961,0.3914281,0,0.0,0.0,0.0,0.0,1.04361e-11
E8,is2,nbhd,buffer.*=1.1,JB(0.5),3,CONVERGED,CONVERGED,632.0,632,0.10896302231744247,0.108963,-0.6463404450623457,-0.6463404,103.0,103,34.0,34.0,24000,24000.0,0.916783808239753,0.9167838,0.3914281,151,151.0,0.6107087814893757,0.6107088,5e-324,7.549517e-12
E8,is2,nbhd,buffer.*=1.1,JB(2),3,CONVERGED,CONVERGED,604.0,604,0.32815233418325523,0.3281523,0.7399539160575462,0.7399539,58.0,58,0.0,0.0,24000,24000.0,0.5627716299422378,0.5627716,0.3914281,0,0.0,0.0,0.0,0.0,9.547918e-12
E8,is2,nbhd,buffer.*=1.1,N(0.5),3,CONVERGED,CONVERGED,571.0,571,0.5025649173807536,0.5025649,0.7399539160575449,0.7399539,0.0,0,0.0,0.0,24000,24000.0,0.5023438890976166,0.5023439,0.3914281,0,0.0,0.0,0.0,0.0,6.439294e-12
E8,is2,nbhd,buffer.*=1.1,N(2),3,CONVERGED,CONVERGED,509.0,509,0.4424882035985653,0.4424882,0.15821008467599706,0.1582101,5.0,5,0.0,0.0,24000,24000.0,0.44454745780355615,0.4445475,0.3914281,0,0.0,0.0,0.0,0.0,7.327472e-12
E8,is2,nbhd,buffer.*=1.1,RC(0.5),3,CONVERGED,CONVERGED,609.0,609,0.3991083477311284,0.3991083,0.19848490874249342,0.1984849,53.0,53,0.0,0.0,24000,24000.0,0.5985489946704929,0.598549,0.3914281,0,0.0,0.0,0.0,0.0,7.327472e-12
E8,is2,nbhd,buffer.*=1.1,RC(2),3,CONVERGED,CONVERGED,544.0,544,0.23640616971284037,0.2364062,0.6982119931419478,0.698212,42.0,42,0.0,0.0,24000,24000.0,0.5221008153741015,0.5221008,0.3914281,83,83.0,0.6963883315896845,0.6963883,5e-324,6.661338e-12
E8,is2,nbhd,buffer.*=1.1,RW(0.5),3,CONVERGED,CONVERGED,561.0,561,0.2934127656845429,0.2934128,0.046806735497599616,0.04680674,32.0,32,0.0,0.0,24000,24000.0,0.6126728384823696,0.6126728,0.3914281,0,0.0,0.0,0.0,0.0,6.217249e-12
E8,is2,nbhd,buffer.*=1.1,RW(2),3,CONVERGED,CONVERGED,585.0,585,0.015694412126593248,0.01569441,0.5693461126946708,0.5693461,60.0,60,0.0,0.0,24000,24000.0,0.990332118425319,0.9903321,0.3914281,61,61.0,0.7242712686930771,0.7242713,5e-324,1.176836e-11
E8,is2,nbhd,buffer.*=1.1,land.mach=0.2@dated,3,CONVERGED,CONVERGED,550.0,550,0.5582975723032588,0.5582976,0.7399539160575449,0.7399539,0.0,0,0.0,0.0,24000,24000.0,0.5592752419130894,0.5592752,0.3878463,0,0.0,0.0,0.0,0.0,7.327472e-12
E8,is2,nbhd,buffer.*=1.1,land.mach=0.2@genesis,3,CONVERGED,CONVERGED,550.0,550,0.5582975723032596,0.5582976,0.7399539160575449,0.7399539,0.0,0,0.0,0.0,24000,24000.0,0.5588940860302455,0.5588941,0.3878463,0,0.0,0.0,0.0,0.0,1.065814e-11
E8,is2,nbhd,buffer.*=1.1,land.mach=0.8@dated,3,CONVERGED,CONVERGED,512.0,512,0.1495163933993744,0.1495164,-0.02630248855089966,-0.02630249,98.0,98,14.0,14.0,24000,24000.0,0.6976646288011379,0.6976646,0.3967725,0,0.0,0.0,0.0,0.0,5.107026e-12
E8,is2,nbhd,buffer.*=1.1,land.mach=0.8@genesis,3,CONVERGED,CONVERGED,512.0,512,0.1498510946195716,0.1498511,-0.026161321869022227,-0.02616132,98.0,98,14.0,14.0,24000,24000.0,0.6969955636604708,0.6969956,0.3967725,0,0.0,0.0,0.0,0.0,5.107026e-12
E8,is2,nbhd,buffer.*=1.1,p[goods]*0.5,3,CONVERGED,CONVERGED,508.0,508,0.3833185327342633,0.3833185,0.554350388719565,0.5543504,30.0,30,0.0,0.0,24000,24000.0,0.5012847706086216,0.5012848,0.3914281,80,80.0,0.38619295300569484,0.386193,5e-324,5.995204e-12
E8,is2,nbhd,buffer.*=1.1,p[goods]*2,3,CONVERGED,CONVERGED,427.0,427,0.7550112099344519,0.7550112,0.6350332276939359,0.6350332,0.0,0,0.0,0.0,24000,24000.0,0.4624886952103491,0.4624887,0.3914281,0,0.0,0.0,0.0,0.0,4.440892e-12
E8,is2,nbhd,buffer.*=1.1,p[labour.master]*0.5,3,CONVERGED,CONVERGED,410.0,410,0.5997312586197676,0.5997313,0.7015053474690528,0.7015053,0.0,0,0.0,0.0,24000,24000.0,0.4234002239093195,0.4234002,0.3914281,60,60.0,0.019865645041032456,0.01986565,5e-324,7.549517e-12
E8,is2,nbhd,buffer.*=1.1,p[labour.master]*2,3,CONVERGED,CONVERGED,431.0,431,0.7898849120930606,0.7898849,0.687308384110366,0.6873084,0.0,0,0.0,0.0,24000,24000.0,0.4150441383440727,0.4150441,0.3914281,0,0.0,0.0,0.0,0.0,5.995204e-12
E8,is2,nbhd,buffer.*=1.1,p[labour.trained]*0.5,3,CONVERGED,CONVERGED,574.0,574,0.14447558325160076,0.1444756,0.4933929423293307,0.4933929,41.0,41,0.0,0.0,24000,24000.0,0.9001985562869395,0.9001986,0.3914281,0,0.0,0.0,0.0,0.0,5.77316e-12
E8,is2,nbhd,buffer.*=1.1,p[labour.trained]*2,3,CONVERGED,CONVERGED,456.0,456,0.6965117134430042,0.6965117,0.6725406378765683,0.6725406,0.0,0,0.0,0.0,24000,24000.0,0.5642851522947632,0.5642852,0.3914281,0,0.0,0.0,0.0,0.0,5.551115e-12
E8,is2,nbhd,buffer.*=1.1,p[labour]*0.5,3,CONVERGED,CONVERGED,558.0,558,0.28803265676136075,0.2880327,0.046806735497599616,0.04680674,22.0,22,0.0,0.0,24000,24000.0,0.5960756138277225,0.5960756,0.3914281,0,0.0,0.0,0.0,0.0,6.439294e-12
E8,is2,nbhd,buffer.*=1.1,p[labour]*2,3,CONVERGED,CONVERGED,550.0,550,0.2238700571705865,0.2238701,0.7060943923852553,0.7060944,8.0,8,0.0,0.0,24000,24000.0,0.8910062285666674,0.8910062,0.3914281,71,71.0,0.019865645041032456,0.01986565,5e-324,6.661338e-12
E8,is2,nbhd,buffer.*=1.1,p[land]*0.5,3,CONVERGED,CONVERGED,505.0,505,0.6311189947775977,0.631119,0.6806166986450375,0.6806167,0.0,0,0.0,0.0,24000,24000.0,0.5617540588048867,0.5617541,0.3914281,0,0.0,0.0,0.0,0.0,5.995204e-12
E8,is2,nbhd,buffer.*=1.1,p[land]*2,3,CONVERGED,CONVERGED,617.0,617,0.2530555721189628,0.2530556,0.10143444615377908,0.1014344,89.0,89,0.0,0.0,24000,24000.0,0.6297413403727273,0.6297413,0.3914281,0,0.0,0.0,0.0,0.0,6.661338e-12
E8,is2,nbhd,buffer.*=1.1,p[mach]*0.5,3,CONVERGED,CONVERGED,630.0,630,0.20935848902458765,0.2093585,0.7399539160575507,0.7399539,84.0,84,0.0,0.0,24000,24000.0,0.638688514751612,0.6386885,0.3914281,0,0.0,0.0,0.0,0.0,3.996803e-12
E8,is2,nbhd,buffer.*=1.1,p[mach]*2,3,CONVERGED,CONVERGED,551.0,551,0.4676508125552996,0.4676508,-0.03526169189237578,-0.03526169,8.0,8,13.0,13.0,24000,24000.0,0.6095621693313614,0.6095622,0.3914281,0,0.0,0.0,0.0,0.0,7.993606e-12
E8,is2,nbhd,buffer.*=1.1,p[services]*0.5,3,CONVERGED,CONVERGED,601.0,601,0.44566366100937793,0.4456637,0.20678542141803793,0.2067854,36.0,36,0.0,0.0,24000,24000.0,0.5264169591887875,0.526417,0.3914281,0,0.0,0.0,0.0,0.0,9.769963e-12
E8,is2,nbhd,buffer.*=1.1,p[services]*2,3,CONVERGED,CONVERGED,522.0,522,0.4546368126536838,0.4546368,0.7399539160575449,0.7399539,12.0,12,0.0,0.0,24000,24000.0,0.45821242328982886,0.4582124,0.3914281,0,0.0,0.0,0.0,0.0,8.21565e-12
E8,is2,nbhd,buffer.*=1.1,res.services.trained=0.01@dated,3,CONVERGED,CONVERGED,455.0,455,0.6404250645811649,0.6404251,0.6204713386302458,0.6204713,0.0,0,0.0,0.0,24000,24000.0,0.7961490210388579,0.796149,0.66717,0,0.0,0.0,0.0,0.0,7.993606e-12
E8,is2,nbhd,buffer.*=1.1,res.services.trained=0.01@genesis,3,CONVERGED,CONVERGED,455.0,455,0.640432402010997,0.6404324,0.6204713386302436,0.6204713,0.0,0,0.0,0.0,24000,24000.0,0.7962125577084589,0.7962126,0.66717,0,0.0,0.0,0.0,0.0,9.103829e-12
E8,is2,nbhd,buffer.*=1.1,res.services.trained=0.04@dated,3,CONVERGED,CONVERGED,540.0,540,0.5000000000000001,0.5,0.673476107225661,0.6734761,0.0,0,0.0,0.0,579,579.0,0.39142810838832914,0.3914281,6.4e-323,0,0.0,0.0,0.0,0.0,9.547918e-12
E8,is2,nbhd,buffer.*=1.1,res.services.trained=0.04@genesis,3,CONVERGED,CONVERGED,541.0,541,0.5000000000000002,0.5,0.6743032036744236,0.6743032,0.0,0,0.0,0.0,579,579.0,0.39142810838832914,0.3914281,6.4e-323,0,0.0,0.0,0.0,0.0,8.21565e-12
E8,is2,nbhd,buffer.*=1.1,s[goods]=0.5,3,CONVERGED,CONVERGED,585.0,585,0.10511403438107737,0.105114,0.7399539160575449,0.7399539,65.0,65,0.0,0.0,24000,24000.0,0.8552483470664243,0.8552483,0.3914281,100,100.0,0.5694128885760925,0.5694129,5e-324,7.327472e-12
E8,is2,nbhd,buffer.*=1.1,s[services]=0.5,3,CONVERGED,CONVERGED,579.0,579,0.15641610985064197,0.1564161,0.7399539160575449,0.7399539,54.0,54,0.0,0.0,24000,24000.0,0.9110816391893592,0.9110816,0.3914281,0,0.0,0.0,0.0,0.0,6.439294e-12
E8,is2,nbhd,buffer.*=1.1,sw[master]=0.5,3,CONVERGED,CONVERGED,343.0,343,0.5630326929894004,0.5630327,0.713246340121934,0.7132463,0.0,0,0.0,0.0,24000,24000.0,0.41201108071417347,0.4120111,0.3914281,56,56.0,0.36071931241311805,0.3607193,5e-324,9.769963e-12
E8,is2,nbhd,buffer.*=1.1,sw[trained]=0.5,3,CONVERGED,CONVERGED,365.0,365,0.8215956190087229,0.8215956,0.7146904624334525,0.7146905,0.0,0,0.0,0.0,24000,24000.0,0.5,0.5,0.3914281,0,0.0,0.0,0.0,0.0,7.105427e-12
E8,is2,nbhd,buffer.*=1.1,tail.services=0.05@dated,3,CONVERGED,CONVERGED,374.0,374,0.9221540177042603,0.922154,0.3057037014384299,0.3057037,0.0,0,0.0,0.0,24000,24000.0,0.39142810838832914,0.3914281,0.1447515,0,0.0,0.0,0.0,0.0,5.77316e-12
E8,is2,nbhd,buffer.*=1.1,tail.services=0.05@genesis,3,CONVERGED,CONVERGED,374.0,374,0.9221540177042603,0.922154,0.3057037014384299,0.3057037,0.0,0,0.0,0.0,24000,24000.0,0.39142810838832914,0.3914281,0.1447515,0,0.0,0.0,0.0,0.0,7.105427e-12
E8,is2,nbhd,buffer.*=1.1,tail.services=0.2@dated,3,CONVERGED,CONVERGED,671.0,671,0.3782834312496765,0.3782834,0.7399539160575449,0.7399539,22.0,22,0.0,0.0,24000,24000.0,0.7703163598789262,0.7703164,0.6091996,640,640.0,0.21309913760979823,0.2130991,1.28463e-283,6.217249e-12
E8,is2,nbhd,buffer.*=1.1,tail.services=0.2@genesis,3,CONVERGED,CONVERGED,677.0,677,0.37663922486813906,0.3766392,0.7399539160575449,0.7399539,33.0,33,0.0,0.0,24000,24000.0,0.7718769005291882,0.7718769,0.6091996,646,646.0,0.2107883854985861,0.2107884,1.522513e-283,8.437695e-12
E8,is2,nbhd,buffer.*=1.1,x*/2,3,CONVERGED,CONVERGED,625.0,625,0.0,0.0,0.7399539160575449,0.7399539,92.0,92,0.0,0.0,24000,24000.0,0.971046286515516,0.9710463,0.3914281,129,129.0,0.6941598177466133,0.6941598,5e-324,8.881784e-12
E8,is2,nbhd,buffer.*=1.25,JA(0.5),3,CONVERGED,CONVERGED,645.0,645,0.1372991642119699,0.1372992,0.35605390990336855,0.3560539,118.0,118,0.0,0.0,24000,24000.0,0.7237201058404767,0.7237201,0.3914281,0,0.0,0.0,0.0,0.0,8.437695e-12
E8,is2,nbhd,buffer.*=1.25,JA(2),3,CONVERGED,CONVERGED,516.0,516,0.5404328023718148,0.5404328,0.41468944806647284,0.4146894,1.0,1,0.0,0.0,24000,24000.0,0.507693543269485,0.5076935,0.3914281,0,0.0,0.0,0.0,0.0,7.771561e-12
E8,is2,nbhd,buffer.*=1.25,JB(0.5),3,CONVERGED,CONVERGED,628.0,628,0.10272416894475352,0.1027242,-0.6463404450623457,-0.6463404,106.0,106,34.0,34.0,24000,24000.0,0.9179871655634595,0.9179872,0.3914281,158,158.0,0.6205348046748188,0.6205348,5e-324,9.325873e-12
E8,is2,nbhd,buffer.*=1.25,JB(2),3,CONVERGED,CONVERGED,642.0,642,0.2828510643161462,0.2828511,0.7399539160575493,0.7399539,63.0,63,0.0,0.0,24000,24000.0,0.5895010518611729,0.5895011,0.3914281,0,0.0,0.0,0.0,0.0,5.77316e-12
E8,is2,nbhd,buffer.*=1.25,N(0.5),3,CONVERGED,CONVERGED,565.0,565,0.48986878019090396,0.4898688,0.7399539160575449,0.7399539,9.0,9,0.0,0.0,24000,24000.0,0.5201888449233443,0.5201888,0.3914281,0,0.0,0.0,0.0,0.0,5.329071e-12
E8,is2,nbhd,buffer.*=1.25,N(2),3,CONVERGED,CONVERGED,500.0,500,0.4424882035985653,0.4424882,0.16141331349448118,0.1614133,5.0,5,0.0,0.0,24000,24000.0,0.4439502922522719,0.4439503,0.3914281,0,0.0,0.0,0.0,0.0,7.993606e-12
E8,is2,nbhd,buffer.*=1.25,RC(0.5),3,CONVERGED,CONVERGED,598.0,598,0.35903677446316185,0.3590368,0.17221958386703748,0.1722196,73.0,73,0.0,0.0,24000,24000.0,0.6196487802392292,0.6196488,0.3914281,0,0.0,0.0,0.0,0.0,8.437695e-12
E8,is2,nbhd,buffer.*=1.25,RC(2),3,CONVERGED,CONVERGED,531.0,531,0.2050347710113235,0.2050348,0.7066519023229951,0.7066519,42.0,42,0.0,0.0,24000,24000.0,0.5376476164816847,0.5376476,0.3914281,83,83.0,0.7391893001746661,0.7391893,5e-324,5.77316e-12
E8,is2,nbhd,buffer.*=1.25,RW(0.5),3,CONVERGED,CONVERGED,550.0,550,0.29461273731450055,0.2946127,0.046806735497599616,0.04680674,38.0,38,0.0,0.0,24000,24000.0,0.6260078880215125,0.6260079,0.3914281,0,0.0,0.0,0.0,0.0,1.021405e-11
E8,is2,nbhd,buffer.*=1.25,RW(2),3,CONVERGED,CONVERGED,582.0,582,0.015750623111510983,0.01575062,0.5393974983024546,0.5393975,66.0,66,0.0,0.0,24000,24000.0,0.9902337110980108,0.9902337,0.3914281,59,59.0,0.7241928555400007,0.7241929,5e-324,6.217249e-12
E8,is2,nbhd,buffer.*=1.25,land.mach=0.2@dated,3,CONVERGED,CONVERGED,539.0,539,0.558297572303259,0.5582976,0.7399539160575449,0.7399539,0.0,0,0.0,0.0,24000,24000.0,0.5596141614892508,0.5596142,0.3878463,0,0.0,0.0,0.0,0.0,6.439294e-12
E8,is2,nbhd,buffer.*=1.25,land.mach=0.2@genesis,3,CONVERGED,CONVERGED,538.0,538,0.5582975723032597,0.5582976,0.7399539160575449,0.7399539,0.0,0,0.0,0.0,24000,24000.0,0.5592253620101932,0.5592254,0.3878463,0,0.0,0.0,0.0,0.0,8.65974e-12
E8,is2,nbhd,buffer.*=1.25,land.mach=0.8@dated,3,CONVERGED,CONVERGED,547.0,547,0.13139441120820453,0.1313944,-0.037533876874085076,-0.03753388,102.0,102,21.0,21.0,24000,24000.0,0.7185808517914096,0.7185809,0.3967725,0,0.0,0.0,0.0,0.0,7.327472e-12
E8,is2,nbhd,buffer.*=1.25,land.mach=0.8@genesis,3,CONVERGED,CONVERGED,547.0,547,0.13140327433248922,0.1314033,-0.03750091671033476,-0.03750092,102.0,102,22.0,22.0,24000,24000.0,0.7178237886173815,0.7178238,0.3967725,0,0.0,0.0,0.0,0.0,5.551115e-12
E8,is2,nbhd,buffer.*=1.25,p[goods]*0.5,3,CONVERGED,CONVERGED,501.0,501,0.3515400534160519,0.3515401,0.5606299380340795,0.5606299,34.0,34,0.0,0.0,24000,24000.0,0.5093993174568034,0.5093993,0.3914281,80,80.0,0.433065981699628,0.433066,5e-324,7.993606e-12
E8,is2,nbhd,buffer.*=1.25,p[goods]*2,3,CONVERGED,CONVERGED,419.0,419,0.7343124975518062,0.7343125,0.6349034611964847,0.6349035,0.0,0,0.0,0.0,24000,24000.0,0.46649152786890086,0.4664915,0.3914281,0,0.0,0.0,0.0,0.0,5.77316e-12
E8,is2,nbhd,buffer.*=1.25,p[labour.master]*0.5,3,CONVERGED,CONVERGED,401.0,401,0.5997312586197676,0.5997313,0.7018902063240331,0.7018902,0.0,0,0.0,0.0,24000,24000.0,0.4242763182452273,0.4242763,0.3914281,60,60.0,0.019865645041032456,0.01986565,5e-324,7.993606e-12
E8,is2,nbhd,buffer.*=1.25,p[labour.master]*2,3,CONVERGED,CONVERGED,421.0,421,0.7898849120930607,0.7898849,0.6834181436172267,0.6834181,0.0,0,0.0,0.0,24000,24000.0,0.41535066458508946,0.4153507,0.3914281,0,0.0,0.0,0.0,0.0,6.217249e-12
E8,is2,nbhd,buffer.*=1.25,p[labour.trained]*0.5,3,CONVERGED,CONVERGED,566.0,566,0.14445698632129364,0.144457,0.4753222679524847,0.4753223,49.0,49,0.0,0.0,24000,24000.0,0.8996978653260407,0.8996979,0.3914281,0,0.0,0.0,0.0,0.0,4.884981e-12
E8,is2,nbhd,buffer.*=1.25,p[labour.trained]*2,3,CONVERGED,CONVERGED,447.0,447,0.6974346703477668,0.6974347,0.6702820959120757,0.6702821,0.0,0,0.0,0.0,24000,24000.0,0.5633960970643974,0.5633961,0.3914281,0,0.0,0.0,0.0,0.0,1.021405e-11
E8,is2,nbhd,buffer.*=1.25,p[labour]*0.5,3,CONVERGED,CONVERGED,546.0,546,0.2899007052526195,0.2899007,0.046806735497599616,0.04680674,25.0,25,0.0,0.0,24000,24000.0,0.6087768347263909,0.6087768,0.3914281,0,0.0,0.0,0.0,0.0,8.65974e-12
E8,is2,nbhd,buffer.*=1.25,p[labour]*2,3,CONVERGED,CONVERGED,542.0,542,0.22346987627817672,0.2234699,0.6932013357169039,0.6932013,19.0,19,0.0,0.0,24000,24000.0,0.8910340365905806,0.891034,0.3914281,73,73.0,0.019865645041032456,0.01986565,5e-324,6.217249e-12
E8,is2,nbhd,buffer.*=1.25,p[land]*0.5,3,CONVERGED,CONVERGED,494.0,494,0.6311189947775978,0.631119,0.6819172615659057,0.6819173,0.0,0,0.0,0.0,24000,24000.0,0.565245829570435,0.5652458,0.3914281,0,0.0,0.0,0.0,0.0,6.439294e-12
E8,is2,nbhd,buffer.*=1.25,p[land]*2,3,CONVERGED,CONVERGED,606.0,606,0.23133243286912306,0.2313324,0.06567800998888636,0.06567801,92.0,92,0.0,0.0,24000,24000.0,0.6523451713416079,0.6523452,0.3914281,0,0.0,0.0,0.0,0.0,7.771561e-12
E8,is2,nbhd,buffer.*=1.25,p[mach]*0.5,3,CONVERGED,CONVERGED,625.0,625,0.1819457150317615,0.1819457,0.7399539160575483,0.7399539,89.0,89,0.0,0.0,24000,24000.0,0.6628263661311555,0.6628264,0.3914281,0,0.0,0.0,0.0,0.0,7.993606e-12
E8,is2,nbhd,buffer.*=1.25,p[mach]*2,3,CONVERGED,CONVERGED,540.0,540,0.4539562780803171,0.4539563,-0.0378635823940155,-0.03786358,15.0,15,13.0,13.0,24000,24000.0,0.6161585547523751,0.6161586,0.3914281,0,0.0,0.0,0.0,0.0,5.551115e-12
E8,is2,nbhd,buffer.*=1.25,p[services]*0.5,3,CONVERGED,CONVERGED,592.0,592,0.3850346797454741,0.3850347,0.18023818579158318,0.1802382,64.0,64,0.0,0.0,24000,24000.0,0.5583808859967999,0.5583809,0.3914281,0,0.0,0.0,0.0,0.0,5.995204e-12
E8,is2,nbhd,buffer.*=1.25,p[services]*2,3,CONVERGED,CONVERGED,514.0,514,0.4018029490232668,0.4018029,0.7399539160575449,0.7399539,17.0,17,0.0,0.0,24000,24000.0,0.47776882069660753,0.4777688,0.3914281,0,0.0,0.0,0.0,0.0,6.661338e-12
E8,is2,nbhd,buffer.*=1.25,res.services.trained=0.01@dated,3,CONVERGED,CONVERGED,448.0,448,0.6407861896340843,0.6407862,0.6204713386302467,0.6204713,0.0,0,0.0,0.0,24000,24000.0,0.7959790277730644,0.795979,0.66717,0,0.0,0.0,0.0,0.0,8.881784e-12
E8,is2,nbhd,buffer.*=1.25,res.services.trained=0.01@genesis,3,CONVERGED,CONVERGED,448.0,448,0.6407611997708575,0.6407612,0.6204713386302458,0.6204713,0.0,0,0.0,0.0,24000,24000.0,0.7960519115380071,0.7960519,0.66717,0,0.0,0.0,0.0,0.0,7.105427e-12
E8,is2,nbhd,buffer.*=1.25,res.services.trained=0.04@dated,3,CONVERGED,CONVERGED,534.0,534,0.5000000000000001,0.5,0.6672981043645329,0.6672981,0.0,0,0.0,0.0,584,584.0,0.39142810838832914,0.3914281,6.4e-323,0,0.0,0.0,0.0,0.0,7.549517e-12
E8,is2,nbhd,buffer.*=1.25,res.services.trained=0.04@genesis,3,CONVERGED,CONVERGED,535.0,535,0.5000000000000002,0.5,0.6681230420057801,0.668123,0.0,0,0.0,0.0,584,584.0,0.39142810838832914,0.3914281,6.4e-323,0,0.0,0.0,0.0,0.0,9.325873e-12
E8,is2,nbhd,buffer.*=1.25,s[goods]=0.5,3,CONVERGED,CONVERGED,575.0,575,0.10466688204901209,0.1046669,0.7399539160575449,0.7399539,65.0,65,0.0,0.0,24000,24000.0,0.8529019116934873,0.8529019,0.3914281,101,101.0,0.5676913426962189,0.5676913,5e-324,5.995204e-12
E8,is2,nbhd,buffer.*=1.25,s[services]=0.5,3,CONVERGED,CONVERGED,569.0,569,0.15603476924314857,0.1560348,0.7370364702648203,0.7370365,57.0,57,0.0,0.0,24000,24000.0,0.9101451269444264,0.9101451,0.3914281,0,0.0,0.0,0.0,0.0,8.881784e-12
E8,is2,nbhd,buffer.*=1.25,sw[master]=0.5,3,CONVERGED,CONVERGED,339.0,339,0.5630326929894004,0.5630327,0.7096068917920519,0.7096069,0.0,0,0.0,0.0,24000,24000.0,0.4120143664277092,0.4120144,0.3914281,56,56.0,0.36071931241311805,0.3607193,5e-324,8.21565e-12
E8,is2,nbhd,buffer.*=1.25,sw[trained]=0.5,3,CONVERGED,CONVERGED,364.0,364,0.8215956190087229,0.8215956,0.7134438453099826,0.7134438,0.0,0,0.0,0.0,24000,24000.0,0.5,0.5,0.3914281,0,0.0,0.0,0.0,0.0,6.217249e-12
E8,is2,nbhd,buffer.*=1.25,tail.services=0.05@dated,3,CONVERGED,CONVERGED,366.0,366,0.9210227718164898,0.9210228,0.30570370143843023,0.3057037,0.0,0,0.0,0.0,24000,24000.0,0.39142810838832914,0.3914281,0.1447515,0,0.0,0.0,0.0,0.0,6.217249e-12
E8,is2,nbhd,buffer.*=1.25,tail.services=0.05@genesis,3,CONVERGED,CONVERGED,366.0,366,0.9210227718164898,0.9210228,0.30570370143843023,0.3057037,0.0,0,0.0,0.0,24000,24000.0,0.39142810838832914,0.3914281,0.1447515,0,0.0,0.0,0.0,0.0,7.549517e-12
E8,is2,nbhd,buffer.*=1.25,tail.services=0.2@dated,3,CONVERGED,CONVERGED,670.0,670,0.37585300546010686,0.375853,0.7330717381122159,0.7330717,41.0,41,0.0,0.0,24000,24000.0,0.7699420855848915,0.7699421,0.6091996,641,641.0,0.2037128399802207,0.2037128,1.262724e-283,1.576517e-11
E8,is2,nbhd,buffer.*=1.25,tail.services=0.2@genesis,3,CONVERGED,CONVERGED,676.0,676,0.3739418110526447,0.3739418,0.7399539160575449,0.7399539,44.0,44,0.0,0.0,24000,24000.0,0.771681911233975,0.7716819,0.6091996,648,648.0,0.2026461627863682,0.2026462,1.525113e-283,9.547918e-12
E8,is2,nbhd,buffer.*=1.25,x*/2,3,CONVERGED,CONVERGED,617.0,617,0.0,0.0,0.7399539160575449,0.7399539,92.0,92,0.0,0.0,24000,24000.0,0.9702272722824515,0.9702273,0.3914281,131,131.0,0.6887775416216371,0.6887775,5e-324,6.883383e-12
E8,is2,nbhd,rate.*=0.75,JA(0.5),3,CONVERGED,CONVERGED,883.0,883,0.101970512852177,0.1019705,0.30957285983485794,0.3095729,164.0,164,0.0,0.0,24000,24000.0,0.7351527900383296,0.7351528,0.3914281,0,0.0,0.0,0.0,0.0,8.21565e-12
E8,is2,nbhd,rate.*=0.75,JA(2),3,CONVERGED,CONVERGED,660.0,660,0.5318215895781564,0.5318216,0.4140294198424618,0.4140294,1.0,1,0.0,0.0,24000,24000.0,0.5116714774281687,0.5116715,0.3914281,0,0.0,0.0,0.0,0.0,1.088019e-11
E8,is2,nbhd,rate.*=0.75,JB(0.5),3,CONVERGED,CONVERGED,853.0,853,0.08985922920355034,0.08985923,-0.6463404450623457,-0.6463404,138.0,138,47.0,47.0,24000,24000.0,0.9294881792029149,0.9294882,0.3914281,200,200.0,0.6591912747925428,0.6591913,1e-323,8.21565e-12
E8,is2,nbhd,rate.*=0.75,JB(2),3,CONVERGED,CONVERGED,818.0,818,0.25265504574441194,0.252655,0.7399539160575507,0.7399539,87.0,87,0.0,0.0,24000,24000.0,0.5977312265606611,0.5977312,0.3914281,0,0.0,0.0,0.0,0.0,1.021405e-11
E8,is2,nbhd,rate.*=0.75,N(0.5),3,CONVERGED,CONVERGED,781.0,781,0.42658819301678597,0.4265882,0.7399539160575449,0.7399539,48.0,48,0.0,0.0,24000,24000.0,0.5419153618484913,0.5419154,0.3914281,0,0.0,0.0,0.0,0.0,1.088019e-11
E8,is2,nbhd,rate.*=0.75,N(2),3,CONVERGED,CONVERGED,656.0,656,0.4424882035985653,0.4424882,0.16409030070786246,0.1640903,5.0,5,0.0,0.0,24000,24000.0,0.44435747816898896,0.4443575,0.3914281,0,0.0,0.0,0.0,0.0,9.325873e-12
E8,is2,nbhd,rate.*=0.75,RC(0.5),3,CONVERGED,CONVERGED,826.0,826,0.34500148204826075,0.3450015,0.16400763022944806,0.1640076,103.0,103,0.0,0.0,24000,24000.0,0.6303833511493036,0.6303834,0.3914281,0,0.0,0.0,0.0,0.0,9.103829e-12
E8,is2,nbhd,rate.*=0.75,RC(2),3,CONVERGED,CONVERGED,690.0,690,0.19163510857386337,0.1916351,0.7061317516253378,0.7061318,56.0,56,0.0,0.0,24000,24000.0,0.5328486955224752,0.5328487,0.3914281,110,110.0,0.7555971364509765,0.7555971,1e-323,7.105427e-12
E8,is2,nbhd,rate.*=0.75,RW(0.5),3,CONVERGED,CONVERGED,716.0,716,0.29232296873719393,0.292323,0.046806735497599616,0.04680674,58.0,58,0.0,0.0,24000,24000.0,0.6260429911778844,0.626043,0.3914281,0,0.0,0.0,0.0,0.0,9.103829e-12
E8,is2,nbhd,rate.*=0.75,RW(2),3,CONVERGED,CONVERGED,799.0,799,0.016107242083030306,0.01610724,0.5228562265263182,0.5228562,85.0,85,0.0,0.0,24000,24000.0,0.9900671665192785,0.9900672,0.3914281,78,78.0,0.7155493379806804,0.7155493,1e-323,1.110223e-11
E8,is2,nbhd,rate.*=0.75,land.mach=0.2@dated,3,CONVERGED,CONVERGED,713.0,713,0.5582975723032589,0.5582976,0.7399539160575449,0.7399539,0.0,0,0.0,0.0,24000,24000.0,0.560949172389975,0.5609492,0.3878463,0,0.0,0.0,0.0,0.0,1.24345e-11
E8,is2,nbhd,rate.*=0.75,land.mach=0.2@genesis,3,CONVERGED,CONVERGED,712.0,712,0.5582975723032597,0.5582976,0.7399539160575449,0.7399539,0.0,0,0.0,0.0,24000,24000.0,0.5606352301770087,0.5606352,0.3878463,0,0.0,0.0,0.0,0.0,1.487699e-11
E8,is2,nbhd,rate.*=0.75,land.mach=0.8@dated,3,CONVERGED,CONVERGED,706.0,706,0.10750842552907207,0.1075084,-0.039417767179505375,-0.03941777,141.0,141,33.0,33.0,24000,24000.0,0.7219825639605774,0.7219826,0.3967725,0,0.0,0.0,0.0,0.0,6.439294e-12
E8,is2,nbhd,rate.*=0.75,land.mach=0.8@genesis,3,CONVERGED,CONVERGED,706.0,706,0.1075887852459421,0.1075888,-0.03917788619928891,-0.03917789,142.0,142,32.0,32.0,24000,24000.0,0.7219636600350382,0.7219637,0.3967725,0,0.0,0.0,0.0,0.0,7.771561e-12
E8,is2,nbhd,rate.*=0.75,p[goods]*0.5,3,CONVERGED,CONVERGED,690.0,690,0.32271235449468094,0.3227124,0.5477727534352073,0.5477728,46.0,46,0.0,0.0,24000,24000.0,0.49798184896797254,0.4979818,0.3914281,107,107.0,0.4818914416781475,0.4818914,1e-323,1.310063e-11
E8,is2,nbhd,rate.*=0.75,p[goods]*2,3,CONVERGED,CONVERGED,594.0,594,0.7408375763157079,0.7408376,0.6333372332525861,0.6333372,0.0,0,0.0,0.0,24000,24000.0,0.46983723495456053,0.4698372,0.3914281,0,0.0,0.0,0.0,0.0,1.64313e-11
E8,is2,nbhd,rate.*=0.75,p[labour.master]*0.5,3,CONVERGED,CONVERGED,514.0,514,0.602654435938703,0.6026544,0.6991302987886815,0.6991303,0.0,0,0.0,0.0,24000,24000.0,0.4275862422318167,0.4275862,0.3914281,80,80.0,0.016431650303285188,0.01643165,1e-323,8.437695e-12
E8,is2,nbhd,rate.*=0.75,p[labour.master]*2,3,CONVERGED,CONVERGED,539.0,539,0.7898849120930606,0.7898849,0.6864326461649323,0.6864326,0.0,0,0.0,0.0,24000,24000.0,0.4157554097037209,0.4157554,0.3914281,0,0.0,0.0,0.0,0.0,8.21565e-12
E8,is2,nbhd,rate.*=0.75,p[labour.trained]*0.5,3,CONVERGED,CONVERGED,786.0,786,0.14557545222482093,0.1455755,0.4621383658024351,0.4621384,67.0,67,0.0,0.0,24000,24000.0,0.8973957003156716,0.8973957,0.3914281,0,0.0,0.0,0.0,0.0,1.088019e-11
E8,is2,nbhd,rate.*=0.75,p[labour.trained]*2,3,CONVERGED,CONVERGED,581.0,581,0.6997995526170113,0.6997996,0.6730821699888497,0.6730822,0.0,0,0.0,0.0,24000,24000.0,0.5621638209305704,0.5621638,0.3914281,0,0.0,0.0,0.0,0.0,9.547918e-12
E8,is2,nbhd,rate.*=0.75,p[labour]*0.5,3,CONVERGED,CONVERGED,711.0,711,0.2873727513933796,0.2873728,0.046806735497599616,0.04680674,50.0,50,0.0,0.0,24000,24000.0,0.6180559691438628,0.618056,0.3914281,0,0.0,0.0,0.0,0.0,9.992007e-12
E8,is2,nbhd,rate.*=0.75,p[labour]*2,3,CONVERGED,CONVERGED,692.0,692,0.2198932094020075,0.2198932,0.6860574562603754,0.6860575,30.0,30,0.0,0.0,24000,24000.0,0.8904262117563609,0.8904262,0.3914281,95,95.0,0.014936541353231605,0.01493654,1e-323,7.105427e-12
E8,is2,nbhd,rate.*=0.75,p[land]*0.5,3,CONVERGED,CONVERGED,678.0,678,0.6311189947775978,0.631119,0.6878478701775923,0.6878479,0.0,0,0.0,0.0,24000,24000.0,0.5676261341922347,0.5676261,0.3914281,0,0.0,0.0,0.0,0.0,1.354472e-11
E8,is2,nbhd,rate.*=0.75,p[land]*2,3,CONVERGED,CONVERGED,840.0,840,0.19741728195164807,0.1974173,0.06511311005210084,0.06511311,125.0,125,0.0,0.0,24000,24000.0,0.6557036089891614,0.6557036,0.3914281,0,0.0,0.0,0.0,0.0,7.771561e-12
E8,is2,nbhd,rate.*=0.75,p[mach]*0.5,3,CONVERGED,CONVERGED,853.0,853,0.15028021161307678,0.1502802,0.7399539160575477,0.7399539,124.0,124,0.0,0.0,24000,24000.0,0.6695755404299171,0.6695755,0.3914281,0,0.0,0.0,0.0,0.0,1.04361e-11
E8,is2,nbhd,rate.*=0.75,p[mach]*2,3,CONVERGED,CONVERGED,690.0,690,0.42979237950560434,0.4297924,-0.03802167409420538,-0.03802167,23.0,23,17.0,17.0,24000,24000.0,0.6325501710364398,0.6325502,0.3914281,0,0.0,0.0,0.0,0.0,7.327472e-12
E8,is2,nbhd,rate.*=0.75,p[services]*0.5,3,CONVERGED,CONVERGED,766.0,766,0.3735033753634623,0.3735034,0.15086869054966556,0.1508687,92.0,92,0.0,0.0,24000,24000.0,0.5590998948204371,0.5590999,0.3914281,0,0.0,0.0,0.0,0.0,8.881784e-12
E8,is2,nbhd,rate.*=0.75,p[services]*2,3,CONVERGED,CONVERGED,656.0,656,0.3808525150017098,0.3808525,0.7399539160575449,0.7399539,23.0,23,0.0,0.0,24000,24000.0,0.4919603973353099,0.4919604,0.3914281,0,0.0,0.0,0.0,0.0,9.325873e-12
E8,is2,nbhd,rate.*=0.75,res.services.trained=0.01@dated,3,CONVERGED,CONVERGED,638.0,638,0.6397639688227601,0.639764,0.6204713386302461,0.6204713,0.0,0,0.0,0.0,24000,24000.0,0.7956780894016136,0.7956781,0.66717,0,0.0,0.0,0.0,0.0,1.021405e-11
E8,is2,nbhd,rate.*=0.75,res.services.trained=0.01@genesis,3,CONVERGED,CONVERGED,638.0,638,0.6396870615413847,0.6396871,0.6204713386302464,0.6204713,0.0,0,0.0,0.0,24000,24000.0,0.7957390402789704,0.795739,0.66717,0,0.0,0.0,0.0,0.0,7.771561e-12
E8,is2,nbhd,rate.*=0.75,res.services.trained=0.04@dated,3,CONVERGED,CONVERGED,697.0,697,0.5000000000000001,0.5,0.6612999524381646,0.6613,0.0,2,0.0,0.0,777,777.0,0.39142810838832914,0.3914281,2.478648e-288,0,0.0,0.0,0.0,0.0,1.509903e-11
E8,is2,nbhd,rate.*=0.75,res.services.trained=0.04@genesis,3,CONVERGED,CONVERGED,697.0,697,0.5000000000000002,0.5,0.6619166266419376,0.6619166,0.0,0,0.0,0.0,777,777.0,0.39142810838832914,0.3914281,2.488703e-288,0,0.0,0.0,0.0,0.0,1.754152e-11
E8,is2,nbhd,rate.*=0.75,s[goods]=0.5,3,CONVERGED,CONVERGED,771.0,771,0.09387506427032243,0.09387506,0.7399539160575449,0.7399539,72.0,72,0.0,0.0,24000,24000.0,0.8414561962423439,0.8414562,0.3914281,124,124.0,0.4485086208797918,0.4485086,1e-323,8.881784e-12
E8,is2,nbhd,rate.*=0.75,s[services]=0.5,3,CONVERGED,CONVERGED,772.0,772,0.17487253020638294,0.1748725,0.6899680615000903,0.6899681,67.0,67,0.0,0.0,24000,24000.0,0.8970170896165142,0.8970171,0.3914281,0,0.0,0.0,0.0,0.0,1.021405e-11
E8,is2,nbhd,rate.*=0.75,sw[master]=0.5,3,CONVERGED,CONVERGED,496.0,496,0.5294534049002702,0.5294534,0.7086425743353759,0.7086426,0.0,0,0.0,0.0,24000,24000.0,0.4130466385273852,0.4130466,0.3914281,75,75.0,0.3913988514827649,0.3913989,1e-323,1.04361e-11
E8,is2,nbhd,rate.*=0.75,sw[trained]=0.5,3,CONVERGED,CONVERGED,526.0,526,0.8215956190087229,0.8215956,0.7122547004460814,0.7122547,0.0,0,0.0,0.0,24000,24000.0,0.5,0.5,0.3914281,0,0.0,0.0,0.0,0.0,1.576517e-11
E8,is2,nbhd,rate.*=0.75,tail.services=0.05@dated,3,CONVERGED,CONVERGED,457.0,457,0.9216698512377276,0.9216699,0.30570370143843056,0.3057037,0.0,0,0.0,0.0,24000,24000.0,0.39142810838832914,0.3914281,0.1447515,0,0.0,0.0,0.0,0.0,6.439294e-12
E8,is2,nbhd,rate.*=0.75,tail.services=0.05@genesis,3,CONVERGED,CONVERGED,457.0,457,0.9216698512377276,0.9216699,0.30570370143843056,0.3057037,0.0,0,0.0,0.0,24000,24000.0,0.39142810838832914,0.3914281,0.1447515,0,0.0,0.0,0.0,0.0,1.021405e-11
E8,is2,nbhd,rate.*=0.75,tail.services=0.2@dated,3,CONVERGED,CONVERGED,904.0,904,0.36953480343506356,0.3695348,0.7248698692890713,0.7248699,57.0,57,0.0,0.0,24000,24000.0,0.7706368415708397,0.7706368,0.6091996,838,838.0,0.19579542090221808,0.1957954,3.263029e-213,1.44329e-11
E8,is2,nbhd,rate.*=0.75,tail.services=0.2@genesis,3,CONVERGED,CONVERGED,913.0,913,0.36794034218136973,0.3679403,0.730593353837211,0.7305934,59.0,59,0.0,0.0,24000,24000.0,0.7720565942474371,0.7720566,0.6091996,844,844.0,0.19563289028259212,0.1956329,3.709065e-213,1.398881e-11
E8,is2,nbhd,rate.*=0.75,x*/2,3,CONVERGED,CONVERGED,813.0,813,0.0,0.0,0.7399539160575449,0.7399539,103.0,103,0.0,0.0,24000,24000.0,0.9643421687862294,0.9643422,0.3914281,140,140.0,0.5886043849910008,0.5886044,1e-323,1.110223e-11
E8,is2,nbhd,rate.*=0.9,JA(0.5),3,CONVERGED,CONVERGED,761.0,761,0.1381433197621414,0.1381433,0.4084330023265704,0.408433,130.0,130,0.0,0.0,24000,24000.0,0.6993105696629218,0.6993106,0.3914281,0,0.0,0.0,0.0,0.0,4.662937e-12
E8,is2,nbhd,rate.*=0.9,JA(2),3,CONVERGED,CONVERGED,577.0,577,0.5338492836566439,0.5338493,0.40616044256274825,0.4061604,1.0,1,0.0,0.0,24000,24000.0,0.5084679009947547,0.5084679,0.3914281,0,0.0,0.0,0.0,0.0,6.883383e-12
E8,is2,nbhd,rate.*=0.9,JB(0.5),3,CONVERGED,CONVERGED,693.0,693,0.1040615153359323,0.1040615,-0.6463404450623457,-0.6463404,113.0,113,38.0,38.0,24000,24000.0,0.9214008483218509,0.9214008,0.3914281,164,164.0,0.6238505381504388,0.6238505,5e-324,8.437695e-12
E8,is2,nbhd,rate.*=0.9,JB(2),3,CONVERGED,CONVERGED,707.0,707,0.32293400497766983,0.322934,0.7399539160575477,0.7399539,63.0,63,0.0,0.0,24000,24000.0,0.5620189918486194,0.562019,0.3914281,0,0.0,0.0,0.0,0.0,4.662937e-12
E8,is2,nbhd,rate.*=0.9,N(0.5),3,CONVERGED,CONVERGED,628.0,628,0.4825169741977166,0.482517,0.7399539160575449,0.7399539,14.0,14,0.0,0.0,24000,24000.0,0.5073342428828853,0.5073342,0.3914281,0,0.0,0.0,0.0,0.0,7.327472e-12
E8,is2,nbhd,rate.*=0.9,N(2),3,CONVERGED,CONVERGED,558.0,558,0.4424882035985653,0.4424882,0.159078089224703,0.1590781,5.0,5,0.0,0.0,24000,24000.0,0.44469791838303147,0.4446979,0.3914281,0,0.0,0.0,0.0,0.0,1.265654e-11
E8,is2,nbhd,rate.*=0.9,RC(0.5),3,CONVERGED,CONVERGED,664.0,664,0.3978029115239531,0.3978029,0.19832758109957738,0.1983276,65.0,65,0.0,0.0,24000,24000.0,0.5999787783040781,0.5999788,0.3914281,0,0.0,0.0,0.0,0.0,3.996803e-12
E8,is2,nbhd,rate.*=0.9,RC(2),3,CONVERGED,CONVERGED,592.0,592,0.23498092364620293,0.2349809,0.6972769503140869,0.697277,46.0,46,0.0,0.0,24000,24000.0,0.5204251935378068,0.5204252,0.3914281,92,92.0,0.6980469605785263,0.698047,5e-324,6.661338e-12
E8,is2,nbhd,rate.*=0.9,RW(0.5),3,CONVERGED,CONVERGED,611.0,611,0.2955980109579376,0.295598,0.046806735497599616,0.04680674,41.0,41,0.0,0.0,24000,24000.0,0.6129421763806642,0.6129422,0.3914281,0,0.0,0.0,0.0,0.0,9.769963e-12
E8,is2,nbhd,rate.*=0.9,RW(2),3,CONVERGED,CONVERGED,640.0,640,0.01581296367938493,0.01581296,0.567370777374132,0.5673708,65.0,65,0.0,0.0,24000,24000.0,0.9902908379446024,0.9902908,0.3914281,67,67.0,0.7215004198493619,0.7215004,5e-324,9.547918e-12
E8,is2,nbhd,rate.*=0.9,land.mach=0.2@dated,3,CONVERGED,CONVERGED,606.0,606,0.558297572303259,0.5582976,0.7399539160575449,0.7399539,0.0,0,0.0,0.0,24000,24000.0,0.5596042902690922,0.5596043,0.3878463,0,0.0,0.0,0.0,0.0,7.993606e-12
E8,is2,nbhd,rate.*=0.9,land.mach=0.2@genesis,3,CONVERGED,CONVERGED,606.0,606,0.5582975723032597,0.5582976,0.7399539160575449,0.7399539,0.0,0,0.0,0.0,24000,24000.0,0.5592474344511681,0.5592474,0.3878463,0,0.0,0.0,0.0,0.0,8.437695e-12
E8,is2,nbhd,rate.*=0.9,land.mach=0.8@dated,3,CONVERGED,CONVERGED,612.0,612,0.13933955110808305,0.1393396,-0.02584416299202618,-0.02584416,110.0,110,15.0,15.0,24000,24000.0,0.6966895485184765,0.6966895,0.3967725,0,0.0,0.0,0.0,0.0,7.993606e-12
E8,is2,nbhd,rate.*=0.9,land.mach=0.8@genesis,3,CONVERGED,CONVERGED,612.0,612,0.13978675859435916,0.1397868,-0.025705481669587877,-0.02570548,110.0,110,16.0,16.0,24000,24000.0,0.6964539629022878,0.696454,0.3967725,0,0.0,0.0,0.0,0.0,9.325873e-12
E8,is2,nbhd,rate.*=0.9,p[goods]*0.5,3,CONVERGED,CONVERGED,557.0,557,0.37707404556152824,0.377074,0.5503356173304245,0.5503356,34.0,34,0.0,0.0,24000,24000.0,0.49613224434284264,0.4961322,0.3914281,90,90.0,0.39717209948673454,0.3971721,5e-324,6.883383e-12
E8,is2,nbhd,rate.*=0.9,p[goods]*2,3,CONVERGED,CONVERGED,471.0,471,0.7564837203137565,0.7564837,0.6332935315725026,0.6332935,0.0,0,0.0,0.0,24000,24000.0,0.46396098390862706,0.463961,0.3914281,0,0.0,0.0,0.0,0.0,7.105427e-12
E8,is2,nbhd,rate.*=0.9,p[labour.master]*0.5,3,CONVERGED,CONVERGED,447.0,447,0.6008988826289688,0.6008989,0.7004163644377105,0.7004164,0.0,0,0.0,0.0,24000,24000.0,0.4243101082509934,0.4243101,0.3914281,67,67.0,0.017896970233888216,0.01789697,5e-324,7.993606e-12
E8,is2,nbhd,rate.*=0.9,p[labour.master]*2,3,CONVERGED,CONVERGED,469.0,469,0.7898849120930606,0.7898849,0.6883777142816216,0.6883777,0.0,0,0.0,0.0,24000,24000.0,0.4152941644127233,0.4152942,0.3914281,0,0.0,0.0,0.0,0.0,6.439294e-12
E8,is2,nbhd,rate.*=0.9,p[labour.trained]*0.5,3,CONVERGED,CONVERGED,625.0,625,0.14500214820382082,0.1450021,0.48992323638645113,0.4899232,45.0,45,0.0,0.0,24000,24000.0,0.8993685150786039,0.8993685,0.3914281,0,0.0,0.0,0.0,0.0,1.065814e-11
E8,is2,nbhd,rate.*=0.9,p[labour.trained]*2,3,CONVERGED,CONVERGED,497.0,497,0.6967382116908786,0.6967382,0.6735276814752769,0.6735277,0.0,0,0.0,0.0,24000,24000.0,0.5642204100205869,0.5642204,0.3914281,0,0.0,0.0,0.0,0.0,9.769963e-12
E8,is2,nbhd,rate.*=0.9,p[labour]*0.5,3,CONVERGED,CONVERGED,607.0,607,0.2878700725369574,0.2878701,0.046806735497599616,0.04680674,26.0,26,0.0,0.0,24000,24000.0,0.5995659458330032,0.5995659,0.3914281,0,0.0,0.0,0.0,0.0,6.883383e-12
E8,is2,nbhd,rate.*=0.9,p[labour]*2,3,CONVERGED,CONVERGED,597.0,597,0.22269734809520503,0.2226973,0.7049107325568723,0.7049107,9.0,9,0.0,0.0,24000,24000.0,0.8907312878558006,0.8907313,0.3914281,78,78.0,0.017896970233888216,0.01789697,5e-324,6.217249e-12
E8,is2,nbhd,rate.*=0.9,p[land]*0.5,3,CONVERGED,CONVERGED,553.0,553,0.6311189947775978,0.631119,0.6825542524560231,0.6825543,0.0,0,0.0,0.0,24000,24000.0,0.562021905362852,0.5620219,0.3914281,0,0.0,0.0,0.0,0.0,6.439294e-12
E8,is2,nbhd,rate.*=0.9,p[land]*2,3,CONVERGED,CONVERGED,674.0,674,0.24115592214884848,0.2411559,0.10658496721408599,0.106585,100.0,100,0.0,0.0,24000,24000.0,0.6283654665046483,0.6283655,0.3914281,0,0.0,0.0,0.0,0.0,1.221245e-11
E8,is2,nbhd,rate.*=0.9,p[mach]*0.5,3,CONVERGED,CONVERGED,738.0,738,0.19983061482536812,0.1998306,0.7399539160575477,0.7399539,94.0,94,0.0,0.0,24000,24000.0,0.6386973097679682,0.6386973,0.3914281,0,0.0,0.0,0.0,0.0,6.217249e-12
E8,is2,nbhd,rate.*=0.9,p[mach]*2,3,CONVERGED,CONVERGED,600.0,600,0.4609178082032189,0.4609178,-0.03504977159508186,-0.03504977,14.0,14,14.0,14.0,24000,24000.0,0.614260257211294,0.6142603,0.3914281,0,0.0,0.0,0.0,0.0,7.993606e-12
E8,is2,nbhd,rate.*=0.9,p[services]*0.5,3,CONVERGED,CONVERGED,651.0,651,0.4512877849755463,0.4512878,0.20021189147802113,0.2002119,39.0,39,0.0,0.0,24000,24000.0,0.5222452590577212,0.5222453,0.3914281,0,0.0,0.0,0.0,0.0,7.549517e-12
E8,is2,nbhd,rate.*=0.9,p[services]*2,3,CONVERGED,CONVERGED,567.0,567,0.4540437151252345,0.4540437,0.7399539160575449,0.7399539,14.0,14,0.0,0.0,24000,24000.0,0.46106464010168524,0.4610646,0.3914281,0,0.0,0.0,0.0,0.0,6.217249e-12
E8,is2,nbhd,rate.*=0.9,res.services.trained=0.01@dated,3,CONVERGED,CONVERGED,501.0,501,0.6389025760789198,0.6389026,0.6204713386302464,0.6204713,0.0,0,0.0,0.0,24000,24000.0,0.7962275630855521,0.7962276,0.66717,0,0.0,0.0,0.0,0.0,7.327472e-12
E8,is2,nbhd,rate.*=0.9,res.services.trained=0.01@genesis,3,CONVERGED,CONVERGED,501.0,501,0.6388834907073622,0.6388835,0.6204713386302455,0.6204713,0.0,0,0.0,0.0,24000,24000.0,0.7962849967693976,0.796285,0.66717,0,0.0,0.0,0.0,0.0,6.883383e-12
E8,is2,nbhd,rate.*=0.9,res.services.trained=0.04@dated,3,CONVERGED,CONVERGED,594.0,594,0.5000000000000001,0.5,0.6718168628127673,0.6718169,0.0,2,0.0,0.0,640,640.0,0.39142810838832914,0.3914281,7.4e-323,0,0.0,0.0,0.0,0.0,1.376677e-11
E8,is2,nbhd,rate.*=0.9,res.services.trained=0.04@genesis,3,CONVERGED,CONVERGED,594.0,594,0.5000000000000002,0.5,0.6725600864701974,0.6725601,0.0,0,0.0,0.0,641,641.0,0.39142810838832914,0.3914281,7.4e-323,0,0.0,0.0,0.0,0.0,1.021405e-11
E8,is2,nbhd,rate.*=0.9,s[goods]=0.5,3,CONVERGED,CONVERGED,635.0,635,0.10072418218758368,0.1007242,0.7399539160575449,0.7399539,68.0,68,0.0,0.0,24000,24000.0,0.8518110833985298,0.8518111,0.3914281,108,108.0,0.5314548916848627,0.5314549,5e-324,7.327472e-12
E8,is2,nbhd,rate.*=0.9,s[services]=0.5,3,CONVERGED,CONVERGED,627.0,627,0.1614949274200157,0.1614949,0.7399539160575449,0.7399539,53.0,53,0.0,0.0,24000,24000.0,0.9065083557944704,0.9065084,0.3914281,0,0.0,0.0,0.0,0.0,1.221245e-11
E8,is2,nbhd,rate.*=0.9,sw[master]=0.5,3,CONVERGED,CONVERGED,380.0,380,0.5498582769002547,0.5498583,0.7132844465437544,0.7132844,0.0,0,0.0,0.0,24000,24000.0,0.4127239982787093,0.412724,0.3914281,62,62.0,0.3726914721702615,0.3726915,5e-324,7.327472e-12
E8,is2,nbhd,rate.*=0.9,sw[trained]=0.5,3,CONVERGED,CONVERGED,403.0,403,0.8215956190087229,0.8215956,0.7144221548612872,0.7144222,0.0,0,0.0,0.0,24000,24000.0,0.5,0.5,0.3914281,0,0.0,0.0,0.0,0.0,5.995204e-12
E8,is2,nbhd,rate.*=0.9,tail.services=0.05@dated,3,CONVERGED,CONVERGED,407.0,407,0.9225729699760936,0.922573,0.3057037014384276,0.3057037,0.0,0,0.0,0.0,24000,24000.0,0.39142810838832914,0.3914281,0.1447515,0,0.0,0.0,0.0,0.0,7.993606e-12
E8,is2,nbhd,rate.*=0.9,tail.services=0.05@genesis,3,CONVERGED,CONVERGED,407.0,407,0.9225729699760937,0.922573,0.30570370143842795,0.3057037,0.0,0,0.0,0.0,24000,24000.0,0.39142810838832914,0.3914281,0.1447515,0,0.0,0.0,0.0,0.0,5.329071e-12
E8,is2,nbhd,rate.*=0.9,tail.services=0.2@dated,3,CONVERGED,CONVERGED,747.0,747,0.37623687565469266,0.3762369,0.7399539160575449,0.7399539,32.0,32,0.0,0.0,24000,24000.0,0.7701757232048498,0.7701757,0.6091996,707,707.0,0.21192566192401296,0.2119257,1.923887e-255,1.088019e-11
E8,is2,nbhd,rate.*=0.9,tail.services=0.2@genesis,3,CONVERGED,CONVERGED,754.0,754,0.37480854569706445,0.3748085,0.7399539160575449,0.7399539,38.0,38,0.0,0.0,24000,24000.0,0.7715690118237882,0.771569,0.6091996,713,713.0,0.21042948655250762,0.2104295,2.248433e-255,1.110223e-11
E8,is2,nbhd,rate.*=0.9,x*/2,3,CONVERGED,CONVERGED,724.0,724,0.0,0.0,0.7399539160575449,0.7399539,96.0,96,0.0,0.0,24000,24000.0,0.9692163156982592,0.9692163,0.3914281,131,131.0,0.661991366071527,0.6619914,5e-324,7.771561e-12
E8,is2,nbhd,rate.*=1.1,JA(0.5),3,CONVERGED,CONVERGED,609.0,609,0.17343691249005,0.1734369,0.49192484575041234,0.4919248,101.0,101,0.0,0.0,24000,24000.0,0.6587461653568011,0.6587462,0.3914281,0,0.0,0.0,0.0,0.0,5.77316e-12
E8,is2,nbhd,rate.*=1.1,JA(2),3,CONVERGED,CONVERGED,461.0,461,0.5365564881067959,0.5365565,0.3961559292873881,0.3961559,1.0,1,0.0,0.0,24000,24000.0,0.5061122006751888,0.5061122,0.3914281,0,0.0,0.0,0.0,0.0,1.176836e-11
E8,is2,nbhd,rate.*=1.1,JB(0.5),3,CONVERGED,CONVERGED,599.0,599,0.12332321417337518,0.1233232,-0.6463404450623457,-0.6463404,90.0,90,29.0,29.0,24000,24000.0,0.910642234833775,0.9106422,0.3914281,130,130.0,0.5802067743675609,0.5802068,5e-324,5.551115e-12
E8,is2,nbhd,rate.*=1.1,JB(2),3,CONVERGED,CONVERGED,566.0,566,0.400157703382871,0.4001577,0.7399539160575468,0.7399539,44.0,44,0.0,0.0,24000,24000.0,0.5274156940255985,0.5274157,0.3914281,0,0.0,0.0,0.0,0.0,4.662937e-12
E8,is2,nbhd,rate.*=1.1,N(0.5),3,CONVERGED,CONVERGED,545.0,545,0.5338997732475652,0.5338998,0.7399539160575449,0.7399539,0.0,0,0.0,0.0,24000,24000.0,0.475492407738536,0.4754924,0.3914281,0,0.0,0.0,0.0,0.0,6.883383e-12
E8,is2,nbhd,rate.*=1.1,N(2),3,CONVERGED,CONVERGED,485.0,485,0.4424882035985653,0.4424882,0.152765718892327,0.1527657,4.0,4,0.0,0.0,24000,24000.0,0.4452693484571579,0.4452693,0.3914281,0,0.0,0.0,0.0,0.0,2.88658e-12
E8,is2,nbhd,rate.*=1.1,RC(0.5),3,CONVERGED,CONVERGED,587.0,587,0.4348978442791322,0.4348978,0.2337895579066941,0.2337896,38.0,38,0.0,0.0,24000,24000.0,0.5696750315969769,0.569675,0.3914281,0,0.0,0.0,0.0,0.0,3.330669e-12
E8,is2,nbhd,rate.*=1.1,RC(2),3,CONVERGED,CONVERGED,530.0,530,0.2857254390956404,0.2857254,0.6888497927825731,0.6888498,37.0,37,0.0,0.0,24000,24000.0,0.5003341425935338,0.5003341,0.3914281,77,77.0,0.6293623259902261,0.6293623,5e-324,5.107026e-12
E8,is2,nbhd,rate.*=1.1,RW(0.5),3,CONVERGED,CONVERGED,488.0,488,0.28791418735563945,0.2879142,0.046806735497599616,0.04680674,22.0,22,0.0,0.0,24000,24000.0,0.5912386496871557,0.5912386,0.3914281,0,0.0,0.0,0.0,0.0,3.996803e-12
E8,is2,nbhd,rate.*=1.1,RW(2),3,CONVERGED,CONVERGED,557.0,557,0.015594806691273898,0.01559481,0.6085960405309684,0.608596,48.0,48,0.0,0.0,24000,24000.0,0.9905445449834549,0.9905445,0.3914281,57,57.0,0.7281318740307429,0.7281319,5e-324,4.884981e-12
E8,is2,nbhd,rate.*=1.1,land.mach=0.2@dated,3,CONVERGED,CONVERGED,524.0,524,0.558297572303259,0.5582976,0.7399539160575449,0.7399539,0.0,0,0.0,0.0,24000,24000.0,0.5585659753889066,0.558566,0.3878463,0,0.0,0.0,0.0,0.0,7.105427e-12
E8,is2,nbhd,rate.*=1.1,land.mach=0.2@genesis,3,CONVERGED,CONVERGED,524.0,524,0.5582975723032597,0.5582976,0.7399539160575449,0.7399539,0.0,0,0.0,0.0,24000,24000.0,0.5581618347333691,0.5581618,0.3878463,0,0.0,0.0,0.0,0.0,6.217249e-12
E8,is2,nbhd,rate.*=1.1,land.mach=0.8@dated,3,CONVERGED,CONVERGED,477.0,477,0.17798418867906166,0.1779842,-0.009825463702059067,-0.009825464,83.0,83,9.0,9.0,24000,24000.0,0.6572422454401208,0.6572422,0.3967725,0,0.0,0.0,0.0,0.0,4.884981e-12
E8,is2,nbhd,rate.*=1.1,land.mach=0.8@genesis,3,CONVERGED,CONVERGED,477.0,477,0.17804990888202832,0.1780499,-0.009851206704202026,-0.009851207,83.0,83,8.0,8.0,24000,24000.0,0.6573747868571106,0.6573748,0.3967725,0,0.0,0.0,0.0,0.0,5.77316e-12
E8,is2,nbhd,rate.*=1.1,p[goods]*0.5,3,CONVERGED,CONVERGED,478.0,478,0.43683798024506004,0.436838,0.555433452340663,0.5554335,19.0,19,0.0,0.0,24000,24000.0,0.4895289871107799,0.489529,0.3914281,74,74.0,0.3049397297986958,0.3049397,5e-324,5.329071e-12
E8,is2,nbhd,rate.*=1.1,p[goods]*2,3,CONVERGED,CONVERGED,405.0,405,0.7694387623088905,0.7694388,0.6334418876553122,0.6334419,0.0,0,0.0,0.0,24000,24000.0,0.4576270956134634,0.4576271,0.3914281,0,0.0,0.0,0.0,0.0,7.993606e-12
E8,is2,nbhd,rate.*=1.1,p[labour.master]*0.5,3,CONVERGED,CONVERGED,392.0,392,0.5985658260756581,0.5985658,0.7032440630173494,0.7032441,0.0,0,0.0,0.0,24000,24000.0,0.4203368210916621,0.4203368,0.3914281,55,55.0,0.02183037354073357,0.02183037,5e-324,5.77316e-12
E8,is2,nbhd,rate.*=1.1,p[labour.master]*2,3,CONVERGED,CONVERGED,414.0,414,0.7898849120930606,0.7898849,0.6901007779689166,0.6901008,0.0,0,0.0,0.0,24000,24000.0,0.4131919048896621,0.4131919,0.3914281,0,0.0,0.0,0.0,0.0,3.996803e-12
E8,is2,nbhd,rate.*=1.1,p[labour.trained]*0.5,3,CONVERGED,CONVERGED,548.0,548,0.14434538537374436,0.1443454,0.5186840069888055,0.518684,31.0,31,0.0,0.0,24000,24000.0,0.9016710296452716,0.901671,0.3914281,0,0.0,0.0,0.0,0.0,4.218847e-12
E8,is2,nbhd,rate.*=1.1,p[labour.trained]*2,3,CONVERGED,CONVERGED,437.0,437,0.6943055333128976,0.6943055,0.675080554591629,0.6750806,0.0,0,0.0,0.0,24000,24000.0,0.564976858948941,0.5649769,0.3914281,0,0.0,0.0,0.0,0.0,5.995204e-12
E8,is2,nbhd,rate.*=1.1,p[labour]*0.5,3,CONVERGED,CONVERGED,484.0,484,0.28598495068363744,0.285985,0.046806735497599616,0.04680674,17.0,17,0.0,0.0,24000,24000.0,0.5729787341807628,0.5729787,0.3914281,0,0.0,0.0,0.0,0.0,3.552714e-12
E8,is2,nbhd,rate.*=1.1,p[labour]*2,3,CONVERGED,CONVERGED,471.0,471,0.22770771124182215,0.2277077,0.7200562940914444,0.7200563,8.0,8,0.0,0.0,24000,24000.0,0.8908916163582505,0.8908916,0.3914281,63,63.0,0.02183037354073357,0.02183037,5e-324,3.996803e-12
E8,is2,nbhd,rate.*=1.1,p[land]*0.5,3,CONVERGED,CONVERGED,485.0,485,0.6311189947775979,0.631119,0.6765782207695606,0.6765782,0.0,0,0.0,0.0,24000,24000.0,0.5564301661902569,0.5564302,0.3914281,0,0.0,0.0,0.0,0.0,5.77316e-12
E8,is2,nbhd,rate.*=1.1,p[land]*2,3,CONVERGED,CONVERGED,592.0,592,0.2911449112054539,0.2911449,0.14179299958483557,0.141793,79.0,79,0.0,0.0,24000,24000.0,0.6005319805019397,0.600532,0.3914281,0,0.0,0.0,0.0,0.0,2.88658e-12
E8,is2,nbhd,rate.*=1.1,p[mach]*0.5,3,CONVERGED,CONVERGED,589.0,589,0.2605500736155589,0.2605501,0.7399539160575477,0.7399539,70.0,70,0.0,0.0,24000,24000.0,0.604715675015484,0.6047157,0.3914281,0,0.0,0.0,0.0,0.0,5.107026e-12
E8,is2,nbhd,rate.*=1.1,p[mach]*2,3,CONVERGED,CONVERGED,478.0,478,0.490944837203022,0.4909448,-0.03296165651863693,-0.03296166,5.0,5,11.0,11.0,24000,24000.0,0.5964420793037024,0.5964421,0.3914281,0,0.0,0.0,0.0,0.0,4.440892e-12
E8,is2,nbhd,rate.*=1.1,p[services]*0.5,3,CONVERGED,CONVERGED,521.0,521,0.5108105740204659,0.5108106,0.2495740496967521,0.249574,0.0,0,0.0,0.0,24000,24000.0,0.49900263355109276,0.4990026,0.3914281,0,0.0,0.0,0.0,0.0,4.440892e-12
E8,is2,nbhd,rate.*=1.1,p[services]*2,3,CONVERGED,CONVERGED,448.0,448,0.5253210728113723,0.5253211,0.7399539160575449,0.7399539,0.0,0,0.0,0.0,24000,24000.0,0.4377302037353402,0.4377302,0.3914281,0,0.0,0.0,0.0,0.0,4.440892e-12
E8,is2,nbhd,rate.*=1.1,res.services.trained=0.01@dated,3,CONVERGED,CONVERGED,429.0,429,0.6387268127291983,0.6387268,0.620471338630244,0.6204713,0.0,0,0.0,0.0,24000,24000.0,0.7967576720815803,0.7967577,0.66717,0,0.0,0.0,0.0,0.0,4.218847e-12
E8,is2,nbhd,rate.*=1.1,res.services.trained=0.01@genesis,3,CONVERGED,CONVERGED,429.0,429,0.638743001352455,0.638743,0.6204713386302431,0.6204713,0.0,0,0.0,0.0,24000,24000.0,0.796815589696447,0.7968156,0.66717,0,0.0,0.0,0.0,0.0,6.217249e-12
E8,is2,nbhd,rate.*=1.1,res.services.trained=0.04@dated,3,CONVERGED,CONVERGED,469.0,469,0.5000000000000001,0.5,0.6825951179333212,0.6825951,0.0,2,0.0,0.0,467,467.0,0.39142810838832914,0.3914281,6e-323,0,0.0,0.0,0.0,0.0,1.132427e-11
E8,is2,nbhd,rate.*=1.1,res.services.trained=0.04@genesis,3,CONVERGED,CONVERGED,469.0,469,0.5000000000000002,0.5,0.6835171868514586,0.6835172,0.0,0,0.0,0.0,467,467.0,0.39142810838832914,0.3914281,6e-323,0,0.0,0.0,0.0,0.0,8.881784e-12
E8,is2,nbhd,rate.*=1.1,s[goods]=0.5,3,CONVERGED,CONVERGED,565.0,565,0.1101299623331215,0.11013,0.7399539160575449,0.7399539,62.0,62,0.0,0.0,24000,24000.0,0.8609254785511508,0.8609255,0.3914281,94,94.0,0.603015377669163,0.6030154,5e-324,4.662937e-12
E8,is2,nbhd,rate.*=1.1,s[services]=0.5,3,CONVERGED,CONVERGED,561.0,561,0.15102290370236754,0.1510229,0.7399539160575449,0.7399539,42.0,42,0.0,0.0,24000,24000.0,0.9158953413319918,0.9158953,0.3914281,0,0.0,0.0,0.0,0.0,5.995204e-12
E8,is2,nbhd,rate.*=1.1,sw[master]=0.5,3,CONVERGED,CONVERGED,317.0,317,0.5758694885967268,0.5758695,0.7165341460464948,0.7165341,0.0,0,0.0,0.0,24000,24000.0,0.410837581941094,0.4108376,0.3914281,51,51.0,0.34913174049861,0.3491317,5e-324,5.551115e-12
E8,is2,nbhd,rate.*=1.1,sw[trained]=0.5,3,CONVERGED,CONVERGED,338.0,338,0.8215956190087229,0.8215956,0.7165053374829565,0.7165053,0.0,0,0.0,0.0,24000,24000.0,0.5,0.5,0.3914281,0,0.0,0.0,0.0,0.0,9.103829e-12
E8,is2,nbhd,rate.*=1.1,tail.services=0.05@dated,3,CONVERGED,CONVERGED,341.0,341,0.9232630781218096,0.9232631,0.3057037014384276,0.3057037,0.0,0,0.0,0.0,24000,24000.0,0.39142810838832914,0.3914281,0.1447515,0,0.0,0.0,0.0,0.0,6.661338e-12
E8,is2,nbhd,rate.*=1.1,tail.services=0.05@genesis,3,CONVERGED,CONVERGED,341.0,341,0.9232630781218096,0.9232631,0.3057037014384278,0.3057037,0.0,0,0.0,0.0,24000,24000.0,0.39142810838832914,0.3914281,0.1447515,0,0.0,0.0,0.0,0.0,5.329071e-12
E8,is2,nbhd,rate.*=1.1,tail.services=0.2@dated,3,CONVERGED,CONVERGED,609.0,609,0.38267526709235516,0.3826753,0.7399539160575449,0.7399539,12.0,12,0.0,0.0,24000,24000.0,0.7704056338054223,0.7704056,0.6091996,584,584.0,0.23081664518661552,0.2308166,8.481996e-312,9.325873e-12
E8,is2,nbhd,rate.*=1.1,tail.services=0.2@genesis,3,CONVERGED,CONVERGED,613.0,613,0.38130629240446473,0.3813063,0.7399539160575449,0.7399539,12.0,12,0.0,0.0,24000,24000.0,0.7718072809847891,0.7718073,0.6091996,590,590.0,0.2250996047617387,0.2250996,1.019341e-311,1.088019e-11
E8,is2,nbhd,rate.*=1.1,x*/2,3,CONVERGED,CONVERGED,594.0,594,0.0,0.0,0.7399539160575449,0.7399539,87.0,87,0.0,0.0,24000,24000.0,0.9734857718225924,0.9734858,0.3914281,126,126.0,0.7228629098604642,0.7228629,5e-324,6.217249e-12
E8,is2,nbhd,rate.*=1.25,JA(0.5),3,CONVERGED,CONVERGED,566.0,566,0.18031932200150688,0.1803193,0.5328345942005871,0.5328346,87.0,87,0.0,0.0,24000,24000.0,0.6317614238383639,0.6317614,0.3914281,0,0.0,0.0,0.0,0.0,5.329071e-12
E8,is2,nbhd,rate.*=1.25,JA(2),3,CONVERGED,CONVERGED,425.0,425,0.5385895837866624,0.5385896,0.3891365039982905,0.3891365,1.0,1,0.0,0.0,24000,24000.0,0.5053962267402028,0.5053962,0.3914281,0,0.0,0.0,0.0,0.0,4.440892e-12
E8,is2,nbhd,rate.*=1.25,JB(0.5),3,CONVERGED,CONVERGED,557.0,557,0.1366870198191356,0.136687,-0.6463404450623457,-0.6463404,78.0,78,24.0,24.0,24000,24000.0,0.9026767977068688,0.9026768,0.3914281,113,113.0,0.5504054695752181,0.5504055,5e-324,8.65974e-12
E8,is2,nbhd,rate.*=1.25,JB(2),3,CONVERGED,CONVERGED,530.0,530,0.4469805631337555,0.4469806,0.7399539160575472,0.7399539,33.0,33,0.0,0.0,24000,24000.0,0.5111026745216688,0.5111027,0.3914281,0,0.0,0.0,0.0,0.0,5.77316e-12
E8,is2,nbhd,rate.*=1.25,N(0.5),3,CONVERGED,CONVERGED,508.0,508,0.5381640102678564,0.538164,0.7399539160575449,0.7399539,0.0,0,0.0,0.0,24000,24000.0,0.45807485457469554,0.4580749,0.3914281,0,0.0,0.0,0.0,0.0,4.440892e-12
E8,is2,nbhd,rate.*=1.25,N(2),3,CONVERGED,CONVERGED,447.0,447,0.4424882035985653,0.4424882,0.14825191495385653,0.1482519,4.0,4,0.0,0.0,24000,24000.0,0.4455946802291952,0.4455947,0.3914281,0,0.0,0.0,0.0,0.0,4.662937e-12
E8,is2,nbhd,rate.*=1.25,RC(0.5),3,CONVERGED,CONVERGED,492.0,492,0.4580288005831439,0.4580288,0.2548857963475834,0.2548858,22.0,22,0.0,0.0,24000,24000.0,0.5523391789810359,0.5523392,0.3914281,0,0.0,0.0,0.0,0.0,3.774758e-12
E8,is2,nbhd,rate.*=1.25,RC(2),3,CONVERGED,CONVERGED,443.0,443,0.3186231106803757,0.3186231,0.6824897825387636,0.6824898,31.0,31,0.0,0.0,24000,24000.0,0.48718176582045913,0.4871818,0.3914281,68,68.0,0.5848854356327554,0.5848854,5e-324,1.998401e-12
E8,is2,nbhd,rate.*=1.25,RW(0.5),3,CONVERGED,CONVERGED,446.0,446,0.2827445071083018,0.2827445,0.046806735497599616,0.04680674,18.0,18,0.0,0.0,24000,24000.0,0.5728892079284218,0.5728892,0.3914281,0,0.0,0.0,0.0,0.0,3.996803e-12
E8,is2,nbhd,rate.*=1.25,RW(2),3,CONVERGED,CONVERGED,466.0,466,0.01541302154744824,0.01541302,0.6316878434177141,0.6316878,22.0,22,0.0,0.0,24000,24000.0,0.9906699352651247,0.9906699,0.3914281,51,51.0,0.7342497581130184,0.7342498,5e-324,4.662937e-12
E8,is2,nbhd,rate.*=1.25,land.mach=0.2@dated,3,CONVERGED,CONVERGED,440.0,440,0.5582975723032589,0.5582976,0.7399539160575449,0.7399539,0.0,0,0.0,0.0,24000,24000.0,0.5575467951578897,0.5575468,0.3878463,0,0.0,0.0,0.0,0.0,4.440892e-12
E8,is2,nbhd,rate.*=1.25,land.mach=0.2@genesis,3,CONVERGED,CONVERGED,440.0,440,0.5582975723032596,0.5582976,0.7399539160575449,0.7399539,0.0,0,0.0,0.0,24000,24000.0,0.5571290533972136,0.5571291,0.3878463,0,0.0,0.0,0.0,0.0,5.551115e-12
E8,is2,nbhd,rate.*=1.25,land.mach=0.8@dated,3,CONVERGED,CONVERGED,433.0,433,0.2046784665466767,0.2046785,-0.014466612030462213,-0.01446661,69.0,69,18.0,18.0,24000,24000.0,0.6504495035711876,0.6504495,0.3967725,0,0.0,0.0,0.0,0.0,5.551115e-12
E8,is2,nbhd,rate.*=1.25,land.mach=0.8@genesis,3,CONVERGED,CONVERGED,434.0,434,0.2044220293446326,0.204422,-0.015378120605315578,-0.01537812,70.0,70,18.0,18.0,24000,24000.0,0.651077582982117,0.6510776,0.3967725,0,0.0,0.0,0.0,0.0,4.884981e-12
E8,is2,nbhd,rate.*=1.25,p[goods]*0.5,3,CONVERGED,CONVERGED,438.0,438,0.4751018087920987,0.4751018,0.5609298397948183,0.5609298,11.0,11,0.0,0.0,24000,24000.0,0.48221946848504,0.4822195,0.3914281,65,65.0,0.24727839041902802,0.2472784,5e-324,8.65974e-12
E8,is2,nbhd,rate.*=1.25,p[goods]*2,3,CONVERGED,CONVERGED,372.0,372,0.7778219663700777,0.777822,0.6337555684101087,0.6337556,0.0,0,0.0,0.0,24000,24000.0,0.4537181144298345,0.4537181,0.3914281,0,0.0,0.0,0.0,0.0,2.88658e-12
E8,is2,nbhd,rate.*=1.25,p[labour.master]*0.5,3,CONVERGED,CONVERGED,363.0,363,0.596821777971666,0.5968218,0.7050874023379265,0.7050874,0.0,0,0.0,0.0,24000,24000.0,0.418252665964473,0.4182527,0.3914281,49,49.0,0.024770084263867297,0.02477008,5e-324,3.996803e-12
E8,is2,nbhd,rate.*=1.25,p[labour.master]*2,3,CONVERGED,CONVERGED,333.0,333,0.7898849120930606,0.7898849,0.6907693471743274,0.6907693,0.0,0,0.0,0.0,24000,24000.0,0.41100938583747226,0.4110094,0.3914281,0,0.0,0.0,0.0,0.0,4.662937e-12
E8,is2,nbhd,rate.*=1.25,p[labour.trained]*0.5,3,CONVERGED,CONVERGED,454.0,454,0.1435377683988851,0.1435378,0.5359845005524511,0.5359845,20.0,20,0.0,0.0,24000,24000.0,0.9031090911428201,0.9031091,0.3914281,0,0.0,0.0,0.0,0.0,5.329071e-12
E8,is2,nbhd,rate.*=1.25,p[labour.trained]*2,3,CONVERGED,CONVERGED,405.0,405,0.6910135413946844,0.6910135,0.6761298341650025,0.6761298,0.0,0,0.0,0.0,24000,24000.0,0.5670492209145142,0.5670492,0.3914281,0,0.0,0.0,0.0,0.0,5.107026e-12
E8,is2,nbhd,rate.*=1.25,p[labour]*0.5,3,CONVERGED,CONVERGED,442.0,442,0.28534772152758203,0.2853477,0.046806735497599616,0.04680674,13.0,13,0.0,0.0,24000,24000.0,0.5527214133207974,0.5527214,0.3914281,0,0.0,0.0,0.0,0.0,3.330669e-12
E8,is2,nbhd,rate.*=1.25,p[labour]*2,3,CONVERGED,CONVERGED,429.0,429,0.22433474212457138,0.2243347,0.728945327115367,0.7289453,7.0,7,0.0,0.0,24000,24000.0,0.8909413548315537,0.8909414,0.3914281,55,55.0,0.024770084263867297,0.02477008,5e-324,3.774758e-12
E8,is2,nbhd,rate.*=1.25,p[land]*0.5,3,CONVERGED,CONVERGED,459.0,459,0.6311189947775978,0.631119,0.6725901656791504,0.6725902,0.0,0,0.0,0.0,24000,24000.0,0.5537004885409185,0.5537005,0.3914281,0,0.0,0.0,0.0,0.0,4.440892e-12
E8,is2,nbhd,rate.*=1.25,p[land]*2,3,CONVERGED,CONVERGED,495.0,495,0.3205768253765893,0.3205768,0.15973893113568652,0.1597389,70.0,70,0.0,0.0,24000,24000.0,0.5828522688832634,0.5828523,0.3914281,0,0.0,0.0,0.0,0.0,5.329071e-12
E8,is2,nbhd,rate.*=1.25,p[mach]*0.5,3,CONVERGED,CONVERGED,549.0,549,0.3015036488615932,0.3015036,0.7399539160575479,0.7399539,57.0,57,0.0,0.0,24000,24000.0,0.5829931492041072,0.5829931,0.3914281,0,0.0,0.0,0.0,0.0,4.440892e-12
E8,is2,nbhd,rate.*=1.25,p[mach]*2,3,CONVERGED,CONVERGED,439.0,439,0.5090348407597096,0.5090348,-0.03213500583305213,-0.03213501,0.0,0,10.0,10.0,24000,24000.0,0.5864664299396523,0.5864664,0.3914281,0,0.0,0.0,0.0,0.0,3.774758e-12
E8,is2,nbhd,rate.*=1.25,p[services]*0.5,3,CONVERGED,CONVERGED,476.0,476,0.5386823796135262,0.5386824,0.278388562109827,0.2783886,0.0,0,0.0,0.0,24000,24000.0,0.48767899766578976,0.487679,0.3914281,0,0.0,0.0,0.0,0.0,7.549517e-12
E8,is2,nbhd,rate.*=1.25,p[services]*2,3,CONVERGED,CONVERGED,409.0,409,0.5656598101537125,0.5656598,0.7399539160575449,0.7399539,0.0,0,0.0,0.0,24000,24000.0,0.43263155531394903,0.4326316,0.3914281,0,0.0,0.0,0.0,0.0,3.108624e-12
E8,is2,nbhd,rate.*=1.25,res.services.trained=0.01@dated,3,CONVERGED,CONVERGED,394.0,394,0.640190456963199,0.6401905,0.6204713386302432,0.6204713,0.0,0,0.0,0.0,24000,24000.0,0.7967243784553804,0.7967244,0.66717,0,0.0,0.0,0.0,0.0,4.662937e-12
E8,is2,nbhd,rate.*=1.25,res.services.trained=0.01@genesis,3,CONVERGED,CONVERGED,394.0,394,0.6402669904361035,0.640267,0.6204713386302417,0.6204713,0.0,0,0.0,0.0,24000,24000.0,0.7967817358708768,0.7967817,0.66717,0,0.0,0.0,0.0,0.0,5.995204e-12
E8,is2,nbhd,rate.*=1.25,res.services.trained=0.04@dated,3,CONVERGED,CONVERGED,423.0,423,0.5000000000000001,0.5,0.6887181591091615,0.6887182,0.0,2,0.0,0.0,409,409.0,0.39142810838832914,0.3914281,5.4e-323,0,0.0,0.0,0.0,0.0,6.661338e-12
E8,is2,nbhd,rate.*=1.25,res.services.trained=0.04@genesis,3,CONVERGED,CONVERGED,423.0,423,0.5000000000000002,0.5,0.6897714155847934,0.6897714,0.0,0,0.0,0.0,409,409.0,0.39142810838832914,0.3914281,5.4e-323,0,0.0,0.0,0.0,0.0,6.217249e-12
E8,is2,nbhd,rate.*=1.25,s[goods]=0.5,3,CONVERGED,CONVERGED,533.0,533,0.11738795625028085,0.117388,0.7399539160575449,0.7399539,58.0,58,0.0,0.0,24000,24000.0,0.8650402205678162,0.8650402,0.3914281,87,87.0,0.639331421166497,0.6393314,5e-324,7.993606e-12
E8,is2,nbhd,rate.*=1.25,s[services]=0.5,3,CONVERGED,CONVERGED,477.0,477,0.14463802854243957,0.144638,0.7399539160575449,0.7399539,40.0,40,0.0,0.0,24000,24000.0,0.9202573719522638,0.9202574,0.3914281,78,78.0,0.04968038495719842,0.04968038,5e-324,3.996803e-12
E8,is2,nbhd,rate.*=1.25,sw[master]=0.5,3,CONVERGED,CONVERGED,287.0,287,0.5945026612454274,0.5945027,0.7168558888544754,0.7168559,0.0,0,0.0,0.0,24000,24000.0,0.4091998904712358,0.4091999,0.3914281,45,45.0,0.3324445686410564,0.3324446,5e-324,4.884981e-12
E8,is2,nbhd,rate.*=1.25,sw[trained]=0.5,3,CONVERGED,CONVERGED,308.0,308,0.8215956190087229,0.8215956,0.7176997719109581,0.7176998,0.0,0,0.0,0.0,24000,24000.0,0.5,0.5,0.3914281,0,0.0,0.0,0.0,0.0,4.884981e-12
E8,is2,nbhd,rate.*=1.25,tail.services=0.05@dated,3,CONVERGED,CONVERGED,322.0,322,0.9237315074009321,0.9237315,0.30570370143842696,0.3057037,0.0,0,0.0,0.0,24000,24000.0,0.39142810838832914,0.3914281,0.1447515,0,0.0,0.0,0.0,0.0,3.996803e-12
E8,is2,nbhd,rate.*=1.25,tail.services=0.05@genesis,3,CONVERGED,CONVERGED,322.0,322,0.923731507400932,0.9237315,0.3057037014384266,0.3057037,0.0,0,0.0,0.0,24000,24000.0,0.39142810838832914,0.3914281,0.1447515,0,0.0,0.0,0.0,0.0,3.774758e-12
E8,is2,nbhd,rate.*=1.25,tail.services=0.2@dated,3,CONVERGED,CONVERGED,535.0,535,0.38612993499042714,0.3861299,0.7399539160575449,0.7399539,12.0,12,0.0,0.0,24000,24000.0,0.7712555876168586,0.7712556,0.6091996,512,512.0,0.24224404465143395,0.242244,7.4e-323,7.105427e-12
E8,is2,nbhd,rate.*=1.25,tail.services=0.2@genesis,3,CONVERGED,CONVERGED,538.0,538,0.3849848838754849,0.3849849,0.7399539160575449,0.7399539,12.0,12,0.0,0.0,24000,24000.0,0.7726391481508355,0.7726391,0.6091996,521,521.0,0.23432993171231542,0.2343299,7.4e-323,7.105427e-12
E8,is2,nbhd,rate.*=1.25,x*/2,3,CONVERGED,CONVERGED,557.0,557,0.0,0.0,0.7399539160575449,0.7399539,81.0,81,0.0,0.0,24000,24000.0,0.9756966205961622,0.9756966,0.3914281,124,124.0,0.7557639159350262,0.7557639,5e-324,3.996803e-12
E8,is2,nbhd,tilt.*=0.05,JA(0.5),3,CONVERGED,CONVERGED,647.0,647,0.16641329159043175,0.1664133,0.4778776569913145,0.4778777,113.0,113,0.0,0.0,24000,24000.0,0.6787948196976187,0.6787948,0.3914281,0,0.0,0.0,0.0,0.0,6.439294e-12
E8,is2,nbhd,tilt.*=0.05,JA(2),3,CONVERGED,CONVERGED,531.0,531,0.5354466058164358,0.5354466,0.4107370790327955,0.4107371,1.0,1,0.0,0.0,24000,24000.0,0.5089737263200821,0.5089737,0.3914281,0,0.0,0.0,0.0,0.0,6.217249e-12
E8,is2,nbhd,tilt.*=0.05,JB(0.5),3,CONVERGED,CONVERGED,629.0,629,0.1098886497264706,0.1098886,-0.6463404450623457,-0.6463404,98.0,98,33.0,33.0,24000,24000.0,0.9175148613655928,0.9175149,0.3914281,143,143.0,0.5964570877871457,0.5964571,5e-324,8.21565e-12
E8,is2,nbhd,tilt.*=0.05,JB(2),3,CONVERGED,CONVERGED,599.0,599,0.3718394378337665,0.3718394,0.7399539160575486,0.7399539,51.0,51,0.0,0.0,24000,24000.0,0.5405873050802089,0.5405873,0.3914281,0,0.0,0.0,0.0,0.0,5.551115e-12
E8,is2,nbhd,tilt.*=0.05,N(0.5),3,CONVERGED,CONVERGED,569.0,569,0.5110709043036484,0.5110709,0.7399539160575449,0.7399539,0.0,0,0.0,0.0,24000,24000.0,0.4908361571061218,0.4908362,0.3914281,0,0.0,0.0,0.0,0.0,5.995204e-12
E8,is2,nbhd,tilt.*=0.05,N(2),3,CONVERGED,CONVERGED,513.0,513,0.4424882035985653,0.4424882,0.16020206422680355,0.1602021,5.0,5,0.0,0.0,24000,24000.0,0.44460474671445865,0.4446047,0.3914281,0,0.0,0.0,0.0,0.0,6.661338e-12
E8,is2,nbhd,tilt.*=0.05,RC(0.5),3,CONVERGED,CONVERGED,609.0,609,0.43199801539903493,0.431998,0.23648620849940252,0.2364862,41.0,41,0.0,0.0,24000,24000.0,0.5753970882914993,0.5753971,0.3914281,0,0.0,0.0,0.0,0.0,7.105427e-12
E8,is2,nbhd,tilt.*=0.05,RC(2),3,CONVERGED,CONVERGED,546.0,546,0.2761149784516371,0.276115,0.706145394243563,0.7061454,39.0,39,0.0,0.0,24000,24000.0,0.5039052296285695,0.5039052,0.3914281,84,84.0,0.6444782121173875,0.6444782,5e-324,5.107026e-12
E8,is2,nbhd,tilt.*=0.05,RW(0.5),3,CONVERGED,CONVERGED,563.0,563,0.2897381199017626,0.2897381,0.046806735497599616,0.04680674,27.0,27,0.0,0.0,24000,24000.0,0.6026174289822963,0.6026174,0.3914281,0,0.0,0.0,0.0,0.0,5.107026e-12
E8,is2,nbhd,tilt.*=0.05,RW(2),3,CONVERGED,CONVERGED,582.0,582,0.015596331082838843,0.01559633,0.5923558468623156,0.5923558,55.0,55,0.0,0.0,24000,24000.0,0.9904421047177817,0.9904421,0.3914281,62,62.0,0.7234108664998101,0.7234109,5e-324,5.329071e-12
E8,is2,nbhd,tilt.*=0.05,land.mach=0.2@dated,3,CONVERGED,CONVERGED,556.0,556,0.5371784696868891,0.5371785,0.7399539160575449,0.7399539,0.0,0,0.0,0.0,24000,24000.0,0.5626804170759088,0.5626804,0.3878463,0,0.0,0.0,0.0,0.0,8.65974e-12
E8,is2,nbhd,tilt.*=0.05,land.mach=0.2@genesis,3,CONVERGED,CONVERGED,556.0,556,0.5371784696868896,0.5371785,0.7399539160575449,0.7399539,0.0,0,0.0,0.0,24000,24000.0,0.5622664534545097,0.5622665,0.3878463,0,0.0,0.0,0.0,0.0,1.199041e-11
E8,is2,nbhd,tilt.*=0.05,land.mach=0.8@dated,3,CONVERGED,CONVERGED,509.0,509,0.1677179758495541,0.167718,-0.008417729193411277,-0.008417729,93.0,93,9.0,9.0,24000,24000.0,0.6689343635406595,0.6689344,0.3967725,0,0.0,0.0,0.0,0.0,5.329071e-12
E8,is2,nbhd,tilt.*=0.05,land.mach=0.8@genesis,3,CONVERGED,CONVERGED,509.0,509,0.16836806314485742,0.1683681,-0.008277277814402288,-0.008277278,93.0,93,8.0,8.0,24000,24000.0,0.6681898652495817,0.6681899,0.3967725,0,0.0,0.0,0.0,0.0,4.884981e-12
E8,is2,nbhd,tilt.*=0.05,p[goods]*0.5,3,CONVERGED,CONVERGED,504.0,504,0.4289767571570824,0.4289768,0.5669176226386532,0.5669176,23.0,23,0.0,0.0,24000,24000.0,0.48539932854680995,0.4853993,0.3914281,81,81.0,0.31667314425769544,0.3166731,5e-324,1.065814e-11
E8,is2,nbhd,tilt.*=0.05,p[goods]*2,3,CONVERGED,CONVERGED,427.0,427,0.7627047999856282,0.7627048,0.6392955285506261,0.6392955,0.0,0,0.0,0.0,24000,24000.0,0.45961670645598957,0.4596167,0.3914281,0,0.0,0.0,0.0,0.0,8.437695e-12
E8,is2,nbhd,tilt.*=0.05,p[labour.master]*0.5,3,CONVERGED,CONVERGED,410.0,410,0.5997312586197676,0.5997313,0.7047863672781853,0.7047864,0.0,0,0.0,0.0,24000,24000.0,0.42207591096451175,0.4220759,0.3914281,60,60.0,0.019865645041032456,0.01986565,5e-324,6.217249e-12
E8,is2,nbhd,tilt.*=0.05,p[labour.master]*2,3,CONVERGED,CONVERGED,433.0,433,0.7810743533403134,0.7810744,0.6924475387083889,0.6924475,0.0,0,0.0,0.0,24000,24000.0,0.4141525872383507,0.4141526,0.3914281,0,0.0,0.0,0.0,0.0,5.551115e-12
E8,is2,nbhd,tilt.*=0.05,p[labour.trained]*0.5,3,CONVERGED,CONVERGED,573.0,573,0.14445113973486468,0.1444511,0.5096490573663364,0.5096491,38.0,38,0.0,0.0,24000,24000.0,0.9007000167097229,0.9007,0.3914281,0,0.0,0.0,0.0,0.0,5.107026e-12
E8,is2,nbhd,tilt.*=0.05,p[labour.trained]*2,3,CONVERGED,CONVERGED,457.0,457,0.6977529806610155,0.697753,0.6767004543324852,0.6767005,0.0,0,0.0,0.0,24000,24000.0,0.5643950832839348,0.5643951,0.3914281,0,0.0,0.0,0.0,0.0,5.551115e-12
E8,is2,nbhd,tilt.*=0.05,p[labour]*0.5,3,CONVERGED,CONVERGED,559.0,559,0.2828181263465492,0.2828181,0.046806735497599616,0.04680674,21.0,21,0.0,0.0,24000,24000.0,0.5877078654248852,0.5877079,0.3914281,0,0.0,0.0,0.0,0.0,6.661338e-12
E8,is2,nbhd,tilt.*=0.05,p[labour]*2,3,CONVERGED,CONVERGED,499.0,499,0.2232217724857061,0.2232218,0.7196332564527894,0.7196333,8.0,8,0.0,0.0,24000,24000.0,0.8913443171108416,0.8913443,0.3914281,70,70.0,0.019865645041032456,0.01986565,5e-324,5.107026e-12
E8,is2,nbhd,tilt.*=0.05,p[land]*0.5,3,CONVERGED,CONVERGED,506.0,506,0.6072452266025709,0.6072452,0.6859524600962976,0.6859525,0.0,0,0.0,0.0,24000,24000.0,0.5642001308832676,0.5642001,0.3914281,0,0.0,0.0,0.0,0.0,9.992007e-12
E8,is2,nbhd,tilt.*=0.05,p[land]*2,3,CONVERGED,CONVERGED,618.0,618,0.2748797798758436,0.2748798,0.143919849493353,0.1439198,87.0,87,0.0,0.0,24000,24000.0,0.6109538810681968,0.6109539,0.3914281,0,0.0,0.0,0.0,0.0,4.218847e-12
E8,is2,nbhd,tilt.*=0.05,p[mach]*0.5,3,CONVERGED,CONVERGED,626.0,626,0.23493619083005687,0.2349362,0.7399539160575498,0.7399539,79.0,79,0.0,0.0,24000,24000.0,0.6206274203480423,0.6206274,0.3914281,0,0.0,0.0,0.0,0.0,7.549517e-12
E8,is2,nbhd,tilt.*=0.05,p[mach]*2,3,CONVERGED,CONVERGED,505.0,505,0.480984894458808,0.4809849,-0.032490627702760316,-0.03249063,6.0,6,12.0,12.0,24000,24000.0,0.6016151404557859,0.6016151,0.3914281,0,0.0,0.0,0.0,0.0,5.995204e-12
E8,is2,nbhd,tilt.*=0.05,p[services]*0.5,3,CONVERGED,CONVERGED,598.0,598,0.49667504997838985,0.496675,0.2369985884269383,0.2369986,4.0,4,0.0,0.0,24000,24000.0,0.5027377869226753,0.5027378,0.3914281,0,0.0,0.0,0.0,0.0,5.551115e-12
E8,is2,nbhd,tilt.*=0.05,p[services]*2,3,CONVERGED,CONVERGED,474.0,474,0.4829331171232705,0.4829331,0.7399539160575449,0.7399539,8.0,8,0.0,0.0,24000,24000.0,0.4486883170970631,0.4486883,0.3914281,0,0.0,0.0,0.0,0.0,7.327472e-12
E8,is2,nbhd,tilt.*=0.05,res.services.trained=0.01@dated,3,CONVERGED,CONVERGED,457.0,457,0.6408344145348835,0.6408344,0.6204713386302443,0.6204713,0.0,0,0.0,0.0,24000,24000.0,0.796188356213223,0.7961884,0.66717,0,0.0,0.0,0.0,0.0,9.325873e-12
E8,is2,nbhd,tilt.*=0.05,res.services.trained=0.01@genesis,3,CONVERGED,CONVERGED,457.0,457,0.6408555173322702,0.6408555,0.6204713386302471,0.6204713,0.0,0,0.0,0.0,24000,24000.0,0.7962483633097224,0.7962484,0.66717,0,0.0,0.0,0.0,0.0,8.65974e-12
E8,is2,nbhd,tilt.*=0.05,res.services.trained=0.04@dated,3,CONVERGED,CONVERGED,505.0,505,0.5000000000000001,0.5,0.6780563804528695,0.6780564,0.0,2,0.0,0.0,524,524.0,0.39142810838832914,0.3914281,6.4e-323,0,0.0,0.0,0.0,0.0,6.217249e-12
E8,is2,nbhd,tilt.*=0.05,res.services.trained=0.04@genesis,3,CONVERGED,CONVERGED,505.0,505,0.5000000000000002,0.5,0.6789207656792181,0.6789208,0.0,0,0.0,0.0,529,529.0,0.39142810838832914,0.3914281,6.4e-323,0,0.0,0.0,0.0,0.0,5.77316e-12
E8,is2,nbhd,tilt.*=0.05,s[goods]=0.5,3,CONVERGED,CONVERGED,586.0,586,0.11223804523980987,0.112238,0.7399539160575449,0.7399539,64.0,64,0.0,0.0,24000,24000.0,0.854704409684644,0.8547044,0.3914281,99,99.0,0.5748284529254627,0.5748285,5e-324,7.327472e-12
E8,is2,nbhd,tilt.*=0.05,s[services]=0.5,3,CONVERGED,CONVERGED,581.0,581,0.1552405747862514,0.1552406,0.7399539160575449,0.7399539,47.0,47,0.0,0.0,24000,24000.0,0.9124770508500515,0.9124771,0.3914281,0,0.0,0.0,0.0,0.0,5.77316e-12
E8,is2,nbhd,tilt.*=0.05,sw[master]=0.5,3,CONVERGED,CONVERGED,342.0,342,0.5630326929894004,0.5630327,0.7165063132073255,0.7165063,0.0,0,0.0,0.0,24000,24000.0,0.4116867550192065,0.4116868,0.3914281,56,56.0,0.36071931241311805,0.3607193,5e-324,5.107026e-12
E8,is2,nbhd,tilt.*=0.05,sw[trained]=0.5,3,CONVERGED,CONVERGED,362.0,362,0.8215956190087229,0.8215956,0.7159409019141587,0.7159409,0.0,0,0.0,0.0,24000,24000.0,0.5,0.5,0.3914281,0,0.0,0.0,0.0,0.0,1.021405e-11
E8,is2,nbhd,tilt.*=0.05,tail.services=0.05@dated,3,CONVERGED,CONVERGED,377.0,377,0.9212435745977086,0.9212436,0.3057037014384293,0.3057037,0.0,0,0.0,0.0,24000,24000.0,0.39142810838832914,0.3914281,0.1447515,0,0.0,0.0,0.0,0.0,6.439294e-12
E8,is2,nbhd,tilt.*=0.05,tail.services=0.05@genesis,3,CONVERGED,CONVERGED,377.0,377,0.9212435745977083,0.9212436,0.3057037014384286,0.3057037,0.0,0,0.0,0.0,24000,24000.0,0.39142810838832914,0.3914281,0.1447515,0,0.0,0.0,0.0,0.0,7.771561e-12
E8,is2,nbhd,tilt.*=0.05,tail.services=0.2@dated,3,CONVERGED,CONVERGED,668.0,668,0.3785163888480902,0.3785164,0.7399539160575449,0.7399539,16.0,16,0.0,0.0,24000,24000.0,0.7713693734112681,0.7713694,0.6091996,643,643.0,0.20612518003198185,0.2061252,1.425772e-283,8.65974e-12
E8,is2,nbhd,tilt.*=0.05,tail.services=0.2@genesis,3,CONVERGED,CONVERGED,674.0,674,0.3770078935209161,0.3770079,0.7399539160575449,0.7399539,18.0,18,0.0,0.0,24000,24000.0,0.7727983440754486,0.7727983,0.6091996,648,648.0,0.2032598957394242,0.2032599,1.648303e-283,1.132427e-11
E8,is2,nbhd,tilt.*=0.05,x*/2,3,CONVERGED,CONVERGED,625.0,625,0.0,0.0,0.7399539160575449,0.7399539,91.0,91,0.0,0.0,24000,24000.0,0.9721460334861026,0.972146,0.3914281,126,126.0,0.6984831131283917,0.6984831,5e-324,5.329071e-12
E8,is2,nbhd,tilt.*=0.1,JA(0.5),3,CONVERGED,CONVERGED,642.0,642,0.16389905027033158,0.1638991,0.4991492018520928,0.4991492,112.0,112,0.0,0.0,24000,24000.0,0.6800823791365959,0.6800824,0.3914281,0,0.0,0.0,0.0,0.0,4.662937e-12
E8,is2,nbhd,tilt.*=0.1,JA(2),3,CONVERGED,CONVERGED,481.0,481,0.5356822620801533,0.5356823,0.420194122873268,0.4201941,1.0,1,0.0,0.0,24000,24000.0,0.5106273656559956,0.5106274,0.3914281,0,0.0,0.0,0.0,0.0,6.661338e-12
E8,is2,nbhd,tilt.*=0.1,JB(0.5),3,CONVERGED,CONVERGED,623.0,623,0.10697675075038199,0.1069768,-0.6463404450623457,-0.6463404,97.0,97,32.0,32.0,24000,24000.0,0.9187541841652296,0.9187542,0.3914281,140,140.0,0.5886719810130835,0.588672,5e-324,9.325873e-12
E8,is2,nbhd,tilt.*=0.1,JB(2),3,CONVERGED,CONVERGED,593.0,593,0.3785477399319186,0.3785477,0.7399539160575498,0.7399539,50.0,50,0.0,0.0,24000,24000.0,0.5387290729097901,0.5387291,0.3914281,0,0.0,0.0,0.0,0.0,8.21565e-12
E8,is2,nbhd,tilt.*=0.1,N(0.5),3,CONVERGED,CONVERGED,564.0,564,0.5112694235611057,0.5112694,0.7399539160575449,0.7399539,0.0,0,0.0,0.0,24000,24000.0,0.4915600023326998,0.49156,0.3914281,0,0.0,0.0,0.0,0.0,8.437695e-12
E8,is2,nbhd,tilt.*=0.1,N(2),3,CONVERGED,CONVERGED,509.0,509,0.4424882035985653,0.4424882,0.1645147757528869,0.1645148,5.0,5,0.0,0.0,24000,24000.0,0.4442256154376494,0.4442256,0.3914281,0,0.0,0.0,0.0,0.0,4.884981e-12
E8,is2,nbhd,tilt.*=0.1,RC(0.5),3,CONVERGED,CONVERGED,601.0,601,0.4465477609264162,0.4465478,0.2550963684187058,0.2550964,33.0,33,0.0,0.0,24000,24000.0,0.5678346795457182,0.5678347,0.3914281,0,0.0,0.0,0.0,0.0,7.771561e-12
E8,is2,nbhd,tilt.*=0.1,RC(2),3,CONVERGED,CONVERGED,538.0,538,0.2898618031718054,0.2898618,0.7174843708214105,0.7174844,39.0,39,0.0,0.0,24000,24000.0,0.4983331492803078,0.4983331,0.3914281,85,85.0,0.6288853697519253,0.6288854,5e-324,6.661338e-12
E8,is2,nbhd,tilt.*=0.1,RW(0.5),3,CONVERGED,CONVERGED,558.0,558,0.2869092142249741,0.2869092,0.046806735497599616,0.04680674,27.0,27,0.0,0.0,24000,24000.0,0.6025499223231131,0.6025499,0.3914281,0,0.0,0.0,0.0,0.0,6.217249e-12
E8,is2,nbhd,tilt.*=0.1,RW(2),3,CONVERGED,CONVERGED,577.0,577,0.015536704519136565,0.0155367,0.5964133328696093,0.5964133,54.0,54,0.0,0.0,24000,24000.0,0.9904848638387718,0.9904849,0.3914281,63,63.0,0.7224989595151875,0.722499,5e-324,5.995204e-12
E8,is2,nbhd,tilt.*=0.1,land.mach=0.2@dated,3,CONVERGED,CONVERGED,553.0,553,0.5154630415200427,0.515463,0.7399539160575449,0.7399539,0.0,0,0.0,0.0,24000,24000.0,0.5662772201899166,0.5662772,0.3878463,0,0.0,0.0,0.0,0.0,1.199041e-11
E8,is2,nbhd,tilt.*=0.1,land.mach=0.2@genesis,3,CONVERGED,CONVERGED,553.0,553,0.5154630415200433,0.515463,0.7399539160575449,0.7399539,0.0,0,0.0,0.0,24000,24000.0,0.5658207382740443,0.5658207,0.3878463,0,0.0,0.0,0.0,0.0,7.327472e-12
E8,is2,nbhd,tilt.*=0.1,land.mach=0.8@dated,3,CONVERGED,CONVERGED,504.0,504,0.17651060529531784,0.1765106,0.00689031521647495,0.006890315,91.0,91,0.0,0.0,24000,24000.0,0.6613437018623762,0.6613437,0.3967725,0,0.0,0.0,0.0,0.0,6.217249e-12
E8,is2,nbhd,tilt.*=0.1,land.mach=0.8@genesis,3,CONVERGED,CONVERGED,504.0,504,0.17681795529049832,0.176818,0.0077380986844048085,0.007738099,91.0,91,0.0,0.0,24000,24000.0,0.6620058074722345,0.6620058,0.3967725,0,0.0,0.0,0.0,0.0,5.995204e-12
E8,is2,nbhd,tilt.*=0.1,p[goods]*0.5,3,CONVERGED,CONVERGED,495.0,495,0.45000299474015,0.450003,0.5803567453647779,0.5803567,19.0,19,0.0,0.0,24000,24000.0,0.4777094562179103,0.4777095,0.3914281,81,81.0,0.2842254010800827,0.2842254,5e-324,9.769963e-12
E8,is2,nbhd,tilt.*=0.1,p[goods]*2,3,CONVERGED,CONVERGED,422.0,422,0.7528835795780032,0.7528836,0.6445422183214197,0.6445422,0.0,0,0.0,0.0,24000,24000.0,0.45893425087927137,0.4589343,0.3914281,0,0.0,0.0,0.0,0.0,8.21565e-12
E8,is2,nbhd,tilt.*=0.1,p[labour.master]*0.5,3,CONVERGED,CONVERGED,405.0,405,0.5997312586197676,0.5997313,0.7074780877566872,0.7074781,0.0,0,0.0,0.0,24000,24000.0,0.4219641734230225,0.4219642,0.3914281,60,60.0,0.019865645041032456,0.01986565,5e-324,6.661338e-12
E8,is2,nbhd,tilt.*=0.1,p[labour.master]*2,3,CONVERGED,CONVERGED,428.0,428,0.7723569361671023,0.7723569,0.6953545351101709,0.6953545,0.0,0,0.0,0.0,24000,24000.0,0.41393068616956186,0.4139307,0.3914281,0,0.0,0.0,0.0,0.0,7.105427e-12
E8,is2,nbhd,tilt.*=0.1,p[labour.trained]*0.5,3,CONVERGED,CONVERGED,567.0,567,0.14442349726867504,0.1444235,0.5129964416338453,0.5129964,38.0,38,0.0,0.0,24000,24000.0,0.9008510125574608,0.900851,0.3914281,0,0.0,0.0,0.0,0.0,5.77316e-12
E8,is2,nbhd,tilt.*=0.1,p[labour.trained]*2,3,CONVERGED,CONVERGED,453.0,453,0.6996313521648625,0.6996314,0.6789142686200883,0.6789143,0.0,0,0.0,0.0,24000,24000.0,0.5638457537288178,0.5638458,0.3914281,0,0.0,0.0,0.0,0.0,9.325873e-12
E8,is2,nbhd,tilt.*=0.1,p[labour]*0.5,3,CONVERGED,CONVERGED,553.0,553,0.27889544955772577,0.2788954,0.046806735497599616,0.04680674,21.0,21,0.0,0.0,24000,24000.0,0.5888608752835843,0.5888609,0.3914281,0,0.0,0.0,0.0,0.0,5.995204e-12
E8,is2,nbhd,tilt.*=0.1,p[labour]*2,3,CONVERGED,CONVERGED,492.0,492,0.22230967018062694,0.2223097,0.7239273320117559,0.7239273,8.0,8,0.0,0.0,24000,24000.0,0.8916982101411499,0.8916982,0.3914281,70,70.0,0.019865645041032456,0.01986565,5e-324,4.884981e-12
E8,is2,nbhd,tilt.*=0.1,p[land]*0.5,3,CONVERGED,CONVERGED,501.0,501,0.5826973512835272,0.5826974,0.6921280004898037,0.692128,0.0,0,0.0,0.0,24000,24000.0,0.5690643137133612,0.5690643,0.3914281,0,0.0,0.0,0.0,0.0,9.769963e-12
E8,is2,nbhd,tilt.*=0.1,p[land]*2,3,CONVERGED,CONVERGED,611.0,611,0.2805085203339476,0.2805085,0.16080448142925835,0.1608045,85.0,85,0.0,0.0,24000,24000.0,0.607485824907167,0.6074858,0.3914281,0,0.0,0.0,0.0,0.0,7.771561e-12
E8,is2,nbhd,tilt.*=0.1,p[mach]*0.5,3,CONVERGED,CONVERGED,621.0,621,0.23828148267037205,0.2382815,0.7399539160575502,0.7399539,79.0,79,0.0,0.0,24000,24000.0,0.6203886214317641,0.6203886,0.3914281,0,0.0,0.0,0.0,0.0,1.110223e-11
E8,is2,nbhd,tilt.*=0.1,p[mach]*2,3,CONVERGED,CONVERGED,500.0,500,0.48573935424229797,0.4857394,-0.03130903815757741,-0.03130904,5.0,5,12.0,12.0,24000,24000.0,0.5996808527901141,0.5996809,0.3914281,0,0.0,0.0,0.0,0.0,3.996803e-12
E8,is2,nbhd,tilt.*=0.1,p[services]*0.5,3,CONVERGED,CONVERGED,589.0,589,0.5037658289312096,0.5037658,0.24696391293249956,0.2469639,0.0,0,0.0,0.0,24000,24000.0,0.5013812606365788,0.5013813,0.3914281,0,0.0,0.0,0.0,0.0,6.661338e-12
E8,is2,nbhd,tilt.*=0.1,p[services]*2,3,CONVERGED,CONVERGED,470.0,470,0.47324019123870803,0.4732402,0.7399539160575449,0.7399539,9.0,9,0.0,0.0,24000,24000.0,0.45148491248578027,0.4514849,0.3914281,0,0.0,0.0,0.0,0.0,4.884981e-12
E8,is2,nbhd,tilt.*=0.1,res.services.trained=0.01@dated,3,CONVERGED,CONVERGED,452.0,452,0.6414860879060906,0.6414861,0.6204713386302462,0.6204713,0.0,0,0.0,0.0,24000,24000.0,0.7961134853817884,0.7961135,0.66717,0,0.0,0.0,0.0,0.0,7.993606e-12
E8,is2,nbhd,tilt.*=0.1,res.services.trained=0.01@genesis,3,CONVERGED,CONVERGED,452.0,452,0.641501559713066,0.6415016,0.6204713386302468,0.6204713,0.0,0,0.0,0.0,24000,24000.0,0.7961755315415245,0.7961755,0.66717,0,0.0,0.0,0.0,0.0,7.771561e-12
E8,is2,nbhd,tilt.*=0.1,res.services.trained=0.04@dated,3,CONVERGED,CONVERGED,502.0,502,0.5000000000000002,0.5,0.6784027233337183,0.6784027,0.0,2,0.0,0.0,513,513.0,0.39142810838832914,0.3914281,6.4e-323,0,0.0,0.0,0.0,0.0,1.065814e-11
E8,is2,nbhd,tilt.*=0.1,res.services.trained=0.04@genesis,3,CONVERGED,CONVERGED,502.0,502,0.5000000000000003,0.5,0.6792967122763115,0.6792967,0.0,0,0.0,0.0,513,513.0,0.39142810838832914,0.3914281,6.4e-323,0,0.0,0.0,0.0,0.0,9.325873e-12
E8,is2,nbhd,tilt.*=0.1,s[goods]=0.5,3,CONVERGED,CONVERGED,581.0,581,0.11884517428947615,0.1188452,0.7399539160575449,0.7399539,63.0,63,0.0,0.0,24000,24000.0,0.8525544065468655,0.8525544,0.3914281,100,100.0,0.5788093145400607,0.5788093,5e-324,1.24345e-11
E8,is2,nbhd,tilt.*=0.1,s[services]=0.5,3,CONVERGED,CONVERGED,576.0,576,0.15394838475161765,0.1539484,0.7399539160575449,0.7399539,48.0,48,0.0,0.0,24000,24000.0,0.9131562072846428,0.9131562,0.3914281,0,0.0,0.0,0.0,0.0,6.439294e-12
E8,is2,nbhd,tilt.*=0.1,sw[master]=0.5,3,CONVERGED,CONVERGED,339.0,339,0.5630326929894004,0.5630327,0.7169182099163025,0.7169182,0.0,0,0.0,0.0,24000,24000.0,0.4114598143031724,0.4114598,0.3914281,56,56.0,0.36071931241311805,0.3607193,5e-324,9.992007e-12
E8,is2,nbhd,tilt.*=0.1,sw[trained]=0.5,3,CONVERGED,CONVERGED,359.0,359,0.8215956190087229,0.8215956,0.7162720677782544,0.7162721,0.0,0,0.0,0.0,24000,24000.0,0.5,0.5,0.3914281,0,0.0,0.0,0.0,0.0,6.439294e-12
E8,is2,nbhd,tilt.*=0.1,tail.services=0.05@dated,3,CONVERGED,CONVERGED,373.0,373,0.9193500834537047,0.9193501,0.30570370143842945,0.3057037,0.0,0,0.0,0.0,24000,24000.0,0.39142810838832914,0.3914281,0.1447515,0,0.0,0.0,0.0,0.0,6.439294e-12
E8,is2,nbhd,tilt.*=0.1,tail.services=0.05@genesis,3,CONVERGED,CONVERGED,373.0,373,0.9193500834537048,0.9193501,0.30570370143842945,0.3057037,0.0,0,0.0,0.0,24000,24000.0,0.39142810838832914,0.3914281,0.1447515,0,0.0,0.0,0.0,0.0,7.549517e-12
E8,is2,nbhd,tilt.*=0.1,tail.services=0.2@dated,3,CONVERGED,CONVERGED,665.0,665,0.37719574398851763,0.3771957,0.7399539160575449,0.7399539,16.0,16,0.0,0.0,24000,24000.0,0.7720763611057815,0.7720764,0.6091996,645,645.0,0.1933944909842948,0.1933945,1.525727e-283,1.065814e-11
E8,is2,nbhd,tilt.*=0.1,tail.services=0.2@genesis,3,CONVERGED,CONVERGED,671.0,671,0.3756117068267306,0.3756117,0.7399539160575449,0.7399539,17.0,17,0.0,0.0,24000,24000.0,0.7735146344925864,0.7735146,0.6091996,651,651.0,0.19149859100078434,0.1914986,1.750708e-283,7.771561e-12
E8,is2,nbhd,tilt.*=0.1,x*/2,3,CONVERGED,CONVERGED,621.0,621,0.0,0.0,0.7399539160575449,0.7399539,91.0,91,0.0,0.0,24000,24000.0,0.972660832485346,0.9726608,0.3914281,125,125.0,0.6991913355250918,0.6991913,5e-324,4.884981e-12
E8,is2,nbhd,tilt.*=0.25,JA(0.5),3,CONVERGED,CONVERGED,629.0,629,0.15610981136376745,0.1561098,0.5559810008043051,0.555981,109.0,109,0.0,0.0,24000,24000.0,0.6804008080850507,0.6804008,0.3914281,0,0.0,0.0,0.0,0.0,7.549517e-12
E8,is2,nbhd,tilt.*=0.25,JA(2),3,CONVERGED,CONVERGED,470.0,470,0.5363305807194064,0.5363306,0.4469499731973249,0.44695,1.0,1,0.0,0.0,24000,24000.0,0.5161438503440543,0.5161439,0.3914281,0,0.0,0.0,0.0,0.0,5.551115e-12
E8,is2,nbhd,tilt.*=0.25,JB(0.5),3,CONVERGED,CONVERGED,609.0,609,0.10270959593925405,0.1027096,-0.6463404450623457,-0.6463404,92.0,92,29.0,29.0,24000,24000.0,0.9217823145649524,0.9217823,0.3914281,132,132.0,0.5654387648897417,0.5654388,5e-324,8.65974e-12
E8,is2,nbhd,tilt.*=0.25,JB(2),3,CONVERGED,CONVERGED,581.0,581,0.38513490758135305,0.3851349,0.7399539160575466,0.7399539,46.0,46,0.0,0.0,24000,24000.0,0.5369747832993302,0.5369748,0.3914281,0,0.0,0.0,0.0,0.0,8.21565e-12
E8,is2,nbhd,tilt.*=0.25,N(0.5),3,CONVERGED,CONVERGED,553.0,553,0.5119100082292621,0.51191,0.7399539160575449,0.7399539,0.0,0,0.0,0.0,24000,24000.0,0.4935446092443951,0.4935446,0.3914281,0,0.0,0.0,0.0,0.0,7.105427e-12
E8,is2,nbhd,tilt.*=0.25,N(2),3,CONVERGED,CONVERGED,503.0,503,0.4424882035985653,0.4424882,0.1768288811289462,0.1768289,5.0,5,0.0,0.0,24000,24000.0,0.44319810865809395,0.4431981,0.3914281,0,0.0,0.0,0.0,0.0,6.217249e-12
E8,is2,nbhd,tilt.*=0.25,RC(0.5),3,CONVERGED,CONVERGED,574.0,574,0.4872530452784901,0.487253,0.3035642119418432,0.3035642,11.0,11,0.0,0.0,24000,24000.0,0.5512134815389749,0.5512135,0.3914281,0,0.0,0.0,0.0,0.0,7.993606e-12
E8,is2,nbhd,tilt.*=0.25,RC(2),3,CONVERGED,CONVERGED,480.0,480,0.30834551036376845,0.3083455,0.7399539160575449,0.7399539,37.0,37,0.0,0.0,24000,24000.0,0.4848942775313899,0.4848943,0.3914281,86,86.0,0.5880563415951848,0.5880563,5e-324,7.549517e-12
E8,is2,nbhd,tilt.*=0.25,RW(0.5),3,CONVERGED,CONVERGED,546.0,546,0.27860985045385434,0.2786099,0.046806735497599616,0.04680674,27.0,27,0.0,0.0,24000,24000.0,0.6012620643719417,0.6012621,0.3914281,0,0.0,0.0,0.0,0.0,7.549517e-12
E8,is2,nbhd,tilt.*=0.25,RW(2),3,CONVERGED,CONVERGED,565.0,565,0.015350557768576328,0.01535056,0.6087321317752424,0.6087321,51.0,51,0.0,0.0,24000,24000.0,0.9906177323687652,0.9906177,0.3914281,64,64.0,0.7197871067763193,0.7197871,5e-324,9.547918e-12
E8,is2,nbhd,tilt.*=0.25,land.mach=0.2@dated,3,CONVERGED,CONVERGED,545.0,545,0.44659192433979006,0.4465919,0.7399539160575449,0.7399539,2.0,2,0.0,0.0,24000,24000.0,0.5782504081067257,0.5782504,0.3878463,0,0.0,0.0,0.0,0.0,1.065814e-11
E8,is2,nbhd,tilt.*=0.25,land.mach=0.2@genesis,3,CONVERGED,CONVERGED,545.0,545,0.44659192433979056,0.4465919,0.7399539160575449,0.7399539,2.0,2,0.0,0.0,24000,24000.0,0.5776564522021387,0.5776565,0.3878463,0,0.0,0.0,0.0,0.0,6.217249e-12
E8,is2,nbhd,tilt.*=0.25,land.mach=0.8@dated,3,CONVERGED,CONVERGED,493.0,493,0.19904876391123974,0.1990488,0.01597028015112544,0.01597028,89.0,89,0.0,0.0,24000,24000.0,0.659595252277464,0.6595953,0.3967725,0,0.0,0.0,0.0,0.0,7.771561e-12
E8,is2,nbhd,tilt.*=0.25,land.mach=0.8@genesis,3,CONVERGED,CONVERGED,494.0,494,0.20057471947963937,0.2005747,0.015970280151124346,0.01597028,89.0,89,0.0,0.0,24000,24000.0,0.6589020462866644,0.658902,0.3967725,0,0.0,0.0,0.0,0.0,6.883383e-12
E8,is2,nbhd,tilt.*=0.25,p[goods]*0.5,3,CONVERGED,CONVERGED,480.0,480,0.4843343698736655,0.4843344,0.6141200630214216,0.6141201,9.0,9,0.0,0.0,24000,24000.0,0.4606599689255557,0.46066,0.3914281,81,81.0,0.18420638910043685,0.1842064,5e-324,9.992007e-12
E8,is2,nbhd,tilt.*=0.25,p[goods]*2,3,CONVERGED,CONVERGED,411.0,411,0.7210602397198617,0.7210602,0.6593715370386164,0.6593715,0.0,0,0.0,0.0,24000,24000.0,0.4578472211180215,0.4578472,0.3914281,0,0.0,0.0,0.0,0.0,1.088019e-11
E8,is2,nbhd,tilt.*=0.25,p[labour.master]*0.5,3,CONVERGED,CONVERGED,392.0,392,0.5997312586197676,0.5997313,0.7144508063170686,0.7144508,0.0,0,0.0,0.0,24000,24000.0,0.42091698343260564,0.420917,0.3914281,60,60.0,0.019865645041032456,0.01986565,5e-324,7.327472e-12
E8,is2,nbhd,tilt.*=0.25,p[labour.master]*2,3,CONVERGED,CONVERGED,415.0,415,0.7467548927446043,0.7467549,0.7018714623766371,0.7018715,0.0,0,0.0,0.0,24000,24000.0,0.4135869119477522,0.4135869,0.3914281,0,0.0,0.0,0.0,0.0,7.105427e-12
E8,is2,nbhd,tilt.*=0.25,p[labour.trained]*0.5,3,CONVERGED,CONVERGED,554.0,554,0.1443304418460203,0.1443304,0.5228101322719287,0.5228101,38.0,38,0.0,0.0,24000,24000.0,0.9013075104931498,0.9013075,0.3914281,0,0.0,0.0,0.0,0.0,1.176836e-11
E8,is2,nbhd,tilt.*=0.25,p[labour.trained]*2,3,CONVERGED,CONVERGED,443.0,443,0.705144223844104,0.7051442,0.6854397048592599,0.6854397,0.0,0,0.0,0.0,24000,24000.0,0.5622924026199219,0.5622924,0.3914281,0,0.0,0.0,0.0,0.0,8.437695e-12
E8,is2,nbhd,tilt.*=0.25,p[labour]*0.5,3,CONVERGED,CONVERGED,538.0,538,0.2673364558860502,0.2673365,0.046806735497599616,0.04680674,22.0,22,0.0,0.0,24000,24000.0,0.5911743419048557,0.5911743,0.3914281,0,0.0,0.0,0.0,0.0,6.439294e-12
E8,is2,nbhd,tilt.*=0.25,p[labour]*2,3,CONVERGED,CONVERGED,480.0,480,0.21959710547113573,0.2195971,0.7359635677800215,0.7359636,8.0,8,0.0,0.0,24000,24000.0,0.8927610802111036,0.8927611,0.3914281,70,70.0,0.019865645041032456,0.01986565,5e-324,8.437695e-12
E8,is2,nbhd,tilt.*=0.25,p[land]*0.5,3,CONVERGED,CONVERGED,490.0,490,0.5048430449058501,0.504843,0.7094374135947317,0.7094374,0.0,0,0.0,0.0,24000,24000.0,0.583844586522834,0.5838446,0.3914281,0,0.0,0.0,0.0,0.0,8.437695e-12
E8,is2,nbhd,tilt.*=0.25,p[land]*2,3,CONVERGED,CONVERGED,596.0,596,0.29734966848552336,0.2973497,0.2056375336446133,0.2056375,80.0,80,0.0,0.0,24000,24000.0,0.5979561527638204,0.5979562,0.3914281,0,0.0,0.0,0.0,0.0,8.437695e-12
E8,is2,nbhd,tilt.*=0.25,p[mach]*0.5,3,CONVERGED,CONVERGED,609.0,609,0.2465813545011115,0.2465814,0.7399539160575481,0.7399539,79.0,79,0.0,0.0,24000,24000.0,0.6200547549716745,0.6200548,0.3914281,0,0.0,0.0,0.0,0.0,8.65974e-12
E8,is2,nbhd,tilt.*=0.25,p[mach]*2,3,CONVERGED,CONVERGED,489.0,489,0.49208192178042987,0.4920819,-0.02806092935590522,-0.02806093,4.0,4,12.0,12.0,24000,24000.0,0.5964867740515716,0.5964868,0.3914281,0,0.0,0.0,0.0,0.0,5.995204e-12
E8,is2,nbhd,tilt.*=0.25,p[services]*0.5,3,CONVERGED,CONVERGED,530.0,530,0.5244711979109027,0.5244712,0.27499103036153894,0.274991,0.0,0,0.0,0.0,24000,24000.0,0.49394468542968123,0.4939447,0.3914281,0,0.0,0.0,0.0,0.0,5.995204e-12
E8,is2,nbhd,tilt.*=0.25,p[services]*2,3,CONVERGED,CONVERGED,463.0,463,0.44589150000678507,0.4458915,0.7399539160575449,0.7399539,14.0,14,0.0,0.0,24000,24000.0,0.46010214640654995,0.4601021,0.3914281,0,0.0,0.0,0.0,0.0,7.993606e-12
E8,is2,nbhd,tilt.*=0.25,res.services.trained=0.01@dated,3,CONVERGED,CONVERGED,440.0,440,0.6434338160652212,0.6434338,0.620471338630244,0.6204713,0.0,0,0.0,0.0,24000,24000.0,0.7958888657074024,0.7958889,0.66717,0,0.0,0.0,0.0,0.0,1.154632e-11
E8,is2,nbhd,tilt.*=0.25,res.services.trained=0.01@genesis,3,CONVERGED,CONVERGED,440.0,440,0.6434302142083386,0.6434302,0.6204713386302458,0.6204713,0.0,0,0.0,0.0,24000,24000.0,0.7959559662154642,0.795956,0.66717,0,0.0,0.0,0.0,0.0,5.77316e-12
E8,is2,nbhd,tilt.*=0.25,res.services.trained=0.04@dated,3,CONVERGED,CONVERGED,492.0,492,0.5000000000000002,0.5,0.6794652538418522,0.6794653,0.0,2,0.0,0.0,509,509.0,0.39142810838832914,0.3914281,6.4e-323,0,0.0,0.0,0.0,0.0,1.132427e-11
E8,is2,nbhd,tilt.*=0.25,res.services.trained=0.04@genesis,3,CONVERGED,CONVERGED,492.0,492,0.5000000000000002,0.5,0.6804442146894127,0.6804442,0.0,0,0.0,0.0,509,509.0,0.39142810838832914,0.3914281,6.4e-323,0,0.0,0.0,0.0,0.0,7.105427e-12
E8,is2,nbhd,tilt.*=0.25,s[goods]=0.5,3,CONVERGED,CONVERGED,570.0,570,0.13722097609175923,0.137221,0.7399539160575449,0.7399539,61.0,61,0.0,0.0,24000,24000.0,0.8459880400131943,0.845988,0.3914281,98,98.0,0.5903057241743511,0.5903057,5e-324,1.021405e-11
E8,is2,nbhd,tilt.*=0.25,s[services]=0.5,3,CONVERGED,CONVERGED,566.0,566,0.1504375953821086,0.1504376,0.7399539160575449,0.7399539,53.0,53,0.0,0.0,24000,24000.0,0.9150050180346034,0.915005,0.3914281,0,0.0,0.0,0.0,0.0,9.547918e-12
E8,is2,nbhd,tilt.*=0.25,sw[master]=0.5,3,CONVERGED,CONVERGED,333.0,333,0.5630326929894004,0.5630327,0.7170313882644749,0.7170314,0.0,0,0.0,0.0,24000,24000.0,0.41084934576994747,0.4108493,0.3914281,56,56.0,0.36071931241311805,0.3607193,5e-324,9.325873e-12
E8,is2,nbhd,tilt.*=0.25,sw[trained]=0.5,3,CONVERGED,CONVERGED,352.0,352,0.8215956190087229,0.8215956,0.7172001773202049,0.7172002,0.0,0,0.0,0.0,24000,24000.0,0.5,0.5,0.3914281,0,0.0,0.0,0.0,0.0,7.327472e-12
E8,is2,nbhd,tilt.*=0.25,tail.services=0.05@dated,3,CONVERGED,CONVERGED,363.0,363,0.912896494183835,0.9128965,0.30570370143843056,0.3057037,0.0,0,0.0,0.0,24000,24000.0,0.39142810838832914,0.3914281,0.1447515,0,0.0,0.0,0.0,0.0,7.993606e-12
E8,is2,nbhd,tilt.*=0.25,tail.services=0.05@genesis,3,CONVERGED,CONVERGED,363.0,363,0.912896494183835,0.9128965,0.30570370143842973,0.3057037,0.0,0,0.0,0.0,24000,24000.0,0.39142810838832914,0.3914281,0.1447515,0,0.0,0.0,0.0,0.0,5.995204e-12
E8,is2,nbhd,tilt.*=0.25,tail.services=0.2@dated,3,CONVERGED,CONVERGED,659.0,659,0.373474502766063,0.3734745,0.7399539160575449,0.7399539,15.0,15,0.0,0.0,24000,24000.0,0.7740757982787673,0.7740758,0.6091996,652,652.0,0.16178960484214966,0.1617896,1.845814e-283,1.421085e-11
E8,is2,nbhd,tilt.*=0.25,tail.services=0.2@genesis,3,CONVERGED,CONVERGED,664.0,664,0.37167276541886707,0.3716728,0.7399539160575449,0.7399539,17.0,17,0.0,0.0,24000,24000.0,0.7754927195901713,0.7754927,0.6091996,656,656.0,0.16108894166268795,0.1610889,2.084224e-283,1.332268e-11
E8,is2,nbhd,tilt.*=0.25,x*/2,3,CONVERGED,CONVERGED,613.0,613,0.03307555161300378,0.03307555,0.7399539160575449,0.7399539,90.0,90,0.0,0.0,24000,24000.0,0.9740664989478302,0.9740665,0.3914281,123,123.0,0.700990433639054,0.7009904,5e-324,4.884981e-12
E8,is2,nbhd,tilt.*=0.5,JA(0.5),3,CONVERGED,CONVERGED,613.0,613,0.14262327130174773,0.1426233,0.6355076072242836,0.6355076,103.0,103,0.0,0.0,24000,24000.0,0.6758776989660984,0.6758777,0.3914281,0,0.0,0.0,0.0,0.0,7.549517e-12
E8,is2,nbhd,tilt.*=0.5,JA(2),3,CONVERGED,CONVERGED,455.0,455,0.5371604880827452,0.5371605,0.48644358753667405,0.4864436,1.0,1,0.0,0.0,24000,24000.0,0.525237660558376,0.5252377,0.3914281,0,0.0,0.0,0.0,0.0,1.332268e-11
E8,is2,nbhd,tilt.*=0.5,JB(0.5),3,CONVERGED,CONVERGED,587.0,587,0.09597429377969073,0.09597429,-0.6463404450623457,-0.6463404,83.0,83,16.0,16.0,24000,24000.0,0.9260423396830579,0.9260423,0.3914281,126,126.0,0.5416493911628235,0.5416494,5e-324,6.439294e-12
E8,is2,nbhd,tilt.*=0.5,JB(2),3,CONVERGED,CONVERGED,569.0,569,0.3750850622064543,0.3750851,0.7399539160575498,0.7399539,46.0,46,0.0,0.0,24000,24000.0,0.5402008225220604,0.5402008,0.3914281,0,0.0,0.0,0.0,0.0,6.883383e-12
E8,is2,nbhd,tilt.*=0.5,N(0.5),3,CONVERGED,CONVERGED,538.0,538,0.5131091235874722,0.5131091,0.7399539160575449,0.7399539,0.0,0,0.0,0.0,24000,24000.0,0.49510619959392577,0.4951062,0.3914281,0,0.0,0.0,0.0,0.0,1.04361e-11
E8,is2,nbhd,tilt.*=0.5,N(2),3,CONVERGED,CONVERGED,454.0,454,0.4424882035985653,0.4424882,0.19586464854139865,0.1958646,5.0,5,0.0,0.0,24000,24000.0,0.4416812288991477,0.4416812,0.3914281,0,0.0,0.0,0.0,0.0,8.65974e-12
E8,is2,nbhd,tilt.*=0.5,RC(0.5),3,CONVERGED,CONVERGED,506.0,506,0.5386332972011693,0.5386333,0.36301752483367755,0.3630175,0.0,0,0.0,0.0,24000,24000.0,0.5461000556464325,0.5461001,0.3914281,0,0.0,0.0,0.0,0.0,1.154632e-11
E8,is2,nbhd,tilt.*=0.5,RC(2),3,CONVERGED,CONVERGED,459.0,459,0.29997129135576817,0.2999713,0.7399539160575449,0.7399539,33.0,33,0.0,0.0,24000,24000.0,0.47052006743674885,0.4705201,0.3914281,89,89.0,0.5485155361094528,0.5485155,5e-324,6.883383e-12
E8,is2,nbhd,tilt.*=0.5,RW(0.5),3,CONVERGED,CONVERGED,495.0,495,0.26538423469671973,0.2653842,0.046806735497599616,0.04680674,27.0,27,0.0,0.0,24000,24000.0,0.5976249334029963,0.5976249,0.3914281,0,0.0,0.0,0.0,0.0,7.771561e-12
E8,is2,nbhd,tilt.*=0.5,RW(2),3,CONVERGED,CONVERGED,550.0,550,0.015017060401965892,0.01501706,0.6225850444702886,0.622585,45.0,45,0.0,0.0,24000,24000.0,0.990854128342618,0.9908541,0.3914281,66,66.0,0.7153475541432065,0.7153476,5e-324,1.065814e-11
E8,is2,nbhd,tilt.*=0.5,land.mach=0.2@dated,3,CONVERGED,CONVERGED,511.0,511,0.3184794490735094,0.3184794,0.7399539160575449,0.7399539,2.0,2,0.0,0.0,24000,24000.0,0.5977658325939014,0.5977658,0.3878463,0,0.0,0.0,0.0,0.0,9.103829e-12
E8,is2,nbhd,tilt.*=0.5,land.mach=0.2@genesis,3,CONVERGED,CONVERGED,511.0,511,0.3184794490735099,0.3184794,0.7399539160575449,0.7399539,2.0,2,0.0,0.0,24000,24000.0,0.5969484626468101,0.5969485,0.3878463,0,0.0,0.0,0.0,0.0,1.310063e-11
E8,is2,nbhd,tilt.*=0.5,land.mach=0.8@dated,3,CONVERGED,CONVERGED,480.0,480,0.2180155030882668,0.2180155,0.015970280151124564,0.01597028,89.0,89,0.0,0.0,24000,24000.0,0.6545101340928882,0.6545101,0.3967725,0,0.0,0.0,0.0,0.0,7.327472e-12
E8,is2,nbhd,tilt.*=0.5,land.mach=0.8@genesis,3,CONVERGED,CONVERGED,480.0,480,0.2203558596693003,0.2203559,0.01597028015112391,0.01597028,88.0,88,0.0,0.0,24000,24000.0,0.6531421127130357,0.6531421,0.3967725,0,0.0,0.0,0.0,0.0,7.327472e-12
E8,is2,nbhd,tilt.*=0.5,p[goods]*0.5,3,CONVERGED,CONVERGED,469.0,469,0.519766215177396,0.5197662,0.6534935150022472,0.6534935,0.0,0,0.0,0.0,24000,24000.0,0.46021429845561573,0.4602143,0.3914281,73,73.0,0.010959008856060444,0.01095901,5e-324,7.105427e-12
E8,is2,nbhd,tilt.*=0.5,p[goods]*2,3,CONVERGED,CONVERGED,398.0,398,0.6650117483609865,0.6650117,0.6771423506267855,0.6771424,0.0,0,0.0,0.0,24000,24000.0,0.4578562945315571,0.4578563,0.3914281,0,0.0,0.0,0.0,0.0,7.549517e-12
E8,is2,nbhd,tilt.*=0.5,p[labour.master]*0.5,3,CONVERGED,CONVERGED,343.0,343,0.5997312586197676,0.5997313,0.7247084216956168,0.7247084,0.0,0,0.0,0.0,24000,24000.0,0.41895691899768095,0.4189569,0.3914281,60,60.0,0.019865645041032456,0.01986565,5e-324,7.993606e-12
E8,is2,nbhd,tilt.*=0.5,p[labour.master]*2,3,CONVERGED,CONVERGED,369.0,369,0.7058678027096152,0.7058678,0.7086544287080864,0.7086544,0.0,0,0.0,0.0,24000,24000.0,0.4139272478964795,0.4139272,0.3914281,0,0.0,0.0,0.0,0.0,7.771561e-12
E8,is2,nbhd,tilt.*=0.5,p[labour.trained]*0.5,3,CONVERGED,CONVERGED,499.0,499,0.14414416982537337,0.1441442,0.5383777417577461,0.5383777,36.0,36,0.0,0.0,24000,24000.0,0.9020795706570638,0.9020796,0.3914281,0,0.0,0.0,0.0,0.0,8.21565e-12
E8,is2,nbhd,tilt.*=0.5,p[labour.trained]*2,3,CONVERGED,CONVERGED,394.0,394,0.7139052121767339,0.7139052,0.6958444015805744,0.6958444,0.0,0,0.0,0.0,24000,24000.0,0.559995280692157,0.5599953,0.3914281,0,0.0,0.0,0.0,0.0,7.993606e-12
E8,is2,nbhd,tilt.*=0.5,p[labour]*0.5,3,CONVERGED,CONVERGED,489.0,489,0.24872381569301838,0.2487238,0.046806735497599616,0.04680674,23.0,23,0.0,0.0,24000,24000.0,0.591205310423359,0.5912053,0.3914281,0,0.0,0.0,0.0,0.0,1.221245e-11
E8,is2,nbhd,tilt.*=0.5,p[labour]*2,3,CONVERGED,CONVERGED,462.0,462,0.21515276445111048,0.2151528,0.73995391605755,0.7399539,8.0,8,0.0,0.0,24000,24000.0,0.8945352601544069,0.8945353,0.3914281,70,70.0,0.019865645041032456,0.01986565,5e-324,7.771561e-12
E8,is2,nbhd,tilt.*=0.5,p[land]*0.5,3,CONVERGED,CONVERGED,476.0,476,0.3600202467787502,0.3600202,0.7248549560462487,0.724855,2.0,2,0.0,0.0,24000,24000.0,0.608912459293579,0.6089125,0.3914281,0,0.0,0.0,0.0,0.0,8.65974e-12
E8,is2,nbhd,tilt.*=0.5,p[land]*2,3,CONVERGED,CONVERGED,535.0,535,0.29869824895343255,0.2986982,0.2656973749750084,0.2656974,73.0,73,0.0,0.0,24000,24000.0,0.5810647883927862,0.5810648,0.3914281,0,0.0,0.0,0.0,0.0,8.21565e-12
E8,is2,nbhd,tilt.*=0.5,p[mach]*0.5,3,CONVERGED,CONVERGED,594.0,594,0.25826717470146754,0.2582672,0.739953916057553,0.7399539,85.0,85,0.0,0.0,24000,24000.0,0.6165803256640597,0.6165803,0.3914281,0,0.0,0.0,0.0,0.0,1.199041e-11
E8,is2,nbhd,tilt.*=0.5,p[mach]*2,3,CONVERGED,CONVERGED,475.0,475,0.443176606557595,0.4431766,-0.023576495324138084,-0.0235765,13.0,13,10.0,10.0,24000,24000.0,0.6018415794372826,0.6018416,0.3914281,0,0.0,0.0,0.0,0.0,8.21565e-12
E8,is2,nbhd,tilt.*=0.5,p[services]*0.5,3,CONVERGED,CONVERGED,507.0,507,0.554250665421522,0.5542507,0.3145437192931858,0.3145437,0.0,0,0.0,0.0,24000,24000.0,0.488275022232996,0.488275,0.3914281,0,0.0,0.0,0.0,0.0,8.437695e-12
E8,is2,nbhd,tilt.*=0.5,p[services]*2,3,CONVERGED,CONVERGED,453.0,453,0.4208643605942183,0.4208644,0.7399539160575449,0.7399539,18.0,18,0.0,0.0,24000,24000.0,0.4708352374104525,0.4708352,0.3914281,0,0.0,0.0,0.0,0.0,5.77316e-12
E8,is2,nbhd,tilt.*=0.5,res.services.trained=0.01@dated,3,CONVERGED,CONVERGED,455.0,455,0.6464780446980025,0.646478,0.6204713386302486,0.6204713,0.0,0,0.0,0.0,24000,24000.0,0.7955647022309363,0.7955647,0.66717,0,0.0,0.0,0.0,0.0,8.881784e-12
E8,is2,nbhd,tilt.*=0.5,res.services.trained=0.01@genesis,3,CONVERGED,CONVERGED,455.0,455,0.6463854600930936,0.6463855,0.6204713386302505,0.6204713,0.0,0,0.0,0.0,24000,24000.0,0.7956509870022748,0.795651,0.66717,0,0.0,0.0,0.0,0.0,1.04361e-11
E8,is2,nbhd,tilt.*=0.5,res.services.trained=0.04@dated,3,CONVERGED,CONVERGED,477.0,477,0.5000000000000002,0.5,0.681072274743194,0.6810723,0.0,2,0.0,0.0,503,503.0,0.39142810838832914,0.3914281,6.4e-323,0,0.0,0.0,0.0,0.0,1.287859e-11
E8,is2,nbhd,tilt.*=0.5,res.services.trained=0.04@genesis,3,CONVERGED,CONVERGED,477.0,477,0.5000000000000003,0.5,0.6821902385887437,0.6821902,0.0,0,0.0,0.0,503,503.0,0.39142810838832914,0.3914281,6.4e-323,0,0.0,0.0,0.0,0.0,9.547918e-12
E8,is2,nbhd,tilt.*=0.5,s[goods]=0.5,3,CONVERGED,CONVERGED,556.0,556,0.16313937269812648,0.1631394,0.7399539160575449,0.7399539,58.0,58,0.0,0.0,24000,24000.0,0.8349692817624158,0.8349693,0.3914281,96,96.0,0.6081288110017132,0.6081288,5e-324,1.310063e-11
E8,is2,nbhd,tilt.*=0.5,s[services]=0.5,3,CONVERGED,CONVERGED,554.0,554,0.14571675050896724,0.1457168,0.7399539160575449,0.7399539,55.0,55,0.0,0.0,24000,24000.0,0.9174824063234348,0.9174824,0.3914281,0,0.0,0.0,0.0,0.0,6.439294e-12
E8,is2,nbhd,tilt.*=0.5,sw[master]=0.5,3,CONVERGED,CONVERGED,327.0,327,0.5630326929894004,0.5630327,0.7172169019970974,0.7172169,0.0,0,0.0,0.0,24000,24000.0,0.4100103969535015,0.4100104,0.3914281,56,56.0,0.36071931241311805,0.3607193,5e-324,1.088019e-11
E8,is2,nbhd,tilt.*=0.5,sw[trained]=0.5,3,CONVERGED,CONVERGED,342.0,342,0.8215956190087229,0.8215956,0.7187192782235889,0.7187193,0.0,0,0.0,0.0,24000,24000.0,0.5,0.5,0.3914281,0,0.0,0.0,0.0,0.0,9.992007e-12
E8,is2,nbhd,tilt.*=0.5,tail.services=0.05@dated,3,CONVERGED,CONVERGED,316.0,316,0.8986735141926288,0.8986735,0.3057037014384291,0.3057037,0.0,0,0.0,0.0,24000,24000.0,0.39142810838832914,0.3914281,0.1447515,0,0.0,0.0,0.0,0.0,7.327472e-12
E8,is2,nbhd,tilt.*=0.5,tail.services=0.05@genesis,3,CONVERGED,CONVERGED,316.0,316,0.898673514192629,0.8986735,0.3057037014384291,0.3057037,0.0,0,0.0,0.0,24000,24000.0,0.39142810838832914,0.3914281,0.1447515,0,0.0,0.0,0.0,0.0,6.217249e-12
E8,is2,nbhd,tilt.*=0.5,tail.services=0.2@dated,3,CONVERGED,CONVERGED,641.0,641,0.36781386705003627,0.3678139,0.7399539160575449,0.7399539,16.0,16,0.0,0.0,24000,24000.0,0.7770270499284301,0.777027,0.6091996,660,660.0,0.1219448859455307,0.1219449,2.39223e-283,1.509903e-11
E8,is2,nbhd,tilt.*=0.5,tail.services=0.2@genesis,3,CONVERGED,CONVERGED,646.0,646,0.3666527477586744,0.3666527,0.7399539160575449,0.7399539,18.0,18,0.0,0.0,24000,24000.0,0.7778876453681897,0.7778876,0.6091996,662,662.0,0.12360761439435632,0.1236076,2.568839e-283,1.376677e-11
E8,is2,nbhd,tilt.*=0.5,x*/2,3,CONVERGED,CONVERGED,601.0,601,0.04671470225400241,0.0467147,0.7399539160575449,0.7399539,89.0,89,0.0,0.0,24000,24000.0,0.9761362883713349,0.9761363,0.3914281,117,117.0,0.7030468063892537,0.7030468,5e-324,9.992007e-12
E8,is2,nbhd,tilt.*=1,JA(0.5),3,CONVERGED,CONVERGED,564.0,564,0.11564507381218056,0.1156451,0.7399539160575449,0.7399539,92.0,92,0.0,0.0,24000,24000.0,0.6545683844411009,0.6545684,0.3914281,0,0.0,0.0,0.0,0.0,7.771561e-12
E8,is2,nbhd,tilt.*=1,JA(2),3,CONVERGED,CONVERGED,436.0,436,0.5371654259915285,0.5371654,0.5478116635232235,0.5478117,1.0,1,0.0,0.0,24000,24000.0,0.5430159022994662,0.5430159,0.3914281,0,0.0,0.0,0.0,0.0,9.992007e-12
E8,is2,nbhd,tilt.*=1,JB(0.5),3,CONVERGED,CONVERGED,524.0,524,0.07701862384764567,0.07701862,-0.6463404450623457,-0.6463404,72.0,72,16.0,16.0,24000,24000.0,0.9390412533322896,0.9390413,0.3914281,122,122.0,0.5542653893891264,0.5542654,5e-324,9.992007e-12
E8,is2,nbhd,tilt.*=1,JB(2),3,CONVERGED,CONVERGED,558.0,558,0.33215714086757236,0.3321571,0.7399539160575507,0.7399539,62.0,62,0.0,0.0,24000,24000.0,0.5476062059167279,0.5476062,0.3914281,0,0.0,0.0,0.0,0.0,1.021405e-11
E8,is2,nbhd,tilt.*=1,N(0.5),3,CONVERGED,CONVERGED,502.0,502,0.5158386773715042,0.5158387,0.7399539160575449,0.7399539,0.0,0,0.0,0.0,24000,24000.0,0.4946345776879988,0.4946346,0.3914281,0,0.0,0.0,0.0,0.0,1.199041e-11
E8,is2,nbhd,tilt.*=1,N(2),3,CONVERGED,CONVERGED,431.0,431,0.4424882035985653,0.4424882,0.22912717079816802,0.2291272,5.0,5,0.0,0.0,24000,24000.0,0.439169566637898,0.4391696,0.3914281,0,0.0,0.0,0.0,0.0,1.065814e-11
E8,is2,nbhd,tilt.*=1,RC(0.5),3,CONVERGED,CONVERGED,438.0,438,0.3919498184348908,0.3919498,0.40622482674928256,0.4062248,8.0,8,0.0,0.0,24000,24000.0,0.5758320722505673,0.5758321,0.3914281,0,0.0,0.0,0.0,0.0,1.154632e-11
E8,is2,nbhd,tilt.*=1,RC(2),3,CONVERGED,CONVERGED,436.0,436,0.20295158010466555,0.2029516,0.7399539160575449,0.7399539,28.0,28,0.0,0.0,24000,24000.0,0.4515733752158885,0.4515734,0.3914281,94,94.0,0.5583042226316873,0.5583042,5e-324,1.088019e-11
E8,is2,nbhd,tilt.*=1,RW(0.5),3,CONVERGED,CONVERGED,478.0,478,0.2410701036141366,0.2410701,0.046806735497599616,0.04680674,27.0,27,0.0,0.0,24000,24000.0,0.5875638851760335,0.5875639,0.3914281,0,0.0,0.0,0.0,0.0,1.021405e-11
E8,is2,nbhd,tilt.*=1,RW(2),3,CONVERGED,CONVERGED,491.0,491,0.014291367452970076,0.01429137,0.6437654144352306,0.6437654,38.0,38,0.0,0.0,24000,24000.0,0.9913591206935911,0.9913591,0.3914281,68,68.0,0.7067364578229117,0.7067365,5e-324,1.176836e-11
E8,is2,nbhd,tilt.*=1,land.mach=0.2@dated,3,CONVERGED,CONVERGED,483.0,483,0.005112576265839594,0.005112576,0.7399539160575449,0.7399539,2.0,2,0.0,0.0,24000,24000.0,0.6315644535534198,0.6315645,0.3878463,0,0.0,0.0,0.0,0.0,1.176836e-11
E8,is2,nbhd,tilt.*=1,land.mach=0.2@genesis,3,CONVERGED,CONVERGED,483.0,483,0.005112576265839692,0.005112576,0.7399539160575449,0.7399539,2.0,2,0.0,0.0,24000,24000.0,0.6301504230931151,0.6301504,0.3878463,0,0.0,0.0,0.0,0.0,1.088019e-11
E8,is2,nbhd,tilt.*=1,land.mach=0.8@dated,3,CONVERGED,CONVERGED,434.0,434,0.24336856884798003,0.2433686,0.015970280151126313,0.01597028,80.0,80,0.0,0.0,24000,24000.0,0.6553424326906442,0.6553424,0.3967725,0,0.0,0.0,0.0,0.0,7.549517e-12
E8,is2,nbhd,tilt.*=1,land.mach=0.8@genesis,3,CONVERGED,CONVERGED,433.0,433,0.2478778083545766,0.2478778,0.015970280151125657,0.01597028,79.0,79,0.0,0.0,24000,24000.0,0.649944251824225,0.6499443,0.3967725,0,0.0,0.0,0.0,0.0,8.21565e-12
E8,is2,nbhd,tilt.*=1,p[goods]*0.5,3,CONVERGED,CONVERGED,412.0,412,0.5124973964842103,0.5124974,0.7006868680823939,0.7006869,0.0,0,0.0,0.0,24000,24000.0,0.4485974621038377,0.4485975,0.3914281,0,0.0,0.0,0.0,0.0,1.154632e-11
E8,is2,nbhd,tilt.*=1,p[goods]*2,3,CONVERGED,CONVERGED,381.0,381,0.5588825593479063,0.5588826,0.6955389002068192,0.6955389,0.0,0,0.0,0.0,24000,24000.0,0.46060720905685426,0.4606072,0.3914281,0,0.0,0.0,0.0,0.0,1.021405e-11
E8,is2,nbhd,tilt.*=1,p[labour.master]*0.5,3,CONVERGED,CONVERGED,328.0,328,0.5997312586197676,0.5997313,0.7228988329497692,0.7228988,0.0,0,0.0,0.0,24000,24000.0,0.415054027987606,0.415054,0.3914281,60,60.0,0.019865645041032456,0.01986565,5e-324,6.661338e-12
E8,is2,nbhd,tilt.*=1,p[labour.master]*2,3,CONVERGED,CONVERGED,357.0,357,0.630408677653076,0.6304087,0.7203811333013196,0.7203811,0.0,0,0.0,0.0,24000,24000.0,0.41478599750374956,0.414786,0.3914281,0,0.0,0.0,0.0,0.0,9.547918e-12
E8,is2,nbhd,tilt.*=1,p[labour.trained]*0.5,3,CONVERGED,CONVERGED,477.0,477,0.1436587597530172,0.1436588,0.566329089011579,0.5663291,34.0,34,0.0,0.0,24000,24000.0,0.9036613800484404,0.9036614,0.3914281,0,0.0,0.0,0.0,0.0,1.088019e-11
E8,is2,nbhd,tilt.*=1,p[labour.trained]*2,3,CONVERGED,CONVERGED,373.0,373,0.7288091091133875,0.7288091,0.7146003263058348,0.7146003,0.0,0,0.0,0.0,24000,24000.0,0.5563507759031238,0.5563508,0.3914281,0,0.0,0.0,0.0,0.0,1.021405e-11
E8,is2,nbhd,tilt.*=1,p[labour]*0.5,3,CONVERGED,CONVERGED,473.0,473,0.21382720801547678,0.2138272,0.046806735497599616,0.04680674,24.0,24,0.0,0.0,24000,24000.0,0.5871641321015689,0.5871641,0.3914281,0,0.0,0.0,0.0,0.0,1.110223e-11
E8,is2,nbhd,tilt.*=1,p[labour]*2,3,CONVERGED,CONVERGED,432.0,432,0.20679672640205427,0.2067967,0.7399539160575517,0.7399539,8.0,8,0.0,0.0,24000,24000.0,0.8979079730660589,0.897908,0.3914281,69,69.0,0.019865645041032456,0.01986565,5e-324,1.265654e-11
E8,is2,nbhd,tilt.*=1,p[land]*0.5,3,CONVERGED,CONVERGED,459.0,459,0.005779434039644759,0.005779434,0.7296816622277839,0.7296817,2.0,2,0.0,0.0,24000,24000.0,0.6566383086647042,0.6566383,0.3914281,0,0.0,0.0,0.0,0.0,9.325873e-12
E8,is2,nbhd,tilt.*=1,p[land]*2,3,CONVERGED,CONVERGED,491.0,491,0.23450958881195028,0.2345096,0.34700226523542377,0.3470023,62.0,62,0.0,0.0,24000,24000.0,0.5541969425161323,0.5541969,0.3914281,0,0.0,0.0,0.0,0.0,1.176836e-11
E8,is2,nbhd,tilt.*=1,p[mach]*0.5,3,CONVERGED,CONVERGED,575.0,575,0.2401657835373519,0.2401658,0.7399539160575517,0.7399539,79.0,79,0.0,0.0,24000,24000.0,0.6029508858738052,0.6029509,0.3914281,0,0.0,0.0,0.0,0.0,1.110223e-11
E8,is2,nbhd,tilt.*=1,p[mach]*2,3,CONVERGED,CONVERGED,437.0,437,0.3396068435768254,0.3396068,-0.017663130853893115,-0.01766313,16.0,16,7.0,7.0,24000,24000.0,0.635679637879512,0.6356796,0.3914281,0,0.0,0.0,0.0,0.0,1.24345e-11
E8,is2,nbhd,tilt.*=1,p[services]*0.5,3,CONVERGED,CONVERGED,453.0,453,0.5124973964842103,0.5124974,0.35522442613374083,0.3552244,0.0,0,0.0,0.0,24000,24000.0,0.5069788263140879,0.5069788,0.3914281,0,0.0,0.0,0.0,0.0,1.021405e-11
E8,is2,nbhd,tilt.*=1,p[services]*2,3,CONVERGED,CONVERGED,443.0,443,0.27726861714961243,0.2772686,0.7399539160575449,0.7399539,20.0,20,0.0,0.0,24000,24000.0,0.49001439455319146,0.4900144,0.3914281,0,0.0,0.0,0.0,0.0,1.110223e-11
E8,is2,nbhd,tilt.*=1,res.services.trained=0.01@dated,3,CONVERGED,CONVERGED,483.0,483,0.651638504334989,0.6516385,0.6204713386302487,0.6204713,0.0,0,0.0,0.0,24000,24000.0,0.7951393741472333,0.7951394,0.66717,0,0.0,0.0,0.0,0.0,1.154632e-11
E8,is2,nbhd,tilt.*=1,res.services.trained=0.01@genesis,3,CONVERGED,CONVERGED,483.0,483,0.6513280906555307,0.6513281,0.6204713386302493,0.6204713,0.0,0,0.0,0.0,24000,24000.0,0.7952610357906451,0.795261,0.66717,0,0.0,0.0,0.0,0.0,1.154632e-11
E8,is2,nbhd,tilt.*=1,res.services.trained=0.04@dated,3,CONVERGED,CONVERGED,439.0,439,0.5000000000000002,0.5,0.6830875751084076,0.6830876,0.0,2,0.0,0.0,493,493.0,0.39142810838832914,0.3914281,6.4e-323,0,0.0,0.0,0.0,0.0,1.088019e-11
E8,is2,nbhd,tilt.*=1,res.services.trained=0.04@genesis,3,CONVERGED,CONVERGED,439.0,439,0.5000000000000003,0.5,0.6844430291332401,0.684443,0.0,0,0.0,0.0,493,493.0,0.39142810838832914,0.3914281,6.4e-323,0,0.0,0.0,0.0,0.0,1.265654e-11
E8,is2,nbhd,tilt.*=1,s[goods]=0.5,3,CONVERGED,CONVERGED,503.0,503,0.15499958695509863,0.1549996,0.7399539160575449,0.7399539,50.0,50,0.0,0.0,24000,24000.0,0.8151717632635503,0.8151718,0.3914281,92,92.0,0.6370075163878609,0.6370075,5e-324,1.24345e-11
E8,is2,nbhd,tilt.*=1,s[services]=0.5,3,CONVERGED,CONVERGED,503.0,503,0.13795002757844754,0.13795,0.7399539160575449,0.7399539,53.0,53,0.0,0.0,24000,24000.0,0.9210574901279946,0.9210575,0.3914281,0,0.0,0.0,0.0,0.0,1.287859e-11
E8,is2,nbhd,tilt.*=1,sw[master]=0.5,3,CONVERGED,CONVERGED,285.0,285,0.5630326929894004,0.5630327,0.7175787456655964,0.7175787,0.0,0,0.0,0.0,24000,24000.0,0.40868762593726893,0.4086876,0.3914281,56,56.0,0.36071931241311805,0.3607193,5e-324,6.883383e-12
E8,is2,nbhd,tilt.*=1,sw[trained]=0.5,3,CONVERGED,CONVERGED,302.0,302,0.8215956190087229,0.8215956,0.7215928048352203,0.7215928,0.0,0,0.0,0.0,24000,24000.0,0.5,0.5,0.3914281,0,0.0,0.0,0.0,0.0,1.04361e-11
E8,is2,nbhd,tilt.*=1,tail.services=0.05@dated,3,CONVERGED,CONVERGED,297.0,297,0.8673830658153189,0.8673831,0.3057037014384332,0.3057037,0.0,0,0.0,0.0,24000,24000.0,0.39142810838832914,0.3914281,0.1447515,0,0.0,0.0,0.0,0.0,1.398881e-11
E8,is2,nbhd,tilt.*=1,tail.services=0.05@genesis,3,CONVERGED,CONVERGED,297.0,297,0.867383065815319,0.8673831,0.3057037014384332,0.3057037,0.0,0,0.0,0.0,24000,24000.0,0.39142810838832914,0.3914281,0.1447515,0,0.0,0.0,0.0,0.0,1.287859e-11
E8,is2,nbhd,tilt.*=1,tail.services=0.2@dated,3,CONVERGED,CONVERGED,619.0,619,0.35795767248561716,0.3579577,0.7399539160575449,0.7399539,22.0,22,0.0,0.0,24000,24000.0,0.7817708946119554,0.7817709,0.6091996,669,669.0,0.07533798815708917,0.07533799,3.396811e-283,1.576517e-11
E8,is2,nbhd,tilt.*=1,tail.services=0.2@genesis,3,CONVERGED,CONVERGED,619.0,619,0.3591677581487702,0.3591678,0.7399539160575449,0.7399539,21.0,21,0.0,0.0,24000,24000.0,0.7813306947511044,0.7813307,0.6091996,670,670.0,0.07504572472266655,0.07504572,3.436743e-283,1.088019e-11
E8,is2,nbhd,tilt.*=1,x*/2,3,CONVERGED,CONVERGED,587.0,587,0.04046395701231059,0.04046396,0.7399539160575449,0.7399539,85.0,85,0.0,0.0,24000,24000.0,0.9795186171874242,0.9795186,0.3914281,109,109.0,0.7046277034663797,0.7046277,5e-324,1.065814e-11
E8,is2,10L,-,JA(0.5),3,CONVERGED,CONVERGED,654.0,654,0.16213475552210135,0.1621348,0.45537059580535155,0.4553706,114.0,114,0.0,0.0,240000,240000.0,0.6777889933010535,0.677789,0.3914281,0,0.0,0.0,0.0,0.0,5.77316e-12
E8,is2,10L,-,JA(2),3,CONVERGED,CONVERGED,541.0,541,0.5352023714506176,0.5352024,0.40101248170265485,0.4010125,1.0,1,0.0,0.0,240000,240000.0,0.5071690851535782,0.5071691,0.3914281,0,0.0,0.0,0.0,0.0,5.551115e-12
E8,is2,10L,-,JB(0.5),3,CONVERGED,CONVERGED,637.0,637,0.11325840505291954,0.1132584,-0.6463404450623457,-0.6463404,100.0,100,33.0,33.0,240000,240000.0,0.9160782170896388,0.9160782,0.3914281,145,145.0,0.602301070690318,0.6023011,5e-324,7.105427e-12
E8,is2,10L,-,JB(2),3,CONVERGED,CONVERGED,606.0,606,0.3638267094605391,0.3638267,0.7399539160575465,0.7399539,53.0,53,0.0,0.0,240000,240000.0,0.5429307728557798,0.5429308,0.3914281,0,0.0,0.0,0.0,0.0,6.661338e-12
E8,is2,10L,-,N(0.5),3,CONVERGED,CONVERGED,575.0,575,0.5108804597769858,0.5108805,0.7399539160575449,0.7399539,0.0,0,0.0,0.0,240000,240000.0,0.48956665781131903,0.4895667,0.3914281,0,0.0,0.0,0.0,0.0,5.77316e-12
E8,is2,10L,-,N(2),3,CONVERGED,CONVERGED,517.0,517,0.4424882035985653,0.4424882,0.15581425987066788,0.1558143,5.0,5,0.0,0.0,240000,240000.0,0.44500537708607807,0.4450054,0.3914281,0,0.0,0.0,0.0,0.0,2.88658e-12
E8,is2,10L,-,RC(0.5),3,CONVERGED,CONVERGED,619.0,619,0.41734238977639204,0.4173424,0.21742021884462698,0.2174202,48.0,48,0.0,0.0,240000,240000.0,0.5837064980391931,0.5837065,0.3914281,0,0.0,0.0,0.0,0.0,9.325873e-12
E8,is2,10L,-,RC(2),3,CONVERGED,CONVERGED,556.0,556,0.2613571390832954,0.2613571,0.6930590808133914,0.6930591,41.0,41,0.0,0.0,240000,240000.0,0.5099757816829487,0.5099758,0.3914281,84,84.0,0.6623251614151696,0.6623252,5e-324,3.774758e-12
E8,is2,10L,-,RW(0.5),3,CONVERGED,CONVERGED,570.0,570,0.2925987342617904,0.2925987,0.046806735497599616,0.04680674,27.0,27,0.0,0.0,240000,240000.0,0.6025971676940779,0.6025972,0.3914281,0,0.0,0.0,0.0,0.0,6.439294e-12
E8,is2,10L,-,RW(2),3,CONVERGED,CONVERGED,589.0,589,0.01565476463276353,0.01565476,0.5883521673672689,0.5883522,56.0,56,0.0,0.0,240000,240000.0,0.9904001340488023,0.9904001,0.3914281,62,62.0,0.724326514011459,0.7243265,5e-324,5.995204e-12
E8,is2,10L,-,land.mach=0.2@dated,3,CONVERGED,CONVERGED,559.0,559,0.558297572303259,0.5582976,0.7399539160575449,0.7399539,0.0,0,0.0,0.0,240000,240000.0,0.5590528906731923,0.5590529,0.3878463,0,0.0,0.0,0.0,0.0,1.265654e-11
E8,is2,10L,-,land.mach=0.2@genesis,3,CONVERGED,CONVERGED,559.0,559,0.5582975723032597,0.5582976,0.7399539160575449,0.7399539,0.0,0,0.0,0.0,240000,240000.0,0.5586769125570371,0.5586769,0.3878463,0,0.0,0.0,0.0,0.0,8.21565e-12
E8,is2,10L,-,land.mach=0.8@dated,3,CONVERGED,CONVERGED,515.0,515,0.15891558537158643,0.1589156,-0.01763172485237448,-0.01763172,95.0,95,12.0,12.0,240000,240000.0,0.6774897924216887,0.6774898,0.3967725,0,0.0,0.0,0.0,0.0,5.551115e-12
E8,is2,10L,-,land.mach=0.8@genesis,3,CONVERGED,CONVERGED,515.0,515,0.15911576473505865,0.1591158,-0.017648650684693973,-0.01764865,94.0,94,11.0,11.0,240000,240000.0,0.6773487549474448,0.6773488,0.3967725,0,0.0,0.0,0.0,0.0,5.107026e-12
E8,is2,10L,-,p[goods]*0.5,3,CONVERGED,CONVERGED,514.0,514,0.40865806244851194,0.4086581,0.5525378381952378,0.5525378,26.0,26,0.0,0.0,240000,240000.0,0.49358116135533364,0.4935812,0.3914281,81,81.0,0.3484122221029953,0.3484122,5e-324,6.439294e-12
E8,is2,10L,-,p[goods]*2,3,CONVERGED,CONVERGED,433.0,433,0.7632192912754395,0.7632193,0.6333443616549372,0.6333444,0.0,0,0.0,0.0,240000,240000.0,0.4606111211612919,0.4606111,0.3914281,0,0.0,0.0,0.0,0.0,8.437695e-12
E8,is2,10L,-,p[labour.master]*0.5,3,CONVERGED,CONVERGED,416.0,416,0.5997312586197676,0.5997313,0.7018023266138492,0.7018023,0.0,0,0.0,0.0,240000,240000.0,0.4221481253523944,0.4221481,0.3914281,60,60.0,0.019865645041032456,0.01986565,5e-324,5.77316e-12
E8,is2,10L,-,p[labour.master]*2,3,CONVERGED,CONVERGED,439.0,439,0.7898849120930606,0.7898849,0.6893621531284052,0.6893622,0.0,0,0.0,0.0,240000,240000.0,0.4144296180621575,0.4144296,0.3914281,0,0.0,0.0,0.0,0.0,6.883383e-12
E8,is2,10L,-,p[labour.trained]*0.5,3,CONVERGED,CONVERGED,581.0,581,0.14447703969790404,0.144477,0.5058003395905533,0.5058003,38.0,38,0.0,0.0,240000,240000.0,0.9005496576841909,0.9005497,0.3914281,0,0.0,0.0,0.0,0.0,3.108624e-12
E8,is2,10L,-,p[labour.trained]*2,3,CONVERGED,CONVERGED,463.0,463,0.6958701924991842,0.6958702,0.6744070165659583,0.674407,0.0,0,0.0,0.0,240000,240000.0,0.5649448457241184,0.5649448,0.3914281,0,0.0,0.0,0.0,0.0,5.551115e-12
E8,is2,10L,-,p[labour]*0.5,3,CONVERGED,CONVERGED,567.0,567,0.2867762881853775,0.2867763,0.046806735497599616,0.04680674,21.0,21,0.0,0.0,240000,240000.0,0.5867490905451518,0.5867491,0.3914281,0,0.0,0.0,0.0,0.0,7.993606e-12
E8,is2,10L,-,p[labour]*2,3,CONVERGED,CONVERGED,506.0,506,0.22413783814280208,0.2241378,0.7139997215646764,0.7139997,8.0,8,0.0,0.0,240000,240000.0,0.8909908597647117,0.8909909,0.3914281,70,70.0,0.019865645041032456,0.01986565,5e-324,5.995204e-12
E8,is2,10L,-,p[land]*0.5,3,CONVERGED,CONVERGED,513.0,513,0.6311189947775978,0.631119,0.6796697988369598,0.6796698,0.0,0,0.0,0.0,240000,240000.0,0.5593104085351142,0.5593104,0.3914281,0,0.0,0.0,0.0,0.0,5.107026e-12
E8,is2,10L,-,p[land]*2,3,CONVERGED,CONVERGED,626.0,626,0.2674339967530292,0.267434,0.12624145364811515,0.1262415,88.0,88,0.0,0.0,240000,240000.0,0.6136686238789132,0.6136686,0.3914281,0,0.0,0.0,0.0,0.0,5.107026e-12
E8,is2,10L,-,p[mach]*0.5,3,CONVERGED,CONVERGED,633.0,633,0.2312713330860159,0.2312713,0.7399539160575491,0.7399539,80.0,80,0.0,0.0,240000,240000.0,0.6206042040460558,0.6206042,0.3914281,0,0.0,0.0,0.0,0.0,6.439294e-12
E8,is2,10L,-,p[mach]*2,3,CONVERGED,CONVERGED,559.0,559,0.4771388143255262,0.4771388,-0.03372393189690696,-0.03372393,7.0,7,12.0,12.0,240000,240000.0,0.6047383186870926,0.6047383,0.3914281,0,0.0,0.0,0.0,0.0,8.437695e-12
E8,is2,10L,-,p[services]*0.5,3,CONVERGED,CONVERGED,608.0,608,0.48921457851182504,0.4892146,0.22672523015897,0.2267252,14.0,14,0.0,0.0,240000,240000.0,0.5082178504463035,0.5082179,0.3914281,0,0.0,0.0,0.0,0.0,6.439294e-12
E8,is2,10L,-,p[services]*2,3,CONVERGED,CONVERGED,480.0,480,0.49239332681563736,0.4923933,0.7399539160575449,0.7399539,5.0,5,0.0,0.0,240000,240000.0,0.44585151000783263,0.4458515,0.3914281,0,0.0,0.0,0.0,0.0,4.884981e-12
E8,is2,10L,-,res.services.trained=0.01@dated,3,CONVERGED,CONVERGED,462.0,462,0.6401702249275877,0.6401702,0.6204713386302454,0.6204713,0.0,0,0.0,0.0,240000,240000.0,0.7962662484089424,0.7962662,0.66717,0,0.0,0.0,0.0,0.0,7.549517e-12
E8,is2,10L,-,res.services.trained=0.01@genesis,3,CONVERGED,CONVERGED,462.0,462,0.6401995039595662,0.6401995,0.6204713386302447,0.6204713,0.0,0,0.0,0.0,240000,240000.0,0.7963232333450668,0.7963232,0.66717,0,0.0,0.0,0.0,0.0,5.551115e-12
E8,is2,10L,-,res.services.trained=0.04@dated,3,CONVERGED,CONVERGED,509.0,509,0.5000000000000001,0.5,0.6777135836415269,0.6777136,0.0,2,0.0,0.0,560,560.0,0.39142810838832914,0.3914281,6.4e-323,0,0.0,0.0,0.0,0.0,6.883383e-12
E8,is2,10L,-,res.services.trained=0.04@genesis,3,CONVERGED,CONVERGED,509.0,509,0.5000000000000002,0.5,0.6785476551417388,0.6785477,0.0,0,0.0,0.0,561,561.0,0.39142810838832914,0.3914281,6.4e-323,0,0.0,0.0,0.0,0.0,5.995204e-12
E8,is2,10L,-,s[goods]=0.5,3,CONVERGED,CONVERGED,592.0,592,0.10538811732609332,0.1053881,0.7399539160575449,0.7399539,65.0,65,0.0,0.0,240000,240000.0,0.8568153034261461,0.8568153,0.3914281,100,100.0,0.5707245459868101,0.5707245,5e-324,3.774758e-12
E8,is2,10L,-,s[services]=0.5,3,CONVERGED,CONVERGED,587.0,587,0.15659835053808396,0.1565984,0.7399539160575449,0.7399539,47.0,47,0.0,0.0,240000,240000.0,0.9117653589674309,0.9117654,0.3914281,0,0.0,0.0,0.0,0.0,4.884981e-12
E8,is2,10L,-,sw[master]=0.5,3,CONVERGED,CONVERGED,346.0,346,0.5630326929894004,0.5630327,0.7156408889055004,0.7156409,0.0,0,0.0,0.0,240000,240000.0,0.4119123329561689,0.4119123,0.3914281,56,56.0,0.36071931241311805,0.3607193,5e-324,5.551115e-12
E8,is2,10L,-,sw[trained]=0.5,3,CONVERGED,CONVERGED,366.0,366,0.8215956190087229,0.8215956,0.7155617578279506,0.7155618,0.0,0,0.0,0.0,240000,240000.0,0.5,0.5,0.3914281,0,0.0,0.0,0.0,0.0,7.105427e-12
E8,is2,10L,-,tail.services=0.05@dated,3,CONVERGED,CONVERGED,380.0,380,0.9229402079721037,0.9229402,0.3057037014384291,0.3057037,0.0,0,0.0,0.0,240000,240000.0,0.39142810838832914,0.3914281,0.1447515,0,0.0,0.0,0.0,0.0,7.327472e-12
E8,is2,10L,-,tail.services=0.05@genesis,3,CONVERGED,CONVERGED,380.0,380,0.9229402079721037,0.9229402,0.3057037014384291,0.3057037,0.0,0,0.0,0.0,240000,240000.0,0.39142810838832914,0.3914281,0.1447515,0,0.0,0.0,0.0,0.0,6.883383e-12
E8,is2,10L,-,tail.services=0.2@dated,3,CONVERGED,CONVERGED,672.0,672,0.37987338921661884,0.3798734,0.7399539160575449,0.7399539,17.0,17,0.0,0.0,240000,240000.0,0.7706421083094234,0.7706421,0.6091996,641,641.0,0.22012462326535287,0.2201246,9e-323,1.199041e-11
E8,is2,10L,-,tail.services=0.2@genesis,3,CONVERGED,CONVERGED,677.0,677,0.37845941218417173,0.3784594,0.7399539160575449,0.7399539,18.0,18,0.0,0.0,240000,240000.0,0.7720565991111981,0.7720566,0.6091996,646,646.0,0.21641222369095148,0.2164122,9e-323,8.65974e-12
E8,is2,10L,-,x*/2,3,CONVERGED,CONVERGED,630.0,630,0.0,0.0,0.7399539160575449,0.7399539,92.0,92,0.0,0.0,240000,240000.0,0.9716077822590171,0.9716078,0.3914281,128,128.0,0.6977655644456499,0.6977656,5e-324,7.327472e-12
E8,is2,10L,-,coin.desk.goods*0.5,3S,CONVERGED,CONVERGED,457.0,457,0.5000000000000002,0.5,0.6052546541355447,0.6052547,0.0,0,0.0,0.0,240000,240000.0,0.43495828498583705,0.4349583,0.3914281,0,0.0,0.0,0.0,0.0,5.995204e-12
E8,is2,10L,-,coin.desk.goods*2,3S,CONVERGED,CONVERGED,479.0,479,0.6363636363636368,0.6363636,0.5970083012122432,0.5970083,0.0,0,0.0,0.0,240000,240000.0,0.4241780764372849,0.4241781,0.3914281,0,0.0,0.0,0.0,0.0,6.439294e-12
E8,is2,10L,-,coin.desk.mach*0.5,3S,CONVERGED,CONVERGED,484.0,484,0.5419088105712923,0.5419088,0.460394180357397,0.4603942,0.0,0,0.0,0.0,240000,240000.0,0.47403692810236675,0.4740369,0.3914281,0,0.0,0.0,0.0,0.0,5.329071e-12
E8,is2,10L,-,coin.desk.mach*2,3S,CONVERGED,CONVERGED,515.0,515,0.5714285714285718,0.5714286,0.7399539160575449,0.7399539,0.0,0,0.0,0.0,240000,240000.0,0.5337189970036732,0.533719,0.3914281,0,0.0,0.0,0.0,0.0,7.549517e-12
E8,is2,10L,-,coin.desk.services*0.5,3S,CONVERGED,CONVERGED,512.0,512,0.5000000000000001,0.5,0.5164136285905455,0.5164136,0.0,0,0.0,0.0,240000,240000.0,0.4988226092625222,0.4988226,0.3914281,0,0.0,0.0,0.0,0.0,7.105427e-12
E8,is2,10L,-,coin.desk.services*2,3S,CONVERGED,CONVERGED,465.0,465,0.34417775012913093,0.3441778,0.6704962730685227,0.6704963,10.0,10,0.0,0.0,240000,240000.0,0.46765208625755667,0.4676521,0.3914281,0,0.0,0.0,0.0,0.0,8.881784e-12
E8,is2,10L,-,coin.provider*0.5,3S,CONVERGED,CONVERGED,372.0,372,0.7619805188682356,0.7619805,0.6636791569201147,0.6636792,0.0,0,0.0,0.0,240000,240000.0,0.4102079874200385,0.410208,0.3914281,0,0.0,0.0,0.0,0.0,7.993606e-12
E8,is2,10L,-,coin.provider*2,3S,CONVERGED,CONVERGED,557.0,557,0.6386506775981674,0.6386507,0.6517758069868075,0.6517758,0.0,0,0.0,0.0,240000,240000.0,0.4745436128603187,0.4745436,0.3914281,0,0.0,0.0,0.0,0.0,4.218847e-12
E8,is2,10L,-,coin.workers*0.5,3S,CONVERGED,CONVERGED,312.0,312,0.8115748287640523,0.8115748,0.6801351256027374,0.6801351,0.0,0,0.0,0.0,240000,240000.0,0.40609379865155587,0.4060938,0.3914281,0,0.0,0.0,0.0,0.0,8.65974e-12
E8,is2,10L,-,coin.workers*2,3S,CONVERGED,CONVERGED,496.0,496,0.6968415527991267,0.6968416,0.6715030344281446,0.671503,0.0,0,0.0,0.0,240000,240000.0,0.4588153408373735,0.4588153,0.3914281,0,0.0,0.0,0.0,0.0,6.439294e-12
E8,is2,10L,-,coin.workers.master*0.5,3S,CONVERGED,CONVERGED,255.0,255,0.9447446523909937,0.9447447,0.7227930205772639,0.722793,0.0,0,0.0,0.0,240000,240000.0,0.39557522609770157,0.3955752,0.3914281,0,0.0,0.0,0.0,0.0,9.769963e-12
E8,is2,10L,-,coin.workers.master*2,3S,CONVERGED,CONVERGED,441.0,441,0.8944122854388731,0.8944123,0.7171510278655923,0.717151,0.0,0,0.0,0.0,240000,240000.0,0.41259033279446106,0.4125903,0.3914281,0,0.0,0.0,0.0,0.0,5.551115e-12
E8,is2,10L,-,coin.workers.trained*0.5,3S,CONVERGED,CONVERGED,273.0,273,0.9241882035752834,0.9241882,0.716336608251002,0.7163366,0.0,0,0.0,0.0,240000,240000.0,0.39714993922957165,0.3971499,0.3914281,0,0.0,0.0,0.0,0.0,8.437695e-12
E8,is2,10L,-,coin.workers.trained*2,3S,CONVERGED,CONVERGED,451.0,451,0.8590881211270358,0.8590881,0.7106599439778772,0.7106599,0.0,0,0.0,0.0,240000,240000.0,0.4201695466912205,0.4201695,0.3914281,0,0.0,0.0,0.0,0.0,6.439294e-12
E8,is2,10L,-,stock.goods*0.5,3S,CONVERGED,CONVERGED,244.0,244,0.5000000000000001,0.5,0.7310055941019153,0.7310056,0.0,0,0.0,0.0,240000,240000.0,0.39453772037197055,0.3945377,0.3914281,0,0.0,0.0,0.0,0.0,7.771561e-12
E8,is2,10L,-,stock.goods*2,3S,CONVERGED,CONVERGED,346.0,346,0.9433808316024911,0.9433808,0.7228611673316543,0.7228612,0.0,0,0.0,0.0,240000,240000.0,0.39849717956777325,0.3984972,0.3914281,0,0.0,0.0,0.0,0.0,5.551115e-12
E8,is2,10L,-,stock.mach*0.5,3S,CONVERGED,CONVERGED,354.0,354,0.285714285714286,0.2857143,0.7021171480500481,0.7021171,2.0,2,0.0,0.0,240000,240000.0,0.40587879733919124,0.4058788,0.3914281,0,0.0,0.0,0.0,0.0,8.437695e-12
E8,is2,10L,-,stock.mach*2,3S,CONVERGED,CONVERGED,354.0,354,0.9548883236102798,0.9548883,0.729121250779667,0.7291213,0.0,0,0.0,0.0,240000,240000.0,0.40075493351580754,0.4007549,0.3914281,0,0.0,0.0,0.0,0.0,6.661338e-12
E8,is2,10L,-,stock.services*0.5,3S,CONVERGED,CONVERGED,342.0,342,0.5000000000000001,0.5,0.7295635488124631,0.7295635,0.0,0,0.0,0.0,240000,240000.0,0.39902361493839705,0.3990236,0.3914281,0,0.0,0.0,0.0,0.0,7.993606e-12
E8,is2,10L,-,stock.services*2,3S,CONVERGED,CONVERGED,370.0,370,0.950382197152936,0.9503822,0.7045712066065059,0.7045712,0.0,0,0.0,0.0,240000,240000.0,0.3996536103029334,0.3996536,0.3914281,0,0.0,0.0,0.0,0.0,3.774758e-12
E8,is2,tier3s,-,coin.desk.goods*0.5,3S,CONVERGED,CONVERGED,457.0,457,0.5000000000000002,0.5,0.6052546541355447,0.6052547,0.0,0,0.0,0.0,24000,24000.0,0.43495828498583705,0.4349583,0.3914281,0,0.0,0.0,0.0,0.0,5.995204e-12
E8,is2,tier3s,-,coin.desk.goods*2,3S,CONVERGED,CONVERGED,479.0,479,0.6363636363636368,0.6363636,0.5970083012122432,0.5970083,0.0,0,0.0,0.0,24000,24000.0,0.4241780764372849,0.4241781,0.3914281,0,0.0,0.0,0.0,0.0,6.439294e-12
E8,is2,tier3s,-,coin.desk.mach*0.5,3S,CONVERGED,CONVERGED,484.0,484,0.5419088105712923,0.5419088,0.460394180357397,0.4603942,0.0,0,0.0,0.0,24000,24000.0,0.47403692810236675,0.4740369,0.3914281,0,0.0,0.0,0.0,0.0,5.329071e-12
E8,is2,tier3s,-,coin.desk.mach*2,3S,CONVERGED,CONVERGED,515.0,515,0.5714285714285718,0.5714286,0.7399539160575449,0.7399539,0.0,0,0.0,0.0,24000,24000.0,0.5337189970036732,0.533719,0.3914281,0,0.0,0.0,0.0,0.0,7.549517e-12
E8,is2,tier3s,-,coin.desk.services*0.5,3S,CONVERGED,CONVERGED,512.0,512,0.5000000000000001,0.5,0.5164136285905455,0.5164136,0.0,0,0.0,0.0,24000,24000.0,0.4988226092625222,0.4988226,0.3914281,0,0.0,0.0,0.0,0.0,7.105427e-12
E8,is2,tier3s,-,coin.desk.services*2,3S,CONVERGED,CONVERGED,465.0,465,0.34417775012913093,0.3441778,0.6704962730685227,0.6704963,10.0,10,0.0,0.0,24000,24000.0,0.46765208625755667,0.4676521,0.3914281,0,0.0,0.0,0.0,0.0,8.881784e-12
E8,is2,tier3s,-,coin.provider*0.5,3S,CONVERGED,CONVERGED,372.0,372,0.7619805188682356,0.7619805,0.6636791569201147,0.6636792,0.0,0,0.0,0.0,24000,24000.0,0.4102079874200385,0.410208,0.3914281,0,0.0,0.0,0.0,0.0,7.993606e-12
E8,is2,tier3s,-,coin.provider*2,3S,CONVERGED,CONVERGED,557.0,557,0.6386506775981674,0.6386507,0.6517758069868075,0.6517758,0.0,0,0.0,0.0,24000,24000.0,0.4745436128603187,0.4745436,0.3914281,0,0.0,0.0,0.0,0.0,4.218847e-12
E8,is2,tier3s,-,coin.workers*0.5,3S,CONVERGED,CONVERGED,312.0,312,0.8115748287640523,0.8115748,0.6801351256027374,0.6801351,0.0,0,0.0,0.0,24000,24000.0,0.40609379865155587,0.4060938,0.3914281,0,0.0,0.0,0.0,0.0,8.65974e-12
E8,is2,tier3s,-,coin.workers*2,3S,CONVERGED,CONVERGED,496.0,496,0.6968415527991267,0.6968416,0.6715030344281446,0.671503,0.0,0,0.0,0.0,24000,24000.0,0.4588153408373735,0.4588153,0.3914281,0,0.0,0.0,0.0,0.0,6.439294e-12
E8,is2,tier3s,-,coin.workers.master*0.5,3S,CONVERGED,CONVERGED,255.0,255,0.9447446523909937,0.9447447,0.7227930205772639,0.722793,0.0,0,0.0,0.0,24000,24000.0,0.39557522609770157,0.3955752,0.3914281,0,0.0,0.0,0.0,0.0,9.769963e-12
E8,is2,tier3s,-,coin.workers.master*2,3S,CONVERGED,CONVERGED,441.0,441,0.8944122854388731,0.8944123,0.7171510278655923,0.717151,0.0,0,0.0,0.0,24000,24000.0,0.41259033279446106,0.4125903,0.3914281,0,0.0,0.0,0.0,0.0,5.551115e-12
E8,is2,tier3s,-,coin.workers.trained*0.5,3S,CONVERGED,CONVERGED,273.0,273,0.9241882035752834,0.9241882,0.716336608251002,0.7163366,0.0,0,0.0,0.0,24000,24000.0,0.39714993922957165,0.3971499,0.3914281,0,0.0,0.0,0.0,0.0,8.881784e-12
E8,is2,tier3s,-,coin.workers.trained*2,3S,CONVERGED,CONVERGED,451.0,451,0.8590881211270358,0.8590881,0.7106599439778772,0.7106599,0.0,0,0.0,0.0,24000,24000.0,0.4201695466912205,0.4201695,0.3914281,0,0.0,0.0,0.0,0.0,6.439294e-12
E8,is2,tier3s,-,stock.goods*0.5,3S,CONVERGED,CONVERGED,244.0,244,0.5000000000000001,0.5,0.7310055941019153,0.7310056,0.0,0,0.0,0.0,24000,24000.0,0.39453772037197055,0.3945377,0.3914281,0,0.0,0.0,0.0,0.0,7.771561e-12
E8,is2,tier3s,-,stock.goods*2,3S,CONVERGED,CONVERGED,346.0,346,0.9433808316024911,0.9433808,0.7228611673316543,0.7228612,0.0,0,0.0,0.0,24000,24000.0,0.39849717956777325,0.3984972,0.3914281,0,0.0,0.0,0.0,0.0,5.551115e-12
E8,is2,tier3s,-,stock.mach*0.5,3S,CONVERGED,CONVERGED,354.0,354,0.285714285714286,0.2857143,0.7021171480500481,0.7021171,2.0,2,0.0,0.0,24000,24000.0,0.40587879733919124,0.4058788,0.3914281,0,0.0,0.0,0.0,0.0,8.437695e-12
E8,is2,tier3s,-,stock.mach*2,3S,CONVERGED,CONVERGED,354.0,354,0.9548883236102798,0.9548883,0.729121250779667,0.7291213,0.0,0,0.0,0.0,24000,24000.0,0.40075493351580754,0.4007549,0.3914281,0,0.0,0.0,0.0,0.0,6.661338e-12
E8,is2,tier3s,-,stock.services*0.5,3S,CONVERGED,CONVERGED,342.0,342,0.5000000000000001,0.5,0.7295635488124631,0.7295635,0.0,0,0.0,0.0,24000,24000.0,0.39902361493839705,0.3990236,0.3914281,0,0.0,0.0,0.0,0.0,7.993606e-12
E8,is2,tier3s,-,stock.services*2,3S,CONVERGED,CONVERGED,370.0,370,0.950382197152936,0.9503822,0.7045712066065059,0.7045712,0.0,0,0.0,0.0,24000,24000.0,0.3996536103029334,0.3996536,0.3914281,0,0.0,0.0,0.0,0.0,3.774758e-12
E8,is2,tpy12,-,JA(0.95),1,CONVERGED,CONVERGED,147.0,147,0.9007137599099897,0.9007138,0.683243567617041,0.6832436,0.0,0,0.0,0.0,20000,20000.0,0.41431960718864164,0.4143196,0.3914281,0,0.0,0.0,0.0,0.0,1.332268e-12
E8,is2,tpy12,-,JA(1.05),1,CONVERGED,CONVERGED,97.0,97,0.9722212717215619,0.9722213,0.7114607406377932,0.7114607,0.0,0,0.0,0.0,20000,20000.0,0.39923608078908407,0.3992361,0.3914281,0,0.0,0.0,0.0,0.0,1.110223e-12
E8,is2,tpy12,-,JB(0.95),1,CONVERGED,CONVERGED,142.0,142,0.9251944028361587,0.9251944,0.6373673272824442,0.6373673,0.0,0,0.0,0.0,20000,20000.0,0.4081912968722639,0.4081913,0.3914281,0,0.0,0.0,0.0,0.0,1.776357e-12
E8,is2,tpy12,-,JB(1.05),1,CONVERGED,CONVERGED,136.0,136,0.9517778221192539,0.9517778,0.7260473203030906,0.7260473,0.0,0,0.0,0.0,20000,20000.0,0.40307096876902154,0.403071,0.3914281,0,0.0,0.0,0.0,0.0,6.661338e-13
E8,is2,tpy12,-,N(0.95),1,CONVERGED,CONVERGED,113.0,113,0.9669456388981637,0.9669456,0.7374658882633989,0.7374659,0.0,0,0.0,0.0,20000,20000.0,0.39784561831249643,0.3978456,0.3914281,0,0.0,0.0,0.0,0.0,8.881784e-13
E8,is2,tpy12,-,N(1.05),1,CONVERGED,CONVERGED,103.0,103,0.9360000962407384,0.9360001,0.6963849460705496,0.6963849,0.0,0,0.0,0.0,20000,20000.0,0.3957226458138926,0.3957226,0.3914281,0,0.0,0.0,0.0,0.0,8.881784e-13
E8,is2,tpy12,-,RC(0.95),1,CONVERGED,CONVERGED,124.0,124,0.9239936501852737,0.9239937,0.6962576517724139,0.6962577,0.0,0,0.0,0.0,20000,20000.0,0.40255527430080584,0.4025553,0.3914281,0,0.0,0.0,0.0,0.0,6.661338e-13
E8,is2,tpy12,-,RC(1.05),1,CONVERGED,CONVERGED,109.0,109,0.9261577814653216,0.9261578,0.7134788247638548,0.7134788,0.0,0,0.0,0.0,20000,20000.0,0.4026898443840991,0.4026898,0.3914281,0,0.0,0.0,0.0,0.0,1.110223e-12
E8,is2,tpy12,-,RW(0.95),1,CONVERGED,CONVERGED,117.0,117,0.8891341812038238,0.8891342,0.6886606216699946,0.6886606,0.0,0,0.0,0.0,20000,20000.0,0.4458656622822535,0.4458657,0.3914281,0,0.0,0.0,0.0,0.0,1.776357e-12
E8,is2,tpy12,-,RW(1.05),1,CONVERGED,CONVERGED,141.0,141,0.8106458117320416,0.8106458,0.7155911601863456,0.7155912,0.0,0,0.0,0.0,20000,20000.0,0.5074031917167714,0.5074032,0.3914281,0,0.0,0.0,0.0,0.0,6.661338e-13
E8,is2,tpy12,-,p[goods]*0.95,1,CONVERGED,CONVERGED,114.0,114,0.9482123220413234,0.9482123,0.7060346451833689,0.7060346,0.0,0,0.0,0.0,20000,20000.0,0.4010923236956333,0.4010923,0.3914281,0,0.0,0.0,0.0,0.0,1.332268e-12
E8,is2,tpy12,-,p[goods]*1.05,1,CONVERGED,CONVERGED,79.0,79,0.9784742577756225,0.9784743,0.725058337581156,0.7250583,0.0,0,0.0,0.0,20000,20000.0,0.3964561719901066,0.3964562,0.3914281,0,0.0,0.0,0.0,0.0,9.992007e-13
E8,is2,tpy12,-,p[labour.master]*0.95,1,CONVERGED,CONVERGED,52.0,52,0.9668514462697522,0.9668514,0.7370785712066665,0.7370786,0.0,0,0.0,0.0,20000,20000.0,0.3929633420730579,0.3929633,0.3914281,0,0.0,0.0,0.0,0.0,6.661338e-13
E8,is2,tpy12,-,p[labour.master]*1.05,1,CONVERGED,CONVERGED,74.0,74,0.9868742167603735,0.9868742,0.7326710628816976,0.7326711,0.0,0,0.0,0.0,20000,20000.0,0.3929671248683045,0.3929671,0.3914281,0,0.0,0.0,0.0,0.0,1.332268e-12
E8,is2,tpy12,-,p[labour.trained]*0.95,1,CONVERGED,CONVERGED,135.0,135,0.8755894898723947,0.8755895,0.7214412319916922,0.7214412,0.0,0,0.0,0.0,20000,20000.0,0.4554392099739213,0.4554392,0.3914281,0,0.0,0.0,0.0,0.0,8.881784e-13
E8,is2,tpy12,-,p[labour.trained]*1.05,1,CONVERGED,CONVERGED,108.0,108,0.9388566750364011,0.9388567,0.7271465824497585,0.7271466,0.0,0,0.0,0.0,20000,20000.0,0.4237740183779547,0.423774,0.3914281,0,0.0,0.0,0.0,0.0,1.332268e-12
E8,is2,tpy12,-,p[labour]*0.95,1,CONVERGED,CONVERGED,108.0,108,0.9343264416170519,0.9343264,0.6886606216699946,0.6886606,0.0,0,0.0,0.0,20000,20000.0,0.4216325888678363,0.4216326,0.3914281,0,0.0,0.0,0.0,0.0,8.881784e-13
E8,is2,tpy12,-,p[labour]*1.05,1,CONVERGED,CONVERGED,114.0,114,0.9155889906801734,0.915589,0.7281283394801826,0.7281283,0.0,0,0.0,0.0,20000,20000.0,0.45247778910915776,0.4524778,0.3914281,0,0.0,0.0,0.0,0.0,1.332268e-12
E8,is2,tpy12,-,p[land]*0.95,1,CONVERGED,CONVERGED,119.0,119,0.9792138741635449,0.9792139,0.7297585994459257,0.7297586,0.0,0,0.0,0.0,20000,20000.0,0.40225221555746415,0.4022522,0.3914281,0,0.0,0.0,0.0,0.0,4.440892e-13
E8,is2,tpy12,-,p[land]*1.05,1,CONVERGED,CONVERGED,145.0,145,0.9080046153576756,0.9080046,0.6726998543562751,0.6726999,0.0,0,0.0,0.0,20000,20000.0,0.412263790985901,0.4122638,0.3914281,0,0.0,0.0,0.0,0.0,6.661338e-13
E8,is2,tpy12,-,p[mach]*0.95,1,CONVERGED,CONVERGED,140.0,140,0.9365689435335475,0.9365689,0.7087599734235123,0.70876,0.0,0,0.0,0.0,20000,20000.0,0.408306240973893,0.4083062,0.3914281,0,0.0,0.0,0.0,0.0,1.332268e-12
E8,is2,tpy12,-,p[mach]*1.05,1,CONVERGED,CONVERGED,101.0,101,0.964599544822923,0.9645995,0.685238969029537,0.685239,0.0,0,0.0,0.0,20000,20000.0,0.40002371955462307,0.4000237,0.3914281,0,0.0,0.0,0.0,0.0,1.110223e-12
E8,is2,tpy12,-,p[services]*0.95,1,CONVERGED,CONVERGED,121.0,121,0.9458530741271762,0.9458531,0.7037248465439743,0.7037248,0.0,0,0.0,0.0,20000,20000.0,0.4006492519380669,0.4006493,0.3914281,0,0.0,0.0,0.0,0.0,4.440892e-13
E8,is2,tpy12,-,p[services]*1.05,1,CONVERGED,CONVERGED,97.0,97,0.9628365508708153,0.9628366,0.7357169074018929,0.7357169,0.0,0,0.0,0.0,20000,20000.0,0.395918106205618,0.3959181,0.3914281,0,0.0,0.0,0.0,0.0,4.440892e-13
E8,is2,tpy12,-,s[goods]=0.05,1,CONVERGED,CONVERGED,152.0,152,0.742080067576298,0.7420801,0.7102941116200986,0.7102941,0.0,0,0.0,0.0,20000,20000.0,0.5689577760279283,0.5689578,0.3914281,0,0.0,0.0,0.0,0.0,1.776357e-12
E8,is2,tpy12,-,s[services]=0.05,1,CONVERGED,CONVERGED,149.0,149,0.7769476612122281,0.7769477,0.7182692960737297,0.7182693,0.0,0,0.0,0.0,20000,20000.0,0.5473462820712616,0.5473463,0.3914281,0,0.0,0.0,0.0,0.0,1.332268e-12
E8,is2,tpy12,-,sw[master]=0.05,1,CONVERGED,CONVERGED,58.0,58,0.9840882351602284,0.9840882,0.7376822305823062,0.7376822,0.0,0,0.0,0.0,20000,20000.0,0.39274978480029926,0.3927498,0.3914281,12,12.0,0.012147885642190838,0.01214789,0.0,2.442491e-12
E8,is2,tpy12,-,sw[trained]=0.05,1,CONVERGED,CONVERGED,152.0,152,0.6739481501419959,0.6739482,0.6728232291890371,0.6728232,0.0,0,0.0,0.0,20000,20000.0,0.5804522286242699,0.5804522,0.3914281,0,0.0,0.0,0.0,0.0,8.881784e-13
E8,is2,tpy12,-,JA(0.8),2,CONVERGED,CONVERGED,186.0,186,0.629358075284426,0.6293581,0.5381683233265814,0.5381683,0.0,0,0.0,0.0,20000,20000.0,0.5027923597982408,0.5027924,0.3914281,0,0.0,0.0,0.0,0.0,1.332268e-12
E8,is2,tpy12,-,JA(1.2),2,CONVERGED,CONVERGED,134.0,134,0.8967979889028364,0.896798,0.6336371589146264,0.6336372,0.0,0,0.0,0.0,20000,20000.0,0.4199400367474494,0.41994,0.3914281,0,0.0,0.0,0.0,0.0,4.440892e-13
E8,is2,tpy12,-,JB(0.8),2,CONVERGED,CONVERGED,183.0,183,0.6836335029640451,0.6836335,0.29366681342912576,0.2936668,0.0,0,0.0,0.0,20000,20000.0,0.4748675315007636,0.4748675,0.3914281,0,0.0,0.0,0.0,0.0,8.881784e-13
E8,is2,tpy12,-,JB(1.2),2,CONVERGED,CONVERGED,156.0,156,0.8289606805954343,0.8289607,0.7004082070400599,0.7004082,0.0,0,0.0,0.0,20000,20000.0,0.43982662439303183,0.4398266,0.3914281,0,0.0,0.0,0.0,0.0,6.661338e-13
E8,is2,tpy12,-,N(0.8),2,CONVERGED,CONVERGED,154.0,154,0.85056526320979,0.8505653,0.7319302100734775,0.7319302,0.0,0,0.0,0.0,20000,20000.0,0.4199871115155784,0.4199871,0.3914281,0,0.0,0.0,0.0,0.0,1.998401e-12
E8,is2,tpy12,-,N(1.2),2,CONVERGED,CONVERGED,122.0,122,0.7760003368425843,0.7760003,0.5743774176010755,0.5743774,0.0,0,0.0,0.0,20000,20000.0,0.4081534094410728,0.4081534,0.3914281,0,0.0,0.0,0.0,0.0,1.332268e-12
E8,is2,tpy12,-,RC(0.8),2,CONVERGED,CONVERGED,165.0,165,0.698910993172981,0.698911,0.5418342847983116,0.5418343,0.0,0,0.0,0.0,20000,20000.0,0.444966450194902,0.4449665,0.3914281,0,0.0,0.0,0.0,0.0,4.440892e-13
E8,is2,tpy12,-,RC(1.2),2,CONVERGED,CONVERGED,155.0,155,0.7473061246450535,0.7473061,0.6593344127251782,0.6593344,0.0,0,0.0,0.0,20000,20000.0,0.4325412517691465,0.4325413,0.3914281,0,0.0,0.0,0.0,0.0,1.998401e-12
E8,is2,tpy12,-,RW(0.8),2,CONVERGED,CONVERGED,151.0,151,0.7042697000264635,0.7042697,0.5168103647433355,0.5168104,0.0,0,0.0,0.0,20000,20000.0,0.5416077054172365,0.5416077,0.3914281,0,0.0,0.0,0.0,0.0,1.332268e-12
E8,is2,tpy12,-,RW(1.2),2,CONVERGED,CONVERGED,178.0,178,0.43218353320607983,0.4321835,0.6532242768675007,0.6532243,3.0,3,0.0,0.0,20000,20000.0,0.7500213236921516,0.7500213,0.3914281,0,0.0,0.0,0.0,0.0,6.661338e-13
E8,is2,tpy12,-,land.mach=0.36@dated,2,CONVERGED,CONVERGED,128.0,128,0.9342400154340318,0.93424,0.7399539160575451,0.7399539,0.0,0,0.0,0.0,20000,20000.0,0.4136228420348392,0.4136228,0.3907713,0,0.0,0.0,0.0,0.0,1.332268e-12
E8,is2,tpy12,-,land.mach=0.36@genesis,2,CONVERGED,CONVERGED,128.0,128,0.934240015434032,0.93424,0.7399539160575451,0.7399539,0.0,0,0.0,0.0,20000,20000.0,0.41362284203483884,0.4136228,0.3907713,0,0.0,0.0,0.0,0.0,1.998401e-12
E8,is2,tpy12,-,land.mach=0.44@dated,2,CONVERGED,CONVERGED,150.0,150,0.8339586701413542,0.8339587,0.5462235467522454,0.5462235,0.0,0,0.0,0.0,20000,20000.0,0.4326004473424198,0.4326004,0.3920587,0,0.0,0.0,0.0,0.0,1.332268e-12
E8,is2,tpy12,-,land.mach=0.44@genesis,2,CONVERGED,CONVERGED,151.0,151,0.8362736518017807,0.8362737,0.547295984585448,0.547296,0.0,0,0.0,0.0,20000,20000.0,0.43306484405266715,0.4330648,0.3920587,0,0.0,0.0,0.0,0.0,1.554312e-12
E8,is2,tpy12,-,p[goods]*0.8,2,CONVERGED,CONVERGED,153.0,153,0.787789789589194,0.7877898,0.604181282295066,0.6041813,0.0,0,0.0,0.0,20000,20000.0,0.43568376953628246,0.4356838,0.3914281,0,0.0,0.0,0.0,0.0,1.776357e-12
E8,is2,tpy12,-,p[goods]*1.2,2,CONVERGED,CONVERGED,115.0,115,0.9203028306036406,0.9203028,0.6841699437652169,0.6841699,0.0,0,0.0,0.0,20000,20000.0,0.41116951418155046,0.4111695,0.3914281,0,0.0,0.0,0.0,0.0,4.440892e-13
E8,is2,tpy12,-,p[labour.master]*0.8,2,CONVERGED,CONVERGED,95.0,95,0.860847568281013,0.8608476,0.7257789905260891,0.725779,0.0,0,0.0,0.0,20000,20000.0,0.3980266878581355,0.3980267,0.3914281,0,0.0,0.0,0.0,0.0,1.554312e-12
E8,is2,tpy12,-,p[labour.master]*1.2,2,CONVERGED,CONVERGED,111.0,111,0.9494859754518352,0.949486,0.7117569399143268,0.7117569,0.0,0,0.0,0.0,20000,20000.0,0.39756906772816203,0.3975691,0.3914281,0,0.0,0.0,0.0,0.0,1.554312e-12
E8,is2,tpy12,-,p[labour.trained]*0.8,2,CONVERGED,CONVERGED,156.0,156,0.5797565492210678,0.5797565,0.6604767560066483,0.6604768,0.0,0,0.0,0.0,20000,20000.0,0.6355022958103298,0.6355023,0.3914281,0,0.0,0.0,0.0,0.0,1.110223e-12
E8,is2,tpy12,-,p[labour.trained]*1.2,2,CONVERGED,CONVERGED,142.0,142,0.8352510390371427,0.835251,0.7027396899260746,0.7027397,0.0,0,0.0,0.0,20000,20000.0,0.48582851867792853,0.4858285,0.3914281,0,0.0,0.0,0.0,0.0,1.110223e-12
E8,is2,tpy12,-,p[labour]*0.8,2,CONVERGED,CONVERGED,145.0,145,0.750955229100325,0.7509552,0.5168103647433355,0.5168104,0.0,0,0.0,0.0,20000,20000.0,0.4800041209168664,0.4800041,0.3914281,0,0.0,0.0,0.0,0.0,1.110223e-12
E8,is2,tpy12,-,p[labour]*1.2,2,CONVERGED,CONVERGED,151.0,151,0.734640874962274,0.7346409,0.7045127130646603,0.7045127,0.0,0,0.0,0.0,20000,20000.0,0.5900295797549983,0.5900296,0.3914281,0,0.0,0.0,0.0,0.0,8.881784e-13
E8,is2,tpy12,-,p[land]*0.8,2,CONVERGED,CONVERGED,139.0,139,0.9026977370865426,0.9026977,0.6971361691090665,0.6971362,0.0,0,0.0,0.0,20000,20000.0,0.43933234322416326,0.4393323,0.3914281,0,0.0,0.0,0.0,0.0,6.661338e-13
E8,is2,tpy12,-,p[land]*1.2,2,CONVERGED,CONVERGED,165.0,165,0.7004475557584723,0.7004476,0.5111497718290583,0.5111498,0.0,0,0.0,0.0,20000,20000.0,0.4697813738612469,0.4697814,0.3914281,0,0.0,0.0,0.0,0.0,1.554312e-12
E8,is2,tpy12,-,p[mach]*0.8,2,CONVERGED,CONVERGED,181.0,181,0.7287742348214539,0.7287742,0.6250541445639949,0.6250541,0.0,0,0.0,0.0,20000,20000.0,0.4684553460450456,0.4684553,0.3914281,0,0.0,0.0,0.0,0.0,4.440892e-13
E8,is2,tpy12,-,p[mach]*1.2,2,CONVERGED,CONVERGED,139.0,139,0.8719819829836862,0.871982,0.5357888853783195,0.5357889,0.0,0,0.0,0.0,20000,20000.0,0.42568933901079525,0.4256893,0.3914281,0,0.0,0.0,0.0,0.0,2.442491e-12
E8,is2,tpy12,-,p[services]*0.8,2,CONVERGED,CONVERGED,162.0,162,0.7814232885033108,0.7814233,0.5798929713601875,0.579893,0.0,0,0.0,0.0,20000,20000.0,0.43326414712317474,0.4332641,0.3914281,0,0.0,0.0,0.0,0.0,6.661338e-13
E8,is2,tpy12,-,p[services]*1.2,2,CONVERGED,CONVERGED,134.0,134,0.8676813958185634,0.8676814,0.7282704129319137,0.7282704,0.0,0,0.0,0.0,20000,20000.0,0.4082223093486492,0.4082223,0.3914281,0,0.0,0.0,0.0,0.0,1.332268e-12
E8,is2,tpy12,-,res.services.trained=0.018@dated,2,CONVERGED,CONVERGED,100.0,100,0.932463474949787,0.9324635,0.7160814093034253,0.7160814,0.0,0,0.0,0.0,20000,20000.0,0.48212129476112586,0.4821213,0.4427552,0,0.0,0.0,0.0,0.0,1.776357e-12
E8,is2,tpy12,-,res.services.trained=0.018@genesis,2,CONVERGED,CONVERGED,100.0,100,0.9324634749497872,0.9324635,0.7160640035147927,0.716064,0.0,0,0.0,0.0,20000,20000.0,0.4821212947611256,0.4821213,0.4427552,0,0.0,0.0,0.0,0.0,4.440892e-13
E8,is2,tpy12,-,res.services.trained=0.022@dated,2,CONVERGED,CONVERGED,116.0,116,0.9090909090909095,0.9090909,0.737635414576892,0.7376354,0.0,0,0.0,0.0,20000,20000.0,0.3914281083883291,0.3914281,0.3418112,0,0.0,0.0,0.0,0.0,1.554312e-12
E8,is2,tpy12,-,res.services.trained=0.022@genesis,2,CONVERGED,CONVERGED,116.0,116,0.9090909090909094,0.9090909,0.7376354145768916,0.7376354,0.0,0,0.0,0.0,20000,20000.0,0.3914281083883293,0.3914281,0.3418112,0,0.0,0.0,0.0,0.0,8.881784e-13
E8,is2,tpy12,-,s[goods]=0.2,2,CONVERGED,CONVERGED,185.0,185,0.4167063352890342,0.4167063,0.7117891346877394,0.7117891,4.0,4,0.0,0.0,20000,20000.0,0.7655036746200886,0.7655037,0.3914281,0,0.0,0.0,0.0,0.0,4.440892e-13
E8,is2,tpy12,-,s[services]=0.2,2,CONVERGED,CONVERGED,184.0,184,0.4464266618541733,0.4464267,0.7362280817454668,0.7362281,3.0,3,0.0,0.0,20000,20000.0,0.7640620235675777,0.764062,0.3914281,0,0.0,0.0,0.0,0.0,6.661338e-13
E8,is2,tpy12,-,sw[master]=0.2,2,CONVERGED,CONVERGED,77.0,77,0.9368312355227509,0.9368312,0.7310062133354939,0.7310062,0.0,0,0.0,0.0,20000,20000.0,0.3964777247226488,0.3964777,0.3914281,13,13.0,0.04859154256876335,0.04859154,0.0,4.440892e-13
E8,is2,tpy12,-,sw[trained]=0.2,2,CONVERGED,CONVERGED,145.0,145,0.7736446581249128,0.7736447,0.6956989392971108,0.6956989,0.0,0,0.0,0.0,20000,20000.0,0.5194104234060265,0.5194104,0.3914281,0,0.0,0.0,0.0,0.0,4.440892e-13
E8,is2,tpy12,-,tail.services=0.09@dated,2,CONVERGED,CONVERGED,89.0,89,0.973086040353834,0.973086,0.6592409451328461,0.6592409,0.0,0,0.0,0.0,20000,20000.0,0.3914281083883291,0.3914281,0.3545713,0,0.0,0.0,0.0,0.0,8.881784e-13
E8,is2,tpy12,-,tail.services=0.09@genesis,2,CONVERGED,CONVERGED,89.0,89,0.9741266806729694,0.9741267,0.65931668672823,0.6593167,0.0,0,0.0,0.0,20000,20000.0,0.3914281083883293,0.3914281,0.3545713,0,0.0,0.0,0.0,0.0,1.332268e-12
E8,is2,tpy12,-,tail.services=0.11@dated,2,CONVERGED,CONVERGED,142.0,142,0.895254501229281,0.8952545,0.7399539160575451,0.7399539,0.0,0,0.0,0.0,20000,20000.0,0.4610373538420151,0.4610374,0.424154,0,0.0,0.0,0.0,0.0,6.661338e-13
E8,is2,tpy12,-,tail.services=0.11@genesis,2,CONVERGED,CONVERGED,143.0,143,0.8934626698674395,0.8934627,0.7399539160575451,0.7399539,0.0,0,0.0,0.0,20000,20000.0,0.46103735384201483,0.4610374,0.424154,0,0.0,0.0,0.0,0.0,8.881784e-13
E8,is2,tpy365,-,JA(0.95),1,CONVERGED,CONVERGED,2975.0,2975,0.8805149159405693,0.8805149,0.7016022586271574,0.7016023,0.0,0,0.0,0.0,183000,183000.0,0.41504158364760924,0.4150416,0.3914281,0,0.0,0.0,0.0,0.0,5.107026e-11
E8,is2,tpy365,-,JA(1.05),1,CONVERGED,CONVERGED,2113.0,2113,0.953193063998718,0.9531931,0.714762606064193,0.7147626,0.0,0,0.0,0.0,183000,183000.0,0.3990000506668407,0.3990001,0.3914281,0,0.0,0.0,0.0,0.0,5.528911e-11
E8,is2,tpy365,-,JB(0.95),1,CONVERGED,CONVERGED,2502.0,2502,0.9245979620183404,0.924598,0.6373673272824439,0.6373673,0.0,0,0.0,0.0,183000,183000.0,0.4091549738332151,0.409155,0.3914281,0,0.0,0.0,0.0,0.0,7.571721e-11
E8,is2,tpy365,-,JB(1.05),1,CONVERGED,CONVERGED,2593.0,2593,0.9408509991264533,0.940851,0.7399539272303716,0.7399539,0.0,0,0.0,0.0,183000,183000.0,0.4005939231884178,0.4005939,0.3914281,0,0.0,0.0,0.0,0.0,4.751755e-11
E8,is2,tpy365,-,N(0.95),1,CONVERGED,CONVERGED,2301.0,2301,0.9614591404996714,0.9614591,0.7399539160575449,0.7399539,0.0,0,0.0,0.0,183000,183000.0,0.3982877905744044,0.3982878,0.3914281,0,0.0,0.0,0.0,0.0,7.593925e-11
E8,is2,tpy365,-,N(1.05),1,CONVERGED,CONVERGED,1973.0,1973,0.9515145423334831,0.9515145,0.7012990234509754,0.701299,0.0,0,0.0,0.0,183000,183000.0,0.3952114418361865,0.3952114,0.3914281,0,0.0,0.0,0.0,0.0,7.704948e-11
E8,is2,tpy365,-,RC(0.95),1,CONVERGED,CONVERGED,2497.0,2497,0.9465727113238495,0.9465727,0.7046005014816884,0.7046005,0.0,0,0.0,0.0,183000,183000.0,0.40293509476987527,0.4029351,0.3914281,0,0.0,0.0,0.0,0.0,8.126833e-11
E8,is2,tpy365,-,RC(1.05),1,CONVERGED,CONVERGED,2300.0,2300,0.9020902842996203,0.9020903,0.7271786837321526,0.7271787,0.0,0,0.0,0.0,183000,183000.0,0.39928692689398476,0.3992869,0.3914281,0,0.0,0.0,0.0,0.0,8.837375e-11
E8,is2,tpy365,-,RW(0.95),1,CONVERGED,CONVERGED,2450.0,2450,0.8978754291660477,0.8978754,0.6886606216699944,0.6886606,0.0,0,0.0,0.0,183000,183000.0,0.43998255227598965,0.4399826,0.3914281,0,0.0,0.0,0.0,0.0,8.615331e-11
E8,is2,tpy365,-,RW(1.05),1,CONVERGED,CONVERGED,2844.0,2844,0.8330457689220143,0.8330458,0.71500500424616,0.715005,0.0,0,0.0,0.0,183000,183000.0,0.4938190625093289,0.4938191,0.3914281,0,0.0,0.0,0.0,0.0,7.149836e-11
E8,is2,tpy365,-,p[goods]*0.95,1,CONVERGED,CONVERGED,2289.0,2289,0.9398434780157155,0.9398435,0.7255420692533134,0.7255421,0.0,0,0.0,0.0,183000,183000.0,0.39842479751123216,0.3984248,0.3914281,0,0.0,0.0,0.0,0.0,7.260859e-11
E8,is2,tpy365,-,p[goods]*1.05,1,CONVERGED,CONVERGED,1480.0,1480,0.9843643341961691,0.9843643,0.7339160067388353,0.733916,0.0,0,0.0,0.0,183000,183000.0,0.39542188418163365,0.3954219,0.3914281,0,0.0,0.0,0.0,0.0,7.038814e-11
E8,is2,tpy365,-,p[labour.master]*0.95,1,CONVERGED,CONVERGED,1304.0,1304,0.9668514462697523,0.9668514,0.7380023190070979,0.7380023,0.0,0,0.0,0.0,183000,183000.0,0.39332313401308905,0.3933231,0.3914281,0,0.0,0.0,0.0,0.0,6.150636e-11
E8,is2,tpy365,-,p[labour.master]*1.05,1,CONVERGED,CONVERGED,1426.0,1426,0.9868742167603737,0.9868742,0.7376973589511764,0.7376974,0.0,0,0.0,0.0,183000,183000.0,0.392546815243241,0.3925468,0.3914281,0,0.0,0.0,0.0,0.0,6.594725e-11
E8,is2,tpy365,-,p[labour.trained]*0.95,1,CONVERGED,CONVERGED,2478.0,2478,0.8994562739538817,0.8994563,0.7187731087020764,0.7187731,0.0,0,0.0,0.0,183000,183000.0,0.4467378246716147,0.4467378,0.3914281,0,0.0,0.0,0.0,0.0,7.194245e-11
E8,is2,tpy365,-,p[labour.trained]*1.05,1,CONVERGED,CONVERGED,2248.0,2248,0.9490430118285185,0.949043,0.729317528328477,0.7293175,0.0,0,0.0,0.0,183000,183000.0,0.4197476897106145,0.4197477,0.3914281,0,0.0,0.0,0.0,0.0,6.239453e-11
E8,is2,tpy365,-,p[labour]*0.95,1,CONVERGED,CONVERGED,2346.0,2346,0.9176586653529822,0.9176587,0.6886606216699944,0.6886606,0.0,0,0.0,0.0,183000,183000.0,0.415159955434208,0.41516,0.3914281,0,0.0,0.0,0.0,0.0,5.506706e-11
E8,is2,tpy365,-,p[labour]*1.05,1,CONVERGED,CONVERGED,2332.0,2332,0.924321108928605,0.9243211,0.7323463061958467,0.7323463,0.0,0,0.0,0.0,183000,183000.0,0.44410313908565546,0.4441031,0.3914281,0,0.0,0.0,0.0,0.0,6.949996e-11
E8,is2,tpy365,-,p[land]*0.95,1,CONVERGED,CONVERGED,2299.0,2299,0.9792138741635448,0.9792139,0.7356136436783866,0.7356136,0.0,0,0.0,0.0,183000,183000.0,0.4029230160044828,0.402923,0.3914281,0,0.0,0.0,0.0,0.0,7.749357e-11
E8,is2,tpy365,-,p[land]*1.05,1,CONVERGED,CONVERGED,2583.0,2583,0.9096258610055435,0.9096259,0.6912478140215449,0.6912478,0.0,0,0.0,0.0,183000,183000.0,0.40784068595907397,0.4078407,0.3914281,0,0.0,0.0,0.0,0.0,7.371881e-11
E8,is2,tpy365,-,p[mach]*0.95,1,CONVERGED,CONVERGED,2846.0,2846,0.911615913072395,0.9116159,0.7259171088516276,0.7259171,0.0,0,0.0,0.0,183000,183000.0,0.40996568454523236,0.4099657,0.3914281,0,0.0,0.0,0.0,0.0,7.660539e-11
E8,is2,tpy365,-,p[mach]*1.05,1,CONVERGED,CONVERGED,2193.0,2193,0.9589683857142909,0.9589684,0.6855394996750344,0.6855395,0.0,0,0.0,0.0,183000,183000.0,0.4017448213741679,0.4017448,0.3914281,0,0.0,0.0,0.0,0.0,8.526513e-11
E8,is2,tpy365,-,p[services]*0.95,1,CONVERGED,CONVERGED,2451.0,2451,0.9486664727862513,0.9486665,0.7046541419884078,0.7046541,0.0,0,0.0,0.0,183000,183000.0,0.39974598128524935,0.399746,0.3914281,0,0.0,0.0,0.0,0.0,9.725554e-11
E8,is2,tpy365,-,p[services]*1.05,1,CONVERGED,CONVERGED,2105.0,2105,0.9468131350273872,0.9468131,0.738663981747263,0.738664,0.0,0,0.0,0.0,183000,183000.0,0.3978892318961422,0.3978892,0.3914281,0,0.0,0.0,0.0,0.0,7.727152e-11
E8,is2,tpy365,-,s[goods]=0.05,1,CONVERGED,CONVERGED,2969.0,2969,0.6552955670187982,0.6552956,0.7399539160575451,0.7399539,0.0,0,0.0,0.0,183000,183000.0,0.5609614229020033,0.5609614,0.3914281,0,0.0,0.0,0.0,0.0,6.972201e-11
E8,is2,tpy365,-,s[services]=0.05,1,CONVERGED,CONVERGED,2989.0,2989,0.7495643544589727,0.7495644,0.7399539160575451,0.7399539,0.0,0,0.0,0.0,183000,183000.0,0.5436913497570094,0.5436913,0.3914281,0,0.0,0.0,0.0,0.0,9.037215e-11
E8,is2,tpy365,-,sw[master]=0.05,1,CONVERGED,CONVERGED,1430.0,1430,0.9379433520142249,0.9379434,0.7370461831119782,0.7370462,0.0,0,0.0,0.0,183000,183000.0,0.3940785686207321,0.3940786,0.3914281,377,377.0,0.047727454646028344,0.04772745,5.4e-323,6.883383e-11
E8,is2,tpy365,-,sw[trained]=0.05,1,CONVERGED,CONVERGED,3058.0,3058,0.6904979891616501,0.690498,0.6702211776531781,0.6702212,0.0,0,0.0,0.0,183000,183000.0,0.5665800195281081,0.56658,0.3914281,0,0.0,0.0,0.0,0.0,7.993606e-11
E8,is2,tpy365,-,JA(0.8),2,CONVERGED,CONVERGED,3768.0,3768,0.5728293787961249,0.5728294,0.6201506035078925,0.6201506,0.0,0,0.0,0.0,183000,183000.0,0.48449440632940044,0.4844944,0.3914281,0,0.0,0.0,0.0,0.0,7.41629e-11
E8,is2,tpy365,-,JA(1.2),2,CONVERGED,CONVERGED,2814.0,2814,0.8359168663559299,0.8359169,0.6481473719179661,0.6481474,0.0,0,0.0,0.0,183000,183000.0,0.4201222552771468,0.4201223,0.3914281,0,0.0,0.0,0.0,0.0,6.483702e-11
E8,is2,tpy365,-,JB(0.8),2,CONVERGED,CONVERGED,3340.0,3340,0.7022814131118444,0.7022814,0.2936668134291256,0.2936668,0.0,0,0.0,0.0,183000,183000.0,0.4713529556355018,0.471353,0.3914281,0,0.0,0.0,0.0,0.0,7.505108e-11
E8,is2,tpy365,-,JB(1.2),2,CONVERGED,CONVERGED,3331.0,3331,0.797219055691607,0.7972191,0.7399539274851321,0.7399539,0.0,0,0.0,0.0,183000,183000.0,0.42799455201867015,0.4279946,0.3914281,0,0.0,0.0,0.0,0.0,5.928591e-11
E8,is2,tpy365,-,N(0.8),2,CONVERGED,CONVERGED,3307.0,3307,0.8306949329434093,0.8306949,0.7399539160575451,0.7399539,0.0,0,0.0,0.0,183000,183000.0,0.4215483914337857,0.4215484,0.3914281,0,0.0,0.0,0.0,0.0,7.460699e-11
E8,is2,tpy365,-,N(1.2),2,CONVERGED,CONVERGED,2691.0,2691,0.8303008981671911,0.8303009,0.5949265284527013,0.5949265,0.0,0,0.0,0.0,183000,183000.0,0.40562863870658283,0.4056286,0.3914281,0,0.0,0.0,0.0,0.0,7.061018e-11
E8,is2,tpy365,-,RC(0.8),2,CONVERGED,CONVERGED,3290.0,3290,0.7798947581091062,0.7798948,0.5829393883353876,0.5829394,0.0,0,0.0,0.0,183000,183000.0,0.44488514697360293,0.4448851,0.3914281,0,0.0,0.0,0.0,0.0,7.194245e-11
E8,is2,tpy365,-,RC(1.2),2,CONVERGED,CONVERGED,2978.0,2978,0.6793363574199344,0.6793364,0.7057349921997148,0.705735,0.0,0,0.0,0.0,183000,183000.0,0.4197493027334508,0.4197493,0.3914281,0,0.0,0.0,0.0,0.0,5.351275e-11
E8,is2,tpy365,-,RW(0.8),2,CONVERGED,CONVERGED,3122.0,3122,0.6500828756501282,0.6500829,0.5168103647433353,0.5168104,0.0,0,0.0,0.0,183000,183000.0,0.5192602758054018,0.5192603,0.3914281,0,0.0,0.0,0.0,0.0,7.549517e-11
E8,is2,tpy365,-,RW(1.2),2,CONVERGED,CONVERGED,3453.0,3453,0.46746021613591277,0.4674602,0.6666297106929077,0.6666297,24.0,24,0.0,0.0,183000,183000.0,0.717330795434375,0.7173308,0.3914281,0,0.0,0.0,0.0,0.0,6.949996e-11
E8,is2,tpy365,-,land.mach=0.36@dated,2,CONVERGED,CONVERGED,2537.0,2537,0.9342400154340316,0.93424,0.7399539160575451,0.7399539,0.0,0,0.0,0.0,183000,183000.0,0.4149164626389691,0.4149165,0.3907713,0,0.0,0.0,0.0,0.0,7.371881e-11
E8,is2,tpy365,-,land.mach=0.36@genesis,2,CONVERGED,CONVERGED,2537.0,2537,0.9342400154340317,0.93424,0.7399539160575451,0.7399539,0.0,0,0.0,0.0,183000,183000.0,0.4149090102742556,0.414909,0.3907713,0,0.0,0.0,0.0,0.0,7.749357e-11
E8,is2,tpy365,-,land.mach=0.44@dated,2,CONVERGED,CONVERGED,3093.0,3093,0.796303283213333,0.7963033,0.5862500676116822,0.5862501,0.0,0,0.0,0.0,183000,183000.0,0.43372320992611,0.4337232,0.3920587,0,0.0,0.0,0.0,0.0,7.41629e-11
E8,is2,tpy365,-,land.mach=0.44@genesis,2,CONVERGED,CONVERGED,3094.0,3094,0.7963329991676831,0.796333,0.5862432510929882,0.5862433,0.0,0,0.0,0.0,183000,183000.0,0.43368822046702915,0.4336882,0.3920587,0,0.0,0.0,0.0,0.0,7.660539e-11
E8,is2,tpy365,-,p[goods]*0.8,2,CONVERGED,CONVERGED,3023.0,3023,0.7598421340163785,0.7598421,0.6825938607661605,0.6825939,0.0,0,0.0,0.0,183000,183000.0,0.4223828469957253,0.4223828,0.3914281,0,0.0,0.0,0.0,0.0,6.861178e-11
E8,is2,tpy365,-,p[goods]*1.2,2,CONVERGED,CONVERGED,2184.0,2184,0.9401818463521183,0.9401818,0.7169864686999556,0.7169865,0.0,0,0.0,0.0,183000,183000.0,0.4071407351719804,0.4071407,0.3914281,0,0.0,0.0,0.0,0.0,7.482903e-11
E8,is2,tpy365,-,p[labour.master]*0.8,2,CONVERGED,CONVERGED,2046.0,2046,0.8608475682810132,0.8608476,0.7308529580203564,0.730853,0.0,0,0.0,0.0,183000,183000.0,0.40019999533194034,0.4002,0.3914281,0,0.0,0.0,0.0,0.0,8.237855e-11
E8,is2,tpy365,-,p[labour.master]*1.2,2,CONVERGED,CONVERGED,2114.0,2114,0.9494859754518354,0.949486,0.7312691572914107,0.7312692,0.0,0,0.0,0.0,183000,183000.0,0.39583125894525995,0.3958313,0.3914281,0,0.0,0.0,0.0,0.0,4.396483e-11
E8,is2,tpy365,-,p[labour.trained]*0.8,2,CONVERGED,CONVERGED,3219.0,3219,0.6077022711574182,0.6077023,0.6528871404800571,0.6528871,0.0,0,0.0,0.0,183000,183000.0,0.6128419739813323,0.612842,0.3914281,0,0.0,0.0,0.0,0.0,6.727952e-11
E8,is2,tpy365,-,p[labour.trained]*1.2,2,CONVERGED,CONVERGED,2850.0,2850,0.8452366106227546,0.8452366,0.7073170910945323,0.7073171,0.0,0,0.0,0.0,183000,183000.0,0.47828061211349276,0.4782806,0.3914281,0,0.0,0.0,0.0,0.0,6.061818e-11
E8,is2,tpy365,-,p[labour]*0.8,2,CONVERGED,CONVERGED,3090.0,3090,0.6903631262035147,0.6903631,0.5168103647433353,0.5168104,0.0,0,0.0,0.0,183000,183000.0,0.4753084438208914,0.4753084,0.3914281,0,0.0,0.0,0.0,0.0,7.904788e-11
E8,is2,tpy365,-,p[labour]*1.2,2,CONVERGED,CONVERGED,2984.0,2984,0.7297271398709719,0.7297271,0.7190017167555278,0.7190017,0.0,0,0.0,0.0,183000,183000.0,0.5755376479029061,0.5755376,0.3914281,0,0.0,0.0,0.0,0.0,5.950795e-11
E8,is2,tpy365,-,p[land]*0.8,2,CONVERGED,CONVERGED,3027.0,3027,0.9026977370865426,0.9026977,0.722888892709975,0.7228889,0.0,0,0.0,0.0,183000,183000.0,0.4430459418796692,0.4430459,0.3914281,0,0.0,0.0,0.0,0.0,7.482903e-11
E8,is2,tpy365,-,p[land]*1.2,2,CONVERGED,CONVERGED,3300.0,3300,0.7023042299631564,0.7023042,0.5699923931458072,0.5699924,0.0,0,0.0,0.0,183000,183000.0,0.45022880997431936,0.4502288,0.3914281,0,0.0,0.0,0.0,0.0,7.61613e-11
E8,is2,tpy365,-,p[mach]*0.8,2,CONVERGED,CONVERGED,3636.0,3636,0.6622256317171846,0.6622256,0.7155470052076949,0.715547,0.0,0,0.0,0.0,183000,183000.0,0.4665320293330992,0.466532,0.3914281,0,0.0,0.0,0.0,0.0,7.571721e-11
E8,is2,tpy365,-,p[mach]*1.2,2,CONVERGED,CONVERGED,2893.0,2893,0.8505727141898295,0.8505727,0.5351256850096351,0.5351257,0.0,0,0.0,0.0,183000,183000.0,0.43134161142906596,0.4313416,0.3914281,0,0.0,0.0,0.0,0.0,6.972201e-11
E8,is2,tpy365,-,p[services]*0.8,2,CONVERGED,CONVERGED,3221.0,3221,0.7957021852260864,0.7957022,0.5831217879553698,0.5831218,0.0,0,0.0,0.0,183000,183000.0,0.42804908674907666,0.4280491,0.3914281,0,0.0,0.0,0.0,0.0,7.638334e-11
E8,is2,tpy365,-,p[services]*1.2,2,CONVERGED,CONVERGED,2789.0,2789,0.8125614559266362,0.8125615,0.7387013280242952,0.7387013,0.0,0,0.0,0.0,183000,183000.0,0.4145626363383035,0.4145626,0.3914281,0,0.0,0.0,0.0,0.0,8.637535e-11
E8,is2,tpy365,-,res.services.trained=0.018@dated,2,CONVERGED,CONVERGED,2163.0,2163,0.9471692976609584,0.9471693,0.7166197654155942,0.7166198,0.0,0,0.0,0.0,183000,183000.0,0.4766609895716212,0.476661,0.4427552,0,0.0,0.0,0.0,0.0,6.439294e-11
E8,is2,tpy365,-,res.services.trained=0.018@genesis,2,CONVERGED,CONVERGED,2163.0,2163,0.9471699756702774,0.94717,0.7166197654147081,0.7166198,0.0,0,0.0,0.0,183000,183000.0,0.4766643326893081,0.4766643,0.4427552,0,0.0,0.0,0.0,0.0,6.461498e-11
E8,is2,tpy365,-,res.services.trained=0.022@dated,2,CONVERGED,CONVERGED,2407.0,2407,0.9090909090909093,0.9090909,0.7325619325755074,0.7325619,0.0,0,0.0,0.0,183000,183000.0,0.3914281083883292,0.3914281,0.3418112,0,0.0,0.0,0.0,0.0,7.394085e-11
E8,is2,tpy365,-,res.services.trained=0.022@genesis,2,CONVERGED,CONVERGED,2408.0,2408,0.9090909090909093,0.9090909,0.7325759975500941,0.732576,0.0,0,0.0,0.0,183000,183000.0,0.3914281083883292,0.3914281,0.3418112,0,0.0,0.0,0.0,0.0,5.639933e-11
E8,is2,tpy365,-,s[goods]=0.2,2,CONVERGED,CONVERGED,3592.0,3592,0.26409234522470204,0.2640923,0.7399539160575451,0.7399539,82.0,82,0.0,0.0,183000,183000.0,0.7627567207285876,0.7627567,0.3914281,0,0.0,0.0,0.0,0.0,8.504308e-11
E8,is2,tpy365,-,s[services]=0.2,2,CONVERGED,CONVERGED,3635.0,3635,0.3851933925991741,0.3851934,0.7399539160575451,0.7399539,72.0,72,0.0,0.0,183000,183000.0,0.7733097687912154,0.7733098,0.3914281,0,0.0,0.0,0.0,0.0,6.816769e-11
E8,is2,tpy365,-,sw[master]=0.2,2,CONVERGED,CONVERGED,2110.0,2110,0.7593427266844454,0.7593427,0.7289535707622901,0.7289536,0.0,0,0.0,0.0,183000,183000.0,0.40137653569988396,0.4013765,0.3914281,395,395.0,0.19090981858411338,0.1909098,5.4e-323,7.704948e-11
E8,is2,tpy365,-,sw[trained]=0.2,2,CONVERGED,CONVERGED,2927.0,2927,0.7965817561761698,0.7965818,0.6952144054972457,0.6952144,0.0,0,0.0,0.0,183000,183000.0,0.505625548394872,0.5056255,0.3914281,0,0.0,0.0,0.0,0.0,5.484502e-11
E8,is2,tpy365,-,tail.services=0.09@dated,2,CONVERGED,CONVERGED,1851.0,1851,0.9856950724830918,0.9856951,0.6611100734584889,0.6611101,0.0,0,0.0,0.0,183000,183000.0,0.3914281083883292,0.3914281,0.3545713,0,0.0,0.0,0.0,0.0,7.571721e-11
E8,is2,tpy365,-,tail.services=0.09@genesis,2,CONVERGED,CONVERGED,1851.0,1851,0.9856950724830918,0.9856951,0.6611100734584889,0.6611101,0.0,0,0.0,0.0,183000,183000.0,0.3914281083883292,0.3914281,0.3545713,0,0.0,0.0,0.0,0.0,6.861178e-11
E8,is2,tpy365,-,tail.services=0.11@dated,2,CONVERGED,CONVERGED,2894.0,2894,0.8912058775315858,0.8912059,0.7399539160575451,0.7399539,0.0,0,0.0,0.0,183000,183000.0,0.4579071281606101,0.4579071,0.424154,0,0.0,0.0,0.0,0.0,5.728751e-11
E8,is2,tpy365,-,tail.services=0.11@genesis,2,CONVERGED,CONVERGED,2901.0,2901,0.8911273346291035,0.8911273,0.7399539160575451,0.7399539,0.0,0,0.0,0.0,183000,183000.0,0.45798310351994,0.4579831,0.424154,0,0.0,0.0,0.0,0.0,8.060219e-11
