step,inst,set,setting,run,tier,cls_mirror,cls_engine,ttol_mirror,ttol_engine,runaway_mirror,runaway_engine,dead_mirror,dead_engine,baskets_mirror,baskets_engine,free_end_mirror,free_end_engine,free_first_mirror,free_first_engine,free_switches_mirror,free_switches_engine,regime_end_mirror,regime_end_engine,end_dhat_engine
E3,ct2,L,-,p[labour]*1.2,2,CONVERGED,CONVERGED,328,328,-,-,0,0,0.8751904147931462,0.8751904,0.0,0.0,0,0.0,0,0.0,Commons,Commons,3.774758e-12
E3,ct2,L,-,p[manufactures]*1.05,1,CONVERGED,CONVERGED,255,255,-,-,0,0,0.989720319256503,0.9897203,0.0,0.0,0,0.0,0,0.0,Commons,Commons,1.776357e-12
E3,ct2,L,-,p[land]*2,3,CONVERGED,CONVERGED,588,588,-,-,123,123,0.04079014231230955,0.04079014,0.0,0.0,0,0.0,2,2.0,Commons,Commons,1.998401e-12
E3,ct2,L,-,p[land]*0.5,3,CONVERGED,CONVERGED,647,647,-,-,18,18,0.4002669529906835,0.400267,0.0,0.0,0,0.0,0,0.0,Commons,Commons,4.440892e-12
E3,ct2,L,-,p[labour]*0.8,2,CONVERGED,CONVERGED,504,504,-,-,13,13,0.3637328308287284,0.3637328,0.0,0.0,0,0.0,0,0.0,Commons,Commons,1.887379e-12
E3,ct2,L,-,p[labour]*2,3,CONVERGED,CONVERGED,353,353,-,-,0,0,0.6552593359210113,0.6552593,0.0,0.0,0,0.0,0,0.0,Commons,Commons,4.218847e-12
E3,ct2,L,-,p[land]*1.2,2,CONVERGED,CONVERGED,522,522,-,-,28,28,0.37832081365645825,0.3783208,0.0,0.0,0,0.0,2,2.0,Commons,Commons,5.551115e-12
E3,ct2,L,-,p[labour]*0.95,1,CONVERGED,CONVERGED,324,324,-,-,0,0,0.8088784590906307,0.8088785,0.0,0.0,0,0.0,0,0.0,Commons,Commons,6.217249e-12
E3,ct2,L,-,p[land]*0.8,2,CONVERGED,CONVERGED,463,463,-,-,0,0,0.771834462350078,0.7718345,0.0,0.0,0,0.0,0,0.0,Commons,Commons,1.998401e-12
E3,ct2,L,-,p[land]*1.05,1,CONVERGED,CONVERGED,344,344,-,-,0,0,0.7972862805240174,0.7972863,0.0,0.0,0,0.0,0,0.0,Commons,Commons,1.776357e-12
E3,ct2,L,-,p[land]*0.95,1,CONVERGED,CONVERGED,431,431,-,-,0,0,0.9437079172045855,0.9437079,0.0,0.0,0,0.0,0,0.0,Commons,Commons,5.995204e-12
E3,ct2,L,-,p[labour]*1.05,1,CONVERGED,CONVERGED,308,308,-,-,0,0,0.9316571720955391,0.9316572,0.0,0.0,0,0.0,0,0.0,Commons,Commons,4.440892e-12
E3,ct2,L,-,p[labour]*0.5,3,CONVERGED,CONVERGED,534,534,-,-,70,70,0.0,0.0,0.0,0.0,0,0.0,2,2.0,Commons,Commons,3.996803e-12
E3,ct2,L,-,p[manufactures]*0.95,1,CONVERGED,CONVERGED,340,340,-,-,0,0,0.9322974275574177,0.9322974,0.0,0.0,0,0.0,0,0.0,Commons,Commons,4.440892e-12
E3,ct2,L,-,p[manufactures]*1.2,2,CONVERGED,CONVERGED,308,308,-,-,0,0,0.9599829874154354,0.959983,0.0,0.0,0,0.0,0,0.0,Commons,Commons,3.108624e-12
E3,ct2,L,-,p[manufactures]*2,3,CONVERGED,CONVERGED,340,340,-,-,0,0,0.8237649926188737,0.823765,0.0,0.0,0,0.0,0,0.0,Commons,Commons,2.442491e-12
E3,ct2,L,-,p[manufactures]*0.8,2,CONVERGED,CONVERGED,371,371,-,-,0,0,0.7330675615076435,0.7330676,0.0,0.0,0,0.0,0,0.0,Commons,Commons,2.442491e-12
E3,ct2,L,-,p[manufactures]*0.5,3,CONVERGED,CONVERGED,545,545,-,-,32,32,0.36472115864005633,0.3647212,0.0,0.0,0,0.0,0,0.0,Commons,Commons,6.217249e-12
E3,ct2,L,-,p[food]*1.05,1,CONVERGED,CONVERGED,296,296,-,-,0,0,0.9396464325274144,0.9396464,0.0,0.0,0,0.0,0,0.0,Commons,Commons,1.998401e-12
E3,ct2,L,-,p[food]*1.2,2,CONVERGED,CONVERGED,317,317,-,-,0,0,0.7731850518324287,0.7731851,0.0,0.0,0,0.0,0,0.0,Commons,Commons,3.330669e-12
E3,ct2,L,-,p[care]*1.05,1,CONVERGED,CONVERGED,140,140,-,-,0,0,0.9901657098780824,0.9901657,0.0,0.0,0,0.0,0,0.0,Commons,Commons,2.88658e-12
E3,ct2,L,-,p[food]*0.5,3,CONVERGED,CONVERGED,535,535,-,-,28,28,0.4445055037212938,0.4445055,0.0,0.0,0,0.0,0,0.0,Commons,Commons,3.996803e-12
E3,ct2,L,-,p[food]*0.8,2,CONVERGED,CONVERGED,350,350,-,-,0,0,0.7589839157409326,0.7589839,0.0,0.0,0,0.0,0,0.0,Commons,Commons,4.662937e-12
E3,ct2,L,-,p[care]*0.95,1,CONVERGED,CONVERGED,293,293,-,-,0,0,0.9308904558262434,0.9308905,0.0,0.0,0,0.0,0,0.0,Commons,Commons,4.662937e-12
E3,ct2,L,-,p[food]*0.95,1,CONVERGED,CONVERGED,313,313,-,-,0,0,0.9345049216527177,0.9345049,0.0,0.0,0,0.0,0,0.0,Commons,Commons,2.88658e-12
E3,ct2,L,-,p[food]*2,3,CONVERGED,CONVERGED,498,498,-,-,30,30,0.12251193743923519,0.1225119,0.0,0.0,0,0.0,2,2.0,Commons,Commons,5.77316e-12
E3,ct2,L,-,p[care]*2,3,CONVERGED,CONVERGED,485,485,-,-,0,0,0.6823117806035578,0.6823118,0.0,0.0,0,0.0,0,0.0,Commons,Commons,4.662937e-12
E3,ct2,L,-,p[care]*1.2,2,CONVERGED,CONVERGED,305,305,-,-,0,0,0.9494970427873575,0.949497,0.0,0.0,0,0.0,0,0.0,Commons,Commons,3.108624e-12
E3,ct2,L,-,p[shelter]*1.05,1,CONVERGED,CONVERGED,346,346,-,-,0,0,0.9546402133641317,0.9546402,0.0,0.0,0,0.0,0,0.0,Commons,Commons,3.996803e-12
E3,ct2,L,-,p[care]*0.8,2,CONVERGED,CONVERGED,362,362,-,-,0,0,0.7299762386344073,0.7299762,0.0,0.0,0,0.0,0,0.0,Commons,Commons,3.552714e-12
E3,ct2,L,-,p[shelter]*2,3,CONVERGED,CONVERGED,552,552,-,-,0,0,0.5172940344571002,0.517294,0.0,0.0,0,0.0,0,0.0,Commons,Commons,7.105427e-12
E3,ct2,L,-,p[shelter]*0.8,2,CONVERGED,CONVERGED,495,495,-,-,0,0,0.6165408987599257,0.6165409,0.0,0.0,0,0.0,0,0.0,Commons,Commons,3.330669e-12
E3,ct2,L,-,p[care]*0.5,3,CONVERGED,CONVERGED,543,543,-,-,32,32,0.3617087146385479,0.3617087,0.0,0.0,0,0.0,0,0.0,Commons,Commons,5.995204e-12
E3,ct2,L,-,p[shelter]*1.2,2,CONVERGED,CONVERGED,372,372,-,-,0,0,0.8448587773971142,0.8448588,0.0,0.0,0,0.0,0,0.0,Commons,Commons,1.998401e-12
E3,ct2,L,-,p[shelter]*0.95,1,CONVERGED,CONVERGED,311,311,-,-,0,0,0.9121780030169802,0.912178,0.0,0.0,0,0.0,0,0.0,Commons,Commons,4.218847e-12
E3,ct2,L,-,p[mach]*1.2,2,CONVERGED,CONVERGED,468,468,-,-,0,0,0.6087834902118205,0.6087835,0.0,0.0,0,0.0,0,0.0,Commons,Commons,5.77316e-12
E3,ct2,L,-,p[shelter]*0.5,3,CONVERGED,CONVERGED,528,528,-,-,35,35,0.22366531162841355,0.2236653,0.0,0.0,0,0.0,0,0.0,Commons,Commons,2.664535e-12
E3,ct2,L,-,p[mach]*1.05,1,CONVERGED,CONVERGED,299,299,-,-,0,0,0.8652105600512554,0.8652106,0.0,0.0,0,0.0,0,0.0,Commons,Commons,3.108624e-12
E3,ct2,L,-,p[mach]*0.95,1,CONVERGED,CONVERGED,474,474,-,-,0,0,0.7725517697333968,0.7725518,0.0,0.0,0,0.0,0,0.0,Commons,Commons,5.329071e-12
E3,ct2,L,-,p[mach]*2,3,CONVERGED,CONVERGED,513,513,-,-,37,38,0.24876023673462933,0.2487602,0.0,0.0,0,0.0,0,0.0,Commons,Commons,4.440892e-12
E3,ct2,L,-,p[mach]*0.5,3,CONVERGED,CONVERGED,618,618,-,-,149,149,0.03982729336231367,0.03982729,0.0,0.0,0,0.0,2,2.0,Commons,Commons,3.330669e-12
E3,ct2,L,-,s[manufactures]*0.95,1,CONVERGED,CONVERGED,78,78,-,-,0,0,0.9999999999999981,1.0,0.0,0.0,0,0.0,0,0.0,Commons,Commons,2.220446e-12
E3,ct2,L,-,p[mach]*0.8,2,CONVERGED,CONVERGED,546,546,-,-,71,71,0.3286160260599907,0.328616,0.0,0.0,0,0.0,2,2.0,Commons,Commons,1.554312e-12
E3,ct2,L,-,s[manufactures]*1.05,1,CONVERGED,CONVERGED,78,78,-,-,0,0,0.9999999999999981,1.0,0.0,0.0,0,0.0,0,0.0,Commons,Commons,2.220446e-12
E3,ct2,L,-,s[food]*1.05,1,CONVERGED,CONVERGED,301,301,-,-,0,0,0.8416077177987735,0.8416077,0.0,0.0,0,0.0,0,0.0,Commons,Commons,3.108624e-12
E3,ct2,L,-,s[manufactures]*0.5,3,CONVERGED,CONVERGED,124,124,-,-,0,0,0.9999999999999981,1.0,0.0,0.0,0,0.0,0,0.0,Commons,Commons,2.220446e-12
E3,ct2,L,-,s[manufactures]*2,3,CONVERGED,CONVERGED,138,138,-,-,0,0,0.9999999999999981,1.0,0.0,0.0,0,0.0,0,0.0,Commons,Commons,2.220446e-12
E3,ct2,L,-,s[manufactures]*0.8,2,CONVERGED,CONVERGED,105,105,-,-,0,0,0.9999999999999981,1.0,0.0,0.0,0,0.0,0,0.0,Commons,Commons,2.220446e-12
E3,ct2,L,-,s[food]*0.95,1,CONVERGED,CONVERGED,303,303,-,-,0,0,0.9458805263780973,0.9458805,0.0,0.0,0,0.0,0,0.0,Commons,Commons,3.108624e-12
E3,ct2,L,-,s[manufactures]*1.2,2,CONVERGED,CONVERGED,105,105,-,-,0,0,0.9999999999999981,1.0,0.0,0.0,0,0.0,0,0.0,Commons,Commons,2.220446e-12
E3,ct2,L,-,s[food]*0.8,2,CONVERGED,CONVERGED,305,305,-,-,0,0,0.9702993669158126,0.9702994,0.0,0.0,0,0.0,0,0.0,Commons,Commons,5.551115e-12
E3,ct2,L,-,s[food]*2,3,CONVERGED,CONVERGED,500,500,-,-,14,14,0.0,0.0,0.0,0.0,0,0.0,2,2.0,Commons,Commons,2.109424e-12
E3,ct2,L,-,s[food]*0.5,3,CONVERGED,CONVERGED,301,301,-,-,0,0,0.9611046326110585,0.9611046,0.0,0.0,0,0.0,0,0.0,Commons,Commons,5.107026e-12
E3,ct2,L,-,s[food]*1.2,2,CONVERGED,CONVERGED,328,328,-,-,1,1,0.5251734979909461,0.5251735,0.0,0.0,0,0.0,0,0.0,Commons,Commons,2.442491e-12
E3,ct2,L,-,s[care]*1.05,1,CONVERGED,CONVERGED,78,78,-,-,0,0,0.9999999999999981,1.0,0.0,0.0,0,0.0,0,0.0,Commons,Commons,2.220446e-12
E3,ct2,L,-,s[care]*0.95,1,CONVERGED,CONVERGED,127,127,-,-,0,0,0.9831578686995773,0.9831579,0.0,0.0,0,0.0,0,0.0,Commons,Commons,2.442491e-12
E3,ct2,L,-,s[care]*0.8,2,CONVERGED,CONVERGED,303,303,-,-,0,0,0.9203506992035616,0.9203507,0.0,0.0,0,0.0,0,0.0,Commons,Commons,6.217249e-12
E3,ct2,L,-,s[care]*0.5,3,CONVERGED,CONVERGED,326,326,-,-,0,0,0.7977511982305214,0.7977512,0.0,0.0,0,0.0,0,0.0,Commons,Commons,3.552714e-12
E3,ct2,L,-,s[shelter]*0.95,1,CONVERGED,CONVERGED,110,110,-,-,0,0,0.9938227775752061,0.9938228,0.0,0.0,0,0.0,0,0.0,Commons,Commons,2.664535e-12
E3,ct2,L,-,s[care]*2,3,CONVERGED,CONVERGED,138,138,-,-,0,0,0.9999999999999981,1.0,0.0,0.0,0,0.0,0,0.0,Commons,Commons,2.220446e-12
E3,ct2,L,-,s[shelter]*1.2,2,CONVERGED,CONVERGED,295,295,-,-,0,0,0.861505340530933,0.8615053,0.0,0.0,0,0.0,0,0.0,Commons,Commons,2.220446e-12
E3,ct2,L,-,s[shelter]*2,3,CONVERGED,CONVERGED,464,464,-,-,1,1,0.5040475279609965,0.5040475,0.0,0.0,0,0.0,0,0.0,Commons,Commons,6.661338e-12
E3,ct2,L,-,s[care]*1.2,2,CONVERGED,CONVERGED,105,105,-,-,0,0,0.9999999999999981,1.0,0.0,0.0,0,0.0,0,0.0,Commons,Commons,2.220446e-12
E3,ct2,L,-,s[shelter]*0.8,2,CONVERGED,CONVERGED,110,110,-,-,0,0,0.9938227775752061,0.9938228,0.0,0.0,0,0.0,0,0.0,Commons,Commons,5.77316e-12
E3,ct2,L,-,s[shelter]*1.05,1,CONVERGED,CONVERGED,125,125,-,-,0,0,0.9613995027832447,0.9613995,0.0,0.0,0,0.0,0,0.0,Commons,Commons,2.442491e-12
E3,ct2,L,-,s[shelter]*0.5,3,CONVERGED,CONVERGED,122,122,-,-,0,0,0.9938227775752061,0.9938228,0.0,0.0,0,0.0,0,0.0,Commons,Commons,2.88658e-12
E3,ct2,L,-,JA(1.05),1,CONVERGED,CONVERGED,292,292,-,-,0,0,0.8220589090339708,0.8220589,0.0,0.0,0,0.0,0,0.0,Commons,Commons,4.218847e-12
E3,ct2,L,-,JA(0.95),1,CONVERGED,CONVERGED,498,498,-,-,0,0,0.6864735006341456,0.6864735,0.0,0.0,0,0.0,0,0.0,Commons,Commons,4.440892e-12
E3,ct2,L,-,JA(1.2),2,CONVERGED,CONVERGED,326,326,-,-,2,2,0.4738957804400727,0.4738958,0.0,0.0,0,0.0,0,0.0,Commons,Commons,1.998401e-12
E3,ct2,L,-,JA(2),3,CONVERGED,CONVERGED,509,509,-,-,21,21,0.0,0.0,0.0,0.0,0,0.0,0,0.0,Commons,Commons,3.552714e-12
E3,ct2,L,-,JA(0.8),2,CONVERGED,CONVERGED,549,549,-,-,82,82,0.2412888943038439,0.2412889,0.0,0.0,0,0.0,2,2.0,Commons,Commons,3.552714e-12
E3,ct2,L,-,JB(0.95),1,CONVERGED,CONVERGED,438,438,-,-,0,0,0.6750760935146009,0.6750761,0.0,0.0,0,0.0,0,0.0,Commons,Commons,3.552714e-12
E3,ct2,L,-,JB(1.05),1,CONVERGED,CONVERGED,357,357,-,-,0,0,0.8096297497312276,0.8096297,0.0,0.0,0,0.0,0,0.0,Commons,Commons,5.107026e-12
E3,ct2,L,-,JB(0.8),2,CONVERGED,CONVERGED,498,498,-,-,18,18,0.18498793832968374,0.1849879,0.0,0.0,0,0.0,0,0.0,Commons,Commons,1.44329e-12
E3,ct2,L,-,JA(0.5),3,CONVERGED,CONVERGED,624,624,-,-,150,150,0.03063317487620026,0.03063317,0.0,0.0,0,0.0,2,2.0,Commons,Commons,3.330669e-12
E3,ct2,L,-,JB(0.5),3,CONVERGED,CONVERGED,531,531,-,-,67,67,0.0,0.0,0.0,0.0,0,0.0,0,0.0,Commons,Commons,3.996803e-12
E3,ct2,L,-,JB(1.2),2,CONVERGED,CONVERGED,537,537,-,-,29,29,0.42611781335466303,0.4261178,0.0,0.0,0,0.0,2,2.0,Commons,Commons,2.88658e-12
E3,ct2,L,-,JB(2),3,CONVERGED,CONVERGED,607,607,-,-,151,151,0.04554530146075141,0.0455453,0.0,0.0,0,0.0,2,2.0,Commons,Commons,3.552714e-12
E3,ct2,L,-,N(0.95),1,CONVERGED,CONVERGED,321,321,-,-,0,0,0.9364984698892688,0.9364985,0.0,0.0,0,0.0,0,0.0,Commons,Commons,2.220446e-12
E3,ct2,L,-,N(1.2),2,CONVERGED,CONVERGED,350,350,-,-,0,0,0.7853592335982229,0.7853592,0.0,0.0,0,0.0,0,0.0,Commons,Commons,3.330669e-12
E3,ct2,L,-,N(1.05),1,CONVERGED,CONVERGED,197,197,-,-,0,0,0.9358239349482943,0.9358239,0.0,0.0,0,0.0,0,0.0,Commons,Commons,1.776357e-12
E3,ct2,L,-,N(0.5),3,CONVERGED,CONVERGED,537,537,-,-,33,33,0.3920687575685113,0.3920688,0.0,0.0,0,0.0,0,0.0,Commons,Commons,2.442491e-12
E3,ct2,L,-,N(2),3,CONVERGED,CONVERGED,420,420,-,-,32,32,0.4226418616214253,0.4226419,0.0,0.0,0,0.0,0,0.0,Commons,Commons,2.442491e-12
E3,ct2,L,-,N(0.8),2,CONVERGED,CONVERGED,499,499,-,-,0,0,0.7227083768950644,0.7227084,0.0,0.0,0,0.0,0,0.0,Commons,Commons,3.108624e-12
E3,ct2,L,-,RC(1.05),1,CONVERGED,CONVERGED,325,325,-,-,0,0,0.863417702553556,0.8634177,0.0,0.0,0,0.0,0,0.0,Commons,Commons,1.554312e-12
E3,ct2,L,-,RC(1.2),2,CONVERGED,CONVERGED,474,474,-,-,0,0,0.6080992780464156,0.6080993,0.0,0.0,0,0.0,0,0.0,Commons,Commons,3.774758e-12
E3,ct2,L,-,RC(0.8),2,CONVERGED,CONVERGED,541,541,-,-,6,6,0.48823140755461136,0.4882314,0.0,0.0,0,0.0,0,0.0,Commons,Commons,7.771561e-12
E3,ct2,L,-,RC(0.95),1,CONVERGED,CONVERGED,366,366,-,-,0,0,0.8423134209470049,0.8423134,0.0,0.0,0,0.0,0,0.0,Commons,Commons,1.998401e-12
E3,ct2,L,-,x*/2,3,CONVERGED,CONVERGED,512,512,-,-,41,41,0.0,0.0,0.0,0.0,0,0.0,0,0.0,Commons,Commons,3.996803e-12
E3,ct2,L,-,RC(0.5),3,CONVERGED,CONVERGED,599,599,-,-,125,125,0.09177249371247821,0.09177249,0.0,0.0,0,0.0,2,2.0,Commons,Commons,3.108624e-12
E3,ct2,L,-,RC(2),3,CONVERGED,CONVERGED,522,522,-,-,51,51,0.15927663971724218,0.1592766,0.0,0.0,0,0.0,2,2.0,Commons,Commons,4.440892e-12
E3,ct2,L,-,land.mach=0.44@genesis,2,CONVERGED,CONVERGED,507,507,-,-,0,0,0.5552033121890871,0.5552033,0.0,0.0,0,0.0,0,0.0,Commons,Commons,4.440892e-12
E3,ct2,L,-,land.mach=0.8@genesis,3,CONVERGED,CONVERGED,570,570,-,-,125,125,0.02480224004139977,0.02480224,0.0,0.0,0,0.0,2,2.0,Commons,Commons,2.88658e-12
E3,ct2,L,-,land.mach=0.36@genesis,2,CONVERGED,CONVERGED,284,284,-,-,0,0,0.9395915941197822,0.9395916,0.0,0.0,0,0.0,0,0.0,Commons,Commons,3.996803e-12
E3,ct2,L,-,land.mach=0.2@genesis,3,CONVERGED,CONVERGED,480,480,-,-,0,0,0.5641513693956,0.5641514,0.0,0.0,0,0.0,2,2.0,Commons,Commons,7.482903e-11
E3,ct2,L,-,b.food=0.66@genesis,2,CONVERGED,CONVERGED,354,354,-,-,0,0,0.8422769509069138,0.842277,0.0,0.0,0,0.0,0,0.0,Commons,Commons,5.551115e-12
E3,ct2,L,-,b.food=0.54@genesis,2,CONVERGED,CONVERGED,312,312,-,-,0,0,0.8420051457530339,0.8420051,0.0,0.0,0,0.0,0,0.0,Commons,Commons,4.662937e-12
E3,ct2,L,-,b.food=0.3@genesis,3,CONVERGED,CONVERGED,491,491,-,-,23,23,0.34839921068896595,0.3483992,0.0,0.0,0,0.0,0,0.0,Commons,Commons,5.551115e-12
E3,ct2,L,-,exit.To=21.45@genesis,2,VACUOUS,VACUOUS,0,0,-,-,0,0,0.9999999999999981,1.0,0.0,0.0,0,0.0,0,0.0,Commons,Commons,5.551115e-13
E3,ct2,L,-,exit.To=39@genesis,3,VACUOUS,VACUOUS,0,0,-,-,0,0,0.9999999999999981,1.0,0.0,0.0,0,0.0,0,0.0,Commons,Commons,5.551115e-13
E3,ct2,L,-,exit.To=17.55@genesis,2,CONVERGED,CONVERGED,5080,5080,-,-,0,0,0.9943114643250792,0.9943115,1.3433123803879743,1.343313,0,0.0,1,1.0,Crowded,Crowded,1.987299e-11
E3,ct2,L,-,exit.To=9.75@genesis,3,CONVERGED,CONVERGED,449,449,-,-,0,0,0.9816491613580466,0.9786208,2.121182752908694,2.121183,0,0.0,1,1.0,Enclosed,Enclosed,4.662937e-12
E3,ct2,L,-,land.mach=0.36@dated,2,CONVERGED,CONVERGED,284,284,-,-,0,0,0.9395915941197812,0.9395916,0.0,0.0,0,0.0,0,0.0,Commons,Commons,4.218847e-12
E3,ct2,L,-,land.mach=0.44@dated,2,CONVERGED,CONVERGED,507,507,-,-,0,0,0.5555751527716254,0.5555752,0.0,0.0,0,0.0,0,0.0,Commons,Commons,3.774758e-12
E3,ct2,L,-,land.mach=0.8@dated,3,CONVERGED,CONVERGED,569,569,-,-,124,124,0.023887388569435605,0.02388739,0.0,0.0,0,0.0,2,2.0,Commons,Commons,3.108624e-12
E3,ct2,L,-,b.food=0.66@dated,2,CONVERGED,CONVERGED,353,353,-,-,0,0,0.8471506375037239,0.8471506,0.0,0.0,0,0.0,0,0.0,Commons,Commons,3.996803e-12
E3,ct2,L,-,b.food=0.54@dated,2,CONVERGED,CONVERGED,312,312,-,-,0,0,0.8416660546576129,0.8416661,0.0,0.0,0,0.0,0,0.0,Commons,Commons,5.107026e-12
E3,ct2,L,-,land.mach=0.2@dated,3,CONVERGED,CONVERGED,480,480,-,-,0,0,0.5641513693955993,0.5641514,0.0,0.0,0,0.0,2,2.0,Commons,Commons,8.282264e-11
E3,ct2,L,-,b.food=0.3@dated,3,CONVERGED,CONVERGED,491,491,-,-,23,23,0.3475329868969967,0.347533,0.0,0.0,0,0.0,0,0.0,Commons,Commons,3.330669e-12
E3,ct2,L,-,exit.To=21.45@dated,2,VACUOUS,VACUOUS,0,0,-,-,0,0,0.9999999999999992,1.0,0.0,0.0,0,0.0,0,0.0,Commons,Commons,5.551115e-13
E3,ct2,L,-,exit.To=39@dated,3,VACUOUS,VACUOUS,0,0,-,-,0,0,0.9999999999999992,1.0,0.0,0.0,0,0.0,0,0.0,Commons,Commons,5.551115e-13
E3,ct2,L,-,exit.To=17.55@dated,2,CONVERGED,CONVERGED,5080,5080,-,-,0,0,0.9943114643250793,0.9943115,1.3433123803879765,1.343313,0,0.0,1,1.0,Crowded,Crowded,1.987299e-11
E3,ct2,L,-,exit.To=9.75@dated,3,CONVERGED,CONVERGED,449,449,-,-,0,0,0.9816491613580443,0.9786208,2.1211827529086986,2.121183,0,0.0,1,1.0,Enclosed,Enclosed,4.662937e-12
E3,ct2,L,-,b.food=1.2@genesis,3,CONVERGED,CONVERGED,3357,3357,-,-,107,107,0.20972801135767047,0.209728,0.02181926647041666,0.02182125,0,0.0,1,1.0,Crowded,Crowded,6.006307e-10
E3,ct2,L,-,b.food=1.2@dated,3,CONVERGED,CONVERGED,2946,2946,-,-,106,106,0.2155931218254228,0.2155931,0.02181926662489674,0.02182125,0,0.0,1,1.0,Crowded,Crowded,5.657697e-10
E4,ct2,dial,rate.*=0.75,p[labour]*2,3,CONVERGED,CONVERGED,448,448,-,-,0,0,0.6536791952306102,0.6536792,0.0,0.0,0,0.0,0,0.0,Commons,Commons,5.995204e-12
E4,ct2,dial,rate.*=0.75,p[labour]*0.5,3,CONVERGED,CONVERGED,636,636,-,-,101,101,0.0,0.0,0.0,0.0,0,0.0,2,2.0,Commons,Commons,4.440892e-12
E4,ct2,dial,rate.*=0.75,p[land]*2,3,CONVERGED,CONVERGED,725,725,-,-,179,179,0.022131046084375095,0.02213105,0.0,0.0,0,0.0,2,2.0,Commons,Commons,6.661338e-12
E4,ct2,dial,rate.*=0.75,p[land]*0.5,3,CONVERGED,CONVERGED,600,600,-,-,33,33,0.3852696476260482,0.3852696,0.0,0.0,0,0.0,0,0.0,Commons,Commons,2.664535e-12
E4,ct2,dial,rate.*=0.75,p[manufactures]*2,3,CONVERGED,CONVERGED,405,405,-,-,0,0,0.7918652759896148,0.7918653,0.0,0.0,0,0.0,0,0.0,Commons,Commons,4.884981e-12
E4,ct2,dial,rate.*=0.75,p[food]*2,3,CONVERGED,CONVERGED,456,456,-,-,43,43,0.07974282011253192,0.07974282,0.0,0.0,0,0.0,2,2.0,Commons,Commons,6.661338e-12
E4,ct2,dial,rate.*=0.75,p[food]*0.5,3,CONVERGED,CONVERGED,510,510,-,-,91,91,0.34604831782320083,0.3460483,0.0,0.0,0,0.0,2,2.0,Commons,Commons,9.547918e-12
E4,ct2,dial,rate.*=0.75,p[manufactures]*0.5,3,CONVERGED,CONVERGED,502,502,-,-,45,45,0.3051566640481436,0.3051567,0.0,0.0,0,0.0,0,0.0,Commons,Commons,4.440892e-12
E4,ct2,dial,rate.*=0.75,p[care]*2,3,CONVERGED,CONVERGED,444,444,-,-,0,0,0.5615233075731321,0.5615233,0.0,0.0,0,0.0,0,0.0,Commons,Commons,4.884981e-12
E4,ct2,dial,rate.*=0.75,p[care]*0.5,3,CONVERGED,CONVERGED,514,514,-,-,45,45,0.3041790300081319,0.304179,0.0,0.0,0,0.0,0,0.0,Commons,Commons,6.883383e-12
E4,ct2,dial,rate.*=0.75,p[shelter]*2,3,CONVERGED,CONVERGED,506,506,-,-,11,11,0.4852108104822184,0.4852108,0.0,0.0,0,0.0,0,0.0,Commons,Commons,8.21565e-12
E4,ct2,dial,rate.*=0.75,p[mach]*0.5,3,CONVERGED,CONVERGED,769,769,-,-,212,212,0.011325047476713375,0.01132505,0.0,0.0,0,0.0,2,2.0,Commons,Commons,4.440892e-12
E4,ct2,dial,rate.*=0.75,p[shelter]*0.5,3,CONVERGED,CONVERGED,477,477,-,-,48,48,0.15046680779229066,0.1504668,0.0,0.0,0,0.0,0,0.0,Commons,Commons,6.439294e-12
E4,ct2,dial,rate.*=0.75,p[mach]*2,3,CONVERGED,CONVERGED,474,474,-,-,48,49,0.21232105396550646,0.2123211,0.0,0.0,0,0.0,0,0.0,Commons,Commons,7.105427e-12
E4,ct2,dial,rate.*=0.75,s[manufactures]*2,3,CONVERGED,CONVERGED,138,138,-,-,0,0,0.9999999999999949,1.0,0.0,0.0,0,0.0,0,0.0,Commons,Commons,2.220446e-12
E4,ct2,dial,rate.*=0.75,s[manufactures]*0.5,3,CONVERGED,CONVERGED,124,124,-,-,0,0,0.9999999999999949,1.0,0.0,0.0,0,0.0,0,0.0,Commons,Commons,2.220446e-12
E4,ct2,dial,rate.*=0.75,s[food]*2,3,CONVERGED,CONVERGED,457,457,-,-,28,28,0.0,0.0,0.0,0.0,0,0.0,2,2.0,Commons,Commons,9.325873e-12
E4,ct2,dial,rate.*=0.75,s[food]*0.5,3,CONVERGED,CONVERGED,218,218,-,-,0,0,0.9621884970335841,0.9621885,0.0,0.0,0,0.0,0,0.0,Commons,Commons,1.021405e-11
E4,ct2,dial,rate.*=0.75,s[care]*2,3,CONVERGED,CONVERGED,138,138,-,-,0,0,0.9999999999999949,1.0,0.0,0.0,0,0.0,0,0.0,Commons,Commons,2.220446e-12
E4,ct2,dial,rate.*=0.75,s[shelter]*0.5,3,CONVERGED,CONVERGED,140,140,-,-,0,0,0.9929162825350584,0.9929163,0.0,0.0,0,0.0,0,0.0,Commons,Commons,2.88658e-12
E4,ct2,dial,rate.*=0.75,s[care]*0.5,3,CONVERGED,CONVERGED,405,405,-,-,0,0,0.7832048590399069,0.7832049,0.0,0.0,0,0.0,0,0.0,Commons,Commons,3.552714e-12
E4,ct2,dial,rate.*=0.75,s[shelter]*2,3,CONVERGED,CONVERGED,404,404,-,-,2,2,0.4810585585388725,0.4810586,0.0,0.0,0,0.0,0,0.0,Commons,Commons,3.441691e-12
E4,ct2,dial,rate.*=0.75,JA(2),3,CONVERGED,CONVERGED,461,461,-,-,25,25,0.0,0.0,0.0,0.0,0,0.0,0,0.0,Commons,Commons,9.103829e-12
E4,ct2,dial,rate.*=0.75,JA(0.5),3,CONVERGED,CONVERGED,765,765,-,-,207,207,0.013803384198754372,0.01380338,0.0,0.0,0,0.0,2,2.0,Commons,Commons,5.77316e-12
E4,ct2,dial,rate.*=0.75,JB(2),3,CONVERGED,CONVERGED,773,773,-,-,223,223,0.010987442520054224,0.01098744,0.0,0.0,0,0.0,2,2.0,Commons,Commons,5.77316e-12
E4,ct2,dial,rate.*=0.75,JB(0.5),3,CONVERGED,CONVERGED,492,492,-,-,88,88,0.0,0.0,0.0,0.0,0,0.0,0,0.0,Commons,Commons,6.661338e-12
E4,ct2,dial,rate.*=0.75,N(0.5),3,CONVERGED,CONVERGED,639,639,-,-,68,68,0.355786013243864,0.355786,0.0,0.0,0,0.0,0,0.0,Commons,Commons,1.332268e-12
E4,ct2,dial,rate.*=0.75,N(2),3,CONVERGED,CONVERGED,554,554,-,-,40,40,0.4226418616214253,0.4226419,0.0,0.0,0,0.0,0,0.0,Commons,Commons,6.217249e-12
E4,ct2,dial,rate.*=0.75,x*/2,3,CONVERGED,CONVERGED,460,460,-,-,50,50,0.0,0.0,0.0,0.0,0,0.0,2,2.0,Commons,Commons,5.77316e-12
E4,ct2,dial,rate.*=0.75,RC(2),3,CONVERGED,CONVERGED,471,471,-,-,66,66,0.09237761246411363,0.09237761,0.0,0.0,0,0.0,2,2.0,Commons,Commons,5.995204e-12
E4,ct2,dial,rate.*=0.75,RC(0.5),3,CONVERGED,CONVERGED,750,750,-,-,177,177,0.05525498429140568,0.05525498,0.0,0.0,0,0.0,2,2.0,Commons,Commons,5.551115e-12
E4,ct2,dial,rate.*=0.75,land.mach=0.8@genesis,3,CONVERGED,CONVERGED,558,558,-,-,176,176,0.013834394489961335,0.01383439,0.0,0.0,0,0.0,2,2.0,Commons,Commons,5.329071e-12
E4,ct2,dial,rate.*=0.75,land.mach=0.2@genesis,3,CONVERGED,CONVERGED,622,622,-,-,0,0,0.5641513693956,0.5641514,0.0,0.0,0,0.0,2,2.0,Commons,Commons,5.362377e-11
E4,ct2,dial,rate.*=0.75,b.food=0.3@genesis,3,CONVERGED,CONVERGED,434,434,-,-,32,32,0.2889207361930916,0.2889207,0.0,0.0,0,0.0,0,0.0,Commons,Commons,3.552714e-12
E4,ct2,dial,rate.*=0.75,exit.To=39@genesis,3,VACUOUS,VACUOUS,0,0,-,-,0,0,0.9999999999999949,1.0,0.0,0.0,0,0.0,0,0.0,Commons,Commons,5.551115e-13
E4,ct2,dial,rate.*=0.75,exit.To=9.75@genesis,3,CONVERGED,CONVERGED,550,550,-,-,0,0,0.977239616621827,0.9772175,2.1281477332014522,2.128148,0,0.0,1,1.0,Enclosed,Enclosed,3.108624e-12
E4,ct2,dial,rate.*=0.75,land.mach=0.8@dated,3,CONVERGED,CONVERGED,557,557,-,-,176,176,0.013196726423568826,0.01319673,0.0,0.0,0,0.0,2,2.0,Commons,Commons,5.329071e-12
E4,ct2,dial,rate.*=0.75,land.mach=0.2@dated,3,CONVERGED,CONVERGED,622,622,-,-,0,0,0.5641513693955974,0.5641514,0.0,0.0,0,0.0,2,2.0,Commons,Commons,1.64313e-11
E4,ct2,dial,rate.*=0.75,b.food=0.3@dated,3,CONVERGED,CONVERGED,434,434,-,-,32,32,0.28818076674370874,0.2881808,0.0,0.0,0,0.0,0,0.0,Commons,Commons,9.325873e-12
E4,ct2,dial,rate.*=0.75,exit.To=39@dated,3,VACUOUS,VACUOUS,0,0,-,-,0,0,0.9999999999999958,1.0,0.0,0.0,0,0.0,0,0.0,Commons,Commons,5.551115e-13
E4,ct2,dial,rate.*=0.75,exit.To=9.75@dated,3,CONVERGED,CONVERGED,550,550,-,-,0,0,0.9772396166218309,0.9772175,2.1281477332014607,2.128148,0,0.0,1,1.0,Enclosed,Enclosed,3.108624e-12
E4,ct2,dial,rate.*=0.75,b.food=1.2@genesis,3,CONVERGED,CONVERGED,18363,18363,-,-,148,148,0.1244284656116375,0.1244285,0.021819106306794553,0.02182125,0,0.0,3,3.0,Crowded,Crowded,6.907229e-07
E4,ct2,dial,rate.*=0.75,b.food=1.2@dated,3,CONVERGED,CONVERGED,18365,18365,-,-,147,147,0.1270903082098361,0.1270903,0.021819106385329717,0.02182125,0,0.0,3,3.0,Crowded,Crowded,6.908545e-07
E4,ct2,dial,buffer.*=0.75,p[labour]*2,3,CONVERGED,CONVERGED,536,536,-,-,0,0,0.6552593359210113,0.6552593,0.0,0.0,0,0.0,0,0.0,Commons,Commons,1.998401e-12
E4,ct2,dial,buffer.*=0.75,p[labour]*0.5,3,CONVERGED,CONVERGED,739,739,-,-,64,64,0.0,0.0,0.0,0.0,0,0.0,4,4.0,Commons,Commons,2.664535e-12
E4,ct2,dial,buffer.*=0.75,p[land]*2,3,CONVERGED,CONVERGED,782,782,-,-,118,118,0.07021066032705059,0.07021066,0.0,0.0,0,0.0,2,2.0,Commons,Commons,4.884981e-12
E4,ct2,dial,buffer.*=0.75,p[land]*0.5,3,CONVERGED,CONVERGED,724,724,-,-,17,17,0.41011838718336635,0.4101184,0.0,0.0,0,0.0,0,0.0,Commons,Commons,3.663736e-12
E4,ct2,dial,buffer.*=0.75,p[manufactures]*2,3,CONVERGED,CONVERGED,533,533,-,-,0,0,0.844056762839803,0.8440568,0.0,0.0,0,0.0,0,0.0,Commons,Commons,5.329071e-12
E4,ct2,dial,buffer.*=0.75,p[food]*2,3,CONVERGED,CONVERGED,546,546,-,-,29,29,0.11758137127856441,0.1175814,0.0,0.0,0,0.0,2,2.0,Commons,Commons,2.88658e-12
E4,ct2,dial,buffer.*=0.75,p[manufactures]*0.5,3,CONVERGED,CONVERGED,601,601,-,-,27,27,0.4250171855920464,0.4250172,0.0,0.0,0,0.0,0,0.0,Commons,Commons,2.553513e-12
E4,ct2,dial,buffer.*=0.75,p[food]*0.5,3,CONVERGED,CONVERGED,571,571,-,-,0,0,0.5305948707752112,0.5305949,0.0,0.0,0,0.0,0,0.0,Commons,Commons,7.327472e-12
E4,ct2,dial,buffer.*=0.75,p[care]*2,3,CONVERGED,CONVERGED,539,539,-,-,0,0,0.7432902056510738,0.7432902,0.0,0.0,0,0.0,0,0.0,Commons,Commons,1.887379e-12
E4,ct2,dial,buffer.*=0.75,p[care]*0.5,3,CONVERGED,CONVERGED,601,601,-,-,28,28,0.42003194852324294,0.4200319,0.0,0.0,0,0.0,0,0.0,Commons,Commons,3.552714e-12
E4,ct2,dial,buffer.*=0.75,p[shelter]*2,3,CONVERGED,CONVERGED,607,607,-,-,0,0,0.5412683535140815,0.5412684,0.0,0.0,0,0.0,0,0.0,Commons,Commons,3.552714e-12
E4,ct2,dial,buffer.*=0.75,p[shelter]*0.5,3,CONVERGED,CONVERGED,738,738,-,-,31,31,0.28622635762335813,0.2862264,0.0,0.0,0,0.0,0,0.0,Commons,Commons,4.440892e-12
E4,ct2,dial,buffer.*=0.75,p[mach]*2,3,CONVERGED,CONVERGED,710,710,-,-,38,39,0.22912909644759294,0.2291291,0.0,0.0,0,0.0,0,0.0,Commons,Commons,4.218847e-12
E4,ct2,dial,buffer.*=0.75,p[mach]*0.5,3,CONVERGED,CONVERGED,823,823,-,-,146,146,0.07263890954671248,0.07263891,0.0,0.0,0,0.0,2,2.0,Commons,Commons,3.996803e-12
E4,ct2,dial,buffer.*=0.75,s[manufactures]*2,3,CONVERGED,CONVERGED,138,138,-,-,0,0,0.9999999999999983,1.0,0.0,0.0,0,0.0,0,0.0,Commons,Commons,2.220446e-12
E4,ct2,dial,buffer.*=0.75,s[food]*2,3,CONVERGED,CONVERGED,544,544,-,-,11,11,0.0,0.0,0.0,0.0,0,0.0,0,0.0,Commons,Commons,3.774758e-12
E4,ct2,dial,buffer.*=0.75,s[manufactures]*0.5,3,CONVERGED,CONVERGED,124,124,-,-,0,0,0.9999999999999983,1.0,0.0,0.0,0,0.0,0,0.0,Commons,Commons,2.220446e-12
E4,ct2,dial,buffer.*=0.75,s[food]*0.5,3,CONVERGED,CONVERGED,333,333,-,-,0,0,0.9629877272851716,0.9629877,0.0,0.0,0,0.0,0,0.0,Commons,Commons,3.552714e-12
E4,ct2,dial,buffer.*=0.75,s[care]*2,3,CONVERGED,CONVERGED,138,138,-,-,0,0,0.9999999999999983,1.0,0.0,0.0,0,0.0,0,0.0,Commons,Commons,2.220446e-12
E4,ct2,dial,buffer.*=0.75,s[care]*0.5,3,CONVERGED,CONVERGED,511,511,-,-,0,0,0.8027493638901074,0.8027494,0.0,0.0,0,0.0,0,0.0,Commons,Commons,5.329071e-12
E4,ct2,dial,buffer.*=0.75,s[shelter]*0.5,3,CONVERGED,CONVERGED,123,123,-,-,0,0,0.9941513536651609,0.9941514,0.0,0.0,0,0.0,0,0.0,Commons,Commons,2.220446e-12
E4,ct2,dial,buffer.*=0.75,JA(2),3,CONVERGED,CONVERGED,543,543,-,-,21,21,0.0,0.0,0.0,0.0,0,0.0,0,0.0,Commons,Commons,4.662937e-12
E4,ct2,dial,buffer.*=0.75,s[shelter]*2,3,CONVERGED,CONVERGED,521,521,-,-,1,1,0.5007534932796126,0.5007535,0.0,0.0,0,0.0,0,0.0,Commons,Commons,3.552714e-12
E4,ct2,dial,buffer.*=0.75,JA(0.5),3,CONVERGED,CONVERGED,828,828,-,-,149,149,0.05562275464609082,0.05562275,0.0,0.0,0,0.0,2,2.0,Commons,Commons,3.108624e-12
E4,ct2,dial,buffer.*=0.75,JB(2),3,CONVERGED,CONVERGED,812,812,-,-,146,146,0.09161046466602393,0.09161046,0.0,0.0,0,0.0,2,2.0,Commons,Commons,3.552714e-12
E4,ct2,dial,buffer.*=0.75,JB(0.5),3,CONVERGED,CONVERGED,748,748,-,-,65,65,0.0,0.0,0.0,0.0,0,0.0,0,0.0,Commons,Commons,3.996803e-12
E4,ct2,dial,buffer.*=0.75,N(0.5),3,CONVERGED,CONVERGED,750,750,-,-,27,27,0.43169913520092296,0.4316991,0.0,0.0,0,0.0,0,0.0,Commons,Commons,1.776357e-12
E4,ct2,dial,buffer.*=0.75,N(2),3,CONVERGED,CONVERGED,582,582,-,-,31,31,0.4226418616214253,0.4226419,0.0,0.0,0,0.0,0,0.0,Commons,Commons,3.996803e-12
E4,ct2,dial,buffer.*=0.75,RC(2),3,CONVERGED,CONVERGED,574,574,-,-,51,51,0.16173282662893987,0.1617328,0.0,0.0,0,0.0,2,2.0,Commons,Commons,3.330669e-12
E4,ct2,dial,buffer.*=0.75,RC(0.5),3,CONVERGED,CONVERGED,803,803,-,-,118,118,0.13908354815758175,0.1390835,0.0,0.0,0,0.0,2,2.0,Commons,Commons,4.218847e-12
E4,ct2,dial,buffer.*=0.75,x*/2,3,CONVERGED,CONVERGED,654,654,-,-,34,34,0.0,0.0,0.0,0.0,0,0.0,0,0.0,Commons,Commons,5.77316e-12
E4,ct2,dial,buffer.*=0.75,land.mach=0.8@genesis,3,CONVERGED,CONVERGED,653,653,-,-,116,116,0.043910830372586224,0.04391083,0.0,0.0,0,0.0,2,2.0,Commons,Commons,3.330669e-12
E4,ct2,dial,buffer.*=0.75,land.mach=0.2@genesis,3,CONVERGED,CONVERGED,1819,1819,-,-,0,0,0.5641513693956,0.5641514,0.0,0.0,0,0.0,2,2.0,Commons,Commons,1.003642e-10
E4,ct2,dial,buffer.*=0.75,b.food=0.3@genesis,3,CONVERGED,CONVERGED,687,687,-,-,21,21,0.39033567605312525,0.3903357,0.0,0.0,0,0.0,0,0.0,Commons,Commons,2.88658e-12
E4,ct2,dial,buffer.*=0.75,exit.To=9.75@genesis,3,CONVERGED,CONVERGED,487,487,-,-,0,0,0.9825783507526061,0.9795475,2.119998174538579,2.119998,0,0.0,1,1.0,Enclosed,Enclosed,4.773959e-12
E4,ct2,dial,buffer.*=0.75,exit.To=39@genesis,3,VACUOUS,VACUOUS,0,0,-,-,0,0,0.9999999999999983,1.0,0.0,0.0,0,0.0,0,0.0,Commons,Commons,5.551115e-13
E4,ct2,dial,buffer.*=0.75,land.mach=0.8@dated,3,CONVERGED,CONVERGED,653,653,-,-,116,116,0.04273197286836735,0.04273197,0.0,0.0,0,0.0,2,2.0,Commons,Commons,4.218847e-12
E4,ct2,dial,buffer.*=0.75,land.mach=0.2@dated,3,CONVERGED,CONVERGED,1822,1822,-,-,0,0,0.5641513693955995,0.5641514,0.0,0.0,0,0.0,2,2.0,Commons,Commons,8.648637e-11
E4,ct2,dial,buffer.*=0.75,exit.To=39@dated,3,VACUOUS,VACUOUS,0,0,-,-,0,0,0.9999999999999993,1.0,0.0,0.0,0,0.0,0,0.0,Commons,Commons,5.551115e-13
E4,ct2,dial,buffer.*=0.75,b.food=0.3@dated,3,CONVERGED,CONVERGED,687,687,-,-,21,21,0.38965703535733875,0.389657,0.0,0.0,0,0.0,0,0.0,Commons,Commons,5.107026e-12
E4,ct2,dial,buffer.*=0.75,exit.To=9.75@dated,3,CONVERGED,CONVERGED,487,487,-,-,0,0,0.9825783507526061,0.9795475,2.1199981745385865,2.119998,0,0.0,1,1.0,Enclosed,Enclosed,4.773959e-12
E4,ct2,dial,buffer.*=0.75,b.food=1.2@genesis,3,CONVERGED,CONVERGED,9247,9247,-,-,101,101,0.2794207249210449,0.2794207,0.021823228690818132,0.02182125,0,0.0,1,1.0,Commons,Crowded,1.447287e-09
E4,ct2,dial,buffer.*=0.75,b.food=1.2@dated,3,CONVERGED,CONVERGED,8846,8846,-,-,100,100,0.2861855881753427,0.2861856,0.021823229538727753,0.02182125,0,0.0,1,1.0,Commons,Crowded,1.361133e-09
E4,ct2,dial,adjust.*=0.75,p[labour]*2,3,CONVERGED,CONVERGED,345,345,-,-,0,0,0.6524615679229586,0.6524616,0.0,0.0,0,0.0,0,0.0,Commons,Commons,2.88658e-12
E4,ct2,dial,adjust.*=0.75,p[labour]*0.5,3,CONVERGED,CONVERGED,534,534,-,-,73,73,0.0,0.0,0.0,0.0,0,0.0,2,2.0,Commons,Commons,1.998401e-12
E4,ct2,dial,adjust.*=0.75,p[land]*2,3,CONVERGED,CONVERGED,583,583,-,-,123,123,0.03576854862260086,0.03576855,0.0,0.0,0,0.0,2,2.0,Commons,Commons,4.884981e-12
E4,ct2,dial,adjust.*=0.75,p[land]*0.5,3,CONVERGED,CONVERGED,646,646,-,-,18,18,0.4005677973083933,0.4005678,0.0,0.0,0,0.0,0,0.0,Commons,Commons,5.329071e-12
E4,ct2,dial,adjust.*=0.75,p[manufactures]*2,3,CONVERGED,CONVERGED,340,340,-,-,0,0,0.8230954914538327,0.8230955,0.0,0.0,0,0.0,0,0.0,Commons,Commons,1.44329e-12
E4,ct2,dial,adjust.*=0.75,p[food]*2,3,CONVERGED,CONVERGED,498,498,-,-,31,31,0.12157409705738659,0.1215741,0.0,0.0,0,0.0,2,2.0,Commons,Commons,3.552714e-12
E4,ct2,dial,adjust.*=0.75,p[manufactures]*0.5,3,CONVERGED,CONVERGED,545,545,-,-,32,32,0.3646923115103665,0.3646923,0.0,0.0,0,0.0,0,0.0,Commons,Commons,4.440892e-12
E4,ct2,dial,adjust.*=0.75,p[food]*0.5,3,CONVERGED,CONVERGED,534,534,-,-,33,33,0.41504176840732204,0.4150418,0.0,0.0,0,0.0,0,0.0,Commons,Commons,3.996803e-12
E4,ct2,dial,adjust.*=0.75,p[care]*2,3,CONVERGED,CONVERGED,487,487,-,-,0,0,0.6654169034337636,0.6654169,0.0,0.0,0,0.0,0,0.0,Commons,Commons,5.77316e-12
E4,ct2,dial,adjust.*=0.75,p[care]*0.5,3,CONVERGED,CONVERGED,541,541,-,-,32,32,0.3619032389665933,0.3619032,0.0,0.0,0,0.0,0,0.0,Commons,Commons,5.77316e-12
E4,ct2,dial,adjust.*=0.75,p[shelter]*2,3,CONVERGED,CONVERGED,550,550,-,-,0,0,0.5142592105099266,0.5142592,0.0,0.0,0,0.0,0,0.0,Commons,Commons,4.884981e-12
E4,ct2,dial,adjust.*=0.75,p[shelter]*0.5,3,CONVERGED,CONVERGED,527,527,-,-,35,35,0.21680081480637467,0.2168008,0.0,0.0,0,0.0,0,0.0,Commons,Commons,4.440892e-12
E4,ct2,dial,adjust.*=0.75,p[mach]*2,3,CONVERGED,CONVERGED,512,512,-,-,36,37,0.29238955667031036,0.2923896,0.0,0.0,0,0.0,0,0.0,Commons,Commons,2.88658e-12
E4,ct2,dial,adjust.*=0.75,p[mach]*0.5,3,CONVERGED,CONVERGED,620,620,-,-,149,149,0.03929958541485619,0.03929959,0.0,0.0,0,0.0,2,2.0,Commons,Commons,1.776357e-12
E4,ct2,dial,adjust.*=0.75,s[manufactures]*2,3,CONVERGED,CONVERGED,184,184,-,-,0,0,0.9999999999999981,1.0,0.0,0.0,0,0.0,0,0.0,Commons,Commons,2.88658e-12
E4,ct2,dial,adjust.*=0.75,s[manufactures]*0.5,3,CONVERGED,CONVERGED,165,165,-,-,0,0,0.9999999999999981,1.0,0.0,0.0,0,0.0,0,0.0,Commons,Commons,2.88658e-12
E4,ct2,dial,adjust.*=0.75,s[food]*2,3,CONVERGED,CONVERGED,502,502,-,-,22,22,0.0,0.0,0.0,0.0,0,0.0,2,2.0,Commons,Commons,4.218847e-12
E4,ct2,dial,adjust.*=0.75,s[food]*0.5,3,CONVERGED,CONVERGED,311,311,-,-,0,0,0.9647557534610475,0.9647558,0.0,0.0,0,0.0,0,0.0,Commons,Commons,3.552714e-12
E4,ct2,dial,adjust.*=0.75,s[care]*2,3,CONVERGED,CONVERGED,184,184,-,-,0,0,0.9999999999999981,1.0,0.0,0.0,0,0.0,0,0.0,Commons,Commons,2.88658e-12
E4,ct2,dial,adjust.*=0.75,s[shelter]*2,3,CONVERGED,CONVERGED,472,472,-,-,2,2,0.49023980465386463,0.4902398,0.0,0.0,0,0.0,0,0.0,Commons,Commons,6.217249e-12
E4,ct2,dial,adjust.*=0.75,s[care]*0.5,3,CONVERGED,CONVERGED,331,331,-,-,0,0,0.7892397391132338,0.7892397,0.0,0.0,0,0.0,0,0.0,Commons,Commons,2.664535e-12
E4,ct2,dial,adjust.*=0.75,s[shelter]*0.5,3,CONVERGED,CONVERGED,161,161,-,-,0,0,0.9933847785867441,0.9933848,0.0,0.0,0,0.0,0,0.0,Commons,Commons,1.998401e-12
E4,ct2,dial,adjust.*=0.75,JA(2),3,CONVERGED,CONVERGED,512,512,-,-,23,23,0.0,0.0,0.0,0.0,0,0.0,0,0.0,Commons,Commons,2.664535e-12
E4,ct2,dial,adjust.*=0.75,JA(0.5),3,CONVERGED,CONVERGED,625,625,-,-,150,150,0.024827406680845918,0.02482741,0.0,0.0,0,0.0,2,2.0,Commons,Commons,2.664535e-12
E4,ct2,dial,adjust.*=0.75,JB(2),3,CONVERGED,CONVERGED,611,611,-,-,150,150,0.04642281898456039,0.04642282,0.0,0.0,0,0.0,2,2.0,Commons,Commons,1.776357e-12
E4,ct2,dial,adjust.*=0.75,JB(0.5),3,CONVERGED,CONVERGED,540,540,-,-,73,73,0.0,0.0,0.0,0.0,0,0.0,0,0.0,Commons,Commons,3.330669e-12
E4,ct2,dial,adjust.*=0.75,N(2),3,CONVERGED,CONVERGED,419,419,-,-,32,32,0.4226418616214253,0.4226419,0.0,0.0,0,0.0,0,0.0,Commons,Commons,1.554312e-12
E4,ct2,dial,adjust.*=0.75,N(0.5),3,CONVERGED,CONVERGED,537,537,-,-,35,35,0.37914561478682457,0.3791456,0.0,0.0,0,0.0,0,0.0,Commons,Commons,2.442491e-12
E4,ct2,dial,adjust.*=0.75,RC(2),3,CONVERGED,CONVERGED,521,521,-,-,51,51,0.15177403015049198,0.151774,0.0,0.0,0,0.0,2,2.0,Commons,Commons,1.554312e-12
E4,ct2,dial,adjust.*=0.75,x*/2,3,CONVERGED,CONVERGED,517,517,-,-,47,47,0.0,0.0,0.0,0.0,0,0.0,0,0.0,Commons,Commons,2.442491e-12
E4,ct2,dial,adjust.*=0.75,RC(0.5),3,CONVERGED,CONVERGED,599,599,-,-,124,124,0.08667239916322403,0.0866724,0.0,0.0,0,0.0,2,2.0,Commons,Commons,2.109424e-12
E4,ct2,dial,adjust.*=0.75,land.mach=0.8@genesis,3,CONVERGED,CONVERGED,571,571,-,-,127,127,0.023377676062963676,0.02337768,0.0,0.0,0,0.0,2,2.0,Commons,Commons,4.662937e-12
E4,ct2,dial,adjust.*=0.75,land.mach=0.2@genesis,3,CONVERGED,CONVERGED,517,517,-,-,0,0,0.5641513693956,0.5641514,0.0,0.0,0,0.0,2,2.0,Commons,Commons,1.698641e-11
E4,ct2,dial,adjust.*=0.75,exit.To=39@genesis,3,VACUOUS,VACUOUS,0,0,-,-,0,0,0.9999999999999981,1.0,0.0,0.0,0,0.0,0,0.0,Commons,Commons,5.551115e-13
E4,ct2,dial,adjust.*=0.75,b.food=0.3@genesis,3,CONVERGED,CONVERGED,491,491,-,-,23,23,0.348575887803224,0.3485759,0.0,0.0,0,0.0,0,0.0,Commons,Commons,5.551115e-12
E4,ct2,dial,adjust.*=0.75,exit.To=9.75@genesis,3,CONVERGED,CONVERGED,450,450,-,-,0,0,0.9815109840684519,0.9784829,2.120986104343014,2.120986,0,0.0,1,1.0,Enclosed,Enclosed,4.884981e-12
E4,ct2,dial,adjust.*=0.75,land.mach=0.8@dated,3,CONVERGED,CONVERGED,570,570,-,-,126,126,0.02390920172744222,0.0239092,0.0,0.0,0,0.0,2,2.0,Commons,Commons,3.996803e-12
E4,ct2,dial,adjust.*=0.75,exit.To=39@dated,3,VACUOUS,VACUOUS,0,0,-,-,0,0,0.9999999999999989,1.0,0.0,0.0,0,0.0,0,0.0,Commons,Commons,5.551115e-13
E4,ct2,dial,adjust.*=0.75,b.food=0.3@dated,3,CONVERGED,CONVERGED,491,491,-,-,23,23,0.3476428021767057,0.3476428,0.0,0.0,0,0.0,0,0.0,Commons,Commons,5.329071e-12
E4,ct2,dial,adjust.*=0.75,land.mach=0.2@dated,3,CONVERGED,CONVERGED,515,515,-,-,0,0,0.5641513693955991,0.5641514,0.0,0.0,0,0.0,2,2.0,Commons,Commons,7.194245e-11
E4,ct2,dial,adjust.*=0.75,exit.To=9.75@dated,3,CONVERGED,CONVERGED,450,450,-,-,0,0,0.9815109840684524,0.9784829,2.120986104343023,2.120986,0,0.0,1,1.0,Enclosed,Enclosed,4.884981e-12
E4,ct2,dial,adjust.*=0.75,b.food=1.2@genesis,3,CONVERGED,CONVERGED,6900,6900,-,-,107,107,0.2109450338182061,0.210945,0.021819267844840038,0.02182125,0,0.0,1,1.0,Crowded,Crowded,1.030176e-09
E4,ct2,dial,adjust.*=0.75,b.food=1.2@dated,3,CONVERGED,CONVERGED,6784,6784,-,-,107,107,0.2163029406382112,0.2163029,0.021819267681015546,0.02182125,0,0.0,1,1.0,Crowded,Crowded,1.010636e-09
E4,ct2,dial,rate.*=0.9,p[labour]*2,3,CONVERGED,CONVERGED,383,383,-,-,0,0,0.6552593359210113,0.6552593,0.0,0.0,0,0.0,0,0.0,Commons,Commons,4.884981e-12
E4,ct2,dial,rate.*=0.9,p[labour]*0.5,3,CONVERGED,CONVERGED,578,578,-,-,80,80,0.0,0.0,0.0,0.0,0,0.0,2,2.0,Commons,Commons,7.105427e-12
E4,ct2,dial,rate.*=0.9,p[land]*2,3,CONVERGED,CONVERGED,644,644,-,-,142,142,0.03333584913459074,0.03333585,0.0,0.0,0,0.0,2,2.0,Commons,Commons,4.662937e-12
E4,ct2,dial,rate.*=0.9,p[land]*0.5,3,CONVERGED,CONVERGED,541,541,-,-,24,24,0.3945035468033935,0.3945035,0.0,0.0,0,0.0,0,0.0,Commons,Commons,3.108624e-12
E4,ct2,dial,rate.*=0.9,p[manufactures]*2,3,CONVERGED,CONVERGED,362,362,-,-,0,0,0.8131900734532146,0.8131901,0.0,0.0,0,0.0,0,0.0,Commons,Commons,2.88658e-12
E4,ct2,dial,rate.*=0.9,p[food]*2,3,CONVERGED,CONVERGED,510,510,-,-,33,33,0.10576404383170042,0.105764,0.0,0.0,0,0.0,2,2.0,Commons,Commons,4.884981e-12
E4,ct2,dial,rate.*=0.9,p[manufactures]*0.5,3,CONVERGED,CONVERGED,439,439,-,-,36,36,0.3430717661995488,0.3430718,0.0,0.0,0,0.0,0,0.0,Commons,Commons,3.330669e-12
E4,ct2,dial,rate.*=0.9,p[food]*0.5,3,CONVERGED,CONVERGED,576,576,-,-,39,39,0.40983246150567415,0.4098325,0.0,0.0,0,0.0,2,2.0,Commons,Commons,5.107026e-12
E4,ct2,dial,rate.*=0.9,p[care]*2,3,CONVERGED,CONVERGED,379,379,-,-,0,0,0.6419102514196773,0.6419103,0.0,0.0,0,0.0,0,0.0,Commons,Commons,2.664535e-12
E4,ct2,dial,rate.*=0.9,p[care]*0.5,3,CONVERGED,CONVERGED,442,442,-,-,36,36,0.3407968935523738,0.3407969,0.0,0.0,0,0.0,0,0.0,Commons,Commons,3.108624e-12
E4,ct2,dial,rate.*=0.9,p[shelter]*2,3,CONVERGED,CONVERGED,446,446,-,-,0,0,0.5069234247903099,0.5069234,0.0,0.0,0,0.0,0,0.0,Commons,Commons,4.218847e-12
E4,ct2,dial,rate.*=0.9,p[shelter]*0.5,3,CONVERGED,CONVERGED,560,560,-,-,39,39,0.19561013808693337,0.1956101,0.0,0.0,0,0.0,0,0.0,Commons,Commons,4.218847e-12
E4,ct2,dial,rate.*=0.9,p[mach]*2,3,CONVERGED,CONVERGED,556,556,-,-,41,42,0.23479004109909782,0.23479,0.0,0.0,0,0.0,0,0.0,Commons,Commons,4.218847e-12
E4,ct2,dial,rate.*=0.9,s[manufactures]*2,3,CONVERGED,CONVERGED,138,138,-,-,0,0,0.9999999999999947,1.0,0.0,0.0,0,0.0,0,0.0,Commons,Commons,2.220446e-12
E4,ct2,dial,rate.*=0.9,p[mach]*0.5,3,CONVERGED,CONVERGED,665,665,-,-,167,167,0.026934283488818853,0.02693428,0.0,0.0,0,0.0,2,2.0,Commons,Commons,3.552714e-12
E4,ct2,dial,rate.*=0.9,s[manufactures]*0.5,3,CONVERGED,CONVERGED,124,124,-,-,0,0,0.9999999999999947,1.0,0.0,0.0,0,0.0,0,0.0,Commons,Commons,2.220446e-12
E4,ct2,dial,rate.*=0.9,s[food]*2,3,CONVERGED,CONVERGED,532,532,-,-,15,15,0.0,0.0,0.0,0.0,0,0.0,2,2.0,Commons,Commons,5.77316e-12
E4,ct2,dial,rate.*=0.9,s[food]*0.5,3,CONVERGED,CONVERGED,183,183,-,-,0,0,0.9606176796068112,0.9606177,0.0,0.0,0,0.0,0,0.0,Commons,Commons,2.88658e-12
E4,ct2,dial,rate.*=0.9,s[care]*2,3,CONVERGED,CONVERGED,138,138,-,-,0,0,0.9999999999999947,1.0,0.0,0.0,0,0.0,0,0.0,Commons,Commons,2.220446e-12
E4,ct2,dial,rate.*=0.9,s[shelter]*2,3,CONVERGED,CONVERGED,358,358,-,-,2,2,0.4947872079232543,0.4947872,0.0,0.0,0,0.0,0,0.0,Commons,Commons,2.664535e-12
E4,ct2,dial,rate.*=0.9,s[care]*0.5,3,CONVERGED,CONVERGED,349,349,-,-,0,0,0.7913434844342462,0.7913435,0.0,0.0,0,0.0,0,0.0,Commons,Commons,2.442491e-12
E4,ct2,dial,rate.*=0.9,s[shelter]*0.5,3,CONVERGED,CONVERGED,123,123,-,-,0,0,0.9935010693511837,0.9935011,0.0,0.0,0,0.0,0,0.0,Commons,Commons,2.88658e-12
E4,ct2,dial,rate.*=0.9,JA(2),3,CONVERGED,CONVERGED,545,545,-,-,22,22,0.0,0.0,0.0,0.0,0,0.0,0,0.0,Commons,Commons,3.108624e-12
E4,ct2,dial,rate.*=0.9,JA(0.5),3,CONVERGED,CONVERGED,668,668,-,-,166,166,0.023738941072612242,0.02373894,0.0,0.0,0,0.0,2,2.0,Commons,Commons,4.884981e-12
E4,ct2,dial,rate.*=0.9,JB(2),3,CONVERGED,CONVERGED,661,661,-,-,170,170,0.02924911427830586,0.02924911,0.0,0.0,0,0.0,2,2.0,Commons,Commons,3.663736e-12
E4,ct2,dial,rate.*=0.9,JB(0.5),3,CONVERGED,CONVERGED,565,565,-,-,74,74,0.0,0.0,0.0,0.0,0,0.0,0,0.0,Commons,Commons,3.774758e-12
E4,ct2,dial,rate.*=0.9,N(2),3,CONVERGED,CONVERGED,471,471,-,-,34,34,0.4226418616214253,0.4226419,0.0,0.0,0,0.0,0,0.0,Commons,Commons,3.996803e-12
E4,ct2,dial,rate.*=0.9,N(0.5),3,CONVERGED,CONVERGED,575,575,-,-,39,39,0.37830199852203134,0.378302,0.0,0.0,0,0.0,0,0.0,Commons,Commons,3.330669e-12
E4,ct2,dial,rate.*=0.9,RC(2),3,CONVERGED,CONVERGED,552,552,-,-,56,56,0.1348284710232554,0.1348285,0.0,0.0,0,0.0,2,2.0,Commons,Commons,5.107026e-12
E4,ct2,dial,rate.*=0.9,RC(0.5),3,CONVERGED,CONVERGED,651,651,-,-,143,143,0.07412516798603791,0.07412517,0.0,0.0,0,0.0,2,2.0,Commons,Commons,3.552714e-12
E4,ct2,dial,rate.*=0.9,x*/2,3,CONVERGED,CONVERGED,542,542,-,-,43,43,0.0,0.0,0.0,0.0,0,0.0,2,2.0,Commons,Commons,6.883383e-12
E4,ct2,dial,rate.*=0.9,land.mach=0.8@genesis,3,CONVERGED,CONVERGED,615,615,-,-,143,143,0.020162709018033388,0.02016271,0.0,0.0,0,0.0,2,2.0,Commons,Commons,4.884981e-12
E4,ct2,dial,rate.*=0.9,land.mach=0.2@genesis,3,CONVERGED,CONVERGED,515,515,-,-,0,0,0.5641513693956,0.5641514,0.0,0.0,0,0.0,2,2.0,Commons,Commons,7.482903e-11
E4,ct2,dial,rate.*=0.9,b.food=0.3@genesis,3,CONVERGED,CONVERGED,404,404,-,-,26,26,0.32776939802417804,0.3277694,0.0,0.0,0,0.0,0,0.0,Commons,Commons,2.88658e-12
E4,ct2,dial,rate.*=0.9,exit.To=39@genesis,3,VACUOUS,VACUOUS,0,0,-,-,0,0,0.9999999999999947,1.0,0.0,0.0,0,0.0,0,0.0,Commons,Commons,5.551115e-13
E4,ct2,dial,rate.*=0.9,exit.To=9.75@genesis,3,CONVERGED,CONVERGED,483,483,-,-,0,0,0.9807944030731518,0.9777685,2.11545823821533,2.115458,0,0.0,1,1.0,Enclosed,Enclosed,5.77316e-12
E4,ct2,dial,rate.*=0.9,b.food=0.3@dated,3,CONVERGED,CONVERGED,404,404,-,-,26,26,0.3269717264729603,0.3269717,0.0,0.0,0,0.0,0,0.0,Commons,Commons,2.664535e-12
E4,ct2,dial,rate.*=0.9,land.mach=0.8@dated,3,CONVERGED,CONVERGED,614,614,-,-,143,143,0.019368621004120786,0.01936862,0.0,0.0,0,0.0,2,2.0,Commons,Commons,4.440892e-12
E4,ct2,dial,rate.*=0.9,land.mach=0.2@dated,3,CONVERGED,CONVERGED,516,516,-,-,0,0,0.5641513693955972,0.5641514,0.0,0.0,0,0.0,2,2.0,Commons,Commons,7.11653e-11
E4,ct2,dial,rate.*=0.9,exit.To=39@dated,3,VACUOUS,VACUOUS,0,0,-,-,0,0,0.999999999999996,1.0,0.0,0.0,0,0.0,0,0.0,Commons,Commons,5.551115e-13
E4,ct2,dial,rate.*=0.9,exit.To=9.75@dated,3,CONVERGED,CONVERGED,483,483,-,-,0,0,0.9807944030731512,0.9777685,2.1154582382153344,2.115458,0,0.0,1,1.0,Enclosed,Enclosed,5.77316e-12
E4,ct2,dial,rate.*=0.9,b.food=1.2@genesis,3,CONVERGED,CONVERGED,13240,13240,-,-,121,121,0.1700111382528741,0.1700111,0.02181920390490574,0.02182125,0,0.0,1,1.0,Crowded,Crowded,1.97673e-08
E4,ct2,dial,rate.*=0.9,b.food=1.2@dated,3,CONVERGED,CONVERGED,12936,12936,-,-,120,120,0.17458019644306,0.1745802,0.021819203867633565,0.02182125,0,0.0,1,1.0,Crowded,Crowded,1.894662e-08
E4,ct2,dial,buffer.*=0.9,p[labour]*2,3,CONVERGED,CONVERGED,482,482,-,-,0,0,0.6552593359210113,0.6552593,0.0,0.0,0,0.0,0,0.0,Commons,Commons,5.107026e-12
E4,ct2,dial,buffer.*=0.9,p[labour]*0.5,3,CONVERGED,CONVERGED,546,546,-,-,67,67,0.0,0.0,0.0,0.0,0,0.0,4,4.0,Commons,Commons,1.998401e-12
E4,ct2,dial,buffer.*=0.9,p[land]*0.5,3,CONVERGED,CONVERGED,677,677,-,-,18,18,0.4094405910416338,0.4094406,0.0,0.0,0,0.0,0,0.0,Commons,Commons,7.771561e-12
E4,ct2,dial,buffer.*=0.9,p[land]*2,3,CONVERGED,CONVERGED,597,597,-,-,121,121,0.049950560094243965,0.04995056,0.0,0.0,0,0.0,2,2.0,Commons,Commons,3.441691e-12
E4,ct2,dial,buffer.*=0.9,p[manufactures]*2,3,CONVERGED,CONVERGED,495,495,-,-,0,0,0.8311726394212894,0.8311726,0.0,0.0,0,0.0,0,0.0,Commons,Commons,3.108624e-12
E4,ct2,dial,buffer.*=0.9,p[manufactures]*0.5,3,CONVERGED,CONVERGED,565,565,-,-,30,30,0.3869314500280738,0.3869315,0.0,0.0,0,0.0,0,0.0,Commons,Commons,5.77316e-12
E4,ct2,dial,buffer.*=0.9,p[food]*0.5,3,CONVERGED,CONVERGED,551,551,-,-,19,19,0.4765689077743396,0.4765689,0.0,0.0,0,0.0,0,0.0,Commons,Commons,3.330669e-12
E4,ct2,dial,buffer.*=0.9,p[food]*2,3,CONVERGED,CONVERGED,519,519,-,-,30,30,0.12056127624346466,0.1205613,0.0,0.0,0,0.0,2,2.0,Commons,Commons,2.88658e-12
E4,ct2,dial,buffer.*=0.9,p[care]*2,3,CONVERGED,CONVERGED,505,505,-,-,0,0,0.7052282230905684,0.7052282,0.0,0.0,0,0.0,0,0.0,Commons,Commons,5.77316e-12
E4,ct2,dial,buffer.*=0.9,p[care]*0.5,3,CONVERGED,CONVERGED,563,563,-,-,31,31,0.38288520995281966,0.3828852,0.0,0.0,0,0.0,0,0.0,Commons,Commons,5.551115e-12
E4,ct2,dial,buffer.*=0.9,p[shelter]*2,3,CONVERGED,CONVERGED,575,575,-,-,0,0,0.5234307377590264,0.5234307,0.0,0.0,0,0.0,0,0.0,Commons,Commons,5.77316e-12
E4,ct2,dial,buffer.*=0.9,p[shelter]*0.5,3,CONVERGED,CONVERGED,546,546,-,-,34,34,0.24570507707241512,0.2457051,0.0,0.0,0,0.0,0,0.0,Commons,Commons,3.552714e-12
E4,ct2,dial,buffer.*=0.9,p[mach]*2,3,CONVERGED,CONVERGED,525,525,-,-,38,39,0.24155688296209488,0.2415569,0.0,0.0,0,0.0,0,0.0,Commons,Commons,2.664535e-12
E4,ct2,dial,buffer.*=0.9,s[manufactures]*2,3,CONVERGED,CONVERGED,138,138,-,-,0,0,0.9999999999999981,1.0,0.0,0.0,0,0.0,0,0.0,Commons,Commons,2.220446e-12
E4,ct2,dial,buffer.*=0.9,p[mach]*0.5,3,CONVERGED,CONVERGED,779,779,-,-,148,148,0.05010723245324805,0.05010723,0.0,0.0,0,0.0,2,2.0,Commons,Commons,4.218847e-12
E4,ct2,dial,buffer.*=0.9,s[manufactures]*0.5,3,CONVERGED,CONVERGED,124,124,-,-,0,0,0.9999999999999981,1.0,0.0,0.0,0,0.0,0,0.0,Commons,Commons,2.220446e-12
E4,ct2,dial,buffer.*=0.9,s[food]*2,3,CONVERGED,CONVERGED,518,518,-,-,14,14,0.0,0.0,0.0,0.0,0,0.0,2,2.0,Commons,Commons,1.998401e-12
E4,ct2,dial,buffer.*=0.9,s[food]*0.5,3,CONVERGED,CONVERGED,313,313,-,-,0,0,0.9617632627981172,0.9617633,0.0,0.0,0,0.0,0,0.0,Commons,Commons,4.662937e-12
E4,ct2,dial,buffer.*=0.9,s[care]*2,3,CONVERGED,CONVERGED,138,138,-,-,0,0,0.9999999999999981,1.0,0.0,0.0,0,0.0,0,0.0,Commons,Commons,2.220446e-12
E4,ct2,dial,buffer.*=0.9,s[care]*0.5,3,CONVERGED,CONVERGED,335,335,-,-,0,0,0.7997167361281756,0.7997167,0.0,0.0,0,0.0,0,0.0,Commons,Commons,1.998401e-12
E4,ct2,dial,buffer.*=0.9,s[shelter]*0.5,3,CONVERGED,CONVERGED,123,123,-,-,0,0,0.9939537507861801,0.9939538,0.0,0.0,0,0.0,0,0.0,Commons,Commons,3.330669e-12
E4,ct2,dial,buffer.*=0.9,s[shelter]*2,3,CONVERGED,CONVERGED,488,488,-,-,1,1,0.5030592616972014,0.5030593,0.0,0.0,0,0.0,0,0.0,Commons,Commons,4.884981e-12
E4,ct2,dial,buffer.*=0.9,JA(0.5),3,CONVERGED,CONVERGED,786,786,-,-,150,150,0.03881309354850257,0.03881309,0.0,0.0,0,0.0,2,2.0,Commons,Commons,4.662937e-12
E4,ct2,dial,buffer.*=0.9,JA(2),3,CONVERGED,CONVERGED,524,524,-,-,21,21,0.0,0.0,0.0,0.0,0,0.0,0,0.0,Commons,Commons,3.996803e-12
E4,ct2,dial,buffer.*=0.9,JB(2),3,CONVERGED,CONVERGED,627,627,-,-,149,149,0.06038464174763792,0.06038464,0.0,0.0,0,0.0,2,2.0,Commons,Commons,3.108624e-12
E4,ct2,dial,buffer.*=0.9,JB(0.5),3,CONVERGED,CONVERGED,692,692,-,-,66,66,0.0,0.0,0.0,0.0,0,0.0,0,0.0,Commons,Commons,3.108624e-12
E4,ct2,dial,buffer.*=0.9,N(2),3,CONVERGED,CONVERGED,418,418,-,-,31,31,0.4226418616214253,0.4226419,0.0,0.0,0,0.0,0,0.0,Commons,Commons,2.109424e-12
E4,ct2,dial,buffer.*=0.9,N(0.5),3,CONVERGED,CONVERGED,554,554,-,-,32,32,0.40610077247966986,0.4061008,0.0,0.0,0,0.0,0,0.0,Commons,Commons,1.998401e-12
E4,ct2,dial,buffer.*=0.9,RC(2),3,CONVERGED,CONVERGED,541,541,-,-,51,51,0.16321966291927456,0.1632197,0.0,0.0,0,0.0,2,2.0,Commons,Commons,3.774758e-12
E4,ct2,dial,buffer.*=0.9,RC(0.5),3,CONVERGED,CONVERGED,614,614,-,-,123,123,0.10771938320807742,0.1077194,0.0,0.0,0,0.0,2,2.0,Commons,Commons,3.663736e-12
E4,ct2,dial,buffer.*=0.9,x*/2,3,CONVERGED,CONVERGED,528,528,-,-,40,40,0.0,0.0,0.0,0.0,0,0.0,0,0.0,Commons,Commons,1.554312e-12
E4,ct2,dial,buffer.*=0.9,land.mach=0.2@genesis,3,CONVERGED,CONVERGED,670,670,-,-,0,0,0.5641513693956,0.5641514,0.0,0.0,0,0.0,2,2.0,Commons,Commons,7.260859e-11
E4,ct2,dial,buffer.*=0.9,land.mach=0.8@genesis,3,CONVERGED,CONVERGED,583,583,-,-,122,122,0.029893437538073317,0.02989344,0.0,0.0,0,0.0,2,2.0,Commons,Commons,2.88658e-12
E4,ct2,dial,buffer.*=0.9,b.food=0.3@genesis,3,CONVERGED,CONVERGED,519,519,-,-,23,23,0.3644522982009984,0.3644523,0.0,0.0,0,0.0,0,0.0,Commons,Commons,2.553513e-12
E4,ct2,dial,buffer.*=0.9,exit.To=39@genesis,3,VACUOUS,VACUOUS,0,0,-,-,0,0,0.9999999999999981,1.0,0.0,0.0,0,0.0,0,0.0,Commons,Commons,5.551115e-13
E4,ct2,dial,buffer.*=0.9,exit.To=9.75@genesis,3,CONVERGED,CONVERGED,463,463,-,-,0,0,0.9819559604109108,0.9789268,2.1207272959929058,2.120727,0,0.0,1,1.0,Enclosed,Enclosed,5.551115e-12
E4,ct2,dial,buffer.*=0.9,land.mach=0.8@dated,3,CONVERGED,CONVERGED,583,583,-,-,121,121,0.030466846857725008,0.03046685,0.0,0.0,0,0.0,2,2.0,Commons,Commons,2.553513e-12
E4,ct2,dial,buffer.*=0.9,land.mach=0.2@dated,3,CONVERGED,CONVERGED,669,669,-,-,0,0,0.564151369395599,0.5641514,0.0,0.0,0,0.0,2,2.0,Commons,Commons,4.563017e-11
E4,ct2,dial,buffer.*=0.9,b.food=0.3@dated,3,CONVERGED,CONVERGED,519,519,-,-,23,23,0.36365137200207975,0.3636514,0.0,0.0,0,0.0,0,0.0,Commons,Commons,3.996803e-12
E4,ct2,dial,buffer.*=0.9,exit.To=39@dated,3,VACUOUS,VACUOUS,0,0,-,-,0,0,0.9999999999999989,1.0,0.0,0.0,0,0.0,0,0.0,Commons,Commons,5.551115e-13
E4,ct2,dial,buffer.*=0.9,exit.To=9.75@dated,3,CONVERGED,CONVERGED,463,463,-,-,0,0,0.9819559604109129,0.9789268,2.120727295992905,2.120727,0,0.0,1,1.0,Enclosed,Enclosed,5.551115e-12
E4,ct2,dial,buffer.*=0.9,b.food=1.2@genesis,3,CONVERGED,CONVERGED,1907,1907,-,-,106,106,0.2333820201608194,0.233382,0.021823228241273564,0.02182125,0,0.0,1,1.0,Commons,Crowded,4.685141e-10
E4,ct2,dial,buffer.*=0.9,b.food=1.2@dated,3,CONVERGED,CONVERGED,1579,1579,-,-,104,104,0.23943880925050692,0.2394388,0.021823227921320923,0.02182125,0,0.0,1,1.0,Commons,Crowded,4.451994e-10
E4,ct2,dial,adjust.*=0.9,p[labour]*2,3,CONVERGED,CONVERGED,351,351,-,-,0,0,0.6541425808908818,0.6541426,0.0,0.0,0,0.0,0,0.0,Commons,Commons,4.440892e-12
E4,ct2,dial,adjust.*=0.9,p[labour]*0.5,3,CONVERGED,CONVERGED,533,533,-,-,71,71,0.0,0.0,0.0,0.0,0,0.0,2,2.0,Commons,Commons,2.88658e-12
E4,ct2,dial,adjust.*=0.9,p[land]*2,3,CONVERGED,CONVERGED,585,585,-,-,123,123,0.03827126075751842,0.03827126,0.0,0.0,0,0.0,2,2.0,Commons,Commons,3.330669e-12
E4,ct2,dial,adjust.*=0.9,p[land]*0.5,3,CONVERGED,CONVERGED,647,647,-,-,18,18,0.4003856991628665,0.4003857,0.0,0.0,0,0.0,0,0.0,Commons,Commons,3.996803e-12
E4,ct2,dial,adjust.*=0.9,p[manufactures]*2,3,CONVERGED,CONVERGED,340,340,-,-,0,0,0.8235508242830353,0.8235508,0.0,0.0,0,0.0,0,0.0,Commons,Commons,5.77316e-12
E4,ct2,dial,adjust.*=0.9,p[manufactures]*0.5,3,CONVERGED,CONVERGED,545,545,-,-,32,32,0.3647221309315,0.3647221,0.0,0.0,0,0.0,0,0.0,Commons,Commons,7.105427e-12
E4,ct2,dial,adjust.*=0.9,p[food]*2,3,CONVERGED,CONVERGED,498,498,-,-,30,30,0.12213786760856617,0.1221379,0.0,0.0,0,0.0,2,2.0,Commons,Commons,2.664535e-12
E4,ct2,dial,adjust.*=0.9,p[food]*0.5,3,CONVERGED,CONVERGED,534,534,-,-,30,30,0.43374323134310366,0.4337432,0.0,0.0,0,0.0,0,0.0,Commons,Commons,2.664535e-12
E4,ct2,dial,adjust.*=0.9,p[care]*2,3,CONVERGED,CONVERGED,486,486,-,-,0,0,0.6758693992804928,0.6758694,0.0,0.0,0,0.0,0,0.0,Commons,Commons,3.552714e-12
E4,ct2,dial,adjust.*=0.9,p[shelter]*2,3,CONVERGED,CONVERGED,551,551,-,-,0,0,0.5196877871269483,0.5196878,0.0,0.0,0,0.0,0,0.0,Commons,Commons,3.552714e-12
E4,ct2,dial,adjust.*=0.9,p[care]*0.5,3,CONVERGED,CONVERGED,542,542,-,-,32,32,0.36196443580874593,0.3619644,0.0,0.0,0,0.0,0,0.0,Commons,Commons,5.77316e-12
E4,ct2,dial,adjust.*=0.9,p[shelter]*0.5,3,CONVERGED,CONVERGED,528,528,-,-,35,35,0.22108515727792316,0.2210852,0.0,0.0,0,0.0,0,0.0,Commons,Commons,1.554312e-12
E4,ct2,dial,adjust.*=0.9,p[mach]*2,3,CONVERGED,CONVERGED,513,513,-,-,37,37,0.26503224200233544,0.2650322,0.0,0.0,0,0.0,0,0.0,Commons,Commons,3.774758e-12
E4,ct2,dial,adjust.*=0.9,p[mach]*0.5,3,CONVERGED,CONVERGED,619,619,-,-,149,149,0.0401391548388697,0.04013915,0.0,0.0,0,0.0,2,2.0,Commons,Commons,5.995204e-12
E4,ct2,dial,adjust.*=0.9,s[manufactures]*2,3,CONVERGED,CONVERGED,153,153,-,-,0,0,0.9999999999999981,1.0,0.0,0.0,0,0.0,0,0.0,Commons,Commons,2.442491e-12
E4,ct2,dial,adjust.*=0.9,s[manufactures]*0.5,3,CONVERGED,CONVERGED,138,138,-,-,0,0,0.9999999999999981,1.0,0.0,0.0,0,0.0,0,0.0,Commons,Commons,2.442491e-12
E4,ct2,dial,adjust.*=0.9,s[food]*2,3,CONVERGED,CONVERGED,500,500,-,-,16,16,0.0,0.0,0.0,0.0,0,0.0,2,2.0,Commons,Commons,1.554312e-12
E4,ct2,dial,adjust.*=0.9,s[care]*2,3,CONVERGED,CONVERGED,153,153,-,-,0,0,0.9999999999999981,1.0,0.0,0.0,0,0.0,0,0.0,Commons,Commons,2.442491e-12
E4,ct2,dial,adjust.*=0.9,s[food]*0.5,3,CONVERGED,CONVERGED,305,305,-,-,0,0,0.961420573256767,0.9614206,0.0,0.0,0,0.0,0,0.0,Commons,Commons,2.88658e-12
E4,ct2,dial,adjust.*=0.9,s[care]*0.5,3,CONVERGED,CONVERGED,328,328,-,-,0,0,0.7942746035035598,0.7942746,0.0,0.0,0,0.0,0,0.0,Commons,Commons,4.218847e-12
E4,ct2,dial,adjust.*=0.9,s[shelter]*2,3,CONVERGED,CONVERGED,468,468,-,-,2,2,0.4985152873431466,0.4985153,0.0,0.0,0,0.0,0,0.0,Commons,Commons,5.77316e-12
E4,ct2,dial,adjust.*=0.9,s[shelter]*0.5,3,CONVERGED,CONVERGED,135,135,-,-,0,0,0.9936963383702718,0.9936963,0.0,0.0,0,0.0,0,0.0,Commons,Commons,1.998401e-12
E4,ct2,dial,adjust.*=0.9,JA(2),3,CONVERGED,CONVERGED,509,509,-,-,22,22,0.0,0.0,0.0,0.0,0,0.0,0,0.0,Commons,Commons,4.440892e-12
E4,ct2,dial,adjust.*=0.9,JA(0.5),3,CONVERGED,CONVERGED,624,624,-,-,150,150,0.028414438529441213,0.02841444,0.0,0.0,0,0.0,2,2.0,Commons,Commons,5.107026e-12
E4,ct2,dial,adjust.*=0.9,JB(2),3,CONVERGED,CONVERGED,608,608,-,-,150,150,0.046040580018552636,0.04604058,0.0,0.0,0,0.0,2,2.0,Commons,Commons,2.664535e-12
E4,ct2,dial,adjust.*=0.9,JB(0.5),3,CONVERGED,CONVERGED,534,534,-,-,70,70,0.0,0.0,0.0,0.0,0,0.0,0,0.0,Commons,Commons,2.220446e-12
E4,ct2,dial,adjust.*=0.9,N(2),3,CONVERGED,CONVERGED,420,420,-,-,32,32,0.4226418616214253,0.4226419,0.0,0.0,0,0.0,0,0.0,Commons,Commons,3.774758e-12
E4,ct2,dial,adjust.*=0.9,RC(0.5),3,CONVERGED,CONVERGED,599,599,-,-,125,125,0.09077856796523871,0.09077857,0.0,0.0,0,0.0,2,2.0,Commons,Commons,2.553513e-12
E4,ct2,dial,adjust.*=0.9,RC(2),3,CONVERGED,CONVERGED,522,522,-,-,51,51,0.15644342822053386,0.1564434,0.0,0.0,0,0.0,2,2.0,Commons,Commons,2.664535e-12
E4,ct2,dial,adjust.*=0.9,N(0.5),3,CONVERGED,CONVERGED,537,537,-,-,34,34,0.38764084028384704,0.3876408,0.0,0.0,0,0.0,0,0.0,Commons,Commons,3.552714e-12
E4,ct2,dial,adjust.*=0.9,x*/2,3,CONVERGED,CONVERGED,514,514,-,-,43,43,0.0,0.0,0.0,0.0,0,0.0,0,0.0,Commons,Commons,4.218847e-12
E4,ct2,dial,adjust.*=0.9,land.mach=0.8@genesis,3,CONVERGED,CONVERGED,570,570,-,-,126,126,0.023636397942172722,0.0236364,0.0,0.0,0,0.0,2,2.0,Commons,Commons,3.330669e-12
E4,ct2,dial,adjust.*=0.9,land.mach=0.2@genesis,3,CONVERGED,CONVERGED,481,481,-,-,0,0,0.5641513693956,0.5641514,0.0,0.0,0,0.0,2,2.0,Commons,Commons,7.105427e-11
E4,ct2,dial,adjust.*=0.9,b.food=0.3@genesis,3,CONVERGED,CONVERGED,491,491,-,-,23,23,0.34811423498043026,0.3481142,0.0,0.0,0,0.0,0,0.0,Commons,Commons,5.107026e-12
E4,ct2,dial,adjust.*=0.9,exit.To=39@genesis,3,VACUOUS,VACUOUS,0,0,-,-,0,0,0.9999999999999981,1.0,0.0,0.0,0,0.0,0,0.0,Commons,Commons,5.551115e-13
E4,ct2,dial,adjust.*=0.9,exit.To=9.75@genesis,3,CONVERGED,CONVERGED,449,449,-,-,0,0,0.9816230376881674,0.9785949,2.121115394777833,2.121115,0,0.0,1,1.0,Enclosed,Enclosed,5.107026e-12
E4,ct2,dial,adjust.*=0.9,land.mach=0.8@dated,3,CONVERGED,CONVERGED,570,570,-,-,126,126,0.0242536510712705,0.02425365,0.0,0.0,0,0.0,2,2.0,Commons,Commons,3.774758e-12
E4,ct2,dial,adjust.*=0.9,b.food=0.3@dated,3,CONVERGED,CONVERGED,491,491,-,-,23,23,0.3472376788884815,0.3472377,0.0,0.0,0,0.0,0,0.0,Commons,Commons,5.551115e-12
E4,ct2,dial,adjust.*=0.9,land.mach=0.2@dated,3,CONVERGED,CONVERGED,481,481,-,-,0,0,0.5641513693955991,0.5641514,0.0,0.0,0,0.0,2,2.0,Commons,Commons,8.670842e-11
E4,ct2,dial,adjust.*=0.9,exit.To=9.75@dated,3,CONVERGED,CONVERGED,449,449,-,-,0,0,0.9816230376881695,0.9785949,2.1211153947778336,2.121115,0,0.0,1,1.0,Enclosed,Enclosed,5.107026e-12
E4,ct2,dial,adjust.*=0.9,exit.To=39@dated,3,VACUOUS,VACUOUS,0,0,-,-,0,0,0.9999999999999989,1.0,0.0,0.0,0,0.0,0,0.0,Commons,Commons,5.551115e-13
E4,ct2,dial,adjust.*=0.9,b.food=1.2@genesis,3,CONVERGED,CONVERGED,4673,4673,-,-,107,107,0.21043106221736466,0.2104311,0.021819266894036102,0.02182125,0,0.0,1,1.0,Crowded,Crowded,7.321921e-10
E4,ct2,dial,adjust.*=0.9,b.food=1.2@dated,3,CONVERGED,CONVERGED,4396,4396,-,-,106,106,0.21605802615615002,0.216058,0.021819266881817935,0.02182125,0,0.0,1,1.0,Crowded,Crowded,7.128742e-10
E4,ct2,dial,rate.*=1.1,p[labour]*0.5,3,CONVERGED,CONVERGED,498,498,-,-,62,62,0.0,0.0,0.0,0.0,0,0.0,4,4.0,Commons,Commons,4.884981e-12
E4,ct2,dial,rate.*=1.1,p[labour]*2,3,CONVERGED,CONVERGED,455,455,-,-,0,0,0.6552593359210113,0.6552593,0.0,0.0,0,0.0,0,0.0,Commons,Commons,5.107026e-12
E4,ct2,dial,rate.*=1.1,p[land]*2,3,CONVERGED,CONVERGED,542,542,-,-,110,110,0.050508566266636926,0.05050857,0.0,0.0,0,0.0,2,2.0,Commons,Commons,3.330669e-12
E4,ct2,dial,rate.*=1.1,p[land]*0.5,3,CONVERGED,CONVERGED,619,619,-,-,17,17,0.405518456152567,0.4055185,0.0,0.0,0,0.0,0,0.0,Commons,Commons,3.108624e-12
E4,ct2,dial,rate.*=1.1,p[manufactures]*2,3,CONVERGED,CONVERGED,453,453,-,-,0,0,0.8325896869626307,0.8325897,0.0,0.0,0,0.0,0,0.0,Commons,Commons,1.998401e-12
E4,ct2,dial,rate.*=1.1,p[manufactures]*0.5,3,CONVERGED,CONVERGED,516,516,-,-,28,28,0.38416156526058604,0.3841616,0.0,0.0,0,0.0,0,0.0,Commons,Commons,2.442491e-12
E4,ct2,dial,rate.*=1.1,p[food]*2,3,CONVERGED,CONVERGED,473,473,-,-,27,27,0.1392356702865367,0.1392357,0.0,0.0,0,0.0,2,2.0,Commons,Commons,1.776357e-12
E4,ct2,dial,rate.*=1.1,p[care]*2,3,CONVERGED,CONVERGED,460,460,-,-,0,0,0.7149042116198859,0.7149042,0.0,0.0,0,0.0,0,0.0,Commons,Commons,1.332268e-12
E4,ct2,dial,rate.*=1.1,p[food]*0.5,3,CONVERGED,CONVERGED,503,503,-,-,21,21,0.47229562339057196,0.4722956,0.0,0.0,0,0.0,0,0.0,Commons,Commons,4.218847e-12
E4,ct2,dial,rate.*=1.1,p[care]*0.5,3,CONVERGED,CONVERGED,512,512,-,-,29,29,0.38026707333115745,0.3802671,0.0,0.0,0,0.0,0,0.0,Commons,Commons,3.330669e-12
E4,ct2,dial,rate.*=1.1,p[shelter]*2,3,CONVERGED,CONVERGED,524,524,-,-,0,0,0.5263758648647171,0.5263759,0.0,0.0,0,0.0,0,0.0,Commons,Commons,2.664535e-12
E4,ct2,dial,rate.*=1.1,p[mach]*2,3,CONVERGED,CONVERGED,474,474,-,-,34,35,0.26131898440681733,0.261319,0.0,0.0,0,0.0,0,0.0,Commons,Commons,2.109424e-12
E4,ct2,dial,rate.*=1.1,p[shelter]*0.5,3,CONVERGED,CONVERGED,499,499,-,-,31,31,0.250092789476466,0.2500928,0.0,0.0,0,0.0,0,0.0,Commons,Commons,5.551115e-12
E4,ct2,dial,rate.*=1.1,p[mach]*0.5,3,CONVERGED,CONVERGED,711,711,-,-,134,134,0.0518481254643184,0.05184813,0.0,0.0,0,0.0,2,2.0,Commons,Commons,5.77316e-12
E4,ct2,dial,rate.*=1.1,s[manufactures]*2,3,CONVERGED,CONVERGED,138,138,-,-,0,0,0.9999999999999981,1.0,0.0,0.0,0,0.0,0,0.0,Commons,Commons,2.220446e-12
E4,ct2,dial,rate.*=1.1,s[manufactures]*0.5,3,CONVERGED,CONVERGED,124,124,-,-,0,0,0.9999999999999981,1.0,0.0,0.0,0,0.0,0,0.0,Commons,Commons,2.220446e-12
E4,ct2,dial,rate.*=1.1,s[food]*2,3,CONVERGED,CONVERGED,473,473,-,-,12,12,0.0,0.0,0.0,0.0,0,0.0,2,2.0,Commons,Commons,2.664535e-12
E4,ct2,dial,rate.*=1.1,s[food]*0.5,3,CONVERGED,CONVERGED,288,288,-,-,0,0,0.96227207624209,0.9622721,0.0,0.0,0,0.0,0,0.0,Commons,Commons,4.884981e-12
E4,ct2,dial,rate.*=1.1,s[care]*2,3,CONVERGED,CONVERGED,138,138,-,-,0,0,0.9999999999999981,1.0,0.0,0.0,0,0.0,0,0.0,Commons,Commons,2.220446e-12
E4,ct2,dial,rate.*=1.1,s[care]*0.5,3,CONVERGED,CONVERGED,416,416,-,-,0,0,0.8024884047766456,0.8024884,0.0,0.0,0,0.0,0,0.0,Commons,Commons,2.88658e-12
E4,ct2,dial,rate.*=1.1,s[shelter]*2,3,CONVERGED,CONVERGED,446,446,-,-,1,1,0.5118166270007173,0.5118166,0.0,0.0,0,0.0,0,0.0,Commons,Commons,2.664535e-12
E4,ct2,dial,rate.*=1.1,s[shelter]*0.5,3,CONVERGED,CONVERGED,122,122,-,-,0,0,0.994028852706178,0.9940289,0.0,0.0,0,0.0,0,0.0,Commons,Commons,3.108624e-12
E4,ct2,dial,rate.*=1.1,JA(2),3,CONVERGED,CONVERGED,478,478,-,-,19,19,0.00550991946772498,0.005509919,0.0,0.0,0,0.0,0,0.0,Commons,Commons,1.44329e-12
E4,ct2,dial,rate.*=1.1,JA(0.5),3,CONVERGED,CONVERGED,717,717,-,-,136,136,0.037833848787373,0.03783385,0.0,0.0,0,0.0,2,2.0,Commons,Commons,3.330669e-12
E4,ct2,dial,rate.*=1.1,JB(2),3,CONVERGED,CONVERGED,682,682,-,-,136,136,0.06308887569617222,0.06308888,0.0,0.0,0,0.0,2,2.0,Commons,Commons,3.552714e-12
E4,ct2,dial,rate.*=1.1,JB(0.5),3,CONVERGED,CONVERGED,636,636,-,-,62,62,0.0,0.0,0.0,0.0,0,0.0,0,0.0,Commons,Commons,5.77316e-12
E4,ct2,dial,rate.*=1.1,N(2),3,CONVERGED,CONVERGED,380,380,-,-,29,29,0.4226418616214253,0.4226419,0.0,0.0,0,0.0,0,0.0,Commons,Commons,1.221245e-12
E4,ct2,dial,rate.*=1.1,N(0.5),3,CONVERGED,CONVERGED,507,507,-,-,30,30,0.40478846856454775,0.4047885,0.0,0.0,0,0.0,0,0.0,Commons,Commons,5.551115e-12
E4,ct2,dial,rate.*=1.1,x*/2,3,CONVERGED,CONVERGED,483,483,-,-,39,39,0.0,0.0,0.0,0.0,0,0.0,0,0.0,Commons,Commons,5.329071e-12
E4,ct2,dial,rate.*=1.1,RC(2),3,CONVERGED,CONVERGED,494,494,-,-,46,46,0.17973631504048965,0.1797363,0.0,0.0,0,0.0,2,2.0,Commons,Commons,3.330669e-12
E4,ct2,dial,rate.*=1.1,RC(0.5),3,CONVERGED,CONVERGED,560,560,-,-,111,111,0.10632135586187196,0.1063214,0.0,0.0,0,0.0,2,2.0,Commons,Commons,3.552714e-12
E4,ct2,dial,rate.*=1.1,land.mach=0.8@genesis,3,CONVERGED,CONVERGED,531,531,-,-,110,110,0.030513950451933624,0.03051395,0.0,0.0,0,0.0,2,2.0,Commons,Commons,3.108624e-12
E4,ct2,dial,rate.*=1.1,land.mach=0.2@genesis,3,CONVERGED,CONVERGED,597,597,-,-,0,0,0.5641513693956,0.5641514,0.0,0.0,0,0.0,2,2.0,Commons,Commons,4.196643e-11
E4,ct2,dial,rate.*=1.1,b.food=0.3@genesis,3,CONVERGED,CONVERGED,474,474,-,-,20,20,0.36643991604667264,0.3664399,0.0,0.0,0,0.0,0,0.0,Commons,Commons,2.88658e-12
E4,ct2,dial,rate.*=1.1,exit.To=39@genesis,3,VACUOUS,VACUOUS,0,0,-,-,0,0,0.9999999999999981,1.0,0.0,0.0,0,0.0,0,0.0,Commons,Commons,5.551115e-13
E4,ct2,dial,rate.*=1.1,exit.To=9.75@genesis,3,CONVERGED,CONVERGED,423,423,-,-,0,0,0.9832382099720729,0.9802049,2.1297977272025395,2.129798,0,0.0,1,1.0,Enclosed,Enclosed,2.664535e-12
E4,ct2,dial,rate.*=1.1,exit.To=9.75@dated,3,CONVERGED,CONVERGED,423,423,-,-,0,0,0.9832382099720725,0.9802049,2.1297977272025355,2.129798,0,0.0,1,1.0,Enclosed,Enclosed,2.664535e-12
E4,ct2,dial,rate.*=1.1,land.mach=0.8@dated,3,CONVERGED,CONVERGED,531,531,-,-,111,111,0.03120407296261749,0.03120407,0.0,0.0,0,0.0,2,2.0,Commons,Commons,3.330669e-12
E4,ct2,dial,rate.*=1.1,land.mach=0.2@dated,3,CONVERGED,CONVERGED,493,493,-,-,0,0,0.5641513693955993,0.5641514,0.0,0.0,0,0.0,2,2.0,Commons,Commons,7.427392e-11
E4,ct2,dial,rate.*=1.1,b.food=0.3@dated,3,CONVERGED,CONVERGED,474,474,-,-,20,20,0.36553210097963995,0.3655321,0.0,0.0,0,0.0,0,0.0,Commons,Commons,3.663736e-12
E4,ct2,dial,rate.*=1.1,exit.To=39@dated,3,VACUOUS,VACUOUS,0,0,-,-,0,0,0.9999999999999992,1.0,0.0,0.0,0,0.0,0,0.0,Commons,Commons,5.551115e-13
E4,ct2,dial,rate.*=1.1,b.food=1.2@genesis,3,CONVERGED,CONVERGED,692,692,-,-,95,95,0.24841546435895534,0.2484155,0.021823168443955158,0.02182125,0,0.0,1,1.0,Commons,Crowded,2.398082e-11
E4,ct2,dial,rate.*=1.1,b.food=1.2@dated,3,CONVERGED,CONVERGED,691,691,-,-,94,94,0.2552515699761172,0.2552516,0.02182316785368256,0.02182125,0,0.0,1,1.0,Commons,Crowded,2.930989e-11
E4,ct2,dial,buffer.*=1.1,p[labour]*2,3,CONVERGED,CONVERGED,345,345,-,-,0,0,0.6552593359210113,0.6552593,0.0,0.0,0,0.0,0,0.0,Commons,Commons,4.218847e-12
E4,ct2,dial,buffer.*=1.1,p[labour]*0.5,3,CONVERGED,CONVERGED,523,523,-,-,74,74,0.0,0.0,0.0,0.0,0,0.0,2,2.0,Commons,Commons,2.664535e-12
E4,ct2,dial,buffer.*=1.1,p[land]*2,3,CONVERGED,CONVERGED,582,582,-,-,126,126,0.03478479829520934,0.0347848,0.0,0.0,0,0.0,2,2.0,Commons,Commons,2.664535e-12
E4,ct2,dial,buffer.*=1.1,p[land]*0.5,3,CONVERGED,CONVERGED,490,490,-,-,23,23,0.3914995711529799,0.3914996,0.0,0.0,0,0.0,0,0.0,Commons,Commons,6.217249e-12
E4,ct2,dial,buffer.*=1.1,p[manufactures]*2,3,CONVERGED,CONVERGED,329,329,-,-,0,0,0.8172009271606382,0.8172009,0.0,0.0,0,0.0,0,0.0,Commons,Commons,5.77316e-12
E4,ct2,dial,buffer.*=1.1,p[manufactures]*0.5,3,CONVERGED,CONVERGED,506,506,-,-,33,33,0.34472996808935347,0.34473,0.0,0.0,0,0.0,0,0.0,Commons,Commons,3.108624e-12
E4,ct2,dial,buffer.*=1.1,p[food]*2,3,CONVERGED,CONVERGED,480,480,-,-,30,30,0.12443454069369408,0.1244345,0.0,0.0,0,0.0,2,2.0,Commons,Commons,2.220446e-12
E4,ct2,dial,buffer.*=1.1,p[food]*0.5,3,CONVERGED,CONVERGED,523,523,-,-,34,34,0.4117179596775128,0.411718,0.0,0.0,0,0.0,2,2.0,Commons,Commons,5.995204e-12
E4,ct2,dial,buffer.*=1.1,p[care]*0.5,3,CONVERGED,CONVERGED,398,398,-,-,33,33,0.3426170492652539,0.342617,0.0,0.0,0,0.0,0,0.0,Commons,Commons,4.440892e-12
E4,ct2,dial,buffer.*=1.1,p[care]*2,3,CONVERGED,CONVERGED,341,341,-,-,0,0,0.661104631008528,0.6611046,0.0,0.0,0,0.0,0,0.0,Commons,Commons,5.107026e-12
E4,ct2,dial,buffer.*=1.1,p[shelter]*2,3,CONVERGED,CONVERGED,512,512,-,-,0,0,0.505747426241654,0.5057474,0.0,0.0,0,0.0,0,0.0,Commons,Commons,5.995204e-12
E4,ct2,dial,buffer.*=1.1,p[shelter]*0.5,3,CONVERGED,CONVERGED,511,511,-,-,35,35,0.20465887747649383,0.2046589,0.0,0.0,0,0.0,0,0.0,Commons,Commons,1.998401e-12
E4,ct2,dial,buffer.*=1.1,p[mach]*2,3,CONVERGED,CONVERGED,502,502,-,-,37,38,0.2557283874271332,0.2557284,0.0,0.0,0,0.0,0,0.0,Commons,Commons,3.330669e-12
E4,ct2,dial,buffer.*=1.1,p[mach]*0.5,3,CONVERGED,CONVERGED,600,600,-,-,150,150,0.031106736423697337,0.03110674,0.0,0.0,0,0.0,2,2.0,Commons,Commons,3.996803e-12
E4,ct2,dial,buffer.*=1.1,s[manufactures]*2,3,CONVERGED,CONVERGED,138,138,-,-,0,0,0.9999999999999981,1.0,0.0,0.0,0,0.0,0,0.0,Commons,Commons,2.220446e-12
E4,ct2,dial,buffer.*=1.1,s[manufactures]*0.5,3,CONVERGED,CONVERGED,124,124,-,-,0,0,0.9999999999999981,1.0,0.0,0.0,0,0.0,0,0.0,Commons,Commons,2.220446e-12
E4,ct2,dial,buffer.*=1.1,s[food]*2,3,CONVERGED,CONVERGED,484,484,-,-,14,14,0.0,0.0,0.0,0.0,0,0.0,2,2.0,Commons,Commons,3.330669e-12
E4,ct2,dial,buffer.*=1.1,s[food]*0.5,3,CONVERGED,CONVERGED,275,275,-,-,0,0,0.9606583879125392,0.9606584,0.0,0.0,0,0.0,0,0.0,Commons,Commons,7.105427e-12
E4,ct2,dial,buffer.*=1.1,s[care]*0.5,3,CONVERGED,CONVERGED,317,317,-,-,0,0,0.7954901550092066,0.7954902,0.0,0.0,0,0.0,0,0.0,Commons,Commons,3.885781e-12
E4,ct2,dial,buffer.*=1.1,s[care]*2,3,CONVERGED,CONVERGED,138,138,-,-,0,0,0.9999999999999981,1.0,0.0,0.0,0,0.0,0,0.0,Commons,Commons,2.220446e-12
E4,ct2,dial,buffer.*=1.1,s[shelter]*2,3,CONVERGED,CONVERGED,325,325,-,-,1,1,0.5037153417466302,0.5037153,0.0,0.0,0,0.0,0,0.0,Commons,Commons,7.105427e-12
E4,ct2,dial,buffer.*=1.1,s[shelter]*0.5,3,CONVERGED,CONVERGED,122,122,-,-,0,0,0.9936646417790648,0.9936646,0.0,0.0,0,0.0,0,0.0,Commons,Commons,3.552714e-12
E4,ct2,dial,buffer.*=1.1,JA(2),3,CONVERGED,CONVERGED,496,496,-,-,20,20,0.0,0.0,0.0,0.0,0,0.0,0,0.0,Commons,Commons,2.220446e-12
E4,ct2,dial,buffer.*=1.1,JA(0.5),3,CONVERGED,CONVERGED,607,607,-,-,150,150,0.02418874670403818,0.02418875,0.0,0.0,0,0.0,2,2.0,Commons,Commons,2.88658e-12
E4,ct2,dial,buffer.*=1.1,N(2),3,CONVERGED,CONVERGED,422,422,-,-,32,32,0.4226418616214253,0.4226419,0.0,0.0,0,0.0,0,0.0,Commons,Commons,2.664535e-12
E4,ct2,dial,buffer.*=1.1,JB(2),3,CONVERGED,CONVERGED,596,596,-,-,153,153,0.03421684326998264,0.03421684,0.0,0.0,0,0.0,2,2.0,Commons,Commons,2.442491e-12
E4,ct2,dial,buffer.*=1.1,JB(0.5),3,CONVERGED,CONVERGED,515,515,-,-,69,69,0.0,0.0,0.0,0.0,0,0.0,0,0.0,Commons,Commons,1.776357e-12
E4,ct2,dial,buffer.*=1.1,N(0.5),3,CONVERGED,CONVERGED,522,522,-,-,36,36,0.3798721564524317,0.3798722,0.0,0.0,0,0.0,0,0.0,Commons,Commons,2.442491e-12
E4,ct2,dial,buffer.*=1.1,RC(2),3,CONVERGED,CONVERGED,504,504,-,-,50,50,0.14095760076758534,0.1409576,0.0,0.0,0,0.0,2,2.0,Commons,Commons,3.996803e-12
E4,ct2,dial,buffer.*=1.1,RC(0.5),3,CONVERGED,CONVERGED,587,587,-,-,128,128,0.07873183199693239,0.07873183,0.0,0.0,0,0.0,2,2.0,Commons,Commons,4.440892e-12
E4,ct2,dial,buffer.*=1.1,x*/2,3,CONVERGED,CONVERGED,494,494,-,-,41,41,0.0,0.0,0.0,0.0,0,0.0,0,0.0,Commons,Commons,3.441691e-12
E4,ct2,dial,buffer.*=1.1,land.mach=0.8@genesis,3,CONVERGED,CONVERGED,557,557,-,-,127,127,0.020130497797468224,0.0201305,0.0,0.0,0,0.0,2,2.0,Commons,Commons,4.218847e-12
E4,ct2,dial,buffer.*=1.1,land.mach=0.2@genesis,3,CONVERGED,CONVERGED,447,447,-,-,0,0,0.5641513693956,0.5641514,0.0,0.0,0,0.0,2,2.0,Commons,Commons,7.482903e-11
E4,ct2,dial,buffer.*=1.1,b.food=0.3@genesis,3,CONVERGED,CONVERGED,447,447,-,-,23,23,0.3334719337683263,0.3334719,0.0,0.0,0,0.0,0,0.0,Commons,Commons,5.107026e-12
E4,ct2,dial,buffer.*=1.1,exit.To=39@genesis,3,VACUOUS,VACUOUS,0,0,-,-,0,0,0.9999999999999981,1.0,0.0,0.0,0,0.0,0,0.0,Commons,Commons,5.551115e-13
E4,ct2,dial,buffer.*=1.1,exit.To=9.75@genesis,3,CONVERGED,CONVERGED,438,438,-,-,0,0,0.9813284294785785,0.9783008,2.1216120237697877,2.121612,0,0.0,1,1.0,Enclosed,Enclosed,3.552714e-12
E4,ct2,dial,buffer.*=1.1,land.mach=0.8@dated,3,CONVERGED,CONVERGED,557,557,-,-,127,127,0.020624854170143536,0.02062485,0.0,0.0,0,0.0,2,2.0,Commons,Commons,2.88658e-12
E4,ct2,dial,buffer.*=1.1,exit.To=39@dated,3,VACUOUS,VACUOUS,0,0,-,-,0,0,0.9999999999999993,1.0,0.0,0.0,0,0.0,0,0.0,Commons,Commons,5.551115e-13
E4,ct2,dial,buffer.*=1.1,exit.To=9.75@dated,3,CONVERGED,CONVERGED,438,438,-,-,0,0,0.9813284294785771,0.9783008,2.1216120237697838,2.121612,0,0.0,1,1.0,Enclosed,Enclosed,3.552714e-12
E4,ct2,dial,buffer.*=1.1,land.mach=0.2@dated,3,CONVERGED,CONVERGED,450,450,-,-,0,0,0.5641513693955993,0.5641514,0.0,0.0,0,0.0,2,2.0,Commons,Commons,7.160939e-11
E4,ct2,dial,buffer.*=1.1,b.food=0.3@dated,3,CONVERGED,CONVERGED,447,447,-,-,23,23,0.33254759314193866,0.3325476,0.0,0.0,0,0.0,0,0.0,Commons,Commons,6.217249e-12
E4,ct2,dial,buffer.*=1.1,b.food=1.2@genesis,3,CONVERGED,CONVERGED,10915,10915,-,-,108,108,0.18486250864232898,0.1848625,0.021819266330273257,0.02182125,0,0.0,1,1.0,Crowded,Crowded,1.907918e-09
E4,ct2,dial,buffer.*=1.1,b.food=1.2@dated,3,CONVERGED,CONVERGED,10575,10575,-,-,108,108,0.18947746289948195,0.1894775,0.021819266294246898,0.02182125,0,0.0,1,1.0,Crowded,Crowded,1.810108e-09
E4,ct2,dial,adjust.*=1.1,p[labour]*2,3,CONVERGED,CONVERGED,355,355,-,-,0,0,0.6563729509380843,0.656373,0.0,0.0,0,0.0,0,0.0,Commons,Commons,5.77316e-12
E4,ct2,dial,adjust.*=1.1,p[labour]*0.5,3,CONVERGED,CONVERGED,535,535,-,-,69,69,0.0,0.0,0.0,0.0,0,0.0,2,2.0,Commons,Commons,4.218847e-12
E4,ct2,dial,adjust.*=1.1,p[land]*2,3,CONVERGED,CONVERGED,591,591,-,-,123,123,0.041951338712853795,0.04195134,0.0,0.0,0,0.0,2,2.0,Commons,Commons,3.774758e-12
E4,ct2,dial,adjust.*=1.1,p[land]*0.5,3,CONVERGED,CONVERGED,647,647,-,-,18,18,0.4001549285137081,0.4001549,0.0,0.0,0,0.0,0,0.0,Commons,Commons,6.217249e-12
E4,ct2,dial,adjust.*=1.1,p[manufactures]*2,3,CONVERGED,CONVERGED,341,341,-,-,0,0,0.8241550412887813,0.824155,0.0,0.0,0,0.0,0,0.0,Commons,Commons,4.884981e-12
E4,ct2,dial,adjust.*=1.1,p[manufactures]*0.5,3,CONVERGED,CONVERGED,545,545,-,-,32,32,0.36471698147868226,0.364717,0.0,0.0,0,0.0,0,0.0,Commons,Commons,4.884981e-12
E4,ct2,dial,adjust.*=1.1,p[food]*0.5,3,CONVERGED,CONVERGED,538,538,-,-,29,29,0.44854136720292626,0.4485414,0.0,0.0,0,0.0,2,2.0,Commons,Commons,6.217249e-12
E4,ct2,dial,adjust.*=1.1,p[food]*2,3,CONVERGED,CONVERGED,498,498,-,-,30,30,0.1228845914175008,0.1228846,0.0,0.0,0,0.0,2,2.0,Commons,Commons,2.88658e-12
E4,ct2,dial,adjust.*=1.1,p[care]*2,3,CONVERGED,CONVERGED,485,485,-,-,0,0,0.6881866732440347,0.6881867,0.0,0.0,0,0.0,0,0.0,Commons,Commons,5.77316e-12
E4,ct2,dial,adjust.*=1.1,p[care]*0.5,3,CONVERGED,CONVERGED,543,543,-,-,32,32,0.36153324563640793,0.3615332,0.0,0.0,0,0.0,0,0.0,Commons,Commons,2.664535e-12
E4,ct2,dial,adjust.*=1.1,p[shelter]*2,3,CONVERGED,CONVERGED,553,553,-,-,0,0,0.5105591398094274,0.5105591,0.0,0.0,0,0.0,0,0.0,Commons,Commons,3.774758e-12
E4,ct2,dial,adjust.*=1.1,p[shelter]*0.5,3,CONVERGED,CONVERGED,528,528,-,-,34,34,0.22574244324936837,0.2257424,0.0,0.0,0,0.0,0,0.0,Commons,Commons,3.330669e-12
E4,ct2,dial,adjust.*=1.1,s[manufactures]*2,3,CONVERGED,CONVERGED,125,125,-,-,0,0,0.9999999999999981,1.0,0.0,0.0,0,0.0,0,0.0,Commons,Commons,1.998401e-12
E4,ct2,dial,adjust.*=1.1,p[mach]*0.5,3,CONVERGED,CONVERGED,618,618,-,-,149,149,0.03937592024166002,0.03937592,0.0,0.0,0,0.0,2,2.0,Commons,Commons,2.442491e-12
E4,ct2,dial,adjust.*=1.1,p[mach]*2,3,CONVERGED,CONVERGED,514,514,-,-,37,38,0.23371437038176074,0.2337144,0.0,0.0,0,0.0,0,0.0,Commons,Commons,3.441691e-12
E4,ct2,dial,adjust.*=1.1,s[manufactures]*0.5,3,CONVERGED,CONVERGED,113,113,-,-,0,0,0.9999999999999981,1.0,0.0,0.0,0,0.0,0,0.0,Commons,Commons,1.998401e-12
E4,ct2,dial,adjust.*=1.1,s[food]*2,3,CONVERGED,CONVERGED,500,500,-,-,13,13,0.0,0.0,0.0,0.0,0,0.0,2,2.0,Commons,Commons,9.992007e-13
E4,ct2,dial,adjust.*=1.1,s[shelter]*2,3,CONVERGED,CONVERGED,447,447,-,-,1,1,0.5095918594160354,0.5095919,0.0,0.0,0,0.0,0,0.0,Commons,Commons,5.77316e-12
E4,ct2,dial,adjust.*=1.1,s[care]*2,3,CONVERGED,CONVERGED,125,125,-,-,0,0,0.9999999999999981,1.0,0.0,0.0,0,0.0,0,0.0,Commons,Commons,1.998401e-12
E4,ct2,dial,adjust.*=1.1,s[food]*0.5,3,CONVERGED,CONVERGED,297,297,-,-,0,0,0.9624083463119771,0.9624083,0.0,0.0,0,0.0,0,0.0,Commons,Commons,5.107026e-12
E4,ct2,dial,adjust.*=1.1,s[care]*0.5,3,CONVERGED,CONVERGED,324,324,-,-,0,0,0.8002098273365046,0.8002098,0.0,0.0,0,0.0,0,0.0,Commons,Commons,1.776357e-12
E4,ct2,dial,adjust.*=1.1,s[shelter]*0.5,3,CONVERGED,CONVERGED,112,112,-,-,0,0,0.9939066091175524,0.9939066,0.0,0.0,0,0.0,0,0.0,Commons,Commons,2.664535e-12
E4,ct2,dial,adjust.*=1.1,JB(2),3,CONVERGED,CONVERGED,607,607,-,-,151,151,0.0449239599464335,0.04492396,0.0,0.0,0,0.0,2,2.0,Commons,Commons,3.330669e-12
E4,ct2,dial,adjust.*=1.1,JA(2),3,CONVERGED,CONVERGED,509,509,-,-,20,20,0.0,0.0,0.0,0.0,0,0.0,0,0.0,Commons,Commons,2.220446e-12
E4,ct2,dial,adjust.*=1.1,JB(0.5),3,CONVERGED,CONVERGED,528,528,-,-,66,66,0.0,0.0,0.0,0.0,0,0.0,0,0.0,Commons,Commons,1.554312e-12
E4,ct2,dial,adjust.*=1.1,JA(0.5),3,CONVERGED,CONVERGED,624,624,-,-,150,150,0.032685517490321676,0.03268552,0.0,0.0,0,0.0,2,2.0,Commons,Commons,3.108624e-12
E4,ct2,dial,adjust.*=1.1,N(2),3,CONVERGED,CONVERGED,420,420,-,-,31,31,0.4226418616214253,0.4226419,0.0,0.0,0,0.0,0,0.0,Commons,Commons,3.108624e-12
E4,ct2,dial,adjust.*=1.1,N(0.5),3,CONVERGED,CONVERGED,537,537,-,-,33,33,0.3957043917860356,0.3957044,0.0,0.0,0,0.0,0,0.0,Commons,Commons,2.442491e-12
E4,ct2,dial,adjust.*=1.1,RC(2),3,CONVERGED,CONVERGED,523,523,-,-,51,51,0.16190090849167246,0.1619009,0.0,0.0,0,0.0,2,2.0,Commons,Commons,4.662937e-12
E4,ct2,dial,adjust.*=1.1,x*/2,3,CONVERGED,CONVERGED,510,510,-,-,39,39,0.0,0.0,0.0,0.0,0,0.0,2,2.0,Commons,Commons,1.887379e-12
E4,ct2,dial,adjust.*=1.1,land.mach=0.8@genesis,3,CONVERGED,CONVERGED,570,570,-,-,125,125,0.024420359466889852,0.02442036,0.0,0.0,0,0.0,2,2.0,Commons,Commons,3.996803e-12
E4,ct2,dial,adjust.*=1.1,RC(0.5),3,CONVERGED,CONVERGED,600,600,-,-,125,125,0.09079998950722006,0.09079999,0.0,0.0,0,0.0,2,2.0,Commons,Commons,2.553513e-12
E4,ct2,dial,adjust.*=1.1,land.mach=0.2@genesis,3,CONVERGED,CONVERGED,479,479,-,-,0,0,0.5641513693956,0.5641514,0.0,0.0,0,0.0,2,2.0,Commons,Commons,7.460699e-11
E4,ct2,dial,adjust.*=1.1,b.food=0.3@genesis,3,CONVERGED,CONVERGED,491,491,-,-,23,23,0.3489517667294271,0.3489518,0.0,0.0,0,0.0,0,0.0,Commons,Commons,5.329071e-12
E4,ct2,dial,adjust.*=1.1,exit.To=39@genesis,3,VACUOUS,VACUOUS,0,0,-,-,0,0,0.9999999999999981,1.0,0.0,0.0,0,0.0,0,0.0,Commons,Commons,5.551115e-13
E4,ct2,dial,adjust.*=1.1,exit.To=9.75@genesis,3,CONVERGED,CONVERGED,449,449,-,-,0,0,0.9815458660488207,0.9785179,2.1212376946064833,2.121238,0,0.0,1,1.0,Enclosed,Enclosed,6.217249e-12
E4,ct2,dial,adjust.*=1.1,land.mach=0.2@dated,3,CONVERGED,CONVERGED,479,479,-,-,0,0,0.5641513693955993,0.5641514,0.0,0.0,0,0.0,2,2.0,Commons,Commons,5.717649e-11
E4,ct2,dial,adjust.*=1.1,b.food=0.3@dated,3,CONVERGED,CONVERGED,491,491,-,-,23,23,0.34813153801141117,0.3481315,0.0,0.0,0,0.0,0,0.0,Commons,Commons,4.884981e-12
E4,ct2,dial,adjust.*=1.1,land.mach=0.8@dated,3,CONVERGED,CONVERGED,569,569,-,-,124,124,0.024969593561078758,0.02496959,0.0,0.0,0,0.0,2,2.0,Commons,Commons,6.217249e-12
E4,ct2,dial,adjust.*=1.1,exit.To=39@dated,3,VACUOUS,VACUOUS,0,0,-,-,0,0,0.9999999999999992,1.0,0.0,0.0,0,0.0,0,0.0,Commons,Commons,5.551115e-13
E4,ct2,dial,adjust.*=1.1,exit.To=9.75@dated,3,CONVERGED,CONVERGED,449,449,-,-,0,0,0.981545866048818,0.9785179,2.121237694606488,2.121238,0,0.0,1,1.0,Enclosed,Enclosed,6.217249e-12
E4,ct2,dial,adjust.*=1.1,b.food=1.2@genesis,3,CONVERGED,CONVERGED,2220,2220,-,-,107,107,0.2054368148692154,0.2054368,0.021819266030489393,0.02182125,0,0.0,1,1.0,Crowded,Crowded,5.064837e-10
E4,ct2,dial,adjust.*=1.1,b.food=1.2@dated,3,CONVERGED,CONVERGED,1676,1676,-,-,106,106,0.21070990191479208,0.2107099,0.0218192661668821,0.02182125,0,0.0,1,1.0,Crowded,Crowded,4.624079e-10
E4,ct2,dial,rate.*=1.25,p[labour]*0.5,3,CONVERGED,CONVERGED,591,591,-,-,53,53,0.0,0.0,0.0,0.0,0,0.0,4,4.0,Commons,Commons,4.218847e-12
E4,ct2,dial,rate.*=1.25,p[land]*2,3,CONVERGED,CONVERGED,624,624,-,-,96,96,0.06689201713526895,0.06689202,0.0,0.0,0,0.0,2,2.0,Commons,Commons,4.440892e-12
E4,ct2,dial,rate.*=1.25,p[land]*0.5,3,CONVERGED,CONVERGED,576,576,-,-,15,15,0.41011838718336635,0.4101184,0.0,0.0,0,0.0,0,0.0,Commons,Commons,3.108624e-12
E4,ct2,dial,rate.*=1.25,p[labour]*2,3,CONVERGED,CONVERGED,425,425,-,-,0,0,0.6552593359210113,0.6552593,0.0,0.0,0,0.0,0,0.0,Commons,Commons,2.442491e-12
E4,ct2,dial,rate.*=1.25,p[manufactures]*2,3,CONVERGED,CONVERGED,424,424,-,-,0,0,0.8437434863434311,0.8437435,0.0,0.0,0,0.0,0,0.0,Commons,Commons,2.220446e-12
E4,ct2,dial,rate.*=1.25,p[manufactures]*0.5,3,CONVERGED,CONVERGED,481,481,-,-,24,24,0.40967457829176174,0.4096746,0.0,0.0,0,0.0,0,0.0,Commons,Commons,3.552714e-12
E4,ct2,dial,rate.*=1.25,p[food]*2,3,CONVERGED,CONVERGED,435,435,-,-,24,24,0.16433895793278147,0.164339,0.0,0.0,0,0.0,2,2.0,Commons,Commons,2.88658e-12
E4,ct2,dial,rate.*=1.25,p[food]*0.5,3,CONVERGED,CONVERGED,465,465,-,-,0,0,0.5009162733385332,0.5009163,0.0,0.0,0,0.0,0,0.0,Commons,Commons,2.109424e-12
E4,ct2,dial,rate.*=1.25,p[care]*2,3,CONVERGED,CONVERGED,429,429,-,-,0,0,0.7532224374496644,0.7532224,0.0,0.0,0,0.0,0,0.0,Commons,Commons,3.330669e-12
E4,ct2,dial,rate.*=1.25,p[care]*0.5,3,CONVERGED,CONVERGED,478,478,-,-,24,24,0.404964421962161,0.4049644,0.0,0.0,0,0.0,0,0.0,Commons,Commons,2.664535e-12
E4,ct2,dial,rate.*=1.25,p[shelter]*2,3,CONVERGED,CONVERGED,485,485,-,-,0,0,0.5371488447853618,0.5371488,0.0,0.0,0,0.0,0,0.0,Commons,Commons,1.776357e-12
E4,ct2,dial,rate.*=1.25,p[shelter]*0.5,3,CONVERGED,CONVERGED,593,593,-,-,26,26,0.2859221369009657,0.2859221,0.0,0.0,0,0.0,0,0.0,Commons,Commons,3.774758e-12
E4,ct2,dial,rate.*=1.25,p[mach]*2,3,CONVERGED,CONVERGED,563,563,-,-,30,31,0.27996788842940645,0.2799679,0.0,0.0,0,0.0,0,0.0,Commons,Commons,2.664535e-12
E4,ct2,dial,rate.*=1.25,s[manufactures]*2,3,CONVERGED,CONVERGED,138,138,-,-,0,0,0.9999999999999981,1.0,0.0,0.0,0,0.0,0,0.0,Commons,Commons,2.220446e-12
E4,ct2,dial,rate.*=1.25,p[mach]*0.5,3,CONVERGED,CONVERGED,658,658,-,-,116,116,0.07977676272713125,0.07977676,0.0,0.0,0,0.0,2,2.0,Commons,Commons,3.996803e-12
E4,ct2,dial,rate.*=1.25,s[food]*2,3,CONVERGED,CONVERGED,435,435,-,-,12,12,0.0,0.0,0.0,0.0,0,0.0,0,0.0,Commons,Commons,1.44329e-12
E4,ct2,dial,rate.*=1.25,s[food]*0.5,3,CONVERGED,CONVERGED,267,267,-,-,0,0,0.9644775762472515,0.9644776,0.0,0.0,0,0.0,0,0.0,Commons,Commons,3.330669e-12
E4,ct2,dial,rate.*=1.25,s[manufactures]*0.5,3,CONVERGED,CONVERGED,124,124,-,-,0,0,0.9999999999999981,1.0,0.0,0.0,0,0.0,0,0.0,Commons,Commons,2.220446e-12
E4,ct2,dial,rate.*=1.25,s[care]*2,3,CONVERGED,CONVERGED,138,138,-,-,0,0,0.9999999999999981,1.0,0.0,0.0,0,0.0,0,0.0,Commons,Commons,2.220446e-12
E4,ct2,dial,rate.*=1.25,s[shelter]*2,3,CONVERGED,CONVERGED,418,418,-,-,1,1,0.520154500240027,0.5201545,0.0,0.0,0,0.0,0,0.0,Commons,Commons,1.998401e-12
E4,ct2,dial,rate.*=1.25,s[shelter]*0.5,3,CONVERGED,CONVERGED,121,121,-,-,0,0,0.9943586691408024,0.9943587,0.0,0.0,0,0.0,0,0.0,Commons,Commons,4.662937e-12
E4,ct2,dial,rate.*=1.25,s[care]*0.5,3,CONVERGED,CONVERGED,409,409,-,-,0,0,0.8069321222047955,0.8069321,0.0,0.0,0,0.0,0,0.0,Commons,Commons,2.220446e-12
E4,ct2,dial,rate.*=1.25,JA(2),3,CONVERGED,CONVERGED,432,432,-,-,17,17,0.020538921686605004,0.02053892,0.0,0.0,0,0.0,0,0.0,Commons,Commons,1.998401e-12
E4,ct2,dial,rate.*=1.25,N(0.5),3,CONVERGED,CONVERGED,598,598,-,-,25,25,0.42232626074021384,0.4223263,0.0,0.0,0,0.0,0,0.0,Commons,Commons,2.88658e-12
E4,ct2,dial,rate.*=1.25,JB(2),3,CONVERGED,CONVERGED,651,651,-,-,118,118,0.09812142170698301,0.09812142,0.0,0.0,0,0.0,2,2.0,Commons,Commons,4.218847e-12
E4,ct2,dial,rate.*=1.25,JA(0.5),3,CONVERGED,CONVERGED,662,662,-,-,120,120,0.05065988241312723,0.05065988,0.0,0.0,0,0.0,2,2.0,Commons,Commons,2.442491e-12
E4,ct2,dial,rate.*=1.25,N(2),3,CONVERGED,CONVERGED,465,465,-,-,26,26,0.4226418616214253,0.4226419,0.0,0.0,0,0.0,0,0.0,Commons,Commons,3.552714e-12
E4,ct2,dial,rate.*=1.25,JB(0.5),3,CONVERGED,CONVERGED,600,600,-,-,56,56,0.0,0.0,0.0,0.0,0,0.0,0,0.0,Commons,Commons,2.664535e-12
E4,ct2,dial,rate.*=1.25,RC(2),3,CONVERGED,CONVERGED,449,449,-,-,41,41,0.20311888164047107,0.2031189,0.0,0.0,0,0.0,2,2.0,Commons,Commons,3.108624e-12
E4,ct2,dial,rate.*=1.25,RC(0.5),3,CONVERGED,CONVERGED,641,641,-,-,95,95,0.12678818185405835,0.1267882,0.0,0.0,0,0.0,2,2.0,Commons,Commons,4.884981e-12
E4,ct2,dial,rate.*=1.25,x*/2,3,CONVERGED,CONVERGED,575,575,-,-,33,33,0.0,0.0,0.0,0.0,0,0.0,0,0.0,Commons,Commons,3.774758e-12
E4,ct2,dial,rate.*=1.25,land.mach=0.2@genesis,3,CONVERGED,CONVERGED,1190,1190,-,-,0,0,0.5641513693956,0.5641514,0.0,0.0,0,0.0,2,2.0,Commons,Commons,7.11653e-11
E4,ct2,dial,rate.*=1.25,land.mach=0.8@genesis,3,CONVERGED,CONVERGED,565,565,-,-,93,93,0.040632917952240735,0.04063292,0.0,0.0,0,0.0,2,2.0,Commons,Commons,2.88658e-12
E4,ct2,dial,rate.*=1.25,b.food=0.3@genesis,3,CONVERGED,CONVERGED,572,572,-,-,17,17,0.3896572780751432,0.3896573,0.0,0.0,0,0.0,0,0.0,Commons,Commons,3.663736e-12
E4,ct2,dial,rate.*=1.25,exit.To=39@genesis,3,VACUOUS,VACUOUS,0,0,-,-,0,0,0.9999999999999981,1.0,0.0,0.0,0,0.0,0,0.0,Commons,Commons,5.551115e-13
E4,ct2,dial,rate.*=1.25,exit.To=9.75@genesis,3,CONVERGED,CONVERGED,389,389,-,-,0,0,0.9829888515576444,0.9799569,2.1284408727141586,2.128441,0,0.0,1,1.0,Enclosed,Enclosed,2.331468e-12
E4,ct2,dial,rate.*=1.25,b.food=0.3@dated,3,CONVERGED,CONVERGED,572,572,-,-,17,17,0.3886767258657491,0.3886767,0.0,0.0,0,0.0,0,0.0,Commons,Commons,3.108624e-12
E4,ct2,dial,rate.*=1.25,land.mach=0.2@dated,3,CONVERGED,CONVERGED,1192,1192,-,-,0,0,0.5641513693955993,0.5641514,0.0,0.0,0,0.0,2,2.0,Commons,Commons,1.287859e-11
E4,ct2,dial,rate.*=1.25,exit.To=9.75@dated,3,CONVERGED,CONVERGED,389,389,-,-,0,0,0.9829888515576439,0.9799569,2.128440872714153,2.128441,0,0.0,1,1.0,Enclosed,Enclosed,2.331468e-12
E4,ct2,dial,rate.*=1.25,land.mach=0.8@dated,3,CONVERGED,CONVERGED,565,565,-,-,94,94,0.04139328137790302,0.04139328,0.0,0.0,0,0.0,2,2.0,Commons,Commons,2.88658e-12
E4,ct2,dial,rate.*=1.25,exit.To=39@dated,3,VACUOUS,VACUOUS,0,0,-,-,0,0,0.9999999999999992,1.0,0.0,0.0,0,0.0,0,0.0,Commons,Commons,5.551115e-13
E4,ct2,dial,rate.*=1.25,b.food=1.2@genesis,3,CONVERGED,CONVERGED,1562,1562,-,-,79,79,0.3021400592590665,0.3021401,0.02182307977231537,0.02182125,0,0.0,1,1.0,Commons,Crowded,3.552714e-12
E4,ct2,dial,rate.*=1.25,b.food=1.2@dated,3,CONVERGED,CONVERGED,630,630,-,-,79,79,0.309869579974601,0.3098696,0.02182308062283779,0.02182125,0,0.0,1,1.0,Commons,Crowded,6.217249e-12
E4,ct2,dial,buffer.*=1.25,p[labour]*0.5,3,CONVERGED,CONVERGED,508,508,-,-,78,78,0.0,0.0,0.0,0.0,0,0.0,2,2.0,Commons,Commons,2.553513e-12
E4,ct2,dial,buffer.*=1.25,p[labour]*2,3,CONVERGED,CONVERGED,334,334,-,-,0,0,0.6552593359210113,0.6552593,0.0,0.0,0,0.0,0,0.0,Commons,Commons,5.329071e-12
E4,ct2,dial,buffer.*=1.25,p[land]*2,3,CONVERGED,CONVERGED,569,569,-,-,130,130,0.026348377610827253,0.02634838,0.0,0.0,0,0.0,2,2.0,Commons,Commons,3.330669e-12
E4,ct2,dial,buffer.*=1.25,p[land]*0.5,3,CONVERGED,CONVERGED,464,464,-,-,26,26,0.3670758738100421,0.3670759,0.0,0.0,0,0.0,0,0.0,Commons,Commons,1.554312e-12
E4,ct2,dial,buffer.*=1.25,p[manufactures]*2,3,CONVERGED,CONVERGED,312,312,-,-,0,0,0.8086794302554903,0.8086794,0.0,0.0,0,0.0,0,0.0,Commons,Commons,3.108624e-12
E4,ct2,dial,buffer.*=1.25,p[food]*2,3,CONVERGED,CONVERGED,342,342,-,-,30,30,0.12620146241274516,0.1262015,0.0,0.0,0,0.0,2,2.0,Commons,Commons,6.217249e-12
E4,ct2,dial,buffer.*=1.25,p[manufactures]*0.5,3,CONVERGED,CONVERGED,384,384,-,-,33,33,0.3182078680527541,0.3182079,0.0,0.0,0,0.0,0,0.0,Commons,Commons,4.440892e-12
E4,ct2,dial,buffer.*=1.25,p[food]*0.5,3,CONVERGED,CONVERGED,488,488,-,-,52,52,0.36755817740488494,0.3675582,0.0,0.0,0,0.0,2,2.0,Commons,Commons,2.88658e-12
E4,ct2,dial,buffer.*=1.25,p[shelter]*2,3,CONVERGED,CONVERGED,390,390,-,-,10,10,0.4813636564180579,0.4813637,0.0,0.0,0,0.0,0,0.0,Commons,Commons,5.107026e-12
E4,ct2,dial,buffer.*=1.25,p[care]*0.5,3,CONVERGED,CONVERGED,386,386,-,-,34,34,0.3167093123868636,0.3167093,0.0,0.0,0,0.0,0,0.0,Commons,Commons,5.995204e-12
E4,ct2,dial,buffer.*=1.25,p[care]*2,3,CONVERGED,CONVERGED,332,332,-,-,0,0,0.6322243699265427,0.6322244,0.0,0.0,0,0.0,0,0.0,Commons,Commons,2.88658e-12
E4,ct2,dial,buffer.*=1.25,p[mach]*2,3,CONVERGED,CONVERGED,465,465,-,-,36,37,0.2658861977997003,0.2658862,0.0,0.0,0,0.0,0,0.0,Commons,Commons,2.553513e-12
E4,ct2,dial,buffer.*=1.25,p[shelter]*0.5,3,CONVERGED,CONVERGED,486,486,-,-,36,36,0.18093489999445872,0.1809349,0.0,0.0,0,0.0,0,0.0,Commons,Commons,2.331468e-12
E4,ct2,dial,buffer.*=1.25,p[mach]*0.5,3,CONVERGED,CONVERGED,584,584,-,-,151,151,0.02125779952028512,0.0212578,0.0,0.0,0,0.0,2,2.0,Commons,Commons,4.662937e-12
E4,ct2,dial,buffer.*=1.25,s[manufactures]*2,3,CONVERGED,CONVERGED,138,138,-,-,0,0,0.9999999999999984,1.0,0.0,0.0,0,0.0,0,0.0,Commons,Commons,2.220446e-12
E4,ct2,dial,buffer.*=1.25,s[food]*2,3,CONVERGED,CONVERGED,346,346,-,-,21,21,0.0,0.0,0.0,0.0,0,0.0,2,2.0,Commons,Commons,5.329071e-12
E4,ct2,dial,buffer.*=1.25,s[manufactures]*0.5,3,CONVERGED,CONVERGED,124,124,-,-,0,0,0.9999999999999984,1.0,0.0,0.0,0,0.0,0,0.0,Commons,Commons,2.220446e-12
E4,ct2,dial,buffer.*=1.25,s[food]*0.5,3,CONVERGED,CONVERGED,164,164,-,-,0,0,0.9601949241116224,0.9601949,0.0,0.0,0,0.0,0,0.0,Commons,Commons,7.105427e-12
E4,ct2,dial,buffer.*=1.25,s[care]*2,3,CONVERGED,CONVERGED,138,138,-,-,0,0,0.9999999999999984,1.0,0.0,0.0,0,0.0,0,0.0,Commons,Commons,2.220446e-12
E4,ct2,dial,buffer.*=1.25,s[care]*0.5,3,CONVERGED,CONVERGED,308,308,-,-,0,0,0.7916087978067203,0.7916088,0.0,0.0,0,0.0,0,0.0,Commons,Commons,3.552714e-12
E4,ct2,dial,buffer.*=1.25,s[shelter]*2,3,CONVERGED,CONVERGED,313,313,-,-,1,1,0.5032028613185626,0.5032029,0.0,0.0,0,0.0,0,0.0,Commons,Commons,2.664535e-12
E4,ct2,dial,buffer.*=1.25,s[shelter]*0.5,3,CONVERGED,CONVERGED,122,122,-,-,0,0,0.9934135326430626,0.9934135,0.0,0.0,0,0.0,0,0.0,Commons,Commons,3.552714e-12
E4,ct2,dial,buffer.*=1.25,JA(2),3,CONVERGED,CONVERGED,357,357,-,-,20,20,0.0,0.0,0.0,0.0,0,0.0,0,0.0,Commons,Commons,5.551115e-12
E4,ct2,dial,buffer.*=1.25,N(2),3,CONVERGED,CONVERGED,420,420,-,-,33,33,0.422424419867681,0.4224244,0.0,0.0,0,0.0,0,0.0,Commons,Commons,4.218847e-12
E4,ct2,dial,buffer.*=1.25,JA(0.5),3,CONVERGED,CONVERGED,590,590,-,-,151,151,0.016920725054681354,0.01692073,0.0,0.0,0,0.0,2,2.0,Commons,Commons,3.108624e-12
E4,ct2,dial,buffer.*=1.25,RC(2),3,CONVERGED,CONVERGED,479,479,-,-,50,50,0.11799815207385456,0.1179982,0.0,0.0,0,0.0,2,2.0,Commons,Commons,3.330669e-12
E4,ct2,dial,buffer.*=1.25,JB(0.5),3,CONVERGED,CONVERGED,501,501,-,-,70,70,0.0,0.0,0.0,0.0,0,0.0,0,0.0,Commons,Commons,4.440892e-12
E4,ct2,dial,buffer.*=1.25,JB(2),3,CONVERGED,CONVERGED,580,580,-,-,155,155,0.022027815088670803,0.02202782,0.0,0.0,0,0.0,2,2.0,Commons,Commons,4.440892e-12
E4,ct2,dial,buffer.*=1.25,N(0.5),3,CONVERGED,CONVERGED,499,499,-,-,46,46,0.3646035267261705,0.3646035,0.0,0.0,0,0.0,0,0.0,Commons,Commons,3.441691e-12
E4,ct2,dial,buffer.*=1.25,land.mach=0.8@genesis,3,CONVERGED,CONVERGED,541,541,-,-,130,130,0.016029045620779423,0.01602905,0.0,0.0,0,0.0,2,2.0,Commons,Commons,3.774758e-12
E4,ct2,dial,buffer.*=1.25,x*/2,3,CONVERGED,CONVERGED,456,456,-,-,42,42,0.0,0.0,0.0,0.0,0,0.0,2,2.0,Commons,Commons,4.662937e-12
E4,ct2,dial,buffer.*=1.25,RC(0.5),3,CONVERGED,CONVERGED,570,570,-,-,129,129,0.06376555332711085,0.06376555,0.0,0.0,0,0.0,2,2.0,Commons,Commons,3.996803e-12
E4,ct2,dial,buffer.*=1.25,land.mach=0.2@genesis,3,CONVERGED,CONVERGED,473,473,-,-,0,0,0.5641513693956,0.5641514,0.0,0.0,0,0.0,2,2.0,Commons,Commons,1.276756e-11
E4,ct2,dial,buffer.*=1.25,b.food=0.3@genesis,3,CONVERGED,CONVERGED,332,332,-,-,24,24,0.3129756185968124,0.3129756,0.0,0.0,0,0.0,0,0.0,Commons,Commons,4.884981e-12
E4,ct2,dial,buffer.*=1.25,exit.To=39@genesis,3,VACUOUS,VACUOUS,0,0,-,-,0,0,0.9999999999999984,1.0,0.0,0.0,0,0.0,0,0.0,Commons,Commons,5.551115e-13
E4,ct2,dial,buffer.*=1.25,exit.To=9.75@genesis,3,CONVERGED,CONVERGED,424,424,-,-,0,0,0.9810383679695902,0.9780115,2.1222131037987975,2.122213,0,0.0,1,1.0,Enclosed,Enclosed,5.329071e-12
E4,ct2,dial,buffer.*=1.25,land.mach=0.8@dated,3,CONVERGED,CONVERGED,541,541,-,-,130,130,0.015240500874591185,0.0152405,0.0,0.0,0,0.0,2,2.0,Commons,Commons,4.440892e-12
E4,ct2,dial,buffer.*=1.25,b.food=0.3@dated,3,CONVERGED,CONVERGED,333,333,-,-,24,24,0.31197572890642705,0.3119757,0.0,0.0,0,0.0,0,0.0,Commons,Commons,5.551115e-12
E4,ct2,dial,buffer.*=1.25,land.mach=0.2@dated,3,CONVERGED,CONVERGED,473,473,-,-,0,0,0.5641513693955992,0.5641514,0.0,0.0,0,0.0,2,2.0,Commons,Commons,2.442491e-11
E4,ct2,dial,buffer.*=1.25,exit.To=39@dated,3,VACUOUS,VACUOUS,0,0,-,-,0,0,0.9999999999999993,1.0,0.0,0.0,0,0.0,0,0.0,Commons,Commons,5.551115e-13
E4,ct2,dial,buffer.*=1.25,exit.To=9.75@dated,3,CONVERGED,CONVERGED,424,424,-,-,0,0,0.981038367969592,0.9780115,2.122213103798801,2.122213,0,0.0,1,1.0,Enclosed,Enclosed,5.329071e-12
E4,ct2,dial,buffer.*=1.25,b.food=1.2@genesis,3,CONVERGED,CONVERGED,13711,13711,-,-,109,109,0.1570352476605897,0.1570352,0.021819266299982938,0.02182125,0,0.0,3,3.0,Crowded,Crowded,2.949085e-09
E4,ct2,dial,buffer.*=1.25,b.food=1.2@dated,3,CONVERGED,CONVERGED,13714,13714,-,-,108,108,0.15938376375531352,0.1593838,0.021819266344068042,0.02182125,0,0.0,3,3.0,Crowded,Crowded,2.954859e-09
E4,ct2,dial,adjust.*=1.25,p[labour]*2,3,CONVERGED,CONVERGED,357,357,-,-,0,0,0.6580374791905933,0.6580375,0.0,0.0,0,0.0,0,0.0,Commons,Commons,5.551115e-12
E4,ct2,dial,adjust.*=1.25,p[labour]*0.5,3,CONVERGED,CONVERGED,536,536,-,-,68,68,0.0,0.0,0.0,0.0,0,0.0,4,4.0,Commons,Commons,2.442491e-12
E4,ct2,dial,adjust.*=1.25,p[land]*2,3,CONVERGED,CONVERGED,592,592,-,-,123,123,0.04519338505233278,0.04519339,0.0,0.0,0,0.0,2,2.0,Commons,Commons,3.774758e-12
E4,ct2,dial,adjust.*=1.25,p[land]*0.5,3,CONVERGED,CONVERGED,648,648,-,-,18,18,0.39999884247704337,0.3999988,0.0,0.0,0,0.0,0,0.0,Commons,Commons,4.440892e-12
E4,ct2,dial,adjust.*=1.25,p[manufactures]*2,3,CONVERGED,CONVERGED,341,341,-,-,0,0,0.8249668712080668,0.8249669,0.0,0.0,0,0.0,0,0.0,Commons,Commons,6.217249e-12
E4,ct2,dial,adjust.*=1.25,p[manufactures]*0.5,3,CONVERGED,CONVERGED,546,546,-,-,32,32,0.3647169947705184,0.364717,0.0,0.0,0,0.0,0,0.0,Commons,Commons,6.439294e-12
E4,ct2,dial,adjust.*=1.25,p[food]*2,3,CONVERGED,CONVERGED,498,498,-,-,29,29,0.12344092870062054,0.1234409,0.0,0.0,0,0.0,2,2.0,Commons,Commons,3.663736e-12
E4,ct2,dial,adjust.*=1.25,p[care]*2,3,CONVERGED,CONVERGED,484,484,-,-,0,0,0.696324844926699,0.6963248,0.0,0.0,0,0.0,0,0.0,Commons,Commons,6.217249e-12
E4,ct2,dial,adjust.*=1.25,p[care]*0.5,3,CONVERGED,CONVERGED,544,544,-,-,32,32,0.36157709067515464,0.3615771,0.0,0.0,0,0.0,0,0.0,Commons,Commons,6.217249e-12
E4,ct2,dial,adjust.*=1.25,p[food]*0.5,3,CONVERGED,CONVERGED,541,541,-,-,30,30,0.45133985506880986,0.4513399,0.0,0.0,0,0.0,2,2.0,Commons,Commons,2.220446e-12
E4,ct2,dial,adjust.*=1.25,p[shelter]*2,3,CONVERGED,CONVERGED,554,554,-,-,0,0,0.501924251683091,0.5019243,0.0,0.0,0,0.0,0,0.0,Commons,Commons,3.774758e-12
E4,ct2,dial,adjust.*=1.25,p[shelter]*0.5,3,CONVERGED,CONVERGED,528,528,-,-,34,34,0.22854148558965495,0.2285415,0.0,0.0,0,0.0,0,0.0,Commons,Commons,2.664535e-12
E4,ct2,dial,adjust.*=1.25,p[mach]*2,3,CONVERGED,CONVERGED,515,515,-,-,38,39,0.21381853424714267,0.2138185,0.0,0.0,0,0.0,0,0.0,Commons,Commons,2.664535e-12
E4,ct2,dial,adjust.*=1.25,s[food]*2,3,CONVERGED,CONVERGED,501,501,-,-,11,11,0.0,0.0,0.0,0.0,0,0.0,2,2.0,Commons,Commons,3.996803e-12
E4,ct2,dial,adjust.*=1.25,p[mach]*0.5,3,CONVERGED,CONVERGED,618,618,-,-,149,149,0.038523961143419105,0.03852396,0.0,0.0,0,0.0,2,2.0,Commons,Commons,3.330669e-12
E4,ct2,dial,adjust.*=1.25,s[food]*0.5,3,CONVERGED,CONVERGED,295,295,-,-,0,0,0.9655808305906051,0.9655808,0.0,0.0,0,0.0,0,0.0,Commons,Commons,5.551115e-12
E4,ct2,dial,adjust.*=1.25,s[manufactures]*0.5,3,CONVERGED,CONVERGED,99,99,-,-,0,0,0.9999999999999981,1.0,0.0,0.0,0,0.0,0,0.0,Commons,Commons,1.776357e-12
E4,ct2,dial,adjust.*=1.25,s[manufactures]*2,3,CONVERGED,CONVERGED,110,110,-,-,0,0,0.9999999999999981,1.0,0.0,0.0,0,0.0,0,0.0,Commons,Commons,1.776357e-12
E4,ct2,dial,adjust.*=1.25,s[care]*2,3,CONVERGED,CONVERGED,110,110,-,-,0,0,0.9999999999999981,1.0,0.0,0.0,0,0.0,0,0.0,Commons,Commons,1.776357e-12
E4,ct2,dial,adjust.*=1.25,s[shelter]*2,3,CONVERGED,CONVERGED,440,440,-,-,1,1,0.5157128925476313,0.5157129,0.0,0.0,0,0.0,0,0.0,Commons,Commons,4.662937e-12
E4,ct2,dial,adjust.*=1.25,s[care]*0.5,3,CONVERGED,CONVERGED,323,323,-,-,0,0,0.8011459087105884,0.8011459,0.0,0.0,0,0.0,0,0.0,Commons,Commons,1.776357e-12
E4,ct2,dial,adjust.*=1.25,s[shelter]*0.5,3,CONVERGED,CONVERGED,108,108,-,-,0,0,0.99401532119579,0.9940153,0.0,0.0,0,0.0,0,0.0,Commons,Commons,3.552714e-12
E4,ct2,dial,adjust.*=1.25,JB(2),3,CONVERGED,CONVERGED,608,608,-,-,153,153,0.043845988691916186,0.04384599,0.0,0.0,0,0.0,2,2.0,Commons,Commons,2.664535e-12
E4,ct2,dial,adjust.*=1.25,JA(2),3,CONVERGED,CONVERGED,508,508,-,-,18,18,0.0060762545126356,0.006076255,0.0,0.0,0,0.0,0,0.0,Commons,Commons,4.884981e-12
E4,ct2,dial,adjust.*=1.25,JA(0.5),3,CONVERGED,CONVERGED,623,623,-,-,150,150,0.03543492467406561,0.03543492,0.0,0.0,0,0.0,2,2.0,Commons,Commons,3.330669e-12
E4,ct2,dial,adjust.*=1.25,JB(0.5),3,CONVERGED,CONVERGED,525,525,-,-,64,64,0.0,0.0,0.0,0.0,0,0.0,0,0.0,Commons,Commons,3.108624e-12
E4,ct2,dial,adjust.*=1.25,RC(0.5),3,CONVERGED,CONVERGED,602,602,-,-,125,125,0.08954912201409967,0.08954912,0.0,0.0,0,0.0,2,2.0,Commons,Commons,3.108624e-12
E4,ct2,dial,adjust.*=1.25,N(2),3,CONVERGED,CONVERGED,421,421,-,-,30,30,0.4226418616214253,0.4226419,0.0,0.0,0,0.0,0,0.0,Commons,Commons,1.776357e-12
E4,ct2,dial,adjust.*=1.25,N(0.5),3,CONVERGED,CONVERGED,538,538,-,-,32,32,0.3999940343585739,0.399994,0.0,0.0,0,0.0,0,0.0,Commons,Commons,3.996803e-12
E4,ct2,dial,adjust.*=1.25,x*/2,3,CONVERGED,CONVERGED,509,509,-,-,37,37,0.0,0.0,0.0,0.0,0,0.0,2,2.0,Commons,Commons,7.105427e-12
E4,ct2,dial,adjust.*=1.25,RC(2),3,CONVERGED,CONVERGED,523,523,-,-,50,50,0.16507143391064966,0.1650714,0.0,0.0,0,0.0,2,2.0,Commons,Commons,5.107026e-12
E4,ct2,dial,adjust.*=1.25,land.mach=0.8@genesis,3,CONVERGED,CONVERGED,569,569,-,-,124,124,0.02579772736537061,0.02579773,0.0,0.0,0,0.0,2,2.0,Commons,Commons,4.218847e-12
E4,ct2,dial,adjust.*=1.25,land.mach=0.2@genesis,3,CONVERGED,CONVERGED,478,478,-,-,0,0,0.5641513693956,0.5641514,0.0,0.0,0,0.0,2,2.0,Commons,Commons,3.064216e-11
E4,ct2,dial,adjust.*=1.25,exit.To=39@genesis,3,VACUOUS,VACUOUS,0,0,-,-,0,0,0.9999999999999981,1.0,0.0,0.0,0,0.0,0,0.0,Commons,Commons,5.551115e-13
E4,ct2,dial,adjust.*=1.25,b.food=0.3@genesis,3,CONVERGED,CONVERGED,491,491,-,-,23,23,0.34993547871248554,0.3499355,0.0,0.0,0,0.0,0,0.0,Commons,Commons,2.442491e-12
E4,ct2,dial,adjust.*=1.25,exit.To=9.75@genesis,3,CONVERGED,CONVERGED,449,449,-,-,0,0,0.9813636364970822,0.9783364,2.121304530566376,2.121305,0,0.0,1,1.0,Enclosed,Enclosed,5.107026e-12
E4,ct2,dial,adjust.*=1.25,land.mach=0.8@dated,3,CONVERGED,CONVERGED,569,569,-,-,124,124,0.026441456419120397,0.02644146,0.0,0.0,0,0.0,2,2.0,Commons,Commons,4.218847e-12
E4,ct2,dial,adjust.*=1.25,land.mach=0.2@dated,3,CONVERGED,CONVERGED,479,479,-,-,0,0,0.5641513693955993,0.5641514,0.0,0.0,0,0.0,2,2.0,Commons,Commons,2.442491e-12
E4,ct2,dial,adjust.*=1.25,b.food=0.3@dated,3,CONVERGED,CONVERGED,491,491,-,-,23,23,0.3491198060624161,0.3491198,0.0,0.0,0,0.0,0,0.0,Commons,Commons,4.884981e-12
E4,ct2,dial,adjust.*=1.25,exit.To=9.75@dated,3,CONVERGED,CONVERGED,449,449,-,-,0,0,0.9813636364970821,0.9783364,2.1213045305663774,2.121305,0,0.0,1,1.0,Enclosed,Enclosed,5.107026e-12
E4,ct2,dial,adjust.*=1.25,exit.To=39@dated,3,VACUOUS,VACUOUS,0,0,-,-,0,0,0.9999999999999992,1.0,0.0,0.0,0,0.0,0,0.0,Commons,Commons,5.551115e-13
E4,ct2,dial,adjust.*=1.25,b.food=1.2@genesis,3,CONVERGED,CONVERGED,969,969,-,-,107,107,0.19661844838604847,0.1966184,0.02181926562776849,0.02182125,0,0.0,1,1.0,Crowded,Crowded,4.085621e-10
E4,ct2,dial,adjust.*=1.25,b.food=1.2@dated,3,CONVERGED,CONVERGED,726,726,-,-,106,106,0.20261026157768502,0.2026103,0.02181926560643559,0.02182125,0,0.0,1,1.0,Crowded,Crowded,3.698153e-10
E4,ct2,dial,tilt.*=0.05,p[labour]*2,3,CONVERGED,CONVERGED,344,344,-,-,0,0,0.6422151403853773,0.6422151,0.0,0.0,0,0.0,0,0.0,Commons,Commons,1.776357e-12
E4,ct2,dial,tilt.*=0.05,p[labour]*0.5,3,CONVERGED,CONVERGED,532,532,-,-,70,70,0.0,0.0,0.0,0.0,0,0.0,2,2.0,Commons,Commons,5.77316e-12
E4,ct2,dial,tilt.*=0.05,p[land]*0.5,3,CONVERGED,CONVERGED,501,501,-,-,21,21,0.3857097420742851,0.3857097,0.0,0.0,0,0.0,0,0.0,Commons,Commons,4.440892e-12
E4,ct2,dial,tilt.*=0.05,p[manufactures]*2,3,CONVERGED,CONVERGED,332,332,-,-,0,0,0.8253694380364157,0.8253694,0.0,0.0,0,0.0,0,0.0,Commons,Commons,3.108624e-12
E4,ct2,dial,tilt.*=0.05,p[land]*2,3,CONVERGED,CONVERGED,587,587,-,-,123,123,0.04230124461690734,0.04230124,0.0,0.0,0,0.0,2,2.0,Commons,Commons,1.998401e-12
E4,ct2,dial,tilt.*=0.05,p[manufactures]*0.5,3,CONVERGED,CONVERGED,402,402,-,-,30,30,0.3788017852161005,0.3788018,0.0,0.0,0,0.0,0,0.0,Commons,Commons,3.330669e-12
E4,ct2,dial,tilt.*=0.05,p[care]*2,3,CONVERGED,CONVERGED,344,344,-,-,0,0,0.6832344211887103,0.6832344,0.0,0.0,0,0.0,0,0.0,Commons,Commons,2.664535e-12
E4,ct2,dial,tilt.*=0.05,p[food]*0.5,3,CONVERGED,CONVERGED,526,526,-,-,29,29,0.4453234924441392,0.4453235,0.0,0.0,0,0.0,0,0.0,Commons,Commons,1.554312e-12
E4,ct2,dial,tilt.*=0.05,p[food]*2,3,CONVERGED,CONVERGED,356,356,-,-,30,30,0.11981473404643708,0.1198147,0.0,0.0,0,0.0,2,2.0,Commons,Commons,2.88658e-12
E4,ct2,dial,tilt.*=0.05,p[care]*0.5,3,CONVERGED,CONVERGED,401,401,-,-,31,31,0.37557342617691414,0.3755734,0.0,0.0,0,0.0,0,0.0,Commons,Commons,3.108624e-12
E4,ct2,dial,tilt.*=0.05,p[shelter]*2,3,CONVERGED,CONVERGED,411,411,-,-,0,0,0.5309452732965853,0.5309453,0.0,0.0,0,0.0,0,0.0,Commons,Commons,3.108624e-12
E4,ct2,dial,tilt.*=0.05,p[shelter]*0.5,3,CONVERGED,CONVERGED,518,518,-,-,34,34,0.23054696899074595,0.230547,0.0,0.0,0,0.0,0,0.0,Commons,Commons,5.995204e-12
E4,ct2,dial,tilt.*=0.05,p[mach]*2,3,CONVERGED,CONVERGED,512,512,-,-,37,37,0.25010905358234997,0.2501091,0.0,0.0,0,0.0,0,0.0,Commons,Commons,5.329071e-12
E4,ct2,dial,tilt.*=0.05,s[food]*2,3,CONVERGED,CONVERGED,470,470,-,-,14,14,0.0,0.0,0.0,0.0,0,0.0,2,2.0,Commons,Commons,4.884981e-12
E4,ct2,dial,tilt.*=0.05,p[mach]*0.5,3,CONVERGED,CONVERGED,604,604,-,-,149,149,0.04148622114684702,0.04148622,0.0,0.0,0,0.0,2,2.0,Commons,Commons,5.107026e-12
E4,ct2,dial,tilt.*=0.05,s[manufactures]*2,3,CONVERGED,CONVERGED,138,138,-,-,0,0,0.9999999999999981,1.0,0.0,0.0,0,0.0,0,0.0,Commons,Commons,2.220446e-12
E4,ct2,dial,tilt.*=0.05,s[manufactures]*0.5,3,CONVERGED,CONVERGED,124,124,-,-,0,0,0.9999999999999981,1.0,0.0,0.0,0,0.0,0,0.0,Commons,Commons,2.220446e-12
E4,ct2,dial,tilt.*=0.05,s[care]*2,3,CONVERGED,CONVERGED,138,138,-,-,0,0,0.9999999999999981,1.0,0.0,0.0,0,0.0,0,0.0,Commons,Commons,2.220446e-12
E4,ct2,dial,tilt.*=0.05,s[shelter]*2,3,CONVERGED,CONVERGED,329,329,-,-,1,1,0.5039330826931471,0.5039331,0.0,0.0,0,0.0,0,0.0,Commons,Commons,3.330669e-12
E4,ct2,dial,tilt.*=0.05,s[food]*0.5,3,CONVERGED,CONVERGED,168,168,-,-,0,0,0.9617799793440782,0.96178,0.0,0.0,0,0.0,0,0.0,Commons,Commons,2.220446e-12
E4,ct2,dial,tilt.*=0.05,s[shelter]*0.5,3,CONVERGED,CONVERGED,122,122,-,-,0,0,0.993859927444478,0.9938599,0.0,0.0,0,0.0,0,0.0,Commons,Commons,6.883383e-12
E4,ct2,dial,tilt.*=0.05,s[care]*0.5,3,CONVERGED,CONVERGED,318,318,-,-,0,0,0.797877949673217,0.7978779,0.0,0.0,0,0.0,0,0.0,Commons,Commons,1.887379e-12
E4,ct2,dial,tilt.*=0.05,JA(2),3,CONVERGED,CONVERGED,483,483,-,-,20,20,0.0,0.0,0.0,0.0,0,0.0,0,0.0,Commons,Commons,2.331468e-12
E4,ct2,dial,tilt.*=0.05,JA(0.5),3,CONVERGED,CONVERGED,611,611,-,-,149,149,0.03159118142244383,0.03159118,0.0,0.0,0,0.0,2,2.0,Commons,Commons,3.108624e-12
E4,ct2,dial,tilt.*=0.05,JB(2),3,CONVERGED,CONVERGED,601,601,-,-,150,150,0.04998781056612203,0.04998781,0.0,0.0,0,0.0,2,2.0,Commons,Commons,5.995204e-12
E4,ct2,dial,tilt.*=0.05,JB(0.5),3,CONVERGED,CONVERGED,526,526,-,-,67,67,0.0,0.0,0.0,0.0,0,0.0,0,0.0,Commons,Commons,4.440892e-12
E4,ct2,dial,tilt.*=0.05,RC(2),3,CONVERGED,CONVERGED,511,511,-,-,50,50,0.16034928714403426,0.1603493,0.0,0.0,0,0.0,2,2.0,Commons,Commons,2.664535e-12
E4,ct2,dial,tilt.*=0.05,N(0.5),3,CONVERGED,CONVERGED,533,533,-,-,36,36,0.3841593826626065,0.3841594,0.0,0.0,0,0.0,0,0.0,Commons,Commons,6.217249e-12
E4,ct2,dial,tilt.*=0.05,land.mach=0.8@genesis,3,CONVERGED,CONVERGED,567,567,-,-,123,123,0.024913149750713553,0.02491315,0.0,0.0,0,0.0,2,2.0,Commons,Commons,3.996803e-12
E4,ct2,dial,tilt.*=0.05,N(2),3,CONVERGED,CONVERGED,421,421,-,-,31,31,0.4226418616214253,0.4226419,0.0,0.0,0,0.0,0,0.0,Commons,Commons,4.440892e-12
E4,ct2,dial,tilt.*=0.05,x*/2,3,CONVERGED,CONVERGED,504,504,-,-,41,41,0.0,0.0,0.0,0.0,0,0.0,0,0.0,Commons,Commons,3.552714e-12
E4,ct2,dial,tilt.*=0.05,RC(0.5),3,CONVERGED,CONVERGED,596,596,-,-,121,121,0.09923700253404238,0.099237,0.0,0.0,0,0.0,2,2.0,Commons,Commons,2.664535e-12
E4,ct2,dial,tilt.*=0.05,land.mach=0.2@genesis,3,CONVERGED,CONVERGED,450,450,-,-,0,0,0.5413701750939012,0.5413702,0.0,0.0,0,0.0,2,2.0,Commons,Commons,7.227552e-11
E4,ct2,dial,tilt.*=0.05,exit.To=39@genesis,3,VACUOUS,VACUOUS,0,0,-,-,0,0,0.9999999999999981,1.0,0.0,0.0,0,0.0,0,0.0,Commons,Commons,5.551115e-13
E4,ct2,dial,tilt.*=0.05,exit.To=9.75@genesis,3,CONVERGED,CONVERGED,445,445,-,-,0,0,0.9823694494638199,0.9793389,2.121188375820185,2.121188,0,0.0,1,1.0,Enclosed,Enclosed,5.551115e-12
E4,ct2,dial,tilt.*=0.05,b.food=0.3@genesis,3,CONVERGED,CONVERGED,376,376,-,-,23,23,0.34677904608311666,0.346779,0.0,0.0,0,0.0,0,0.0,Commons,Commons,3.108624e-12
E4,ct2,dial,tilt.*=0.05,land.mach=0.2@dated,3,CONVERGED,CONVERGED,450,450,-,-,0,0,0.5413701750939007,0.5413702,0.0,0.0,0,0.0,2,2.0,Commons,Commons,7.482903e-11
E4,ct2,dial,tilt.*=0.05,land.mach=0.8@dated,3,CONVERGED,CONVERGED,566,566,-,-,123,123,0.0239196470502306,0.02391965,0.0,0.0,0,0.0,2,2.0,Commons,Commons,3.108624e-12
E4,ct2,dial,tilt.*=0.05,exit.To=39@dated,3,VACUOUS,VACUOUS,0,0,-,-,0,0,0.9999999999999992,1.0,0.0,0.0,0,0.0,0,0.0,Commons,Commons,5.551115e-13
E4,ct2,dial,tilt.*=0.05,exit.To=9.75@dated,3,CONVERGED,CONVERGED,445,445,-,-,0,0,0.9823694494638198,0.9793389,2.1211883758201897,2.121188,0,0.0,1,1.0,Enclosed,Enclosed,5.551115e-12
E4,ct2,dial,tilt.*=0.05,b.food=0.3@dated,3,CONVERGED,CONVERGED,376,376,-,-,24,24,0.3459072367392064,0.3459072,0.0,0.0,0,0.0,0,0.0,Commons,Commons,3.108624e-12
E4,ct2,dial,tilt.*=0.05,b.food=1.2@genesis,3,CONVERGED,CONVERGED,3587,3587,-,-,105,105,0.2110455439558251,0.2110455,0.021819266604227845,0.02182125,0,0.0,1,1.0,Crowded,Crowded,6.276091e-10
E4,ct2,dial,tilt.*=0.05,b.food=1.2@dated,3,CONVERGED,CONVERGED,3290,3290,-,-,104,104,0.2161484159322873,0.2161484,0.0218192665962366,0.02182125,0,0.0,1,1.0,Crowded,Crowded,5.965228e-10
E4,ct2,dial,tilt.*=0.1,p[labour]*2,3,CONVERGED,CONVERGED,343,343,-,-,0,0,0.6294172978961228,0.6294173,0.0,0.0,0,0.0,0,0.0,Commons,Commons,5.329071e-12
E4,ct2,dial,tilt.*=0.1,p[labour]*0.5,3,CONVERGED,CONVERGED,507,507,-,-,69,69,0.0,0.0,0.0,0.0,0,0.0,2,2.0,Commons,Commons,1.776357e-12
E4,ct2,dial,tilt.*=0.1,p[land]*0.5,3,CONVERGED,CONVERGED,493,493,-,-,22,22,0.36163861472303155,0.3616386,0.0,0.0,0,0.0,0,0.0,Commons,Commons,4.662937e-12
E4,ct2,dial,tilt.*=0.1,p[manufactures]*2,3,CONVERGED,CONVERGED,321,321,-,-,0,0,0.826153876654817,0.8261539,0.0,0.0,0,0.0,0,0.0,Commons,Commons,4.884981e-12
E4,ct2,dial,tilt.*=0.1,p[manufactures]*0.5,3,CONVERGED,CONVERGED,392,392,-,-,29,29,0.392136363030701,0.3921364,0.0,0.0,0,0.0,0,0.0,Commons,Commons,2.553513e-12
E4,ct2,dial,tilt.*=0.1,p[land]*2,3,CONVERGED,CONVERGED,451,451,-,-,121,121,0.043809593319227756,0.04380959,0.0,0.0,0,0.0,2,2.0,Commons,Commons,5.329071e-12
E4,ct2,dial,tilt.*=0.1,p[food]*2,3,CONVERGED,CONVERGED,346,346,-,-,30,30,0.11688747363359189,0.1168875,0.0,0.0,0,0.0,2,2.0,Commons,Commons,3.552714e-12
E4,ct2,dial,tilt.*=0.1,p[food]*0.5,3,CONVERGED,CONVERGED,389,389,-,-,30,30,0.44511616218588623,0.4451162,0.0,0.0,0,0.0,0,0.0,Commons,Commons,4.218847e-12
E4,ct2,dial,tilt.*=0.1,p[shelter]*2,3,CONVERGED,CONVERGED,405,405,-,-,0,0,0.5431666348583506,0.5431666,0.0,0.0,0,0.0,0,0.0,Commons,Commons,3.441691e-12
E4,ct2,dial,tilt.*=0.1,p[care]*2,3,CONVERGED,CONVERGED,336,336,-,-,0,0,0.6829587719397036,0.6829588,0.0,0.0,0,0.0,0,0.0,Commons,Commons,4.662937e-12
E4,ct2,dial,tilt.*=0.1,p[care]*0.5,3,CONVERGED,CONVERGED,392,392,-,-,29,29,0.38913615016099007,0.3891362,0.0,0.0,0,0.0,0,0.0,Commons,Commons,5.329071e-12
E4,ct2,dial,tilt.*=0.1,p[mach]*2,3,CONVERGED,CONVERGED,380,380,-,-,37,37,0.2513878141776668,0.2513878,0.0,0.0,0,0.0,0,0.0,Commons,Commons,3.330669e-12
E4,ct2,dial,tilt.*=0.1,p[shelter]*0.5,3,CONVERGED,CONVERGED,483,483,-,-,34,34,0.23764820325709549,0.2376482,0.0,0.0,0,0.0,0,0.0,Commons,Commons,3.441691e-12
E4,ct2,dial,tilt.*=0.1,p[mach]*0.5,3,CONVERGED,CONVERGED,602,602,-,-,148,148,0.04281184032613444,0.04281184,0.0,0.0,0,0.0,2,2.0,Commons,Commons,2.553513e-12
E4,ct2,dial,tilt.*=0.1,s[manufactures]*0.5,3,CONVERGED,CONVERGED,124,124,-,-,0,0,0.9999999999999981,1.0,0.0,0.0,0,0.0,0,0.0,Commons,Commons,2.220446e-12
E4,ct2,dial,tilt.*=0.1,s[manufactures]*2,3,CONVERGED,CONVERGED,138,138,-,-,0,0,0.9999999999999981,1.0,0.0,0.0,0,0.0,0,0.0,Commons,Commons,2.220446e-12
E4,ct2,dial,tilt.*=0.1,s[food]*2,3,CONVERGED,CONVERGED,356,356,-,-,14,14,0.0,0.0,0.0,0.0,0,0.0,2,2.0,Commons,Commons,3.552714e-12
E4,ct2,dial,tilt.*=0.1,s[care]*0.5,3,CONVERGED,CONVERGED,317,317,-,-,0,0,0.7980064380451493,0.7980064,0.0,0.0,0,0.0,0,0.0,Commons,Commons,6.217249e-12
E4,ct2,dial,tilt.*=0.1,s[food]*0.5,3,CONVERGED,CONVERGED,168,168,-,-,0,0,0.9623588204475144,0.9623588,0.0,0.0,0,0.0,0,0.0,Commons,Commons,4.440892e-12
E4,ct2,dial,tilt.*=0.1,s[care]*2,3,CONVERGED,CONVERGED,138,138,-,-,0,0,0.9999999999999981,1.0,0.0,0.0,0,0.0,0,0.0,Commons,Commons,2.220446e-12
E4,ct2,dial,tilt.*=0.1,s[shelter]*2,3,CONVERGED,CONVERGED,321,321,-,-,1,1,0.5033049160776083,0.5033049,0.0,0.0,0,0.0,0,0.0,Commons,Commons,3.996803e-12
E4,ct2,dial,tilt.*=0.1,s[shelter]*0.5,3,CONVERGED,CONVERGED,122,122,-,-,0,0,0.9938971095614809,0.9938971,0.0,0.0,0,0.0,0,0.0,Commons,Commons,5.995204e-12
E4,ct2,dial,tilt.*=0.1,JA(2),3,CONVERGED,CONVERGED,371,371,-,-,19,19,0.0,0.0,0.0,0.0,0,0.0,0,0.0,Commons,Commons,3.330669e-12
E4,ct2,dial,tilt.*=0.1,JB(0.5),3,CONVERGED,CONVERGED,518,518,-,-,66,66,0.0,0.0,0.0,0.0,0,0.0,0,0.0,Commons,Commons,3.108624e-12
E4,ct2,dial,tilt.*=0.1,N(2),3,CONVERGED,CONVERGED,423,423,-,-,30,30,0.4226418616214253,0.4226419,0.0,0.0,0,0.0,0,0.0,Commons,Commons,3.330669e-12
E4,ct2,dial,tilt.*=0.1,JB(2),3,CONVERGED,CONVERGED,578,578,-,-,148,148,0.054033943219845,0.05403394,0.0,0.0,0,0.0,2,2.0,Commons,Commons,2.553513e-12
E4,ct2,dial,tilt.*=0.1,JA(0.5),3,CONVERGED,CONVERGED,601,601,-,-,148,148,0.03212614569430057,0.03212615,0.0,0.0,0,0.0,2,2.0,Commons,Commons,5.107026e-12
E4,ct2,dial,tilt.*=0.1,RC(2),3,CONVERGED,CONVERGED,369,369,-,-,49,49,0.1601281350853373,0.1601281,0.0,0.0,0,0.0,2,2.0,Commons,Commons,3.108624e-12
E4,ct2,dial,tilt.*=0.1,N(0.5),3,CONVERGED,CONVERGED,526,526,-,-,38,38,0.375819935895698,0.3758199,0.0,0.0,0,0.0,0,0.0,Commons,Commons,2.664535e-12
E4,ct2,dial,tilt.*=0.1,RC(0.5),3,CONVERGED,CONVERGED,460,460,-,-,118,118,0.10744966021072706,0.1074497,0.0,0.0,0,0.0,2,2.0,Commons,Commons,3.108624e-12
E4,ct2,dial,tilt.*=0.1,land.mach=0.8@genesis,3,CONVERGED,CONVERGED,437,437,-,-,122,122,0.023467950309849356,0.02346795,0.0,0.0,0,0.0,2,2.0,Commons,Commons,4.440892e-12
E4,ct2,dial,tilt.*=0.1,x*/2,3,CONVERGED,CONVERGED,369,369,-,-,41,41,0.0,0.0,0.0,0.0,0,0.0,0,0.0,Commons,Commons,5.329071e-12
E4,ct2,dial,tilt.*=0.1,b.food=0.3@genesis,3,CONVERGED,CONVERGED,349,349,-,-,24,24,0.34482755503051815,0.3448276,0.0,0.0,0,0.0,0,0.0,Commons,Commons,5.551115e-12
E4,ct2,dial,tilt.*=0.1,land.mach=0.2@genesis,3,CONVERGED,CONVERGED,457,457,-,-,1,1,0.51792818623957,0.5179282,0.0,0.0,0,0.0,2,2.0,Commons,Commons,7.11653e-11
E4,ct2,dial,tilt.*=0.1,exit.To=39@genesis,3,VACUOUS,VACUOUS,0,0,-,-,0,0,0.9999999999999981,1.0,0.0,0.0,0,0.0,0,0.0,Commons,Commons,5.551115e-13
E4,ct2,dial,tilt.*=0.1,exit.To=9.75@genesis,3,CONVERGED,CONVERGED,439,439,-,-,0,0,0.9830294627811208,0.9799963,2.121193848366499,2.121194,0,0.0,1,1.0,Enclosed,Enclosed,3.552714e-12
E4,ct2,dial,tilt.*=0.1,land.mach=0.8@dated,3,CONVERGED,CONVERGED,437,437,-,-,122,122,0.02401347136618365,0.02401347,0.0,0.0,0,0.0,2,2.0,Commons,Commons,3.996803e-12
E4,ct2,dial,tilt.*=0.1,exit.To=39@dated,3,VACUOUS,VACUOUS,0,0,-,-,0,0,0.9999999999999992,1.0,0.0,0.0,0,0.0,0,0.0,Commons,Commons,5.551115e-13
E4,ct2,dial,tilt.*=0.1,exit.To=9.75@dated,3,CONVERGED,CONVERGED,439,439,-,-,0,0,0.9830294627811206,0.9799963,2.1211938483665063,2.121194,0,0.0,1,1.0,Enclosed,Enclosed,3.552714e-12
E4,ct2,dial,tilt.*=0.1,b.food=0.3@dated,3,CONVERGED,CONVERGED,349,349,-,-,24,24,0.3438971801126879,0.3438972,0.0,0.0,0,0.0,0,0.0,Commons,Commons,2.88658e-12
E4,ct2,dial,tilt.*=0.1,land.mach=0.2@dated,3,CONVERGED,CONVERGED,458,458,-,-,1,1,0.5179281862395696,0.5179282,0.0,0.0,0,0.0,2,2.0,Commons,Commons,4.563017e-11
E4,ct2,dial,tilt.*=0.1,b.food=1.2@genesis,3,CONVERGED,CONVERGED,3534,3534,-,-,103,103,0.21035647000481414,0.2103565,0.021819266453379796,0.02182125,0,0.0,1,1.0,Crowded,Crowded,6.176171e-10
E4,ct2,dial,tilt.*=0.1,b.food=1.2@dated,3,CONVERGED,CONVERGED,3295,3295,-,-,103,103,0.21536996199448982,0.21537,0.02181926635154129,0.02182125,0,0.0,1,1.0,Crowded,Crowded,5.891954e-10
E4,ct2,dial,tilt.*=0.25,p[land]*2,3,CONVERGED,CONVERGED,451,451,-,-,116,116,0.04826163370543098,0.04826163,0.0,0.0,0,0.0,2,2.0,Commons,Commons,3.108624e-12
E4,ct2,dial,tilt.*=0.25,p[labour]*0.5,3,CONVERGED,CONVERGED,398,398,-,-,68,68,0.0,0.0,0.0,0.0,0,0.0,4,4.0,Commons,Commons,3.108624e-12
E4,ct2,dial,tilt.*=0.25,p[labour]*2,3,CONVERGED,CONVERGED,208,208,-,-,0,0,0.592461026833221,0.592461,0.0,0.0,0,0.0,0,0.0,Commons,Commons,5.551115e-12
E4,ct2,dial,tilt.*=0.25,p[manufactures]*0.5,3,CONVERGED,CONVERGED,363,363,-,-,24,24,0.4289495165937058,0.4289495,0.0,0.0,0,0.0,0,0.0,Commons,Commons,6.439294e-12
E4,ct2,dial,tilt.*=0.25,p[manufactures]*2,3,CONVERGED,CONVERGED,258,258,-,-,0,0,0.8249879853783678,0.824988,0.0,0.0,0,0.0,0,0.0,Commons,Commons,5.551115e-12
E4,ct2,dial,tilt.*=0.25,p[land]*0.5,3,CONVERGED,CONVERGED,357,357,-,-,25,25,0.29141440382115674,0.2914144,0.0,0.0,0,0.0,0,0.0,Commons,Commons,1.554312e-12
E4,ct2,dial,tilt.*=0.25,p[food]*2,3,CONVERGED,CONVERGED,218,218,-,-,29,29,0.10852214492999908,0.1085221,0.0,0.0,0,0.0,2,2.0,Commons,Commons,5.551115e-12
E4,ct2,dial,tilt.*=0.25,p[food]*0.5,3,CONVERGED,CONVERGED,380,380,-,-,32,32,0.4385997710737363,0.4385998,0.0,0.0,0,0.0,0,0.0,Commons,Commons,5.551115e-12
E4,ct2,dial,tilt.*=0.25,p[care]*2,3,CONVERGED,CONVERGED,331,331,-,-,0,0,0.677140805242507,0.6771408,0.0,0.0,0,0.0,0,0.0,Commons,Commons,3.108624e-12
E4,ct2,dial,tilt.*=0.25,p[care]*0.5,3,CONVERGED,CONVERGED,357,357,-,-,25,25,0.4259190646940024,0.4259191,0.0,0.0,0,0.0,0,0.0,Commons,Commons,7.105427e-12
E4,ct2,dial,tilt.*=0.25,p[shelter]*2,3,CONVERGED,CONVERGED,396,396,-,-,0,0,0.592280419902302,0.5922804,0.0,0.0,0,0.0,0,0.0,Commons,Commons,6.883383e-12
E4,ct2,dial,tilt.*=0.25,p[shelter]*0.5,3,CONVERGED,CONVERGED,352,352,-,-,34,34,0.2595823709346176,0.2595824,0.0,0.0,0,0.0,0,0.0,Commons,Commons,5.995204e-12
E4,ct2,dial,tilt.*=0.25,p[mach]*0.5,3,CONVERGED,CONVERGED,485,485,-,-,146,146,0.04132857551917137,0.04132858,0.0,0.0,0,0.0,2,2.0,Commons,Commons,4.440892e-12
E4,ct2,dial,tilt.*=0.25,p[mach]*2,3,CONVERGED,CONVERGED,368,368,-,-,35,35,0.25463306432891675,0.2546331,0.0,0.0,0,0.0,0,0.0,Commons,Commons,3.552714e-12
E4,ct2,dial,tilt.*=0.25,s[manufactures]*0.5,3,CONVERGED,CONVERGED,124,124,-,-,0,0,0.9999999999999981,1.0,0.0,0.0,0,0.0,0,0.0,Commons,Commons,2.220446e-12
E4,ct2,dial,tilt.*=0.25,s[manufactures]*2,3,CONVERGED,CONVERGED,138,138,-,-,0,0,0.9999999999999981,1.0,0.0,0.0,0,0.0,0,0.0,Commons,Commons,2.220446e-12
E4,ct2,dial,tilt.*=0.25,s[food]*2,3,CONVERGED,CONVERGED,350,350,-,-,13,13,0.0,0.0,0.0,0.0,0,0.0,2,2.0,Commons,Commons,6.217249e-12
E4,ct2,dial,tilt.*=0.25,s[food]*0.5,3,CONVERGED,CONVERGED,167,167,-,-,0,0,0.9638700029835306,0.96387,0.0,0.0,0,0.0,0,0.0,Commons,Commons,4.440892e-12
E4,ct2,dial,tilt.*=0.25,s[care]*0.5,3,CONVERGED,CONVERGED,191,191,-,-,0,0,0.7984023505601051,0.7984024,0.0,0.0,0,0.0,0,0.0,Commons,Commons,5.329071e-12
E4,ct2,dial,tilt.*=0.25,s[care]*2,3,CONVERGED,CONVERGED,138,138,-,-,0,0,0.9999999999999981,1.0,0.0,0.0,0,0.0,0,0.0,Commons,Commons,2.220446e-12
E4,ct2,dial,tilt.*=0.25,s[shelter]*0.5,3,CONVERGED,CONVERGED,121,121,-,-,0,0,0.9940086456579178,0.9940086,0.0,0.0,0,0.0,0,0.0,Commons,Commons,3.108624e-12
E4,ct2,dial,tilt.*=0.25,s[shelter]*2,3,CONVERGED,CONVERGED,300,300,-,-,1,1,0.5014266761145203,0.5014267,0.0,0.0,0,0.0,0,0.0,Commons,Commons,6.217249e-12
E4,ct2,dial,tilt.*=0.25,JA(0.5),3,CONVERGED,CONVERGED,490,490,-,-,150,150,0.014649650868893867,0.01464965,0.0,0.0,0,0.0,2,2.0,Commons,Commons,3.996803e-12
E4,ct2,dial,tilt.*=0.25,JA(2),3,CONVERGED,CONVERGED,362,362,-,-,15,15,0.0,0.0,0.0,0.0,0,0.0,0,0.0,Commons,Commons,6.217249e-12
E4,ct2,dial,tilt.*=0.25,JB(2),3,CONVERGED,CONVERGED,474,474,-,-,149,149,0.06358855364935842,0.06358855,0.0,0.0,0,0.0,2,2.0,Commons,Commons,4.440892e-12
E4,ct2,dial,tilt.*=0.25,N(2),3,CONVERGED,CONVERGED,306,306,-,-,26,26,0.4226418616214253,0.4226419,0.0,0.0,0,0.0,0,0.0,Commons,Commons,6.439294e-12
E4,ct2,dial,tilt.*=0.25,N(0.5),3,CONVERGED,CONVERGED,388,388,-,-,43,43,0.348755191665711,0.3487552,0.0,0.0,0,0.0,0,0.0,Commons,Commons,5.107026e-12
E4,ct2,dial,tilt.*=0.25,RC(2),3,CONVERGED,CONVERGED,229,229,-,-,48,48,0.15211914892961834,0.1521191,0.0,0.0,0,0.0,2,2.0,Commons,Commons,2.109424e-12
E4,ct2,dial,tilt.*=0.25,JB(0.5),3,CONVERGED,CONVERGED,406,406,-,-,65,65,0.0,0.0,0.0,0.0,0,0.0,0,0.0,Commons,Commons,3.774758e-12
E4,ct2,dial,tilt.*=0.25,RC(0.5),3,CONVERGED,CONVERGED,449,449,-,-,110,110,0.13327355555118062,0.1332736,0.0,0.0,0,0.0,2,2.0,Commons,Commons,5.77316e-12
E4,ct2,dial,tilt.*=0.25,x*/2,3,CONVERGED,CONVERGED,367,367,-,-,42,42,0.0,0.0,0.0,0.0,0,0.0,0,0.0,Commons,Commons,3.774758e-12
E4,ct2,dial,tilt.*=0.25,land.mach=0.2@genesis,3,CONVERGED,CONVERGED,412,412,-,-,2,2,0.4434702842607513,0.4434703,0.0,0.0,0,0.0,2,2.0,Commons,Commons,7.11653e-11
E4,ct2,dial,tilt.*=0.25,land.mach=0.8@genesis,3,CONVERGED,CONVERGED,447,447,-,-,120,120,0.019643010829212805,0.01964301,0.0,0.0,0,0.0,2,2.0,Commons,Commons,4.440892e-12
E4,ct2,dial,tilt.*=0.25,exit.To=39@genesis,3,VACUOUS,VACUOUS,0,0,-,-,0,0,0.9999999999999981,1.0,0.0,0.0,0,0.0,0,0.0,Commons,Commons,5.551115e-13
E4,ct2,dial,tilt.*=0.25,exit.To=9.75@genesis,3,CONVERGED,CONVERGED,297,297,-,-,0,0,0.9847367122680096,0.9816973,2.121208105227832,2.121208,0,0.0,1,1.0,Enclosed,Enclosed,6.661338e-12
E4,ct2,dial,tilt.*=0.25,b.food=0.3@genesis,3,CONVERGED,CONVERGED,353,353,-,-,24,24,0.33906888661824197,0.3390689,0.0,0.0,0,0.0,0,0.0,Commons,Commons,3.552714e-12
E4,ct2,dial,tilt.*=0.25,land.mach=0.2@dated,3,CONVERGED,CONVERGED,413,413,-,-,2,2,0.4434702842607505,0.4434703,0.0,0.0,0,0.0,2,2.0,Commons,Commons,7.11653e-11
E4,ct2,dial,tilt.*=0.25,exit.To=9.75@dated,3,CONVERGED,CONVERGED,297,297,-,-,0,0,0.9847367122680096,0.9816973,2.12120810522784,2.121208,0,0.0,1,1.0,Enclosed,Enclosed,6.661338e-12
E4,ct2,dial,tilt.*=0.25,b.food=0.3@dated,3,CONVERGED,CONVERGED,353,353,-,-,24,24,0.3380369004937151,0.3380369,0.0,0.0,0,0.0,0,0.0,Commons,Commons,3.330669e-12
E4,ct2,dial,tilt.*=0.25,land.mach=0.8@dated,3,CONVERGED,CONVERGED,447,447,-,-,121,121,0.018873886794408313,0.01887389,0.0,0.0,0,0.0,2,2.0,Commons,Commons,3.552714e-12
E4,ct2,dial,tilt.*=0.25,exit.To=39@dated,3,VACUOUS,VACUOUS,0,0,-,-,0,0,0.9999999999999992,1.0,0.0,0.0,0,0.0,0,0.0,Commons,Commons,5.551115e-13
E4,ct2,dial,tilt.*=0.25,b.food=1.2@genesis,3,CONVERGED,CONVERGED,2752,2752,-,-,99,99,0.20547942563327368,0.2054794,0.021819266419084566,0.02182125,0,0.0,1,1.0,Crowded,Crowded,5.480061e-10
E4,ct2,dial,tilt.*=0.25,b.food=1.2@dated,3,CONVERGED,CONVERGED,2749,2749,-,-,98,98,0.21015402135624037,0.210154,0.02181926659175923,0.02182125,0,0.0,1,1.0,Crowded,Crowded,5.480061e-10
E4,ct2,dial,tilt.*=0.5,p[labour]*2,3,CONVERGED,CONVERGED,223,223,-,-,0,0,0.5354199156418097,0.5354199,0.0,0.0,0,0.0,0,0.0,Commons,Commons,1.998401e-12
E4,ct2,dial,tilt.*=0.5,p[land]*2,3,CONVERGED,CONVERGED,408,408,-,-,112,112,0.055394224205935434,0.05539422,0.0,0.0,0,0.0,2,2.0,Commons,Commons,2.664535e-12
E4,ct2,dial,tilt.*=0.5,p[land]*0.5,3,CONVERGED,CONVERGED,371,371,-,-,30,30,0.18079270741280945,0.1807927,0.0,0.0,0,0.0,0,0.0,Commons,Commons,3.330669e-12
E4,ct2,dial,tilt.*=0.5,p[labour]*0.5,3,CONVERGED,CONVERGED,329,329,-,-,69,69,0.0,0.0,0.0,0.0,0,0.0,4,4.0,Commons,Commons,2.109424e-12
E4,ct2,dial,tilt.*=0.5,p[manufactures]*2,3,CONVERGED,CONVERGED,244,244,-,-,0,0,0.8196171151764355,0.8196171,0.0,0.0,0,0.0,0,0.0,Commons,Commons,3.108624e-12
E4,ct2,dial,tilt.*=0.5,p[manufactures]*0.5,3,CONVERGED,CONVERGED,313,313,-,-,15,15,0.47774280126032814,0.4777428,0.0,0.0,0,0.0,0,0.0,Commons,Commons,1.998401e-12
E4,ct2,dial,tilt.*=0.5,p[food]*2,3,CONVERGED,CONVERGED,315,315,-,-,30,30,0.09650815357716824,0.09650815,0.0,0.0,0,0.0,2,2.0,Commons,Commons,2.442491e-12
E4,ct2,dial,tilt.*=0.5,p[food]*0.5,3,CONVERGED,CONVERGED,311,311,-,-,31,31,0.41941658437598,0.4194166,0.0,0.0,0,0.0,0,0.0,Commons,Commons,1.776357e-12
E4,ct2,dial,tilt.*=0.5,p[care]*0.5,3,CONVERGED,CONVERGED,239,239,-,-,18,18,0.4697399398058355,0.4697399,0.0,0.0,0,0.0,0,0.0,Commons,Commons,2.664535e-12
E4,ct2,dial,tilt.*=0.5,p[care]*2,3,CONVERGED,CONVERGED,277,277,-,-,0,0,0.6644112365936782,0.6644112,0.0,0.0,0,0.0,0,0.0,Commons,Commons,2.88658e-12
E4,ct2,dial,tilt.*=0.5,p[shelter]*0.5,3,CONVERGED,CONVERGED,307,307,-,-,33,33,0.2981090971429622,0.2981091,0.0,0.0,0,0.0,0,0.0,Commons,Commons,3.441691e-12
E4,ct2,dial,tilt.*=0.5,p[shelter]*2,3,CONVERGED,CONVERGED,317,317,-,-,0,0,0.630453579491101,0.6304536,0.0,0.0,0,0.0,0,0.0,Commons,Commons,1.998401e-12
E4,ct2,dial,tilt.*=0.5,p[mach]*2,3,CONVERGED,CONVERGED,275,275,-,-,33,33,0.25783055581553416,0.2578306,0.0,0.0,0,0.0,0,0.0,Commons,Commons,2.220446e-12
E4,ct2,dial,tilt.*=0.5,p[mach]*0.5,3,CONVERGED,CONVERGED,469,469,-,-,176,176,0.02410858768814267,0.02410859,0.0,0.0,0,0.0,2,2.0,Commons,Commons,3.108624e-12
E4,ct2,dial,tilt.*=0.5,s[manufactures]*2,3,CONVERGED,CONVERGED,138,138,-,-,0,0,0.9999999999999981,1.0,0.0,0.0,0,0.0,0,0.0,Commons,Commons,2.220446e-12
E4,ct2,dial,tilt.*=0.5,s[manufactures]*0.5,3,CONVERGED,CONVERGED,124,124,-,-,0,0,0.9999999999999981,1.0,0.0,0.0,0,0.0,0,0.0,Commons,Commons,2.220446e-12
E4,ct2,dial,tilt.*=0.5,s[food]*2,3,CONVERGED,CONVERGED,293,293,-,-,13,13,0.0,0.0,0.0,0.0,0,0.0,2,2.0,Commons,Commons,2.664535e-12
E4,ct2,dial,tilt.*=0.5,s[food]*0.5,3,CONVERGED,CONVERGED,187,187,-,-,0,0,0.9657774059426397,0.9657774,0.0,0.0,0,0.0,0,0.0,Commons,Commons,2.442491e-12
E4,ct2,dial,tilt.*=0.5,s[care]*0.5,3,CONVERGED,CONVERGED,247,247,-,-,0,0,0.7990970841179789,0.7990971,0.0,0.0,0,0.0,0,0.0,Commons,Commons,2.664535e-12
E4,ct2,dial,tilt.*=0.5,s[care]*2,3,CONVERGED,CONVERGED,138,138,-,-,0,0,0.9999999999999981,1.0,0.0,0.0,0,0.0,0,0.0,Commons,Commons,2.220446e-12
E4,ct2,dial,tilt.*=0.5,s[shelter]*2,3,CONVERGED,CONVERGED,259,259,-,-,2,2,0.49831707009350173,0.4983171,0.0,0.0,0,0.0,0,0.0,Commons,Commons,2.220446e-12
E4,ct2,dial,tilt.*=0.5,JA(2),3,CONVERGED,CONVERGED,279,279,-,-,15,15,0.0,0.0,0.0,0.0,0,0.0,0,0.0,Commons,Commons,2.109424e-12
E4,ct2,dial,tilt.*=0.5,s[shelter]*0.5,3,CONVERGED,CONVERGED,121,121,-,-,0,0,0.9941925338145661,0.9941925,0.0,0.0,0,0.0,0,0.0,Commons,Commons,2.331468e-12
E4,ct2,dial,tilt.*=0.5,JA(0.5),3,CONVERGED,CONVERGED,462,462,-,-,178,178,0.010107039578435263,0.01010704,0.0,0.0,0,0.0,2,2.0,Commons,Commons,1.998401e-12
E4,ct2,dial,tilt.*=0.5,JB(2),3,CONVERGED,CONVERGED,463,463,-,-,160,160,0.03565460680346195,0.03565461,0.0,0.0,0,0.0,2,2.0,Commons,Commons,3.663736e-12
E4,ct2,dial,tilt.*=0.5,N(0.5),3,CONVERGED,CONVERGED,317,317,-,-,61,61,0.3006417945338971,0.3006418,0.0,0.0,0,0.0,2,2.0,Commons,Commons,2.331468e-12
E4,ct2,dial,tilt.*=0.5,N(2),3,CONVERGED,CONVERGED,363,363,-,-,23,23,0.42222000034266455,0.42222,0.0,0.0,0,0.0,0,0.0,Commons,Commons,2.664535e-12
E4,ct2,dial,tilt.*=0.5,JB(0.5),3,CONVERGED,CONVERGED,295,295,-,-,64,64,0.0,0.0,0.0,0.0,0,0.0,0,0.0,Commons,Commons,2.331468e-12
E4,ct2,dial,tilt.*=0.5,RC(0.5),3,CONVERGED,CONVERGED,405,405,-,-,101,101,0.17104742029327683,0.1710474,0.0,0.0,0,0.0,2,2.0,Commons,Commons,2.664535e-12
E4,ct2,dial,tilt.*=0.5,RC(2),3,CONVERGED,CONVERGED,320,320,-,-,46,46,0.1356042765765203,0.1356043,0.0,0.0,0,0.0,2,2.0,Commons,Commons,2.553513e-12
E4,ct2,dial,tilt.*=0.5,x*/2,3,CONVERGED,CONVERGED,308,308,-,-,45,45,0.0,0.0,0.0,0.0,0,0.0,0,0.0,Commons,Commons,2.664535e-12
E4,ct2,dial,tilt.*=0.5,land.mach=0.8@genesis,3,CONVERGED,CONVERGED,415,415,-,-,127,127,0.008061876735924865,0.008061877,0.0,0.0,0,0.0,2,2.0,Commons,Commons,2.775558e-12
E4,ct2,dial,tilt.*=0.5,b.food=0.3@genesis,3,CONVERGED,CONVERGED,309,309,-,-,26,26,0.32898066377719687,0.3289807,0.0,0.0,0,0.0,0,0.0,Commons,Commons,2.88658e-12
E4,ct2,dial,tilt.*=0.5,exit.To=39@genesis,3,VACUOUS,VACUOUS,0,0,-,-,0,0,0.9999999999999981,1.0,0.0,0.0,0,0.0,0,0.0,Commons,Commons,7.771561e-13
E4,ct2,dial,tilt.*=0.5,exit.To=9.75@genesis,3,CONVERGED,CONVERGED,299,299,-,-,0,0,0.9867898818655754,0.9837404,2.1212315817959393,2.121232,0,0.0,1,1.0,Enclosed,Enclosed,2.775558e-12
E4,ct2,dial,tilt.*=0.5,land.mach=0.2@genesis,3,CONVERGED,CONVERGED,352,352,-,-,2,2,0.3045628888911413,0.3045629,0.0,0.0,0,0.0,0,0.0,Commons,Commons,1.287859e-11
E4,ct2,dial,tilt.*=0.5,exit.To=39@dated,3,VACUOUS,VACUOUS,0,0,-,-,0,0,0.9999999999999992,1.0,0.0,0.0,0,0.0,0,0.0,Commons,Commons,7.771561e-13
E4,ct2,dial,tilt.*=0.5,land.mach=0.2@dated,3,CONVERGED,CONVERGED,353,353,-,-,2,2,0.3045628888911411,0.3045629,0.0,0.0,0,0.0,0,0.0,Commons,Commons,1.287859e-11
E4,ct2,dial,tilt.*=0.5,exit.To=9.75@dated,3,CONVERGED,CONVERGED,299,299,-,-,0,0,0.9867898818655746,0.9837404,2.121231581795936,2.121232,0,0.0,1,1.0,Enclosed,Enclosed,2.775558e-12
E4,ct2,dial,tilt.*=0.5,b.food=0.3@dated,3,CONVERGED,CONVERGED,309,309,-,-,26,26,0.3277707772974894,0.3277708,0.0,0.0,0,0.0,0,0.0,Commons,Commons,3.552714e-12
E4,ct2,dial,tilt.*=0.5,land.mach=0.8@dated,3,CONVERGED,CONVERGED,415,415,-,-,127,127,0.008141101794026731,0.008141102,0.0,0.0,0,0.0,2,2.0,Commons,Commons,2.88658e-12
E4,ct2,dial,tilt.*=0.5,b.food=1.2@genesis,3,CONVERGED,CONVERGED,3430,3430,-,-,88,88,0.18757939735604395,0.1875794,0.021819266500230267,0.02182125,0,0.0,1,1.0,Crowded,Crowded,6.160628e-10
E4,ct2,dial,tilt.*=0.5,b.food=1.2@dated,3,CONVERGED,CONVERGED,3749,3749,-,-,87,87,0.19208142430953415,0.1920814,0.02181926646487681,0.02182125,0,0.0,1,1.0,Crowded,Crowded,6.291634e-10
E4,ct2,dial,tilt.*=1,p[labour]*2,3,CONVERGED,CONVERGED,277,277,-,-,2,2,0.4367260880735359,0.4367261,0.0,0.0,0,0.0,0,0.0,Commons,Commons,3.330669e-12
E4,ct2,dial,tilt.*=1,p[land]*2,3,CONVERGED,CONVERGED,549,549,-,-,123,123,0.02152517681403169,0.02152518,0.0,0.0,0,0.0,2,2.0,Commons,Commons,4.440892e-12
E4,ct2,dial,tilt.*=1,p[land]*0.5,3,CONVERGED,CONVERGED,420,420,-,-,45,45,2.2204460492503128e-16,0.0,0.0,0.0,0,0.0,0,0.0,Commons,Commons,3.108624e-12
E4,ct2,dial,tilt.*=1,p[labour]*0.5,3,CONVERGED,CONVERGED,512,512,-,-,90,90,0.0,0.0,0.0,0.0,0,0.0,4,4.0,Commons,Commons,3.108624e-12
E4,ct2,dial,tilt.*=1,p[manufactures]*0.5,3,CONVERGED,CONVERGED,382,382,-,-,0,0,0.5124973964842104,0.5124974,0.0,0.0,0,0.0,0,0.0,Commons,Commons,2.664535e-12
E4,ct2,dial,tilt.*=1,p[food]*2,3,CONVERGED,CONVERGED,423,423,-,-,31,31,0.07694849399367035,0.07694849,0.0,0.0,0,0.0,2,2.0,Commons,Commons,4.440892e-12
E4,ct2,dial,tilt.*=1,p[food]*0.5,3,CONVERGED,CONVERGED,441,441,-,-,46,46,0.4173533128255829,0.4173533,0.0,0.0,0,0.0,0,0.0,Commons,Commons,3.108624e-12
E4,ct2,dial,tilt.*=1,p[manufactures]*2,3,CONVERGED,CONVERGED,351,351,-,-,0,0,0.7503844558628096,0.7503845,0.0,0.0,0,0.0,0,0.0,Commons,Commons,2.88658e-12
E4,ct2,dial,tilt.*=1,p[care]*2,3,CONVERGED,CONVERGED,404,404,-,-,0,0,0.5977052828118634,0.5977053,0.0,0.0,0,0.0,0,0.0,Commons,Commons,4.218847e-12
E4,ct2,dial,tilt.*=1,p[care]*0.5,3,CONVERGED,CONVERGED,344,344,-,-,13,13,0.46855709808110113,0.4685571,0.0,0.0,0,0.0,0,0.0,Commons,Commons,3.885781e-12
E4,ct2,dial,tilt.*=1,p[shelter]*0.5,3,CONVERGED,CONVERGED,406,406,-,-,33,33,0.3760027506513231,0.3760028,0.0,0.0,0,0.0,0,0.0,Commons,Commons,3.108624e-12
E4,ct2,dial,tilt.*=1,p[shelter]*2,3,CONVERGED,CONVERGED,370,370,-,-,0,0,0.5404895283828356,0.5404895,0.0,0.0,0,0.0,0,0.0,Commons,Commons,3.330669e-12
E4,ct2,dial,tilt.*=1,p[mach]*2,3,CONVERGED,CONVERGED,412,412,-,-,30,30,0.2466977560491802,0.2466978,0.0,0.0,0,0.0,0,0.0,Commons,Commons,3.108624e-12
E4,ct2,dial,tilt.*=1,p[mach]*0.5,3,CONVERGED,CONVERGED,646,646,-,-,219,219,0.016963372248049613,0.01696337,0.0,0.0,0,0.0,2,2.0,Commons,Commons,3.330669e-12
E4,ct2,dial,tilt.*=1,s[food]*2,3,CONVERGED,CONVERGED,431,431,-,-,29,29,0.0,0.0,0.0,0.0,0,0.0,0,0.0,Commons,Commons,3.108624e-12
E4,ct2,dial,tilt.*=1,s[manufactures]*2,3,CONVERGED,CONVERGED,138,138,-,-,0,0,0.9999999999999983,1.0,0.0,0.0,0,0.0,0,0.0,Commons,Commons,2.220446e-12
E4,ct2,dial,tilt.*=1,s[care]*0.5,3,CONVERGED,CONVERGED,354,354,-,-,0,0,0.8006556357442484,0.8006556,0.0,0.0,0,0.0,0,0.0,Commons,Commons,3.552714e-12
E4,ct2,dial,tilt.*=1,s[manufactures]*0.5,3,CONVERGED,CONVERGED,124,124,-,-,0,0,0.9999999999999983,1.0,0.0,0.0,0,0.0,0,0.0,Commons,Commons,2.220446e-12
E4,ct2,dial,tilt.*=1,s[food]*0.5,3,CONVERGED,CONVERGED,227,227,-,-,0,0,0.9703095191637688,0.9703095,0.0,0.0,0,0.0,0,0.0,Commons,Commons,2.664535e-12
E4,ct2,dial,tilt.*=1,s[shelter]*2,3,CONVERGED,CONVERGED,379,379,-,-,2,2,0.49217528439760344,0.4921753,0.0,0.0,0,0.0,0,0.0,Commons,Commons,3.108624e-12
E4,ct2,dial,tilt.*=1,s[care]*2,3,CONVERGED,CONVERGED,138,138,-,-,0,0,0.9999999999999983,1.0,0.0,0.0,0,0.0,0,0.0,Commons,Commons,2.220446e-12
E4,ct2,dial,tilt.*=1,s[shelter]*0.5,3,CONVERGED,CONVERGED,145,145,-,-,0,0,0.994555777581231,0.9945558,0.0,0.0,0,0.0,0,0.0,Commons,Commons,3.552714e-12
E4,ct2,dial,tilt.*=1,JA(2),3,CONVERGED,CONVERGED,414,414,-,-,17,17,0.0,0.0,0.0,0.0,0,0.0,0,0.0,Commons,Commons,3.663736e-12
E4,ct2,dial,tilt.*=1,JB(2),3,CONVERGED,CONVERGED,643,643,-,-,216,216,0.01133144504885151,0.01133145,0.0,0.0,0,0.0,2,8.0,Commons,Commons,3.663736e-12
E4,ct2,dial,tilt.*=1,JA(0.5),3,CONVERGED,CONVERGED,649,648,-,-,222,222,0.009968451758880417,0.009968452,0.0,0.0,0,0.0,2,2.0,Commons,Commons,3.885781e-12
E4,ct2,dial,tilt.*=1,JB(0.5),3,CONVERGED,CONVERGED,462,462,-,-,66,66,0.0,0.0,0.0,0.0,0,0.0,0,0.0,Commons,Commons,3.108624e-12
E4,ct2,dial,tilt.*=1,RC(2),3,CONVERGED,CONVERGED,421,421,-,-,43,43,0.09549265433633145,0.09549265,0.0,0.0,0,0.0,2,2.0,Commons,Commons,3.552714e-12
E4,ct2,dial,tilt.*=1,N(2),3,CONVERGED,CONVERGED,451,451,-,-,22,22,0.42161997997784567,0.42162,0.0,0.0,0,0.0,0,0.0,Commons,Commons,3.885781e-12
E4,ct2,dial,tilt.*=1,N(0.5),3,CONVERGED,CONVERGED,513,513,-,-,91,91,0.21901963812679837,0.2190196,0.0,0.0,0,0.0,2,2.0,Commons,Commons,3.330669e-12
E4,ct2,dial,tilt.*=1,RC(0.5),3,CONVERGED,CONVERGED,524,524,-,-,95,95,0.22011172270747673,0.2201117,0.0,0.0,0,0.0,2,2.0,Commons,Commons,3.996803e-12
E4,ct2,dial,tilt.*=1,land.mach=0.8@genesis,3,CONVERGED,CONVERGED,583,583,-,-,160,160,0.002993821753724693,0.002993822,0.0,0.0,0,0.0,2,2.0,Commons,Commons,3.330669e-12
E4,ct2,dial,tilt.*=1,x*/2,3,CONVERGED,CONVERGED,464,464,-,-,57,57,0.0,0.0,0.0,0.0,0,0.0,2,2.0,Commons,Commons,3.330669e-12
E4,ct2,dial,tilt.*=1,land.mach=0.2@genesis,3,CONVERGED,CONVERGED,347,347,-,-,2,2,2.0281275422674063e-16,0.0,0.0,0.0,0,0.0,0,0.0,Commons,Commons,1.64313e-11
E4,ct2,dial,tilt.*=1,b.food=0.3@genesis,3,CONVERGED,CONVERGED,421,421,-,-,26,26,0.31911273352996344,0.3191127,0.0,0.0,0,0.0,0,0.0,Commons,Commons,3.330669e-12
E4,ct2,dial,tilt.*=1,exit.To=9.75@genesis,3,CONVERGED,CONVERGED,347,347,-,-,0,0,0.9864127249936997,0.9833555,2.1212708752115264,2.121271,0,0.0,1,1.0,Enclosed,Enclosed,3.552714e-12
E4,ct2,dial,tilt.*=1,exit.To=39@genesis,3,VACUOUS,VACUOUS,0,0,-,-,0,0,0.9999999999999983,1.0,0.0,0.0,0,0.0,0,0.0,Commons,Commons,7.771561e-13
E4,ct2,dial,tilt.*=1,land.mach=0.8@dated,3,CONVERGED,CONVERGED,584,584,-,-,160,160,0.0031647087822438092,0.003164709,0.0,0.0,0,0.0,2,2.0,Commons,Commons,2.88658e-12
E4,ct2,dial,tilt.*=1,exit.To=39@dated,3,VACUOUS,VACUOUS,0,0,-,-,0,0,0.9999999999999986,1.0,0.0,0.0,0,0.0,0,0.0,Commons,Commons,7.771561e-13
E4,ct2,dial,tilt.*=1,b.food=0.3@dated,3,CONVERGED,CONVERGED,421,421,-,-,26,26,0.31735589308066353,0.3173559,0.0,0.0,0,0.0,0,0.0,Commons,Commons,3.219647e-12
E4,ct2,dial,tilt.*=1,land.mach=0.2@dated,3,CONVERGED,CONVERGED,348,348,-,-,2,2,0.0,0.0,0.0,0.0,0,0.0,0,0.0,Commons,Commons,1.554312e-11
E4,ct2,dial,tilt.*=1,exit.To=9.75@dated,3,CONVERGED,CONVERGED,347,347,-,-,0,0,0.9864127249937039,0.9833555,2.1212708752115277,2.121271,0,0.0,1,1.0,Enclosed,Enclosed,3.552714e-12
E4,ct2,dial,tilt.*=1,b.food=1.2@genesis,3,CONVERGED,CONVERGED,559,559,-,-,111,111,0.103302840396328,0.1033028,0.02181926646418317,0.02182125,0,0.0,1,1.0,Crowded,Crowded,9.203749e-11
E4,ct2,dial,tilt.*=1,b.food=1.2@dated,3,CONVERGED,CONVERGED,557,557,-,-,108,108,0.10688788754324759,0.1068879,0.021819266476448485,0.02182125,0,0.0,1,1.0,Crowded,Crowded,2.372547e-10
E3,il1,L,-,p[labour]*0.95,1,CONVERGED,CONVERGED,237,237,-,-,0,0,0.9418826201197061,0.9418826,0.0,0.0,0,0.0,0,0.0,Idle,Idle,5.440093e-12
E3,il1,L,-,p[labour]*1.05,1,CONVERGED,CONVERGED,281,281,-,-,0,0,0.9581728646222171,0.9581729,0.0,0.0,0,0.0,0,0.0,Idle,Idle,4.773959e-12
E3,il1,L,-,p[labour]*1.2,2,CONVERGED,CONVERGED,401,401,-,-,0,0,0.8501425754188151,0.8501426,0.0,0.0,0,0.0,0,0.0,Idle,Idle,5.107026e-12
E3,il1,L,-,p[labour]*0.8,2,CONVERGED,CONVERGED,366,366,-,-,0,0,0.7374013728961432,0.7374014,0.0,0.0,0,0.0,0,0.0,Idle,Idle,5.440093e-12
E3,il1,L,-,p[labour]*0.5,3,CONVERGED,CONVERGED,507,507,-,-,7,7,0.09847348118272588,0.09847348,0.0,0.0,0,0.0,0,0.0,Idle,Idle,5.995204e-12
E3,il1,L,-,p[labour]*2,3,CONVERGED,CONVERGED,532,532,-,-,0,1,0.5248077507161142,0.5248078,0.0,0.0,0,0.0,0,0.0,Idle,Idle,5.77316e-12
E3,il1,L,-,p[manufactures]*0.95,1,CONVERGED,CONVERGED,234,234,-,-,0,0,0.9345043877059527,0.9345044,0.0,0.0,0,0.0,0,0.0,Idle,Idle,4.773959e-12
E3,il1,L,-,p[manufactures]*1.05,1,CONVERGED,CONVERGED,153,153,-,-,0,0,0.9907636189811315,0.9907636,0.0,0.0,0,0.0,0,0.0,Idle,Idle,5.107026e-12
E3,il1,L,-,p[manufactures]*2,3,CONVERGED,CONVERGED,400,400,-,-,0,0,0.8706708907537757,0.8706709,0.0,0.0,0,0.0,0,0.0,Idle,Idle,5.107026e-12
E3,il1,L,-,p[manufactures]*1.2,2,CONVERGED,CONVERGED,267,267,-,-,0,0,0.9656263216333335,0.9656263,0.0,0.0,0,0.0,0,0.0,Idle,Idle,5.329071e-12
E3,il1,L,-,p[manufactures]*0.5,3,CONVERGED,CONVERGED,456,456,-,-,29,29,0.37328884900926135,0.3732888,0.0,0.0,0,0.0,0,0.0,Idle,Idle,5.440093e-12
E3,il1,L,-,p[manufactures]*0.8,2,CONVERGED,CONVERGED,347,347,-,-,0,0,0.7390473707258022,0.7390474,0.0,0.0,0,0.0,0,0.0,Idle,Idle,5.440093e-12
E3,il1,L,-,p[food]*1.05,1,CONVERGED,CONVERGED,276,276,-,-,0,0,0.9568742312281187,0.9568742,0.0,0.0,0,0.0,0,0.0,Idle,Idle,5.329071e-12
E3,il1,L,-,p[food]*0.95,1,CONVERGED,CONVERGED,307,307,-,-,0,0,0.9585662725197347,0.9585663,0.0,0.0,0,0.0,0,0.0,Idle,Idle,5.440093e-12
E3,il1,L,-,p[food]*0.8,2,CONVERGED,CONVERGED,449,449,-,-,0,0,0.823319129879098,0.8233191,0.0,0.0,0,0.0,0,0.0,Idle,Idle,5.995204e-12
E3,il1,L,-,p[food]*1.2,2,CONVERGED,CONVERGED,396,396,-,-,0,0,0.8473504887246918,0.8473505,0.0,0.0,0,0.0,0,0.0,Idle,Idle,5.440093e-12
E3,il1,L,-,p[food]*2,3,CONVERGED,CONVERGED,527,527,-,-,2,2,0.4526378434178383,0.4526378,0.0,0.0,0,0.0,0,0.0,Idle,Idle,5.440093e-12
E3,il1,L,-,p[care]*1.05,1,CONVERGED,CONVERGED,144,144,-,-,0,0,0.9924669551809973,0.992467,0.0,0.0,0,0.0,0,0.0,Idle,Idle,5.107026e-12
E3,il1,L,-,p[food]*0.5,3,CONVERGED,CONVERGED,580,580,-,-,0,0,0.5021650941116376,0.5021651,0.0,0.0,0,0.0,0,0.0,Idle,Idle,5.107026e-12
E3,il1,L,-,p[care]*1.2,2,CONVERGED,CONVERGED,233,233,-,-,0,0,0.9722053480937736,0.9722053,0.0,0.0,0,0.0,0,0.0,Idle,Idle,5.107026e-12
E3,il1,L,-,p[care]*0.95,1,CONVERGED,CONVERGED,192,192,-,-,0,0,0.931396753062078,0.9313968,0.0,0.0,0,0.0,0,0.0,Idle,Idle,5.995204e-12
E3,il1,L,-,p[care]*0.8,2,CONVERGED,CONVERGED,294,294,-,-,0,0,0.7300020126205784,0.730002,0.0,0.0,0,0.0,0,0.0,Idle,Idle,5.662137e-12
E3,il1,L,-,p[shelter]*1.05,1,CONVERGED,CONVERGED,142,142,-,-,0,0,0.9912469453593116,0.9912469,0.0,0.0,0,0.0,0,0.0,Idle,Idle,4.884981e-12
E3,il1,L,-,p[care]*0.5,3,CONVERGED,CONVERGED,403,403,-,-,30,30,0.3624336224984789,0.3624336,0.0,0.0,0,0.0,0,0.0,Idle,Idle,4.773959e-12
E3,il1,L,-,p[care]*2,3,CONVERGED,CONVERGED,344,344,-,-,0,0,0.8988875782180185,0.8988876,0.0,0.0,0,0.0,0,0.0,Idle,Idle,5.107026e-12
E3,il1,L,-,p[shelter]*1.2,2,CONVERGED,CONVERGED,253,253,-,-,0,0,0.9674891549462844,0.9674892,0.0,0.0,0,0.0,0,0.0,Idle,Idle,5.440093e-12
E3,il1,L,-,p[shelter]*0.95,1,CONVERGED,CONVERGED,205,205,-,-,0,0,0.9335894362591404,0.9335894,0.0,0.0,0,0.0,0,0.0,Idle,Idle,5.995204e-12
E3,il1,L,-,p[shelter]*0.8,2,CONVERGED,CONVERGED,334,334,-,-,0,0,0.7363332425280732,0.7363332,0.0,0.0,0,0.0,0,0.0,Idle,Idle,5.440093e-12
E3,il1,L,-,p[shelter]*2,3,CONVERGED,CONVERGED,387,387,-,-,0,0,0.8785828781738869,0.8785829,0.0,0.0,0,0.0,0,0.0,Idle,Idle,5.440093e-12
E3,il1,L,-,p[mach]*1.05,1,CONVERGED,CONVERGED,364,364,-,-,0,0,0.9398602725769232,0.9398603,0.0,0.0,0,0.0,0,0.0,Idle,Idle,5.440093e-12
E3,il1,L,-,p[mach]*0.95,1,CONVERGED,CONVERGED,316,316,-,-,0,0,0.9644028811293878,0.9644029,0.0,0.0,0,0.0,0,0.0,Idle,Idle,5.440093e-12
E3,il1,L,-,p[mach]*0.8,2,CONVERGED,CONVERGED,443,443,-,-,0,0,0.8496924334092659,0.8496924,0.0,0.0,0,0.0,0,0.0,Idle,Idle,4.32987e-12
E3,il1,L,-,p[shelter]*0.5,3,CONVERGED,CONVERGED,443,443,-,-,29,29,0.37017431316446353,0.3701743,0.0,0.0,0,0.0,0,0.0,Idle,Idle,5.440093e-12
E3,il1,L,-,p[mach]*1.2,2,CONVERGED,CONVERGED,485,485,-,-,0,0,0.7930282307192934,0.7930282,0.0,0.0,0,0.0,0,0.0,Idle,Idle,5.440093e-12
E3,il1,L,-,p[mach]*2,3,CONVERGED,CONVERGED,621,621,-,-,38,40,0.4012837719747415,0.4012838,0.0,0.0,0,0.0,0,0.0,Idle,Idle,4.884981e-12
E3,il1,L,-,p[mach]*0.5,3,CONVERGED,CONVERGED,553,553,-,-,16,16,0.43330277220940466,0.4333028,0.0,0.0,0,0.0,2,2.0,Idle,Idle,5.440093e-12
E3,il1,L,-,p[land]=0.025,3,CONVERGED,CONVERGED,408,408,-,-,4,4,0.2098415713819048,0.2098416,0.0,0.0,4,4.0,1,1.0,Idle,Idle,5.440093e-12
E3,il1,L,-,p[land]=0.00125,1,CONVERGED,CONVERGED,146,146,-,-,0,0,0.8409799135231011,0.8409799,0.0,0.0,1,1.0,1,1.0,Idle,Idle,5.107026e-12
E3,il1,L,-,p[land]=0.005,2,CONVERGED,CONVERGED,236,236,-,-,0,0,0.5697367197858894,0.5697367,0.0,0.0,1,1.0,1,1.0,Idle,Idle,5.107026e-12
E3,il1,L,-,s[food]=0.05,1,CONVERGED,CONVERGED,78,78,-,-,0,0,1.0,1.0,0.0,0.0,0,0.0,0,0.0,Idle,Idle,2.220446e-13
E3,il1,L,-,s[manufactures]=0.2,2,CONVERGED,CONVERGED,105,105,-,-,0,0,1.0,1.0,0.0,0.0,0,0.0,0,0.0,Idle,Idle,2.220446e-13
E3,il1,L,-,s[manufactures]=0.5,3,CONVERGED,CONVERGED,124,124,-,-,0,0,1.0,1.0,0.0,0.0,0,0.0,0,0.0,Idle,Idle,2.220446e-13
E3,il1,L,-,s[food]=0.2,2,CONVERGED,CONVERGED,105,105,-,-,0,0,1.0,1.0,0.0,0.0,0,0.0,0,0.0,Idle,Idle,2.220446e-13
E3,il1,L,-,s[manufactures]=0.05,1,CONVERGED,CONVERGED,78,78,-,-,0,0,1.0,1.0,0.0,0.0,0,0.0,0,0.0,Idle,Idle,2.220446e-13
E3,il1,L,-,s[food]=0.5,3,CONVERGED,CONVERGED,624,624,-,-,88,88,0.051700384530688474,0.05170038,0.0,0.0,0,0.0,0,0.0,Idle,Idle,4.996004e-12
E3,il1,L,-,s[care]=0.5,3,CONVERGED,CONVERGED,632,632,-,-,59,59,0.014032156721956969,0.01403216,0.0,0.0,0,0.0,0,0.0,Idle,Idle,4.773959e-12
E3,il1,L,-,s[care]=0.05,1,CONVERGED,CONVERGED,474,474,-,-,34,34,0.20738872583185805,0.2073887,0.0,0.0,0,0.0,0,0.0,Idle,Idle,5.440093e-12
E3,il1,L,-,s[shelter]=0.05,1,CONVERGED,CONVERGED,78,78,-,-,0,0,1.0,1.0,0.0,0.0,0,0.0,0,0.0,Idle,Idle,2.220446e-13
E3,il1,L,-,s[care]=0.2,2,CONVERGED,CONVERGED,570,570,-,-,48,48,0.044236684330542564,0.04423668,0.0,0.0,0,0.0,0,0.0,Idle,Idle,5.329071e-12
E3,il1,L,-,s[shelter]=0.5,3,CONVERGED,CONVERGED,450,450,-,-,18,18,0.06409978406894426,0.06409978,0.0,0.0,0,0.0,0,0.0,Idle,Idle,5.107026e-12
E3,il1,L,-,JA(1.05),1,CONVERGED,CONVERGED,362,362,-,-,0,0,0.9523809523809524,0.952381,0.0,0.0,0,0.0,0,0.0,Idle,Idle,5.440093e-12
E3,il1,L,-,JA(0.95),1,CONVERGED,CONVERGED,289,289,-,-,0,0,0.9774436090225562,0.9774436,0.0,0.0,0,0.0,0,0.0,Idle,Idle,5.440093e-12
E3,il1,L,-,JA(2),3,CONVERGED,CONVERGED,614,614,-,-,0,1,0.5,0.5,0.0,0.0,0,0.0,0,0.0,Idle,Idle,5.107026e-12
E3,il1,L,-,s[shelter]=0.2,2,CONVERGED,CONVERGED,105,105,-,-,0,0,1.0,1.0,0.0,0.0,0,0.0,0,0.0,Idle,Idle,2.220446e-13
E3,il1,L,-,JB(1.05),1,CONVERGED,CONVERGED,362,362,-,-,0,0,0.9166296945664095,0.9166297,0.0,0.0,0,0.0,0,0.0,Idle,Idle,5.107026e-12
E3,il1,L,-,JA(1.2),2,CONVERGED,CONVERGED,482,482,-,-,0,0,0.8333333333333335,0.8333333,0.0,0.0,0,0.0,0,0.0,Idle,Idle,4.996004e-12
E3,il1,L,-,JA(0.8),2,CONVERGED,CONVERGED,418,418,-,-,0,0,0.8928571428571428,0.8928571,0.0,0.0,0,0.0,0,0.0,Idle,Idle,5.107026e-12
E3,il1,L,-,JA(0.5),3,CONVERGED,CONVERGED,526,526,-,-,0,0,0.5391009345223715,0.5391009,0.0,0.0,0,0.0,4,4.0,Idle,Idle,4.884981e-12
E3,il1,L,-,JB(1.2),2,CONVERGED,CONVERGED,474,474,-,-,0,0,0.7170594801974928,0.7170595,0.0,0.0,0,0.0,0,0.0,Idle,Idle,5.440093e-12
E3,il1,L,-,JB(0.95),1,CONVERGED,CONVERGED,399,399,-,-,0,0,0.8983009928885849,0.898301,0.0,0.0,0,0.0,0,0.0,Idle,Idle,6.439294e-12
E3,il1,L,-,JB(2),3,CONVERGED,CONVERGED,593,593,-,-,48,49,0.21593061018787993,0.2159306,0.0,0.0,0,0.0,6,6.0,Idle,Idle,5.440093e-12
E3,il1,L,-,JB(0.5),3,CONVERGED,CONVERGED,678,678,-,-,83,84,0.19933515387770956,0.1993352,0.0,0.0,0,0.0,0,0.0,Idle,Idle,6.106227e-12
E3,il1,L,-,N(1.2),2,CONVERGED,CONVERGED,482,482,-,-,0,0,0.8333333333333335,0.8333333,0.0,0.0,0,0.0,0,0.0,Idle,Idle,4.996004e-12
E3,il1,L,-,N(0.95),1,CONVERGED,CONVERGED,289,289,-,-,0,0,0.9774436090225562,0.9774436,0.0,0.0,0,0.0,0,0.0,Idle,Idle,5.440093e-12
E3,il1,L,-,JB(0.8),2,CONVERGED,CONVERGED,538,538,-,-,0,0,0.6208373254702155,0.6208373,0.0,0.0,0,0.0,0,0.0,Idle,Idle,5.551115e-12
E3,il1,L,-,N(1.05),1,CONVERGED,CONVERGED,362,362,-,-,0,0,0.9523809523809524,0.952381,0.0,0.0,0,0.0,0,0.0,Idle,Idle,5.440093e-12
E3,il1,L,-,RC(0.95),1,CONVERGED,CONVERGED,311,311,-,-,0,0,0.9503796324873698,0.9503796,0.0,0.0,0,0.0,0,0.0,Idle,Idle,5.440093e-12
E3,il1,L,-,N(0.8),2,CONVERGED,CONVERGED,418,418,-,-,0,0,0.8928571428571428,0.8928571,0.0,0.0,0,0.0,0,0.0,Idle,Idle,5.107026e-12
E3,il1,L,-,RC(1.05),1,CONVERGED,CONVERGED,291,291,-,-,0,0,0.8979828364409488,0.8979828,0.0,0.0,0,0.0,0,0.0,Idle,Idle,5.329071e-12
E3,il1,L,-,RC(2),3,CONVERGED,CONVERGED,544,544,-,-,62,62,0.22282446780037352,0.2228245,0.0,0.0,0,0.0,0,0.0,Idle,Idle,4.884981e-12
E3,il1,L,-,N(2),3,CONVERGED,CONVERGED,614,614,-,-,0,1,0.5,0.5,0.0,0.0,0,0.0,0,0.0,Idle,Idle,5.107026e-12
E3,il1,L,-,N(0.5),3,CONVERGED,CONVERGED,526,526,-,-,0,0,0.5391009345223715,0.5391009,0.0,0.0,0,0.0,4,4.0,Idle,Idle,4.884981e-12
E3,il1,L,-,RC(0.8),2,CONVERGED,CONVERGED,453,453,-,-,0,0,0.7789995964320524,0.7789996,0.0,0.0,0,0.0,0,0.0,Idle,Idle,6.106227e-12
E3,il1,L,-,RC(0.5),3,CONVERGED,CONVERGED,583,583,-,-,26,26,0.4083423253519582,0.4083423,0.0,0.0,0,0.0,0,0.0,Idle,Idle,5.107026e-12
E3,il1,L,-,x*/2,3,CONVERGED,CONVERGED,667,667,-,-,119,119,0.0031082292672993585,0.003108229,0.0,0.0,0,0.0,0,0.0,Idle,Idle,5.440093e-12
E3,il1,L,-,RC(1.2),2,CONVERGED,CONVERGED,411,411,-,-,0,0,0.6708941358617138,0.6708941,0.0,0.0,0,0.0,0,0.0,Idle,Idle,5.329071e-12
E3,il1,L,-,land.mach=0.44@genesis,2,CONVERGED,CONVERGED,0,0,-,-,0,0,0.9999999999999998,1.0,0.0,0.0,0,0.0,0,0.0,Idle,Idle,9.992007e-13
E3,il1,L,-,land.mach=0.36@genesis,2,CONVERGED,CONVERGED,0,0,-,-,0,0,1.0000000000000002,1.0,0.0,0.0,0,0.0,0,0.0,Idle,Idle,9.992007e-13
E3,il1,L,-,land.mach=0.8@genesis,3,CONVERGED,CONVERGED,0,0,-,-,0,0,1.0000000000000002,1.0,0.0,0.0,0,0.0,0,0.0,Idle,Idle,4.440892e-13
E3,il1,L,-,b.food=0.54@genesis,2,CONVERGED,CONVERGED,0,0,-,-,0,0,0.9999999999999999,1.0,0.0,0.0,0,0.0,0,0.0,Idle,Idle,7.771561e-13
E3,il1,L,-,b.food=0.66@genesis,2,CONVERGED,CONVERGED,0,0,-,-,0,0,1.0000000000000002,1.0,0.0,0.0,0,0.0,0,0.0,Idle,Idle,4.440892e-13
E3,il1,L,-,land.mach=0.2@genesis,3,CONVERGED,CONVERGED,0,0,-,-,0,0,1.0,1.0,0.0,0.0,0,0.0,0,0.0,Idle,Idle,6.661338e-13
E3,il1,L,-,b.food=1.2@genesis,3,CONVERGED,CONVERGED,0,0,-,-,0,0,1.0000000000000002,1.0,0.0,0.0,0,0.0,0,0.0,Idle,Idle,4.440892e-13
E3,il1,L,-,b.food=0.3@genesis,3,CONVERGED,CONVERGED,0,0,-,-,0,0,1.0,1.0,0.0,0.0,0,0.0,0,0.0,Idle,Idle,2.220446e-13
E3,il1,L,-,inst.land=468@genesis,2,VACUOUS,VACUOUS,0,0,-,-,0,0,1.0,1.0,0.0,0.0,0,0.0,0,0.0,Idle,Idle,4.440892e-13
E3,il1,L,-,land.mach=0.44@dated,2,CONVERGED,CONVERGED,0,0,-,-,0,0,0.9999999999999998,1.0,0.0,0.0,0,0.0,0,0.0,Idle,Idle,4.440892e-13
E3,il1,L,-,inst.land=572@genesis,2,VACUOUS,VACUOUS,0,0,-,-,0,0,1.0,1.0,0.0,0.0,0,0.0,0,0.0,Idle,Idle,6.661338e-13
E3,il1,L,-,inst.land=1040@genesis,3,VACUOUS,VACUOUS,0,0,-,-,0,0,1.0,1.0,0.0,0.0,0,0.0,0,0.0,Idle,Idle,6.661338e-13
E3,il1,L,-,land.mach=0.8@dated,3,CONVERGED,CONVERGED,0,0,-,-,0,0,1.0000000000000002,1.0,0.0,0.0,0,0.0,0,0.0,Idle,Idle,4.440892e-13
E3,il1,L,-,inst.land=260@genesis,3,CONVERGED,CONVERGED,671,671,-,-,0,0,0.6996865246241553,0.6996865,0.02536590939198292,0.02536591,0,0.0,1,1.0,Enclosed,Enclosed,1.398881e-11
E3,il1,L,-,b.food=1.2@dated,3,CONVERGED,CONVERGED,0,0,-,-,0,0,1.0000000000000002,1.0,0.0,0.0,0,0.0,0,0.0,Idle,Idle,4.440892e-13
E3,il1,L,-,land.mach=0.36@dated,2,CONVERGED,CONVERGED,0,0,-,-,0,0,1.0000000000000002,1.0,0.0,0.0,0,0.0,0,0.0,Idle,Idle,4.440892e-13
E3,il1,L,-,land.mach=0.2@dated,3,CONVERGED,CONVERGED,0,0,-,-,0,0,1.0,1.0,0.0,0.0,0,0.0,0,0.0,Idle,Idle,6.661338e-13
E3,il1,L,-,b.food=0.66@dated,2,CONVERGED,CONVERGED,0,0,-,-,0,0,1.0000000000000002,1.0,0.0,0.0,0,0.0,0,0.0,Idle,Idle,4.440892e-13
E3,il1,L,-,inst.land=468@dated,2,VACUOUS,VACUOUS,0,0,-,-,0,0,1.0,1.0,0.0,0.0,0,0.0,0,0.0,Idle,Idle,4.440892e-13
E3,il1,L,-,b.food=0.3@dated,3,CONVERGED,CONVERGED,0,0,-,-,0,0,1.0,1.0,0.0,0.0,0,0.0,0,0.0,Idle,Idle,2.220446e-13
E3,il1,L,-,b.food=0.54@dated,2,CONVERGED,CONVERGED,0,0,-,-,0,0,0.9999999999999999,1.0,0.0,0.0,0,0.0,0,0.0,Idle,Idle,4.440892e-13
E3,il1,L,-,inst.land=1040@dated,3,VACUOUS,VACUOUS,0,0,-,-,0,0,1.0,1.0,0.0,0.0,0,0.0,0,0.0,Idle,Idle,6.661338e-13
E3,il1,L,-,inst.land=572@dated,2,VACUOUS,VACUOUS,0,0,-,-,0,0,1.0,1.0,0.0,0.0,0,0.0,0,0.0,Idle,Idle,6.661338e-13
E3,il1,L,-,inst.land=260@dated,3,CONVERGED,CONVERGED,672,672,-,-,0,0,0.7000195909427138,0.7000196,0.02536590939198298,0.02536591,0,0.0,1,1.0,Enclosed,Enclosed,1.354472e-11
E4,il1,dial,rate.*=0.75,p[labour]*0.5,3,CONVERGED,CONVERGED,679,679,-,-,10,10,0.05653288061794115,0.05653288,0.0,0.0,0,0.0,0,0.0,Idle,Idle,6.77236e-12
E4,il1,dial,rate.*=0.75,p[labour]*2,3,CONVERGED,CONVERGED,712,712,-,-,0,1,0.5199878497616782,0.5199878,0.0,0.0,0,0.0,0,0.0,Idle,Idle,6.883383e-12
E4,il1,dial,rate.*=0.75,p[manufactures]*2,3,CONVERGED,CONVERGED,504,504,-,-,0,0,0.8783475542789558,0.8783476,0.0,0.0,0,0.0,0,0.0,Idle,Idle,6.77236e-12
E4,il1,dial,rate.*=0.75,p[food]*2,3,CONVERGED,CONVERGED,695,695,-,-,5,5,0.4328286050085266,0.4328286,0.0,0.0,0,0.0,0,0.0,Idle,Idle,7.105427e-12
E4,il1,dial,rate.*=0.75,p[food]*0.5,3,CONVERGED,CONVERGED,755,755,-,-,37,37,0.4341415311728022,0.4341415,0.0,0.0,0,0.0,0,0.0,Idle,Idle,6.77236e-12
E4,il1,dial,rate.*=0.75,p[manufactures]*0.5,3,CONVERGED,CONVERGED,570,570,-,-,40,40,0.3167764966677942,0.3167765,0.0,0.0,0,0.0,0,0.0,Idle,Idle,6.661338e-12
E4,il1,dial,rate.*=0.75,p[care]*0.5,3,CONVERGED,CONVERGED,500,500,-,-,43,43,0.3055950716232622,0.3055951,0.0,0.0,0,0.0,0,0.0,Idle,Idle,6.550316e-12
E4,il1,dial,rate.*=0.75,p[shelter]*2,3,CONVERGED,CONVERGED,487,487,-,-,0,0,0.894057958551896,0.894058,0.0,0.0,0,0.0,0,0.0,Idle,Idle,7.105427e-12
E4,il1,dial,rate.*=0.75,p[care]*2,3,CONVERGED,CONVERGED,431,431,-,-,0,0,0.9327173230465597,0.9327173,0.0,0.0,0,0.0,0,0.0,Idle,Idle,6.550316e-12
E4,il1,dial,rate.*=0.75,s[manufactures]=0.5,3,CONVERGED,CONVERGED,124,124,-,-,0,0,1.0,1.0,0.0,0.0,0,0.0,0,0.0,Idle,Idle,2.220446e-13
E4,il1,dial,rate.*=0.75,p[shelter]*0.5,3,CONVERGED,CONVERGED,554,554,-,-,41,41,0.31357176431567657,0.3135718,0.0,0.0,0,0.0,0,0.0,Idle,Idle,7.438494e-12
E4,il1,dial,rate.*=0.75,s[care]=0.5,3,CONVERGED,CONVERGED,748,748,-,-,67,67,0.01187480826987492,0.01187481,0.0,0.0,0,0.0,0,0.0,Idle,Idle,6.883383e-12
E4,il1,dial,rate.*=0.75,p[mach]*2,3,CONVERGED,CONVERGED,830,830,-,-,58,60,0.3603078741618577,0.3603079,0.0,0.0,0,0.0,0,0.0,Idle,Idle,7.21645e-12
E4,il1,dial,rate.*=0.75,p[mach]*0.5,3,CONVERGED,CONVERGED,715,715,-,-,28,28,0.34835794704027456,0.3483579,0.0,0.0,0,0.0,2,2.0,Idle,Idle,7.105427e-12
E4,il1,dial,rate.*=0.75,s[shelter]=0.5,3,CONVERGED,CONVERGED,551,551,-,-,19,19,0.06409978406894426,0.06409978,0.0,0.0,0,0.0,0,0.0,Idle,Idle,6.883383e-12
E4,il1,dial,rate.*=0.75,s[food]=0.5,3,CONVERGED,CONVERGED,785,785,-,-,85,85,0.051700384530688474,0.05170038,0.0,0.0,0,0.0,0,0.0,Idle,Idle,6.661338e-12
E4,il1,dial,rate.*=0.75,p[land]=0.025,3,CONVERGED,CONVERGED,539,539,-,-,5,5,0.2098415713819048,0.2098416,0.0,0.0,5,5.0,1,1.0,Idle,Idle,6.661338e-12
E4,il1,dial,rate.*=0.75,JA(0.5),3,CONVERGED,CONVERGED,673,673,-,-,0,0,0.5344480458454958,0.534448,0.0,0.0,0,0.0,4,4.0,Idle,Idle,6.883383e-12
E4,il1,dial,rate.*=0.75,JB(0.5),3,CONVERGED,CONVERGED,915,915,-,-,126,127,0.14455329341304887,0.1445533,0.0,0.0,0,0.0,0,0.0,Idle,Idle,7.438494e-12
E4,il1,dial,rate.*=0.75,JB(2),3,CONVERGED,CONVERGED,774,774,-,-,61,62,0.171337375673153,0.1713374,0.0,0.0,0,0.0,4,4.0,Idle,Idle,7.105427e-12
E4,il1,dial,rate.*=0.75,JA(2),3,CONVERGED,CONVERGED,817,817,-,-,0,1,0.5,0.5,0.0,0.0,0,0.0,0,0.0,Idle,Idle,6.883383e-12
E4,il1,dial,rate.*=0.75,RC(2),3,CONVERGED,CONVERGED,710,710,-,-,76,76,0.1872534308376773,0.1872534,0.0,0.0,0,0.0,0,0.0,Idle,Idle,7.105427e-12
E4,il1,dial,rate.*=0.75,land.mach=0.8@genesis,3,CONVERGED,CONVERGED,0,0,-,-,0,0,1.0000000000000002,1.0,0.0,0.0,0,0.0,0,0.0,Idle,Idle,4.440892e-13
E4,il1,dial,rate.*=0.75,b.food=1.2@genesis,3,CONVERGED,CONVERGED,0,0,-,-,0,0,1.0000000000000002,1.0,0.0,0.0,0,0.0,0,0.0,Idle,Idle,4.440892e-13
E4,il1,dial,rate.*=0.75,N(0.5),3,CONVERGED,CONVERGED,673,673,-,-,0,0,0.5344480458454958,0.534448,0.0,0.0,0,0.0,4,4.0,Idle,Idle,6.883383e-12
E4,il1,dial,rate.*=0.75,N(2),3,CONVERGED,CONVERGED,817,817,-,-,0,1,0.5,0.5,0.0,0.0,0,0.0,0,0.0,Idle,Idle,6.883383e-12
E4,il1,dial,rate.*=0.75,RC(0.5),3,CONVERGED,CONVERGED,760,760,-,-,59,59,0.390592639953114,0.3905926,0.0,0.0,0,0.0,2,2.0,Idle,Idle,6.661338e-12
E4,il1,dial,rate.*=0.75,x*/2,3,CONVERGED,CONVERGED,826,826,-,-,128,128,0.003420461490648059,0.003420461,0.0,0.0,0,0.0,0,0.0,Idle,Idle,7.438494e-12
E4,il1,dial,rate.*=0.75,land.mach=0.2@genesis,3,CONVERGED,CONVERGED,0,0,-,-,0,0,1.0,1.0,0.0,0.0,0,0.0,0,0.0,Idle,Idle,6.661338e-13
E4,il1,dial,rate.*=0.75,inst.land=1040@genesis,3,VACUOUS,VACUOUS,0,0,-,-,0,0,1.0,1.0,0.0,0.0,0,0.0,0,0.0,Idle,Idle,6.661338e-13
E4,il1,dial,rate.*=0.75,b.food=0.3@genesis,3,CONVERGED,CONVERGED,0,0,-,-,0,0,1.0,1.0,0.0,0.0,0,0.0,0,0.0,Idle,Idle,2.220446e-13
E4,il1,dial,rate.*=0.75,inst.land=260@genesis,3,CONVERGED,CONVERGED,916,916,-,-,0,0,0.6887949493316375,0.6887949,0.02536590939197643,0.02536591,0,0.0,1,1.0,Enclosed,Enclosed,2.164935e-11
E4,il1,dial,rate.*=0.75,b.food=1.2@dated,3,CONVERGED,CONVERGED,0,0,-,-,0,0,1.0000000000000002,1.0,0.0,0.0,0,0.0,0,0.0,Idle,Idle,4.440892e-13
E4,il1,dial,rate.*=0.75,land.mach=0.2@dated,3,CONVERGED,CONVERGED,0,0,-,-,0,0,1.0,1.0,0.0,0.0,0,0.0,0,0.0,Idle,Idle,6.661338e-13
E4,il1,dial,rate.*=0.75,inst.land=260@dated,3,CONVERGED,CONVERGED,917,917,-,-,0,0,0.6900663869730957,0.6900664,0.025365909391976388,0.02536591,0,0.0,1,1.0,Enclosed,Enclosed,1.898481e-11
E4,il1,dial,rate.*=0.75,inst.land=1040@dated,3,VACUOUS,VACUOUS,0,0,-,-,0,0,1.0,1.0,0.0,0.0,0,0.0,0,0.0,Idle,Idle,6.661338e-13
E4,il1,dial,rate.*=0.75,land.mach=0.8@dated,3,CONVERGED,CONVERGED,0,0,-,-,0,0,1.0000000000000002,1.0,0.0,0.0,0,0.0,0,0.0,Idle,Idle,4.440892e-13
E4,il1,dial,rate.*=0.75,b.food=0.3@dated,3,CONVERGED,CONVERGED,0,0,-,-,0,0,1.0,1.0,0.0,0.0,0,0.0,0,0.0,Idle,Idle,2.220446e-13
E4,il1,dial,buffer.*=0.75,p[labour]*0.5,3,CONVERGED,CONVERGED,505,505,-,-,7,7,0.1077953851209717,0.1077954,0.0,0.0,0,0.0,0,0.0,Idle,Idle,5.107026e-12
E4,il1,dial,buffer.*=0.75,p[labour]*2,3,CONVERGED,CONVERGED,527,527,-,-,0,1,0.5231333172471666,0.5231333,0.0,0.0,0,0.0,0,0.0,Idle,Idle,4.662937e-12
E4,il1,dial,buffer.*=0.75,p[food]*2,3,CONVERGED,CONVERGED,532,532,-,-,2,2,0.46297414047908897,0.4629741,0.0,0.0,0,0.0,0,0.0,Idle,Idle,4.662937e-12
E4,il1,dial,buffer.*=0.75,p[manufactures]*0.5,3,CONVERGED,CONVERGED,479,479,-,-,25,25,0.4312932214719669,0.4312932,0.0,0.0,0,0.0,0,0.0,Idle,Idle,4.996004e-12
E4,il1,dial,buffer.*=0.75,p[manufactures]*2,3,CONVERGED,CONVERGED,422,422,-,-,0,0,0.8403485565577276,0.8403486,0.0,0.0,0,0.0,0,0.0,Idle,Idle,4.884981e-12
E4,il1,dial,buffer.*=0.75,p[food]*0.5,3,CONVERGED,CONVERGED,585,585,-,-,0,0,0.5478468384748427,0.5478468,0.0,0.0,0,0.0,0,0.0,Idle,Idle,4.662937e-12
E4,il1,dial,buffer.*=0.75,p[shelter]*2,3,CONVERGED,CONVERGED,408,408,-,-,0,0,0.8474116147995556,0.8474116,0.0,0.0,0,0.0,0,0.0,Idle,Idle,4.996004e-12
E4,il1,dial,buffer.*=0.75,p[mach]*2,3,CONVERGED,CONVERGED,619,619,-,-,36,37,0.4351697987727615,0.4351698,0.0,0.0,0,0.0,0,0.0,Idle,Idle,5.107026e-12
E4,il1,dial,buffer.*=0.75,p[care]*0.5,3,CONVERGED,CONVERGED,443,443,-,-,27,27,0.42091674589467193,0.4209167,0.0,0.0,0,0.0,0,0.0,Idle,Idle,4.884981e-12
E4,il1,dial,buffer.*=0.75,p[care]*2,3,CONVERGED,CONVERGED,381,381,-,-,0,0,0.8656670837856627,0.8656671,0.0,0.0,0,0.0,0,0.0,Idle,Idle,4.884981e-12
E4,il1,dial,buffer.*=0.75,s[manufactures]=0.5,3,CONVERGED,CONVERGED,124,124,-,-,0,0,0.9999999999999999,1.0,0.0,0.0,0,0.0,0,0.0,Idle,Idle,2.220446e-13
E4,il1,dial,buffer.*=0.75,p[shelter]*0.5,3,CONVERGED,CONVERGED,466,466,-,-,26,26,0.42826148177948536,0.4282615,0.0,0.0,0,0.0,0,0.0,Idle,Idle,5.77316e-12
E4,il1,dial,buffer.*=0.75,p[land]=0.025,3,CONVERGED,CONVERGED,409,409,-,-,4,4,0.20984157138190476,0.2098416,0.0,0.0,4,4.0,1,1.0,Idle,Idle,5.440093e-12
E4,il1,dial,buffer.*=0.75,p[mach]*0.5,3,CONVERGED,CONVERGED,548,548,-,-,0,0,0.5224823684915658,0.5224824,0.0,0.0,0,0.0,2,2.0,Idle,Idle,5.440093e-12
E4,il1,dial,buffer.*=0.75,s[food]=0.5,3,CONVERGED,CONVERGED,620,620,-,-,77,77,0.051700384530688474,0.05170038,0.0,0.0,0,0.0,0,0.0,Idle,Idle,5.107026e-12
E4,il1,dial,buffer.*=0.75,JA(0.5),3,CONVERGED,CONVERGED,527,527,-,-,0,0,0.538698944847396,0.5386989,0.0,0.0,0,0.0,2,2.0,Idle,Idle,4.662937e-12
E4,il1,dial,buffer.*=0.75,s[shelter]=0.5,3,CONVERGED,CONVERGED,453,453,-,-,13,13,0.06409978406894425,0.06409978,0.0,0.0,0,0.0,0,0.0,Idle,Idle,4.996004e-12
E4,il1,dial,buffer.*=0.75,JB(0.5),3,CONVERGED,CONVERGED,667,667,-,-,81,82,0.24943472601433925,0.2494347,0.0,0.0,0,0.0,0,0.0,Idle,Idle,5.551115e-12
E4,il1,dial,buffer.*=0.75,JA(2),3,CONVERGED,CONVERGED,614,614,-,-,0,1,0.5,0.5,0.0,0.0,0,0.0,0,0.0,Idle,Idle,4.662937e-12
E4,il1,dial,buffer.*=0.75,JB(2),3,CONVERGED,CONVERGED,586,586,-,-,47,48,0.25177837990538826,0.2517784,0.0,0.0,0,0.0,8,8.0,Idle,Idle,6.106227e-12
E4,il1,dial,buffer.*=0.75,s[care]=0.5,3,CONVERGED,CONVERGED,645,645,-,-,59,59,0.023298043211710553,0.02329804,0.0,0.0,0,0.0,0,0.0,Idle,Idle,5.329071e-12
E4,il1,dial,buffer.*=0.75,RC(0.5),3,CONVERGED,CONVERGED,595,595,-,-,28,28,0.41820904872144826,0.418209,0.0,0.0,0,0.0,0,0.0,Idle,Idle,5.329071e-12
E4,il1,dial,buffer.*=0.75,x*/2,3,CONVERGED,CONVERGED,670,670,-,-,123,123,0.006736205864016469,0.006736206,0.0,0.0,0,0.0,0,0.0,Idle,Idle,5.329071e-12
E4,il1,dial,buffer.*=0.75,land.mach=0.8@genesis,3,CONVERGED,CONVERGED,0,0,-,-,0,0,1.0,1.0,0.0,0.0,0,0.0,0,0.0,Idle,Idle,4.440892e-13
E4,il1,dial,buffer.*=0.75,RC(2),3,CONVERGED,CONVERGED,553,553,-,-,59,59,0.2614913212472136,0.2614913,0.0,0.0,0,0.0,0,0.0,Idle,Idle,5.662137e-12
E4,il1,dial,buffer.*=0.75,N(0.5),3,CONVERGED,CONVERGED,527,527,-,-,0,0,0.538698944847396,0.5386989,0.0,0.0,0,0.0,2,2.0,Idle,Idle,4.662937e-12
E4,il1,dial,buffer.*=0.75,N(2),3,CONVERGED,CONVERGED,614,614,-,-,0,1,0.5,0.5,0.0,0.0,0,0.0,0,0.0,Idle,Idle,4.662937e-12
E4,il1,dial,buffer.*=0.75,land.mach=0.2@genesis,3,CONVERGED,CONVERGED,0,0,-,-,0,0,0.9999999999999999,1.0,0.0,0.0,0,0.0,0,0.0,Idle,Idle,6.661338e-13
E4,il1,dial,buffer.*=0.75,b.food=0.3@genesis,3,CONVERGED,CONVERGED,0,0,-,-,0,0,0.9999999999999999,1.0,0.0,0.0,0,0.0,0,0.0,Idle,Idle,2.220446e-13
E4,il1,dial,buffer.*=0.75,inst.land=260@genesis,3,CONVERGED,CONVERGED,647,647,-,-,0,0,0.7015179336078938,0.7015179,0.025365909391982914,0.02536591,0,0.0,1,1.0,Enclosed,Enclosed,1.187939e-11
E4,il1,dial,buffer.*=0.75,inst.land=1040@genesis,3,VACUOUS,VACUOUS,0,0,-,-,0,0,0.9999999999999999,1.0,0.0,0.0,0,0.0,0,0.0,Idle,Idle,6.661338e-13
E4,il1,dial,buffer.*=0.75,b.food=1.2@genesis,3,CONVERGED,CONVERGED,0,0,-,-,0,0,1.0,1.0,0.0,0.0,0,0.0,0,0.0,Idle,Idle,4.440892e-13
E4,il1,dial,buffer.*=0.75,land.mach=0.8@dated,3,CONVERGED,CONVERGED,0,0,-,-,0,0,1.0,1.0,0.0,0.0,0,0.0,0,0.0,Idle,Idle,4.440892e-13
E4,il1,dial,buffer.*=0.75,inst.land=1040@dated,3,VACUOUS,VACUOUS,0,0,-,-,0,0,0.9999999999999999,1.0,0.0,0.0,0,0.0,0,0.0,Idle,Idle,6.661338e-13
E4,il1,dial,buffer.*=0.75,land.mach=0.2@dated,3,CONVERGED,CONVERGED,0,0,-,-,0,0,0.9999999999999999,1.0,0.0,0.0,0,0.0,0,0.0,Idle,Idle,6.661338e-13
E4,il1,dial,buffer.*=0.75,inst.land=260@dated,3,CONVERGED,CONVERGED,647,647,-,-,0,0,0.7026235180518741,0.7026235,0.02536590939198295,0.02536591,0,0.0,1,1.0,Enclosed,Enclosed,1.088019e-11
E4,il1,dial,buffer.*=0.75,b.food=1.2@dated,3,CONVERGED,CONVERGED,0,0,-,-,0,0,1.0,1.0,0.0,0.0,0,0.0,0,0.0,Idle,Idle,4.440892e-13
E4,il1,dial,buffer.*=0.75,b.food=0.3@dated,3,CONVERGED,CONVERGED,0,0,-,-,0,0,0.9999999999999999,1.0,0.0,0.0,0,0.0,0,0.0,Idle,Idle,2.220446e-13
E4,il1,dial,adjust.*=0.75,p[labour]*0.5,3,CONVERGED,CONVERGED,507,507,-,-,7,7,0.09847348118272588,0.09847348,0.0,0.0,0,0.0,0,0.0,Idle,Idle,5.995204e-12
E4,il1,dial,adjust.*=0.75,p[labour]*2,3,CONVERGED,CONVERGED,532,532,-,-,0,1,0.5248077507161142,0.5248078,0.0,0.0,0,0.0,0,0.0,Idle,Idle,5.77316e-12
E4,il1,dial,adjust.*=0.75,p[manufactures]*0.5,3,CONVERGED,CONVERGED,456,456,-,-,29,29,0.37328884900926135,0.3732888,0.0,0.0,0,0.0,0,0.0,Idle,Idle,5.440093e-12
E4,il1,dial,adjust.*=0.75,p[food]*2,3,CONVERGED,CONVERGED,527,527,-,-,2,2,0.4526378434178383,0.4526378,0.0,0.0,0,0.0,0,0.0,Idle,Idle,5.440093e-12
E4,il1,dial,adjust.*=0.75,p[care]*2,3,CONVERGED,CONVERGED,344,344,-,-,0,0,0.8988875782180185,0.8988876,0.0,0.0,0,0.0,0,0.0,Idle,Idle,5.107026e-12
E4,il1,dial,adjust.*=0.75,p[manufactures]*2,3,CONVERGED,CONVERGED,400,400,-,-,0,0,0.8706708907537757,0.8706709,0.0,0.0,0,0.0,0,0.0,Idle,Idle,5.107026e-12
E4,il1,dial,adjust.*=0.75,p[food]*0.5,3,CONVERGED,CONVERGED,580,580,-,-,0,0,0.5021650941116376,0.5021651,0.0,0.0,0,0.0,0,0.0,Idle,Idle,5.107026e-12
E4,il1,dial,adjust.*=0.75,p[shelter]*2,3,CONVERGED,CONVERGED,387,387,-,-,0,0,0.8785828781738869,0.8785829,0.0,0.0,0,0.0,0,0.0,Idle,Idle,5.440093e-12
E4,il1,dial,adjust.*=0.75,p[shelter]*0.5,3,CONVERGED,CONVERGED,443,443,-,-,29,29,0.37017431316446353,0.3701743,0.0,0.0,0,0.0,0,0.0,Idle,Idle,5.440093e-12
E4,il1,dial,adjust.*=0.75,p[mach]*0.5,3,CONVERGED,CONVERGED,553,553,-,-,16,16,0.43330277220940466,0.4333028,0.0,0.0,0,0.0,2,2.0,Idle,Idle,5.440093e-12
E4,il1,dial,adjust.*=0.75,p[land]=0.025,3,CONVERGED,CONVERGED,408,408,-,-,4,4,0.2098415713819048,0.2098416,0.0,0.0,4,4.0,1,1.0,Idle,Idle,5.440093e-12
E4,il1,dial,adjust.*=0.75,p[mach]*2,3,CONVERGED,CONVERGED,621,621,-,-,38,40,0.4012837719747415,0.4012838,0.0,0.0,0,0.0,0,0.0,Idle,Idle,4.884981e-12
E4,il1,dial,adjust.*=0.75,s[care]=0.5,3,CONVERGED,CONVERGED,691,691,-,-,121,121,0.008466343823612842,0.008466344,0.0,0.0,0,0.0,0,0.0,Idle,Idle,5.662137e-12
E4,il1,dial,adjust.*=0.75,p[care]*0.5,3,CONVERGED,CONVERGED,403,403,-,-,30,30,0.3624336224984789,0.3624336,0.0,0.0,0,0.0,0,0.0,Idle,Idle,4.773959e-12
E4,il1,dial,adjust.*=0.75,s[food]=0.5,3,CONVERGED,CONVERGED,666,666,-,-,113,113,0.050427187863775515,0.05042719,0.0,0.0,0,0.0,0,0.0,Idle,Idle,5.440093e-12
E4,il1,dial,adjust.*=0.75,s[shelter]=0.5,3,CONVERGED,CONVERGED,479,479,-,-,24,24,0.062538173400013,0.06253817,0.0,0.0,0,0.0,0,0.0,Idle,Idle,4.551914e-12
E4,il1,dial,adjust.*=0.75,s[manufactures]=0.5,3,CONVERGED,CONVERGED,165,165,-,-,0,0,1.0,1.0,0.0,0.0,0,0.0,0,0.0,Idle,Idle,2.220446e-13
E4,il1,dial,adjust.*=0.75,JB(2),3,CONVERGED,CONVERGED,593,593,-,-,48,49,0.21593061018787993,0.2159306,0.0,0.0,0,0.0,6,6.0,Idle,Idle,5.440093e-12
E4,il1,dial,adjust.*=0.75,JA(0.5),3,CONVERGED,CONVERGED,526,526,-,-,0,0,0.5391009345223715,0.5391009,0.0,0.0,0,0.0,4,4.0,Idle,Idle,4.884981e-12
E4,il1,dial,adjust.*=0.75,JA(2),3,CONVERGED,CONVERGED,614,614,-,-,0,1,0.5,0.5,0.0,0.0,0,0.0,0,0.0,Idle,Idle,5.107026e-12
E4,il1,dial,adjust.*=0.75,N(0.5),3,CONVERGED,CONVERGED,526,526,-,-,0,0,0.5391009345223715,0.5391009,0.0,0.0,0,0.0,4,4.0,Idle,Idle,4.884981e-12
E4,il1,dial,adjust.*=0.75,JB(0.5),3,CONVERGED,CONVERGED,678,678,-,-,83,84,0.19933515387770956,0.1993352,0.0,0.0,0,0.0,0,0.0,Idle,Idle,6.106227e-12
E4,il1,dial,adjust.*=0.75,N(2),3,CONVERGED,CONVERGED,614,614,-,-,0,1,0.5,0.5,0.0,0.0,0,0.0,0,0.0,Idle,Idle,5.107026e-12
E4,il1,dial,adjust.*=0.75,RC(2),3,CONVERGED,CONVERGED,544,544,-,-,62,62,0.22282446780037352,0.2228245,0.0,0.0,0,0.0,0,0.0,Idle,Idle,4.884981e-12
E4,il1,dial,adjust.*=0.75,x*/2,3,CONVERGED,CONVERGED,716,716,-,-,151,151,0.0008073955708367492,0.0008073956,0.0,0.0,0,0.0,0,0.0,Idle,Idle,5.329071e-12
E4,il1,dial,adjust.*=0.75,RC(0.5),3,CONVERGED,CONVERGED,583,583,-,-,26,26,0.4083423253519582,0.4083423,0.0,0.0,0,0.0,0,0.0,Idle,Idle,5.107026e-12
E4,il1,dial,adjust.*=0.75,land.mach=0.2@genesis,3,CONVERGED,CONVERGED,0,0,-,-,0,0,1.0,1.0,0.0,0.0,0,0.0,0,0.0,Idle,Idle,6.661338e-13
E4,il1,dial,adjust.*=0.75,land.mach=0.8@genesis,3,CONVERGED,CONVERGED,0,0,-,-,0,0,1.0000000000000002,1.0,0.0,0.0,0,0.0,0,0.0,Idle,Idle,4.440892e-13
E4,il1,dial,adjust.*=0.75,b.food=1.2@genesis,3,CONVERGED,CONVERGED,0,0,-,-,0,0,1.0000000000000002,1.0,0.0,0.0,0,0.0,0,0.0,Idle,Idle,4.440892e-13
E4,il1,dial,adjust.*=0.75,b.food=0.3@genesis,3,CONVERGED,CONVERGED,0,0,-,-,0,0,1.0,1.0,0.0,0.0,0,0.0,0,0.0,Idle,Idle,2.220446e-13
E4,il1,dial,adjust.*=0.75,inst.land=260@genesis,3,CONVERGED,CONVERGED,671,671,-,-,0,0,0.6996865246241553,0.6996865,0.02536590939198292,0.02536591,0,0.0,1,1.0,Enclosed,Enclosed,1.398881e-11
E4,il1,dial,adjust.*=0.75,inst.land=1040@genesis,3,VACUOUS,VACUOUS,0,0,-,-,0,0,1.0,1.0,0.0,0.0,0,0.0,0,0.0,Idle,Idle,6.661338e-13
E4,il1,dial,adjust.*=0.75,land.mach=0.8@dated,3,CONVERGED,CONVERGED,0,0,-,-,0,0,1.0000000000000002,1.0,0.0,0.0,0,0.0,0,0.0,Idle,Idle,4.440892e-13
E4,il1,dial,adjust.*=0.75,b.food=1.2@dated,3,CONVERGED,CONVERGED,0,0,-,-,0,0,1.0000000000000002,1.0,0.0,0.0,0,0.0,0,0.0,Idle,Idle,4.440892e-13
E4,il1,dial,adjust.*=0.75,b.food=0.3@dated,3,CONVERGED,CONVERGED,0,0,-,-,0,0,1.0,1.0,0.0,0.0,0,0.0,0,0.0,Idle,Idle,2.220446e-13
E4,il1,dial,adjust.*=0.75,land.mach=0.2@dated,3,CONVERGED,CONVERGED,0,0,-,-,0,0,1.0,1.0,0.0,0.0,0,0.0,0,0.0,Idle,Idle,6.661338e-13
E4,il1,dial,adjust.*=0.75,inst.land=260@dated,3,CONVERGED,CONVERGED,672,672,-,-,0,0,0.7000195909427138,0.7000196,0.02536590939198298,0.02536591,0,0.0,1,1.0,Enclosed,Enclosed,1.354472e-11
E4,il1,dial,adjust.*=0.75,inst.land=1040@dated,3,VACUOUS,VACUOUS,0,0,-,-,0,0,1.0,1.0,0.0,0.0,0,0.0,0,0.0,Idle,Idle,6.661338e-13
E4,il1,dial,rate.*=0.9,p[labour]*0.5,3,CONVERGED,CONVERGED,564,564,-,-,8,8,0.08185352425738274,0.08185352,0.0,0.0,0,0.0,0,0.0,Idle,Idle,5.662137e-12
E4,il1,dial,rate.*=0.9,p[manufactures]*0.5,3,CONVERGED,CONVERGED,495,495,-,-,33,33,0.3527286138789313,0.3527286,0.0,0.0,0,0.0,0,0.0,Idle,Idle,5.329071e-12
E4,il1,dial,rate.*=0.9,p[labour]*2,3,CONVERGED,CONVERGED,592,592,-,-,0,1,0.5228731194790055,0.5228731,0.0,0.0,0,0.0,0,0.0,Idle,Idle,5.551115e-12
E4,il1,dial,rate.*=0.9,p[manufactures]*2,3,CONVERGED,CONVERGED,435,435,-,-,0,0,0.8783475542789558,0.8783476,0.0,0.0,0,0.0,0,0.0,Idle,Idle,6.106227e-12
E4,il1,dial,rate.*=0.9,p[food]*0.5,3,CONVERGED,CONVERGED,639,639,-,-,20,20,0.47728688972942196,0.4772869,0.0,0.0,0,0.0,0,0.0,Idle,Idle,5.662137e-12
E4,il1,dial,rate.*=0.9,p[care]*0.5,3,CONVERGED,CONVERGED,436,436,-,-,35,35,0.34175570928159954,0.3417557,0.0,0.0,0,0.0,0,0.0,Idle,Idle,5.662137e-12
E4,il1,dial,rate.*=0.9,p[care]*2,3,CONVERGED,CONVERGED,374,374,-,-,0,0,0.9172882868124895,0.9172883,0.0,0.0,0,0.0,0,0.0,Idle,Idle,5.995204e-12
E4,il1,dial,rate.*=0.9,p[food]*2,3,CONVERGED,CONVERGED,583,583,-,-,3,3,0.4447658641263615,0.4447659,0.0,0.0,0,0.0,0,0.0,Idle,Idle,5.551115e-12
E4,il1,dial,rate.*=0.9,p[shelter]*2,3,CONVERGED,CONVERGED,421,421,-,-,0,0,0.894057958551896,0.894058,0.0,0.0,0,0.0,0,0.0,Idle,Idle,5.662137e-12
E4,il1,dial,rate.*=0.9,p[shelter]*0.5,3,CONVERGED,CONVERGED,481,481,-,-,33,33,0.34959871207788434,0.3495987,0.0,0.0,0,0.0,0,0.0,Idle,Idle,5.662137e-12
E4,il1,dial,rate.*=0.9,p[mach]*2,3,CONVERGED,CONVERGED,691,691,-,-,44,46,0.3870283279054634,0.3870283,0.0,0.0,0,0.0,0,0.0,Idle,Idle,5.440093e-12
E4,il1,dial,rate.*=0.9,s[manufactures]=0.5,3,CONVERGED,CONVERGED,124,124,-,-,0,0,1.0,1.0,0.0,0.0,0,0.0,0,0.0,Idle,Idle,2.220446e-13
E4,il1,dial,rate.*=0.9,p[land]=0.025,3,CONVERGED,CONVERGED,451,451,-,-,4,4,0.2098415713819048,0.2098416,0.0,0.0,4,4.0,1,1.0,Idle,Idle,5.77316e-12
E4,il1,dial,rate.*=0.9,s[food]=0.5,3,CONVERGED,CONVERGED,678,678,-,-,87,87,0.051700384530688474,0.05170038,0.0,0.0,0,0.0,0,0.0,Idle,Idle,5.329071e-12
E4,il1,dial,rate.*=0.9,s[shelter]=0.5,3,CONVERGED,CONVERGED,484,484,-,-,18,18,0.06409978406894426,0.06409978,0.0,0.0,0,0.0,0,0.0,Idle,Idle,5.551115e-12
E4,il1,dial,rate.*=0.9,p[mach]*0.5,3,CONVERGED,CONVERGED,608,608,-,-,21,21,0.40159221385907207,0.4015922,0.0,0.0,0,0.0,2,2.0,Idle,Idle,5.995204e-12
E4,il1,dial,rate.*=0.9,s[care]=0.5,3,CONVERGED,CONVERGED,672,672,-,-,62,62,0.013206379714486642,0.01320638,0.0,0.0,0,0.0,0,0.0,Idle,Idle,5.329071e-12
E4,il1,dial,rate.*=0.9,JA(0.5),3,CONVERGED,CONVERGED,576,576,-,-,0,0,0.5362791785771894,0.5362792,0.0,0.0,0,0.0,4,4.0,Idle,Idle,5.440093e-12
E4,il1,dial,rate.*=0.9,JA(2),3,CONVERGED,CONVERGED,682,682,-,-,0,1,0.5,0.5,0.0,0.0,0,0.0,0,0.0,Idle,Idle,5.440093e-12
E4,il1,dial,rate.*=0.9,N(2),3,CONVERGED,CONVERGED,682,682,-,-,0,1,0.5,0.5,0.0,0.0,0,0.0,0,0.0,Idle,Idle,5.440093e-12
E4,il1,dial,rate.*=0.9,RC(2),3,CONVERGED,CONVERGED,600,600,-,-,67,67,0.20973402019371146,0.209734,0.0,0.0,0,0.0,0,0.0,Idle,Idle,5.662137e-12
E4,il1,dial,rate.*=0.9,N(0.5),3,CONVERGED,CONVERGED,576,576,-,-,0,0,0.5362791785771894,0.5362792,0.0,0.0,0,0.0,4,4.0,Idle,Idle,5.440093e-12
E4,il1,dial,rate.*=0.9,JB(2),3,CONVERGED,CONVERGED,654,654,-,-,52,53,0.2144156512635496,0.2144157,0.0,0.0,0,0.0,6,6.0,Idle,Idle,5.551115e-12
E4,il1,dial,rate.*=0.9,RC(0.5),3,CONVERGED,CONVERGED,642,642,-,-,35,35,0.40324382678143894,0.4032438,0.0,0.0,0,0.0,2,2.0,Idle,Idle,5.329071e-12
E4,il1,dial,rate.*=0.9,JB(0.5),3,CONVERGED,CONVERGED,756,756,-,-,93,94,0.17809915231721196,0.1780992,0.0,0.0,0,0.0,0,0.0,Idle,Idle,6.106227e-12
E4,il1,dial,rate.*=0.9,b.food=1.2@genesis,3,CONVERGED,CONVERGED,0,0,-,-,0,0,1.0000000000000002,1.0,0.0,0.0,0,0.0,0,0.0,Idle,Idle,4.440892e-13
E4,il1,dial,rate.*=0.9,land.mach=0.8@genesis,3,CONVERGED,CONVERGED,0,0,-,-,0,0,1.0000000000000002,1.0,0.0,0.0,0,0.0,0,0.0,Idle,Idle,4.440892e-13
E4,il1,dial,rate.*=0.9,x*/2,3,CONVERGED,CONVERGED,721,721,-,-,122,122,0.0032413626610666743,0.003241363,0.0,0.0,0,0.0,0,0.0,Idle,Idle,5.995204e-12
E4,il1,dial,rate.*=0.9,land.mach=0.2@genesis,3,CONVERGED,CONVERGED,0,0,-,-,0,0,1.0,1.0,0.0,0.0,0,0.0,0,0.0,Idle,Idle,6.661338e-13
E4,il1,dial,rate.*=0.9,b.food=0.3@genesis,3,CONVERGED,CONVERGED,0,0,-,-,0,0,1.0,1.0,0.0,0.0,0,0.0,0,0.0,Idle,Idle,2.220446e-13
E4,il1,dial,rate.*=0.9,inst.land=1040@genesis,3,VACUOUS,VACUOUS,0,0,-,-,0,0,1.0,1.0,0.0,0.0,0,0.0,0,0.0,Idle,Idle,6.661338e-13
E4,il1,dial,rate.*=0.9,inst.land=260@genesis,3,CONVERGED,CONVERGED,750,750,-,-,0,0,0.6953877846764032,0.6953878,0.02536590939198291,0.02536591,0,0.0,1,1.0,Enclosed,Enclosed,1.809664e-11
E4,il1,dial,rate.*=0.9,b.food=1.2@dated,3,CONVERGED,CONVERGED,0,0,-,-,0,0,1.0000000000000002,1.0,0.0,0.0,0,0.0,0,0.0,Idle,Idle,4.440892e-13
E4,il1,dial,rate.*=0.9,b.food=0.3@dated,3,CONVERGED,CONVERGED,0,0,-,-,0,0,1.0,1.0,0.0,0.0,0,0.0,0,0.0,Idle,Idle,2.220446e-13
E4,il1,dial,rate.*=0.9,land.mach=0.8@dated,3,CONVERGED,CONVERGED,0,0,-,-,0,0,1.0000000000000002,1.0,0.0,0.0,0,0.0,0,0.0,Idle,Idle,4.440892e-13
E4,il1,dial,rate.*=0.9,inst.land=1040@dated,3,VACUOUS,VACUOUS,0,0,-,-,0,0,1.0,1.0,0.0,0.0,0,0.0,0,0.0,Idle,Idle,6.661338e-13
E4,il1,dial,rate.*=0.9,inst.land=260@dated,3,CONVERGED,CONVERGED,751,751,-,-,0,0,0.6963365925985465,0.6963366,0.0253659093919829,0.02536591,0,0.0,1,1.0,Enclosed,Enclosed,1.665335e-11
E4,il1,dial,rate.*=0.9,land.mach=0.2@dated,3,CONVERGED,CONVERGED,0,0,-,-,0,0,1.0,1.0,0.0,0.0,0,0.0,0,0.0,Idle,Idle,6.661338e-13
E4,il1,dial,buffer.*=0.9,p[manufactures]*0.5,3,CONVERGED,CONVERGED,463,463,-,-,28,28,0.3946519704012351,0.394652,0.0,0.0,0,0.0,0,0.0,Idle,Idle,5.107026e-12
E4,il1,dial,buffer.*=0.9,p[labour]*0.5,3,CONVERGED,CONVERGED,506,506,-,-,7,7,0.10215268809451734,0.1021527,0.0,0.0,0,0.0,0,0.0,Idle,Idle,5.107026e-12
E4,il1,dial,buffer.*=0.9,p[manufactures]*2,3,CONVERGED,CONVERGED,407,407,-,-,0,0,0.8587398783125176,0.8587399,0.0,0.0,0,0.0,0,0.0,Idle,Idle,5.107026e-12
E4,il1,dial,buffer.*=0.9,p[labour]*2,3,CONVERGED,CONVERGED,530,530,-,-,0,1,0.5241429963801432,0.524143,0.0,0.0,0,0.0,0,0.0,Idle,Idle,5.107026e-12
E4,il1,dial,buffer.*=0.9,p[food]*0.5,3,CONVERGED,CONVERGED,582,582,-,-,0,0,0.5176950205349033,0.517695,0.0,0.0,0,0.0,0,0.0,Idle,Idle,5.440093e-12
E4,il1,dial,buffer.*=0.9,p[food]*2,3,CONVERGED,CONVERGED,529,529,-,-,2,2,0.4566952829139726,0.4566953,0.0,0.0,0,0.0,0,0.0,Idle,Idle,4.996004e-12
E4,il1,dial,buffer.*=0.9,p[shelter]*2,3,CONVERGED,CONVERGED,393,393,-,-,0,0,0.8663535508964533,0.8663536,0.0,0.0,0,0.0,0,0.0,Idle,Idle,4.996004e-12
E4,il1,dial,buffer.*=0.9,p[care]*2,3,CONVERGED,CONVERGED,349,349,-,-,0,0,0.886034696013123,0.8860347,0.0,0.0,0,0.0,0,0.0,Idle,Idle,5.107026e-12
E4,il1,dial,buffer.*=0.9,p[care]*0.5,3,CONVERGED,CONVERGED,408,408,-,-,30,30,0.38397175578298404,0.3839718,0.0,0.0,0,0.0,0,0.0,Idle,Idle,5.329071e-12
E4,il1,dial,buffer.*=0.9,s[food]=0.5,3,CONVERGED,CONVERGED,622,622,-,-,86,86,0.051700384530688474,0.05170038,0.0,0.0,0,0.0,0,0.0,Idle,Idle,5.329071e-12
E4,il1,dial,buffer.*=0.9,p[shelter]*0.5,3,CONVERGED,CONVERGED,450,450,-,-,28,28,0.39146060722476195,0.3914606,0.0,0.0,0,0.0,0,0.0,Idle,Idle,5.440093e-12
E4,il1,dial,buffer.*=0.9,s[manufactures]=0.5,3,CONVERGED,CONVERGED,124,124,-,-,0,0,1.0,1.0,0.0,0.0,0,0.0,0,0.0,Idle,Idle,2.220446e-13
E4,il1,dial,buffer.*=0.9,p[land]=0.025,3,CONVERGED,CONVERGED,408,408,-,-,4,4,0.2098415713819048,0.2098416,0.0,0.0,4,4.0,1,1.0,Idle,Idle,4.996004e-12
E4,il1,dial,buffer.*=0.9,p[mach]*0.5,3,CONVERGED,CONVERGED,552,552,-,-,11,11,0.4658185487904202,0.4658185,0.0,0.0,0,0.0,2,2.0,Idle,Idle,5.329071e-12
E4,il1,dial,buffer.*=0.9,s[care]=0.5,3,CONVERGED,CONVERGED,636,636,-,-,59,59,0.017207178813616282,0.01720718,0.0,0.0,0,0.0,0,0.0,Idle,Idle,4.996004e-12
E4,il1,dial,buffer.*=0.9,p[mach]*2,3,CONVERGED,CONVERGED,620,620,-,-,38,40,0.41426034582997107,0.4142603,0.0,0.0,0,0.0,0,0.0,Idle,Idle,5.107026e-12
E4,il1,dial,buffer.*=0.9,s[shelter]=0.5,3,CONVERGED,CONVERGED,450,450,-,-,17,17,0.06409978406894426,0.06409978,0.0,0.0,0,0.0,0,0.0,Idle,Idle,5.107026e-12
E4,il1,dial,buffer.*=0.9,JB(2),3,CONVERGED,CONVERGED,590,590,-,-,48,49,0.22201690354604015,0.2220169,0.0,0.0,0,0.0,6,6.0,Idle,Idle,5.329071e-12
E4,il1,dial,buffer.*=0.9,RC(0.5),3,CONVERGED,CONVERGED,587,587,-,-,27,27,0.4111461656339485,0.4111462,0.0,0.0,0,0.0,0,0.0,Idle,Idle,5.440093e-12
E4,il1,dial,buffer.*=0.9,JA(2),3,CONVERGED,CONVERGED,614,614,-,-,0,1,0.5,0.5,0.0,0.0,0,0.0,0,0.0,Idle,Idle,5.107026e-12
E4,il1,dial,buffer.*=0.9,JA(0.5),3,CONVERGED,CONVERGED,526,526,-,-,0,0,0.5389493042374681,0.5389493,0.0,0.0,0,0.0,4,4.0,Idle,Idle,5.440093e-12
E4,il1,dial,buffer.*=0.9,x*/2,3,CONVERGED,CONVERGED,668,668,-,-,120,120,0.004232249804954204,0.00423225,0.0,0.0,0,0.0,0,0.0,Idle,Idle,5.329071e-12
E4,il1,dial,buffer.*=0.9,N(2),3,CONVERGED,CONVERGED,614,614,-,-,0,1,0.5,0.5,0.0,0.0,0,0.0,0,0.0,Idle,Idle,5.107026e-12
E4,il1,dial,buffer.*=0.9,land.mach=0.8@genesis,3,CONVERGED,CONVERGED,0,0,-,-,0,0,1.0000000000000002,1.0,0.0,0.0,0,0.0,0,0.0,Idle,Idle,4.440892e-13
E4,il1,dial,buffer.*=0.9,RC(2),3,CONVERGED,CONVERGED,547,547,-,-,60,60,0.23675634315589106,0.2367563,0.0,0.0,0,0.0,0,0.0,Idle,Idle,5.107026e-12
E4,il1,dial,buffer.*=0.9,JB(0.5),3,CONVERGED,CONVERGED,674,674,-,-,82,83,0.21606251496184253,0.2160625,0.0,0.0,0,0.0,0,0.0,Idle,Idle,5.107026e-12
E4,il1,dial,buffer.*=0.9,N(0.5),3,CONVERGED,CONVERGED,526,526,-,-,0,0,0.5389493042374681,0.5389493,0.0,0.0,0,0.0,4,4.0,Idle,Idle,5.440093e-12
E4,il1,dial,buffer.*=0.9,land.mach=0.2@genesis,3,CONVERGED,CONVERGED,0,0,-,-,0,0,1.0,1.0,0.0,0.0,0,0.0,0,0.0,Idle,Idle,6.661338e-13
E4,il1,dial,buffer.*=0.9,b.food=1.2@genesis,3,CONVERGED,CONVERGED,0,0,-,-,0,0,1.0000000000000002,1.0,0.0,0.0,0,0.0,0,0.0,Idle,Idle,4.440892e-13
E4,il1,dial,buffer.*=0.9,b.food=0.3@genesis,3,CONVERGED,CONVERGED,0,0,-,-,0,0,1.0,1.0,0.0,0.0,0,0.0,0,0.0,Idle,Idle,2.220446e-13
E4,il1,dial,buffer.*=0.9,inst.land=260@genesis,3,CONVERGED,CONVERGED,659,659,-,-,0,0,0.6999395817899219,0.6999396,0.02536590939198295,0.02536591,0,0.0,1,1.0,Enclosed,Enclosed,1.265654e-11
E4,il1,dial,buffer.*=0.9,inst.land=1040@genesis,3,VACUOUS,VACUOUS,0,0,-,-,0,0,1.0,1.0,0.0,0.0,0,0.0,0,0.0,Idle,Idle,6.661338e-13
E4,il1,dial,buffer.*=0.9,land.mach=0.8@dated,3,CONVERGED,CONVERGED,0,0,-,-,0,0,1.0000000000000002,1.0,0.0,0.0,0,0.0,0,0.0,Idle,Idle,4.440892e-13
E4,il1,dial,buffer.*=0.9,b.food=1.2@dated,3,CONVERGED,CONVERGED,0,0,-,-,0,0,1.0000000000000002,1.0,0.0,0.0,0,0.0,0,0.0,Idle,Idle,4.440892e-13
E4,il1,dial,buffer.*=0.9,b.food=0.3@dated,3,CONVERGED,CONVERGED,0,0,-,-,0,0,1.0,1.0,0.0,0.0,0,0.0,0,0.0,Idle,Idle,2.220446e-13
E4,il1,dial,buffer.*=0.9,inst.land=260@dated,3,CONVERGED,CONVERGED,660,660,-,-,0,0,0.7005833533657918,0.7005834,0.025365909391983056,0.02536591,0,0.0,1,1.0,Enclosed,Enclosed,1.287859e-11
E4,il1,dial,buffer.*=0.9,land.mach=0.2@dated,3,CONVERGED,CONVERGED,0,0,-,-,0,0,1.0,1.0,0.0,0.0,0,0.0,0,0.0,Idle,Idle,6.661338e-13
E4,il1,dial,buffer.*=0.9,inst.land=1040@dated,3,VACUOUS,VACUOUS,0,0,-,-,0,0,1.0,1.0,0.0,0.0,0,0.0,0,0.0,Idle,Idle,6.661338e-13
E4,il1,dial,adjust.*=0.9,p[labour]*2,3,CONVERGED,CONVERGED,532,532,-,-,0,1,0.5248077507161142,0.5248078,0.0,0.0,0,0.0,0,0.0,Idle,Idle,5.77316e-12
E4,il1,dial,adjust.*=0.9,p[food]*2,3,CONVERGED,CONVERGED,527,527,-,-,2,2,0.4526378434178383,0.4526378,0.0,0.0,0,0.0,0,0.0,Idle,Idle,5.440093e-12
E4,il1,dial,adjust.*=0.9,p[labour]*0.5,3,CONVERGED,CONVERGED,507,507,-,-,7,7,0.09847348118272588,0.09847348,0.0,0.0,0,0.0,0,0.0,Idle,Idle,5.995204e-12
E4,il1,dial,adjust.*=0.9,p[manufactures]*2,3,CONVERGED,CONVERGED,400,400,-,-,0,0,0.8706708907537757,0.8706709,0.0,0.0,0,0.0,0,0.0,Idle,Idle,5.107026e-12
E4,il1,dial,adjust.*=0.9,p[manufactures]*0.5,3,CONVERGED,CONVERGED,456,456,-,-,29,29,0.37328884900926135,0.3732888,0.0,0.0,0,0.0,0,0.0,Idle,Idle,5.440093e-12
E4,il1,dial,adjust.*=0.9,p[food]*0.5,3,CONVERGED,CONVERGED,580,580,-,-,0,0,0.5021650941116376,0.5021651,0.0,0.0,0,0.0,0,0.0,Idle,Idle,5.107026e-12
E4,il1,dial,adjust.*=0.9,p[care]*2,3,CONVERGED,CONVERGED,344,344,-,-,0,0,0.8988875782180185,0.8988876,0.0,0.0,0,0.0,0,0.0,Idle,Idle,5.107026e-12
E4,il1,dial,adjust.*=0.9,p[shelter]*2,3,CONVERGED,CONVERGED,387,387,-,-,0,0,0.8785828781738869,0.8785829,0.0,0.0,0,0.0,0,0.0,Idle,Idle,5.440093e-12
E4,il1,dial,adjust.*=0.9,p[shelter]*0.5,3,CONVERGED,CONVERGED,443,443,-,-,29,29,0.37017431316446353,0.3701743,0.0,0.0,0,0.0,0,0.0,Idle,Idle,5.440093e-12
E4,il1,dial,adjust.*=0.9,p[mach]*2,3,CONVERGED,CONVERGED,621,621,-,-,38,40,0.4012837719747415,0.4012838,0.0,0.0,0,0.0,0,0.0,Idle,Idle,4.884981e-12
E4,il1,dial,adjust.*=0.9,p[care]*0.5,3,CONVERGED,CONVERGED,403,403,-,-,30,30,0.3624336224984789,0.3624336,0.0,0.0,0,0.0,0,0.0,Idle,Idle,4.773959e-12
E4,il1,dial,adjust.*=0.9,p[mach]*0.5,3,CONVERGED,CONVERGED,553,553,-,-,16,16,0.43330277220940466,0.4333028,0.0,0.0,0,0.0,2,2.0,Idle,Idle,5.440093e-12
E4,il1,dial,adjust.*=0.9,s[shelter]=0.5,3,CONVERGED,CONVERGED,460,460,-,-,20,20,0.06346828633161973,0.06346829,0.0,0.0,0,0.0,0,0.0,Idle,Idle,5.440093e-12
E4,il1,dial,adjust.*=0.9,s[food]=0.5,3,CONVERGED,CONVERGED,638,638,-,-,99,99,0.05118541851979635,0.05118542,0.0,0.0,0,0.0,0,0.0,Idle,Idle,5.995204e-12
E4,il1,dial,adjust.*=0.9,JA(2),3,CONVERGED,CONVERGED,614,614,-,-,0,1,0.5,0.5,0.0,0.0,0,0.0,0,0.0,Idle,Idle,5.107026e-12
E4,il1,dial,adjust.*=0.9,p[land]=0.025,3,CONVERGED,CONVERGED,408,408,-,-,4,4,0.2098415713819048,0.2098416,0.0,0.0,4,4.0,1,1.0,Idle,Idle,5.440093e-12
E4,il1,dial,adjust.*=0.9,s[manufactures]=0.5,3,CONVERGED,CONVERGED,138,138,-,-,0,0,1.0,1.0,0.0,0.0,0,0.0,0,0.0,Idle,Idle,2.220446e-13
E4,il1,dial,adjust.*=0.9,JA(0.5),3,CONVERGED,CONVERGED,526,526,-,-,0,0,0.5391009345223715,0.5391009,0.0,0.0,0,0.0,4,4.0,Idle,Idle,4.884981e-12
E4,il1,dial,adjust.*=0.9,s[care]=0.5,3,CONVERGED,CONVERGED,653,653,-,-,75,75,0.011732533880997327,0.01173253,0.0,0.0,0,0.0,0,0.0,Idle,Idle,5.107026e-12
E4,il1,dial,adjust.*=0.9,N(2),3,CONVERGED,CONVERGED,614,614,-,-,0,1,0.5,0.5,0.0,0.0,0,0.0,0,0.0,Idle,Idle,5.107026e-12
E4,il1,dial,adjust.*=0.9,JB(2),3,CONVERGED,CONVERGED,593,593,-,-,48,49,0.21593061018787993,0.2159306,0.0,0.0,0,0.0,6,6.0,Idle,Idle,5.440093e-12
E4,il1,dial,adjust.*=0.9,JB(0.5),3,CONVERGED,CONVERGED,678,678,-,-,83,84,0.19933515387770956,0.1993352,0.0,0.0,0,0.0,0,0.0,Idle,Idle,6.106227e-12
E4,il1,dial,adjust.*=0.9,x*/2,3,CONVERGED,CONVERGED,684,684,-,-,126,126,0.001976093470379161,0.001976093,0.0,0.0,0,0.0,0,0.0,Idle,Idle,5.440093e-12
E4,il1,dial,adjust.*=0.9,N(0.5),3,CONVERGED,CONVERGED,526,526,-,-,0,0,0.5391009345223715,0.5391009,0.0,0.0,0,0.0,4,4.0,Idle,Idle,4.884981e-12
E4,il1,dial,adjust.*=0.9,land.mach=0.8@genesis,3,CONVERGED,CONVERGED,0,0,-,-,0,0,1.0000000000000002,1.0,0.0,0.0,0,0.0,0,0.0,Idle,Idle,4.440892e-13
E4,il1,dial,adjust.*=0.9,RC(2),3,CONVERGED,CONVERGED,544,544,-,-,62,62,0.22282446780037352,0.2228245,0.0,0.0,0,0.0,0,0.0,Idle,Idle,4.884981e-12
E4,il1,dial,adjust.*=0.9,RC(0.5),3,CONVERGED,CONVERGED,583,583,-,-,26,26,0.4083423253519582,0.4083423,0.0,0.0,0,0.0,0,0.0,Idle,Idle,5.107026e-12
E4,il1,dial,adjust.*=0.9,b.food=1.2@genesis,3,CONVERGED,CONVERGED,0,0,-,-,0,0,1.0000000000000002,1.0,0.0,0.0,0,0.0,0,0.0,Idle,Idle,4.440892e-13
E4,il1,dial,adjust.*=0.9,b.food=0.3@genesis,3,CONVERGED,CONVERGED,0,0,-,-,0,0,1.0,1.0,0.0,0.0,0,0.0,0,0.0,Idle,Idle,2.220446e-13
E4,il1,dial,adjust.*=0.9,land.mach=0.2@genesis,3,CONVERGED,CONVERGED,0,0,-,-,0,0,1.0,1.0,0.0,0.0,0,0.0,0,0.0,Idle,Idle,6.661338e-13
E4,il1,dial,adjust.*=0.9,inst.land=1040@genesis,3,VACUOUS,VACUOUS,0,0,-,-,0,0,1.0,1.0,0.0,0.0,0,0.0,0,0.0,Idle,Idle,6.661338e-13
E4,il1,dial,adjust.*=0.9,inst.land=260@genesis,3,CONVERGED,CONVERGED,671,671,-,-,0,0,0.6996865246241553,0.6996865,0.02536590939198292,0.02536591,0,0.0,1,1.0,Enclosed,Enclosed,1.398881e-11
E4,il1,dial,adjust.*=0.9,b.food=1.2@dated,3,CONVERGED,CONVERGED,0,0,-,-,0,0,1.0000000000000002,1.0,0.0,0.0,0,0.0,0,0.0,Idle,Idle,4.440892e-13
E4,il1,dial,adjust.*=0.9,inst.land=260@dated,3,CONVERGED,CONVERGED,672,672,-,-,0,0,0.7000195909427138,0.7000196,0.02536590939198298,0.02536591,0,0.0,1,1.0,Enclosed,Enclosed,1.354472e-11
E4,il1,dial,adjust.*=0.9,land.mach=0.8@dated,3,CONVERGED,CONVERGED,0,0,-,-,0,0,1.0000000000000002,1.0,0.0,0.0,0,0.0,0,0.0,Idle,Idle,4.440892e-13
E4,il1,dial,adjust.*=0.9,land.mach=0.2@dated,3,CONVERGED,CONVERGED,0,0,-,-,0,0,1.0,1.0,0.0,0.0,0,0.0,0,0.0,Idle,Idle,6.661338e-13
E4,il1,dial,adjust.*=0.9,b.food=0.3@dated,3,CONVERGED,CONVERGED,0,0,-,-,0,0,1.0,1.0,0.0,0.0,0,0.0,0,0.0,Idle,Idle,2.220446e-13
E4,il1,dial,adjust.*=0.9,inst.land=1040@dated,3,VACUOUS,VACUOUS,0,0,-,-,0,0,1.0,1.0,0.0,0.0,0,0.0,0,0.0,Idle,Idle,6.661338e-13
E4,il1,dial,rate.*=1.1,p[labour]*0.5,3,CONVERGED,CONVERGED,460,460,-,-,6,6,0.1148890680429739,0.1148891,0.0,0.0,0,0.0,0,0.0,Idle,Idle,4.32987e-12
E4,il1,dial,rate.*=1.1,p[labour]*2,3,CONVERGED,CONVERGED,483,483,-,-,0,1,0.5267516774465116,0.5267517,0.0,0.0,0,0.0,0,0.0,Idle,Idle,4.551914e-12
E4,il1,dial,rate.*=1.1,p[manufactures]*2,3,CONVERGED,CONVERGED,373,373,-,-,0,0,0.8552778269747094,0.8552778,0.0,0.0,0,0.0,0,0.0,Idle,Idle,4.551914e-12
E4,il1,dial,rate.*=1.1,p[manufactures]*0.5,3,CONVERGED,CONVERGED,426,426,-,-,26,26,0.39170021655525916,0.3917002,0.0,0.0,0,0.0,0,0.0,Idle,Idle,4.551914e-12
E4,il1,dial,rate.*=1.1,p[food]*0.5,3,CONVERGED,CONVERGED,533,533,-,-,0,0,0.5113772593900182,0.5113773,0.0,0.0,0,0.0,0,0.0,Idle,Idle,4.551914e-12
E4,il1,dial,rate.*=1.1,p[care]*2,3,CONVERGED,CONVERGED,320,320,-,-,0,0,0.882859106122338,0.8828591,0.0,0.0,0,0.0,0,0.0,Idle,Idle,3.996803e-12
E4,il1,dial,rate.*=1.1,p[food]*2,3,CONVERGED,CONVERGED,482,482,-,-,2,2,0.4604417810435792,0.4604418,0.0,0.0,0,0.0,0,0.0,Idle,Idle,4.32987e-12
E4,il1,dial,rate.*=1.1,p[mach]*0.5,3,CONVERGED,CONVERGED,507,507,-,-,12,12,0.462185484421659,0.4621855,0.0,0.0,0,0.0,2,2.0,Idle,Idle,4.551914e-12
E4,il1,dial,rate.*=1.1,p[shelter]*2,3,CONVERGED,CONVERGED,360,360,-,-,0,0,0.8629419490024179,0.8629419,0.0,0.0,0,0.0,0,0.0,Idle,Idle,4.551914e-12
E4,il1,dial,rate.*=1.1,p[shelter]*0.5,3,CONVERGED,CONVERGED,414,414,-,-,26,26,0.388506176510022,0.3885062,0.0,0.0,0,0.0,0,0.0,Idle,Idle,4.662937e-12
E4,il1,dial,rate.*=1.1,p[care]*0.5,3,CONVERGED,CONVERGED,375,375,-,-,27,27,0.3810252739349347,0.3810253,0.0,0.0,0,0.0,0,0.0,Idle,Idle,4.551914e-12
E4,il1,dial,rate.*=1.1,p[land]=0.025,3,CONVERGED,CONVERGED,372,372,-,-,4,4,0.2098415713819048,0.2098416,0.0,0.0,3,3.0,1,1.0,Idle,Idle,4.551914e-12
E4,il1,dial,rate.*=1.1,s[manufactures]=0.5,3,CONVERGED,CONVERGED,124,124,-,-,0,0,1.0,1.0,0.0,0.0,0,0.0,0,0.0,Idle,Idle,2.220446e-13
E4,il1,dial,rate.*=1.1,p[mach]*2,3,CONVERGED,CONVERGED,564,564,-,-,34,36,0.41366112632363927,0.4136611,0.0,0.0,0,0.0,0,0.0,Idle,Idle,4.551914e-12
E4,il1,dial,rate.*=1.1,s[care]=0.5,3,CONVERGED,CONVERGED,598,598,-,-,59,59,0.0148225764391935,0.01482258,0.0,0.0,0,0.0,0,0.0,Idle,Idle,3.885781e-12
E4,il1,dial,rate.*=1.1,s[shelter]=0.5,3,CONVERGED,CONVERGED,421,421,-,-,17,17,0.06409978406894426,0.06409978,0.0,0.0,0,0.0,0,0.0,Idle,Idle,4.551914e-12
E4,il1,dial,rate.*=1.1,s[food]=0.5,3,CONVERGED,CONVERGED,579,579,-,-,87,87,0.051700384530688474,0.05170038,0.0,0.0,0,0.0,0,0.0,Idle,Idle,4.773959e-12
E4,il1,dial,rate.*=1.1,JB(0.5),3,CONVERGED,CONVERGED,614,614,-,-,76,77,0.21979582163546116,0.2197958,0.0,0.0,0,0.0,0,0.0,Idle,Idle,4.551914e-12
E4,il1,dial,rate.*=1.1,N(2),3,CONVERGED,CONVERGED,559,559,-,-,0,1,0.5,0.5,0.0,0.0,0,0.0,0,0.0,Idle,Idle,3.996803e-12
E4,il1,dial,rate.*=1.1,JA(2),3,CONVERGED,CONVERGED,559,559,-,-,0,1,0.5,0.5,0.0,0.0,0,0.0,0,0.0,Idle,Idle,3.996803e-12
E4,il1,dial,rate.*=1.1,JA(0.5),3,CONVERGED,CONVERGED,483,483,-,-,0,0,0.5431531953945689,0.5431532,0.0,0.0,0,0.0,4,4.0,Idle,Idle,3.996803e-12
E4,il1,dial,rate.*=1.1,RC(2),3,CONVERGED,CONVERGED,499,499,-,-,55,55,0.23475910951557796,0.2347591,0.0,0.0,0,0.0,0,0.0,Idle,Idle,3.996803e-12
E4,il1,dial,rate.*=1.1,JB(2),3,CONVERGED,CONVERGED,542,542,-,-,44,45,0.20865722805879583,0.2086572,0.0,0.0,0,0.0,8,8.0,Idle,Idle,5.107026e-12
E4,il1,dial,rate.*=1.1,N(0.5),3,CONVERGED,CONVERGED,483,483,-,-,0,0,0.5431531953945689,0.5431532,0.0,0.0,0,0.0,4,4.0,Idle,Idle,3.996803e-12
E4,il1,dial,rate.*=1.1,x*/2,3,CONVERGED,CONVERGED,623,623,-,-,116,116,0.002949664556831346,0.002949665,0.0,0.0,0,0.0,0,0.0,Idle,Idle,3.996803e-12
E4,il1,dial,rate.*=1.1,RC(0.5),3,CONVERGED,CONVERGED,535,535,-,-,25,25,0.41183676222621857,0.4118368,0.0,0.0,0,0.0,0,0.0,Idle,Idle,4.32987e-12
E4,il1,dial,rate.*=1.1,land.mach=0.2@genesis,3,CONVERGED,CONVERGED,0,0,-,-,0,0,1.0,1.0,0.0,0.0,0,0.0,0,0.0,Idle,Idle,6.661338e-13
E4,il1,dial,rate.*=1.1,land.mach=0.8@genesis,3,CONVERGED,CONVERGED,0,0,-,-,0,0,1.0000000000000002,1.0,0.0,0.0,0,0.0,0,0.0,Idle,Idle,4.440892e-13
E4,il1,dial,rate.*=1.1,b.food=1.2@genesis,3,CONVERGED,CONVERGED,0,0,-,-,0,0,1.0000000000000002,1.0,0.0,0.0,0,0.0,0,0.0,Idle,Idle,4.440892e-13
E4,il1,dial,rate.*=1.1,inst.land=260@genesis,3,CONVERGED,CONVERGED,603,603,-,-,0,0,0.7031494433834556,0.7031494,0.02536590939198302,0.02536591,0,0.0,1,1.0,Enclosed,Enclosed,3.108624e-12
E4,il1,dial,rate.*=1.1,b.food=0.3@genesis,3,CONVERGED,CONVERGED,0,0,-,-,0,0,1.0,1.0,0.0,0.0,0,0.0,0,0.0,Idle,Idle,2.220446e-13
E4,il1,dial,rate.*=1.1,inst.land=1040@genesis,3,VACUOUS,VACUOUS,0,0,-,-,0,0,1.0,1.0,0.0,0.0,0,0.0,0,0.0,Idle,Idle,6.661338e-13
E4,il1,dial,rate.*=1.1,land.mach=0.8@dated,3,CONVERGED,CONVERGED,0,0,-,-,0,0,1.0000000000000002,1.0,0.0,0.0,0,0.0,0,0.0,Idle,Idle,4.440892e-13
E4,il1,dial,rate.*=1.1,land.mach=0.2@dated,3,CONVERGED,CONVERGED,0,0,-,-,0,0,1.0,1.0,0.0,0.0,0,0.0,0,0.0,Idle,Idle,6.661338e-13
E4,il1,dial,rate.*=1.1,b.food=1.2@dated,3,CONVERGED,CONVERGED,0,0,-,-,0,0,1.0000000000000002,1.0,0.0,0.0,0,0.0,0,0.0,Idle,Idle,4.440892e-13
E4,il1,dial,rate.*=1.1,inst.land=1040@dated,3,VACUOUS,VACUOUS,0,0,-,-,0,0,1.0,1.0,0.0,0.0,0,0.0,0,0.0,Idle,Idle,6.661338e-13
E4,il1,dial,rate.*=1.1,inst.land=260@dated,3,CONVERGED,CONVERGED,604,604,-,-,0,0,0.7013525927323195,0.7013526,0.02536590939198301,0.02536591,0,0.0,1,1.0,Enclosed,Enclosed,1.998401e-12
E4,il1,dial,rate.*=1.1,b.food=0.3@dated,3,CONVERGED,CONVERGED,0,0,-,-,0,0,1.0,1.0,0.0,0.0,0,0.0,0,0.0,Idle,Idle,2.220446e-13
E4,il1,dial,buffer.*=1.1,p[labour]*2,3,CONVERGED,CONVERGED,534,534,-,-,0,1,0.5254658906359263,0.5254659,0.0,0.0,0,0.0,0,0.0,Idle,Idle,5.329071e-12
E4,il1,dial,buffer.*=1.1,p[labour]*0.5,3,CONVERGED,CONVERGED,508,508,-,-,7,7,0.09485890790407517,0.09485891,0.0,0.0,0,0.0,0,0.0,Idle,Idle,5.995204e-12
E4,il1,dial,buffer.*=1.1,p[care]*2,3,CONVERGED,CONVERGED,340,340,-,-,0,0,0.9111741986535049,0.9111742,0.0,0.0,0,0.0,0,0.0,Idle,Idle,5.329071e-12
E4,il1,dial,buffer.*=1.1,p[food]*0.5,3,CONVERGED,CONVERGED,579,579,-,-,18,18,0.4826858180789011,0.4826858,0.0,0.0,0,0.0,0,0.0,Idle,Idle,5.107026e-12
E4,il1,dial,buffer.*=1.1,p[food]*2,3,CONVERGED,CONVERGED,526,526,-,-,2,2,0.4486797923903151,0.4486798,0.0,0.0,0,0.0,0,0.0,Idle,Idle,5.662137e-12
E4,il1,dial,buffer.*=1.1,p[manufactures]*0.5,3,CONVERGED,CONVERGED,451,451,-,-,30,30,0.35405687456777163,0.3540569,0.0,0.0,0,0.0,0,0.0,Idle,Idle,5.329071e-12
E4,il1,dial,buffer.*=1.1,p[care]*0.5,3,CONVERGED,CONVERGED,398,398,-,-,32,32,0.34308254386376835,0.3430825,0.0,0.0,0,0.0,0,0.0,Idle,Idle,5.107026e-12
E4,il1,dial,buffer.*=1.1,p[manufactures]*2,3,CONVERGED,CONVERGED,396,396,-,-,0,0,0.8783475542789558,0.8783476,0.0,0.0,0,0.0,0,0.0,Idle,Idle,4.773959e-12
E4,il1,dial,buffer.*=1.1,p[mach]*2,3,CONVERGED,CONVERGED,622,622,-,-,38,40,0.38901306062961327,0.3890131,0.0,0.0,0,0.0,0,0.0,Idle,Idle,5.440093e-12
E4,il1,dial,buffer.*=1.1,p[shelter]*0.5,3,CONVERGED,CONVERGED,439,439,-,-,31,31,0.35092697472548906,0.350927,0.0,0.0,0,0.0,0,0.0,Idle,Idle,4.662937e-12
E4,il1,dial,buffer.*=1.1,p[shelter]*2,3,CONVERGED,CONVERGED,382,382,-,-,0,0,0.890332225964886,0.8903322,0.0,0.0,0,0.0,0,0.0,Idle,Idle,5.662137e-12
E4,il1,dial,buffer.*=1.1,p[mach]*0.5,3,CONVERGED,CONVERGED,554,554,-,-,19,19,0.40430976069685803,0.4043098,0.0,0.0,0,0.0,2,2.0,Idle,Idle,4.996004e-12
E4,il1,dial,buffer.*=1.1,p[land]=0.025,3,CONVERGED,CONVERGED,408,408,-,-,4,4,0.2098415713819048,0.2098416,0.0,0.0,4,4.0,1,1.0,Idle,Idle,5.329071e-12
E4,il1,dial,buffer.*=1.1,s[care]=0.5,3,CONVERGED,CONVERGED,628,628,-,-,59,59,0.011448992097437818,0.01144899,0.0,0.0,0,0.0,0,0.0,Idle,Idle,4.551914e-12
E4,il1,dial,buffer.*=1.1,s[shelter]=0.5,3,CONVERGED,CONVERGED,449,449,-,-,19,19,0.06409978406894426,0.06409978,0.0,0.0,0,0.0,0,0.0,Idle,Idle,5.551115e-12
E4,il1,dial,buffer.*=1.1,JA(2),3,CONVERGED,CONVERGED,614,614,-,-,0,1,0.5,0.5,0.0,0.0,0,0.0,0,0.0,Idle,Idle,5.551115e-12
E4,il1,dial,buffer.*=1.1,s[food]=0.5,3,CONVERGED,CONVERGED,625,625,-,-,89,89,0.051700384530688474,0.05170038,0.0,0.0,0,0.0,0,0.0,Idle,Idle,4.996004e-12
E4,il1,dial,buffer.*=1.1,JA(0.5),3,CONVERGED,CONVERGED,525,525,-,-,0,0,0.5392407652660731,0.5392408,0.0,0.0,0,0.0,4,4.0,Idle,Idle,5.107026e-12
E4,il1,dial,buffer.*=1.1,JB(0.5),3,CONVERGED,CONVERGED,682,682,-,-,84,85,0.18535845409071192,0.1853585,0.0,0.0,0,0.0,0,0.0,Idle,Idle,4.996004e-12
E4,il1,dial,buffer.*=1.1,s[manufactures]=0.5,3,CONVERGED,CONVERGED,124,124,-,-,0,0,1.0,1.0,0.0,0.0,0,0.0,0,0.0,Idle,Idle,2.220446e-13
E4,il1,dial,buffer.*=1.1,JB(2),3,CONVERGED,CONVERGED,594,594,-,-,48,49,0.20840980233350442,0.2084098,0.0,0.0,0,0.0,6,6.0,Idle,Idle,4.662937e-12
E4,il1,dial,buffer.*=1.1,RC(2),3,CONVERGED,CONVERGED,542,542,-,-,60,60,0.21053054306171473,0.2105305,0.0,0.0,0,0.0,0,0.0,Idle,Idle,5.440093e-12
E4,il1,dial,buffer.*=1.1,N(2),3,CONVERGED,CONVERGED,614,614,-,-,0,1,0.5,0.5,0.0,0.0,0,0.0,0,0.0,Idle,Idle,5.551115e-12
E4,il1,dial,buffer.*=1.1,RC(0.5),3,CONVERGED,CONVERGED,580,580,-,-,30,30,0.40626070327860075,0.4062607,0.0,0.0,0,0.0,2,2.0,Idle,Idle,5.329071e-12
E4,il1,dial,buffer.*=1.1,land.mach=0.8@genesis,3,CONVERGED,CONVERGED,0,0,-,-,0,0,1.0000000000000002,1.0,0.0,0.0,0,0.0,0,0.0,Idle,Idle,4.440892e-13
E4,il1,dial,buffer.*=1.1,N(0.5),3,CONVERGED,CONVERGED,525,525,-,-,0,0,0.5392407652660731,0.5392408,0.0,0.0,0,0.0,4,4.0,Idle,Idle,5.107026e-12
E4,il1,dial,buffer.*=1.1,land.mach=0.2@genesis,3,CONVERGED,CONVERGED,0,0,-,-,0,0,1.0,1.0,0.0,0.0,0,0.0,0,0.0,Idle,Idle,6.661338e-13
E4,il1,dial,buffer.*=1.1,x*/2,3,CONVERGED,CONVERGED,666,666,-,-,117,117,0.002293462628020651,0.002293463,0.0,0.0,0,0.0,0,0.0,Idle,Idle,4.773959e-12
E4,il1,dial,buffer.*=1.1,b.food=1.2@genesis,3,CONVERGED,CONVERGED,0,0,-,-,0,0,1.0000000000000002,1.0,0.0,0.0,0,0.0,0,0.0,Idle,Idle,4.440892e-13
E4,il1,dial,buffer.*=1.1,inst.land=260@genesis,3,CONVERGED,CONVERGED,679,679,-,-,0,0,0.6996656593620811,0.6996657,0.02536590939198276,0.02536591,0,0.0,1,1.0,Enclosed,Enclosed,1.498801e-11
E4,il1,dial,buffer.*=1.1,b.food=0.3@genesis,3,CONVERGED,CONVERGED,0,0,-,-,0,0,1.0,1.0,0.0,0.0,0,0.0,0,0.0,Idle,Idle,2.220446e-13
E4,il1,dial,buffer.*=1.1,inst.land=1040@genesis,3,VACUOUS,VACUOUS,0,0,-,-,0,0,1.0,1.0,0.0,0.0,0,0.0,0,0.0,Idle,Idle,6.661338e-13
E4,il1,dial,buffer.*=1.1,land.mach=0.2@dated,3,CONVERGED,CONVERGED,0,0,-,-,0,0,1.0,1.0,0.0,0.0,0,0.0,0,0.0,Idle,Idle,4.440892e-13
E4,il1,dial,buffer.*=1.1,b.food=1.2@dated,3,CONVERGED,CONVERGED,0,0,-,-,0,0,1.0000000000000002,1.0,0.0,0.0,0,0.0,0,0.0,Idle,Idle,4.440892e-13
E4,il1,dial,buffer.*=1.1,inst.land=1040@dated,3,VACUOUS,VACUOUS,0,0,-,-,0,0,1.0,1.0,0.0,0.0,0,0.0,0,0.0,Idle,Idle,6.661338e-13
E4,il1,dial,buffer.*=1.1,b.food=0.3@dated,3,CONVERGED,CONVERGED,0,0,-,-,0,0,1.0,1.0,0.0,0.0,0,0.0,0,0.0,Idle,Idle,2.220446e-13
E4,il1,dial,buffer.*=1.1,land.mach=0.8@dated,3,CONVERGED,CONVERGED,0,0,-,-,0,0,1.0000000000000002,1.0,0.0,0.0,0,0.0,0,0.0,Idle,Idle,4.440892e-13
E4,il1,dial,buffer.*=1.1,inst.land=260@dated,3,CONVERGED,CONVERGED,680,680,-,-,0,0,0.7004487259053026,0.7004487,0.02536590939198279,0.02536591,0,0.0,1,1.0,Enclosed,Enclosed,1.065814e-11
E4,il1,dial,adjust.*=1.1,p[manufactures]*2,3,CONVERGED,CONVERGED,400,400,-,-,0,0,0.8706708907537757,0.8706709,0.0,0.0,0,0.0,0,0.0,Idle,Idle,5.107026e-12
E4,il1,dial,adjust.*=1.1,p[labour]*2,3,CONVERGED,CONVERGED,532,532,-,-,0,1,0.5248077507161142,0.5248078,0.0,0.0,0,0.0,0,0.0,Idle,Idle,5.77316e-12
E4,il1,dial,adjust.*=1.1,p[labour]*0.5,3,CONVERGED,CONVERGED,507,507,-,-,7,7,0.09847348118272588,0.09847348,0.0,0.0,0,0.0,0,0.0,Idle,Idle,5.995204e-12
E4,il1,dial,adjust.*=1.1,p[food]*0.5,3,CONVERGED,CONVERGED,580,580,-,-,0,0,0.5021650941116376,0.5021651,0.0,0.0,0,0.0,0,0.0,Idle,Idle,5.107026e-12
E4,il1,dial,adjust.*=1.1,p[shelter]*2,3,CONVERGED,CONVERGED,387,387,-,-,0,0,0.8785828781738869,0.8785829,0.0,0.0,0,0.0,0,0.0,Idle,Idle,5.440093e-12
E4,il1,dial,adjust.*=1.1,p[manufactures]*0.5,3,CONVERGED,CONVERGED,456,456,-,-,29,29,0.37328884900926135,0.3732888,0.0,0.0,0,0.0,0,0.0,Idle,Idle,5.440093e-12
E4,il1,dial,adjust.*=1.1,p[care]*2,3,CONVERGED,CONVERGED,344,344,-,-,0,0,0.8988875782180185,0.8988876,0.0,0.0,0,0.0,0,0.0,Idle,Idle,5.107026e-12
E4,il1,dial,adjust.*=1.1,p[shelter]*0.5,3,CONVERGED,CONVERGED,443,443,-,-,29,29,0.37017431316446353,0.3701743,0.0,0.0,0,0.0,0,0.0,Idle,Idle,5.440093e-12
E4,il1,dial,adjust.*=1.1,p[food]*2,3,CONVERGED,CONVERGED,527,527,-,-,2,2,0.4526378434178383,0.4526378,0.0,0.0,0,0.0,0,0.0,Idle,Idle,5.440093e-12
E4,il1,dial,adjust.*=1.1,p[care]*0.5,3,CONVERGED,CONVERGED,403,403,-,-,30,30,0.3624336224984789,0.3624336,0.0,0.0,0,0.0,0,0.0,Idle,Idle,4.773959e-12
E4,il1,dial,adjust.*=1.1,p[mach]*0.5,3,CONVERGED,CONVERGED,553,553,-,-,16,16,0.43330277220940466,0.4333028,0.0,0.0,0,0.0,2,2.0,Idle,Idle,5.440093e-12
E4,il1,dial,adjust.*=1.1,s[manufactures]=0.5,3,CONVERGED,CONVERGED,113,113,-,-,0,0,1.0,1.0,0.0,0.0,0,0.0,0,0.0,Idle,Idle,2.220446e-13
E4,il1,dial,adjust.*=1.1,p[land]=0.025,3,CONVERGED,CONVERGED,408,408,-,-,4,4,0.2098415713819048,0.2098416,0.0,0.0,4,4.0,1,1.0,Idle,Idle,5.440093e-12
E4,il1,dial,adjust.*=1.1,p[mach]*2,3,CONVERGED,CONVERGED,621,621,-,-,38,40,0.4012837719747415,0.4012838,0.0,0.0,0,0.0,0,0.0,Idle,Idle,4.884981e-12
E4,il1,dial,adjust.*=1.1,s[care]=0.5,3,CONVERGED,CONVERGED,613,613,-,-,56,56,0.01651801177682537,0.01651801,0.0,0.0,0,0.0,0,0.0,Idle,Idle,5.440093e-12
E4,il1,dial,adjust.*=1.1,JA(2),3,CONVERGED,CONVERGED,614,614,-,-,0,1,0.5,0.5,0.0,0.0,0,0.0,0,0.0,Idle,Idle,5.107026e-12
E4,il1,dial,adjust.*=1.1,JB(2),3,CONVERGED,CONVERGED,593,593,-,-,48,49,0.21593061018787993,0.2159306,0.0,0.0,0,0.0,6,6.0,Idle,Idle,5.440093e-12
E4,il1,dial,adjust.*=1.1,s[food]=0.5,3,CONVERGED,CONVERGED,612,612,-,-,78,78,0.0522231265627389,0.05222313,0.0,0.0,0,0.0,0,0.0,Idle,Idle,5.329071e-12
E4,il1,dial,adjust.*=1.1,JB(0.5),3,CONVERGED,CONVERGED,678,678,-,-,83,84,0.19933515387770956,0.1993352,0.0,0.0,0,0.0,0,0.0,Idle,Idle,6.106227e-12
E4,il1,dial,adjust.*=1.1,s[shelter]=0.5,3,CONVERGED,CONVERGED,441,441,-,-,16,16,0.06474064774515957,0.06474065,0.0,0.0,0,0.0,0,0.0,Idle,Idle,4.773959e-12
E4,il1,dial,adjust.*=1.1,JA(0.5),3,CONVERGED,CONVERGED,526,526,-,-,0,0,0.5391009345223715,0.5391009,0.0,0.0,0,0.0,4,4.0,Idle,Idle,4.884981e-12
E4,il1,dial,adjust.*=1.1,N(2),3,CONVERGED,CONVERGED,614,614,-,-,0,1,0.5,0.5,0.0,0.0,0,0.0,0,0.0,Idle,Idle,5.107026e-12
E4,il1,dial,adjust.*=1.1,N(0.5),3,CONVERGED,CONVERGED,526,526,-,-,0,0,0.5391009345223715,0.5391009,0.0,0.0,0,0.0,4,4.0,Idle,Idle,4.884981e-12
E4,il1,dial,adjust.*=1.1,RC(0.5),3,CONVERGED,CONVERGED,583,583,-,-,26,26,0.4083423253519582,0.4083423,0.0,0.0,0,0.0,0,0.0,Idle,Idle,5.107026e-12
E4,il1,dial,adjust.*=1.1,x*/2,3,CONVERGED,CONVERGED,653,653,-,-,113,113,0.00445721435988287,0.004457214,0.0,0.0,0,0.0,0,0.0,Idle,Idle,5.440093e-12
E4,il1,dial,adjust.*=1.1,land.mach=0.2@genesis,3,CONVERGED,CONVERGED,0,0,-,-,0,0,1.0,1.0,0.0,0.0,0,0.0,0,0.0,Idle,Idle,6.661338e-13
E4,il1,dial,adjust.*=1.1,RC(2),3,CONVERGED,CONVERGED,544,544,-,-,62,62,0.22282446780037352,0.2228245,0.0,0.0,0,0.0,0,0.0,Idle,Idle,4.884981e-12
E4,il1,dial,adjust.*=1.1,b.food=1.2@genesis,3,CONVERGED,CONVERGED,0,0,-,-,0,0,1.0000000000000002,1.0,0.0,0.0,0,0.0,0,0.0,Idle,Idle,4.440892e-13
E4,il1,dial,adjust.*=1.1,land.mach=0.8@genesis,3,CONVERGED,CONVERGED,0,0,-,-,0,0,1.0000000000000002,1.0,0.0,0.0,0,0.0,0,0.0,Idle,Idle,4.440892e-13
E4,il1,dial,adjust.*=1.1,inst.land=260@genesis,3,CONVERGED,CONVERGED,671,671,-,-,0,0,0.6996865246241553,0.6996865,0.02536590939198292,0.02536591,0,0.0,1,1.0,Enclosed,Enclosed,1.398881e-11
E4,il1,dial,adjust.*=1.1,b.food=0.3@genesis,3,CONVERGED,CONVERGED,0,0,-,-,0,0,1.0,1.0,0.0,0.0,0,0.0,0,0.0,Idle,Idle,2.220446e-13
E4,il1,dial,adjust.*=1.1,inst.land=1040@genesis,3,VACUOUS,VACUOUS,0,0,-,-,0,0,1.0,1.0,0.0,0.0,0,0.0,0,0.0,Idle,Idle,6.661338e-13
E4,il1,dial,adjust.*=1.1,inst.land=1040@dated,3,VACUOUS,VACUOUS,0,0,-,-,0,0,1.0,1.0,0.0,0.0,0,0.0,0,0.0,Idle,Idle,6.661338e-13
E4,il1,dial,adjust.*=1.1,land.mach=0.8@dated,3,CONVERGED,CONVERGED,0,0,-,-,0,0,1.0000000000000002,1.0,0.0,0.0,0,0.0,0,0.0,Idle,Idle,4.440892e-13
E4,il1,dial,adjust.*=1.1,inst.land=260@dated,3,CONVERGED,CONVERGED,672,672,-,-,0,0,0.7000195909427138,0.7000196,0.02536590939198298,0.02536591,0,0.0,1,1.0,Enclosed,Enclosed,1.354472e-11
E4,il1,dial,adjust.*=1.1,b.food=1.2@dated,3,CONVERGED,CONVERGED,0,0,-,-,0,0,1.0000000000000002,1.0,0.0,0.0,0,0.0,0,0.0,Idle,Idle,4.440892e-13
E4,il1,dial,adjust.*=1.1,b.food=0.3@dated,3,CONVERGED,CONVERGED,0,0,-,-,0,0,1.0,1.0,0.0,0.0,0,0.0,0,0.0,Idle,Idle,2.220446e-13
E4,il1,dial,adjust.*=1.1,land.mach=0.2@dated,3,CONVERGED,CONVERGED,0,0,-,-,0,0,1.0,1.0,0.0,0.0,0,0.0,0,0.0,Idle,Idle,6.661338e-13
E4,il1,dial,rate.*=1.25,p[labour]*2,3,CONVERGED,CONVERGED,424,424,-,-,0,1,0.5296857786260324,0.5296858,0.0,0.0,0,0.0,0,0.0,Idle,Idle,3.996803e-12
E4,il1,dial,rate.*=1.25,p[labour]*0.5,3,CONVERGED,CONVERGED,404,404,-,-,6,6,0.13913658305718887,0.1391366,0.0,0.0,0,0.0,0,0.0,Idle,Idle,3.996803e-12
E4,il1,dial,rate.*=1.25,p[manufactures]*0.5,3,CONVERGED,CONVERGED,390,390,-,-,21,21,0.4160175283622582,0.4160175,0.0,0.0,0,0.0,0,0.0,Idle,Idle,3.663736e-12
E4,il1,dial,rate.*=1.25,p[manufactures]*2,3,CONVERGED,CONVERGED,340,340,-,-,0,0,0.8360095494659375,0.8360095,0.0,0.0,0,0.0,0,0.0,Idle,Idle,5.329071e-12
E4,il1,dial,rate.*=1.25,p[food]*0.5,3,CONVERGED,CONVERGED,475,475,-,-,0,0,0.5243440624434045,0.5243441,0.0,0.0,0,0.0,0,0.0,Idle,Idle,3.885781e-12
E4,il1,dial,rate.*=1.25,p[food]*2,3,CONVERGED,CONVERGED,428,428,-,-,1,1,0.4720217538841585,0.4720218,0.0,0.0,0,0.0,0,0.0,Idle,Idle,3.774758e-12
E4,il1,dial,rate.*=1.25,p[care]*2,3,CONVERGED,CONVERGED,301,301,-,-,0,0,0.8622306016795098,0.8622306,0.0,0.0,0,0.0,0,0.0,Idle,Idle,4.218847e-12
E4,il1,dial,rate.*=1.25,p[shelter]*2,3,CONVERGED,CONVERGED,329,329,-,-,0,0,0.8432571015746454,0.8432571,0.0,0.0,0,0.0,0,0.0,Idle,Idle,3.663736e-12
E4,il1,dial,rate.*=1.25,p[care]*0.5,3,CONVERGED,CONVERGED,352,352,-,-,23,23,0.40550848903647624,0.4055085,0.0,0.0,0,0.0,0,0.0,Idle,Idle,3.996803e-12
E4,il1,dial,rate.*=1.25,p[mach]*0.5,3,CONVERGED,CONVERGED,451,451,-,-,0,0,0.5014617910038048,0.5014618,0.0,0.0,0,0.0,2,2.0,Idle,Idle,3.774758e-12
E4,il1,dial,rate.*=1.25,p[shelter]*0.5,3,CONVERGED,CONVERGED,379,379,-,-,22,22,0.4128467776072562,0.4128468,0.0,0.0,0,0.0,0,0.0,Idle,Idle,4.218847e-12
E4,il1,dial,rate.*=1.25,p[mach]*2,3,CONVERGED,CONVERGED,497,497,-,-,29,31,0.42959978343322314,0.4295998,0.0,0.0,0,0.0,0,0.0,Idle,Idle,4.218847e-12
E4,il1,dial,rate.*=1.25,p[land]=0.025,3,CONVERGED,CONVERGED,331,331,-,-,3,3,0.20984157138190476,0.2098416,0.0,0.0,3,3.0,1,1.0,Idle,Idle,3.885781e-12
E4,il1,dial,rate.*=1.25,s[manufactures]=0.5,3,CONVERGED,CONVERGED,124,124,-,-,0,0,1.0,1.0,0.0,0.0,0,0.0,0,0.0,Idle,Idle,2.220446e-13
E4,il1,dial,rate.*=1.25,s[shelter]=0.5,3,CONVERGED,CONVERGED,387,387,-,-,17,17,0.06409978406894426,0.06409978,0.0,0.0,0,0.0,0,0.0,Idle,Idle,3.663736e-12
E4,il1,dial,rate.*=1.25,s[food]=0.5,3,CONVERGED,CONVERGED,524,524,-,-,86,86,0.051700384530688474,0.05170038,0.0,0.0,0,0.0,0,0.0,Idle,Idle,3.663736e-12
E4,il1,dial,rate.*=1.25,s[care]=0.5,3,CONVERGED,CONVERGED,556,556,-,-,100,100,0.015918844964557595,0.01591884,0.0,0.0,0,0.0,0,0.0,Idle,Idle,3.774758e-12
E4,il1,dial,rate.*=1.25,JA(2),3,CONVERGED,CONVERGED,493,493,-,-,0,1,0.5,0.5,0.0,0.0,0,0.0,0,0.0,Idle,Idle,4.32987e-12
E4,il1,dial,rate.*=1.25,N(2),3,CONVERGED,CONVERGED,493,493,-,-,0,1,0.5,0.5,0.0,0.0,0,0.0,0,0.0,Idle,Idle,4.32987e-12
E4,il1,dial,rate.*=1.25,JB(2),3,CONVERGED,CONVERGED,481,481,-,-,40,41,0.2219050573465579,0.2219051,0.0,0.0,0,0.0,8,8.0,Idle,Idle,3.552714e-12
E4,il1,dial,rate.*=1.25,JB(0.5),3,CONVERGED,CONVERGED,539,539,-,-,67,68,0.25021906048224996,0.2502191,0.0,0.0,0,0.0,0,0.0,Idle,Idle,4.218847e-12
E4,il1,dial,rate.*=1.25,N(0.5),3,CONVERGED,CONVERGED,432,432,-,-,0,0,0.551520749441104,0.5515207,0.0,0.0,0,0.0,2,2.0,Idle,Idle,3.663736e-12
E4,il1,dial,rate.*=1.25,JA(0.5),3,CONVERGED,CONVERGED,432,432,-,-,0,0,0.551520749441104,0.5515207,0.0,0.0,0,0.0,2,2.0,Idle,Idle,3.663736e-12
E4,il1,dial,rate.*=1.25,RC(2),3,CONVERGED,CONVERGED,446,446,-,-,47,47,0.2508155841079791,0.2508156,0.0,0.0,0,0.0,0,0.0,Idle,Idle,3.885781e-12
E4,il1,dial,rate.*=1.25,RC(0.5),3,CONVERGED,CONVERGED,478,478,-,-,23,23,0.4164168180113916,0.4164168,0.0,0.0,0,0.0,0,0.0,Idle,Idle,3.774758e-12
E4,il1,dial,rate.*=1.25,land.mach=0.8@genesis,3,CONVERGED,CONVERGED,0,0,-,-,0,0,1.0000000000000002,1.0,0.0,0.0,0,0.0,0,0.0,Idle,Idle,4.440892e-13
E4,il1,dial,rate.*=1.25,b.food=1.2@genesis,3,CONVERGED,CONVERGED,0,0,-,-,0,0,1.0000000000000002,1.0,0.0,0.0,0,0.0,0,0.0,Idle,Idle,4.440892e-13
E4,il1,dial,rate.*=1.25,land.mach=0.2@genesis,3,CONVERGED,CONVERGED,0,0,-,-,0,0,1.0,1.0,0.0,0.0,0,0.0,0,0.0,Idle,Idle,6.661338e-13
E4,il1,dial,rate.*=1.25,x*/2,3,CONVERGED,CONVERGED,571,571,-,-,119,119,0.0027101947079444166,0.002710195,0.0,0.0,0,0.0,0,0.0,Idle,Idle,4.218847e-12
E4,il1,dial,rate.*=1.25,inst.land=1040@genesis,3,VACUOUS,VACUOUS,0,0,-,-,0,0,1.0,1.0,0.0,0.0,0,0.0,0,0.0,Idle,Idle,6.661338e-13
E4,il1,dial,rate.*=1.25,b.food=0.3@genesis,3,CONVERGED,CONVERGED,0,0,-,-,0,0,1.0,1.0,0.0,0.0,0,0.0,0,0.0,Idle,Idle,2.220446e-13
E4,il1,dial,rate.*=1.25,inst.land=260@genesis,3,CONVERGED,CONVERGED,532,532,-,-,0,0,0.7087498535478552,0.7087499,0.02536590939198314,0.02536591,0,0.0,1,1.0,Enclosed,Enclosed,7.660539e-12
E4,il1,dial,rate.*=1.25,inst.land=1040@dated,3,VACUOUS,VACUOUS,0,0,-,-,0,0,1.0,1.0,0.0,0.0,0,0.0,0,0.0,Idle,Idle,6.661338e-13
E4,il1,dial,rate.*=1.25,b.food=1.2@dated,3,CONVERGED,CONVERGED,0,0,-,-,0,0,1.0000000000000002,1.0,0.0,0.0,0,0.0,0,0.0,Idle,Idle,4.440892e-13
E4,il1,dial,rate.*=1.25,inst.land=260@dated,3,CONVERGED,CONVERGED,533,533,-,-,0,0,0.6810270534124,0.6810271,0.02536590939198295,0.02536591,0,0.0,1,1.0,Enclosed,Enclosed,6.883383e-12
E4,il1,dial,rate.*=1.25,b.food=0.3@dated,3,CONVERGED,CONVERGED,0,0,-,-,0,0,1.0,1.0,0.0,0.0,0,0.0,0,0.0,Idle,Idle,2.220446e-13
E4,il1,dial,rate.*=1.25,land.mach=0.2@dated,3,CONVERGED,CONVERGED,0,0,-,-,0,0,1.0,1.0,0.0,0.0,0,0.0,0,0.0,Idle,Idle,6.661338e-13
E4,il1,dial,rate.*=1.25,land.mach=0.8@dated,3,CONVERGED,CONVERGED,0,0,-,-,0,0,1.0000000000000002,1.0,0.0,0.0,0,0.0,0,0.0,Idle,Idle,4.440892e-13
E4,il1,dial,buffer.*=1.25,p[manufactures]*2,3,CONVERGED,CONVERGED,390,390,-,-,0,0,0.8783475542789558,0.8783476,0.0,0.0,0,0.0,0,0.0,Idle,Idle,3.885781e-12
E4,il1,dial,buffer.*=1.25,p[labour]*0.5,3,CONVERGED,CONVERGED,509,509,-,-,7,7,0.08955560303884771,0.0895556,0.0,0.0,0,0.0,0,0.0,Idle,Idle,4.773959e-12
E4,il1,dial,buffer.*=1.25,p[labour]*2,3,CONVERGED,CONVERGED,536,536,-,-,0,1,0.5264408422754105,0.5264408,0.0,0.0,0,0.0,0,0.0,Idle,Idle,4.996004e-12
E4,il1,dial,buffer.*=1.25,p[food]*0.5,3,CONVERGED,CONVERGED,576,576,-,-,27,27,0.45673234830055903,0.4567323,0.0,0.0,0,0.0,0,0.0,Idle,Idle,4.996004e-12
E4,il1,dial,buffer.*=1.25,p[manufactures]*0.5,3,CONVERGED,CONVERGED,446,446,-,-,31,31,0.3284104771877428,0.3284105,0.0,0.0,0,0.0,0,0.0,Idle,Idle,5.440093e-12
E4,il1,dial,buffer.*=1.25,p[food]*2,3,CONVERGED,CONVERGED,525,525,-,-,2,2,0.442922967978588,0.442923,0.0,0.0,0,0.0,0,0.0,Idle,Idle,4.884981e-12
E4,il1,dial,buffer.*=1.25,p[care]*2,3,CONVERGED,CONVERGED,336,336,-,-,0,0,0.9281563796850769,0.9281564,0.0,0.0,0,0.0,0,0.0,Idle,Idle,5.662137e-12
E4,il1,dial,buffer.*=1.25,p[care]*0.5,3,CONVERGED,CONVERGED,393,393,-,-,33,33,0.31734667557889523,0.3173467,0.0,0.0,0,0.0,0,0.0,Idle,Idle,4.32987e-12
E4,il1,dial,buffer.*=1.25,p[mach]*0.5,3,CONVERGED,CONVERGED,555,555,-,-,22,22,0.3664435848024345,0.3664436,0.0,0.0,0,0.0,2,2.0,Idle,Idle,4.996004e-12
E4,il1,dial,buffer.*=1.25,p[shelter]*0.5,3,CONVERGED,CONVERGED,433,433,-,-,31,31,0.32520933605733743,0.3252093,0.0,0.0,0,0.0,0,0.0,Idle,Idle,4.996004e-12
E4,il1,dial,buffer.*=1.25,p[shelter]*2,3,CONVERGED,CONVERGED,377,377,-,-,0,0,0.894057958551896,0.894058,0.0,0.0,0,0.0,0,0.0,Idle,Idle,4.884981e-12
E4,il1,dial,buffer.*=1.25,s[manufactures]=0.5,3,CONVERGED,CONVERGED,124,124,-,-,0,0,1.0,1.0,0.0,0.0,0,0.0,0,0.0,Idle,Idle,4.440892e-13
E4,il1,dial,buffer.*=1.25,p[mach]*2,3,CONVERGED,CONVERGED,624,624,-,-,40,42,0.3718223673371636,0.3718224,0.0,0.0,0,0.0,0,0.0,Idle,Idle,4.32987e-12
E4,il1,dial,buffer.*=1.25,p[land]=0.025,3,CONVERGED,CONVERGED,408,408,-,-,4,4,0.2098415713819048,0.2098416,0.0,0.0,4,4.0,1,1.0,Idle,Idle,5.440093e-12
E4,il1,dial,buffer.*=1.25,s[food]=0.5,3,CONVERGED,CONVERGED,627,627,-,-,90,90,0.051700384530688474,0.05170038,0.0,0.0,0,0.0,0,0.0,Idle,Idle,3.996803e-12
E4,il1,dial,buffer.*=1.25,s[shelter]=0.5,3,CONVERGED,CONVERGED,447,447,-,-,20,20,0.06409978406894426,0.06409978,0.0,0.0,0,0.0,0,0.0,Idle,Idle,5.440093e-12
E4,il1,dial,buffer.*=1.25,JA(2),3,CONVERGED,CONVERGED,614,614,-,-,0,1,0.5,0.5,0.0,0.0,0,0.0,0,0.0,Idle,Idle,5.662137e-12
E4,il1,dial,buffer.*=1.25,JA(0.5),3,CONVERGED,CONVERGED,525,525,-,-,0,0,0.5394291505309574,0.5394292,0.0,0.0,0,0.0,4,4.0,Idle,Idle,4.662937e-12
E4,il1,dial,buffer.*=1.25,JB(0.5),3,CONVERGED,CONVERGED,687,687,-,-,87,88,0.16728984688074441,0.1672898,0.0,0.0,0,0.0,0,0.0,Idle,Idle,5.107026e-12
E4,il1,dial,buffer.*=1.25,s[care]=0.5,3,CONVERGED,CONVERGED,623,623,-,-,59,59,0.008273352610076142,0.008273353,0.0,0.0,0,0.0,0,0.0,Idle,Idle,5.77316e-12
E4,il1,dial,buffer.*=1.25,RC(2),3,CONVERGED,CONVERGED,539,539,-,-,58,58,0.19458342705393966,0.1945834,0.0,0.0,0,0.0,0,0.0,Idle,Idle,6.106227e-12
E4,il1,dial,buffer.*=1.25,N(0.5),3,CONVERGED,CONVERGED,525,525,-,-,0,0,0.5394291505309574,0.5394292,0.0,0.0,0,0.0,4,4.0,Idle,Idle,4.662937e-12
E4,il1,dial,buffer.*=1.25,JB(2),3,CONVERGED,CONVERGED,597,597,-,-,48,49,0.18294496560975393,0.182945,0.0,0.0,0,0.0,6,6.0,Idle,Idle,5.329071e-12
E4,il1,dial,buffer.*=1.25,x*/2,3,CONVERGED,CONVERGED,665,665,-,-,115,115,0.0014522518130854983,0.001452252,0.0,0.0,0,0.0,0,0.0,Idle,Idle,4.32987e-12
E4,il1,dial,buffer.*=1.25,N(2),3,CONVERGED,CONVERGED,614,614,-,-,0,1,0.5,0.5,0.0,0.0,0,0.0,0,0.0,Idle,Idle,5.662137e-12
E4,il1,dial,buffer.*=1.25,b.food=1.2@genesis,3,CONVERGED,CONVERGED,0,0,-,-,0,0,1.0000000000000002,1.0,0.0,0.0,0,0.0,0,0.0,Idle,Idle,4.440892e-13
E4,il1,dial,buffer.*=1.25,land.mach=0.2@genesis,3,CONVERGED,CONVERGED,0,0,-,-,0,0,1.0,1.0,0.0,0.0,0,0.0,0,0.0,Idle,Idle,6.661338e-13
E4,il1,dial,buffer.*=1.25,land.mach=0.8@genesis,3,CONVERGED,CONVERGED,0,0,-,-,0,0,1.0000000000000002,1.0,0.0,0.0,0,0.0,0,0.0,Idle,Idle,4.440892e-13
E4,il1,dial,buffer.*=1.25,RC(0.5),3,CONVERGED,CONVERGED,577,577,-,-,39,39,0.4039333543657469,0.4039334,0.0,0.0,0,0.0,2,2.0,Idle,Idle,5.77316e-12
E4,il1,dial,buffer.*=1.25,inst.land=1040@genesis,3,VACUOUS,VACUOUS,0,0,-,-,0,0,1.0,1.0,0.0,0.0,0,0.0,0,0.0,Idle,Idle,9.992007e-13
E4,il1,dial,buffer.*=1.25,inst.land=260@genesis,3,CONVERGED,CONVERGED,692,692,-,-,0,0,0.7008012286960775,0.7008012,0.025365909391982865,0.02536591,0,0.0,1,1.0,Enclosed,Enclosed,1.021405e-11
E4,il1,dial,buffer.*=1.25,b.food=0.3@genesis,3,CONVERGED,CONVERGED,0,0,-,-,0,0,1.0,1.0,0.0,0.0,0,0.0,0,0.0,Idle,Idle,2.220446e-13
E4,il1,dial,buffer.*=1.25,b.food=1.2@dated,3,CONVERGED,CONVERGED,0,0,-,-,0,0,1.0000000000000002,1.0,0.0,0.0,0,0.0,0,0.0,Idle,Idle,4.440892e-13
E4,il1,dial,buffer.*=1.25,land.mach=0.8@dated,3,CONVERGED,CONVERGED,0,0,-,-,0,0,1.0000000000000002,1.0,0.0,0.0,0,0.0,0,0.0,Idle,Idle,4.440892e-13
E4,il1,dial,buffer.*=1.25,b.food=0.3@dated,3,CONVERGED,CONVERGED,0,0,-,-,0,0,1.0,1.0,0.0,0.0,0,0.0,0,0.0,Idle,Idle,2.220446e-13
E4,il1,dial,buffer.*=1.25,inst.land=1040@dated,3,VACUOUS,VACUOUS,0,0,-,-,0,0,1.0,1.0,0.0,0.0,0,0.0,0,0.0,Idle,Idle,9.992007e-13
E4,il1,dial,buffer.*=1.25,land.mach=0.2@dated,3,CONVERGED,CONVERGED,0,0,-,-,0,0,1.0,1.0,0.0,0.0,0,0.0,0,0.0,Idle,Idle,6.661338e-13
E4,il1,dial,buffer.*=1.25,inst.land=260@dated,3,CONVERGED,CONVERGED,693,693,-,-,0,0,0.7012036473861634,0.7012036,0.02536590939198285,0.02536591,0,0.0,1,1.0,Enclosed,Enclosed,1.565414e-11
E4,il1,dial,adjust.*=1.25,p[labour]*0.5,3,CONVERGED,CONVERGED,507,507,-,-,7,7,0.09847348118272588,0.09847348,0.0,0.0,0,0.0,0,0.0,Idle,Idle,5.995204e-12
E4,il1,dial,adjust.*=1.25,p[manufactures]*2,3,CONVERGED,CONVERGED,400,400,-,-,0,0,0.8706708907537757,0.8706709,0.0,0.0,0,0.0,0,0.0,Idle,Idle,5.107026e-12
E4,il1,dial,adjust.*=1.25,p[labour]*2,3,CONVERGED,CONVERGED,532,532,-,-,0,1,0.5248077507161142,0.5248078,0.0,0.0,0,0.0,0,0.0,Idle,Idle,5.77316e-12
E4,il1,dial,adjust.*=1.25,p[food]*0.5,3,CONVERGED,CONVERGED,580,580,-,-,0,0,0.5021650941116376,0.5021651,0.0,0.0,0,0.0,0,0.0,Idle,Idle,5.107026e-12
E4,il1,dial,adjust.*=1.25,p[care]*2,3,CONVERGED,CONVERGED,344,344,-,-,0,0,0.8988875782180185,0.8988876,0.0,0.0,0,0.0,0,0.0,Idle,Idle,5.107026e-12
E4,il1,dial,adjust.*=1.25,p[food]*2,3,CONVERGED,CONVERGED,527,527,-,-,2,2,0.4526378434178383,0.4526378,0.0,0.0,0,0.0,0,0.0,Idle,Idle,5.440093e-12
E4,il1,dial,adjust.*=1.25,p[manufactures]*0.5,3,CONVERGED,CONVERGED,456,456,-,-,29,29,0.37328884900926135,0.3732888,0.0,0.0,0,0.0,0,0.0,Idle,Idle,5.440093e-12
E4,il1,dial,adjust.*=1.25,p[shelter]*2,3,CONVERGED,CONVERGED,387,387,-,-,0,0,0.8785828781738869,0.8785829,0.0,0.0,0,0.0,0,0.0,Idle,Idle,5.440093e-12
E4,il1,dial,adjust.*=1.25,p[shelter]*0.5,3,CONVERGED,CONVERGED,443,443,-,-,29,29,0.37017431316446353,0.3701743,0.0,0.0,0,0.0,0,0.0,Idle,Idle,5.440093e-12
E4,il1,dial,adjust.*=1.25,p[care]*0.5,3,CONVERGED,CONVERGED,403,403,-,-,30,30,0.3624336224984789,0.3624336,0.0,0.0,0,0.0,0,0.0,Idle,Idle,4.773959e-12
E4,il1,dial,adjust.*=1.25,p[mach]*0.5,3,CONVERGED,CONVERGED,553,553,-,-,16,16,0.43330277220940466,0.4333028,0.0,0.0,0,0.0,2,2.0,Idle,Idle,5.440093e-12
E4,il1,dial,adjust.*=1.25,p[mach]*2,3,CONVERGED,CONVERGED,621,621,-,-,38,40,0.4012837719747415,0.4012838,0.0,0.0,0,0.0,0,0.0,Idle,Idle,4.884981e-12
E4,il1,dial,adjust.*=1.25,p[land]=0.025,3,CONVERGED,CONVERGED,408,408,-,-,4,4,0.2098415713819048,0.2098416,0.0,0.0,4,4.0,1,1.0,Idle,Idle,5.440093e-12
E4,il1,dial,adjust.*=1.25,s[food]=0.5,3,CONVERGED,CONVERGED,595,595,-,-,47,47,0.053022194597531644,0.05302219,0.0,0.0,0,0.0,0,0.0,Idle,Idle,5.77316e-12
E4,il1,dial,adjust.*=1.25,s[care]=0.5,3,CONVERGED,CONVERGED,590,590,-,-,53,53,0.020547441611044416,0.02054744,0.0,0.0,0,0.0,0,0.0,Idle,Idle,5.440093e-12
E4,il1,dial,adjust.*=1.25,s[manufactures]=0.5,3,CONVERGED,CONVERGED,99,99,-,-,0,0,1.0,1.0,0.0,0.0,0,0.0,0,0.0,Idle,Idle,2.220446e-13
E4,il1,dial,adjust.*=1.25,s[shelter]=0.5,3,CONVERGED,CONVERGED,428,428,-,-,12,12,0.06571994723048724,0.06571995,0.0,0.0,0,0.0,0,0.0,Idle,Idle,5.662137e-12
E4,il1,dial,adjust.*=1.25,N(2),3,CONVERGED,CONVERGED,614,614,-,-,0,1,0.5,0.5,0.0,0.0,0,0.0,0,0.0,Idle,Idle,5.107026e-12
E4,il1,dial,adjust.*=1.25,JA(2),3,CONVERGED,CONVERGED,614,614,-,-,0,1,0.5,0.5,0.0,0.0,0,0.0,0,0.0,Idle,Idle,5.107026e-12
E4,il1,dial,adjust.*=1.25,N(0.5),3,CONVERGED,CONVERGED,526,526,-,-,0,0,0.5391009345223715,0.5391009,0.0,0.0,0,0.0,4,4.0,Idle,Idle,4.884981e-12
E4,il1,dial,adjust.*=1.25,JB(2),3,CONVERGED,CONVERGED,593,593,-,-,48,49,0.21593061018787993,0.2159306,0.0,0.0,0,0.0,6,6.0,Idle,Idle,5.440093e-12
E4,il1,dial,adjust.*=1.25,JA(0.5),3,CONVERGED,CONVERGED,526,526,-,-,0,0,0.5391009345223715,0.5391009,0.0,0.0,0,0.0,4,4.0,Idle,Idle,4.884981e-12
E4,il1,dial,adjust.*=1.25,JB(0.5),3,CONVERGED,CONVERGED,678,678,-,-,83,84,0.19933515387770956,0.1993352,0.0,0.0,0,0.0,0,0.0,Idle,Idle,6.106227e-12
E4,il1,dial,adjust.*=1.25,RC(2),3,CONVERGED,CONVERGED,544,544,-,-,62,62,0.22282446780037352,0.2228245,0.0,0.0,0,0.0,0,0.0,Idle,Idle,4.884981e-12
E4,il1,dial,adjust.*=1.25,land.mach=0.8@genesis,3,CONVERGED,CONVERGED,0,0,-,-,0,0,1.0000000000000002,1.0,0.0,0.0,0,0.0,0,0.0,Idle,Idle,4.440892e-13
E4,il1,dial,adjust.*=1.25,RC(0.5),3,CONVERGED,CONVERGED,583,583,-,-,26,26,0.4083423253519582,0.4083423,0.0,0.0,0,0.0,0,0.0,Idle,Idle,5.107026e-12
E4,il1,dial,adjust.*=1.25,x*/2,3,CONVERGED,CONVERGED,635,635,-,-,105,105,0.007037977153481728,0.007037977,0.0,0.0,0,0.0,0,0.0,Idle,Idle,5.107026e-12
E4,il1,dial,adjust.*=1.25,land.mach=0.2@genesis,3,CONVERGED,CONVERGED,0,0,-,-,0,0,1.0,1.0,0.0,0.0,0,0.0,0,0.0,Idle,Idle,6.661338e-13
E4,il1,dial,adjust.*=1.25,b.food=1.2@genesis,3,CONVERGED,CONVERGED,0,0,-,-,0,0,1.0000000000000002,1.0,0.0,0.0,0,0.0,0,0.0,Idle,Idle,4.440892e-13
E4,il1,dial,adjust.*=1.25,inst.land=260@genesis,3,CONVERGED,CONVERGED,671,671,-,-,0,0,0.6996865246241553,0.6996865,0.02536590939198292,0.02536591,0,0.0,1,1.0,Enclosed,Enclosed,1.398881e-11
E4,il1,dial,adjust.*=1.25,inst.land=1040@genesis,3,VACUOUS,VACUOUS,0,0,-,-,0,0,1.0,1.0,0.0,0.0,0,0.0,0,0.0,Idle,Idle,6.661338e-13
E4,il1,dial,adjust.*=1.25,b.food=0.3@genesis,3,CONVERGED,CONVERGED,0,0,-,-,0,0,1.0,1.0,0.0,0.0,0,0.0,0,0.0,Idle,Idle,2.220446e-13
E4,il1,dial,adjust.*=1.25,land.mach=0.8@dated,3,CONVERGED,CONVERGED,0,0,-,-,0,0,1.0000000000000002,1.0,0.0,0.0,0,0.0,0,0.0,Idle,Idle,4.440892e-13
E4,il1,dial,adjust.*=1.25,inst.land=1040@dated,3,VACUOUS,VACUOUS,0,0,-,-,0,0,1.0,1.0,0.0,0.0,0,0.0,0,0.0,Idle,Idle,6.661338e-13
E4,il1,dial,adjust.*=1.25,land.mach=0.2@dated,3,CONVERGED,CONVERGED,0,0,-,-,0,0,1.0,1.0,0.0,0.0,0,0.0,0,0.0,Idle,Idle,6.661338e-13
E4,il1,dial,adjust.*=1.25,b.food=1.2@dated,3,CONVERGED,CONVERGED,0,0,-,-,0,0,1.0000000000000002,1.0,0.0,0.0,0,0.0,0,0.0,Idle,Idle,4.440892e-13
E4,il1,dial,adjust.*=1.25,b.food=0.3@dated,3,CONVERGED,CONVERGED,0,0,-,-,0,0,1.0,1.0,0.0,0.0,0,0.0,0,0.0,Idle,Idle,2.220446e-13
E4,il1,dial,adjust.*=1.25,inst.land=260@dated,3,CONVERGED,CONVERGED,672,672,-,-,0,0,0.7000195909427138,0.7000196,0.02536590939198298,0.02536591,0,0.0,1,1.0,Enclosed,Enclosed,1.354472e-11
E4,il1,dial,tilt.*=0.05,p[labour]*0.5,3,CONVERGED,CONVERGED,515,515,-,-,7,7,0.08054856186669304,0.08054856,0.0,0.0,0,0.0,0,0.0,Idle,Idle,4.996004e-12
E4,il1,dial,tilt.*=0.05,p[food]*0.5,3,CONVERGED,CONVERGED,581,581,-,-,0,0,0.5114329291402504,0.5114329,0.0,0.0,0,0.0,0,0.0,Idle,Idle,4.773959e-12
E4,il1,dial,tilt.*=0.05,p[manufactures]*2,3,CONVERGED,CONVERGED,400,400,-,-,0,0,0.8783475542789558,0.8783476,0.0,0.0,0,0.0,0,0.0,Idle,Idle,5.662137e-12
E4,il1,dial,tilt.*=0.05,p[care]*2,3,CONVERGED,CONVERGED,344,344,-,-,0,0,0.9116345496140258,0.9116345,0.0,0.0,0,0.0,0,0.0,Idle,Idle,4.773959e-12
E4,il1,dial,tilt.*=0.05,p[labour]*2,3,CONVERGED,CONVERGED,536,536,-,-,1,1,0.5100323612584461,0.5100324,0.0,0.0,0,0.0,0,0.0,Idle,Idle,5.995204e-12
E4,il1,dial,tilt.*=0.05,p[manufactures]*0.5,3,CONVERGED,CONVERGED,451,451,-,-,28,28,0.38662181724665007,0.3866218,0.0,0.0,0,0.0,0,0.0,Idle,Idle,4.996004e-12
E4,il1,dial,tilt.*=0.05,p[food]*2,3,CONVERGED,CONVERGED,532,532,-,-,2,2,0.44496126692138993,0.4449613,0.0,0.0,0,0.0,0,0.0,Idle,Idle,4.662937e-12
E4,il1,dial,tilt.*=0.05,p[care]*0.5,3,CONVERGED,CONVERGED,397,397,-,-,29,29,0.37638127249071157,0.3763813,0.0,0.0,0,0.0,0,0.0,Idle,Idle,5.329071e-12
E4,il1,dial,tilt.*=0.05,p[shelter]*0.5,3,CONVERGED,CONVERGED,438,438,-,-,28,28,0.38358260166538255,0.3835826,0.0,0.0,0,0.0,0,0.0,Idle,Idle,5.662137e-12
E4,il1,dial,tilt.*=0.05,p[shelter]*2,3,CONVERGED,CONVERGED,387,387,-,-,0,0,0.892601787061378,0.8926018,0.0,0.0,0,0.0,0,0.0,Idle,Idle,5.77316e-12
E4,il1,dial,tilt.*=0.05,p[mach]*2,3,CONVERGED,CONVERGED,629,629,-,-,38,38,0.40509698119739646,0.405097,0.0,0.0,0,0.0,0,0.0,Idle,Idle,4.773959e-12
E4,il1,dial,tilt.*=0.05,s[manufactures]=0.5,3,CONVERGED,CONVERGED,124,124,-,-,0,0,1.0,1.0,0.0,0.0,0,0.0,0,0.0,Idle,Idle,2.220446e-13
E4,il1,dial,tilt.*=0.05,p[mach]*0.5,3,CONVERGED,CONVERGED,551,551,-,-,17,17,0.4282911368541554,0.4282911,0.0,0.0,0,0.0,2,2.0,Idle,Idle,5.329071e-12
E4,il1,dial,tilt.*=0.05,p[land]=0.025,3,CONVERGED,CONVERGED,413,413,-,-,4,4,0.19482775523056556,0.1948278,0.0,0.0,4,4.0,1,1.0,Idle,Idle,5.440093e-12
E4,il1,dial,tilt.*=0.05,s[food]=0.5,3,CONVERGED,CONVERGED,626,626,-,-,81,81,0.04806173087242186,0.04806173,0.0,0.0,0,0.0,0,0.0,Idle,Idle,5.440093e-12
E4,il1,dial,tilt.*=0.05,s[care]=0.5,3,CONVERGED,CONVERGED,632,632,-,-,57,57,0.016859158496993112,0.01685916,0.0,0.0,0,0.0,0,0.0,Idle,Idle,4.996004e-12
E4,il1,dial,tilt.*=0.05,s[shelter]=0.5,3,CONVERGED,CONVERGED,446,446,-,-,16,16,0.05722509413220578,0.05722509,0.0,0.0,0,0.0,0,0.0,Idle,Idle,4.662937e-12
E4,il1,dial,tilt.*=0.05,JA(2),3,CONVERGED,CONVERGED,622,622,-,-,0,1,0.5,0.5,0.0,0.0,0,0.0,0,0.0,Idle,Idle,4.773959e-12
E4,il1,dial,tilt.*=0.05,JA(0.5),3,CONVERGED,CONVERGED,524,524,-,-,0,0,0.5373577040479763,0.5373577,0.0,0.0,0,0.0,4,4.0,Idle,Idle,5.440093e-12
E4,il1,dial,tilt.*=0.05,JB(2),3,CONVERGED,CONVERGED,595,595,-,-,49,49,0.18858143928423798,0.1885814,0.0,0.0,0,0.0,6,6.0,Idle,Idle,5.440093e-12
E4,il1,dial,tilt.*=0.05,RC(2),3,CONVERGED,CONVERGED,547,547,-,-,61,61,0.23874915286230328,0.2387492,0.0,0.0,0,0.0,0,0.0,Idle,Idle,4.551914e-12
E4,il1,dial,tilt.*=0.05,RC(0.5),3,CONVERGED,CONVERGED,583,583,-,-,21,21,0.44006399777106414,0.440064,0.0,0.0,0,0.0,0,0.0,Idle,Idle,4.662937e-12
E4,il1,dial,tilt.*=0.05,N(0.5),3,CONVERGED,CONVERGED,524,524,-,-,0,0,0.5373577040479763,0.5373577,0.0,0.0,0,0.0,4,4.0,Idle,Idle,5.440093e-12
E4,il1,dial,tilt.*=0.05,x*/2,3,CONVERGED,CONVERGED,671,671,-,-,116,116,0.0037876256866539457,0.003787626,0.0,0.0,0,0.0,0,0.0,Idle,Idle,4.32987e-12
E4,il1,dial,tilt.*=0.05,JB(0.5),3,CONVERGED,CONVERGED,683,683,-,-,82,82,0.2111176512367478,0.2111177,0.0,0.0,0,0.0,0,0.0,Idle,Idle,5.107026e-12
E4,il1,dial,tilt.*=0.05,N(2),3,CONVERGED,CONVERGED,622,622,-,-,0,1,0.5,0.5,0.0,0.0,0,0.0,0,0.0,Idle,Idle,4.773959e-12
E4,il1,dial,tilt.*=0.05,land.mach=0.2@genesis,3,CONVERGED,CONVERGED,0,0,-,-,0,0,1.0,1.0,0.0,0.0,0,0.0,0,0.0,Idle,Idle,6.661338e-13
E4,il1,dial,tilt.*=0.05,land.mach=0.8@genesis,3,CONVERGED,CONVERGED,0,0,-,-,0,0,1.0000000000000002,1.0,0.0,0.0,0,0.0,0,0.0,Idle,Idle,4.440892e-13
E4,il1,dial,tilt.*=0.05,inst.land=1040@genesis,3,VACUOUS,VACUOUS,0,0,-,-,0,0,1.0,1.0,0.0,0.0,0,0.0,0,0.0,Idle,Idle,6.661338e-13
E4,il1,dial,tilt.*=0.05,b.food=1.2@genesis,3,CONVERGED,CONVERGED,0,0,-,-,0,0,1.0000000000000002,1.0,0.0,0.0,0,0.0,0,0.0,Idle,Idle,4.440892e-13
E4,il1,dial,tilt.*=0.05,inst.land=260@genesis,3,CONVERGED,CONVERGED,669,669,-,-,0,0,0.6998334075849367,0.6998334,0.025365909391982817,0.02536591,0,0.0,1,1.0,Enclosed,Enclosed,1.04361e-11
E4,il1,dial,tilt.*=0.05,b.food=0.3@genesis,3,CONVERGED,CONVERGED,0,0,-,-,0,0,1.0,1.0,0.0,0.0,0,0.0,0,0.0,Idle,Idle,2.220446e-13
E4,il1,dial,tilt.*=0.05,inst.land=260@dated,3,CONVERGED,CONVERGED,670,670,-,-,0,0,0.6997659994557238,0.699766,0.02536590939198293,0.02536591,0,0.0,1,1.0,Enclosed,Enclosed,1.398881e-11
E4,il1,dial,tilt.*=0.05,land.mach=0.8@dated,3,CONVERGED,CONVERGED,0,0,-,-,0,0,1.0000000000000002,1.0,0.0,0.0,0,0.0,0,0.0,Idle,Idle,4.440892e-13
E4,il1,dial,tilt.*=0.05,b.food=1.2@dated,3,CONVERGED,CONVERGED,0,0,-,-,0,0,1.0000000000000002,1.0,0.0,0.0,0,0.0,0,0.0,Idle,Idle,4.440892e-13
E4,il1,dial,tilt.*=0.05,land.mach=0.2@dated,3,CONVERGED,CONVERGED,0,0,-,-,0,0,1.0,1.0,0.0,0.0,0,0.0,0,0.0,Idle,Idle,6.661338e-13
E4,il1,dial,tilt.*=0.05,inst.land=1040@dated,3,VACUOUS,VACUOUS,0,0,-,-,0,0,1.0,1.0,0.0,0.0,0,0.0,0,0.0,Idle,Idle,6.661338e-13
E4,il1,dial,tilt.*=0.05,b.food=0.3@dated,3,CONVERGED,CONVERGED,0,0,-,-,0,0,1.0,1.0,0.0,0.0,0,0.0,0,0.0,Idle,Idle,2.220446e-13
E4,il1,dial,tilt.*=0.1,p[labour]*0.5,3,CONVERGED,CONVERGED,524,524,-,-,7,7,0.06226093608769238,0.06226094,0.0,0.0,0,0.0,0,0.0,Idle,Idle,5.107026e-12
E4,il1,dial,tilt.*=0.1,p[labour]*2,3,CONVERGED,CONVERGED,541,541,-,-,3,3,0.4956049821573176,0.495605,0.0,0.0,0,0.0,0,0.0,Idle,Idle,5.107026e-12
E4,il1,dial,tilt.*=0.1,p[manufactures]*0.5,3,CONVERGED,CONVERGED,445,445,-,-,26,26,0.3993007377182129,0.3993007,0.0,0.0,0,0.0,0,0.0,Idle,Idle,5.107026e-12
E4,il1,dial,tilt.*=0.1,p[care]*2,3,CONVERGED,CONVERGED,343,343,-,-,0,0,0.9232250332187737,0.923225,0.0,0.0,0,0.0,0,0.0,Idle,Idle,5.329071e-12
E4,il1,dial,tilt.*=0.1,p[manufactures]*2,3,CONVERGED,CONVERGED,400,400,-,-,0,0,0.8783475542789558,0.8783476,0.0,0.0,0,0.0,0,0.0,Idle,Idle,5.77316e-12
E4,il1,dial,tilt.*=0.1,p[food]*2,3,CONVERGED,CONVERGED,537,537,-,-,3,3,0.43731522832897735,0.4373152,0.0,0.0,0,0.0,0,0.0,Idle,Idle,5.77316e-12
E4,il1,dial,tilt.*=0.1,p[food]*0.5,3,CONVERGED,CONVERGED,581,581,-,-,0,0,0.5207316813624763,0.5207317,0.0,0.0,0,0.0,0,0.0,Idle,Idle,5.107026e-12
E4,il1,dial,tilt.*=0.1,p[shelter]*0.5,3,CONVERGED,CONVERGED,433,433,-,-,27,27,0.3965614809266567,0.3965615,0.0,0.0,0,0.0,0,0.0,Idle,Idle,6.106227e-12
E4,il1,dial,tilt.*=0.1,p[care]*0.5,3,CONVERGED,CONVERGED,391,391,-,-,28,28,0.38970945160808634,0.3897095,0.0,0.0,0,0.0,0,0.0,Idle,Idle,5.440093e-12
E4,il1,dial,tilt.*=0.1,p[shelter]*2,3,CONVERGED,CONVERGED,387,387,-,-,0,0,0.894057958551896,0.894058,0.0,0.0,0,0.0,0,0.0,Idle,Idle,5.107026e-12
E4,il1,dial,tilt.*=0.1,s[manufactures]=0.5,3,CONVERGED,CONVERGED,124,124,-,-,0,0,1.0,1.0,0.0,0.0,0,0.0,0,0.0,Idle,Idle,2.220446e-13
E4,il1,dial,tilt.*=0.1,p[mach]*2,3,CONVERGED,CONVERGED,636,636,-,-,37,37,0.4079165879421874,0.4079166,0.0,0.0,0,0.0,0,0.0,Idle,Idle,5.440093e-12
E4,il1,dial,tilt.*=0.1,p[mach]*0.5,3,CONVERGED,CONVERGED,548,548,-,-,18,18,0.4224311244860375,0.4224311,0.0,0.0,0,0.0,2,2.0,Idle,Idle,5.107026e-12
E4,il1,dial,tilt.*=0.1,s[care]=0.5,3,CONVERGED,CONVERGED,634,634,-,-,56,56,0.019622942825100177,0.01962294,0.0,0.0,0,0.0,0,0.0,Idle,Idle,5.77316e-12
E4,il1,dial,tilt.*=0.1,s[food]=0.5,3,CONVERGED,CONVERGED,629,629,-,-,76,76,0.04451733121961338,0.04451733,0.0,0.0,0,0.0,0,0.0,Idle,Idle,5.440093e-12
E4,il1,dial,tilt.*=0.1,p[land]=0.025,3,CONVERGED,CONVERGED,418,418,-,-,4,4,0.1808437497443299,0.1808437,0.0,0.0,4,4.0,1,1.0,Idle,Idle,5.440093e-12
E4,il1,dial,tilt.*=0.1,s[shelter]=0.5,3,CONVERGED,CONVERGED,443,443,-,-,15,15,0.050985033801583896,0.05098503,0.0,0.0,0,0.0,0,0.0,Idle,Idle,5.995204e-12
E4,il1,dial,tilt.*=0.1,JA(0.5),3,CONVERGED,CONVERGED,522,522,-,-,0,0,0.5359532947194128,0.5359533,0.0,0.0,0,0.0,4,4.0,Idle,Idle,5.77316e-12
E4,il1,dial,tilt.*=0.1,JA(2),3,CONVERGED,CONVERGED,629,629,-,-,0,1,0.5,0.5,0.0,0.0,0,0.0,0,0.0,Idle,Idle,4.773959e-12
E4,il1,dial,tilt.*=0.1,JB(2),3,CONVERGED,CONVERGED,599,599,-,-,49,49,0.15783742919660607,0.1578374,0.0,0.0,0,0.0,6,6.0,Idle,Idle,4.996004e-12
E4,il1,dial,tilt.*=0.1,N(0.5),3,CONVERGED,CONVERGED,522,522,-,-,0,0,0.5359532947194128,0.5359533,0.0,0.0,0,0.0,4,4.0,Idle,Idle,5.77316e-12
E4,il1,dial,tilt.*=0.1,RC(2),3,CONVERGED,CONVERGED,551,551,-,-,59,59,0.25442181119554513,0.2544218,0.0,0.0,0,0.0,0,0.0,Idle,Idle,5.329071e-12
E4,il1,dial,tilt.*=0.1,JB(0.5),3,CONVERGED,CONVERGED,689,689,-,-,80,80,0.2219470954953746,0.2219471,0.0,0.0,0,0.0,0,0.0,Idle,Idle,5.440093e-12
E4,il1,dial,tilt.*=0.1,RC(0.5),3,CONVERGED,CONVERGED,584,584,-,-,15,15,0.4697972509506287,0.4697973,0.0,0.0,0,0.0,0,0.0,Idle,Idle,6.106227e-12
E4,il1,dial,tilt.*=0.1,x*/2,3,CONVERGED,CONVERGED,675,675,-,-,113,113,0.004478592532211088,0.004478593,0.0,0.0,0,0.0,0,0.0,Idle,Idle,4.996004e-12
E4,il1,dial,tilt.*=0.1,N(2),3,CONVERGED,CONVERGED,629,629,-,-,0,1,0.5,0.5,0.0,0.0,0,0.0,0,0.0,Idle,Idle,4.773959e-12
E4,il1,dial,tilt.*=0.1,b.food=0.3@genesis,3,CONVERGED,CONVERGED,0,0,-,-,0,0,1.0,1.0,0.0,0.0,0,0.0,0,0.0,Idle,Idle,2.220446e-13
E4,il1,dial,tilt.*=0.1,inst.land=260@genesis,3,CONVERGED,CONVERGED,668,668,-,-,0,0,0.7001664616204357,0.7001665,0.02536590939198294,0.02536591,0,0.0,1,1.0,Enclosed,Enclosed,1.476597e-11
E4,il1,dial,tilt.*=0.1,b.food=1.2@genesis,3,CONVERGED,CONVERGED,0,0,-,-,0,0,1.0000000000000002,1.0,0.0,0.0,0,0.0,0,0.0,Idle,Idle,4.440892e-13
E4,il1,dial,tilt.*=0.1,inst.land=1040@genesis,3,VACUOUS,VACUOUS,0,0,-,-,0,0,1.0,1.0,0.0,0.0,0,0.0,0,0.0,Idle,Idle,6.661338e-13
E4,il1,dial,tilt.*=0.1,land.mach=0.2@genesis,3,CONVERGED,CONVERGED,0,0,-,-,0,0,1.0,1.0,0.0,0.0,0,0.0,0,0.0,Idle,Idle,6.661338e-13
E4,il1,dial,tilt.*=0.1,land.mach=0.8@genesis,3,CONVERGED,CONVERGED,0,0,-,-,0,0,1.0000000000000002,1.0,0.0,0.0,0,0.0,0,0.0,Idle,Idle,4.440892e-13
E4,il1,dial,tilt.*=0.1,land.mach=0.2@dated,3,CONVERGED,CONVERGED,0,0,-,-,0,0,1.0,1.0,0.0,0.0,0,0.0,0,0.0,Idle,Idle,6.661338e-13
E4,il1,dial,tilt.*=0.1,b.food=1.2@dated,3,CONVERGED,CONVERGED,0,0,-,-,0,0,1.0000000000000002,1.0,0.0,0.0,0,0.0,0,0.0,Idle,Idle,4.440892e-13
E4,il1,dial,tilt.*=0.1,inst.land=260@dated,3,CONVERGED,CONVERGED,669,669,-,-,0,0,0.6990455832068461,0.6990456,0.025365909391982897,0.02536591,0,0.0,1,1.0,Enclosed,Enclosed,1.665335e-11
E4,il1,dial,tilt.*=0.1,b.food=0.3@dated,3,CONVERGED,CONVERGED,0,0,-,-,0,0,1.0,1.0,0.0,0.0,0,0.0,0,0.0,Idle,Idle,2.220446e-13
E4,il1,dial,tilt.*=0.1,land.mach=0.8@dated,3,CONVERGED,CONVERGED,0,0,-,-,0,0,1.0000000000000002,1.0,0.0,0.0,0,0.0,0,0.0,Idle,Idle,4.440892e-13
E4,il1,dial,tilt.*=0.1,inst.land=1040@dated,3,VACUOUS,VACUOUS,0,0,-,-,0,0,1.0,1.0,0.0,0.0,0,0.0,0,0.0,Idle,Idle,6.661338e-13
E4,il1,dial,tilt.*=0.25,p[labour]*0.5,3,CONVERGED,CONVERGED,550,550,-,-,9,9,0.0051520107641786685,0.005152011,0.0,0.0,0,0.0,0,0.0,Idle,Idle,4.773959e-12
E4,il1,dial,tilt.*=0.25,p[labour]*2,3,CONVERGED,CONVERGED,556,556,-,-,5,5,0.45436045000118697,0.4543605,0.0,0.0,0,0.0,0,0.0,Idle,Idle,5.440093e-12
E4,il1,dial,tilt.*=0.25,p[manufactures]*0.5,3,CONVERGED,CONVERGED,431,431,-,-,22,22,0.4339539203958026,0.4339539,0.0,0.0,0,0.0,0,0.0,Idle,Idle,5.329071e-12
E4,il1,dial,tilt.*=0.25,p[food]*0.5,3,CONVERGED,CONVERGED,586,586,-,-,0,0,0.544250854783118,0.5442509,0.0,0.0,0,0.0,0,0.0,Idle,Idle,4.662937e-12
E4,il1,dial,tilt.*=0.25,p[manufactures]*2,3,CONVERGED,CONVERGED,401,401,-,-,0,0,0.8783475542789558,0.8783476,0.0,0.0,0,0.0,0,0.0,Idle,Idle,4.884981e-12
E4,il1,dial,tilt.*=0.25,p[care]*2,3,CONVERGED,CONVERGED,342,342,-,-,0,0,0.9327173230465597,0.9327173,0.0,0.0,0,0.0,0,0.0,Idle,Idle,4.662937e-12
E4,il1,dial,tilt.*=0.25,p[shelter]*2,3,CONVERGED,CONVERGED,387,387,-,-,0,0,0.894057958551896,0.894058,0.0,0.0,0,0.0,0,0.0,Idle,Idle,4.107825e-12
E4,il1,dial,tilt.*=0.25,p[food]*2,3,CONVERGED,CONVERGED,555,555,-,-,4,4,0.41461045334250973,0.4146105,0.0,0.0,0,0.0,0,0.0,Idle,Idle,4.884981e-12
E4,il1,dial,tilt.*=0.25,p[mach]*2,3,CONVERGED,CONVERGED,660,660,-,-,33,33,0.41006418100782,0.4100642,0.0,0.0,0,0.0,0,0.0,Idle,Idle,4.884981e-12
E4,il1,dial,tilt.*=0.25,p[care]*0.5,3,CONVERGED,CONVERGED,374,374,-,-,24,24,0.42655532582766775,0.4265553,0.0,0.0,0,0.0,0,0.0,Idle,Idle,3.885781e-12
E4,il1,dial,tilt.*=0.25,p[shelter]*0.5,3,CONVERGED,CONVERGED,417,417,-,-,23,23,0.4318492566390127,0.4318493,0.0,0.0,0,0.0,0,0.0,Idle,Idle,4.662937e-12
E4,il1,dial,tilt.*=0.25,p[land]=0.025,3,CONVERGED,CONVERGED,433,433,-,-,4,4,0.14444972222265032,0.1444497,0.0,0.0,4,4.0,1,1.0,Idle,Idle,5.662137e-12
E4,il1,dial,tilt.*=0.25,s[food]=0.5,3,CONVERGED,CONVERGED,640,640,-,-,44,44,0.03465614050454562,0.03465614,0.0,0.0,0,0.0,0,0.0,Idle,Idle,4.996004e-12
E4,il1,dial,tilt.*=0.25,p[mach]*0.5,3,CONVERGED,CONVERGED,543,543,-,-,22,22,0.38145130706728164,0.3814513,0.0,0.0,0,0.0,2,2.0,Idle,Idle,5.329071e-12
E4,il1,dial,tilt.*=0.25,s[manufactures]=0.5,3,CONVERGED,CONVERGED,124,124,-,-,0,0,1.0,1.0,0.0,0.0,0,0.0,0,0.0,Idle,Idle,2.220446e-13
E4,il1,dial,tilt.*=0.25,JA(2),3,CONVERGED,CONVERGED,652,652,-,-,0,1,0.5,0.5,0.0,0.0,0,0.0,0,0.0,Idle,Idle,5.107026e-12
E4,il1,dial,tilt.*=0.25,JA(0.5),3,CONVERGED,CONVERGED,517,517,-,-,0,0,0.5338415269703892,0.5338415,0.0,0.0,0,0.0,2,2.0,Idle,Idle,5.329071e-12
E4,il1,dial,tilt.*=0.25,s[shelter]=0.5,3,CONVERGED,CONVERGED,439,439,-,-,13,13,0.035692815910619034,0.03569282,0.0,0.0,0,0.0,0,0.0,Idle,Idle,5.440093e-12
E4,il1,dial,tilt.*=0.25,s[care]=0.5,3,CONVERGED,CONVERGED,645,645,-,-,54,54,0.0223138115020517,0.02231381,0.0,0.0,0,0.0,0,0.0,Idle,Idle,5.440093e-12
E4,il1,dial,tilt.*=0.25,JB(2),3,CONVERGED,CONVERGED,614,614,-,-,50,50,0.07773314969729099,0.07773315,0.0,0.0,0,0.0,4,4.0,Idle,Idle,4.996004e-12
E4,il1,dial,tilt.*=0.25,N(2),3,CONVERGED,CONVERGED,652,652,-,-,0,1,0.5,0.5,0.0,0.0,0,0.0,0,0.0,Idle,Idle,5.107026e-12
E4,il1,dial,tilt.*=0.25,N(0.5),3,CONVERGED,CONVERGED,517,517,-,-,0,0,0.5338415269703892,0.5338415,0.0,0.0,0,0.0,2,2.0,Idle,Idle,5.329071e-12
E4,il1,dial,tilt.*=0.25,JB(0.5),3,CONVERGED,CONVERGED,707,707,-,-,75,75,0.24074061869118166,0.2407406,0.0,0.0,0,0.0,0,0.0,Idle,Idle,5.440093e-12
E4,il1,dial,tilt.*=0.25,RC(0.5),3,CONVERGED,CONVERGED,589,589,-,-,0,0,0.5497973375396805,0.5497973,0.0,0.0,0,0.0,2,2.0,Idle,Idle,5.440093e-12
E4,il1,dial,tilt.*=0.25,land.mach=0.8@genesis,3,CONVERGED,CONVERGED,0,0,-,-,0,0,1.0000000000000002,1.0,0.0,0.0,0,0.0,0,0.0,Idle,Idle,4.440892e-13
E4,il1,dial,tilt.*=0.25,land.mach=0.2@genesis,3,CONVERGED,CONVERGED,0,0,-,-,0,0,1.0,1.0,0.0,0.0,0,0.0,0,0.0,Idle,Idle,6.661338e-13
E4,il1,dial,tilt.*=0.25,x*/2,3,CONVERGED,CONVERGED,690,690,-,-,104,104,0.006440556057731735,0.006440556,0.0,0.0,0,0.0,0,0.0,Idle,Idle,4.662937e-12
E4,il1,dial,tilt.*=0.25,RC(2),3,CONVERGED,CONVERGED,563,563,-,-,55,55,0.29889731918995094,0.2988973,0.0,0.0,0,0.0,0,0.0,Idle,Idle,5.107026e-12
E4,il1,dial,tilt.*=0.25,b.food=1.2@genesis,3,CONVERGED,CONVERGED,0,0,-,-,0,0,1.0000000000000002,1.0,0.0,0.0,0,0.0,0,0.0,Idle,Idle,4.440892e-13
E4,il1,dial,tilt.*=0.25,b.food=0.3@genesis,3,CONVERGED,CONVERGED,0,0,-,-,0,0,1.0,1.0,0.0,0.0,0,0.0,0,0.0,Idle,Idle,2.220446e-13
E4,il1,dial,tilt.*=0.25,inst.land=1040@genesis,3,VACUOUS,VACUOUS,0,0,-,-,0,0,1.0,1.0,0.0,0.0,0,0.0,0,0.0,Idle,Idle,6.661338e-13
E4,il1,dial,tilt.*=0.25,inst.land=260@genesis,3,CONVERGED,CONVERGED,667,667,-,-,0,0,0.7033967111859696,0.7033967,0.025365909391982914,0.02536591,0,0.0,1,1.0,Enclosed,Enclosed,1.187939e-11
E4,il1,dial,tilt.*=0.25,land.mach=0.8@dated,3,CONVERGED,CONVERGED,0,0,-,-,0,0,1.0000000000000002,1.0,0.0,0.0,0,0.0,0,0.0,Idle,Idle,4.440892e-13
E4,il1,dial,tilt.*=0.25,b.food=1.2@dated,3,CONVERGED,CONVERGED,0,0,-,-,0,0,1.0000000000000002,1.0,0.0,0.0,0,0.0,0,0.0,Idle,Idle,4.440892e-13
E4,il1,dial,tilt.*=0.25,b.food=0.3@dated,3,CONVERGED,CONVERGED,0,0,-,-,0,0,1.0,1.0,0.0,0.0,0,0.0,0,0.0,Idle,Idle,2.220446e-13
E4,il1,dial,tilt.*=0.25,inst.land=260@dated,3,CONVERGED,CONVERGED,669,669,-,-,0,0,0.6745654452524305,0.6745654,0.02536590939198292,0.02536591,0,0.0,1,1.0,Enclosed,Enclosed,1.376677e-11
E4,il1,dial,tilt.*=0.25,land.mach=0.2@dated,3,CONVERGED,CONVERGED,0,0,-,-,0,0,1.0,1.0,0.0,0.0,0,0.0,0,0.0,Idle,Idle,6.661338e-13
E4,il1,dial,tilt.*=0.25,inst.land=1040@dated,3,VACUOUS,VACUOUS,0,0,-,-,0,0,1.0,1.0,0.0,0.0,0,0.0,0,0.0,Idle,Idle,6.661338e-13
E4,il1,dial,tilt.*=0.5,p[labour]*2,3,CONVERGED,CONVERGED,579,579,-,-,7,7,0.39209526574582015,0.3920953,0.0,0.0,0,0.0,0,0.0,Idle,Idle,5.329071e-12
E4,il1,dial,tilt.*=0.5,p[manufactures]*0.5,3,CONVERGED,CONVERGED,409,409,-,-,13,13,0.47791800323565725,0.477918,0.0,0.0,0,0.0,0,0.0,Idle,Idle,3.996803e-12
E4,il1,dial,tilt.*=0.5,p[labour]*0.5,3,CONVERGED,CONVERGED,592,592,-,-,10,10,0.0,0.0,0.0,0.0,0,0.0,0,0.0,Idle,Idle,4.996004e-12
E4,il1,dial,tilt.*=0.5,p[food]*0.5,3,CONVERGED,CONVERGED,603,603,-,-,0,0,0.5751141473706174,0.5751141,0.0,0.0,0,0.0,0,0.0,Idle,Idle,5.329071e-12
E4,il1,dial,tilt.*=0.5,p[manufactures]*2,3,CONVERGED,CONVERGED,403,403,-,-,0,0,0.8783475542789558,0.8783476,0.0,0.0,0,0.0,0,0.0,Idle,Idle,5.329071e-12
E4,il1,dial,tilt.*=0.5,p[care]*2,3,CONVERGED,CONVERGED,341,341,-,-,0,0,0.9327173230465597,0.9327173,0.0,0.0,0,0.0,0,0.0,Idle,Idle,5.107026e-12
E4,il1,dial,tilt.*=0.5,p[food]*2,3,CONVERGED,CONVERGED,587,587,-,-,6,6,0.3778176291623735,0.3778176,0.0,0.0,0,0.0,0,0.0,Idle,Idle,5.329071e-12
E4,il1,dial,tilt.*=0.5,p[shelter]*2,3,CONVERGED,CONVERGED,388,388,-,-,0,0,0.894057958551896,0.894058,0.0,0.0,0,0.0,0,0.0,Idle,Idle,4.884981e-12
E4,il1,dial,tilt.*=0.5,p[care]*0.5,3,CONVERGED,CONVERGED,348,348,-,-,15,15,0.475021556811969,0.4750216,0.0,0.0,0,0.0,0,0.0,Idle,Idle,5.107026e-12
E4,il1,dial,tilt.*=0.5,p[mach]*2,3,CONVERGED,CONVERGED,698,698,-,-,28,28,0.35869443203213247,0.3586944,0.0,0.0,0,0.0,0,0.0,Idle,Idle,5.551115e-12
E4,il1,dial,tilt.*=0.5,p[shelter]*0.5,3,CONVERGED,CONVERGED,395,395,-,-,14,14,0.4771286263852579,0.4771286,0.0,0.0,0,0.0,0,0.0,Idle,Idle,4.218847e-12
E4,il1,dial,tilt.*=0.5,p[mach]*0.5,3,CONVERGED,CONVERGED,540,540,-,-,25,25,0.19995701478458705,0.199957,0.0,0.0,0,0.0,2,2.0,Idle,Idle,4.773959e-12
E4,il1,dial,tilt.*=0.5,s[manufactures]=0.5,3,CONVERGED,CONVERGED,124,124,-,-,0,0,1.0,1.0,0.0,0.0,0,0.0,0,0.0,Idle,Idle,2.220446e-13
E4,il1,dial,tilt.*=0.5,p[land]=0.025,3,CONVERGED,CONVERGED,459,459,-,-,4,4,0.09902750447843611,0.0990275,0.0,0.0,3,3.0,1,1.0,Idle,Idle,4.996004e-12
E4,il1,dial,tilt.*=0.5,s[food]=0.5,3,CONVERGED,CONVERGED,664,664,-,-,38,38,0.02151848452280793,0.02151848,0.0,0.0,0,0.0,0,0.0,Idle,Idle,4.662937e-12
E4,il1,dial,tilt.*=0.5,s[shelter]=0.5,3,CONVERGED,CONVERGED,444,444,-,-,13,13,0.019218551137082995,0.01921855,0.0,0.0,0,0.0,0,0.0,Idle,Idle,4.662937e-12
E4,il1,dial,tilt.*=0.5,s[care]=0.5,3,CONVERGED,CONVERGED,670,670,-,-,50,50,0.016597651304981132,0.01659765,0.0,0.0,0,0.0,0,0.0,Idle,Idle,5.440093e-12
E4,il1,dial,tilt.*=0.5,JA(2),3,CONVERGED,CONVERGED,688,688,-,-,0,1,0.5,0.5,0.0,0.0,0,0.0,0,0.0,Idle,Idle,5.107026e-12
E4,il1,dial,tilt.*=0.5,JB(2),3,CONVERGED,CONVERGED,649,649,-,-,51,51,0.023126914253203824,0.02312691,0.0,0.0,0,0.0,2,2.0,Idle,Idle,4.884981e-12
E4,il1,dial,tilt.*=0.5,JB(0.5),3,CONVERGED,CONVERGED,742,742,-,-,69,69,0.0,0.0,0.0,0.0,0,0.0,0,0.0,Idle,Idle,5.662137e-12
E4,il1,dial,tilt.*=0.5,N(0.5),3,CONVERGED,CONVERGED,515,515,-,-,0,0,0.5377984637591278,0.5377985,0.0,0.0,0,0.0,2,2.0,Idle,Idle,4.996004e-12
E4,il1,dial,tilt.*=0.5,JA(0.5),3,CONVERGED,CONVERGED,515,515,-,-,0,0,0.5377984637591278,0.5377985,0.0,0.0,0,0.0,2,2.0,Idle,Idle,4.996004e-12
E4,il1,dial,tilt.*=0.5,N(2),3,CONVERGED,CONVERGED,688,688,-,-,0,1,0.5,0.5,0.0,0.0,0,0.0,0,0.0,Idle,Idle,5.107026e-12
E4,il1,dial,tilt.*=0.5,land.mach=0.8@genesis,3,CONVERGED,CONVERGED,0,0,-,-,0,0,1.0000000000000002,1.0,0.0,0.0,0,0.0,0,0.0,Idle,Idle,4.440892e-13
E4,il1,dial,tilt.*=0.5,RC(0.5),3,CONVERGED,CONVERGED,604,604,-,-,0,0,0.6129048103710423,0.6129048,0.0,0.0,0,0.0,2,2.0,Idle,Idle,5.551115e-12
E4,il1,dial,tilt.*=0.5,RC(2),3,CONVERGED,CONVERGED,589,589,-,-,49,49,0.26429829179504,0.2642983,0.0,0.0,0,0.0,0,0.0,Idle,Idle,4.773959e-12
E4,il1,dial,tilt.*=0.5,land.mach=0.2@genesis,3,CONVERGED,CONVERGED,0,0,-,-,0,0,1.0,1.0,0.0,0.0,0,0.0,0,0.0,Idle,Idle,6.661338e-13
E4,il1,dial,tilt.*=0.5,x*/2,3,CONVERGED,CONVERGED,717,717,-,-,91,91,0.006104048861709151,0.006104049,0.0,0.0,0,0.0,2,2.0,Idle,Idle,4.662937e-12
E4,il1,dial,tilt.*=0.5,b.food=1.2@genesis,3,CONVERGED,CONVERGED,0,0,-,-,0,0,1.0000000000000002,1.0,0.0,0.0,0,0.0,0,0.0,Idle,Idle,4.440892e-13
E4,il1,dial,tilt.*=0.5,b.food=0.3@genesis,3,CONVERGED,CONVERGED,0,0,-,-,0,0,1.0,1.0,0.0,0.0,0,0.0,0,0.0,Idle,Idle,2.220446e-13
E4,il1,dial,tilt.*=0.5,inst.land=1040@genesis,3,VACUOUS,VACUOUS,0,0,-,-,0,0,1.0,1.0,0.0,0.0,0,0.0,0,0.0,Idle,Idle,6.661338e-13
E4,il1,dial,tilt.*=0.5,inst.land=260@genesis,3,CONVERGED,CONVERGED,673,673,-,-,0,0,0.7109654121278299,0.7109654,0.025365909391982886,0.02536591,0,0.0,1,1.0,Enclosed,Enclosed,1.210143e-11
E4,il1,dial,tilt.*=0.5,land.mach=0.2@dated,3,CONVERGED,CONVERGED,0,0,-,-,0,0,1.0,1.0,0.0,0.0,0,0.0,0,0.0,Idle,Idle,6.661338e-13
E4,il1,dial,tilt.*=0.5,inst.land=260@dated,3,CONVERGED,CONVERGED,676,676,-,-,0,0,0.6353170882685059,0.6353171,0.025365909391982914,0.02536591,0,0.0,1,1.0,Enclosed,Enclosed,1.187939e-11
E4,il1,dial,tilt.*=0.5,b.food=0.3@dated,3,CONVERGED,CONVERGED,0,0,-,-,0,0,1.0,1.0,0.0,0.0,0,0.0,0,0.0,Idle,Idle,2.220446e-13
E4,il1,dial,tilt.*=0.5,b.food=1.2@dated,3,CONVERGED,CONVERGED,0,0,-,-,0,0,1.0000000000000002,1.0,0.0,0.0,0,0.0,0,0.0,Idle,Idle,4.440892e-13
E4,il1,dial,tilt.*=0.5,land.mach=0.8@dated,3,CONVERGED,CONVERGED,0,0,-,-,0,0,1.0000000000000002,1.0,0.0,0.0,0,0.0,0,0.0,Idle,Idle,4.440892e-13
E4,il1,dial,tilt.*=0.5,inst.land=1040@dated,3,VACUOUS,VACUOUS,0,0,-,-,0,0,1.0,1.0,0.0,0.0,0,0.0,0,0.0,Idle,Idle,6.661338e-13
E4,il1,dial,tilt.*=1,p[labour]*2,3,CONVERGED,CONVERGED,626,626,-,-,8,8,0.2893890197919431,0.289389,0.0,0.0,0,0.0,0,0.0,Idle,Idle,4.773959e-12
E4,il1,dial,tilt.*=1,p[food]*2,3,CONVERGED,CONVERGED,650,650,-,-,10,10,0.309764432665582,0.3097644,0.0,0.0,0,0.0,0,0.0,Idle,Idle,5.440093e-12
E4,il1,dial,tilt.*=1,p[labour]*0.5,3,CONVERGED,CONVERGED,675,675,-,-,10,10,0.0,0.0,0.0,0.0,0,0.0,0,0.0,Idle,Idle,3.996803e-12
E4,il1,dial,tilt.*=1,p[manufactures]*2,3,CONVERGED,CONVERGED,419,419,-,-,0,0,0.8743274229438288,0.8743274,0.0,0.0,0,0.0,0,0.0,Idle,Idle,4.32987e-12
E4,il1,dial,tilt.*=1,p[food]*0.5,3,CONVERGED,CONVERGED,643,643,-,-,0,0,0.5124973964842104,0.5124974,0.0,0.0,0,0.0,0,0.0,Idle,Idle,5.440093e-12
E4,il1,dial,tilt.*=1,p[manufactures]*0.5,3,CONVERGED,CONVERGED,398,398,-,-,0,0,0.5124973964842103,0.5124974,0.0,0.0,0,0.0,0,0.0,Idle,Idle,4.773959e-12
E4,il1,dial,tilt.*=1,p[care]*0.5,3,CONVERGED,CONVERGED,323,323,-,-,0,0,0.5124440446412463,0.512444,0.0,0.0,0,0.0,0,0.0,Idle,Idle,4.32987e-12
E4,il1,dial,tilt.*=1,p[shelter]*2,3,CONVERGED,CONVERGED,402,402,-,-,0,0,0.89062443162156,0.8906244,0.0,0.0,0,0.0,0,0.0,Idle,Idle,4.773959e-12
E4,il1,dial,tilt.*=1,p[care]*2,3,CONVERGED,CONVERGED,348,348,-,-,0,0,0.93063842243267,0.9306384,0.0,0.0,0,0.0,0,0.0,Idle,Idle,5.329071e-12
E4,il1,dial,tilt.*=1,p[mach]*2,3,CONVERGED,CONVERGED,774,774,-,-,22,22,0.2562486982421051,0.2562487,0.0,0.0,0,0.0,0,0.0,Idle,Idle,4.996004e-12
E4,il1,dial,tilt.*=1,p[shelter]*0.5,3,CONVERGED,CONVERGED,380,380,-,-,0,0,0.5124973964842103,0.5124974,0.0,0.0,0,0.0,0,0.0,Idle,Idle,4.996004e-12
E4,il1,dial,tilt.*=1,p[land]=0.025,3,CONVERGED,CONVERGED,515,515,-,-,4,4,0.04634571931753226,0.04634572,0.0,0.0,3,3.0,1,1.0,Idle,Idle,5.77316e-12
E4,il1,dial,tilt.*=1,s[manufactures]=0.5,3,CONVERGED,CONVERGED,124,124,-,-,0,0,1.0,1.0,0.0,0.0,0,0.0,0,0.0,Idle,Idle,2.220446e-13
E4,il1,dial,tilt.*=1,p[mach]*0.5,3,CONVERGED,CONVERGED,575,575,-,-,28,28,0.05229324776383597,0.05229325,0.0,0.0,0,0.0,2,2.0,Idle,Idle,4.662937e-12
E4,il1,dial,tilt.*=1,s[food]=0.5,3,CONVERGED,CONVERGED,720,720,-,-,40,40,0.007169668536642715,0.007169669,0.0,0.0,0,0.0,2,2.0,Idle,Idle,5.440093e-12
E4,il1,dial,tilt.*=1,s[shelter]=0.5,3,CONVERGED,CONVERGED,480,480,-,-,12,12,0.005311144421701379,0.005311144,0.0,0.0,0,0.0,0,0.0,Idle,Idle,4.884981e-12
E4,il1,dial,tilt.*=1,s[care]=0.5,3,CONVERGED,CONVERGED,728,728,-,-,46,46,0.004307874922071277,0.004307875,0.0,0.0,0,0.0,0,0.0,Idle,Idle,4.996004e-12
E4,il1,dial,tilt.*=1,JB(2),3,CONVERGED,CONVERGED,765,765,-,-,60,60,0.0021938567222982977,0.002193857,0.0,0.0,0,0.0,2,2.0,Idle,Idle,5.329071e-12
E4,il1,dial,tilt.*=1,JA(0.5),3,CONVERGED,CONVERGED,518,518,-,-,0,0,0.5714285714285715,0.5714286,0.0,0.0,0,0.0,2,2.0,Idle,Idle,4.32987e-12
E4,il1,dial,tilt.*=1,JB(0.5),3,CONVERGED,CONVERGED,825,825,-,-,64,64,0.0,0.0,0.0,0.0,0,0.0,0,0.0,Idle,Idle,5.107026e-12
E4,il1,dial,tilt.*=1,N(2),3,CONVERGED,CONVERGED,760,760,-,-,0,1,0.5,0.5,0.0,0.0,0,0.0,0,0.0,Idle,Idle,5.107026e-12
E4,il1,dial,tilt.*=1,JA(2),3,CONVERGED,CONVERGED,760,760,-,-,0,1,0.5,0.5,0.0,0.0,0,0.0,0,0.0,Idle,Idle,5.107026e-12
E4,il1,dial,tilt.*=1,N(0.5),3,CONVERGED,CONVERGED,518,518,-,-,0,0,0.5714285714285715,0.5714286,0.0,0.0,0,0.0,2,2.0,Idle,Idle,4.32987e-12
E4,il1,dial,tilt.*=1,RC(2),3,CONVERGED,CONVERGED,652,652,-,-,37,37,0.15497996571614556,0.15498,0.0,0.0,0,0.0,0,0.0,Idle,Idle,4.773959e-12
E4,il1,dial,tilt.*=1,x*/2,3,CONVERGED,CONVERGED,784,784,-,-,58,58,0.0014843170995316886,0.001484317,0.0,0.0,0,0.0,2,2.0,Idle,Idle,4.996004e-12
E4,il1,dial,tilt.*=1,land.mach=0.8@genesis,3,CONVERGED,CONVERGED,0,0,-,-,0,0,1.0000000000000002,1.0,0.0,0.0,0,0.0,0,0.0,Idle,Idle,4.440892e-13
E4,il1,dial,tilt.*=1,RC(0.5),3,CONVERGED,CONVERGED,650,650,-,-,0,0,0.5124973964842103,0.5124974,0.0,0.0,0,0.0,8,8.0,Idle,Idle,4.218847e-12
E4,il1,dial,tilt.*=1,b.food=1.2@genesis,3,CONVERGED,CONVERGED,0,0,-,-,0,0,1.0000000000000002,1.0,0.0,0.0,0,0.0,0,0.0,Idle,Idle,4.440892e-13
E4,il1,dial,tilt.*=1,inst.land=1040@genesis,3,VACUOUS,VACUOUS,0,0,-,-,0,0,1.0,1.0,0.0,0.0,0,0.0,0,0.0,Idle,Idle,6.661338e-13
E4,il1,dial,tilt.*=1,b.food=0.3@genesis,3,CONVERGED,CONVERGED,0,0,-,-,0,0,1.0,1.0,0.0,0.0,0,0.0,0,0.0,Idle,Idle,2.220446e-13
E4,il1,dial,tilt.*=1,land.mach=0.2@genesis,3,CONVERGED,CONVERGED,0,0,-,-,0,0,1.0,1.0,0.0,0.0,0,0.0,0,0.0,Idle,Idle,6.661338e-13
E4,il1,dial,tilt.*=1,inst.land=260@genesis,3,CONVERGED,CONVERGED,698,698,-,-,0,0,0.6800596400672215,0.6800596,0.02536590939198293,0.02536591,0,0.0,1,1.0,Enclosed,Enclosed,1.254552e-11
E4,il1,dial,tilt.*=1,land.mach=0.2@dated,3,CONVERGED,CONVERGED,0,0,-,-,0,0,1.0,1.0,0.0,0.0,0,0.0,0,0.0,Idle,Idle,6.661338e-13
E4,il1,dial,tilt.*=1,land.mach=0.8@dated,3,CONVERGED,CONVERGED,0,0,-,-,0,0,1.0000000000000002,1.0,0.0,0.0,0,0.0,0,0.0,Idle,Idle,4.440892e-13
E4,il1,dial,tilt.*=1,b.food=0.3@dated,3,CONVERGED,CONVERGED,0,0,-,-,0,0,1.0,1.0,0.0,0.0,0,0.0,0,0.0,Idle,Idle,2.220446e-13
E4,il1,dial,tilt.*=1,inst.land=1040@dated,3,VACUOUS,VACUOUS,0,0,-,-,0,0,1.0,1.0,0.0,0.0,0,0.0,0,0.0,Idle,Idle,6.661338e-13
E4,il1,dial,tilt.*=1,b.food=1.2@dated,3,CONVERGED,CONVERGED,0,0,-,-,0,0,1.0000000000000002,1.0,0.0,0.0,0,0.0,0,0.0,Idle,Idle,4.440892e-13
E4,il1,dial,tilt.*=1,inst.land=260@dated,3,CONVERGED,CONVERGED,701,701,-,-,0,0,0.5624863205225323,0.5624863,0.025365909391982872,0.02536591,0,0.0,1,1.0,Enclosed,Enclosed,1.099121e-11
E3,ct2,10L,-,p[land]*0.5,3,CONVERGED,CONVERGED,647,647,-,-,18,18,0.4002669529906835,0.400267,0.0,0.0,0,0.0,0,0.0,Commons,Commons,4.440892e-12
E3,ct2,10L,-,p[care]*2,3,CONVERGED,CONVERGED,485,485,-,-,0,0,0.6823117806035578,0.6823118,0.0,0.0,0,0.0,0,0.0,Commons,Commons,4.662937e-12
E3,ct2,10L,-,p[food]*2,3,CONVERGED,CONVERGED,498,498,-,-,30,30,0.12251193743923519,0.1225119,0.0,0.0,0,0.0,2,2.0,Commons,Commons,5.77316e-12
E3,ct2,10L,-,p[shelter]*2,3,CONVERGED,CONVERGED,552,552,-,-,0,0,0.5172940344571002,0.517294,0.0,0.0,0,0.0,0,0.0,Commons,Commons,7.105427e-12
E3,ct2,10L,-,p[land]*2,3,CONVERGED,CONVERGED,588,588,-,-,123,123,0.04079014231230955,0.04079014,0.0,0.0,0,0.0,2,2.0,Commons,Commons,1.998401e-12
E3,ct2,10L,-,p[labour]*2,3,CONVERGED,CONVERGED,353,353,-,-,0,0,0.6552593359210113,0.6552593,0.0,0.0,0,0.0,0,0.0,Commons,Commons,4.218847e-12
E3,ct2,10L,-,p[food]*0.5,3,CONVERGED,CONVERGED,535,535,-,-,28,28,0.4445055037212938,0.4445055,0.0,0.0,0,0.0,0,0.0,Commons,Commons,3.996803e-12
E3,ct2,10L,-,p[manufactures]*2,3,CONVERGED,CONVERGED,340,340,-,-,0,0,0.8237649926188737,0.823765,0.0,0.0,0,0.0,0,0.0,Commons,Commons,2.442491e-12
E3,ct2,10L,-,p[shelter]*0.5,3,CONVERGED,CONVERGED,528,528,-,-,35,35,0.22366531162841355,0.2236653,0.0,0.0,0,0.0,0,0.0,Commons,Commons,2.664535e-12
E3,ct2,10L,-,p[manufactures]*0.5,3,CONVERGED,CONVERGED,545,545,-,-,32,32,0.36472115864005633,0.3647212,0.0,0.0,0,0.0,0,0.0,Commons,Commons,6.217249e-12
E3,ct2,10L,-,p[care]*0.5,3,CONVERGED,CONVERGED,543,543,-,-,32,32,0.3617087146385479,0.3617087,0.0,0.0,0,0.0,0,0.0,Commons,Commons,5.995204e-12
E3,ct2,10L,-,p[labour]*0.5,3,CONVERGED,CONVERGED,534,534,-,-,70,70,0.0,0.0,0.0,0.0,0,0.0,2,2.0,Commons,Commons,3.996803e-12
E3,ct2,10L,-,s[care]*2,3,CONVERGED,CONVERGED,138,138,-,-,0,0,0.9999999999999981,1.0,0.0,0.0,0,0.0,0,0.0,Commons,Commons,2.220446e-12
E3,ct2,10L,-,p[mach]*2,3,CONVERGED,CONVERGED,513,513,-,-,37,38,0.24876023673462933,0.2487602,0.0,0.0,0,0.0,0,0.0,Commons,Commons,4.440892e-12
E3,ct2,10L,-,s[manufactures]*2,3,CONVERGED,CONVERGED,138,138,-,-,0,0,0.9999999999999981,1.0,0.0,0.0,0,0.0,0,0.0,Commons,Commons,2.220446e-12
E3,ct2,10L,-,p[mach]*0.5,3,CONVERGED,CONVERGED,618,618,-,-,149,149,0.03982729336231367,0.03982729,0.0,0.0,0,0.0,2,2.0,Commons,Commons,3.330669e-12
E3,ct2,10L,-,s[shelter]*2,3,CONVERGED,CONVERGED,464,464,-,-,1,1,0.5040475279609965,0.5040475,0.0,0.0,0,0.0,0,0.0,Commons,Commons,6.661338e-12
E3,ct2,10L,-,s[food]*0.5,3,CONVERGED,CONVERGED,301,301,-,-,0,0,0.9611046326110585,0.9611046,0.0,0.0,0,0.0,0,0.0,Commons,Commons,5.107026e-12
E3,ct2,10L,-,s[care]*0.5,3,CONVERGED,CONVERGED,326,326,-,-,0,0,0.7977511982305214,0.7977512,0.0,0.0,0,0.0,0,0.0,Commons,Commons,3.552714e-12
E3,ct2,10L,-,s[food]*2,3,CONVERGED,CONVERGED,500,500,-,-,14,14,0.0,0.0,0.0,0.0,0,0.0,2,2.0,Commons,Commons,2.109424e-12
E3,ct2,10L,-,s[shelter]*0.5,3,CONVERGED,CONVERGED,122,122,-,-,0,0,0.9938227775752061,0.9938228,0.0,0.0,0,0.0,0,0.0,Commons,Commons,2.88658e-12
E3,ct2,10L,-,s[manufactures]*0.5,3,CONVERGED,CONVERGED,124,124,-,-,0,0,0.9999999999999981,1.0,0.0,0.0,0,0.0,0,0.0,Commons,Commons,2.220446e-12
E3,ct2,10L,-,JA(2),3,CONVERGED,CONVERGED,509,509,-,-,21,21,0.0,0.0,0.0,0.0,0,0.0,0,0.0,Commons,Commons,3.552714e-12
E3,ct2,10L,-,JA(0.5),3,CONVERGED,CONVERGED,624,624,-,-,150,150,0.03063317487620026,0.03063317,0.0,0.0,0,0.0,2,2.0,Commons,Commons,3.330669e-12
E3,ct2,10L,-,JB(2),3,CONVERGED,CONVERGED,607,607,-,-,151,151,0.04554530146075141,0.0455453,0.0,0.0,0,0.0,2,2.0,Commons,Commons,3.552714e-12
E3,ct2,10L,-,N(2),3,CONVERGED,CONVERGED,420,420,-,-,32,32,0.4226418616214253,0.4226419,0.0,0.0,0,0.0,0,0.0,Commons,Commons,2.442491e-12
E3,ct2,10L,-,N(0.5),3,CONVERGED,CONVERGED,537,537,-,-,33,33,0.3920687575685113,0.3920688,0.0,0.0,0,0.0,0,0.0,Commons,Commons,2.442491e-12
E3,ct2,10L,-,x*/2,3,CONVERGED,CONVERGED,512,512,-,-,41,41,0.0,0.0,0.0,0.0,0,0.0,0,0.0,Commons,Commons,3.996803e-12
E3,ct2,10L,-,RC(0.5),3,CONVERGED,CONVERGED,599,599,-,-,125,125,0.09177249371247821,0.09177249,0.0,0.0,0,0.0,2,2.0,Commons,Commons,3.108624e-12
E3,ct2,10L,-,RC(2),3,CONVERGED,CONVERGED,522,522,-,-,51,51,0.15927663971724218,0.1592766,0.0,0.0,0,0.0,2,2.0,Commons,Commons,4.440892e-12
E3,ct2,10L,-,land.mach=0.8@genesis,3,CONVERGED,CONVERGED,570,570,-,-,125,125,0.02480224004139977,0.02480224,0.0,0.0,0,0.0,2,2.0,Commons,Commons,2.88658e-12
E3,ct2,10L,-,JB(0.5),3,CONVERGED,CONVERGED,531,531,-,-,67,67,0.0,0.0,0.0,0.0,0,0.0,0,0.0,Commons,Commons,3.996803e-12
E3,ct2,10L,-,land.mach=0.2@genesis,3,CONVERGED,CONVERGED,480,480,-,-,0,0,0.5641513693956,0.5641514,0.0,0.0,0,0.0,2,2.0,Commons,Commons,7.482903e-11
E3,ct2,10L,-,exit.To=39@genesis,3,VACUOUS,VACUOUS,0,0,-,-,0,0,0.9999999999999981,1.0,0.0,0.0,0,0.0,0,0.0,Commons,Commons,5.551115e-13
E3,ct2,10L,-,b.food=0.3@genesis,3,CONVERGED,CONVERGED,491,491,-,-,23,23,0.34839921068896595,0.3483992,0.0,0.0,0,0.0,0,0.0,Commons,Commons,5.551115e-12
E3,ct2,10L,-,exit.To=9.75@genesis,3,CONVERGED,CONVERGED,449,449,-,-,0,0,0.9816491613580466,0.9786208,2.121182752908694,2.121183,0,0.0,1,1.0,Enclosed,Enclosed,4.662937e-12
E3,ct2,10L,-,b.food=1.2@genesis,3,CONVERGED,CONVERGED,3357,3357,-,-,107,107,0.20972801135767047,0.209728,0.02181926647041666,0.02182125,0,0.0,1,1.0,Crowded,Crowded,1.698641e-11
E3,ct2,10L,-,land.mach=0.8@dated,3,CONVERGED,CONVERGED,569,569,-,-,124,124,0.023887388569435605,0.02388739,0.0,0.0,0,0.0,2,2.0,Commons,Commons,3.108624e-12
E3,ct2,10L,-,land.mach=0.2@dated,3,CONVERGED,CONVERGED,480,480,-,-,0,0,0.5641513693955993,0.5641514,0.0,0.0,0,0.0,2,2.0,Commons,Commons,8.282264e-11
E3,ct2,10L,-,exit.To=9.75@dated,3,CONVERGED,CONVERGED,449,449,-,-,0,0,0.9816491613580443,0.9786208,2.1211827529086986,2.121183,0,0.0,1,1.0,Enclosed,Enclosed,4.662937e-12
E3,ct2,10L,-,b.food=0.3@dated,3,CONVERGED,CONVERGED,491,491,-,-,23,23,0.3475329868969967,0.347533,0.0,0.0,0,0.0,0,0.0,Commons,Commons,3.330669e-12
E3,ct2,10L,-,exit.To=39@dated,3,VACUOUS,VACUOUS,0,0,-,-,0,0,0.9999999999999992,1.0,0.0,0.0,0,0.0,0,0.0,Commons,Commons,5.551115e-13
E3,ct2,10L,-,b.food=1.2@dated,3,CONVERGED,CONVERGED,2946,2946,-,-,106,106,0.2155931218254228,0.2155931,0.02181926662489674,0.02182125,0,0.0,1,1.0,Crowded,Crowded,1.465494e-11
E3,ct2,tier3s10L,-,stock.manufactures*0.5,3S,CONVERGED,CONVERGED,301,301,-,-,0,0,0.49999999999999994,0.5,0.0,0.0,0,0.0,0,0.0,Commons,Commons,5.77316e-12
E3,ct2,tier3s10L,-,stock.manufactures*2,3S,CONVERGED,CONVERGED,341,341,-,-,0,0,0.9339630858169482,0.9339631,0.0,0.0,0,0.0,0,0.0,Commons,Commons,4.662937e-12
E3,ct2,tier3s10L,-,stock.food*0.5,3S,CONVERGED,CONVERGED,314,314,-,-,0,0,0.5000000000000001,0.5,0.0,0.0,0,0.0,0,0.0,Commons,Commons,2.220446e-12
E3,ct2,tier3s10L,-,stock.food*2,3S,CONVERGED,CONVERGED,313,313,-,-,0,0,0.9369732330103728,0.9369732,0.0,0.0,0,0.0,0,0.0,Commons,Commons,1.554312e-12
E3,ct2,tier3s10L,-,stock.care*0.5,3S,CONVERGED,CONVERGED,282,282,-,-,0,0,0.5000000000000001,0.5,0.0,0.0,0,0.0,0,0.0,Commons,Commons,7.993606e-12
E3,ct2,tier3s10L,-,stock.care*2,3S,CONVERGED,CONVERGED,293,293,-,-,0,0,0.9326001554202655,0.9326002,0.0,0.0,0,0.0,0,0.0,Commons,Commons,5.107026e-12
E3,ct2,tier3s10L,-,stock.shelter*0.5,3S,CONVERGED,CONVERGED,320,320,-,-,0,0,0.5000000000000001,0.5,0.0,0.0,0,0.0,0,0.0,Commons,Commons,3.108624e-12
E3,ct2,tier3s10L,-,stock.shelter*2,3S,CONVERGED,CONVERGED,312,312,-,-,0,0,0.913731566974421,0.9137316,0.0,0.0,0,0.0,0,0.0,Commons,Commons,3.330669e-12
E3,ct2,tier3s10L,-,stock.mach*2,3S,CONVERGED,CONVERGED,345,345,-,-,0,0,0.8499087022356769,0.8499087,0.0,0.0,0,0.0,0,0.0,Commons,Commons,4.440892e-12
E3,ct2,tier3s10L,-,stock.mach*0.5,3S,CONVERGED,CONVERGED,324,324,-,-,2,2,0.285714285714286,0.2857143,0.0,0.0,0,0.0,0,0.0,Commons,Commons,3.885781e-12
E3,ct2,tier3s10L,-,coin.desk.manufactures*2,3S,CONVERGED,CONVERGED,479,479,-,-,0,0,0.6072993678783272,0.6072994,0.0,0.0,0,0.0,0,0.0,Commons,Commons,4.662937e-12
E3,ct2,tier3s10L,-,coin.desk.manufactures*0.5,3S,CONVERGED,CONVERGED,479,479,-,-,0,0,0.5000000000000003,0.5,0.0,0.0,0,0.0,0,0.0,Commons,Commons,3.774758e-12
E3,ct2,tier3s10L,-,coin.desk.food*0.5,3S,CONVERGED,CONVERGED,353,353,-,-,0,1,0.5000000000000006,0.5,0.0,0.0,0,0.0,0,0.0,Commons,Commons,3.996803e-12
E3,ct2,tier3s10L,-,coin.desk.food*2,3S,CONVERGED,CONVERGED,514,514,-,-,24,24,0.39466230746798586,0.3946623,0.0,0.0,0,0.0,0,0.0,Commons,Commons,3.774758e-12
E3,ct2,tier3s10L,-,coin.desk.care*0.5,3S,CONVERGED,CONVERGED,344,344,-,-,0,0,0.5000000000000003,0.5,0.0,0.0,0,0.0,0,0.0,Commons,Commons,2.442491e-12
E3,ct2,tier3s10L,-,coin.desk.shelter*0.5,3S,CONVERGED,CONVERGED,383,383,-,-,0,1,0.5000000000000003,0.5,0.0,0.0,0,0.0,0,0.0,Commons,Commons,5.77316e-12
E3,ct2,tier3s10L,-,coin.desk.care*2,3S,CONVERGED,CONVERGED,331,331,-,-,0,0,0.6184366639414853,0.6184367,0.0,0.0,0,0.0,0,0.0,Commons,Commons,3.774758e-12
E3,ct2,tier3s10L,-,coin.desk.shelter*2,3S,CONVERGED,CONVERGED,539,539,-,-,23,23,0.3927908002974883,0.3927908,0.0,0.0,0,0.0,0,0.0,Commons,Commons,2.664535e-12
E3,ct2,tier3s10L,-,coin.desk.mach*2,3S,CONVERGED,CONVERGED,543,543,-,-,0,0,0.5714285714285717,0.5714286,0.0,0.0,0,0.0,0,0.0,Commons,Commons,4.440892e-12
E3,ct2,tier3s10L,-,coin.desk.mach*0.5,3S,CONVERGED,CONVERGED,523,523,-,-,46,46,0.32662650731194787,0.3266265,0.0,0.0,0,0.0,2,2.0,Commons,Commons,2.220446e-12
E3,ct2,tier3s10L,-,coin.workers*0.5,3S,CONVERGED,CONVERGED,219,219,-,-,0,0,0.6373780349930068,0.637378,0.0,0.0,0,0.0,0,0.0,Commons,Commons,4.218847e-12
E3,ct2,tier3s10L,-,coin.provider*0.5,3S,CONVERGED,CONVERGED,200,200,-,-,0,0,0.785263826628418,0.7852638,0.0,0.0,0,0.0,0,0.0,Commons,Commons,5.107026e-12
E3,ct2,tier3s10L,-,coin.workers*2,3S,CONVERGED,CONVERGED,516,516,-,-,0,0,0.5440172292870064,0.5440172,0.0,0.0,0,0.0,0,0.0,Commons,Commons,4.884981e-12
E3,ct2,tier3s10L,-,coin.provider*2,3S,CONVERGED,CONVERGED,499,499,-,-,0,0,0.6834387223500314,0.6834387,0.0,0.0,0,0.0,0,0.0,Commons,Commons,5.329071e-12
E5,ct2,tpy365,-,p[labour]*1.05,1,CONVERGED,CONVERGED,2063,2063,-,-,0,0,0.9142255404115021,0.9142255,0.0,0.0,0,0.0,0,0.0,Commons,Commons,2.664535e-11
E5,ct2,tpy365,-,p[labour]*0.95,1,CONVERGED,CONVERGED,2190,2190,-,-,0,0,0.7476301863942781,0.7476302,0.0,0.0,0,0.0,0,0.0,Commons,Commons,1.64313e-11
E5,ct2,tpy365,-,p[labour]*1.2,2,CONVERGED,CONVERGED,2232,2232,-,-,0,0,0.8518829411451391,0.8518829,0.0,0.0,0,0.0,0,0.0,Commons,Commons,2.620126e-11
E5,ct2,tpy365,-,p[labour]*0.8,2,CONVERGED,CONVERGED,2483,2483,-,-,187,187,0.29254359983173955,0.2925436,0.0,0.0,0,0.0,0,0.0,Commons,Commons,4.263256e-11
E5,ct2,tpy365,-,p[land]*1.05,1,CONVERGED,CONVERGED,2350,2350,-,-,0,0,0.7584464695768592,0.7584465,0.0,0.0,0,0.0,0,0.0,Commons,Commons,3.042011e-11
E5,ct2,tpy365,-,p[land]*0.95,1,CONVERGED,CONVERGED,1937,1937,-,-,0,0,0.9433528988627796,0.9433529,0.0,0.0,0,0.0,0,0.0,Commons,Commons,4.352074e-11
E5,ct2,tpy365,-,p[land]*1.2,2,CONVERGED,CONVERGED,2609,2609,-,-,239,239,0.34854730488809227,0.3485473,0.0,0.0,0,0.0,2,2.0,Commons,Commons,1.754152e-11
E5,ct2,tpy365,-,p[manufactures]*1.05,1,CONVERGED,CONVERGED,885,885,-,-,0,0,0.9884325077855336,0.9884325,0.0,0.0,0,0.0,0,0.0,Commons,Commons,2.620126e-11
E5,ct2,tpy365,-,p[manufactures]*0.95,1,CONVERGED,CONVERGED,1335,1335,-,-,0,0,0.9334710355316563,0.933471,0.0,0.0,0,0.0,0,0.0,Commons,Commons,4.951595e-11
E5,ct2,tpy365,-,p[land]*0.8,2,CONVERGED,CONVERGED,3052,3052,-,-,0,0,0.7678027014368007,0.7678027,0.0,0.0,0,0.0,0,0.0,Commons,Commons,3.863576e-11
E5,ct2,tpy365,-,p[manufactures]*1.2,2,CONVERGED,CONVERGED,1933,1933,-,-,0,0,0.955167446562487,0.9551674,0.0,0.0,0,0.0,0,0.0,Commons,Commons,4.463097e-11
E5,ct2,tpy365,-,p[manufactures]*0.8,2,CONVERGED,CONVERGED,2426,2426,-,-,0,0,0.7367768177912318,0.7367768,0.0,0.0,0,0.0,0,0.0,Commons,Commons,2.642331e-11
E5,ct2,tpy365,-,p[food]*0.95,1,CONVERGED,CONVERGED,1912,1912,-,-,0,0,0.927466711193868,0.9274667,0.0,0.0,0,0.0,0,0.0,Commons,Commons,4.685141e-11
E5,ct2,tpy365,-,p[food]*1.05,1,CONVERGED,CONVERGED,1051,1051,-,-,0,0,0.9242926877857301,0.9242927,0.0,0.0,0,0.0,0,0.0,Commons,Commons,4.374279e-11
E5,ct2,tpy365,-,p[food]*1.2,2,CONVERGED,CONVERGED,2107,2107,-,-,0,0,0.7163056264431449,0.7163056,0.0,0.0,0,0.0,0,0.0,Commons,Commons,3.841372e-11
E5,ct2,tpy365,-,p[food]*0.8,2,CONVERGED,CONVERGED,2291,2291,-,-,0,0,0.7388727825128123,0.7388728,0.0,0.0,0,0.0,0,0.0,Commons,Commons,1.398881e-11
E5,ct2,tpy365,-,p[care]*1.05,1,CONVERGED,CONVERGED,839,839,-,-,0,0,0.9851975882029474,0.9851976,0.0,0.0,0,0.0,0,0.0,Commons,Commons,2.819966e-11
E5,ct2,tpy365,-,p[care]*1.2,2,CONVERGED,CONVERGED,2079,2079,-,-,0,0,0.9192903189484208,0.9192903,0.0,0.0,0,0.0,0,0.0,Commons,Commons,2.708944e-11
E5,ct2,tpy365,-,p[care]*0.95,1,CONVERGED,CONVERGED,1179,1179,-,-,0,0,0.9313870837501499,0.9313871,0.0,0.0,0,0.0,0,0.0,Commons,Commons,2.087219e-11
E5,ct2,tpy365,-,p[care]*0.8,2,CONVERGED,CONVERGED,2374,2374,-,-,0,0,0.7327664794000801,0.7327665,0.0,0.0,0,0.0,0,0.0,Commons,Commons,3.308465e-11
E5,ct2,tpy365,-,p[shelter]*1.05,1,CONVERGED,CONVERGED,1365,1365,-,-,0,0,0.9684158307935044,0.9684158,0.0,0.0,0,0.0,0,0.0,Commons,Commons,3.796963e-11
E5,ct2,tpy365,-,p[shelter]*0.8,2,CONVERGED,CONVERGED,2341,2341,-,-,0,0,0.5902628366517686,0.5902628,0.0,0.0,0,0.0,0,0.0,Commons,Commons,2.842171e-11
E5,ct2,tpy365,-,p[shelter]*0.95,1,CONVERGED,CONVERGED,2020,2020,-,-,0,0,0.9049369451091603,0.9049369,0.0,0.0,0,0.0,0,0.0,Commons,Commons,3.28626e-11
E5,ct2,tpy365,-,p[shelter]*1.2,2,CONVERGED,CONVERGED,2463,2463,-,-,0,0,0.890169822717316,0.8901698,0.0,0.0,0,0.0,0,0.0,Commons,Commons,2.264855e-11
E5,ct2,tpy365,-,p[mach]*1.05,1,CONVERGED,CONVERGED,2063,2063,-,-,0,0,0.8347130746550341,0.8347131,0.0,0.0,0,0.0,0,0.0,Commons,Commons,3.552714e-11
E5,ct2,tpy365,-,p[mach]*0.95,1,CONVERGED,CONVERGED,2381,2381,-,-,0,0,0.7240427221178952,0.7240427,0.0,0.0,0,0.0,0,0.0,Commons,Commons,2.531308e-11
E5,ct2,tpy365,-,s[manufactures]*1.05,1,CONVERGED,CONVERGED,549,549,-,-,0,0,0.9999999999999972,1.0,0.0,0.0,0,0.0,0,0.0,Commons,Commons,1.532108e-11
E5,ct2,tpy365,-,p[mach]*1.2,2,CONVERGED,CONVERGED,2297,2297,-,-,0,0,0.548361255037914,0.5483613,0.0,0.0,0,0.0,0,0.0,Commons,Commons,2.642331e-11
E5,ct2,tpy365,-,p[mach]*0.8,2,CONVERGED,CONVERGED,2715,2715,-,-,482,482,0.2891970487899908,0.289197,0.0,0.0,0,0.0,2,2.0,Commons,Commons,4.685141e-11
E5,ct2,tpy365,-,s[manufactures]*0.95,1,CONVERGED,CONVERGED,549,549,-,-,0,0,0.9999999999999972,1.0,0.0,0.0,0,0.0,0,0.0,Commons,Commons,1.54321e-11
E5,ct2,tpy365,-,s[manufactures]*1.2,2,CONVERGED,CONVERGED,743,743,-,-,0,0,0.9999999999999972,1.0,0.0,0.0,0,0.0,0,0.0,Commons,Commons,1.532108e-11
E5,ct2,tpy365,-,s[manufactures]*0.8,2,CONVERGED,CONVERGED,743,743,-,-,0,0,0.9999999999999972,1.0,0.0,0.0,0,0.0,0,0.0,Commons,Commons,1.54321e-11
E5,ct2,tpy365,-,s[care]*1.05,1,CONVERGED,CONVERGED,549,549,-,-,0,0,0.9999999999999972,1.0,0.0,0.0,0,0.0,0,0.0,Commons,Commons,1.532108e-11
E5,ct2,tpy365,-,s[food]*1.05,1,CONVERGED,CONVERGED,2000,2000,-,-,0,0,0.791881847579927,0.7918818,0.0,0.0,0,0.0,0,0.0,Commons,Commons,4.352074e-11
E5,ct2,tpy365,-,s[food]*0.95,1,CONVERGED,CONVERGED,2022,2022,-,-,0,0,0.9270470104269833,0.927047,0.0,0.0,0,0.0,0,0.0,Commons,Commons,1.931788e-11
E5,ct2,tpy365,-,s[food]*0.8,2,CONVERGED,CONVERGED,1201,1201,-,-,0,0,0.9680562899966747,0.9680563,0.0,0.0,0,0.0,0,0.0,Commons,Commons,4.352074e-11
E5,ct2,tpy365,-,s[food]*1.2,2,CONVERGED,CONVERGED,2146,2146,-,-,14,14,0.4263786398370756,0.4263786,0.0,0.0,0,0.0,0,0.0,Commons,Commons,1.798561e-11
E5,ct2,tpy365,-,s[care]*1.2,2,CONVERGED,CONVERGED,743,743,-,-,0,0,0.9999999999999972,1.0,0.0,0.0,0,0.0,0,0.0,Commons,Commons,1.532108e-11
E5,ct2,tpy365,-,s[care]*0.95,1,CONVERGED,CONVERGED,908,908,-,-,0,0,0.977623169353158,0.9776232,0.0,0.0,0,0.0,0,0.0,Commons,Commons,2.109424e-11
E5,ct2,tpy365,-,s[shelter]*1.05,1,CONVERGED,CONVERGED,873,873,-,-,0,0,0.9494109369891857,0.9494109,0.0,0.0,0,0.0,0,0.0,Commons,Commons,3.530509e-11
E5,ct2,tpy365,-,s[care]*0.8,2,CONVERGED,CONVERGED,2045,2045,-,-,0,0,0.896596047332815,0.896596,0.0,0.0,0,0.0,0,0.0,Commons,Commons,4.285461e-11
E5,ct2,tpy365,-,s[shelter]*0.95,1,CONVERGED,CONVERGED,772,772,-,-,0,0,0.9914542748536999,0.9914543,0.0,0.0,0,0.0,0,0.0,Commons,Commons,2.131628e-11
E5,ct2,tpy365,-,s[shelter]*0.8,2,CONVERGED,CONVERGED,757,757,-,-,0,0,0.9914542748536999,0.9914543,0.0,0.0,0,0.0,0,0.0,Commons,Commons,1.976197e-11
E5,ct2,tpy365,-,s[shelter]*1.2,2,CONVERGED,CONVERGED,1980,1980,-,-,0,0,0.8177690301521033,0.817769,0.0,0.0,0,0.0,0,0.0,Commons,Commons,4.32987e-11
E5,ct2,tpy365,-,JA(0.95),1,CONVERGED,CONVERGED,2398,2398,-,-,0,0,0.6168248461407364,0.6168248,0.0,0.0,0,0.0,0,0.0,Commons,Commons,1.931788e-11
E5,ct2,tpy365,-,JA(1.2),2,CONVERGED,CONVERGED,2233,2233,-,-,16,16,0.3619863248560516,0.3619863,0.0,0.0,0,0.0,0,0.0,Commons,Commons,2.176037e-11
E5,ct2,tpy365,-,JA(1.05),1,CONVERGED,CONVERGED,2024,2024,-,-,0,0,0.7506446444996958,0.7506446,0.0,0.0,0,0.0,0,0.0,Commons,Commons,2.997602e-11
E5,ct2,tpy365,-,JB(1.05),1,CONVERGED,CONVERGED,2377,2377,-,-,0,0,0.7776084346782509,0.7776084,0.0,0.0,0,0.0,0,0.0,Commons,Commons,3.241851e-11
E5,ct2,tpy365,-,JA(0.8),2,CONVERGED,CONVERGED,3473,3473,-,-,524,524,0.20398484477697976,0.2039848,0.0,0.0,0,0.0,2,2.0,Commons,Commons,5.528911e-11
E5,ct2,tpy365,-,JB(0.95),1,CONVERGED,CONVERGED,2199,2199,-,-,0,0,0.6527287866566743,0.6527288,0.0,0.0,0,0.0,0,0.0,Commons,Commons,1.44329e-11
E5,ct2,tpy365,-,JB(1.2),2,CONVERGED,CONVERGED,2659,2659,-,-,235,235,0.38906383677025763,0.3890638,0.0,0.0,0,0.0,2,2.0,Commons,Commons,3.552714e-11
E5,ct2,tpy365,-,JB(0.8),2,CONVERGED,CONVERGED,3163,3163,-,-,148,148,0.20930937159620902,0.2093094,0.0,0.0,0,0.0,0,0.0,Commons,Commons,4.862777e-11
E5,ct2,tpy365,-,N(1.05),1,CONVERGED,CONVERGED,1438,1438,-,-,0,0,0.9330902353886749,0.9330902,0.0,0.0,0,0.0,0,0.0,Commons,Commons,2.664535e-11
E5,ct2,tpy365,-,N(0.95),1,CONVERGED,CONVERGED,2071,2071,-,-,0,0,0.9364758107766846,0.9364758,0.0,0.0,0,0.0,0,0.0,Commons,Commons,1.931788e-11
E5,ct2,tpy365,-,N(0.8),2,CONVERGED,CONVERGED,2393,2393,-,-,0,0,0.7119202485925185,0.7119202,0.0,0.0,0,0.0,0,0.0,Commons,Commons,4.374279e-11
E5,ct2,tpy365,-,N(1.2),2,CONVERGED,CONVERGED,1744,1744,-,-,0,0,0.7788127615164546,0.7788128,0.0,0.0,0,0.0,0,0.0,Commons,Commons,2.975398e-11
E5,ct2,tpy365,-,RC(1.05),1,CONVERGED,CONVERGED,2045,2045,-,-,0,0,0.8668922605301067,0.8668923,0.0,0.0,0,0.0,0,0.0,Commons,Commons,3.907985e-11
E5,ct2,tpy365,-,RC(0.95),1,CONVERGED,CONVERGED,2404,2404,-,-,0,0,0.8567673661793803,0.8567674,0.0,0.0,0,0.0,0,0.0,Commons,Commons,2.375877e-11
E5,ct2,tpy365,-,RC(1.2),2,CONVERGED,CONVERGED,2228,2228,-,-,0,0,0.629124506717968,0.6291245,0.0,0.0,0,0.0,0,0.0,Commons,Commons,2.531308e-11
E5,ct2,tpy365,-,RC(0.8),2,CONVERGED,CONVERGED,2652,2652,-,-,0,0,0.5387856445466639,0.5387856,0.0,0.0,0,0.0,0,0.0,Commons,Commons,3.175238e-11
E5,ct2,tpy365,-,land.mach=0.44@genesis,2,CONVERGED,CONVERGED,2435,2435,-,-,0,0,0.5122115103618001,0.5122115,0.0,0.0,0,0.0,0,0.0,Commons,Commons,2.997602e-11
E5,ct2,tpy365,-,land.mach=0.36@genesis,2,CONVERGED,CONVERGED,1919,1919,-,-,0,0,0.9395915941197825,0.9395916,0.0,0.0,0,0.0,0,0.0,Commons,Commons,3.474998e-11
E5,ct2,tpy365,-,b.food=0.66@genesis,2,CONVERGED,CONVERGED,2303,2303,-,-,0,0,0.8470600717880372,0.8470601,0.0,0.0,0,0.0,0,0.0,Commons,Commons,2.908784e-11
E5,ct2,tpy365,-,b.food=0.54@genesis,2,CONVERGED,CONVERGED,2049,2049,-,-,0,0,0.8292870769828485,0.8292871,0.0,0.0,0,0.0,0,0.0,Commons,Commons,3.93019e-11
E5,ct2,tpy365,-,exit.To=21.45@genesis,2,VACUOUS,VACUOUS,0,0,-,-,0,0,0.9999999999999972,1.0,0.0,0.0,0,0.0,0,0.0,Commons,Commons,7.549517e-12
E5,ct2,tpy365,-,land.mach=0.44@dated,2,CONVERGED,CONVERGED,2434,2434,-,-,0,0,0.5122187627782759,0.5122188,0.0,0.0,0,0.0,0,0.0,Commons,Commons,2.908784e-11
E5,ct2,tpy365,-,land.mach=0.36@dated,2,CONVERGED,CONVERGED,1920,1920,-,-,0,0,0.9395915941197798,0.9395916,0.0,0.0,0,0.0,0,0.0,Commons,Commons,3.330669e-11
E5,ct2,tpy365,-,b.food=0.66@dated,2,CONVERGED,CONVERGED,2301,2301,-,-,0,0,0.848780142895434,0.8487801,0.0,0.0,0,0.0,0,0.0,Commons,Commons,3.819167e-11
E5,ct2,tpy365,-,exit.To=17.55@genesis,2,CONVERGED,CONVERGED,35674,35674,-,-,0,0,0.9943115051664076,0.9943115,1.3433078892285424,1.343313,0,0.0,1,1.0,Crowded,Crowded,1.549871e-10
E5,ct2,tpy365,-,b.food=0.54@dated,2,CONVERGED,CONVERGED,2049,2049,-,-,0,0,0.8292253906824297,0.8292254,0.0,0.0,0,0.0,0,0.0,Commons,Commons,3.93019e-11
E5,ct2,tpy365,-,exit.To=21.45@dated,2,VACUOUS,VACUOUS,0,0,-,-,0,0,0.9999999999999972,1.0,0.0,0.0,0,0.0,0,0.0,Commons,Commons,7.549517e-12
E5,ct2,tpy365,-,exit.To=17.55@dated,2,CONVERGED,CONVERGED,35674,35674,-,-,0,0,0.9943115051664075,0.9943115,1.3433078892285446,1.343313,0,0.0,1,1.0,Crowded,Crowded,1.549871e-10
E3,il1,10L,-,p[labour]*2,3,CONVERGED,CONVERGED,532,532,-,-,0,1,0.5248077507161142,0.5248078,0.0,0.0,0,0.0,0,0.0,Idle,Idle,5.77316e-12
E3,il1,10L,-,p[labour]*0.5,3,CONVERGED,CONVERGED,507,507,-,-,7,7,0.09847348118272588,0.09847348,0.0,0.0,0,0.0,0,0.0,Idle,Idle,5.995204e-12
E3,il1,10L,-,p[manufactures]*2,3,CONVERGED,CONVERGED,400,400,-,-,0,0,0.8706708907537757,0.8706709,0.0,0.0,0,0.0,0,0.0,Idle,Idle,5.107026e-12
E3,il1,10L,-,p[manufactures]*0.5,3,CONVERGED,CONVERGED,456,456,-,-,29,29,0.37328884900926135,0.3732888,0.0,0.0,0,0.0,0,0.0,Idle,Idle,5.440093e-12
E3,il1,10L,-,p[food]*2,3,CONVERGED,CONVERGED,527,527,-,-,2,2,0.4526378434178383,0.4526378,0.0,0.0,0,0.0,0,0.0,Idle,Idle,5.440093e-12
E3,il1,10L,-,p[care]*2,3,CONVERGED,CONVERGED,344,344,-,-,0,0,0.8988875782180185,0.8988876,0.0,0.0,0,0.0,0,0.0,Idle,Idle,5.107026e-12
E3,il1,10L,-,p[care]*0.5,3,CONVERGED,CONVERGED,403,403,-,-,30,30,0.3624336224984789,0.3624336,0.0,0.0,0,0.0,0,0.0,Idle,Idle,4.773959e-12
E3,il1,10L,-,p[food]*0.5,3,CONVERGED,CONVERGED,580,580,-,-,0,0,0.5021650941116376,0.5021651,0.0,0.0,0,0.0,0,0.0,Idle,Idle,5.107026e-12
E3,il1,10L,-,p[shelter]*2,3,CONVERGED,CONVERGED,387,387,-,-,0,0,0.8785828781738869,0.8785829,0.0,0.0,0,0.0,0,0.0,Idle,Idle,5.440093e-12
E3,il1,10L,-,p[mach]*2,3,CONVERGED,CONVERGED,621,621,-,-,38,40,0.4012837719747415,0.4012838,0.0,0.0,0,0.0,0,0.0,Idle,Idle,4.884981e-12
E3,il1,10L,-,p[shelter]*0.5,3,CONVERGED,CONVERGED,443,443,-,-,29,29,0.37017431316446353,0.3701743,0.0,0.0,0,0.0,0,0.0,Idle,Idle,5.440093e-12
E3,il1,10L,-,p[mach]*0.5,3,CONVERGED,CONVERGED,553,553,-,-,16,16,0.43330277220940466,0.4333028,0.0,0.0,0,0.0,2,2.0,Idle,Idle,5.440093e-12
E3,il1,10L,-,p[land]=0.025,3,CONVERGED,CONVERGED,408,408,-,-,4,4,0.2098415713819048,0.2098416,0.0,0.0,4,4.0,1,1.0,Idle,Idle,5.440093e-12
E3,il1,10L,-,s[manufactures]=0.5,3,CONVERGED,CONVERGED,124,124,-,-,0,0,1.0,1.0,0.0,0.0,0,0.0,0,0.0,Idle,Idle,2.220446e-13
E3,il1,10L,-,s[food]=0.5,3,CONVERGED,CONVERGED,624,624,-,-,88,88,0.051700384530688474,0.05170038,0.0,0.0,0,0.0,0,0.0,Idle,Idle,4.996004e-12
E3,il1,10L,-,s[care]=0.5,3,CONVERGED,CONVERGED,632,632,-,-,59,59,0.014032156721956969,0.01403216,0.0,0.0,0,0.0,0,0.0,Idle,Idle,4.773959e-12
E3,il1,10L,-,s[shelter]=0.5,3,CONVERGED,CONVERGED,450,450,-,-,18,18,0.06409978406894426,0.06409978,0.0,0.0,0,0.0,0,0.0,Idle,Idle,5.107026e-12
E3,il1,10L,-,JA(2),3,CONVERGED,CONVERGED,614,614,-,-,0,1,0.5,0.5,0.0,0.0,0,0.0,0,0.0,Idle,Idle,5.107026e-12
E3,il1,10L,-,JB(2),3,CONVERGED,CONVERGED,593,593,-,-,48,49,0.21593061018787993,0.2159306,0.0,0.0,0,0.0,6,6.0,Idle,Idle,5.440093e-12
E3,il1,10L,-,JA(0.5),3,CONVERGED,CONVERGED,526,526,-,-,0,0,0.5391009345223715,0.5391009,0.0,0.0,0,0.0,4,4.0,Idle,Idle,4.884981e-12
E3,il1,10L,-,JB(0.5),3,CONVERGED,CONVERGED,678,678,-,-,83,84,0.19933515387770956,0.1993352,0.0,0.0,0,0.0,0,0.0,Idle,Idle,6.106227e-12
E3,il1,10L,-,N(2),3,CONVERGED,CONVERGED,614,614,-,-,0,1,0.5,0.5,0.0,0.0,0,0.0,0,0.0,Idle,Idle,5.107026e-12
E3,il1,10L,-,N(0.5),3,CONVERGED,CONVERGED,526,526,-,-,0,0,0.5391009345223715,0.5391009,0.0,0.0,0,0.0,4,4.0,Idle,Idle,4.884981e-12
E3,il1,10L,-,RC(2),3,CONVERGED,CONVERGED,544,544,-,-,62,62,0.22282446780037352,0.2228245,0.0,0.0,0,0.0,0,0.0,Idle,Idle,4.884981e-12
E3,il1,10L,-,RC(0.5),3,CONVERGED,CONVERGED,583,583,-,-,26,26,0.4083423253519582,0.4083423,0.0,0.0,0,0.0,0,0.0,Idle,Idle,5.107026e-12
E3,il1,10L,-,x*/2,3,CONVERGED,CONVERGED,667,667,-,-,119,119,0.0031082292672993585,0.003108229,0.0,0.0,0,0.0,0,0.0,Idle,Idle,5.440093e-12
E3,il1,10L,-,land.mach=0.8@genesis,3,CONVERGED,CONVERGED,0,0,-,-,0,0,1.0000000000000002,1.0,0.0,0.0,0,0.0,0,0.0,Idle,Idle,4.440892e-13
E3,il1,10L,-,land.mach=0.2@genesis,3,CONVERGED,CONVERGED,0,0,-,-,0,0,1.0,1.0,0.0,0.0,0,0.0,0,0.0,Idle,Idle,6.661338e-13
E3,il1,10L,-,b.food=1.2@genesis,3,CONVERGED,CONVERGED,0,0,-,-,0,0,1.0000000000000002,1.0,0.0,0.0,0,0.0,0,0.0,Idle,Idle,4.440892e-13
E3,il1,10L,-,b.food=0.3@genesis,3,CONVERGED,CONVERGED,0,0,-,-,0,0,1.0,1.0,0.0,0.0,0,0.0,0,0.0,Idle,Idle,2.220446e-13
E3,il1,10L,-,inst.land=1040@genesis,3,VACUOUS,VACUOUS,0,0,-,-,0,0,1.0,1.0,0.0,0.0,0,0.0,0,0.0,Idle,Idle,6.661338e-13
E3,il1,10L,-,inst.land=260@genesis,3,CONVERGED,CONVERGED,671,671,-,-,0,0,0.6996865246241553,0.6996865,0.02536590939198292,0.02536591,0,0.0,1,1.0,Enclosed,Enclosed,1.398881e-11
E3,il1,10L,-,land.mach=0.8@dated,3,CONVERGED,CONVERGED,0,0,-,-,0,0,1.0000000000000002,1.0,0.0,0.0,0,0.0,0,0.0,Idle,Idle,4.440892e-13
E3,il1,10L,-,land.mach=0.2@dated,3,CONVERGED,CONVERGED,0,0,-,-,0,0,1.0,1.0,0.0,0.0,0,0.0,0,0.0,Idle,Idle,6.661338e-13
E3,il1,10L,-,b.food=1.2@dated,3,CONVERGED,CONVERGED,0,0,-,-,0,0,1.0000000000000002,1.0,0.0,0.0,0,0.0,0,0.0,Idle,Idle,4.440892e-13
E3,il1,10L,-,b.food=0.3@dated,3,CONVERGED,CONVERGED,0,0,-,-,0,0,1.0,1.0,0.0,0.0,0,0.0,0,0.0,Idle,Idle,2.220446e-13
E3,il1,10L,-,inst.land=1040@dated,3,VACUOUS,VACUOUS,0,0,-,-,0,0,1.0,1.0,0.0,0.0,0,0.0,0,0.0,Idle,Idle,6.661338e-13
E3,il1,10L,-,inst.land=260@dated,3,CONVERGED,CONVERGED,672,672,-,-,0,0,0.7000195909427138,0.7000196,0.02536590939198298,0.02536591,0,0.0,1,1.0,Enclosed,Enclosed,1.354472e-11
E3,il1,tier3s10L,-,stock.manufactures*0.5,3S,CONVERGED,CONVERGED,164,164,-,-,0,0,0.5,0.5,0.0,0.0,0,0.0,0,0.0,Idle,Idle,4.884981e-12
E3,il1,tier3s10L,-,stock.manufactures*2,3S,CONVERGED,CONVERGED,234,234,-,-,0,0,0.9360683977026825,0.9360684,0.0,0.0,0,0.0,0,0.0,Idle,Idle,4.996004e-12
E3,il1,tier3s10L,-,stock.food*2,3S,CONVERGED,CONVERGED,307,307,-,-,0,0,0.9597977800318864,0.9597978,0.0,0.0,0,0.0,0,0.0,Idle,Idle,5.662137e-12
E3,il1,tier3s10L,-,stock.food*0.5,3S,CONVERGED,CONVERGED,320,320,-,-,0,0,0.5,0.5,0.0,0.0,0,0.0,0,0.0,Idle,Idle,5.107026e-12
E3,il1,tier3s10L,-,stock.care*0.5,3S,CONVERGED,CONVERGED,158,158,-,-,0,0,0.5,0.5,0.0,0.0,0,0.0,0,0.0,Idle,Idle,5.107026e-12
E3,il1,tier3s10L,-,stock.care*2,3S,CONVERGED,CONVERGED,193,193,-,-,0,0,0.9330550856519486,0.9330551,0.0,0.0,0,0.0,0,0.0,Idle,Idle,5.77316e-12
E3,il1,tier3s10L,-,stock.shelter*0.5,3S,CONVERGED,CONVERGED,157,157,-,-,0,0,0.5,0.5,0.0,0.0,0,0.0,0,0.0,Idle,Idle,5.440093e-12
E3,il1,tier3s10L,-,stock.mach*0.5,3S,CONVERGED,CONVERGED,368,368,-,-,2,2,0.28571428571428575,0.2857143,0.0,0.0,0,0.0,0,0.0,Idle,Idle,5.440093e-12
E3,il1,tier3s10L,-,stock.shelter*2,3S,CONVERGED,CONVERGED,204,204,-,-,0,0,0.9351646731961649,0.9351647,0.0,0.0,0,0.0,0,0.0,Idle,Idle,4.218847e-12
E3,il1,tier3s10L,-,stock.mach*2,3S,CONVERGED,CONVERGED,268,268,-,-,0,0,0.9799133789029575,0.9799134,0.0,0.0,0,0.0,0,0.0,Idle,Idle,5.440093e-12
E3,il1,tier3s10L,-,coin.desk.manufactures*2,3S,CONVERGED,CONVERGED,407,407,-,-,0,0,0.6603677593640117,0.6603678,0.0,0.0,0,0.0,0,0.0,Idle,Idle,5.440093e-12
E3,il1,tier3s10L,-,coin.desk.manufactures*0.5,3S,CONVERGED,CONVERGED,378,378,-,-,0,0,0.5,0.5,0.0,0.0,0,0.0,0,0.0,Idle,Idle,5.440093e-12
E3,il1,tier3s10L,-,coin.desk.food*0.5,3S,CONVERGED,CONVERGED,533,533,-,-,0,1,0.5,0.5,0.0,0.0,0,0.0,0,0.0,Idle,Idle,5.440093e-12
E3,il1,tier3s10L,-,coin.desk.food*2,3S,CONVERGED,CONVERGED,541,541,-,-,0,0,0.5984918259267787,0.5984918,0.0,0.0,0,0.0,0,0.0,Idle,Idle,3.663736e-12
E3,il1,tier3s10L,-,coin.desk.care*0.5,3S,CONVERGED,CONVERGED,323,323,-,-,0,0,0.5,0.5,0.0,0.0,0,0.0,0,0.0,Idle,Idle,4.773959e-12
E3,il1,tier3s10L,-,coin.desk.care*2,3S,CONVERGED,CONVERGED,347,347,-,-,0,0,0.6733404275880579,0.6733404,0.0,0.0,0,0.0,0,0.0,Idle,Idle,4.996004e-12
E3,il1,tier3s10L,-,coin.desk.shelter*0.5,3S,CONVERGED,CONVERGED,365,365,-,-,0,0,0.5,0.5,0.0,0.0,0,0.0,0,0.0,Idle,Idle,5.329071e-12
E3,il1,tier3s10L,-,coin.desk.shelter*2,3S,CONVERGED,CONVERGED,392,392,-,-,0,0,0.6640521499930515,0.6640521,0.0,0.0,0,0.0,0,0.0,Idle,Idle,4.884981e-12
E3,il1,tier3s10L,-,coin.desk.mach*0.5,3S,CONVERGED,CONVERGED,547,547,-,-,0,1,0.5595747243576128,0.5595747,0.0,0.0,0,0.0,0,0.0,Idle,Idle,5.662137e-12
E3,il1,tier3s10L,-,coin.desk.mach*2,3S,CONVERGED,CONVERGED,514,514,-,-,0,0,0.5714285714285715,0.5714286,0.0,0.0,0,0.0,0,0.0,Idle,Idle,3.885781e-12
E3,il1,tier3s10L,-,coin.workers*0.5,3S,CONVERGED,CONVERGED,432,432,-,-,0,1,0.5,0.5,0.0,0.0,0,0.0,0,0.0,Idle,Idle,4.32987e-12
E3,il1,tier3s10L,-,coin.workers*2,3S,CONVERGED,CONVERGED,477,477,-,-,0,0,0.7144087968195343,0.7144088,0.0,0.0,0,0.0,0,0.0,Idle,Idle,5.107026e-12
E5,il1,tpy365,-,p[labour]*0.95,1,CONVERGED,CONVERGED,1555,1555,-,-,0,0,0.9333157026983794,0.9333157,0.0,0.0,0,0.0,0,0.0,Idle,Idle,4.041212e-11
E5,il1,tpy365,-,p[labour]*1.05,1,CONVERGED,CONVERGED,1949,1949,-,-,0,0,0.9531372883974641,0.9531373,0.0,0.0,0,0.0,0,0.0,Idle,Idle,4.063416e-11
E5,il1,tpy365,-,p[labour]*1.2,2,CONVERGED,CONVERGED,2768,2768,-,-,0,0,0.8355536229795194,0.8355536,0.0,0.0,0,0.0,0,0.0,Idle,Idle,4.185541e-11
E5,il1,tpy365,-,p[manufactures]*1.05,1,CONVERGED,CONVERGED,962,962,-,-,0,0,0.9931225522972584,0.9931226,0.0,0.0,0,0.0,0,0.0,Idle,Idle,4.207745e-11
E5,il1,tpy365,-,p[manufactures]*0.95,1,CONVERGED,CONVERGED,1263,1263,-,-,0,0,0.93602266063232,0.9360227,0.0,0.0,0,0.0,0,0.0,Idle,Idle,4.185541e-11
E5,il1,tpy365,-,p[labour]*0.8,2,CONVERGED,CONVERGED,2556,2556,-,-,0,0,0.7014975279057323,0.7014975,0.0,0.0,0,0.0,0,0.0,Idle,Idle,4.285461e-11
E5,il1,tpy365,-,p[manufactures]*1.2,2,CONVERGED,CONVERGED,1682,1682,-,-,0,0,0.9730463266261112,0.9730463,0.0,0.0,0,0.0,0,0.0,Idle,Idle,4.207745e-11
E5,il1,tpy365,-,p[food]*1.05,1,CONVERGED,CONVERGED,1880,1880,-,-,0,0,0.9573926186227196,0.9573926,0.0,0.0,0,0.0,0,0.0,Idle,Idle,4.13003e-11
E5,il1,tpy365,-,p[food]*0.95,1,CONVERGED,CONVERGED,2025,2025,-,-,0,0,0.9585658141585355,0.9585658,0.0,0.0,0,0.0,0,0.0,Idle,Idle,4.13003e-11
E5,il1,tpy365,-,p[manufactures]*0.8,2,CONVERGED,CONVERGED,2139,2139,-,-,0,0,0.743924451485627,0.7439245,0.0,0.0,0,0.0,0,0.0,Idle,Idle,4.185541e-11
E5,il1,tpy365,-,p[food]*1.2,2,CONVERGED,CONVERGED,2708,2708,-,-,0,0,0.8459655343632505,0.8459655,0.0,0.0,0,0.0,0,0.0,Idle,Idle,3.852474e-11
E5,il1,tpy365,-,p[care]*0.95,1,CONVERGED,CONVERGED,1246,1246,-,-,0,0,0.9329481039058696,0.9329481,0.0,0.0,0,0.0,0,0.0,Idle,Idle,4.074519e-11
E5,il1,tpy365,-,p[care]*1.05,1,CONVERGED,CONVERGED,937,937,-,-,0,0,0.9953029821664078,0.995303,0.0,0.0,0,0.0,0,0.0,Idle,Idle,4.041212e-11
E5,il1,tpy365,-,p[food]*0.8,2,CONVERGED,CONVERGED,2990,2990,-,-,0,0,0.821794461599803,0.8217945,0.0,0.0,0,0.0,0,0.0,Idle,Idle,4.218847e-11
E5,il1,tpy365,-,p[care]*0.8,2,CONVERGED,CONVERGED,1769,1769,-,-,0,0,0.7349292319305376,0.7349292,0.0,0.0,0,0.0,0,0.0,Idle,Idle,4.096723e-11
E5,il1,tpy365,-,p[care]*1.2,2,CONVERGED,CONVERGED,1360,1360,-,-,0,0,0.9825475962449609,0.9825476,0.0,0.0,0,0.0,0,0.0,Idle,Idle,4.340972e-11
E5,il1,tpy365,-,p[shelter]*1.05,1,CONVERGED,CONVERGED,954,954,-,-,0,0,0.9941101103398159,0.9941101,0.0,0.0,0,0.0,0,0.0,Idle,Idle,4.096723e-11
E5,il1,tpy365,-,p[shelter]*0.95,1,CONVERGED,CONVERGED,1253,1253,-,-,0,0,0.9351072581796243,0.9351073,0.0,0.0,0,0.0,0,0.0,Idle,Idle,4.207745e-11
E5,il1,tpy365,-,p[shelter]*1.2,2,CONVERGED,CONVERGED,1588,1588,-,-,0,0,0.9768495029783715,0.9768495,0.0,0.0,0,0.0,0,0.0,Idle,Idle,4.207745e-11
E5,il1,tpy365,-,p[shelter]*0.8,2,CONVERGED,CONVERGED,2052,2052,-,-,0,0,0.7412421702246585,0.7412422,0.0,0.0,0,0.0,0,0.0,Idle,Idle,4.13003e-11
E5,il1,tpy365,-,p[mach]*0.95,1,CONVERGED,CONVERGED,1989,1989,-,-,0,0,0.962275242005371,0.9622752,0.0,0.0,0,0.0,0,0.0,Idle,Idle,3.974598e-11
E5,il1,tpy365,-,p[mach]*1.05,1,CONVERGED,CONVERGED,2524,2524,-,-,0,0,0.9396901116551227,0.9396901,0.0,0.0,0,0.0,0,0.0,Idle,Idle,3.974598e-11
E5,il1,tpy365,-,s[manufactures]=0.05,1,CONVERGED,CONVERGED,549,549,-,-,0,0,0.9999999999999998,1.0,0.0,0.0,0,0.0,0,0.0,Idle,Idle,2.220446e-13
E5,il1,tpy365,-,s[manufactures]=0.2,2,CONVERGED,CONVERGED,743,743,-,-,0,0,0.9999999999999998,1.0,0.0,0.0,0,0.0,0,0.0,Idle,Idle,2.220446e-13
E5,il1,tpy365,-,p[mach]*1.2,2,CONVERGED,CONVERGED,3350,3350,-,-,0,0,0.7902385579858293,0.7902386,0.0,0.0,0,0.0,0,0.0,Idle,Idle,4.118927e-11
E5,il1,tpy365,-,p[land]=0.00125,1,CONVERGED,CONVERGED,284,284,-,-,0,0,0.8407984323561004,0.8407984,0.0,0.0,2,2.0,1,1.0,Idle,Idle,4.185541e-11
E5,il1,tpy365,-,p[mach]*0.8,2,CONVERGED,CONVERGED,2870,2870,-,-,0,0,0.8403328951088643,0.8403329,0.0,0.0,0,0.0,0,0.0,Idle,Idle,4.185541e-11
E5,il1,tpy365,-,p[land]=0.005,2,CONVERGED,CONVERGED,1216,1216,-,-,0,0,0.5690875072606028,0.5690875,0.0,0.0,6,6.0,1,1.0,Idle,Idle,4.096723e-11
E5,il1,tpy365,-,s[food]=0.05,1,CONVERGED,CONVERGED,549,549,-,-,0,0,0.9999999999999998,1.0,0.0,0.0,0,0.0,0,0.0,Idle,Idle,2.220446e-13
E5,il1,tpy365,-,s[food]=0.2,2,CONVERGED,CONVERGED,743,743,-,-,0,0,0.9999999999999998,1.0,0.0,0.0,0,0.0,0,0.0,Idle,Idle,2.220446e-13
E5,il1,tpy365,-,s[shelter]=0.2,2,CONVERGED,CONVERGED,743,743,-,-,0,0,0.9999999999999998,1.0,0.0,0.0,0,0.0,0,0.0,Idle,Idle,2.220446e-13
E5,il1,tpy365,-,s[shelter]=0.05,1,CONVERGED,CONVERGED,549,549,-,-,0,0,0.9999999999999998,1.0,0.0,0.0,0,0.0,0,0.0,Idle,Idle,2.220446e-13
E5,il1,tpy365,-,JA(0.95),1,CONVERGED,CONVERGED,1799,1799,-,-,0,0,0.9774436090225561,0.9774436,0.0,0.0,0,0.0,0,0.0,Idle,Idle,4.074519e-11
E5,il1,tpy365,-,s[care]=0.05,1,CONVERGED,CONVERGED,3116,3116,-,-,225,225,0.19055411765136854,0.1905541,0.0,0.0,0,0.0,0,0.0,Idle,Idle,4.063416e-11
E5,il1,tpy365,-,s[care]=0.2,2,CONVERGED,CONVERGED,3792,3792,-,-,321,321,0.039625308676748294,0.03962531,0.0,0.0,0,0.0,0,0.0,Idle,Idle,4.03011e-11
E5,il1,tpy365,-,JA(1.05),1,CONVERGED,CONVERGED,2527,2527,-,-,0,0,0.9523809523809523,0.952381,0.0,0.0,0,0.0,0,0.0,Idle,Idle,4.185541e-11
E5,il1,tpy365,-,JA(1.2),2,CONVERGED,CONVERGED,3354,3354,-,-,0,0,0.8333333333333333,0.8333333,0.0,0.0,0,0.0,0,0.0,Idle,Idle,4.085621e-11
E5,il1,tpy365,-,JA(0.8),2,CONVERGED,CONVERGED,2697,2697,-,-,0,0,0.8928571428571426,0.8928571,0.0,0.0,0,0.0,0,0.0,Idle,Idle,4.118927e-11
E5,il1,tpy365,-,JB(1.05),1,CONVERGED,CONVERGED,2391,2391,-,-,0,0,0.912212436643086,0.9122124,0.0,0.0,0,0.0,0,0.0,Idle,Idle,4.13003e-11
E5,il1,tpy365,-,JB(0.95),1,CONVERGED,CONVERGED,2690,2690,-,-,0,0,0.9076730837816288,0.9076731,0.0,0.0,0,0.0,0,0.0,Idle,Idle,4.285461e-11
E5,il1,tpy365,-,N(1.05),1,CONVERGED,CONVERGED,2527,2527,-,-,0,0,0.9523809523809523,0.952381,0.0,0.0,0,0.0,0,0.0,Idle,Idle,4.185541e-11
E5,il1,tpy365,-,JB(1.2),2,CONVERGED,CONVERGED,3149,3149,-,-,0,0,0.7056112856414188,0.7056113,0.0,0.0,0,0.0,0,0.0,Idle,Idle,4.218847e-11
E5,il1,tpy365,-,N(0.95),1,CONVERGED,CONVERGED,1799,1799,-,-,0,0,0.9774436090225561,0.9774436,0.0,0.0,0,0.0,0,0.0,Idle,Idle,4.074519e-11
E5,il1,tpy365,-,JB(0.8),2,CONVERGED,CONVERGED,3656,3656,-,-,0,0,0.6458760638310385,0.6458761,0.0,0.0,0,0.0,0,0.0,Idle,Idle,4.13003e-11
E5,il1,tpy365,-,RC(1.05),1,CONVERGED,CONVERGED,1932,1932,-,-,0,0,0.9041003501055767,0.9041004,0.0,0.0,0,0.0,0,0.0,Idle,Idle,4.118927e-11
E5,il1,tpy365,-,N(0.8),2,CONVERGED,CONVERGED,2697,2697,-,-,0,0,0.8928571428571426,0.8928571,0.0,0.0,0,0.0,0,0.0,Idle,Idle,4.118927e-11
E5,il1,tpy365,-,N(1.2),2,CONVERGED,CONVERGED,3354,3354,-,-,0,0,0.8333333333333333,0.8333333,0.0,0.0,0,0.0,0,0.0,Idle,Idle,4.085621e-11
E5,il1,tpy365,-,land.mach=0.44@genesis,2,CONVERGED,CONVERGED,0,0,-,-,0,0,0.9999999999999998,1.0,0.0,0.0,0,0.0,0,0.0,Idle,Idle,2.220446e-13
E5,il1,tpy365,-,land.mach=0.36@genesis,2,CONVERGED,CONVERGED,0,0,-,-,0,0,1.0,1.0,0.0,0.0,0,0.0,0,0.0,Idle,Idle,2.220446e-13
E5,il1,tpy365,-,RC(0.95),1,CONVERGED,CONVERGED,2056,2056,-,-,0,0,0.9594049216070714,0.9594049,0.0,0.0,0,0.0,0,0.0,Idle,Idle,4.118927e-11
E5,il1,tpy365,-,b.food=0.66@genesis,2,CONVERGED,CONVERGED,0,0,-,-,0,0,1.0,1.0,0.0,0.0,0,0.0,0,0.0,Idle,Idle,2.220446e-13
E5,il1,tpy365,-,RC(1.2),2,CONVERGED,CONVERGED,2764,2764,-,-,0,0,0.6887848716245307,0.6887849,0.0,0.0,0,0.0,0,0.0,Idle,Idle,4.22995e-11
E5,il1,tpy365,-,RC(0.8),2,CONVERGED,CONVERGED,3030,3030,-,-,0,0,0.8092740175088042,0.809274,0.0,0.0,0,0.0,0,0.0,Idle,Idle,4.22995e-11
E5,il1,tpy365,-,b.food=0.54@genesis,2,CONVERGED,CONVERGED,0,0,-,-,0,0,0.9999999999999996,1.0,0.0,0.0,0,0.0,0,0.0,Idle,Idle,3.330669e-13
E5,il1,tpy365,-,inst.land=572@genesis,2,VACUOUS,VACUOUS,0,0,-,-,0,0,0.9999999999999998,1.0,0.0,0.0,0,0.0,0,0.0,Idle,Idle,2.220446e-13
E5,il1,tpy365,-,inst.land=468@genesis,2,VACUOUS,VACUOUS,0,0,-,-,0,0,0.9999999999999998,1.0,0.0,0.0,0,0.0,0,0.0,Idle,Idle,2.220446e-13
E5,il1,tpy365,-,land.mach=0.44@dated,2,CONVERGED,CONVERGED,0,0,-,-,0,0,0.9999999999999998,1.0,0.0,0.0,0,0.0,0,0.0,Idle,Idle,2.220446e-13
E5,il1,tpy365,-,land.mach=0.36@dated,2,CONVERGED,CONVERGED,0,0,-,-,0,0,1.0,1.0,0.0,0.0,0,0.0,0,0.0,Idle,Idle,2.220446e-13
E5,il1,tpy365,-,b.food=0.54@dated,2,CONVERGED,CONVERGED,0,0,-,-,0,0,0.9999999999999996,1.0,0.0,0.0,0,0.0,0,0.0,Idle,Idle,3.330669e-13
E5,il1,tpy365,-,b.food=0.66@dated,2,CONVERGED,CONVERGED,0,0,-,-,0,0,1.0,1.0,0.0,0.0,0,0.0,0,0.0,Idle,Idle,2.220446e-13
E5,il1,tpy365,-,inst.land=572@dated,2,VACUOUS,VACUOUS,0,0,-,-,0,0,0.9999999999999998,1.0,0.0,0.0,0,0.0,0,0.0,Idle,Idle,2.220446e-13
E5,il1,tpy365,-,inst.land=468@dated,2,VACUOUS,VACUOUS,0,0,-,-,0,0,0.9999999999999998,1.0,0.0,0.0,0,0.0,0,0.0,Idle,Idle,2.220446e-13
E3,ct2,tier3s,-,stock.manufactures*0.5,3S,CONVERGED,CONVERGED,301,301,-,-,0,0,0.49999999999999994,0.5,0.0,0.0,0,0.0,0,0.0,Commons,Commons,5.77316e-12
E3,ct2,tier3s,-,stock.manufactures*2,3S,CONVERGED,CONVERGED,341,341,-,-,0,0,0.9339630858169482,0.9339631,0.0,0.0,0,0.0,0,0.0,Commons,Commons,4.662937e-12
E3,ct2,tier3s,-,stock.food*0.5,3S,CONVERGED,CONVERGED,314,314,-,-,0,0,0.5000000000000001,0.5,0.0,0.0,0,0.0,0,0.0,Commons,Commons,2.220446e-12
E3,ct2,tier3s,-,stock.food*2,3S,CONVERGED,CONVERGED,313,313,-,-,0,0,0.9369732330103728,0.9369732,0.0,0.0,0,0.0,0,0.0,Commons,Commons,1.554312e-12
E3,ct2,tier3s,-,stock.care*0.5,3S,CONVERGED,CONVERGED,282,282,-,-,0,0,0.5000000000000001,0.5,0.0,0.0,0,0.0,0,0.0,Commons,Commons,7.993606e-12
E3,ct2,tier3s,-,stock.care*2,3S,CONVERGED,CONVERGED,293,293,-,-,0,0,0.9326001554202655,0.9326002,0.0,0.0,0,0.0,0,0.0,Commons,Commons,5.107026e-12
E3,ct2,tier3s,-,stock.shelter*0.5,3S,CONVERGED,CONVERGED,320,320,-,-,0,0,0.5000000000000001,0.5,0.0,0.0,0,0.0,0,0.0,Commons,Commons,3.108624e-12
E3,ct2,tier3s,-,stock.shelter*2,3S,CONVERGED,CONVERGED,312,312,-,-,0,0,0.913731566974421,0.9137316,0.0,0.0,0,0.0,0,0.0,Commons,Commons,3.330669e-12
E3,ct2,tier3s,-,stock.mach*2,3S,CONVERGED,CONVERGED,345,345,-,-,0,0,0.8499087022356769,0.8499087,0.0,0.0,0,0.0,0,0.0,Commons,Commons,4.440892e-12
E3,ct2,tier3s,-,stock.mach*0.5,3S,CONVERGED,CONVERGED,324,324,-,-,2,2,0.285714285714286,0.2857143,0.0,0.0,0,0.0,0,0.0,Commons,Commons,3.885781e-12
E3,ct2,tier3s,-,coin.desk.manufactures*0.5,3S,CONVERGED,CONVERGED,479,479,-,-,0,0,0.5000000000000003,0.5,0.0,0.0,0,0.0,0,0.0,Commons,Commons,3.774758e-12
E3,ct2,tier3s,-,coin.desk.food*0.5,3S,CONVERGED,CONVERGED,353,353,-,-,0,1,0.5000000000000006,0.5,0.0,0.0,0,0.0,0,0.0,Commons,Commons,3.996803e-12
E3,ct2,tier3s,-,coin.desk.manufactures*2,3S,CONVERGED,CONVERGED,479,479,-,-,0,0,0.6072993678783272,0.6072994,0.0,0.0,0,0.0,0,0.0,Commons,Commons,4.662937e-12
E3,ct2,tier3s,-,coin.desk.food*2,3S,CONVERGED,CONVERGED,514,514,-,-,24,24,0.39466230746798586,0.3946623,0.0,0.0,0,0.0,0,0.0,Commons,Commons,3.774758e-12
E3,ct2,tier3s,-,coin.desk.care*0.5,3S,CONVERGED,CONVERGED,344,344,-,-,0,0,0.5000000000000003,0.5,0.0,0.0,0,0.0,0,0.0,Commons,Commons,2.442491e-12
E3,ct2,tier3s,-,coin.desk.care*2,3S,CONVERGED,CONVERGED,331,331,-,-,0,0,0.6184366639414853,0.6184367,0.0,0.0,0,0.0,0,0.0,Commons,Commons,3.774758e-12
E3,ct2,tier3s,-,coin.desk.shelter*0.5,3S,CONVERGED,CONVERGED,383,383,-,-,0,1,0.5000000000000003,0.5,0.0,0.0,0,0.0,0,0.0,Commons,Commons,5.77316e-12
E3,ct2,tier3s,-,coin.desk.mach*0.5,3S,CONVERGED,CONVERGED,523,523,-,-,46,46,0.32662650731194787,0.3266265,0.0,0.0,0,0.0,2,2.0,Commons,Commons,2.220446e-12
E3,ct2,tier3s,-,coin.desk.shelter*2,3S,CONVERGED,CONVERGED,539,539,-,-,23,23,0.3927908002974883,0.3927908,0.0,0.0,0,0.0,0,0.0,Commons,Commons,2.664535e-12
E3,ct2,tier3s,-,coin.desk.mach*2,3S,CONVERGED,CONVERGED,543,543,-,-,0,0,0.5714285714285717,0.5714286,0.0,0.0,0,0.0,0,0.0,Commons,Commons,4.440892e-12
E3,ct2,tier3s,-,coin.workers*0.5,3S,CONVERGED,CONVERGED,219,219,-,-,0,0,0.6373780349930068,0.637378,0.0,0.0,0,0.0,0,0.0,Commons,Commons,4.218847e-12
E3,ct2,tier3s,-,coin.workers*2,3S,CONVERGED,CONVERGED,516,516,-,-,0,0,0.5440172292870064,0.5440172,0.0,0.0,0,0.0,0,0.0,Commons,Commons,4.884981e-12
E3,ct2,tier3s,-,coin.provider*0.5,3S,CONVERGED,CONVERGED,200,200,-,-,0,0,0.785263826628418,0.7852638,0.0,0.0,0,0.0,0,0.0,Commons,Commons,5.107026e-12
E3,ct2,tier3s,-,coin.provider*2,3S,CONVERGED,CONVERGED,499,499,-,-,0,0,0.6834387223500314,0.6834387,0.0,0.0,0,0.0,0,0.0,Commons,Commons,5.329071e-12
E5,ct2,stocks,-,coin.desk.manufactures*0.02,0,CONVERGED,CONVERGED,543,543,-,-,48,48,0.020000000000000226,0.02,0.0,0.0,0,0.0,0,0.0,Commons,Commons,3.108624e-12
E5,ct2,stocks,-,coin.desk.manufactures*0.1,0,CONVERGED,CONVERGED,534,534,-,-,24,24,0.10000000000000027,0.1,0.0,0.0,0,0.0,0,0.0,Commons,Commons,5.77316e-12
E5,ct2,stocks,-,coin.desk.manufactures*0.5,0,CONVERGED,CONVERGED,479,479,-,-,0,0,0.5000000000000003,0.5,0.0,0.0,0,0.0,0,0.0,Commons,Commons,3.774758e-12
E5,ct2,stocks,-,coin.desk.manufactures*2,0,CONVERGED,CONVERGED,479,479,-,-,0,0,0.6072993678783272,0.6072994,0.0,0.0,0,0.0,0,0.0,Commons,Commons,4.662937e-12
E5,ct2,stocks,-,stock.manufactures*0.1,0,CONVERGED,CONVERGED,314,314,-,-,1,1,0.1,0.1,0.0,0.0,0,0.0,0,0.0,Commons,Commons,5.107026e-12
E5,ct2,stocks,-,stock.manufactures*2,0,CONVERGED,CONVERGED,341,341,-,-,0,0,0.9339630858169482,0.9339631,0.0,0.0,0,0.0,0,0.0,Commons,Commons,4.662937e-12
E5,ct2,stocks,-,stock.manufactures*0.5,0,CONVERGED,CONVERGED,301,301,-,-,0,0,0.49999999999999994,0.5,0.0,0.0,0,0.0,0,0.0,Commons,Commons,5.77316e-12
E5,ct2,stocks,-,coin.desk.food*0.02,0,CONVERGED,CONVERGED,545,545,-,-,93,93,0.020000000000000445,0.02,0.0,0.0,0,0.0,2,2.0,Commons,Commons,4.884981e-12
E5,ct2,stocks,-,coin.desk.food*0.1,0,CONVERGED,CONVERGED,526,526,-,-,80,80,0.10000000000000046,0.1,0.0,0.0,0,0.0,2,2.0,Commons,Commons,4.440892e-12
E5,ct2,stocks,-,coin.desk.food*0.5,0,CONVERGED,CONVERGED,353,353,-,-,0,1,0.5000000000000006,0.5,0.0,0.0,0,0.0,0,0.0,Commons,Commons,3.996803e-12
E5,ct2,stocks,-,coin.desk.food*2,0,CONVERGED,CONVERGED,514,514,-,-,24,24,0.39466230746798586,0.3946623,0.0,0.0,0,0.0,0,0.0,Commons,Commons,3.774758e-12
E5,ct2,stocks,-,stock.food*0.1,0,CONVERGED,CONVERGED,317,317,-,-,1,1,0.10000000000000003,0.1,0.0,0.0,0,0.0,0,0.0,Commons,Commons,3.108624e-12
E5,ct2,stocks,-,stock.food*0.5,0,CONVERGED,CONVERGED,314,314,-,-,0,0,0.5000000000000001,0.5,0.0,0.0,0,0.0,0,0.0,Commons,Commons,2.220446e-12
E5,ct2,stocks,-,stock.food*2,0,CONVERGED,CONVERGED,313,313,-,-,0,0,0.9369732330103728,0.9369732,0.0,0.0,0,0.0,0,0.0,Commons,Commons,1.554312e-12
E5,ct2,stocks,-,coin.desk.care*0.02,0,CONVERGED,CONVERGED,508,508,-,-,30,30,0.020000000000000337,0.02,0.0,0.0,0,0.0,0,0.0,Commons,Commons,5.77316e-12
E5,ct2,stocks,-,coin.desk.care*0.1,0,CONVERGED,CONVERGED,500,500,-,-,25,25,0.10000000000000032,0.1,0.0,0.0,0,0.0,0,0.0,Commons,Commons,4.107825e-12
E5,ct2,stocks,-,coin.desk.care*0.5,0,CONVERGED,CONVERGED,344,344,-,-,0,0,0.5000000000000003,0.5,0.0,0.0,0,0.0,0,0.0,Commons,Commons,2.442491e-12
E5,ct2,stocks,-,coin.desk.care*2,0,CONVERGED,CONVERGED,331,331,-,-,0,0,0.6184366639414853,0.6184367,0.0,0.0,0,0.0,0,0.0,Commons,Commons,3.774758e-12
E5,ct2,stocks,-,stock.care*0.1,0,CONVERGED,CONVERGED,297,297,-,-,1,1,0.1,0.1,0.0,0.0,0,0.0,0,0.0,Commons,Commons,3.108624e-12
E5,ct2,stocks,-,coin.desk.shelter*0.02,0,CONVERGED,CONVERGED,561,561,-,-,33,33,0.02000000000000034,0.02,0.0,0.0,0,0.0,0,0.0,Commons,Commons,4.440892e-12
E5,ct2,stocks,-,coin.desk.shelter*0.1,0,CONVERGED,CONVERGED,420,420,-,-,20,20,0.10000000000000038,0.1,0.0,0.0,0,0.0,0,0.0,Commons,Commons,3.552714e-12
E5,ct2,stocks,-,stock.care*2,0,CONVERGED,CONVERGED,293,293,-,-,0,0,0.9326001554202655,0.9326002,0.0,0.0,0,0.0,0,0.0,Commons,Commons,5.107026e-12
E5,ct2,stocks,-,stock.care*0.5,0,CONVERGED,CONVERGED,282,282,-,-,0,0,0.5000000000000001,0.5,0.0,0.0,0,0.0,0,0.0,Commons,Commons,7.993606e-12
E5,ct2,stocks,-,coin.desk.shelter*0.5,0,CONVERGED,CONVERGED,383,383,-,-,0,1,0.5000000000000003,0.5,0.0,0.0,0,0.0,0,0.0,Commons,Commons,5.77316e-12
E5,ct2,stocks,-,coin.desk.shelter*2,0,CONVERGED,CONVERGED,539,539,-,-,23,23,0.3927908002974883,0.3927908,0.0,0.0,0,0.0,0,0.0,Commons,Commons,2.664535e-12
E5,ct2,stocks,-,stock.shelter*0.1,0,CONVERGED,CONVERGED,356,356,-,-,1,1,0.1,0.1,0.0,0.0,0,0.0,0,0.0,Commons,Commons,4.884981e-12
E5,ct2,stocks,-,coin.desk.mach*0.1,0,CONVERGED,CONVERGED,550,550,-,-,88,88,0.0835338618947449,0.08353386,0.0,0.0,0,0.0,2,2.0,Commons,Commons,5.329071e-12
E5,ct2,stocks,-,stock.shelter*0.5,0,CONVERGED,CONVERGED,320,320,-,-,0,0,0.5000000000000001,0.5,0.0,0.0,0,0.0,0,0.0,Commons,Commons,3.108624e-12
E5,ct2,stocks,-,coin.desk.mach*0.02,0,CONVERGED,CONVERGED,561,561,-,-,99,99,0.051599179976128916,0.05159918,0.0,0.0,0,0.0,2,2.0,Commons,Commons,2.220446e-12
E5,ct2,stocks,-,stock.shelter*2,0,CONVERGED,CONVERGED,312,312,-,-,0,0,0.913731566974421,0.9137316,0.0,0.0,0,0.0,0,0.0,Commons,Commons,3.330669e-12
E5,ct2,stocks,-,coin.desk.mach*0.5,0,CONVERGED,CONVERGED,523,523,-,-,46,46,0.32662650731194787,0.3266265,0.0,0.0,0,0.0,2,2.0,Commons,Commons,2.220446e-12
E5,ct2,stocks,-,coin.desk.mach*2,0,CONVERGED,CONVERGED,543,543,-,-,0,0,0.5714285714285717,0.5714286,0.0,0.0,0,0.0,0,0.0,Commons,Commons,4.440892e-12
E5,ct2,stocks,-,stock.mach*0.1,0,CONVERGED,CONVERGED,489,489,-,-,3,3,2.220446049250313e-16,0.0,0.0,0.0,0,0.0,0,0.0,Commons,Commons,6.883383e-12
E5,ct2,stocks,-,stock.mach*0.5,0,CONVERGED,CONVERGED,324,324,-,-,2,2,0.285714285714286,0.2857143,0.0,0.0,0,0.0,0,0.0,Commons,Commons,3.885781e-12
E5,ct2,stocks,-,stock.mach*2,0,CONVERGED,CONVERGED,345,345,-,-,0,0,0.8499087022356769,0.8499087,0.0,0.0,0,0.0,0,0.0,Commons,Commons,4.440892e-12
E5,ct2,stocks,-,stock.mach*0.01,0,CONVERGED,CONVERGED,510,510,-,-,38,38,0.0,0.0,0.0,0.0,0,0.0,0,0.0,Commons,Commons,3.996803e-12
E5,ct2,stocks,-,coin.workers*0.1,0,CONVERGED,CONVERGED,239,239,-,-,1,1,0.34728046298741266,0.3472805,0.0,0.0,0,0.0,0,0.0,Commons,Commons,2.109424e-12
E5,ct2,stocks,-,stock.mach*10,0,CONVERGED,CONVERGED,472,472,-,-,0,0,0.7901827125443486,0.7901827,0.0,0.0,0,0.0,0,0.0,Commons,Commons,6.217249e-12
E5,ct2,stocks,-,coin.provider*0.5,0,CONVERGED,CONVERGED,200,200,-,-,0,0,0.785263826628418,0.7852638,0.0,0.0,0,0.0,0,0.0,Commons,Commons,5.107026e-12
E5,ct2,stocks,-,coin.workers*2,0,CONVERGED,CONVERGED,516,516,-,-,0,0,0.5440172292870064,0.5440172,0.0,0.0,0,0.0,0,0.0,Commons,Commons,4.884981e-12
E5,ct2,stocks,-,coin.provider*2,0,CONVERGED,CONVERGED,499,499,-,-,0,0,0.6834387223500314,0.6834387,0.0,0.0,0,0.0,0,0.0,Commons,Commons,5.329071e-12
E5,ct2,joint2,-,"joint(2,1)",0,CONVERGED,CONVERGED,390,390,-,-,31,31,0.2347196549695351,0.2347197,0.0,0.0,0,0.0,0,0.0,Commons,Commons,1.998401e-12
E5,ct2,joint2,-,"joint(2,2)",0,CONVERGED,CONVERGED,378,378,-,-,40,40,0.23665528601082267,0.2366553,0.0,0.0,0,0.0,0,0.0,Commons,Commons,1.554312e-12
E5,ct2,joint2,-,"joint(2,4)",0,CONVERGED,CONVERGED,548,548,-,-,58,58,0.2274402342337656,0.2274402,0.0,0.0,0,0.0,0,0.0,Commons,Commons,5.551115e-12
E5,ct2,joint2,-,"joint(2,3)",0,CONVERGED,CONVERGED,626,626,-,-,168,168,0.0,0.0,0.0,0.0,0,0.0,2,2.0,Commons,Commons,2.88658e-12
E5,ct2,joint2,-,"joint(2,5)",0,CONVERGED,CONVERGED,525,525,-,-,49,49,0.21487620315451922,0.2148762,0.0,0.0,0,0.0,0,0.0,Commons,Commons,3.774758e-12
E5,ct2,joint2,-,"joint(2,6)",0,CONVERGED,CONVERGED,599,599,-,-,130,130,0.07109411824741857,0.07109412,0.0,0.0,0,0.0,2,2.0,Commons,Commons,2.442491e-12
E5,ct2,joint2,-,"joint(2,7)",0,CONVERGED,CONVERGED,488,488,-,-,19,19,0.05285295403837922,0.05285295,0.0,0.0,0,0.0,0,0.0,Commons,Commons,3.774758e-12
E5,ct2,joint2,-,"joint(2,8)",0,CONVERGED,CONVERGED,509,509,-,-,43,43,0.25954352804023506,0.2595435,0.0,0.0,0,0.0,0,0.0,Commons,Commons,3.552714e-12
E5,ct2,joint2,-,"joint(2,10)",0,CONVERGED,CONVERGED,557,557,-,-,80,80,0.0,0.0,0.0,0.0,0,0.0,2,2.0,Commons,Commons,3.219647e-12
E5,ct2,joint2,-,"joint(2,9)",0,CONVERGED,CONVERGED,520,520,-,-,56,56,0.14072207168602197,0.1407221,0.0,0.0,0,0.0,2,2.0,Commons,Commons,4.884981e-12
E5,ct2,joint2,-,"joint(2,11)",0,CONVERGED,CONVERGED,541,541,-,-,90,90,0.0,0.0,0.0,0.0,0,0.0,2,2.0,Commons,Commons,3.108624e-12
E5,ct2,joint2,-,"joint(2,12)",0,CONVERGED,CONVERGED,653,653,-,-,180,180,0.0014969748614844305,0.001496975,0.0,0.0,0,0.0,2,2.0,Commons,Commons,4.218847e-12
E5,ct2,joint2,-,"joint(2,13)",0,CONVERGED,CONVERGED,485,485,-,-,0,0,0.7311500134139713,0.73115,0.0,0.0,0,0.0,0,0.0,Commons,Commons,4.440892e-12
E5,ct2,joint2,-,"joint(2,16)",0,CONVERGED,CONVERGED,515,515,-,-,17,17,0.0,0.0,0.0,0.0,0,0.0,0,0.0,Commons,Commons,2.220446e-12
E5,ct2,joint2,-,"joint(2,15)",0,CONVERGED,CONVERGED,520,520,-,-,55,55,0.29297428099697737,0.2929743,0.0,0.0,0,0.0,2,2.0,Commons,Commons,3.330669e-12
E5,ct2,joint2,-,"joint(2,14)",0,CONVERGED,CONVERGED,536,536,-,-,57,57,0.2793285377453875,0.2793285,0.0,0.0,0,0.0,2,2.0,Commons,Commons,3.108624e-12
E5,ct2,joint2,-,"joint(2,18)",0,CONVERGED,CONVERGED,563,563,-,-,80,80,0.0,0.0,0.0,0.0,0,0.0,2,2.0,Commons,Commons,2.442491e-12
E5,ct2,joint2,-,"joint(2,19)",0,CONVERGED,CONVERGED,649,649,-,-,29,29,0.4119780405556135,0.411978,0.0,0.0,0,0.0,0,0.0,Commons,Commons,5.77316e-12
E5,ct2,joint2,-,"joint(2,17)",0,CONVERGED,CONVERGED,617,617,-,-,145,145,0.03628259807907374,0.0362826,0.0,0.0,0,0.0,2,2.0,Commons,Commons,4.884981e-12
E5,ct2,joint2,-,"joint(2,23)",0,CONVERGED,CONVERGED,497,497,-,-,53,53,0.14975660414250705,0.1497566,0.0,0.0,0,0.0,0,0.0,Commons,Commons,3.108624e-12
E5,ct2,joint2,-,"joint(2,21)",0,CONVERGED,CONVERGED,565,565,-,-,84,84,0.0,0.0,0.0,0.0,0,0.0,2,2.0,Commons,Commons,1.776357e-12
E5,ct2,joint2,-,"joint(2,20)",0,CONVERGED,CONVERGED,527,527,-,-,61,61,0.0,0.0,0.0,0.0,0,0.0,0,0.0,Commons,Commons,3.996803e-12
E5,ct2,joint2,-,"joint(2,22)",0,CONVERGED,CONVERGED,608,608,-,-,150,150,0.022902450470030807,0.02290245,0.0,0.0,0,0.0,2,2.0,Commons,Commons,2.553513e-12
E5,ct2,joint2,-,"joint(2,24)",0,CONVERGED,CONVERGED,495,495,-,-,55,55,0.1888803077994812,0.1888803,0.0,0.0,0,0.0,0,0.0,Commons,Commons,4.218847e-12
E5,ct2,joint2,-,"joint(2,28)",0,CONVERGED,CONVERGED,579,579,-,-,127,127,0.06701619561517749,0.0670162,0.0,0.0,0,0.0,2,2.0,Commons,Commons,2.664535e-12
E5,ct2,joint2,-,"joint(2,25)",0,CONVERGED,CONVERGED,605,605,-,-,12,12,0.4692643797594777,0.4692644,0.0,0.0,0,0.0,0,0.0,Commons,Commons,7.105427e-12
E5,ct2,joint2,-,"joint(2,27)",0,CONVERGED,CONVERGED,511,511,-,-,39,39,0.2056061741326802,0.2056062,0.0,0.0,0,0.0,0,0.0,Commons,Commons,5.107026e-12
E5,ct2,joint2,-,"joint(2,26)",0,CONVERGED,CONVERGED,592,592,-,-,129,129,0.052025621721498064,0.05202562,0.0,0.0,0,0.0,2,2.0,Commons,Commons,3.774758e-12
E5,ct2,joint2,-,"joint(2,29)",0,CONVERGED,CONVERGED,381,381,-,-,39,39,0.25407368058230007,0.2540737,0.0,0.0,0,0.0,0,0.0,Commons,Commons,3.552714e-12
E5,ct2,joint2,-,"joint(2,31)",0,CONVERGED,CONVERGED,573,573,-,-,114,114,0.06607733159748166,0.06607733,0.0,0.0,0,0.0,2,2.0,Commons,Commons,2.88658e-12
E5,ct2,joint2,-,"joint(2,30)",0,CONVERGED,CONVERGED,527,527,-,-,53,53,0.29293828307217135,0.2929383,0.0,0.0,0,0.0,0,0.0,Commons,Commons,3.330669e-12
E5,ct2,joint2,-,"joint(2,32)",0,CONVERGED,CONVERGED,389,389,-,-,38,38,0.29900062176869713,0.2990006,0.0,0.0,0,0.0,0,0.0,Commons,Commons,1.332268e-12
E5,ct2,joint2,-,"joint(2,37)",0,CONVERGED,CONVERGED,549,549,-,-,99,99,0.17999906004505897,0.1799991,0.0,0.0,0,0.0,2,2.0,Commons,Commons,2.88658e-12
E5,ct2,joint2,-,"joint(2,36)",0,CONVERGED,CONVERGED,489,489,-,-,29,29,0.36228332915406913,0.3622833,0.0,0.0,0,0.0,0,0.0,Commons,Commons,1.998401e-12
E5,ct2,joint2,-,"joint(2,33)",0,CONVERGED,CONVERGED,528,528,-,-,8,8,0.0,0.0,0.0,0.0,0,0.0,0,0.0,Commons,Commons,1.776357e-12
E5,ct2,joint2,-,"joint(2,34)",0,CONVERGED,CONVERGED,652,652,-,-,179,179,0.00314925171607191,0.003149252,0.0,0.0,0,0.0,2,2.0,Commons,Commons,2.664535e-12
E5,ct2,joint2,-,"joint(2,35)",0,CONVERGED,CONVERGED,549,549,-,-,110,110,0.1459714368205257,0.1459714,0.0,0.0,0,0.0,2,2.0,Commons,Commons,2.88658e-12
E5,ct2,joint2,-,"joint(2,38)",0,CONVERGED,CONVERGED,661,661,-,-,37,37,0.22787486024508452,0.2278749,0.0,0.0,0,0.0,0,0.0,Commons,Commons,4.884981e-12
E5,ct2,joint2,-,"joint(2,39)",0,CONVERGED,CONVERGED,642,642,-,-,168,168,0.005881000628340288,0.005881001,0.0,0.0,0,0.0,2,2.0,Commons,Commons,3.330669e-12
E5,ct2,joint2,-,"joint(2,41)",0,CONVERGED,CONVERGED,541,541,-,-,77,77,0.0,0.0,0.0,0.0,0,0.0,2,2.0,Commons,Commons,4.662937e-12
E5,ct2,joint2,-,"joint(2,40)",0,CONVERGED,CONVERGED,586,586,-,-,138,138,0.023233746873839476,0.02323375,0.0,0.0,0,0.0,2,2.0,Commons,Commons,2.442491e-12
E5,ct2,joint2,-,"joint(2,42)",0,CONVERGED,CONVERGED,484,484,-,-,49,49,0.25305754241969475,0.2530575,0.0,0.0,0,0.0,0,0.0,Commons,Commons,2.664535e-12
E5,ct2,joint2,-,"joint(2,43)",0,CONVERGED,CONVERGED,557,557,-,-,99,99,0.038610543672717934,0.03861054,0.0,0.0,0,0.0,2,2.0,Commons,Commons,1.998401e-12
E5,ct2,joint2,-,"joint(2,44)",0,CONVERGED,CONVERGED,494,494,-,-,41,41,0.32871404610252736,0.328714,0.0,0.0,0,0.0,0,0.0,Commons,Commons,3.108624e-12
E5,ct2,joint2,-,"joint(2,45)",0,CONVERGED,CONVERGED,558,558,-,-,80,80,0.025123599448590446,0.0251236,0.0,0.0,0,0.0,2,2.0,Commons,Commons,5.107026e-12
E5,ct2,joint2,-,"joint(2,46)",0,CONVERGED,CONVERGED,650,650,-,-,25,25,0.4163723587422657,0.4163724,0.0,0.0,0,0.0,0,0.0,Commons,Commons,5.551115e-12
E5,ct2,joint2,-,"joint(2,48)",0,CONVERGED,CONVERGED,544,544,-,-,80,80,0.026380266578774538,0.02638027,0.0,0.0,0,0.0,4,4.0,Commons,Commons,5.551115e-12
E5,ct2,joint2,-,"joint(2,47)",0,CONVERGED,CONVERGED,583,583,-,-,121,121,0.12157353813691124,0.1215735,0.0,0.0,0,0.0,2,2.0,Commons,Commons,1.998401e-12
E5,ct2,joint2,-,"joint(2,49)",0,CONVERGED,CONVERGED,540,540,-,-,78,78,0.0,0.0,0.0,0.0,0,0.0,2,2.0,Commons,Commons,3.330669e-12
E5,ct2,joint2,-,"joint(2,51)",0,CONVERGED,CONVERGED,536,536,-,-,80,80,0.0,0.0,0.0,0.0,0,0.0,4,4.0,Commons,Commons,3.996803e-12
E5,ct2,joint2,-,"joint(2,52)",0,CONVERGED,CONVERGED,556,556,-,-,97,97,0.27415745531706825,0.2741575,0.0,0.0,0,0.0,2,2.0,Commons,Commons,5.329071e-12
E5,ct2,joint2,-,"joint(2,53)",0,CONVERGED,CONVERGED,520,520,-,-,29,29,0.31907300792051196,0.319073,0.0,0.0,0,0.0,0,0.0,Commons,Commons,3.552714e-12
E5,ct2,joint2,-,"joint(2,50)",0,CONVERGED,CONVERGED,361,361,-,-,3,3,0.3871979756090941,0.387198,0.0,0.0,0,0.0,0,0.0,Commons,Commons,4.662937e-12
E5,ct2,joint2,-,"joint(2,54)",0,CONVERGED,CONVERGED,588,588,-,-,8,8,0.48940259110853035,0.4894026,0.0,0.0,0,0.0,0,0.0,Commons,Commons,4.884981e-12
E5,ct2,joint2,-,"joint(2,55)",0,CONVERGED,CONVERGED,495,495,-,-,45,45,0.0,0.0,0.0,0.0,0,0.0,2,2.0,Commons,Commons,5.77316e-12
E5,ct2,joint2,-,"joint(2,57)",0,CONVERGED,CONVERGED,524,524,-,-,54,54,0.17596951777145625,0.1759695,0.0,0.0,0,0.0,0,0.0,Commons,Commons,1.998401e-12
E5,ct2,joint2,-,"joint(2,56)",0,CONVERGED,CONVERGED,595,595,-,-,137,137,0.05245076065256897,0.05245076,0.0,0.0,0,0.0,2,2.0,Commons,Commons,3.774758e-12
E5,ct2,joint2,-,"joint(2,58)",0,CONVERGED,CONVERGED,555,555,-,-,107,107,0.0,0.0,0.0,0.0,0,0.0,2,2.0,Commons,Commons,4.884981e-12
E5,ct2,joint2,-,"joint(2,60)",0,CONVERGED,CONVERGED,649,649,-,-,46,46,0.21936073957987498,0.2193607,0.0,0.0,0,0.0,0,0.0,Commons,Commons,5.77316e-12
E5,ct2,joint2,-,"joint(2,59)",0,CONVERGED,CONVERGED,600,600,-,-,143,143,0.07311366713723215,0.07311367,0.0,0.0,0,0.0,2,2.0,Commons,Commons,2.664535e-12
E5,ct2,joint4,-,"joint(4,1)",0,CONVERGED,CONVERGED,535,535,-,-,63,63,0.15789258980137605,0.1578926,0.0,0.0,0,0.0,0,0.0,Commons,Commons,3.108624e-12
E5,ct2,joint4,-,"joint(4,3)",0,CONVERGED,CONVERGED,890,890,-,-,273,273,0.0,0.0,0.0,0.0,0,0.0,4,6.0,Commons,Commons,5.329071e-12
E5,ct2,joint4,-,"joint(4,10)",0,DIVERGED,DIVERGED,-,-,254,256,255,257,0.0,0.0,0.0,0.0,0,0.0,58,64.0,Enclosed,Enclosed,inf
E5,ct2,joint4,-,"joint(4,2)",0,CONVERGED,CONVERGED,415,415,-,-,65,65,0.08083991781112178,0.08083992,0.0,0.0,0,0.0,4,4.0,Commons,Commons,2.442491e-12
E5,ct2,joint4,-,"joint(4,12)",0,DIVERGED,DIVERGED,-,-,259,279,260,280,0.0,0.0,0.0,0.0008385887,0,0.0,58,79.0,Enclosed,Commons,inf
E5,ct2,joint4,-,"joint(4,4)",0,CONVERGED,CONVERGED,594,594,-,-,100,100,0.07332863508241726,0.07332864,0.0,0.0,0,0.0,0,0.0,Commons,Commons,4.440892e-12
E5,ct2,joint4,-,"joint(4,5)",0,CONVERGED,CONVERGED,587,587,-,-,115,115,0.029524892724261228,0.02952489,0.0,0.0,0,0.0,2,2.0,Commons,Commons,3.108624e-12
E5,ct2,joint4,-,"joint(4,8)",0,CONVERGED,CONVERGED,543,543,-,-,69,69,0.06964300333613455,0.069643,0.0,0.0,0,0.0,0,0.0,Commons,Commons,2.442491e-12
E5,ct2,joint4,-,"joint(4,7)",0,CONVERGED,CONVERGED,521,521,-,-,45,45,0.0,0.0,0.0,0.0,0,0.0,2,2.0,Commons,Commons,5.329071e-12
E5,ct2,joint4,-,"joint(4,6)",0,CONVERGED,CONVERGED,840,840,-,-,237,237,0.0036985682248355787,0.003698568,0.0,0.0,0,0.0,2,2.0,Commons,Commons,5.551115e-12
E5,ct2,joint4,-,"joint(4,18)",0,DIVERGED,DIVERGED,-,-,268,264,269,265,0.0,0.0,0.0005322542838173646,0.0008385887,0,0.0,57,59.0,Enclosed,Commons,inf
E5,ct2,joint4,-,"joint(4,9)",0,CONVERGED,CONVERGED,546,546,-,-,83,83,0.02744502516909476,0.02744503,0.0,0.0,0,0.0,2,2.0,Commons,Commons,6.883383e-12
E5,ct2,joint4,-,"joint(4,21)",0,DIVERGED,DIVERGED,-,-,269,263,270,264,0.0,0.0,0.0008385886554331012,0.00025521,0,0.0,45,41.0,Crowded,Enclosed,inf
E5,ct2,joint4,-,"joint(4,22)",0,DIVERGED,DIVERGED,-,-,269,284,270,285,0.0,0.0,0.0,0.0008385887,0,0.0,40,63.0,Enclosed,Commons,inf
E5,ct2,joint4,-,"joint(4,11)",0,CONVERGED,CONVERGED,590,590,-,-,154,154,0.0,0.0,0.0,0.0,0,0.0,4,4.0,Commons,Commons,2.442491e-12
E5,ct2,joint4,-,"joint(4,14)",0,CONVERGED,CONVERGED,583,583,-,-,137,137,0.0,0.0,0.0,0.0,0,0.0,4,4.0,Commons,Commons,2.553513e-12
E5,ct2,joint4,-,"joint(4,13)",0,CONVERGED,CONVERGED,648,648,-,-,0,0,0.5096868913414936,0.5096869,0.0,0.0,0,0.0,0,0.0,Commons,Commons,5.551115e-12
E5,ct2,joint4,-,"joint(4,15)",0,CONVERGED,CONVERGED,598,598,-,-,128,128,0.06893167708235491,0.06893168,0.0,0.0,0,0.0,2,2.0,Commons,Commons,3.774758e-12
E5,ct2,joint4,-,"joint(4,16)",0,CONVERGED,CONVERGED,658,658,-,-,47,47,0.0,0.0,0.0,0.0,0,0.0,2,2.0,Commons,Commons,5.329071e-12
E5,ct2,joint4,-,"joint(4,17)",0,CONVERGED,CONVERGED,837,837,-,-,221,221,0.0018601370064982496,0.001860137,0.0,0.0,0,0.0,2,2.0,Commons,Commons,6.661338e-12
E5,ct2,joint4,-,"joint(4,19)",0,CONVERGED,CONVERGED,696,696,-,-,94,94,0.11313260207863511,0.1131326,0.0,0.0,0,0.0,0,0.0,Commons,Commons,2.109424e-12
E5,ct2,joint4,-,"joint(4,20)",0,CONVERGED,CONVERGED,554,554,-,-,123,123,0.0,0.0,0.0,0.0,0,0.0,0,0.0,Commons,Commons,3.108624e-12
E5,ct2,joint4,-,"joint(4,23)",0,CONVERGED,CONVERGED,528,528,-,-,78,78,0.023348507634761935,0.02334851,0.0,0.0,0,0.0,0,0.0,Commons,Commons,2.664535e-12
E5,ct2,joint4,-,"joint(4,24)",0,CONVERGED,CONVERGED,528,528,-,-,75,75,0.03271414276364334,0.03271414,0.0,0.0,0,0.0,0,0.0,Commons,Commons,3.330669e-12
E5,ct2,joint4,-,"joint(4,25)",0,CONVERGED,CONVERGED,634,634,-,-,68,68,0.1791839771837357,0.179184,0.0,0.0,0,0.0,0,0.0,Commons,Commons,3.996803e-12
E5,ct2,joint4,-,"joint(4,34)",0,DIVERGED,DIVERGED,-,-,276,279,277,280,0.0,0.0,0.0,0.00025521,0,0.0,52,53.0,Enclosed,Enclosed,inf
E5,ct2,joint4,-,"joint(4,26)",0,CONVERGED,CONVERGED,814,814,-,-,201,201,0.0020857301996877143,0.00208573,0.0,0.0,0,0.0,2,2.0,Commons,Commons,7.105427e-12
E5,ct2,joint4,-,"joint(4,28)",0,CONVERGED,CONVERGED,786,786,-,-,176,176,0.0032568434648580138,0.003256843,0.0,0.0,0,0.0,2,2.0,Commons,Commons,4.440892e-12
E5,ct2,joint4,-,"joint(4,27)",0,CONVERGED,CONVERGED,537,537,-,-,67,67,0.053811326089649475,0.05381133,0.0,0.0,0,0.0,2,2.0,Commons,Commons,2.664535e-12
E5,ct2,joint4,-,"joint(4,30)",0,CONVERGED,CONVERGED,550,550,-,-,93,93,0.08287060650636943,0.08287061,0.0,0.0,0,0.0,2,2.0,Commons,Commons,3.774758e-12
E5,ct2,joint4,-,"joint(4,29)",0,CONVERGED,CONVERGED,551,551,-,-,92,92,0.05685473968909252,0.05685474,0.0,0.0,0,0.0,0,0.0,Commons,Commons,3.996803e-12
E5,ct2,joint4,-,"joint(4,39)",0,DIVERGED,DIVERGED,-,-,266,279,267,280,0.0,0.0,0.0005322542838173647,0.0,0,0.0,53,60.0,Enclosed,Enclosed,inf
E5,ct2,joint4,-,"joint(4,32)",0,CONVERGED,CONVERGED,534,534,-,-,75,75,0.09533628607373121,0.09533629,0.0,0.0,0,0.0,2,2.0,Commons,Commons,5.107026e-12
E5,ct2,joint4,-,"joint(4,31)",0,CONVERGED,CONVERGED,641,641,-,-,169,169,0.0036427708470775253,0.003642771,0.0,0.0,0,0.0,2,2.0,Commons,Commons,3.774758e-12
E5,ct2,joint4,-,"joint(4,33)",0,CONVERGED,CONVERGED,698,698,-,-,39,39,0.0,0.0,0.0,0.0,0,0.0,0,0.0,Commons,Commons,4.662937e-12
E5,ct2,joint4,-,"joint(4,35)",0,CONVERGED,CONVERGED,707,707,-,-,135,135,0.023208581673528458,0.02320858,0.0,0.0,0,0.0,2,2.0,Commons,Commons,3.774758e-12
E5,ct2,joint4,-,"joint(4,36)",0,CONVERGED,CONVERGED,619,619,-,-,51,51,0.1295182518341849,0.1295183,0.0,0.0,0,0.0,0,0.0,Commons,Commons,4.440892e-12
E5,ct2,joint4,-,"joint(4,37)",0,CONVERGED,CONVERGED,599,599,-,-,146,146,0.015669870684440878,0.01566987,0.0,0.0,0,0.0,2,2.0,Commons,Commons,1.554312e-12
E5,ct2,joint4,-,"joint(4,38)",0,CONVERGED,CONVERGED,536,536,-,-,81,81,0.01493710416592971,0.0149371,0.0,0.0,0,0.0,2,2.0,Commons,Commons,1.554312e-12
E5,ct2,joint4,-,"joint(4,40)",0,CONVERGED,CONVERGED,644,644,-,-,179,179,0.00030354725266113663,0.0003035473,0.0,0.0,0,0.0,2,2.0,Commons,Commons,2.664535e-12
E3,il1,tier3s,-,stock.manufactures*0.5,3S,CONVERGED,CONVERGED,164,164,-,-,0,0,0.5,0.5,0.0,0.0,0,0.0,0,0.0,Idle,Idle,4.884981e-12
E3,il1,tier3s,-,stock.food*0.5,3S,CONVERGED,CONVERGED,320,320,-,-,0,0,0.5,0.5,0.0,0.0,0,0.0,0,0.0,Idle,Idle,5.107026e-12
E3,il1,tier3s,-,stock.manufactures*2,3S,CONVERGED,CONVERGED,234,234,-,-,0,0,0.9360683977026825,0.9360684,0.0,0.0,0,0.0,0,0.0,Idle,Idle,4.996004e-12
E3,il1,tier3s,-,stock.care*2,3S,CONVERGED,CONVERGED,193,193,-,-,0,0,0.9330550856519486,0.9330551,0.0,0.0,0,0.0,0,0.0,Idle,Idle,5.77316e-12
E3,il1,tier3s,-,stock.care*0.5,3S,CONVERGED,CONVERGED,158,158,-,-,0,0,0.5,0.5,0.0,0.0,0,0.0,0,0.0,Idle,Idle,5.107026e-12
E3,il1,tier3s,-,stock.food*2,3S,CONVERGED,CONVERGED,307,307,-,-,0,0,0.9597977800318864,0.9597978,0.0,0.0,0,0.0,0,0.0,Idle,Idle,5.662137e-12
E3,il1,tier3s,-,stock.shelter*0.5,3S,CONVERGED,CONVERGED,157,157,-,-,0,0,0.5,0.5,0.0,0.0,0,0.0,0,0.0,Idle,Idle,5.440093e-12
E3,il1,tier3s,-,stock.shelter*2,3S,CONVERGED,CONVERGED,204,204,-,-,0,0,0.9351646731961649,0.9351647,0.0,0.0,0,0.0,0,0.0,Idle,Idle,4.218847e-12
E3,il1,tier3s,-,stock.mach*2,3S,CONVERGED,CONVERGED,268,268,-,-,0,0,0.9799133789029575,0.9799134,0.0,0.0,0,0.0,0,0.0,Idle,Idle,5.440093e-12
E3,il1,tier3s,-,stock.mach*0.5,3S,CONVERGED,CONVERGED,368,368,-,-,2,2,0.28571428571428575,0.2857143,0.0,0.0,0,0.0,0,0.0,Idle,Idle,5.440093e-12
E3,il1,tier3s,-,coin.desk.manufactures*0.5,3S,CONVERGED,CONVERGED,378,378,-,-,0,0,0.5,0.5,0.0,0.0,0,0.0,0,0.0,Idle,Idle,5.440093e-12
E3,il1,tier3s,-,coin.desk.food*0.5,3S,CONVERGED,CONVERGED,533,533,-,-,0,1,0.5,0.5,0.0,0.0,0,0.0,0,0.0,Idle,Idle,5.440093e-12
E3,il1,tier3s,-,coin.desk.manufactures*2,3S,CONVERGED,CONVERGED,407,407,-,-,0,0,0.6603677593640117,0.6603678,0.0,0.0,0,0.0,0,0.0,Idle,Idle,5.440093e-12
E3,il1,tier3s,-,coin.desk.care*0.5,3S,CONVERGED,CONVERGED,323,323,-,-,0,0,0.5,0.5,0.0,0.0,0,0.0,0,0.0,Idle,Idle,4.773959e-12
E3,il1,tier3s,-,coin.desk.food*2,3S,CONVERGED,CONVERGED,541,541,-,-,0,0,0.5984918259267787,0.5984918,0.0,0.0,0,0.0,0,0.0,Idle,Idle,3.663736e-12
E3,il1,tier3s,-,coin.desk.care*2,3S,CONVERGED,CONVERGED,347,347,-,-,0,0,0.6733404275880579,0.6733404,0.0,0.0,0,0.0,0,0.0,Idle,Idle,4.996004e-12
E3,il1,tier3s,-,coin.desk.shelter*0.5,3S,CONVERGED,CONVERGED,365,365,-,-,0,0,0.5,0.5,0.0,0.0,0,0.0,0,0.0,Idle,Idle,5.329071e-12
E3,il1,tier3s,-,coin.desk.shelter*2,3S,CONVERGED,CONVERGED,392,392,-,-,0,0,0.6640521499930515,0.6640521,0.0,0.0,0,0.0,0,0.0,Idle,Idle,4.884981e-12
E3,il1,tier3s,-,coin.desk.mach*0.5,3S,CONVERGED,CONVERGED,547,547,-,-,0,1,0.5595747243576128,0.5595747,0.0,0.0,0,0.0,0,0.0,Idle,Idle,5.662137e-12
E3,il1,tier3s,-,coin.desk.mach*2,3S,CONVERGED,CONVERGED,514,514,-,-,0,0,0.5714285714285715,0.5714286,0.0,0.0,0,0.0,0,0.0,Idle,Idle,3.885781e-12
E3,il1,tier3s,-,coin.workers*0.5,3S,CONVERGED,CONVERGED,432,432,-,-,0,1,0.5,0.5,0.0,0.0,0,0.0,0,0.0,Idle,Idle,4.32987e-12
E3,il1,tier3s,-,coin.workers*2,3S,CONVERGED,CONVERGED,477,477,-,-,0,0,0.7144087968195343,0.7144088,0.0,0.0,0,0.0,0,0.0,Idle,Idle,5.107026e-12
E5,il1,stocks,-,coin.desk.manufactures*0.1,0,CONVERGED,CONVERGED,471,471,-,-,23,23,0.09999999999999999,0.1,0.0,0.0,0,0.0,0,0.0,Idle,Idle,5.77316e-12
E5,il1,stocks,-,coin.desk.manufactures*0.02,0,CONVERGED,CONVERGED,495,495,-,-,26,26,0.019999999999999997,0.02,0.0,0.0,0,0.0,0,0.0,Idle,Idle,4.662937e-12
E5,il1,stocks,-,coin.desk.manufactures*0.5,0,CONVERGED,CONVERGED,378,378,-,-,0,0,0.5,0.5,0.0,0.0,0,0.0,0,0.0,Idle,Idle,5.440093e-12
E5,il1,stocks,-,coin.desk.manufactures*2,0,CONVERGED,CONVERGED,407,407,-,-,0,0,0.6603677593640117,0.6603678,0.0,0.0,0,0.0,0,0.0,Idle,Idle,5.440093e-12
E5,il1,stocks,-,coin.desk.food*0.1,0,CONVERGED,CONVERGED,633,633,-,-,92,92,0.1,0.1,0.0,0.0,0,0.0,0,0.0,Idle,Idle,4.773959e-12
E5,il1,stocks,-,coin.desk.food*0.02,0,CONVERGED,CONVERGED,662,662,-,-,103,103,0.020000000000000004,0.02,0.0,0.0,0,0.0,0,0.0,Idle,Idle,4.662937e-12
E5,il1,stocks,-,stock.manufactures*0.1,0,CONVERGED,CONVERGED,218,218,-,-,1,1,0.1,0.1,0.0,0.0,0,0.0,0,0.0,Idle,Idle,4.884981e-12
E5,il1,stocks,-,stock.manufactures*2,0,CONVERGED,CONVERGED,234,234,-,-,0,0,0.9360683977026825,0.9360684,0.0,0.0,0,0.0,0,0.0,Idle,Idle,4.996004e-12
E5,il1,stocks,-,stock.manufactures*0.5,0,CONVERGED,CONVERGED,164,164,-,-,0,0,0.5,0.5,0.0,0.0,0,0.0,0,0.0,Idle,Idle,4.884981e-12
E5,il1,stocks,-,coin.desk.food*0.5,0,CONVERGED,CONVERGED,533,533,-,-,0,1,0.5,0.5,0.0,0.0,0,0.0,0,0.0,Idle,Idle,5.440093e-12
E5,il1,stocks,-,coin.desk.food*2,0,CONVERGED,CONVERGED,541,541,-,-,0,0,0.5984918259267787,0.5984918,0.0,0.0,0,0.0,0,0.0,Idle,Idle,3.663736e-12
E5,il1,stocks,-,stock.food*0.1,0,CONVERGED,CONVERGED,372,372,-,-,1,1,0.1,0.1,0.0,0.0,0,0.0,0,0.0,Idle,Idle,4.884981e-12
E5,il1,stocks,-,stock.food*0.5,0,CONVERGED,CONVERGED,320,320,-,-,0,0,0.5,0.5,0.0,0.0,0,0.0,0,0.0,Idle,Idle,5.107026e-12
E5,il1,stocks,-,stock.food*2,0,CONVERGED,CONVERGED,307,307,-,-,0,0,0.9597977800318864,0.9597978,0.0,0.0,0,0.0,0,0.0,Idle,Idle,5.662137e-12
E5,il1,stocks,-,coin.desk.care*0.1,0,CONVERGED,CONVERGED,416,416,-,-,23,23,0.09999999999999999,0.1,0.0,0.0,0,0.0,0,0.0,Idle,Idle,5.662137e-12
E5,il1,stocks,-,coin.desk.care*0.5,0,CONVERGED,CONVERGED,323,323,-,-,0,0,0.5,0.5,0.0,0.0,0,0.0,0,0.0,Idle,Idle,4.773959e-12
E5,il1,stocks,-,coin.desk.care*0.02,0,CONVERGED,CONVERGED,440,440,-,-,26,26,0.02,0.02,0.0,0.0,0,0.0,0,0.0,Idle,Idle,5.77316e-12
E5,il1,stocks,-,coin.desk.care*2,0,CONVERGED,CONVERGED,347,347,-,-,0,0,0.6733404275880579,0.6733404,0.0,0.0,0,0.0,0,0.0,Idle,Idle,4.996004e-12
E5,il1,stocks,-,stock.care*0.5,0,CONVERGED,CONVERGED,158,158,-,-,0,0,0.5,0.5,0.0,0.0,0,0.0,0,0.0,Idle,Idle,5.107026e-12
E5,il1,stocks,-,stock.care*0.1,0,CONVERGED,CONVERGED,212,212,-,-,1,1,0.1,0.1,0.0,0.0,0,0.0,0,0.0,Idle,Idle,5.77316e-12
E5,il1,stocks,-,coin.desk.shelter*0.02,0,CONVERGED,CONVERGED,482,482,-,-,26,26,0.02,0.02,0.0,0.0,0,0.0,0,0.0,Idle,Idle,5.329071e-12
E5,il1,stocks,-,stock.care*2,0,CONVERGED,CONVERGED,193,193,-,-,0,0,0.9330550856519486,0.9330551,0.0,0.0,0,0.0,0,0.0,Idle,Idle,5.77316e-12
E5,il1,stocks,-,coin.desk.shelter*0.5,0,CONVERGED,CONVERGED,365,365,-,-,0,0,0.5,0.5,0.0,0.0,0,0.0,0,0.0,Idle,Idle,5.329071e-12
E5,il1,stocks,-,coin.desk.shelter*0.1,0,CONVERGED,CONVERGED,458,458,-,-,23,23,0.1,0.1,0.0,0.0,0,0.0,0,0.0,Idle,Idle,4.32987e-12
E5,il1,stocks,-,stock.shelter*0.1,0,CONVERGED,CONVERGED,217,217,-,-,1,1,0.1,0.1,0.0,0.0,0,0.0,0,0.0,Idle,Idle,5.440093e-12
E5,il1,stocks,-,coin.desk.shelter*2,0,CONVERGED,CONVERGED,392,392,-,-,0,0,0.6640521499930515,0.6640521,0.0,0.0,0,0.0,0,0.0,Idle,Idle,4.884981e-12
E5,il1,stocks,-,stock.shelter*0.5,0,CONVERGED,CONVERGED,157,157,-,-,0,0,0.5,0.5,0.0,0.0,0,0.0,0,0.0,Idle,Idle,5.440093e-12
E5,il1,stocks,-,coin.desk.mach*0.02,0,CONVERGED,CONVERGED,655,655,-,-,65,65,0.10639167542216711,0.1063917,0.0,0.0,0,0.0,0,0.0,Idle,Idle,4.218847e-12
E5,il1,stocks,-,stock.shelter*2,0,CONVERGED,CONVERGED,204,204,-,-,0,0,0.9351646731961649,0.9351647,0.0,0.0,0,0.0,0,0.0,Idle,Idle,4.218847e-12
E5,il1,stocks,-,coin.desk.mach*0.1,0,CONVERGED,CONVERGED,635,635,-,-,40,40,0.18381892402726593,0.1838189,0.0,0.0,0,0.0,0,0.0,Idle,Idle,5.329071e-12
E5,il1,stocks,-,coin.desk.mach*2,0,CONVERGED,CONVERGED,514,514,-,-,0,0,0.5714285714285715,0.5714286,0.0,0.0,0,0.0,0,0.0,Idle,Idle,3.885781e-12
E5,il1,stocks,-,stock.mach*0.5,0,CONVERGED,CONVERGED,368,368,-,-,2,2,0.28571428571428575,0.2857143,0.0,0.0,0,0.0,0,0.0,Idle,Idle,5.440093e-12
E5,il1,stocks,-,coin.desk.mach*0.5,0,CONVERGED,CONVERGED,547,547,-,-,0,1,0.5595747243576128,0.5595747,0.0,0.0,0,0.0,0,0.0,Idle,Idle,5.662137e-12
E5,il1,stocks,-,stock.mach*0.1,0,CONVERGED,CONVERGED,460,460,-,-,3,3,0.0,0.0,0.0,0.0,0,0.0,0,0.0,Idle,Idle,5.107026e-12
E5,il1,stocks,-,stock.mach*2,0,CONVERGED,CONVERGED,268,268,-,-,0,0,0.9799133789029575,0.9799134,0.0,0.0,0,0.0,0,0.0,Idle,Idle,5.440093e-12
E5,il1,stocks,-,stock.mach*0.01,0,CONVERGED,CONVERGED,523,523,-,-,5,5,0.0,0.0,0.0,0.0,0,0.0,0,0.0,Idle,Idle,5.440093e-12
E5,il1,stocks,-,stock.mach*10,0,CONVERGED,CONVERGED,308,308,-,-,0,0,0.9682468895012698,0.9682469,0.0,0.0,0,0.0,0,0.0,Idle,Idle,6.106227e-12
E5,il1,stocks,-,coin.workers*0.1,0,CONVERGED,CONVERGED,489,489,-,-,3,3,0.09999999999999999,0.1,0.0,0.0,0,0.0,0,0.0,Idle,Idle,4.996004e-12
E5,il1,stocks,-,coin.workers*2,0,CONVERGED,CONVERGED,477,477,-,-,0,0,0.7144087968195343,0.7144088,0.0,0.0,0,0.0,0,0.0,Idle,Idle,5.107026e-12
E5,il1,joint2,-,"joint(2,2)",0,CONVERGED,CONVERGED,532,532,-,-,30,30,0.3866847359439351,0.3866847,0.0,0.0,0,0.0,0,0.0,Idle,Idle,5.107026e-12
E5,il1,joint2,-,"joint(2,1)",0,CONVERGED,CONVERGED,589,589,-,-,18,18,0.4557170578587196,0.4557171,0.0,0.0,0,0.0,0,0.0,Idle,Idle,5.107026e-12
E5,il1,joint2,-,"joint(2,3)",0,CONVERGED,CONVERGED,523,523,-,-,0,0,0.5722389616978377,0.572239,0.0,0.0,0,0.0,2,2.0,Idle,Idle,5.329071e-12
E5,il1,joint2,-,"joint(2,4)",0,CONVERGED,CONVERGED,599,599,-,-,30,30,0.3875578031817302,0.3875578,0.0,0.0,0,0.0,0,0.0,Idle,Idle,4.773959e-12
E5,il1,joint2,-,"joint(2,5)",0,CONVERGED,CONVERGED,658,658,-,-,96,96,0.2757868341344857,0.2757868,0.0,0.0,0,0.0,0,0.0,Idle,Idle,5.551115e-12
E5,il1,joint2,-,"joint(2,6)",0,CONVERGED,CONVERGED,527,527,-,-,0,0,0.567808152016811,0.5678082,0.0,0.0,0,0.0,2,2.0,Idle,Idle,6.106227e-12
E5,il1,joint2,-,"joint(2,9)",0,CONVERGED,CONVERGED,532,532,-,-,39,39,0.2955962969998036,0.2955963,0.0,0.0,0,0.0,0,0.0,Idle,Idle,5.107026e-12
E5,il1,joint2,-,"joint(2,8)",0,CONVERGED,CONVERGED,610,610,-,-,52,52,0.1874402794462319,0.1874403,0.0,0.0,0,0.0,0,0.0,Idle,Idle,5.440093e-12
E5,il1,joint2,-,"joint(2,7)",0,CONVERGED,CONVERGED,404,404,-,-,0,0,0.5510638473527654,0.5510638,0.0,0.0,0,0.0,0,0.0,Idle,Idle,5.440093e-12
E5,il1,joint2,-,"joint(2,11)",0,CONVERGED,CONVERGED,511,511,-,-,0,0,0.5630995518017208,0.5630996,0.0,0.0,0,0.0,2,2.0,Idle,Idle,5.107026e-12
E5,il1,joint2,-,"joint(2,10)",0,CONVERGED,CONVERGED,615,615,-,-,63,63,0.0,0.0,0.0,0.0,0,0.0,0,0.0,Idle,Idle,5.440093e-12
E5,il1,joint2,-,"joint(2,12)",0,CONVERGED,CONVERGED,527,527,-,-,31,31,0.37602203002920126,0.376022,0.0,0.0,0,0.0,0,0.0,Idle,Idle,5.440093e-12
E5,il1,joint2,-,"joint(2,13)",0,CONVERGED,CONVERGED,571,571,-,-,0,0,0.5180549942465057,0.518055,0.0,0.0,0,0.0,0,0.0,Idle,Idle,5.995204e-12
E5,il1,joint2,-,"joint(2,14)",0,CONVERGED,CONVERGED,556,556,-,-,36,36,0.3601726313486227,0.3601726,0.0,0.0,0,0.0,2,2.0,Idle,Idle,5.107026e-12
E5,il1,joint2,-,"joint(2,15)",0,CONVERGED,CONVERGED,586,586,-,-,29,29,0.41608315447232064,0.4160832,0.0,0.0,0,0.0,0,0.0,Idle,Idle,5.107026e-12
E5,il1,joint2,-,"joint(2,17)",0,CONVERGED,CONVERGED,536,536,-,-,0,0,0.5706443222633586,0.5706443,0.0,0.0,0,0.0,2,2.0,Idle,Idle,4.773959e-12
E5,il1,joint2,-,"joint(2,16)",0,CONVERGED,CONVERGED,394,394,-,-,0,0,0.5645847687250914,0.5645848,0.0,0.0,0,0.0,0,0.0,Idle,Idle,5.107026e-12
E5,il1,joint2,-,"joint(2,18)",0,CONVERGED,CONVERGED,635,635,-,-,60,60,0.0,0.0,0.0,0.0,0,0.0,0,0.0,Idle,Idle,5.440093e-12
E5,il1,joint2,-,"joint(2,19)",0,CONVERGED,CONVERGED,558,558,-,-,0,0,0.5649334457959396,0.5649334,0.0,0.0,0,0.0,0,0.0,Idle,Idle,5.440093e-12
E5,il1,joint2,-,"joint(2,20)",0,CONVERGED,CONVERGED,598,598,-,-,46,46,0.3118596784987283,0.3118597,0.0,0.0,0,0.0,0,0.0,Idle,Idle,6.106227e-12
E5,il1,joint2,-,"joint(2,21)",0,CONVERGED,CONVERGED,613,613,-,-,59,59,0.0,0.0,0.0,0.0,0,0.0,0,0.0,Idle,Idle,5.329071e-12
E5,il1,joint2,-,"joint(2,23)",0,CONVERGED,CONVERGED,593,593,-,-,57,57,0.1335215643649395,0.1335216,0.0,0.0,0,0.0,0,0.0,Idle,Idle,5.107026e-12
E5,il1,joint2,-,"joint(2,22)",0,CONVERGED,CONVERGED,510,510,-,-,35,35,0.38352447083992985,0.3835245,0.0,0.0,0,0.0,0,0.0,Idle,Idle,5.329071e-12
E5,il1,joint2,-,"joint(2,24)",0,CONVERGED,CONVERGED,579,579,-,-,48,48,0.22041869470985184,0.2204187,0.0,0.0,0,0.0,0,0.0,Idle,Idle,5.107026e-12
E5,il1,joint2,-,"joint(2,26)",0,CONVERGED,CONVERGED,534,534,-,-,0,0,0.5271752668299855,0.5271753,0.0,0.0,0,0.0,0,0.0,Idle,Idle,5.662137e-12
E5,il1,joint2,-,"joint(2,27)",0,CONVERGED,CONVERGED,517,517,-,-,36,36,0.31715093362978997,0.3171509,0.0,0.0,0,0.0,0,0.0,Idle,Idle,5.440093e-12
E5,il1,joint2,-,"joint(2,28)",0,CONVERGED,CONVERGED,418,418,-,-,0,0,0.7529780769045495,0.7529781,0.0,0.0,0,0.0,0,0.0,Idle,Idle,5.107026e-12
E5,il1,joint2,-,"joint(2,25)",0,CONVERGED,CONVERGED,448,448,-,-,27,27,0.4124215627967577,0.4124216,0.0,0.0,0,0.0,0,0.0,Idle,Idle,5.329071e-12
E5,il1,joint2,-,"joint(2,30)",0,CONVERGED,CONVERGED,525,525,-,-,0,0,0.6306620854995219,0.6306621,0.0,0.0,0,0.0,0,0.0,Idle,Idle,5.440093e-12
E5,il1,joint2,-,"joint(2,31)",0,CONVERGED,CONVERGED,509,509,-,-,0,0,0.5828819582704451,0.582882,0.0,0.0,0,0.0,0,0.0,Idle,Idle,5.107026e-12
E5,il1,joint2,-,"joint(2,29)",0,CONVERGED,CONVERGED,578,578,-,-,40,40,0.30238119532379604,0.3023812,0.0,0.0,0,0.0,0,0.0,Idle,Idle,5.107026e-12
E5,il1,joint2,-,"joint(2,32)",0,CONVERGED,CONVERGED,527,527,-,-,32,32,0.4521589303201987,0.4521589,0.0,0.0,0,0.0,0,0.0,Idle,Idle,5.107026e-12
E5,il1,joint2,-,"joint(2,33)",0,CONVERGED,CONVERGED,451,451,-,-,0,0,0.6484168489282318,0.6484168,0.0,0.0,0,0.0,0,0.0,Idle,Idle,5.440093e-12
E5,il1,joint2,-,"joint(2,34)",0,CONVERGED,CONVERGED,552,552,-,-,15,15,0.4386976368092588,0.4386976,0.0,0.0,0,0.0,2,2.0,Idle,Idle,5.440093e-12
E5,il1,joint2,-,"joint(2,36)",0,CONVERGED,CONVERGED,605,605,-,-,38,38,0.4113399493299343,0.4113399,0.0,0.0,0,0.0,0,0.0,Idle,Idle,5.107026e-12
E5,il1,joint2,-,"joint(2,38)",0,CONVERGED,CONVERGED,529,529,-,-,0,0,0.5174037468086007,0.5174037,0.0,0.0,0,0.0,2,2.0,Idle,Idle,5.107026e-12
E5,il1,joint2,-,"joint(2,35)",0,CONVERGED,CONVERGED,469,469,-,-,0,0,0.6513980424048077,0.651398,0.0,0.0,0,0.0,0,0.0,Idle,Idle,5.107026e-12
E5,il1,joint2,-,"joint(2,39)",0,CONVERGED,CONVERGED,538,538,-,-,14,14,0.47949400397969105,0.479494,0.0,0.0,0,0.0,0,0.0,Idle,Idle,5.662137e-12
E5,il1,joint2,-,"joint(2,40)",0,CONVERGED,CONVERGED,572,572,-,-,0,0,0.5173913600991185,0.5173914,0.0,0.0,0,0.0,0,0.0,Idle,Idle,5.107026e-12
E5,il1,joint2,-,"joint(2,41)",0,CONVERGED,CONVERGED,596,596,-,-,55,55,0.07100101398004802,0.07100101,0.0,0.0,0,0.0,0,0.0,Idle,Idle,4.884981e-12
E5,il1,joint2,-,"joint(2,37)",0,CONVERGED,CONVERGED,597,597,-,-,56,56,0.411195740799112,0.4111957,0.0,0.0,0,0.0,0,0.0,Idle,Idle,5.107026e-12
E5,il1,joint2,-,"joint(2,43)",0,CONVERGED,CONVERGED,517,517,-,-,49,49,0.3367684722305153,0.3367685,0.0,0.0,0,0.0,0,0.0,Idle,Idle,5.440093e-12
E5,il1,joint2,-,"joint(2,42)",0,CONVERGED,CONVERGED,511,511,-,-,10,10,0.4877110750379383,0.4877111,0.0,0.0,0,0.0,2,2.0,Idle,Idle,5.440093e-12
E5,il1,joint2,-,"joint(2,44)",0,CONVERGED,CONVERGED,597,597,-,-,40,40,0.31623496063181256,0.316235,0.0,0.0,0,0.0,0,0.0,Idle,Idle,5.329071e-12
E5,il1,joint2,-,"joint(2,46)",0,CONVERGED,CONVERGED,543,543,-,-,0,0,0.5040336455902403,0.5040336,0.0,0.0,0,0.0,0,0.0,Idle,Idle,5.440093e-12
E5,il1,joint2,-,"joint(2,45)",0,CONVERGED,CONVERGED,563,563,-,-,56,56,0.19137907613011954,0.1913791,0.0,0.0,0,0.0,0,0.0,Idle,Idle,5.440093e-12
E5,il1,joint2,-,"joint(2,47)",0,CONVERGED,CONVERGED,517,517,-,-,0,0,0.5971335518756846,0.5971336,0.0,0.0,0,0.0,0,0.0,Idle,Idle,5.107026e-12
E5,il1,joint2,-,"joint(2,48)",0,CONVERGED,CONVERGED,542,542,-,-,39,39,0.17456875414859488,0.1745688,0.0,0.0,0,0.0,0,0.0,Idle,Idle,5.329071e-12
E5,il1,joint2,-,"joint(2,50)",0,CONVERGED,CONVERGED,576,576,-,-,18,18,0.4732010095307078,0.473201,0.0,0.0,0,0.0,0,0.0,Idle,Idle,5.329071e-12
E5,il1,joint2,-,"joint(2,49)",0,CONVERGED,CONVERGED,628,628,-,-,60,60,0.0,0.0,0.0,0.0,0,0.0,0,0.0,Idle,Idle,5.440093e-12
E5,il1,joint2,-,"joint(2,51)",0,CONVERGED,CONVERGED,511,511,-,-,0,0,0.617125734049992,0.6171257,0.0,0.0,0,0.0,2,2.0,Idle,Idle,4.773959e-12
E5,il1,joint2,-,"joint(2,52)",0,CONVERGED,CONVERGED,559,559,-,-,25,25,0.4328294440621267,0.4328294,0.0,0.0,0,0.0,0,0.0,Idle,Idle,5.329071e-12
E5,il1,joint2,-,"joint(2,53)",0,CONVERGED,CONVERGED,519,519,-,-,0,0,0.5806773951380045,0.5806774,0.0,0.0,0,0.0,0,0.0,Idle,Idle,5.107026e-12
E5,il1,joint2,-,"joint(2,55)",0,CONVERGED,CONVERGED,530,530,-,-,44,44,0.30397292544164356,0.3039729,0.0,0.0,0,0.0,0,0.0,Idle,Idle,5.440093e-12
E5,il1,joint2,-,"joint(2,54)",0,CONVERGED,CONVERGED,548,548,-,-,40,40,0.2960489060991082,0.2960489,0.0,0.0,0,0.0,0,0.0,Idle,Idle,5.440093e-12
E5,il1,joint2,-,"joint(2,56)",0,CONVERGED,CONVERGED,499,499,-,-,0,0,0.6799130508559353,0.6799131,0.0,0.0,0,0.0,0,0.0,Idle,Idle,4.773959e-12
E5,il1,joint2,-,"joint(2,60)",0,CONVERGED,CONVERGED,591,591,-,-,45,45,0.24477632221044798,0.2447763,0.0,0.0,0,0.0,0,0.0,Idle,Idle,4.884981e-12
E5,il1,joint2,-,"joint(2,58)",0,CONVERGED,CONVERGED,510,510,-,-,0,0,0.50228650544851,0.5022865,0.0,0.0,0,0.0,2,2.0,Idle,Idle,5.107026e-12
E5,il1,joint2,-,"joint(2,59)",0,CONVERGED,CONVERGED,544,544,-,-,0,0,0.5188860232545858,0.518886,0.0,0.0,0,0.0,2,2.0,Idle,Idle,5.440093e-12
E5,il1,joint2,-,"joint(2,57)",0,CONVERGED,CONVERGED,497,497,-,-,0,0,0.559567948408276,0.5595679,0.0,0.0,0,0.0,0,0.0,Idle,Idle,5.77316e-12
E5,il1,joint4,-,"joint(4,10)",0,DIVERGED,DIVERGED,-,-,254,269,255,270,0.0,0.0,0.0,0.0,0,0.0,0,0.0,Idle,Idle,inf
E5,il1,joint4,-,"joint(4,1)",0,CONVERGED,CONVERGED,671,671,-,-,99,99,0.17927367358936494,0.1792737,0.0,0.0,0,0.0,0,0.0,Idle,Idle,5.995204e-12
E5,il1,joint4,-,"joint(4,3)",0,CONVERGED,CONVERGED,656,656,-,-,127,127,0.15390050396616745,0.1539005,0.0,0.0,0,0.0,2,2.0,Idle,Idle,5.440093e-12
E5,il1,joint4,-,"joint(4,2)",0,CONVERGED,CONVERGED,603,603,-,-,57,57,0.14020688601496847,0.1402069,0.0,0.0,0,0.0,0,0.0,Idle,Idle,5.440093e-12
E5,il1,joint4,-,"joint(4,4)",0,CONVERGED,CONVERGED,680,680,-,-,97,97,0.1331246432156493,0.1331246,0.0,0.0,0,0.0,0,0.0,Idle,Idle,5.440093e-12
E5,il1,joint4,-,"joint(4,6)",0,CONVERGED,CONVERGED,655,655,-,-,141,141,0.15270184268594547,0.1527018,0.0,0.0,0,0.0,4,4.0,Idle,Idle,5.440093e-12
E5,il1,joint4,-,"joint(4,5)",0,CONVERGED,CONVERGED,834,834,-,-,246,246,0.024304567864866112,0.02430457,0.0,0.0,0,0.0,0,0.0,Idle,Idle,4.884981e-12
E5,il1,joint4,-,"joint(4,8)",0,CONVERGED,CONVERGED,698,698,-,-,111,111,0.024394826236714056,0.02439483,0.0,0.0,0,0.0,0,0.0,Idle,Idle,5.107026e-12
E5,il1,joint4,-,"joint(4,7)",0,CONVERGED,CONVERGED,474,474,-,-,44,44,0.29257078009534815,0.2925708,0.0,0.0,0,0.0,0,0.0,Idle,Idle,5.107026e-12
E5,il1,joint4,-,"joint(4,9)",0,CONVERGED,CONVERGED,603,603,-,-,66,66,0.07665833872869075,0.07665834,0.0,0.0,0,0.0,0,0.0,Idle,Idle,5.107026e-12
E5,il1,joint4,-,"joint(4,11)",0,CONVERGED,CONVERGED,619,619,-,-,116,116,0.1674283814532286,0.1674284,0.0,0.0,0,0.0,2,2.0,Idle,Idle,5.107026e-12
E5,il1,joint4,-,"joint(4,12)",0,CONVERGED,CONVERGED,636,636,-,-,111,111,0.047669656359885106,0.04766966,0.0,0.0,0,0.0,2,2.0,Idle,Idle,5.77316e-12
E5,il1,joint4,-,"joint(4,13)",0,CONVERGED,CONVERGED,645,645,-,-,102,102,0.23344903779732032,0.233449,0.0,0.0,0,0.0,0,0.0,Idle,Idle,5.107026e-12
E5,il1,joint4,-,"joint(4,15)",0,CONVERGED,CONVERGED,669,669,-,-,118,118,0.13260898474330937,0.132609,0.0,0.0,0,0.0,0,0.0,Idle,Idle,5.440093e-12
E5,il1,joint4,-,"joint(4,14)",0,CONVERGED,CONVERGED,704,704,-,-,204,204,0.014689072215400962,0.01468907,0.0,0.0,0,0.0,4,4.0,Idle,Idle,5.107026e-12
E5,il1,joint4,-,"joint(4,16)",0,CONVERGED,CONVERGED,463,463,-,-,51,51,0.3360501258405792,0.3360501,0.0,0.0,0,0.0,0,0.0,Idle,Idle,4.773959e-12
E5,il1,joint4,-,"joint(4,18)",0,CONVERGED,CONVERGED,744,744,-,-,153,153,0.0,0.0,0.0,0.0,0,0.0,0,0.0,Idle,Idle,5.107026e-12
E5,il1,joint4,-,"joint(4,19)",0,CONVERGED,CONVERGED,650,650,-,-,123,123,0.26570335620849583,0.2657034,0.0,0.0,0,0.0,2,2.0,Idle,Idle,5.107026e-12
E5,il1,joint4,-,"joint(4,20)",0,CONVERGED,CONVERGED,692,692,-,-,105,105,0.051519692377096006,0.05151969,0.0,0.0,0,0.0,0,0.0,Idle,Idle,5.440093e-12
E5,il1,joint4,-,"joint(4,17)",0,CONVERGED,CONVERGED,638,638,-,-,136,136,0.10326617142436968,0.1032662,0.0,0.0,0,0.0,2,2.0,Idle,Idle,5.440093e-12
E5,il1,joint4,-,"joint(4,21)",0,CONVERGED,CONVERGED,717,717,-,-,127,127,0.0,0.0,0.0,0.0,0,0.0,0,0.0,Idle,Idle,5.107026e-12
E5,il1,joint4,-,"joint(4,22)",0,CONVERGED,CONVERGED,584,584,-,-,82,82,0.20836213532758363,0.2083621,0.0,0.0,0,0.0,6,6.0,Idle,Idle,5.107026e-12
E5,il1,joint4,-,"joint(4,24)",0,CONVERGED,CONVERGED,656,656,-,-,94,94,0.03908701463596331,0.03908701,0.0,0.0,0,0.0,0,0.0,Idle,Idle,6.106227e-12
E5,il1,joint4,-,"joint(4,23)",0,CONVERGED,CONVERGED,671,671,-,-,103,103,0.015953041500140784,0.01595304,0.0,0.0,0,0.0,0,0.0,Idle,Idle,4.773959e-12
E5,il1,joint4,-,"joint(4,25)",0,CONVERGED,CONVERGED,522,522,-,-,62,62,0.16053807344448914,0.1605381,0.0,0.0,0,0.0,0,0.0,Idle,Idle,6.106227e-12
E5,il1,joint4,-,"joint(4,27)",0,CONVERGED,CONVERGED,591,591,-,-,63,63,0.08515537157893768,0.08515537,0.0,0.0,0,0.0,0,0.0,Idle,Idle,6.106227e-12
E5,il1,joint4,-,"joint(4,26)",0,CONVERGED,CONVERGED,611,611,-,-,112,112,0.08596570053760004,0.0859657,0.0,0.0,0,0.0,2,2.0,Idle,Idle,5.995204e-12
E5,il1,joint4,-,"joint(4,28)",0,CONVERGED,CONVERGED,474,474,-,-,0,0,0.5837331708340158,0.5837332,0.0,0.0,0,0.0,0,0.0,Idle,Idle,4.996004e-12
E5,il1,joint4,-,"joint(4,29)",0,CONVERGED,CONVERGED,654,654,-,-,107,107,0.07612216511673611,0.07612217,0.0,0.0,0,0.0,0,0.0,Idle,Idle,5.995204e-12
E5,il1,joint4,-,"joint(4,31)",0,CONVERGED,CONVERGED,576,576,-,-,40,40,0.3521079599911379,0.352108,0.0,0.0,0,0.0,0,0.0,Idle,Idle,5.440093e-12
E5,il1,joint4,-,"joint(4,30)",0,CONVERGED,CONVERGED,606,606,-,-,55,55,0.35277385128978195,0.3527739,0.0,0.0,0,0.0,0,0.0,Idle,Idle,5.107026e-12
E5,il1,joint4,-,"joint(4,32)",0,CONVERGED,CONVERGED,601,601,-,-,66,66,0.2339005229781512,0.2339005,0.0,0.0,0,0.0,0,0.0,Idle,Idle,5.440093e-12
E5,il1,joint4,-,"joint(4,33)",0,CONVERGED,CONVERGED,528,528,-,-,47,47,0.34330250121605677,0.3433025,0.0,0.0,0,0.0,2,2.0,Idle,Idle,5.107026e-12
E5,il1,joint4,-,"joint(4,34)",0,CONVERGED,CONVERGED,674,674,-,-,172,172,0.04051950025219442,0.0405195,0.0,0.0,0,0.0,6,6.0,Idle,Idle,5.107026e-12
E5,il1,joint4,-,"joint(4,35)",0,CONVERGED,CONVERGED,546,546,-,-,34,34,0.3899036021387595,0.3899036,0.0,0.0,0,0.0,0,0.0,Idle,Idle,5.440093e-12
E5,il1,joint4,-,"joint(4,36)",0,CONVERGED,CONVERGED,695,695,-,-,116,116,0.13326162788631693,0.1332616,0.0,0.0,0,0.0,0,0.0,Idle,Idle,5.440093e-12
E5,il1,joint4,-,"joint(4,37)",0,CONVERGED,CONVERGED,685,685,-,-,138,138,0.1418664546454543,0.1418665,0.0,0.0,0,0.0,0,0.0,Idle,Idle,5.440093e-12
E5,il1,joint4,-,"joint(4,39)",0,CONVERGED,CONVERGED,616,616,-,-,82,82,0.10402710672002441,0.1040271,0.0,0.0,0,0.0,8,8.0,Idle,Idle,5.107026e-12
E5,il1,joint4,-,"joint(4,38)",0,CONVERGED,CONVERGED,626,626,-,-,89,89,0.23421874898357656,0.2342187,0.0,0.0,0,0.0,10,10.0,Idle,Idle,4.773959e-12
E5,il1,joint4,-,"joint(4,40)",0,CONVERGED,CONVERGED,666,666,-,-,127,127,0.24240249325507038,0.2424025,0.0,0.0,0,0.0,0,0.0,Idle,Idle,5.107026e-12
E5,ct2,tpy12,-,p[labour]*1.05,1,CONVERGED,CONVERGED,907,907,-,-,0,0,0.9028476074130237,0.9028476,0.0,0.0,0,0.0,0,0.0,Commons,Commons,1.554312e-11
E5,ct2,tpy12,-,p[labour]*0.95,1,CONVERGED,CONVERGED,1005,1005,-,-,0,0,0.7680998325863507,0.7680998,0.0,0.0,0,0.0,0,0.0,Commons,Commons,1.376677e-11
E5,ct2,tpy12,-,p[labour]*1.2,2,CONVERGED,CONVERGED,1008,1008,-,-,0,0,0.8076740535628222,0.8076741,0.0,0.0,0,0.0,0,0.0,Commons,Commons,5.107026e-12
E5,ct2,tpy12,-,p[labour]*0.8,2,CONVERGED,CONVERGED,1106,1106,-,-,1,1,0.37762433194626993,0.3776243,0.0,0.0,0,0.0,0,0.0,Commons,Commons,3.552714e-12
E5,ct2,tpy12,-,p[land]*1.05,1,CONVERGED,CONVERGED,1057,1057,-,-,0,0,0.7974344562029263,0.7974345,0.0,0.0,0,0.0,0,0.0,Commons,Commons,2.109424e-11
E5,ct2,tpy12,-,p[land]*0.95,1,CONVERGED,CONVERGED,945,945,-,-,0,0,0.920168222775116,0.9201682,0.0,0.0,0,0.0,0,0.0,Commons,Commons,7.993606e-12
E5,ct2,tpy12,-,p[land]*1.2,2,CONVERGED,CONVERGED,1162,1162,-,-,7,7,0.46053633340441646,0.4605363,0.0,0.0,0,0.0,0,0.0,Commons,Commons,7.882583e-12
E5,ct2,tpy12,-,p[land]*0.8,2,CONVERGED,CONVERGED,1144,1144,-,-,0,0,0.7190865763432048,0.7190866,0.0,0.0,0,0.0,0,0.0,Commons,Commons,1.465494e-11
E5,ct2,tpy12,-,p[manufactures]*1.05,1,CONVERGED,CONVERGED,563,563,-,-,0,0,0.9718977757747078,0.9718978,0.0,0.0,0,0.0,0,0.0,Commons,Commons,3.219647e-12
E5,ct2,tpy12,-,p[manufactures]*0.95,1,CONVERGED,CONVERGED,821,821,-,-,0,0,0.9304512492512081,0.9304512,0.0,0.0,0,0.0,0,0.0,Commons,Commons,2.864375e-11
E5,ct2,tpy12,-,p[food]*1.05,1,CONVERGED,CONVERGED,1007,1007,-,-,0,0,0.8656889334529185,0.8656889,0.0,0.0,0,0.0,0,0.0,Commons,Commons,1.34337e-11
E5,ct2,tpy12,-,p[manufactures]*0.8,2,CONVERGED,CONVERGED,1022,1022,-,-,0,0,0.7264857778288895,0.7264858,0.0,0.0,0,0.0,0,0.0,Commons,Commons,4.884981e-12
E5,ct2,tpy12,-,p[food]*0.95,1,CONVERGED,CONVERGED,860,860,-,-,0,0,0.8799370544946579,0.8799371,0.0,0.0,0,0.0,0,0.0,Commons,Commons,2.309264e-11
E5,ct2,tpy12,-,p[manufactures]*1.2,2,CONVERGED,CONVERGED,809,809,-,-,0,0,0.9015315160538103,0.9015315,0.0,0.0,0,0.0,0,0.0,Commons,Commons,1.14353e-11
E5,ct2,tpy12,-,p[food]*1.2,2,CONVERGED,CONVERGED,1158,1158,-,-,0,0,0.7018772786332892,0.7018773,0.0,0.0,0,0.0,0,0.0,Commons,Commons,3.064216e-11
E5,ct2,tpy12,-,p[food]*0.8,2,CONVERGED,CONVERGED,1048,1048,-,-,0,0,0.7120571869550842,0.7120572,0.0,0.0,0,0.0,0,0.0,Commons,Commons,8.65974e-12
E5,ct2,tpy12,-,p[care]*1.05,1,CONVERGED,CONVERGED,565,565,-,-,0,0,0.9699180931348786,0.9699181,0.0,0.0,0,0.0,0,0.0,Commons,Commons,1.432188e-11
E5,ct2,tpy12,-,p[care]*0.95,1,CONVERGED,CONVERGED,329,329,-,-,0,0,0.927027132786995,0.9270271,0.0,0.0,0,0.0,0,0.0,Commons,Commons,4.218847e-12
E5,ct2,tpy12,-,p[care]*1.2,2,CONVERGED,CONVERGED,811,811,-,-,0,0,0.9227619385610399,0.9227619,0.0,0.0,0,0.0,0,0.0,Commons,Commons,3.552714e-12
E5,ct2,tpy12,-,p[care]*0.8,2,CONVERGED,CONVERGED,577,577,-,-,0,0,0.7191280224724398,0.719128,0.0,0.0,0,0.0,0,0.0,Commons,Commons,6.661338e-12
E5,ct2,tpy12,-,p[shelter]*1.05,1,CONVERGED,CONVERGED,969,969,-,-,0,0,0.9057768386323055,0.9057768,0.0,0.0,0,0.0,0,0.0,Commons,Commons,2.775558e-12
E5,ct2,tpy12,-,p[shelter]*1.2,2,CONVERGED,CONVERGED,1118,1118,-,-,0,0,0.7289294754340586,0.7289295,0.0,0.0,0,0.0,0,0.0,Commons,Commons,2.187139e-11
E5,ct2,tpy12,-,p[shelter]*0.95,1,CONVERGED,CONVERGED,1006,1006,-,-,0,0,0.8843869622890267,0.884387,0.0,0.0,0,0.0,0,0.0,Commons,Commons,4.996004e-12
E5,ct2,tpy12,-,p[mach]*1.05,1,CONVERGED,CONVERGED,800,800,-,-,0,0,0.8403596450272731,0.8403596,0.0,0.0,0,0.0,0,0.0,Commons,Commons,1.110223e-11
E5,ct2,tpy12,-,p[shelter]*0.8,2,CONVERGED,CONVERGED,1205,1205,-,-,0,0,0.628031495078752,0.6280315,0.0,0.0,0,0.0,0,0.0,Commons,Commons,9.547918e-12
E5,ct2,tpy12,-,p[mach]*0.95,1,CONVERGED,CONVERGED,1061,1061,-,-,0,0,0.789701343265481,0.7897013,0.0,0.0,0,0.0,0,0.0,Commons,Commons,7.105427e-12
E5,ct2,tpy12,-,p[mach]*1.2,2,CONVERGED,CONVERGED,1045,1045,-,-,0,0,0.5981305814326673,0.5981306,0.0,0.0,0,0.0,0,0.0,Commons,Commons,3.774758e-12
E5,ct2,tpy12,-,p[mach]*0.8,2,CONVERGED,CONVERGED,1167,1167,-,-,12,12,0.4130532370030347,0.4130532,0.0,0.0,0,0.0,0,0.0,Commons,Commons,1.088019e-11
E5,ct2,tpy12,-,s[manufactures]*0.95,1,CONVERGED,CONVERGED,18,18,-,-,0,0,0.9999999999999656,1.0,0.0,0.0,0,0.0,0,0.0,Commons,Commons,1.587619e-11
E5,ct2,tpy12,-,s[manufactures]*1.2,2,CONVERGED,CONVERGED,24,24,-,-,0,0,0.9999999999999656,1.0,0.0,0.0,0,0.0,0,0.0,Commons,Commons,1.587619e-11
E5,ct2,tpy12,-,s[manufactures]*1.05,1,CONVERGED,CONVERGED,18,18,-,-,0,0,0.9999999999999656,1.0,0.0,0.0,0,0.0,0,0.0,Commons,Commons,1.587619e-11
E5,ct2,tpy12,-,s[manufactures]*0.8,2,CONVERGED,CONVERGED,24,24,-,-,0,0,0.9999999999999656,1.0,0.0,0.0,0,0.0,0,0.0,Commons,Commons,1.587619e-11
E5,ct2,tpy12,-,s[food]*0.95,1,CONVERGED,CONVERGED,812,812,-,-,0,0,0.9257264548841647,0.9257265,0.0,0.0,0,0.0,0,0.0,Commons,Commons,6.439294e-12
E5,ct2,tpy12,-,s[food]*0.8,2,CONVERGED,CONVERGED,713,713,-,-,0,0,0.9590331048092224,0.9590331,0.0,0.0,0,0.0,0,0.0,Commons,Commons,1.776357e-12
E5,ct2,tpy12,-,s[food]*1.05,1,CONVERGED,CONVERGED,906,906,-,-,0,0,0.8625880685796886,0.8625881,0.0,0.0,0,0.0,0,0.0,Commons,Commons,1.865175e-11
E5,ct2,tpy12,-,s[care]*1.05,1,CONVERGED,CONVERGED,18,18,-,-,0,0,0.9999999999999656,1.0,0.0,0.0,0,0.0,0,0.0,Commons,Commons,1.587619e-11
E5,ct2,tpy12,-,s[care]*1.2,2,CONVERGED,CONVERGED,24,24,-,-,0,0,0.9999999999999656,1.0,0.0,0.0,0,0.0,0,0.0,Commons,Commons,1.587619e-11
E5,ct2,tpy12,-,s[care]*0.95,1,CONVERGED,CONVERGED,759,759,-,-,0,0,0.9506585087780415,0.9506585,0.0,0.0,0,0.0,0,0.0,Commons,Commons,1.176836e-11
E5,ct2,tpy12,-,s[food]*1.2,2,CONVERGED,CONVERGED,1057,1057,-,-,0,0,0.6106069167322361,0.6106069,0.0,0.0,0,0.0,0,0.0,Commons,Commons,1.765255e-11
E5,ct2,tpy12,-,s[shelter]*1.05,1,CONVERGED,CONVERGED,762,762,-,-,0,0,0.9413463685834659,0.9413464,0.0,0.0,0,0.0,0,0.0,Commons,Commons,7.771561e-12
E5,ct2,tpy12,-,s[shelter]*0.95,1,CONVERGED,CONVERGED,566,566,-,-,0,0,0.9819937657502219,0.9819938,0.0,0.0,0,0.0,0,0.0,Commons,Commons,2.88658e-12
E5,ct2,tpy12,-,s[care]*0.8,2,CONVERGED,CONVERGED,1004,1004,-,-,0,0,0.811061286708226,0.8110613,0.0,0.0,0,0.0,0,0.0,Commons,Commons,6.106227e-12
E5,ct2,tpy12,-,s[shelter]*0.8,2,CONVERGED,CONVERGED,518,518,-,-,0,0,0.9835594570568186,0.9835595,0.0,0.0,0,0.0,0,0.0,Commons,Commons,2.04281e-11
E5,ct2,tpy12,-,s[shelter]*1.2,2,CONVERGED,CONVERGED,809,809,-,-,0,0,0.8802412680416002,0.8802413,0.0,0.0,0,0.0,0,0.0,Commons,Commons,8.437695e-12
E5,ct2,tpy12,-,JA(1.05),1,CONVERGED,CONVERGED,756,756,-,-,0,0,0.8377679088051345,0.8377679,0.0,0.0,0,0.0,0,0.0,Commons,Commons,1.998401e-11
E5,ct2,tpy12,-,JA(0.8),2,CONVERGED,CONVERGED,1168,1168,-,-,18,18,0.3551627260057948,0.3551627,0.0,0.0,0,0.0,2,2.0,Commons,Commons,4.32987e-12
E5,ct2,tpy12,-,JA(0.95),1,CONVERGED,CONVERGED,1060,1060,-,-,0,0,0.7434313522657329,0.7434314,0.0,0.0,0,0.0,0,0.0,Commons,Commons,6.994405e-12
E5,ct2,tpy12,-,JB(1.05),1,CONVERGED,CONVERGED,1059,1059,-,-,0,0,0.7935394710614095,0.7935395,0.0,0.0,0,0.0,0,0.0,Commons,Commons,9.880985e-12
E5,ct2,tpy12,-,JA(1.2),2,CONVERGED,CONVERGED,997,997,-,-,0,0,0.6739710418862112,0.673971,0.0,0.0,0,0.0,0,0.0,Commons,Commons,1.487699e-11
E5,ct2,tpy12,-,JB(1.2),2,CONVERGED,CONVERGED,1163,1163,-,-,3,3,0.4866104466306788,0.4866104,0.0,0.0,0,0.0,0,0.0,Commons,Commons,8.437695e-12
E5,ct2,tpy12,-,JB(0.95),1,CONVERGED,CONVERGED,954,954,-,-,0,0,0.6276443790644245,0.6276444,0.0,0.0,0,0.0,0,0.0,Commons,Commons,5.107026e-12
E5,ct2,tpy12,-,JB(0.8),2,CONVERGED,CONVERGED,1055,1055,-,-,5,5,0.29305151451240513,0.2930515,0.0,0.0,0,0.0,0,0.0,Commons,Commons,2.664535e-12
E5,ct2,tpy12,-,N(0.95),1,CONVERGED,CONVERGED,859,859,-,-,0,0,0.9376672881060716,0.9376673,0.0,0.0,0,0.0,0,0.0,Commons,Commons,1.432188e-11
E5,ct2,tpy12,-,N(1.05),1,CONVERGED,CONVERGED,759,759,-,-,0,0,0.9163167898247857,0.9163168,0.0,0.0,0,0.0,0,0.0,Commons,Commons,1.998401e-12
E5,ct2,tpy12,-,N(1.2),2,CONVERGED,CONVERGED,809,809,-,-,0,0,0.7562156956711049,0.7562157,0.0,0.0,0,0.0,0,0.0,Commons,Commons,8.437695e-12
E5,ct2,tpy12,-,RC(1.05),1,CONVERGED,CONVERGED,1310,1310,-,-,0,0,0.814923581776438,0.8149236,0.0,0.0,0,0.0,0,0.0,Commons,Commons,1.432188e-11
E5,ct2,tpy12,-,N(0.8),2,CONVERGED,CONVERGED,1059,1059,-,-,0,0,0.7312270788768266,0.7312271,0.0,0.0,0,0.0,0,0.0,Commons,Commons,2.109424e-12
E5,ct2,tpy12,-,RC(1.2),2,CONVERGED,CONVERGED,1398,1398,-,-,0,0,0.500461733183169,0.5004617,0.0,0.0,0,0.0,0,0.0,Commons,Commons,2.553513e-12
E5,ct2,tpy12,-,RC(0.95),1,CONVERGED,CONVERGED,1118,1118,-,-,0,0,0.7837392370533263,0.7837392,0.0,0.0,0,0.0,0,0.0,Commons,Commons,6.661338e-12
E5,ct2,tpy12,-,RC(0.8),2,CONVERGED,CONVERGED,1274,1274,-,-,7,7,0.3781371437860038,0.3781371,0.0,0.0,0,0.0,0,0.0,Commons,Commons,1.310063e-11
E5,ct2,tpy12,-,land.mach=0.44@genesis,2,CONVERGED,CONVERGED,1110,1110,-,-,0,0,0.5770997761188011,0.5770998,0.0,0.0,0,0.0,0,0.0,Commons,Commons,4.551914e-12
E5,ct2,tpy12,-,land.mach=0.36@genesis,2,CONVERGED,CONVERGED,407,407,-,-,0,0,0.9395915941197825,0.9395916,0.0,0.0,0,0.0,0,0.0,Commons,Commons,9.103829e-12
E5,ct2,tpy12,-,exit.To=21.45@genesis,2,VACUOUS,VACUOUS,0,0,-,-,0,0,0.9999999999999656,1.0,0.0,0.0,0,0.0,0,0.0,Commons,Commons,1.587619e-11
E5,ct2,tpy12,-,b.food=0.66@genesis,2,CONVERGED,CONVERGED,874,874,-,-,0,0,0.7503133308967862,0.7503133,0.0,0.0,0,0.0,0,0.0,Commons,Commons,3.108624e-12
E5,ct2,tpy12,-,b.food=0.54@genesis,2,CONVERGED,CONVERGED,1151,1151,-,-,0,0,0.8576827538733198,0.8576828,0.0,0.0,0,0.0,0,0.0,Commons,Commons,1.287859e-11
E5,ct2,tpy12,-,exit.To=17.55@genesis,2,CONVERGED,CONVERGED,1170,1170,-,-,0,0,0.9941728379749631,0.9941728,1.3433129154500818,1.343313,0,0.0,1,1.0,Crowded,Crowded,6.661338e-12
E5,ct2,tpy12,-,land.mach=0.44@dated,2,CONVERGED,CONVERGED,1110,1110,-,-,0,0,0.5802588917935609,0.5802589,0.0,0.0,0,0.0,0,0.0,Commons,Commons,5.218048e-12
E5,ct2,tpy12,-,land.mach=0.36@dated,2,CONVERGED,CONVERGED,407,407,-,-,0,0,0.9395915941197762,0.9395916,0.0,0.0,0,0.0,0,0.0,Commons,Commons,5.77316e-12
E5,ct2,tpy12,-,b.food=0.66@dated,2,CONVERGED,CONVERGED,823,823,-,-,0,0,0.776972872540405,0.7769729,0.0,0.0,0,0.0,0,0.0,Commons,Commons,9.992007e-12
E5,ct2,tpy12,-,exit.To=21.45@dated,2,VACUOUS,VACUOUS,0,0,-,-,0,0,0.9999999999999664,1.0,0.0,0.0,0,0.0,0,0.0,Commons,Commons,1.64313e-11
E5,ct2,tpy12,-,b.food=0.54@dated,2,CONVERGED,CONVERGED,1198,1198,-,-,0,0,0.8567606205494245,0.8567606,0.0,0.0,0,0.0,0,0.0,Commons,Commons,5.329071e-12
E5,ct2,tpy12,-,exit.To=17.55@dated,2,CONVERGED,CONVERGED,1170,1170,-,-,0,0,0.9941728379749657,0.9941728,1.343312915450079,1.343313,0,0.0,1,1.0,Crowded,Crowded,1.554312e-12
E5,il1,tpy12,-,p[labour]*1.05,1,CONVERGED,CONVERGED,71,71,-,-,0,0,0.9591813872788373,0.9591814,0.0,0.0,0,0.0,0,0.0,Idle,Idle,7.771561e-13
E5,il1,tpy12,-,p[labour]*0.95,1,CONVERGED,CONVERGED,85,85,-,-,0,0,0.9469072491182805,0.9469072,0.0,0.0,0,0.0,0,0.0,Idle,Idle,6.661338e-13
E5,il1,tpy12,-,p[labour]*1.2,2,CONVERGED,CONVERGED,100,100,-,-,0,0,0.863591135273401,0.8635911,0.0,0.0,0,0.0,0,0.0,Idle,Idle,7.771561e-13
E5,il1,tpy12,-,p[labour]*0.8,2,CONVERGED,CONVERGED,116,116,-,-,0,0,0.7946581105252253,0.7946581,0.0,0.0,0,0.0,0,0.0,Idle,Idle,1.554312e-12
E5,il1,tpy12,-,p[manufactures]*0.95,1,CONVERGED,CONVERGED,255,255,-,-,0,0,0.9322331038408312,0.9322331,0.0,0.0,0,0.0,0,0.0,Idle,Idle,5.551115e-13
E5,il1,tpy12,-,p[manufactures]*1.05,1,CONVERGED,CONVERGED,215,215,-,-,0,0,0.9704745801568281,0.9704746,0.0,0.0,0,0.0,0,0.0,Idle,Idle,6.661338e-13
E5,il1,tpy12,-,p[manufactures]*1.2,2,CONVERGED,CONVERGED,293,293,-,-,0,0,0.8949323705239323,0.8949324,0.0,0.0,0,0.0,0,0.0,Idle,Idle,2.109424e-12
E5,il1,tpy12,-,p[manufactures]*0.8,2,CONVERGED,CONVERGED,335,335,-,-,0,0,0.7298403894853721,0.7298404,0.0,0.0,0,0.0,0,0.0,Idle,Idle,7.771561e-13
E5,il1,tpy12,-,p[food]*0.95,1,CONVERGED,CONVERGED,341,341,-,-,0,0,0.9434644284898549,0.9434644,0.0,0.0,0,0.0,0,0.0,Idle,Idle,4.440892e-13
E5,il1,tpy12,-,p[food]*1.05,1,CONVERGED,CONVERGED,332,332,-,-,0,0,0.9434703548924992,0.9434704,0.0,0.0,0,0.0,0,0.0,Idle,Idle,4.440892e-13
E5,il1,tpy12,-,p[food]*0.8,2,CONVERGED,CONVERGED,450,450,-,-,0,0,0.7659438794901895,0.7659439,0.0,0.0,0,0.0,0,0.0,Idle,Idle,1.554312e-12
E5,il1,tpy12,-,p[care]*1.05,1,CONVERGED,CONVERGED,188,188,-,-,0,0,0.9741572101679568,0.9741572,0.0,0.0,0,0.0,0,0.0,Idle,Idle,4.440892e-13
E5,il1,tpy12,-,p[food]*1.2,2,CONVERGED,CONVERGED,412,412,-,-,0,0,0.8040312391228702,0.8040312,0.0,0.0,0,0.0,0,0.0,Idle,Idle,7.771561e-13
E5,il1,tpy12,-,p[care]*1.2,2,CONVERGED,CONVERGED,242,242,-,-,0,0,0.9088821266060141,0.9088821,0.0,0.0,0,0.0,0,0.0,Idle,Idle,4.440892e-13
E5,il1,tpy12,-,p[care]*0.95,1,CONVERGED,CONVERGED,228,228,-,-,0,0,0.9287762274512216,0.9287762,0.0,0.0,0,0.0,0,0.0,Idle,Idle,7.771561e-13
E5,il1,tpy12,-,p[shelter]*1.05,1,CONVERGED,CONVERGED,214,214,-,-,0,0,0.9714695829223365,0.9714696,0.0,0.0,0,0.0,0,0.0,Idle,Idle,6.661338e-13
E5,il1,tpy12,-,p[care]*0.8,2,CONVERGED,CONVERGED,284,284,-,-,0,0,0.7202087523111141,0.7202088,0.0,0.0,0,0.0,0,0.0,Idle,Idle,5.551115e-13
E5,il1,tpy12,-,p[shelter]*0.95,1,CONVERGED,CONVERGED,254,254,-,-,0,0,0.9312044073609526,0.9312044,0.0,0.0,0,0.0,0,0.0,Idle,Idle,1.221245e-12
E5,il1,tpy12,-,p[shelter]*0.8,2,CONVERGED,CONVERGED,310,310,-,-,0,0,0.7269470980079288,0.7269471,0.0,0.0,0,0.0,0,0.0,Idle,Idle,9.992007e-13
E5,il1,tpy12,-,p[mach]*1.05,1,CONVERGED,CONVERGED,91,91,-,-,0,0,0.9331459878011588,0.933146,0.0,0.0,0,0.0,0,0.0,Idle,Idle,7.771561e-13
E5,il1,tpy12,-,p[shelter]*1.2,2,CONVERGED,CONVERGED,269,269,-,-,0,0,0.8986888031899656,0.8986888,0.0,0.0,0,0.0,0,0.0,Idle,Idle,7.771561e-13
E5,il1,tpy12,-,p[mach]*0.95,1,CONVERGED,CONVERGED,101,101,-,-,0,0,0.9452976618604867,0.9452977,0.0,0.0,0,0.0,0,0.0,Idle,Idle,9.992007e-13
E5,il1,tpy12,-,p[mach]*0.8,2,CONVERGED,CONVERGED,133,133,-,-,0,0,0.8037073904475519,0.8037074,0.0,0.0,0,0.0,0,0.0,Idle,Idle,3.330669e-13
E5,il1,tpy12,-,p[land]=0.005,2,CONVERGED,CONVERGED,273,273,-,-,0,0,0.5712719320403236,0.5712719,0.0,0.0,1,1.0,1,1.0,Idle,Idle,1.554312e-12
E5,il1,tpy12,-,p[land]=0.00125,1,CONVERGED,CONVERGED,220,220,-,-,0,0,0.8414090674606421,0.8414091,0.0,0.0,1,1.0,1,1.0,Idle,Idle,6.661338e-13
E5,il1,tpy12,-,p[mach]*1.2,2,CONVERGED,CONVERGED,121,121,-,-,0,0,0.7730949544521921,0.773095,0.0,0.0,0,0.0,0,0.0,Idle,Idle,1.554312e-12
E5,il1,tpy12,-,s[manufactures]=0.2,2,CONVERGED,CONVERGED,24,24,-,-,0,0,0.9999999999999996,1.0,0.0,0.0,0,0.0,0,0.0,Idle,Idle,4.440892e-13
E5,il1,tpy12,-,s[manufactures]=0.05,1,CONVERGED,CONVERGED,18,18,-,-,0,0,0.9999999999999996,1.0,0.0,0.0,0,0.0,0,0.0,Idle,Idle,4.440892e-13
E5,il1,tpy12,-,s[food]=0.05,1,CONVERGED,CONVERGED,18,18,-,-,0,0,0.9999999999999996,1.0,0.0,0.0,0,0.0,0,0.0,Idle,Idle,4.440892e-13
E5,il1,tpy12,-,s[care]=0.2,2,CONVERGED,CONVERGED,318,296,-,-,21,21,0.06826493233271932,0.06826493,0.0,0.0,0,0.0,0,0.0,Idle,Idle,5.551115e-13
E5,il1,tpy12,-,s[care]=0.05,1,CONVERGED,CONVERGED,312,311,-,-,9,9,0.2762579081612657,0.2762579,0.0,0.0,0,0.0,0,0.0,Idle,Idle,6.661338e-13
E5,il1,tpy12,-,s[food]=0.2,2,CONVERGED,CONVERGED,24,24,-,-,0,0,0.9999999999999996,1.0,0.0,0.0,0,0.0,0,0.0,Idle,Idle,4.440892e-13
E5,il1,tpy12,-,s[shelter]=0.2,2,CONVERGED,CONVERGED,24,24,-,-,0,0,0.9999999999999996,1.0,0.0,0.0,0,0.0,0,0.0,Idle,Idle,4.440892e-13
E5,il1,tpy12,-,s[shelter]=0.05,1,CONVERGED,CONVERGED,18,18,-,-,0,0,0.9999999999999996,1.0,0.0,0.0,0,0.0,0,0.0,Idle,Idle,4.440892e-13
E5,il1,tpy12,-,JA(1.05),1,CONVERGED,CONVERGED,86,86,-,-,0,0,0.9523809523809524,0.952381,0.0,0.0,0,0.0,0,0.0,Idle,Idle,4.440892e-13
E5,il1,tpy12,-,JA(1.2),2,CONVERGED,CONVERGED,115,115,-,-,0,0,0.8333333333333335,0.8333333,0.0,0.0,0,0.0,0,0.0,Idle,Idle,8.881784e-13
E5,il1,tpy12,-,JA(0.95),1,CONVERGED,CONVERGED,95,95,-,-,0,0,0.9649940999433222,0.9649941,0.0,0.0,0,0.0,0,0.0,Idle,Idle,1.110223e-12
E5,il1,tpy12,-,JA(0.8),2,CONVERGED,CONVERGED,127,127,-,-,0,0,0.8673502452338452,0.8673502,0.0,0.0,0,0.0,0,0.0,Idle,Idle,1.332268e-12
E5,il1,tpy12,-,JB(0.95),1,CONVERGED,CONVERGED,111,111,-,-,0,0,0.8681171861301538,0.8681172,0.0,0.0,0,0.0,0,0.0,Idle,Idle,8.881784e-13
E5,il1,tpy12,-,JB(1.2),2,CONVERGED,CONVERGED,135,135,-,-,0,0,0.7497688525988104,0.7497689,0.0,0.0,0,0.0,0,0.0,Idle,Idle,9.992007e-13
E5,il1,tpy12,-,JB(1.05),1,CONVERGED,CONVERGED,107,107,-,-,0,0,0.9209177003904678,0.9209177,0.0,0.0,0,0.0,0,0.0,Idle,Idle,6.661338e-13
E5,il1,tpy12,-,N(0.95),1,CONVERGED,CONVERGED,95,95,-,-,0,0,0.9649940999433222,0.9649941,0.0,0.0,0,0.0,0,0.0,Idle,Idle,1.110223e-12
E5,il1,tpy12,-,N(1.05),1,CONVERGED,CONVERGED,86,86,-,-,0,0,0.9523809523809524,0.952381,0.0,0.0,0,0.0,0,0.0,Idle,Idle,4.440892e-13
E5,il1,tpy12,-,N(1.2),2,CONVERGED,CONVERGED,115,115,-,-,0,0,0.8333333333333335,0.8333333,0.0,0.0,0,0.0,0,0.0,Idle,Idle,8.881784e-13
E5,il1,tpy12,-,JB(0.8),2,CONVERGED,CONVERGED,144,144,-,-,0,0,0.5517310515752315,0.5517311,0.0,0.0,0,0.0,0,0.0,Idle,Idle,4.440892e-13
E5,il1,tpy12,-,N(0.8),2,CONVERGED,CONVERGED,127,127,-,-,0,0,0.8673502452338452,0.8673502,0.0,0.0,0,0.0,0,0.0,Idle,Idle,1.332268e-12
E5,il1,tpy12,-,RC(1.05),1,CONVERGED,CONVERGED,332,332,-,-,0,0,0.8815092246057783,0.8815092,0.0,0.0,0,0.0,0,0.0,Idle,Idle,4.440892e-13
E5,il1,tpy12,-,RC(0.95),1,CONVERGED,CONVERGED,317,317,-,-,0,0,0.9078013754285084,0.9078014,0.0,0.0,0,0.0,0,0.0,Idle,Idle,1.776357e-12
E5,il1,tpy12,-,RC(1.2),2,CONVERGED,CONVERGED,389,389,-,-,0,0,0.6246967023292277,0.6246967,0.0,0.0,0,0.0,0,0.0,Idle,Idle,1.221245e-12
E5,il1,tpy12,-,RC(0.8),2,CONVERGED,CONVERGED,375,375,-,-,0,0,0.6545299043958395,0.6545299,0.0,0.0,0,0.0,0,0.0,Idle,Idle,8.881784e-13
E5,il1,tpy12,-,land.mach=0.36@genesis,2,CONVERGED,CONVERGED,0,0,-,-,0,0,0.9999999999999998,1.0,0.0,0.0,0,0.0,0,0.0,Idle,Idle,1.221245e-12
E5,il1,tpy12,-,land.mach=0.44@genesis,2,CONVERGED,CONVERGED,0,0,-,-,0,0,0.9999999999999996,1.0,0.0,0.0,0,0.0,0,0.0,Idle,Idle,4.440892e-13
E5,il1,tpy12,-,b.food=0.66@genesis,2,CONVERGED,CONVERGED,0,0,-,-,0,0,0.9999999999999998,1.0,0.0,0.0,0,0.0,0,0.0,Idle,Idle,3.330669e-13
E5,il1,tpy12,-,b.food=0.54@genesis,2,CONVERGED,CONVERGED,0,0,-,-,0,0,0.9999999999999994,1.0,0.0,0.0,0,0.0,0,0.0,Idle,Idle,5.551115e-13
E5,il1,tpy12,-,land.mach=0.44@dated,2,CONVERGED,CONVERGED,0,0,-,-,0,0,0.9999999999999997,1.0,0.0,0.0,0,0.0,0,0.0,Idle,Idle,6.661338e-13
E5,il1,tpy12,-,inst.land=572@genesis,2,VACUOUS,VACUOUS,0,0,-,-,0,0,0.9999999999999996,1.0,0.0,0.0,0,0.0,0,0.0,Idle,Idle,6.661338e-13
E5,il1,tpy12,-,land.mach=0.36@dated,2,CONVERGED,CONVERGED,0,0,-,-,0,0,0.9999999999999999,1.0,0.0,0.0,0,0.0,0,0.0,Idle,Idle,4.440892e-13
E5,il1,tpy12,-,b.food=0.66@dated,2,CONVERGED,CONVERGED,0,0,-,-,0,0,0.9999999999999999,1.0,0.0,0.0,0,0.0,0,0.0,Idle,Idle,4.440892e-13
E5,il1,tpy12,-,b.food=0.54@dated,2,CONVERGED,CONVERGED,0,0,-,-,0,0,0.9999999999999996,1.0,0.0,0.0,0,0.0,0,0.0,Idle,Idle,7.771561e-13
E5,il1,tpy12,-,inst.land=572@dated,2,VACUOUS,VACUOUS,0,0,-,-,0,0,0.9999999999999997,1.0,0.0,0.0,0,0.0,0,0.0,Idle,Idle,4.440892e-13
E5,il1,tpy12,-,inst.land=468@genesis,2,VACUOUS,VACUOUS,0,0,-,-,0,0,0.9999999999999996,1.0,0.0,0.0,0,0.0,0,0.0,Idle,Idle,4.440892e-13
E5,il1,tpy12,-,inst.land=468@dated,2,VACUOUS,VACUOUS,0,0,-,-,0,0,0.9999999999999997,1.0,0.0,0.0,0,0.0,0,0.0,Idle,Idle,5.551115e-13
