inst,run,tier,target,target_kick,cls,scored,cls10,scored10,tin,tin10,m_cls,m_cls10,m_tin,d0,peak_ex,dead,dead.labour,dead.land,dead.fodder,dead.traction,dead.good,idle_ticks,low_b,short,heads_low,heads_high,in_5pct_from,quasi_3,quasi_1_over_delta,no_order_ticks,pk_low,finished_high,utilisation_low,hour_over_o_low,max_W
h1,w*1.05,1,hold,PASS,CONVERGED,CONVERGED,-,-,1055,,CONVERGED,,1046,48.79,58.285,0,0,0,0,0,0,0,0.98553,0,0.99941,1.0006,0,-0.00031043,0.0007152,0,0.9998,1.0013,0.99866,3.0498,5.0182e-11
h1,r*1.05,1,hold,PASS,CONVERGED,CONVERGED,-,-,3613,,CONVERGED,,3613,48.79,136.95,0,0,0,0,0,0,0,0.95248,0,0.97174,1.0122,0,-0.0040173,-0.0010181,0,0.95115,1.0281,0.94975,2.7548,5.0182e-11
h1,p[fodder]*1.05,1,hold,PASS,CONVERGED,CONVERGED,-,-,1667,,CONVERGED,,1670,48.79,48.79,0,0,0,0,0,0,0,0.99146,0,0.99854,1.001,0,-0.0037902,0.0010176,0,0.97929,1.01,0.99032,2.9059,5.0182e-11
h1,p[horse]*1.05,1,hold,PASS,CONVERGED,CONVERGED,-,-,79,,CONVERGED,,79,48.79,48.79,0,0,0,0,0,0,0,0.99912,0,0.99981,1.0001,0,0.0068702,9.8197e-05,0,0.98405,1.0237,0.99896,3.047,2.3537e-11
h1,p[traction]*1.05,1,hold,PASS,CONVERGED,CONVERGED,-,-,1697,,CONVERGED,,1738,48.79,48.79,0,0,0,0,0,0,0,0.96198,0,0.99847,1.0014,0,0.032131,0.0016768,0,0.99505,1.0032,0.99363,3.0298,1.1946e-10
h1,p[good]*1.05,1,hold,PASS,CONVERGED,CONVERGED,-,-,1454,,CONVERGED,,1461,48.79,48.79,0,0,0,0,0,0,0,0.97416,0,0.99975,1.0015,0,-0.0004162,0.0013114,0,1,1.0032,0.9979,3.0505,1.1946e-10
h1,s*1.05,1,hold,PASS,CONVERGED,CONVERGED,-,-,957,,CONVERGED,,938,48.79,37.448,0,0,0,0,0,0,0,0.99208,0,0.99931,1.0005,0,-0.007339,0.00058839,0,1,1.0011,0.99812,3.0371,5.0182e-11
h1,JA(1.05),1,hold,PASS,CONVERGED,CONVERGED,-,-,1733,,CONVERGED,,1751,48.79,61.174,0,0,0,0,0,0,0,0.96067,0,0.99897,1.002,0,0.030275,0.0022091,0,0.96359,1.0322,0.99532,2.9913,1.1946e-10
h1,JB(1.05),1,hold,PASS,CONVERGED,CONVERGED,-,-,2122,,CONVERGED,,2123,48.79,107.39,0,0,0,0,0,0,0,0.95001,0,0.99722,1.0043,0,-0.002708,0.004897,0,0.95238,1.0368,0.95342,2.9753,1.1946e-10
h1,N(1.05),1,hold,PASS,CONVERGED,CONVERGED,-,-,3627,,CONVERGED,,3624,0,96.962,0,0,0,0,0,0,0,0.94703,0,0.97268,1.012,0,0.028563,-0.0016773,0,0.93538,1.0276,0.97314,2.8627,5.0182e-11
h1,w*0.95,1,hold,PASS,CONVERGED,CONVERGED,-,-,1743,,CONVERGED,,1743,51.293,87.28,0,0,0,0,0,0,0,0.98957,0,0.99798,1.0014,0,-0.007539,0.0017611,0,0.99786,1.0031,0.99251,3.0301,1.1946e-10
h1,r*0.95,1,hold,PASS,CONVERGED,CONVERGED,-,-,2807,,CONVERGED,,2807,51.293,133.9,0,0,0,0,0,0,0,0.98503,0,1,1.0255,0,-0.0022859,0.022071,0,0.99997,1.0535,0.97846,3.0385,5.0182e-11
h1,p[fodder]*0.95,1,hold,PASS,CONVERGED,CONVERGED,-,-,2019,,CONVERGED,,2019,51.293,55.312,0,0,0,0,0,0,0,0.96243,0,0.99698,1.0027,0,0.0088118,0.0033415,0,1,1.0062,0.95138,2.9419,1.1946e-10
h1,p[horse]*0.95,1,hold,PASS,CONVERGED,CONVERGED,-,-,635,,CONVERGED,,635,51.293,51.293,0,0,0,0,0,0,0,0.99579,0,0.9995,1.0004,0,0.018573,0.0004493,0,0.95,1.0388,0.995,3.0323,5.0182e-11
h1,p[traction]*0.95,1,hold,PASS,CONVERGED,CONVERGED,-,-,1760,,CONVERGED,,1760,51.293,55.241,0,0,0,0,0,0,0,0.98945,0,0.99826,1.0014,0,-0.034049,0.0015897,0,0.9775,1.0108,0.99125,2.8987,1.1946e-10
h1,p[good]*0.95,1,hold,PASS,CONVERGED,CONVERGED,-,-,2272,,CONVERGED,,2272,51.293,68.991,0,0,0,0,0,0,0,0.96859,0,0.99465,1.0031,0,-0.0026119,0.0035351,0,0.98284,1.0071,0.97169,2.8909,1.1946e-10
h1,s*0.95,1,hold,PASS,CONVERGED,CONVERGED,-,-,490,,CONVERGED,,490,51.293,38.953,0,0,0,0,0,0,0,0.99019,0,0.99953,1.0004,0,0.0033438,0.00049108,0,1,1.0009,0.99841,3.0504,5.0182e-11
h1,JA(0.95),1,hold,PASS,CONVERGED,CONVERGED,-,-,2279,,CONVERGED,,2279,51.293,74.927,0,0,0,0,0,0,0,0.95359,0,0.99431,1.0034,0,-0.010774,0.0040559,0,0.95,1.033,0.9448,2.8651,1.1946e-10
h1,JB(0.95),1,hold,PASS,CONVERGED,CONVERGED,-,-,2424,,CONVERGED,,2432,51.293,122.42,0,0,0,0,0,0,0,0.94509,0,0.99242,1.0046,0,0.016099,0.0053313,0,0.99475,1.0104,0.96466,2.8538,1.1946e-10
h1,N(0.95),1,hold,PASS,CONVERGED,CONVERGED,-,-,2791,,CONVERGED,,2791,0,121.05,0,0,0,0,0,0,0,0.98565,0,0.99972,1.0245,0,-0.013679,0.02143,0,0.99997,1.0514,0.97948,3.039,5.0182e-11
h1,w*1.2,2,hold,PASS,CONVERGED,CONVERGED,-,-,1850,,CONVERGED,,1840,182.32,231.97,0,0,0,0,0,0,0,0.94788,0,0.99774,1.0022,0,-0.0041802,0.0026973,0,0.99922,1.0049,0.99465,3.039,1.1946e-10
h1,r*1.2,2,hold,PASS,CONVERGED,CONVERGED,-,-,4283,,CONVERGED,,4283,182.32,529.82,0,0,0,0,0,0,0,0.83055,0,0.89856,1.0442,1070,-0.014295,-0.0039863,0,0.82956,1.1019,0.82056,2.0807,5.0182e-11
h1,p[fodder]*1.2,2,hold,PASS,CONVERGED,CONVERGED,-,-,2352,,CONVERGED,,2355,182.32,182.32,0,0,0,0,0,0,0,0.96833,0,0.9944,1.0037,0,-0.019457,0.0038798,0,0.9186,1.0402,0.96423,2.5427,1.1946e-10
h1,p[horse]*1.2,2,hold,PASS,CONVERGED,CONVERGED,-,-,603,,CONVERGED,,603,182.32,182.32,0,0,0,0,0,0,0,0.99629,0,0.9991,1.0004,0,-0.0089055,0.00042858,0,0.94461,1.1029,0.99554,3.0329,5.0182e-11
h1,p[traction]*1.2,2,hold,PASS,CONVERGED,CONVERGED,-,-,2346,,CONVERGED,,2374,182.32,182.32,0,0,0,0,0,0,0,0.86489,0,0.99422,1.0054,0,0.13345,0.0063407,0,0.97582,1.0122,0.97519,2.9673,1.1946e-10
h1,p[good]*1.2,2,hold,PASS,CONVERGED,CONVERGED,-,-,2084,,CONVERGED,,2091,182.32,182.32,0,0,0,0,0,0,0,0.90448,0,0.99909,1.0055,0,-0.001692,0.0048532,0,0.99999,1.0118,0.99229,3.0485,1.1946e-10
h1,s*1.2,2,hold,PASS,CONVERGED,CONVERGED,-,-,1900,,CONVERGED,,1894,182.32,141.75,0,0,0,0,0,0,0,0.96761,0,0.9973,1.0019,0,-0.027787,0.002316,0,1,1.0042,0.99298,2.9944,1.1946e-10
h1,JA(1.2),2,hold,PASS,CONVERGED,CONVERGED,-,-,2370,,CONVERGED,,2387,182.32,232.69,0,0,0,0,0,0,0,0.85939,0,0.99591,1.0076,0,0.067501,0.0084219,0,0.87278,1.1392,0.98192,2.8542,5.0182e-11
h1,JB(1.2),2,hold,PASS,CONVERGED,CONVERGED,-,-,2728,,CONVERGED,,2729,182.32,351.02,0,0,0,0,0,0,1,0.82827,0,0.99019,1.0154,0,-0.02155,0.01715,0,0.83333,1.1474,0.8364,2.7749,5.0182e-11
h1,N(1.2),2,hold,PASS,CONVERGED,CONVERGED,-,-,4296,,CONVERGED,,4294,0,363.6,0,0,0,0,0,0,0,0.81462,0,0.90132,1.0437,1085,0.07062,-0.0059941,0,0.78624,1.1006,0.90244,2.4022,5.0182e-11
h1,w*0.8,2,hold,PASS,CONVERGED,CONVERGED,-,-,2469,,CONVERGED,,2469,223.14,376.05,0,0,0,0,0,0,0,0.95352,0,0.99114,1.0061,0,-0.027708,0.0078263,0,0.98944,1.014,0.96504,2.9521,1.1946e-10
h1,r*0.8,2,hold,PASS,CONVERGED,CONVERGED,-,-,3603,,CONVERGED,,3603,223.14,554.8,0,0,0,0,0,0,0,0.93239,0,1,1.1157,1267,-0.010154,0.090143,0,0.99987,1.2466,0.91297,2.9997,5.0182e-11
h1,p[fodder]*0.8,2,hold,PASS,CONVERGED,CONVERGED,-,-,2707,,CONVERGED,,2707,223.14,247.41,0,0,0,0,0,0,0,0.85167,0,0.98684,1.0117,0,0.037912,0.0144,0,0.99999,1.0265,0.80752,2.6249,5.0182e-11
h1,p[horse]*0.8,2,hold,PASS,CONVERGED,CONVERGED,-,-,1921,,CONVERGED,,1921,223.14,223.14,0,0,0,0,0,0,1,0.98142,0,0.99775,1.0019,0,0.088295,0.0020174,0,0.8,1.1842,0.97804,2.9672,1.1946e-10
h1,p[traction]*0.8,2,hold,PASS,CONVERGED,CONVERGED,-,-,2489,,CONVERGED,,2489,223.14,228.48,0,0,0,0,0,0,0,0.95513,0,0.99225,1.0061,0,-0.15383,0.0068823,0,0.90962,1.0366,0.96235,2.441,1.1946e-10
h1,p[good]*0.8,2,hold,PASS,CONVERGED,CONVERGED,-,-,2986,,CONVERGED,,2986,223.14,301.93,0,0,0,0,0,0,0,0.87236,0,0.97636,1.0135,0,-0.010403,0.015261,0,0.91391,1.031,0.88291,2.4145,5.0182e-11
h1,s*0.8,2,hold,PASS,CONVERGED,CONVERGED,-,-,1716,,CONVERGED,,1716,223.14,171.17,0,0,0,0,0,0,0,0.96049,0,0.99809,1.0015,0,0.012929,0.0019874,0,1,1.0035,0.99338,3.0466,1.1946e-10
h1,JA(0.8),2,hold,PASS,CONVERGED,CONVERGED,-,-,2982,,CONVERGED,,2982,223.14,312.65,0,0,0,0,0,0,1,0.81986,0,0.97524,1.0145,0,-0.042114,0.017019,0,0.8,1.1531,0.78862,2.3313,5.0182e-11
h1,JB(0.8),2,hold,PASS,CONVERGED,CONVERGED,-,-,3168,,CONVERGED,,3174,223.14,482.56,0,0,0,0,0,0,1,0.78046,0,0.96573,1.0209,0,0.055507,0.023634,0,0.95477,1.0478,0.84255,2.2982,5.0182e-11
h1,N(0.8),2,hold,PASS,CONVERGED,CONVERGED,-,-,3587,,CONVERGED,,3587,0,501.35,0,0,0,0,0,0,2,0.93496,0,0.99882,1.1112,1253,-0.054813,0.089963,0,0.99988,1.2374,0.91007,3.0015,5.0182e-11
h1,w*2,3,hold,PASS,CONVERGED,CONVERGED,CONVERGED,CONVERGED,2480,2480,CONVERGED,CONVERGED,2472,693.15,693.15,0,0,0,0,0,0,0,0.83635,0,0.99172,1.0072,0,-0.041227,0.008691,0,0.98968,1.0162,0.97571,2.9113,1.1946e-10
h1,r*2,3,hold,PASS,CONVERGED,CONVERGED,CONVERGED,CONVERGED,5079,5079,CONVERGED,CONVERGED,5078,693.15,3700.2,33,2,0,26,26,10,287,0.4712,0,0.66639,1.1531,2714,-0.04334,-0.015078,10,0.12163,1.3513,0.43897,0.78439,5.0182e-11
h1,p[fodder]*2,3,hold,PASS,CONVERGED,CONVERGED,CONVERGED,CONVERGED,3062,3062,CONVERGED,CONVERGED,3066,693.15,693.15,0,0,0,0,0,0,2,0.87632,0,0.97515,1.0164,0,-0.14781,0.016911,0,0.6494,1.2143,0.86259,1.5256,5.0182e-11
h1,p[horse]*2,3,hold,PASS,CONVERGED,CONVERGED,CONVERGED,CONVERGED,2133,2133,CONVERGED,CONVERGED,2133,693.15,693.15,0,0,0,0,0,0,3,0.96188,0,0.99498,1.003,0,-0.24872,0.0034323,1,0.89463,1.4655,0.95597,2.9168,1.1946e-10
h1,p[traction]*2,3,hold,PASS,CONVERGED,CONVERGED,CONVERGED,CONVERGED,3061,3061,CONVERGED,CONVERGED,3077,693.15,697.36,2,0,0,0,2,0,0,0.56996,0,0.97544,1.0225,0,0.70845,0.025512,0,0.85981,1.0507,0.88814,2.6496,5.0182e-11
h1,p[good]*2,3,hold,PASS,CONVERGED,CONVERGED,CONVERGED,CONVERGED,2704,2704,CONVERGED,CONVERGED,2709,693.15,693.15,0,0,0,0,0,0,0,0.65629,0,0.99684,1.0206,0,-0.0086194,0.017844,0,0.99997,1.0443,0.97256,3.0412,5.0182e-11
h1,s*2,3,hold,PASS,CONVERGED,CONVERGED,CONVERGED,CONVERGED,2778,2778,CONVERGED,CONVERGED,2767,693.15,557.28,0,0,0,0,0,0,2,0.82932,0,0.98405,1.0109,0,-0.10988,0.012907,0,0.99999,1.0249,0.95921,2.7036,5.0182e-11
h1,JA(2),3,hold,PASS,CONVERGED,CONVERGED,CONVERGED,CONVERGED,3089,3089,CONVERGED,CONVERGED,3109,693.15,968.37,3,0,0,0,3,0,7,0.54791,0,0.98065,1.0313,0,0.019801,0.034535,4,0.67566,1.5983,0.89637,2.5153,5.0182e-11
h1,JB(2),3,hold,PASS,CONVERGED,CONVERGED,CONVERGED,CONVERGED,3457,3457,CONVERGED,CONVERGED,3457,693.15,1047.1,25,0,0,11,14,0,30,0.5001,19.95,0.95771,1.0551,1060,-0.035189,0.060538,0,0.5,1.3533,0.52201,2.2308,5.0182e-11
h1,N(2),3,hold,PASS,CONVERGED,CONVERGED,CONVERGED,CONVERGED,5085,5085,CONVERGED,CONVERGED,5083,0,2090.8,20,5,15,0,0,14,288,0.44386,10.399,0.67011,1.1522,2721,0.030219,-0.018296,3,0.35655,1.3493,0.65008,1.2222,5.0182e-11
h1,w*0.5,3,hold,PASS,CONVERGED,CONVERGED,CONVERGED,CONVERGED,3077,3077,CONVERGED,CONVERGED,3077,693.15,1155.5,0,0,0,0,0,0,17,0.84177,0,0.96982,1.021,0,-0.056596,0.026141,0,0.99998,1.0479,0.87993,2.7337,5.0182e-11
h1,r*0.5,3,hold,PASS,CONVERGED,CONVERGED,CONVERGED,CONVERGED,4296,4296,CONVERGED,CONVERGED,4296,693.15,1622.6,0,0,0,0,0,0,11,0.77551,0,1,1.3988,1853,-0.031044,0.24765,0,0.99969,1.8594,0.78027,2.9254,2.82e-11
h1,p[fodder]*0.5,3,hold,PASS,CONVERGED,CONVERGED,CONVERGED,CONVERGED,3269,3269,CONVERGED,CONVERGED,3269,693.15,857.65,0,0,0,0,0,0,25,0.63713,0,0.9598,1.0348,0,0.10937,0.043287,0,0.99996,1.079,0.52721,2.0225,5.0182e-11
h1,p[horse]*0.5,3,hold,PASS,CONVERGED,CONVERGED,CONVERGED,CONVERGED,2571,2571,CONVERGED,CONVERGED,2571,693.15,693.15,0,0,0,0,0,0,2,0.9335,0,0.99124,1.0071,0,0.33252,0.0077023,0,0.5,1.3509,0.92284,2.7455,1.1946e-10
h1,p[traction]*0.5,3,hold,PASS,CONVERGED,CONVERGED,CONVERGED,CONVERGED,3022,3022,CONVERGED,CONVERGED,3022,693.15,693.15,0,0,0,0,0,0,0,0.88014,0,0.97708,1.0171,0,-0.43974,0.018504,0,0.77232,1.0425,0.90481,1.5256,5.0182e-11
h1,p[good]*0.5,3,hold,PASS,CONVERGED,CONVERGED,CONVERGED,CONVERGED,3596,3596,CONVERGED,CONVERGED,3596,693.15,1063.2,0,0,0,0,0,0,57,0.66924,0,0.9269,1.0413,379,-0.02577,0.043859,0,0.65273,1.0947,0.68712,1.5075,5.0182e-11
h1,s*0.5,3,hold,PASS,CONVERGED,CONVERGED,CONVERGED,CONVERGED,2181,2181,CONVERGED,CONVERGED,2181,693.15,542.88,0,0,0,0,0,0,0,0.89987,0,0.99509,1.004,0,0.030209,0.0051084,0,1,1.009,0.98195,3.0335,1.1946e-10
h1,JA(0.5),3,hold,PASS,CONVERGED,CONVERGED,CONVERGED,CONVERGED,3592,3592,CONVERGED,CONVERGED,3592,693.15,987.45,18,0,0,11,11,0,59,0.57805,0,0.92428,1.0433,365,-0.042853,0.047464,0,0.5,1.1832,0.51823,1.3656,5.0182e-11
h1,JB(0.5),3,hold,PASS,CONVERGED,CONVERGED,CONVERGED,CONVERGED,3871,3871,CONVERGED,CONVERGED,3876,693.15,1526.3,42,0,0,12,34,7,88,0.47813,0,0.88811,1.0702,1520,0.029137,0.069907,3,0.49192,1.1603,0.58997,1.3739,5.0182e-11
h1,N(0.5),3,hold,PASS,CONVERGED,CONVERGED,CONVERGED,CONVERGED,4280,4280,CONVERGED,CONVERGED,4280,0,1457.2,0,0,0,0,0,0,3,0.78148,0,0.99775,1.383,1841,-0.060125,0.25685,0,0.9997,1.8276,0.7541,2.928,5.0182e-11
h1,x*/2,3,hold,PASS,CONVERGED,CONVERGED,CONVERGED,CONVERGED,3587,3587,CONVERGED,CONVERGED,3583,1424,1125,7,0,0,0,7,1,61,0.48933,0,0.93119,1.0479,311,-0.22748,0.050768,0,0.71813,1.109,0.84582,1.6009,5.0182e-11
h1,b*1.1@genesis,2,b*1.1@dated,PASS,CONVERGED,CONVERGED,-,-,3632,,CONVERGED,,3632,95.31,235.02,0,0,0,0,0,0,0,0.94171,0,0.97884,1.0397,0,-0.0068478,-0.00027281,0,0.90762,1.0265,0.90203,2.5663,1.0458e-10
h1,b*1.1@dated,2,b*1.1@dated,PASS,CONVERGED,CONVERGED,-,-,3632,,CONVERGED,,3632,95.31,234.87,0,0,0,0,0,0,0,0.9418,0,0.97883,1.0397,0,-0.0076423,-0.00026701,0,0.90762,1.0265,0.90207,2.5672,1.0458e-10
h1,b*0.9@genesis,2,b*0.9@dated,PASS,CONVERGED,CONVERGED,-,-,3357,,CONVERGED,,3357,105.36,227.58,0,0,0,0,0,0,0,0.95367,0,0.95991,1.0425,0,0.0021492,0.045856,0,0.99996,1.0945,0.97235,3.0336,5.9508e-11
h1,b*0.9@dated,2,b*0.9@dated,PASS,CONVERGED,CONVERGED,-,-,3357,,CONVERGED,,3357,105.36,227.58,0,0,0,0,0,0,0,0.95367,0,0.95991,1.0425,0,0.0021492,0.045856,0,0.99996,1.0945,0.97235,3.0336,5.9508e-11
h1,b*2@genesis,3,b*2@dated,PASS,CONVERGED,CONVERGED,CONVERGED,CONVERGED,4618,4618,CONVERGED,CONVERGED,4618,693.15,2793.2,11,0,0,11,0,0,165,0.64497,0,0.87982,1.3831,1513,-0.030868,-0.069928,4,0.21093,1.2749,0.43052,0.8996,4.9072e-11
h1,b*2@dated,3,b*2@dated,PASS,CONVERGED,CONVERGED,CONVERGED,CONVERGED,4618,4618,CONVERGED,CONVERGED,4618,693.15,2788.4,11,0,0,11,0,0,165,0.6459,0,0.87978,1.3831,1513,-0.03056,-0.069917,3,0.21144,1.2749,0.43143,0.90178,4.9072e-11
h1,b*0.5@genesis,3,b*0.5@dated,PASS,CONVERGED,CONVERGED,CONVERGED,CONVERGED,4419,4419,CONVERGED,CONVERGED,4419,775.4,1422.9,0,0,0,0,0,0,30,0.74359,0,0.79488,1.394,1972,0.0036174,0.41452,0,0.99998,1.8436,0.84953,2.8897,9.2371e-11
h1,b*0.5@dated,3,b*0.5@dated,PASS,CONVERGED,CONVERGED,CONVERGED,CONVERGED,4419,4419,CONVERGED,CONVERGED,4419,775.4,1422.9,0,0,0,0,0,0,30,0.74359,0,0.79488,1.394,1972,0.0036174,0.41452,0,0.99998,1.8436,0.84953,2.8897,9.2815e-11
h1,stock.good*0.5,3S,hold,PASS,CONVERGED,CONVERGED,CONVERGED,CONVERGED,1770,1770,CONVERGED,CONVERGED,1770,693.15,693.15,0,0,0,0,0,0,0,0.5,0,0.99843,1.0018,0,-0.0099863,0.0021104,0,0.98331,1.0041,0.98274,2.9909,1.1946e-10
h1,stock.good*2,3S,hold,PASS,CONVERGED,CONVERGED,CONVERGED,CONVERGED,2263,2263,CONVERGED,CONVERGED,1915,63.192,67.32,0,0,0,0,0,0,0,0.9693,0,0.99477,1.003,0,-0.0010203,0.0034464,0,0.98319,1.0069,0.97228,2.8945,1.1946e-10
h1,heads.capacity*0.5,3S,hold,PASS,CONVERGED,CONVERGED,CONVERGED,CONVERGED,4196,4196,CONVERGED,CONVERGED,4195,844.88,844.88,33,0,0,0,33,0,0,0.5867,12.341,0.65,1.1679,1823,0.046708,0.3005,0,0.99984,1.3881,0.87282,2.9862,5.0182e-11
h1,heads.capacity*2,3S,hold,PASS,CONVERGED,CONVERGED,CONVERGED,CONVERGED,5109,5109,CONVERGED,CONVERGED,5109,inf,1682.9,0,0,0,0,0,0,340,0.85668,0,0.80093,1.7,2764,0.1182,-0.23085,3,0.5438,1.2541,0.58824,1.0837,5.0182e-11
h1,hours.capacity*0.5,3S,hold,PASS,CONVERGED,CONVERGED,CONVERGED,CONVERGED,2008,2008,CONVERGED,CONVERGED,2008,693.15,693.15,0,0,0,0,0,0,0,0.59946,0,0.99733,1.0026,0,0.067314,0.0029826,0,0.95104,1.0299,0.9846,3.0312,1.1946e-10
h1,hours.capacity*2,3S,hold,PASS,CONVERGED,CONVERGED,CONVERGED,CONVERGED,2104,2104,CONVERGED,CONVERGED,1747,111.02,111.02,0,0,0,0,0,0,0,0.97907,0,0.99652,1.0027,0,-0.086228,0.0031341,0,0.95776,1.0204,0.98271,2.7672,1.1946e-10
h1,own.maker*0.5,3S,hold,PASS,CONVERGED,CONVERGED,CONVERGED,CONVERGED,4615,4615,CONVERGED,CONVERGED,4615,1247.7,849.8,0,0,0,0,0,0,238,0.82081,0,0.7476,1.173,2242,-0.056316,-0.0068541,0,0.99983,1.3944,0.95219,2.7947,5.0182e-11
h1,own.maker*2,3S,hold,PASS,CONVERGED,CONVERGED,CONVERGED,CONVERGED,3409,3409,CONVERGED,CONVERGED,3409,692.13,692.13,0,0,0,0,0,0,0,1,0,1,1.2994,884,4.4409e-16,6.6613e-16,0,1,1,1,3.0512,5.0182e-11
h1,finished.maker*0.5,3S,hold,PASS,CONVERGED,CONVERGED,CONVERGED,CONVERGED,2330,2330,CONVERGED,CONVERGED,2330,inf,194.8,0,0,0,0,0,0,2,0.96782,0,0.99343,1.0044,0,-0.10117,0.0056109,0,0.97962,1.0184,0.96613,2.9368,1.1946e-10
h1,finished.maker*2,3S,hold,PASS,CONVERGED,CONVERGED,CONVERGED,CONVERGED,2530,2530,CONVERGED,CONVERGED,2530,527.18,424.04,0,0,0,0,0,0,0,0.98308,0,0.99877,1.0064,0,0.16835,-0.001969,0,0.6544,2,0.97383,2.9684,5.0182e-11
h1,stock.fodder*0.5,3S,hold,PASS,CONVERGED,CONVERGED,CONVERGED,CONVERGED,2180,2180,CONVERGED,CONVERGED,2180,1401.3,693.15,0,0,0,0,0,0,1,0.59946,0,0.99547,1.0032,0,0.012585,0.0038911,0,0.97606,1.0143,0.5,2.9024,1.1946e-10
h1,stock.fodder*2,3S,hold,PASS,CONVERGED,CONVERGED,CONVERGED,CONVERGED,2334,2334,CONVERGED,CONVERGED,2007,141.36,107.6,0,0,0,0,0,0,0,0.92882,0,0.9941,1.0053,0,0.023433,0.006493,0,0.99999,1.012,0.90773,2.8446,1.1946e-10
h1,coin.desk.good*0.5,3S,hold,PASS,CONVERGED,CONVERGED,CONVERGED,CONVERGED,3962,3962,CONVERGED,CONVERGED,3961,693.15,693.15,0,0,0,0,0,0,0,0.5,0,0.9403,1.0254,726,-0.11433,-0.00090896,0,0.65781,1.1859,0.89794,2.2471,5.0182e-11
h1,coin.desk.good*2,3S,hold,PASS,CONVERGED,CONVERGED,CONVERGED,CONVERGED,3621,3621,CONVERGED,CONVERGED,3621,1055.7,589.34,0,0,0,0,0,0,2,0.77475,0,0.99146,1.1077,1288,0.097657,0.10455,0,0.99988,1.23,0.8001,2.4851,5.0182e-11
h1,coin.desk.capacity*0.5,3S,hold,PASS,CONVERGED,CONVERGED,CONVERGED,CONVERGED,3869,3869,CONVERGED,CONVERGED,3869,inf,607.43,0,0,0,0,0,0,3,0.89418,0,0.94895,1.0219,430,0.21089,-0.0012014,2,0.54475,1.5138,0.89611,2.4538,5.0182e-11
h1,coin.desk.capacity*2,3S,hold,PASS,CONVERGED,CONVERGED,CONVERGED,CONVERGED,3446,3446,CONVERGED,CONVERGED,3446,656.98,656.98,0,0,0,0,0,0,0,0.8636,0,0.99971,1.085,1120,-0.13342,0.073012,0,0.9999,1.1803,0.84367,2.5714,5.0182e-11
h1,coin.desk.maker*0.5,3S,hold,PASS,CONVERGED,CONVERGED,CONVERGED,CONVERGED,3603,3603,CONVERGED,CONVERGED,3613,825.06,693.15,0,0,0,0,0,0,1,0.89758,0,0.96614,1.0141,0,0.10698,0.00061965,0,0.88077,1.0325,0.88723,2.5285,5.0182e-11
h1,coin.desk.maker*2,3S,hold,PASS,CONVERGED,CONVERGED,CONVERGED,CONVERGED,3264,3264,CONVERGED,CONVERGED,3264,inf,349.75,0,0,0,0,0,0,3,0.76084,0,0.99821,1.0606,909,-0.13614,0.053027,0,0.89676,1.2799,0.72608,2.5862,5.0182e-11
h1,coin.desk.fodder*0.5,3S,hold,PASS,CONVERGED,CONVERGED,CONVERGED,CONVERGED,3211,3211,CONVERGED,CONVERGED,3211,1401.3,706.82,1,0,0,0,1,0,11,0.59925,0,0.96334,1.0151,0,-0.031415,0.014891,0,0.98708,1.0349,0.49998,1.9906,5.0182e-11
h1,coin.desk.fodder*2,3S,hold,PASS,CONVERGED,CONVERGED,CONVERGED,CONVERGED,3211,3211,CONVERGED,CONVERGED,3211,592.42,592.42,0,0,0,0,0,0,0,0.78585,0,0.9898,1.0484,0,0.011367,0.049819,0,0.9997,1.1044,0.72628,2.8296,5.0182e-11
h1,coin.provider*0.5,3S,hold,PASS,CONVERGED,CONVERGED,CONVERGED,CONVERGED,3998,3998,CONVERGED,CONVERGED,3997,312.43,312.43,0,0,0,0,0,0,0,0.73167,0,0.94431,1.0245,729,-0.0066082,-0.0032333,0,0.87607,1.0565,0.98039,2.6907,5.0182e-11
h1,coin.provider*2,3S,hold,PASS,CONVERGED,CONVERGED,CONVERGED,CONVERGED,3544,3544,CONVERGED,CONVERGED,3544,716.53,522.78,0,0,0,0,0,0,1,0.75867,0,0.9879,1.0923,1214,-0.028305,0.091796,0,0.99907,1.1994,0.69879,2.6548,5.0182e-11
h1,coin.workers*0.5,3S,hold,PASS,CONVERGED,CONVERGED,CONVERGED,CONVERGED,4036,4036,CONVERGED,CONVERGED,4035,339.4,339.4,0,0,0,0,0,0,0,0.71219,0,0.94016,1.0264,810,-0.0070853,-0.0034716,0,0.86702,1.0607,0.97903,2.6648,5.0182e-11
h1,coin.workers*2,3S,hold,PASS,CONVERGED,CONVERGED,CONVERGED,CONVERGED,3580,3580,CONVERGED,CONVERGED,3580,770.24,553.27,0,0,0,0,0,0,1,0.74664,0,0.98705,1.0986,1249,-0.0298,0.098175,0,0.99903,1.2131,0.68384,2.627,5.0182e-11
h2,w*1.05,1,hold,PASS,CONVERGED,CONVERGED,-,-,1076,,CONVERGED,,1074,48.79,58.196,0,0,0,0,0,0,0,0.98559,0,0.99945,1.0011,0,7.2798e-05,0.00074338,0,0.99961,1.0025,0.99753,1.5244,5.0182e-11
h2,r*1.05,1,hold,PASS,CONVERGED,CONVERGED,-,-,3236,,CONVERGED,,3236,48.79,242.73,0,0,0,0,0,0,0,0.9513,0,0.96461,1.0288,0,-0.0042356,-0.00060668,0,0.86894,1.0688,0.94508,1.3948,5.0182e-11
h2,p[fodder]*1.05,1,hold,PASS,CONVERGED,CONVERGED,-,-,1954,,CONVERGED,,1965,48.79,76.986,0,0,0,0,0,0,0,0.98342,0,0.99587,1.0056,0,-0.016056,0.0026399,0,0.94486,1.0216,0.98216,1.453,5.0182e-11
h2,p[horse]*1.05,1,hold,PASS,CONVERGED,CONVERGED,-,-,509,,CONVERGED,,509,48.79,48.79,0,0,0,0,0,0,0,0.99865,0,0.99979,1.0003,0,4.2611e-05,0.00016921,0,0.98595,1.0164,0.99839,1.5233,5.0182e-11
h2,p[traction]*1.05,1,hold,PASS,CONVERGED,CONVERGED,-,-,1710,,CONVERGED,,1746,48.79,73.503,0,0,0,0,0,0,0,0.96198,0,0.99767,1.0041,0,0.032269,0.0023073,0,0.97456,1.0252,0.9848,1.5128,5.0182e-11
h2,p[good]*1.05,1,hold,PASS,CONVERGED,CONVERGED,-,-,1322,,CONVERGED,,1328,48.79,48.79,0,0,0,0,0,0,0,0.97458,0,0.99972,1.0028,0,0.00026525,0.001442,0,0.99955,1.0062,0.99662,1.5244,5.0182e-11
h2,s*1.05,1,hold,PASS,CONVERGED,CONVERGED,-,-,1172,,CONVERGED,,1165,48.79,37.448,0,0,0,0,0,0,0,0.99208,0,0.99925,1.001,0,-0.0057818,0.00061259,0,0.99877,1.0029,0.99753,1.5184,5.0182e-11
h2,JA(1.05),1,hold,PASS,CONVERGED,CONVERGED,-,-,1893,,CONVERGED,,1914,48.79,120.23,0,0,0,0,0,0,0,0.9608,0,0.99668,1.0066,0,0.011314,0.0038206,0,0.93329,1.0319,0.9781,1.5038,5.0182e-11
h2,JB(1.05),1,hold,PASS,CONVERGED,CONVERGED,-,-,1879,,CONVERGED,,1879,48.79,124.94,0,0,0,0,0,0,0,0.94412,0,0.99818,1.0082,0,0.0058298,0.0051174,0,0.95238,1.0576,0.94902,1.4957,5.0182e-11
h2,N(1.05),1,hold,PASS,CONVERGED,CONVERGED,-,-,3282,,CONVERGED,,3278,0,156.4,0,0,0,0,0,0,0,0.94703,0,0.96573,1.0289,0,0.0089779,-0.0022882,0,0.90425,1.0689,0.97384,1.4501,5.0182e-11
h2,w*0.95,1,hold,PASS,CONVERGED,CONVERGED,-,-,1503,,CONVERGED,,1503,51.293,83.538,0,0,0,0,0,0,0,0.99047,0,0.99819,1.0025,0,-0.0037182,0.0015735,0,0.99785,1.0059,0.99446,1.5219,5.0182e-11
h2,r*0.95,1,hold,PASS,CONVERGED,CONVERGED,-,-,2654,,CONVERGED,,2654,51.293,275.66,0,0,0,0,0,0,0,0.98217,0,1,1.045,0,0.001298,0.026187,0,0.99335,1.0955,0.97918,1.5072,5.0182e-11
h2,p[fodder]*0.95,1,hold,PASS,CONVERGED,CONVERGED,-,-,1954,,CONVERGED,,1954,51.293,127.67,0,0,0,0,0,0,0,0.95541,0,0.9961,1.0074,0,0.023799,0.0043289,0,0.91917,1.0552,0.94475,1.4725,5.0182e-11
h2,p[horse]*0.95,1,hold,PASS,CONVERGED,CONVERGED,-,-,1416,,CONVERGED,,1416,51.293,51.293,0,0,0,0,0,0,0,0.99295,0,0.9989,1.0018,0,0.01448,0.00091057,0,0.95,1.0388,0.99159,1.5138,5.0182e-11
h2,p[traction]*0.95,1,hold,PASS,CONVERGED,CONVERGED,-,-,1823,,CONVERGED,,1823,51.293,80.619,0,0,0,0,0,0,0,0.9828,0,0.99698,1.0048,0,-0.034858,0.0024809,0,0.95639,1.0276,0.98237,1.4493,5.0182e-11
h2,p[good]*0.95,1,hold,PASS,CONVERGED,CONVERGED,-,-,2361,,CONVERGED,,2361,51.293,164.16,0,0,0,0,0,0,0,0.95884,0,0.99044,1.0124,0,-0.0023794,0.0058353,0,0.91086,1.0523,0.95157,1.4517,5.0182e-11
h2,s*0.95,1,hold,PASS,CONVERGED,CONVERGED,-,-,906,,CONVERGED,,906,51.293,38.953,0,0,0,0,0,0,0,0.99019,0,0.9996,1.0007,0,0.0033348,0.00047486,0,0.99989,1.0016,0.99923,1.5251,5.0182e-11
h2,JA(0.95),1,hold,PASS,CONVERGED,CONVERGED,-,-,2351,,CONVERGED,,2351,51.293,203.94,0,0,0,0,0,0,0,0.95276,0,0.99096,1.0131,0,0.0017562,0.0066585,0,0.89133,1.0709,0.94483,1.4389,5.0182e-11
h2,JB(0.95),1,hold,PASS,CONVERGED,CONVERGED,-,-,2512,,CONVERGED,,2525,51.293,209.68,0,0,0,0,0,0,0,0.94636,0,0.98689,1.0174,0,0.0024178,0.0087669,0,0.92183,1.0639,0.93893,1.4343,5.0182e-11
h2,N(0.95),1,hold,PASS,CONVERGED,CONVERGED,-,-,2629,,CONVERGED,,2629,0,245.24,0,0,0,0,0,0,0,0.98479,0,0.99972,1.0426,0,-0.00097122,0.024777,0,0.99439,1.0903,0.98425,1.5086,5.0182e-11
h2,w*1.2,2,hold,PASS,CONVERGED,CONVERGED,-,-,1626,,CONVERGED,,1619,182.32,229.8,0,0,0,0,0,0,0,0.94729,0,0.99786,1.0042,0,-0.0028531,0.0028202,0,0.9985,1.0096,0.99098,1.5217,5.0182e-11
h2,r*1.2,2,hold,PASS,CONVERGED,CONVERGED,-,-,3888,,CONVERGED,,3888,182.32,1280.8,0,0,0,0,0,0,58,0.82882,0,0.86954,1.1065,1717,-0.015011,-0.0013383,0,0.41053,1.2524,0.80883,1.0854,5.0182e-11
h2,p[fodder]*1.2,2,hold,PASS,CONVERGED,CONVERGED,-,-,2659,,CONVERGED,,2671,182.32,303.79,0,0,0,0,0,0,0,0.93089,0,0.98315,1.0231,0,-0.06983,0.011203,0,0.78717,1.0981,0.92369,1.2713,5.0182e-11
h2,p[horse]*1.2,2,hold,PASS,CONVERGED,CONVERGED,-,-,1368,,CONVERGED,,1368,182.32,182.32,0,0,0,0,0,0,0,0.99407,0,0.99906,1.0016,0,-0.01322,0.00075681,0,0.93987,1.0778,0.99296,1.5154,1.1946e-10
h2,p[traction]*1.2,2,hold,PASS,CONVERGED,CONVERGED,-,-,2374,,CONVERGED,,2407,182.32,278.28,0,0,0,0,0,0,0,0.86489,0,0.99092,1.0161,0,0.13374,0.0089764,0,0.89783,1.1012,0.94144,1.4733,5.0182e-11
h2,p[good]*1.2,2,hold,PASS,CONVERGED,CONVERGED,-,-,1918,,CONVERGED,,1925,182.32,182.32,0,0,0,0,0,0,0,0.90596,0,0.99899,1.0105,0,0.00093006,0.0053123,0,0.99839,1.023,0.98779,1.5213,5.0182e-11
h2,s*1.2,2,hold,PASS,CONVERGED,CONVERGED,-,-,1744,,CONVERGED,,1735,182.32,141.75,0,0,0,0,0,0,0,0.96761,0,0.997,1.0042,0,-0.022226,0.0024626,0,0.99259,1.0135,0.98934,1.4966,5.0182e-11
h2,JA(1.2),2,hold,PASS,CONVERGED,CONVERGED,-,-,2593,,CONVERGED,,2618,182.32,448.34,0,0,0,0,0,0,0,0.85979,0,0.9867,1.0265,0,0.016005,0.015166,0,0.75163,1.1431,0.90706,1.4525,5.0182e-11
h2,JB(1.2),2,hold,PASS,CONVERGED,CONVERGED,-,-,2568,,CONVERGED,,2568,182.32,355.84,0,0,0,0,0,0,1,0.80966,0,0.99185,1.0305,0,0.0089571,0.018828,0,0.83333,1.1824,0.82732,1.4224,5.0182e-11
h2,N(1.2),2,hold,PASS,CONVERGED,CONVERGED,-,-,3940,,CONVERGED,,3936,0,698.98,0,0,0,0,0,0,0,0.81462,0,0.87748,1.1032,1775,0.0074035,-0.0098574,0,0.65068,1.2443,0.904,1.2549,5.0182e-11
h2,w*0.8,2,hold,PASS,CONVERGED,CONVERGED,-,-,2216,,CONVERGED,,2216,223.14,360.54,0,0,0,0,0,0,0,0.95822,0,0.99189,1.0116,0,-0.013345,0.0072299,0,0.98165,1.0271,0.97277,1.5082,5.0182e-11
h2,r*0.8,2,hold,PASS,CONVERGED,CONVERGED,-,-,3395,,CONVERGED,,3395,223.14,1019.9,0,0,0,0,0,0,0,0.93416,0,1,1.2005,1162,0.0059024,0.11377,0,0.97136,1.4273,0.92432,1.4505,5.0182e-11
h2,p[fodder]*0.8,2,hold,PASS,CONVERGED,CONVERGED,-,-,2740,,CONVERGED,,2740,223.14,529.1,0,0,0,0,0,0,0,0.82714,0,0.98217,1.0347,0,0.10781,0.020173,0,0.68096,1.2361,0.78585,1.3217,5.0182e-11
h2,p[horse]*0.8,2,hold,PASS,CONVERGED,CONVERGED,-,-,2080,,CONVERGED,,2080,223.14,223.14,0,0,0,0,0,0,1,0.96995,0,0.99512,1.008,0,0.060983,0.0040479,0,0.8,1.1842,0.96431,1.4747,5.0182e-11
h2,p[traction]*0.8,2,hold,PASS,CONVERGED,CONVERGED,-,-,2589,,CONVERGED,,2589,223.14,337.97,0,0,0,0,0,0,0,0.92817,0,0.98599,1.0221,0,-0.15427,0.011361,0,0.82021,1.1319,0.92427,1.2205,5.0182e-11
h2,p[good]*0.8,2,hold,PASS,CONVERGED,CONVERGED,-,-,3181,,CONVERGED,,3181,223.14,725.79,0,0,0,0,0,0,0,0.82473,0,0.95402,1.0612,1085,-0.0094845,0.029169,0,0.60483,1.2548,0.79309,1.2298,5.0182e-11
h2,s*0.8,2,hold,PASS,CONVERGED,CONVERGED,-,-,1472,,CONVERGED,,1472,223.14,171.17,0,0,0,0,0,0,0,0.96049,0,0.9984,1.0028,0,0.01289,0.0019205,0,0.99957,1.0065,0.9966,1.5234,5.0182e-11
h2,JA(0.8),2,hold,PASS,CONVERGED,CONVERGED,-,-,3211,,CONVERGED,,3211,223.14,894.92,0,0,0,0,0,0,1,0.81432,0,0.95334,1.069,1116,0.0024311,0.034245,0,0.5347,1.44,0.78441,1.1883,5.0182e-11
h2,JB(0.8),2,hold,PASS,CONVERGED,CONVERGED,-,-,3386,,CONVERGED,,3398,223.14,1045,0,0,0,0,0,0,30,0.76068,0,0.93175,1.0949,1248,0.0014263,0.048776,0,0.52572,1.3838,0.71788,1.1739,5.0182e-11
h2,N(0.8),2,hold,PASS,CONVERGED,CONVERGED,-,-,3374,,CONVERGED,,3374,0,925,0,0,0,0,0,0,1,0.93837,0,0.99881,1.1905,1153,-0.0056927,0.10864,0,0.97254,1.4057,0.93023,1.4536,5.0182e-11
h2,w*2,3,hold,PASS,CONVERGED,CONVERGED,CONVERGED,CONVERGED,2381,2381,CONVERGED,CONVERGED,2375,693.15,693.15,0,0,0,0,0,0,0,0.83635,0,0.98986,1.0171,0,-0.03694,0.010384,0,0.98005,1.0393,0.96792,1.4661,5.0182e-11
h2,r*2,3,hold,PASS,CONVERGED,CONVERGED,CONVERGED,CONVERGED,4620,4620,CONVERGED,CONVERGED,4620,693.15,7867.8,120,0,0,120,38,21,293,0.46545,0,0.61784,1.3209,2255,-0.047153,-0.043203,61,0.0038373,1.7407,0.42576,0.73552,5.0182e-11
h2,p[fodder]*2,3,hold,PASS,CONVERGED,CONVERGED,CONVERGED,CONVERGED,3478,3478,CONVERGED,CONVERGED,3488,693.15,1311.3,0,0,0,0,0,0,56,0.72974,0,0.92302,1.1162,1310,-0.27,0.059191,2,0.30247,1.6694,0.68037,0.76281,5.0182e-11
h2,p[horse]*2,3,hold,PASS,CONVERGED,CONVERGED,CONVERGED,CONVERGED,1768,1768,CONVERGED,CONVERGED,1768,693.15,693.15,0,0,0,0,0,0,2,0.98286,0,0.996,1.0041,0,-0.15257,0.0020776,0,0.79506,1.4337,0.98147,1.5064,5.0182e-11
h2,p[traction]*2,3,hold,PASS,CONVERGED,CONVERGED,CONVERGED,CONVERGED,3182,3182,CONVERGED,CONVERGED,3198,693.15,1040.8,2,0,0,0,2,0,5,0.56996,0,0.95607,1.073,1086,0.71055,0.040021,0,0.54377,1.4636,0.79457,1.2786,5.0182e-11
h2,p[good]*2,3,hold,PASS,CONVERGED,CONVERGED,CONVERGED,CONVERGED,2576,2576,CONVERGED,CONVERGED,2581,693.15,693.15,0,0,0,0,0,0,0,0.66117,0,0.99663,1.039,0,0.0022964,0.01936,0,0.99493,1.085,0.95931,1.5104,5.0182e-11
h2,s*2,3,hold,PASS,CONVERGED,CONVERGED,CONVERGED,CONVERGED,2759,2759,CONVERGED,CONVERGED,2746,693.15,557.28,0,0,0,0,0,0,2,0.82932,0,0.97889,1.0307,0,-0.093241,0.016723,0,0.88017,1.1367,0.91602,1.3449,5.0182e-11
h2,JA(2),3,hold,PASS,CONVERGED,CONVERGED,CONVERGED,CONVERGED,3260,3260,CONVERGED,CONVERGED,3288,693.15,1237.5,3,0,0,0,3,0,16,0.54867,0,0.95277,1.0979,1131,0.0051479,0.058565,6,0.46502,1.5854,0.72172,1.2681,5.0182e-11
h2,JB(2),3,hold,PASS,CONVERGED,CONVERGED,CONVERGED,CONVERGED,3338,3338,CONVERGED,CONVERGED,3338,693.15,1096.4,23,0,10,0,11,12,32,0.46653,27.991,0.95381,1.1218,1176,0.037339,0.075354,0,0.5,1.3313,0.51806,1.2561,5.0182e-11
h2,N(2),3,hold,PASS,CONVERGED,CONVERGED,CONVERGED,CONVERGED,4639,4639,CONVERGED,CONVERGED,4638,0,6326.4,45,1,7,36,0,9,298,0.44386,2.8542,0.61271,1.329,2270,-0.029752,-0.05039,54,0.01657,1.7681,0.60337,1.0003,5.0182e-11
h2,w*0.5,3,hold,PASS,CONVERGED,CONVERGED,CONVERGED,CONVERGED,2879,2879,CONVERGED,CONVERGED,2879,693.15,1113,0,0,0,0,0,0,18,0.85985,0,0.97045,1.0414,0,-0.024764,0.025719,0,0.99382,1.0962,0.89943,1.4598,5.0182e-11
h2,r*0.5,3,hold,PASS,CONVERGED,CONVERGED,CONVERGED,CONVERGED,4003,4003,CONVERGED,CONVERGED,4003,693.15,2524.4,0,0,0,0,0,0,85,0.78965,0,1,1.6668,1562,0.02023,0.36402,0,0.91276,2.4277,0.85207,1.3259,5.0182e-11
h2,p[fodder]*0.5,3,hold,PASS,CONVERGED,CONVERGED,CONVERGED,CONVERGED,3319,3319,CONVERGED,CONVERGED,3319,693.15,1215.5,7,0,0,0,7,0,25,0.59549,0,0.94574,1.1061,1174,0.35475,0.063481,0,0.40853,1.6567,0.50081,1.0633,5.0182e-11
h2,p[horse]*0.5,3,hold,PASS,CONVERGED,CONVERGED,CONVERGED,CONVERGED,2673,2673,CONVERGED,CONVERGED,2673,693.15,693.15,0,0,0,0,0,0,2,0.91561,0,0.98466,1.0257,0,0.16163,0.012861,0,0.5,1.3509,0.90049,1.3765,5.0182e-11
h2,p[traction]*0.5,3,hold,PASS,CONVERGED,CONVERGED,CONVERGED,CONVERGED,3221,3221,CONVERGED,CONVERGED,3221,693.15,916.47,0,0,0,0,0,0,0,0.82068,0,0.95347,1.0722,1124,-0.43615,0.036164,0,0.52411,1.4339,0.81012,0.76281,5.0182e-11
h2,p[good]*0.5,3,hold,PASS,CONVERGED,CONVERGED,CONVERGED,CONVERGED,3682,3682,CONVERGED,CONVERGED,3682,693.15,2356.9,0,0,0,0,0,0,82,0.67812,0,0.87597,1.149,1462,-0.023531,0.070092,0,0.11901,1.6198,0.74281,0.88215,5.0182e-11
h2,s*0.5,3,hold,PASS,CONVERGED,CONVERGED,CONVERGED,CONVERGED,1907,1907,CONVERGED,CONVERGED,1907,693.15,542.88,0,0,0,0,0,0,0,0.89987,0,0.99585,1.0073,0,0.030097,0.0049248,0,0.99889,1.0168,0.9895,1.5198,5.0182e-11
h2,JA(0.5),3,hold,PASS,CONVERGED,CONVERGED,CONVERGED,CONVERGED,3653,3653,CONVERGED,CONVERGED,3653,693.15,2086.5,8,0,0,0,8,0,91,0.59012,0,0.88273,1.1548,1430,0.024501,0.079731,5,0.16753,1.8097,0.52802,0.84317,5.0182e-11
h2,JB(0.5),3,hold,PASS,CONVERGED,CONVERGED,CONVERGED,CONVERGED,3826,3826,CONVERGED,CONVERGED,3832,693.15,3999.5,31,0,0,9,22,9,98,0.46702,0,0.83826,1.2062,1544,0.0086143,0.1128,25,0.053967,1.4987,0.70039,0.99571,5.0182e-11
h2,N(0.5),3,hold,PASS,CONVERGED,CONVERGED,CONVERGED,CONVERGED,3984,3984,CONVERGED,CONVERGED,3984,0,2348.8,0,0,0,0,0,0,48,0.81074,0,0.99793,1.6361,1548,0.017937,0.35246,0,0.9159,2.3615,0.76923,1.3322,2.4314e-11
h2,x*/2,3,hold,PASS,CONVERGED,CONVERGED,CONVERGED,CONVERGED,3605,3605,CONVERGED,CONVERGED,3601,1424,2469.9,7,0,0,0,7,1,74,0.48933,0,0.89057,1.1509,1386,-0.20753,0.088535,0,0.16351,1.3481,0.8271,0.84602,5.0182e-11
h2,b*1.1@genesis,2,b*1.1@dated,PASS,CONVERGED,CONVERGED,-,-,3145,,CONVERGED,,3145,95.31,416.69,0,0,0,0,0,0,0,0.93233,0,0.97152,1.0397,0,-0.008201,-0.00018392,0,0.77746,1.0498,0.89343,1.3044,3.2641e-11
h2,b*1.1@dated,2,b*1.1@dated,PASS,CONVERGED,CONVERGED,-,-,3145,,CONVERGED,,3145,95.31,416.69,0,0,0,0,0,0,0,0.93233,0,0.97152,1.0397,0,-0.008201,-0.00018392,0,0.77746,1.0498,0.89343,1.3044,3.2641e-11
h2,b*0.9@genesis,2,b*0.9@dated,PASS,CONVERGED,CONVERGED,-,-,3182,,CONVERGED,,3182,105.36,445.58,0,0,0,0,0,0,0,0.9448,0,0.95987,1.0898,1062,0.012223,0.056085,0,0.98813,1.2039,0.96921,1.4929,5.9508e-11
h2,b*0.9@dated,2,b*0.9@dated,PASS,CONVERGED,CONVERGED,-,-,3182,,CONVERGED,,3182,105.36,445.58,0,0,0,0,0,0,0,0.9448,0,0.95987,1.0898,1062,0.012223,0.056085,0,0.98813,1.2039,0.96921,1.4929,5.9508e-11
h2,b*2@genesis,3,b*2@dated,PASS,CONVERGED,CONVERGED,CONVERGED,CONVERGED,4233,4233,CONVERGED,CONVERGED,4233,693.15,5465.3,7,0,0,7,0,0,265,0.62473,0,0.82445,1.3835,2068,-0.044405,0.0047316,45,0.014026,1.5656,0.41637,0.81211,4.9072e-11
h2,b*2@dated,3,b*2@dated,PASS,CONVERGED,CONVERGED,CONVERGED,CONVERGED,4233,4233,CONVERGED,CONVERGED,4233,693.15,5465.3,7,0,0,7,0,0,265,0.62473,0,0.82445,1.3835,2068,-0.044405,0.0047316,45,0.014026,1.5656,0.41637,0.81211,4.9072e-11
h2,b*0.5@genesis,3,b*0.5@dated,PASS,CONVERGED,CONVERGED,CONVERGED,CONVERGED,4253,4253,CONVERGED,CONVERGED,4253,775.4,2263.4,0,0,0,0,0,0,136,0.72619,0,0.79464,1.7951,1785,0.062049,0.54409,0,0.90487,2.745,0.89545,1.2893,9.1926e-11
h2,b*0.5@dated,3,b*0.5@dated,PASS,CONVERGED,CONVERGED,CONVERGED,CONVERGED,4253,4253,CONVERGED,CONVERGED,4253,775.4,2263.4,0,0,0,0,0,0,136,0.72619,0,0.79464,1.7951,1785,0.062049,0.54409,0,0.90487,2.745,0.89545,1.2893,3.8192e-11
h2,stock.good*0.5,3S,hold,PASS,CONVERGED,CONVERGED,CONVERGED,CONVERGED,1794,1794,CONVERGED,CONVERGED,1794,693.15,693.15,0,0,0,0,0,0,0,0.5,0,0.99737,1.0053,0,-0.0090129,0.0029972,0,0.95895,1.0361,0.97915,1.4957,5.0182e-11
h2,stock.good*2,3S,hold,PASS,CONVERGED,CONVERGED,CONVERGED,CONVERGED,2350,2350,CONVERGED,CONVERGED,2000,125.87,160.21,0,0,0,0,0,0,0,0.95986,0,0.99067,1.0121,0,-0.00054153,0.0056598,0,0.91299,1.051,0.95279,1.4533,5.0182e-11
h2,heads.capacity*0.5,3S,hold,PASS,CONVERGED,CONVERGED,CONVERGED,CONVERGED,3931,3931,CONVERGED,CONVERGED,3930,930.12,1148.3,46,0,0,0,46,0,0,0.53359,21.433,0.65,1.3497,1553,0.1269,0.31682,0,0.95546,1.8061,0.76107,1.4124,5.0182e-11
h2,heads.capacity*2,3S,hold,PASS,CONVERGED,CONVERGED,CONVERGED,CONVERGED,4712,4712,CONVERGED,CONVERGED,4712,inf,7827.8,0,0,0,0,0,0,737,0.76229,0,0.71744,1.7,2345,0.01695,-0.26207,112,0.040478,2.273,0.55764,0.97691,5.0182e-11
h2,hours.capacity*0.5,3S,hold,PASS,CONVERGED,CONVERGED,CONVERGED,CONVERGED,2027,2027,CONVERGED,CONVERGED,2027,693.15,693.15,0,0,0,0,0,0,0,0.59946,0,0.99565,1.008,0,0.057379,0.0044341,0,0.91975,1.0458,0.97025,1.5019,5.0182e-11
h2,hours.capacity*2,3S,hold,PASS,CONVERGED,CONVERGED,CONVERGED,CONVERGED,2146,2146,CONVERGED,CONVERGED,1813,152.76,152.76,0,0,0,0,0,0,0,0.96701,0,0.99409,1.0093,0,-0.085613,0.0048158,0,0.91813,1.0532,0.96616,1.3836,5.0182e-11
h2,own.maker*0.5,3S,hold,PASS,CONVERGED,CONVERGED,CONVERGED,CONVERGED,4192,4192,CONVERGED,CONVERGED,4192,1247.7,1197.2,0,0,0,0,0,0,282,0.79244,0,0.76337,1.3253,1830,-0.028858,0.060128,0,0.95663,1.7435,0.94754,1.4171,2.5979e-11
h2,own.maker*2,3S,hold,PASS,CONVERGED,CONVERGED,CONVERGED,CONVERGED,3409,3409,CONVERGED,CONVERGED,3409,692.13,692.13,0,0,0,0,0,0,0,1,0,1,1.2994,884,4.4409e-16,-2.2204e-16,0,1,1,1,1.5256,5.0182e-11
h2,finished.maker*0.5,3S,hold,PASS,CONVERGED,CONVERGED,CONVERGED,CONVERGED,2171,2171,CONVERGED,CONVERGED,2171,inf,215.79,0,0,0,0,0,0,2,0.96379,0,0.99277,1.0103,0,-0.051414,0.0060471,0,0.93061,1.0627,0.96069,1.4864,5.0182e-11
h2,finished.maker*2,3S,hold,PASS,CONVERGED,CONVERGED,CONVERGED,CONVERGED,2461,2461,CONVERGED,CONVERGED,2461,550.63,550.63,0,0,0,0,0,0,0,0.9437,0,0.99153,1.0152,0,0.081224,0.0056388,0,0.57659,2,0.92649,1.4001,5.0182e-11
h2,stock.fodder*0.5,3S,hold,PASS,CONVERGED,CONVERGED,CONVERGED,CONVERGED,2205,2205,CONVERGED,CONVERGED,2205,2026.7,693.15,0,0,0,0,0,0,1,0.59946,0,0.99247,1.0105,0,0.002369,0.0058059,0,0.93681,1.0343,0.5,1.4512,5.0182e-11
h2,stock.fodder*2,3S,hold,PASS,CONVERGED,CONVERGED,CONVERGED,CONVERGED,2301,2301,CONVERGED,CONVERGED,1943,169.22,247.9,0,0,0,0,0,0,0,0.91554,0,0.99225,1.0148,0,0.054576,0.0086067,0,0.84432,1.1085,0.89543,1.4253,5.0182e-11
h2,coin.desk.good*0.5,3S,hold,PASS,CONVERGED,CONVERGED,CONVERGED,CONVERGED,3574,3574,CONVERGED,CONVERGED,3574,1033.4,1033.4,0,0,0,0,0,0,33,0.5,0,0.91471,1.071,1457,-0.12669,0.0073976,0,0.35932,1.4806,0.8185,1.1215,5.0182e-11
h2,coin.desk.good*2,3S,hold,PASS,CONVERGED,CONVERGED,CONVERGED,CONVERGED,3449,3449,CONVERGED,CONVERGED,3449,1100.2,1148.6,0,0,0,0,0,0,2,0.78434,0,0.98884,1.1948,1217,0.12411,0.11555,0,0.70519,1.5464,0.76071,1.3084,5.0182e-11
h2,coin.desk.capacity*0.5,3S,hold,PASS,CONVERGED,CONVERGED,CONVERGED,CONVERGED,3482,3482,CONVERGED,CONVERGED,3483,inf,1008.9,0,0,0,0,0,0,22,0.81104,0,0.92827,1.0597,1371,0.18426,0.006407,3,0.36461,1.7675,0.76281,1.1631,5.0182e-11
h2,coin.desk.capacity*2,3S,hold,PASS,CONVERGED,CONVERGED,CONVERGED,CONVERGED,3243,3243,CONVERGED,CONVERGED,3243,995.8,995.8,0,0,0,0,0,0,0,0.87569,0,0.99865,1.145,1080,-0.074939,0.08279,0,0.97932,1.3077,0.86103,1.3099,5.0182e-11
h2,coin.desk.maker*0.5,3S,hold,PASS,CONVERGED,CONVERGED,CONVERGED,CONVERGED,2929,2929,CONVERGED,CONVERGED,2927,693.15,693.15,0,0,0,0,0,0,0,0.89101,0,0.96972,1.0272,0,0.08309,0.0086258,0,0.78081,1.1035,0.86709,1.3322,5.0182e-11
h2,coin.desk.maker*2,3S,hold,PASS,CONVERGED,CONVERGED,CONVERGED,CONVERGED,2862,2862,CONVERGED,CONVERGED,2862,inf,515.86,0,0,0,0,0,0,3,0.79034,0,0.99499,1.063,827,-0.085971,0.03681,0,0.72238,1.3731,0.76923,1.4039,5.0182e-11
h2,coin.desk.fodder*0.5,3S,hold,PASS,CONVERGED,CONVERGED,CONVERGED,CONVERGED,3502,3502,CONVERGED,CONVERGED,3502,2026.7,1297.2,0,0,0,0,0,0,56,0.59906,0,0.91308,1.0874,1365,-0.041493,0.030552,0,0.4119,1.4211,0.5,1.0793,5.0182e-11
h2,coin.desk.fodder*2,3S,hold,PASS,CONVERGED,CONVERGED,CONVERGED,CONVERGED,3183,3183,CONVERGED,CONVERGED,3183,673.54,673.54,0,0,0,0,0,0,0,0.82512,0,1,1.1333,1038,0.047062,0.076074,0,0.98342,1.2835,0.79696,1.4756,5.0182e-11
h2,coin.provider*0.5,3S,hold,PASS,CONVERGED,CONVERGED,CONVERGED,CONVERGED,3634,3634,CONVERGED,CONVERGED,3633,312.43,324.99,0,0,0,0,0,0,0,0.73167,0,0.9327,1.0565,1519,-0.0067941,-0.0047775,0,0.76648,1.1345,0.9637,1.3596,5.0182e-11
h2,coin.provider*2,3S,hold,PASS,CONVERGED,CONVERGED,CONVERGED,CONVERGED,3418,3418,CONVERGED,CONVERGED,3418,974.31,1018.7,0,0,0,0,0,0,1,0.76138,0,0.97742,1.1787,1197,-0.024887,0.10998,0,0.97488,1.3891,0.70278,1.3523,5.0182e-11
h2,coin.workers*0.5,3S,hold,PASS,CONVERGED,CONVERGED,CONVERGED,CONVERGED,3671,3671,CONVERGED,CONVERGED,3670,339.4,352.37,0,0,0,0,0,0,0,0.71219,0,0.92772,1.0607,1561,-0.0072845,-0.0051963,0,0.74928,1.1444,0.96106,1.3477,5.0182e-11
h2,coin.workers*2,3S,hold,PASS,CONVERGED,CONVERGED,CONVERGED,CONVERGED,3451,3451,CONVERGED,CONVERGED,3451,1021.7,1074,0,0,0,0,0,0,1,0.74941,0,0.97592,1.1908,1216,-0.026157,0.1178,0,0.97009,1.4155,0.68794,1.3397,5.0182e-11
h3,w*1.05,1,hold,PASS,CONVERGED,CONVERGED,-,-,1107,,CONVERGED,,1094,48.79,58.285,0,0,0,0,0,0,0,0.98554,0,0.99953,1.0005,0,-0.00031001,0.00064164,0,0.9998,1.0012,0.99865,3.0498,3.5305e-11
h3,r*1.05,1,hold,PASS,CONVERGED,CONVERGED,-,-,4259,,CONVERGED,,4258,48.79,137.63,0,0,0,0,0,0,0,0.95259,0,0.97428,1.0125,0,-0.0040164,-0.0014265,0,0.95115,1.0298,0.94959,2.752,1.2257e-10
h3,p[fodder]*1.05,1,hold,PASS,CONVERGED,CONVERGED,-,-,1857,,CONVERGED,,1861,48.79,48.79,0,0,0,0,0,0,0,0.99164,0,0.99881,1.0008,0,-0.0037251,0.00091918,0,0.97924,1.0101,0.99035,2.9059,3.5305e-11
h3,p[horse]*1.05,1,hold,PASS,CONVERGED,CONVERGED,-,-,78,,CONVERGED,,78,48.79,48.79,0,0,0,0,0,0,0,0.99913,0,0.99984,1.0001,0,0.0069557,8.9429e-05,0,0.98396,1.0238,0.99896,3.047,1.2257e-10
h3,p[traction]*1.05,1,hold,PASS,CONVERGED,CONVERGED,-,-,1892,,CONVERGED,,1940,48.79,48.79,0,0,0,0,0,0,0,0.96198,0,0.99877,1.0012,0,0.03213,0.0015154,0,0.99491,1.0029,0.99366,3.0296,3.8636e-11
h3,p[good]*1.05,1,hold,PASS,CONVERGED,CONVERGED,-,-,1620,,CONVERGED,,1628,48.79,48.79,0,0,0,0,0,0,0,0.97417,0,0.9998,1.0013,0,-0.00041544,0.00098865,0,0.99999,1.0029,0.99791,3.0504,4.0634e-11
h3,s*1.05,1,hold,PASS,CONVERGED,CONVERGED,-,-,748,,CONVERGED,,741,48.79,37.448,0,0,0,0,0,0,0,0.99208,0,0.99945,1.0004,0,-0.007333,0.00052017,0,1,1.001,0.99812,3.0371,3.5305e-11
h3,JA(1.05),1,hold,PASS,CONVERGED,CONVERGED,-,-,1934,,CONVERGED,,1955,48.79,61.174,0,0,0,0,0,0,0,0.96067,0,0.99917,1.0018,0,0.030419,0.0020679,0,0.9635,1.0325,0.99534,2.9911,4.1744e-11
h3,JB(1.05),1,hold,PASS,CONVERGED,CONVERGED,-,-,2391,,CONVERGED,,2392,48.79,106.92,0,0,0,0,0,0,0,0.95002,0,0.99777,1.0038,0,-0.0028338,0.0045606,0,0.95238,1.0368,0.95334,2.9731,4.1522e-11
h3,N(1.05),1,hold,PASS,CONVERGED,CONVERGED,-,-,4269,,CONVERGED,,4266,0,97.216,0,0,0,0,0,0,0,0.94703,0,0.97512,1.0123,0,0.028709,-0.0019622,0,0.93519,1.0292,0.97312,2.8613,1.2257e-10
h3,w*0.95,1,hold,PASS,CONVERGED,CONVERGED,-,-,1955,,CONVERGED,,1955,51.293,87.286,0,0,0,0,0,0,0,0.98992,0,0.99835,1.0012,0,-0.0075346,0.0015521,0,0.99792,1.0028,0.99253,3.0288,3.5305e-11
h3,r*0.95,1,hold,PASS,CONVERGED,CONVERGED,-,-,3305,,CONVERGED,,3305,51.293,134.77,0,0,0,0,0,0,0,0.9851,0,1,1.0227,0,-0.0022824,0.016596,0,0.9999,1.0497,0.97847,3.0367,1.2257e-10
h3,p[fodder]*0.95,1,hold,PASS,CONVERGED,CONVERGED,-,-,2270,,CONVERGED,,2270,51.293,55.247,0,0,0,0,0,0,0,0.96248,0,0.99755,1.0024,0,0.0087691,0.0030073,0,0.99999,1.0056,0.95131,2.9404,4.4187e-11
h3,p[horse]*0.95,1,hold,PASS,CONVERGED,CONVERGED,-,-,665,,CONVERGED,,665,51.293,51.293,0,0,0,0,0,0,0,0.99585,0,0.9996,1.0004,0,0.018471,0.00040528,0,0.95,1.0388,0.99502,3.0321,3.5305e-11
h3,p[traction]*0.95,1,hold,PASS,CONVERGED,CONVERGED,-,-,1965,,CONVERGED,,1965,51.293,55.206,0,0,0,0,0,0,0,0.9897,0,0.99858,1.0012,0,-0.034034,0.0014294,0,0.97746,1.0108,0.99124,2.8987,4.0634e-11
h3,p[good]*0.95,1,hold,PASS,CONVERGED,CONVERGED,-,-,2574,,CONVERGED,,2574,51.293,68.563,0,0,0,0,0,0,0,0.9686,0,0.99565,1.0026,0,-0.0026103,0.0031164,0,0.9826,1.0063,0.97181,2.8903,4.3743e-11
h3,s*0.95,1,hold,PASS,CONVERGED,CONVERGED,-,-,495,,CONVERGED,,495,51.293,38.953,0,0,0,0,0,0,0,0.99019,0,0.99962,1.0003,0,0.0033437,0.0004362,0,1,1.0008,0.99842,3.05,4.0523e-11
h3,JA(0.95),1,hold,PASS,CONVERGED,CONVERGED,-,-,2576,,CONVERGED,,2576,51.293,74.286,0,0,0,0,0,0,0,0.95369,0,0.9954,1.0029,0,-0.010895,0.0035557,0,0.95,1.033,0.94471,2.8635,4.2411e-11
h3,JB(0.95),1,hold,PASS,CONVERGED,CONVERGED,-,-,2753,,CONVERGED,,2762,51.293,122.5,0,0,0,0,0,0,0,0.9451,0,0.99386,1.0039,0,0.016277,0.0047203,0,0.99448,1.0093,0.96482,2.853,4.3743e-11
h3,N(0.95),1,hold,PASS,CONVERGED,CONVERGED,-,-,3281,,CONVERGED,,3281,0,122.56,0,0,0,0,0,0,0,0.98573,0,0.99978,1.0218,0,-0.013798,0.016074,0,0.9999,1.0475,0.97944,3.0373,1.2257e-10
h3,w*1.2,2,hold,PASS,CONVERGED,CONVERGED,-,-,2076,,CONVERGED,,2063,182.32,231.98,0,0,0,0,0,0,0,0.94789,0,0.99818,1.0019,0,-0.0041761,0.0024209,0,0.99922,1.0044,0.99469,3.039,4.13e-11
h3,r*1.2,2,hold,PASS,CONVERGED,CONVERGED,-,-,5170,,CONVERGED,,5169,182.32,532.83,0,0,0,0,0,0,0,0.83088,0,0.9075,1.0455,1195,-0.014292,-0.0059761,0,0.82956,1.1087,0.82005,2.0732,1.2257e-10
h3,p[fodder]*1.2,2,hold,PASS,CONVERGED,CONVERGED,-,-,2660,,CONVERGED,,2663,182.32,182.32,0,0,0,0,0,0,0,0.96903,0,0.99543,1.0032,0,-0.019245,0.0035049,0,0.91832,1.0405,0.96433,2.5427,4.1744e-11
h3,p[horse]*1.2,2,hold,PASS,CONVERGED,CONVERGED,-,-,623,,CONVERGED,,623,182.32,182.32,0,0,0,0,0,0,0,0.99636,0,0.99928,1.0003,0,-0.0086912,0.00038998,0,0.94461,1.1034,0.99556,3.0328,3.5305e-11
h3,p[traction]*1.2,2,hold,PASS,CONVERGED,CONVERGED,-,-,2652,,CONVERGED,,2686,182.32,182.32,0,0,0,0,0,0,0,0.86489,0,0.99534,1.0047,0,0.13345,0.0057383,0,0.97539,1.011,0.97534,2.9665,4.2188e-11
h3,p[good]*1.2,2,hold,PASS,CONVERGED,CONVERGED,-,-,2356,,CONVERGED,,2363,182.32,182.32,0,0,0,0,0,0,0,0.90449,0,0.99927,1.0049,0,-0.0016891,0.0036572,0,0.99998,1.0108,0.9923,3.0481,4.0856e-11
h3,s*1.2,2,hold,PASS,CONVERGED,CONVERGED,-,-,2134,,CONVERGED,,2127,182.32,141.75,0,0,0,0,0,0,0,0.96761,0,0.99782,1.0016,0,-0.027764,0.0020487,0,0.99999,1.0038,0.99297,2.9943,4.3521e-11
h3,JA(1.2),2,hold,PASS,CONVERGED,CONVERGED,-,-,2691,,CONVERGED,,2712,182.32,232.69,0,0,0,0,0,0,0,0.85939,0,0.99671,1.0067,0,0.067807,0.007881,0,0.87233,1.14,0.98202,2.8538,1.2257e-10
h3,JB(1.2),2,hold,PASS,CONVERGED,CONVERGED,-,-,3157,,CONVERGED,,3158,182.32,350.64,0,0,0,0,0,0,1,0.82832,0,0.99212,1.0135,0,-0.021946,0.016028,0,0.83333,1.1474,0.83614,2.7688,1.2257e-10
h3,N(1.2),2,hold,PASS,CONVERGED,CONVERGED,-,-,5180,,CONVERGED,,5176,0,364.63,0,0,0,0,0,0,0,0.81462,0,0.90992,1.0449,1208,0.070944,-0.0076873,0,0.78565,1.1071,0.90235,2.3981,1.2257e-10
h3,w*0.8,2,hold,PASS,CONVERGED,CONVERGED,-,-,2809,,CONVERGED,,2809,223.14,376.07,0,0,0,0,0,0,0,0.955,0,0.99278,1.0052,0,-0.027693,0.006916,0,0.98975,1.0125,0.96516,2.9466,4.1522e-11
h3,r*0.8,2,hold,PASS,CONVERGED,CONVERGED,-,-,4341,,CONVERGED,,4341,223.14,559.11,0,0,0,0,0,0,0,0.93283,0,1,1.1027,1389,-0.010139,0.067457,0,0.99961,1.2268,0.91317,2.9909,1.2257e-10
h3,p[fodder]*0.8,2,hold,PASS,CONVERGED,CONVERGED,-,-,3114,,CONVERGED,,3114,223.14,248.74,0,0,0,0,0,0,0,0.85188,0,0.98933,1.0102,0,0.037752,0.012915,0,0.99996,1.0239,0.80724,2.6198,1.2257e-10
h3,p[horse]*0.8,2,hold,PASS,CONVERGED,CONVERGED,-,-,2147,,CONVERGED,,2147,223.14,223.14,0,0,0,0,0,0,1,0.98168,0,0.99817,1.0016,0,0.087922,0.001824,0,0.8,1.1842,0.97815,2.9666,4.2188e-11
h3,p[traction]*0.8,2,hold,PASS,CONVERGED,CONVERGED,-,-,2823,,CONVERGED,,2823,223.14,228.36,0,0,0,0,0,0,0,0.95623,0,0.99367,1.0052,0,-0.15378,0.0062328,0,0.90944,1.0367,0.96238,2.441,4.3299e-11
h3,p[good]*0.8,2,hold,PASS,CONVERGED,CONVERGED,-,-,3458,,CONVERGED,,3458,223.14,302.97,0,0,0,0,0,0,0,0.87241,0,0.9807,1.0116,0,-0.010397,0.01345,0,0.91276,1.0277,0.88347,2.4124,1.2257e-10
h3,s*0.8,2,hold,PASS,CONVERGED,CONVERGED,-,-,1923,,CONVERGED,,1923,223.14,171.17,0,0,0,0,0,0,0,0.96049,0,0.99846,1.0013,0,0.012928,0.0017663,0,0.99999,1.0031,0.99342,3.045,4.13e-11
h3,JA(0.8),2,hold,PASS,CONVERGED,CONVERGED,-,-,3453,,CONVERGED,,3453,223.14,310.12,0,0,0,0,0,0,1,0.82024,0,0.97994,1.0124,0,-0.042534,0.01493,0,0.8,1.1531,0.78833,2.326,1.2257e-10
h3,JB(0.8),2,hold,PASS,CONVERGED,CONVERGED,-,-,3708,,CONVERGED,,3717,223.14,483.28,0,0,0,0,0,0,1,0.7805,0,0.97222,1.018,0,0.055928,0.021052,0,0.95239,1.0427,0.84315,2.2951,1.2257e-10
h3,N(0.8),2,hold,PASS,CONVERGED,CONVERGED,-,-,4320,,CONVERGED,,4320,0,508.86,0,0,0,0,0,0,2,0.93545,0,0.99907,1.0987,1372,-0.054985,0.066713,0,0.99961,1.2178,0.91009,2.993,1.2257e-10
h3,w*2,3,hold,PASS,CONVERGED,CONVERGED,CONVERGED,CONVERGED,2819,2819,CONVERGED,CONVERGED,2809,693.15,693.15,0,0,0,0,0,0,0,0.83635,0,0.99334,1.0062,0,-0.04119,0.0077963,0,0.98945,1.0146,0.97596,2.9112,4.3077e-11
h3,r*2,3,hold,PASS,CONVERGED,CONVERGED,CONVERGED,CONVERGED,6132,6132,CONVERGED,CONVERGED,6131,693.15,3745.5,33,2,0,26,26,10,305,0.47157,0,0.69285,1.1591,3111,-0.043332,-0.028822,10,0.11554,1.3798,0.43781,0.78237,4.9294e-11
h3,p[fodder]*2,3,hold,PASS,CONVERGED,CONVERGED,CONVERGED,CONVERGED,3557,3557,CONVERGED,CONVERGED,3562,693.15,693.15,0,0,0,0,0,0,2,0.87933,0,0.97963,1.0141,0,-0.14744,0.015318,0,0.64827,1.2162,0.86317,1.5256,1.2257e-10
h3,p[horse]*2,3,hold,PASS,CONVERGED,CONVERGED,CONVERGED,CONVERGED,2400,2400,CONVERGED,CONVERGED,2400,693.15,693.15,0,0,0,0,0,0,3,0.96217,0,0.996,1.0026,0,-0.2486,0.003102,1,0.89542,1.4669,0.95576,2.9149,4.2188e-11
h3,p[traction]*2,3,hold,PASS,CONVERGED,CONVERGED,CONVERGED,CONVERGED,3578,3578,CONVERGED,CONVERGED,3598,693.15,697.36,2,0,0,0,2,0,0,0.56996,0,0.98017,1.0194,0,0.70841,0.023095,0,0.85826,1.0454,0.88876,2.6462,1.2257e-10
h3,p[good]*2,3,hold,PASS,CONVERGED,CONVERGED,CONVERGED,CONVERGED,3166,3166,CONVERGED,CONVERGED,3173,693.15,693.15,0,0,0,0,0,0,0,0.65631,0,0.99746,1.0182,0,-0.0086075,0.013426,0,0.99993,1.0407,0.97261,3.0398,1.2257e-10
h3,s*2,3,hold,PASS,CONVERGED,CONVERGED,CONVERGED,CONVERGED,3191,3191,CONVERGED,CONVERGED,3177,693.15,557.28,0,0,0,0,0,0,2,0.82932,0,0.98714,1.0094,0,-0.10979,0.011486,0,0.99996,1.0221,0.95918,2.7022,1.2257e-10
h3,JA(2),3,hold,PASS,CONVERGED,CONVERGED,CONVERGED,CONVERGED,3647,3647,CONVERGED,CONVERGED,3674,693.15,968.37,3,0,0,0,3,0,7,0.54791,0,0.98441,1.0273,0,0.019748,0.032279,4,0.67437,1.6017,0.89625,2.5139,1.2257e-10
h3,JB(2),3,hold,PASS,CONVERGED,CONVERGED,CONVERGED,CONVERGED,4122,4122,CONVERGED,CONVERGED,4122,693.15,1041.5,25,0,0,11,14,0,30,0.50016,19.952,0.96574,1.048,0,-0.035385,0.056842,0,0.5,1.3533,0.52115,2.2139,1.2257e-10
h3,N(2),3,hold,PASS,CONVERGED,CONVERGED,CONVERGED,CONVERGED,6138,6138,CONVERGED,CONVERGED,6135,0,2123.8,21,6,15,0,0,14,314,0.44386,10.447,0.69604,1.1582,3118,0.030183,-0.031183,3,0.34643,1.3775,0.64961,1.2153,5.1736e-11
h3,w*0.5,3,hold,PASS,CONVERGED,CONVERGED,CONVERGED,CONVERGED,3600,3600,CONVERGED,CONVERGED,3600,693.15,1155.7,0,0,0,0,0,0,17,0.84582,0,0.97545,1.0181,0,-0.056565,0.023171,0,0.99993,1.0428,0.88082,2.7186,1.2257e-10
h3,r*0.5,3,hold,PASS,CONVERGED,CONVERGED,CONVERGED,CONVERGED,5166,5166,CONVERGED,CONVERGED,5166,693.15,1639.8,0,0,0,0,0,0,20,0.77934,0,1,1.3536,2034,-0.031013,0.18226,0,0.99892,1.7961,0.78196,2.891,4.3965e-11
h3,p[fodder]*0.5,3,hold,PASS,CONVERGED,CONVERGED,CONVERGED,CONVERGED,3872,3872,CONVERGED,CONVERGED,3872,693.15,862.56,0,0,0,0,0,0,25,0.63764,0,0.96736,1.0302,0,0.10901,0.038325,0,0.99988,1.0711,0.52656,2.011,1.2257e-10
h3,p[horse]*0.5,3,hold,PASS,CONVERGED,CONVERGED,CONVERGED,CONVERGED,2920,2920,CONVERGED,CONVERGED,2920,693.15,693.15,0,0,0,0,0,0,2,0.9344,0,0.99285,1.0061,0,0.33223,0.0070412,0,0.5,1.3509,0.92306,2.7427,4.3965e-11
h3,p[traction]*0.5,3,hold,PASS,CONVERGED,CONVERGED,CONVERGED,CONVERGED,3505,3505,CONVERGED,CONVERGED,3505,693.15,693.15,0,0,0,0,0,0,0,0.88295,0,0.98129,1.0146,0,-0.43964,0.016798,0,0.7718,1.0412,0.90527,1.5256,1.2257e-10
h3,p[good]*0.5,3,hold,PASS,CONVERGED,CONVERGED,CONVERGED,CONVERGED,4276,4276,CONVERGED,CONVERGED,4276,693.15,1070.4,0,0,0,0,0,0,59,0.66939,0,0.94011,1.0355,322,-0.025755,0.038836,0,0.64847,1.0847,0.68889,1.5034,1.2257e-10
h3,s*0.5,3,hold,PASS,CONVERGED,CONVERGED,CONVERGED,CONVERGED,2464,2464,CONVERGED,CONVERGED,2464,693.15,542.88,0,0,0,0,0,0,0,0.89987,0,0.99604,1.0034,0,0.030208,0.0045436,0,0.99999,1.0081,0.98206,3.0295,4.2855e-11
h3,JA(0.5),3,hold,PASS,CONVERGED,CONVERGED,CONVERGED,CONVERGED,4275,4275,CONVERGED,CONVERGED,4275,693.15,994.84,18,0,0,11,11,0,59,0.57905,0,0.93812,1.0373,309,-0.042917,0.042139,0,0.5,1.1832,0.51735,1.3558,1.2257e-10
h3,JB(0.5),3,hold,PASS,CONVERGED,CONVERGED,CONVERGED,CONVERGED,4623,4623,CONVERGED,CONVERGED,4630,693.15,1540.2,42,0,0,11,34,7,88,0.47826,0,0.90888,1.0602,1653,0.029079,0.063468,3,0.48223,1.1428,0.59228,1.3664,1.2257e-10
h3,N(0.5),3,hold,PASS,CONVERGED,CONVERGED,CONVERGED,CONVERGED,5145,5145,CONVERGED,CONVERGED,5145,0,1488.6,0,0,0,0,0,0,3,0.78464,0,0.99822,1.3397,2020,-0.060147,0.18605,0,0.99894,1.7643,0.75468,2.8952,3.5305e-11
h3,x*/2,3,hold,PASS,CONVERGED,CONVERGED,CONVERGED,CONVERGED,4263,4263,CONVERGED,CONVERGED,4257,1424,1125,7,0,0,0,7,1,61,0.48933,0,0.94428,1.0409,221,-0.22726,0.045926,0,0.7138,1.0967,0.84773,1.5965,1.2257e-10
h3,b*1.1@genesis,2,b*1.1@dated,PASS,CONVERGED,CONVERGED,-,-,4254,,CONVERGED,,4254,95.31,236.32,0,0,0,0,0,0,0,0.94186,0,0.98131,1.0397,0,-0.0068497,0.0015025,0,0.90762,1.0265,0.90174,2.5614,9.8588e-11
h3,b*1.1@dated,2,b*1.1@dated,PASS,CONVERGED,CONVERGED,-,-,4254,,CONVERGED,,4254,95.31,236.09,0,0,0,0,0,0,0,0.94195,0,0.98131,1.0397,0,-0.0076441,0.0015043,0,0.90762,1.0265,0.9018,2.5621,9.8588e-11
h3,b*0.9@genesis,2,b*0.9@dated,PASS,CONVERGED,CONVERGED,-,-,4107,,CONVERGED,,4107,105.36,228.59,0,0,0,0,0,0,0,0.95406,0,0.9599,1.0409,0,0.0021436,0.046689,0,0.99986,1.0947,0.97226,3.029,6.0618e-11
h3,b*0.9@dated,2,b*0.9@dated,PASS,CONVERGED,CONVERGED,-,-,4107,,CONVERGED,,4107,105.36,228.59,0,0,0,0,0,0,0,0.95406,0,0.9599,1.0409,0,0.0021436,0.046689,0,0.99986,1.0947,0.97226,3.029,6.0618e-11
h3,b*2@genesis,3,b*2@dated,PASS,CONVERGED,CONVERGED,CONVERGED,CONVERGED,5483,5483,CONVERGED,CONVERGED,5483,693.15,2842.1,11,0,0,11,0,0,186,0.64528,0,0.89684,1.3832,1715,-0.030876,-0.058927,5,0.19955,1.2749,0.42936,0.89675,6.2395e-11
h3,b*2@dated,3,b*2@dated,PASS,CONVERGED,CONVERGED,CONVERGED,CONVERGED,5483,5483,CONVERGED,CONVERGED,5483,693.15,2838.9,11,0,0,11,0,0,186,0.64625,0,0.89681,1.3832,1715,-0.030568,-0.0589,5,0.19886,1.2749,0.43037,0.89923,8.0158e-11
h3,b*0.5@genesis,3,b*0.5@dated,PASS,CONVERGED,CONVERGED,CONVERGED,CONVERGED,5429,5429,CONVERGED,CONVERGED,5429,775.4,1434.5,0,0,0,0,0,0,34,0.74684,0,0.79483,1.3892,2264,0.0035803,0.42013,0,0.99968,1.861,0.84933,2.8291,9.4591e-11
h3,b*0.5@dated,3,b*0.5@dated,PASS,CONVERGED,CONVERGED,CONVERGED,CONVERGED,5429,5429,CONVERGED,CONVERGED,5429,775.4,1434.5,0,0,0,0,0,0,34,0.74684,0,0.79483,1.3892,2264,0.0035803,0.42013,0,0.99968,1.861,0.84933,2.8291,9.4591e-11
h3,stock.good*0.5,3S,hold,PASS,CONVERGED,CONVERGED,CONVERGED,CONVERGED,1976,1976,CONVERGED,CONVERGED,1976,693.15,693.15,0,0,0,0,0,0,0,0.5,0,0.99874,1.0016,0,-0.00998,0.0019358,0,0.98324,1.0037,0.98274,2.9908,4.1078e-11
h3,stock.good*2,3S,hold,PASS,CONVERGED,CONVERGED,CONVERGED,CONVERGED,2562,2562,CONVERGED,CONVERGED,2157,63.228,66.873,0,0,0,0,0,0,0,0.96932,0,0.99575,1.0026,0,-0.0010203,0.0030386,0,0.98295,1.0062,0.97241,2.894,4.1522e-11
h3,heads.capacity*0.5,3S,hold,PASS,CONVERGED,CONVERGED,CONVERGED,CONVERGED,5195,5195,CONVERGED,CONVERGED,5195,852.7,852.7,40,0,0,0,40,0,0,0.58366,13.684,0.65,1.1799,2156,0.046127,0.31832,0,0.9994,1.4327,0.87394,2.962,4.4853e-11
h3,heads.capacity*2,3S,hold,PASS,CONVERGED,CONVERGED,CONVERGED,CONVERGED,6348,6348,CONVERGED,CONVERGED,6348,inf,1979.3,0,0,0,0,0,0,438,0.84599,0,0.78413,1.7,3350,0.11816,-0.23942,3,0.53252,1.3163,0.58824,1.0401,1.2257e-10
h3,hours.capacity*0.5,3S,hold,PASS,CONVERGED,CONVERGED,CONVERGED,CONVERGED,2252,2252,CONVERGED,CONVERGED,2252,693.15,693.15,0,0,0,0,0,0,0,0.59946,0,0.99785,1.0023,0,0.067454,0.0027294,0,0.95084,1.0301,0.98462,3.0292,4.3299e-11
h3,hours.capacity*2,3S,hold,PASS,CONVERGED,CONVERGED,CONVERGED,CONVERGED,2365,2365,CONVERGED,CONVERGED,1950,110.97,110.97,0,0,0,0,0,0,0,0.97913,0,0.99716,1.0023,0,-0.086227,0.0028248,0,0.95775,1.0204,0.98271,2.7672,4.3299e-11
h3,own.maker*0.5,3S,hold,PASS,CONVERGED,CONVERGED,CONVERGED,CONVERGED,5686,5686,CONVERGED,CONVERGED,5686,1248.8,858.36,0,0,0,0,0,0,308,0.82271,0,0.74881,1.1813,2647,-0.056331,0.00030311,0,0.99938,1.4313,0.95202,2.7636,4.5408e-11
h3,own.maker*2,3S,hold,PASS,CONVERGED,CONVERGED,CONVERGED,CONVERGED,4307,4307,CONVERGED,CONVERGED,4307,692.35,692.35,0,0,0,0,0,0,0,1,0,1,1.2995,1117,-7.4385e-15,9.3259e-15,0,1,1,1,3.0512,3.5305e-11
h3,finished.maker*0.5,3S,hold,PASS,CONVERGED,CONVERGED,CONVERGED,CONVERGED,2641,2641,CONVERGED,CONVERGED,2641,inf,194.79,0,0,0,0,0,0,2,0.96887,0,0.99463,1.0038,0,-0.10114,0.0049438,0,0.98004,1.0177,0.96612,2.9327,4.1522e-11
h3,finished.maker*2,3S,hold,PASS,CONVERGED,CONVERGED,CONVERGED,CONVERGED,2959,2959,CONVERGED,CONVERGED,2959,528.79,422.51,0,0,0,0,0,0,0,0.98247,0,0.99898,1.0051,0,0.1683,-0.0015569,0,0.6554,2,0.9742,2.973,3.5305e-11
h3,stock.fodder*0.5,3S,hold,PASS,CONVERGED,CONVERGED,CONVERGED,CONVERGED,2459,2459,CONVERGED,CONVERGED,2459,1401.3,693.15,0,0,0,0,0,0,1,0.59946,0,0.99634,1.0028,0,0.012648,0.0034639,0,0.97578,1.0146,0.5,2.9024,4.3299e-11
h3,stock.fodder*2,3S,hold,PASS,CONVERGED,CONVERGED,CONVERGED,CONVERGED,2643,2643,CONVERGED,CONVERGED,2257,141.99,108.19,0,0,0,0,0,0,0,0.92891,0,0.99522,1.0046,0,0.023384,0.0058391,0,0.99998,1.0108,0.9076,2.8419,4.0412e-11
h3,coin.desk.good*0.5,3S,hold,PASS,CONVERGED,CONVERGED,CONVERGED,CONVERGED,4747,4747,CONVERGED,CONVERGED,4745,693.15,693.15,0,0,0,0,0,0,0,0.5,0,0.94577,1.0261,704,-0.11417,-0.0019173,0,0.65754,1.1862,0.89833,2.2465,1.2257e-10
h3,coin.desk.good*2,3S,hold,PASS,CONVERGED,CONVERGED,CONVERGED,CONVERGED,4354,4354,CONVERGED,CONVERGED,4354,1055.7,589.34,0,0,0,0,0,0,2,0.77581,0,0.99313,1.0954,1407,0.097683,0.0914,0,0.99963,1.2126,0.80037,2.4802,1.2257e-10
h3,coin.desk.capacity*0.5,3S,hold,PASS,CONVERGED,CONVERGED,CONVERGED,CONVERGED,4623,4623,CONVERGED,CONVERGED,4623,inf,608.12,0,0,0,0,0,0,3,0.89447,0,0.95378,1.0224,0,0.21098,-0.001884,2,0.54437,1.5159,0.89621,2.4439,1.2257e-10
h3,coin.desk.capacity*2,3S,hold,PASS,CONVERGED,CONVERGED,CONVERGED,CONVERGED,4146,4146,CONVERGED,CONVERGED,4146,657.8,657.8,0,0,0,0,0,0,0,0.86358,0,0.99972,1.0754,1216,-0.1337,0.054341,0,0.9997,1.1656,0.84355,2.5696,1.2257e-10
h3,coin.desk.maker*0.5,3S,hold,PASS,CONVERGED,CONVERGED,CONVERGED,CONVERGED,4272,4272,CONVERGED,CONVERGED,4283,832.25,693.15,0,0,0,0,0,0,1,0.89905,0,0.96964,1.0144,0,0.10679,6.0207e-05,0,0.88101,1.0343,0.88682,2.5198,1.2257e-10
h3,coin.desk.maker*2,3S,hold,PASS,CONVERGED,CONVERGED,CONVERGED,CONVERGED,3918,3918,CONVERGED,CONVERGED,3918,inf,351.89,0,0,0,0,0,0,3,0.76095,0,0.99858,1.0538,939,-0.1362,0.039559,0,0.89764,1.2796,0.72591,2.5827,1.2257e-10
h3,coin.desk.fodder*0.5,3S,hold,PASS,CONVERGED,CONVERGED,CONVERGED,CONVERGED,3767,3767,CONVERGED,CONVERGED,3767,1401.3,707.74,1,0,0,0,1,0,14,0.59925,0,0.97029,1.0133,0,-0.031415,0.012149,0,0.97603,1.0317,0.49998,1.9847,1.2257e-10
h3,coin.desk.fodder*2,3S,hold,PASS,CONVERGED,CONVERGED,CONVERGED,CONVERGED,3835,3835,CONVERGED,CONVERGED,3835,592.42,592.42,0,0,0,0,0,0,0,0.78658,0,0.99175,1.0428,0,0.011356,0.047153,0,0.9997,1.0961,0.72616,2.8209,1.2257e-10
h3,coin.provider*0.5,3S,hold,PASS,CONVERGED,CONVERGED,CONVERGED,CONVERGED,4775,4775,CONVERGED,CONVERGED,4774,312.43,312.43,0,0,0,0,0,0,0,0.73167,0,0.94926,1.0251,599,-0.0066048,-0.0041842,0,0.87593,1.0599,0.98022,2.6816,1.2257e-10
h3,coin.provider*2,3S,hold,PASS,CONVERGED,CONVERGED,CONVERGED,CONVERGED,4258,4258,CONVERGED,CONVERGED,4258,716.53,520.91,0,0,0,0,0,0,1,0.75867,0,0.99031,1.0816,1320,-0.028282,0.082275,0,0.99907,1.1822,0.69879,2.6507,1.2257e-10
h3,coin.workers*0.5,3S,hold,PASS,CONVERGED,CONVERGED,CONVERGED,CONVERGED,4827,4827,CONVERGED,CONVERGED,4826,339.4,339.4,0,0,0,0,0,0,0,0.71219,0,0.94548,1.027,806,-0.0070817,-0.0045178,0,0.86687,1.0644,0.97886,2.6552,1.2257e-10
h3,coin.workers*2,3S,hold,PASS,CONVERGED,CONVERGED,CONVERGED,CONVERGED,4303,4303,CONVERGED,CONVERGED,4303,770.24,551.24,0,0,0,0,0,0,1,0.74664,0,0.98963,1.0872,1361,-0.029775,0.087745,0,0.99903,1.1948,0.68384,2.6229,1.2257e-10
h4,w*1.05,1,hold,PASS,CONVERGED,CONVERGED,-,-,1257,,CONVERGED,,1253,48.79,58.196,0,0,0,0,0,0,0,0.9856,0,0.99956,1.001,0,7.2703e-05,0.00068834,0,0.99961,1.0023,0.99752,1.5243,1.168e-10
h4,r*1.05,1,hold,PASS,CONVERGED,CONVERGED,-,-,4071,,CONVERGED,,4071,48.79,245.15,0,0,0,0,0,0,0,0.95133,0,0.96767,1.0323,0,-0.0042349,-0.00082967,0,0.86736,1.0771,0.94501,1.3938,3.5527e-11
h4,p[fodder]*1.05,1,hold,PASS,CONVERGED,CONVERGED,-,-,2323,,CONVERGED,,2338,48.79,76.513,0,0,0,0,0,0,0,0.98395,0,0.99659,1.0051,0,-0.015973,0.002475,0,0.94447,1.0208,0.98226,1.453,3.7748e-11
h4,p[horse]*1.05,1,hold,PASS,CONVERGED,CONVERGED,-,-,595,,CONVERGED,,595,48.79,48.79,0,0,0,0,0,0,0,0.99866,0,0.99983,1.0003,0,7.7512e-05,0.0001653,0,0.98588,1.0165,0.99839,1.5233,3.9968e-11
h4,p[traction]*1.05,1,hold,PASS,CONVERGED,CONVERGED,-,-,2019,,CONVERGED,,2066,48.79,73.168,0,0,0,0,0,0,0,0.96198,0,0.99811,1.0038,0,0.032269,0.0022195,0,0.97419,1.0256,0.98481,1.5121,3.797e-11
h4,p[good]*1.05,1,hold,PASS,CONVERGED,CONVERGED,-,-,1560,,CONVERGED,,1567,48.79,48.79,0,0,0,0,0,0,0,0.97458,0,0.99977,1.0026,0,0.00026539,0.0011056,0,0.99959,1.0058,0.99663,1.5244,3.6415e-11
h4,s*1.05,1,hold,PASS,CONVERGED,CONVERGED,-,-,1371,,CONVERGED,,1362,48.79,37.448,0,0,0,0,0,0,0,0.99208,0,0.99939,1.001,0,-0.0057794,0.00056293,0,0.99835,1.0031,0.99754,1.5184,3.5527e-11
h4,JA(1.05),1,hold,PASS,CONVERGED,CONVERGED,-,-,2257,,CONVERGED,,2286,48.79,119.37,0,0,0,0,0,0,0,0.9608,0,0.99734,1.006,0,0.011419,0.0036623,0,0.93278,1.0328,0.97812,1.5038,3.8636e-11
h4,JB(1.05),1,hold,PASS,CONVERGED,CONVERGED,-,-,2267,,CONVERGED,,2267,48.79,124.41,0,0,0,0,0,0,0,0.94413,0,0.99847,1.0075,0,0.005744,0.0049347,0,0.95238,1.0574,0.94896,1.4952,3.5527e-11
h4,N(1.05),1,hold,PASS,CONVERGED,CONVERGED,-,-,4118,,CONVERGED,,4113,0,157.73,0,0,0,0,0,0,0,0.94703,0,0.96819,1.0326,0,0.0090838,-0.0021454,0,0.90372,1.0777,0.97382,1.4496,3.5527e-11
h4,w*0.95,1,hold,PASS,CONVERGED,CONVERGED,-,-,1772,,CONVERGED,,1772,51.293,83.547,0,0,0,0,0,0,0,0.99081,0,0.99851,1.0023,0,-0.0037174,0.0014334,0,0.9978,1.0054,0.99451,1.5217,3.797e-11
h4,r*0.95,1,hold,PASS,CONVERGED,CONVERGED,-,-,3301,,CONVERGED,,3301,51.293,276.3,0,0,0,0,0,0,0,0.98252,0,1,1.0417,0,0.0012976,0.021512,0,0.9938,1.0908,0.9792,1.5068,3.5527e-11
h4,p[fodder]*0.95,1,hold,PASS,CONVERGED,CONVERGED,-,-,2344,,CONVERGED,,2344,51.293,126.59,0,0,0,0,0,0,0,0.95543,0,0.99682,1.0068,0,0.023746,0.004173,0,0.91881,1.055,0.9447,1.4721,3.5527e-11
h4,p[horse]*0.95,1,hold,PASS,CONVERGED,CONVERGED,-,-,1657,,CONVERGED,,1657,51.293,51.293,0,0,0,0,0,0,0,0.99304,0,0.9991,1.0016,0,0.01444,0.00087465,0,0.95,1.0388,0.99162,1.5137,1.2279e-10
h4,p[traction]*0.95,1,hold,PASS,CONVERGED,CONVERGED,-,-,2157,,CONVERGED,,2157,51.293,80.152,0,0,0,0,0,0,0,0.98316,0,0.99752,1.0044,0,-0.03485,0.0023628,0,0.95627,1.0274,0.98243,1.4493,4.1078e-11
h4,p[good]*0.95,1,hold,PASS,CONVERGED,CONVERGED,-,-,2881,,CONVERGED,,2881,51.293,163.14,0,0,0,0,0,0,0,0.96002,0,0.99205,1.0114,0,-0.002379,0.0055193,0,0.91037,1.0498,0.95172,1.4514,3.5527e-11
h4,s*0.95,1,hold,PASS,CONVERGED,CONVERGED,-,-,1050,,CONVERGED,,1050,51.293,38.953,0,0,0,0,0,0,0,0.99019,0,0.99968,1.0006,0,0.0033347,0.00043137,0,0.99991,1.0015,0.99925,1.525,3.5527e-11
h4,JA(0.95),1,hold,PASS,CONVERGED,CONVERGED,-,-,2872,,CONVERGED,,2872,51.293,202.8,0,0,0,0,0,0,0,0.95281,0,0.99245,1.012,0,0.0016681,0.0063194,0,0.89053,1.0713,0.94476,1.4384,3.5527e-11
h4,JB(0.95),1,hold,PASS,CONVERGED,CONVERGED,-,-,3092,,CONVERGED,,3109,51.293,209.04,0,0,0,0,0,0,0,0.94638,0,0.98902,1.016,0,0.0025451,0.0082381,0,0.92034,1.0609,0.93906,1.4338,3.5527e-11
h4,N(0.95),1,hold,PASS,CONVERGED,CONVERGED,-,-,3267,,CONVERGED,,3267,0,246.84,0,0,0,0,0,0,0,0.98525,0,0.99978,1.0396,0,-0.0010577,0.021014,0,0.99674,1.0861,0.9842,1.5095,3.5527e-11
h4,w*1.2,2,hold,PASS,CONVERGED,CONVERGED,-,-,1921,,CONVERGED,,1912,182.32,229.81,0,0,0,0,0,0,0,0.9473,0,0.99829,1.0038,0,-0.002852,0.0026002,0,0.9985,1.0088,0.99095,1.5217,3.9302e-11
h4,r*1.2,2,hold,PASS,CONVERGED,CONVERGED,-,-,4877,,CONVERGED,,4877,182.32,1305.9,0,0,0,0,0,0,58,0.82916,0,0.88216,1.1184,2059,-0.015008,-0.0027009,0,0.40113,1.2808,0.80863,1.0823,1.2279e-10
h4,p[fodder]*1.2,2,hold,PASS,CONVERGED,CONVERGED,-,-,3275,,CONVERGED,,3289,182.32,304.94,0,0,0,0,0,0,0,0.93288,0,0.98604,1.0211,0,-0.06964,0.010589,0,0.78574,1.0946,0.92407,1.2713,3.5527e-11
h4,p[horse]*1.2,2,hold,PASS,CONVERGED,CONVERGED,-,-,1602,,CONVERGED,,1602,182.32,182.32,0,0,0,0,0,0,0,0.99415,0,0.99923,1.0014,0,-0.01313,0.00073902,0,0.93975,1.0782,0.993,1.5153,3.5527e-11
h4,p[traction]*1.2,2,hold,PASS,CONVERGED,CONVERGED,-,-,2918,,CONVERGED,,2961,182.32,277.27,0,0,0,0,0,0,0,0.86489,0,0.99265,1.0148,0,0.13374,0.0085844,0,0.89635,1.1028,0.94159,1.4708,3.5527e-11
h4,p[good]*1.2,2,hold,PASS,CONVERGED,CONVERGED,-,-,2347,,CONVERGED,,2356,182.32,182.32,0,0,0,0,0,0,0,0.90598,0,0.99918,1.0097,0,0.00093058,0.0040718,0,0.99849,1.0216,0.98782,1.5212,3.5527e-11
h4,s*1.2,2,hold,PASS,CONVERGED,CONVERGED,-,-,2064,,CONVERGED,,2053,182.32,141.75,0,0,0,0,0,0,0,0.96761,0,0.99757,1.0039,0,-0.022217,0.0022743,0,0.99138,1.0139,0.98937,1.4965,3.7081e-11
h4,JA(1.2),2,hold,PASS,CONVERGED,CONVERGED,-,-,3200,,CONVERGED,,3231,182.32,445.78,0,0,0,0,0,0,0,0.85979,0,0.98928,1.0242,0,0.016178,0.014622,0,0.74976,1.1477,0.90707,1.4523,3.5527e-11
h4,JB(1.2),2,hold,PASS,CONVERGED,CONVERGED,-,-,3183,,CONVERGED,,3183,182.32,354.04,0,0,0,0,0,0,1,0.80971,0,0.99322,1.0282,0,0.0087028,0.018226,0,0.83333,1.1821,0.82714,1.4207,3.5527e-11
h4,N(1.2),2,hold,PASS,CONVERGED,CONVERGED,-,-,4932,,CONVERGED,,4927,0,707.77,0,0,0,0,0,0,0,0.81462,0,0.88604,1.1173,2117,0.0075769,-0.0099836,0,0.64856,1.2782,0.90392,1.2529,1.2279e-10
h4,w*0.8,2,hold,PASS,CONVERGED,CONVERGED,-,-,2708,,CONVERGED,,2708,223.14,360.57,0,0,0,0,0,0,0,0.95968,0,0.99332,1.0106,0,-0.013342,0.0066029,0,0.98152,1.025,0.97306,1.5073,3.5527e-11
h4,r*0.8,2,hold,PASS,CONVERGED,CONVERGED,-,-,4221,,CONVERGED,,4221,223.14,1023.4,0,0,0,0,0,0,0,0.93601,0,1,1.1855,1331,0.0059006,0.092408,0,0.97218,1.4054,0.92483,1.4476,1.2279e-10
h4,p[fodder]*0.8,2,hold,PASS,CONVERGED,CONVERGED,-,-,3383,,CONVERGED,,3383,223.14,526.92,0,0,0,0,0,0,0,0.82723,0,0.98543,1.032,0,0.10763,0.019618,0,0.67845,1.2359,0.78567,1.3199,3.5527e-11
h4,p[horse]*0.8,2,hold,PASS,CONVERGED,CONVERGED,-,-,2498,,CONVERGED,,2498,223.14,223.14,0,0,0,0,0,0,1,0.9704,0,0.99603,1.0073,0,0.06084,0.0038961,0,0.8,1.1842,0.96449,1.4742,3.5527e-11
h4,p[traction]*0.8,2,hold,PASS,CONVERGED,CONVERGED,-,-,3189,,CONVERGED,,3189,223.14,336.06,0,0,0,0,0,0,0,0.92971,0,0.98845,1.0203,0,-0.15424,0.010942,0,0.81959,1.1307,0.92463,1.2205,3.5527e-11
h4,p[good]*0.8,2,hold,PASS,CONVERGED,CONVERGED,-,-,3914,,CONVERGED,,3914,223.14,723.05,0,0,0,0,0,0,0,0.82919,0,0.96166,1.0563,1234,-0.0094832,0.027975,0,0.602,1.2437,0.79395,1.2287,3.5527e-11
h4,s*0.8,2,hold,PASS,CONVERGED,CONVERGED,-,-,1731,,CONVERGED,,1731,223.14,171.17,0,0,0,0,0,0,0,0.96049,0,0.9987,1.0026,0,0.01289,0.0017449,0,0.99962,1.006,0.99667,1.5231,3.8636e-11
h4,JA(0.8),2,hold,PASS,CONVERGED,CONVERGED,-,-,3956,,CONVERGED,,3956,223.14,893.62,0,0,0,0,0,0,1,0.81939,0,0.9607,1.0641,1280,0.0021489,0.033606,0,0.52939,1.4416,0.78546,1.1861,3.9746e-11
h4,JB(0.8),2,hold,PASS,CONVERGED,CONVERGED,-,-,4174,,CONVERGED,,4190,223.14,1045.9,0,0,0,0,0,0,32,0.76653,0,0.94265,1.0878,1442,0.0016432,0.046736,0,0.51846,1.3686,0.71893,1.1719,1.2279e-10
h4,N(0.8),2,hold,PASS,CONVERGED,CONVERGED,-,-,4194,,CONVERGED,,4194,0,933.47,0,0,0,0,0,0,1,0.94061,0,0.99906,1.1764,1319,-0.0059692,0.091854,0,0.9733,1.3855,0.93023,1.4509,3.7748e-11
h4,w*2,3,hold,PASS,CONVERGED,CONVERGED,CONVERGED,CONVERGED,2926,2926,CONVERGED,CONVERGED,2917,693.15,693.15,0,0,0,0,0,0,0,0.83635,0,0.99182,1.0155,0,-0.036925,0.0097672,0,0.97928,1.0367,0.96851,1.4661,3.5527e-11
h4,r*2,3,hold,PASS,CONVERGED,CONVERGED,CONVERGED,CONVERGED,5781,5781,CONVERGED,CONVERGED,5781,693.15,8317.6,86,0,0,86,38,20,327,0.46575,0,0.64385,1.3713,2650,-0.047142,-0.054243,76,0.0030696,1.8638,0.42477,0.73495,1.2279e-10
h4,p[fodder]*2,3,hold,PASS,CONVERGED,CONVERGED,CONVERGED,CONVERGED,4285,4285,CONVERGED,CONVERGED,4299,693.15,1309.3,0,0,0,0,0,0,57,0.73788,0,0.93555,1.107,1508,-0.26999,0.057543,3,0.29975,1.6516,0.68345,0.76281,3.5527e-11
h4,p[horse]*2,3,hold,PASS,CONVERGED,CONVERGED,CONVERGED,CONVERGED,2088,2088,CONVERGED,CONVERGED,2088,693.15,693.15,0,0,0,0,0,0,2,0.98318,0,0.9968,1.0038,0,-0.15243,0.001978,0,0.79542,1.4344,0.9814,1.5061,3.5527e-11
h4,p[traction]*2,3,hold,PASS,CONVERGED,CONVERGED,CONVERGED,CONVERGED,3918,3918,CONVERGED,CONVERGED,3937,693.15,1039.1,2,0,0,0,2,0,6,0.56996,0,0.96417,1.0671,1242,0.71053,0.038507,0,0.53857,1.4706,0.79547,1.2703,1.2279e-10
h4,p[good]*2,3,hold,PASS,CONVERGED,CONVERGED,CONVERGED,CONVERGED,3203,3203,CONVERGED,CONVERGED,3209,693.15,693.15,0,0,0,0,0,0,0,0.6612,0,0.99727,1.0359,0,0.0022985,0.014823,0,0.9956,1.0798,0.95945,1.5103,3.5527e-11
h4,s*2,3,hold,PASS,CONVERGED,CONVERGED,CONVERGED,CONVERGED,3404,3404,CONVERGED,CONVERGED,3387,693.15,557.28,0,0,0,0,0,0,2,0.82932,0,0.98282,1.0282,0,-0.093198,0.015718,0,0.87739,1.1379,0.91624,1.3442,3.5527e-11
h4,JA(2),3,hold,PASS,CONVERGED,CONVERGED,CONVERGED,CONVERGED,4017,4017,CONVERGED,CONVERGED,4050,693.15,1232,3,0,0,0,3,0,16,0.54867,0,0.96156,1.0896,1295,0.0051479,0.056159,6,0.46021,1.5909,0.72197,1.2561,3.5527e-11
h4,JB(2),3,hold,PASS,CONVERGED,CONVERGED,CONVERGED,CONVERGED,4125,4125,CONVERGED,CONVERGED,4125,693.15,1090.5,23,0,10,0,11,12,32,0.46664,27.932,0.96137,1.1128,1349,0.037203,0.072874,0,0.5,1.3545,0.51748,1.2493,1.2279e-10
h4,N(2),3,hold,PASS,CONVERGED,CONVERGED,CONVERGED,CONVERGED,5801,5801,CONVERGED,CONVERGED,5799,0,7001.4,9,1,7,0,0,9,330,0.44386,2.8542,0.64066,1.3783,2665,-0.029752,-0.061144,70,0.013932,1.8794,0.60287,0.99967,1.2279e-10
h4,w*0.5,3,hold,PASS,CONVERGED,CONVERGED,CONVERGED,CONVERGED,3552,3552,CONVERGED,CONVERGED,3552,693.15,1113.2,0,0,0,0,0,0,18,0.86466,0,0.97566,1.0379,0,-0.02476,0.023465,0,0.99442,1.089,0.90076,1.4563,3.5527e-11
h4,r*0.5,3,hold,PASS,CONVERGED,CONVERGED,CONVERGED,CONVERGED,4986,4986,CONVERGED,CONVERGED,4986,693.15,2541.8,0,0,0,0,0,0,110,0.78963,0,1,1.6123,1762,0.020224,0.32713,0,0.91465,2.345,0.85254,1.3141,3.7748e-11
h4,p[fodder]*0.5,3,hold,PASS,CONVERGED,CONVERGED,CONVERGED,CONVERGED,4098,4098,CONVERGED,CONVERGED,4098,693.15,1214.5,6,0,0,0,6,0,25,0.59588,0,0.95523,1.0985,1349,0.35441,0.061847,0,0.40182,1.6644,0.50043,1.0605,1.2279e-10
h4,p[horse]*0.5,3,hold,PASS,CONVERGED,CONVERGED,CONVERGED,CONVERGED,3293,3293,CONVERGED,CONVERGED,3293,693.15,693.15,0,0,0,0,0,0,2,0.91673,0,0.98734,1.0236,0,0.16146,0.012502,0,0.5,1.3509,0.9007,1.375,3.5527e-11
h4,p[traction]*0.5,3,hold,PASS,CONVERGED,CONVERGED,CONVERGED,CONVERGED,3968,3968,CONVERGED,CONVERGED,3968,693.15,911.14,0,0,0,0,0,0,0,0.82545,0,0.96137,1.0669,1290,-0.4361,0.035625,0,0.52193,1.419,0.81137,0.76281,1.2279e-10
h4,p[good]*0.5,3,hold,PASS,CONVERGED,CONVERGED,CONVERGED,CONVERGED,4533,4533,CONVERGED,CONVERGED,4533,693.15,2384.3,0,0,0,0,0,0,82,0.67827,0,0.8987,1.1353,1685,-0.023528,0.06531,0,0.11584,1.634,0.74796,0.88156,1.2279e-10
h4,s*0.5,3,hold,PASS,CONVERGED,CONVERGED,CONVERGED,CONVERGED,2289,2289,CONVERGED,CONVERGED,2289,693.15,542.88,0,0,0,0,0,0,0,0.89987,0,0.99663,1.0066,0,0.030097,0.0044859,0,0.999,1.0154,0.98968,1.519,4.0634e-11
h4,JA(0.5),3,hold,PASS,CONVERGED,CONVERGED,CONVERGED,CONVERGED,4504,4504,CONVERGED,CONVERGED,4504,693.15,2111.6,8,0,0,0,8,0,91,0.59082,0,0.90387,1.1421,1645,0.02445,0.076469,6,0.1627,1.8598,0.52742,0.84161,1.2279e-10
h4,JB(0.5),3,hold,PASS,CONVERGED,CONVERGED,CONVERGED,CONVERGED,4715,4715,CONVERGED,CONVERGED,4721,693.15,4052.2,22,0,0,0,22,9,100,0.46702,0,0.86756,1.1874,1774,0.0086143,0.10328,25,0.051786,1.5081,0.6945,0.99571,1.2279e-10
h4,N(0.5),3,hold,PASS,CONVERGED,CONVERGED,CONVERGED,CONVERGED,4961,4961,CONVERGED,CONVERGED,4961,0,2383.7,0,0,0,0,0,0,88,0.81479,0,0.99836,1.5848,1746,0.017878,0.31814,0,0.91842,2.2842,0.76923,1.3211,3.7748e-11
h4,x*/2,3,hold,PASS,CONVERGED,CONVERGED,CONVERGED,CONVERGED,4442,4442,CONVERGED,CONVERGED,4438,1424,2513.5,7,0,0,0,7,1,73,0.48933,0,0.91072,1.1369,1594,-0.20742,0.080937,0,0.15888,1.3197,0.82373,0.84545,1.2279e-10
h4,b*1.1@genesis,2,b*1.1@dated,PASS,CONVERGED,CONVERGED,-,-,3973,,CONVERGED,,3973,95.31,423.17,0,0,0,0,0,0,0,0.93239,0,0.9747,1.0397,0,-0.0082009,-0.0010655,0,0.77372,1.0547,0.89329,1.3026,1.7542e-11
h4,b*1.1@dated,2,b*1.1@dated,PASS,CONVERGED,CONVERGED,-,-,3973,,CONVERGED,,3973,95.31,423.17,0,0,0,0,0,0,0,0.93239,0,0.9747,1.0397,0,-0.0082009,-0.0010655,0,0.77372,1.0547,0.89329,1.3026,1.199e-11
h4,b*0.9@genesis,2,b*0.9@dated,PASS,CONVERGED,CONVERGED,-,-,4021,,CONVERGED,,4021,105.36,446.49,0,0,0,0,0,0,0,0.94526,0,0.95987,1.0919,1286,0.012218,0.059357,0,0.98745,1.2118,0.96924,1.4884,6.0618e-11
h4,b*0.9@dated,2,b*0.9@dated,PASS,CONVERGED,CONVERGED,-,-,4021,,CONVERGED,,4021,105.36,446.49,0,0,0,0,0,0,0,0.94526,0,0.95987,1.0919,1286,0.012218,0.059357,0,0.98745,1.2118,0.96924,1.4884,6.0618e-11
h4,b*2@genesis,3,b*2@dated,PASS,CONVERGED,CONVERGED,CONVERGED,CONVERGED,5261,5261,CONVERGED,CONVERGED,5261,693.15,5620.2,7,0,0,7,0,0,325,0.62514,0,0.83874,1.3835,2452,-0.044404,-0.0052605,54,0.012824,1.5759,0.41545,0.81137,3.2196e-11
h4,b*2@dated,3,b*2@dated,PASS,CONVERGED,CONVERGED,CONVERGED,CONVERGED,5261,5261,CONVERGED,CONVERGED,5261,693.15,5620.2,7,0,0,7,0,0,325,0.62514,0,0.83874,1.3835,2452,-0.044404,-0.0052605,54,0.012824,1.5759,0.41545,0.81137,3.2196e-11
h4,b*0.5@genesis,3,b*0.5@dated,PASS,CONVERGED,CONVERGED,CONVERGED,CONVERGED,5397,5397,CONVERGED,CONVERGED,5397,775.4,2281.3,0,0,0,0,0,0,180,0.72364,0,0.79464,1.8335,2144,0.062027,0.57578,0,0.90508,2.8556,0.89758,1.2512,9.4591e-11
h4,b*0.5@dated,3,b*0.5@dated,PASS,CONVERGED,CONVERGED,CONVERGED,CONVERGED,5397,5397,CONVERGED,CONVERGED,5397,775.4,2281.3,0,0,0,0,0,0,180,0.72364,0,0.79464,1.8335,2144,0.062027,0.57578,0,0.90508,2.8556,0.89758,1.2512,9.4591e-11
h4,stock.good*0.5,3S,hold,PASS,CONVERGED,CONVERGED,CONVERGED,CONVERGED,2129,2129,CONVERGED,CONVERGED,2129,693.15,693.15,0,0,0,0,0,0,0,0.5,0,0.99788,1.0048,0,-0.0090097,0.0029032,0,0.95874,1.0363,0.9792,1.4956,4.1078e-11
h4,stock.good*2,3S,hold,PASS,CONVERGED,CONVERGED,CONVERGED,CONVERGED,2866,2866,CONVERGED,CONVERGED,2385,125.39,159.21,0,0,0,0,0,0,0,0.96103,0,0.99224,1.0111,0,-0.00054153,0.0053623,0,0.91251,1.0488,0.95294,1.4531,3.5527e-11
h4,heads.capacity*0.5,3S,hold,PASS,CONVERGED,CONVERGED,CONVERGED,CONVERGED,5021,5021,CONVERGED,CONVERGED,5020,936.89,1177.6,50,0,0,0,50,0,0,0.53141,24.024,0.65,1.3959,1874,0.12658,0.35256,0,0.94492,1.9212,0.76154,1.3827,3.9302e-11
h4,heads.capacity*2,3S,hold,PASS,CONVERGED,CONVERGED,CONVERGED,CONVERGED,6016,6016,CONVERGED,CONVERGED,6016,inf,10490,0,0,0,0,0,0,968,0.75108,0,0.70609,1.7,2868,0.01695,-0.26698,168,0.035618,2.2966,0.55764,0.9796,1.2279e-10
h4,hours.capacity*0.5,3S,hold,PASS,CONVERGED,CONVERGED,CONVERGED,CONVERGED,2438,2438,CONVERGED,CONVERGED,2438,693.15,693.15,0,0,0,0,0,0,0,0.59946,0,0.99648,1.0073,0,0.05746,0.0042377,0,0.91932,1.0463,0.97027,1.5007,3.5971e-11
h4,hours.capacity*2,3S,hold,PASS,CONVERGED,CONVERGED,CONVERGED,CONVERGED,2592,2592,CONVERGED,CONVERGED,2142,151.87,151.87,0,0,0,0,0,0,0,0.96772,0,0.99514,1.0085,0,-0.085613,0.0045998,0,0.91792,1.0525,0.96633,1.3836,3.5527e-11
h4,own.maker*0.5,3S,hold,PASS,CONVERGED,CONVERGED,CONVERGED,CONVERGED,5328,5328,CONVERGED,CONVERGED,5328,1248.8,1256.7,0,0,0,0,0,0,367,0.79115,0,0.76444,1.3631,2205,-0.028876,0.069731,0,0.94864,1.8396,0.9479,1.3917,1.2279e-10
h4,own.maker*2,3S,hold,PASS,CONVERGED,CONVERGED,CONVERGED,CONVERGED,4307,4307,CONVERGED,CONVERGED,4307,692.35,692.35,0,0,0,0,0,0,0,1,0,1,1.2995,1117,-3.4417e-15,-1.1102e-15,0,1,1,1,1.5256,3.9302e-11
h4,finished.maker*0.5,3S,hold,PASS,CONVERGED,CONVERGED,CONVERGED,CONVERGED,2637,2637,CONVERGED,CONVERGED,2637,inf,214.53,0,0,0,0,0,0,2,0.96494,0,0.99404,1.0094,0,-0.05146,0.0055479,0,0.93068,1.0613,0.96088,1.4846,3.5527e-11
h4,finished.maker*2,3S,hold,PASS,CONVERGED,CONVERGED,CONVERGED,CONVERGED,2982,2982,CONVERGED,CONVERGED,2982,548.6,548.6,0,0,0,0,0,0,0,0.94291,0,0.99329,1.0136,0,0.081214,0.005855,0,0.57776,2,0.92607,1.4005,3.5527e-11
h4,stock.fodder*0.5,3S,hold,PASS,CONVERGED,CONVERGED,CONVERGED,CONVERGED,2675,2675,CONVERGED,CONVERGED,2675,2026.7,693.15,0,0,0,0,0,0,1,0.59946,0,0.99389,1.0095,0,0.0023877,0.0053289,0,0.93604,1.0346,0.5,1.4512,3.5527e-11
h4,stock.fodder*2,3S,hold,PASS,CONVERGED,CONVERGED,CONVERGED,CONVERGED,2824,2824,CONVERGED,CONVERGED,2328,170.11,245.97,0,0,0,0,0,0,0,0.91559,0,0.99369,1.0136,0,0.054523,0.0083104,0,0.84357,1.1081,0.89534,1.4245,3.5527e-11
h4,coin.desk.good*0.5,3S,hold,PASS,CONVERGED,CONVERGED,CONVERGED,CONVERGED,4474,4474,CONVERGED,CONVERGED,4473,1037.8,1037.8,0,0,0,0,0,0,33,0.5,0,0.92493,1.0744,1762,-0.1266,0.0067577,0,0.3574,1.4841,0.82066,1.1153,1.2279e-10
h4,coin.desk.good*2,3S,hold,PASS,CONVERGED,CONVERGED,CONVERGED,CONVERGED,4274,4274,CONVERGED,CONVERGED,4274,1100.2,1148.8,0,0,0,0,0,0,2,0.78534,0,0.991,1.1801,1387,0.12411,0.11102,0,0.70186,1.5456,0.76043,1.3057,3.5527e-11
h4,coin.desk.capacity*0.5,3S,hold,PASS,CONVERGED,CONVERGED,CONVERGED,CONVERGED,4362,4362,CONVERGED,CONVERGED,4363,inf,1012.5,0,0,0,0,0,0,23,0.81104,0,0.93707,1.0627,1671,0.18426,0.0056435,3,0.36331,1.7722,0.76281,1.1572,3.5527e-11
h4,coin.desk.capacity*2,3S,hold,PASS,CONVERGED,CONVERGED,CONVERGED,CONVERGED,4028,4028,CONVERGED,CONVERGED,4028,997.25,997.25,0,0,0,0,0,0,0,0.8757,0,0.99885,1.1346,1238,-0.075099,0.074108,0,0.97973,1.2934,0.86225,1.3087,1.2279e-10
h4,coin.desk.maker*0.5,3S,hold,PASS,CONVERGED,CONVERGED,CONVERGED,CONVERGED,3654,3654,CONVERGED,CONVERGED,3654,693.15,693.15,0,0,0,0,0,0,0,0.8926,0,0.97433,1.0266,0,0.083026,0.0079146,0,0.77975,1.092,0.86715,1.3289,3.5527e-11
h4,coin.desk.maker*2,3S,hold,PASS,CONVERGED,CONVERGED,CONVERGED,CONVERGED,3552,3552,CONVERGED,CONVERGED,3552,inf,516.02,0,0,0,0,0,0,3,0.79034,0,0.99575,1.0585,934,-0.086053,0.036196,0,0.72138,1.3722,0.76923,1.4019,3.5527e-11
h4,coin.desk.fodder*0.5,3S,hold,PASS,CONVERGED,CONVERGED,CONVERGED,CONVERGED,4348,4348,CONVERGED,CONVERGED,4348,2026.7,1316.4,0,0,0,0,0,0,58,0.59906,0,0.92476,1.0852,1613,-0.041493,0.02953,0,0.40131,1.3903,0.5,1.0783,1.2279e-10
h4,coin.desk.fodder*2,3S,hold,PASS,CONVERGED,CONVERGED,CONVERGED,CONVERGED,3958,3958,CONVERGED,CONVERGED,3958,675.39,682.44,0,0,0,0,0,0,0,0.82512,0,1,1.1236,1192,0.047044,0.057882,0,0.98195,1.2697,0.79715,1.4723,1.2279e-10
h4,coin.provider*0.5,3S,hold,PASS,CONVERGED,CONVERGED,CONVERGED,CONVERGED,4548,4548,CONVERGED,CONVERGED,4547,312.43,334.3,0,0,0,0,0,0,0,0.73167,0,0.93764,1.0638,1856,-0.0067923,-0.0048952,0,0.76587,1.152,0.96363,1.3553,3.5527e-11
h4,coin.provider*2,3S,hold,PASS,CONVERGED,CONVERGED,CONVERGED,CONVERGED,4232,4232,CONVERGED,CONVERGED,4232,970.25,1011.4,0,0,0,0,0,0,1,0.76138,0,0.98162,1.1643,1365,-0.024887,0.10409,0,0.97333,1.3656,0.70278,1.3506,3.9968e-11
h4,coin.workers*0.5,3S,hold,PASS,CONVERGED,CONVERGED,CONVERGED,CONVERGED,4593,4593,CONVERGED,CONVERGED,4592,339.4,362.98,0,0,0,0,0,0,0,0.71219,0,0.93301,1.0686,1894,-0.0072827,-0.0053427,0,0.74862,1.1633,0.96099,1.3432,3.5527e-11
h4,coin.workers*2,3S,hold,PASS,CONVERGED,CONVERGED,CONVERGED,CONVERGED,4274,4274,CONVERGED,CONVERGED,4274,1018.2,1067.2,0,0,0,0,0,0,1,0.74941,0,0.98038,1.1755,1387,-0.026157,0.11128,0,0.9635,1.3904,0.68794,1.3379,1.2279e-10
f1,w*1.05,1,hold,PASS,CONVERGED,CONVERGED,-,-,821,,CONVERGED,,810,48.79,58.286,0,0,0,0,0,0,0,0.98554,0,0.99976,1.0003,0,-0.00030918,0.00041622,0,0.9998,1.0008,0.99865,3.0498,6.9167e-11
f1,r*1.05,1,hold,PASS,CONVERGED,CONVERGED,-,-,7556,,CONVERGED,,7553,48.79,138.99,0,0,0,0,0,0,0,0.95282,0,0.98145,1.011,0,-0.0040145,-0.00043106,0,0.95115,1.0298,0.94928,2.7463,2.0872e-10
f1,p[fodder]*1.05,1,hold,PASS,CONVERGED,CONVERGED,-,-,2423,,CONVERGED,,2434,48.79,48.79,0,0,0,0,0,0,0,0.99201,0,0.99938,1.0005,0,-0.0035968,0.00067521,0,0.97912,1.0102,0.9904,2.9059,3.8303e-11
f1,p[horse]*1.05,1,hold,PASS,CONVERGED,CONVERGED,-,-,77,,CONVERGED,,77,48.79,48.79,0,0,0,0,0,0,0,0.99915,0,0.99992,1,0,0.0071236,6.8862e-05,0,0.98379,1.0241,0.99898,3.0469,2.0872e-10
f1,p[traction]*1.05,1,hold,PASS,CONVERGED,CONVERGED,-,-,2598,,CONVERGED,,2687,48.79,48.79,0,0,0,0,0,0,0,0.96198,0,0.99938,1.0007,0,0.032128,0.0011529,0,0.99465,1.0019,0.99374,3.0291,4.1078e-11
f1,p[good]*1.05,1,hold,PASS,CONVERGED,CONVERGED,-,-,2243,,CONVERGED,,2259,48.79,48.79,0,0,0,0,0,0,0,0.97417,0,0.9999,1.0008,0,-0.00041392,0.00018942,0,0.99999,1.0021,0.99791,3.0504,4.1522e-11
f1,s*1.05,1,hold,PASS,CONVERGED,CONVERGED,-,-,806,,CONVERGED,,795,48.79,37.448,0,0,0,0,0,0,0,0.99208,0,0.99972,1.0002,0,-0.007321,0.00036827,0,1,1.0006,0.99811,3.037,2.0872e-10
f1,JA(1.05),1,hold,PASS,CONVERGED,CONVERGED,-,-,2735,,CONVERGED,,2773,48.79,61.174,0,0,0,0,0,0,0,0.96067,0,0.99958,1.0011,0,0.030701,0.00078718,0,0.96331,1.0329,0.99537,2.9909,4.0634e-11
f1,JB(1.05),1,hold,PASS,CONVERGED,CONVERGED,-,-,3620,,CONVERGED,,3623,48.79,106.4,0,0,0,0,0,0,0,0.95005,0,0.99888,1.0023,0,-0.0030808,0.0020646,0,0.95238,1.0368,0.95319,2.9688,4.0412e-11
f1,N(1.05),1,hold,PASS,CONVERGED,CONVERGED,-,-,7548,,CONVERGED,,7541,0,97.716,0,0,0,0,0,0,0,0.94703,0,0.98205,1.0107,0,0.028995,-0.00086124,0,0.93483,1.0291,0.97307,2.8583,2.0872e-10
f1,w*0.95,1,hold,PASS,CONVERGED,CONVERGED,-,-,2730,,CONVERGED,,2730,51.293,87.296,0,0,0,0,0,0,0,0.9906,0,0.99914,1.0007,0,-0.0075258,0.0010738,0,0.99804,1.0018,0.99255,3.026,4.1078e-11
f1,r*0.95,1,hold,PASS,CONVERGED,CONVERGED,-,-,5770,,CONVERGED,,5770,51.293,136.45,0,0,0,0,0,0,0,0.98524,0,1,1.0146,0,-0.0022753,0.0023015,0,0.99977,1.0363,0.97848,3.0365,2.0872e-10
f1,p[fodder]*0.95,1,hold,PASS,CONVERGED,CONVERGED,-,-,3320,,CONVERGED,,3320,51.293,55.37,0,0,0,0,0,0,0,0.96258,0,0.99874,1.0014,0,0.0086849,0.0022471,0,0.99998,1.0038,0.95118,2.9376,4.1966e-11
f1,p[horse]*0.95,1,hold,PASS,CONVERGED,CONVERGED,-,-,690,,CONVERGED,,690,51.293,51.293,0,0,0,0,0,0,0,0.99597,0,0.99979,1.0002,0,0.018271,0.0003065,0,0.95,1.0388,0.99507,3.0319,2.0872e-10
f1,p[traction]*0.95,1,hold,PASS,CONVERGED,CONVERGED,-,-,2704,,CONVERGED,,2704,51.293,55.146,0,0,0,0,0,0,0,0.9902,0,0.99925,1.0007,0,-0.034005,0.0010577,0,0.97738,1.0109,0.99121,2.8987,4.13e-11
f1,p[good]*0.95,1,hold,PASS,CONVERGED,CONVERGED,-,-,3862,,CONVERGED,,3862,51.293,67.692,0,0,0,0,0,0,0,0.96864,0,0.99772,1.0015,0,-0.0026072,0.0021652,0,0.98212,1.0041,0.97206,2.8891,4.1078e-11
f1,s*0.95,1,hold,PASS,CONVERGED,CONVERGED,-,-,475,,CONVERGED,,475,51.293,38.953,0,0,0,0,0,0,0,0.99019,0,0.99981,1.0002,0,0.0033433,0.00031627,0,1,1.0005,0.99844,3.0491,2.0872e-10
f1,JA(0.95),1,hold,PASS,CONVERGED,CONVERGED,-,-,3856,,CONVERGED,,3856,51.293,73.02,0,0,0,0,0,0,0,0.95386,0,0.99765,1.0016,0,-0.011135,0.0024571,0,0.95,1.033,0.94453,2.8604,4.2188e-11
f1,JB(0.95),1,hold,PASS,CONVERGED,CONVERGED,-,-,4232,,CONVERGED,,4250,51.293,122.68,0,0,0,0,0,0,0,0.94513,0,0.99681,1.0022,0,0.016627,0.0033121,0,0.99394,1.0069,0.96513,2.8515,4.0634e-11
f1,N(0.95),1,hold,PASS,CONVERGED,CONVERGED,-,-,5723,,CONVERGED,,5723,0,125.44,0,0,0,0,0,0,0,0.9859,0,0.99989,1.014,0,-0.014032,0.0020145,0,0.99977,1.0376,0.97938,3.0371,2.0872e-10
f1,w*1.2,2,hold,PASS,CONVERGED,CONVERGED,-,-,2984,,CONVERGED,,2962,182.32,231.99,0,0,0,0,0,0,0,0.9479,0,0.99908,1.0011,0,-0.0041679,0.0016268,0,0.99922,1.0031,0.99476,3.039,4.1744e-11
f1,r*1.2,2,hold,PASS,CONVERGED,CONVERGED,-,-,9234,,CONVERGED,,9232,182.32,538.79,0,0,0,0,0,0,0,0.83152,0,0.93284,1.0401,1564,-0.014285,-0.0030893,0,0.82956,1.1095,0.81907,2.0586,2.0872e-10
f1,p[fodder]*1.2,2,hold,PASS,CONVERGED,CONVERGED,-,-,3994,,CONVERGED,,4002,182.32,182.32,0,0,0,0,0,0,0,0.97042,0,0.99761,1.0018,0,-0.018829,0.0025752,0,0.91777,1.041,0.96454,2.5427,4.1522e-11
f1,p[horse]*1.2,2,hold,PASS,CONVERGED,CONVERGED,-,-,660,,CONVERGED,,660,182.32,182.32,0,0,0,0,0,0,0,0.99651,0,0.99965,1.0002,0,-0.0082694,0.00029944,0,0.94464,1.1042,0.99565,3.0324,2.0872e-10
f1,p[traction]*1.2,2,hold,PASS,CONVERGED,CONVERGED,-,-,4078,,CONVERGED,,4154,182.32,182.32,0,0,0,0,0,0,0,0.86489,0,0.99764,1.0028,0,0.13344,0.0043745,0,0.97456,1.0074,0.97564,2.965,4.1078e-11
f1,p[good]*1.2,2,hold,PASS,CONVERGED,CONVERGED,-,-,3675,,CONVERGED,,3693,182.32,182.32,0,0,0,0,0,0,0,0.90451,0,0.99963,1.0031,0,-0.0016833,0.00069656,0,0.99995,1.0078,0.99232,3.0482,4.1744e-11
f1,s*1.2,2,hold,PASS,CONVERGED,CONVERGED,-,-,3047,,CONVERGED,,3035,182.32,141.75,0,0,0,0,0,0,0,0.96761,0,0.9989,1.0009,0,-0.027719,0.0014535,0,0.99999,1.0025,0.99292,2.9941,3.7526e-11
f1,JA(1.2),2,hold,PASS,CONVERGED,CONVERGED,-,-,4303,,CONVERGED,,4350,182.32,232.69,0,0,0,0,0,0,0,0.85939,0,0.99834,1.0041,0,0.068408,0.003205,0,0.87145,1.1417,0.9822,2.8528,4.1078e-11
f1,JB(1.2),2,hold,PASS,CONVERGED,CONVERGED,-,-,5351,,CONVERGED,,5354,182.32,349.9,0,0,0,0,0,0,1,0.8284,0,0.99602,1.0083,0,-0.022723,0.0079538,0,0.83333,1.1474,0.83563,2.7563,2.0872e-10
f1,N(1.2),2,hold,PASS,CONVERGED,CONVERGED,-,-,9232,,CONVERGED,,9226,0,366.67,0,0,0,0,0,0,0,0.81462,0,0.93457,1.0393,1561,0.071582,-0.0045229,0,0.78449,1.1074,0.90217,2.3893,2.0872e-10
f1,w*0.8,2,hold,PASS,CONVERGED,CONVERGED,-,-,4412,,CONVERGED,,4412,223.14,376.11,0,0,0,0,0,0,0,0.95795,0,0.99622,1.003,0,-0.027661,0.0048136,0,0.99044,1.0082,0.96535,2.9353,4.0634e-11
f1,r*0.8,2,hold,PASS,CONVERGED,CONVERGED,-,-,7678,,CONVERGED,,7678,223.14,567.36,0,0,0,0,0,0,0,0.93376,0,1,1.0659,1760,-0.01011,0.0081541,0,0.99896,1.1657,0.91357,2.988,7.9936e-11
f1,p[fodder]*0.8,2,hold,PASS,CONVERGED,CONVERGED,-,-,5168,,CONVERGED,,5168,223.14,251.34,0,0,0,0,0,0,0,0.85228,0,0.99451,1.006,0,0.037437,0.0096209,0,0.99992,1.0162,0.80669,2.6097,4.1078e-11
f1,p[horse]*0.8,2,hold,PASS,CONVERGED,CONVERGED,-,-,3021,,CONVERGED,,3021,223.14,223.14,0,0,0,0,0,0,1,0.98221,0,0.99905,1.0009,0,0.087193,0.0013844,0,0.8,1.1842,0.97837,2.9654,4.0412e-11
f1,p[traction]*0.8,2,hold,PASS,CONVERGED,CONVERGED,-,-,4383,,CONVERGED,,4383,223.14,228.13,0,0,0,0,0,0,0,0.95839,0,0.99669,1.003,0,-0.15367,0.0046004,0,0.9091,1.037,0.96243,2.441,3.8192e-11
f1,p[good]*0.8,2,hold,PASS,CONVERGED,CONVERGED,-,-,5797,,CONVERGED,,5797,223.14,304.74,0,0,0,0,0,0,0,0.87252,0,0.98985,1.0066,0,-0.010384,0.0093354,0,0.91048,1.0181,0.8845,2.4083,4.1522e-11
f1,s*0.8,2,hold,PASS,CONVERGED,CONVERGED,-,-,2699,,CONVERGED,,2699,223.14,171.17,0,0,0,0,0,0,0,0.96049,0,0.99922,1.0008,0,0.012927,0.0012818,0,0.99999,1.0021,0.99348,3.0417,4.1744e-11
f1,JA(0.8),2,hold,PASS,CONVERGED,CONVERGED,-,-,5785,,CONVERGED,,5785,223.14,310.86,0,0,0,0,0,0,1,0.82098,0,0.98971,1.007,0,-0.04336,0.010297,0,0.8,1.1531,0.78777,2.3156,4.2188e-11
f1,JB(0.8),2,hold,PASS,CONVERGED,CONVERGED,-,-,6316,,CONVERGED,,6332,223.14,484.7,0,0,0,0,0,0,1,0.78059,0,0.98552,1.0103,0,0.056753,0.014927,0,0.94773,1.0357,0.84432,2.2891,2.0872e-10
f1,N(0.8),2,hold,PASS,CONVERGED,CONVERGED,-,-,7634,,CONVERGED,,7634,0,523.31,0,0,0,0,0,0,2,0.93649,0,0.99954,1.0634,1721,-0.055322,0.009406,0,0.999,1.1599,0.91024,2.9903,6.9722e-11
f1,w*2,3,hold,PASS,CONVERGED,CONVERGED,CONVERGED,CONVERGED,4463,4463,CONVERGED,CONVERGED,4443,693.15,693.15,0,0,0,0,0,0,0,0.83635,0,0.99664,1.0037,0,-0.041118,0.005806,0,0.989,1.0113,0.97645,2.9111,4.1966e-11
f1,r*2,3,hold,PASS,CONVERGED,CONVERGED,CONVERGED,CONVERGED,11008,11008,CONVERGED,CONVERGED,11008,693.15,3840,43,12,0,26,26,10,407,0.47227,0,0.77184,1.1425,4715,-0.043314,-0.033402,19,0.1034,1.3915,0.43547,0.77883,4.1966e-11
f1,p[fodder]*2,3,hold,PASS,CONVERGED,CONVERGED,CONVERGED,CONVERGED,5980,5980,CONVERGED,CONVERGED,5991,693.15,693.15,0,0,0,0,0,0,2,0.88541,0,0.9893,1.008,0,-0.14673,0.011246,0,0.64603,1.2199,0.86432,1.5256,2.085e-10
f1,p[horse]*2,3,hold,PASS,CONVERGED,CONVERGED,CONVERGED,CONVERGED,3526,3526,CONVERGED,CONVERGED,3526,693.15,693.15,0,0,0,0,0,0,3,0.96277,0,0.99802,1.0015,0,-0.24836,0.0023435,1,0.89694,1.4697,0.95537,2.9112,4.2188e-11
f1,p[traction]*2,3,hold,PASS,CONVERGED,CONVERGED,CONVERGED,CONVERGED,6076,6076,CONVERGED,CONVERGED,6114,693.15,697.36,2,0,0,0,2,0,0,0.56996,0,0.98991,1.0114,0,0.70835,0.017781,0,0.85529,1.0304,0.8898,2.6395,2.0872e-10
f1,p[good]*2,3,hold,PASS,CONVERGED,CONVERGED,CONVERGED,CONVERGED,5509,5509,CONVERGED,CONVERGED,5523,693.15,693.15,0,0,0,0,0,0,0,0.65635,0,0.99872,1.0116,0,-0.0085833,0.0025102,0,0.99981,1.0293,0.97268,3.0399,2.0872e-10
f1,s*2,3,hold,PASS,CONVERGED,CONVERGED,CONVERGED,CONVERGED,5236,5236,CONVERGED,CONVERGED,5206,693.15,557.28,0,0,0,0,0,0,2,0.82932,0,0.99346,1.0053,0,-0.1096,0.0082281,0,0.99993,1.0145,0.9591,2.6996,4.1522e-11
f1,JA(2),3,hold,PASS,CONVERGED,CONVERGED,CONVERGED,CONVERGED,6282,6282,CONVERGED,CONVERGED,6330,693.15,968.37,3,0,0,0,3,0,7,0.54791,0,0.99209,1.0167,0,0.019645,0.016633,4,0.67184,1.6091,0.89587,2.511,2.0872e-10
f1,JB(2),3,hold,PASS,CONVERGED,CONVERGED,CONVERGED,CONVERGED,7100,7100,CONVERGED,CONVERGED,7101,693.15,1030.4,24,0,0,11,13,0,30,0.50027,19.958,0.98239,1.0289,0,-0.035768,0.04221,0,0.5,1.3533,0.51947,2.1806,2.0872e-10
f1,N(2),3,hold,PASS,CONVERGED,CONVERGED,CONVERGED,CONVERGED,11011,11011,CONVERGED,CONVERGED,11007,0,2190.9,21,6,15,0,0,14,409,0.44386,10.547,0.77379,1.1416,4720,0.030113,-0.035718,3,0.32801,1.389,0.64871,1.155,4.1966e-11
f1,w*0.5,3,hold,PASS,CONVERGED,CONVERGED,CONVERGED,CONVERGED,6139,6139,CONVERGED,CONVERGED,6139,693.15,1156,0,0,0,0,0,0,17,0.85381,0,0.98718,1.0104,0,-0.056502,0.016321,0,0.99987,1.0282,0.88245,2.6881,2.0872e-10
f1,r*0.5,3,hold,PASS,CONVERGED,CONVERGED,CONVERGED,CONVERGED,9322,9322,CONVERGED,CONVERGED,9322,693.15,1673.7,0,0,0,0,0,0,34,0.78829,0,1,1.226,2830,-0.030949,0.029637,0,0.99694,1.5822,0.78588,2.8634,4.1522e-11
f1,p[fodder]*0.5,3,hold,PASS,CONVERGED,CONVERGED,CONVERGED,CONVERGED,6659,6659,CONVERGED,CONVERGED,6659,693.15,872.34,0,0,0,0,0,0,25,0.63862,0,0.98316,1.0179,0,0.10831,0.028538,0,0.99976,1.0481,0.52529,1.9885,2.0872e-10
f1,p[horse]*0.5,3,hold,PASS,CONVERGED,CONVERGED,CONVERGED,CONVERGED,4593,4593,CONVERGED,CONVERGED,4593,693.15,693.15,0,0,0,0,0,0,2,0.93617,0,0.99626,1.0035,0,0.33167,0.0053665,0,0.5,1.3509,0.92348,2.7372,4.1078e-11
f1,p[traction]*0.5,3,hold,PASS,CONVERGED,CONVERGED,CONVERGED,CONVERGED,5883,5883,CONVERGED,CONVERGED,5883,693.15,693.15,0,0,0,0,0,0,0,0.88852,0,0.99023,1.0083,0,-0.43944,0.012445,0,0.77081,1.0361,0.90614,1.5256,2.085e-10
f1,p[good]*0.5,3,hold,PASS,CONVERGED,CONVERGED,CONVERGED,CONVERGED,7366,7366,CONVERGED,CONVERGED,7366,693.15,1084.7,0,0,0,0,0,0,58,0.66967,0,0.96834,1.0203,0,-0.025725,0.027297,0,0.64008,1.0553,0.69235,1.4952,2.0872e-10
f1,s*0.5,3,hold,PASS,CONVERGED,CONVERGED,CONVERGED,CONVERGED,3728,3728,CONVERGED,CONVERGED,3728,693.15,542.88,0,0,0,0,0,0,0,0.89987,0,0.99798,1.002,0,0.030205,0.0033024,0,0.99997,1.0059,0.98222,3.0211,4.1522e-11
f1,JA(0.5),3,hold,PASS,CONVERGED,CONVERGED,CONVERGED,CONVERGED,7366,7366,CONVERGED,CONVERGED,7366,693.15,1009.4,17,0,0,10,10,0,60,0.58102,0,0.96767,1.0214,0,-0.043042,0.029935,0,0.5,1.1832,0.51564,1.3367,2.0872e-10
f1,JB(0.5),3,hold,PASS,CONVERGED,CONVERGED,CONVERGED,CONVERGED,7956,7956,CONVERGED,CONVERGED,7967,693.15,1567.7,38,0,0,7,31,7,88,0.47849,0,0.95251,1.0338,0,0.028967,0.046467,4,0.46344,1.0921,0.59698,1.3521,2.0872e-10
f1,N(0.5),3,hold,PASS,CONVERGED,CONVERGED,CONVERGED,CONVERGED,9277,9277,CONVERGED,CONVERGED,9277,0,1548.2,0,0,0,0,0,0,12,0.79272,0,0.99913,1.2172,2805,-0.06019,0.028722,0,0.99712,1.5595,0.75732,2.8696,4.0634e-11
f1,x*/2,3,hold,PASS,CONVERGED,CONVERGED,CONVERGED,CONVERGED,7285,7285,CONVERGED,CONVERGED,7276,1424,1125,7,0,0,0,7,1,61,0.48933,0,0.97144,1.0228,0,-0.22684,0.033563,0,0.70528,1.0619,0.8513,1.5879,2.0872e-10
f1,b*1.1@genesis,2,b*1.1@dated,PASS,CONVERGED,CONVERGED,-,-,7307,,CONVERGED,,7307,95.31,238.9,0,0,0,0,0,0,0,0.94215,0,0.98836,1.0397,0,-0.0068534,-0.00096514,0,0.90762,1.0265,0.90117,2.5518,9.9032e-11
f1,b*1.1@dated,2,b*1.1@dated,PASS,CONVERGED,CONVERGED,-,-,7307,,CONVERGED,,7307,95.31,238.5,0,0,0,0,0,0,0,0.94224,0,0.98836,1.0397,0,-0.0076477,-0.00096693,0,0.90762,1.0265,0.90129,2.5523,9.9032e-11
f1,b*0.9@genesis,2,b*0.9@dated,PASS,CONVERGED,CONVERGED,-,-,7793,,CONVERGED,,7793,105.36,230.49,0,0,0,0,0,0,0,0.95487,0,0.95989,1.036,0,0.0021327,0.051083,0,0.99949,1.0956,0.97208,3.0211,4.2966e-11
f1,b*0.9@dated,2,b*0.9@dated,PASS,CONVERGED,CONVERGED,-,-,7793,,CONVERGED,,7793,105.36,230.49,0,0,0,0,0,0,0,0.95487,0,0.95989,1.036,0,0.0021327,0.051083,0,0.99949,1.0956,0.97208,3.0211,4.0301e-11
f1,b*2@genesis,3,b*2@dated,PASS,CONVERGED,CONVERGED,CONVERGED,CONVERGED,9430,9430,CONVERGED,CONVERGED,9430,693.15,2936.5,11,0,0,11,0,0,303,0.64587,0,0.94459,1.3834,2077,-0.030891,-0.022506,6,0.18055,1.2749,0.42711,0.89192,2.3981e-10
f1,b*2@dated,3,b*2@dated,PASS,CONVERGED,CONVERGED,CONVERGED,CONVERGED,9430,9430,CONVERGED,CONVERGED,9430,693.15,2936.2,11,0,0,11,0,0,303,0.64695,0,0.94458,1.3834,2077,-0.030584,-0.022464,6,0.17819,1.2749,0.4283,0.89482,2.3981e-10
f1,b*0.5@genesis,3,b*0.5@dated,PASS,CONVERGED,CONVERGED,CONVERGED,CONVERGED,10611,10611,CONVERGED,CONVERGED,10611,775.4,1486.1,0,0,0,0,0,0,155,0.75255,0,0.79473,1.3782,3733,0.0035095,0.47901,0,0.99491,1.9306,0.84894,2.663,1.6542e-10
f1,b*0.5@dated,3,b*0.5@dated,PASS,CONVERGED,CONVERGED,CONVERGED,CONVERGED,10611,10611,CONVERGED,CONVERGED,10611,775.4,1486.1,0,0,0,0,0,0,155,0.75255,0,0.79473,1.3782,3733,0.0035095,0.47901,0,0.99491,1.9306,0.84894,2.663,1.6542e-10
f1,stock.good*0.5,3S,hold,PASS,CONVERGED,CONVERGED,CONVERGED,CONVERGED,2773,2773,CONVERGED,CONVERGED,2773,693.15,693.15,0,0,0,0,0,0,0,0.5,0,0.99937,1.001,0,-0.0099675,0.0012592,0,0.9831,1.0036,0.98274,2.9907,4.0856e-11
f1,stock.good*2,3S,hold,PASS,CONVERGED,CONVERGED,CONVERGED,CONVERGED,3838,3838,CONVERGED,CONVERGED,3077,63.302,66.022,0,0,0,0,0,0,0,0.96934,0,0.99777,1.0015,0,-0.0010203,0.0021127,0,0.98248,1.004,0.97266,2.8929,4.1522e-11
f1,heads.capacity*0.5,3S,hold,PASS,CONVERGED,CONVERGED,CONVERGED,CONVERGED,10157,10157,CONVERGED,CONVERGED,10157,868.16,868.16,51,0,0,0,51,0,0,0.57768,16.67,0.65,1.2077,3685,0.044992,0.40239,0,0.99765,1.5733,0.87619,2.8973,3.9968e-11
f1,heads.capacity*2,3S,hold,PASS,CONVERGED,CONVERGED,CONVERGED,CONVERGED,12243,12243,CONVERGED,CONVERGED,12243,inf,7216.7,550,550,0,0,0,0,1025,0.82149,0,0.74314,1.7,5824,0.11809,-0.31304,203,0.5079,1.5113,0.58824,0.95559,4.5852e-11
f1,hours.capacity*0.5,3S,hold,PASS,CONVERGED,CONVERGED,CONVERGED,CONVERGED,3254,3254,CONVERGED,CONVERGED,3254,693.15,693.15,0,0,0,0,0,0,0,0.59946,0,0.99891,1.0013,0,0.067732,0.0021096,0,0.95044,1.0306,0.98465,3.0252,4.1078e-11
f1,hours.capacity*2,3S,hold,PASS,CONVERGED,CONVERGED,CONVERGED,CONVERGED,3451,3451,CONVERGED,CONVERGED,2674,110.86,110.86,0,0,0,0,0,0,0,0.97923,0,0.99851,1.0013,0,-0.086226,0.0020806,0,0.95774,1.0205,0.98268,2.7672,4.0856e-11
f1,own.maker*0.5,3S,hold,PASS,CONVERGED,CONVERGED,CONVERGED,CONVERGED,10898,10898,CONVERGED,CONVERGED,10898,1250.8,1000,0,0,0,0,0,0,694,0.82868,0,0.75347,1.1892,4471,-0.056358,0.033151,0,0.99776,1.5193,0.95167,2.699,4.1078e-11
f1,own.maker*2,3S,hold,PASS,CONVERGED,CONVERGED,CONVERGED,CONVERGED,8798,8798,CONVERGED,CONVERGED,8798,692.75,692.75,0,0,0,0,0,0,0,1,0,1,1.2998,2282,3.9968e-15,4.6629e-15,0,1,1,1,3.0512,3.7526e-11
f1,finished.maker*0.5,3S,hold,PASS,CONVERGED,CONVERGED,CONVERGED,CONVERGED,4039,4039,CONVERGED,CONVERGED,4039,inf,194.78,0,0,0,0,0,0,2,0.97096,0,0.99718,1.0022,0,-0.1011,0.0034292,0,0.98084,1.0161,0.96608,2.9245,4.1966e-11
f1,finished.maker*2,3S,hold,PASS,CONVERGED,CONVERGED,CONVERGED,CONVERGED,3956,3956,CONVERGED,CONVERGED,3956,531.93,419.45,0,0,0,0,0,0,0,0.98128,0,0.99943,1.0026,0,0.16821,-0.00076426,0,0.65741,2,0.97492,2.9813,4.8961e-11
f1,stock.fodder*0.5,3S,hold,PASS,CONVERGED,CONVERGED,CONVERGED,CONVERGED,3647,3647,CONVERGED,CONVERGED,3647,1401.3,693.15,0,0,0,0,0,0,1,0.59946,0,0.99814,1.0016,0,0.012773,0.00248,0,0.97522,1.0151,0.5,2.9024,4.1522e-11
f1,stock.fodder*2,3S,hold,PASS,CONVERGED,CONVERGED,CONVERGED,CONVERGED,4079,4079,CONVERGED,CONVERGED,3294,143.22,109.36,0,0,0,0,0,0,0,0.92907,0,0.99754,1.0027,0,0.023287,0.0043597,0,0.99996,1.0073,0.90735,2.8367,4.1522e-11
f1,coin.desk.good*0.5,3S,hold,PASS,CONVERGED,CONVERGED,CONVERGED,CONVERGED,8492,8492,CONVERGED,CONVERGED,8488,693.15,693.15,1,0,0,0,0,1,0,0.5,0,0.96095,1.023,0,-0.11386,-0.00035561,0,0.65703,1.187,0.89906,2.2454,2.0872e-10
f1,coin.desk.good*2,3S,hold,PASS,CONVERGED,CONVERGED,CONVERGED,CONVERGED,7654,7654,CONVERGED,CONVERGED,7654,1055.7,589.34,0,0,0,0,0,0,2,0.7779,0,0.99652,1.061,1736,0.097737,0.018311,0,0.99908,1.1553,0.80089,2.4707,6.8501e-11
f1,coin.desk.capacity*0.5,3S,hold,PASS,CONVERGED,CONVERGED,CONVERGED,CONVERGED,8274,8274,CONVERGED,CONVERGED,8274,inf,609.54,0,0,0,0,0,0,4,0.89501,0,0.96689,1.0196,0,0.21117,-0.00011928,2,0.5436,1.5199,0.89638,2.4245,2.0872e-10
f1,coin.desk.capacity*2,3S,hold,PASS,CONVERGED,CONVERGED,CONVERGED,CONVERGED,7295,7295,CONVERGED,CONVERGED,7295,659.38,659.38,0,0,0,0,0,0,0,0.86367,0,0.99982,1.0486,0,-0.13424,0.0083097,0,0.99926,1.1218,0.84344,2.5659,5.7176e-11
f1,coin.desk.maker*0.5,3S,hold,PASS,CONVERGED,CONVERGED,CONVERGED,CONVERGED,7648,7648,CONVERGED,CONVERGED,7665,846.63,693.15,0,0,0,0,0,0,1,0.90182,0,0.97858,1.0125,0,0.1064,0.00093487,0,0.88148,1.034,0.88601,2.5025,2.0872e-10
f1,coin.desk.maker*2,3S,hold,PASS,CONVERGED,CONVERGED,CONVERGED,CONVERGED,6869,6869,CONVERGED,CONVERGED,6869,inf,356.25,0,0,0,0,0,0,3,0.76115,0,0.9993,1.0346,0,-0.13633,0.0054541,0,0.89924,1.2791,0.72557,2.5758,2.0872e-10
f1,coin.desk.fodder*0.5,3S,hold,PASS,CONVERGED,CONVERGED,CONVERGED,CONVERGED,6567,6567,CONVERGED,CONVERGED,6567,1401.3,709.71,1,0,0,0,1,0,15,0.59925,0,0.98459,1.0083,0,-0.031414,0.0074756,0,0.96316,1.0276,0.49998,1.9732,4.6629e-11
f1,coin.desk.fodder*2,3S,hold,PASS,CONVERGED,CONVERGED,CONVERGED,CONVERGED,6684,6684,CONVERGED,CONVERGED,6684,592.42,592.42,0,0,0,0,0,0,0,0.78803,0,0.99578,1.0271,0,0.011335,0.01066,0,0.99958,1.0694,0.7259,2.8036,2.0872e-10
f1,coin.provider*0.5,3S,hold,PASS,CONVERGED,CONVERGED,CONVERGED,CONVERGED,8493,8493,CONVERGED,CONVERGED,8489,312.43,312.43,0,0,0,0,0,0,0,0.73167,0,0.96333,1.0219,0,-0.0065981,-0.0024243,0,0.87566,1.0598,0.97986,2.6636,2.0872e-10
f1,coin.provider*2,3S,hold,PASS,CONVERGED,CONVERGED,CONVERGED,CONVERGED,7469,7469,CONVERGED,CONVERGED,7469,716.53,516.81,0,0,0,0,0,0,1,0.75867,0,0.99514,1.0519,1482,-0.028233,0.017269,0,0.99907,1.1319,0.69879,2.6427,6.1062e-11
f1,coin.workers*0.5,3S,hold,PASS,CONVERGED,CONVERGED,CONVERGED,CONVERGED,8586,8586,CONVERGED,CONVERGED,8583,339.4,339.4,0,0,0,0,0,0,0,0.71219,0,0.96058,1.0236,0,-0.0070744,-0.0026577,0,0.86657,1.0643,0.97847,2.6361,2.0872e-10
f1,coin.workers*2,3S,hold,PASS,CONVERGED,CONVERGED,CONVERGED,CONVERGED,7554,7554,CONVERGED,CONVERGED,7554,770.24,546.79,0,0,0,0,0,0,1,0.74664,0,0.9948,1.0554,1613,-0.029724,0.018467,0,0.99903,1.1409,0.68384,2.6148,7.5273e-11
f2,w*1.05,1,hold,PASS,CONVERGED,CONVERGED,-,-,1998,,CONVERGED,,1990,48.79,58.197,0,0,0,0,0,0,0,0.98561,0,0.99978,1.0007,0,7.2526e-05,0.00040497,0,0.99961,1.0018,0.99751,1.5241,2.0894e-10
f2,r*1.05,1,hold,PASS,CONVERGED,CONVERGED,-,-,8083,,CONVERGED,,8083,48.79,250.03,0,0,0,0,0,0,0,0.95141,0,0.97551,1.0389,0,-0.0042334,0.00082269,0,0.86419,1.097,0.94486,1.392,2.0894e-10
f2,p[fodder]*1.05,1,hold,PASS,CONVERGED,CONVERGED,-,-,4245,,CONVERGED,,4281,48.79,76.794,0,0,0,0,0,0,0,0.98502,0,0.99818,1.0036,0,-0.015808,0.0020935,0,0.9437,1.0189,0.98245,1.453,4.6074e-11
f2,p[horse]*1.05,1,hold,PASS,CONVERGED,CONVERGED,-,-,899,,CONVERGED,,899,48.79,48.79,0,0,0,0,0,0,0,0.99868,0,0.99991,1.0002,0,0.00014654,0.00015316,0,0.98574,1.0166,0.99838,1.5232,2.0894e-10
f2,p[traction]*1.05,1,hold,PASS,CONVERGED,CONVERGED,-,-,3562,,CONVERGED,,3694,48.79,72.438,0,0,0,0,0,0,0,0.96198,0,0.99903,1.0028,0,0.032268,0.0019896,0,0.97349,1.0261,0.98484,1.5108,3.6415e-11
f2,p[good]*1.05,1,hold,PASS,CONVERGED,CONVERGED,-,-,2677,,CONVERGED,,2694,48.79,48.79,0,0,0,0,0,0,0,0.97459,0,0.99988,1.002,0,0.00026568,0.00015376,0,0.99971,1.0047,0.99664,1.5245,2.0894e-10
f2,s*1.05,1,hold,PASS,CONVERGED,CONVERGED,-,-,2181,,CONVERGED,,2162,48.79,37.448,0,0,0,0,0,0,0,0.99208,0,0.99969,1.0007,0,-0.0057745,0.00047431,0,0.99774,1.0033,0.99755,1.5184,2.0894e-10
f2,JA(1.05),1,hold,PASS,CONVERGED,CONVERGED,-,-,4201,,CONVERGED,,4264,48.79,117.7,0,0,0,0,0,0,0,0.9608,0,0.99866,1.0044,0,0.011626,0.0032689,0,0.93177,1.0346,0.97816,1.5037,4.9849e-11
f2,JB(1.05),1,hold,PASS,CONVERGED,CONVERGED,-,-,4354,,CONVERGED,,4356,48.79,123.35,0,0,0,0,0,0,0,0.94415,0,0.99916,1.0057,0,0.0055753,0.0019305,0,0.95238,1.057,0.94886,1.4941,4.7073e-11
f2,N(1.05),1,hold,PASS,CONVERGED,CONVERGED,-,-,8137,,CONVERGED,,8128,0,171.85,0,0,0,0,0,0,0,0.94703,0,0.97545,1.0395,0,0.009293,-0.00012344,0,0.90268,1.0983,0.97378,1.4472,2.0894e-10
f2,w*0.95,1,hold,PASS,CONVERGED,CONVERGED,-,-,2971,,CONVERGED,,2971,51.293,83.564,0,0,0,0,0,0,0,0.99147,0,0.99919,1.0017,0,-0.0037156,0.0011669,0,0.99766,1.0041,0.99461,1.5213,2.0894e-10
f2,r*0.95,1,hold,PASS,CONVERGED,CONVERGED,-,-,6359,,CONVERGED,,6359,51.293,277.46,0,0,0,0,0,0,0,0.98325,0,1,1.0316,0,0.0012969,0.0030123,0,0.99536,1.0753,0.97922,1.508,2.0894e-10
f2,p[fodder]*0.95,1,hold,PASS,CONVERGED,CONVERGED,-,-,4397,,CONVERGED,,4397,51.293,124.47,0,0,0,0,0,0,0,0.95548,0,0.99836,1.005,0,0.023642,0.003746,0,0.91808,1.0546,0.9446,1.4712,5.8176e-11
f2,p[horse]*0.95,1,hold,PASS,CONVERGED,CONVERGED,-,-,2673,,CONVERGED,,2673,51.293,51.293,0,0,0,0,0,0,0,0.99321,0,0.99952,1.0012,0,0.014362,0.00078709,0,0.95,1.0388,0.99167,1.5135,2.0894e-10
f2,p[traction]*0.95,1,hold,PASS,CONVERGED,CONVERGED,-,-,3879,,CONVERGED,,3879,51.293,79.21,0,0,0,0,0,0,0,0.98385,0,0.99869,1.0031,0,-0.034835,0.0021187,0,0.95605,1.0264,0.98254,1.4493,2.0894e-10
f2,p[good]*0.95,1,hold,PASS,CONVERGED,CONVERGED,-,-,5322,,CONVERGED,,5322,51.293,161.06,0,0,0,0,0,0,0,0.96244,0,0.99571,1.0082,0,-0.0023784,0.0046759,0,0.90938,1.0452,0.95199,1.4508,5.1736e-11
f2,s*0.95,1,hold,PASS,CONVERGED,CONVERGED,-,-,1539,,CONVERGED,,1539,51.293,38.953,0,0,0,0,0,0,0,0.99019,0,0.99983,1.0005,0,0.0033346,0.00032594,0,0.99994,1.0011,0.99929,1.5248,2.0894e-10
f2,JA(0.95),1,hold,PASS,CONVERGED,CONVERGED,-,-,5296,,CONVERGED,,5296,51.293,200.43,0,0,0,0,0,0,0,0.9529,0,0.9959,1.0086,0,0.001495,0.0054841,0,0.88893,1.0711,0.94461,1.4373,4.4964e-11
f2,JB(0.95),1,hold,PASS,CONVERGED,CONVERGED,-,-,5715,,CONVERGED,,5745,51.293,207.46,0,0,0,0,0,0,0,0.94641,0,0.994,1.0116,0,0.0027965,0.0069218,0,0.91742,1.0545,0.93934,1.4329,2.0894e-10
f2,N(0.95),1,hold,PASS,CONVERGED,CONVERGED,-,-,6294,,CONVERGED,,6294,0,249.63,0,0,0,0,0,0,0,0.98626,0,0.99989,1.03,0,-0.0012278,0.0031443,0,0.99559,1.0715,0.98405,1.5088,2.0894e-10
f2,w*1.2,2,hold,PASS,CONVERGED,CONVERGED,-,-,3412,,CONVERGED,,3386,182.32,229.83,0,0,0,0,0,0,0,0.94732,0,0.99914,1.0028,0,-0.00285,0.0016345,0,0.9985,1.0068,0.9909,1.5217,2.0894e-10
f2,r*1.2,2,hold,PASS,CONVERGED,CONVERGED,-,-,9743,,CONVERGED,,9742,182.32,1348,0,0,0,0,0,0,72,0.82981,0,0.91227,1.141,3479,-0.015002,0.0020655,0,0.3853,1.3515,0.80826,1.0768,2.0894e-10
f2,p[fodder]*1.2,2,hold,PASS,CONVERGED,CONVERGED,-,-,6050,,CONVERGED,,6079,182.32,307.27,0,0,0,0,0,0,0,0.93689,0,0.99251,1.0152,0,-0.069266,0.0090978,0,0.78292,1.087,0.92485,1.2713,2.0894e-10
f2,p[horse]*1.2,2,hold,PASS,CONVERGED,CONVERGED,-,-,2574,,CONVERGED,,2574,182.32,182.32,0,0,0,0,0,0,0,0.99429,0,0.99958,1.001,0,-0.01295,0.00068273,0,0.93952,1.0789,0.99305,1.515,2.0894e-10
f2,p[traction]*1.2,2,hold,PASS,CONVERGED,CONVERGED,-,-,5397,,CONVERGED,,5474,182.32,275.06,0,0,0,0,0,0,0,0.86489,0,0.99616,1.0108,0,0.13373,0.007729,0,0.89344,1.1052,0.94174,1.4657,2.0894e-10
f2,p[good]*1.2,2,hold,PASS,CONVERGED,CONVERGED,-,-,4524,,CONVERGED,,4540,182.32,182.32,0,0,0,0,0,0,0,0.90602,0,0.99958,1.0073,0,0.0009317,0.00056165,0,0.99894,1.0175,0.98788,1.5216,5.0293e-11
f2,s*1.2,2,hold,PASS,CONVERGED,CONVERGED,-,-,3663,,CONVERGED,,3635,182.32,141.75,0,0,0,0,0,0,0,0.96761,0,0.99875,1.0028,0,-0.022198,0.0019229,0,0.98941,1.0147,0.98944,1.4963,3.7303e-11
f2,JA(1.2),2,hold,PASS,CONVERGED,CONVERGED,-,-,5950,,CONVERGED,,6014,182.32,441.16,0,0,0,0,0,0,0,0.85979,0,0.99455,1.0177,0,0.016519,0.01312,0,0.74606,1.1583,0.90733,1.4476,2.0894e-10
f2,JB(1.2),2,hold,PASS,CONVERGED,CONVERGED,-,-,6008,,CONVERGED,,6010,182.32,350.47,0,0,0,0,0,0,1,0.80979,0,0.99634,1.0211,0,0.0082035,0.0091683,0,0.83333,1.1815,0.82679,1.4175,2.0894e-10
f2,N(1.2),2,hold,PASS,CONVERGED,CONVERGED,-,-,9814,,CONVERGED,,9805,0,725.47,0,0,0,0,0,0,2,0.81462,0,0.91149,1.1438,3536,0.0079181,-0.0030435,0,0.64438,1.3584,0.90375,1.2369,2.0894e-10
f2,w*0.8,2,hold,PASS,CONVERGED,CONVERGED,-,-,5054,,CONVERGED,,5054,223.14,360.62,0,0,0,0,0,0,0,0.96254,0,0.99636,1.0077,0,-0.013336,0.0053969,0,0.98097,1.019,0.97362,1.5049,5.7399e-11
f2,r*0.8,2,hold,PASS,CONVERGED,CONVERGED,-,-,8250,,CONVERGED,,8250,223.14,1030.1,0,0,0,0,0,0,0,0.9364,0,1,1.139,2052,0.0058972,0.012307,0,0.98007,1.3326,0.92581,1.4518,2.0894e-10
f2,p[fodder]*0.8,2,hold,PASS,CONVERGED,CONVERGED,-,-,6346,,CONVERGED,,6346,223.14,522.03,0,0,0,0,0,0,0,0.82742,0,0.9924,1.0236,0,0.10727,0.017519,0,0.67332,1.2357,0.78531,1.3164,2.0894e-10
f2,p[horse]*0.8,2,hold,PASS,CONVERGED,CONVERGED,-,-,4635,,CONVERGED,,4635,223.14,223.14,0,0,0,0,0,0,1,0.97128,0,0.99784,1.0053,0,0.060563,0.003507,0,0.8,1.1842,0.96484,1.4734,4.5297e-11
f2,p[traction]*0.8,2,hold,PASS,CONVERGED,CONVERGED,-,-,5898,,CONVERGED,,5898,223.14,332.14,0,0,0,0,0,0,0,0.93278,0,0.99386,1.0148,0,-0.15419,0.0098803,0,0.81837,1.1228,0.92532,1.2205,2.0894e-10
f2,p[good]*0.8,2,hold,PASS,CONVERGED,CONVERGED,-,-,7405,,CONVERGED,,7405,223.14,717.19,0,0,0,0,0,0,0,0.83843,0,0.97916,1.0416,0,-0.0094807,0.024773,0,0.59631,1.221,0.79571,1.2266,2.0894e-10
f2,s*0.8,2,hold,PASS,CONVERGED,CONVERGED,-,-,2909,,CONVERGED,,2909,223.14,171.17,0,0,0,0,0,0,0,0.96049,0,0.99933,1.0018,0,0.012889,0.0013329,0,0.99974,1.0045,0.99679,1.5224,2.0894e-10
f2,JA(0.8),2,hold,PASS,CONVERGED,CONVERGED,-,-,7522,,CONVERGED,,7522,223.14,890.31,0,0,0,0,0,0,1,0.81986,0,0.97821,1.0483,0,0.0015948,0.031027,0,0.51852,1.4232,0.7877,1.1818,2.0894e-10
f2,JB(0.8),2,hold,PASS,CONVERGED,CONVERGED,-,-,7955,,CONVERGED,,7988,223.14,1046.3,0,0,0,0,0,0,38,0.77896,0,0.96837,1.0653,2203,0.0020686,0.041032,0,0.5041,1.3351,0.72131,1.1679,2.0894e-10
f2,N(0.8),2,hold,PASS,CONVERGED,CONVERGED,-,-,8193,,CONVERGED,,8193,0,949.26,0,0,0,0,0,0,1,0.94106,0,0.99954,1.1324,2032,-0.0065125,0.012963,0,0.98097,1.3168,0.93023,1.4551,2.0894e-10
f2,w*2,3,hold,PASS,CONVERGED,CONVERGED,CONVERGED,CONVERGED,5399,5399,CONVERGED,CONVERGED,5383,693.15,693.15,0,0,0,0,0,0,0,0.83635,0,0.99584,1.0111,0,-0.036896,0.0081737,0,0.9777,1.0413,0.96965,1.4659,5.7621e-11
f2,r*2,3,hold,PASS,CONVERGED,CONVERGED,CONVERGED,CONVERGED,11439,11439,CONVERGED,CONVERGED,11439,693.15,10447,86,0,0,86,38,19,452,0.46636,0,0.72746,1.4549,4444,-0.04712,-0.054687,125,0.00096589,2.1263,0.42289,0.73377,4.8406e-11
f2,p[fodder]*2,3,hold,PASS,CONVERGED,CONVERGED,CONVERGED,CONVERGED,8180,8180,CONVERGED,CONVERGED,8207,693.15,1324.8,0,0,0,0,0,0,61,0.7548,0,0.96437,1.08,2319,-0.26999,0.052381,3,0.29388,1.5965,0.69003,0.76281,2.0894e-10
f2,p[horse]*2,3,hold,PASS,CONVERGED,CONVERGED,CONVERGED,CONVERGED,3679,3679,CONVERGED,CONVERGED,3679,693.15,693.15,0,0,0,0,0,0,2,0.98377,0,0.99841,1.0027,0,-0.15216,0.0017647,0,0.79614,1.4358,0.98076,1.5054,2.0894e-10
f2,p[traction]*2,3,hold,PASS,CONVERGED,CONVERGED,CONVERGED,CONVERGED,7417,7417,CONVERGED,CONVERGED,7454,693.15,1034.8,2,0,0,0,2,0,7,0.56996,0,0.98114,1.0488,0,0.7105,0.034149,0,0.52835,1.4663,0.79738,1.2533,2.0894e-10
f2,p[good]*2,3,hold,PASS,CONVERGED,CONVERGED,CONVERGED,CONVERGED,6148,6148,CONVERGED,CONVERGED,6162,693.15,693.15,0,0,0,0,0,0,0,0.66127,0,0.99861,1.0268,0,0.0023031,0.002002,0,0.99611,1.0645,0.95969,1.5108,2.0894e-10
f2,s*2,3,hold,PASS,CONVERGED,CONVERGED,CONVERGED,CONVERGED,6340,6340,CONVERGED,CONVERGED,6307,693.15,557.28,0,0,0,0,0,0,2,0.82932,0,0.99061,1.0204,0,-0.093111,0.013429,0,0.87186,1.1341,0.91647,1.3429,2.0894e-10
f2,JA(2),3,hold,PASS,CONVERGED,CONVERGED,CONVERGED,CONVERGED,7655,7655,CONVERGED,CONVERGED,7718,693.15,1241.6,3,0,0,0,3,0,12,0.54867,0,0.98015,1.0655,1921,0.0051479,0.048618,7,0.45219,1.5993,0.72441,1.233,2.0894e-10
f2,JB(2),3,hold,PASS,CONVERGED,CONVERGED,CONVERGED,CONVERGED,7920,7920,CONVERGED,CONVERGED,7919,693.15,1078.3,23,0,10,0,11,12,33,0.46683,27.816,0.97888,1.0843,2044,0.036938,0.063091,0,0.5,1.4244,0.51636,1.2358,2.0894e-10
f2,N(2),3,hold,PASS,CONVERGED,CONVERGED,CONVERGED,CONVERGED,11463,11463,CONVERGED,CONVERGED,11461,0,9277.5,9,0,7,0,0,9,454,0.44386,2.8542,0.72555,1.4603,4467,-0.029752,-0.060217,124,0.0089595,2.1393,0.60188,0.99852,4.8184e-11
f2,w*0.5,3,hold,PASS,CONVERGED,CONVERGED,CONVERGED,CONVERGED,6689,6689,CONVERGED,CONVERGED,6689,693.15,1113.7,0,0,0,0,0,0,18,0.87382,0,0.98688,1.0273,0,-0.024751,0.018973,0,0.99625,1.0679,0.90332,1.4494,2.0894e-10
f2,r*0.5,3,hold,PASS,CONVERGED,CONVERGED,CONVERGED,CONVERGED,9778,9778,CONVERGED,CONVERGED,9778,693.15,2573.8,0,0,0,0,0,0,201,0.78959,0,1,1.4489,2762,0.020211,0.056407,0,0.93811,2.08,0.85333,1.3161,4.5408e-11
f2,p[fodder]*0.5,3,hold,PASS,CONVERGED,CONVERGED,CONVERGED,CONVERGED,7837,7837,CONVERGED,CONVERGED,7837,693.15,1209.5,6,0,0,0,6,0,26,0.59667,0,0.97621,1.0734,2037,0.35374,0.054464,0,0.38889,1.6813,0.4997,1.055,2.0894e-10
f2,p[horse]*0.5,3,hold,PASS,CONVERGED,CONVERGED,CONVERGED,CONVERGED,6087,6087,CONVERGED,CONVERGED,6087,693.15,693.15,0,0,0,0,0,0,2,0.91898,0,0.99295,1.0171,0,0.16111,0.011339,0,0.5,1.3509,0.90114,1.3722,2.0894e-10
f2,p[traction]*0.5,3,hold,PASS,CONVERGED,CONVERGED,CONVERGED,CONVERGED,7525,7525,CONVERGED,CONVERGED,7525,693.15,900,0,0,0,0,0,0,0,0.83507,0,0.97858,1.0494,0,-0.436,0.032406,0,0.5176,1.3824,0.814,0.76281,2.0894e-10
f2,p[good]*0.5,3,hold,PASS,CONVERGED,CONVERGED,CONVERGED,CONVERGED,8606,8606,CONVERGED,CONVERGED,8606,693.15,2471.3,0,0,0,0,0,0,83,0.67856,0,0.94712,1.0957,2623,-0.023523,0.051963,0,0.11018,1.663,0.7568,0.88041,2.0894e-10
f2,s*0.5,3,hold,PASS,CONVERGED,CONVERGED,CONVERGED,CONVERGED,4303,4303,CONVERGED,CONVERGED,4303,693.15,542.88,0,0,0,0,0,0,0,0.89987,0,0.99826,1.0048,0,0.030095,0.0035221,0,0.99934,1.0118,0.99001,1.5174,3.9302e-11
f2,JA(0.5),3,hold,PASS,CONVERGED,CONVERGED,CONVERGED,CONVERGED,8593,8593,CONVERGED,CONVERGED,8593,693.15,2164.2,8,0,0,0,8,0,92,0.59221,0,0.94901,1.1047,2549,0.024351,0.066893,7,0.15171,1.899,0.52622,0.83878,2.0894e-10
f2,JB(0.5),3,hold,PASS,CONVERGED,CONVERGED,CONVERGED,CONVERGED,8956,8956,CONVERGED,CONVERGED,8970,693.15,4142,22,0,0,0,22,9,99,0.46702,0,0.93048,1.131,2750,0.0086143,0.079907,26,0.048283,1.5234,0.68322,0.99571,2.0894e-10
f2,N(0.5),3,hold,PASS,CONVERGED,CONVERGED,CONVERGED,CONVERGED,9726,9726,CONVERGED,CONVERGED,9726,0,2447.4,0,0,0,0,0,0,183,0.82416,0,0.9992,1.4298,2728,0.017763,0.057589,0,0.94065,2.0339,0.76923,1.3235,4.563e-11
f2,x*/2,3,hold,PASS,CONVERGED,CONVERGED,CONVERGED,CONVERGED,8432,8432,CONVERGED,CONVERGED,8421,1424,2607.2,7,0,0,0,7,1,73,0.48933,0,0.95325,1.096,2449,-0.20721,0.063823,0,0.14852,1.2386,0.81668,0.84433,2.0894e-10
f2,b*1.1@genesis,2,b*1.1@dated,PASS,CONVERGED,CONVERGED,-,-,7908,,CONVERGED,,7908,95.31,436.27,0,0,0,0,0,0,0,0.93251,0,0.98103,1.0397,0,-0.0082005,-0.0024532,0,0.76619,1.0686,0.89301,1.2991,9.881e-11
f2,b*1.1@dated,2,b*1.1@dated,PASS,CONVERGED,CONVERGED,-,-,7908,,CONVERGED,,7908,95.31,436.27,0,0,0,0,0,0,0,0.93251,0,0.98103,1.0397,0,-0.0082005,-0.0024532,0,0.76619,1.0686,0.89301,1.2991,9.881e-11
f2,b*0.9@genesis,2,b*0.9@dated,PASS,CONVERGED,CONVERGED,-,-,8352,,CONVERGED,,8352,105.36,448.16,0,0,0,0,0,0,0,0.9462,0,0.95987,1.1016,2337,0.012209,0.072013,0,0.98616,1.2498,0.96927,1.4734,1.9051e-10
f2,b*0.9@dated,2,b*0.9@dated,PASS,CONVERGED,CONVERGED,-,-,8352,,CONVERGED,,8352,105.36,448.16,0,0,0,0,0,0,0,0.9462,0,0.95987,1.1016,2337,0.012209,0.072013,0,0.98616,1.2498,0.96927,1.4734,1.9051e-10
f2,b*2@genesis,3,b*2@dated,PASS,CONVERGED,CONVERGED,CONVERGED,CONVERGED,10181,10181,CONVERGED,CONVERGED,10181,693.15,7116.8,7,0,0,7,0,0,570,0.62588,0,0.88354,1.3835,4033,-0.044404,-0.021202,138,0.01084,1.5958,0.41366,0.81003,2.3981e-10
f2,b*2@dated,3,b*2@dated,PASS,CONVERGED,CONVERGED,CONVERGED,CONVERGED,10181,10181,CONVERGED,CONVERGED,10181,693.15,7115.9,7,0,0,7,0,0,570,0.62588,0,0.88354,1.3835,4033,-0.044404,-0.021202,138,0.01084,1.5958,0.41366,0.81003,2.3981e-10
f2,b*0.5@genesis,3,b*0.5@dated,PASS,CONVERGED,CONVERGED,CONVERGED,CONVERGED,11330,11330,CONVERGED,CONVERGED,11330,775.4,2408.6,0,0,0,0,0,0,1002,0.70881,0,0.79464,2.0182,4867,0.061983,0.75226,0,0.83963,3.391,0.90172,1.0701,1.6542e-10
f2,b*0.5@dated,3,b*0.5@dated,PASS,CONVERGED,CONVERGED,CONVERGED,CONVERGED,11330,11330,CONVERGED,CONVERGED,11330,775.4,2408.6,0,0,0,0,0,0,1002,0.70881,0,0.79464,2.0182,4867,0.061983,0.75226,0,0.83963,3.391,0.90172,1.0701,1.6454e-10
f2,stock.good*0.5,3S,hold,PASS,CONVERGED,CONVERGED,CONVERGED,CONVERGED,3906,3906,CONVERGED,CONVERGED,3906,693.15,693.15,0,0,0,0,0,0,0,0.5,0,0.99892,1.0035,0,-0.0090033,0.0026295,0,0.95832,1.0371,0.97933,1.4956,5.1736e-11
f2,stock.good*2,3S,hold,PASS,CONVERGED,CONVERGED,CONVERGED,CONVERGED,5295,5295,CONVERGED,CONVERGED,4389,125.68,157.15,0,0,0,0,0,0,0,0.96332,0,0.99581,1.008,0,-0.00054153,0.0045521,0,0.91156,1.0442,0.95317,1.4526,4.9627e-11
f2,heads.capacity*0.5,3S,hold,PASS,CONVERGED,CONVERGED,CONVERGED,CONVERGED,10641,10641,CONVERGED,CONVERGED,10640,950.19,1413.4,57,0,0,0,57,0,0,0.52716,29.7,0.65,1.5577,3781,0.12597,0.53743,0,0.92687,2.3774,0.76245,1.2838,4.4076e-11
f2,heads.capacity*2,3S,hold,PASS,CONVERGED,CONVERGED,CONVERGED,CONVERGED,12593,12593,CONVERGED,CONVERGED,12593,inf,27566,0,0,0,0,0,0,2097,0.71839,0,0.68285,1.7,6085,0.01695,-0.36554,455,0.026332,2.5674,0.55764,0.90523,2.0894e-10
f2,hours.capacity*0.5,3S,hold,PASS,CONVERGED,CONVERGED,CONVERGED,CONVERGED,4555,4555,CONVERGED,CONVERGED,4555,693.15,693.15,0,0,0,0,0,0,0,0.59946,0,0.99809,1.0053,0,0.05762,0.0038224,0,0.91848,1.0468,0.9703,1.4981,5.5955e-11
f2,hours.capacity*2,3S,hold,PASS,CONVERGED,CONVERGED,CONVERGED,CONVERGED,4822,4822,CONVERGED,CONVERGED,3837,150.09,150.09,0,0,0,0,0,0,0,0.9691,0,0.99743,1.0062,0,-0.085613,0.0041312,0,0.91752,1.0497,0.96662,1.3836,5.318e-11
f2,own.maker*0.5,3S,hold,PASS,CONVERGED,CONVERGED,CONVERGED,CONVERGED,11101,11101,CONVERGED,CONVERGED,11101,1250.8,1559,0,0,0,0,0,0,850,0.78302,0,0.76828,1.4819,4102,-0.028911,0.11371,0,0.93669,2.1903,0.94848,1.3112,4.1633e-11
f2,own.maker*2,3S,hold,PASS,CONVERGED,CONVERGED,CONVERGED,CONVERGED,8798,8798,CONVERGED,CONVERGED,8798,692.75,692.75,0,0,0,0,0,0,0,1,0,1,1.2998,2282,2.4425e-15,1.2657e-14,0,1,1,1,1.5256,3.8858e-11
f2,finished.maker*0.5,3S,hold,PASS,CONVERGED,CONVERGED,CONVERGED,CONVERGED,4931,4931,CONVERGED,CONVERGED,4931,inf,211.93,0,0,0,0,0,0,2,0.96725,0,0.99683,1.0068,0,-0.051546,0.0046375,0,0.93126,1.0572,0.96131,1.4813,3.7748e-11
f2,finished.maker*2,3S,hold,PASS,CONVERGED,CONVERGED,CONVERGED,CONVERGED,5342,5342,CONVERGED,CONVERGED,5342,544.52,544.52,0,0,0,0,0,0,0,0.94122,0,0.99676,1.0093,0,0.081194,0.0058471,0,0.58012,2,0.92527,1.4012,5.651e-11
f2,stock.fodder*0.5,3S,hold,PASS,CONVERGED,CONVERGED,CONVERGED,CONVERGED,4953,4953,CONVERGED,CONVERGED,4953,2026.7,693.15,0,0,0,0,0,0,1,0.59946,0,0.99686,1.0067,0,0.002426,0.0044269,0,0.9345,1.0351,0.5,1.4512,4.2411e-11
f2,stock.fodder*2,3S,hold,PASS,CONVERGED,CONVERGED,CONVERGED,CONVERGED,5243,5243,CONVERGED,CONVERGED,4365,171.95,242.52,0,0,0,0,0,0,0,0.91568,0,0.99673,1.01,0,0.05442,0.0074598,0,0.84202,1.1073,0.89517,1.4229,5.2514e-11
f2,coin.desk.good*0.5,3S,hold,PASS,CONVERGED,CONVERGED,CONVERGED,CONVERGED,8907,8907,CONVERGED,CONVERGED,8904,1046.7,1046.7,0,0,0,0,0,0,35,0.5,0,0.94938,1.0798,3039,-0.12642,0.0072235,0,0.35362,1.4911,0.82499,1.1029,2.0894e-10
f2,coin.desk.good*2,3S,hold,PASS,CONVERGED,CONVERGED,CONVERGED,CONVERGED,8292,8292,CONVERGED,CONVERGED,8292,1100.2,1147.3,0,0,0,0,0,0,2,0.78733,0,0.99503,1.1345,2112,0.12412,0.034403,0,0.69564,1.5435,0.75999,1.3004,2.0894e-10
f2,coin.desk.capacity*0.5,3S,hold,PASS,CONVERGED,CONVERGED,CONVERGED,CONVERGED,8684,8684,CONVERGED,CONVERGED,8681,inf,1019.5,0,0,0,0,0,0,27,0.81104,0,0.95746,1.0672,2912,0.18426,0.0061413,3,0.36079,1.7816,0.76281,1.1454,2.0894e-10
f2,coin.desk.capacity*2,3S,hold,PASS,CONVERGED,CONVERGED,CONVERGED,CONVERGED,7861,7861,CONVERGED,CONVERGED,7861,1000,1000,0,0,0,0,0,0,0,0.87573,0,0.99936,1.1017,1897,-0.07541,0.011455,0,0.9853,1.2681,0.86476,1.3064,2.0894e-10
f2,coin.desk.maker*0.5,3S,hold,PASS,CONVERGED,CONVERGED,CONVERGED,CONVERGED,7076,7076,CONVERGED,CONVERGED,7093,693.15,693.15,0,0,0,0,0,0,0,0.89546,0,0.98477,1.0234,0,0.082899,0.0063118,0,0.77709,1.0809,0.86716,1.3223,2.0894e-10
f2,coin.desk.maker*2,3S,hold,PASS,CONVERGED,CONVERGED,CONVERGED,CONVERGED,6853,6853,CONVERGED,CONVERGED,6853,inf,515.81,0,0,0,0,0,0,3,0.79034,0,0.99763,1.0441,0,-0.086209,0.0092193,0,0.71921,1.3706,0.76923,1.3981,2.0894e-10
f2,coin.desk.fodder*0.5,3S,hold,PASS,CONVERGED,CONVERGED,CONVERGED,CONVERGED,8458,8458,CONVERGED,CONVERGED,8458,2026.7,1355.4,0,0,0,0,0,0,62,0.59906,0,0.9547,1.0723,2648,-0.041492,0.026136,0,0.38114,1.3292,0.5,1.0763,2.0894e-10
f2,coin.desk.fodder*2,3S,hold,PASS,CONVERGED,CONVERGED,CONVERGED,CONVERGED,7734,7734,CONVERGED,CONVERGED,7734,678.84,699.99,0,0,0,0,0,0,0,0.82512,0,1,1.0933,1831,0.047009,0.0073045,0,0.98651,1.2228,0.79751,1.475,2.0894e-10
f2,coin.provider*0.5,3S,hold,PASS,CONVERGED,CONVERGED,CONVERGED,CONVERGED,9019,9019,CONVERGED,CONVERGED,9016,314.7,354.41,0,0,0,0,0,0,0,0.73167,0,0.95183,1.0776,3167,-0.0067889,-0.0011871,0,0.76466,1.1935,0.96348,1.3466,2.0894e-10
f2,coin.provider*2,3S,hold,PASS,CONVERGED,CONVERGED,CONVERGED,CONVERGED,8186,8186,CONVERGED,CONVERGED,8186,961.88,996.98,0,0,0,0,0,0,1,0.76138,0,0.9905,1.1212,2077,-0.024886,0.036767,0,0.96172,1.2928,0.70278,1.3472,2.0894e-10
f2,coin.workers*0.5,3S,hold,PASS,CONVERGED,CONVERGED,CONVERGED,CONVERGED,9113,9113,CONVERGED,CONVERGED,9110,341.89,385.23,0,0,0,0,0,0,0,0.71219,0,0.94824,1.0835,3217,-0.007279,-0.0013738,0,0.7473,1.2081,0.96082,1.3339,2.0894e-10
f2,coin.workers*2,3S,hold,PASS,CONVERGED,CONVERGED,CONVERGED,CONVERGED,8270,8270,CONVERGED,CONVERGED,8270,1010.3,1052,0,0,0,0,0,0,1,0.74941,0,0.98985,1.1294,2113,-0.026156,0.039559,0,0.95084,1.3126,0.68794,1.3345,2.0894e-10
f3,w*1.05,1,hold,PASS,CONVERGED,CONVERGED,-,-,1149,,CONVERGED,,1146,48.79,58.254,0,0,0,0,0,0,0,0.98557,0,0.99945,1.0008,0,-0.00010233,0.00071404,0,0.9997,1.0019,0.99802,1.7943,5.0182e-11
f3,r*1.05,1,hold,PASS,CONVERGED,CONVERGED,-,-,3569,,CONVERGED,,3569,48.79,192.05,0,0,0,0,0,0,0,0.952,0,0.96759,1.02,0,-0.0038155,-0.0013436,0,0.92063,1.0477,0.94747,1.6331,5.0182e-11
f3,p[fodder]*1.05,1,hold,PASS,CONVERGED,CONVERGED,-,-,2022,,CONVERGED,,2031,48.79,56.436,0,0,0,0,0,0,0,0.98847,0,0.9972,1.0027,0,-0.011501,0.0017702,0,0.95695,1.0168,0.98797,1.7094,5.0182e-11
f3,p[horse]*1.05,1,hold,PASS,CONVERGED,CONVERGED,-,-,146,,CONVERGED,,146,48.79,48.79,0,0,0,0,0,0,0,0.99896,0,0.99985,1.0002,0,0.0016673,0.00011731,0,0.98541,1.0187,0.99878,1.7925,5.0182e-11
f3,p[traction]*1.05,1,hold,PASS,CONVERGED,CONVERGED,-,-,1850,,CONVERGED,,1890,48.79,54.634,0,0,0,0,0,0,0,0.96198,0,0.99805,1.0025,0,0.032228,0.0019776,0,0.98628,1.0099,0.98885,1.7819,5.0182e-11
f3,p[good]*1.05,1,hold,PASS,CONVERGED,CONVERGED,-,-,1534,,CONVERGED,,1542,48.79,48.79,0,0,0,0,0,0,0,0.97445,0,0.99974,1.0021,0,5.9505e-05,0.0010385,0,1,1.0045,0.99712,1.7946,5.0182e-11
f3,s*1.05,1,hold,PASS,CONVERGED,CONVERGED,-,-,1196,,CONVERGED,,1187,48.79,37.448,0,0,0,0,0,0,0,0.99208,0,0.99929,1.0007,0,-0.0062499,0.00058684,0,1,1.0017,0.99824,1.7865,5.0182e-11
f3,JA(1.05),1,hold,PASS,CONVERGED,CONVERGED,-,-,2028,,CONVERGED,,2047,48.79,86.623,0,0,0,0,0,0,0,0.96074,0,0.99763,1.0039,0,0.017072,0.0031176,0,0.94281,1.0336,0.98659,1.7653,5.0182e-11
f3,JB(1.05),1,hold,PASS,CONVERGED,CONVERGED,-,-,2145,,CONVERGED,,2146,48.79,117.87,0,0,0,0,0,0,0,0.94679,0,0.99802,1.0058,0,0.0034157,0.0047484,0,0.95238,1.0369,0.95045,1.7568,5.0182e-11
f3,N(1.05),1,hold,PASS,CONVERGED,CONVERGED,-,-,3598,,CONVERGED,,3595,0,129.54,0,0,0,0,0,0,0,0.94703,0,0.9682,1.0201,0,0.015537,-0.0020782,0,0.91794,1.0479,0.9737,1.6981,5.0182e-11
f3,w*0.95,1,hold,PASS,CONVERGED,CONVERGED,-,-,1740,,CONVERGED,,1740,51.293,85.203,0,0,0,0,0,0,0,0.99028,0,0.9981,1.0019,0,-0.0048474,0.0016406,0,0.99559,1.0046,0.9936,1.7884,5.0182e-11
f3,r*0.95,1,hold,PASS,CONVERGED,CONVERGED,-,-,2954,,CONVERGED,,2954,51.293,209.38,0,0,0,0,0,0,0,0.98546,0,0.99979,1.034,0,-0.001665,0.020379,0,1,1.0716,0.98172,1.7905,5.0182e-11
f3,p[fodder]*0.95,1,hold,PASS,CONVERGED,CONVERGED,-,-,2122,,CONVERGED,,2122,51.293,82.289,0,0,0,0,0,0,0,0.95788,0,0.9967,1.0045,0,0.018625,0.0037691,0,0.95887,1.015,0.94695,1.7321,2.2982e-11
f3,p[horse]*0.95,1,hold,PASS,CONVERGED,CONVERGED,-,-,1387,,CONVERGED,,1387,51.293,51.293,0,0,0,0,0,0,0,0.99394,0,0.99919,1.0009,0,0.01643,0.00067048,0,0.95,1.0388,0.99278,1.782,5.0182e-11
f3,p[traction]*0.95,1,hold,PASS,CONVERGED,CONVERGED,-,-,1941,,CONVERGED,,1941,51.293,66.191,0,0,0,0,0,0,0,0.98582,0,0.99767,1.0027,0,-0.034608,0.0019878,0,0.96529,1.016,0.98637,1.7051,2.6867e-11
f3,p[good]*0.95,1,hold,PASS,CONVERGED,CONVERGED,-,-,2489,,CONVERGED,,2489,51.293,110.7,0,0,0,0,0,0,0,0.96679,0,0.99248,1.0068,0,-0.0025659,0.0047444,0,0.9653,1.0222,0.96314,1.7053,5.0182e-11
f3,s*0.95,1,hold,PASS,CONVERGED,CONVERGED,-,-,887,,CONVERGED,,887,51.293,38.953,0,0,0,0,0,0,0,0.99019,0,0.99958,1.0005,0,0.0033406,0.00046775,0,1,1.0012,0.99886,1.7945,5.0182e-11
f3,JA(0.95),1,hold,PASS,CONVERGED,CONVERGED,-,-,2461,,CONVERGED,,2461,51.293,140.65,0,0,0,0,0,0,0,0.95304,0,0.99266,1.0069,0,-0.0017911,0.0050731,0,0.94059,1.0371,0.94445,1.6899,5.0182e-11
f3,JB(0.95),1,hold,PASS,CONVERGED,CONVERGED,-,-,2648,,CONVERGED,,2660,51.293,146.5,0,0,0,0,0,0,0,0.94588,0,0.98954,1.0097,0,0.0068104,0.0070604,0,0.97179,1.0274,0.9534,1.684,5.0182e-11
f3,N(0.95),1,hold,PASS,CONVERGED,CONVERGED,-,-,2933,,CONVERGED,,2933,0,191.19,0,0,0,0,0,0,0,0.98548,0,0.99972,1.0324,0,-0.0057905,0.020102,0,1,1.068,0.98257,1.7907,5.0182e-11
f3,w*1.2,2,hold,PASS,CONVERGED,CONVERGED,-,-,1879,,CONVERGED,,1870,182.32,230.8,0,0,0,0,0,0,0,0.94761,0,0.99785,1.0031,0,-0.0034994,0.0027139,0,0.99882,1.0072,0.99282,1.7891,5.0182e-11
f3,r*1.2,2,hold,PASS,CONVERGED,CONVERGED,-,-,4234,,CONVERGED,,4234,182.32,904.63,0,0,0,0,0,0,22,0.82996,0,0.88394,1.0715,1805,-0.013543,-0.0055022,0,0.62641,1.17,0.81481,1.2564,5.0182e-11
f3,p[fodder]*1.2,2,hold,PASS,CONVERGED,CONVERGED,-,-,2726,,CONVERGED,,2734,182.32,223.72,0,0,0,0,0,0,0,0.95264,0,0.98877,1.0109,0,-0.052792,0.0072899,0,0.83451,1.069,0.94942,1.4957,5.0182e-11
f3,p[horse]*1.2,2,hold,PASS,CONVERGED,CONVERGED,-,-,1227,,CONVERGED,,1227,182.32,182.32,0,0,0,0,0,0,0,0.99584,0,0.99928,1.0007,0,-0.012825,0.00049102,0,0.94109,1.0854,0.99517,1.7853,5.0182e-11
f3,p[traction]*1.2,2,hold,PASS,CONVERGED,CONVERGED,-,-,2531,,CONVERGED,,2562,182.32,208.36,0,0,0,0,0,0,0,0.86489,0,0.9925,1.0096,0,0.13365,0.0075479,0,0.94055,1.0393,0.9567,1.7445,5.0182e-11
f3,p[good]*1.2,2,hold,PASS,CONVERGED,CONVERGED,-,-,2198,,CONVERGED,,2205,182.32,182.32,0,0,0,0,0,0,0,0.90552,0,0.99905,1.0077,0,0.00013726,0.0038469,0,1,1.0168,0.98952,1.7938,5.0182e-11
f3,s*1.2,2,hold,PASS,CONVERGED,CONVERGED,-,-,1951,,CONVERGED,,1943,182.32,141.75,0,0,0,0,0,0,0,0.96761,0,0.99718,1.0029,0,-0.023903,0.0023331,0,1,1.0067,0.99251,1.761,5.0182e-11
f3,JA(1.2),2,hold,PASS,CONVERGED,CONVERGED,-,-,2722,,CONVERGED,,2741,182.32,326.25,0,0,0,0,0,0,0,0.85962,0,0.99058,1.0154,0,0.030127,0.012196,0,0.79062,1.1487,0.94018,1.6973,5.0182e-11
f3,JB(1.2),2,hold,PASS,CONVERGED,CONVERGED,-,-,2818,,CONVERGED,,2818,182.32,350,0,0,0,0,0,0,1,0.818,0,0.99207,1.0214,0,0.00035128,0.017359,0,0.83333,1.1474,0.83012,1.6589,5.0182e-11
f3,N(1.2),2,hold,PASS,CONVERGED,CONVERGED,-,-,4268,,CONVERGED,,4264,0,552.07,0,0,0,0,0,0,0,0.81462,0,0.88597,1.072,1839,0.026691,-0.0084693,0,0.7153,1.1709,0.90372,1.4529,5.0182e-11
f3,w*0.8,2,hold,PASS,CONVERGED,CONVERGED,-,-,2509,,CONVERGED,,2509,223.14,367.46,0,0,0,0,0,0,0,0.95719,0,0.99154,1.0088,0,-0.017617,0.0074219,0,0.97785,1.0207,0.96895,1.763,5.0182e-11
f3,r*0.8,2,hold,PASS,CONVERGED,CONVERGED,-,-,3715,,CONVERGED,,3715,223.14,810.77,0,0,0,0,0,0,0,0.93531,0,0.99908,1.1516,1291,-0.0065262,0.084267,0,1,1.3197,0.93101,1.7785,1.1946e-10
f3,p[fodder]*0.8,2,hold,PASS,CONVERGED,CONVERGED,-,-,2869,,CONVERGED,,2869,223.14,340.85,0,0,0,0,0,0,0,0.83587,0,0.98538,1.0199,0,0.083178,0.016626,0,0.82973,1.0538,0.79335,1.552,5.0182e-11
f3,p[horse]*0.8,2,hold,PASS,CONVERGED,CONVERGED,-,-,2162,,CONVERGED,,2162,223.14,223.14,0,0,0,0,0,0,1,0.97447,0,0.99649,1.0041,0,0.07188,0.0029029,0,0.8,1.1842,0.96969,1.7401,5.0182e-11
f3,p[traction]*0.8,2,hold,PASS,CONVERGED,CONVERGED,-,-,2712,,CONVERGED,,2712,223.14,276.33,0,0,0,0,0,0,0,0.94095,0,0.98935,1.0121,0,-0.15412,0.0088874,0,0.85773,1.0659,0.94117,1.4359,5.0182e-11
f3,p[good]*0.8,2,hold,PASS,CONVERGED,CONVERGED,-,-,3261,,CONVERGED,,3261,223.14,471.1,0,0,0,0,0,0,0,0.86188,0,0.96595,1.0307,0,-0.010218,0.02152,0,0.81573,1.0923,0.84523,1.4379,5.0182e-11
f3,s*0.8,2,hold,PASS,CONVERGED,CONVERGED,-,-,1711,,CONVERGED,,1711,223.14,171.17,0,0,0,0,0,0,0,0.96049,0,0.99829,1.0021,0,0.012914,0.0018948,0,1,1.005,0.99509,1.7934,5.0182e-11
f3,JA(0.8),2,hold,PASS,CONVERGED,CONVERGED,-,-,3253,,CONVERGED,,3253,223.14,596.85,0,0,0,0,0,0,1,0.81913,0,0.9669,1.0324,0,-0.0099425,0.023606,0,0.72571,1.165,0.78866,1.3875,5.0182e-11
f3,JB(0.8),2,hold,PASS,CONVERGED,CONVERGED,-,-,3469,,CONVERGED,,3480,223.14,720.34,0,0,0,0,0,0,1,0.78356,0,0.95008,1.0479,0,0.016599,0.034847,0,0.76339,1.1453,0.78246,1.3687,5.0182e-11
f3,N(0.8),2,hold,PASS,CONVERGED,CONVERGED,-,-,3695,,CONVERGED,,3695,0,744.98,0,0,0,0,0,0,2,0.93815,0,0.99882,1.1447,1272,-0.023026,0.08456,0,1,1.3048,0.92832,1.7791,5.0182e-11
f3,w*2,3,hold,PASS,CONVERGED,CONVERGED,CONVERGED,CONVERGED,2616,2616,CONVERGED,CONVERGED,2608,693.15,693.15,0,0,0,0,0,0,0,0.83635,0,0.99055,1.0117,0,-0.039256,0.0096229,0,0.98852,1.0271,0.97291,1.7197,5.0182e-11
f3,r*2,3,hold,PASS,CONVERGED,CONVERGED,CONVERGED,CONVERGED,5007,5007,CONVERGED,CONVERGED,5007,693.15,5796.3,60,0,0,60,28,13,283,0.47214,0,0.63331,1.2327,2560,-0.041846,-0.033989,45,0.015715,1.5419,0.43742,0.73019,1.1946e-10
f3,p[fodder]*2,3,hold,PASS,CONVERGED,CONVERGED,CONVERGED,CONVERGED,3607,3607,CONVERGED,CONVERGED,3618,693.15,1057.4,0,0,0,0,0,0,19,0.75439,0,0.93986,1.0629,1169,-0.25523,0.04396,1,0.37225,1.4185,0.71464,0.89742,5.0182e-11
f3,p[horse]*2,3,hold,PASS,CONVERGED,CONVERGED,CONVERGED,CONVERGED,1965,1965,CONVERGED,CONVERGED,1965,693.15,693.15,0,0,0,0,0,0,3,0.97262,0,0.99557,1.0029,0,-0.18339,0.0021528,0,0.83937,1.4362,0.96877,1.7547,5.0182e-11
f3,p[traction]*2,3,hold,PASS,CONVERGED,CONVERGED,CONVERGED,CONVERGED,3308,3308,CONVERGED,CONVERGED,3324,693.15,774.37,2,0,0,0,2,0,0,0.56996,0,0.96602,1.0416,0,0.70993,0.031618,0,0.67416,1.2022,0.82886,1.5622,5.0182e-11
f3,p[good]*2,3,hold,PASS,CONVERGED,CONVERGED,CONVERGED,CONVERGED,2853,2853,CONVERGED,CONVERGED,2859,693.15,693.15,0,0,0,0,0,0,0,0.6597,0,0.99675,1.0288,0,-0.0010244,0.014191,0,1,1.0625,0.96425,1.7912,5.0182e-11
f3,s*2,3,hold,PASS,CONVERGED,CONVERGED,CONVERGED,CONVERGED,2926,2926,CONVERGED,CONVERGED,2915,693.15,557.28,0,0,0,0,0,0,2,0.82932,0,0.98156,1.0185,0,-0.098302,0.014137,0,0.96151,1.0432,0.94024,1.5844,5.0182e-11
f3,JA(2),3,hold,PASS,CONVERGED,CONVERGED,CONVERGED,CONVERGED,3470,3470,CONVERGED,CONVERGED,3493,693.15,1125.6,3,0,0,0,3,0,10,0.5484,0,0.95993,1.0643,1037,-0.0094353,0.051436,6,0.48799,1.6645,0.73656,1.5303,5.0182e-11
f3,JB(2),3,hold,PASS,CONVERGED,CONVERGED,CONVERGED,CONVERGED,3585,3585,CONVERGED,CONVERGED,3585,693.15,1093.5,21,0,2,3,12,9,32,0.48252,24.02,0.95649,1.0835,1166,0.017315,0.068008,0,0.5,1.3532,0.51842,1.4126,5.0182e-11
f3,N(2),3,hold,PASS,CONVERGED,CONVERGED,CONVERGED,CONVERGED,5024,5024,CONVERGED,CONVERGED,5023,0,5184.9,9,0,8,0,0,9,291,0.44386,3.9677,0.62571,1.2397,2576,-0.036233,-0.04122,33,0.045363,1.5576,0.63213,1.0035,1.1946e-10
f3,w*0.5,3,hold,PASS,CONVERGED,CONVERGED,CONVERGED,CONVERGED,3159,3159,CONVERGED,CONVERGED,3159,693.15,1131.8,0,0,0,0,0,0,18,0.85125,0,0.96992,1.0308,0,-0.034309,0.025712,0,0.99134,1.0723,0.88902,1.6977,5.0182e-11
f3,r*0.5,3,hold,PASS,CONVERGED,CONVERGED,CONVERGED,CONVERGED,4384,4384,CONVERGED,CONVERGED,4384,693.15,2158.2,0,0,0,0,0,0,46,0.7935,0,0.99687,1.5004,1911,-0.014658,0.24457,0,1,2.0376,0.84505,1.7614,1.1946e-10
f3,p[fodder]*0.5,3,hold,PASS,CONVERGED,CONVERGED,CONVERGED,CONVERGED,3461,3461,CONVERGED,CONVERGED,3461,693.15,871.5,0,0,0,0,0,0,24,0.61189,0,0.95375,1.0618,1021,0.26233,0.052319,0,0.63107,1.1451,0.51068,1.22,5.0182e-11
f3,p[horse]*0.5,3,hold,PASS,CONVERGED,CONVERGED,CONVERGED,CONVERGED,2789,2789,CONVERGED,CONVERGED,2789,693.15,693.15,0,0,0,0,0,0,2,0.92054,0,0.98794,1.014,0,0.20948,0.0098829,0,0.5,1.3509,0.90672,1.6192,5.0182e-11
f3,p[traction]*0.5,3,hold,PASS,CONVERGED,CONVERGED,CONVERGED,CONVERGED,3312,3312,CONVERGED,CONVERGED,3312,693.15,724.04,0,0,0,0,0,0,0,0.84376,0,0.96589,1.0374,0,-0.4372,0.026536,0,0.62628,1.2086,0.84611,0.89742,5.0182e-11
f3,p[good]*0.5,3,hold,PASS,CONVERGED,CONVERGED,CONVERGED,CONVERGED,3909,3909,CONVERGED,CONVERGED,3909,693.15,1852.6,1,0,0,0,1,0,83,0.65044,0,0.89255,1.0985,1488,-0.025301,0.065447,0,0.26598,1.2696,0.61976,0.93803,5.0182e-11
f3,s*0.5,3,hold,PASS,CONVERGED,CONVERGED,CONVERGED,CONVERGED,2196,2196,CONVERGED,CONVERGED,2196,693.15,542.88,0,0,0,0,0,0,0,0.89987,0,0.99557,1.0055,0,0.030164,0.0048765,0,1,1.0129,0.98589,1.7907,5.0182e-11
f3,JA(0.5),3,hold,PASS,CONVERGED,CONVERGED,CONVERGED,CONVERGED,3917,3917,CONVERGED,CONVERGED,3917,693.15,1925.2,9,0,0,0,9,0,90,0.58419,0,0.88967,1.1066,1496,0.0089959,0.074735,0,0.26223,1.6306,0.52315,0.87832,5.0182e-11
f3,JB(0.5),3,hold,PASS,CONVERGED,CONVERGED,CONVERGED,CONVERGED,4089,4089,CONVERGED,CONVERGED,4092,693.15,3331.2,41,0,0,18,28,8,93,0.47628,0,0.84985,1.1379,1661,-0.006864,0.096271,20,0.083414,1.3766,0.70491,1.0473,5.0182e-11
f3,N(0.5),3,hold,PASS,CONVERGED,CONVERGED,CONVERGED,CONVERGED,4365,4365,CONVERGED,CONVERGED,4365,0,1981.5,0,0,0,0,0,0,34,0.79966,0,0.9952,1.4802,1893,-0.0091766,0.25358,0,1,1.9979,0.7656,1.7621,1.1946e-10
f3,x*/2,3,hold,PASS,CONVERGED,CONVERGED,CONVERGED,CONVERGED,3845,3845,CONVERGED,CONVERGED,3840,1424,1907,7,0,0,0,7,1,71,0.48933,0,0.90164,1.0979,1425,-0.21349,0.072237,0,0.26422,1.228,0.83628,0.93873,5.0182e-11
f3,b*1.1@genesis,2,b*1.1@dated,PASS,CONVERGED,CONVERGED,-,-,3541,,CONVERGED,,3541,95.31,315.31,0,0,0,0,0,0,0,0.93679,0,0.97414,1.0397,0,-0.0071019,-8.2664e-06,0,0.88011,1.0348,0.89829,1.5261,3.2641e-11
f3,b*1.1@dated,2,b*1.1@dated,PASS,CONVERGED,CONVERGED,-,-,3541,,CONVERGED,,3541,95.31,315.33,0,0,0,0,0,0,0,0.9367,0,0.97415,1.0397,0,-0.0074627,-7.8062e-06,0,0.88025,1.0348,0.89807,1.5261,3.2641e-11
f3,b*0.9@genesis,2,b*0.9@dated,PASS,CONVERGED,CONVERGED,-,-,3455,,CONVERGED,,3455,105.36,351.17,0,0,0,0,0,0,0,0.95073,0,0.95989,1.0645,1025,0.0086364,0.051862,0,1,1.1462,0.97313,1.7887,5.9508e-11
f3,b*0.9@dated,2,b*0.9@dated,PASS,CONVERGED,CONVERGED,-,-,3455,,CONVERGED,,3455,105.36,351.17,0,0,0,0,0,0,0,0.95073,0,0.95989,1.0645,1025,0.0086364,0.051862,0,1,1.1462,0.97313,1.7887,5.9508e-11
f3,b*2@genesis,3,b*2@dated,PASS,CONVERGED,CONVERGED,CONVERGED,CONVERGED,4579,4579,CONVERGED,CONVERGED,4578,693.15,4446,9,0,0,9,0,0,245,0.63932,0,0.8401,1.3833,2122,-0.033919,-0.009994,28,0.033413,1.3176,0.42971,0.81392,4.9072e-11
f3,b*2@dated,3,b*2@dated,PASS,CONVERGED,CONVERGED,CONVERGED,CONVERGED,4578,4578,CONVERGED,CONVERGED,4578,693.15,4448.2,10,0,0,10,0,0,247,0.63932,0,0.84011,1.3833,2122,-0.035364,-0.0099244,28,0.033241,1.3176,0.42974,0.81428,1.4477e-10
f3,b*0.5@genesis,3,b*0.5@dated,PASS,CONVERGED,CONVERGED,CONVERGED,CONVERGED,4551,4551,CONVERGED,CONVERGED,4551,775.4,1934.2,0,0,0,0,0,0,106,0.74296,0,0.79472,1.5769,2064,0.043768,0.48982,0,1,2.2323,0.88581,1.751,9.2815e-11
f3,b*0.5@dated,3,b*0.5@dated,PASS,CONVERGED,CONVERGED,CONVERGED,CONVERGED,4551,4551,CONVERGED,CONVERGED,4551,775.4,1934.2,0,0,0,0,0,0,106,0.74296,0,0.79472,1.5769,2064,0.043768,0.48982,0,1,2.2323,0.88581,1.751,9.2815e-11
f3,stock.good*0.5,3S,hold,PASS,CONVERGED,CONVERGED,CONVERGED,CONVERGED,1942,1942,CONVERGED,CONVERGED,1942,693.15,693.15,0,0,0,0,0,0,0,0.5,0,0.99784,1.0032,0,-0.0098865,0.0025514,0,0.97147,1.0156,0.98287,1.7595,5.0182e-11
f3,stock.good*2,3S,hold,PASS,CONVERGED,CONVERGED,CONVERGED,CONVERGED,2479,2479,CONVERGED,CONVERGED,2123,95.161,108.12,0,0,0,0,0,0,0,0.96754,0,0.99265,1.0066,0,-0.00088464,0.0046145,0,0.96615,1.0216,0.96398,1.7074,5.0182e-11
f3,heads.capacity*0.5,3S,hold,PASS,CONVERGED,CONVERGED,CONVERGED,CONVERGED,4236,4236,CONVERGED,CONVERGED,4235,872.28,872.28,35,0,0,0,35,0,0,0.55678,14.146,0.65,1.2486,1786,0.10091,0.30328,0,0.99222,1.5807,0.80575,1.773,5.0182e-11
f3,heads.capacity*2,3S,hold,PASS,CONVERGED,CONVERGED,CONVERGED,CONVERGED,5074,5074,CONVERGED,CONVERGED,5074,inf,8417.3,0,0,0,0,0,0,669,0.78352,0,0.72414,1.7,2627,0.029068,-0.26846,97,0.09307,1.8553,0.5766,0.97786,1.1946e-10
f3,hours.capacity*0.5,3S,hold,PASS,CONVERGED,CONVERGED,CONVERGED,CONVERGED,2177,2177,CONVERGED,CONVERGED,2177,693.15,693.15,0,0,0,0,0,0,0,0.59946,0,0.99645,1.0047,0,0.060503,0.0036119,0,0.9345,1.0362,0.9766,1.7744,2.4092e-11
f3,hours.capacity*2,3S,hold,PASS,CONVERGED,CONVERGED,CONVERGED,CONVERGED,2284,2284,CONVERGED,CONVERGED,1928,126.73,126.73,0,0,0,0,0,0,0,0.97264,0,0.99541,1.0052,0,-0.085798,0.003882,0,0.93498,1.0307,0.97372,1.6278,5.0182e-11
f3,own.maker*0.5,3S,hold,PASS,CONVERGED,CONVERGED,CONVERGED,CONVERGED,4560,4560,CONVERGED,CONVERGED,4560,1247.7,1034.2,0,0,0,0,0,0,265,0.80553,0,0.75757,1.2414,2112,-0.037292,0.034352,0,1,1.5555,0.95047,1.7015,1.1946e-10
f3,own.maker*2,3S,hold,PASS,CONVERGED,CONVERGED,CONVERGED,CONVERGED,3409,3409,CONVERGED,CONVERGED,3409,692.13,692.13,0,0,0,0,0,0,0,1,0,1,1.2994,884,4.4409e-16,4.4409e-16,0,1,1,1,1.7948,5.0182e-11
f3,finished.maker*0.5,3S,hold,PASS,CONVERGED,CONVERGED,CONVERGED,CONVERGED,2395,2395,CONVERGED,CONVERGED,2395,inf,206.77,0,0,0,0,0,0,2,0.96631,0,0.99329,1.0068,0,-0.067016,0.0056086,0,0.95331,1.0411,0.96374,1.7421,5.0182e-11
f3,finished.maker*2,3S,hold,PASS,CONVERGED,CONVERGED,CONVERGED,CONVERGED,2301,2301,CONVERGED,CONVERGED,2301,503.74,503.74,0,0,0,0,0,0,0,0.96183,0,0.99736,1.0055,0,0.10626,0.0014855,0,0.60427,2,0.94785,1.6792,5.0182e-11
f3,stock.fodder*0.5,3S,hold,PASS,CONVERGED,CONVERGED,CONVERGED,CONVERGED,2376,2376,CONVERGED,CONVERGED,2376,1693.2,693.15,0,0,0,0,0,0,1,0.59946,0,0.99379,1.0063,0,0.0053881,0.0048736,0,0.95395,1.0253,0.5,1.7073,5.0182e-11
f3,stock.fodder*2,3S,hold,PASS,CONVERGED,CONVERGED,CONVERGED,CONVERGED,2463,2463,CONVERGED,CONVERGED,2111,130.36,158.86,0,0,0,0,0,0,0,0.9202,0,0.99351,1.0089,0,0.044534,0.0073762,0,0.92029,1.0287,0.8996,1.6763,5.0182e-11
f3,coin.desk.good*0.5,3S,hold,PASS,CONVERGED,CONVERGED,CONVERGED,CONVERGED,3887,3887,CONVERGED,CONVERGED,3886,838.6,838.6,0,0,0,0,0,0,2,0.5,0,0.93063,1.0413,657,-0.12285,0.00050511,0,0.48251,1.3219,0.84288,1.3233,5.0182e-11
f3,coin.desk.good*2,3S,hold,PASS,CONVERGED,CONVERGED,CONVERGED,CONVERGED,3744,3744,CONVERGED,CONVERGED,3744,1079.7,871.4,0,0,0,0,0,0,2,0.78064,0,0.98934,1.144,1321,0.116,0.10818,0,0.92863,1.3074,0.81228,1.5172,1.1946e-10
f3,coin.desk.capacity*0.5,3S,hold,PASS,CONVERGED,CONVERGED,CONVERGED,CONVERGED,3790,3790,CONVERGED,CONVERGED,3789,inf,848.49,0,0,0,0,0,0,5,0.86344,0,0.93895,1.0367,543,0.15814,0.0016748,3,0.42806,1.6713,0.85528,1.3797,5.0182e-11
f3,coin.desk.capacity*2,3S,hold,PASS,CONVERGED,CONVERGED,CONVERGED,CONVERGED,3555,3555,CONVERGED,CONVERGED,3555,857.5,857.5,0,0,0,0,0,0,0,0.87009,0,0.99913,1.1098,1141,-0.093558,0.067415,0,1,1.2303,0.85585,1.5328,5.0182e-11
f3,coin.desk.maker*0.5,3S,hold,PASS,CONVERGED,CONVERGED,CONVERGED,CONVERGED,3281,3281,CONVERGED,CONVERGED,3291,693.15,693.15,0,0,0,0,0,0,0,0.89567,0,0.97136,1.0165,0,0.091084,0.0037297,0,0.86735,1.0397,0.87365,1.5423,5.0182e-11
f3,coin.desk.maker*2,3S,hold,PASS,CONVERGED,CONVERGED,CONVERGED,CONVERGED,3230,3230,CONVERGED,CONVERGED,3230,inf,435.35,0,0,0,0,0,0,3,0.79029,0,0.99652,1.0564,781,-0.10145,0.040308,0,0.80676,1.3126,0.76923,1.6145,5.0182e-11
f3,coin.desk.fodder*0.5,3S,hold,PASS,CONVERGED,CONVERGED,CONVERGED,CONVERGED,3608,3608,CONVERGED,CONVERGED,3608,1693.3,1064.3,1,0,0,0,1,0,40,0.59911,0,0.93392,1.0431,371,-0.038484,0.021605,0,0.56579,1.222,0.49999,1.1967,5.0182e-11
f3,coin.desk.fodder*2,3S,hold,PASS,CONVERGED,CONVERGED,CONVERGED,CONVERGED,3447,3447,CONVERGED,CONVERGED,3447,527.51,527.51,0,0,0,0,0,0,0,0.81212,0,0.9982,1.0899,1035,0.027334,0.053007,0,0.99952,1.1901,0.77508,1.7843,1.1946e-10
f3,coin.provider*0.5,3S,hold,PASS,CONVERGED,CONVERGED,CONVERGED,CONVERGED,3960,3960,CONVERGED,CONVERGED,3960,312.43,312.43,0,0,0,0,0,0,0,0.73167,0,0.93695,1.0397,719,-0.0067418,-0.0043498,0,0.81698,1.0946,0.97155,1.5967,5.0182e-11
f3,coin.provider*2,3S,hold,PASS,CONVERGED,CONVERGED,CONVERGED,CONVERGED,3692,3692,CONVERGED,CONVERGED,3692,766.43,795.1,0,0,0,0,0,0,0,0.76099,0,0.9811,1.1285,1272,-0.027303,0.099564,0,0.99907,1.2775,0.70095,1.5836,1.1946e-10
f3,coin.workers*0.5,3S,hold,PASS,CONVERGED,CONVERGED,CONVERGED,CONVERGED,3998,3998,CONVERGED,CONVERGED,3997,339.4,339.4,0,0,0,0,0,0,0,0.71219,0,0.93227,1.0427,762,-0.0072285,-0.0047169,0,0.80342,1.1016,0.96955,1.5825,5.0182e-11
f3,coin.workers*2,3S,hold,PASS,CONVERGED,CONVERGED,CONVERGED,CONVERGED,3727,3727,CONVERGED,CONVERGED,3727,806.29,838.96,0,0,0,0,0,0,0,0.74903,0,0.97983,1.1371,1305,-0.028727,0.10653,0,0.99903,1.2961,0.68606,1.5691,5.0182e-11
f4,w*1.05,1,hold,PASS,CONVERGED,CONVERGED,-,-,1295,,CONVERGED,,1291,48.79,58.254,0,0,0,0,0,0,0,0.98557,0,0.99956,1.0007,0,-0.00010224,0.00064884,0,0.9997,1.0017,0.99801,1.7942,1.2279e-10
f4,r*1.05,1,hold,PASS,CONVERGED,CONVERGED,-,-,4291,,CONVERGED,,4291,48.79,194.23,0,0,0,0,0,0,0,0.95212,0,0.97019,1.0219,0,-0.0038148,-0.0014151,0,0.91951,1.0527,0.94736,1.6317,3.9191e-11
f4,p[fodder]*1.05,1,hold,PASS,CONVERGED,CONVERGED,-,-,2313,,CONVERGED,,2322,48.79,56.56,0,0,0,0,0,0,0,0.98887,0,0.9977,1.0024,0,-0.011414,0.0016288,0,0.95673,1.0169,0.98804,1.7094,1.2279e-10
f4,p[horse]*1.05,1,hold,PASS,CONVERGED,CONVERGED,-,-,144,,CONVERGED,,144,48.79,48.79,0,0,0,0,0,0,0,0.99898,0,0.99988,1.0002,0,0.0017183,0.00011063,0,0.98532,1.0188,0.99879,1.7925,3.5527e-11
f4,p[traction]*1.05,1,hold,PASS,CONVERGED,CONVERGED,-,-,2100,,CONVERGED,,2148,48.79,54.362,0,0,0,0,0,0,0,0.96198,0,0.99842,1.0023,0,0.032227,0.001833,0,0.986,1.0102,0.98888,1.7818,1.2279e-10
f4,p[good]*1.05,1,hold,PASS,CONVERGED,CONVERGED,-,-,1738,,CONVERGED,,1747,48.79,48.79,0,0,0,0,0,0,0,0.97446,0,0.99979,1.0019,0,5.9827e-05,0.00074749,0,1,1.0042,0.99712,1.7945,1.2279e-10
f4,s*1.05,1,hold,PASS,CONVERGED,CONVERGED,-,-,1349,,CONVERGED,,1338,48.79,37.448,0,0,0,0,0,0,0,0.99208,0,0.99942,1.0006,0,-0.0062464,0.00052765,0,1,1.0015,0.99825,1.7864,1.2279e-10
f4,JA(1.05),1,hold,PASS,CONVERGED,CONVERGED,-,-,2309,,CONVERGED,,2332,48.79,86.034,0,0,0,0,0,0,0,0.96074,0,0.9981,1.0035,0,0.017195,0.0029132,0,0.9425,1.0339,0.98666,1.7653,1.2279e-10
f4,JB(1.05),1,hold,PASS,CONVERGED,CONVERGED,-,-,2460,,CONVERGED,,2460,48.79,117.34,0,0,0,0,0,0,0,0.9468,0,0.9984,1.0053,0,0.0033121,0.004491,0,0.95238,1.0369,0.95039,1.756,1.2279e-10
f4,N(1.05),1,hold,PASS,CONVERGED,CONVERGED,-,-,4319,,CONVERGED,,4315,0,130.44,0,0,0,0,0,0,0,0.94703,0,0.97067,1.0219,0,0.015662,-0.0021639,0,0.91757,1.0528,0.97367,1.6973,3.9968e-11
f4,w*0.95,1,hold,PASS,CONVERGED,CONVERGED,-,-,1987,,CONVERGED,,1987,51.293,85.21,0,0,0,0,0,0,0,0.99059,0,0.99844,1.0017,0,-0.0048455,0.0014716,0,0.99563,1.0041,0.99363,1.7878,1.2279e-10
f4,r*0.95,1,hold,PASS,CONVERGED,CONVERGED,-,-,3477,,CONVERGED,,3477,51.293,209.97,0,0,0,0,0,0,0,0.98546,0,0.99984,1.031,0,-0.001664,0.014486,0,0.99998,1.0671,0.98176,1.7887,4.1189e-11
f4,p[fodder]*0.95,1,hold,PASS,CONVERGED,CONVERGED,-,-,2427,,CONVERGED,,2427,51.293,81.662,0,0,0,0,0,0,0,0.95789,0,0.99732,1.0041,0,0.018571,0.0034556,0,0.95866,1.0148,0.9469,1.7315,1.2279e-10
f4,p[horse]*0.95,1,hold,PASS,CONVERGED,CONVERGED,-,-,1563,,CONVERGED,,1563,51.293,51.293,0,0,0,0,0,0,0,0.99402,0,0.99934,1.0008,0,0.016375,0.00062231,0,0.95,1.0388,0.99281,1.7819,1.2279e-10
f4,p[traction]*0.95,1,hold,PASS,CONVERGED,CONVERGED,-,-,2208,,CONVERGED,,2208,51.293,65.811,0,0,0,0,0,0,0,0.98614,0,0.99809,1.0024,0,-0.034598,0.0018388,0,0.96522,1.016,0.98642,1.7051,1.2279e-10
f4,p[good]*0.95,1,hold,PASS,CONVERGED,CONVERGED,-,-,2879,,CONVERGED,,2879,51.293,110.08,0,0,0,0,0,0,0,0.96793,0,0.99374,1.0061,0,-0.0025651,0.0043226,0,0.96477,1.0206,0.96328,1.705,1.2279e-10
f4,s*0.95,1,hold,PASS,CONVERGED,CONVERGED,-,-,962,,CONVERGED,,962,51.293,38.953,0,0,0,0,0,0,0,0.99019,0,0.99966,1.0005,0,0.0033405,0.00042112,0,1,1.0011,0.99887,1.7944,3.5527e-11
f4,JA(0.95),1,hold,PASS,CONVERGED,CONVERGED,-,-,2839,,CONVERGED,,2839,51.293,139.66,0,0,0,0,0,0,0,0.9531,0,0.99406,1.0062,0,-0.0018915,0.0046362,0,0.94,1.0371,0.94438,1.6892,1.2279e-10
f4,JB(0.95),1,hold,PASS,CONVERGED,CONVERGED,-,-,3078,,CONVERGED,,3092,51.293,145.98,0,0,0,0,0,0,0,0.9459,0,0.99136,1.0087,0,0.0069611,0.0064317,0,0.97117,1.0254,0.95352,1.6835,1.2279e-10
f4,N(0.95),1,hold,PASS,CONVERGED,CONVERGED,-,-,3449,,CONVERGED,,3449,0,192.72,0,0,0,0,0,0,0,0.98589,0,0.99978,1.0296,0,-0.0058894,0.014256,0,0.99998,1.064,0.98253,1.789,3.8969e-11
f4,w*1.2,2,hold,PASS,CONVERGED,CONVERGED,-,-,2141,,CONVERGED,,2130,182.32,230.81,0,0,0,0,0,0,0,0.94761,0,0.99827,1.0028,0,-0.0034974,0.0024705,0,0.99882,1.0065,0.9928,1.7891,1.2279e-10
f4,r*1.2,2,hold,PASS,CONVERGED,CONVERGED,-,-,5134,,CONVERGED,,5134,182.32,917.58,0,0,0,0,0,0,25,0.83029,0,0.89335,1.0786,2162,-0.013541,-0.0063711,0,0.61995,1.1886,0.81446,1.2527,3.5527e-11
f4,p[fodder]*1.2,2,hold,PASS,CONVERGED,CONVERGED,-,-,3166,,CONVERGED,,3176,182.32,224.28,0,0,0,0,0,0,0,0.95415,0,0.99073,1.0098,0,-0.052571,0.006726,0,0.83361,1.0698,0.9497,1.4957,1.2279e-10
f4,p[horse]*1.2,2,hold,PASS,CONVERGED,CONVERGED,-,-,1380,,CONVERGED,,1380,182.32,182.32,0,0,0,0,0,0,0,0.99591,0,0.99943,1.0006,0,-0.012696,0.00046269,0,0.94097,1.0857,0.9952,1.7852,3.7748e-11
f4,p[traction]*1.2,2,hold,PASS,CONVERGED,CONVERGED,-,-,2922,,CONVERGED,,2960,182.32,207.44,0,0,0,0,0,0,0,0.86489,0,0.99395,1.0086,0,0.13365,0.0069977,0,0.93946,1.0406,0.95684,1.7441,1.2279e-10
f4,p[good]*1.2,2,hold,PASS,CONVERGED,CONVERGED,-,-,2530,,CONVERGED,,2538,182.32,182.32,0,0,0,0,0,0,0,0.90554,0,0.99923,1.007,0,0.00013849,0.0027657,0,0.99999,1.0156,0.98955,1.7934,1.2279e-10
f4,s*1.2,2,hold,PASS,CONVERGED,CONVERGED,-,-,2226,,CONVERGED,,2218,182.32,141.75,0,0,0,0,0,0,0,0.96761,0,0.99771,1.0026,0,-0.023889,0.0021003,0,1,1.0061,0.99253,1.7608,1.2279e-10
f4,JA(1.2),2,hold,PASS,CONVERGED,CONVERGED,-,-,3163,,CONVERGED,,3187,182.32,324.35,0,0,0,0,0,0,0,0.85962,0,0.99243,1.0138,0,0.030346,0.011421,0,0.7895,1.1501,0.94043,1.697,1.2279e-10
f4,JB(1.2),2,hold,PASS,CONVERGED,CONVERGED,-,-,3298,,CONVERGED,,3298,182.32,349.75,0,0,0,0,0,0,1,0.81806,0,0.99345,1.0194,0,3.7784e-05,0.016402,0,0.83333,1.1474,0.82991,1.6564,4.0523e-11
f4,N(1.2),2,hold,PASS,CONVERGED,CONVERGED,-,-,5167,,CONVERGED,,5163,0,557.3,0,0,0,0,0,0,0,0.81462,0,0.89457,1.0791,2195,0.026916,-0.0093392,0,0.71398,1.1897,0.90364,1.4505,3.5527e-11
f4,w*0.8,2,hold,PASS,CONVERGED,CONVERGED,-,-,2907,,CONVERGED,,2907,223.14,367.49,0,0,0,0,0,0,0,0.95851,0,0.99303,1.0079,0,-0.01761,0.0066693,0,0.97802,1.0188,0.96915,1.7603,1.2279e-10
f4,r*0.8,2,hold,PASS,CONVERGED,CONVERGED,-,-,4437,,CONVERGED,,4437,223.14,814.29,0,0,0,0,0,0,0,0.93554,0,0.99927,1.1383,1432,-0.0065221,0.059844,0,0.99991,1.3005,0.93143,1.7703,3.5527e-11
f4,p[fodder]*0.8,2,hold,PASS,CONVERGED,CONVERGED,-,-,3354,,CONVERGED,,3354,223.14,338.81,0,0,0,0,0,0,0,0.83595,0,0.98808,1.0179,0,0.082985,0.015285,0,0.8281,1.0529,0.79316,1.5498,4.0967e-11
f4,p[horse]*0.8,2,hold,PASS,CONVERGED,CONVERGED,-,-,2467,,CONVERGED,,2467,223.14,223.14,0,0,0,0,0,0,1,0.97484,0,0.99714,1.0036,0,0.071675,0.0027016,0,0.8,1.1842,0.96984,1.7396,1.2279e-10
f4,p[traction]*0.8,2,hold,PASS,CONVERGED,CONVERGED,-,-,3145,,CONVERGED,,3145,223.14,274.64,0,0,0,0,0,0,0,0.94231,0,0.99123,1.0108,0,-0.15408,0.0082416,0,0.85735,1.0646,0.94141,1.4359,1.2279e-10
f4,p[good]*0.8,2,hold,PASS,CONVERGED,CONVERGED,-,-,3849,,CONVERGED,,3849,223.14,469.24,0,0,0,0,0,0,0,0.86604,0,0.97168,1.0276,0,-0.010215,0.01964,0,0.813,1.0858,0.84592,1.4366,3.8747e-11
f4,s*0.8,2,hold,PASS,CONVERGED,CONVERGED,-,-,1946,,CONVERGED,,1946,223.14,171.17,0,0,0,0,0,0,0,0.96049,0,0.99861,1.0019,0,0.012914,0.0017057,0,1,1.0045,0.99514,1.793,1.2279e-10
f4,JA(0.8),2,hold,PASS,CONVERGED,CONVERGED,-,-,3836,,CONVERGED,,3836,223.14,594.03,0,0,0,0,0,0,1,0.8194,0,0.97303,1.0291,0,-0.010268,0.021764,0,0.72196,1.1675,0.78835,1.3847,4.1966e-11
f4,JB(0.8),2,hold,PASS,CONVERGED,CONVERGED,-,-,4114,,CONVERGED,,4127,223.14,726.4,0,0,0,0,0,0,1,0.78364,0,0.95839,1.0431,0,0.016882,0.031956,0,0.75825,1.1359,0.78321,1.3666,4.0745e-11
f4,N(0.8),2,hold,PASS,CONVERGED,CONVERGED,-,-,4411,,CONVERGED,,4411,0,752.93,0,0,0,0,0,0,2,0.9384,0,0.99907,1.1321,1412,-0.023169,0.06007,0,0.99991,1.2869,0.92847,1.7713,3.5527e-11
f4,w*2,3,hold,PASS,CONVERGED,CONVERGED,CONVERGED,CONVERGED,3032,3032,CONVERGED,CONVERGED,3022,693.15,693.15,0,0,0,0,0,0,0,0.83635,0,0.99238,1.0104,0,-0.039234,0.0087878,0,0.98782,1.0246,0.97332,1.7196,1.2279e-10
f4,r*2,3,hold,PASS,CONVERGED,CONVERGED,CONVERGED,CONVERGED,6077,6077,CONVERGED,CONVERGED,6077,693.15,6014.9,60,0,0,60,28,10,317,0.47247,0,0.65904,1.2599,2981,-0.041838,-0.045988,57,0.01424,1.6127,0.43647,0.72939,3.5527e-11
f4,p[fodder]*2,3,hold,PASS,CONVERGED,CONVERGED,CONVERGED,CONVERGED,4279,4279,CONVERGED,CONVERGED,4293,693.15,1063.8,0,0,0,0,0,0,19,0.7602,0,0.95011,1.0565,1293,-0.2551,0.041108,1,0.36975,1.4245,0.7161,0.89742,4.1522e-11
f4,p[horse]*2,3,hold,PASS,CONVERGED,CONVERGED,CONVERGED,CONVERGED,2247,2247,CONVERGED,CONVERGED,2247,693.15,693.15,0,0,0,0,0,0,3,0.97286,0,0.99647,1.0026,0,-0.18322,0.001997,0,0.84,1.437,0.96877,1.7535,1.2279e-10
f4,p[traction]*2,3,hold,PASS,CONVERGED,CONVERGED,CONVERGED,CONVERGED,3900,3900,CONVERGED,CONVERGED,3921,693.15,772.14,2,0,0,0,2,0,0,0.56996,0,0.97243,1.0372,0,0.70991,0.029473,0,0.6706,1.2123,0.82954,1.5601,4.0967e-11
f4,p[good]*2,3,hold,PASS,CONVERGED,CONVERGED,CONVERGED,CONVERGED,3357,3357,CONVERGED,CONVERGED,3364,693.15,693.15,0,0,0,0,0,0,0,0.65973,0,0.99738,1.0262,0,-0.0010194,0.01016,0,0.99998,1.0581,0.96435,1.7898,4.0745e-11
f4,s*2,3,hold,PASS,CONVERGED,CONVERGED,CONVERGED,CONVERGED,3420,3420,CONVERGED,CONVERGED,3406,693.15,557.28,0,0,0,0,0,0,2,0.82932,0,0.98504,1.0165,0,-0.098243,0.012826,0,0.95968,1.0413,0.94039,1.5836,4.0412e-11
f4,JA(2),3,hold,PASS,CONVERGED,CONVERGED,CONVERGED,CONVERGED,4110,4110,CONVERGED,CONVERGED,4138,693.15,1133.8,3,0,0,0,3,0,10,0.5484,0,0.96752,1.0577,1135,-0.0094353,0.047821,6,0.48514,1.6701,0.73736,1.5167,4.0523e-11
f4,JB(2),3,hold,PASS,CONVERGED,CONVERGED,CONVERGED,CONVERGED,4259,4259,CONVERGED,CONVERGED,4259,693.15,1087.3,21,0,2,3,12,9,32,0.48262,23.976,0.96401,1.0756,1299,0.017156,0.064209,0,0.5,1.3532,0.51771,1.4038,3.5527e-11
f4,N(2),3,hold,PASS,CONVERGED,CONVERGED,CONVERGED,CONVERGED,6096,6096,CONVERGED,CONVERGED,6094,0,5807.8,9,0,8,0,0,9,322,0.44386,3.9731,0.6519,1.2673,2997,-0.036233,-0.050649,45,0.042405,1.6295,0.63159,1.0022,3.5527e-11
f4,w*0.5,3,hold,PASS,CONVERGED,CONVERGED,CONVERGED,CONVERGED,3726,3726,CONVERGED,CONVERGED,3726,693.15,1132.1,0,0,0,0,0,0,18,0.85582,0,0.97536,1.0276,0,-0.034297,0.023146,0,0.99189,1.0657,0.89029,1.6897,4.019e-11
f4,r*0.5,3,hold,PASS,CONVERGED,CONVERGED,CONVERGED,CONVERGED,5260,5260,CONVERGED,CONVERGED,5260,693.15,2175.3,0,0,0,0,0,0,59,0.79344,0,0.99752,1.4563,2114,-0.014649,0.17321,0,0.99977,1.9778,0.84853,1.7361,3.5527e-11
f4,p[fodder]*0.5,3,hold,PASS,CONVERGED,CONVERGED,CONVERGED,CONVERGED,4108,4108,CONVERGED,CONVERGED,4108,693.15,872.73,0,0,0,0,0,0,24,0.61223,0,0.96193,1.0559,1122,0.26194,0.0483,0,0.62095,1.1582,0.51027,1.2144,4.0523e-11
f4,p[horse]*0.5,3,hold,PASS,CONVERGED,CONVERGED,CONVERGED,CONVERGED,3240,3240,CONVERGED,CONVERGED,3240,693.15,693.15,0,0,0,0,0,0,2,0.92169,0,0.99016,1.0125,0,0.20927,0.0092614,0,0.5,1.3509,0.90704,1.6174,1.2279e-10
f4,p[traction]*0.5,3,hold,PASS,CONVERGED,CONVERGED,CONVERGED,CONVERGED,3904,3904,CONVERGED,CONVERGED,3904,693.15,719.3,0,0,0,0,0,0,0,0.84764,0,0.97188,1.0334,0,-0.43713,0.024726,0,0.6248,1.2012,0.84714,0.89742,3.9746e-11
f4,p[good]*0.5,3,hold,PASS,CONVERGED,CONVERGED,CONVERGED,CONVERGED,4656,4656,CONVERGED,CONVERGED,4656,693.15,1872.2,0,0,0,0,0,0,84,0.66182,0,0.9106,1.0885,1679,-0.025294,0.060623,0,0.25884,1.2328,0.62589,0.93663,3.5527e-11
f4,s*0.5,3,hold,PASS,CONVERGED,CONVERGED,CONVERGED,CONVERGED,2522,2522,CONVERGED,CONVERGED,2522,693.15,542.88,0,0,0,0,0,0,0,0.89987,0,0.99641,1.0049,0,0.030163,0.0043911,0,1,1.0128,0.98603,1.7897,1.2279e-10
f4,JA(0.5),3,hold,PASS,CONVERGED,CONVERGED,CONVERGED,CONVERGED,4665,4665,CONVERGED,CONVERGED,4665,693.15,1956.3,9,0,0,0,9,0,90,0.58498,0,0.90948,1.0961,1683,0.0089311,0.070337,0,0.25304,1.6467,0.52239,0.87557,4.0745e-11
f4,JB(0.5),3,hold,PASS,CONVERGED,CONVERGED,CONVERGED,CONVERGED,4872,4872,CONVERGED,CONVERGED,4876,693.15,3390,38,0,0,16,24,8,93,0.47628,0,0.87759,1.1225,1866,-0.006864,0.087137,21,0.080653,1.3877,0.70911,1.0473,4.0967e-11
f4,N(0.5),3,hold,PASS,CONVERGED,CONVERGED,CONVERGED,CONVERGED,5236,5236,CONVERGED,CONVERGED,5236,0,2014.9,0,0,0,0,0,0,42,0.80354,0,0.99617,1.4379,2093,-0.0092127,0.1802,0,0.99977,1.9405,0.76542,1.7375,3.5527e-11
f4,x*/2,3,hold,PASS,CONVERGED,CONVERGED,CONVERGED,CONVERGED,4573,4573,CONVERGED,CONVERGED,4567,1424,1951,7,0,0,0,7,1,72,0.48933,0,0.91966,1.0872,1599,-0.21335,0.065975,0,0.25371,1.2065,0.84134,0.93593,3.5527e-11
f4,b*1.1@genesis,2,b*1.1@dated,PASS,CONVERGED,CONVERGED,-,-,4254,,CONVERGED,,4254,95.31,319.93,0,0,0,0,0,0,0,0.93688,0,0.97647,1.0397,0,-0.0071026,-0.0010016,0,0.87757,1.0383,0.89806,1.5239,1.894e-10
f4,b*1.1@dated,2,b*1.1@dated,PASS,CONVERGED,CONVERGED,-,-,4254,,CONVERGED,,4254,95.31,319.91,0,0,0,0,0,0,0,0.93679,0,0.97648,1.0397,0,-0.0074634,-0.0010007,0,0.87763,1.0383,0.8979,1.5237,9.8588e-11
f4,b*0.9@genesis,2,b*0.9@dated,PASS,CONVERGED,CONVERGED,-,-,4197,,CONVERGED,,4197,105.36,352.09,0,0,0,0,0,0,0,0.95119,0,0.95989,1.0647,1239,0.0086308,0.053386,0,0.99997,1.1501,0.97311,1.7844,6.0618e-11
f4,b*0.9@dated,2,b*0.9@dated,PASS,CONVERGED,CONVERGED,-,-,4197,,CONVERGED,,4197,105.36,352.09,0,0,0,0,0,0,0,0.95119,0,0.95989,1.0647,1239,0.0086308,0.053386,0,0.99997,1.1501,0.97311,1.7844,6.0618e-11
f4,b*2@genesis,3,b*2@dated,PASS,CONVERGED,CONVERGED,CONVERGED,CONVERGED,5524,5524,CONVERGED,CONVERGED,5524,693.15,4546.1,9,0,0,9,0,0,297,0.6397,0,0.85541,1.3833,2512,-0.033923,0.0026781,32,0.030954,1.3176,0.42881,0.81298,1.5299e-10
f4,b*2@dated,3,b*2@dated,PASS,CONVERGED,CONVERGED,CONVERGED,CONVERGED,5524,5524,CONVERGED,CONVERGED,5524,693.15,4543.2,10,0,0,10,0,0,299,0.6397,0,0.85541,1.3833,2512,-0.035369,0.0027203,31,0.031086,1.3176,0.42883,0.81334,4.0412e-11
f4,b*0.5@genesis,3,b*0.5@dated,PASS,CONVERGED,CONVERGED,CONVERGED,CONVERGED,5585,5585,CONVERGED,CONVERGED,5585,775.4,1948.6,0,0,0,0,0,0,137,0.74704,0,0.79471,1.5926,2414,0.04374,0.5126,0,1,2.2871,0.8871,1.7047,9.4591e-11
f4,b*0.5@dated,3,b*0.5@dated,PASS,CONVERGED,CONVERGED,CONVERGED,CONVERGED,5585,5585,CONVERGED,CONVERGED,5585,775.4,1948.6,0,0,0,0,0,0,137,0.74704,0,0.79471,1.5926,2414,0.04374,0.5126,0,1,2.2871,0.8871,1.7047,9.4591e-11
f4,stock.good*0.5,3S,hold,PASS,CONVERGED,CONVERGED,CONVERGED,CONVERGED,2207,2207,CONVERGED,CONVERGED,2207,693.15,693.15,0,0,0,0,0,0,0,0.5,0,0.99827,1.0029,0,-0.0098823,0.0023763,0,0.9713,1.0159,0.98287,1.7595,1.2279e-10
f4,stock.good*2,3S,hold,PASS,CONVERGED,CONVERGED,CONVERGED,CONVERGED,2867,2867,CONVERGED,CONVERGED,2438,95.739,107.5,0,0,0,0,0,0,0,0.96862,0,0.99388,1.0059,0,-0.00088464,0.0042085,0,0.96564,1.0201,0.96412,1.707,1.2279e-10
f4,heads.capacity*0.5,3S,hold,PASS,CONVERGED,CONVERGED,CONVERGED,CONVERGED,5239,5239,CONVERGED,CONVERGED,5238,878.68,878.68,41,0,0,0,41,0,0,0.55464,16.125,0.65,1.2768,2136,0.10051,0.33133,0,0.99793,1.6549,0.80655,1.7552,3.5527e-11
f4,heads.capacity*2,3S,hold,PASS,CONVERGED,CONVERGED,CONVERGED,CONVERGED,6301,6301,CONVERGED,CONVERGED,6301,inf,11577,0,0,0,0,0,0,926,0.77218,0,0.7098,1.7,3198,0.029068,-0.29043,151,0.086883,1.8898,0.5766,0.97663,3.5527e-11
f4,hours.capacity*0.5,3S,hold,PASS,CONVERGED,CONVERGED,CONVERGED,CONVERGED,2489,2489,CONVERGED,CONVERGED,2489,693.15,693.15,0,0,0,0,0,0,0,0.59946,0,0.99713,1.0042,0,0.060603,0.0033806,0,0.93417,1.0365,0.97663,1.7731,1.2279e-10
f4,hours.capacity*2,3S,hold,PASS,CONVERGED,CONVERGED,CONVERGED,CONVERGED,2618,2618,CONVERGED,CONVERGED,2194,125.99,125.99,0,0,0,0,0,0,0,0.97326,0,0.99622,1.0047,0,-0.085797,0.0035919,0,0.93486,1.0308,0.97381,1.6278,1.2279e-10
f4,own.maker*0.5,3S,hold,PASS,CONVERGED,CONVERGED,CONVERGED,CONVERGED,5615,5615,CONVERGED,CONVERGED,5615,1248.8,1080,0,0,0,0,0,0,344,0.80572,0,0.75867,1.264,2518,-0.03731,0.042449,0,0.99984,1.6177,0.95057,1.6872,3.5527e-11
f4,own.maker*2,3S,hold,PASS,CONVERGED,CONVERGED,CONVERGED,CONVERGED,4307,4307,CONVERGED,CONVERGED,4307,692.35,692.35,0,0,0,0,0,0,0,1,0,1,1.2995,1117,-4.885e-15,1.5543e-15,0,1,1,1,1.7948,3.5527e-11
f4,finished.maker*0.5,3S,hold,PASS,CONVERGED,CONVERGED,CONVERGED,CONVERGED,2764,2764,CONVERGED,CONVERGED,2764,inf,205.6,0,0,0,0,0,0,2,0.96742,0,0.99446,1.0061,0,-0.067041,0.0050438,0,0.95367,1.0395,0.96384,1.74,1.2279e-10
f4,finished.maker*2,3S,hold,PASS,CONVERGED,CONVERGED,CONVERGED,CONVERGED,2563,2563,CONVERGED,CONVERGED,2563,502.1,502.1,0,0,0,0,0,0,0,0.96082,0,0.99814,1.0044,0,0.10624,0.0016746,0,0.60526,2,0.94741,1.6803,1.2279e-10
f4,stock.fodder*0.5,3S,hold,PASS,CONVERGED,CONVERGED,CONVERGED,CONVERGED,2734,2734,CONVERGED,CONVERGED,2734,1693.2,693.15,0,0,0,0,0,0,1,0.59946,0,0.99498,1.0056,0,0.0054206,0.0043978,0,0.95345,1.0256,0.5,1.7073,1.2279e-10
f4,stock.fodder*2,3S,hold,PASS,CONVERGED,CONVERGED,CONVERGED,CONVERGED,2842,2842,CONVERGED,CONVERGED,2412,130.49,157.74,0,0,0,0,0,0,0,0.92024,0,0.99472,1.008,0,0.044477,0.0067752,0,0.91984,1.0281,0.89952,1.6752,1.2279e-10
f4,coin.desk.good*0.5,3S,hold,PASS,CONVERGED,CONVERGED,CONVERGED,CONVERGED,4708,4708,CONVERGED,CONVERGED,4706,840.31,840.31,0,0,0,0,0,0,3,0.5,0,0.9376,1.0448,710,-0.12274,-0.0003832,0,0.48125,1.3236,0.84418,1.3229,4.0412e-11
f4,coin.desk.good*2,3S,hold,PASS,CONVERGED,CONVERGED,CONVERGED,CONVERGED,4463,4463,CONVERGED,CONVERGED,4463,1079.7,871.35,0,0,0,0,0,0,2,0.78168,0,0.99131,1.1312,1463,0.11601,0.095541,0,0.92697,1.2878,0.81271,1.514,4.1966e-11
f4,coin.desk.capacity*0.5,3S,hold,PASS,CONVERGED,CONVERGED,CONVERGED,CONVERGED,4585,4585,CONVERGED,CONVERGED,4585,inf,851.94,0,0,0,0,0,0,6,0.86679,0,0.94584,1.0391,519,0.15809,0.00082422,3,0.42659,1.6748,0.85546,1.3721,3.9746e-11
f4,coin.desk.capacity*2,3S,hold,PASS,CONVERGED,CONVERGED,CONVERGED,CONVERGED,4235,4235,CONVERGED,CONVERGED,4235,858.56,858.56,0,0,0,0,0,0,0,0.87007,0,0.99925,1.1004,1269,-0.093756,0.047787,0,0.99993,1.2172,0.8557,1.5314,4.1966e-11
f4,coin.desk.maker*0.5,3S,hold,PASS,CONVERGED,CONVERGED,CONVERGED,CONVERGED,3942,3942,CONVERGED,CONVERGED,3956,693.15,693.15,0,0,0,0,0,0,0,0.89721,0,0.97555,1.0169,0,0.090988,0.0029415,0,0.86697,1.0408,0.87351,1.538,4.0412e-11
f4,coin.desk.maker*2,3S,hold,PASS,CONVERGED,CONVERGED,CONVERGED,CONVERGED,3825,3825,CONVERGED,CONVERGED,3825,inf,435.62,0,0,0,0,0,0,3,0.79029,0,0.99698,1.0514,820,-0.10152,0.029156,0,0.80653,1.3107,0.76923,1.6123,4.2188e-11
f4,coin.desk.fodder*0.5,3S,hold,PASS,CONVERGED,CONVERGED,CONVERGED,CONVERGED,4328,4328,CONVERGED,CONVERGED,4328,1693.3,1083,1,0,0,0,1,0,41,0.59911,0,0.94435,1.0413,311,-0.038484,0.019301,0,0.55242,1.2108,0.49999,1.1931,3.9968e-11
f4,coin.desk.fodder*2,3S,hold,PASS,CONVERGED,CONVERGED,CONVERGED,CONVERGED,4102,4102,CONVERGED,CONVERGED,4102,527.51,527.51,0,0,0,0,0,0,0,0.81343,0,0.9984,1.0821,1152,0.027321,0.037864,0,0.99952,1.1786,0.77523,1.7795,4.0745e-11
f4,coin.provider*0.5,3S,hold,PASS,CONVERGED,CONVERGED,CONVERGED,CONVERGED,4778,4778,CONVERGED,CONVERGED,4776,312.43,312.43,0,0,0,0,0,0,0,0.73167,0,0.94184,1.0435,762,-0.0067395,-0.0047826,0,0.81666,1.1046,0.97143,1.5918,4.019e-11
f4,coin.provider*2,3S,hold,PASS,CONVERGED,CONVERGED,CONVERGED,CONVERGED,4399,4399,CONVERGED,CONVERGED,4399,763.24,789.84,0,0,0,0,0,0,0,0.76099,0,0.9846,1.1165,1411,-0.027293,0.091465,0,0.99907,1.2585,0.70095,1.5813,3.9968e-11
f4,coin.workers*0.5,3S,hold,PASS,CONVERGED,CONVERGED,CONVERGED,CONVERGED,4825,4825,CONVERGED,CONVERGED,4824,339.4,339.4,0,0,0,0,0,0,0,0.71219,0,0.93752,1.0467,825,-0.0072261,-0.0052,0,0.80307,1.1123,0.96942,1.5773,4.1522e-11
f4,coin.workers*2,3S,hold,PASS,CONVERGED,CONVERGED,CONVERGED,CONVERGED,4442,4442,CONVERGED,CONVERGED,4442,802.98,833.48,0,0,0,0,0,0,0,0.74903,0,0.98356,1.1244,1446,-0.028716,0.09784,0,0.99903,1.2759,0.68606,1.5667,3.8414e-11
f5,w*1.05,1,hold,PASS,CONVERGED,CONVERGED,-,-,338,,CONVERGED,,319,48.79,48.79,0,0,0,0,0,0,0,0.98034,0,0.99961,1.0001,0,-0.0031449,0.00024973,0,0.99461,1.0041,0.99821,1.7909,5.5289e-11
f5,r*1.05,1,hold,PASS,CONVERGED,CONVERGED,-,-,3609,,CONVERGED,,3609,48.79,170.03,0,0,0,0,0,0,0,0.96614,0,0.97689,1.0024,0,-0.0037438,-0.00045473,0,0.95186,1.0138,0.94743,1.6539,5.5289e-11
f5,p[fodder]*1.05,1,hold,PASS,CONVERGED,CONVERGED,-,-,1648,,CONVERGED,,1660,48.79,62.948,0,0,0,0,0,0,0,0.99109,0,0.9976,1.0003,0,-0.011369,0.0010373,0,0.95711,1.0168,0.98828,1.7122,5.5289e-11
f5,p[horse]*1.05,1,hold,PASS,CONVERGED,CONVERGED,-,-,140,,CONVERGED,,140,48.79,48.79,0,0,0,0,0,0,0,0.9992,0,0.99986,1,0,0.0017359,7.9123e-05,0,0.98531,1.0188,0.99882,1.7952,5.5289e-11
f5,p[traction]*1.05,1,hold,PASS,CONVERGED,CONVERGED,-,-,1432,,CONVERGED,,1480,48.79,48.79,0,0,0,0,0,0,0,0.9712,0,0.99819,1.0003,0,0.035241,0.0010672,0,0.98373,1.0137,0.98892,1.776,5.5289e-11
f5,p[good]*1.05,1,hold,PASS,CONVERGED,CONVERGED,-,-,223,,CONVERGED,,228,48.79,48.79,0,0,0,0,0,0,0,0.95248,0,0.99971,1.0001,0,-0.0019151,0.00011634,0,0.99629,1.005,0.99754,1.7948,5.5289e-11
f5,s*1.05,1,hold,PASS,CONVERGED,CONVERGED,-,-,1348,,CONVERGED,,1344,48.79,42.346,0,0,0,0,0,0,0,0.98242,0,0.99835,1.0003,0,-0.013185,0.00094436,0,0.98613,1.0095,0.99095,1.7705,5.5289e-11
f5,JA(1.05),1,hold,PASS,CONVERGED,CONVERGED,-,-,1851,,CONVERGED,,1872,48.79,92.991,0,0,0,0,0,0,0,0.95291,0,0.99683,1.0005,0,0.010412,0.0017255,0,0.93102,1.0364,0.97792,1.7481,5.5289e-11
f5,JB(1.05),1,hold,PASS,CONVERGED,CONVERGED,-,-,2072,,CONVERGED,,2065,48.79,112.81,0,0,0,0,0,0,0,0.93407,0,0.99554,1.0008,0,0.0023749,0.003015,0,0.92503,1.037,0.94922,1.7002,5.5289e-11
f5,N(1.05),1,hold,PASS,CONVERGED,CONVERGED,-,-,3640,,CONVERGED,,3638,0,126.58,0,0,0,0,0,0,0,0.94803,0,0.97714,1.0024,0,0.015682,-0.0010689,0,0.91763,1.0203,0.97365,1.7051,5.5289e-11
f5,w*0.95,1,hold,PASS,CONVERGED,CONVERGED,-,-,1183,,CONVERGED,,1183,51.293,65.018,0,0,0,0,0,0,0,0.98312,0,0.9985,1.0002,0,-0.0012189,0.00086627,0,1,1.0013,0.99696,1.7874,5.5289e-11
f5,r*0.95,1,hold,PASS,CONVERGED,CONVERGED,-,-,2534,,CONVERGED,,2534,51.293,129.38,0,0,0,0,0,0,0,0.91225,0,0.99815,1.0033,0,-0.0016045,0.0022289,0,1,1.0102,0.99521,1.7969,5.5289e-11
f5,p[fodder]*0.95,1,hold,PASS,CONVERGED,CONVERGED,-,-,1809,,CONVERGED,,1809,51.293,76.395,0,0,0,0,0,0,0,0.96507,0,0.9969,1.0006,0,0.018627,0.0021151,0,0.95563,1.0199,0.94748,1.7262,5.5289e-11
f5,p[horse]*0.95,1,hold,PASS,CONVERGED,CONVERGED,-,-,610,,CONVERGED,,610,51.293,51.293,0,0,0,0,0,0,0,0.99526,0,0.99921,1.0001,0,0.016392,0.00044444,0,0.95,1.0388,0.99291,1.783,5.5289e-11
f5,p[traction]*0.95,1,hold,PASS,CONVERGED,CONVERGED,-,-,1325,,CONVERGED,,1325,51.293,51.293,0,0,0,0,0,0,0,0.98837,0,0.99839,1.0003,0,-0.03808,0.0009255,0,0.96486,1.014,0.98939,1.7079,5.5289e-11
f5,p[good]*0.95,1,hold,PASS,CONVERGED,CONVERGED,-,-,1931,,CONVERGED,,1931,51.293,69.68,0,0,0,0,0,0,0,0.97463,0,0.99641,1.0005,0,-0.0020284,0.0017917,0,0.97133,1.0197,0.9786,1.7433,5.5289e-11
f5,s*0.95,1,hold,PASS,CONVERGED,CONVERGED,-,-,564,,CONVERGED,,564,51.293,44.493,0,0,0,0,0,0,0,0.98067,0,0.99916,1.0001,0,0.0088802,0.00051009,0,0.98916,1.006,0.99476,1.7838,5.5289e-11
f5,JA(0.95),1,hold,PASS,CONVERGED,CONVERGED,-,-,1888,,CONVERGED,,1890,51.293,82.664,0,0,0,0,0,0,0,0.96299,0,0.99638,1.0006,0,0.0053987,0.0022276,0,0.95,1.0388,0.95159,1.7202,5.5289e-11
f5,JB(0.95),1,hold,PASS,CONVERGED,CONVERGED,-,-,2526,,CONVERGED,,2540,51.293,159.57,0,0,0,0,0,0,0,0.94955,0,0.99114,1.0013,0,0.0099551,0.0045184,0,0.93181,1.0461,0.94945,1.683,5.5289e-11
f5,N(0.95),1,hold,PASS,CONVERGED,CONVERGED,-,-,2539,,CONVERGED,,2539,0,112.48,0,0,0,0,0,0,0,0.91681,0,0.99902,1.0034,0,-0.0050869,0.0021919,0,1,1.0386,0.98446,1.7978,5.5289e-11
f5,w*1.2,2,hold,PASS,CONVERGED,CONVERGED,-,-,1299,,CONVERGED,,1255,182.32,182.32,0,0,0,0,0,0,0,0.92731,0,0.99846,1.0003,0,-0.010734,0.0010171,0,0.97844,1.0157,0.99206,1.769,5.5289e-11
f5,r*1.2,2,hold,PASS,CONVERGED,CONVERGED,-,-,4448,,CONVERGED,,4448,182.32,754.08,0,0,0,0,0,0,0,0.87846,0,0.91529,1.0088,1055,-0.0127,-0.002308,0,0.73202,1.0506,0.81497,1.3127,1.4388e-10
f5,p[fodder]*1.2,2,hold,PASS,CONVERGED,CONVERGED,-,-,2595,,CONVERGED,,2605,182.32,251.73,0,0,0,0,0,0,0,0.96235,0,0.9902,1.0013,0,-0.052395,0.0043065,0,0.83613,1.069,0.9496,1.4982,5.5289e-11
f5,p[horse]*1.2,2,hold,PASS,CONVERGED,CONVERGED,-,-,555,,CONVERGED,,555,182.32,182.32,0,0,0,0,0,0,0,0.99685,0,0.99942,1.0001,0,-0.012687,0.00032733,0,0.94102,1.0857,0.99539,1.7871,5.5289e-11
f5,p[traction]*1.2,2,hold,PASS,CONVERGED,CONVERGED,-,-,2337,,CONVERGED,,2371,182.32,182.32,0,0,0,0,0,0,0,0.89514,0,0.99319,1.0011,0,0.14314,0.0040266,0,0.93987,1.0522,0.95909,1.7169,5.5289e-11
f5,p[good]*1.2,2,hold,PASS,CONVERGED,CONVERGED,-,-,1196,,CONVERGED,,1221,182.32,183.88,0,0,0,0,0,0,0,0.83204,0,0.9989,1.0003,0,-0.0071498,0.00043441,0,0.98628,1.0187,0.99067,1.7865,5.5289e-11
f5,s*1.2,2,hold,PASS,CONVERGED,CONVERGED,-,-,2305,,CONVERGED,,2304,182.32,157.92,0,0,0,0,0,0,0,0.92941,0,0.99346,1.001,0,-0.048941,0.0037661,0,0.93925,1.039,0.96412,1.6906,5.5289e-11
f5,JA(1.2),2,hold,PASS,CONVERGED,CONVERGED,-,-,2799,,CONVERGED,,2815,182.32,375.85,0,0,0,0,0,0,0,0.83322,0,0.98656,1.0021,0,0.0079867,0.0074229,0,0.72923,1.1729,0.9072,1.6315,5.5289e-11
f5,JB(1.2),2,hold,PASS,CONVERGED,CONVERGED,-,-,2953,,CONVERGED,,2948,182.32,402.16,0,0,0,0,0,0,1,0.76556,0,0.98249,1.0032,0,0.0060657,0.011791,0,0.74522,1.1474,0.82649,1.4844,5.5289e-11
f5,N(1.2),2,hold,PASS,CONVERGED,CONVERGED,-,-,4479,,CONVERGED,,4477,0,536.03,0,0,0,0,0,0,0,0.8181,0,0.91649,1.0088,1085,0.027036,-0.0047207,0,0.71493,1.0816,0.90358,1.4687,5.5289e-11
f5,w*0.8,2,hold,PASS,CONVERGED,CONVERGED,-,-,2250,,CONVERGED,,2250,223.14,285.37,0,0,0,0,0,0,0,0.93112,0,0.99329,1.001,0,-0.0037781,0.0039135,0,1,1.006,0.98493,1.753,5.5289e-11
f5,r*0.8,2,hold,PASS,CONVERGED,CONVERGED,-,-,3556,,CONVERGED,,3556,223.14,576.51,0,0,0,0,0,0,0,0.67285,0,0.98775,1.0155,0,-0.0071713,0.013118,0,1,1.0472,0.98016,1.7942,5.5289e-11
f5,p[fodder]*0.8,2,hold,PASS,CONVERGED,CONVERGED,-,-,2780,,CONVERGED,,2780,223.14,325.64,0,0,0,0,0,0,0,0.86253,0,0.98615,1.0025,0,0.083253,0.0095114,0,0.80514,1.094,0.79527,1.5252,5.5289e-11
f5,p[horse]*0.8,2,hold,PASS,CONVERGED,CONVERGED,-,-,1907,,CONVERGED,,1907,223.14,223.14,0,0,0,0,0,0,1,0.98016,0,0.99657,1.0006,0,0.071773,0.0019324,0,0.8,1.1842,0.97037,1.7349,5.5289e-11
f5,p[traction]*0.8,2,hold,PASS,CONVERGED,CONVERGED,-,-,2341,,CONVERGED,,2341,223.14,223.14,0,0,0,0,0,0,0,0.95087,0,0.99303,1.0011,0,-0.15754,0.0040475,0,0.85264,1.0664,0.95537,1.4382,5.5289e-11
f5,p[good]*0.8,2,hold,PASS,CONVERGED,CONVERGED,-,-,2969,,CONVERGED,,2969,223.14,326.41,0,0,0,0,0,0,0,0.89459,0,0.98251,1.0026,0,-0.008568,0.0086779,0,0.85384,1.0928,0.90046,1.5532,5.5289e-11
f5,s*0.8,2,hold,PASS,CONVERGED,CONVERGED,-,-,1815,,CONVERGED,,1815,223.14,192.7,0,0,0,0,0,0,0,0.92147,0,0.99681,1.0005,0,0.033052,0.001965,0,0.96091,1.0225,0.98081,1.7445,5.5289e-11
f5,JA(0.8),2,hold,PASS,CONVERGED,CONVERGED,-,-,2874,,CONVERGED,,2875,223.14,354.67,0,0,0,0,0,0,1,0.85823,0,0.98371,1.0027,0,0.012642,0.01011,0,0.8,1.1718,0.8132,1.4931,5.5289e-11
f5,JB(0.8),2,hold,PASS,CONVERGED,CONVERGED,-,-,3535,,CONVERGED,,3546,223.14,730.64,0,0,0,0,0,0,1,0.80245,0,0.9582,1.0063,0,0.016146,0.021763,0,0.68731,1.2121,0.78027,1.3562,5.5289e-11
f5,N(0.8),2,hold,PASS,CONVERGED,CONVERGED,-,-,3559,,CONVERGED,,3559,0,513.53,0,0,0,0,0,0,1,0.68167,0,0.99157,1.0157,0,-0.021609,0.012917,0,1,1.1637,0.93023,1.7978,5.5289e-11
f5,w*2,3,hold,PASS,CONVERGED,CONVERGED,CONVERGED,CONVERGED,2450,2450,CONVERGED,CONVERGED,2422,693.15,693.15,0,0,0,0,0,0,0,0.72225,0,0.9915,1.0014,0,-0.063678,0.0053211,0,0.91882,1.0769,0.9604,1.6694,5.5289e-11
f5,r*2,3,hold,PASS,CONVERGED,CONVERGED,CONVERGED,CONVERGED,5352,5352,CONVERGED,CONVERGED,5352,693.15,4755.5,42,0,15,42,28,0,256,0.60455,38.753,0.71867,1.0296,1533,-0.034014,-0.025224,26,0.033446,1.168,0.43575,0.83437,5.5289e-11
f5,p[fodder]*2,3,hold,PASS,CONVERGED,CONVERGED,CONVERGED,CONVERGED,3769,3769,CONVERGED,CONVERGED,3785,693.15,1197.6,0,0,0,0,0,0,24,0.77614,0,0.94186,1.0086,332,-0.25495,0.029238,1,0.37289,1.4026,0.69805,0.8989,5.5289e-11
f5,p[horse]*2,3,hold,PASS,CONVERGED,CONVERGED,CONVERGED,CONVERGED,1615,1615,CONVERGED,CONVERGED,1615,693.15,693.15,0,0,0,0,0,0,3,0.97865,0,0.99646,1.0004,0,-0.18349,0.0013756,0,0.83948,1.4368,0.96877,1.7478,5.5289e-11
f5,p[traction]*2,3,hold,PASS,CONVERGED,CONVERGED,CONVERGED,CONVERGED,3223,3223,CONVERGED,CONVERGED,3242,693.15,693.15,0,0,0,0,0,0,0,0.6388,5.8409,0.97312,1.0044,0,0.73458,0.016014,0,0.74656,1.204,0.85853,1.5027,5.5289e-11
f5,p[good]*2,3,hold,PASS,CONVERGED,CONVERGED,CONVERGED,CONVERGED,2095,2095,CONVERGED,CONVERGED,2105,693.15,728.9,2,0,0,0,0,2,1,0.48244,26.008,0.99567,1.0013,0,-0.026621,0.0016602,0,0.94839,1.0756,0.96107,1.754,5.5289e-11
f5,s*2,3,hold,PASS,CONVERGED,CONVERGED,CONVERGED,CONVERGED,3535,3535,CONVERGED,CONVERGED,3528,693.15,911.75,2,0,0,0,2,0,11,0.66157,5.3068,0.95679,1.0069,0,-0.17586,0.025224,0,0.56409,1.2203,0.83025,1.2531,5.5289e-11
f5,JA(2),3,hold,PASS,CONVERGED,CONVERGED,CONVERGED,CONVERGED,3804,3804,CONVERGED,CONVERGED,3807,693.15,1543.9,8,0,0,0,8,2,51,0.48245,147.36,0.9363,1.0099,362,-0.058508,0.036117,11,0.30309,1.8792,0.7175,1.1822,5.5289e-11
f5,JB(2),3,hold,PASS,CONVERGED,CONVERGED,CONVERGED,CONVERGED,3804,3804,CONVERGED,CONVERGED,3801,693.15,1033,39,7,0,4,16,21,38,0.39903,149.21,0.93574,1.0113,337,0.01096,0.043654,0,0.5,1.4754,0.51414,1.1564,5.5289e-11
f5,N(2),3,hold,PASS,CONVERGED,CONVERGED,CONVERGED,CONVERGED,5377,5377,CONVERGED,CONVERGED,5376,0,3858.7,2,1,1,0,0,2,266,0.4543,32.203,0.71464,1.0303,1546,-0.035901,-0.029706,7,0.055113,1.469,0.6318,1.0416,5.5289e-11
f5,w*0.5,3,hold,PASS,CONVERGED,CONVERGED,CONVERGED,CONVERGED,3044,3044,CONVERGED,CONVERGED,3044,693.15,896.2,0,0,0,0,0,0,16,0.81474,0,0.97772,1.0036,0,-0.002695,0.013372,0,0.98146,1.0324,0.9282,1.6612,5.5289e-11
f5,r*0.5,3,hold,PASS,CONVERGED,CONVERGED,CONVERGED,CONVERGED,4501,4501,CONVERGED,CONVERGED,4501,693.15,1993.9,0,0,0,0,0,0,138,0.32347,24.195,0.94585,1.0558,1099,-0.022759,0.081299,0,1,1.158,0.86562,1.7882,5.5289e-11
f5,p[fodder]*0.5,3,hold,PASS,CONVERGED,CONVERGED,CONVERGED,CONVERGED,3550,3550,CONVERGED,CONVERGED,3550,693.15,890.56,4,0,0,0,4,0,26,0.66748,35.9,0.95463,1.0082,0,0.26305,0.031592,0,0.52107,1.3119,0.51432,1.1766,5.5289e-11
f5,p[horse]*0.5,3,hold,PASS,CONVERGED,CONVERGED,CONVERGED,CONVERGED,2716,2716,CONVERGED,CONVERGED,2716,693.15,693.15,0,0,0,0,0,0,2,0.93816,0,0.98819,1.0019,0,0.20974,0.0066549,0,0.5,1.3509,0.90872,1.5969,5.5289e-11
f5,p[traction]*0.5,3,hold,PASS,CONVERGED,CONVERGED,CONVERGED,CONVERGED,3189,3189,CONVERGED,CONVERGED,3189,693.15,693.15,0,0,0,0,0,0,0,0.85248,0,0.97444,1.0041,0,-0.4447,0.014819,0,0.58957,1.179,0.85936,0.8989,5.5289e-11
f5,p[good]*0.5,3,hold,PASS,CONVERGED,CONVERGED,CONVERGED,CONVERGED,3891,3891,CONVERGED,CONVERGED,3891,693.15,1261.3,0,0,0,0,0,0,63,0.71598,21.923,0.92954,1.0102,454,-0.025261,0.034719,0,0.38012,1.2742,0.68193,1.0578,5.5289e-11
f5,s*0.5,3,hold,PASS,CONVERGED,CONVERGED,CONVERGED,CONVERGED,2340,2340,CONVERGED,CONVERGED,2340,693.15,581.12,0,0,0,0,0,0,0,0.79845,0,0.99282,1.0012,0,0.071859,0.0045062,0,0.92637,1.0485,0.96182,1.6799,5.5289e-11
f5,JA(0.5),3,hold,PASS,CONVERGED,CONVERGED,CONVERGED,CONVERGED,3759,3759,CONVERGED,CONVERGED,3759,693.15,1219.5,0,0,0,0,0,0,52,0.67725,12.843,0.93867,1.0099,313,0.034268,0.037347,0,0.44126,1.335,0.56307,1.0395,5.5289e-11
f5,JB(0.5),3,hold,PASS,CONVERGED,CONVERGED,CONVERGED,CONVERGED,4167,4167,CONVERGED,CONVERGED,4169,693.15,3056.8,48,0,21,7,30,0,83,0.52706,131.36,0.89073,1.0158,617,-0.028745,0.056795,22,0.10191,1.5303,0.71966,1.0571,5.5289e-11
f5,N(0.5),3,hold,PASS,CONVERGED,CONVERGED,CONVERGED,CONVERGED,4508,4508,CONVERGED,CONVERGED,4508,0,1820,0,0,0,0,0,0,151,0.33385,12.142,0.95287,1.057,1118,-0.0073802,0.081095,0,1,1.2885,0.76923,1.7978,5.5289e-11
f5,x*/2,3,hold,PASS,CONVERGED,CONVERGED,CONVERGED,CONVERGED,3670,3670,CONVERGED,CONVERGED,3664,773.52,1103.6,4,0,0,0,4,0,41,0.61201,22.338,0.94709,1.0085,197,-0.19321,0.031224,0,0.45784,1.2275,0.82078,1.1551,5.5289e-11
f5,b*1.1@genesis,2,b*1.1@dated,PASS,CONVERGED,CONVERGED,-,-,3101,,CONVERGED,,3100,95.31,287.29,0,0,0,0,0,0,0,0.98215,0,0.99482,1.09,121,-0.0072335,-0.0071554,0,0.88766,1.0816,0.8989,1.5191,5.7954e-11
f5,b*1.1@dated,2,b*1.1@dated,PASS,CONVERGED,CONVERGED,-,-,3100,,CONVERGED,,3100,95.31,287.14,0,0,0,0,0,0,0,0.9821,0,0.99482,1.09,121,-0.0079682,-0.0071497,0,0.88798,1.0816,0.89866,1.5191,5.7954e-11
f5,b*0.9@genesis,2,b*0.9@dated,PASS,CONVERGED,CONVERGED,-,-,3979,,CONVERGED,,3979,105.36,343.78,0,0,0,0,0,0,0,0.92238,0,0.90986,1.0131,491,0.0086155,0.048106,0,1,1.0735,0.97489,1.7961,1.2901e-10
f5,b*0.9@dated,2,b*0.9@dated,PASS,CONVERGED,CONVERGED,-,-,3979,,CONVERGED,,3979,105.36,343.78,0,0,0,0,0,0,0,0.92238,0,0.90986,1.0131,491,0.0086155,0.048106,0,1,1.0735,0.97489,1.7961,1.2901e-10
f5,b*0.5@genesis,3,b*0.5@dated,PASS,CONVERGED,CONVERGED,CONVERGED,CONVERGED,5185,5185,CONVERGED,CONVERGED,5185,693.15,1905.9,253,0,0,0,253,0,250,0.59285,0,0.5475,1.0931,1939,0.043664,0.44551,0,1,1.4118,0.89544,1.7882,5.6399e-11
f5,b*0.5@dated,3,b*0.5@dated,PASS,CONVERGED,CONVERGED,CONVERGED,CONVERGED,5185,5185,CONVERGED,CONVERGED,5185,693.15,1905.9,253,0,0,0,253,0,250,0.59285,0,0.5475,1.0931,1939,0.043664,0.44551,0,1,1.4118,0.89544,1.7882,5.6399e-11
f5,stock.good*0.5,3S,hold,PASS,CONVERGED,CONVERGED,CONVERGED,CONVERGED,1398,1398,CONVERGED,CONVERGED,1398,693.15,693.15,0,0,0,0,0,0,0,0.5,0,0.99826,1.0003,0,-0.0092897,0.0010751,0,0.97611,1.0174,0.98709,1.7646,5.5289e-11
f5,stock.good*2,3S,hold,PASS,CONVERGED,CONVERGED,CONVERGED,CONVERGED,1920,1920,CONVERGED,CONVERGED,1392,66.48,68.38,0,0,0,0,0,0,0,0.9753,0,0.99648,1.0005,0,-0.0004733,0.0017495,0,0.9718,1.0193,0.97895,1.7444,5.5289e-11
f5,heads.capacity*0.5,3S,hold,PASS,CONVERGED,CONVERGED,CONVERGED,CONVERGED,4610,4610,CONVERGED,CONVERGED,4609,918.99,918.99,42,0,0,0,42,0,0,0.58289,693.93,0.65,1.0435,587,0.1003,0.21094,0,0.97382,1.2454,0.78982,1.7978,5.5289e-11
f5,heads.capacity*2,3S,hold,PASS,CONVERGED,CONVERGED,CONVERGED,CONVERGED,5440,5440,CONVERGED,CONVERGED,5440,inf,6392.3,0,0,0,0,0,0,348,0.76121,0,0.82464,1.7,1748,0.02898,-0.20678,67,0.076436,1.8999,0.57679,0.88455,5.5289e-11
f5,hours.capacity*0.5,3S,hold,PASS,CONVERGED,CONVERGED,CONVERGED,CONVERGED,1951,1951,CONVERGED,CONVERGED,1951,693.15,693.15,0,0,0,0,0,0,0,0.69341,0,0.99625,1.0006,0,0.062063,0.0022176,0,0.93034,1.0418,0.97741,1.7588,5.5289e-11
f5,hours.capacity*2,3S,hold,PASS,CONVERGED,CONVERGED,CONVERGED,CONVERGED,1798,1798,CONVERGED,CONVERGED,1305,98.218,98.218,0,0,0,0,0,0,0,0.97815,0,0.99694,1.0005,0,-0.08805,0.0017642,0,0.93268,1.0286,0.98006,1.6296,5.5289e-11
f5,own.maker*0.5,3S,hold,PASS,CONVERGED,CONVERGED,CONVERGED,CONVERGED,4984,4984,CONVERGED,CONVERGED,4984,1248.8,956.32,0,0,0,0,0,0,302,0.8158,0,0.75517,1.0343,1087,-0.037388,0.030898,0,1,1.192,0.9533,1.6697,5.5289e-11
f5,own.maker*2,3S,hold,PASS,CONVERGED,CONVERGED,CONVERGED,CONVERGED,4307,4307,CONVERGED,CONVERGED,4307,692.35,692.35,0,0,0,0,0,0,0,1,0,1,1.2995,1117,7.5495e-15,-6.7724e-15,0,1,1,1,1.7978,5.5289e-11
f5,finished.maker*0.5,3S,hold,PASS,CONVERGED,CONVERGED,CONVERGED,CONVERGED,2196,2196,CONVERGED,CONVERGED,2196,inf,204.31,0,0,0,0,0,0,2,0.97278,0,0.99413,1.0009,0,-0.067175,0.0034779,0,0.95395,1.0372,0.96419,1.7339,5.5289e-11
f5,finished.maker*2,3S,hold,PASS,CONVERGED,CONVERGED,CONVERGED,CONVERGED,2104,2104,CONVERGED,CONVERGED,2104,501.67,501.67,0,0,0,0,0,0,0,0.96929,0,0.99654,1.0044,0,0.10648,0.0013001,0,0.60552,2,0.94839,1.6703,5.5289e-11
f5,stock.fodder*0.5,3S,hold,PASS,CONVERGED,CONVERGED,CONVERGED,CONVERGED,2096,2096,CONVERGED,CONVERGED,2096,1691.2,693.15,0,0,0,0,0,0,1,0.69341,0,0.99503,1.0007,0,0.0055027,0.0025949,0,0.95451,1.0255,0.5,1.7101,5.5289e-11
f5,stock.fodder*2,3S,hold,PASS,CONVERGED,CONVERGED,CONVERGED,CONVERGED,2255,2255,CONVERGED,CONVERGED,1793,133.28,148.41,0,0,0,0,0,0,0,0.93367,0,0.9939,1.0011,0,0.044238,0.0041685,0,0.91307,1.0401,0.90062,1.6632,5.5289e-11
f5,coin.desk.good*0.5,3S,hold,PASS,CONVERGED,CONVERGED,CONVERGED,CONVERGED,4501,4501,CONVERGED,CONVERGED,4500,751.9,727.94,1,0,0,0,0,1,5,0.5,0,0.91135,1.0093,1100,-0.12306,-0.0039508,0,0.4829,1.3539,0.88881,1.3258,5.5289e-11
f5,coin.desk.good*2,3S,hold,PASS,CONVERGED,CONVERGED,CONVERGED,CONVERGED,3850,3850,CONVERGED,CONVERGED,3850,1231,862.41,0,0,0,0,0,0,2,0.56798,1.2088,0.98072,1.0225,0,0.11285,0.023591,0,1,1.1756,0.80314,1.5835,5.5289e-11
f5,coin.desk.capacity*0.5,3S,hold,PASS,CONVERGED,CONVERGED,CONVERGED,CONVERGED,4096,4096,CONVERGED,CONVERGED,4097,inf,846.02,0,0,0,0,0,0,5,0.87957,0,0.9427,1.0059,637,0.15785,0.002109,3,0.42912,1.6732,0.86267,1.3493,5.5289e-11
f5,coin.desk.capacity*2,3S,hold,PASS,CONVERGED,CONVERGED,CONVERGED,CONVERGED,3506,3506,CONVERGED,CONVERGED,3506,848.73,848.73,0,0,0,0,0,0,0,0.64353,0,0.98749,1.014,0,-0.093926,0.012317,0,1,1.2157,0.81912,1.4128,5.5289e-11
f5,coin.desk.maker*0.5,3S,hold,PASS,CONVERGED,CONVERGED,CONVERGED,CONVERGED,3528,3528,CONVERGED,CONVERGED,3533,693.15,693.15,0,0,0,0,0,0,0,0.91489,0,0.97146,1.0029,0,0.091154,0.0035516,0,0.8423,1.0166,0.87604,1.5111,5.5289e-11
f5,coin.desk.maker*2,3S,hold,PASS,CONVERGED,CONVERGED,CONVERGED,CONVERGED,3094,3094,CONVERGED,CONVERGED,3094,inf,461.11,0,0,0,0,0,0,3,0.80456,0,0.99082,1.0072,0,-0.10344,0.0064187,0,0.79316,1.3482,0.71422,1.551,1.4388e-10
f5,coin.desk.fodder*0.5,3S,hold,PASS,CONVERGED,CONVERGED,CONVERGED,CONVERGED,3965,3965,CONVERGED,CONVERGED,3965,1691.4,1102.8,1,0,0,0,1,0,46,0.69171,1.9547,0.93226,1.0072,573,-0.038572,0.016255,0,0.5354,1.1641,0.49995,1.1993,5.5289e-11
f5,coin.desk.fodder*2,3S,hold,PASS,CONVERGED,CONVERGED,CONVERGED,CONVERGED,3340,3340,CONVERGED,CONVERGED,3340,1046.6,703.61,0,0,0,0,0,0,3,0.5844,0,0.98973,1.0113,0,-0.01989,0.0088819,0,0.9987,1.0651,0.86709,1.7978,5.5289e-11
f5,coin.provider*0.5,3S,hold,PASS,CONVERGED,CONVERGED,CONVERGED,CONVERGED,3174,3174,CONVERGED,CONVERGED,3177,150.07,150.07,0,0,0,0,0,0,0,0.86064,0,0.98875,1.0012,0,-0.0032862,-0.00039903,0,0.94679,1.0197,0.98863,1.7413,5.5289e-11
f5,coin.provider*2,3S,hold,PASS,CONVERGED,CONVERGED,CONVERGED,CONVERGED,2571,2571,CONVERGED,CONVERGED,2571,172.4,172.4,0,0,0,0,0,0,0,0.9135,0,0.99713,1.0033,0,-0.0039532,0.0026308,0,0.99986,1.032,0.95609,1.7825,5.5289e-11
f5,coin.workers*0.5,3S,hold,PASS,CONVERGED,CONVERGED,CONVERGED,CONVERGED,3872,3872,CONVERGED,CONVERGED,3874,521.45,521.45,0,0,0,0,0,0,0,0.59366,0,0.96681,1.0035,0,-0.0095664,-0.0013788,0,0.84533,1.0617,0.96816,1.6368,5.5289e-11
f5,coin.workers*2,3S,hold,PASS,CONVERGED,CONVERGED,CONVERGED,CONVERGED,3247,3247,CONVERGED,CONVERGED,3247,443.51,443.51,0,0,0,0,0,0,0,0.77729,0,0.99163,1.0092,0,-0.010745,0.0080617,0,0.99963,1.0711,0.8819,1.7596,5.5289e-11
f6,w*1.05,1,hold,PASS,CONVERGED,CONVERGED,-,-,333,,CONVERGED,,318,48.79,48.79,0,0,0,0,0,0,0,0.98034,0,0.99953,1.0001,0,-0.0031469,0.00030631,0,0.99467,1.0041,0.99822,1.791,9.2593e-11
f6,r*1.05,1,hold,PASS,CONVERGED,CONVERGED,-,-,3020,,CONVERGED,,3020,48.79,167.91,0,0,0,0,0,0,0,0.96604,0,0.97419,1.0024,0,-0.0037434,-0.00064378,0,0.95186,1.0138,0.94753,1.6553,9.2593e-11
f6,p[fodder]*1.05,1,hold,PASS,CONVERGED,CONVERGED,-,-,1477,,CONVERGED,,1486,48.79,62.793,0,0,0,0,0,0,0,0.99074,0,0.99708,1.0004,0,-0.011455,0.001165,0,0.95737,1.0167,0.98823,1.7122,9.2593e-11
f6,p[horse]*1.05,1,hold,PASS,CONVERGED,CONVERGED,-,-,141,,CONVERGED,,141,48.79,48.79,0,0,0,0,0,0,0,0.99919,0,0.99983,1,0,0.0016847,8.7312e-05,0,0.9854,1.0187,0.99882,1.7952,9.2593e-11
f6,p[traction]*1.05,1,hold,PASS,CONVERGED,CONVERGED,-,-,1314,,CONVERGED,,1351,48.79,48.79,0,0,0,0,0,0,0,0.9712,0,0.99781,1.0004,0,0.035244,0.0012041,0,0.98372,1.0141,0.98892,1.7766,9.2593e-11
f6,p[good]*1.05,1,hold,PASS,CONVERGED,CONVERGED,-,-,218,,CONVERGED,,221,48.79,48.79,0,0,0,0,0,0,0,0.95248,0,0.99964,1.0001,0,-0.001916,0.00014856,0,0.99634,1.005,0.99753,1.7949,9.2593e-11
f6,s*1.05,1,hold,PASS,CONVERGED,CONVERGED,-,-,1254,,CONVERGED,,1251,48.79,42.346,0,0,0,0,0,0,0,0.98242,0,0.998,1.0003,0,-0.013193,0.0010769,0,0.98624,1.0098,0.99096,1.7706,9.2593e-11
f6,JA(1.05),1,hold,PASS,CONVERGED,CONVERGED,-,-,1640,,CONVERGED,,1656,48.79,93.249,0,0,0,0,0,0,0,0.95291,0,0.99615,1.0006,0,0.010285,0.0019199,0,0.93132,1.0361,0.97783,1.7482,9.2593e-11
f6,JB(1.05),1,hold,PASS,CONVERGED,CONVERGED,-,-,1820,,CONVERGED,,1815,48.79,113.01,0,0,0,0,0,0,0,0.93405,0,0.99465,1.001,0,0.0024785,0.0034523,0,0.92541,1.0369,0.94927,1.7008,9.2593e-11
f6,N(1.05),1,hold,PASS,CONVERGED,CONVERGED,-,-,3050,,CONVERGED,,3048,0,125.8,0,0,0,0,0,0,0,0.94803,0,0.97459,1.0024,0,0.015556,-0.001336,0,0.918,1.02,0.97368,1.7059,9.2593e-11
f6,w*0.95,1,hold,PASS,CONVERGED,CONVERGED,-,-,1104,,CONVERGED,,1104,51.293,65.012,0,0,0,0,0,0,0,0.98312,0,0.99817,1.0003,0,-0.0012205,0.0010009,0,1,1.0016,0.99696,1.7879,9.2593e-11
f6,r*0.95,1,hold,PASS,CONVERGED,CONVERGED,-,-,2185,,CONVERGED,,2185,51.293,129.87,0,0,0,0,0,0,0,0.91238,0,0.99786,1.004,0,-0.0016053,0.0028472,0,1,1.0121,0.99521,1.7969,9.2593e-11
f6,p[fodder]*0.95,1,hold,PASS,CONVERGED,CONVERGED,-,-,1608,,CONVERGED,,1608,51.293,76.458,0,0,0,0,0,0,0,0.96505,0,0.99625,1.0007,0,0.018681,0.0024554,0,0.95597,1.0199,0.94753,1.7268,9.2593e-11
f6,p[horse]*0.95,1,hold,PASS,CONVERGED,CONVERGED,-,-,547,,CONVERGED,,547,51.293,51.293,0,0,0,0,0,0,0,0.9952,0,0.99906,1.0002,0,0.016448,0.00049643,0,0.95,1.0388,0.99288,1.7831,9.2593e-11
f6,p[traction]*0.95,1,hold,PASS,CONVERGED,CONVERGED,-,-,1238,,CONVERGED,,1238,51.293,51.293,0,0,0,0,0,0,0,0.98831,0,0.99804,1.0003,0,-0.038091,0.0010657,0,0.96497,1.0139,0.9894,1.7079,9.2593e-11
f6,p[good]*0.95,1,hold,PASS,CONVERGED,CONVERGED,-,-,1699,,CONVERGED,,1699,51.293,69.893,0,0,0,0,0,0,0,0.97452,0,0.99566,1.0006,0,-0.002029,0.0019727,0,0.97116,1.0205,0.97855,1.7435,9.2593e-11
f6,s*0.95,1,hold,PASS,CONVERGED,CONVERGED,-,-,519,,CONVERGED,,519,51.293,44.493,0,0,0,0,0,0,0,0.98067,0,0.999,1.0002,0,0.0088805,0.0005787,0,0.98925,1.0061,0.99476,1.7839,9.2593e-11
f6,JA(0.95),1,hold,PASS,CONVERGED,CONVERGED,-,-,1671,,CONVERGED,,1673,51.293,82.706,0,0,0,0,0,0,0,0.96298,0,0.99554,1.0007,0,0.0055032,0.0025713,0,0.95,1.0388,0.95163,1.7207,9.2593e-11
f6,JB(0.95),1,hold,PASS,CONVERGED,CONVERGED,-,-,2174,,CONVERGED,,2185,51.293,159.72,0,0,0,0,0,0,0,0.94926,0,0.98929,1.0016,0,0.0098127,0.0049312,0,0.93168,1.0479,0.94944,1.6834,9.2593e-11
f6,N(0.95),1,hold,PASS,CONVERGED,CONVERGED,-,-,2189,,CONVERGED,,2189,0,112.49,0,0,0,0,0,0,0,0.91686,0,0.99897,1.0041,0,-0.0049874,0.0027822,0,1,1.0386,0.98446,1.7978,9.2593e-11
f6,w*1.2,2,hold,PASS,CONVERGED,CONVERGED,-,-,1205,,CONVERGED,,1171,182.32,182.32,0,0,0,0,0,0,0,0.92731,0,0.99813,1.0003,0,-0.010741,0.001234,0,0.9787,1.0159,0.99208,1.7695,9.2593e-11
f6,r*1.2,2,hold,PASS,CONVERGED,CONVERGED,-,-,3691,,CONVERGED,,3691,182.32,742,0,0,0,0,0,0,0,0.87817,0,0.90546,1.0088,955,-0.012699,-0.0027881,0,0.73942,1.0502,0.81537,1.3168,9.2593e-11
f6,p[fodder]*1.2,2,hold,PASS,CONVERGED,CONVERGED,-,-,2228,,CONVERGED,,2236,182.32,250.96,0,0,0,0,0,0,0,0.96102,0,0.98811,1.0016,0,-0.052616,0.0048089,0,0.83705,1.0683,0.94942,1.4982,9.2593e-11
f6,p[horse]*1.2,2,hold,PASS,CONVERGED,CONVERGED,-,-,509,,CONVERGED,,509,182.32,182.32,0,0,0,0,0,0,0,0.99681,0,0.99928,1.0001,0,-0.012817,0.00036237,0,0.94113,1.0854,0.99536,1.7872,9.2593e-11
f6,p[traction]*1.2,2,hold,PASS,CONVERGED,CONVERGED,-,-,2030,,CONVERGED,,2057,182.32,182.32,0,0,0,0,0,0,0,0.89514,0,0.99177,1.0014,0,0.14315,0.004541,0,0.93959,1.0538,0.95908,1.719,9.2593e-11
f6,p[good]*1.2,2,hold,PASS,CONVERGED,CONVERGED,-,-,1115,,CONVERGED,,1135,182.32,183.88,0,0,0,0,0,0,0,0.83204,0,0.99864,1.0004,0,-0.007153,0.00055445,0,0.9865,1.0187,0.99064,1.7872,9.2593e-11
f6,s*1.2,2,hold,PASS,CONVERGED,CONVERGED,-,-,2008,,CONVERGED,,2006,182.32,157.92,0,0,0,0,0,0,0,0.92941,0,0.99207,1.0013,0,-0.04897,0.0042903,0,0.93986,1.0404,0.96407,1.6907,9.2593e-11
f6,JA(1.2),2,hold,PASS,CONVERGED,CONVERGED,-,-,2395,,CONVERGED,,2408,182.32,376.79,0,0,0,0,0,0,0,0.83322,0,0.9837,1.0026,0,0.0077669,0.0082368,0,0.73051,1.1714,0.90683,1.6319,9.2593e-11
f6,JB(1.2),2,hold,PASS,CONVERGED,CONVERGED,-,-,2521,,CONVERGED,,2517,182.32,402.49,0,0,0,0,0,0,1,0.76552,0,0.97909,1.0039,0,0.0063805,0.013437,0,0.74701,1.1474,0.82669,1.4866,9.2593e-11
f6,N(1.2),2,hold,PASS,CONVERGED,CONVERGED,-,-,3721,,CONVERGED,,3720,0,531.26,0,0,0,0,0,0,0,0.8181,0,0.90739,1.0089,984,0.026811,-0.0054488,0,0.71625,1.0806,0.90366,1.4711,9.2593e-11
f6,w*0.8,2,hold,PASS,CONVERGED,CONVERGED,-,-,1944,,CONVERGED,,1944,223.14,285.35,0,0,0,0,0,0,0,0.93111,0,0.99184,1.0013,0,-0.0037843,0.0045113,0,1,1.007,0.98477,1.7549,9.2593e-11
f6,r*0.8,2,hold,PASS,CONVERGED,CONVERGED,-,-,3000,,CONVERGED,,3000,223.14,578.82,0,0,0,0,0,0,0,0.67316,0,0.98584,1.0187,0,-0.0071747,0.017126,0,1,1.0513,0.98016,1.7942,9.2593e-11
f6,p[fodder]*0.8,2,hold,PASS,CONVERGED,CONVERGED,-,-,2381,,CONVERGED,,2381,223.14,325.35,0,0,0,0,0,0,0,0.86243,0,0.98331,1.0031,0,0.083445,0.011026,0,0.80729,1.0933,0.79547,1.5275,9.2593e-11
f6,p[horse]*0.8,2,hold,PASS,CONVERGED,CONVERGED,-,-,1690,,CONVERGED,,1690,223.14,223.14,0,0,0,0,0,0,1,0.97987,0,0.9959,1.0007,0,0.071979,0.002155,0,0.8,1.1842,0.97022,1.7354,9.2593e-11
f6,p[traction]*0.8,2,hold,PASS,CONVERGED,CONVERGED,-,-,2037,,CONVERGED,,2037,223.14,223.14,0,0,0,0,0,0,0,0.95081,0,0.99151,1.0014,0,-0.15757,0.0046658,0,0.85302,1.0661,0.95533,1.4382,9.2593e-11
f6,p[good]*0.8,2,hold,PASS,CONVERGED,CONVERGED,-,-,2528,,CONVERGED,,2528,223.14,327.04,0,0,0,0,0,0,0,0.89412,0,0.97884,1.0031,0,-0.0085706,0.0095459,0,0.85528,1.0966,0.90018,1.5539,9.2593e-11
f6,s*0.8,2,hold,PASS,CONVERGED,CONVERGED,-,-,1608,,CONVERGED,,1608,223.14,192.7,0,0,0,0,0,0,0,0.92147,0,0.99617,1.0006,0,0.033053,0.0022351,0,0.9612,1.0231,0.98082,1.7451,9.2593e-11
f6,JA(0.8),2,hold,PASS,CONVERGED,CONVERGED,-,-,2455,,CONVERGED,,2456,223.14,354.29,0,0,0,0,0,0,1,0.85811,0,0.97998,1.0033,0,0.012988,0.011609,0,0.8,1.1718,0.81339,1.4953,9.2593e-11
f6,JB(0.8),2,hold,PASS,CONVERGED,CONVERGED,-,-,2980,,CONVERGED,,2989,223.14,730.87,0,0,0,0,0,0,1,0.80094,0,0.94955,1.0075,131,0.01588,0.023811,0,0.69176,1.2226,0.77984,1.3579,9.2593e-11
f6,N(0.8),2,hold,PASS,CONVERGED,CONVERGED,-,-,3003,,CONVERGED,,3003,0,514.03,0,0,0,0,0,0,1,0.6819,0,0.99067,1.0189,0,-0.021463,0.016921,0,1,1.1637,0.93023,1.7978,9.2593e-11
f6,w*2,3,hold,PASS,CONVERGED,CONVERGED,CONVERGED,CONVERGED,2123,2123,CONVERGED,CONVERGED,2100,693.15,693.15,0,0,0,0,0,0,0,0.72225,0,0.98969,1.0018,0,-0.063719,0.0062718,0,0.91952,1.0792,0.96063,1.6695,9.2593e-11
f6,r*2,3,hold,PASS,CONVERGED,CONVERGED,CONVERGED,CONVERGED,4432,4432,CONVERGED,CONVERGED,4432,693.15,4648.9,42,0,15,42,28,0,237,0.60419,60.543,0.69005,1.0295,1352,-0.03401,-0.021382,24,0.036331,1.1645,0.43661,0.83546,9.2593e-11
f6,p[fodder]*2,3,hold,PASS,CONVERGED,CONVERGED,CONVERGED,CONVERGED,3163,3163,CONVERGED,CONVERGED,3175,693.15,1191.2,0,0,0,0,0,0,24,0.77107,0,0.93059,1.0102,377,-0.25508,0.031505,1,0.37586,1.3971,0.69706,0.8989,9.2593e-11
f6,p[horse]*2,3,hold,PASS,CONVERGED,CONVERGED,CONVERGED,CONVERGED,1451,1451,CONVERGED,CONVERGED,1451,693.15,693.15,0,0,0,0,0,0,3,0.97841,0,0.99556,1.0005,0,-0.18366,0.0015723,0,0.8387,1.436,0.96873,1.7487,9.2593e-11
f6,p[traction]*2,3,hold,PASS,CONVERGED,CONVERGED,CONVERGED,CONVERGED,2738,2738,CONVERGED,CONVERGED,2753,693.15,693.15,0,0,0,0,0,0,0,0.6388,6.0254,0.96758,1.0054,0,0.73464,0.018043,0,0.74976,1.214,0.85809,1.5093,9.2593e-11
f6,p[good]*2,3,hold,PASS,CONVERGED,CONVERGED,CONVERGED,CONVERGED,1827,1827,CONVERGED,CONVERGED,1835,693.15,728.9,2,0,0,0,0,2,1,0.48244,26.045,0.99462,1.0016,0,-0.026632,0.0021166,0,0.94928,1.0757,0.96093,1.7565,9.2593e-11
f6,s*2,3,hold,PASS,CONVERGED,CONVERGED,CONVERGED,CONVERGED,2992,2992,CONVERGED,CONVERGED,2986,693.15,915.08,2,0,0,0,2,0,11,0.66157,5.706,0.94775,1.0085,149,-0.17597,0.028684,0,0.56746,1.2399,0.82888,1.2542,9.2593e-11
f6,JA(2),3,hold,PASS,CONVERGED,CONVERGED,CONVERGED,CONVERGED,3199,3199,CONVERGED,CONVERGED,3201,693.15,1543.9,8,0,0,0,8,2,53,0.48245,148.84,0.92356,1.012,386,-0.058508,0.040032,11,0.30637,1.8741,0.71333,1.1919,9.2593e-11
f6,JB(2),3,hold,PASS,CONVERGED,CONVERGED,CONVERGED,CONVERGED,3195,3195,CONVERGED,CONVERGED,3192,693.15,1020.4,39,7,0,4,16,21,39,0.39898,150.69,0.92483,1.0136,352,0.01112,0.048946,0,0.5,1.4689,0.51485,1.1646,9.2593e-11
f6,N(2),3,hold,PASS,CONVERGED,CONVERGED,CONVERGED,CONVERGED,4454,4454,CONVERGED,CONVERGED,4453,0,3764.7,2,1,1,0,0,2,246,0.4543,73.954,0.68705,1.03,1366,-0.035901,-0.026227,7,0.058899,1.4528,0.63234,1.0428,9.2593e-11
f6,w*0.5,3,hold,PASS,CONVERGED,CONVERGED,CONVERGED,CONVERGED,2582,2582,CONVERGED,CONVERGED,2582,693.15,896.04,0,0,0,0,0,0,16,0.8147,0,0.97304,1.0043,0,-0.0027077,0.015372,0,0.98491,1.0272,0.92747,1.6664,9.2593e-11
f6,r*0.5,3,hold,PASS,CONVERGED,CONVERGED,CONVERGED,CONVERGED,3767,3767,CONVERGED,CONVERGED,3767,693.15,2000.8,0,0,0,0,0,0,135,0.32399,27.701,0.93734,1.0669,1101,-0.022767,0.111,0,1,1.1611,0.86817,1.7882,9.2593e-11
f6,p[fodder]*0.5,3,hold,PASS,CONVERGED,CONVERGED,CONVERGED,CONVERGED,2987,2987,CONVERGED,CONVERGED,2987,693.15,883.42,4,0,0,0,4,0,26,0.66715,36.012,0.94634,1.0098,177,0.26343,0.036098,0,0.53148,1.308,0.51472,1.1825,9.2593e-11
f6,p[horse]*0.5,3,hold,PASS,CONVERGED,CONVERGED,CONVERGED,CONVERGED,2334,2334,CONVERGED,CONVERGED,2334,693.15,693.15,0,0,0,0,0,0,2,0.93728,0,0.98589,1.0023,0,0.20995,0.0073911,0,0.5,1.3509,0.90843,1.5987,9.2593e-11
f6,p[traction]*0.5,3,hold,PASS,CONVERGED,CONVERGED,CONVERGED,CONVERGED,2715,2715,CONVERGED,CONVERGED,2715,693.15,693.15,0,0,0,0,0,0,0,0.8521,0,0.96897,1.0051,0,-0.44477,0.016975,0,0.59094,1.1778,0.85872,0.8989,9.2593e-11
f6,p[good]*0.5,3,hold,PASS,CONVERGED,CONVERGED,CONVERGED,CONVERGED,3264,3264,CONVERGED,CONVERGED,3264,693.15,1262.8,0,0,0,0,0,0,59,0.7134,23.509,0.91538,1.0121,456,-0.025268,0.037737,0,0.38704,1.3031,0.6794,1.0603,9.2593e-11
f6,s*0.5,3,hold,PASS,CONVERGED,CONVERGED,CONVERGED,CONVERGED,2027,2027,CONVERGED,CONVERGED,2027,693.15,581.12,0,0,0,0,0,0,0,0.79845,0,0.99141,1.0015,0,0.071862,0.0051676,0,0.92689,1.0501,0.96189,1.6813,9.2593e-11
f6,JA(0.5),3,hold,PASS,CONVERGED,CONVERGED,CONVERGED,CONVERGED,3157,3157,CONVERGED,CONVERGED,3157,693.15,1191.9,0,0,0,0,0,0,50,0.67673,14.637,0.92757,1.0118,345,0.034382,0.041588,0,0.45638,1.3301,0.56364,1.0448,9.2593e-11
f6,JB(0.5),3,hold,PASS,CONVERGED,CONVERGED,CONVERGED,CONVERGED,3497,3497,CONVERGED,CONVERGED,3500,693.15,3028.3,49,0,22,11,32,0,83,0.52476,136.78,0.86563,1.0193,566,-0.028745,0.06562,21,0.10339,1.5256,0.72454,1.0571,9.2593e-11
f6,N(0.5),3,hold,PASS,CONVERGED,CONVERGED,CONVERGED,CONVERGED,3773,3773,CONVERGED,CONVERGED,3773,0,1822.8,0,0,0,0,0,0,146,0.33392,12.78,0.94765,1.0681,1111,-0.0073391,0.11031,0,1,1.2885,0.76923,1.7978,9.2593e-11
f6,x*/2,3,hold,PASS,CONVERGED,CONVERGED,CONVERGED,CONVERGED,3101,3101,CONVERGED,CONVERGED,3096,773.52,1107.7,4,0,0,0,4,0,41,0.61201,23.173,0.93607,1.0105,300,-0.19334,0.035634,0,0.46218,1.2564,0.81832,1.1564,9.2593e-11
f6,b*1.1@genesis,2,b*1.1@dated,PASS,CONVERGED,CONVERGED,-,-,2651,,CONVERGED,,2651,95.31,281.31,0,0,0,0,0,0,0,0.98197,0,0.99357,1.09,95,-0.007233,-0.0073159,0,0.89081,1.0816,0.89908,1.5217,1.4677e-10
f6,b*1.1@dated,2,b*1.1@dated,PASS,CONVERGED,CONVERGED,-,-,2651,,CONVERGED,,2651,95.31,281.31,0,0,0,0,0,0,0,0.98192,0,0.99357,1.09,95,-0.0079676,-0.0073092,0,0.89114,1.0816,0.89884,1.5216,7.061e-11
f6,b*0.9@genesis,2,b*0.9@dated,PASS,CONVERGED,CONVERGED,-,-,3222,,CONVERGED,,3222,105.36,342.91,0,0,0,0,0,0,0,0.92199,0,0.90986,1.0133,396,0.0086211,0.047408,0,1,1.0727,0.9749,1.7961,1.1791e-10
f6,b*0.9@dated,2,b*0.9@dated,PASS,CONVERGED,CONVERGED,-,-,3222,,CONVERGED,,3222,105.36,342.91,0,0,0,0,0,0,0,0.92199,0,0.90986,1.0133,396,0.0086211,0.047408,0,1,1.0727,0.9749,1.7961,1.1791e-10
f6,b*0.5@genesis,3,b*0.5@dated,PASS,CONVERGED,CONVERGED,CONVERGED,CONVERGED,4205,4205,CONVERGED,CONVERGED,4205,693.15,1891.5,220,0,0,0,220,0,197,0.59007,0,0.54752,1.0943,1610,0.043692,0.44011,0,1,1.4013,0.89425,1.7882,8.9262e-11
f6,b*0.5@dated,3,b*0.5@dated,PASS,CONVERGED,CONVERGED,CONVERGED,CONVERGED,4205,4205,CONVERGED,CONVERGED,4205,693.15,1891.5,220,0,0,0,220,0,197,0.59007,0,0.54752,1.0943,1610,0.043692,0.44011,0,1,1.4013,0.89425,1.7882,8.9262e-11
f6,stock.good*0.5,3S,hold,PASS,CONVERGED,CONVERGED,CONVERGED,CONVERGED,1285,1285,CONVERGED,CONVERGED,1285,693.15,693.15,0,0,0,0,0,0,0,0.5,0,0.99789,1.0004,0,-0.0092939,0.0012259,0,0.97629,1.0173,0.98706,1.7646,9.2593e-11
f6,stock.good*2,3S,hold,PASS,CONVERGED,CONVERGED,CONVERGED,CONVERGED,1691,1691,CONVERGED,CONVERGED,1277,66.609,68.582,0,0,0,0,0,0,0,0.9752,0,0.99575,1.0006,0,-0.0004733,0.0019254,0,0.97164,1.02,0.9789,1.7446,9.2593e-11
f6,heads.capacity*0.5,3S,hold,PASS,CONVERGED,CONVERGED,CONVERGED,CONVERGED,3705,3705,CONVERGED,CONVERGED,3704,912.26,912.26,36,0,0,0,36,0,0,0.58493,560.8,0.65,1.0416,481,0.10071,0.20355,0,0.9667,1.2313,0.78921,1.7978,9.2593e-11
f6,heads.capacity*2,3S,hold,PASS,CONVERGED,CONVERGED,CONVERGED,CONVERGED,4387,4387,CONVERGED,CONVERGED,4387,inf,5296.6,0,0,0,0,0,0,277,0.76138,0,0.82866,1.7,1431,0.02898,-0.20197,40,0.082873,1.8634,0.57679,0.85273,9.2593e-11
f6,hours.capacity*0.5,3S,hold,PASS,CONVERGED,CONVERGED,CONVERGED,CONVERGED,1720,1720,CONVERGED,CONVERGED,1720,693.15,693.15,0,0,0,0,0,0,0,0.69341,0,0.99546,1.0008,0,0.061962,0.0024991,0,0.93064,1.0415,0.9774,1.76,9.2593e-11
f6,hours.capacity*2,3S,hold,PASS,CONVERGED,CONVERGED,CONVERGED,CONVERGED,1605,1605,CONVERGED,CONVERGED,1223,98.218,98.218,0,0,0,0,0,0,0,0.97803,0,0.99627,1.0006,0,-0.088051,0.0020304,0,0.93286,1.0284,0.98009,1.6296,9.2593e-11
f6,own.maker*0.5,3S,hold,PASS,CONVERGED,CONVERGED,CONVERGED,CONVERGED,4029,4029,CONVERGED,CONVERGED,4029,1247.7,953.56,0,0,0,0,0,0,236,0.81673,0,0.75435,1.0339,886,-0.03737,0.024533,0,1,1.1854,0.95319,1.6834,9.2593e-11
f6,own.maker*2,3S,hold,PASS,CONVERGED,CONVERGED,CONVERGED,CONVERGED,3409,3409,CONVERGED,CONVERGED,3409,692.13,692.13,0,0,0,0,0,0,0,1,0,1,1.2994,884,-1.4433e-15,3.5527e-15,0,1,1,1,1.7978,2.2871e-11
f6,finished.maker*0.5,3S,hold,PASS,CONVERGED,CONVERGED,CONVERGED,CONVERGED,1899,1899,CONVERGED,CONVERGED,1899,inf,205.31,0,0,0,0,0,0,2,0.97169,0,0.99291,1.0011,0,-0.067151,0.0039536,0,0.95385,1.0387,0.96408,1.7359,9.2593e-11
f6,finished.maker*2,3S,hold,PASS,CONVERGED,CONVERGED,CONVERGED,CONVERGED,1893,1893,CONVERGED,CONVERGED,1893,503.31,503.31,0,0,0,0,0,0,0,0.97005,0,0.99558,1.0055,0,0.1065,0.0012464,0,0.60453,2,0.9488,1.6693,9.2593e-11
f6,stock.fodder*0.5,3S,hold,PASS,CONVERGED,CONVERGED,CONVERGED,CONVERGED,1834,1834,CONVERGED,CONVERGED,1834,1691.2,693.15,0,0,0,0,0,0,1,0.69341,0,0.99387,1.0009,0,0.0054701,0.0029732,0,0.955,1.0253,0.5,1.7101,9.2593e-11
f6,stock.fodder*2,3S,hold,PASS,CONVERGED,CONVERGED,CONVERGED,CONVERGED,1963,1963,CONVERGED,CONVERGED,1595,131.81,148.45,0,0,0,0,0,0,0,0.93362,0,0.99263,1.0014,0,0.044294,0.0048361,0,0.91381,1.0399,0.9007,1.6644,9.2593e-11
f6,coin.desk.good*0.5,3S,hold,PASS,CONVERGED,CONVERGED,CONVERGED,CONVERGED,3737,3737,CONVERGED,CONVERGED,3736,742.09,725.27,1,0,0,0,0,1,4,0.5,0,0.90129,1.0093,993,-0.12317,-0.0045686,0,0.4842,1.3522,0.88847,1.3262,9.2593e-11
f6,coin.desk.good*2,3S,hold,PASS,CONVERGED,CONVERGED,CONVERGED,CONVERGED,3242,3242,CONVERGED,CONVERGED,3242,1231,860.56,0,0,0,0,0,0,2,0.56879,1.4202,0.97828,1.0272,0,0.11284,0.031285,0,1,1.1783,0.80328,1.5882,9.2593e-11
f6,coin.desk.capacity*0.5,3S,hold,PASS,CONVERGED,CONVERGED,CONVERGED,CONVERGED,3400,3400,CONVERGED,CONVERGED,3401,inf,842.47,0,0,0,0,0,0,5,0.87904,0,0.93432,1.0061,655,0.1579,0.0019318,3,0.43065,1.6697,0.86255,1.3563,9.2593e-11
f6,coin.desk.capacity*2,3S,hold,PASS,CONVERGED,CONVERGED,CONVERGED,CONVERGED,2962,2962,CONVERGED,CONVERGED,2962,847.76,847.76,0,0,0,0,0,0,0,0.64378,0,0.98488,1.0169,0,-0.093727,0.016213,0,1,1.2186,0.81923,1.4146,9.2593e-11
f6,coin.desk.maker*0.5,3S,hold,PASS,CONVERGED,CONVERGED,CONVERGED,CONVERGED,2942,2942,CONVERGED,CONVERGED,2945,693.15,693.15,0,0,0,0,0,0,0,0.91356,0,0.96681,1.0031,0,0.091251,0.0038943,0,0.84384,1.0175,0.87617,1.5153,9.2593e-11
f6,coin.desk.maker*2,3S,hold,PASS,CONVERGED,CONVERGED,CONVERGED,CONVERGED,2634,2634,CONVERGED,CONVERGED,2634,inf,462.43,0,0,0,0,0,0,3,0.80489,0,0.98936,1.0087,0,-0.10336,0.0083865,0,0.79395,1.3495,0.71439,1.5536,9.2593e-11
f6,coin.desk.fodder*0.5,3S,hold,PASS,CONVERGED,CONVERGED,CONVERGED,CONVERGED,3297,3297,CONVERGED,CONVERGED,3297,1691.4,1082.9,1,0,0,0,1,0,41,0.69171,1.9495,0.92096,1.008,566,-0.038572,0.017658,0,0.54921,1.1757,0.49995,1.2036,9.2593e-11
f6,coin.desk.fodder*2,3S,hold,PASS,CONVERGED,CONVERGED,CONVERGED,CONVERGED,2826,2826,CONVERGED,CONVERGED,2826,1046.6,705.98,0,0,0,0,0,0,3,0.5844,0,0.98735,1.0137,0,-0.019897,0.011483,0,0.9987,1.0694,0.86738,1.7978,9.2593e-11
f6,coin.provider*0.5,3S,hold,PASS,CONVERGED,CONVERGED,CONVERGED,CONVERGED,2676,2676,CONVERGED,CONVERGED,2679,150.07,150.07,0,0,0,0,0,0,0,0.86064,0,0.98744,1.0012,0,-0.0032874,-0.00050266,0,0.94687,1.0197,0.98866,1.7425,9.2593e-11
f6,coin.provider*2,3S,hold,PASS,CONVERGED,CONVERGED,CONVERGED,CONVERGED,2221,2221,CONVERGED,CONVERGED,2221,173.39,173.39,0,0,0,0,0,0,0,0.91375,0,0.99662,1.004,0,-0.0039546,0.0031129,0,0.99986,1.0325,0.95609,1.7845,9.2593e-11
f6,coin.workers*0.5,3S,hold,PASS,CONVERGED,CONVERGED,CONVERGED,CONVERGED,3235,3235,CONVERGED,CONVERGED,3237,521.45,521.45,0,0,0,0,0,0,0,0.59366,0,0.96298,1.0035,0,-0.0095697,-0.0016619,0,0.84557,1.0616,0.96822,1.6401,9.2593e-11
f6,coin.workers*2,3S,hold,PASS,CONVERGED,CONVERGED,CONVERGED,CONVERGED,2759,2759,CONVERGED,CONVERGED,2759,446.45,446.45,0,0,0,0,0,0,0,0.77794,0,0.99011,1.0112,0,-0.010749,0.010366,0,0.99963,1.0733,0.8819,1.7647,9.2593e-11
f7,w*1.05,1,hold,PASS,CONVERGED,CONVERGED,-,-,1040,,CONVERGED,,1030,48.79,58.307,0,0,0,0,0,0,0,0.98554,0,0.99942,1.0006,0,-0.00041092,0.00068993,0,0.9998,1.0012,0.99872,3.0489,1.1946e-10
f7,r*1.05,1,hold,PASS,CONVERGED,CONVERGED,-,-,3533,,CONVERGED,,3532,48.79,176.78,0,0,0,0,0,0,0,0.93191,0,0.97279,1.0115,0,-0.0027593,0.00086968,0,0.95115,1.026,0.91936,2.8573,5.0182e-11
f7,p[fodder]*1.05,1,hold,PASS,CONVERGED,CONVERGED,-,-,2128,,CONVERGED,,2129,48.79,48.79,0,0,0,0,0,0,0,0.99797,0,0.99722,1.0016,0,-0.0042367,0.0010849,0,0.97868,1.01,0.99988,2.9059,5.0182e-11
f7,p[horse]*1.05,1,hold,PASS,CONVERGED,CONVERGED,-,-,35,,CONVERGED,,35,48.79,48.79,0,0,0,0,0,0,0,0.99924,0,0.99981,1.0001,0,0.0067926,7.8571e-05,0,0.98401,1.0237,0.99918,3.0501,5.0182e-11
f7,p[traction]*1.05,1,hold,PASS,CONVERGED,CONVERGED,-,-,1698,,CONVERGED,,1739,48.79,48.79,0,0,0,0,0,0,0,0.96198,0,0.99848,1.0014,0,0.032133,0.0016286,0,0.99526,1.0031,0.99506,3.0311,1.1946e-10
f7,p[good]*1.05,1,hold,PASS,CONVERGED,CONVERGED,-,-,1460,,CONVERGED,,1468,48.79,48.79,0,0,0,0,0,0,0,0.97416,0,0.99975,1.0015,0,-0.00042874,0.0014223,0,1,1.0031,0.99852,3.0507,5.0182e-11
f7,s*1.05,1,hold,PASS,CONVERGED,CONVERGED,-,-,903,,CONVERGED,,669,48.79,37.448,0,0,0,0,0,0,0,0.99208,0,0.99933,1.0005,0,-0.0073788,0.00056274,0,1,1.001,0.99825,3.0356,1.1946e-10
f7,JA(1.05),1,hold,PASS,CONVERGED,CONVERGED,-,-,1934,,CONVERGED,,1944,48.79,61.174,0,0,0,0,0,0,0,0.96067,0,0.99833,1.002,0,0.029605,0.0018811,0,0.96278,1.0323,0.99984,2.9682,5.0182e-11
f7,JB(1.05),1,hold,PASS,CONVERGED,CONVERGED,-,-,2413,,CONVERGED,,2413,48.79,152.56,0,0,0,0,0,0,0,0.92303,0,0.99441,1.0078,0,-0.0027184,0.0087788,0,0.95238,1.0368,0.90698,3.0339,5.0182e-11
f7,N(1.05),1,hold,PASS,CONVERGED,CONVERGED,-,-,3644,,CONVERGED,,3641,0,97.748,0,0,0,0,0,0,0,0.94703,0,0.97205,1.0127,0,0.029418,-0.0016634,0,0.93547,1.0286,0.97316,2.8729,5.0182e-11
f7,w*0.95,1,hold,PASS,CONVERGED,CONVERGED,-,-,1691,,CONVERGED,,1691,51.293,87.265,0,0,0,0,0,0,0,0.99113,0,0.99812,1.0012,0,-0.0075126,0.0015254,0,0.99914,1.0027,0.99448,3.0386,1.1946e-10
f7,r*0.95,1,hold,PASS,CONVERGED,CONVERGED,-,-,2800,,CONVERGED,,2800,51.293,112.53,0,0,0,0,0,0,0,0.98581,0,1,1.0255,0,-0.0021394,0.024149,0,0.99997,1.0528,0.98929,3.0413,5.0182e-11
f7,p[fodder]*0.95,1,hold,PASS,CONVERGED,CONVERGED,-,-,2465,,CONVERGED,,2465,51.293,129.12,0,0,0,0,0,0,0,0.93387,0,0.99263,1.0075,0,0.009159,0.0085967,0,0.99999,1.0165,0.91141,3.0179,5.0182e-11
f7,p[horse]*0.95,1,hold,PASS,CONVERGED,CONVERGED,-,-,477,,CONVERGED,,477,51.293,51.293,0,0,0,0,0,0,0,0.99664,0,0.99959,1.0003,0,0.018301,0.00035191,0,0.95,1.0388,0.99634,3.0461,1.1946e-10
f7,p[traction]*0.95,1,hold,PASS,CONVERGED,CONVERGED,-,-,1722,,CONVERGED,,1722,51.293,56.31,0,0,0,0,0,0,0,0.9902,0,0.99834,1.0012,0,-0.034065,0.0014099,0,0.97726,1.0108,0.99273,2.8987,1.1946e-10
f7,p[good]*0.95,1,hold,PASS,CONVERGED,CONVERGED,-,-,2148,,CONVERGED,,2148,51.293,60.411,0,0,0,0,0,0,0,0.96732,0,0.99577,1.002,0,-0.0020778,0.0022223,0,0.98654,1.0046,0.97644,2.9509,5.0182e-11
f7,s*0.95,1,hold,PASS,CONVERGED,CONVERGED,-,-,446,,CONVERGED,,446,51.293,38.953,0,0,0,0,0,0,0,0.99019,0,0.99955,1.0004,0,0.0033507,0.00046542,0,1,1.0008,0.99892,3.0493,1.1946e-10
f7,JA(0.95),1,hold,PASS,CONVERGED,CONVERGED,-,-,2503,,CONVERGED,,2503,51.293,113.39,0,0,0,0,0,0,0,0.93229,0,0.99122,1.0069,0,-0.010131,0.008232,0,0.95,1.033,0.91404,3.0285,5.0182e-11
f7,JB(0.95),1,hold,PASS,CONVERGED,CONVERGED,-,-,2495,,CONVERGED,,2499,51.293,122.43,0,0,0,0,0,0,0,0.94509,0,0.99192,1.0042,0,0.016157,0.0042049,0,0.99475,1.0094,0.99554,2.812,5.0182e-11
f7,N(0.95),1,hold,PASS,CONVERGED,CONVERGED,-,-,2790,,CONVERGED,,2790,0,119.25,0,0,0,0,0,0,0,0.98628,0,0.99972,1.0252,0,-0.012903,0.02338,0,0.99997,1.0522,0.983,3.0415,5.0182e-11
f7,w*1.2,2,hold,PASS,CONVERGED,CONVERGED,-,-,1851,,CONVERGED,,1841,182.32,232.29,0,0,0,0,0,0,0,0.94822,0,0.99777,1.0021,0,-0.0045801,0.0025961,0,0.99922,1.0047,0.99466,3.0354,5.0182e-11
f7,r*1.2,2,hold,PASS,CONVERGED,CONVERGED,-,-,4220,,CONVERGED,,4219,182.32,720.81,0,0,0,0,0,0,32,0.77227,0,0.90205,1.0425,1010,-0.0098893,0.0012082,0,0.82956,1.0961,0.72783,2.3373,5.0182e-11
f7,p[fodder]*1.2,2,hold,PASS,CONVERGED,CONVERGED,-,-,2771,,CONVERGED,,2772,182.32,182.32,0,0,0,0,0,0,0,0.99206,0,0.98913,1.0063,0,-0.02141,0.0042485,0,0.91626,1.0407,0.99953,2.5427,5.0182e-11
f7,p[horse]*1.2,2,hold,PASS,CONVERGED,CONVERGED,-,-,458,,CONVERGED,,458,182.32,182.32,0,0,0,0,0,0,0,0.99664,0,0.9991,1.0003,0,-0.0092578,0.00034829,0,0.94409,1.103,0.99631,3.0461,1.1946e-10
f7,p[traction]*1.2,2,hold,PASS,CONVERGED,CONVERGED,-,-,2338,,CONVERGED,,2366,182.32,182.32,0,0,0,0,0,0,0,0.86489,0,0.99427,1.0053,0,0.13346,0.006155,0,0.97658,1.0117,0.98078,2.9735,5.0182e-11
f7,p[good]*1.2,2,hold,PASS,CONVERGED,CONVERGED,-,-,2083,,CONVERGED,,2089,182.32,182.32,0,0,0,0,0,0,0,0.90446,0,0.99909,1.0054,0,-0.0017402,0.005277,0,0.99999,1.0115,0.99462,3.0491,5.0182e-11
f7,s*1.2,2,hold,PASS,CONVERGED,CONVERGED,-,-,1910,,CONVERGED,,1902,182.32,141.75,0,0,0,0,0,0,0,0.96761,0,0.99735,1.0018,0,-0.027926,0.0022209,0,1,1.0041,0.99296,2.9887,5.0182e-11
f7,JA(1.2),2,hold,PASS,CONVERGED,CONVERGED,-,-,2572,,CONVERGED,,2580,182.32,232.69,0,0,0,0,0,0,0,0.85939,0,0.9933,1.0079,0,0.064409,0.0072648,0,0.8666,1.1399,0.9994,2.7624,5.0182e-11
f7,JB(1.2),2,hold,PASS,CONVERGED,CONVERGED,-,-,3090,,CONVERGED,,3090,182.32,546.92,0,0,0,0,0,0,1,0.76059,0,0.9764,1.0295,0,-0.021639,0.033441,0,0.83333,1.1474,0.70379,2.9499,5.0182e-11
f7,N(1.2),2,hold,PASS,CONVERGED,CONVERGED,-,-,4321,,CONVERGED,,4318,0,369.46,0,0,0,0,0,0,0,0.81462,0,0.89912,1.0461,1094,0.073992,-0.0059564,0,0.78815,1.1043,0.90249,2.4307,5.0182e-11
f7,w*0.8,2,hold,PASS,CONVERGED,CONVERGED,-,-,2415,,CONVERGED,,2415,223.14,375.98,0,0,0,0,0,0,0,0.9601,0,0.99179,1.0054,0,-0.027592,0.0067415,0,0.99572,1.0121,0.97373,2.9913,5.0182e-11
f7,r*0.8,2,hold,PASS,CONVERGED,CONVERGED,-,-,3616,,CONVERGED,,3616,223.14,468.72,0,0,0,0,0,0,0,0.93661,0,1,1.1155,1291,-0.0096633,0.1038,0,0.99984,1.2431,0.9537,3.0108,5.0182e-11
f7,p[fodder]*0.8,2,hold,PASS,CONVERGED,CONVERGED,-,-,3208,,CONVERGED,,3208,223.14,618.18,0,0,0,0,0,0,6,0.74473,0,0.96599,1.0325,0,0.039174,0.037842,0,0.99996,1.0722,0.66945,2.851,5.0182e-11
f7,p[horse]*0.8,2,hold,PASS,CONVERGED,CONVERGED,-,-,1837,,CONVERGED,,1837,223.14,223.14,0,0,0,0,0,0,1,0.98502,0,0.99813,1.0015,0,0.087006,0.0015874,0,0.8,1.1842,0.98383,3.0281,5.0182e-11
f7,p[traction]*0.8,2,hold,PASS,CONVERGED,CONVERGED,-,-,2453,,CONVERGED,,2453,223.14,233.73,0,0,0,0,0,0,0,0.95793,0,0.99265,1.0055,0,-0.15392,0.006149,0,0.90818,1.037,0.96736,2.441,5.0182e-11
f7,p[good]*0.8,2,hold,PASS,CONVERGED,CONVERGED,-,-,2849,,CONVERGED,,2849,223.14,277.5,0,0,0,0,0,0,0,0.86716,0,0.98162,1.0087,0,-0.0082755,0.0092552,0,0.93574,1.0196,0.9079,2.6241,5.0182e-11
f7,s*0.8,2,hold,PASS,CONVERGED,CONVERGED,-,-,1698,,CONVERGED,,1698,223.14,171.17,0,0,0,0,0,0,0,0.96049,0,0.99817,1.0014,0,0.012957,0.0018808,0,1,1.0033,0.99543,3.0431,1.1946e-10
f7,JA(0.8),2,hold,PASS,CONVERGED,CONVERGED,-,-,3230,,CONVERGED,,3230,223.14,527.21,0,0,0,0,0,0,1,0.74245,0,0.96098,1.0294,0,-0.039616,0.034424,0,0.8,1.1531,0.68581,2.8955,5.0182e-11
f7,JB(0.8),2,hold,PASS,CONVERGED,CONVERGED,-,-,3221,,CONVERGED,,3226,223.14,586.32,0,0,0,0,0,0,1,0.78049,0,0.9637,1.0193,0,0.05528,0.018672,0,0.91375,1.0434,0.98846,2.1051,5.0182e-11
f7,N(0.8),2,hold,PASS,CONVERGED,CONVERGED,-,-,3605,,CONVERGED,,3605,0,490.25,0,0,0,0,0,0,2,0.93847,0,0.99883,1.1142,1281,-0.051016,0.098289,0,0.99984,1.2397,0.92867,3.0113,3.0531e-11
f7,w*2,3,hold,PASS,CONVERGED,CONVERGED,CONVERGED,CONVERGED,2479,2479,CONVERGED,CONVERGED,2469,693.15,693.15,0,0,0,0,0,0,0,0.83635,0,0.99171,1.0071,0,-0.043037,0.0085906,0,0.98844,1.0159,0.97434,2.8906,5.0182e-11
f7,r*2,3,hold,PASS,CONVERGED,CONVERGED,CONVERGED,CONVERGED,5060,5060,CONVERGED,CONVERGED,5060,693.15,4600.8,98,10,54,74,72,88,255,0.36517,142.91,0.6764,1.1524,2703,-0.030031,-0.013016,19,0.4933,1.3443,0.25289,0.9753,5.0182e-11
f7,p[fodder]*2,3,hold,PASS,CONVERGED,CONVERGED,CONVERGED,CONVERGED,3495,3495,CONVERGED,CONVERGED,3496,693.15,707.92,0,0,0,0,0,0,2,0.96255,0,0.95156,1.0286,0,-0.15845,0.019228,0,0.61477,1.2217,0.99796,1.5256,5.0182e-11
f7,p[horse]*2,3,hold,PASS,CONVERGED,CONVERGED,CONVERGED,CONVERGED,2020,2020,CONVERGED,CONVERGED,2020,693.15,693.15,0,0,0,0,0,0,3,0.97009,0,0.99494,1.0023,0,-0.24983,0.002526,1,0.88899,1.4668,0.96671,3.0241,5.0182e-11
f7,p[traction]*2,3,hold,PASS,CONVERGED,CONVERGED,CONVERGED,CONVERGED,3032,3032,CONVERGED,CONVERGED,3047,693.15,697.37,2,0,0,0,2,0,0,0.56996,0,0.97646,1.0214,0,0.70851,0.023793,0,0.86339,1.0475,0.9124,2.6407,5.0182e-11
f7,p[good]*2,3,hold,PASS,CONVERGED,CONVERGED,CONVERGED,CONVERGED,2694,2694,CONVERGED,CONVERGED,2699,693.15,693.15,0,0,0,0,0,0,0,0.65625,0,0.99685,1.0205,0,-0.0088196,0.019562,0,0.99998,1.0434,0.98163,3.0435,5.0182e-11
f7,s*2,3,hold,PASS,CONVERGED,CONVERGED,CONVERGED,CONVERGED,2778,2778,CONVERGED,CONVERGED,2766,693.15,557.28,0,0,0,0,0,0,2,0.82932,0,0.98433,1.011,0,-0.11028,0.012364,0,0.99999,1.0245,0.95238,2.6704,5.0182e-11
f7,JA(2),3,hold,PASS,CONVERGED,CONVERGED,CONVERGED,CONVERGED,3347,3347,CONVERGED,CONVERGED,3357,693.15,968.37,3,0,0,0,3,0,7,0.54791,0,0.96531,1.0348,0,0.007935,0.031907,4,0.5965,1.6262,0.99744,2.1272,5.0182e-11
f7,JB(2),3,hold,PASS,CONVERGED,CONVERGED,CONVERGED,CONVERGED,4007,4007,CONVERGED,CONVERGED,4007,693.15,2716.6,76,0,47,64,68,59,79,0.4021,124.07,0.88296,1.1215,1670,-0.035664,0.12919,10,0.5,1.3533,0.30322,1.7072,2.3537e-11
f7,N(2),3,hold,PASS,CONVERGED,CONVERGED,CONVERGED,CONVERGED,5132,5132,CONVERGED,CONVERGED,5130,0,2023.5,18,0,18,0,0,14,295,0.44386,12.07,0.66318,1.1611,2771,0.043424,-0.018747,3,0.43181,1.3637,0.64996,1.2764,5.0182e-11
f7,w*0.5,3,hold,PASS,CONVERGED,CONVERGED,CONVERGED,CONVERGED,3018,3018,CONVERGED,CONVERGED,3018,693.15,1156.4,0,0,0,0,0,0,17,0.87176,0,0.97245,1.0188,0,-0.056254,0.022524,0,0.99698,1.0421,0.90747,2.8104,5.0182e-11
f7,r*0.5,3,hold,PASS,CONVERGED,CONVERGED,CONVERGED,CONVERGED,4313,4313,CONVERGED,CONVERGED,4313,693.15,1393.1,0,0,0,0,0,0,0,0.77991,0,1,1.3975,1865,-0.031015,0.28099,0,0.99968,1.8478,0.86186,2.9502,5.0182e-11
f7,p[fodder]*0.5,3,hold,PASS,CONVERGED,CONVERGED,CONVERGED,CONVERGED,3966,3966,CONVERGED,CONVERGED,3966,693.15,2911.2,79,0,38,65,71,59,79,0.37495,128.81,0.88255,1.1062,1636,0.11171,0.11337,8,0.99989,1.2371,0.29547,1.7183,5.0182e-11
f7,p[horse]*0.5,3,hold,PASS,CONVERGED,CONVERGED,CONVERGED,CONVERGED,2489,2489,CONVERGED,CONVERGED,2489,693.15,693.15,0,0,0,0,0,0,2,0.94459,0,0.99267,1.0058,0,0.32884,0.0061314,0,0.5,1.3509,0.94121,2.9615,5.0182e-11
f7,p[traction]*0.5,3,hold,PASS,CONVERGED,CONVERGED,CONVERGED,CONVERGED,3003,3003,CONVERGED,CONVERGED,3003,693.15,693.15,0,0,0,0,0,0,0,0.88731,0,0.97737,1.0166,0,-0.43993,0.017512,0,0.76528,1.0371,0.90274,1.5256,5.0182e-11
f7,p[good]*0.5,3,hold,PASS,CONVERGED,CONVERGED,CONVERGED,CONVERGED,3439,3439,CONVERGED,CONVERGED,3439,693.15,956.86,0,0,0,0,0,0,18,0.65548,0,0.94427,1.0265,215,-0.020495,0.025656,0,0.75484,1.06,0.7797,1.8505,3.9524e-11
f7,s*0.5,3,hold,PASS,CONVERGED,CONVERGED,CONVERGED,CONVERGED,2158,2158,CONVERGED,CONVERGED,2158,693.15,542.88,0,0,0,0,0,0,0,0.89987,0,0.9953,1.0037,0,0.030279,0.0048151,0,0.99999,1.0084,0.98741,3.0287,5.0182e-11
f7,JA(0.5),3,hold,PASS,CONVERGED,CONVERGED,CONVERGED,CONVERGED,3959,3959,CONVERGED,CONVERGED,3959,693.15,2605.8,82,0,26,68,75,59,86,0.40569,88.628,0.87396,1.0925,1633,-0.035869,0.096813,0,0.5,1.2074,0.34362,1.9772,5.0182e-11
f7,JB(0.5),3,hold,PASS,CONVERGED,CONVERGED,CONVERGED,CONVERGED,4009,4009,CONVERGED,CONVERGED,4015,693.15,3116.9,19,0,0,0,19,7,89,0.47869,0,0.86637,1.0811,1683,0.026014,0.073742,3,0.12657,1.1826,0.80139,0.9202,5.0182e-11
f7,N(0.5),3,hold,PASS,CONVERGED,CONVERGED,CONVERGED,CONVERGED,4304,4304,CONVERGED,CONVERGED,4304,0,1410.1,0,0,0,0,0,0,3,0.79714,0,0.99777,1.3942,1856,-0.046902,0.27314,0,0.99968,1.8459,0.75786,2.9504,5.0182e-11
f7,x*/2,3,hold,PASS,CONVERGED,CONVERGED,CONVERGED,CONVERGED,3598,3598,CONVERGED,CONVERGED,3593,1424,1125,7,0,0,0,7,1,59,0.48933,0,0.93112,1.0487,315,-0.22802,0.049585,0,0.6838,1.1091,0.77464,1.5313,5.0182e-11
f7,b*1.1@genesis,2,b*1.1@dated,PASS,CONVERGED,CONVERGED,-,-,3331,,CONVERGED,,3331,95.31,318.05,0,0,0,0,0,0,0,0.89661,0,0.98514,1.0397,0,-0.0042623,0.0039854,0,0.90762,1.0265,0.84022,2.7019,3.2641e-11
f7,b*1.1@dated,2,b*1.1@dated,PASS,CONVERGED,CONVERGED,-,-,3331,,CONVERGED,,3331,95.31,318,0,0,0,0,0,0,0,0.8967,0,0.98514,1.0397,0,-0.0046626,0.0039821,0,0.90762,1.0265,0.84034,2.702,3.2641e-11
f7,b*0.9@genesis,2,b*0.9@dated,PASS,CONVERGED,CONVERGED,-,-,3372,,CONVERGED,,3372,105.36,193.66,0,0,0,0,0,0,0,0.96374,0,0.95991,1.0426,0,-0.00098332,0.044389,0,0.99994,1.0935,0.97804,3.0378,1.3656e-11
f7,b*0.9@dated,2,b*0.9@dated,PASS,CONVERGED,CONVERGED,-,-,3372,,CONVERGED,,3372,105.36,193.66,0,0,0,0,0,0,0,0.96374,0,0.95991,1.0426,0,-0.00098332,0.044389,0,0.99994,1.0935,0.97804,3.0378,1.41e-11
f7,b*2@genesis,3,b*2@dated,PASS,CONVERGED,CONVERGED,CONVERGED,CONVERGED,4465,4465,CONVERGED,CONVERGED,4466,693.15,4484.4,82,6,37,62,60,32,165,0.42554,145.65,0.90477,1.3831,1389,-0.016529,-0.043958,19,0.49698,1.2749,0.23525,0.90978,4.9072e-11
f7,b*2@dated,3,b*2@dated,PASS,CONVERGED,CONVERGED,CONVERGED,CONVERGED,4466,4466,CONVERGED,CONVERGED,4466,693.15,4473.4,83,6,37,63,60,32,164,0.42583,145.56,0.90475,1.3831,1389,-0.013119,-0.043999,18,0.49698,1.2749,0.23558,0.9108,4.9072e-11
f7,b*0.5@genesis,3,b*0.5@dated,PASS,CONVERGED,CONVERGED,CONVERGED,CONVERGED,4441,4441,CONVERGED,CONVERGED,4441,775.4,1269.5,0,0,0,0,0,0,0,0.79377,0,0.79488,1.3936,1997,-0.011614,0.39485,0,0.99987,1.8341,0.86186,2.9197,3.8192e-11
f7,b*0.5@dated,3,b*0.5@dated,PASS,CONVERGED,CONVERGED,CONVERGED,CONVERGED,4441,4441,CONVERGED,CONVERGED,4441,775.4,1269.5,0,0,0,0,0,0,0,0.79377,0,0.79488,1.3936,1997,-0.011614,0.39485,0,0.99987,1.8341,0.86186,2.9197,3.8192e-11
f7,stock.good*0.5,3S,hold,PASS,CONVERGED,CONVERGED,CONVERGED,CONVERGED,1744,1744,CONVERGED,CONVERGED,1744,693.15,693.15,0,0,0,0,0,0,0,0.5,0,0.99852,1.0017,0,-0.0095663,0.001958,0,0.9854,1.0038,0.98274,3.0072,5.0182e-11
f7,stock.good*2,3S,hold,PASS,CONVERGED,CONVERGED,CONVERGED,CONVERGED,2138,2138,CONVERGED,CONVERGED,1766,58.957,58.957,0,0,0,0,0,0,0,0.96803,0,0.99587,1.002,0,-0.00087599,0.0021664,0,0.98681,1.0044,0.97698,2.9531,5.0182e-11
f7,heads.capacity*0.5,3S,hold,PASS,CONVERGED,CONVERGED,CONVERGED,CONVERGED,4237,4237,CONVERGED,CONVERGED,4237,793.81,908.59,57,0,0,0,57,0,0,0.59112,15.728,0.65,1.1753,1867,0.022687,0.30002,0,0.99979,1.3987,0.7851,2.9979,5.0182e-11
f7,heads.capacity*2,3S,hold,PASS,CONVERGED,CONVERGED,CONVERGED,CONVERGED,5136,5136,CONVERGED,CONVERGED,5136,inf,1798.5,0,0,0,0,0,0,337,0.85912,0,0.80362,1.7,2802,0.16094,-0.23217,3,0.60596,1.2525,0.58824,1.2216,5.0182e-11
f7,hours.capacity*0.5,3S,hold,PASS,CONVERGED,CONVERGED,CONVERGED,CONVERGED,1992,1992,CONVERGED,CONVERGED,1992,693.15,693.15,0,0,0,0,0,0,0,0.59946,0,0.99748,1.0025,0,0.067203,0.0027569,0,0.95101,1.0299,0.98701,3.0503,5.0182e-11
f7,hours.capacity*2,3S,hold,PASS,CONVERGED,CONVERGED,CONVERGED,CONVERGED,2064,2064,CONVERGED,CONVERGED,1709,112.8,112.8,0,0,0,0,0,0,0,0.97907,0,0.99674,1.0024,0,-0.086228,0.0027538,0,0.95733,1.0205,0.98572,2.7672,5.0182e-11
f7,own.maker*0.5,3S,hold,PASS,CONVERGED,CONVERGED,CONVERGED,CONVERGED,4646,4646,CONVERGED,CONVERGED,4646,1247.7,859.43,0,0,0,0,0,0,237,0.82091,0,0.74705,1.1768,2276,-0.056783,-0.0092832,0,0.99979,1.3973,0.98517,2.9379,5.0182e-11
f7,own.maker*2,3S,hold,PASS,CONVERGED,CONVERGED,CONVERGED,CONVERGED,3409,3409,CONVERGED,CONVERGED,3409,692.13,692.13,0,0,0,0,0,0,0,1,0,1,1.2994,884,4.4409e-16,6.6613e-16,0,1,1,1,3.0512,5.0182e-11
f7,finished.maker*0.5,3S,hold,PASS,CONVERGED,CONVERGED,CONVERGED,CONVERGED,2277,2277,CONVERGED,CONVERGED,2277,inf,194.8,0,0,0,0,0,0,2,0.97386,0,0.99405,1.0038,0,-0.10276,0.0048347,0,0.98988,1.0099,0.9754,3.0321,5.0182e-11
f7,finished.maker*2,3S,hold,PASS,CONVERGED,CONVERGED,CONVERGED,CONVERGED,2646,2646,CONVERGED,CONVERGED,2646,529.36,423.5,0,0,0,0,0,0,0,0.98248,0,0.99856,1.0065,0,0.16842,-0.0020095,0,0.65475,2,0.97313,2.9999,1.1946e-10
f7,stock.fodder*0.5,3S,hold,PASS,CONVERGED,CONVERGED,CONVERGED,CONVERGED,2144,2144,CONVERGED,CONVERGED,2144,1415.4,693.15,0,0,0,0,0,0,1,0.59918,0,0.99621,1.003,0,0.02369,0.0033345,0,0.98937,1.0089,0.5,3.0133,5.0182e-11
f7,stock.fodder*2,3S,hold,PASS,CONVERGED,CONVERGED,CONVERGED,CONVERGED,2134,2134,CONVERGED,CONVERGED,1801,65.804,61.953,0,0,0,0,0,0,0,0.96693,0,0.99645,1.0036,0,0.0059869,0.004182,0,0.99999,1.0081,0.95577,3.0358,5.0182e-11
f7,coin.desk.good*0.5,3S,hold,PASS,CONVERGED,CONVERGED,CONVERGED,CONVERGED,4003,4003,CONVERGED,CONVERGED,4001,693.15,693.15,0,0,0,0,0,0,0,0.5,0,0.93826,1.0274,778,-0.11436,-0.0015202,0,0.65457,1.1864,0.92616,2.2282,5.0182e-11
f7,coin.desk.good*2,3S,hold,PASS,CONVERGED,CONVERGED,CONVERGED,CONVERGED,3614,3614,CONVERGED,CONVERGED,3614,1055.7,589.34,0,0,0,0,0,0,2,0.75588,0,0.99252,1.1078,1293,0.097151,0.10516,0,0.99985,1.2276,0.75038,3.0135,3.1419e-11
f7,coin.desk.capacity*0.5,3S,hold,PASS,CONVERGED,CONVERGED,CONVERGED,CONVERGED,3909,3909,CONVERGED,CONVERGED,3909,inf,614.95,0,0,0,0,0,0,3,0.89803,0,0.94735,1.0236,557,0.20783,-0.001924,2,0.54067,1.515,0.92463,2.6972,5.0182e-11
f7,coin.desk.capacity*2,3S,hold,PASS,CONVERGED,CONVERGED,CONVERGED,CONVERGED,3445,3445,CONVERGED,CONVERGED,3445,670.49,670.49,0,0,0,0,0,0,0,0.83336,0,1,1.0859,1134,-0.13322,0.074973,0,0.99989,1.1795,0.8058,3.0202,5.0182e-11
f7,coin.desk.maker*0.5,3S,hold,PASS,CONVERGED,CONVERGED,CONVERGED,CONVERGED,3666,3666,CONVERGED,CONVERGED,3672,726.93,693.15,0,0,0,0,0,0,1,0.9189,0,0.965,1.0154,0,0.095143,-0.00041029,0,0.87747,1.0348,0.92593,2.7991,5.0182e-11
f7,coin.desk.maker*2,3S,hold,PASS,CONVERGED,CONVERGED,CONVERGED,CONVERGED,3234,3234,CONVERGED,CONVERGED,3234,inf,323.73,0,0,0,0,0,0,3,0.75949,0,0.99822,1.06,897,-0.12402,0.049631,0,0.97807,1.2799,0.72491,3.0289,3.7859e-11
f7,coin.desk.fodder*0.5,3S,hold,PASS,CONVERGED,CONVERGED,CONVERGED,CONVERGED,3253,3253,CONVERGED,CONVERGED,3253,1415.5,740.31,1,0,0,0,1,0,20,0.59918,0,0.9632,1.0172,0,-0.0095496,0.015339,0,0.99998,1.0389,0.49998,2.588,5.0182e-11
f7,coin.desk.fodder*2,3S,hold,PASS,CONVERGED,CONVERGED,CONVERGED,CONVERGED,3241,3241,CONVERGED,CONVERGED,3241,592.42,592.42,0,0,0,0,0,0,0,0.85764,0,0.99168,1.0512,819,-0.0067418,0.051451,0,0.9997,1.1087,0.80127,3.0324,5.0182e-11
f7,coin.provider*0.5,3S,hold,PASS,CONVERGED,CONVERGED,CONVERGED,CONVERGED,4026,4026,CONVERGED,CONVERGED,4025,312.43,312.43,0,0,0,0,0,0,0,0.73167,0,0.94267,1.0262,772,-0.0066137,-0.0033177,0,0.87198,1.0591,0.99473,2.6971,5.0182e-11
f7,coin.provider*2,3S,hold,PASS,CONVERGED,CONVERGED,CONVERGED,CONVERGED,3540,3540,CONVERGED,CONVERGED,3540,716.53,453.88,0,0,0,0,0,0,1,0.75849,0,0.99067,1.093,1225,-0.016239,0.092995,0,0.99907,1.1974,0.69879,3.0182,3.2196e-11
f7,coin.workers*0.5,3S,hold,PASS,CONVERGED,CONVERGED,CONVERGED,CONVERGED,4064,4064,CONVERGED,CONVERGED,4063,339.4,339.4,0,0,0,0,0,0,0,0.71219,0,0.9384,1.0281,844,-0.0070912,-0.0035654,0,0.86253,1.0636,0.99438,2.6716,4.6629e-11
f7,coin.workers*2,3S,hold,PASS,CONVERGED,CONVERGED,CONVERGED,CONVERGED,3577,3577,CONVERGED,CONVERGED,3577,770.24,480.94,0,0,0,0,0,0,1,0.74644,0,0.99005,1.0994,1259,-0.017135,0.09941,0,0.99903,1.211,0.68384,3.0163,5.0182e-11
f8,w*1.05,1,hold,PASS,CONVERGED,CONVERGED,-,-,1100,,CONVERGED,,1096,48.79,58.323,0,0,0,0,0,0,0,0.9856,0,0.99947,1.0011,0,-0.00033677,0.00070042,0,0.99961,1.0024,0.99806,1.5246,5.0182e-11
f8,r*1.05,1,hold,PASS,CONVERGED,CONVERGED,-,-,3241,,CONVERGED,,3239,48.79,178.27,0,0,0,0,0,0,0,0.92305,0,0.96679,1.0271,0,7.7069e-05,-0.00064656,0,0.95238,1.0632,0.90848,1.4437,1.1946e-10
f8,p[fodder]*1.05,1,hold,PASS,CONVERGED,CONVERGED,-,-,2290,,CONVERGED,,2293,48.79,118.11,0,0,0,0,0,0,0,0.99285,0,0.9919,1.0093,0,-0.01856,0.0032239,0,0.93889,1.0215,0.99938,1.453,5.0182e-11
f8,p[horse]*1.05,1,hold,PASS,CONVERGED,CONVERGED,-,-,438,,CONVERGED,,438,48.79,48.79,0,0,0,0,0,0,0,0.99851,0,0.99982,1.0003,0,3.0318e-05,0.00014208,0,0.98593,1.0164,0.99831,1.5249,5.0182e-11
f8,p[traction]*1.05,1,hold,PASS,CONVERGED,CONVERGED,-,-,1722,,CONVERGED,,1755,48.79,73.689,0,0,0,0,0,0,0,0.96198,0,0.99762,1.0042,0,0.032278,0.0022876,0,0.97532,1.0186,0.98313,1.5157,5.0182e-11
f8,p[good]*1.05,1,hold,PASS,CONVERGED,CONVERGED,-,-,1337,,CONVERGED,,1343,48.79,48.79,0,0,0,0,0,0,0,0.9746,0,0.99972,1.0028,0,0.00023818,0.0015969,0,0.99988,1.0059,0.99611,1.5248,5.0182e-11
f8,s*1.05,1,hold,PASS,CONVERGED,CONVERGED,-,-,1244,,CONVERGED,,1234,48.79,37.448,0,0,0,0,0,0,0,0.99208,0,0.9992,1.0012,0,-0.0058644,0.00064485,0,0.99847,1.0038,0.99632,1.5178,5.0182e-11
f8,JA(1.05),1,hold,PASS,CONVERGED,CONVERGED,-,-,2178,,CONVERGED,,2185,48.79,117.51,0,0,0,0,0,0,0,0.9608,0,0.99382,1.0089,0,0.0082445,0.0037647,0,0.92552,1.0319,0.9994,1.4877,5.0182e-11
f8,JB(1.05),1,hold,PASS,CONVERGED,CONVERGED,-,-,2137,,CONVERGED,,2139,48.79,249.27,0,0,0,0,0,0,0,0.89834,0,0.99768,1.0146,0,0.0067654,0.0088127,0,0.89835,1.1438,0.88276,1.4932,5.0182e-11
f8,N(1.05),1,hold,PASS,CONVERGED,CONVERGED,-,-,3349,,CONVERGED,,3346,0,145,0,0,0,0,0,0,0,0.94703,0,0.96408,1.0311,0,0.010517,-0.0025189,0,0.90636,1.0725,0.97385,1.4505,5.2625e-11
f8,w*0.95,1,hold,PASS,CONVERGED,CONVERGED,-,-,1460,,CONVERGED,,1460,51.293,83.237,0,0,0,0,0,0,0,0.99156,0,0.99833,1.0022,0,-0.0034889,0.0013115,0,0.99989,1.0049,0.99564,1.5191,5.0182e-11
f8,r*0.95,1,hold,PASS,CONVERGED,CONVERGED,-,-,2685,,CONVERGED,,2685,51.293,210.94,0,0,0,0,0,0,0,0.98648,0,0.99999,1.0434,0,0.00037404,0.024818,0,0.99803,1.0915,0.99705,1.5122,5.0182e-11
f8,p[fodder]*0.95,1,hold,PASS,CONVERGED,CONVERGED,-,-,1968,,CONVERGED,,1968,51.293,152.88,0,0,0,0,0,0,0,0.90983,0,0.99867,1.0108,0,0.025721,0.0064434,0,0.96406,1.0773,0.88593,1.5116,5.0182e-11
f8,p[horse]*0.95,1,hold,PASS,CONVERGED,CONVERGED,-,-,1354,,CONVERGED,,1354,51.293,51.293,0,0,0,0,0,0,0,0.99261,0,0.99908,1.0014,0,0.013855,0.00072505,0,0.95,1.0388,0.99163,1.5219,5.0182e-11
f8,p[traction]*0.95,1,hold,PASS,CONVERGED,CONVERGED,-,-,1761,,CONVERGED,,1761,51.293,77.958,0,0,0,0,0,0,0,0.98121,0,0.99738,1.0042,0,-0.034892,0.0021722,0,0.95517,1.0216,0.98179,1.4493,5.0182e-11
f8,p[good]*0.95,1,hold,PASS,CONVERGED,CONVERGED,-,-,2223,,CONVERGED,,2223,51.293,142.35,0,0,0,0,0,0,0,0.96632,0,0.99245,1.0093,0,-0.0012545,0.0041011,0,0.93239,1.0353,0.96773,1.4739,5.0182e-11
f8,s*0.95,1,hold,PASS,CONVERGED,CONVERGED,-,-,910,,CONVERGED,,910,51.293,38.953,0,0,0,0,0,0,0,0.99019,0,0.99962,1.0007,0,0.0033623,0.00043038,0,0.99997,1.0015,0.99931,1.5245,5.0182e-11
f8,JA(0.95),1,hold,PASS,CONVERGED,CONVERGED,-,-,1997,,CONVERGED,,1997,51.293,111.87,0,0,0,0,0,0,0,0.91799,0,0.99693,1.0095,0,0.0044465,0.0055733,0,0.95,1.0388,0.8988,1.518,5.0182e-11
f8,JB(0.95),1,hold,PASS,CONVERGED,CONVERGED,-,-,2617,,CONVERGED,,2627,51.293,272.95,0,0,0,0,0,0,0,0.94645,0,0.98341,1.0191,0,0.0012445,0.0082019,0,0.898,1.0438,0.96924,1.4088,5.0182e-11
f8,N(0.95),1,hold,PASS,CONVERGED,CONVERGED,-,-,2668,,CONVERGED,,2668,0,232.96,0,0,0,0,0,0,0,0.98752,0,0.99972,1.0437,0,0.0008234,0.025401,0,0.99808,1.0922,0.98446,1.5121,5.0182e-11
f8,w*1.2,2,hold,PASS,CONVERGED,CONVERGED,-,-,1630,,CONVERGED,,1621,182.32,230.6,0,0,0,0,0,0,0,0.94824,0,0.99793,1.0042,0,-0.0044517,0.0026738,0,0.9985,1.0094,0.99315,1.5183,5.0182e-11
f8,r*1.2,2,hold,PASS,CONVERGED,CONVERGED,-,-,3920,,CONVERGED,,3919,182.32,782.88,0,0,0,0,0,0,20,0.74239,0,0.8815,1.097,1775,5.9742e-05,-0.0033449,0,0.79625,1.2247,0.69737,1.2355,5.0182e-11
f8,p[fodder]*1.2,2,hold,PASS,CONVERGED,CONVERGED,-,-,2999,,CONVERGED,,3001,182.32,492.62,0,0,0,0,0,0,0,0.97361,0,0.96993,1.0348,0,-0.079039,0.012432,0,0.75603,1.0822,0.99768,1.2713,1.1946e-10
f8,p[horse]*1.2,2,hold,PASS,CONVERGED,CONVERGED,-,-,1334,,CONVERGED,,1334,182.32,182.32,0,0,0,0,0,0,0,0.99323,0,0.99916,1.0013,0,-0.013325,0.0006512,0,0.93952,1.0779,0.99231,1.5222,5.0182e-11
f8,p[traction]*1.2,2,hold,PASS,CONVERGED,CONVERGED,-,-,2371,,CONVERGED,,2406,182.32,274.68,0,0,0,0,0,0,0,0.86489,0,0.99084,1.0162,0,0.13378,0.0088982,0,0.90039,1.0708,0.93607,1.4872,5.0182e-11
f8,p[good]*1.2,2,hold,PASS,CONVERGED,CONVERGED,-,-,1887,,CONVERGED,,1894,182.32,182.32,0,0,0,0,0,0,0,0.90603,0,0.99902,1.0102,0,0.00082558,0.0059407,0,0.99954,1.022,0.9862,1.5225,5.0182e-11
f8,s*1.2,2,hold,PASS,CONVERGED,CONVERGED,-,-,1792,,CONVERGED,,1783,182.32,141.75,0,0,0,0,0,0,0,0.96761,0,0.99679,1.0047,0,-0.022517,0.0026145,0,0.99277,1.0161,0.98469,1.4942,5.0182e-11
f8,JA(1.2),2,hold,PASS,CONVERGED,CONVERGED,-,-,2904,,CONVERGED,,2914,182.32,487.56,0,0,0,0,0,0,0,0.85979,0,0.9759,1.0347,0,0.0043567,0.015311,0,0.70866,1.1535,0.99769,1.3926,5.0182e-11
f8,JB(1.2),2,hold,PASS,CONVERGED,CONVERGED,-,-,2840,,CONVERGED,,2841,182.32,755.84,0,0,0,0,0,0,1,0.69615,0,0.99166,1.0523,748,0.012166,0.0316,0,0.73524,1.4735,0.64113,1.4437,5.0182e-11
f8,N(1.2),2,hold,PASS,CONVERGED,CONVERGED,-,-,4017,,CONVERGED,,4015,0,666.59,0,0,0,0,0,0,0,0.81462,0,0.87163,1.1116,1854,0.013212,-0.010616,0,0.67437,1.2577,0.904,1.2633,5.0182e-11
f8,w*0.8,2,hold,PASS,CONVERGED,CONVERGED,-,-,2106,,CONVERGED,,2106,223.14,359.23,0,0,0,0,0,0,0,0.96357,0,0.99261,1.0098,0,-0.012401,0.0059078,0,0.9995,1.0224,0.9775,1.4947,5.0182e-11
f8,r*0.8,2,hold,PASS,CONVERGED,CONVERGED,-,-,3426,,CONVERGED,,3426,223.14,790.42,0,0,0,0,0,0,0,0.936,0,0.99995,1.1947,1214,0.0016783,0.11234,0,0.99081,1.4124,0.98697,1.4702,5.0182e-11
f8,p[fodder]*0.8,2,hold,PASS,CONVERGED,CONVERGED,-,-,2841,,CONVERGED,,2841,223.14,591.09,0,0,0,0,0,0,0,0.68385,0,0.98909,1.0509,726,0.11609,0.031258,0,0.83045,1.3411,0.60137,1.4639,5.0182e-11
f8,p[horse]*0.8,2,hold,PASS,CONVERGED,CONVERGED,-,-,1949,,CONVERGED,,1949,223.14,223.14,0,0,0,0,0,0,1,0.96809,0,0.9959,1.0063,0,0.058164,0.003225,0,0.8,1.1842,0.964,1.5093,5.0182e-11
f8,p[traction]*0.8,2,hold,PASS,CONVERGED,CONVERGED,-,-,2511,,CONVERGED,,2511,223.14,330.52,0,0,0,0,0,0,0,0.91765,0,0.98781,1.0192,0,-0.15446,0.0099851,0,0.81378,1.1014,0.91851,1.2205,5.0182e-11
f8,p[good]*0.8,2,hold,PASS,CONVERGED,CONVERGED,-,-,3037,,CONVERGED,,3037,223.14,611.21,0,0,0,0,0,0,0,0.85709,0,0.96615,1.0419,0,-0.0049832,0.018822,0,0.69654,1.1667,0.85985,1.3061,5.0182e-11
f8,s*0.8,2,hold,PASS,CONVERGED,CONVERGED,-,-,1476,,CONVERGED,,1476,223.14,171.17,0,0,0,0,0,0,0,0.96049,0,0.99844,1.0027,0,0.013001,0.0017372,0,0.99986,1.0061,0.99723,1.5208,5.0182e-11
f8,JA(0.8),2,hold,PASS,CONVERGED,CONVERGED,-,-,2854,,CONVERGED,,2854,223.14,469.77,0,0,0,0,0,0,1,0.70622,0,0.9813,1.0441,0,0.014032,0.02624,0,0.8,1.1646,0.63871,1.4879,5.0182e-11
f8,JB(0.8),2,hold,PASS,CONVERGED,CONVERGED,-,-,3486,,CONVERGED,,3492,223.14,1761.2,0,0,0,0,0,0,55,0.75797,0,0.92037,1.1014,1342,-0.004817,0.048298,0,0.36391,1.2627,0.76683,1.0705,5.0182e-11
f8,N(0.8),2,hold,PASS,CONVERGED,CONVERGED,-,-,3409,,CONVERGED,,3409,0,878.9,0,0,0,0,0,0,1,0.94527,0,0.99882,1.1965,1195,0.0024653,0.11239,0,0.99098,1.4166,0.92858,1.4697,5.0182e-11
f8,w*2,3,hold,PASS,CONVERGED,CONVERGED,CONVERGED,CONVERGED,2385,2385,CONVERGED,CONVERGED,2372,693.15,693.15,0,0,0,0,0,0,0,0.83635,0,0.9897,1.0174,0,-0.043682,0.010071,0,0.97094,1.053,0.94855,1.4486,5.0182e-11
f8,r*2,3,hold,PASS,CONVERGED,CONVERGED,CONVERGED,CONVERGED,4626,4626,CONVERGED,CONVERGED,4625,693.15,5970.6,153,0,28,152,70,76,289,0.34086,83.244,0.63344,1.3118,2283,-0.0023264,-0.027146,49,0.047226,1.708,0.24727,0.78154,5.0182e-11
f8,p[fodder]*2,3,hold,PASS,CONVERGED,CONVERGED,CONVERGED,CONVERGED,3745,3745,CONVERGED,CONVERGED,3749,693.15,3146.3,0,0,0,0,0,0,79,0.78373,0,0.87128,1.1647,1524,-0.31511,0.078152,7,0.10322,1.6813,0.75215,0.76281,5.0182e-11
f8,p[horse]*2,3,hold,PASS,CONVERGED,CONVERGED,CONVERGED,CONVERGED,1892,1892,CONVERGED,CONVERGED,1892,693.15,693.15,0,0,0,0,0,0,2,0.97662,0,0.99591,1.0054,0,-0.15385,0.0026954,0,0.78896,1.4358,0.97422,1.5119,5.0182e-11
f8,p[traction]*2,3,hold,PASS,CONVERGED,CONVERGED,CONVERGED,CONVERGED,3229,3229,CONVERGED,CONVERGED,3246,693.15,1042.3,2,0,0,0,2,0,4,0.56996,0,0.95693,1.0761,1127,0.71082,0.041543,0,0.54566,1.3164,0.74303,1.3239,5.0182e-11
f8,p[good]*2,3,hold,PASS,CONVERGED,CONVERGED,CONVERGED,CONVERGED,2598,2598,CONVERGED,CONVERGED,2603,693.15,693.15,0,0,0,0,0,0,0,0.66131,0,0.9968,1.038,0,0.001857,0.022276,0,0.99831,1.0818,0.95669,1.5141,5.0182e-11
f8,s*2,3,hold,PASS,CONVERGED,CONVERGED,CONVERGED,CONVERGED,2848,2848,CONVERGED,CONVERGED,2835,693.15,557.28,0,0,0,0,0,0,2,0.82932,0,0.97726,1.0349,0,-0.094095,0.018506,0,0.86129,1.1441,0.87707,1.3336,1.1946e-10
f8,JA(2),3,hold,PASS,CONVERGED,CONVERGED,CONVERGED,CONVERGED,3604,3604,CONVERGED,CONVERGED,3612,693.15,2092.2,3,0,0,0,3,0,58,0.54867,0,0.9061,1.1398,1415,-0.051185,0.07133,9,0.25626,1.6756,0.75043,1.2475,5.0182e-11
f8,JB(2),3,hold,PASS,CONVERGED,CONVERGED,CONVERGED,CONVERGED,3726,3726,CONVERGED,CONVERGED,3726,693.15,2507,71,0,61,56,65,68,76,0.41868,139.74,0.91044,1.2269,1457,0.046598,0.13762,5,0.5,2.064,0.2847,1.0494,2.2871e-11
f8,N(2),3,hold,PASS,CONVERGED,CONVERGED,CONVERGED,CONVERGED,4704,4704,CONVERGED,CONVERGED,4701,0,7136.1,105,1,7,96,0,9,312,0.44386,2.9798,0.60266,1.3514,2339,-0.038843,-0.055967,50,0.0090265,1.7953,0.60268,0.96762,5.0182e-11
f8,w*0.5,3,hold,PASS,CONVERGED,CONVERGED,CONVERGED,CONVERGED,2833,2833,CONVERGED,CONVERGED,2833,693.15,1112.3,0,0,0,0,0,0,18,0.87886,0,0.97389,1.0363,0,-0.022254,0.021003,0,0.99817,1.0826,0.90384,1.404,1.1946e-10
f8,r*0.5,3,hold,PASS,CONVERGED,CONVERGED,CONVERGED,CONVERGED,4027,4027,CONVERGED,CONVERGED,4027,693.15,2049.6,0,0,0,0,0,0,62,0.75837,0,1,1.6458,1576,0.0055819,0.38084,0,0.97285,2.3769,0.9637,1.3744,5.0182e-11
f8,p[fodder]*0.5,3,hold,PASS,CONVERGED,CONVERGED,CONVERGED,CONVERGED,3647,3647,CONVERGED,CONVERGED,3647,693.15,2301.9,74,0,31,56,70,68,76,0.40465,116.1,0.91445,1.1942,1406,0.37833,0.12074,2,0.51469,2.2249,0.28252,1.0654,5.0182e-11
f8,p[horse]*0.5,3,hold,PASS,CONVERGED,CONVERGED,CONVERGED,CONVERGED,2526,2526,CONVERGED,CONVERGED,2526,693.15,693.15,0,0,0,0,0,0,2,0.90798,0,0.98732,1.0195,0,0.15607,0.010028,0,0.5,1.3509,0.89683,1.4754,5.0182e-11
f8,p[traction]*0.5,3,hold,PASS,CONVERGED,CONVERGED,CONVERGED,CONVERGED,3192,3192,CONVERGED,CONVERGED,3192,693.15,949.32,0,0,0,0,0,0,5,0.76175,0,0.95704,1.0658,1095,-0.43655,0.034265,0,0.49533,1.3439,0.75319,0.76281,3.5305e-11
f8,p[good]*0.5,3,hold,PASS,CONVERGED,CONVERGED,CONVERGED,CONVERGED,3719,3719,CONVERGED,CONVERGED,3719,693.15,2465.8,0,0,0,0,0,0,97,0.59906,0,0.88041,1.1566,1507,-0.012264,0.074309,0,0.13024,1.5978,0.58254,0.93195,5.0182e-11
f8,s*0.5,3,hold,PASS,CONVERGED,CONVERGED,CONVERGED,CONVERGED,1871,1871,CONVERGED,CONVERGED,1871,693.15,542.88,0,0,0,0,0,0,0,0.89987,0,0.99597,1.0069,0,0.030379,0.0044413,0,0.99965,1.0157,0.99301,1.5125,5.0182e-11
f8,JA(0.5),3,hold,PASS,CONVERGED,CONVERGED,CONVERGED,CONVERGED,3607,3607,CONVERGED,CONVERGED,3607,693.15,1809.2,76,0,16,59,73,62,79,0.41674,72.341,0.90595,1.1601,1396,0.062045,0.095645,0,0.5,1.6317,0.30983,1.2155,5.0182e-11
f8,JB(0.5),3,hold,PASS,CONVERGED,CONVERGED,CONVERGED,CONVERGED,4051,4051,CONVERGED,CONVERGED,4053,693.15,5691.6,63,0,0,34,57,10,156,0.46274,0,0.78829,1.295,1723,-0.035685,0.14516,42,0.013557,1.6655,0.44462,0.76111,5.0182e-11
f8,N(0.5),3,hold,PASS,CONVERGED,CONVERGED,CONVERGED,CONVERGED,4016,4016,CONVERGED,CONVERGED,4016,0,2241.7,0,0,0,0,0,0,65,0.82483,0,0.99798,1.6605,1561,0.047577,0.37033,0,0.97208,2.4063,0.7663,1.3718,5.0182e-11
f8,x*/2,3,hold,PASS,CONVERGED,CONVERGED,CONVERGED,CONVERGED,3795,3795,CONVERGED,CONVERGED,3791,1424,2922.3,7,0,0,0,7,1,107,0.48933,0,0.86825,1.2049,1538,-0.20868,0.11185,0,0.099254,1.5518,0.58937,0.81267,5.0182e-11
f8,b*1.1@genesis,2,b*1.1@dated,PASS,CONVERGED,CONVERGED,-,-,2993,,CONVERGED,,2993,95.31,287.96,0,0,0,0,0,0,0,0.87968,0,0.97782,1.0397,0,0.00020223,0.0015361,0,0.90313,1.0397,0.82008,1.3818,1.0458e-10
f8,b*1.1@dated,2,b*1.1@dated,PASS,CONVERGED,CONVERGED,-,-,2993,,CONVERGED,,2993,95.31,287.96,0,0,0,0,0,0,0,0.87968,0,0.97782,1.0397,0,0.00020223,0.0015361,0,0.90313,1.0397,0.82008,1.3818,1.0458e-10
f8,b*0.9@genesis,2,b*0.9@dated,PASS,CONVERGED,CONVERGED,-,-,3227,,CONVERGED,,3227,105.36,372.83,0,0,0,0,0,0,0,0.95738,0,0.95987,1.0881,1113,0.0030768,0.051198,0,0.99535,1.1973,0.99435,1.5013,5.9508e-11
f8,b*0.9@dated,2,b*0.9@dated,PASS,CONVERGED,CONVERGED,-,-,3227,,CONVERGED,,3227,105.36,372.83,0,0,0,0,0,0,0,0.95738,0,0.95987,1.0881,1113,0.0030768,0.051198,0,0.99535,1.1973,0.99435,1.5013,5.9508e-11
f8,b*2@genesis,3,b*2@dated,PASS,CONVERGED,CONVERGED,CONVERGED,CONVERGED,4087,4087,CONVERGED,CONVERGED,4087,693.15,4888.5,61,0,18,59,59,34,229,0.48062,105.88,0.86262,1.3835,1953,0.0024599,0.014091,42,0.097612,1.3835,0.2304,0.67842,4.9072e-11
f8,b*2@dated,3,b*2@dated,PASS,CONVERGED,CONVERGED,CONVERGED,CONVERGED,4087,4087,CONVERGED,CONVERGED,4087,693.15,4888.5,61,0,18,59,59,34,229,0.48062,105.88,0.86262,1.3835,1953,0.0024599,0.014091,42,0.097612,1.3835,0.2304,0.67842,4.9072e-11
f8,b*0.5@genesis,3,b*0.5@dated,PASS,CONVERGED,CONVERGED,CONVERGED,CONVERGED,4294,4294,CONVERGED,CONVERGED,4294,775.4,2051.3,0,0,0,0,0,0,133,0.73443,0,0.79464,1.7826,1804,0.015445,0.5102,0,0.93918,2.702,0.95955,1.3305,9.2815e-11
f8,b*0.5@dated,3,b*0.5@dated,PASS,CONVERGED,CONVERGED,CONVERGED,CONVERGED,4294,4294,CONVERGED,CONVERGED,4294,775.4,2051.3,0,0,0,0,0,0,133,0.73443,0,0.79464,1.7826,1804,0.015445,0.5102,0,0.93918,2.702,0.95955,1.3305,9.2593e-11
f8,stock.good*0.5,3S,hold,PASS,CONVERGED,CONVERGED,CONVERGED,CONVERGED,1728,1728,CONVERGED,CONVERGED,1728,693.15,693.15,0,0,0,0,0,0,0,0.5,0,0.99763,1.0046,0,-0.0081824,0.0026159,0,0.96665,1.0201,0.98198,1.5036,5.0182e-11
f8,stock.good*2,3S,hold,PASS,CONVERGED,CONVERGED,CONVERGED,CONVERGED,2214,2214,CONVERGED,CONVERGED,1895,121.61,139.3,0,0,0,0,0,0,0,0.96702,0,0.99261,1.0091,0,-0.00025734,0.0039875,0,0.93378,1.0345,0.9684,1.475,5.0182e-11
f8,heads.capacity*0.5,3S,hold,PASS,CONVERGED,CONVERGED,CONVERGED,CONVERGED,3944,3944,CONVERGED,CONVERGED,3944,834.63,956.16,53,0,0,0,53,0,0,0.5742,24.489,0.65,1.3443,1582,0.071857,0.30051,0,0.98528,1.7812,0.8549,1.4399,5.0182e-11
f8,heads.capacity*2,3S,hold,PASS,CONVERGED,CONVERGED,CONVERGED,CONVERGED,4733,4733,CONVERGED,CONVERGED,4733,inf,7064,0,0,0,0,0,0,711,0.77003,0,0.72337,1.7,2384,0.059036,-0.22195,100,0.15274,1.7388,0.55764,0.97086,2.4092e-11
f8,hours.capacity*0.5,3S,hold,PASS,CONVERGED,CONVERGED,CONVERGED,CONVERGED,2023,2023,CONVERGED,CONVERGED,2023,693.15,693.15,0,0,0,0,0,0,0,0.59946,0,0.99562,1.0082,0,0.057162,0.0043631,0,0.91991,1.0438,0.96343,1.5173,5.0182e-11
f8,hours.capacity*2,3S,hold,PASS,CONVERGED,CONVERGED,CONVERGED,CONVERGED,2049,2049,CONVERGED,CONVERGED,1751,147.02,147.02,0,0,0,0,0,0,0,0.96431,0,0.99495,1.008,0,-0.085614,0.0041602,0,0.91604,1.0414,0.9655,1.3836,5.0182e-11
f8,own.maker*0.5,3S,hold,PASS,CONVERGED,CONVERGED,CONVERGED,CONVERGED,4220,4220,CONVERGED,CONVERGED,4220,1247.7,1175.4,0,0,0,0,0,0,277,0.79488,0,0.76273,1.326,1873,-0.029846,0.054021,0,0.98612,1.7348,0.96791,1.4431,2.3981e-11
f8,own.maker*2,3S,hold,PASS,CONVERGED,CONVERGED,CONVERGED,CONVERGED,3409,3409,CONVERGED,CONVERGED,3409,692.13,692.13,0,0,0,0,0,0,0,1,0,1,1.2994,884,4.4409e-16,1.1102e-15,0,1,1,1,1.5256,5.0182e-11
f8,finished.maker*0.5,3S,hold,PASS,CONVERGED,CONVERGED,CONVERGED,CONVERGED,2030,2030,CONVERGED,CONVERGED,2030,inf,206.85,0,0,0,0,0,0,2,0.96862,0,0.99419,1.0081,0,-0.055018,0.0047941,0,0.9719,1.0337,0.96794,1.5211,5.0182e-11
f8,finished.maker*2,3S,hold,PASS,CONVERGED,CONVERGED,CONVERGED,CONVERGED,2250,2250,CONVERGED,CONVERGED,2250,550.92,550.92,0,0,0,0,0,0,0,0.93466,0,0.99419,1.0103,0,0.081223,0.0036729,0,0.57642,2,0.91977,1.4715,5.0182e-11
f8,stock.fodder*0.5,3S,hold,PASS,CONVERGED,CONVERGED,CONVERGED,CONVERGED,2024,2024,CONVERGED,CONVERGED,2024,2133.5,693.15,0,0,0,0,0,0,1,0.59839,0,0.99516,1.0073,0,0.026551,0.0036551,0,0.99039,1.0286,0.5,1.5067,5.0182e-11
f8,stock.fodder*2,3S,hold,PASS,CONVERGED,CONVERGED,CONVERGED,CONVERGED,1644,1644,CONVERGED,CONVERGED,1374,77.521,77.521,0,0,0,0,0,0,0,0.95461,0,0.99937,1.0053,0,0.013867,0.0031302,0,0.98289,1.0373,0.94255,1.5189,5.0182e-11
f8,coin.desk.good*0.5,3S,hold,PASS,CONVERGED,CONVERGED,CONVERGED,CONVERGED,3629,3629,CONVERGED,CONVERGED,3628,1205,1205,0,0,0,0,0,0,29,0.5,0,0.91605,1.0695,1516,-0.12661,0.0051416,0,0.33402,1.49,0.76368,1.1154,5.0182e-11
f8,coin.desk.good*2,3S,hold,PASS,CONVERGED,CONVERGED,CONVERGED,CONVERGED,3418,3418,CONVERGED,CONVERGED,3418,1100.2,936.04,0,0,0,0,0,0,2,0.74929,0,0.99276,1.1855,1213,0.12302,0.10823,0,0.99143,1.3945,0.74313,1.4728,5.0182e-11
f8,coin.desk.capacity*0.5,3S,hold,PASS,CONVERGED,CONVERGED,CONVERGED,CONVERGED,3530,3530,CONVERGED,CONVERGED,3532,inf,1108.4,0,0,0,0,0,0,22,0.77685,0,0.92649,1.0619,1419,0.15378,0.0073167,3,0.33007,1.8003,0.76281,1.2911,5.0182e-11
f8,coin.desk.capacity*2,3S,hold,PASS,CONVERGED,CONVERGED,CONVERGED,CONVERGED,3264,3264,CONVERGED,CONVERGED,3264,1081.5,1081.5,0,0,0,0,0,0,0,0.81072,0,1,1.147,1108,-0.074463,0.083742,0,0.99324,1.3103,0.79165,1.4826,5.0182e-11
f8,coin.desk.maker*0.5,3S,hold,PASS,CONVERGED,CONVERGED,CONVERGED,CONVERGED,2913,2913,CONVERGED,CONVERGED,2922,693.15,693.15,0,0,0,0,0,0,0,0.89426,0,0.97462,1.021,0,0.058299,0.0034922,0,0.85583,1.0925,0.88576,1.4474,5.0182e-11
f8,coin.desk.maker*2,3S,hold,PASS,CONVERGED,CONVERGED,CONVERGED,CONVERGED,2806,2806,CONVERGED,CONVERGED,2806,inf,366.44,0,0,0,0,0,0,3,0.78956,0,0.99811,1.0569,752,-0.063356,0.033437,0,0.88245,1.2948,0.76923,1.5073,5.0182e-11
f8,coin.desk.fodder*0.5,3S,hold,PASS,CONVERGED,CONVERGED,CONVERGED,CONVERGED,3453,3453,CONVERGED,CONVERGED,3453,2133.5,813.68,0,0,0,0,0,0,22,0.59843,0,0.92772,1.0614,1342,0.0031176,0.013367,0,0.70786,1.1427,0.5,1.2216,5.0182e-11
f8,coin.desk.fodder*2,3S,hold,PASS,CONVERGED,CONVERGED,CONVERGED,CONVERGED,3269,3269,CONVERGED,CONVERGED,3269,651.25,859.15,0,0,0,0,0,0,0,0.80193,0,1,1.1457,1115,0.011743,0.082594,0,0.99293,1.3063,0.74736,1.4829,5.0182e-11
f8,coin.provider*0.5,3S,hold,PASS,CONVERGED,CONVERGED,CONVERGED,CONVERGED,3704,3704,CONVERGED,CONVERGED,3703,376.5,376.5,0,0,0,0,0,0,0,0.73167,0,0.9296,1.0607,1593,-0.0068199,-0.0048201,0,0.7487,1.1409,0.95769,1.3566,5.0182e-11
f8,coin.provider*2,3S,hold,PASS,CONVERGED,CONVERGED,CONVERGED,CONVERGED,3365,3365,CONVERGED,CONVERGED,3365,743.18,770.16,0,0,0,0,0,0,1,0.76067,0,0.9901,1.1628,1181,0.0015845,0.096629,0,0.99237,1.3481,0.70278,1.4789,5.0182e-11
f8,coin.workers*0.5,3S,hold,PASS,CONVERGED,CONVERGED,CONVERGED,CONVERGED,3741,3741,CONVERGED,CONVERGED,3740,409.58,409.58,0,0,0,0,0,0,0,0.71219,0,0.9244,1.0652,1630,-0.0073122,-0.0052537,0,0.72995,1.1513,0.95446,1.3444,5.0182e-11
f8,coin.workers*2,3S,hold,PASS,CONVERGED,CONVERGED,CONVERGED,CONVERGED,3397,3397,CONVERGED,CONVERGED,3397,799.8,811.49,0,0,0,0,0,0,1,0.74866,0,0.98945,1.1738,1201,0.001681,0.10332,0,0.99187,1.3718,0.68794,1.4761,5.0182e-11
f9,w*1.05,1,hold,PASS,CONVERGED,CONVERGED,-,-,1077,,CONVERGED,,1060,48.79,58.307,0,0,0,0,0,0,0,0.98554,0,0.99953,1.0005,0,-0.00041032,0.00062501,0,0.9998,1.0011,0.99869,3.0489,3.9746e-11
f9,r*1.05,1,hold,PASS,CONVERGED,CONVERGED,-,-,4161,,CONVERGED,,4159,48.79,178.44,0,0,0,0,0,0,0,0.93246,0,0.97544,1.0118,0,-0.0027585,0.00025872,0,0.95115,1.0277,0.9188,2.8453,1.2257e-10
f9,p[fodder]*1.05,1,hold,PASS,CONVERGED,CONVERGED,-,-,2409,,CONVERGED,,2410,48.79,48.79,0,0,0,0,0,0,0,0.99836,0,0.99772,1.0014,0,-0.0041708,0.0010075,0,0.97862,1.0101,0.9999,2.9059,4.1744e-11
f9,p[horse]*1.05,1,hold,PASS,CONVERGED,CONVERGED,-,-,35,,CONVERGED,,35,48.79,48.79,0,0,0,0,0,0,0,0.99926,0,0.99984,1.0001,0,0.0068786,7.2449e-05,0,0.98392,1.0238,0.99918,3.05,5.5733e-11
f9,p[traction]*1.05,1,hold,PASS,CONVERGED,CONVERGED,-,-,1893,,CONVERGED,,1940,48.79,48.79,0,0,0,0,0,0,0,0.96198,0,0.99878,1.0012,0,0.032132,0.0014665,0,0.99514,1.0028,0.99504,3.0309,3.9968e-11
f9,p[good]*1.05,1,hold,PASS,CONVERGED,CONVERGED,-,-,1628,,CONVERGED,,1637,48.79,48.79,0,0,0,0,0,0,0,0.97416,0,0.9998,1.0013,0,-0.00042786,0.0010823,0,0.99999,1.0028,0.9985,3.0505,4.3299e-11
f9,s*1.05,1,hold,PASS,CONVERGED,CONVERGED,-,-,742,,CONVERGED,,732,48.79,37.448,0,0,0,0,0,0,0,0.99208,0,0.99946,1.0004,0,-0.0073724,0.0005019,0,1,1.0009,0.99823,3.0356,3.9302e-11
f9,JA(1.05),1,hold,PASS,CONVERGED,CONVERGED,-,-,2152,,CONVERGED,,2163,48.79,61.174,0,0,0,0,0,0,0,0.96067,0,0.99866,1.0018,0,0.02975,0.0018274,0,0.96268,1.0325,0.99986,2.9681,4.2188e-11
f9,JB(1.05),1,hold,PASS,CONVERGED,CONVERGED,-,-,2744,,CONVERGED,,2744,48.79,152.27,0,0,0,0,0,0,0,0.92339,0,0.99546,1.0068,0,-0.002842,0.0082231,0,0.95238,1.0368,0.90669,3.0278,1.2257e-10
f9,N(1.05),1,hold,PASS,CONVERGED,CONVERGED,-,-,4290,,CONVERGED,,4286,0,98.045,0,0,0,0,0,0,0,0.94703,0,0.97456,1.0129,0,0.029565,-0.0019516,0,0.93526,1.0303,0.97313,2.8695,1.2257e-10
f9,w*0.95,1,hold,PASS,CONVERGED,CONVERGED,-,-,1895,,CONVERGED,,1895,51.293,87.27,0,0,0,0,0,0,0,0.9914,0,0.99848,1.001,0,-0.0075076,0.0013399,0,0.99903,1.0024,0.9944,3.0383,3.908e-11
f9,r*0.95,1,hold,PASS,CONVERGED,CONVERGED,-,-,3304,,CONVERGED,,3304,51.293,113.58,0,0,0,0,0,0,0,0.98585,0,1,1.0227,0,-0.002136,0.018402,0,0.99989,1.0488,0.98929,3.0388,1.2257e-10
f9,p[fodder]*0.95,1,hold,PASS,CONVERGED,CONVERGED,-,-,2802,,CONVERGED,,2802,51.293,129.77,0,0,0,0,0,0,0,0.93419,0,0.99402,1.0065,0,0.0091161,0.0079718,0,0.99997,1.015,0.91108,3.0102,1.2257e-10
f9,p[horse]*0.95,1,hold,PASS,CONVERGED,CONVERGED,-,-,490,,CONVERGED,,490,51.293,51.293,0,0,0,0,0,0,0,0.99669,0,0.99967,1.0003,0,0.018202,0.0003218,0,0.95,1.0388,0.99634,3.0459,3.7081e-11
f9,p[traction]*0.95,1,hold,PASS,CONVERGED,CONVERGED,-,-,1920,,CONVERGED,,1920,51.293,56.262,0,0,0,0,0,0,0,0.99023,0,0.99867,1.0011,0,-0.03405,0.0012793,0,0.97725,1.0108,0.99266,2.8987,4.1966e-11
f9,p[good]*0.95,1,hold,PASS,CONVERGED,CONVERGED,-,-,2437,,CONVERGED,,2437,51.293,60.244,0,0,0,0,0,0,0,0.96734,0,0.9966,1.0017,0,-0.0020765,0.0018741,0,0.98636,1.004,0.97639,2.9505,4.2633e-11
f9,s*0.95,1,hold,PASS,CONVERGED,CONVERGED,-,-,407,,CONVERGED,,407,51.293,38.953,0,0,0,0,0,0,0,0.99019,0,0.99964,1.0003,0,0.0033505,0.0004081,0,1,1.0007,0.99889,3.0492,3.908e-11
f9,JA(0.95),1,hold,PASS,CONVERGED,CONVERGED,-,-,2845,,CONVERGED,,2845,51.293,114.35,0,0,0,0,0,0,0,0.93258,0,0.99287,1.006,0,-0.010251,0.0074214,0,0.95,1.033,0.91384,3.0197,1.2257e-10
f9,JB(0.95),1,hold,PASS,CONVERGED,CONVERGED,-,-,2837,,CONVERGED,,2842,51.293,122.52,0,0,0,0,0,0,0,0.9451,0,0.9935,1.0036,0,0.016336,0.0036165,0,0.99448,1.0083,0.99553,2.8113,1.2257e-10
f9,N(0.95),1,hold,PASS,CONVERGED,CONVERGED,-,-,3292,,CONVERGED,,3292,0,120.87,0,0,0,0,0,0,0,0.9864,0,0.99978,1.0224,0,-0.013021,0.017611,0,0.99989,1.0482,0.98293,3.039,1.2257e-10
f9,w*1.2,2,hold,PASS,CONVERGED,CONVERGED,-,-,2077,,CONVERGED,,2065,182.32,232.3,0,0,0,0,0,0,0,0.94823,0,0.99821,1.0018,0,-0.0045753,0.0023538,0,0.99922,1.0042,0.99455,3.0354,4.13e-11
f9,r*1.2,2,hold,PASS,CONVERGED,CONVERGED,-,-,5108,,CONVERGED,,5106,182.32,728.62,0,0,0,0,0,0,33,0.77367,0,0.91125,1.0436,1125,-0.0098863,-0.0011798,0,0.82956,1.1024,0.72621,2.3036,4.885e-11
f9,p[fodder]*1.2,2,hold,PASS,CONVERGED,CONVERGED,-,-,3167,,CONVERGED,,3168,182.32,182.32,0,0,0,0,0,0,0,0.99359,0,0.99109,1.0055,0,-0.021197,0.0039503,0,0.91596,1.041,0.9996,2.5427,1.2257e-10
f9,p[horse]*1.2,2,hold,PASS,CONVERGED,CONVERGED,-,-,487,,CONVERGED,,487,182.32,182.32,0,0,0,0,0,0,0,0.9967,0,0.99928,1.0003,0,-0.0090421,0.00032222,0,0.9441,1.1034,0.99631,3.0458,4.2411e-11
f9,p[traction]*1.2,2,hold,PASS,CONVERGED,CONVERGED,-,-,2641,,CONVERGED,,2674,182.32,182.32,0,0,0,0,0,0,0,0.86489,0,0.99539,1.0046,0,0.13346,0.0055415,0,0.97619,1.0105,0.98069,2.973,1.2257e-10
f9,p[good]*1.2,2,hold,PASS,CONVERGED,CONVERGED,-,-,2352,,CONVERGED,,2360,182.32,182.32,0,0,0,0,0,0,0,0.90447,0,0.99926,1.0048,0,-0.0017369,0.0040131,0,0.99998,1.0106,0.99456,3.0486,1.2257e-10
f9,s*1.2,2,hold,PASS,CONVERGED,CONVERGED,-,-,2144,,CONVERGED,,2135,182.32,141.75,0,0,0,0,0,0,0,0.96761,0,0.99786,1.0016,0,-0.027902,0.0019831,0,0.99999,1.0037,0.99289,2.9886,4.0856e-11
f9,JA(1.2),2,hold,PASS,CONVERGED,CONVERGED,-,-,2910,,CONVERGED,,2922,182.32,232.69,0,0,0,0,0,0,0,0.85939,0,0.99461,1.0068,0,0.064717,0.0069917,0,0.86638,1.1408,0.99948,2.7618,1.2257e-10
f9,JB(1.2),2,hold,PASS,CONVERGED,CONVERGED,-,-,3657,,CONVERGED,,3657,182.32,546.04,0,0,0,0,0,0,1,0.76158,0,0.98084,1.0259,0,-0.022027,0.031161,0,0.83333,1.1474,0.70297,2.9259,1.2257e-10
f9,N(1.2),2,hold,PASS,CONVERGED,CONVERGED,-,-,5224,,CONVERGED,,5221,0,370.88,0,0,0,0,0,0,0,0.81462,0,0.90796,1.0472,1219,0.074322,-0.0076943,0,0.78757,1.1109,0.9024,2.4198,5.2292e-11
f9,w*0.8,2,hold,PASS,CONVERGED,CONVERGED,-,-,2743,,CONVERGED,,2743,223.14,376,0,0,0,0,0,0,0,0.96123,0,0.99337,1.0046,0,-0.027574,0.0059445,0,0.99518,1.0108,0.97345,2.9896,1.2257e-10
f9,r*0.8,2,hold,PASS,CONVERGED,CONVERGED,-,-,4363,,CONVERGED,,4363,223.14,474.65,0,0,0,0,0,0,0,0.93689,0,1,1.1026,1417,-0.0096494,0.076791,0,0.99961,1.2238,0.9537,2.9996,3.5305e-11
f9,p[fodder]*0.8,2,hold,PASS,CONVERGED,CONVERGED,-,-,3804,,CONVERGED,,3804,223.14,620.82,0,0,0,0,0,0,8,0.74481,0,0.9724,1.0284,0,0.039013,0.034642,0,0.99989,1.0654,0.66832,2.8196,1.2257e-10
f9,p[horse]*0.8,2,hold,PASS,CONVERGED,CONVERGED,-,-,2050,,CONVERGED,,2050,223.14,223.14,0,0,0,0,0,0,1,0.98528,0,0.99848,1.0013,0,0.086649,0.0014515,0,0.8,1.1842,0.98383,3.0271,3.9746e-11
f9,p[traction]*0.8,2,hold,PASS,CONVERGED,CONVERGED,-,-,2777,,CONVERGED,,2777,223.14,233.53,0,0,0,0,0,0,0,0.95892,0,0.99408,1.0048,0,-0.15387,0.0055782,0,0.90813,1.0372,0.96714,2.441,1.2257e-10
f9,p[good]*0.8,2,hold,PASS,CONVERGED,CONVERGED,-,-,3277,,CONVERGED,,3277,223.14,277.1,0,0,0,0,0,0,0,0.86721,0,0.98519,1.0074,0,-0.0082704,0.0077806,0,0.93493,1.0174,0.90771,2.6226,1.2257e-10
f9,s*0.8,2,hold,PASS,CONVERGED,CONVERGED,-,-,1901,,CONVERGED,,1901,223.14,171.17,0,0,0,0,0,0,0,0.96049,0,0.99852,1.0013,0,0.012956,0.0016492,0,0.99999,1.0029,0.99535,3.0426,3.9746e-11
f9,JA(0.8),2,hold,PASS,CONVERGED,CONVERGED,-,-,3819,,CONVERGED,,3819,223.14,531.53,0,0,0,0,0,0,1,0.74308,0,0.9683,1.0255,0,-0.040029,0.031353,0,0.8,1.1531,0.6851,2.8597,1.2257e-10
f9,JB(0.8),2,hold,PASS,CONVERGED,CONVERGED,-,-,3770,,CONVERGED,,3777,223.14,587.66,0,0,0,0,0,0,1,0.78054,0,0.9707,1.0165,0,0.055703,0.016146,0,0.91142,1.0386,0.98843,2.1024,1.2257e-10
f9,N(0.8),2,hold,PASS,CONVERGED,CONVERGED,-,-,4352,,CONVERGED,,4352,0,498.46,0,0,0,0,0,0,2,0.9392,0,0.99907,1.1015,1407,-0.051183,0.073584,0,0.9996,1.2217,0.92838,3.0002,3.5305e-11
f9,w*2,3,hold,PASS,CONVERGED,CONVERGED,CONVERGED,CONVERGED,2815,2815,CONVERGED,CONVERGED,2803,693.15,693.15,0,0,0,0,0,0,0,0.83635,0,0.99334,1.0062,0,-0.042998,0.0076243,0,0.98807,1.0143,0.97408,2.8906,1.2257e-10
f9,r*2,3,hold,PASS,CONVERGED,CONVERGED,CONVERGED,CONVERGED,6111,6111,CONVERGED,CONVERGED,6110,693.15,4647.1,99,11,54,73,71,87,285,0.36545,140.54,0.7039,1.1572,3095,-0.030024,-0.024697,19,0.4933,1.3698,0.25016,0.94249,3.5305e-11
f9,p[fodder]*2,3,hold,PASS,CONVERGED,CONVERGED,CONVERGED,CONVERGED,4138,4138,CONVERGED,CONVERGED,4140,693.15,708.85,0,0,0,0,0,0,2,0.9694,0,0.96004,1.0247,0,-0.15808,0.018012,0,0.61356,1.2236,0.99823,1.5256,1.2257e-10
f9,p[horse]*2,3,hold,PASS,CONVERGED,CONVERGED,CONVERGED,CONVERGED,2272,2272,CONVERGED,CONVERGED,2272,693.15,693.15,0,0,0,0,0,0,3,0.97032,0,0.99597,1.002,0,-0.2497,0.0023267,1,0.88971,1.4682,0.96631,3.0216,4.5075e-11
f9,p[traction]*2,3,hold,PASS,CONVERGED,CONVERGED,CONVERGED,CONVERGED,3543,3543,CONVERGED,CONVERGED,3563,693.15,697.37,2,0,0,0,2,0,0,0.56996,0,0.98101,1.0185,0,0.70848,0.0215,0,0.86195,1.0425,0.91245,2.6381,1.2257e-10
f9,p[good]*2,3,hold,PASS,CONVERGED,CONVERGED,CONVERGED,CONVERGED,3158,3158,CONVERGED,CONVERGED,3166,693.15,693.15,0,0,0,0,0,0,0,0.65627,0,0.99747,1.0182,0,-0.0088057,0.014853,0,0.99992,1.0399,0.98144,3.0415,1.2257e-10
f9,s*2,3,hold,PASS,CONVERGED,CONVERGED,CONVERGED,CONVERGED,3188,3188,CONVERGED,CONVERGED,3173,693.15,557.28,0,0,0,0,0,0,2,0.82932,0,0.98731,1.0094,0,-0.11018,0.011076,0,0.99996,1.0219,0.95227,2.6695,1.2257e-10
f9,JA(2),3,hold,PASS,CONVERGED,CONVERGED,CONVERGED,CONVERGED,3955,3955,CONVERGED,CONVERGED,3970,693.15,968.37,3,0,0,0,3,0,8,0.54791,0,0.97198,1.0298,0,0.0079064,0.030287,4,0.5952,1.6301,0.99782,2.1243,1.2257e-10
f9,JB(2),3,hold,PASS,CONVERGED,CONVERGED,CONVERGED,CONVERGED,4798,4798,CONVERGED,CONVERGED,4798,693.15,2763.1,76,0,49,64,67,59,79,0.40043,125,0.90462,1.1054,1835,-0.035843,0.12073,11,0.5,1.3533,0.30116,1.6385,3.5305e-11
f9,N(2),3,hold,PASS,CONVERGED,CONVERGED,CONVERGED,CONVERGED,6192,6192,CONVERGED,CONVERGED,6190,0,2104.9,18,0,18,0,0,14,319,0.44386,12.127,0.68967,1.1669,3168,0.043411,-0.03124,3,0.43084,1.3927,0.64949,1.2591,3.5305e-11
f9,w*0.5,3,hold,PASS,CONVERGED,CONVERGED,CONVERGED,CONVERGED,3525,3525,CONVERGED,CONVERGED,3525,693.15,1156.5,0,0,0,0,0,0,17,0.87506,0,0.97763,1.0162,0,-0.056218,0.020067,0,0.99609,1.0378,0.90715,2.8043,1.2257e-10
f9,r*0.5,3,hold,PASS,CONVERGED,CONVERGED,CONVERGED,CONVERGED,5180,5180,CONVERGED,CONVERGED,5180,693.15,1423.4,0,0,0,0,0,0,0,0.78032,0,1,1.3528,2046,-0.030984,0.21843,0,0.99891,1.7865,0.86186,2.9113,3.5305e-11
f9,p[fodder]*0.5,3,hold,PASS,CONVERGED,CONVERGED,CONVERGED,CONVERGED,4751,4751,CONVERGED,CONVERGED,4751,693.15,2958.2,80,0,39,65,71,59,79,0.3737,129.39,0.90438,1.0923,1799,0.11135,0.10723,9,0.99968,1.214,0.29326,1.6527,3.5305e-11
f9,p[horse]*0.5,3,hold,PASS,CONVERGED,CONVERGED,CONVERGED,CONVERGED,2818,2818,CONVERGED,CONVERGED,2818,693.15,693.15,0,0,0,0,0,0,2,0.94546,0,0.99403,1.005,0,0.32859,0.0056036,0,0.5,1.3509,0.94109,2.9577,1.2257e-10
f9,p[traction]*0.5,3,hold,PASS,CONVERGED,CONVERGED,CONVERGED,CONVERGED,3487,3487,CONVERGED,CONVERGED,3487,693.15,693.15,0,0,0,0,0,0,0,0.89034,0,0.98166,1.0143,0,-0.43983,0.015991,0,0.76514,1.0336,0.9031,1.5256,1.2257e-10
f9,p[good]*0.5,3,hold,PASS,CONVERGED,CONVERGED,CONVERGED,CONVERGED,4073,4073,CONVERGED,CONVERGED,4073,693.15,959.13,0,0,0,0,0,0,18,0.65565,0,0.95494,1.0229,0,-0.020483,0.021745,0,0.75224,1.0538,0.77924,1.8478,1.2257e-10
f9,s*0.5,3,hold,PASS,CONVERGED,CONVERGED,CONVERGED,CONVERGED,2435,2435,CONVERGED,CONVERGED,2435,693.15,542.88,0,0,0,0,0,0,0,0.89987,0,0.99621,1.0032,0,0.030277,0.0042213,0,0.99999,1.0075,0.9872,3.0275,1.2257e-10
f9,JA(0.5),3,hold,PASS,CONVERGED,CONVERGED,CONVERGED,CONVERGED,4744,4744,CONVERGED,CONVERGED,4744,693.15,2700,82,0,28,68,74,58,86,0.40446,88.932,0.89718,1.0801,1797,-0.035919,0.089581,0,0.5,1.1869,0.34041,1.8946,5.4179e-11
f9,JB(0.5),3,hold,PASS,CONVERGED,CONVERGED,CONVERGED,CONVERGED,4811,4811,CONVERGED,CONVERGED,4818,693.15,3154.2,19,0,0,0,19,7,90,0.47881,0,0.88988,1.0702,1863,0.025984,0.066981,3,0.11973,1.1645,0.80752,0.918,5.3957e-11
f9,N(0.5),3,hold,PASS,CONVERGED,CONVERGED,CONVERGED,CONVERGED,5171,5171,CONVERGED,CONVERGED,5171,0,1446.9,0,0,0,0,0,0,3,0.80151,0,0.99823,1.35,2038,-0.046913,0.21475,0,0.99891,1.7782,0.75769,2.9121,3.5305e-11
f9,x*/2,3,hold,PASS,CONVERGED,CONVERGED,CONVERGED,CONVERGED,4291,4291,CONVERGED,CONVERGED,4285,1424,1125,7,0,0,0,7,1,59,0.48933,0,0.94389,1.0418,229,-0.2278,0.045332,0,0.67999,1.0973,0.77619,1.5279,4.9849e-11
f9,b*1.1@genesis,2,b*1.1@dated,PASS,CONVERGED,CONVERGED,-,-,3898,,CONVERGED,,3898,95.31,321.36,0,0,0,0,0,0,0,0.89688,0,0.98729,1.0397,0,-0.0042647,0.0035747,0,0.90762,1.0265,0.83916,2.6806,9.8588e-11
f9,b*1.1@dated,2,b*1.1@dated,PASS,CONVERGED,CONVERGED,-,-,3898,,CONVERGED,,3898,95.31,321.2,0,0,0,0,0,0,0,0.89691,0,0.98729,1.0397,0,-0.0046656,0.0035745,0,0.90762,1.0265,0.83928,2.6807,9.8588e-11
f9,b*0.9@genesis,2,b*0.9@dated,PASS,CONVERGED,CONVERGED,-,-,4138,,CONVERGED,,4138,105.36,198.45,0,0,0,0,0,0,0,0.96374,0,0.95991,1.0412,0,-0.00098685,0.045376,0,0.99984,1.0939,0.97804,3.0324,6.0618e-11
f9,b*0.9@dated,2,b*0.9@dated,PASS,CONVERGED,CONVERGED,-,-,4138,,CONVERGED,,4138,105.36,198.45,0,0,0,0,0,0,0,0.96374,0,0.95991,1.0412,0,-0.00098685,0.045376,0,0.99984,1.0939,0.97804,3.0324,6.0618e-11
f9,b*2@genesis,3,b*2@dated,PASS,CONVERGED,CONVERGED,CONVERGED,CONVERGED,5299,5299,CONVERGED,CONVERGED,5298,693.15,4539.9,83,7,37,62,60,32,174,0.42591,144.25,0.92002,1.3832,1560,-0.016538,-0.044962,19,0.49698,1.2749,0.23236,0.88185,1.5277e-10
f9,b*2@dated,3,b*2@dated,PASS,CONVERGED,CONVERGED,CONVERGED,CONVERGED,5298,5298,CONVERGED,CONVERGED,5298,693.15,4535.7,84,7,37,63,60,32,174,0.42619,144.14,0.92005,1.3832,1559,-0.013129,-0.044867,22,0.49698,1.2749,0.2329,0.88301,1.5277e-10
f9,b*0.5@genesis,3,b*0.5@dated,PASS,CONVERGED,CONVERGED,CONVERGED,CONVERGED,5454,5454,CONVERGED,CONVERGED,5454,775.4,1309.1,0,0,0,0,0,0,0,0.79377,0,0.79483,1.3898,2289,-0.011643,0.41257,0,0.9995,1.8536,0.86186,2.8563,1.6409e-10
f9,b*0.5@dated,3,b*0.5@dated,PASS,CONVERGED,CONVERGED,CONVERGED,CONVERGED,5454,5454,CONVERGED,CONVERGED,5454,775.4,1309.1,0,0,0,0,0,0,0,0.79377,0,0.79483,1.3898,2289,-0.011643,0.41257,0,0.9995,1.8536,0.86186,2.8563,9.4591e-11
f9,stock.good*0.5,3S,hold,PASS,CONVERGED,CONVERGED,CONVERGED,CONVERGED,1946,1946,CONVERGED,CONVERGED,1946,693.15,693.15,0,0,0,0,0,0,0,0.5,0,0.99881,1.0015,0,-0.00956,0.0017961,0,0.98536,1.0034,0.98274,3.0071,4.019e-11
f9,stock.good*2,3S,hold,PASS,CONVERGED,CONVERGED,CONVERGED,CONVERGED,2425,2425,CONVERGED,CONVERGED,1988,58.802,58.802,0,0,0,0,0,0,0,0.96804,0,0.99668,1.0017,0,-0.00087599,0.0018272,0,0.98664,1.0039,0.97693,2.9526,4.13e-11
f9,heads.capacity*0.5,3S,hold,PASS,CONVERGED,CONVERGED,CONVERGED,CONVERGED,5240,5240,CONVERGED,CONVERGED,5239,801.95,925.18,59,0,0,0,59,0,0,0.58822,19.65,0.65,1.1872,2198,0.022121,0.31861,0,0.99951,1.4429,0.78439,2.971,3.5305e-11
f9,heads.capacity*2,3S,hold,PASS,CONVERGED,CONVERGED,CONVERGED,CONVERGED,6383,6383,CONVERGED,CONVERGED,6383,inf,2117.6,0,0,0,0,0,0,425,0.84895,0,0.78757,1.7,3390,0.16093,-0.23678,3,0.60418,1.3141,0.58824,1.1872,3.5305e-11
f9,hours.capacity*0.5,3S,hold,PASS,CONVERGED,CONVERGED,CONVERGED,CONVERGED,2231,2231,CONVERGED,CONVERGED,2231,693.15,693.15,0,0,0,0,0,0,0,0.59946,0,0.99797,1.0022,0,0.067344,0.0025381,0,0.95081,1.0301,0.98693,3.0501,4.4631e-11
f9,hours.capacity*2,3S,hold,PASS,CONVERGED,CONVERGED,CONVERGED,CONVERGED,2319,2319,CONVERGED,CONVERGED,1905,112.73,112.73,0,0,0,0,0,0,0,0.97913,0,0.99738,1.0021,0,-0.086227,0.0024935,0,0.95732,1.0205,0.9856,2.7672,4.4853e-11
f9,own.maker*0.5,3S,hold,PASS,CONVERGED,CONVERGED,CONVERGED,CONVERGED,5722,5722,CONVERGED,CONVERGED,5722,1248.8,860.38,0,0,0,0,0,0,307,0.8228,0,0.74825,1.1856,2683,-0.056794,-0.0023884,0,0.99949,1.435,0.98373,2.8959,3.5305e-11
f9,own.maker*2,3S,hold,PASS,CONVERGED,CONVERGED,CONVERGED,CONVERGED,4307,4307,CONVERGED,CONVERGED,4307,692.35,692.35,0,0,0,0,0,0,0,1,0,1,1.2995,1117,-7.4385e-15,6.8834e-15,0,1,1,1,3.0512,3.5305e-11
f9,finished.maker*0.5,3S,hold,PASS,CONVERGED,CONVERGED,CONVERGED,CONVERGED,2580,2580,CONVERGED,CONVERGED,2580,inf,194.79,0,0,0,0,0,0,2,0.97473,0,0.99515,1.0033,0,-0.10273,0.0042456,0,0.98967,1.0094,0.97509,3.0271,1.2257e-10
f9,finished.maker*2,3S,hold,PASS,CONVERGED,CONVERGED,CONVERGED,CONVERGED,3090,3090,CONVERGED,CONVERGED,3090,530.96,421.98,0,0,0,0,0,0,0,0.98188,0,0.99879,1.0052,0,0.16838,-0.001624,0,0.65575,2,0.97351,3.0056,3.8636e-11
f9,stock.fodder*0.5,3S,hold,PASS,CONVERGED,CONVERGED,CONVERGED,CONVERGED,2411,2411,CONVERGED,CONVERGED,2411,1415.4,693.15,0,0,0,0,0,0,1,0.59918,0,0.99694,1.0026,0,0.023746,0.0030344,0,0.98915,1.0091,0.5,3.0133,1.2257e-10
f9,stock.fodder*2,3S,hold,PASS,CONVERGED,CONVERGED,CONVERGED,CONVERGED,2403,2403,CONVERGED,CONVERGED,2017,66.309,62.271,0,0,0,0,0,0,0,0.9671,0,0.99712,1.0032,0,0.0059738,0.00388,0,0.99999,1.0073,0.9556,3.032,1.2257e-10
f9,coin.desk.good*0.5,3S,hold,PASS,CONVERGED,CONVERGED,CONVERGED,CONVERGED,4808,4808,CONVERGED,CONVERGED,4806,693.15,693.15,0,0,0,0,0,0,0,0.5,0,0.94384,1.0281,786,-0.1142,-0.0026397,0,0.65431,1.1868,0.92591,2.2277,1.2257e-10
f9,coin.desk.good*2,3S,hold,PASS,CONVERGED,CONVERGED,CONVERGED,CONVERGED,4357,4357,CONVERGED,CONVERGED,4357,1055.7,589.34,0,0,0,0,0,0,2,0.75679,0,0.99396,1.0957,1416,0.097182,0.091149,0,0.99963,1.2099,0.75015,3.0031,5.318e-11
f9,coin.desk.capacity*0.5,3S,hold,PASS,CONVERGED,CONVERGED,CONVERGED,CONVERGED,4681,4681,CONVERGED,CONVERGED,4681,inf,615.62,0,0,0,0,0,0,4,0.89829,0,0.95223,1.024,0,0.20795,-0.0025378,2,0.54031,1.517,0.92418,2.6837,1.2257e-10
f9,coin.desk.capacity*2,3S,hold,PASS,CONVERGED,CONVERGED,CONVERGED,CONVERGED,4160,4160,CONVERGED,CONVERGED,4160,671.12,671.12,0,0,0,0,0,0,0,0.83377,0,1,1.0765,1236,-0.13349,0.055947,0,0.99968,1.1661,0.80588,3.0117,4.2744e-11
f9,coin.desk.maker*0.5,3S,hold,PASS,CONVERGED,CONVERGED,CONVERGED,CONVERGED,4347,4347,CONVERGED,CONVERGED,4354,732.81,693.15,0,0,0,0,0,0,1,0.91896,0,0.96842,1.0157,0,0.094973,-0.00081861,0,0.87768,1.0367,0.92515,2.7885,1.2257e-10
f9,coin.desk.maker*2,3S,hold,PASS,CONVERGED,CONVERGED,CONVERGED,CONVERGED,3901,3901,CONVERGED,CONVERGED,3901,inf,323.54,0,0,0,0,0,0,3,0.7596,0,0.99859,1.0534,925,-0.12409,0.037415,0,0.98245,1.2796,0.72474,3.0229,5.3735e-11
f9,coin.desk.fodder*0.5,3S,hold,PASS,CONVERGED,CONVERGED,CONVERGED,CONVERGED,3828,3828,CONVERGED,CONVERGED,3828,1415.5,742.94,1,0,0,0,1,0,20,0.59918,0,0.96934,1.0154,0,-0.0095533,0.013452,0,0.99994,1.0361,0.49998,2.5755,1.2257e-10
f9,coin.desk.fodder*2,3S,hold,PASS,CONVERGED,CONVERGED,CONVERGED,CONVERGED,3888,3888,CONVERGED,CONVERGED,3888,592.42,592.42,0,0,0,0,0,0,0,0.85845,0,0.99319,1.0454,0,-0.0067379,0.049598,0,0.9997,1.1,0.80081,3.0275,5.1736e-11
f9,coin.provider*0.5,3S,hold,PASS,CONVERGED,CONVERGED,CONVERGED,CONVERGED,4821,4821,CONVERGED,CONVERGED,4820,312.43,312.43,0,0,0,0,0,0,0,0.73167,0,0.94778,1.0267,720,-0.0066103,-0.0044911,0,0.87183,1.0627,0.99437,2.6966,1.2257e-10
f9,coin.provider*2,3S,hold,PASS,CONVERGED,CONVERGED,CONVERGED,CONVERGED,4267,4267,CONVERGED,CONVERGED,4267,716.53,453.36,0,0,0,0,0,0,1,0.75849,0,0.99255,1.0825,1336,-0.016222,0.083203,0,0.99907,1.1814,0.69879,3.0094,5.1958e-11
f9,coin.workers*0.5,3S,hold,PASS,CONVERGED,CONVERGED,CONVERGED,CONVERGED,4875,4875,CONVERGED,CONVERGED,4873,339.4,339.4,0,0,0,0,0,0,0,0.71219,0,0.94389,1.0287,860,-0.0070875,-0.0048453,0,0.86237,1.0674,0.99398,2.671,1.2257e-10
f9,coin.workers*2,3S,hold,PASS,CONVERGED,CONVERGED,CONVERGED,CONVERGED,4311,4311,CONVERGED,CONVERGED,4311,770.24,480.38,0,0,0,0,0,0,1,0.74644,0,0.99206,1.0881,1376,-0.017117,0.088629,0,0.99903,1.1939,0.68384,3.0068,5.3291e-11
f10,w*1.05,1,hold,PASS,CONVERGED,CONVERGED,-,-,1282,,CONVERGED,,1278,48.79,58.324,0,0,0,0,0,0,0,0.9856,0,0.99958,1.001,0,-0.00033643,0.00065044,0,0.99961,1.0023,0.99805,1.5246,3.5527e-11
f10,r*1.05,1,hold,PASS,CONVERGED,CONVERGED,-,-,4086,,CONVERGED,,4084,48.79,183.83,0,0,0,0,0,0,0,0.92345,0,0.9694,1.0306,0,7.6776e-05,-0.00081041,0,0.95238,1.0717,0.90813,1.4402,3.8192e-11
f10,p[fodder]*1.05,1,hold,PASS,CONVERGED,CONVERGED,-,-,2800,,CONVERGED,,2805,48.79,118.49,0,0,0,0,0,0,0,0.994,0,0.99326,1.0087,0,-0.018475,0.0030277,0,0.93848,1.0202,0.99945,1.453,3.7081e-11
f10,p[horse]*1.05,1,hold,PASS,CONVERGED,CONVERGED,-,-,490,,CONVERGED,,490,48.79,48.79,0,0,0,0,0,0,0,0.99853,0,0.99985,1.0003,0,6.5691e-05,0.00013505,0,0.98585,1.0165,0.99831,1.5248,3.8192e-11
f10,p[traction]*1.05,1,hold,PASS,CONVERGED,CONVERGED,-,-,2031,,CONVERGED,,2073,48.79,72.966,0,0,0,0,0,0,0,0.96198,0,0.99807,1.0039,0,0.032277,0.0021809,0,0.975,1.0187,0.98315,1.5156,3.9968e-11
f10,p[good]*1.05,1,hold,PASS,CONVERGED,CONVERGED,-,-,1572,,CONVERGED,,1579,48.79,48.79,0,0,0,0,0,0,0,0.9746,0,0.99977,1.0026,0,0.00023856,0.0012677,0,0.99988,1.0056,0.9961,1.5247,3.9524e-11
f10,s*1.05,1,hold,PASS,CONVERGED,CONVERGED,-,-,1457,,CONVERGED,,1446,48.79,37.448,0,0,0,0,0,0,0,0.99208,0,0.99935,1.0011,0,-0.0058612,0.00060137,0,0.99801,1.0039,0.99633,1.5178,3.5527e-11
f10,JA(1.05),1,hold,PASS,CONVERGED,CONVERGED,-,-,2638,,CONVERGED,,2646,48.79,117.97,0,0,0,0,0,0,0,0.9608,0,0.99498,1.0081,0,0.008352,0.0036015,0,0.92499,1.0323,0.9995,1.4876,3.8192e-11
f10,JB(1.05),1,hold,PASS,CONVERGED,CONVERGED,-,-,2675,,CONVERGED,,2678,48.79,249.59,0,0,0,0,0,0,0,0.89859,0,0.99799,1.0136,0,0.0066836,0.00865,0,0.89971,1.1405,0.88269,1.492,1.2279e-10
f10,N(1.05),1,hold,PASS,CONVERGED,CONVERGED,-,-,4203,,CONVERGED,,4199,0,146.45,0,0,0,0,0,0,0,0.94703,0,0.96664,1.035,0,0.010626,-0.0024489,0,0.90587,1.082,0.97383,1.4496,3.5527e-11
f10,w*0.95,1,hold,PASS,CONVERGED,CONVERGED,-,-,1714,,CONVERGED,,1714,51.293,83.241,0,0,0,0,0,0,0,0.99156,0,0.99864,1.002,0,-0.0034869,0.0011875,0,0.99992,1.0046,0.99559,1.519,3.5527e-11
f10,r*0.95,1,hold,PASS,CONVERGED,CONVERGED,-,-,3334,,CONVERGED,,3334,51.293,211.45,0,0,0,0,0,0,0,0.98648,0,0.99999,1.0404,0,0.00037395,0.02458,0,0.99809,1.0873,0.99738,1.5113,4.0856e-11
f10,p[fodder]*0.95,1,hold,PASS,CONVERGED,CONVERGED,-,-,2435,,CONVERGED,,2435,51.293,153.18,0,0,0,0,0,0,0,0.91005,0,0.99877,1.0101,0,0.025668,0.0064011,0,0.96451,1.0748,0.88584,1.5104,1.2279e-10
f10,p[horse]*0.95,1,hold,PASS,CONVERGED,CONVERGED,-,-,1577,,CONVERGED,,1577,51.293,51.293,0,0,0,0,0,0,0,0.99273,0,0.99924,1.0013,0,0.013821,0.00068087,0,0.95,1.0388,0.99166,1.5217,3.5527e-11
f10,p[traction]*0.95,1,hold,PASS,CONVERGED,CONVERGED,-,-,2076,,CONVERGED,,2076,51.293,77.466,0,0,0,0,0,0,0,0.98161,0,0.99782,1.0038,0,-0.034884,0.0020501,0,0.95506,1.0218,0.98179,1.4493,1.2279e-10
f10,p[good]*0.95,1,hold,PASS,CONVERGED,CONVERGED,-,-,2711,,CONVERGED,,2711,51.293,140.84,0,0,0,0,0,0,0,0.96746,0,0.99367,1.0086,0,-0.0012545,0.0038387,0,0.93216,1.0366,0.96799,1.4737,1.2279e-10
f10,s*0.95,1,hold,PASS,CONVERGED,CONVERGED,-,-,1053,,CONVERGED,,1053,51.293,38.953,0,0,0,0,0,0,0,0.99019,0,0.99969,1.0006,0,0.0033622,0.00039989,0,0.99997,1.0014,0.99931,1.5244,4.1522e-11
f10,JA(0.95),1,hold,PASS,CONVERGED,CONVERGED,-,-,2446,,CONVERGED,,2446,51.293,111.41,0,0,0,0,0,0,0,0.91824,0,0.99735,1.0089,0,0.0043617,0.0054885,0,0.95,1.0388,0.89869,1.5163,1.2279e-10
f10,JB(0.95),1,hold,PASS,CONVERGED,CONVERGED,-,-,3257,,CONVERGED,,3268,51.293,274.81,0,0,0,0,0,0,0,0.94647,0,0.98656,1.0176,0,0.001374,0.0075428,0,0.89647,1.041,0.9697,1.4083,1.2279e-10
f10,N(0.95),1,hold,PASS,CONVERGED,CONVERGED,-,-,3317,,CONVERGED,,3317,0,234.96,0,0,0,0,0,0,0,0.9875,0,0.99978,1.0407,0,0.00074052,0.022088,0,0.9981,1.0879,0.98446,1.5112,3.7748e-11
f10,w*1.2,2,hold,PASS,CONVERGED,CONVERGED,-,-,1921,,CONVERGED,,1909,182.32,230.61,0,0,0,0,0,0,0,0.94825,0,0.99834,1.0038,0,-0.004449,0.0024833,0,0.9985,1.0087,0.99312,1.5183,3.5527e-11
f10,r*1.2,2,hold,PASS,CONVERGED,CONVERGED,-,-,4894,,CONVERGED,,4892,182.32,821.55,0,0,0,0,0,0,29,0.74306,0,0.89046,1.1104,2119,5.9061e-05,-0.0048296,0,0.78177,1.2583,0.69639,1.2245,4.0856e-11
f10,p[fodder]*1.2,2,hold,PASS,CONVERGED,CONVERGED,-,-,3710,,CONVERGED,,3713,182.32,494.65,0,0,0,0,0,0,0,0.97772,0,0.97488,1.0325,0,-0.078845,0.01178,0,0.75441,1.0834,0.998,1.2713,3.7748e-11
f10,p[horse]*1.2,2,hold,PASS,CONVERGED,CONVERGED,-,-,1553,,CONVERGED,,1553,182.32,182.32,0,0,0,0,0,0,0,0.99334,0,0.9993,1.0012,0,-0.013232,0.00061777,0,0.9394,1.0782,0.99236,1.522,3.5527e-11
f10,p[traction]*1.2,2,hold,PASS,CONVERGED,CONVERGED,-,-,2950,,CONVERGED,,2994,182.32,272.21,0,0,0,0,0,0,0,0.86489,0,0.99258,1.0149,0,0.13377,0.0084772,0,0.89924,1.0719,0.93615,1.4869,3.7748e-11
f10,p[good]*1.2,2,hold,PASS,CONVERGED,CONVERGED,-,-,2322,,CONVERGED,,2333,182.32,182.32,0,0,0,0,0,0,0,0.90605,0,0.99919,1.0095,0,0.00082704,0.0047123,0,0.99957,1.0208,0.98617,1.5223,1.2279e-10
f10,s*1.2,2,hold,PASS,CONVERGED,CONVERGED,-,-,2125,,CONVERGED,,2113,182.32,141.75,0,0,0,0,0,0,0,0.96761,0,0.9974,1.0043,0,-0.022505,0.0024419,0,0.99094,1.0165,0.98472,1.4941,3.7303e-11
f10,JA(1.2),2,hold,PASS,CONVERGED,CONVERGED,-,-,3575,,CONVERGED,,3584,182.32,490.11,0,0,0,0,0,0,0,0.85979,0,0.98049,1.0314,0,0.0045331,0.014428,0,0.70647,1.1554,0.99814,1.3922,3.8192e-11
f10,JB(1.2),2,hold,PASS,CONVERGED,CONVERGED,-,-,3510,,CONVERGED,,3511,182.32,754.02,0,0,0,0,0,0,1,0.69697,0,0.99277,1.0486,0,0.011928,0.030863,0,0.73962,1.459,0.64083,1.4391,1.2279e-10
f10,N(1.2),2,hold,PASS,CONVERGED,CONVERGED,-,-,5008,,CONVERGED,,5005,0,678.8,0,0,0,0,0,0,0,0.81462,0,0.88046,1.1263,2200,0.013394,-0.01133,0,0.67255,1.2952,0.90392,1.2607,4.0634e-11
f10,w*0.8,2,hold,PASS,CONVERGED,CONVERGED,-,-,2575,,CONVERGED,,2575,223.14,359.24,0,0,0,0,0,0,0,0.96357,0,0.99398,1.0089,0,-0.012394,0.0053756,0,0.99962,1.0208,0.97738,1.4941,3.8192e-11
f10,r*0.8,2,hold,PASS,CONVERGED,CONVERGED,-,-,4241,,CONVERGED,,4241,223.14,794.13,0,0,0,0,0,0,0,0.93599,0,0.99996,1.1806,1382,0.0016778,0.1077,0,0.99162,1.3923,0.98842,1.4663,3.5527e-11
f10,p[fodder]*0.8,2,hold,PASS,CONVERGED,CONVERGED,-,-,3514,,CONVERGED,,3514,223.14,589.59,0,0,0,0,0,0,0,0.68457,0,0.99047,1.0474,0,0.11591,0.030474,0,0.82853,1.3336,0.60098,1.4561,3.7526e-11
f10,p[horse]*0.8,2,hold,PASS,CONVERGED,CONVERGED,-,-,2321,,CONVERGED,,2321,223.14,223.14,0,0,0,0,0,0,1,0.96865,0,0.99664,1.0057,0,0.058051,0.0030276,0,0.8,1.1842,0.96416,1.5084,3.9968e-11
f10,p[traction]*0.8,2,hold,PASS,CONVERGED,CONVERGED,-,-,3120,,CONVERGED,,3120,223.14,328.44,0,0,0,0,0,0,0,0.91937,0,0.98985,1.0176,0,-0.15443,0.0094381,0,0.81314,1.1034,0.91864,1.2205,3.7081e-11
f10,p[good]*0.8,2,hold,PASS,CONVERGED,CONVERGED,-,-,3743,,CONVERGED,,3743,223.14,614.01,0,0,0,0,0,0,0,0.86261,0,0.97157,1.0387,0,-0.0049835,0.017698,0,0.6951,1.1753,0.86136,1.3053,3.797e-11
f10,s*0.8,2,hold,PASS,CONVERGED,CONVERGED,-,-,1733,,CONVERGED,,1733,223.14,171.17,0,0,0,0,0,0,0,0.96049,0,0.99875,1.0025,0,0.013001,0.0016159,0,0.99989,1.0057,0.99723,1.5205,3.5527e-11
f10,JA(0.8),2,hold,PASS,CONVERGED,CONVERGED,-,-,3529,,CONVERGED,,3529,223.14,467.61,0,0,0,0,0,0,1,0.70697,0,0.98396,1.0412,0,0.013867,0.025811,0,0.8,1.1646,0.63825,1.4785,3.7748e-11
f10,JB(0.8),2,hold,PASS,CONVERGED,CONVERGED,-,-,4286,,CONVERGED,,4294,223.14,1778.7,0,0,0,0,0,0,55,0.77014,0,0.93316,1.094,1553,-0.004596,0.045425,0,0.35728,1.2977,0.77179,1.0694,4.1744e-11
f10,N(0.8),2,hold,PASS,CONVERGED,CONVERGED,-,-,4226,,CONVERGED,,4226,0,889.92,0,0,0,0,0,0,1,0.94557,0,0.99906,1.1823,1364,0.0023455,0.098439,0,0.99152,1.396,0.9285,1.4657,3.5527e-11
f10,w*2,3,hold,PASS,CONVERGED,CONVERGED,CONVERGED,CONVERGED,2965,2965,CONVERGED,CONVERGED,2948,693.15,693.15,0,0,0,0,0,0,0,0.83635,0,0.99168,1.0159,0,-0.04366,0.0094646,0,0.97025,1.0543,0.94863,1.4485,3.7748e-11
f10,r*2,3,hold,PASS,CONVERGED,CONVERGED,CONVERGED,CONVERGED,5775,5775,CONVERGED,CONVERGED,5775,693.15,6730.1,128,0,28,127,70,75,316,0.34148,82.081,0.65985,1.358,2661,-0.0023256,-0.039569,61,0.025633,1.8238,0.2453,0.77919,3.5527e-11
f10,p[fodder]*2,3,hold,PASS,CONVERGED,CONVERGED,CONVERGED,CONVERGED,4610,4610,CONVERGED,CONVERGED,4616,693.15,3190.5,0,0,0,0,0,0,81,0.8044,0,0.89413,1.1525,1757,-0.31511,0.074118,7,0.098223,1.6925,0.75056,0.76281,3.5527e-11
f10,p[horse]*2,3,hold,PASS,CONVERGED,CONVERGED,CONVERGED,CONVERGED,2243,2243,CONVERGED,CONVERGED,2243,693.15,693.15,0,0,0,0,0,0,2,0.97737,0,0.99674,1.0049,0,-0.15372,0.0025456,0,0.78953,1.4366,0.97479,1.5111,1.2279e-10
f10,p[traction]*2,3,hold,PASS,CONVERGED,CONVERGED,CONVERGED,CONVERGED,3965,3965,CONVERGED,CONVERGED,3986,693.15,1038.8,2,0,0,0,2,0,5,0.56996,0,0.96403,1.0702,1289,0.7108,0.039852,0,0.541,1.3315,0.74401,1.3223,4.1744e-11
f10,p[good]*2,3,hold,PASS,CONVERGED,CONVERGED,CONVERGED,CONVERGED,3235,3235,CONVERGED,CONVERGED,3241,693.15,693.15,0,0,0,0,0,0,0,0.66134,0,0.99738,1.0352,0,0.001863,0.017606,0,0.99838,1.0773,0.95663,1.5134,3.6415e-11
f10,s*2,3,hold,PASS,CONVERGED,CONVERGED,CONVERGED,CONVERGED,3520,3520,CONVERGED,CONVERGED,3504,693.15,557.28,0,0,0,0,0,0,2,0.82932,0,0.98088,1.0322,0,-0.094044,0.017491,0,0.85859,1.1497,0.87732,1.3331,3.7081e-11
f10,JA(2),3,hold,PASS,CONVERGED,CONVERGED,CONVERGED,CONVERGED,4420,4420,CONVERGED,CONVERGED,4429,693.15,2113.6,3,0,0,0,3,0,59,0.54867,0,0.92331,1.1269,1620,-0.051185,0.066952,10,0.25153,1.6807,0.74948,1.2475,3.7303e-11
f10,JB(2),3,hold,PASS,CONVERGED,CONVERGED,CONVERGED,CONVERGED,4596,4596,CONVERGED,CONVERGED,4596,693.15,2491.4,71,0,61,56,64,67,77,0.41982,138.97,0.9238,1.2108,1659,0.046497,0.13516,6,0.5,2.0952,0.28377,1.0227,3.5527e-11
f10,N(2),3,hold,PASS,CONVERGED,CONVERGED,CONVERGED,CONVERGED,5872,5872,CONVERGED,CONVERGED,5869,0,7927.3,82,1,7,73,0,9,345,0.44386,2.9799,0.63135,1.4014,2724,-0.038843,-0.063798,62,0.0063544,1.9205,0.60217,0.96655,3.5527e-11
f10,w*0.5,3,hold,PASS,CONVERGED,CONVERGED,CONVERGED,CONVERGED,3501,3501,CONVERGED,CONVERGED,3501,693.15,1112.5,0,0,0,0,0,0,18,0.88033,0,0.97858,1.0333,0,-0.02224,0.019386,0,0.9986,1.0771,0.9044,1.4013,1.2279e-10
f10,r*0.5,3,hold,PASS,CONVERGED,CONVERGED,CONVERGED,CONVERGED,5014,5014,CONVERGED,CONVERGED,5014,693.15,2105.1,0,0,0,0,0,0,92,0.75835,0,1,1.5945,1775,0.0055802,0.34821,0,0.97531,2.2995,0.96728,1.363,3.5527e-11
f10,p[fodder]*0.5,3,hold,PASS,CONVERGED,CONVERGED,CONVERGED,CONVERGED,4499,4499,CONVERGED,CONVERGED,4499,693.15,2309.8,74,0,31,55,70,68,76,0.4045,114.97,0.92679,1.1809,1606,0.37798,0.11689,1,0.49459,2.216,0.28036,1.0367,3.5527e-11
f10,p[horse]*0.5,3,hold,PASS,CONVERGED,CONVERGED,CONVERGED,CONVERGED,3134,3134,CONVERGED,CONVERGED,3134,693.15,693.15,0,0,0,0,0,0,2,0.90958,0,0.98956,1.0178,0,0.15595,0.0094311,0,0.5,1.3509,0.8972,1.4726,1.2279e-10
f10,p[traction]*0.5,3,hold,PASS,CONVERGED,CONVERGED,CONVERGED,CONVERGED,3919,3919,CONVERGED,CONVERGED,3919,693.15,951.88,0,0,0,0,0,0,6,0.76709,0,0.96406,1.0605,1247,-0.4365,0.032535,0,0.49324,1.3544,0.75445,0.76281,3.6415e-11
f10,p[good]*0.5,3,hold,PASS,CONVERGED,CONVERGED,CONVERGED,CONVERGED,4578,4578,CONVERGED,CONVERGED,4578,693.15,2485.7,0,0,0,0,0,0,95,0.6148,0,0.89846,1.1462,1736,-0.012265,0.072207,0,0.1258,1.6504,0.59178,0.93098,3.5527e-11
f10,s*0.5,3,hold,PASS,CONVERGED,CONVERGED,CONVERGED,CONVERGED,2246,2246,CONVERGED,CONVERGED,2246,693.15,542.88,0,0,0,0,0,0,0,0.89987,0,0.99678,1.0063,0,0.030378,0.0041417,0,0.99973,1.0146,0.99301,1.512,3.5527e-11
f10,JA(0.5),3,hold,PASS,CONVERGED,CONVERGED,CONVERGED,CONVERGED,4443,4443,CONVERGED,CONVERGED,4443,693.15,1801,76,0,16,58,73,62,79,0.41785,70.891,0.91966,1.1496,1601,0.062018,0.092336,0,0.5,1.5708,0.30912,1.1825,4.1078e-11
f10,JB(0.5),3,hold,PASS,CONVERGED,CONVERGED,CONVERGED,CONVERGED,4989,4989,CONVERGED,CONVERGED,4991,693.15,5726.8,51,0,0,34,45,10,154,0.46274,0,0.8254,1.2713,1964,-0.035685,0.14306,43,0.013253,1.6235,0.43974,0.76111,3.5527e-11
f10,N(0.5),3,hold,PASS,CONVERGED,CONVERGED,CONVERGED,CONVERGED,5007,5007,CONVERGED,CONVERGED,5007,0,2294.9,0,0,0,0,0,0,84,0.82483,0,0.9984,1.6083,1761,0.047532,0.33814,0,0.97478,2.3293,0.76612,1.36,3.5527e-11
f10,x*/2,3,hold,PASS,CONVERGED,CONVERGED,CONVERGED,CONVERGED,4673,4673,CONVERGED,CONVERGED,4668,1424,2965.7,7,0,0,0,7,1,108,0.48933,0,0.88888,1.1896,1761,-0.20856,0.10796,3,0.094619,1.6242,0.60938,0.81206,3.5527e-11
f10,b*1.1@genesis,2,b*1.1@dated,PASS,CONVERGED,CONVERGED,-,-,3833,,CONVERGED,,3833,95.31,301.61,0,0,0,0,0,0,0,0.88041,0,0.97997,1.0397,0,0.00019974,0.00057839,0,0.89728,1.0402,0.81944,1.375,9.8588e-11
f10,b*1.1@dated,2,b*1.1@dated,PASS,CONVERGED,CONVERGED,-,-,3833,,CONVERGED,,3833,95.31,301.61,0,0,0,0,0,0,0,0.88041,0,0.97997,1.0397,0,0.00019974,0.00057839,0,0.89728,1.0402,0.81944,1.375,9.8588e-11
f10,b*0.9@genesis,2,b*0.9@dated,PASS,CONVERGED,CONVERGED,-,-,4057,,CONVERGED,,4057,105.36,381.66,0,0,0,0,0,0,0,0.95699,0,0.95987,1.0905,1343,0.0030756,0.053921,0,0.99569,1.2065,0.99463,1.4968,6.0618e-11
f10,b*0.9@dated,2,b*0.9@dated,PASS,CONVERGED,CONVERGED,-,-,4057,,CONVERGED,,4057,105.36,381.66,0,0,0,0,0,0,0,0.95699,0,0.95987,1.0905,1343,0.0030756,0.053921,0,0.99569,1.2065,0.99463,1.4968,6.0618e-11
f10,b*2@genesis,3,b*2@dated,PASS,CONVERGED,CONVERGED,CONVERGED,CONVERGED,5061,5061,CONVERGED,CONVERGED,5061,693.15,5334.8,61,0,18,59,59,34,276,0.48127,104.98,0.87931,1.3835,2328,0.0024582,0.0067074,60,0.072918,1.3835,0.22831,0.67578,1.5277e-10
f10,b*2@dated,3,b*2@dated,PASS,CONVERGED,CONVERGED,CONVERGED,CONVERGED,5061,5061,CONVERGED,CONVERGED,5061,693.15,5334.8,61,0,18,59,59,34,276,0.48127,104.98,0.87931,1.3835,2328,0.0024582,0.0067074,60,0.072918,1.3835,0.22831,0.67578,1.5277e-10
f10,b*0.5@genesis,3,b*0.5@dated,PASS,CONVERGED,CONVERGED,CONVERGED,CONVERGED,5442,5442,CONVERGED,CONVERGED,5442,775.4,2126.9,0,0,0,0,0,0,177,0.73041,0,0.79464,1.8232,2145,0.015439,0.54279,0,0.93412,2.8184,0.96062,1.291,9.4591e-11
f10,b*0.5@dated,3,b*0.5@dated,PASS,CONVERGED,CONVERGED,CONVERGED,CONVERGED,5442,5442,CONVERGED,CONVERGED,5442,775.4,2126.9,0,0,0,0,0,0,177,0.73041,0,0.79464,1.8232,2145,0.015439,0.54279,0,0.93412,2.8184,0.96062,1.291,9.4591e-11
f10,stock.good*0.5,3S,hold,PASS,CONVERGED,CONVERGED,CONVERGED,CONVERGED,2040,2040,CONVERGED,CONVERGED,2040,693.15,693.15,0,0,0,0,0,0,0,0.5,0,0.99809,1.0043,0,-0.0081791,0.0025414,0,0.96647,1.0202,0.98198,1.5036,1.2279e-10
f10,stock.good*2,3S,hold,PASS,CONVERGED,CONVERGED,CONVERGED,CONVERGED,2696,2696,CONVERGED,CONVERGED,2248,121.97,137.79,0,0,0,0,0,0,0,0.96816,0,0.9938,1.0084,0,-0.00025734,0.0037386,0,0.93354,1.0359,0.96864,1.4748,3.7748e-11
f10,heads.capacity*0.5,3S,hold,PASS,CONVERGED,CONVERGED,CONVERGED,CONVERGED,5038,5038,CONVERGED,CONVERGED,5038,842.52,989.85,57,0,0,0,57,0,0,0.57129,27.011,0.65,1.3922,1896,0.07155,0.33672,0,0.98318,1.903,0.8561,1.4148,3.5527e-11
f10,heads.capacity*2,3S,hold,PASS,CONVERGED,CONVERGED,CONVERGED,CONVERGED,6045,6045,CONVERGED,CONVERGED,6045,inf,9645.9,0,0,0,0,0,0,954,0.75818,0,0.71091,1.7,2901,0.059036,-0.25551,151,0.12516,1.9094,0.55764,0.96908,3.5527e-11
f10,hours.capacity*0.5,3S,hold,PASS,CONVERGED,CONVERGED,CONVERGED,CONVERGED,2445,2445,CONVERGED,CONVERGED,2445,693.15,693.15,0,0,0,0,0,0,0,0.59946,0,0.99641,1.0075,0,0.057244,0.0041836,0,0.91948,1.0441,0.9633,1.5158,3.5527e-11
f10,hours.capacity*2,3S,hold,PASS,CONVERGED,CONVERGED,CONVERGED,CONVERGED,2472,2472,CONVERGED,CONVERGED,2063,146.09,146.09,0,0,0,0,0,0,0,0.96507,0,0.99579,1.0073,0,-0.085613,0.0039268,0,0.91583,1.042,0.96552,1.3836,1.2279e-10
f10,own.maker*0.5,3S,hold,PASS,CONVERGED,CONVERGED,CONVERGED,CONVERGED,5360,5360,CONVERGED,CONVERGED,5360,1248.8,1234.7,0,0,0,0,0,0,362,0.79352,0,0.76371,1.3653,2243,-0.029855,0.062513,0,0.98421,1.8356,0.96719,1.4207,3.5527e-11
f10,own.maker*2,3S,hold,PASS,CONVERGED,CONVERGED,CONVERGED,CONVERGED,4307,4307,CONVERGED,CONVERGED,4307,692.35,692.35,0,0,0,0,0,0,0,1,0,1,1.2995,1117,-3.7748e-15,-5.5511e-16,0,1,1,1,1.5256,3.5527e-11
f10,finished.maker*0.5,3S,hold,PASS,CONVERGED,CONVERGED,CONVERGED,CONVERGED,2464,2464,CONVERGED,CONVERGED,2464,inf,205.62,0,0,0,0,0,0,2,0.96965,0,0.99514,1.0074,0,-0.055027,0.0043822,0,0.96964,1.0345,0.96784,1.5187,1.2279e-10
f10,finished.maker*2,3S,hold,PASS,CONVERGED,CONVERGED,CONVERGED,CONVERGED,2699,2699,CONVERGED,CONVERGED,2699,548.92,548.92,0,0,0,0,0,0,0,0.9343,0,0.99554,1.0091,0,0.081212,0.003713,0,0.57757,2,0.91954,1.4719,1.2279e-10
f10,stock.fodder*0.5,3S,hold,PASS,CONVERGED,CONVERGED,CONVERGED,CONVERGED,2430,2430,CONVERGED,CONVERGED,2430,2133.5,693.15,0,0,0,0,0,0,1,0.59839,0,0.99604,1.0067,0,0.026572,0.0034577,0,0.99004,1.0286,0.5,1.5067,1.2279e-10
f10,stock.fodder*2,3S,hold,PASS,CONVERGED,CONVERGED,CONVERGED,CONVERGED,1956,1956,CONVERGED,CONVERGED,1616,77.661,77.661,0,0,0,0,0,0,0,0.95472,0,0.99941,1.0049,0,0.013853,0.0031147,0,0.98315,1.0362,0.94249,1.5183,3.5527e-11
f10,coin.desk.good*0.5,3S,hold,PASS,CONVERGED,CONVERGED,CONVERGED,CONVERGED,4535,4535,CONVERGED,CONVERGED,4532,1209,1209,0,0,0,0,0,0,29,0.5,0,0.92559,1.0745,1836,-0.12652,0.003359,0,0.33205,1.4936,0.76632,1.115,3.908e-11
f10,coin.desk.good*2,3S,hold,PASS,CONVERGED,CONVERGED,CONVERGED,CONVERGED,4229,4229,CONVERGED,CONVERGED,4229,1100.2,933.98,0,0,0,0,0,0,2,0.75021,0,0.99405,1.1722,1382,0.12303,0.10425,0,0.99199,1.3753,0.74303,1.469,3.6193e-11
f10,coin.desk.capacity*0.5,3S,hold,PASS,CONVERGED,CONVERGED,CONVERGED,CONVERGED,4408,4408,CONVERGED,CONVERGED,4411,inf,1112.6,0,0,0,0,0,0,24,0.78375,0,0.93529,1.0651,1723,0.15378,0.0057088,3,0.32871,1.8053,0.76281,1.2797,3.8192e-11
f10,coin.desk.capacity*2,3S,hold,PASS,CONVERGED,CONVERGED,CONVERGED,CONVERGED,4042,4042,CONVERGED,CONVERGED,4042,1082.9,1082.9,0,0,0,0,0,0,0,0.81151,0,1,1.1369,1269,-0.074626,0.072442,0,0.99355,1.2962,0.79174,1.4795,4.1078e-11
f10,coin.desk.maker*0.5,3S,hold,PASS,CONVERGED,CONVERGED,CONVERGED,CONVERGED,3689,3689,CONVERGED,CONVERGED,3701,693.15,693.15,0,0,0,0,0,0,0,0.89613,0,0.97781,1.0218,0,0.058256,0.0031121,0,0.85482,1.0886,0.88553,1.4428,3.5527e-11
f10,coin.desk.maker*2,3S,hold,PASS,CONVERGED,CONVERGED,CONVERGED,CONVERGED,3476,3476,CONVERGED,CONVERGED,3476,inf,364.44,0,0,0,0,0,0,3,0.78956,0,0.9985,1.0529,835,-0.063424,0.028515,0,0.8855,1.2945,0.76923,1.5057,3.7081e-11
f10,coin.desk.fodder*0.5,3S,hold,PASS,CONVERGED,CONVERGED,CONVERGED,CONVERGED,4302,4302,CONVERGED,CONVERGED,4302,2133.5,834.88,0,0,0,0,0,0,28,0.59843,0,0.9376,1.0626,1618,0.0031159,0.011892,0,0.70006,1.1466,0.5,1.2159,4.1078e-11
f10,coin.desk.fodder*2,3S,hold,PASS,CONVERGED,CONVERGED,CONVERGED,CONVERGED,4047,4047,CONVERGED,CONVERGED,4047,654.29,867.67,0,0,0,0,0,0,0,0.80348,0,1,1.1357,1277,0.011738,0.078239,0,0.99363,1.2933,0.74748,1.4798,3.7081e-11
f10,coin.provider*0.5,3S,hold,PASS,CONVERGED,CONVERGED,CONVERGED,CONVERGED,4617,4617,CONVERGED,CONVERGED,4616,377.99,377.99,0,0,0,0,0,0,0,0.73167,0,0.93483,1.0682,1929,-0.0068181,-0.0051392,0,0.74799,1.1598,0.95767,1.3562,3.5971e-11
f10,coin.provider*2,3S,hold,PASS,CONVERGED,CONVERGED,CONVERGED,CONVERGED,4156,4156,CONVERGED,CONVERGED,4156,743.18,765.97,0,0,0,0,0,0,1,0.76067,0,0.99206,1.1506,1346,0.00158,0.092582,0,0.99299,1.3297,0.70278,1.4758,4.0634e-11
f10,coin.workers*0.5,3S,hold,PASS,CONVERGED,CONVERGED,CONVERGED,CONVERGED,4662,4662,CONVERGED,CONVERGED,4661,411.25,411.25,0,0,0,0,0,0,0,0.71219,0,0.93001,1.0733,1966,-0.0073103,-0.0055955,0,0.72917,1.1717,0.95445,1.344,4.1744e-11
f10,coin.workers*2,3S,hold,PASS,CONVERGED,CONVERGED,CONVERGED,CONVERGED,4197,4197,CONVERGED,CONVERGED,4197,799.8,807.12,0,0,0,0,0,0,1,0.74866,0,0.99154,1.1607,1368,0.0016766,0.098811,0,0.99253,1.352,0.68794,1.4727,3.5527e-11
