county,name,year,bf,regime,funded,margin,x,v,participation
county.abd,Aberdeenshire,1750,1.1,Interior,true,0.60734,0.74891,2.15382,0.69113
county.abd,Aberdeenshire,1750,0.9,Interior,true,0.89032,0.78058,1.82225,0.68875
county.abd,Aberdeenshire,1750,2,Interior,false,-0.01624,0.64536,3.48408,0.68638
county.abd,Aberdeenshire,1750,0.5,Interior,true,1.98087,0.86185,1.09863,0.66498
county.abd,Aberdeenshire,1800,1.1,Interior,true,0.66974,0.75626,2.17081,0.69361
county.abd,Aberdeenshire,1800,0.9,Interior,true,0.96464,0.78756,1.83551,0.69115
county.abd,Aberdeenshire,1800,2,Interior,true,0.02023,0.65348,3.51773,0.68888
county.abd,Aberdeenshire,1800,0.5,Interior,true,2.10142,0.86754,1.10471,0.66703
county.abd,Aberdeenshire,1825,1.1,Interior,true,0.62945,0.75010,2.08533,0.68947
county.abd,Aberdeenshire,1825,0.9,Interior,true,0.91533,0.78151,1.76354,0.68664
county.abd,Aberdeenshire,1825,2,Interior,false,-0.00194,0.64718,3.37761,0.68570
county.abd,Aberdeenshire,1825,0.5,Interior,true,2.01299,0.86194,1.06199,0.66126
county.abd,Aberdeenshire,1850,1.1,Interior,true,0.81085,0.77273,1.70790,0.66280
county.abd,Aberdeenshire,1850,0.9,Interior,true,1.12124,0.80227,1.44026,0.65720
county.abd,Aberdeenshire,1850,2,Interior,true,0.11463,0.67427,2.79003,0.66534
county.abd,Aberdeenshire,1850,0.5,Interior,true,2.28353,0.87672,0.86057,0.62219
county.abd,Aberdeenshire,1875,1.1,Interior,true,1.20108,0.80282,1.29086,0.65163
county.abd,Aberdeenshire,1875,0.9,Interior,true,1.56410,0.82948,1.08423,0.64179
county.abd,Aberdeenshire,1875,2,Interior,true,0.36687,0.71169,2.13488,0.66382
county.abd,Aberdeenshire,1875,0.5,Interior,true,2.87432,0.89515,0.64094,0.59238
county.abd,Aberdeenshire,1900,1.1,Interior,true,1.12874,0.79480,1.22245,0.64482
county.abd,Aberdeenshire,1900,0.9,Interior,true,1.47558,0.82162,1.02695,0.63436
county.abd,Aberdeenshire,1900,2,Interior,true,0.32752,0.70340,2.02084,0.65864
county.abd,Aberdeenshire,1900,0.5,Interior,true,2.71850,0.88788,0.60741,0.58307
county.agy,Anglesey,1750,1.1,Interior,true,0.31123,0.69069,2.02259,0.74253
county.agy,Anglesey,1750,0.9,Interior,true,0.54284,0.72508,1.71969,0.74275
county.agy,Anglesey,1750,2,Interior,false,-0.19418,0.58176,3.22584,0.73228
county.agy,Anglesey,1750,0.5,Interior,true,1.45326,0.81619,1.05169,0.72847
county.agy,Anglesey,1800,1.1,Interior,true,0.21199,0.67358,1.98331,0.73716
county.agy,Anglesey,1800,0.9,Interior,true,0.42458,0.70853,1.68844,0.73750
county.agy,Anglesey,1800,2,Interior,false,-0.25247,0.56381,3.15211,0.72701
county.agy,Anglesey,1800,0.5,Interior,true,1.26009,0.80192,1.03652,0.72406
county.agy,Anglesey,1825,1.1,Interior,true,0.12050,0.65608,1.94326,0.73173
county.agy,Anglesey,1825,0.9,Interior,true,0.31561,0.69153,1.65644,0.73215
county.agy,Anglesey,1825,2,Interior,false,-0.30633,0.54568,3.07785,0.72177
county.agy,Anglesey,1825,0.5,Interior,true,1.08209,0.78707,1.02077,0.71948
county.agy,Anglesey,1850,1.1,Interior,true,0.17239,0.64097,1.64678,0.80007
county.agy,Anglesey,1850,0.9,Interior,true,0.37222,0.67655,1.40466,0.79916
county.agy,Anglesey,1850,2,Interior,false,-0.26861,0.53080,2.60390,0.79245
county.agy,Anglesey,1850,0.5,Interior,true,1.14769,0.77309,0.86753,0.78033
county.agy,Anglesey,1875,1.1,Interior,true,0.43853,0.68254,1.32576,0.80144
county.agy,Anglesey,1875,0.9,Interior,true,0.68239,0.71636,1.12627,0.79781
county.agy,Anglesey,1875,2,Interior,false,-0.10456,0.57537,2.12018,0.79889
county.agy,Anglesey,1875,0.5,Interior,true,1.61157,0.80597,0.68733,0.76797
county.agy,Anglesey,1900,1.1,Interior,true,0.44586,0.68046,1.26102,0.79686
county.agy,Anglesey,1900,0.9,Interior,true,0.68942,0.71400,1.07072,0.79245
county.agy,Anglesey,1900,2,Interior,false,-0.09851,0.57403,2.01982,0.79612
county.agy,Anglesey,1900,0.5,Interior,true,1.61224,0.80274,0.65249,0.75984
county.ans,Angus,1750,1.1,Interior,true,0.61232,0.73820,2.12753,0.73397
county.ans,Angus,1750,0.9,Interior,true,0.90053,0.77050,1.80175,0.73309
county.ans,Angus,1750,2,Interior,false,-0.01715,0.63322,3.43165,0.72546
county.ans,Angus,1750,0.5,Interior,true,2.02740,0.85384,1.08920,0.71419
county.ans,Angus,1800,1.1,Interior,true,0.48243,0.72137,2.08879,0.72809
county.ans,Angus,1800,0.9,Interior,true,0.74545,0.75442,1.77132,0.72732
county.ans,Angus,1800,2,Interior,false,-0.09279,0.61493,3.35627,0.71967
county.ans,Angus,1800,0.5,Interior,true,1.77300,0.84048,1.07499,0.70914
county.ans,Angus,1825,1.1,Interior,true,0.40565,0.70899,2.01266,0.72247
county.ans,Angus,1825,0.9,Interior,true,0.65314,0.74238,1.70789,0.72146
county.ans,Angus,1825,2,Interior,false,-0.13693,0.60205,3.22808,0.71483
county.ans,Angus,1825,0.5,Interior,true,1.61715,0.82980,1.03854,0.70263
county.ans,Angus,1850,1.1,Interior,true,0.65210,0.74194,1.51071,0.69325
county.ans,Angus,1850,0.9,Interior,true,0.93523,0.77288,1.27664,0.68836
county.ans,Angus,1850,2,Interior,true,0.01929,0.64046,2.45279,0.69407
county.ans,Angus,1850,0.5,Interior,true,2.00280,0.85206,0.76731,0.65545
county.ans,Angus,1875,1.1,Interior,true,1.09451,0.78118,1.06916,0.67965
county.ans,Angus,1875,0.9,Interior,true,1.43757,0.80878,0.89910,0.66945
county.ans,Angus,1875,2,Interior,true,0.30532,0.68781,1.76185,0.69238
county.ans,Angus,1875,0.5,Interior,true,2.67480,0.87751,0.53327,0.61820
county.ans,Angus,1900,1.1,Interior,true,1.03539,0.77442,1.01510,0.67307
county.ans,Angus,1900,0.9,Interior,true,1.36484,0.80215,0.85378,0.66225
county.ans,Angus,1900,2,Interior,true,0.27361,0.68086,1.67209,0.68747
county.ans,Angus,1900,0.5,Interior,true,2.54482,0.87139,0.50665,0.60907
county.ant,Antrim,1750,1.1,Interior,true,0.57117,0.73784,2.05854,0.70802
county.ant,Antrim,1750,0.9,Interior,true,0.84811,0.76994,1.74286,0.70600
county.ant,Antrim,1750,2,Interior,false,-0.03798,0.63340,3.32319,0.70236
county.ant,Antrim,1750,0.5,Interior,true,1.91901,0.85275,1.05289,0.68336
county.ant,Antrim,1800,1.1,Interior,true,0.70952,0.75431,2.05362,0.71247
county.ant,Antrim,1800,0.9,Interior,true,1.01213,0.78559,1.73631,0.71009
county.ant,Antrim,1800,2,Interior,true,0.04374,0.65161,3.32845,0.70733
county.ant,Antrim,1800,0.5,Interior,true,2.18052,0.86550,1.04483,0.68585
county.ant,Antrim,1825,1.1,Interior,true,0.74904,0.75694,1.99022,0.71126
county.ant,Antrim,1825,0.9,Interior,true,1.05780,0.78785,1.68171,0.70839
county.ant,Antrim,1825,2,Interior,true,0.06826,0.65514,3.23143,0.70717
county.ant,Antrim,1825,0.5,Interior,true,2.24553,0.86659,1.01032,0.68235
county.ant,Antrim,1850,1.1,Interior,true,1.18148,0.78243,1.61085,0.74150
county.ant,Antrim,1850,0.9,Interior,true,1.55782,0.81091,1.35624,0.73491
county.ant,Antrim,1850,2,Interior,true,0.33795,0.68657,2.64423,0.74497
county.ant,Antrim,1850,0.5,Interior,true,2.96714,0.88196,0.80680,0.69461
county.ant,Antrim,1875,1.1,Interior,true,1.79542,0.81835,1.18581,0.72925
county.ant,Antrim,1875,0.9,Interior,true,2.25816,0.84319,0.99363,0.71732
county.ant,Antrim,1875,2,Interior,true,0.73019,0.73200,1.97581,0.74498
county.ant,Antrim,1875,0.5,Interior,true,3.92251,0.90344,0.58366,0.65909
county.ant,Antrim,1900,1.1,Interior,true,1.89886,0.82269,1.07252,0.72014
county.ant,Antrim,1900,0.9,Interior,true,2.36827,0.84681,0.89789,0.70633
county.ant,Antrim,1900,2,Interior,true,0.80576,0.73839,1.79224,0.74051
county.ant,Antrim,1900,0.5,Interior,true,4.02943,0.90505,0.52624,0.64218
county.arl,Argyllshire,1750,1.1,Interior,true,0.46067,0.75101,2.09390,0.61018
county.arl,Argyllshire,1750,0.9,Interior,true,0.70699,0.78228,1.77071,0.60517
county.arl,Argyllshire,1750,2,Interior,false,-0.09374,0.64858,3.39251,0.61240
county.arl,Argyllshire,1750,0.5,Interior,true,1.62671,0.86254,1.06639,0.57360
county.arl,Argyllshire,1800,1.1,Interior,true,0.44631,0.74919,2.04832,0.60826
county.arl,Argyllshire,1800,0.9,Interior,true,0.68911,0.78054,1.73238,0.60304
county.arl,Argyllshire,1800,2,Interior,false,-0.10121,0.64666,3.31753,0.61100
county.arl,Argyllshire,1800,0.5,Interior,true,1.59328,0.86106,1.04370,0.57078
county.arl,Argyllshire,1825,1.1,Interior,true,0.48206,0.75412,2.01814,0.60837
county.arl,Argyllshire,1825,0.9,Interior,true,0.73046,0.78520,1.70613,0.60288
county.arl,Argyllshire,1825,2,Interior,false,-0.07892,0.65217,3.27274,0.61169
county.arl,Argyllshire,1825,0.5,Interior,true,1.65322,0.86482,1.02666,0.56959
county.arl,Argyllshire,1850,1.1,Interior,true,0.64978,0.77993,1.77675,0.58728
county.arl,Argyllshire,1850,0.9,Interior,true,0.92104,0.80929,1.49818,0.57981
county.arl,Argyllshire,1850,2,Interior,true,0.02910,0.68199,2.90366,0.59520
county.arl,Argyllshire,1850,0.5,Interior,true,1.90818,0.88338,0.89512,0.53997
county.arl,Argyllshire,1875,1.1,Interior,true,1.16882,0.82434,1.44527,0.58083
county.arl,Argyllshire,1875,0.9,Interior,true,1.51281,0.84993,1.21245,0.56934
county.arl,Argyllshire,1875,2,Interior,true,0.36218,0.73600,2.39950,0.59803
county.arl,Argyllshire,1875,0.5,Interior,true,2.71967,0.91254,0.71451,0.51629
county.arl,Argyllshire,1900,1.1,Interior,true,1.39052,0.83579,1.39193,0.57988
county.arl,Argyllshire,1900,0.9,Interior,true,1.76715,0.85995,1.16557,0.56731
county.arl,Argyllshire,1900,2,Interior,true,0.50231,0.75135,2.32434,0.59971
county.arl,Argyllshire,1900,0.5,Interior,true,3.07757,0.91837,0.68359,0.51089
county.arm,Armagh,1750,1.1,Interior,true,0.16236,0.65799,1.94762,0.75734
county.arm,Armagh,1750,0.9,Interior,true,0.36656,0.69347,1.66007,0.75844
county.arm,Armagh,1750,2,Interior,false,-0.28252,0.54743,3.08502,0.74556
county.arm,Armagh,1750,0.5,Interior,true,1.17371,0.78898,1.02280,0.74787
county.arm,Armagh,1800,1.1,Interior,true,0.07821,0.64091,1.88959,0.75089
county.arm,Armagh,1800,0.9,Interior,true,0.26581,0.67679,1.61251,0.75185
county.arm,Armagh,1800,2,Interior,false,-0.33155,0.52998,2.98366,0.73980
county.arm,Armagh,1800,0.5,Interior,true,1.00565,0.77419,0.99710,0.74120
county.arm,Armagh,1825,1.1,Interior,true,0.05049,0.63490,1.87603,0.74882
county.arm,Armagh,1825,0.9,Interior,true,0.23272,0.67091,1.60160,0.74976
county.arm,Armagh,1825,2,Interior,false,-0.34782,0.52388,2.95902,0.73791
county.arm,Armagh,1825,0.5,Interior,true,0.95098,0.76894,0.99161,0.73920
county.arm,Armagh,1850,1.1,Interior,true,0.26892,0.66265,1.64676,0.78988
county.arm,Armagh,1850,0.9,Interior,true,0.48879,0.69754,1.40200,0.78926
county.arm,Armagh,1850,2,Interior,false,-0.21405,0.55337,2.61726,0.78127
county.arm,Armagh,1850,0.5,Interior,true,1.34608,0.79105,0.86092,0.77133
county.arm,Armagh,1875,1.1,Interior,true,0.91719,0.74159,1.25288,0.79972
county.arm,Armagh,1875,0.9,Interior,true,1.24921,0.77237,1.05843,0.79477
county.arm,Armagh,1875,2,Interior,true,0.17849,0.64045,2.03599,0.79911
county.arm,Armagh,1875,0.5,Interior,true,2.50945,0.85100,0.63558,0.75933
county.arm,Armagh,1900,1.1,Interior,true,1.34272,0.77564,1.16704,0.80447
county.arm,Armagh,1900,0.9,Interior,true,1.74753,0.80404,0.98240,0.79734
county.arm,Armagh,1900,2,Interior,true,0.43604,0.68006,1.91683,0.80825
county.arm,Armagh,1900,0.5,Interior,true,3.26501,0.87492,0.58414,0.75380
county.ayr,Ayrshire,1750,1.1,Interior,true,0.71745,0.74744,1.74715,0.72442
county.ayr,Ayrshire,1750,0.9,Interior,true,1.01749,0.77867,1.47712,0.72098
county.ayr,Ayrshire,1750,2,Interior,true,0.05324,0.64502,2.83241,0.72151
county.ayr,Ayrshire,1750,0.5,Interior,true,2.16533,0.85863,0.88883,0.69263
county.ayr,Ayrshire,1800,1.1,Interior,true,0.88122,0.76439,1.52276,0.71934
county.ayr,Ayrshire,1800,0.9,Interior,true,1.20408,0.79444,1.28511,0.71373
county.ayr,Ayrshire,1800,2,Interior,true,0.15837,0.66474,2.48193,0.72114
county.ayr,Ayrshire,1800,0.5,Interior,true,2.41698,0.87058,0.76949,0.67744
county.ayr,Ayrshire,1825,1.1,Interior,true,0.95780,0.76988,1.25310,0.70483
county.ayr,Ayrshire,1825,0.9,Interior,true,1.28250,0.79904,1.05618,0.69625
county.ayr,Ayrshire,1825,2,Interior,true,0.21763,0.67258,2.05065,0.71353
county.ayr,Ayrshire,1825,0.5,Interior,true,2.47021,0.87254,0.63029,0.64986
county.ayr,Ayrshire,1850,1.1,Interior,true,1.15848,0.79117,1.07611,0.67775
county.ayr,Ayrshire,1850,0.9,Interior,true,1.50805,0.81855,0.90475,0.66673
county.ayr,Ayrshire,1850,2,Interior,true,0.34961,0.69832,1.77453,0.69237
county.ayr,Ayrshire,1850,0.5,Interior,true,2.75850,0.88656,0.53631,0.61270
county.ayr,Ayrshire,1875,1.1,Interior,true,1.74902,0.82743,0.91390,0.67588
county.ayr,Ayrshire,1875,0.9,Interior,true,2.18535,0.85154,0.76515,0.66162
county.ayr,Ayrshire,1875,2,Interior,true,0.72348,0.74317,1.52690,0.69809
county.ayr,Ayrshire,1875,0.5,Interior,true,3.71033,0.90983,0.44855,0.59719
county.ayr,Ayrshire,1900,1.1,Interior,true,1.98614,0.83749,0.88180,0.67457
county.ayr,Ayrshire,1900,0.9,Interior,true,2.45660,0.86041,0.73723,0.65918
county.ayr,Ayrshire,1900,2,Interior,true,0.87434,0.75651,1.48005,0.69953
county.ayr,Ayrshire,1900,0.5,Interior,true,4.08812,0.91534,0.43059,0.59134
county.ban,Banffshire,1750,1.1,Interior,true,0.37658,0.71280,2.07351,0.70160
county.ban,Banffshire,1750,0.9,Interior,true,0.61736,0.74622,1.75969,0.70019
county.ban,Banffshire,1750,2,Interior,false,-0.15295,0.60574,3.32467,0.69508
county.ban,Banffshire,1750,0.5,Interior,true,1.55072,0.83371,1.07036,0.68021
county.ban,Banffshire,1800,1.1,Interior,true,0.41545,0.71857,2.08682,0.70354
county.ban,Banffshire,1800,0.9,Interior,true,0.66368,0.75175,1.77020,0.70210
county.ban,Banffshire,1800,2,Interior,false,-0.13020,0.61194,3.35024,0.69697
county.ban,Banffshire,1800,0.5,Interior,true,1.62623,0.83837,1.07534,0.68191
county.ban,Banffshire,1825,1.1,Interior,true,0.35301,0.70862,2.01998,0.69892
county.ban,Banffshire,1825,0.9,Interior,true,0.58860,0.74211,1.71458,0.69727
county.ban,Banffshire,1825,2,Interior,false,-0.16604,0.60148,3.23731,0.69300
county.ban,Banffshire,1825,0.5,Interior,true,1.49958,0.82997,1.04351,0.67652
county.ban,Banffshire,1850,1.1,Interior,true,0.40770,0.72219,1.77769,0.67487
county.ban,Banffshire,1850,0.9,Interior,true,0.64967,0.75487,1.50677,0.67172
county.ban,Banffshire,1850,2,Interior,false,-0.12992,0.61677,2.86088,0.67238
county.ban,Banffshire,1850,0.5,Interior,true,1.57239,0.83994,0.91333,0.64571
county.ban,Banffshire,1875,1.1,Interior,true,0.70674,0.75648,1.41385,0.67133
county.ban,Banffshire,1875,0.9,Interior,true,0.99474,0.78679,1.19371,0.66513
county.ban,Banffshire,1875,2,Interior,true,0.05725,0.65637,2.30167,0.67527
county.ban,Banffshire,1875,0.5,Interior,true,2.06586,0.86393,0.71570,0.62789
county.ban,Banffshire,1900,1.1,Interior,true,0.72373,0.75499,1.34518,0.66709
county.ban,Banffshire,1900,0.9,Interior,true,1.01237,0.78493,1.13507,0.66013
county.ban,Banffshire,1900,2,Interior,true,0.06997,0.65586,2.19387,0.67282
county.ban,Banffshire,1900,0.5,Interior,true,2.07879,0.86098,0.67947,0.62034
county.bdf,Bedfordshire,1750,1.1,Interior,true,0.31584,0.67892,1.99558,0.79258
county.bdf,Bedfordshire,1750,0.9,Interior,true,0.55178,0.71390,1.69858,0.79466
county.bdf,Bedfordshire,1750,2,Interior,false,-0.19443,0.56886,3.17286,0.77791
county.bdf,Bedfordshire,1750,0.5,Interior,true,1.49350,0.80710,1.04203,0.78682
county.bdf,Bedfordshire,1800,1.1,Interior,true,0.29304,0.69169,2.00472,0.74001
county.bdf,Bedfordshire,1800,0.9,Interior,true,0.52724,0.72628,1.70481,0.74226
county.bdf,Bedfordshire,1800,2,Interior,false,-0.21179,0.58215,3.19531,0.72542
county.bdf,Bedfordshire,1800,0.5,Interior,true,1.46587,0.81787,1.04299,0.73601
county.bdf,Bedfordshire,1825,1.1,Interior,true,0.14922,0.66565,1.90453,0.73163
county.bdf,Bedfordshire,1825,0.9,Interior,true,0.35510,0.70103,1.62256,0.73394
county.bdf,Bedfordshire,1825,2,Interior,false,-0.29553,0.55503,3.02051,0.71746
county.bdf,Bedfordshire,1825,0.5,Interior,true,1.17933,0.79587,0.99812,0.72851
county.bdf,Bedfordshire,1850,1.1,Interior,true,0.16638,0.64405,1.58350,0.79919
county.bdf,Bedfordshire,1850,0.9,Interior,true,0.37092,0.67977,1.35064,0.80059
county.bdf,Bedfordshire,1850,2,Interior,false,-0.27905,0.53337,2.50372,0.78651
county.bdf,Bedfordshire,1850,0.5,Interior,true,1.18088,0.77646,0.83390,0.79064
county.bdf,Bedfordshire,1875,1.1,Interior,true,0.33731,0.67011,1.25252,0.79766
county.bdf,Bedfordshire,1875,0.9,Interior,true,0.57023,0.70455,1.06524,0.79689
county.bdf,Bedfordshire,1875,2,Interior,false,-0.17387,0.56167,1.99657,0.78915
county.bdf,Bedfordshire,1875,0.5,Interior,true,1.47858,0.79629,0.65209,0.77801
county.bdf,Bedfordshire,1900,1.1,Interior,true,0.29981,0.66078,1.18182,0.79111
county.bdf,Bedfordshire,1900,0.9,Interior,true,0.52429,0.69517,1.00513,0.78966
county.bdf,Bedfordshire,1900,2,Interior,false,-0.19468,0.55273,1.88395,0.78428
county.bdf,Bedfordshire,1900,0.5,Interior,true,1.39510,0.78701,0.61542,0.76853
county.bew,Berwickshire,1750,1.1,Interior,true,0.48990,0.71749,2.08431,0.75196
county.bew,Berwickshire,1750,0.9,Interior,true,0.75634,0.75088,1.76854,0.75208
county.bew,Berwickshire,1750,2,Interior,false,-0.09010,0.61028,3.34339,0.74134
county.bew,Berwickshire,1750,0.5,Interior,true,1.80537,0.83808,1.07503,0.73689
county.bew,Berwickshire,1800,1.1,Interior,true,0.41390,0.70635,2.03674,0.74743
county.bew,Berwickshire,1800,0.9,Interior,true,0.66520,0.74014,1.72954,0.74749
county.bew,Berwickshire,1800,2,Interior,false,-0.13401,0.59846,3.25984,0.73721
county.bew,Berwickshire,1800,0.5,Interior,true,1.65300,0.82889,1.05379,0.73225
county.bew,Berwickshire,1825,1.1,Interior,true,0.44324,0.71005,2.00187,0.74755
county.bew,Berwickshire,1825,0.9,Interior,true,0.69962,0.74361,1.69922,0.74734
county.bew,Berwickshire,1825,2,Interior,false,-0.11626,0.60261,3.20795,0.73782
county.bew,Berwickshire,1825,0.5,Interior,true,1.70557,0.83156,1.03404,0.73105
county.bew,Berwickshire,1850,1.1,Interior,true,0.58265,0.73374,1.77093,0.72660
county.bew,Berwickshire,1850,0.9,Interior,true,0.86228,0.76603,1.49979,0.72486
county.bew,Berwickshire,1850,2,Interior,false,-0.03142,0.62893,2.85646,0.72012
county.bew,Berwickshire,1850,0.5,Interior,true,1.94666,0.84947,0.90679,0.70289
county.bew,Berwickshire,1875,1.1,Interior,true,1.07175,0.78032,1.42591,0.72992
county.bew,Berwickshire,1875,0.9,Interior,true,1.43496,0.80939,1.20155,0.72507
county.bew,Berwickshire,1875,2,Interior,true,0.26484,0.68287,2.33442,0.72967
county.bew,Berwickshire,1875,0.5,Interior,true,2.81364,0.88220,0.71637,0.69129
county.bew,Berwickshire,1900,1.1,Interior,true,1.22188,0.78887,1.37051,0.72951
county.bew,Berwickshire,1900,0.9,Interior,true,1.61039,0.81691,1.15316,0.72373
county.bew,Berwickshire,1900,2,Interior,true,0.35582,0.69400,2.25393,0.73129
county.bew,Berwickshire,1900,0.5,Interior,true,3.07642,0.88654,0.68476,0.68662
county.bkm,Buckinghamshire,1750,1.1,Interior,true,0.29498,0.67543,1.98757,0.79007
county.bkm,Buckinghamshire,1750,0.9,Interior,true,0.52619,0.71049,1.69214,0.79191
county.bkm,Buckinghamshire,1750,2,Interior,false,-0.20589,0.56529,3.15820,0.77599
county.bkm,Buckinghamshire,1750,0.5,Interior,true,1.44692,0.80407,1.03881,0.78326
county.bkm,Buckinghamshire,1800,1.1,Interior,true,0.29154,0.69143,1.96427,0.73743
county.bkm,Buckinghamshire,1800,0.9,Interior,true,0.52413,0.72598,1.67034,0.73921
county.bkm,Buckinghamshire,1800,2,Interior,false,-0.21123,0.58204,3.13129,0.72389
county.bkm,Buckinghamshire,1800,0.5,Interior,true,1.45213,0.81746,1.02181,0.73113
county.bkm,Buckinghamshire,1825,1.1,Interior,true,0.24695,0.68332,1.88588,0.73414
county.bkm,Buckinghamshire,1825,0.9,Interior,true,0.47049,0.71808,1.60445,0.73580
county.bkm,Buckinghamshire,1825,2,Interior,false,-0.23691,0.57367,3.00241,0.72101
county.bkm,Buckinghamshire,1825,0.5,Interior,true,1.36107,0.81044,0.98292,0.72747
county.bkm,Buckinghamshire,1850,1.1,Interior,true,0.31999,0.67168,1.59329,0.80565
county.bkm,Buckinghamshire,1850,0.9,Interior,true,0.55279,0.70659,1.35623,0.80640
county.bkm,Buckinghamshire,1850,2,Interior,false,-0.18735,0.56203,2.53316,0.79375
county.bkm,Buckinghamshire,1850,0.5,Interior,true,1.47120,0.79983,0.83226,0.79324
county.bkm,Buckinghamshire,1875,1.1,Interior,true,0.59229,0.70722,1.27203,0.80735
county.bkm,Buckinghamshire,1875,0.9,Interior,true,0.87196,0.74026,1.07873,0.80566
county.bkm,Buckinghamshire,1875,2,Interior,false,-0.02202,0.60115,2.04405,0.80003
county.bkm,Buckinghamshire,1875,0.5,Interior,true,1.95763,0.82659,0.65480,0.78252
county.bkm,Buckinghamshire,1900,1.1,Interior,true,0.59634,0.70445,1.20898,0.80303
county.bkm,Buckinghamshire,1900,0.9,Interior,true,0.87515,0.73722,1.02477,0.80061
county.bkm,Buckinghamshire,1900,2,Interior,false,-0.01806,0.59911,1.94551,0.79736
county.bkm,Buckinghamshire,1900,0.5,Interior,true,1.95193,0.82275,0.62125,0.77490
county.bre,Brecknockshire,1750,1.1,Interior,true,0.37380,0.73291,1.98563,0.62072
county.bre,Brecknockshire,1750,0.9,Interior,true,0.60460,0.76497,1.68134,0.61595
county.bre,Brecknockshire,1750,2,Interior,false,-0.14542,0.62892,3.20506,0.62249
county.bre,Brecknockshire,1750,0.5,Interior,true,1.46803,0.84799,1.01637,0.58513
county.bre,Brecknockshire,1800,1.1,Interior,true,0.37690,0.73354,1.90859,0.61883
county.bre,Brecknockshire,1800,0.9,Interior,true,0.60701,0.76554,1.61596,0.61371
county.bre,Brecknockshire,1800,2,Interior,false,-0.14211,0.62971,3.08154,0.62141
county.bre,Brecknockshire,1800,0.5,Interior,true,1.46453,0.84839,0.97665,0.58166
county.bre,Brecknockshire,1825,1.1,Interior,true,0.31179,0.72349,1.81210,0.61355
county.bre,Brecknockshire,1825,0.9,Interior,true,0.52877,0.75586,1.53535,0.60813
county.bre,Brecknockshire,1825,2,Interior,false,-0.17937,0.61899,2.92004,0.61701
county.bre,Brecknockshire,1825,0.5,Interior,true,1.33380,0.84016,0.92986,0.57525
county.bre,Brecknockshire,1850,1.1,Interior,true,0.34010,0.70511,1.52747,0.66392
county.bre,Brecknockshire,1850,0.9,Interior,true,0.55396,0.73794,1.29546,0.65613
county.bre,Brecknockshire,1850,2,Interior,false,-0.15115,0.60007,2.45504,0.67236
county.bre,Brecknockshire,1850,0.5,Interior,true,1.33198,0.82428,0.78703,0.61408
county.bre,Brecknockshire,1875,1.1,Interior,true,0.71287,0.75251,1.25575,0.65854
county.bre,Brecknockshire,1875,0.9,Interior,true,0.97885,0.78246,1.05981,0.64681
county.bre,Brecknockshire,1875,2,Interior,true,0.08932,0.65377,2.04758,0.67562
county.bre,Brecknockshire,1875,0.5,Interior,true,1.91581,0.85899,0.63502,0.59117
county.bre,Brecknockshire,1900,1.1,Interior,true,0.89795,0.76920,1.21886,0.65939
county.bre,Brecknockshire,1900,0.9,Interior,true,1.19179,0.79782,1.02660,0.64654
county.bre,Brecknockshire,1900,2,Interior,true,0.20593,0.67361,1.99949,0.67893
county.bre,Brecknockshire,1900,0.5,Interior,true,2.21926,0.87005,0.61168,0.58710
county.brk,Berkshire,1750,1.1,Interior,true,0.28260,0.67336,1.98282,0.79056
county.brk,Berkshire,1750,0.9,Interior,true,0.51197,0.70851,1.68840,0.79264
county.brk,Berkshire,1750,2,Interior,false,-0.21375,0.56306,3.14905,0.77601
county.brk,Berkshire,1750,0.5,Interior,true,1.42711,0.80243,1.03706,0.78494
county.brk,Berkshire,1800,1.1,Interior,true,0.23564,0.68198,1.98266,0.73627
county.brk,Berkshire,1800,0.9,Interior,true,0.45821,0.71690,1.68725,0.73845
county.brk,Berkshire,1800,2,Interior,false,-0.24482,0.57198,3.15393,0.72205
county.brk,Berkshire,1800,0.5,Interior,true,1.34891,0.80978,1.03446,0.73212
county.brk,Berkshire,1825,1.1,Interior,true,0.17474,0.67043,1.89586,0.73187
county.brk,Berkshire,1825,0.9,Interior,true,0.38503,0.70563,1.61456,0.73393
county.brk,Berkshire,1825,2,Interior,false,-0.27999,0.56007,3.00994,0.71815
county.brk,Berkshire,1825,0.5,Interior,true,1.22517,0.79979,0.99207,0.72740
county.brk,Berkshire,1850,1.1,Interior,true,0.22341,0.65490,1.59576,0.80200
county.brk,Berkshire,1850,0.9,Interior,true,0.43856,0.69034,1.36006,0.80322
county.brk,Berkshire,1850,2,Interior,false,-0.24510,0.54453,2.52832,0.78948
county.brk,Berkshire,1850,0.5,Interior,true,1.28973,0.78576,0.83777,0.79226
county.brk,Berkshire,1875,1.1,Interior,true,0.38843,0.67835,1.25786,0.79938
county.brk,Berkshire,1875,0.9,Interior,true,0.63050,0.71251,1.06912,0.79835
county.brk,Berkshire,1875,2,Interior,false,-0.14315,0.57035,2.00850,0.79125
county.brk,Berkshire,1875,0.5,Interior,true,1.57306,0.80313,0.65328,0.77832
county.brk,Berkshire,1900,1.1,Interior,true,0.31590,0.66356,1.17947,0.79071
county.brk,Berkshire,1900,0.9,Interior,true,0.54278,0.69785,1.00292,0.78901
county.brk,Berkshire,1900,2,Interior,false,-0.18444,0.55568,1.88133,0.78439
county.brk,Berkshire,1900,0.5,Interior,true,1.42111,0.78931,0.61369,0.76688
county.but,Buteshire,1750,1.1,Interior,true,0.46261,0.73629,2.12775,0.66562
county.but,Buteshire,1750,0.9,Interior,true,0.71615,0.76855,1.80211,0.66275
county.but,Buteshire,1750,2,Interior,false,-0.09924,0.63156,3.43143,0.66248
county.but,Buteshire,1750,0.5,Interior,true,1.68588,0.85201,1.08991,0.63781
county.but,Buteshire,1800,1.1,Interior,true,0.21264,0.69671,1.99261,0.65157
county.but,Buteshire,1800,0.9,Interior,true,0.41840,0.73049,1.69259,0.64864
county.but,Buteshire,1800,2,Interior,false,-0.24567,0.58928,3.18724,0.64930
county.but,Buteshire,1800,0.5,Interior,true,1.20187,0.81971,1.03252,0.62426
county.but,Buteshire,1825,1.1,Interior,true,0.19999,0.69262,1.83848,0.64532
county.but,Buteshire,1825,0.9,Interior,true,0.40097,0.72627,1.56140,0.64149
county.but,Buteshire,1825,2,Interior,false,-0.25045,0.58565,2.94243,0.64519
county.but,Buteshire,1825,0.5,Interior,true,1.15925,0.81523,0.95213,0.61398
county.but,Buteshire,1850,1.1,Interior,true,0.27502,0.71077,1.57955,0.62086
county.but,Buteshire,1850,0.9,Interior,true,0.48442,0.74339,1.33895,0.61513
county.but,Buteshire,1850,2,Interior,false,-0.20006,0.60596,2.54208,0.62508
county.but,Buteshire,1850,0.5,Interior,true,1.25921,0.82875,0.81209,0.58111
county.but,Buteshire,1875,1.1,Interior,true,0.53605,0.74621,1.27286,0.61416
county.but,Buteshire,1875,0.9,Interior,true,0.78133,0.77657,1.07488,0.60516
county.but,Buteshire,1875,2,Interior,false,-0.03116,0.64640,2.07158,0.62556
county.but,Buteshire,1875,0.5,Interior,true,1.66207,0.85433,0.64502,0.55971
county.but,Buteshire,1900,1.1,Interior,true,0.56323,0.74679,1.21465,0.61016
county.but,Buteshire,1900,0.9,Interior,true,0.81064,0.77674,1.02503,0.60039
county.but,Buteshire,1900,2,Interior,false,-0.01178,0.64808,1.98099,0.62342
county.but,Buteshire,1900,0.5,Interior,true,1.69256,0.85320,0.61397,0.55246
county.cae,Caernarfonshire,1750,1.1,Interior,true,0.17030,0.70061,2.04542,0.61521
county.cae,Caernarfonshire,1750,0.9,Interior,true,0.36600,0.73420,1.73693,0.61141
county.cae,Caernarfonshire,1750,2,Interior,false,-0.26882,0.59362,3.27468,0.61532
county.cae,Caernarfonshire,1750,0.5,Interior,true,1.10291,0.82281,1.05874,0.58455
county.cae,Caernarfonshire,1800,1.1,Interior,true,0.14087,0.69506,2.03264,0.61418
county.cae,Caernarfonshire,1800,0.9,Interior,true,0.33147,0.72885,1.72682,0.61051
county.cae,Caernarfonshire,1800,2,Interior,false,-0.28667,0.58771,3.25032,0.61410
county.cae,Caernarfonshire,1800,0.5,Interior,true,1.04982,0.81827,1.05391,0.58422
county.cae,Caernarfonshire,1825,1.1,Interior,true,0.10112,0.68726,2.01471,0.61248
county.cae,Caernarfonshire,1825,0.9,Interior,true,0.28470,0.72133,1.71259,0.60894
county.cae,Caernarfonshire,1825,2,Interior,false,-0.31065,0.57945,3.21635,0.61224
county.cae,Caernarfonshire,1825,0.5,Interior,true,0.97707,0.81183,1.04706,0.58327
county.cae,Caernarfonshire,1850,1.1,Interior,true,0.16435,0.67530,1.71434,0.66640
county.cae,Caernarfonshire,1850,0.9,Interior,true,0.35280,0.70949,1.45795,0.66078
county.cae,Caernarfonshire,1850,2,Interior,false,-0.26377,0.56767,2.73383,0.67031
county.cae,Caernarfonshire,1850,0.5,Interior,true,1.05112,0.80086,0.89283,0.62672
county.cae,Caernarfonshire,1875,1.1,Interior,true,0.44349,0.71899,1.38051,0.65993
county.cae,Caernarfonshire,1875,0.9,Interior,true,0.67093,0.75090,1.16889,0.65060
county.cae,Caernarfonshire,1875,2,Interior,false,-0.08338,0.61593,2.22962,0.67179
county.cae,Caernarfonshire,1875,0.5,Interior,true,1.48748,0.83410,0.70681,0.60320
county.cae,Caernarfonshire,1900,1.1,Interior,true,0.50372,0.72437,1.32341,0.65715
county.cae,Caernarfonshire,1900,0.9,Interior,true,0.73913,0.75565,1.11930,0.64693
county.cae,Caernarfonshire,1900,2,Interior,false,-0.04411,0.62278,2.14447,0.67105
county.cae,Caernarfonshire,1900,0.5,Interior,true,1.57827,0.83675,0.67471,0.59654
county.cai,Caithness,1750,1.1,Interior,true,0.46560,0.73670,2.12869,0.66576
county.cai,Caithness,1750,0.9,Interior,true,0.71970,0.76894,1.80285,0.66288
county.cai,Caithness,1750,2,Interior,false,-0.09749,0.63201,3.43328,0.66261
county.cai,Caithness,1750,0.5,Interior,true,1.69160,0.85233,1.09025,0.63792
county.cai,Caithness,1800,1.1,Interior,true,0.49338,0.74045,2.13737,0.66698
county.cai,Caithness,1800,0.9,Interior,true,0.75273,0.77252,1.80966,0.66407
county.cai,Caithness,1800,2,Interior,false,-0.08118,0.63610,3.45025,0.66383
county.cai,Caithness,1800,0.5,Interior,true,1.74487,0.85529,1.09342,0.63895
county.cai,Caithness,1825,1.1,Interior,true,0.34607,0.71907,2.06572,0.65940
county.cai,Caithness,1825,0.9,Interior,true,0.57725,0.75204,1.75183,0.65650
county.cai,Caithness,1825,2,Interior,false,-0.16737,0.61303,3.31930,0.65661
county.cai,Caithness,1825,0.5,Interior,true,1.45967,0.83809,1.06349,0.63180
county.cai,Caithness,1850,1.1,Interior,true,0.33445,0.72275,1.79837,0.63283
county.cai,Caithness,1850,0.9,Interior,true,0.55918,0.75530,1.52409,0.62850
county.cai,Caithness,1850,2,Interior,false,-0.16981,0.61773,2.89555,0.63357
county.cai,Caithness,1850,0.5,Interior,true,1.40372,0.84007,0.92359,0.59907
county.cai,Caithness,1875,1.1,Interior,true,0.71464,0.76857,1.44748,0.63010
county.cai,Caithness,1875,0.9,Interior,true,0.99721,0.79810,1.22074,0.62228
county.cai,Caithness,1875,2,Interior,true,0.06912,0.67038,2.36453,0.63822
county.cai,Caithness,1875,0.5,Interior,true,2.02806,0.87279,0.72970,0.58031
county.cai,Caithness,1900,1.1,Interior,true,0.83345,0.77734,1.39152,0.62895
county.cai,Caithness,1900,0.9,Interior,true,1.13422,0.80587,1.17180,0.62021
county.cai,Caithness,1900,2,Interior,true,0.14336,0.68159,2.28338,0.63913
county.cai,Caithness,1900,0.5,Interior,true,2.22378,0.87745,0.69761,0.57512
county.cam,Cambridgeshire,1750,1.1,Interior,true,0.41095,0.69386,2.02989,0.79806
county.cam,Cambridgeshire,1750,0.9,Interior,true,0.66573,0.72835,1.72586,0.80011
county.cam,Cambridgeshire,1750,2,Interior,false,-0.13923,0.58456,3.23738,0.78308
county.cam,Cambridgeshire,1750,0.5,Interior,true,1.68363,0.81952,1.05524,0.79185
county.cam,Cambridgeshire,1800,1.1,Interior,true,0.33940,0.69911,2.02162,0.74254
county.cam,Cambridgeshire,1800,0.9,Interior,true,0.58284,0.73344,1.71822,0.74478
county.cam,Cambridgeshire,1800,2,Interior,false,-0.18495,0.59000,3.22731,0.72784
county.cam,Cambridgeshire,1800,0.5,Interior,true,1.55891,0.82398,1.04943,0.73832
county.cam,Cambridgeshire,1825,1.1,Interior,true,0.20738,0.67642,1.92841,0.73523
county.cam,Cambridgeshire,1825,0.9,Interior,true,0.42480,0.71147,1.64162,0.73755
county.cam,Cambridgeshire,1825,2,Interior,false,-0.26175,0.56623,3.06496,0.72082
county.cam,Cambridgeshire,1825,0.5,Interior,true,1.29588,0.80496,1.00745,0.73188
county.cam,Cambridgeshire,1850,1.1,Interior,true,0.31927,0.67147,1.63512,0.80931
county.cam,Cambridgeshire,1850,0.9,Interior,true,0.55374,0.70645,1.39194,0.81075
county.cam,Cambridgeshire,1850,2,Interior,false,-0.18977,0.56164,2.59908,0.79589
county.cam,Cambridgeshire,1850,0.5,Interior,true,1.48422,0.79987,0.85430,0.80021
county.cam,Cambridgeshire,1875,1.1,Interior,true,0.62225,0.71076,1.31089,0.81308
county.cam,Cambridgeshire,1875,0.9,Interior,true,0.91024,0.74371,1.11144,0.81215
county.cam,Cambridgeshire,1875,2,Interior,false,-0.00736,0.60477,2.10774,0.80395
county.cam,Cambridgeshire,1875,0.5,Interior,true,2.03606,0.82964,0.67417,0.79178
county.cam,Cambridgeshire,1900,1.1,Interior,true,0.67354,0.71371,1.25373,0.81113
county.cam,Cambridgeshire,1900,0.9,Interior,true,0.96985,0.74615,1.06199,0.80947
county.cam,Cambridgeshire,1900,2,Interior,true,0.02407,0.60892,2.02131,0.80356
county.cam,Cambridgeshire,1900,0.5,Interior,true,2.12283,0.83036,0.64251,0.78631
county.cgn,Cardiganshire,1750,1.1,Interior,true,0.28125,0.71449,2.07740,0.63850
county.cgn,Cardiganshire,1750,0.9,Interior,true,0.49901,0.74762,1.76236,0.63517
county.cgn,Cardiganshire,1750,2,Interior,false,-0.20450,0.60822,3.33488,0.63703
county.cgn,Cardiganshire,1750,0.5,Interior,true,1.32528,0.83435,1.07104,0.60938
county.cgn,Cardiganshire,1800,1.1,Interior,true,0.18509,0.69784,2.03905,0.63397
county.cgn,Cardiganshire,1800,0.9,Interior,true,0.38525,0.73161,1.73203,0.63082
county.cgn,Cardiganshire,1800,2,Interior,false,-0.26174,0.59045,3.26161,0.63240
county.cgn,Cardiganshire,1800,0.5,Interior,true,1.14492,0.82078,1.05658,0.60599
county.cgn,Cardiganshire,1825,1.1,Interior,true,0.12509,0.68649,2.01294,0.63110
county.cgn,Cardiganshire,1825,0.9,Interior,true,0.31438,0.72065,1.71132,0.62809
county.cgn,Cardiganshire,1825,2,Interior,false,-0.29763,0.57844,3.21221,0.62943
county.cgn,Cardiganshire,1825,0.5,Interior,true,1.03315,0.81141,1.04660,0.60400
county.cgn,Cardiganshire,1850,1.1,Interior,true,0.16560,0.66986,1.70361,0.68562
county.cgn,Cardiganshire,1850,0.9,Interior,true,0.35577,0.70427,1.44950,0.68060
county.cgn,Cardiganshire,1850,2,Interior,false,-0.26450,0.56180,2.71310,0.68798
county.cgn,Cardiganshire,1850,0.5,Interior,true,1.06534,0.79647,0.88881,0.64837
county.cgn,Cardiganshire,1875,1.1,Interior,true,0.43057,0.71142,1.36912,0.68004
county.cgn,Cardiganshire,1875,0.9,Interior,true,0.65861,0.74372,1.16001,0.67152
county.cgn,Cardiganshire,1875,2,Interior,false,-0.09431,0.60752,2.20689,0.68984
county.cgn,Cardiganshire,1875,0.5,Interior,true,1.48513,0.82822,0.70273,0.62645
county.cgn,Cardiganshire,1900,1.1,Interior,true,0.48471,0.71610,1.31164,0.67717
county.cgn,Cardiganshire,1900,0.9,Interior,true,0.71993,0.74782,1.11015,0.66777
county.cgn,Cardiganshire,1900,2,Interior,false,-0.05905,0.61355,2.12083,0.68895
county.cgn,Cardiganshire,1900,0.5,Interior,true,1.56662,0.83037,0.67054,0.61972
county.chs,Cheshire,1750,1.1,Interior,true,0.32249,0.68402,1.87676,0.76289
county.chs,Cheshire,1750,0.9,Interior,true,0.55632,0.71845,1.59583,0.76323
county.chs,Cheshire,1750,2,Interior,false,-0.18738,0.57517,2.99277,0.75218
county.chs,Cheshire,1750,0.5,Interior,true,1.47690,0.80978,0.97618,0.74914
county.chs,Cheshire,1800,1.1,Interior,true,0.38975,0.69184,1.55033,0.75557
county.chs,Cheshire,1800,0.9,Interior,true,0.63154,0.72554,1.31649,0.75394
county.chs,Cheshire,1800,2,Interior,false,-0.14259,0.58458,2.48192,0.74907
county.chs,Cheshire,1800,0.5,Interior,true,1.56818,0.81440,0.80227,0.73233
county.chs,Cheshire,1825,1.1,Interior,true,0.42631,0.69332,1.24200,0.74199
county.chs,Cheshire,1825,0.9,Interior,true,0.66781,0.72633,1.05341,0.73771
county.chs,Cheshire,1825,2,Interior,false,-0.11314,0.58783,1.99548,0.74147
county.chs,Cheshire,1825,0.5,Interior,true,1.58249,0.81302,0.63988,0.70650
county.chs,Cheshire,1850,1.1,Interior,true,0.47335,0.67565,0.98219,0.80125
county.chs,Cheshire,1850,0.9,Interior,true,0.71325,0.70885,0.83357,0.79380
county.chs,Cheshire,1850,2,Interior,false,-0.07164,0.57030,1.57573,0.80738
county.chs,Cheshire,1850,0.5,Interior,true,1.60076,0.79681,0.50741,0.75026
county.chs,Cheshire,1875,1.1,Interior,true,0.61833,0.69349,0.79338,0.79219
county.chs,Cheshire,1875,0.9,Interior,true,0.87613,0.72557,0.67192,0.78193
county.chs,Cheshire,1875,2,Interior,true,0.02478,0.59051,1.28069,0.80456
county.chs,Cheshire,1875,0.5,Interior,true,1.81005,0.80963,0.40658,0.72853
county.chs,Cheshire,1900,1.1,Interior,true,0.49129,0.67465,0.74352,0.77984
county.chs,Cheshire,1900,0.9,Interior,true,0.72459,0.70725,0.63037,0.76893
county.chs,Cheshire,1900,2,Interior,false,-0.04919,0.57093,1.19666,0.79426
county.chs,Cheshire,1900,0.5,Interior,true,1.56360,0.79350,0.38271,0.71393
county.clk,Clackmannanshire,1750,1.1,Interior,true,0.35823,0.69378,1.58622,0.72864
county.clk,Clackmannanshire,1750,0.9,Interior,true,0.59135,0.72736,1.34675,0.72597
county.clk,Clackmannanshire,1750,2,Interior,false,-0.15849,0.58685,2.54066,0.72475
county.clk,Clackmannanshire,1750,0.5,Interior,true,1.48520,0.81586,0.82039,0.70099
county.clk,Clackmannanshire,1800,1.1,Interior,true,0.56619,0.72375,1.45320,0.73076
county.clk,Clackmannanshire,1800,0.9,Interior,true,0.83359,0.75598,1.23077,0.72644
county.clk,Clackmannanshire,1800,2,Interior,false,-0.03046,0.61942,2.34410,0.73002
county.clk,Clackmannanshire,1800,0.5,Interior,true,1.84625,0.83962,0.74443,0.69497
county.clk,Clackmannanshire,1825,1.1,Interior,true,0.60661,0.72790,1.25017,0.72011
county.clk,Clackmannanshire,1825,0.9,Interior,true,0.87426,0.75960,1.05793,0.71364
county.clk,Clackmannanshire,1825,2,Interior,true,0.00172,0.62491,2.02180,0.72430
county.clk,Clackmannanshire,1825,0.5,Interior,true,1.86852,0.84160,0.63846,0.67462
county.clk,Clackmannanshire,1850,1.1,Interior,true,0.90194,0.76417,1.04606,0.69486
county.clk,Clackmannanshire,1850,0.9,Interior,true,1.21187,0.79343,0.88181,0.68524
county.clk,Clackmannanshire,1850,2,Interior,true,0.18988,0.66678,1.71116,0.70618
county.clk,Clackmannanshire,1850,0.5,Interior,true,2.33337,0.86740,0.52652,0.63560
county.clk,Clackmannanshire,1875,1.1,Interior,true,1.46425,0.80633,0.89894,0.69733
county.clk,Clackmannanshire,1875,0.9,Interior,true,1.86144,0.83229,0.75435,0.68476
county.clk,Clackmannanshire,1875,2,Interior,true,0.54052,0.71712,1.49108,0.71519
county.clk,Clackmannanshire,1875,0.5,Interior,true,3.27095,0.89600,0.44489,0.62512
county.clk,Clackmannanshire,1900,1.1,Interior,true,1.72873,0.82015,0.87048,0.69762
county.clk,Clackmannanshire,1900,0.9,Interior,true,2.16638,0.84471,0.72917,0.68385
county.clk,Clackmannanshire,1900,2,Interior,true,0.70587,0.73466,1.45196,0.71826
county.clk,Clackmannanshire,1900,0.5,Interior,true,3.70796,0.90430,0.42803,0.62042
county.cmn,Carmarthenshire,1750,1.1,Interior,true,0.46642,0.72903,1.84580,0.67601
county.cmn,Carmarthenshire,1750,0.9,Interior,true,0.71745,0.76126,1.56327,0.67220
county.cmn,Carmarthenshire,1750,2,Interior,false,-0.09311,0.62460,2.97735,0.67486
county.cmn,Carmarthenshire,1750,0.5,Interior,true,1.66953,0.84477,0.94547,0.64368
county.cmn,Carmarthenshire,1800,1.1,Interior,true,0.53294,0.73822,1.73680,0.67487
county.cmn,Carmarthenshire,1800,0.9,Interior,true,0.79375,0.76996,1.46977,0.67027
county.cmn,Carmarthenshire,1800,2,Interior,false,-0.05085,0.63484,2.80816,0.67539
county.cmn,Carmarthenshire,1800,0.5,Interior,true,1.77604,0.85181,0.88690,0.63881
county.cmn,Carmarthenshire,1825,1.1,Interior,true,0.50657,0.73474,1.62735,0.67002
county.cmn,Carmarthenshire,1825,0.9,Interior,true,0.76021,0.76656,1.37737,0.66481
county.cmn,Carmarthenshire,1825,2,Interior,false,-0.06383,0.63129,2.63007,0.67201
county.cmn,Carmarthenshire,1825,0.5,Interior,true,1.70929,0.84877,0.83160,0.63131
county.cmn,Carmarthenshire,1850,1.1,Interior,true,0.66651,0.73316,1.40025,0.73307
county.cmn,Carmarthenshire,1850,0.9,Interior,true,0.94046,0.76476,1.18481,0.72546
county.cmn,Carmarthenshire,1850,2,Interior,true,0.04331,0.63037,2.26525,0.73962
county.cmn,Carmarthenshire,1850,0.5,Interior,true,1.94861,0.84646,0.71486,0.68206
county.cmn,Carmarthenshire,1875,1.1,Interior,true,1.12144,0.77598,1.16401,0.73107
county.cmn,Carmarthenshire,1875,0.9,Interior,true,1.46374,0.80459,0.98036,0.71978
county.cmn,Carmarthenshire,1875,2,Interior,true,0.33018,0.68013,1.90935,0.74558
county.cmn,Carmarthenshire,1875,0.5,Interior,true,2.69116,0.87650,0.58392,0.66355
county.cmn,Carmarthenshire,1900,1.1,Interior,true,1.29009,0.78679,1.12284,0.73025
county.cmn,Carmarthenshire,1900,0.9,Interior,true,1.65780,0.81432,0.94422,0.71784
county.cmn,Carmarthenshire,1900,2,Interior,true,0.43619,0.69364,1.85056,0.74730
county.cmn,Carmarthenshire,1900,0.5,Interior,true,2.96680,0.88286,0.56003,0.65788
county.con,Cornwall,1750,1.1,Interior,true,0.43255,0.71435,2.07267,0.72566
county.con,Cornwall,1750,0.9,Interior,true,0.68590,0.74769,1.75861,0.72493
county.con,Cornwall,1750,2,Interior,false,-0.12189,0.60738,3.32520,0.71730
county.con,Cornwall,1750,0.5,Interior,true,1.67537,0.83484,1.06899,0.70703
county.con,Cornwall,1800,1.1,Interior,true,0.41996,0.71249,2.06840,0.72615
county.con,Cornwall,1800,0.9,Interior,true,0.67153,0.74593,1.75529,0.72564
county.con,Cornwall,1800,2,Interior,false,-0.12995,0.60533,3.31675,0.71735
county.con,Cornwall,1800,0.5,Interior,true,1.65587,0.83342,1.06748,0.70857
county.con,Cornwall,1825,1.1,Interior,true,0.38669,0.70638,2.02850,0.72446
county.con,Cornwall,1825,0.9,Interior,true,0.63212,0.73995,1.72187,0.72400
county.con,Cornwall,1825,2,Interior,false,-0.14977,0.59903,3.25046,0.71565
county.con,Cornwall,1825,0.5,Interior,true,1.59282,0.82799,1.04797,0.70726
county.con,Cornwall,1850,1.1,Interior,true,0.50072,0.69894,1.72215,0.79387
county.con,Cornwall,1850,0.9,Interior,true,0.76131,0.73245,1.46186,0.79180
county.con,Cornwall,1850,2,Interior,false,-0.07396,0.59198,2.75981,0.78771
county.con,Cornwall,1850,0.5,Interior,true,1.76788,0.82055,0.88990,0.76764
county.con,Cornwall,1875,1.1,Interior,true,0.74690,0.72563,1.35820,0.78814
county.con,Cornwall,1875,0.9,Interior,true,1.04495,0.75729,1.14913,0.78288
county.con,Cornwall,1875,2,Interior,true,0.08071,0.62267,2.19753,0.78867
county.con,Cornwall,1875,0.5,Interior,true,2.16998,0.83903,0.69306,0.74668
county.con,Cornwall,1900,1.1,Interior,true,0.66079,0.71292,1.27888,0.77941
county.con,Cornwall,1900,0.9,Interior,true,0.94076,0.74482,1.08251,0.77347
county.con,Cornwall,1900,2,Interior,true,0.03207,0.60968,2.06673,0.78173
county.con,Cornwall,1900,0.5,Interior,true,1.99089,0.82761,0.65378,0.73522
county.cul,Cumberland,1750,1.1,Interior,true,0.58145,0.74912,1.88494,0.66097
county.cul,Cumberland,1750,0.9,Interior,true,0.85166,0.78030,1.59362,0.65632
county.cul,Cumberland,1750,2,Interior,false,-0.02312,0.64693,3.05604,0.66165
county.cul,Cumberland,1750,0.5,Interior,true,1.86920,0.86017,0.95903,0.62491
county.cul,Cumberland,1800,1.1,Interior,true,0.66671,0.75953,1.77557,0.66082
county.cul,Cumberland,1800,0.9,Interior,true,0.95021,0.79011,1.49977,0.65546
county.cul,Cumberland,1800,2,Interior,true,0.03008,0.65866,2.88654,0.66299
county.cul,Cumberland,1800,0.5,Interior,true,2.01138,0.86801,0.90024,0.62140
county.cul,Cumberland,1825,1.1,Interior,true,0.72409,0.76538,1.66134,0.65890
county.cul,Cumberland,1825,0.9,Interior,true,1.01541,0.79550,1.40229,0.65278
county.cul,Cumberland,1825,2,Interior,true,0.06713,0.66563,2.70663,0.66274
county.cul,Cumberland,1825,0.5,Interior,true,2.09855,0.87190,0.84009,0.61606
county.cul,Cumberland,1850,1.1,Interior,true,0.94973,0.76775,1.44116,0.72201
county.cul,Cumberland,1850,0.9,Interior,true,1.27172,0.79739,1.21561,0.71330
county.cul,Cumberland,1850,2,Interior,true,0.21504,0.66927,2.35298,0.73078
county.cul,Cumberland,1850,0.5,Interior,true,2.44858,0.87242,0.72697,0.66603
county.cul,Cumberland,1875,1.1,Interior,true,1.42200,0.80293,1.18694,0.71565
county.cul,Cumberland,1875,0.9,Interior,true,1.81116,0.82959,0.99701,0.70301
county.cul,Cumberland,1875,2,Interior,true,0.51687,0.71187,1.96281,0.73337
county.cul,Cumberland,1875,0.5,Interior,true,3.19263,0.89543,0.58955,0.64262
county.cul,Cumberland,1900,1.1,Interior,true,1.50459,0.80585,1.13597,0.71173
county.cul,Cumberland,1900,0.9,Interior,true,1.90345,0.83189,0.95339,0.69811
county.cul,Cumberland,1900,2,Interior,true,0.57197,0.71647,1.88356,0.73184
county.cul,Cumberland,1900,0.5,Interior,true,3.30872,0.89591,0.56250,0.63468
county.dby,Derbyshire,1750,1.1,Interior,true,0.36274,0.70721,1.73604,0.68891
county.dby,Derbyshire,1750,0.9,Interior,true,0.59507,0.74028,1.47255,0.68546
county.dby,Derbyshire,1750,2,Interior,false,-0.15473,0.60123,2.78819,0.68708
county.dby,Derbyshire,1750,0.5,Interior,true,1.47861,0.82689,0.89457,0.65826
county.dby,Derbyshire,1800,1.1,Interior,true,0.61461,0.73979,1.41478,0.68375
county.dby,Derbyshire,1800,0.9,Interior,true,0.88388,0.77088,1.19600,0.67721
county.dby,Derbyshire,1800,2,Interior,true,0.00532,0.63808,2.29480,0.68849
county.dby,Derbyshire,1800,0.5,Interior,true,1.88154,0.85076,0.71969,0.63861
county.dby,Derbyshire,1825,1.1,Interior,true,0.83954,0.76299,1.16352,0.67452
county.dby,Derbyshire,1825,0.9,Interior,true,1.13738,0.79229,0.98091,0.66479
county.dby,Derbyshire,1825,2,Interior,true,0.15329,0.66554,1.90296,0.68646
county.dby,Derbyshire,1825,0.5,Interior,true,2.21096,0.86644,0.58583,0.61526
county.dby,Derbyshire,1850,1.1,Interior,true,1.13938,0.77063,0.97481,0.73428
county.dby,Derbyshire,1850,0.9,Interior,true,1.47379,0.79903,0.82076,0.72049
county.dby,Derbyshire,1850,2,Interior,true,0.35484,0.67552,1.60072,0.75478
county.dby,Derbyshire,1850,0.5,Interior,true,2.64892,0.87054,0.48855,0.65594
county.dby,Derbyshire,1875,1.1,Interior,true,1.31962,0.78355,0.79996,0.72007
county.dby,Derbyshire,1875,0.9,Interior,true,1.66960,0.81060,0.67227,0.70312
county.dby,Derbyshire,1875,2,Interior,true,0.48295,0.69198,1.32145,0.74836
county.dby,Derbyshire,1875,0.5,Interior,true,2.86790,0.87802,0.39816,0.62894
county.dby,Derbyshire,1900,1.1,Interior,true,1.13012,0.76715,0.75243,0.70798
county.dby,Derbyshire,1900,0.9,Interior,true,1.44549,0.79498,0.63299,0.69052
county.dby,Derbyshire,1900,2,Interior,true,0.37124,0.67385,1.23911,0.73795
county.dby,Derbyshire,1900,0.5,Interior,true,2.51694,0.86500,0.37601,0.61525
county.den,Denbighshire,1750,1.1,Interior,true,0.33367,0.71513,1.81792,0.65000
county.den,Denbighshire,1750,0.9,Interior,true,0.55804,0.74788,1.54121,0.64564
county.den,Denbighshire,1750,2,Interior,false,-0.16967,0.60980,2.92410,0.65065
county.den,Denbighshire,1750,0.5,Interior,true,1.40185,0.83343,0.93496,0.61584
county.den,Denbighshire,1800,1.1,Interior,true,0.46457,0.73467,1.71239,0.65125
county.den,Denbighshire,1800,0.9,Interior,true,0.71003,0.76649,1.44939,0.64591
county.den,Denbighshire,1800,2,Interior,false,-0.08857,0.63122,2.76729,0.65384
county.den,Denbighshire,1800,0.5,Interior,true,1.62573,0.84875,0.87518,0.61233
county.den,Denbighshire,1825,1.1,Interior,true,0.52100,0.74232,1.60723,0.64915
county.den,Denbighshire,1825,0.9,Interior,true,0.77388,0.77369,1.35938,0.64296
county.den,Denbighshire,1825,2,Interior,false,-0.05170,0.63990,2.60305,0.65357
county.den,Denbighshire,1825,0.5,Interior,true,1.70995,0.85443,0.81914,0.60639
county.den,Denbighshire,1850,1.1,Interior,true,0.74604,0.74822,1.39336,0.71215
county.den,Denbighshire,1850,0.9,Interior,true,1.02995,0.77901,1.17744,0.70333
county.den,Denbighshire,1850,2,Interior,true,0.09551,0.64724,2.26288,0.72158
county.den,Denbighshire,1850,0.5,Interior,true,2.06287,0.85797,0.70781,0.65611
county.den,Denbighshire,1875,1.1,Interior,true,1.17471,0.78614,1.15162,0.70625
county.den,Denbighshire,1875,0.9,Interior,true,1.51905,0.81403,0.96897,0.69356
county.den,Denbighshire,1875,2,Interior,true,0.37054,0.69210,1.89475,0.72441
county.den,Denbighshire,1875,0.5,Interior,true,2.73590,0.88376,0.57564,0.63329
county.den,Denbighshire,1900,1.1,Interior,true,1.26112,0.79028,1.10330,0.70265
county.den,Denbighshire,1900,0.9,Interior,true,1.61611,0.81749,0.92742,0.68897
county.den,Denbighshire,1900,2,Interior,true,0.42771,0.69802,1.82072,0.72322
county.den,Denbighshire,1900,0.5,Interior,true,2.86098,0.88517,0.54953,0.62556
county.dev,Devon,1750,1.1,Interior,true,0.45906,0.71875,2.08574,0.72727
county.dev,Devon,1750,0.9,Interior,true,0.71756,0.75197,1.76931,0.72655
county.dev,Devon,1750,2,Interior,false,-0.10639,0.61196,3.34824,0.71878
county.dev,Devon,1750,0.5,Interior,true,1.72746,0.83866,1.07478,0.70863
county.dev,Devon,1800,1.1,Interior,true,0.39879,0.71000,2.06558,0.72538
county.dev,Devon,1800,0.9,Interior,true,0.64626,0.74359,1.75344,0.72491
county.dev,Devon,1800,2,Interior,false,-0.14227,0.60251,3.30927,0.71651
county.dev,Devon,1800,0.5,Interior,true,1.61454,0.83167,1.06732,0.70808
county.dev,Devon,1825,1.1,Interior,true,0.36617,0.70360,1.96302,0.72184
county.dev,Devon,1825,0.9,Interior,true,0.60668,0.73727,1.66668,0.72109
county.dev,Devon,1825,2,Interior,false,-0.16068,0.59610,3.14352,0.71372
county.dev,Devon,1825,0.5,Interior,true,1.54520,0.82574,1.01510,0.70336
county.dev,Devon,1850,1.1,Interior,true,0.52063,0.70162,1.59199,0.78909
county.dev,Devon,1850,0.9,Interior,true,0.78188,0.73492,1.35089,0.78598
county.dev,Devon,1850,2,Interior,false,-0.05873,0.59518,2.55393,0.78525
county.dev,Devon,1850,0.5,Interior,true,1.78219,0.82233,0.82156,0.75797
county.dev,Devon,1875,1.1,Interior,true,0.81110,0.73359,1.27730,0.78539
county.dev,Devon,1875,0.9,Interior,true,1.11733,0.76484,1.08000,0.77907
county.dev,Devon,1875,2,Interior,true,0.12297,0.63152,2.07057,0.78819
county.dev,Devon,1875,0.5,Interior,true,2.26356,0.84523,0.65021,0.73906
county.dev,Devon,1900,1.1,Interior,true,0.76663,0.72603,1.20925,0.77838
county.dev,Devon,1900,0.9,Interior,true,1.06232,0.75730,1.02249,0.77132
county.dev,Devon,1900,2,Interior,true,0.09916,0.62412,1.96027,0.78304
county.dev,Devon,1900,0.5,Interior,true,2.16212,0.83789,0.61569,0.72893
county.dfs,Dumfriesshire,1750,1.1,Interior,true,0.49934,0.73531,2.05875,0.68471
county.dfs,Dumfriesshire,1750,0.9,Interior,true,0.76055,0.76759,1.74367,0.68211
county.dfs,Dumfriesshire,1750,2,Interior,false,-0.07812,0.63055,3.32015,0.68072
county.dfs,Dumfriesshire,1750,0.5,Interior,true,1.76325,0.85108,1.05452,0.65776
county.dfs,Dumfriesshire,1800,1.1,Interior,true,0.35555,0.71475,1.99277,0.67730
county.dfs,Dumfriesshire,1800,0.9,Interior,true,0.58915,0.74790,1.69050,0.67470
county.dfs,Dumfriesshire,1800,2,Interior,false,-0.16215,0.60835,3.19916,0.67365
county.dfs,Dumfriesshire,1800,0.5,Interior,true,1.48400,0.83461,1.02718,0.65081
county.dfs,Dumfriesshire,1825,1.1,Interior,true,0.32713,0.71011,1.92257,0.67382
county.dfs,Dumfriesshire,1825,0.9,Interior,true,0.55430,0.74338,1.63138,0.67090
county.dfs,Dumfriesshire,1825,2,Interior,false,-0.17768,0.60355,3.08426,0.67102
county.dfs,Dumfriesshire,1825,0.5,Interior,true,1.42129,0.83060,0.99206,0.64592
county.dfs,Dumfriesshire,1850,1.1,Interior,true,0.42693,0.73048,1.68500,0.65120
county.dfs,Dumfriesshire,1850,0.9,Interior,true,0.66783,0.76260,1.42693,0.64656
county.dfs,Dumfriesshire,1850,2,Interior,false,-0.11365,0.62632,2.71894,0.65225
county.dfs,Dumfriesshire,1850,0.5,Interior,true,1.57242,0.84587,0.86282,0.61556
county.dfs,Dumfriesshire,1875,1.1,Interior,true,0.79983,0.77191,1.37016,0.64901
county.dfs,Dumfriesshire,1875,0.9,Interior,true,1.09801,0.80119,1.15508,0.64113
county.dfs,Dumfriesshire,1875,2,Interior,true,0.11990,0.67429,2.24079,0.65694
county.dfs,Dumfriesshire,1875,0.5,Interior,true,2.18843,0.87504,0.68969,0.59849
county.dfs,Dumfriesshire,1900,1.1,Interior,true,0.94272,0.78225,1.31951,0.64842
county.dfs,Dumfriesshire,1900,0.9,Interior,true,1.26334,0.81043,1.11059,0.63958
county.dfs,Dumfriesshire,1900,2,Interior,true,0.20856,0.68733,2.16854,0.65849
county.dfs,Dumfriesshire,1900,0.5,Interior,true,2.42769,0.88085,0.66022,0.59364
county.dnb,Dunbartonshire,1750,1.1,Interior,true,0.49853,0.72758,1.96872,0.70248
county.dnb,Dunbartonshire,1750,0.9,Interior,true,0.76035,0.76003,1.66783,0.70013
county.dnb,Dunbartonshire,1750,2,Interior,false,-0.07916,0.62256,3.17274,0.69775
county.dnb,Dunbartonshire,1750,0.5,Interior,true,1.76869,0.84413,1.00939,0.67647
county.dnb,Dunbartonshire,1800,1.1,Interior,true,0.35914,0.70695,1.77159,0.69020
county.dnb,Dunbartonshire,1800,0.9,Interior,true,0.59153,0.74009,1.50287,0.68701
county.dnb,Dunbartonshire,1800,2,Interior,false,-0.15768,0.60080,2.84432,0.68780
county.dnb,Dunbartonshire,1800,0.5,Interior,true,1.47740,0.82691,0.91326,0.66071
county.dnb,Dunbartonshire,1825,1.1,Interior,true,0.31857,0.69712,1.50724,0.67628
county.dnb,Dunbartonshire,1825,0.9,Interior,true,0.53793,0.73008,1.27841,0.67118
county.dnb,Dunbartonshire,1825,2,Interior,false,-0.17553,0.59171,2.42160,0.67845
county.dnb,Dunbartonshire,1825,0.5,Interior,true,1.35863,0.81672,0.77666,0.63837
county.dnb,Dunbartonshire,1850,1.1,Interior,true,0.34939,0.70624,1.26130,0.64569
county.dnb,Dunbartonshire,1850,0.9,Interior,true,0.56760,0.73838,1.06827,0.63834
county.dnb,Dunbartonshire,1850,2,Interior,false,-0.14972,0.60277,2.03524,0.65329
county.dnb,Dunbartonshire,1850,0.5,Interior,true,1.36529,0.82232,0.64644,0.59814
county.dnb,Dunbartonshire,1875,1.1,Interior,true,0.38554,0.70932,1.00054,0.63057
county.dnb,Dunbartonshire,1875,0.9,Interior,true,0.60149,0.74077,0.84646,0.62059
county.dnb,Dunbartonshire,1875,2,Interior,false,-0.11759,0.60763,1.62020,0.64449
county.dnb,Dunbartonshire,1875,0.5,Interior,true,1.37034,0.82267,0.51068,0.57181
county.dnb,Dunbartonshire,1900,1.1,Interior,true,0.20142,0.67749,0.92403,0.61602
county.dnb,Dunbartonshire,1900,0.9,Interior,true,0.38395,0.71001,0.78335,0.60562
county.dnb,Dunbartonshire,1900,2,Interior,false,-0.22712,0.57405,1.48776,0.63165
county.dnb,Dunbartonshire,1900,0.5,Interior,true,1.02847,0.79613,0.47555,0.55621
county.dor,Dorset,1750,1.1,Interior,true,0.35263,0.69118,2.02372,0.76906
county.dor,Dorset,1750,0.9,Interior,true,0.59407,0.72565,1.72077,0.77016
county.dor,Dorset,1750,2,Interior,false,-0.17155,0.58201,3.22687,0.75656
county.dor,Dorset,1750,0.5,Interior,true,1.55070,0.81693,1.05248,0.75877
county.dor,Dorset,1800,1.1,Interior,true,0.23579,0.68832,2.01714,0.71259
county.dor,Dorset,1800,0.9,Interior,true,0.45681,0.72292,1.71560,0.71388
county.dor,Dorset,1800,2,Interior,false,-0.24342,0.57890,3.21411,0.70046
county.dor,Dorset,1800,0.5,Interior,true,1.33472,0.81468,1.05009,0.70444
county.dor,Dorset,1825,1.1,Interior,true,0.14211,0.67094,1.95628,0.70734
county.dor,Dorset,1825,0.9,Interior,true,0.34496,0.70607,1.66589,0.70871
county.dor,Dorset,1825,2,Interior,false,-0.29823,0.56076,3.10656,0.69538
county.dor,Dorset,1825,0.5,Interior,true,1.15036,0.80005,1.02345,0.69996
county.dor,Dorset,1850,1.1,Interior,true,0.18066,0.65354,1.65335,0.77347
county.dor,Dorset,1850,0.9,Interior,true,0.38608,0.68893,1.40916,0.77379
county.dor,Dorset,1850,2,Interior,false,-0.26892,0.54336,2.61960,0.76323
county.dor,Dorset,1850,0.5,Interior,true,1.19249,0.78430,0.86813,0.75995
county.dor,Dorset,1875,1.1,Interior,true,0.44030,0.69268,1.32653,0.77584
county.dor,Dorset,1875,0.9,Interior,true,0.69016,0.72625,1.12618,0.77381
county.dor,Dorset,1875,2,Interior,false,-0.11075,0.58573,2.12512,0.76994
county.dor,Dorset,1875,0.5,Interior,true,1.65535,0.81468,0.68583,0.75025
county.dor,Dorset,1900,1.1,Interior,true,0.45698,0.69187,1.26357,0.77227
county.dor,Dorset,1900,0.9,Interior,true,0.70849,0.72511,1.07206,0.76952
county.dor,Dorset,1900,2,Interior,false,-0.09945,0.58576,2.02799,0.76797
county.dor,Dorset,1900,0.5,Interior,true,1.67506,0.81246,0.65175,0.74337
county.dow,Down,1750,1.1,Interior,true,0.16014,0.66387,1.96107,0.73329
county.dow,Down,1750,0.9,Interior,true,0.36243,0.69909,1.67065,0.73352
county.dow,Down,1750,2,Interior,false,-0.28254,0.55377,3.11096,0.72357
county.dow,Down,1750,0.5,Interior,true,1.15613,0.79365,1.02774,0.71994
county.dow,Down,1800,1.1,Interior,true,0.08541,0.64882,1.92666,0.72818
county.dow,Down,1800,0.9,Interior,true,0.27326,0.68443,1.64308,0.72839
county.dow,Down,1800,2,Interior,false,-0.32639,0.53830,3.04765,0.71884
county.dow,Down,1800,0.5,Interior,true,1.00944,0.78073,1.01406,0.71510
county.dow,Down,1825,1.1,Interior,true,0.08503,0.64844,1.90539,0.72746
county.dow,Down,1825,0.9,Interior,true,0.27257,0.68402,1.62488,0.72755
county.dow,Down,1825,2,Interior,false,-0.32637,0.53800,3.01440,0.71839
county.dow,Down,1825,0.5,Interior,true,1.00680,0.78026,1.00271,0.71383
county.dow,Down,1850,1.1,Interior,true,0.26821,0.66866,1.66162,0.76428
county.dow,Down,1850,0.9,Interior,true,0.48610,0.70326,1.41382,0.76272
county.dow,Down,1850,2,Interior,false,-0.21279,0.55993,2.64526,0.75797
county.dow,Down,1850,0.5,Interior,true,1.32876,0.79571,0.86674,0.74155
county.dow,Down,1875,1.1,Interior,true,0.70822,0.72571,1.28538,0.76676
county.dow,Down,1875,0.9,Interior,true,0.99915,0.75728,1.08736,0.76141
county.dow,Down,1875,2,Interior,true,0.05726,0.62298,2.08069,0.76776
county.dow,Down,1875,0.5,Interior,true,2.09550,0.83873,0.65552,0.72539
county.dow,Down,1900,1.1,Interior,true,0.91283,0.74519,1.17989,0.76527
county.dow,Down,1900,0.9,Interior,true,1.23579,0.77536,0.99586,0.75807
county.dow,Down,1900,2,Interior,true,0.18465,0.64563,1.92275,0.77019
county.dow,Down,1900,0.5,Interior,true,2.43717,0.85217,0.59659,0.71526
county.dur,Durham,1750,1.1,Interior,true,0.96830,0.77098,1.51923,0.72101
county.dur,Durham,1750,0.9,Interior,true,1.30683,0.80046,1.28099,0.71510
county.dur,Durham,1750,2,Interior,true,0.21011,0.67269,2.48274,0.72336
county.dur,Durham,1750,0.5,Interior,true,2.57724,0.87472,0.76514,0.67772
county.dur,Durham,1800,1.1,Interior,true,1.64458,0.82235,1.33285,0.72652
county.dur,Durham,1800,0.9,Interior,true,2.09457,0.84827,1.11849,0.71743
county.dur,Durham,1800,2,Interior,true,0.62396,0.73286,2.21008,0.73563
county.dur,Durham,1800,0.5,Interior,true,3.74801,0.91152,0.65950,0.66871
county.dur,Durham,1825,1.1,Interior,true,1.94581,0.83866,1.14729,0.71922
county.dur,Durham,1825,0.9,Interior,true,2.43493,0.86298,0.96089,0.70748
county.dur,Durham,1825,2,Interior,true,0.82029,0.75352,1.91431,0.73457
county.dur,Durham,1825,0.5,Interior,true,4.19445,0.92164,0.56370,0.65007
county.dur,Durham,1850,1.1,Interior,true,2.63029,0.85229,1.02493,0.79399
county.dur,Durham,1850,0.9,Interior,true,3.22280,0.87510,0.85687,0.77869
county.dur,Durham,1850,2,Interior,true,1.25230,0.77140,1.72011,0.81648
county.dur,Durham,1850,0.5,Interior,true,5.32216,0.92950,0.50036,0.70781
county.dur,Durham,1875,1.1,Interior,true,3.48126,0.87587,0.88173,0.78956
county.dur,Durham,1875,0.9,Interior,true,4.19748,0.89575,0.73470,0.77095
county.dur,Durham,1875,2,Interior,true,1.79162,0.80353,1.49601,0.82039
county.dur,Durham,1875,0.5,Interior,true,6.68507,0.94215,0.42545,0.69006
county.dur,Durham,1900,1.1,Interior,true,3.61154,0.87702,0.84321,0.78421
county.dur,Durham,1900,0.9,Interior,true,4.34047,0.89636,0.70218,0.76453
county.dur,Durham,1900,2,Interior,true,1.88183,0.80632,1.43361,0.81782
county.dur,Durham,1900,0.5,Interior,true,6.85246,0.94137,0.40602,0.68060
county.eln,East Lothian,1750,1.1,Interior,true,0.39940,0.69662,1.84529,0.76565
county.eln,East Lothian,1750,0.9,Interior,true,0.64726,0.73063,1.56768,0.76566
county.eln,East Lothian,1750,2,Interior,false,-0.14143,0.58846,2.94981,0.75540
county.eln,East Lothian,1750,0.5,Interior,true,1.62095,0.82030,0.95647,0.75005
county.eln,East Lothian,1800,1.1,Interior,true,0.64656,0.72983,1.80065,0.77418
county.eln,East Lothian,1800,0.9,Interior,true,0.94042,0.76239,1.52561,0.77336
county.eln,East Lothian,1800,2,Interior,true,0.00480,0.62437,2.90073,0.76510
county.eln,East Lothian,1800,0.5,Interior,true,2.09001,0.84672,0.92347,0.75393
county.eln,East Lothian,1825,1.1,Interior,true,0.81431,0.74814,1.70801,0.77653
county.eln,East Lothian,1825,0.9,Interior,true,1.13777,0.77966,1.44461,0.77469
county.eln,East Lothian,1825,2,Interior,true,0.10558,0.64490,2.76544,0.76935
county.eln,East Lothian,1825,0.5,Interior,true,2.39477,0.86040,0.87014,0.75119
county.eln,East Lothian,1850,1.1,Interior,true,1.14431,0.78371,1.51918,0.75831
county.eln,East Lothian,1850,0.9,Interior,true,1.52513,0.81297,1.28052,0.75445
county.eln,East Lothian,1850,2,Interior,true,0.30379,0.68564,2.48471,0.75542
county.eln,East Lothian,1850,0.5,Interior,true,2.98496,0.88630,0.76402,0.72362
county.eln,East Lothian,1875,1.1,Interior,true,1.77986,0.82282,1.25230,0.76157
county.eln,East Lothian,1875,0.9,Interior,true,2.26943,0.84869,1.05075,0.75467
county.eln,East Lothian,1875,2,Interior,true,0.68747,0.73333,2.07717,0.76516
county.eln,East Lothian,1875,0.5,Interior,true,4.11117,0.91164,0.61926,0.71291
county.eln,East Lothian,1900,1.1,Interior,true,2.03725,0.83264,1.20502,0.76154
county.eln,East Lothian,1900,0.9,Interior,true,2.57036,0.85722,1.00943,0.75352
county.eln,East Lothian,1900,2,Interior,true,0.84304,0.74663,2.00913,0.76765
county.eln,East Lothian,1900,0.5,Interior,true,4.56313,0.91643,0.59236,0.70801
county.ery,East Riding of Yorkshire,1750,1.1,Interior,true,0.81448,0.75037,2.15877,0.79069
county.ery,East Riding of Yorkshire,1750,0.9,Interior,true,1.14709,0.78232,1.82693,0.79146
county.ery,East Riding of Yorkshire,1750,2,Interior,true,0.09598,0.64592,3.48868,0.77769
county.ery,East Riding of Yorkshire,1750,0.5,Interior,true,2.46892,0.86423,1.10208,0.77762
county.ery,East Riding of Yorkshire,1800,1.1,Interior,true,0.81924,0.75075,2.13814,0.79338
county.ery,East Riding of Yorkshire,1800,0.9,Interior,true,1.15461,0.78273,1.80951,0.79463
county.ery,East Riding of Yorkshire,1800,2,Interior,true,0.09680,0.64620,3.45509,0.77930
county.ery,East Riding of Yorkshire,1800,0.5,Interior,true,2.49321,0.86469,1.09160,0.78264
county.ery,East Riding of Yorkshire,1825,1.1,Interior,true,0.76227,0.74334,2.05249,0.79047
county.ery,East Riding of Yorkshire,1825,0.9,Interior,true,1.08629,0.77555,1.73767,0.79170
county.ery,East Riding of Yorkshire,1825,2,Interior,true,0.06387,0.63837,3.31321,0.77658
county.ery,East Riding of Yorkshire,1825,0.5,Interior,true,2.37890,0.85835,1.04939,0.77976
county.ery,East Riding of Yorkshire,1850,1.1,Interior,true,0.88215,0.73440,1.74129,0.86816
county.ery,East Riding of Yorkshire,1850,0.9,Interior,true,1.22292,0.76678,1.47470,0.86831
county.ery,East Riding of Yorkshire,1850,2,Interior,true,0.14261,0.62927,2.80830,0.85561
county.ery,East Riding of Yorkshire,1850,0.5,Interior,true,2.56858,0.85033,0.89154,0.85058
county.ery,East Riding of Yorkshire,1875,1.1,Interior,true,1.18722,0.75834,1.36815,0.86536
county.ery,East Riding of Yorkshire,1875,0.9,Interior,true,1.57881,0.78875,1.15505,0.86261
county.ery,East Riding of Yorkshire,1875,2,Interior,true,0.32869,0.65771,2.22720,0.85874
county.ery,East Riding of Yorkshire,1875,0.5,Interior,true,3.09708,0.86581,0.69219,0.83378
county.ery,East Riding of Yorkshire,1900,1.1,Interior,true,1.09364,0.74718,1.28989,0.85726
county.ery,East Riding of Yorkshire,1900,0.9,Interior,true,1.46494,0.77780,1.08932,0.85387
county.ery,East Riding of Yorkshire,1900,2,Interior,true,0.27643,0.64626,2.09804,0.85231
county.ery,East Riding of Yorkshire,1900,0.5,Interior,true,2.89671,0.85570,0.65342,0.82290
county.ess,Essex,1750,1.1,Interior,true,0.48086,0.70404,2.05331,0.79935
county.ess,Essex,1750,0.9,Interior,true,0.74813,0.73810,1.74431,0.80091
county.ess,Essex,1750,2,Interior,false,-0.09723,0.59549,3.28238,0.78524
county.ess,Essex,1750,0.5,Interior,true,1.81228,0.82768,1.06393,0.79052
county.ess,Essex,1800,1.1,Interior,true,0.33982,0.69918,2.04212,0.74082
county.ess,Essex,1800,0.9,Interior,true,0.58238,0.73347,1.73556,0.74272
county.ess,Essex,1800,2,Interior,false,-0.18368,0.59019,3.26053,0.72684
county.ess,Essex,1800,0.5,Interior,true,1.55190,0.82390,1.05990,0.73496
county.ess,Essex,1825,1.1,Interior,true,0.25410,0.68457,1.96609,0.73624
county.ess,Essex,1825,0.9,Interior,true,0.47991,0.71932,1.67260,0.73822
county.ess,Essex,1825,2,Interior,false,-0.23368,0.57487,3.13048,0.72239
county.ess,Essex,1825,0.5,Interior,true,1.38231,0.81161,1.02450,0.73108
county.ess,Essex,1850,1.1,Interior,true,0.34061,0.67494,1.65905,0.80851
county.ess,Essex,1850,0.9,Interior,true,0.57824,0.70977,1.41189,0.80955
county.ess,Essex,1850,2,Interior,false,-0.17621,0.56537,2.63935,0.79587
county.ess,Essex,1850,0.5,Interior,true,1.51835,0.80264,0.86579,0.79743
county.ess,Essex,1875,1.1,Interior,true,0.37140,0.67558,1.27371,0.79724
county.ess,Essex,1875,0.9,Interior,true,0.60967,0.70980,1.08277,0.79601
county.ess,Essex,1875,2,Interior,false,-0.15253,0.56752,2.03293,0.78961
county.ess,Essex,1875,0.5,Interior,true,1.53567,0.80071,0.66196,0.77533
county.ess,Essex,1900,1.1,Interior,true,0.17414,0.63807,1.16327,0.78016
county.ess,Essex,1900,0.9,Interior,true,0.37357,0.67303,0.99092,0.77825
county.ess,Essex,1900,2,Interior,false,-0.26740,0.52941,1.84652,0.77491
county.ess,Essex,1900,0.5,Interior,true,1.14278,0.76750,0.60966,0.75606
county.fer,Fermanagh,1750,1.1,Interior,true,0.29581,0.69418,2.03062,0.71888
county.fer,Fermanagh,1750,0.9,Interior,true,0.52275,0.72837,1.72590,0.71827
county.fer,Fermanagh,1750,2,Interior,false,-0.20174,0.58570,3.24204,0.71064
county.fer,Fermanagh,1750,0.5,Interior,true,1.40819,0.81876,1.05443,0.70128
county.fer,Fermanagh,1800,1.1,Interior,true,0.21123,0.67954,1.99700,0.71392
county.fer,Fermanagh,1800,0.9,Interior,true,0.42188,0.71421,1.69916,0.71335
county.fer,Fermanagh,1800,2,Interior,false,-0.25128,0.57032,3.17884,0.70594
county.fer,Fermanagh,1800,0.5,Interior,true,1.24297,0.80658,1.04147,0.69678
county.fer,Fermanagh,1825,1.1,Interior,true,0.17138,0.67217,1.98008,0.71145
county.fer,Fermanagh,1825,0.9,Interior,true,0.37438,0.70706,1.68567,0.71088
county.fer,Fermanagh,1825,2,Interior,false,-0.27466,0.56263,3.14729,0.70361
county.fer,Fermanagh,1825,0.5,Interior,true,1.16521,0.80036,1.03487,0.69449
county.fer,Fermanagh,1850,1.1,Interior,true,0.35157,0.69113,1.90407,0.75313
county.fer,Fermanagh,1850,0.9,Interior,true,0.58684,0.72527,1.61829,0.75201
county.fer,Fermanagh,1850,2,Interior,false,-0.16572,0.58285,3.04047,0.74561
county.fer,Fermanagh,1850,0.5,Interior,true,1.50090,0.81562,0.98864,0.73238
county.fer,Fermanagh,1875,1.1,Interior,true,0.90412,0.75589,1.63470,0.76558
county.fer,Fermanagh,1875,0.9,Interior,true,1.23819,0.78653,1.38073,0.76178
county.fer,Fermanagh,1875,2,Interior,true,0.16499,0.65478,2.65760,0.76276
county.fer,Fermanagh,1875,0.5,Interior,true,2.51624,0.86449,0.82858,0.73115
county.fer,Fermanagh,1900,1.1,Interior,true,1.36434,0.79122,1.52172,0.77098
county.fer,Fermanagh,1900,0.9,Interior,true,1.77878,0.81922,1.28033,0.76504
county.fer,Fermanagh,1900,2,Interior,true,0.44146,0.69641,2.50293,0.77246
county.fer,Fermanagh,1900,0.5,Interior,true,3.34499,0.88869,0.76017,0.72643
county.fif,Fife,1750,1.1,Interior,true,0.44434,0.70052,1.59820,0.75809
county.fif,Fife,1750,0.9,Interior,true,0.69621,0.73394,1.35637,0.75634
county.fif,Fife,1750,2,Interior,false,-0.11015,0.59373,2.56260,0.75168
county.fif,Fife,1750,0.5,Interior,true,1.67143,0.82170,0.82518,0.73410
county.fif,Fife,1800,1.1,Interior,true,0.71910,0.73623,1.47294,0.76303
county.fif,Fife,1800,0.9,Interior,true,1.01842,0.76799,1.24637,0.75959
county.fif,Fife,1800,2,Interior,true,0.05639,0.63273,2.38193,0.75971
county.fif,Fife,1800,0.5,Interior,true,2.16409,0.84978,0.75184,0.73051
county.fif,Fife,1825,1.1,Interior,true,0.85143,0.75014,1.32201,0.75909
county.fif,Fife,1825,0.9,Interior,true,1.16955,0.78096,1.11701,0.75387
county.fif,Fife,1825,2,Interior,true,0.14098,0.64877,2.14724,0.75960
county.fif,Fife,1825,0.5,Interior,true,2.37020,0.85968,0.67105,0.71821
county.fif,Fife,1850,1.1,Interior,true,1.35840,0.79640,1.10374,0.73703
county.fif,Fife,1850,0.9,Interior,true,1.75670,0.82382,0.92799,0.72817
county.fif,Fife,1850,2,Interior,true,0.45461,0.70321,1.81964,0.74559
county.fif,Fife,1850,0.5,Interior,true,3.22078,0.89169,0.55000,0.68001
county.fif,Fife,1875,1.1,Interior,true,2.22501,0.84100,0.88661,0.73600
county.fif,Fife,1875,0.9,Interior,true,2.75781,0.86419,0.74149,0.72287
county.fif,Fife,1875,2,Interior,true,0.99373,0.75908,1.48632,0.75440
county.fif,Fife,1875,0.5,Interior,true,4.66245,0.91965,0.43336,0.66062
county.fif,Fife,1900,1.1,Interior,true,2.56571,0.85250,0.85636,0.73568
county.fif,Fife,1900,0.9,Interior,true,3.15129,0.87430,0.71502,0.72131
county.fif,Fife,1900,2,Interior,true,1.20563,0.77452,1.44316,0.75710
county.fif,Fife,1900,0.5,Interior,true,5.22909,0.92588,0.41617,0.65520
county.fln,Flintshire,1750,1.1,Interior,true,0.36360,0.70171,1.72653,0.71102
county.fln,Flintshire,1750,0.9,Interior,true,0.59817,0.73510,1.46531,0.70839
county.fln,Flintshire,1750,2,Interior,false,-0.15617,0.59503,2.76833,0.70717
county.fln,Flintshire,1750,0.5,Interior,true,1.49755,0.82281,0.89158,0.68382
county.fln,Flintshire,1800,1.1,Interior,true,0.52708,0.72463,1.58079,0.71189
county.fln,Flintshire,1800,0.9,Interior,true,0.78841,0.75688,1.33886,0.70787
county.fln,Flintshire,1800,2,Interior,false,-0.05539,0.62023,2.54973,0.71076
county.fln,Flintshire,1800,0.5,Interior,true,1.77968,0.84054,0.80984,0.67785
county.fln,Flintshire,1825,1.1,Interior,true,0.62918,0.73635,1.39709,0.70659
county.fln,Flintshire,1825,0.9,Interior,true,0.90371,0.76774,1.18159,0.70079
county.fln,Flintshire,1825,2,Interior,true,0.01144,0.63392,2.26299,0.70935
county.fln,Flintshire,1825,0.5,Interior,true,1.92943,0.84854,0.71188,0.66435
county.fln,Flintshire,1850,1.1,Interior,true,0.89940,0.74420,1.19431,0.77604
county.fln,Flintshire,1850,0.9,Interior,true,1.21294,0.77481,1.00884,0.76739
county.fln,Flintshire,1850,2,Interior,true,0.18571,0.64368,1.94177,0.78413
county.fln,Flintshire,1850,0.5,Interior,true,2.36414,0.85313,0.60577,0.71927
county.fln,Flintshire,1875,1.1,Interior,true,1.39570,0.78411,1.00712,0.77577
county.fln,Flintshire,1875,0.9,Interior,true,1.78533,0.81180,0.84707,0.76368
county.fln,Flintshire,1875,2,Interior,true,0.49656,0.69050,1.65874,0.79132
county.fln,Flintshire,1875,0.5,Interior,true,3.18451,0.88081,0.50266,0.70363
county.fln,Flintshire,1900,1.1,Interior,true,1.52452,0.79082,0.96842,0.77342
county.fln,Flintshire,1900,0.9,Interior,true,1.93237,0.81771,0.81362,0.76027
county.fln,Flintshire,1900,2,Interior,true,0.57885,0.69927,1.60049,0.79147
county.fln,Flintshire,1900,0.5,Interior,true,3.38667,0.88429,0.48138,0.69675
county.gla,Glamorgan,1750,1.1,Interior,true,1.11331,0.79384,1.55427,0.68021
county.gla,Glamorgan,1750,0.9,Interior,true,1.47043,0.82173,1.30767,0.67239
county.gla,Glamorgan,1750,2,Interior,true,0.30395,0.69943,2.55707,0.68731
county.gla,Glamorgan,1750,0.5,Interior,true,2.78591,0.89104,0.77643,0.62916
county.gla,Glamorgan,1800,1.1,Interior,true,1.72994,0.83709,1.32136,0.67832
county.gla,Glamorgan,1800,0.9,Interior,true,2.17956,0.86168,1.10708,0.66686
county.gla,Glamorgan,1800,2,Interior,true,0.69187,0.75123,2.20228,0.69369
county.gla,Glamorgan,1800,0.5,Interior,true,3.78985,0.92117,0.65010,0.61139
county.gla,Glamorgan,1825,1.1,Interior,true,1.88528,0.84570,1.11498,0.66463
county.gla,Glamorgan,1825,0.9,Interior,true,2.34292,0.86924,0.93299,0.65035
county.gla,Glamorgan,1825,2,Interior,true,0.80812,0.76289,1.86600,0.68701
county.gla,Glamorgan,1825,0.5,Interior,true,3.93892,0.92584,0.54614,0.58614
county.gla,Glamorgan,1850,1.1,Interior,true,2.39305,0.85275,0.97637,0.72699
county.gla,Glamorgan,1850,0.9,Interior,true,2.91610,0.87525,0.81600,0.70873
county.gla,Glamorgan,1850,2,Interior,true,1.14366,0.77294,1.64066,0.75797
county.gla,Glamorgan,1850,0.5,Interior,true,4.70450,0.92902,0.47619,0.63033
county.gla,Glamorgan,1875,1.1,Interior,true,3.07403,0.87343,0.83744,0.71790
county.gla,Glamorgan,1875,0.9,Interior,true,3.68322,0.89326,0.69778,0.69629
county.gla,Glamorgan,1875,2,Interior,true,1.59265,0.80144,1.42133,0.75765
county.gla,Glamorgan,1875,0.5,Interior,true,5.71766,0.93976,0.40411,0.60841
county.gla,Glamorgan,1900,1.1,Interior,true,3.08902,0.87192,0.79910,0.71096
county.gla,Glamorgan,1900,0.9,Interior,true,3.69195,0.89151,0.66563,0.68845
county.gla,Glamorgan,1900,2,Interior,true,1.61318,0.80075,1.35770,0.75321
county.gla,Glamorgan,1900,0.5,Interior,true,5.68885,0.93738,0.38521,0.59821
county.gls,Gloucestershire,1750,1.1,Interior,true,0.51709,0.71888,1.88905,0.74677
county.gls,Gloucestershire,1750,0.9,Interior,true,0.78562,0.75186,1.60176,0.74574
county.gls,Gloucestershire,1750,2,Interior,false,-0.07090,0.61267,3.03643,0.73869
county.gls,Gloucestershire,1750,0.5,Interior,true,1.83273,0.83777,0.97180,0.72620
county.gls,Gloucestershire,1800,1.1,Interior,true,0.62928,0.74090,1.80220,0.72381
county.gls,Gloucestershire,1800,0.9,Interior,true,0.91891,0.77285,1.52535,0.72224
county.gls,Gloucestershire,1800,2,Interior,false,-0.00550,0.63677,2.91194,0.71693
county.gls,Gloucestershire,1800,0.5,Interior,true,2.04469,0.85505,0.92063,0.70089
county.gls,Gloucestershire,1825,1.1,Interior,true,0.76035,0.75337,1.57487,0.72022
county.gls,Gloucestershire,1825,0.9,Interior,true,1.06977,0.78425,1.33067,0.71696
county.gls,Gloucestershire,1825,2,Interior,true,0.07674,0.65171,2.55753,0.71689
county.gls,Gloucestershire,1825,0.5,Interior,true,2.25641,0.86296,0.79935,0.68933
county.gls,Gloucestershire,1850,1.1,Interior,true,1.10034,0.76385,1.24949,0.78793
county.gls,Gloucestershire,1850,0.9,Interior,true,1.45941,0.79351,1.05383,0.78113
county.gls,Gloucestershire,1850,2,Interior,true,0.29428,0.66523,2.04045,0.79138
county.gls,Gloucestershire,1850,0.5,Interior,true,2.80265,0.86845,0.62994,0.73907
county.gls,Gloucestershire,1875,1.1,Interior,true,1.55948,0.79544,1.03426,0.78617
county.gls,Gloucestershire,1875,0.9,Interior,true,1.99039,0.82249,0.86911,0.77618
county.gls,Gloucestershire,1875,2,Interior,true,0.57956,0.70325,1.70799,0.79658
county.gls,Gloucestershire,1875,0.5,Interior,true,3.56918,0.88930,0.51437,0.72299
county.gls,Gloucestershire,1900,1.1,Interior,true,1.60756,0.79620,0.98860,0.78197
county.gls,Gloucestershire,1900,0.9,Interior,true,2.04310,0.82283,0.83026,0.77108
county.gls,Gloucestershire,1900,2,Interior,true,0.61265,0.70515,1.63560,0.79451
county.gls,Gloucestershire,1900,0.5,Interior,true,3.62821,0.88843,0.49063,0.71497
county.ham,Hampshire,1750,1.1,Interior,true,0.67924,0.73498,2.12164,0.78492
county.ham,Hampshire,1750,0.9,Interior,true,0.98507,0.76763,1.79767,0.78579
county.ham,Hampshire,1750,2,Interior,true,0.01782,0.62911,3.41690,0.77200
county.ham,Hampshire,1750,0.5,Interior,true,2.19962,0.85205,1.08818,0.77261
county.ham,Hampshire,1800,1.1,Interior,true,0.51100,0.72927,2.08748,0.72579
county.ham,Hampshire,1800,0.9,Interior,true,0.78611,0.76220,1.76957,0.72681
county.ham,Hampshire,1800,2,Interior,false,-0.08360,0.62284,3.35723,0.71345
county.ham,Hampshire,1800,0.5,Interior,true,1.88033,0.84761,1.07266,0.71554
county.ham,Hampshire,1825,1.1,Interior,true,0.40054,0.71301,2.02587,0.72067
county.ham,Hampshire,1825,0.9,Interior,true,0.65410,0.74655,1.71928,0.72180
county.ham,Hampshire,1825,2,Interior,false,-0.14791,0.60548,3.24783,0.70837
county.ham,Hampshire,1825,0.5,Interior,true,1.66245,0.83424,1.04560,0.71127
county.ham,Hampshire,1850,1.1,Interior,true,0.47107,0.69945,1.69895,0.78872
county.ham,Hampshire,1850,0.9,Interior,true,0.73228,0.73319,1.44258,0.78865
county.ham,Hampshire,1850,2,Interior,false,-0.09865,0.59183,2.72007,0.77829
county.ham,Hampshire,1850,0.5,Interior,true,1.75859,0.82190,0.87877,0.77219
county.ham,Hampshire,1875,1.1,Interior,true,0.63711,0.71687,1.32718,0.78308
county.ham,Hampshire,1875,0.9,Interior,true,0.92367,0.74922,1.12410,0.78050
county.ham,Hampshire,1875,2,Interior,true,0.00542,0.61228,2.14033,0.77787
county.ham,Hampshire,1875,0.5,Interior,true,2.02893,0.83317,0.67995,0.75439
county.ham,Hampshire,1900,1.1,Interior,true,0.53778,0.70142,1.24548,0.77405
county.ham,Hampshire,1900,0.9,Interior,true,0.80374,0.73409,1.05558,0.77087
county.ham,Hampshire,1900,2,Interior,false,-0.05110,0.59644,2.00518,0.77051
county.ham,Hampshire,1900,0.5,Interior,true,1.82355,0.81941,0.63973,0.74292
county.hef,Herefordshire,1750,1.1,Interior,true,0.30149,0.68908,2.01891,0.74198
county.hef,Herefordshire,1750,0.9,Interior,true,0.53120,0.72353,1.71677,0.74220
county.hef,Herefordshire,1750,2,Interior,false,-0.19987,0.58007,3.21890,0.73175
county.hef,Herefordshire,1750,0.5,Interior,true,1.43409,0.81486,1.05027,0.72797
county.hef,Herefordshire,1800,1.1,Interior,true,0.26728,0.69162,2.02472,0.71639
county.hef,Herefordshire,1800,0.9,Interior,true,0.49203,0.72601,1.72145,0.71688
county.hef,Herefordshire,1800,2,Interior,false,-0.22227,0.58264,3.22948,0.70586
county.hef,Herefordshire,1800,0.5,Interior,true,1.37806,0.81707,1.05263,0.70421
county.hef,Herefordshire,1825,1.1,Interior,true,0.22028,0.68318,1.98405,0.71405
county.hef,Herefordshire,1825,0.9,Interior,true,0.43613,0.71785,1.68785,0.71464
county.hef,Herefordshire,1825,2,Interior,false,-0.24999,0.57381,3.15953,0.70349
county.hef,Herefordshire,1825,0.5,Interior,true,1.28732,0.80998,1.03388,0.70249
county.hef,Herefordshire,1850,1.1,Interior,true,0.32841,0.67749,1.68218,0.78389
county.hef,Herefordshire,1850,0.9,Interior,true,0.55936,0.71209,1.43109,0.78315
county.hef,Herefordshire,1850,2,Interior,false,-0.17882,0.56850,2.67890,0.77538
county.hef,Herefordshire,1850,0.5,Interior,true,1.45915,0.80423,0.87680,0.76458
county.hef,Herefordshire,1875,1.1,Interior,true,0.66113,0.72042,1.35341,0.78627
county.hef,Herefordshire,1875,0.9,Interior,true,0.94835,0.75275,1.14638,0.78270
county.hef,Herefordshire,1875,2,Interior,true,0.02425,0.61585,2.18239,0.78313
county.hef,Herefordshire,1875,0.5,Interior,true,2.04630,0.83667,0.69355,0.75282
county.hef,Herefordshire,1900,1.1,Interior,true,0.72826,0.72500,1.29642,0.78441
county.hef,Herefordshire,1900,0.9,Interior,true,1.02612,0.75672,1.09693,0.78001
county.hef,Herefordshire,1900,2,Interior,true,0.06574,0.62185,2.09709,0.78305
county.hef,Herefordshire,1900,0.5,Interior,true,2.15862,0.83862,0.66166,0.74707
county.hrt,Hertfordshire,1750,1.1,Interior,true,0.26486,0.67028,1.97577,0.78820
county.hrt,Hertfordshire,1750,0.9,Interior,true,0.49014,0.70550,1.68273,0.79004
county.hrt,Hertfordshire,1750,2,Interior,false,-0.22343,0.55993,3.13623,0.77424
county.hrt,Hertfordshire,1750,0.5,Interior,true,1.38690,0.79973,1.03420,0.78152
county.hrt,Hertfordshire,1800,1.1,Interior,true,0.26793,0.68750,1.97523,0.73702
county.hrt,Hertfordshire,1800,0.9,Interior,true,0.49633,0.72221,1.68020,0.73898
county.hrt,Hertfordshire,1800,2,Interior,false,-0.22546,0.57784,3.14597,0.72316
county.hrt,Hertfordshire,1800,0.5,Interior,true,1.40887,0.81428,1.02880,0.73169
county.hrt,Hertfordshire,1825,1.1,Interior,true,0.17230,0.66996,1.87599,0.73105
county.hrt,Hertfordshire,1825,0.9,Interior,true,0.38180,0.70516,1.59767,0.73298
county.hrt,Hertfordshire,1825,2,Interior,false,-0.28106,0.55963,2.97828,0.71761
county.hrt,Hertfordshire,1825,0.5,Interior,true,1.21772,0.79934,0.98175,0.72598
county.hrt,Hertfordshire,1850,1.1,Interior,true,0.22298,0.65465,1.56998,0.80055
county.hrt,Hertfordshire,1850,0.9,Interior,true,0.43745,0.69005,1.33804,0.80150
county.hrt,Hertfordshire,1850,2,Interior,false,-0.24470,0.54437,2.48779,0.78859
county.hrt,Hertfordshire,1850,0.5,Interior,true,1.28409,0.78539,0.82413,0.78957
county.hrt,Hertfordshire,1875,1.1,Interior,true,0.40364,0.68059,1.24111,0.79863
county.hrt,Hertfordshire,1875,0.9,Interior,true,0.64784,0.71463,1.05465,0.79730
county.hrt,Hertfordshire,1875,2,Interior,false,-0.13335,0.57281,1.98300,0.79111
county.hrt,Hertfordshire,1875,0.5,Interior,true,1.59650,0.80484,0.64404,0.77612
county.hrt,Hertfordshire,1900,1.1,Interior,true,0.32173,0.66444,1.16203,0.78938
county.hrt,Hertfordshire,1900,0.9,Interior,true,0.54894,0.69866,0.98798,0.78739
county.hrt,Hertfordshire,1900,2,Interior,false,-0.18014,0.55669,1.85413,0.78371
county.hrt,Hertfordshire,1900,0.5,Interior,true,1.42640,0.78991,0.60436,0.76414
county.hun,Huntingdonshire,1750,1.1,Interior,true,0.39751,0.69184,2.02523,0.79731
county.hun,Huntingdonshire,1750,0.9,Interior,true,0.64962,0.72639,1.72216,0.79937
county.hun,Huntingdonshire,1750,2,Interior,false,-0.14702,0.58242,3.22857,0.78237
county.hun,Huntingdonshire,1750,0.5,Interior,true,1.65674,0.81785,1.05345,0.79117
county.hun,Huntingdonshire,1800,1.1,Interior,true,0.37493,0.70457,2.03407,0.74441
county.hun,Huntingdonshire,1800,0.9,Interior,true,0.62545,0.73870,1.72807,0.74664
county.hun,Huntingdonshire,1800,2,Interior,false,-0.16440,0.59581,3.25098,0.72963
county.hun,Huntingdonshire,1800,0.5,Interior,true,1.63026,0.82845,1.05414,0.74001
county.hun,Huntingdonshire,1825,1.1,Interior,true,0.28132,0.68916,1.95672,0.73954
county.hun,Huntingdonshire,1825,0.9,Interior,true,0.51344,0.72380,1.66413,0.74184
county.hun,Huntingdonshire,1825,2,Interior,false,-0.21888,0.57959,3.11809,0.72488
county.hun,Huntingdonshire,1825,0.5,Interior,true,1.44422,0.81557,1.01837,0.73586
county.hun,Huntingdonshire,1850,1.1,Interior,true,0.40899,0.68568,1.66194,0.81464
county.hun,Huntingdonshire,1850,0.9,Interior,true,0.66110,0.72020,1.41329,0.81607
county.hun,Huntingdonshire,1850,2,Interior,false,-0.13755,0.57651,2.64936,0.80091
county.hun,Huntingdonshire,1850,0.5,Interior,true,1.66255,0.81175,0.86468,0.80512
county.hun,Huntingdonshire,1875,1.1,Interior,true,0.81045,0.73259,1.34236,0.82155
county.hun,Huntingdonshire,1875,0.9,Interior,true,1.13500,0.76458,1.13613,0.82046
county.hun,Huntingdonshire,1875,2,Interior,true,0.10218,0.62849,2.16915,0.81232
county.hun,Huntingdonshire,1875,0.5,Interior,true,2.40496,0.84695,0.68567,0.79904
county.hun,Huntingdonshire,1900,1.1,Interior,true,0.93986,0.74237,1.29282,0.82230
county.hun,Huntingdonshire,1900,0.9,Interior,true,1.28767,0.77345,1.09254,0.82037
county.hun,Huntingdonshire,1900,2,Interior,true,0.17918,0.64034,2.09846,0.81472
county.hun,Huntingdonshire,1900,0.5,Interior,true,2.64255,0.85279,0.65657,0.79570
county.inv,Inverness-shire,1750,1.1,Interior,true,0.61086,0.77266,2.21213,0.61004
county.inv,Inverness-shire,1750,0.9,Interior,true,0.88526,0.80288,1.86757,0.60497
county.inv,Inverness-shire,1750,2,Interior,false,-0.00554,0.67248,3.60147,0.61218
county.inv,Inverness-shire,1750,0.5,Interior,true,1.91127,0.87949,1.11937,0.57302
county.inv,Inverness-shire,1800,1.1,Interior,true,0.56168,0.76681,2.19854,0.60825
county.inv,Inverness-shire,1800,0.9,Interior,true,0.82703,0.79735,1.85701,0.60325
county.inv,Inverness-shire,1800,2,Interior,false,-0.03464,0.66594,3.57420,0.61034
county.inv,Inverness-shire,1800,0.5,Interior,true,1.81909,0.87504,1.11459,0.57160
county.inv,Inverness-shire,1825,1.1,Interior,true,0.49079,0.75791,2.17785,0.60554
county.inv,Inverness-shire,1825,0.9,Interior,true,0.74312,0.78891,1.84090,0.60062
county.inv,Inverness-shire,1825,2,Interior,false,-0.07661,0.65602,3.53295,0.60756
county.inv,Inverness-shire,1825,0.5,Interior,true,1.68625,0.86820,1.10725,0.56942
county.inv,Inverness-shire,1850,1.1,Interior,true,0.61988,0.77900,1.90026,0.58327
county.inv,Inverness-shire,1850,0.9,Interior,true,0.88840,0.80853,1.60272,0.57642
county.inv,Inverness-shire,1850,2,Interior,true,0.00802,0.68060,3.10312,0.58982
county.inv,Inverness-shire,1850,0.5,Interior,true,1.87138,0.88311,0.95818,0.53883
county.inv,Inverness-shire,1875,1.1,Interior,true,1.02063,0.81510,1.51002,0.57317
county.inv,Inverness-shire,1875,0.9,Interior,true,1.34166,0.84145,1.26800,0.56231
county.inv,Inverness-shire,1875,2,Interior,true,0.26953,0.72479,2.49943,0.58906
county.inv,Inverness-shire,1875,0.5,Interior,true,2.47200,0.90634,0.74919,0.51147
county.inv,Inverness-shire,1900,1.1,Interior,true,1.11774,0.81913,1.44372,0.57002
county.inv,Inverness-shire,1900,0.9,Interior,true,1.45118,0.84465,1.21096,0.55826
county.inv,Inverness-shire,1900,2,Interior,true,0.33316,0.73109,2.39823,0.58811
county.inv,Inverness-shire,1900,0.5,Interior,true,2.61562,0.90709,0.71337,0.50468
county.kcd,Kincardineshire,1750,1.1,Interior,true,0.34355,0.70772,2.06179,0.69990
county.kcd,Kincardineshire,1750,0.9,Interior,true,0.57799,0.74133,1.75043,0.69850
county.kcd,Kincardineshire,1750,2,Interior,false,-0.17230,0.60031,3.30226,0.69342
county.kcd,Kincardineshire,1750,0.5,Interior,true,1.48655,0.82958,1.06596,0.67871
county.kcd,Kincardineshire,1800,1.1,Interior,true,0.35621,0.70969,2.06632,0.70056
county.kcd,Kincardineshire,1800,0.9,Interior,true,0.59307,0.74322,1.75402,0.69915
county.kcd,Kincardineshire,1800,2,Interior,false,-0.16488,0.60241,3.31092,0.69406
county.kcd,Kincardineshire,1800,0.5,Interior,true,1.51113,0.83118,1.06767,0.67929
county.kcd,Kincardineshire,1825,1.1,Interior,true,0.32346,0.70397,2.00971,0.69737
county.kcd,Kincardineshire,1825,0.9,Interior,true,0.55340,0.73764,1.70647,0.69574
county.kcd,Kincardineshire,1825,2,Interior,false,-0.18337,0.59653,3.21763,0.69150
county.kcd,Kincardineshire,1825,0.5,Interior,true,1.44234,0.82619,1.03966,0.67516
county.kcd,Kincardineshire,1850,1.1,Interior,true,0.38962,0.71940,1.76258,0.67360
county.kcd,Kincardineshire,1850,0.9,Interior,true,0.62800,0.75218,1.49423,0.67040
county.kcd,Kincardineshire,1850,2,Interior,false,-0.14035,0.61381,2.83509,0.67128
county.kcd,Kincardineshire,1850,0.5,Interior,true,1.53631,0.83762,0.90623,0.64426
county.kcd,Kincardineshire,1875,1.1,Interior,true,0.69121,0.75465,1.40350,0.67030
county.kcd,Kincardineshire,1875,0.9,Interior,true,0.97610,0.78504,1.18512,0.66405
county.kcd,Kincardineshire,1875,2,Interior,true,0.04836,0.65439,2.28402,0.67440
county.kcd,Kincardineshire,1875,0.5,Interior,true,2.03482,0.86246,0.71080,0.62666
county.kcd,Kincardineshire,1900,1.1,Interior,true,0.69302,0.75154,1.33314,0.66551
county.kcd,Kincardineshire,1900,0.9,Interior,true,0.97581,0.78165,1.12521,0.65851
county.kcd,Kincardineshire,1900,2,Interior,true,0.05204,0.65205,2.17258,0.67137
county.kcd,Kincardineshire,1900,0.5,Interior,true,2.01979,0.85829,0.67408,0.61868
county.ken,Kent,1750,1.1,Interior,true,0.58072,0.71689,2.07997,0.80285
county.ken,Kent,1750,0.9,Interior,true,0.86704,0.75036,1.76495,0.80408
county.ken,Kent,1750,2,Interior,false,-0.03864,0.60945,3.33581,0.78917
county.ken,Kent,1750,0.5,Interior,true,2.00539,0.83774,1.07293,0.79217
county.ken,Kent,1800,1.1,Interior,true,0.36598,0.70262,2.04718,0.74037
county.ken,Kent,1800,0.9,Interior,true,0.61288,0.73669,1.73913,0.74193
county.ken,Kent,1800,2,Interior,false,-0.16763,0.59408,3.27254,0.72707
county.ken,Kent,1800,0.5,Interior,true,1.59708,0.82633,1.06080,0.73278
county.ken,Kent,1825,1.1,Interior,true,0.24486,0.68181,1.95458,0.73315
county.ken,Kent,1825,0.9,Interior,true,0.46783,0.71651,1.66270,0.73468
county.ken,Kent,1825,2,Interior,false,-0.23801,0.57236,3.11291,0.72033
county.ken,Kent,1825,0.5,Interior,true,1.35532,0.80868,1.01827,0.72587
county.ken,Kent,1850,1.1,Interior,true,0.29604,0.66582,1.64362,0.80291
county.ken,Kent,1850,0.9,Interior,true,0.52405,0.70073,1.39917,0.80348
county.ken,Kent,1850,2,Interior,false,-0.20131,0.55634,2.61291,0.79151
county.ken,Kent,1850,0.5,Interior,true,1.42244,0.79412,0.85880,0.78979
county.ken,Kent,1875,1.1,Interior,true,0.42708,0.68215,1.28381,0.79710
county.ken,Kent,1875,0.9,Interior,true,0.67484,0.71592,1.09035,0.79530
county.ken,Kent,1875,2,Interior,false,-0.11867,0.57498,2.05443,0.79057
county.ken,Kent,1875,0.5,Interior,true,1.63428,0.80519,0.66482,0.77234
county.ken,Kent,1900,1.1,Interior,true,0.31424,0.66173,1.19761,0.78625
county.ken,Kent,1900,0.9,Interior,true,0.53913,0.69588,1.01811,0.78382
county.ken,Kent,1900,2,Interior,false,-0.18361,0.55427,1.91166,0.78159
county.ken,Kent,1900,0.5,Interior,true,1.40464,0.78693,0.62260,0.75906
county.kkd,Kirkcudbrightshire,1750,1.1,Interior,true,0.61644,0.75068,2.16108,0.69181
county.kkd,Kirkcudbrightshire,1750,0.9,Interior,true,0.90118,0.78233,1.82835,0.68946
county.kkd,Kirkcudbrightshire,1750,2,Interior,false,-0.01090,0.64713,3.49598,0.68697
county.kkd,Kirkcudbrightshire,1750,0.5,Interior,true,1.99876,0.86352,1.10224,0.66576
county.kkd,Kirkcudbrightshire,1800,1.1,Interior,true,0.46419,0.73108,2.11570,0.68526
county.kkd,Kirkcudbrightshire,1800,0.9,Interior,true,0.71989,0.76365,1.79279,0.68306
county.kkd,Kirkcudbrightshire,1800,2,Interior,false,-0.10001,0.62568,3.40706,0.68043
county.kkd,Kirkcudbrightshire,1800,0.5,Interior,true,1.70473,0.84812,1.08575,0.66024
county.kkd,Kirkcudbrightshire,1825,1.1,Interior,true,0.37790,0.71837,2.06414,0.68041
county.kkd,Kirkcudbrightshire,1825,0.9,Interior,true,0.61681,0.75144,1.75072,0.67815
county.kkd,Kirkcudbrightshire,1825,2,Interior,false,-0.15023,0.61206,3.31534,0.67594
county.kkd,Kirkcudbrightshire,1825,0.5,Interior,true,1.53537,0.83778,1.06316,0.65539
county.kkd,Kirkcudbrightshire,1850,1.1,Interior,true,0.42162,0.73000,1.80278,0.65567
county.kkd,Kirkcudbrightshire,1850,0.9,Interior,true,0.66430,0.76228,1.52702,0.65185
county.kkd,Kirkcudbrightshire,1850,2,Interior,false,-0.11994,0.62542,2.90688,0.65484
county.kkd,Kirkcudbrightshire,1850,0.5,Interior,true,1.58318,0.84600,0.92388,0.62371
county.kkd,Kirkcudbrightshire,1875,1.1,Interior,true,0.79355,0.77135,1.44380,0.65306
county.kkd,Kirkcudbrightshire,1875,0.9,Interior,true,1.09376,0.80077,1.21740,0.64590
county.kkd,Kirkcudbrightshire,1875,2,Interior,true,0.11248,0.67331,2.35968,0.65929
county.kkd,Kirkcudbrightshire,1875,0.5,Interior,true,2.19964,0.87502,0.72726,0.60565
county.kkd,Kirkcudbrightshire,1900,1.1,Interior,true,0.91926,0.78007,1.38791,0.65208
county.kkd,Kirkcudbrightshire,1900,0.9,Interior,true,1.23920,0.80849,1.16854,0.64399
county.kkd,Kirkcudbrightshire,1900,2,Interior,true,0.19044,0.68451,2.27860,0.66036
county.kkd,Kirkcudbrightshire,1900,0.5,Interior,true,2.40981,0.87961,0.69525,0.60055
county.krs,Kinross-shire,1750,1.1,Interior,true,0.44879,0.71762,2.08461,0.72691
county.krs,Kinross-shire,1750,0.9,Interior,true,0.70530,0.75092,1.76861,0.72622
county.krs,Kinross-shire,1750,2,Interior,false,-0.11236,0.61067,3.34499,0.71839
county.krs,Kinross-shire,1750,0.5,Interior,true,1.70744,0.83788,1.07482,0.70842
county.krs,Kinross-shire,1800,1.1,Interior,true,0.16825,0.67157,1.97872,0.71125
county.krs,Kinross-shire,1800,0.9,Interior,true,0.37065,0.70648,1.68458,0.71068
county.krs,Kinross-shire,1800,2,Interior,false,-0.27650,0.56201,3.14475,0.70342
county.krs,Kinross-shire,1800,0.5,Interior,true,1.15910,0.79986,1.03434,0.69431
county.krs,Kinross-shire,1825,1.1,Interior,true,0.14483,0.66648,1.92535,0.70831
county.krs,Kinross-shire,1825,0.9,Interior,true,0.34220,0.70146,1.63953,0.70750
county.krs,Kinross-shire,1825,2,Interior,false,-0.28968,0.55691,3.05814,0.70113
county.krs,Kinross-shire,1825,0.5,Interior,true,1.10917,0.79523,1.00740,0.69035
county.krs,Kinross-shire,1850,1.1,Interior,true,0.22475,0.68684,1.70889,0.68705
county.krs,Kinross-shire,1850,0.9,Interior,true,0.43450,0.72096,1.45251,0.68491
county.krs,Kinross-shire,1850,2,Interior,false,-0.23987,0.57880,2.72846,0.68270
county.krs,Kinross-shire,1850,0.5,Interior,true,1.24033,0.81142,0.88768,0.66287
county.krs,Kinross-shire,1875,1.1,Interior,true,0.60064,0.73835,1.38693,0.69000
county.krs,Kinross-shire,1875,0.9,Interior,true,0.87277,0.76968,1.17285,0.68490
county.krs,Kinross-shire,1875,2,Interior,false,-0.00928,0.63598,2.24726,0.69139
county.krs,Kinross-shire,1875,0.5,Interior,true,1.89529,0.85021,0.70633,0.65132
county.krs,Kinross-shire,1900,1.1,Interior,true,0.76158,0.75334,1.34287,0.69154
county.krs,Kinross-shire,1900,0.9,Interior,true,1.06112,0.78347,1.13338,0.68551
county.krs,Kinross-shire,1900,2,Interior,true,0.08826,0.65373,2.18847,0.69480
county.krs,Kinross-shire,1900,0.5,Interior,true,2.18015,0.86000,0.67884,0.64848
county.lan,Lancashire,1750,1.1,Interior,true,0.94305,0.76825,1.64537,0.72615
county.lan,Lancashire,1750,0.9,Interior,true,1.28160,0.79799,1.38784,0.72134
county.lan,Lancashire,1750,2,Interior,true,0.18991,0.66928,2.68593,0.72599
county.lan,Lancashire,1750,0.5,Interior,true,2.56501,0.87301,0.82971,0.68784
county.lan,Lancashire,1800,1.1,Interior,true,1.62856,0.81749,1.09498,0.70582
county.lan,Lancashire,1800,0.9,Interior,true,2.05697,0.84285,0.91818,0.69353
county.lan,Lancashire,1800,2,Interior,true,0.63613,0.72976,1.82033,0.72279
county.lan,Lancashire,1800,0.5,Interior,true,3.58487,0.90469,0.54041,0.63462
county.lan,Lancashire,1825,1.1,Interior,true,2.29890,0.84991,0.79011,0.67834
county.lan,Lancashire,1825,0.9,Interior,true,2.79528,0.87163,0.65968,0.65922
county.lan,Lancashire,1825,2,Interior,true,1.09876,0.77248,1.33213,0.71252
county.lan,Lancashire,1825,0.5,Interior,true,4.46589,0.92332,0.38402,0.57988
county.lan,Lancashire,1850,1.1,Interior,true,3.22380,0.86809,0.63867,0.73156
county.lan,Lancashire,1850,0.9,Interior,true,3.82403,0.88753,0.53189,0.70575
county.lan,Lancashire,1850,2,Interior,true,1.73031,0.79747,1.08593,0.78202
county.lan,Lancashire,1850,0.5,Interior,true,5.77223,0.93315,0.30770,0.60528
county.lan,Lancashire,1875,1.1,Interior,true,4.43631,0.89517,0.54791,0.72214
county.lan,Lancashire,1875,0.9,Interior,true,5.18125,0.91133,0.45476,0.69260
county.lan,Lancashire,1875,2,Interior,true,2.54503,0.83473,0.94251,0.78325
county.lan,Lancashire,1875,0.5,Interior,true,7.54098,0.94839,0.26090,0.58269
county.lan,Lancashire,1900,1.1,Interior,true,5.04915,0.90469,0.52928,0.71856
county.lan,Lancashire,1900,0.9,Interior,true,5.86680,0.91955,0.43873,0.68766
county.lan,Lancashire,1900,2,Interior,true,2.95787,0.84844,0.91457,0.78377
county.lan,Lancashire,1900,0.5,Interior,true,8.43460,0.95335,0.25093,0.57448
county.ldy,Londonderry,1750,1.1,Interior,true,0.35190,0.70902,2.06479,0.70033
county.ldy,Londonderry,1750,0.9,Interior,true,0.58794,0.74258,1.75281,0.69893
county.ldy,Londonderry,1750,2,Interior,false,-0.16740,0.60170,3.30799,0.69385
county.ldy,Londonderry,1750,0.5,Interior,true,1.50278,0.83064,1.06709,0.67909
county.ldy,Londonderry,1800,1.1,Interior,true,0.33091,0.70573,2.05720,0.69923
county.ldy,Londonderry,1800,0.9,Interior,true,0.56292,0.73941,1.74681,0.69784
county.ldy,Londonderry,1800,2,Interior,false,-0.17971,0.59819,3.29351,0.69278
county.ldy,Londonderry,1800,0.5,Interior,true,1.46200,0.82796,1.06423,0.67812
county.ldy,Londonderry,1825,1.1,Interior,true,0.32603,0.70495,2.05542,0.69897
county.ldy,Londonderry,1825,0.9,Interior,true,0.55711,0.73867,1.74539,0.69759
county.ldy,Londonderry,1825,2,Interior,false,-0.18256,0.59736,3.29011,0.69253
county.ldy,Londonderry,1825,0.5,Interior,true,1.45253,0.82732,1.06355,0.67789
county.ldy,Londonderry,1850,1.1,Interior,true,0.48115,0.71617,1.94748,0.73615
county.ldy,Londonderry,1850,0.9,Interior,true,0.73877,0.74925,1.65179,0.73395
county.ldy,Londonderry,1850,2,Interior,false,-0.08744,0.60984,3.12788,0.73081
county.ldy,Londonderry,1850,0.5,Interior,true,1.73169,0.83566,1.00311,0.71026
county.ldy,Londonderry,1875,1.1,Interior,true,1.04805,0.77263,1.47879,0.73608
county.ldy,Londonderry,1875,0.9,Interior,true,1.39831,0.80180,1.24635,0.72940
county.ldy,Londonderry,1875,2,Interior,true,0.26099,0.67510,2.41993,0.73993
county.ldy,Londonderry,1875,0.5,Interior,true,2.70607,0.87516,0.74357,0.68893
county.ldy,Londonderry,1900,1.1,Interior,true,1.38695,0.79641,1.36092,0.73587
county.ldy,Londonderry,1900,0.9,Interior,true,1.79146,0.82356,1.14376,0.72708
county.ldy,Londonderry,1900,2,Interior,true,0.47008,0.70391,2.24638,0.74430
county.ldy,Londonderry,1900,0.5,Interior,true,3.28046,0.89063,0.67715,0.67923
county.lei,Leicestershire,1750,1.1,Interior,true,0.42593,0.69373,1.83690,0.79284
county.lei,Leicestershire,1750,0.9,Interior,true,0.68108,0.72789,1.56090,0.79382
county.lei,Leicestershire,1750,2,Interior,false,-0.12787,0.58523,2.93445,0.78020
county.lei,Leicestershire,1750,0.5,Interior,true,1.69193,0.81804,0.95290,0.78145
county.lei,Leicestershire,1800,1.1,Interior,true,0.47594,0.70579,1.71760,0.77638
county.lei,Leicestershire,1800,0.9,Interior,true,0.73997,0.73945,1.45809,0.77680
county.lei,Leicestershire,1800,2,Interior,false,-0.09814,0.59821,2.75149,0.76499
county.lei,Leicestershire,1800,0.5,Interior,true,1.78195,0.82771,0.88759,0.76237
county.lei,Leicestershire,1825,1.1,Interior,true,0.44964,0.70129,1.57380,0.77122
county.lei,Leicestershire,1825,0.9,Interior,true,0.70662,0.73497,1.33617,0.77096
county.lei,Leicestershire,1825,2,Interior,false,-0.11140,0.59379,2.52044,0.76140
county.lei,Leicestershire,1825,0.5,Interior,true,1.71464,0.82346,0.81370,0.75412
county.lei,Leicestershire,1850,1.1,Interior,true,0.60100,0.69781,1.30962,0.84628
county.lei,Leicestershire,1850,0.9,Interior,true,0.87979,0.73125,1.11150,0.84423
county.lei,Leicestershire,1850,2,Interior,false,-0.01309,0.59105,2.09971,0.83940
county.lei,Leicestershire,1850,0.5,Interior,true,1.95843,0.81911,0.67630,0.81906
county.lei,Leicestershire,1875,1.1,Interior,true,0.93096,0.73075,1.00980,0.84230
county.lei,Leicestershire,1875,0.9,Interior,true,1.26209,0.76196,0.85369,0.83665
county.lei,Leicestershire,1875,2,Interior,true,0.19173,0.62878,1.63761,0.84281
county.lei,Leicestershire,1875,0.5,Interior,true,2.51344,0.84215,0.51371,0.79784
county.lei,Leicestershire,1900,1.1,Interior,true,0.83674,0.71859,0.94997,0.83309
county.lei,Leicestershire,1900,0.9,Interior,true,1.14792,0.75006,0.80349,0.82672
county.lei,Leicestershire,1900,2,Interior,true,0.13874,0.61626,1.53866,0.83551
county.lei,Leicestershire,1900,0.5,Interior,true,2.31634,0.83134,0.48418,0.78568
county.lin,Lincolnshire,1750,1.1,Interior,true,0.52619,0.71026,2.06763,0.80413
county.lin,Lincolnshire,1750,0.9,Interior,true,0.80385,0.74413,1.75574,0.80614
county.lin,Lincolnshire,1750,2,Interior,false,-0.07250,0.60199,3.30917,0.78890
county.lin,Lincolnshire,1750,0.5,Interior,true,1.91429,0.83292,1.06952,0.79733
county.lin,Lincolnshire,1800,1.1,Interior,true,0.42017,0.70330,2.03118,0.77317
county.lin,Lincolnshire,1800,0.9,Interior,true,0.67879,0.73748,1.72578,0.77548
county.lin,Lincolnshire,1800,2,Interior,false,-0.13665,0.59445,3.24546,0.75782
county.lin,Lincolnshire,1800,0.5,Interior,true,1.71598,0.82741,1.05305,0.76863
county.lin,Lincolnshire,1825,1.1,Interior,true,0.30991,0.68566,1.92953,0.76686
county.lin,Lincolnshire,1825,0.9,Interior,true,0.54658,0.72041,1.64142,0.76917
county.lin,Lincolnshire,1825,2,Interior,false,-0.20054,0.57594,3.07264,0.75188
county.lin,Lincolnshire,1825,0.5,Interior,true,1.49466,0.81263,1.00523,0.76271
county.lin,Lincolnshire,1850,1.1,Interior,true,0.42527,0.67988,1.63369,0.84374
county.lin,Lincolnshire,1850,0.9,Interior,true,0.67930,0.71459,1.38984,0.84512
county.lin,Lincolnshire,1850,2,Interior,false,-0.12607,0.57046,2.60133,0.82984
county.lin,Lincolnshire,1850,0.5,Interior,true,1.68707,0.80688,0.85141,0.83350
county.lin,Lincolnshire,1875,1.1,Interior,true,0.68894,0.71115,1.29771,0.84443
county.lin,Lincolnshire,1875,0.9,Interior,true,0.98841,0.74407,1.10021,0.84335
county.lin,Lincolnshire,1875,2,Interior,true,0.03381,0.60522,2.08680,0.83523
county.lin,Lincolnshire,1875,0.5,Interior,true,2.15790,0.82991,0.66729,0.82168
county.lin,Lincolnshire,1900,1.1,Interior,true,0.67619,0.70631,1.23062,0.83927
county.lin,Lincolnshire,1900,0.9,Interior,true,0.97156,0.73906,1.04301,0.83747
county.lin,Lincolnshire,1900,2,Interior,true,0.02795,0.60096,1.98082,0.83176
county.lin,Lincolnshire,1900,0.5,Interior,true,2.11920,0.82441,0.63209,0.81327
county.lks,Lanarkshire,1750,1.1,Interior,true,1.16177,0.78682,1.60868,0.72982
county.lks,Lanarkshire,1750,0.9,Interior,true,1.53875,0.81532,1.35449,0.72417
county.lks,Lanarkshire,1750,2,Interior,true,0.32111,0.69077,2.64006,0.73130
county.lks,Lanarkshire,1750,0.5,Interior,true,2.96106,0.88638,0.80582,0.68751
county.lks,Lanarkshire,1800,1.1,Interior,true,1.78194,0.82750,1.21586,0.71782
county.lks,Lanarkshire,1800,0.9,Interior,true,2.24544,0.85245,1.01905,0.70668
county.lks,Lanarkshire,1800,2,Interior,true,0.71832,0.74071,2.02416,0.73180
county.lks,Lanarkshire,1800,0.5,Interior,true,3.91985,0.91295,0.59894,0.65133
county.lks,Lanarkshire,1825,1.1,Interior,true,2.40050,0.85446,0.84953,0.68605
county.lks,Lanarkshire,1825,0.9,Interior,true,2.92011,0.87598,0.70913,0.66765
county.lks,Lanarkshire,1825,2,Interior,true,1.15242,0.77753,1.43320,0.71826
county.lks,Lanarkshire,1825,0.5,Interior,true,4.68358,0.92704,0.41256,0.59024
county.lks,Lanarkshire,1850,1.1,Interior,true,3.15407,0.88221,0.69717,0.65007
county.lks,Lanarkshire,1850,0.9,Interior,true,3.75522,0.90043,0.57988,0.62771
county.lks,Lanarkshire,1850,2,Interior,true,1.66749,0.81521,1.19038,0.69349
county.lks,Lanarkshire,1850,0.5,Interior,true,5.72087,0.94271,0.33438,0.54021
county.lks,Lanarkshire,1875,1.1,Interior,true,4.26772,0.90524,0.59849,0.64150
county.lks,Lanarkshire,1875,0.9,Interior,true,5.00379,0.92044,0.49628,0.61603
county.lks,Lanarkshire,1875,2,Interior,true,2.41238,0.84781,1.03282,0.69384
county.lks,Lanarkshire,1875,0.5,Interior,true,7.35537,0.95500,0.28406,0.52064
county.lks,Lanarkshire,1900,1.1,Interior,true,4.69821,0.91140,0.57625,0.63731
county.lks,Lanarkshire,1900,0.9,Interior,true,5.48322,0.92563,0.47738,0.61077
county.lks,Lanarkshire,1900,2,Interior,true,2.70520,0.85717,0.99781,0.69287
county.lks,Lanarkshire,1900,0.5,Interior,true,7.96992,0.95779,0.27263,0.51281
county.mdx,Middlesex,1750,1.1,Interior,true,0.41594,0.69227,2.01510,0.78493
county.mdx,Middlesex,1750,0.9,Interior,true,0.66524,0.72634,1.71224,0.78455
county.mdx,Middlesex,1750,2,Interior,false,-0.12939,0.58409,3.21983,0.77535
county.mdx,Middlesex,1750,0.5,Interior,true,1.64107,0.81633,1.04525,0.76710
county.mdx,Middlesex,1800,1.1,Interior,true,0.46545,0.69956,1.97158,0.78642
county.mdx,Middlesex,1800,0.9,Interior,true,0.72368,0.73334,1.67430,0.78579
county.mdx,Middlesex,1800,2,Interior,false,-0.09974,0.59188,3.15540,0.77722
county.mdx,Middlesex,1800,0.5,Interior,true,1.73294,0.82224,1.02035,0.76726
county.mdx,Middlesex,1825,1.1,Interior,true,0.51355,0.70361,1.92931,0.78692
county.mdx,Middlesex,1825,0.9,Interior,true,0.78073,0.73696,1.63703,0.78599
county.mdx,Middlesex,1825,2,Interior,false,-0.07143,0.59686,3.09524,0.77831
county.mdx,Middlesex,1825,0.5,Interior,true,1.82356,0.82435,0.99523,0.76619
county.mdx,Middlesex,1850,1.1,Interior,true,0.79089,0.71290,1.61187,0.86741
county.mdx,Middlesex,1850,0.9,Interior,true,1.10274,0.74533,1.36545,0.86417
county.mdx,Middlesex,1850,2,Interior,true,0.10198,0.60823,2.59836,0.86253
county.mdx,Middlesex,1850,0.5,Interior,true,2.30185,0.82962,0.82635,0.83391
county.mdx,Middlesex,1875,1.1,Interior,true,1.26297,0.75365,1.27608,0.86763
county.mdx,Middlesex,1875,0.9,Interior,true,1.65251,0.78330,1.07613,0.86067
county.mdx,Middlesex,1875,2,Interior,true,0.39148,0.65518,2.08468,0.87035
county.mdx,Middlesex,1875,0.5,Interior,true,3.11714,0.85827,0.64307,0.81639
county.mdx,Middlesex,1900,1.1,Interior,true,1.33492,0.75736,1.23273,0.86566
county.mdx,Middlesex,1900,0.9,Interior,true,1.73523,0.78651,1.03880,0.85791
county.mdx,Middlesex,1900,2,Interior,true,0.43665,0.66011,2.01845,0.87014
county.mdx,Middlesex,1900,0.5,Interior,true,3.23304,0.85994,0.61950,0.81087
county.mer,Merionethshire,1750,1.1,Interior,true,0.23709,0.71774,2.08489,0.60226
county.mer,Merionethshire,1750,0.9,Interior,true,0.44367,0.75061,1.76803,0.59788
county.mer,Merionethshire,1750,2,Interior,false,-0.22783,0.61210,3.35090,0.60361
county.mer,Merionethshire,1750,0.5,Interior,true,1.21708,0.83657,1.07341,0.56903
county.mer,Merionethshire,1800,1.1,Interior,true,0.23924,0.71806,2.08562,0.60302
county.mer,Merionethshire,1800,0.9,Interior,true,0.44658,0.75093,1.76863,0.59875
county.mer,Merionethshire,1800,2,Interior,false,-0.22699,0.61240,3.35216,0.60410
county.mer,Merionethshire,1800,0.5,Interior,true,1.22383,0.83686,1.07372,0.57026
county.mer,Merionethshire,1825,1.1,Interior,true,0.29940,0.72786,2.10826,0.60661
county.mer,Merionethshire,1825,0.9,Interior,true,0.51819,0.76033,1.78648,0.60239
county.mer,Merionethshire,1825,2,Interior,false,-0.19174,0.62294,3.39572,0.60740
county.mer,Merionethshire,1825,0.5,Interior,true,1.33977,0.84476,1.08216,0.57391
county.mer,Merionethshire,1850,1.1,Interior,true,0.45938,0.72949,1.82163,0.66424
county.mer,Merionethshire,1850,0.9,Interior,true,0.69935,0.76160,1.54278,0.65778
county.mer,Merionethshire,1850,2,Interior,false,-0.08571,0.62551,2.93902,0.66924
county.mer,Merionethshire,1850,0.5,Interior,true,1.58486,0.84503,0.93326,0.62005
county.mer,Merionethshire,1875,1.1,Interior,true,0.82301,0.77043,1.45818,0.65559
county.mer,Merionethshire,1875,0.9,Interior,true,1.11264,0.79970,1.22939,0.64494
county.mer,Merionethshire,1875,2,Interior,true,0.14976,0.67302,2.38454,0.66994
county.mer,Merionethshire,1875,0.5,Interior,true,2.14390,0.87380,0.73440,0.59275
county.mer,Merionethshire,1900,1.1,Interior,true,0.91488,0.77614,1.39734,0.65279
county.mer,Merionethshire,1900,0.9,Interior,true,1.21690,0.80461,1.17667,0.64116
county.mer,Merionethshire,1900,2,Interior,true,0.20924,0.68077,2.29356,0.66943
county.mer,Merionethshire,1900,0.5,Interior,true,2.28407,0.87619,0.70059,0.58583
county.mgy,Montgomeryshire,1750,1.1,Interior,true,0.25070,0.70941,2.06567,0.63692
county.mgy,Montgomeryshire,1750,0.9,Interior,true,0.46277,0.74273,1.75309,0.63361
county.mgy,Montgomeryshire,1750,2,Interior,false,-0.22255,0.60278,3.31242,0.63549
county.mgy,Montgomeryshire,1750,0.5,Interior,true,1.26719,0.83021,1.06663,0.60801
county.mgy,Montgomeryshire,1800,1.1,Interior,true,0.20555,0.70156,2.02721,0.63448
county.mgy,Montgomeryshire,1800,0.9,Interior,true,0.40920,0.73518,1.72147,0.63121
county.mgy,Montgomeryshire,1800,2,Interior,false,-0.24925,0.59442,3.24534,0.63312
county.mgy,Montgomeryshire,1800,0.5,Interior,true,1.18136,0.82380,1.04924,0.60587
county.mgy,Montgomeryshire,1825,1.1,Interior,true,0.18167,0.69669,1.95291,0.63157
county.mgy,Montgomeryshire,1825,0.9,Interior,true,0.38018,0.73040,1.65875,0.62806
county.mgy,Montgomeryshire,1825,2,Interior,false,-0.26262,0.58947,3.12457,0.63086
county.mgy,Montgomeryshire,1825,0.5,Interior,true,1.13072,0.81946,1.01172,0.60196
county.mgy,Montgomeryshire,1850,1.1,Interior,true,0.36320,0.70201,1.51252,0.68381
county.mgy,Montgomeryshire,1850,0.9,Interior,true,0.58296,0.73489,1.28287,0.67650
county.mgy,Montgomeryshire,1850,2,Interior,false,-0.13914,0.59684,2.43043,0.69089
county.mgy,Montgomeryshire,1850,0.5,Interior,true,1.38789,0.82140,0.77949,0.63567
county.mgy,Montgomeryshire,1875,1.1,Interior,true,0.70896,0.74633,1.23091,0.67831
county.mgy,Montgomeryshire,1875,0.9,Interior,true,0.97723,0.77661,1.03937,0.66719
county.mgy,Montgomeryshire,1875,2,Interior,true,0.08365,0.64679,2.00400,0.69370
county.mgy,Montgomeryshire,1875,0.5,Interior,true,1.93010,0.85422,0.62362,0.61305
county.mgy,Montgomeryshire,1900,1.1,Interior,true,0.87918,0.76163,1.19276,0.67882
county.mgy,Montgomeryshire,1900,0.9,Interior,true,1.17329,0.79068,1.00522,0.66658
county.mgy,Montgomeryshire,1900,2,Interior,true,0.19064,0.66499,1.95305,0.69662
county.mgy,Montgomeryshire,1900,0.5,Interior,true,2.21035,0.86427,0.59992,0.60867
county.mln,Midlothian,1750,1.1,Interior,true,0.46260,0.71552,1.68684,0.70820
county.mln,Midlothian,1750,0.9,Interior,true,0.71159,0.74812,1.42961,0.70413
county.mln,Midlothian,1750,2,Interior,false,-0.09312,0.61047,2.71581,0.70734
county.mln,Midlothian,1750,0.5,Interior,true,1.65485,0.83309,0.86637,0.67415
county.mln,Midlothian,1800,1.1,Interior,true,0.66519,0.74221,1.53888,0.70850
county.mln,Midlothian,1800,0.9,Interior,true,0.94614,0.77346,1.30125,0.70268
county.mln,Midlothian,1800,2,Interior,true,0.03309,0.63998,2.49403,0.71120
county.mln,Midlothian,1800,0.5,Interior,true,1.99586,0.85377,0.78351,0.66607
county.mln,Midlothian,1825,1.1,Interior,true,0.77981,0.75393,1.36104,0.70150
county.mln,Midlothian,1825,0.9,Interior,true,1.07426,0.78422,1.14914,0.69362
county.mln,Midlothian,1825,2,Interior,true,0.10967,0.65400,2.21578,0.70883
county.mln,Midlothian,1825,0.5,Interior,true,2.15509,0.86145,0.68910,0.64982
county.mln,Midlothian,1850,1.1,Interior,true,1.06159,0.78512,1.22403,0.68151
county.mln,Midlothian,1850,0.9,Interior,true,1.39900,0.81325,1.03018,0.67163
county.mln,Midlothian,1850,2,Interior,true,0.28586,0.69035,2.01192,0.69344
county.mln,Midlothian,1850,0.5,Interior,true,2.61737,0.88351,0.61236,0.62133
county.mln,Midlothian,1875,1.1,Interior,true,1.57583,0.81876,1.02513,0.67813
county.mln,Midlothian,1875,0.9,Interior,true,1.98839,0.84382,0.85929,0.66496
county.mln,Midlothian,1875,2,Interior,true,0.61187,0.73191,1.70634,0.69765
county.mln,Midlothian,1875,0.5,Interior,true,3.44239,0.90485,0.50529,0.60395
county.mln,Midlothian,1900,1.1,Interior,true,1.72623,0.82522,0.98532,0.67563
county.mln,Midlothian,1900,0.9,Interior,true,2.15934,0.84939,0.82501,0.66146
county.mln,Midlothian,1900,2,Interior,true,0.70883,0.74078,1.64590,0.69763
county.mln,Midlothian,1900,0.5,Interior,true,3.67421,0.90789,0.48372,0.59733
county.mon,Monmouthshire,1750,1.1,Interior,true,0.62719,0.74151,1.60363,0.69230
county.mon,Monmouthshire,1750,0.9,Interior,true,0.90386,0.77272,1.35583,0.68709
county.mon,Monmouthshire,1750,2,Interior,true,0.00690,0.63939,2.59985,0.69384
county.mon,Monmouthshire,1750,0.5,Interior,true,1.94277,0.85282,0.81607,0.65307
county.mon,Monmouthshire,1800,1.1,Interior,true,1.05962,0.78653,1.40899,0.69487
county.mon,Monmouthshire,1800,0.9,Interior,true,1.40553,0.81506,1.18653,0.68688
county.mon,Monmouthshire,1800,2,Interior,true,0.27447,0.69057,2.31163,0.70218
county.mon,Monmouthshire,1800,0.5,Interior,true,2.67771,0.88640,0.70630,0.64272
county.mon,Monmouthshire,1825,1.1,Interior,true,0.90895,0.77277,1.21035,0.67879
county.mon,Monmouthshire,1825,0.9,Interior,true,1.21944,0.80185,1.02009,0.66917
county.mon,Monmouthshire,1825,2,Interior,true,0.19461,0.67572,1.98114,0.69027
county.mon,Monmouthshire,1825,0.5,Interior,true,2.34052,0.87519,0.60872,0.61988
county.mon,Monmouthshire,1850,1.1,Interior,true,0.95823,0.75699,1.02928,0.73496
county.mon,Monmouthshire,1850,0.9,Interior,true,1.26595,0.78660,0.86819,0.72245
county.mon,Monmouthshire,1850,2,Interior,true,0.24007,0.65898,1.68098,0.75257
county.mon,Monmouthshire,1850,0.5,Interior,true,2.35618,0.86195,0.51936,0.66218
county.mon,Monmouthshire,1875,1.1,Interior,true,1.39450,0.79044,0.87933,0.73169
county.mon,Monmouthshire,1875,0.9,Interior,true,1.76363,0.81738,0.73888,0.71594
county.mon,Monmouthshire,1875,2,Interior,true,0.52023,0.69898,1.45292,0.75674
county.mon,Monmouthshire,1875,0.5,Interior,true,3.04285,0.88432,0.43741,0.64514
county.mon,Monmouthshire,1900,1.1,Interior,true,1.47011,0.79381,0.84298,0.72733
county.mon,Monmouthshire,1900,0.9,Interior,true,1.84711,0.82018,0.70778,0.71058
county.mon,Monmouthshire,1900,2,Interior,true,0.57216,0.70386,1.39626,0.75489
county.mon,Monmouthshire,1900,0.5,Interior,true,3.14352,0.88547,0.41814,0.63675
county.mor,Morayshire,1750,1.1,Interior,true,0.33823,0.71258,2.07299,0.67916
county.mor,Morayshire,1750,0.9,Interior,true,0.56996,0.74592,1.75914,0.67706
county.mor,Morayshire,1750,2,Interior,false,-0.17390,0.60574,3.32464,0.67445
county.mor,Morayshire,1750,0.5,Interior,true,1.46168,0.83327,1.06989,0.65497
county.mor,Morayshire,1800,1.1,Interior,true,0.45615,0.72996,2.11313,0.68489
county.mor,Morayshire,1800,0.9,Interior,true,0.71031,0.76258,1.79077,0.68269
county.mor,Morayshire,1800,2,Interior,false,-0.10472,0.62447,3.40206,0.68007
county.mor,Morayshire,1800,0.5,Interior,true,1.68921,0.84723,1.08480,0.65993
county.mor,Morayshire,1825,1.1,Interior,true,0.41412,0.72343,2.05338,0.68142
county.mor,Morayshire,1825,0.9,Interior,true,0.65954,0.75625,1.74078,0.67900
county.mor,Morayshire,1825,2,Interior,false,-0.12856,0.61762,3.30247,0.67721
county.mor,Morayshire,1825,0.5,Interior,true,1.60223,0.84166,1.05570,0.65557
county.mor,Morayshire,1850,1.1,Interior,true,0.46192,0.73550,1.80369,0.65708
county.mor,Morayshire,1850,0.9,Interior,true,0.71189,0.76752,1.52707,0.65315
county.mor,Morayshire,1850,2,Interior,false,-0.09593,0.63147,2.91231,0.65641
county.mor,Morayshire,1850,0.5,Interior,true,1.65800,0.85026,0.92265,0.62453
county.mor,Morayshire,1875,1.1,Interior,true,0.75253,0.76700,1.42950,0.65120
county.mor,Morayshire,1875,0.9,Interior,true,1.04504,0.79665,1.20575,0.64402
county.mor,Morayshire,1875,2,Interior,true,0.08843,0.66846,2.33398,0.65753
county.mor,Morayshire,1875,0.5,Interior,true,2.12166,0.87167,0.72100,0.60378
county.mor,Morayshire,1900,1.1,Interior,true,0.75373,0.76376,1.35751,0.64625
county.mor,Morayshire,1900,0.9,Interior,true,1.04379,0.79314,1.14453,0.63834
county.mor,Morayshire,1900,2,Interior,true,0.09205,0.66602,2.21956,0.65440
county.mor,Morayshire,1900,0.5,Interior,true,2.10400,0.86739,0.68360,0.59568
county.nai,Nairnshire,1750,1.1,Interior,true,0.59893,0.74856,2.15617,0.69110
county.nai,Nairnshire,1750,0.9,Interior,true,0.88033,0.78032,1.82451,0.68876
county.nai,Nairnshire,1750,2,Interior,false,-0.02114,0.64479,3.48629,0.68625
county.nai,Nairnshire,1750,0.5,Interior,true,1.96495,0.86187,1.10047,0.66517
county.nai,Nairnshire,1800,1.1,Interior,true,0.33715,0.71241,2.07260,0.67911
county.nai,Nairnshire,1800,0.9,Interior,true,0.56867,0.74576,1.75883,0.67701
county.nai,Nairnshire,1800,2,Interior,false,-0.17454,0.60556,3.32390,0.67440
county.nai,Nairnshire,1800,0.5,Interior,true,1.45960,0.83313,1.06974,0.65492
county.nai,Nairnshire,1825,1.1,Interior,true,0.30692,0.70732,2.03894,0.67679
county.nai,Nairnshire,1825,0.9,Interior,true,0.53236,0.74083,1.73082,0.67459
county.nai,Nairnshire,1825,2,Interior,false,-0.19193,0.60023,3.26704,0.67242
county.nai,Nairnshire,1825,0.5,Interior,true,1.39865,0.82882,1.05371,0.65223
county.nai,Nairnshire,1850,1.1,Interior,true,0.40834,0.72809,1.79904,0.65506
county.nai,Nairnshire,1850,0.9,Interior,true,0.64855,0.76046,1.52408,0.65125
county.nai,Nairnshire,1850,2,Interior,false,-0.12778,0.62335,2.89959,0.65423
county.nai,Nairnshire,1850,0.5,Interior,true,1.55798,0.84448,0.92251,0.62319
county.nai,Nairnshire,1875,1.1,Interior,true,0.79318,0.77131,1.44374,0.65305
county.nai,Nairnshire,1875,0.9,Interior,true,1.09332,0.80074,1.21735,0.64589
county.nai,Nairnshire,1875,2,Interior,true,0.11226,0.67327,2.35956,0.65927
county.nai,Nairnshire,1875,0.5,Interior,true,2.19895,0.87500,0.72724,0.60564
county.nai,Nairnshire,1900,1.1,Interior,true,0.91813,0.77996,1.38776,0.65204
county.nai,Nairnshire,1900,0.9,Interior,true,1.23786,0.80839,1.16843,0.64396
county.nai,Nairnshire,1900,2,Interior,true,0.18977,0.68439,2.27830,0.66032
county.nai,Nairnshire,1900,0.5,Interior,true,2.40774,0.87953,0.69520,0.60053
county.nbl,Northumberland,1750,1.1,Interior,true,1.04926,0.78885,1.68273,0.68512
county.nbl,Northumberland,1750,0.9,Interior,true,1.40034,0.81727,1.41674,0.67854
county.nbl,Northumberland,1750,2,Interior,true,0.25959,0.69308,2.76227,0.68937
county.nbl,Northumberland,1750,0.5,Interior,true,2.70827,0.88813,0.84277,0.63952
county.nbl,Northumberland,1800,1.1,Interior,true,1.65935,0.83206,1.53679,0.69448
county.nbl,Northumberland,1800,0.9,Interior,true,2.11596,0.85738,1.28867,0.68608
county.nbl,Northumberland,1800,2,Interior,true,0.62695,0.74409,2.55409,0.70246
county.nbl,Northumberland,1800,0.5,Interior,true,3.80063,0.91878,0.75831,0.64059
county.nbl,Northumberland,1825,1.1,Interior,true,2.07720,0.85176,1.33516,0.69053
county.nbl,Northumberland,1825,0.9,Interior,true,2.59572,0.87500,1.11679,0.67969
county.nbl,Northumberland,1825,2,Interior,true,0.89003,0.76954,2.23689,0.70425
county.nbl,Northumberland,1825,0.5,Interior,true,4.47337,0.93047,0.65291,0.62616
county.nbl,Northumberland,1850,1.1,Interior,true,2.81991,0.86463,1.18306,0.76220
county.nbl,Northumberland,1850,0.9,Interior,true,3.45267,0.88624,0.98769,0.74795
county.nbl,Northumberland,1850,2,Interior,true,1.35564,0.78710,1.99434,0.78284
county.nbl,Northumberland,1850,0.5,Interior,true,5.70914,0.93722,0.57467,0.68151
county.nbl,Northumberland,1875,1.1,Interior,true,3.93629,0.89159,1.00071,0.75623
county.nbl,Northumberland,1875,0.9,Interior,true,4.73174,0.90971,0.83230,0.73809
county.nbl,Northumberland,1875,2,Interior,true,2.06236,0.82449,1.70846,0.78676
county.nbl,Northumberland,1875,0.5,Interior,true,7.49894,0.95144,0.47974,0.66002
county.nbl,Northumberland,1900,1.1,Interior,true,4.41103,0.89904,0.96273,0.75377
county.nbl,Northumberland,1900,0.9,Interior,true,5.27479,0.91596,0.79970,0.73435
county.nbl,Northumberland,1900,2,Interior,true,2.36407,0.83573,1.65077,0.78772
county.nbl,Northumberland,1900,0.5,Interior,true,8.25596,0.95457,0.45954,0.65262
county.nfk,Norfolk,1750,1.1,Interior,true,0.53702,0.71171,2.07099,0.80468
county.nfk,Norfolk,1750,0.9,Interior,true,0.81684,0.74553,1.75839,0.80668
county.nfk,Norfolk,1750,2,Interior,false,-0.06623,0.60354,3.31559,0.78943
county.nfk,Norfolk,1750,0.5,Interior,true,1.93599,0.83410,1.07078,0.79782
county.nfk,Norfolk,1800,1.1,Interior,true,0.46911,0.71782,2.06277,0.75029
county.nfk,Norfolk,1800,0.9,Interior,true,0.73924,0.75142,1.75060,0.75271
county.nfk,Norfolk,1800,2,Interior,false,-0.11090,0.60998,3.30670,0.73482
county.nfk,Norfolk,1800,0.5,Interior,true,1.82609,0.83914,1.06454,0.74656
county.nfk,Norfolk,1825,1.1,Interior,true,0.48280,0.71725,1.88860,0.74847
county.nfk,Norfolk,1825,0.9,Interior,true,0.75487,0.75060,1.60205,0.75048
county.nfk,Norfolk,1825,2,Interior,false,-0.10229,0.61005,3.03161,0.73389
county.nfk,Norfolk,1825,0.5,Interior,true,1.84632,0.83749,0.97296,0.74276
county.nfk,Norfolk,1850,1.1,Interior,true,0.71101,0.72206,1.52808,0.82526
county.nfk,Norfolk,1850,0.9,Interior,true,1.02104,0.75475,1.29481,0.82576
county.nfk,Norfolk,1850,2,Interior,true,0.03915,0.61639,2.46089,0.81274
county.nfk,Norfolk,1850,0.5,Interior,true,2.24874,0.83949,0.78396,0.81046
county.nfk,Norfolk,1875,1.1,Interior,true,1.10035,0.75768,1.23137,0.82838
county.nfk,Norfolk,1875,0.9,Interior,true,1.47926,0.78799,1.03937,0.82630
county.nfk,Norfolk,1875,2,Interior,true,0.27250,0.65728,2.00569,0.82086
county.nfk,Norfolk,1875,0.5,Interior,true,2.95594,0.86472,0.62251,0.80080
county.nfk,Norfolk,1900,1.1,Interior,true,1.14547,0.75846,1.17556,0.82553
county.nfk,Norfolk,1900,0.9,Interior,true,1.53089,0.78832,0.99157,0.82270
county.nfk,Norfolk,1900,2,Interior,true,0.30088,0.65920,1.91887,0.81968
county.nfk,Norfolk,1900,0.5,Interior,true,3.02550,0.86367,0.59276,0.79446
county.nry,North Riding of Yorkshire,1750,1.1,Interior,true,0.44293,0.72664,2.03506,0.68171
county.nry,North Riding of Yorkshire,1750,0.9,Interior,true,0.69340,0.75921,1.72449,0.67910
county.nry,North Riding of Yorkshire,1750,2,Interior,false,-0.11125,0.62136,3.27722,0.67787
county.nry,North Riding of Yorkshire,1750,0.5,Interior,true,1.65432,0.84378,1.04450,0.65490
county.nry,North Riding of Yorkshire,1800,1.1,Interior,true,0.47817,0.73148,2.00519,0.68393
county.nry,North Riding of Yorkshire,1800,0.9,Interior,true,0.73572,0.76384,1.69854,0.68140
county.nry,North Riding of Yorkshire,1800,2,Interior,false,-0.09100,0.62658,3.23251,0.67982
county.nry,North Riding of Yorkshire,1800,0.5,Interior,true,1.72509,0.84766,1.02765,0.65740
county.nry,North Riding of Yorkshire,1825,1.1,Interior,true,0.49224,0.73221,1.94202,0.68339
county.nry,North Riding of Yorkshire,1825,0.9,Interior,true,0.75203,0.76441,1.64455,0.68066
county.nry,North Riding of Yorkshire,1825,2,Interior,false,-0.08235,0.62771,3.13344,0.67970
county.nry,North Riding of Yorkshire,1825,0.5,Interior,true,1.74865,0.84767,0.99416,0.65596
county.nry,North Riding of Yorkshire,1850,1.1,Interior,true,0.66430,0.73119,1.65803,0.74929
county.nry,North Riding of Yorkshire,1850,0.9,Interior,true,0.94826,0.76306,1.40335,0.74449
county.nry,North Riding of Yorkshire,1850,2,Interior,true,0.02982,0.62762,2.67945,0.74927
county.nry,North Riding of Yorkshire,1850,0.5,Interior,true,2.02084,0.84538,0.84727,0.71075
county.nry,North Riding of Yorkshire,1875,1.1,Interior,true,0.82724,0.74561,1.30907,0.73719
county.nry,North Riding of Yorkshire,1875,0.9,Interior,true,1.13006,0.77601,1.10540,0.72909
county.nry,North Riding of Yorkshire,1875,2,Interior,true,0.13887,0.64555,2.13052,0.74458
county.nry,North Riding of Yorkshire,1875,0.5,Interior,true,2.24376,0.85366,0.66310,0.68378
county.nry,North Riding of Yorkshire,1900,1.1,Interior,true,0.68908,0.72785,1.22641,0.72638
county.nry,North Riding of Yorkshire,1900,0.9,Interior,true,0.96462,0.75880,1.03654,0.71768
county.nry,North Riding of Yorkshire,1900,2,Interior,true,0.05919,0.62681,1.99098,0.73553
county.nry,North Riding of Yorkshire,1900,0.5,Interior,true,1.97086,0.83853,0.62345,0.67075
county.nth,Northamptonshire,1750,1.1,Interior,true,0.29235,0.67501,1.98660,0.79116
county.nth,Northamptonshire,1750,0.9,Interior,true,0.52365,0.71011,1.69142,0.79324
county.nth,Northamptonshire,1750,2,Interior,false,-0.20808,0.56478,3.15611,0.77657
county.nth,Northamptonshire,1750,0.5,Interior,true,1.44659,0.80382,1.03854,0.78550
county.nth,Northamptonshire,1800,1.1,Interior,true,0.36395,0.70292,1.98991,0.74204
county.nth,Northamptonshire,1800,0.9,Interior,true,0.61127,0.73707,1.69069,0.74393
county.nth,Northamptonshire,1800,2,Interior,false,-0.16966,0.59416,3.17971,0.72803
county.nth,Northamptonshire,1800,0.5,Interior,true,1.59995,0.82695,1.03162,0.73601
county.nth,Northamptonshire,1825,1.1,Interior,true,0.28018,0.68925,1.91924,0.73735
county.nth,Northamptonshire,1825,0.9,Interior,true,0.51089,0.72387,1.63225,0.73924
county.nth,Northamptonshire,1825,2,Interior,false,-0.21824,0.57977,3.05847,0.72359
county.nth,Northamptonshire,1825,0.5,Interior,true,1.43233,0.81558,0.99887,0.73166
county.nth,Northamptonshire,1850,1.1,Interior,true,0.33574,0.67442,1.60707,0.80747
county.nth,Northamptonshire,1850,0.9,Interior,true,0.57198,0.70927,1.36775,0.80837
county.nth,Northamptonshire,1850,2,Interior,false,-0.17856,0.56482,2.55613,0.79517
county.nth,Northamptonshire,1850,0.5,Interior,true,1.50533,0.80225,0.83892,0.79571
county.nth,Northamptonshire,1875,1.1,Interior,true,0.54473,0.70039,1.22911,0.80350
county.nth,Northamptonshire,1875,0.9,Interior,true,0.81462,0.73363,1.04274,0.80159
county.nth,Northamptonshire,1875,2,Interior,false,-0.04916,0.59404,1.97293,0.79680
county.nth,Northamptonshire,1875,0.5,Interior,true,1.85996,0.82075,0.63371,0.77784
county.nth,Northamptonshire,1900,1.1,Interior,true,0.43439,0.68177,1.15282,0.79342
county.nth,Northamptonshire,1900,0.9,Interior,true,0.68183,0.71536,0.97879,0.79093
county.nth,Northamptonshire,1900,2,Interior,false,-0.11255,0.57508,1.84661,0.78845
county.nth,Northamptonshire,1900,0.5,Interior,true,1.63488,0.80407,0.59627,0.76546
county.ntt,Nottinghamshire,1750,1.1,Interior,true,0.64777,0.72150,1.69898,0.79704
county.ntt,Nottinghamshire,1750,0.9,Interior,true,0.94298,0.75424,1.43984,0.79666
county.ntt,Nottinghamshire,1750,2,Interior,true,0.00464,0.61578,2.73494,0.78681
county.ntt,Nottinghamshire,1750,0.5,Interior,true,2.10263,0.83922,0.87221,0.77855
county.ntt,Nottinghamshire,1800,1.1,Interior,true,0.64940,0.72562,1.43464,0.77156
county.ntt,Nottinghamshire,1800,0.9,Interior,true,0.94008,0.75792,1.21499,0.76951
county.ntt,Nottinghamshire,1800,2,Interior,true,0.01045,0.62096,2.31421,0.76525
county.ntt,Nottinghamshire,1800,0.5,Interior,true,2.06577,0.84151,0.73463,0.74550
county.ntt,Nottinghamshire,1825,1.1,Interior,true,0.72918,0.73369,1.23947,0.76529
county.ntt,Nottinghamshire,1825,0.9,Interior,true,1.02927,0.76528,1.04852,0.76143
county.ntt,Nottinghamshire,1825,2,Interior,true,0.06354,0.63065,2.00612,0.76289
county.ntt,Nottinghamshire,1825,0.5,Interior,true,2.17454,0.84660,0.63201,0.73079
county.ntt,Nottinghamshire,1850,1.1,Interior,true,0.98354,0.73788,1.04178,0.84072
county.ntt,Nottinghamshire,1850,0.9,Interior,true,1.32137,0.76885,0.88042,0.83429
county.ntt,Nottinghamshire,1850,2,Interior,true,0.22639,0.63640,1.69120,0.84288
county.ntt,Nottinghamshire,1850,0.5,Interior,true,2.59030,0.84823,0.52929,0.79263
county.ntt,Nottinghamshire,1875,1.1,Interior,true,1.44740,0.77298,0.84874,0.83958
county.ntt,Nottinghamshire,1875,0.9,Interior,true,1.85857,0.80129,0.71441,0.82968
county.ntt,Nottinghamshire,1875,2,Interior,true,0.51406,0.67776,1.39450,0.84915
county.ntt,Nottinghamshire,1875,0.5,Interior,true,3.37051,0.87209,0.42477,0.77560
county.ntt,Nottinghamshire,1900,1.1,Interior,true,1.43641,0.77028,0.81455,0.83448
county.ntt,Nottinghamshire,1900,0.9,Interior,true,1.84259,0.79847,0.68550,0.82387
county.ntt,Nottinghamshire,1900,2,Interior,true,0.51089,0.67546,1.33918,0.84580
county.ntt,Nottinghamshire,1900,0.5,Interior,true,3.32794,0.86896,0.40739,0.76748
county.oki,Orkney,1750,1.1,Interior,true,0.40552,0.71134,2.07014,0.72475
county.oki,Orkney,1750,0.9,Interior,true,0.65366,0.74489,1.75719,0.72409
county.oki,Orkney,1750,2,Interior,false,-0.13761,0.60394,3.31722,0.71629
county.oki,Orkney,1750,0.5,Interior,true,1.62277,0.83281,1.06940,0.70652
county.oki,Orkney,1800,1.1,Interior,true,0.50167,0.72494,2.10152,0.72946
county.oki,Orkney,1800,0.9,Interior,true,0.76843,0.75794,1.78194,0.72873
county.oki,Orkney,1800,2,Interior,false,-0.08153,0.61856,3.37763,0.72088
county.oki,Orkney,1800,0.5,Interior,true,1.81099,0.84376,1.08110,0.71063
county.oki,Orkney,1825,1.1,Interior,true,0.40374,0.71079,2.04683,0.72395
county.oki,Orkney,1825,0.9,Interior,true,0.65121,0.74432,1.73736,0.72316
county.oki,Orkney,1825,2,Interior,false,-0.13831,0.60345,3.28018,0.71577
county.oki,Orkney,1825,0.5,Interior,true,1.61665,0.83219,1.05726,0.70515
county.oki,Orkney,1850,1.1,Interior,true,0.41560,0.71776,1.78852,0.69802
county.oki,Orkney,1850,0.9,Interior,true,0.66192,0.75076,1.51673,0.69589
county.oki,Orkney,1850,2,Interior,false,-0.12808,0.61160,2.87386,0.69303
county.oki,Orkney,1850,0.5,Interior,true,1.61108,0.83687,0.92067,0.67324
county.oki,Orkney,1875,1.1,Interior,true,0.82520,0.76357,1.43995,0.69948
county.oki,Orkney,1875,0.9,Interior,true,1.13947,0.79363,1.21521,0.69424
county.oki,Orkney,1875,2,Interior,true,0.12268,0.66391,2.34703,0.70072
county.oki,Orkney,1875,0.5,Interior,true,2.32281,0.86976,0.72760,0.65979
county.oki,Orkney,1900,1.1,Interior,true,0.97275,0.77414,1.38697,0.69957
county.oki,Orkney,1900,0.9,Interior,true,1.31175,0.80311,1.16858,0.69340
county.oki,Orkney,1900,2,Interior,true,0.21237,0.67711,2.27191,0.70279
county.oki,Orkney,1900,0.5,Interior,true,2.58052,0.87579,0.69653,0.65560
county.oxf,Oxfordshire,1750,1.1,Interior,true,0.29209,0.67497,1.98651,0.79115
county.oxf,Oxfordshire,1750,0.9,Interior,true,0.52334,0.71007,1.69134,0.79322
county.oxf,Oxfordshire,1750,2,Interior,false,-0.20823,0.56474,3.15592,0.77656
county.oxf,Oxfordshire,1750,0.5,Interior,true,1.44608,0.80378,1.03850,0.78548
county.oxf,Oxfordshire,1800,1.1,Interior,true,0.27775,0.68915,1.95918,0.73734
county.oxf,Oxfordshire,1800,0.9,Interior,true,0.50797,0.72379,1.66633,0.73925
county.oxf,Oxfordshire,1800,2,Interior,false,-0.21962,0.57959,3.12153,0.72355
county.oxf,Oxfordshire,1800,0.5,Interior,true,1.42749,0.81562,1.01992,0.73173
county.oxf,Oxfordshire,1825,1.1,Interior,true,0.21578,0.67817,1.89507,0.73359
county.oxf,Oxfordshire,1825,0.9,Interior,true,0.43375,0.71314,1.61302,0.73550
county.oxf,Oxfordshire,1825,2,Interior,false,-0.25563,0.56814,3.01309,0.72005
county.oxf,Oxfordshire,1825,0.5,Interior,true,1.30363,0.80635,0.98954,0.72820
county.oxf,Oxfordshire,1850,1.1,Interior,true,0.27601,0.66437,1.58849,0.80372
county.oxf,Oxfordshire,1850,0.9,Interior,true,0.50061,0.69952,1.35292,0.80462
county.oxf,Oxfordshire,1850,2,Interior,false,-0.21343,0.55437,2.52154,0.79166
county.oxf,Oxfordshire,1850,0.5,Interior,true,1.38726,0.79376,0.83166,0.79222
county.oxf,Oxfordshire,1875,1.1,Interior,true,0.56615,0.70390,1.27427,0.80700
county.oxf,Oxfordshire,1875,0.9,Interior,true,0.84130,0.73711,1.08094,0.80550
county.oxf,Oxfordshire,1875,2,Interior,false,-0.03787,0.59753,2.04590,0.79932
county.oxf,Oxfordshire,1875,0.5,Interior,true,1.91079,0.82402,0.65671,0.78314
county.oxf,Oxfordshire,1900,1.1,Interior,true,0.61516,0.70691,1.21876,0.80492
county.oxf,Oxfordshire,1900,0.9,Interior,true,0.89812,0.73960,1.03291,0.80267
county.oxf,Oxfordshire,1900,2,Interior,false,-0.00764,0.60169,1.96211,0.79884
county.oxf,Oxfordshire,1900,0.5,Interior,true,1.99264,0.82482,0.62588,0.77749
county.pee,Peeblesshire,1750,1.1,Interior,true,0.48330,0.74436,2.14644,0.64793
county.pee,Peeblesshire,1750,0.9,Interior,true,0.73886,0.77618,1.81663,0.64440
county.pee,Peeblesshire,1750,2,Interior,false,-0.08537,0.64060,3.46889,0.64637
county.pee,Peeblesshire,1750,0.5,Interior,true,1.70984,0.85814,1.09647,0.61739
county.pee,Peeblesshire,1800,1.1,Interior,true,0.51132,0.74805,2.15499,0.64911
county.pee,Peeblesshire,1800,0.9,Interior,true,0.77213,0.77970,1.82332,0.64555
county.pee,Peeblesshire,1800,2,Interior,false,-0.06888,0.64465,3.48571,0.64755
county.pee,Peeblesshire,1800,0.5,Interior,true,1.76321,0.86102,1.09956,0.61837
county.pee,Peeblesshire,1825,1.1,Interior,true,0.48995,0.74497,2.12492,0.64744
county.pee,Peeblesshire,1825,0.9,Interior,true,0.74633,0.77671,1.79821,0.64378
county.pee,Peeblesshire,1825,2,Interior,false,-0.08099,0.64138,3.43537,0.64618
county.pee,Peeblesshire,1825,0.5,Interior,true,1.71920,0.85843,1.08499,0.61627
county.pee,Peeblesshire,1850,1.1,Interior,true,0.76134,0.77929,1.68671,0.62088
county.pee,Peeblesshire,1850,0.9,Interior,true,1.05504,0.80840,1.42163,0.61366
county.pee,Peeblesshire,1850,2,Interior,true,0.09334,0.68194,2.76008,0.62766
county.pee,Peeblesshire,1850,0.5,Interior,true,2.13264,0.88165,0.84830,0.57392
county.pee,Peeblesshire,1875,1.1,Interior,true,0.99363,0.79896,1.33400,0.60863
county.pee,Peeblesshire,1875,0.9,Interior,true,1.31323,0.82611,1.12129,0.59803
county.pee,Peeblesshire,1875,2,Interior,true,0.25023,0.70667,2.20144,0.62338
county.pee,Peeblesshire,1875,0.5,Interior,true,2.44810,0.89344,0.66425,0.54713
county.pee,Peeblesshire,1900,1.1,Interior,true,0.92578,0.79007,1.26048,0.60146
county.pee,Peeblesshire,1900,0.9,Interior,true,1.23034,0.81735,1.05965,0.59022
county.pee,Peeblesshire,1900,2,Interior,true,0.21322,0.69759,2.07946,0.61793
county.pee,Peeblesshire,1900,0.5,Interior,true,2.30348,0.88521,0.62802,0.53747
county.pem,Pembrokeshire,1750,1.1,Interior,true,0.62150,0.73918,2.00056,0.73066
county.pem,Pembrokeshire,1750,0.9,Interior,true,0.90913,0.77134,1.69386,0.72909
county.pem,Pembrokeshire,1750,2,Interior,false,-0.00922,0.63457,3.22893,0.72369
county.pem,Pembrokeshire,1750,0.5,Interior,true,2.02661,0.85424,1.02341,0.70764
county.pem,Pembrokeshire,1800,1.1,Interior,true,0.59354,0.73581,1.93431,0.72827
county.pem,Pembrokeshire,1800,0.9,Interior,true,0.87500,0.76810,1.63818,0.72651
county.pem,Pembrokeshire,1800,2,Interior,false,-0.02468,0.63095,3.11980,0.72180
county.pem,Pembrokeshire,1800,0.5,Interior,true,1.96611,0.85151,0.99050,0.70441
county.pem,Pembrokeshire,1825,1.1,Interior,true,0.52468,0.72702,1.85921,0.72397
county.pem,Pembrokeshire,1825,0.9,Interior,true,0.79218,0.75968,1.57565,0.72205
county.pem,Pembrokeshire,1825,2,Interior,false,-0.06407,0.62145,2.99292,0.71803
county.pem,Pembrokeshire,1825,0.5,Interior,true,1.82652,0.84448,0.95459,0.69953
county.pem,Pembrokeshire,1850,1.1,Interior,true,0.66726,0.72288,1.59394,0.79438
county.pem,Pembrokeshire,1850,0.9,Interior,true,0.95439,0.75546,1.35077,0.79072
county.pem,Pembrokeshire,1850,2,Interior,true,0.02972,0.61767,2.56653,0.79132
county.pem,Pembrokeshire,1850,0.5,Interior,true,2.05019,0.84019,0.81834,0.76030
county.pem,Pembrokeshire,1875,1.1,Interior,true,1.16105,0.76934,1.30895,0.79692
county.pem,Pembrokeshire,1875,0.9,Interior,true,1.52969,0.79889,1.10384,0.78979
county.pem,Pembrokeshire,1875,2,Interior,true,0.33239,0.67091,2.13829,0.80088
county.pem,Pembrokeshire,1875,0.5,Interior,true,2.90581,0.87346,0.65961,0.74635
county.pem,Pembrokeshire,1900,1.1,Interior,true,1.35713,0.78143,1.26298,0.79745
county.pem,Pembrokeshire,1900,0.9,Interior,true,1.75842,0.80979,1.06320,0.78919
county.pem,Pembrokeshire,1900,2,Interior,true,0.45185,0.68593,2.07422,0.80383
county.pem,Pembrokeshire,1900,0.5,Interior,true,3.24702,0.88058,0.63227,0.74175
county.per,Perthshire,1750,1.1,Interior,true,0.28885,0.71573,2.08027,0.63889
county.per,Perthshire,1750,0.9,Interior,true,0.50804,0.74881,1.76462,0.63556
county.per,Perthshire,1750,2,Interior,false,-0.20001,0.60955,3.34038,0.63741
county.per,Perthshire,1750,0.5,Interior,true,1.33974,0.83535,1.07211,0.60972
county.per,Perthshire,1800,1.1,Interior,true,0.32565,0.72160,2.09380,0.64073
county.per,Perthshire,1800,0.9,Interior,true,0.55171,0.75444,1.77529,0.63736
county.per,Perthshire,1800,2,Interior,false,-0.17829,0.61585,3.36642,0.63921
county.per,Perthshire,1800,0.5,Interior,true,1.40974,0.84008,1.07716,0.61130
county.per,Perthshire,1825,1.1,Interior,true,0.35360,0.72536,2.05772,0.64053
county.per,Perthshire,1825,0.9,Interior,true,0.58411,0.75795,1.74394,0.63688
county.per,Perthshire,1825,2,Interior,false,-0.16093,0.62013,3.31263,0.63959
county.per,Perthshire,1825,0.5,Interior,true,1.45693,0.84274,1.05682,0.60975
county.per,Perthshire,1850,1.1,Interior,true,0.57755,0.75969,1.72891,0.61810
county.per,Perthshire,1850,0.9,Interior,true,0.84060,0.79009,1.46002,0.61173
county.per,Perthshire,1850,2,Interior,false,-0.01889,0.65937,2.81290,0.62319
county.per,Perthshire,1850,0.5,Interior,true,1.81139,0.86754,0.87591,0.57511
county.per,Perthshire,1875,1.1,Interior,true,1.07288,0.80538,1.32869,0.60974
county.per,Perthshire,1875,0.9,Interior,true,1.40523,0.83206,1.11612,0.59887
county.per,Perthshire,1875,2,Interior,true,0.29911,0.71428,2.19693,0.62508
county.per,Perthshire,1875,0.5,Interior,true,2.58343,0.89791,0.66006,0.54704
county.per,Perthshire,1900,1.1,Interior,true,1.21535,0.81316,1.27652,0.60784
county.per,Perthshire,1900,0.9,Interior,true,1.56801,0.83880,1.07082,0.59599
county.per,Perthshire,1900,2,Interior,true,0.38994,0.72479,2.11977,0.62549
county.per,Perthshire,1900,0.5,Interior,true,2.80851,0.90160,0.63096,0.54110
county.rad,Radnorshire,1750,1.1,Interior,true,0.30615,0.72384,2.09896,0.62228
county.rad,Radnorshire,1750,0.9,Interior,true,0.52697,0.75651,1.77923,0.61837
county.rad,Radnorshire,1750,2,Interior,false,-0.18832,0.61847,3.37723,0.62223
county.rad,Radnorshire,1750,0.5,Interior,true,1.35952,0.84166,1.07885,0.59067
county.rad,Radnorshire,1800,1.1,Interior,true,0.27078,0.71808,2.08568,0.62117
county.rad,Radnorshire,1800,0.9,Interior,true,0.48542,0.75101,1.76879,0.61739
county.rad,Radnorshire,1800,2,Interior,false,-0.20968,0.61224,3.35148,0.62089
county.rad,Radnorshire,1800,0.5,Interior,true,1.29541,0.83707,1.07395,0.59031
county.rad,Radnorshire,1825,1.1,Interior,true,0.23205,0.71154,2.07058,0.61982
county.rad,Radnorshire,1825,0.9,Interior,true,0.43987,0.74474,1.75689,0.61618
county.rad,Radnorshire,1825,2,Interior,false,-0.23302,0.60518,3.32236,0.61933
county.rad,Radnorshire,1825,0.5,Interior,true,1.22480,0.83181,1.06833,0.58972
county.rad,Radnorshire,1850,1.1,Interior,true,0.32092,0.70317,1.76941,0.67571
county.rad,Radnorshire,1850,0.9,Interior,true,0.53769,0.73641,1.50169,0.66999
county.rad,Radnorshire,1850,2,Interior,false,-0.17016,0.59703,2.83777,0.67929
county.rad,Radnorshire,1850,0.5,Interior,true,1.34230,0.82398,0.91395,0.63490
county.rad,Radnorshire,1875,1.1,Interior,true,0.64735,0.74576,1.42087,0.66910
county.rad,Radnorshire,1875,0.9,Interior,true,0.91018,0.77642,1.20048,0.65948
county.rad,Radnorshire,1875,2,Interior,true,0.03974,0.64522,2.30897,0.68111
county.rad,Radnorshire,1875,0.5,Interior,true,1.85465,0.85513,0.72141,0.61058
county.rad,Radnorshire,1900,1.1,Interior,true,0.74229,0.75341,1.36483,0.66711
county.rad,Radnorshire,1900,0.9,Interior,true,1.01871,0.78323,1.15159,0.65652
county.rad,Radnorshire,1900,2,Interior,true,0.10032,0.65486,2.22685,0.68131
county.rad,Radnorshire,1900,0.5,Interior,true,2.00481,0.85925,0.68946,0.60438
county.rfw,Renfrewshire,1750,1.1,Interior,true,0.82574,0.75318,1.88673,0.75683
county.rfw,Renfrewshire,1750,0.9,Interior,true,1.15258,0.78429,1.59465,0.75500
county.rfw,Renfrewshire,1750,2,Interior,true,0.11027,0.65088,3.06108,0.74984
county.rfw,Renfrewshire,1750,0.5,Interior,true,2.42386,0.86361,0.95861,0.73195
county.rfw,Renfrewshire,1800,1.1,Interior,true,0.82701,0.75023,1.45634,0.73837
county.rfw,Renfrewshire,1800,0.9,Interior,true,1.14200,0.78076,1.22989,0.73329
county.rfw,Renfrewshire,1800,2,Interior,true,0.12423,0.64957,2.36893,0.73884
county.rfw,Renfrewshire,1800,0.5,Interior,true,2.33214,0.85855,0.73784,0.69864
county.rfw,Renfrewshire,1825,1.1,Interior,true,1.18109,0.77841,1.10044,0.72248
county.rfw,Renfrewshire,1825,0.9,Interior,true,1.54083,0.80629,0.92576,0.71234
county.rfw,Renfrewshire,1825,2,Interior,true,0.35668,0.68432,1.81127,0.73442
county.rfw,Renfrewshire,1825,0.5,Interior,true,2.84543,0.87584,0.54963,0.66019
county.rfw,Renfrewshire,1850,1.1,Interior,true,1.61567,0.81200,0.89842,0.69200
county.rfw,Renfrewshire,1850,0.9,Interior,true,2.03170,0.83692,0.75289,0.67796
county.rfw,Renfrewshire,1850,2,Interior,true,0.64030,0.72562,1.49671,0.71346
county.rfw,Renfrewshire,1850,0.5,Interior,true,3.49124,0.89762,0.44245,0.61378
county.rfw,Renfrewshire,1875,1.1,Interior,true,2.23279,0.84149,0.74458,0.68555
county.rfw,Renfrewshire,1875,0.9,Interior,true,2.73211,0.86346,0.62178,0.66804
county.rfw,Renfrewshire,1875,2,Interior,true,1.04018,0.76332,1.25451,0.71560
county.rfw,Renfrewshire,1875,0.5,Interior,true,4.43936,0.91575,0.36211,0.59336
county.rfw,Renfrewshire,1900,1.1,Interior,true,2.36592,0.84588,0.71583,0.68189
county.rfw,Renfrewshire,1900,0.9,Interior,true,2.88035,0.86721,0.59734,0.66344
county.rfw,Renfrewshire,1900,2,Interior,true,1.13009,0.76958,1.20900,0.71441
county.rfw,Renfrewshire,1900,0.5,Interior,true,4.62580,0.91776,0.34723,0.58604
county.roc,Ross and Cromarty,1750,1.1,Interior,true,0.52572,0.75994,2.18258,0.61505
county.roc,Ross and Cromarty,1750,0.9,Interior,true,0.78541,0.79087,1.84463,0.61035
county.roc,Ross and Cromarty,1750,2,Interior,false,-0.05682,0.65819,3.54196,0.61642
county.roc,Ross and Cromarty,1750,0.5,Interior,true,1.75930,0.86986,1.10903,0.57968
county.roc,Ross and Cromarty,1800,1.1,Interior,true,0.48518,0.75473,2.17048,0.61345
county.roc,Ross and Cromarty,1800,0.9,Interior,true,0.73740,0.78592,1.83519,0.60880
county.roc,Ross and Cromarty,1800,2,Interior,false,-0.08080,0.65241,3.51793,0.61479
county.roc,Ross and Cromarty,1800,0.5,Interior,true,1.68310,0.86583,1.10471,0.57838
county.roc,Ross and Cromarty,1825,1.1,Interior,true,0.37957,0.74014,2.13666,0.60900
county.roc,Ross and Cromarty,1825,0.9,Interior,true,0.61233,0.77203,1.80874,0.60447
county.roc,Ross and Cromarty,1825,2,Interior,false,-0.14332,0.63636,3.45133,0.61030
county.roc,Ross and Cromarty,1825,0.5,Interior,true,1.48463,0.85443,1.09250,0.57472
county.roc,Ross and Cromarty,1850,1.1,Interior,true,0.44189,0.75435,1.87114,0.58543
county.roc,Ross and Cromarty,1850,0.9,Interior,true,0.68013,0.78525,1.58148,0.57921
county.roc,Ross and Cromarty,1850,2,Interior,false,-0.09992,0.65289,3.03670,0.59076
county.roc,Ross and Cromarty,1850,0.5,Interior,true,1.55616,0.86442,0.95109,0.54387
county.roc,Ross and Cromarty,1875,1.1,Interior,true,0.79100,0.79203,1.49094,0.57657
county.roc,Ross and Cromarty,1875,0.9,Interior,true,1.07589,0.81997,1.25462,0.56653
county.roc,Ross and Cromarty,1875,2,Interior,true,0.12707,0.69778,2.45204,0.59060
county.roc,Ross and Cromarty,1875,0.5,Interior,true,2.08549,0.88976,0.74554,0.51832
county.roc,Ross and Cromarty,1900,1.1,Interior,true,0.89507,0.79837,1.42919,0.57422
county.roc,Ross and Cromarty,1900,0.9,Interior,true,1.19426,0.82538,1.20109,0.56327
county.roc,Ross and Cromarty,1900,2,Interior,true,0.19410,0.70650,2.35999,0.59039
county.roc,Ross and Cromarty,1900,0.5,Interior,true,2.24615,0.89238,0.71124,0.51219
county.rox,Roxburghshire,1750,1.1,Interior,true,0.39832,0.71606,2.08101,0.70270
county.rox,Roxburghshire,1750,0.9,Interior,true,0.64325,0.74934,1.76562,0.70126
county.rox,Roxburghshire,1750,2,Interior,false,-0.14023,0.60923,3.33907,0.69614
county.rox,Roxburghshire,1750,0.5,Interior,true,1.59293,0.83634,1.07317,0.68117
county.rox,Roxburghshire,1800,1.1,Interior,true,0.45105,0.72367,2.09858,0.70527
county.rox,Roxburghshire,1800,0.9,Interior,true,0.70611,0.75664,1.77947,0.70380
county.rox,Roxburghshire,1800,2,Interior,false,-0.10938,0.61743,3.37294,0.69865
county.rox,Roxburghshire,1800,0.5,Interior,true,1.69542,0.84247,1.07971,0.68340
county.rox,Roxburghshire,1825,1.1,Interior,true,0.44160,0.72089,1.97980,0.70101
county.rox,Roxburghshire,1825,0.9,Interior,true,0.69298,0.75375,1.67851,0.69889
county.rox,Roxburghshire,1825,2,Interior,false,-0.11291,0.61498,3.18355,0.69589
county.rox,Roxburghshire,1825,0.5,Interior,true,1.66217,0.83935,1.01810,0.67621
county.rox,Roxburghshire,1850,1.1,Interior,true,0.68735,0.75379,1.50633,0.67142
county.rox,Roxburghshire,1850,0.9,Interior,true,0.97252,0.78421,1.27200,0.66539
county.rox,Roxburghshire,1850,2,Interior,true,0.04490,0.65344,2.45105,0.67498
county.rox,Roxburghshire,1850,0.5,Interior,true,2.03482,0.86172,0.76298,0.62880
county.rox,Roxburghshire,1875,1.1,Interior,true,1.08511,0.78980,1.21301,0.66730
county.rox,Roxburghshire,1875,0.9,Interior,true,1.42940,0.81746,1.02021,0.65791
county.rox,Roxburghshire,1875,2,Interior,true,0.29601,0.69616,1.99789,0.67828
county.rox,Roxburghshire,1875,0.5,Interior,true,2.67758,0.88623,0.60529,0.60963
county.rox,Roxburghshire,1900,1.1,Interior,true,1.20587,0.79649,1.16499,0.66540
county.rox,Roxburghshire,1900,0.9,Interior,true,1.56787,0.82328,0.97864,0.65507
county.rox,Roxburghshire,1900,2,Interior,true,0.37234,0.70511,1.92602,0.67855
county.rox,Roxburghshire,1900,0.5,Interior,true,2.87095,0.88940,0.57875,0.60369
county.rut,Rutland,1750,1.1,Interior,true,0.40472,0.69293,2.02774,0.79771
county.rut,Rutland,1750,0.9,Interior,true,0.65826,0.72744,1.72415,0.79977
county.rut,Rutland,1750,2,Interior,false,-0.14284,0.58357,3.23331,0.78275
county.rut,Rutland,1750,0.5,Interior,true,1.67117,0.81875,1.05441,0.79154
county.rut,Rutland,1800,1.1,Interior,true,0.34640,0.69210,2.02584,0.76873
county.rut,Rutland,1800,0.9,Interior,true,0.59007,0.72667,1.72270,0.77098
county.rut,Rutland,1800,2,Interior,false,-0.17908,0.58261,3.22936,0.75375
county.rut,Rutland,1800,0.5,Interior,true,1.56590,0.81818,1.05381,0.76413
county.rut,Rutland,1825,1.1,Interior,true,0.28480,0.68181,1.98093,0.76554
county.rut,Rutland,1825,0.9,Interior,true,0.51648,0.71671,1.68573,0.76788
county.rut,Rutland,1825,2,Interior,false,-0.21508,0.57183,3.15148,0.75060
county.rut,Rutland,1825,0.5,Interior,true,1.44437,0.80955,1.03343,0.76158
county.rut,Rutland,1850,1.1,Interior,true,0.36533,0.67083,1.66933,0.84019
county.rut,Rutland,1850,0.9,Interior,true,0.60756,0.70584,1.42118,0.84158
county.rut,Rutland,1850,2,Interior,false,-0.16093,0.56095,2.65281,0.82650
county.rut,Rutland,1850,0.5,Interior,true,1.56785,0.79940,0.87249,0.83024
county.rut,Rutland,1875,1.1,Interior,true,0.74983,0.71855,1.35066,0.84736
county.rut,Rutland,1875,0.9,Interior,true,1.06105,0.75118,1.14449,0.84623
county.rut,Rutland,1875,2,Interior,true,0.06936,0.61316,2.17528,0.83810
county.rut,Rutland,1875,0.5,Interior,true,2.27681,0.83593,0.69305,0.82423
county.rut,Rutland,1900,1.1,Interior,true,0.89155,0.73047,1.30405,0.84894
county.rut,Rutland,1900,0.9,Interior,true,1.22840,0.76215,1.10315,0.84694
county.rut,Rutland,1900,2,Interior,true,0.15364,0.62718,2.11047,0.84132
county.rut,Rutland,1900,0.5,Interior,true,2.53852,0.84363,0.66486,0.82151
county.sal,Shropshire,1750,1.1,Interior,true,0.44538,0.71302,1.74501,0.71478
county.sal,Shropshire,1750,0.9,Interior,true,0.69540,0.74587,1.47947,0.71204
county.sal,Shropshire,1750,2,Interior,false,-0.10811,0.60734,2.80614,0.71095
county.sal,Shropshire,1750,0.5,Interior,true,1.65442,0.83161,0.89748,0.68682
county.sal,Shropshire,1800,1.1,Interior,true,0.59132,0.73740,1.60290,0.70071
county.sal,Shropshire,1800,0.9,Interior,true,0.86567,0.76907,1.35620,0.69679
county.sal,Shropshire,1800,2,Interior,false,-0.01907,0.63413,2.59290,0.69932
county.sal,Shropshire,1800,0.5,Interior,true,1.90811,0.85064,0.81791,0.66728
county.sal,Shropshire,1825,1.1,Interior,true,0.74660,0.75392,1.46816,0.70035
county.sal,Shropshire,1825,0.9,Interior,true,1.04592,0.78447,1.23996,0.69514
county.sal,Shropshire,1825,2,Interior,true,0.07684,0.65319,2.38764,0.70164
county.sal,Shropshire,1825,0.5,Interior,true,2.17211,0.86230,0.74404,0.66081
county.sal,Shropshire,1850,1.1,Interior,true,1.06901,0.76408,1.29793,0.77316
county.sal,Shropshire,1850,0.9,Interior,true,1.41887,0.79370,1.09464,0.76560
county.sal,Shropshire,1850,2,Interior,true,0.27949,0.66562,2.11988,0.77854
county.sal,Shropshire,1850,0.5,Interior,true,2.71778,0.86855,0.65431,0.72119
county.sal,Shropshire,1875,1.1,Interior,true,1.76681,0.81011,1.08697,0.77520
county.sal,Shropshire,1875,0.9,Interior,true,2.22836,0.83597,0.91200,0.76382
county.sal,Shropshire,1875,2,Interior,true,0.71017,0.72099,1.80360,0.78890
county.sal,Shropshire,1875,0.5,Interior,true,3.90217,0.89922,0.53756,0.70619
county.sal,Shropshire,1900,1.1,Interior,true,2.05849,0.82324,1.05167,0.77575
county.sal,Shropshire,1900,0.9,Interior,true,2.56661,0.84773,0.88085,0.76313
county.sal,Shropshire,1900,2,Interior,true,0.89003,0.73779,1.75461,0.79233
county.sal,Shropshire,1900,0.5,Interior,true,4.39644,0.90693,0.51683,0.70143
county.sel,Selkirkshire,1750,1.1,Interior,true,0.58131,0.75686,2.17542,0.65193
county.sel,Selkirkshire,1750,0.9,Interior,true,0.85526,0.78807,1.83929,0.64830
county.sel,Selkirkshire,1750,2,Interior,false,-0.02771,0.65438,3.52613,0.65041
county.sel,Selkirkshire,1750,0.5,Interior,true,1.89656,0.86787,1.10690,0.62070
county.sel,Selkirkshire,1800,1.1,Interior,true,0.49420,0.74581,2.14979,0.64839
county.sel,Selkirkshire,1800,0.9,Interior,true,0.75181,0.77756,1.81926,0.64485
county.sel,Selkirkshire,1800,2,Interior,false,-0.07895,0.64219,3.47548,0.64683
county.sel,Selkirkshire,1800,0.5,Interior,true,1.73061,0.85927,1.09769,0.61777
county.sel,Selkirkshire,1825,1.1,Interior,true,0.38998,0.73024,2.02438,0.64065
county.sel,Selkirkshire,1825,0.9,Interior,true,0.62644,0.76253,1.71478,0.63671
county.sel,Selkirkshire,1825,2,Interior,false,-0.13855,0.62565,3.26394,0.64032
county.sel,Selkirkshire,1825,0.5,Interior,true,1.51969,0.84629,1.03759,0.60844
county.sel,Selkirkshire,1850,1.1,Interior,true,0.62097,0.76213,1.47930,0.60646
county.sel,Selkirkshire,1850,0.9,Interior,true,0.88330,0.79179,1.24785,0.59793
county.sel,Selkirkshire,1850,2,Interior,true,0.01691,0.66376,2.41513,0.61670
county.sel,Selkirkshire,1850,0.5,Interior,true,1.82993,0.86709,0.74646,0.55413
county.sel,Selkirkshire,1875,1.1,Interior,true,0.62008,0.76091,1.14673,0.58622
county.sel,Selkirkshire,1875,0.9,Interior,true,0.86881,0.79004,0.96658,0.57462
county.sel,Selkirkshire,1875,2,Interior,true,0.03282,0.66418,1.87702,0.60411
county.sel,Selkirkshire,1875,0.5,Interior,true,1.73607,0.86396,0.57715,0.52126
county.sel,Selkirkshire,1900,1.1,Interior,true,0.38447,0.72813,1.05755,0.57160
county.sel,Selkirkshire,1900,0.9,Interior,true,0.59158,0.75865,0.89335,0.55970
county.sel,Selkirkshire,1900,2,Interior,false,-0.10829,0.62857,1.72030,0.59087
county.sel,Selkirkshire,1900,0.5,Interior,true,1.30766,0.83753,0.53680,0.50606
county.sfk,Suffolk,1750,1.1,Interior,true,0.49220,0.70529,2.05475,0.80225
county.sfk,Suffolk,1750,0.9,Interior,true,0.76311,0.73932,1.74536,0.80426
county.sfk,Suffolk,1750,2,Interior,false,-0.09219,0.59676,3.28557,0.78713
county.sfk,Suffolk,1750,0.5,Interior,true,1.84619,0.82875,1.06422,0.79555
county.sfk,Suffolk,1800,1.1,Interior,true,0.34742,0.69975,2.02030,0.74361
county.sfk,Suffolk,1800,0.9,Interior,true,0.59297,0.73402,1.71684,0.74599
county.sfk,Suffolk,1800,2,Interior,false,-0.18090,0.59076,3.22650,0.72858
county.sfk,Suffolk,1800,0.5,Interior,true,1.57909,0.82432,1.04815,0.74005
county.sfk,Suffolk,1825,1.1,Interior,true,0.27713,0.68760,1.94938,0.73984
county.sfk,Suffolk,1825,0.9,Interior,true,0.50891,0.72223,1.65784,0.74227
county.sfk,Suffolk,1825,2,Interior,false,-0.22190,0.57808,3.10668,0.72492
county.sfk,Suffolk,1825,0.5,Interior,true,1.43968,0.81399,1.01444,0.73682
county.sfk,Suffolk,1850,1.1,Interior,true,0.36639,0.67802,1.64380,0.81338
county.sfk,Suffolk,1850,0.9,Interior,true,0.61100,0.71273,1.39842,0.81507
county.sfk,Suffolk,1850,2,Interior,false,-0.16338,0.56861,2.61760,0.79923
county.sfk,Suffolk,1850,0.5,Interior,true,1.58476,0.80504,0.85659,0.80534
county.sfk,Suffolk,1875,1.1,Interior,true,0.66344,0.71429,1.31201,0.81628
county.sfk,Suffolk,1875,0.9,Interior,true,0.96064,0.74699,1.11181,0.81561
county.sfk,Suffolk,1875,2,Interior,true,0.01520,0.60884,2.11267,0.80651
county.sfk,Suffolk,1875,0.5,Interior,true,2.12602,0.83196,0.67338,0.79609
county.sfk,Suffolk,1900,1.1,Interior,true,0.69895,0.71558,1.25366,0.81383
county.sfk,Suffolk,1900,0.9,Interior,true,1.00146,0.74787,1.06160,0.81247
county.sfk,Suffolk,1900,2,Interior,true,0.03740,0.61110,2.02298,0.80554
county.sfk,Suffolk,1900,0.5,Interior,true,2.18227,0.83151,0.64170,0.79037
county.shi,Shetland,1750,1.1,Interior,true,0.52702,0.74486,2.14759,0.66842
county.shi,Shetland,1750,0.9,Interior,true,0.79273,0.77672,1.81767,0.66547
county.shi,Shetland,1750,2,Interior,false,-0.06143,0.64094,3.47030,0.66527
county.shi,Shetland,1750,0.5,Interior,true,1.80939,0.85875,1.09713,0.64015
county.shi,Shetland,1800,1.1,Interior,true,0.32233,0.71565,2.08006,0.65897
county.shi,Shetland,1800,0.9,Interior,true,0.54939,0.74879,1.76458,0.65622
county.shi,Shetland,1800,2,Interior,false,-0.18175,0.60924,3.33911,0.65592
county.shi,Shetland,1800,0.5,Interior,true,1.41705,0.83550,1.07228,0.63210
county.shi,Shetland,1825,1.1,Interior,true,0.21028,0.69685,2.03676,0.65298
county.shi,Shetland,1825,0.9,Interior,true,0.41627,0.73071,1.73032,0.65031
county.shi,Shetland,1825,2,Interior,false,-0.24780,0.58922,3.25655,0.65012
county.shi,Shetland,1825,0.5,Interior,true,1.20256,0.82015,1.05591,0.62685
county.shi,Shetland,1850,1.1,Interior,true,0.26049,0.71110,1.79494,0.62994
county.shi,Shetland,1850,0.9,Interior,true,0.47197,0.74417,1.52266,0.62580
county.shi,Shetland,1850,2,Interior,false,-0.21410,0.60510,2.88205,0.63042
county.shi,Shetland,1850,0.5,Interior,true,1.26734,0.83085,0.92535,0.59731
county.shi,Shetland,1875,1.1,Interior,true,0.56903,0.75198,1.43807,0.62566
county.shi,Shetland,1875,0.9,Interior,true,0.82629,0.78245,1.21456,0.61820
county.shi,Shetland,1875,2,Interior,false,-0.01866,0.65169,2.33914,0.63322
county.shi,Shetland,1875,0.5,Interior,true,1.76589,0.86031,0.72899,0.57767
county.shi,Shetland,1900,1.1,Interior,true,0.67691,0.76122,1.38343,0.62467
county.shi,Shetland,1900,0.9,Interior,true,0.95074,0.79074,1.16667,0.61632
county.shi,Shetland,1900,2,Interior,true,0.04877,0.66321,2.26041,0.63419
county.shi,Shetland,1900,0.5,Interior,true,1.94403,0.86553,0.69735,0.57271
county.som,Somerset,1750,1.1,Interior,true,0.25929,0.68049,1.87289,0.73532
county.som,Somerset,1750,0.9,Interior,true,0.47907,0.71502,1.59304,0.73483
county.som,Somerset,1750,2,Interior,false,-0.22268,0.57157,2.98408,0.72685
county.som,Somerset,1750,0.5,Interior,true,1.33712,0.80685,0.97547,0.71812
county.som,Somerset,1800,1.1,Interior,true,0.27660,0.69175,1.80347,0.71018
county.som,Somerset,1800,0.9,Interior,true,0.50001,0.72588,1.53267,0.70948
county.som,Somerset,1800,2,Interior,false,-0.21340,0.58348,2.88037,0.70231
county.som,Somerset,1800,0.5,Interior,true,1.37107,0.81612,0.93610,0.69230
county.som,Somerset,1825,1.1,Interior,true,0.32049,0.69685,1.61388,0.70620
county.som,Somerset,1825,0.9,Interior,true,0.54945,0.73047,1.37028,0.70437
county.som,Somerset,1825,2,Interior,false,-0.18459,0.58967,2.58453,0.70073
county.som,Somerset,1825,0.5,Interior,true,1.43363,0.81902,0.83474,0.68295
county.som,Somerset,1850,1.1,Interior,true,0.52329,0.70247,1.31770,0.77405
county.som,Somerset,1850,0.9,Interior,true,0.78157,0.73543,1.11752,0.76965
county.som,Somerset,1850,2,Interior,false,-0.05350,0.59686,2.11746,0.77322
county.som,Somerset,1850,0.5,Interior,true,1.75994,0.82183,0.67862,0.73723
county.som,Somerset,1875,1.1,Interior,true,0.85575,0.73902,1.08357,0.77370
county.som,Somerset,1875,0.9,Interior,true,1.16694,0.76975,0.91543,0.76638
county.som,Somerset,1875,2,Interior,true,0.15283,0.63818,1.76092,0.77885
county.som,Somerset,1875,0.5,Interior,true,2.32241,0.84847,0.54987,0.72303
county.som,Somerset,1900,1.1,Interior,true,0.92150,0.74325,1.03925,0.77114
county.som,Somerset,1900,0.9,Interior,true,1.24198,0.77343,0.87721,0.76294
county.som,Somerset,1900,2,Interior,true,0.19482,0.64375,1.69345,0.77825
county.som,Somerset,1900,0.5,Interior,true,2.42461,0.85036,0.52561,0.71654
county.sry,Surrey,1750,1.1,Interior,true,0.09346,0.64290,1.90940,0.74157
county.sry,Surrey,1750,0.9,Interior,true,0.27991,0.67846,1.62856,0.74072
county.sry,Surrey,1750,2,Interior,false,-0.31800,0.53271,3.01971,0.73449
county.sry,Surrey,1750,0.5,Interior,true,1.00340,0.77488,1.00559,0.72321
county.sry,Surrey,1800,1.1,Interior,true,0.06392,0.64548,1.89619,0.71503
county.sry,Surrey,1800,0.9,Interior,true,0.24581,0.68099,1.61702,0.71432
county.sry,Surrey,1800,2,Interior,false,-0.33711,0.53531,3.00011,0.70791
county.sry,Surrey,1800,0.5,Interior,true,0.95250,0.77716,0.99795,0.69781
county.sry,Surrey,1825,1.1,Interior,true,0.04982,0.64139,1.86358,0.71411
county.sry,Surrey,1825,0.9,Interior,true,0.22928,0.67692,1.58936,0.71343
county.sry,Surrey,1825,2,Interior,false,-0.34576,0.53131,2.94791,0.70699
county.sry,Surrey,1825,0.5,Interior,true,0.92681,0.77325,0.98116,0.69713
county.sry,Surrey,1850,1.1,Interior,true,0.14779,0.63551,1.58392,0.78260
county.sry,Surrey,1850,0.9,Interior,true,0.34024,0.67087,1.35066,0.78025
county.sry,Surrey,1850,2,Interior,false,-0.28029,0.52608,2.50686,0.77843
county.sry,Surrey,1850,0.5,Interior,true,1.07826,0.76691,0.83363,0.75642
county.sry,Surrey,1875,1.1,Interior,true,0.36383,0.67007,1.26392,0.78070
county.sry,Surrey,1875,0.9,Interior,true,0.59029,0.70390,1.07395,0.77563
county.sry,Surrey,1875,2,Interior,false,-0.14507,0.56328,2.02055,0.78186
county.sry,Surrey,1875,0.5,Interior,true,1.44214,0.79394,0.65591,0.74113
county.sry,Surrey,1900,1.1,Interior,true,0.34856,0.66515,1.20023,0.77491
county.sry,Surrey,1900,0.9,Interior,true,0.57053,0.69886,1.01965,0.76910
county.sry,Surrey,1900,2,Interior,false,-0.15234,0.55881,1.91987,0.77788
county.sry,Surrey,1900,0.5,Interior,true,1.40054,0.78865,0.62249,0.73212
county.ssx,Sussex,1750,1.1,Interior,true,0.40773,0.69969,2.04329,0.76822
county.ssx,Sussex,1750,0.9,Interior,true,0.65787,0.73378,1.73614,0.76857
county.ssx,Sussex,1750,2,Interior,false,-0.13719,0.59122,3.26480,0.75718
county.ssx,Sussex,1750,0.5,Interior,true,1.64308,0.82367,1.05965,0.75416
county.ssx,Sussex,1800,1.1,Interior,true,0.25689,0.69194,2.02548,0.70976
county.ssx,Sussex,1800,0.9,Interior,true,0.47996,0.72634,1.72206,0.71029
county.ssx,Sussex,1800,2,Interior,false,-0.22883,0.58297,3.23085,0.69923
county.ssx,Sussex,1800,0.5,Interior,true,1.35973,0.81737,1.05294,0.69789
county.ssx,Sussex,1825,1.1,Interior,true,0.13878,0.67022,1.95464,0.70308
county.ssx,Sussex,1825,0.9,Interior,true,0.33907,0.70528,1.66442,0.70371
county.ssx,Sussex,1825,2,Interior,false,-0.29806,0.56027,3.10455,0.69279
county.ssx,Sussex,1825,0.5,Interior,true,1.12852,0.79910,1.02246,0.69215
county.ssx,Sussex,1850,1.1,Interior,true,0.16341,0.65018,1.63847,0.76664
county.ssx,Sussex,1850,0.9,Interior,true,0.36306,0.68555,1.39668,0.76595
county.ssx,Sussex,1850,2,Interior,false,-0.27628,0.54019,2.59522,0.75874
county.ssx,Sussex,1850,0.5,Interior,true,1.13962,0.78108,0.86088,0.74844
county.ssx,Sussex,1875,1.1,Interior,true,0.32072,0.67429,1.29262,0.76253
county.ssx,Sussex,1875,0.9,Interior,true,0.54463,0.70839,1.09880,0.75942
county.ssx,Sussex,1875,2,Interior,false,-0.17739,0.56663,2.06359,0.75951
county.ssx,Sussex,1875,0.5,Interior,true,1.39982,0.79914,0.67179,0.73240
county.ssx,Sussex,1900,1.1,Interior,true,0.24474,0.65808,1.20992,0.75311
county.ssx,Sussex,1900,0.9,Interior,true,0.45301,0.69234,1.02904,0.74929
county.ssx,Sussex,1900,2,Interior,false,-0.22088,0.55053,1.92908,0.75203
county.ssx,Sussex,1900,0.5,Interior,true,1.24332,0.78408,0.63020,0.72015
county.sti,Stirlingshire,1750,1.1,Interior,true,0.54207,0.72599,1.70623,0.71685
county.sti,Stirlingshire,1750,0.9,Interior,true,0.80895,0.75822,1.44497,0.71358
county.sti,Stirlingshire,1750,2,Interior,false,-0.04970,0.62156,2.75268,0.71396
county.sti,Stirlingshire,1750,0.5,Interior,true,1.82901,0.84170,0.87372,0.68621
county.sti,Stirlingshire,1800,1.1,Interior,true,0.69999,0.74587,1.52896,0.71453
county.sti,Stirlingshire,1800,0.9,Interior,true,0.99047,0.77701,1.29256,0.70947
county.sti,Stirlingshire,1800,2,Interior,true,0.05008,0.64380,2.47946,0.71537
county.sti,Stirlingshire,1800,0.5,Interior,true,2.08441,0.85683,0.77772,0.67544
county.sti,Stirlingshire,1825,1.1,Interior,true,0.75271,0.75087,1.37106,0.70738
county.sti,Stirlingshire,1825,0.9,Interior,true,1.04696,0.78147,1.15811,0.70070
county.sti,Stirlingshire,1825,2,Interior,true,0.08803,0.65017,2.22906,0.71193
county.sti,Stirlingshire,1825,0.5,Interior,true,2.13917,0.85960,0.69527,0.66098
county.sti,Stirlingshire,1850,1.1,Interior,true,1.01747,0.78090,1.22571,0.68700
county.sti,Stirlingshire,1850,0.9,Interior,true,1.35263,0.80941,1.03212,0.67831
county.sti,Stirlingshire,1850,2,Interior,true,0.25289,0.68512,2.01142,0.69610
county.sti,Stirlingshire,1850,0.5,Interior,true,2.57649,0.88079,0.61434,0.63195
county.sti,Stirlingshire,1875,1.1,Interior,true,1.49742,0.81325,1.02527,0.68396
county.sti,Stirlingshire,1875,0.9,Interior,true,1.90417,0.83883,0.85995,0.67212
county.sti,Stirlingshire,1875,2,Interior,true,0.55527,0.72497,1.70308,0.70026
county.sti,Stirlingshire,1875,0.5,Interior,true,3.35523,0.90133,0.50650,0.61526
county.sti,Stirlingshire,1900,1.1,Interior,true,1.59195,0.81680,0.98265,0.68067
county.sti,Stirlingshire,1900,0.9,Interior,true,2.01053,0.84173,0.82351,0.66792
county.sti,Stirlingshire,1900,2,Interior,true,0.61742,0.73029,1.63666,0.69920
county.sti,Stirlingshire,1900,0.5,Interior,true,3.49293,0.90237,0.48397,0.60820
county.sts,Staffordshire,1750,1.1,Interior,true,0.56454,0.72062,1.50054,0.73222
county.sts,Staffordshire,1750,0.9,Interior,true,0.83334,0.75276,1.27059,0.72825
county.sts,Staffordshire,1750,2,Interior,false,-0.03357,0.61656,2.42203,0.73071
county.sts,Staffordshire,1750,0.5,Interior,true,1.85540,0.83608,0.76803,0.69806
county.sts,Staffordshire,1800,1.1,Interior,true,0.83731,0.75313,1.25230,0.72882
county.sts,Staffordshire,1800,0.9,Interior,true,1.14675,0.78347,1.05735,0.72195
county.sts,Staffordshire,1800,2,Interior,true,0.13895,0.65301,2.03852,0.73342
county.sts,Staffordshire,1800,0.5,Interior,true,2.29638,0.86075,0.63402,0.68110
county.sts,Staffordshire,1825,1.1,Interior,true,0.89919,0.75804,1.02943,0.71445
county.sts,Staffordshire,1825,0.9,Interior,true,1.20861,0.78762,0.86822,0.70478
county.sts,Staffordshire,1825,2,Interior,true,0.18881,0.65991,1.68157,0.72565
county.sts,Staffordshire,1825,0.5,Interior,true,2.32980,0.86268,0.51910,0.65453
county.sts,Staffordshire,1850,1.1,Interior,true,1.12249,0.75724,0.88799,0.78045
county.sts,Staffordshire,1850,0.9,Interior,true,1.45950,0.78642,0.74848,0.76756
county.sts,Staffordshire,1850,2,Interior,true,0.33891,0.66027,1.45334,0.79816
county.sts,Staffordshire,1850,0.5,Interior,true,2.65918,0.86036,0.44684,0.70488
county.sts,Staffordshire,1875,1.1,Interior,true,1.65678,0.79377,0.75666,0.77932
county.sts,Staffordshire,1875,0.9,Interior,true,2.07195,0.82001,0.63517,0.76304
county.sts,Staffordshire,1875,2,Interior,true,0.67814,0.70407,1.25404,0.80477
county.sts,Staffordshire,1875,0.5,Interior,true,3.51910,0.88479,0.37498,0.68921
county.sts,Staffordshire,1900,1.1,Interior,true,1.79279,0.80049,0.73539,0.77760
county.sts,Staffordshire,1900,0.9,Interior,true,2.22664,0.82600,0.61672,0.76038
county.sts,Staffordshire,1900,2,Interior,true,0.76589,0.71272,1.22246,0.80528
county.sts,Staffordshire,1900,0.5,Interior,true,3.72998,0.88860,0.36317,0.68369
county.sut,Sutherland,1750,1.1,Interior,true,0.67652,0.77960,2.15816,0.61002
county.sut,Sutherland,1750,0.9,Interior,true,0.96137,0.80932,1.82064,0.60448
county.sut,Sutherland,1750,2,Interior,true,0.03510,0.68061,3.52150,0.61316
county.sut,Sutherland,1750,0.5,Interior,true,2.02221,0.88431,1.08898,0.57083
county.sut,Sutherland,1800,1.1,Interior,true,0.70548,0.78281,2.14384,0.61032
county.sut,Sutherland,1800,0.9,Interior,true,0.99510,0.81233,1.80804,0.60463
county.sut,Sutherland,1800,2,Interior,true,0.05287,0.68429,3.50113,0.61378
county.sut,Sutherland,1800,0.5,Interior,true,2.07235,0.88669,1.08059,0.57041
county.sut,Sutherland,1825,1.1,Interior,true,0.72354,0.78489,2.10590,0.60958
county.sut,Sutherland,1825,0.9,Interior,true,1.01536,0.81427,1.77569,0.60362
county.sut,Sutherland,1825,2,Interior,true,0.06482,0.68671,3.44127,0.61361
county.sut,Sutherland,1825,0.5,Interior,true,2.09801,0.88818,1.06068,0.56850
county.sut,Sutherland,1850,1.1,Interior,true,0.98051,0.81436,1.87029,0.59008
county.sut,Sutherland,1850,0.9,Interior,true,1.30999,0.84156,1.57231,0.58206
county.sut,Sutherland,1850,2,Interior,true,0.22709,0.72160,3.08427,0.59893
county.sut,Sutherland,1850,0.5,Interior,true,2.50776,0.90874,0.93162,0.54024
county.sut,Sutherland,1875,1.1,Interior,true,1.56426,0.85187,1.50860,0.58114
county.sut,Sutherland,1875,0.9,Interior,true,1.97338,0.87531,1.26229,0.56897
county.sut,Sutherland,1875,2,Interior,true,0.60372,0.76925,2.52513,0.59989
county.sut,Sutherland,1875,0.5,Interior,true,3.40482,0.93160,0.73876,0.51385
county.sut,Sutherland,1900,1.1,Interior,true,1.79571,0.86014,1.44774,0.57919
county.sut,Sutherland,1900,0.9,Interior,true,2.23802,0.88226,1.20945,0.56595
county.sut,Sutherland,1900,2,Interior,true,0.75095,0.78127,2.43578,0.60061
county.sut,Sutherland,1900,0.5,Interior,true,3.77250,0.93486,0.70496,0.50764
county.tyr,Tyrone,1750,1.1,Interior,true,0.20992,0.69055,1.95890,0.67004
county.tyr,Tyrone,1750,0.9,Interior,true,0.41636,0.72460,1.66484,0.66765
county.tyr,Tyrone,1750,2,Interior,false,-0.24830,0.58258,3.12856,0.66641
county.tyr,Tyrone,1750,0.5,Interior,true,1.20699,0.81482,1.01713,0.64498
county.tyr,Tyrone,1800,1.1,Interior,true,0.15421,0.68024,1.89754,0.66547
county.tyr,Tyrone,1800,0.9,Interior,true,0.34956,0.71461,1.61387,0.66288
county.tyr,Tyrone,1800,2,Interior,false,-0.28048,0.57183,3.02450,0.66249
county.tyr,Tyrone,1800,0.5,Interior,true,1.09551,0.80615,0.98818,0.63973
county.tyr,Tyrone,1825,1.1,Interior,true,0.13810,0.67714,1.85315,0.66319
county.tyr,Tyrone,1825,0.9,Interior,true,0.32981,0.71159,1.57643,0.66039
county.tyr,Tyrone,1825,2,Interior,false,-0.28931,0.56866,2.95218,0.66077
county.tyr,Tyrone,1825,0.5,Interior,true,1.06009,0.80348,0.96586,0.63654
county.tyr,Tyrone,1850,1.1,Interior,true,0.33562,0.69979,1.76905,0.70147
county.tyr,Tyrone,1850,0.9,Interior,true,0.56102,0.73329,1.50190,0.69767
county.tyr,Tyrone,1850,2,Interior,false,-0.16811,0.59298,2.83400,0.70039
county.tyr,Tyrone,1850,0.5,Interior,true,1.41465,0.82155,0.91484,0.66902
county.tyr,Tyrone,1875,1.1,Interior,true,1.01737,0.77539,1.38764,0.70571
county.tyr,Tyrone,1875,0.9,Interior,true,1.35318,0.80420,1.16897,0.69713
county.tyr,Tyrone,1875,2,Interior,true,0.25255,0.67889,2.27429,0.71433
county.tyr,Tyrone,1875,0.5,Interior,true,2.58263,0.87655,0.69659,0.65071
county.tyr,Tyrone,1900,1.1,Interior,true,1.54744,0.81232,1.29370,0.70929
county.tyr,Tyrone,1900,0.9,Interior,true,1.96864,0.83816,1.08545,0.69825
county.tyr,Tyrone,1900,2,Interior,true,0.57909,0.72328,2.14665,0.72329
county.tyr,Tyrone,1900,0.5,Interior,true,3.48712,0.90135,0.63982,0.64338
county.war,Warwickshire,1750,1.1,Interior,true,0.37921,0.68392,1.74566,0.78704
county.war,Warwickshire,1750,0.9,Interior,true,0.62425,0.71812,1.48362,0.78752
county.war,Warwickshire,1750,2,Interior,false,-0.15420,0.57558,2.78763,0.77570
county.war,Warwickshire,1750,0.5,Interior,true,1.59108,0.80867,0.90624,0.77349
county.war,Warwickshire,1800,1.1,Interior,true,0.40969,0.69346,1.57843,0.76790
county.war,Warwickshire,1800,0.9,Interior,true,0.65878,0.72724,1.34039,0.76750
county.war,Warwickshire,1800,2,Interior,false,-0.13469,0.58593,2.52646,0.75855
county.war,Warwickshire,1800,0.5,Interior,true,1.63467,0.81621,0.81682,0.75028
county.war,Warwickshire,1825,1.1,Interior,true,0.35094,0.68154,1.39761,0.75825
county.war,Warwickshire,1825,0.9,Interior,true,0.58609,0.71537,1.18711,0.75679
county.war,Warwickshire,1825,2,Interior,false,-0.16633,0.57424,2.23590,0.75150
county.war,Warwickshire,1825,0.5,Interior,true,1.49870,0.80483,0.72401,0.73593
county.war,Warwickshire,1850,1.1,Interior,true,0.44454,0.66981,1.15543,0.82805
county.war,Warwickshire,1850,0.9,Interior,true,0.69046,0.70355,0.98144,0.82458
county.war,Warwickshire,1850,2,Interior,false,-0.10192,0.56310,1.84869,0.82499
county.war,Warwickshire,1850,0.5,Interior,true,1.63079,0.79312,0.59874,0.79495
county.war,Warwickshire,1875,1.1,Interior,true,0.68022,0.69776,0.93797,0.82550
county.war,Warwickshire,1875,0.9,Interior,true,0.96320,0.72987,0.79424,0.81934
county.war,Warwickshire,1875,2,Interior,true,0.04506,0.59432,1.51434,0.82791
county.war,Warwickshire,1875,0.5,Interior,true,2.02602,0.81360,0.48022,0.77947
county.war,Warwickshire,1900,1.1,Interior,true,0.61789,0.68853,0.89279,0.81825
county.war,Warwickshire,1900,0.9,Interior,true,0.88758,0.72083,0.75627,0.81150
county.war,Warwickshire,1900,2,Interior,true,0.01011,0.58491,1.43995,0.82226
county.war,Warwickshire,1900,0.5,Interior,true,1.89502,0.80537,0.45779,0.76979
county.wes,Westmorland,1750,1.1,Interior,true,0.23720,0.71249,2.07279,0.61881
county.wes,Westmorland,1750,0.9,Interior,true,0.44527,0.74563,1.75859,0.61496
county.wes,Westmorland,1750,2,Interior,false,-0.22915,0.60628,3.32687,0.61883
county.wes,Westmorland,1750,0.5,Interior,true,1.22926,0.83251,1.06908,0.58769
county.wes,Westmorland,1800,1.1,Interior,true,0.22246,0.70992,2.06685,0.61868
county.wes,Westmorland,1800,0.9,Interior,true,0.42815,0.74317,1.75392,0.61495
county.wes,Westmorland,1800,2,Interior,false,-0.23829,0.60349,3.31536,0.61845
county.wes,Westmorland,1800,0.5,Interior,true,1.20403,0.83046,1.06689,0.58816
county.wes,Westmorland,1825,1.1,Interior,true,0.18228,0.70274,2.05033,0.61715
county.wes,Westmorland,1825,0.9,Interior,true,0.38087,0.73628,1.74086,0.61355
county.wes,Westmorland,1825,2,Interior,false,-0.26250,0.59581,3.28371,0.61673
county.wes,Westmorland,1825,0.5,Interior,true,1.13058,0.82463,1.06068,0.58739
county.wes,Westmorland,1850,1.1,Interior,true,0.24885,0.69098,1.72701,0.67079
county.wes,Westmorland,1850,0.9,Interior,true,0.45216,0.72465,1.46703,0.66498
county.wes,Westmorland,1850,2,Interior,false,-0.21273,0.58416,2.76289,0.67480
county.wes,Westmorland,1850,0.5,Interior,true,1.20525,0.81392,0.89527,0.62991
county.wes,Westmorland,1875,1.1,Interior,true,0.49791,0.72674,1.37760,0.66158
county.wes,Westmorland,1875,0.9,Interior,true,0.73423,0.75830,1.16570,0.65202
county.wes,Westmorland,1875,2,Interior,false,-0.04978,0.62439,2.22890,0.67383
county.wes,Westmorland,1875,0.5,Interior,true,1.58156,0.84023,0.70361,0.60373
county.wes,Westmorland,1900,1.1,Interior,true,0.50793,0.72504,1.31050,0.65635
county.wes,Westmorland,1900,0.9,Interior,true,0.74348,0.75628,1.10830,0.64597
county.wes,Westmorland,1900,2,Interior,false,-0.04082,0.62355,2.12396,0.67063
county.wes,Westmorland,1900,0.5,Interior,true,1.58180,0.83726,0.66797,0.59506
county.wig,Wigtownshire,1750,1.1,Interior,true,0.61091,0.73901,2.13405,0.73437
county.wig,Wigtownshire,1750,0.9,Interior,true,0.89887,0.77138,1.80748,0.73355
county.wig,Wigtownshire,1750,2,Interior,false,-0.01792,0.63385,3.44092,0.72573
county.wig,Wigtownshire,1750,0.5,Interior,true,2.02501,0.85492,1.09302,0.71486
county.wig,Wigtownshire,1800,1.1,Interior,true,0.41802,0.71318,2.07438,0.72538
county.wig,Wigtownshire,1800,0.9,Interior,true,0.66857,0.74666,1.76054,0.72471
county.wig,Wigtownshire,1800,2,Interior,false,-0.13032,0.60591,3.32534,0.71691
county.wig,Wigtownshire,1800,0.5,Interior,true,1.64722,0.83430,1.07099,0.70707
county.wig,Wigtownshire,1825,1.1,Interior,true,0.28131,0.69118,1.98076,0.71662
county.wig,Wigtownshire,1825,0.9,Interior,true,0.50485,0.72539,1.68366,0.71578
county.wig,Wigtownshire,1825,2,Interior,false,-0.20959,0.58273,3.16179,0.70898
county.wig,Wigtownshire,1825,0.5,Interior,true,1.37504,0.81595,1.02891,0.69797
county.wig,Wigtownshire,1850,1.1,Interior,true,0.26210,0.69333,1.72150,0.68920
county.wig,Wigtownshire,1850,0.9,Interior,true,0.47892,0.72723,1.46252,0.68704
county.wig,Wigtownshire,1850,2,Interior,false,-0.21788,0.58565,2.75229,0.68475
county.wig,Wigtownshire,1850,0.5,Interior,true,1.31225,0.81680,0.89251,0.66479
county.wig,Wigtownshire,1875,1.1,Interior,true,0.64514,0.74369,1.39486,0.69182
county.wig,Wigtownshire,1875,0.9,Interior,true,0.92550,0.77476,1.17904,0.68667
county.wig,Wigtownshire,1875,2,Interior,true,0.01702,0.64187,2.26297,0.69324
county.wig,Wigtownshire,1875,0.5,Interior,true,1.97913,0.85437,0.70917,0.65282
county.wig,Wigtownshire,1900,1.1,Interior,true,0.85270,0.76267,1.35597,0.69476
county.wig,Wigtownshire,1900,0.9,Interior,true,1.16898,0.79227,1.14353,0.68861
county.wig,Wigtownshire,1900,2,Interior,true,0.14215,0.66421,2.21498,0.69814
county.wig,Wigtownshire,1900,0.5,Interior,true,2.35082,0.86706,0.68339,0.65102
county.wil,Wiltshire,1750,1.1,Interior,true,0.26266,0.67631,1.98959,0.76378
county.wil,Wiltshire,1750,0.9,Interior,true,0.48645,0.71127,1.69361,0.76489
county.wil,Wiltshire,1750,2,Interior,false,-0.22395,0.56642,3.16283,0.75156
county.wil,Wiltshire,1750,0.5,Interior,true,1.37230,0.80453,1.03930,0.75391
county.wil,Wiltshire,1800,1.1,Interior,true,0.26851,0.69389,2.00974,0.71396
county.wil,Wiltshire,1800,0.9,Interior,true,0.49572,0.72829,1.70857,0.71516
county.wil,Wiltshire,1800,2,Interior,false,-0.22413,0.58481,3.20614,0.70194
county.wil,Wiltshire,1800,0.5,Interior,true,1.39777,0.81925,1.04445,0.70522
county.wil,Wiltshire,1825,1.1,Interior,true,0.29307,0.69589,1.84830,0.71140
county.wil,Wiltshire,1825,0.9,Interior,true,0.52352,0.72995,1.57034,0.71191
county.wil,Wiltshire,1825,2,Interior,false,-0.20823,0.58757,2.95397,0.70083
county.wil,Wiltshire,1825,0.5,Interior,true,1.43325,0.81979,0.95825,0.69933
county.wil,Wiltshire,1850,1.1,Interior,true,0.46196,0.69711,1.48804,0.77982
county.wil,Wiltshire,1850,0.9,Interior,true,0.71712,0.73068,1.26324,0.77825
county.wil,Wiltshire,1850,2,Interior,false,-0.09928,0.59003,2.38401,0.77280
county.wil,Wiltshire,1850,0.5,Interior,true,1.70672,0.81899,0.76916,0.75627
county.wil,Wiltshire,1875,1.1,Interior,true,0.76276,0.73176,1.19898,0.78026
county.wil,Wiltshire,1875,0.9,Interior,true,1.06788,0.76328,1.01414,0.77605
county.wil,Wiltshire,1875,2,Interior,true,0.08503,0.62896,1.94139,0.77846
county.wil,Wiltshire,1875,0.5,Interior,true,2.22997,0.84440,0.61108,0.74380
county.wil,Wiltshire,1900,1.1,Interior,true,0.79830,0.73267,1.14479,0.77699
county.wil,Wiltshire,1900,0.9,Interior,true,1.10793,0.76376,0.96761,0.77199
county.wil,Wiltshire,1900,2,Interior,true,0.10817,0.63092,1.85759,0.77695
county.wil,Wiltshire,1900,0.5,Interior,true,2.28057,0.84355,0.58192,0.73695
county.wln,West Lothian,1750,1.1,Interior,true,0.38350,0.69899,1.72236,0.73544
county.wln,West Lothian,1750,0.9,Interior,true,0.62398,0.73259,1.46229,0.73369
county.wln,West Lothian,1750,2,Interior,false,-0.14644,0.59181,2.75870,0.72938
county.wln,West Lothian,1750,0.5,Interior,true,1.55396,0.82101,0.89060,0.71193
county.wln,West Lothian,1800,1.1,Interior,true,0.65272,0.73565,1.61821,0.74175
county.wln,West Lothian,1800,0.9,Interior,true,0.94045,0.76761,1.36976,0.73858
county.wln,West Lothian,1800,2,Interior,true,0.01593,0.63169,2.61420,0.73817
county.wln,West Lothian,1800,0.5,Interior,true,2.04273,0.85003,0.82705,0.71092
county.wln,West Lothian,1825,1.1,Interior,true,0.72302,0.74346,1.47041,0.73716
county.wln,West Lothian,1825,0.9,Interior,true,1.01920,0.77484,1.24352,0.73258
county.wln,West Lothian,1825,2,Interior,true,0.06260,0.64084,2.38190,0.73665
county.wln,West Lothian,1825,0.5,Interior,true,2.14046,0.85539,0.74895,0.69979
county.wln,West Lothian,1850,1.1,Interior,true,0.95303,0.77209,1.31910,0.71693
county.wln,West Lothian,1850,0.9,Interior,true,1.28617,0.80167,1.11247,0.71055
county.wln,West Lothian,1850,2,Interior,true,0.20416,0.67356,2.15444,0.72041
county.wln,West Lothian,1850,0.5,Interior,true,2.52972,0.87628,0.66486,0.67154
county.wln,West Lothian,1875,1.1,Interior,true,1.20946,0.79025,1.07469,0.71012
county.wln,West Lothian,1875,0.9,Interior,true,1.57846,0.81799,0.90396,0.70099
county.wln,West Lothian,1875,2,Interior,true,0.36834,0.69633,1.76944,0.71978
county.wln,West Lothian,1875,0.5,Interior,true,2.92656,0.88693,0.53644,0.65255
county.wln,West Lothian,1900,1.1,Interior,true,1.04197,0.77389,1.00874,0.69999
county.wln,West Lothian,1900,0.9,Interior,true,1.37794,0.80226,0.84922,0.69034
county.wln,West Lothian,1900,2,Interior,true,0.27197,0.67858,1.65670,0.71120
county.wln,West Lothian,1900,0.5,Interior,true,2.59678,0.87337,0.50519,0.64041
county.wor,Worcestershire,1750,1.1,Interior,true,0.30990,0.68140,1.80910,0.76005
county.wor,Worcestershire,1750,0.9,Interior,true,0.54037,0.71583,1.53836,0.76003
county.wor,Worcestershire,1750,2,Interior,false,-0.19375,0.57265,2.88460,0.75021
county.wor,Worcestershire,1750,0.5,Interior,true,1.44469,0.80724,0.94120,0.74463
county.wor,Worcestershire,1800,1.1,Interior,true,0.33813,0.69094,1.68704,0.74316
county.wor,Worcestershire,1800,0.9,Interior,true,0.57313,0.72499,1.43346,0.74259
county.wor,Worcestershire,1800,2,Interior,false,-0.17653,0.58285,2.69586,0.73455
county.wor,Worcestershire,1800,0.5,Interior,true,1.49127,0.81495,0.87503,0.72529
county.wor,Worcestershire,1825,1.1,Interior,true,0.27889,0.67972,1.53137,0.73542
county.wor,Worcestershire,1825,0.9,Interior,true,0.50064,0.71393,1.30179,0.73413
county.wor,Worcestershire,1825,2,Interior,false,-0.20926,0.57157,2.44415,0.72866
county.wor,Worcestershire,1825,0.5,Interior,true,1.36091,0.80476,0.79583,0.71440
county.wor,Worcestershire,1850,1.1,Interior,true,0.38206,0.67117,1.26595,0.80329
county.wor,Worcestershire,1850,0.9,Interior,true,0.61613,0.70526,1.07611,0.79991
county.wor,Worcestershire,1850,2,Interior,false,-0.13885,0.56364,2.02118,0.80037
county.wor,Worcestershire,1850,0.5,Interior,true,1.50960,0.79602,0.65791,0.77114
county.wor,Worcestershire,1875,1.1,Interior,true,0.59904,0.69828,1.02318,0.79997
county.wor,Worcestershire,1875,0.9,Interior,true,0.86664,0.73079,0.86707,0.79392
county.wor,Worcestershire,1875,2,Interior,false,-0.00278,0.59390,1.64817,0.80253
county.wor,Worcestershire,1875,0.5,Interior,true,1.86935,0.81587,0.52541,0.75499
county.wor,Worcestershire,1900,1.1,Interior,true,0.54078,0.68846,0.97182,0.79251
county.wor,Worcestershire,1900,0.9,Interior,true,0.79592,0.72111,0.82379,0.78583
county.wor,Worcestershire,1900,2,Interior,false,-0.03545,0.58404,1.56426,0.79676
county.wor,Worcestershire,1900,0.5,Interior,true,1.74654,0.80685,0.49967,0.74494
county.wry,West Riding of Yorkshire,1750,1.1,Interior,true,0.52730,0.72753,1.44860,0.68090
county.wry,West Riding of Yorkshire,1750,0.9,Interior,true,0.78159,0.75911,1.22559,0.67464
county.wry,West Riding of Yorkshire,1750,2,Interior,false,-0.04772,0.62484,2.34423,0.68517
county.wry,West Riding of Yorkshire,1750,0.5,Interior,true,1.72542,0.84073,0.73920,0.63725
county.wry,West Riding of Yorkshire,1800,1.1,Interior,true,0.88338,0.76873,1.13171,0.67145
county.wry,West Riding of Yorkshire,1800,0.9,Interior,true,1.18518,0.79774,0.95371,0.66088
county.wry,West Riding of Yorkshire,1800,2,Interior,true,0.18421,0.67199,1.85320,0.68532
county.wry,West Riding of Yorkshire,1800,0.5,Interior,true,2.26452,0.87098,0.56898,0.60862
county.wry,West Riding of Yorkshire,1825,1.1,Interior,true,1.20435,0.79618,0.81380,0.64452
county.wry,West Riding of Yorkshire,1825,0.9,Interior,true,1.53177,0.82258,0.68335,0.62803
county.wry,West Riding of Yorkshire,1825,2,Interior,true,0.41504,0.70625,1.34767,0.67301
county.wry,West Riding of Yorkshire,1825,0.5,Interior,true,2.64022,0.88806,0.40385,0.55756
county.wry,West Riding of Yorkshire,1850,1.1,Interior,true,1.86467,0.82207,0.62237,0.68618
county.wry,West Riding of Yorkshire,1850,0.9,Interior,true,2.25810,0.84581,0.52085,0.66203
county.wry,West Riding of Yorkshire,1850,2,Interior,true,0.87834,0.73945,1.04185,0.73340
county.wry,West Riding of Yorkshire,1850,0.5,Interior,true,3.52520,0.90363,0.30515,0.56769
county.wry,West Riding of Yorkshire,1875,1.1,Interior,true,2.48466,0.84912,0.54461,0.67943
county.wry,West Riding of Yorkshire,1875,0.9,Interior,true,2.94976,0.87008,0.45430,0.65227
county.wry,West Riding of Yorkshire,1875,2,Interior,true,1.29883,0.77431,0.92123,0.73488
county.wry,West Riding of Yorkshire,1875,0.5,Interior,true,4.41672,0.92007,0.26395,0.55005
county.wry,West Riding of Yorkshire,1900,1.1,Interior,true,2.70095,0.85635,0.52499,0.67489
county.wry,West Riding of Yorkshire,1900,0.9,Interior,true,3.18807,0.87642,0.43750,0.64660
county.wry,West Riding of Yorkshire,1900,2,Interior,true,1.44994,0.78420,0.89101,0.73359
county.wry,West Riding of Yorkshire,1900,0.5,Interior,true,4.71128,0.92395,0.25355,0.54163
