run	tier	dial	tpy	L	cls	ticks_to_tol	peak_Dhat	D0	dead	baskets_trough	baskets_none	worst_fill	transfer_short	depth_min	breach_ticks	smax_services	smax_goods	F_lo_entrant	F_hi_entrant	sat_entrant	F_lo_trained	F_hi_trained	sat_trained	F_lo_master	F_hi_master	sat_master	dead_labour	dead_land	dead_services	dead_goods	dead_mach	dead_labour.trained	dead_labour.master	trough_labour	trough_land	trough_services	trough_goods	trough_mach	trough_labour.trained	trough_labour.master	live_trained	max_trained	band_trained	end_trained	gapend_trained	live_master	max_master	band_master	end_master	gapend_master	ticks_run	stopped_early	err
JA(0.5)	3	adjust*0.75	52.0	22000	CONVERGED	706	2400.7615202639504	693.1471805599452	117	0.15554942262522314	0	0.09669865474890792	687.407082753599	0.5708219860703838	0	0.0	0.0	0.21583576034453278	0.616362337021774	0	0.19209562610727965	0.4195497226106071	0	0.32462781203312285	0.5637405119840848	0	0	30	115	115	84	0	0	0.5101572517234412	0.241073886440876	0.15554942262522312	0.15554942262522312	0.16759073490928836	0.624310784848659	0.6803721355297692	595	0.37167006927764706	2	1.1325968076890018e-62	-0.07366478777969854	0	0.0	0	0.0	-0.4701791215170071	4001	True	
JA(2)	3	adjust*0.75	52.0	22000	CONVERGED	538	774.3006369501421	693.1471805599452	1	0.5337212315656679	0	0.7848996515175832	13.926736116864596	0.6375234706950996	0	0.0	0.0	0.4230769230769248	0.5775048391462102	0	0.2865059208714569	0.4081258053545089	0	0.4117433893331278	0.5895377858131888	0	0	0	0	0	1	0	0	0.6134635694043042	0.7349864098353378	0.5384434495533849	0.5337212315656678	0.4999999999999999	0.5	0.5	557	0.11659282017881517	2	1.2499719883880379e-64	-0.07366478777969843	0	0.0	0	0.0	-0.4701791215170078	4001	True	
JB(0.5)	3	adjust*0.75	52.0	22000	CONVERGED	644	1725.243360566353	693.1471805599452	96	0.20882480081398042	0	0.1473697333351765	324.16062471024327	-0.4437195183615795	30	0.08499028326483132	0.08499028326483132	0.2075857837685688	0.5414285809205603	0	0.15259240284302963	0.3774421257102645	0	0.18020458325696623	0.5359727036772397	0	0	19	95	96	70	43	56	0.5727684347532436	0.3554881592893161	0.23485217324225754	0.20882480081398044	0.24638893804469875	0.23485217324225754	0.20882480081398047	659	0.6470326887166281	4	3.975072262039709e-63	-0.07366478777970081	171	0.5441585745446038	2	1e-323	-0.47017912151701063	4001	True	
JB(2)	3	adjust*0.75	52.0	22000	CONVERGED	658	1985.3377740570293	693.1471805599452	59	0.3487466781736145	0	0.2884432012255773	364.9482884684059	0.9425748427583168	0	0.0	0.0	0.38563094402418757	0.6356102420624122	0	0.307692307692309	0.44119775936409333	0	0.46153846153846334	0.6307260885571531	0	0	19	59	53	41	0	0	0.8428923696731101	0.40710488891696583	0.3489051101128103	0.34874667817361443	0.35370780013571	0.8154646003696081	0.9885132016429942	561	0.14275775351919467	2	2.2891246191310366e-63	-0.0736647877796983	0	0.0	0	0.0	-0.47017912151700797	4001	True	
N(0.5)	3	adjust*0.75	52.0	22000	CONVERGED	595	1225.9866034569784	0.0	16	0.4683172297046058	0	0.25929285213691355	45.419002076730024	0.942574842758311	0	0.0	0.0	0.3706587209384226	0.5842866819786822	0	0.2725698555359445	0.40907307161924517	0	0.46153846153846145	0.6203142124258814	0	0	0	16	0	0	0	0	0.8761024313089989	0.679045145699383	0.4683172297046058	0.5400701761914214	0.5207195512843251	0.8858520304918197	1.0	527	0.07141026535289707	2	6.231812493579644e-64	-0.07366478777969997	0	0.0	0	0.0	-0.470179121517009	4001	True	
N(2)	3	adjust*0.75	52.0	22000	CONVERGED	521	815.3414734238138	0.0	4	0.44248820359856517	0	0.9725289971237983	28.95688604691633	0.3905194971551989	0	0.0	0.0	0.30727524637497877	0.44146247086373014	0	0.22045135371664704	0.3178514766660294	0	0.3185859231932058	0.47644730431691784	0	0	4	4	4	1	0	0	0.5	0.45576015661428093	0.4424882035985652	0.4424882035985652	0.4999999999999999	0.5	0.5	566	0.05013473080993783	2	4.07967038628485e-64	-0.07366478777969926	0	0.0	0	0.0	-0.47017912151700764	4001	True	
RC(0.5)	3	adjust*0.75	52.0	22000	CONVERGED	606	860.6369940639423	693.1471805599452	20	0.45728281847106833	0	0.4614961933056238	20.687323250362326	0.4305640057488678	0	0.0	0.0	0.259992430625096	0.4963787080217891	0	0.19504286073526247	0.36318853885877533	0	0.4389407522759111	0.6124362820324674	0	0	0	19	0	0	19	0	0.6356173888915425	0.6957331737980595	0.4572828184710684	0.5306601345780387	0.5705310426878232	0.4572828184710684	0.8857917243713668	622	0.26844661936142505	4	1.4454681206890314e-63	-0.07366478777970033	0	0.0	0	0.0	-0.4701791215170099	4001	True	
RC(2)	3	adjust*0.75	52.0	22000	CONVERGED	557	1254.9310656123523	693.1471805599452	41	0.2850955004308327	0	0.2892066439347468	0.0	0.9305850310772422	0	0.0	0.0	0.39277868389559206	0.5087564263982174	0	0.2874075462925793	0.41512694351996904	0	0.35306683310123743	0.5939428928230086	0	0	0	0	41	0	0	30	0.9283859801168539	0.8370692847919953	0.7464681708092552	0.2850955004308327	0.6592696622835239	0.8197589644206386	0.2850955004308327	493	0.09396033428684782	2	1.714502955053047e-64	-0.07366478777969877	96	0.6501557602648589	2	1e-323	-0.4701791215170096	4001	True	
RW(0.5)	3	adjust*0.75	52.0	22000	CONVERGED	568	926.3180828831486	693.1471805599452	10	0.3960091021030299	0	0.3796730974850825	36.39532841388975	0.24942766219836576	0	0.0	0.0	0.2337478172945028	0.4895642571074187	0	0.28734819438807513	0.49676221709121393	0	0.3943850506643943	0.6973849643868872	0	0	0	1	9	3	0	0	0.5524948408779157	0.6367573415621328	0.4644645826487496	0.3960091021030299	0.4253471651940526	0.8740397199961166	0.7594403022994631	534	0.13028570454654845	2	3.2399321020679486e-64	-0.0736647877796977	0	0.0	0	0.0	-0.47017912151700675	4001	True	
RW(2)	3	adjust*0.75	52.0	22000	CONVERGED	599	3654.0197550661564	693.1471805599452	53	0.025886860514015446	0	0.022099219717085613	142.1856503144276	0.7402149850363712	0	0.0	0.0	0.269276460900895	0.7194499363669058	0	0.27182467119384957	0.4035938882314491	0	0.3683236552721994	0.5303532334041092	0	0	1	52	44	24	15	10	0.5527834296728994	0.49954034887046106	0.025886860514015446	0.13478876531687586	0.41959427289891305	0.025886860514015446	0.1347887653168759	618	0.9729455503302876	3	7.699728386772766e-64	-0.07366478777970092	72	0.8429330858457068	1	1e-323	-0.4701791215170108	4001	True	
land.mach=0.2@dated	3	adjust*0.75	52.0	22000	CONVERGED	559	603.9942924065705	594.5948731742905	0	0.569161724623198	0	0.6434002104436152	0.0	0.942574842758311	0	0.0	0.0	0.423076923076923	0.5365970258618143	0	0.302566233375742	0.38268584608818107	0	0.4589489896199259	0.554809168596238	0	0	0	0	0	0	0	0	0.8846153846153845	0.9455526862602854	0.569161724623198	0.569161724623198	0.5691617246231979	0.7576911852247092	0.8728947650691845	456	0.16152229347962213	2	9.796669093533201e-78	-0.08849466746738939	0	0.0	0	0.0	-0.5104320585812607	4001	True	
land.mach=0.2@genesis	3	adjust*0.75	52.0	22000	CONVERGED	559	603.9942924065705	594.5948731742905	0	0.5691617246231984	0	0.6434002104436156	0.0	0.942574842758311	0	0.0	0.0	0.423076923076923	0.5365124990458172	0	0.30265966737482	0.3826858049238127	0	0.459064030604591	0.5547532629332952	0	0	0	0	0	0	0	0	0.8846153846153845	0.9458565794638417	0.5691617246231985	0.5691617246231984	0.5691617246231984	0.7584687266062251	0.8740206431648553	456	0.16098325388835977	2	9.716362329210702e-78	-0.08849466746738939	0	0.0	0	0.0	-0.510432058581261	4001	True	
land.mach=0.8@dated	3	adjust*0.75	52.0	22000	CONVERGED	566	2140.0411902106425	642.3610059345988	94	0.1642437830006201	0	0.2035793312318729	707.0263389579858	0.1280267591790004	0	0.0	0.0	0.20042334648217336	0.439681633512526	0	0.18090021669965106	0.30775401727211155	0	0.27954763407555305	0.46153846153846145	0	0	28	93	93	64	0	0	0.5830497352208679	0.28833585413182633	0.1642437830006201	0.1642437830006201	0.18907406975905117	0.6881700219905297	0.6484460564667506	747	0.3298083988596943	2	4.397023649020788e-46	-0.05282972882417838	0	0.0	0	0.0	-0.4139068365570587	4001	True	
land.mach=0.8@genesis	3	adjust*0.75	52.0	22000	CONVERGED	566	2139.0802106525803	642.3610059345988	94	0.16483858606201324	0	0.2037483758516456	706.1933900074188	0.1280767838042905	0	0.0	0.0	0.20050856178573898	0.4396407151956813	0	0.18095321513833637	0.30775401727211155	0	0.2796799165444386	0.46153846153846145	0	0	27	94	93	63	0	0	0.5832976342857861	0.2888910657923307	0.16483858606201324	0.16483858606201324	0.18929814294572403	0.6883880302259459	0.6486316095112201	748	0.32983641492833116	2	4.442050133141153e-46	-0.05282972882417826	0	0.0	0	0.0	-0.4139068365570597	4001	True	
p[goods]*0.5	3	adjust*0.75	52.0	22000	CONVERGED	561	975.3571280727165	693.1471805599452	22	0.37705767163566556	0	0.3581864881722755	0.0	0.7862018519041638	0	0.0	0.0	0.3940167442726544	0.4590808087089241	0	0.28919309073670246	0.34157589566960816	0	0.30221204559139025	0.5311656796270763	0	0	0	0	21	0	0	18	0.9269315530183735	0.7333181491635766	0.6875229767016491	0.37705767163566556	0.6831830980717571	0.8384388207043161	0.37705767163566556	504	0.064888578448624	2	3.275190416983568e-64	-0.07366478777969854	99	0.4468503708871008	2	1e-323	-0.47017912151700764	4001	True	
p[goods]*2	3	adjust*0.75	52.0	22000	CONVERGED	445	693.1471805599452	693.1471805599452	0	0.7655407385206573	0	0.7664371878621599	0.0	0.8594377332803731	0	0.0	0.0	0.3720173003208804	0.4537997136602604	0	0.2733849777060199	0.33255455269862866	0	0.41604636336605416	0.5695010197900733	0	0	0	0	0	0	0	0	0.8793136189402627	0.8231276973881118	0.7655407385206573	0.7702258859352226	0.8655862909897828	0.8275883472448866	0.9014337872931175	493	0.05881914503520276	2	1.8823155579604463e-65	-0.07366478777969866	0	0.0	0	0.0	-0.47017912151700725	4001	True	
p[labour.master]*0.5	3	adjust*0.75	52.0	22000	CONVERGED	434	693.1471805599452	693.1471805599452	0	0.5234443389595738	0	0.461514487679896	0.0	0.8878114411281957	0	0.0	0.0	0.3963978236698794	0.4400906668106938	0	0.2982475083082894	0.31548519198868713	0	0.2878847912266559	0.5138853283911653	0	0	0	0	0	0	0	0	0.9556951126878367	0.8962293874205761	0.8480723477993981	0.5234443389595739	0.9092745801093179	0.9327006394831923	0.523444338959574	0	0.0	0	0.0	-0.07366478777969962	81	0.2426016021183477	1	1e-323	-0.47017912151700975	4001	True	
p[labour.master]*2	3	adjust*0.75	52.0	22000	CONVERGED	436	693.1471805599452	693.1471805599452	0	0.7874711133785751	0	0.7829395351115446	0.0	0.8925164116284443	0	0.0	0.0	0.41154434502987397	0.4387928964114273	0	0.30483576632356263	0.31405113352719805	0	0.4615384615384631	0.6973849643868872	0	0	0	0	0	0	0	0	0.9680427555613651	0.9195124986856789	0.8597896390346841	0.787471113378575	0.8785549219306141	0.9771614531172617	0.787471113378575	0	0.0	0	0.0	-0.07366478777969843	0	0.0	0	0.0	-0.47017912151700747	4001	True	
p[labour.trained]*0.5	3	adjust*0.75	52.0	22000	CONVERGED	574	1593.4035090968562	693.1471805599452	31	0.20323272884505778	0	0.19162591403263457	28.738339253922337	0.6739176655250012	0	0.0	0.0	0.30123663710525916	0.5012929812176228	0	0.21012813554074483	0.3858322866155155	0	0.3985834732129861	0.5133815009169029	0	0	0	11	19	0	11	0	0.7396624869772265	0.6784272689638633	0.20323272884505778	0.4398745707023607	0.5292276044270707	0.20323272884505778	0.8271272129208925	602	0.7577629948743125	3	4.2735211656016385e-64	-0.0736647877796989	0	0.0	0	0.0	-0.4701791215170071	4001	True	
p[labour.trained]*2	3	adjust*0.75	52.0	22000	CONVERGED	458	693.1471805599452	693.1471805599452	0	0.8373234742758491	0	0.8375993609842476	0.0	0.8826534013155257	0	0.0	0.0	0.3933380761670274	0.4426871162616091	0	0.3076923076923088	0.49676221709121393	0	0.453563261398138	0.47483719158715454	0	0	0	0	0	0	0	0	0.883877082784699	0.9138699879473432	0.8403309888289611	0.837323474275849	0.8654789749148931	0.8403309888289612	0.9764787024693949	0	0.0	0	0.0	-0.07366478777969843	0	0.0	0	0.0	-0.47017912151700764	4001	True	
p[labour]*0.5	3	adjust*0.75	52.0	22000	CONVERGED	561	1160.3692648017523	693.1471805599452	14	0.3133704428404773	0	0.3064821804725113	24.464365203134665	0.24942766219836576	0	0.0	0.0	0.2337478172945028	0.48419517476424623	0	0.2761562450937678	0.3444956752576281	0	0.3844350154664909	0.5050266680495794	0	0	0	6	14	9	0	0	0.5524948408779157	0.6637486584235924	0.35306926782921105	0.3133704428404773	0.330384224978506	0.8761976856273774	0.8329425335107304	534	0.1260359829272884	2	2.6848682952089116e-64	-0.07366478777969843	0	0.0	0	0.0	-0.4701791215170066	4001	True	
p[labour]*2	3	adjust*0.75	52.0	22000	CONVERGED	551	1347.9980703253543	693.1471805599452	8	0.30660011051472846	0	0.28485080198727436	0.15808764934613495	0.8560269909083775	0	0.0	0.0	0.3533098300410557	0.7194499363669058	0	0.30769230769230876	0.38706932830682556	0	0.44963775673256057	0.49739115351247054	0	0	0	7	0	0	7	0	0.7113822822690592	0.758269484353927	0.30660011051472846	0.5986667161232427	0.6599865970490719	0.30660011051472846	0.8090862189042266	559	0.7402402387551272	3	9.001358624122403e-65	-0.07366478777969854	96	0.21060361537683853	1	1e-323	-0.47017912151700747	4001	True	
p[land]*0.5	3	adjust*0.75	52.0	22000	CONVERGED	527	769.748918592215	693.1471805599452	0	0.6434002104436155	0	0.43024569296632253	0.0	0.8964746200985909	0	0.0	0.0	0.4230769230769249	0.5775048391462102	0	0.307692307692309	0.4081258053545089	0	0.4615384615384632	0.5895377858131888	0	0	0	0	0	0	0	0	1.000000000000004	1.0	0.6434002104436156	0.6434002104436155	0.6434002104436155	0.9587423483618583	0.9955545843068017	534	0.16214875249036267	2	4.425547721107479e-65	-0.07366478777969997	0	0.0	0	0.0	-0.4701791215170094	4001	True	
p[land]*2	3	adjust*0.75	52.0	22000	CONVERGED	634	1376.7822781151126	693.1471805599452	90	0.2586930429694123	0	0.35075061747085196	325.8987611115834	0.3055545738993286	0	0.0	0.0	0.22184783411161346	0.5075311041575126	0	0.18779741074918443	0.356018971890532	0	0.29061278349990544	0.5242930816210595	0	0	23	89	89	65	0	0	0.5243676079001772	0.348760788697961	0.25869304296941237	0.25869304296941237	0.2640389825145664	0.6103415849348495	0.6296610309164619	578	0.2869364356663018	2	3.3011388399159115e-63	-0.07366478777970022	0	0.0	0	0.0	-0.470179121517009	4001	True	
p[mach]*0.5	3	adjust*0.75	52.0	22000	CONVERGED	687	2281.153732941643	693.1471805599452	85	0.22147955199811026	0	0.22040571718407836	524.244371787117	0.9425748427583144	0	0.0	0.0	0.29223475083093786	0.6354883417788909	0	0.260757548247612	0.4304878413720874	0	0.40816986370191954	0.5785685964984664	0	0	27	85	77	57	0	0	0.6907366837822168	0.2963192384337573	0.22147955199811026	0.22147955199811026	0.2280567264732118	0.8474620318047391	0.8180107589340305	582	0.2671682297170712	2	5.926094189978959e-63	-0.07366478777969794	0	0.0	0	0.0	-0.47017912151700814	4001	True	
p[mach]*2	3	adjust*0.75	52.0	22000	CONVERGED	551	738.7888281764546	693.1471805599452	0	0.5103869140168301	0	0.4943099550666477	1.480682392762621	0.19181613120912078	0	0.0	0.0	0.29950721876155983	0.46967103729347126	0	0.2163679194575338	0.33699164174675533	0	0.2659547012119373	0.5061140023761496	0	0	0	0	0	0	0	0	0.7481942199520852	0.7678926351464315	0.599783518761771	0.5103869140168301	0.5584849625939042	0.599783518761771	0.5103869140168302	574	0.14744058109497568	4	1.9955751421845196e-64	-0.07366478777969866	0	0.0	0	0.0	-0.47017912151700764	4001	True	
p[services]*0.5	3	adjust*0.75	52.0	22000	CONVERGED	586	693.1471805599452	693.1471805599452	0	0.5014632497362381	0	0.4476140286709998	2.6695217372828868	0.4396114623468713	0	0.0	0.0	0.26689843407759234	0.4692185678785682	0	0.19348525449045217	0.33433591448070255	0	0.43097689683255247	0.5088496887561498	0	0	0	0	0	0	0	0	0.6370585071039158	0.7300430232931765	0.5014632497362381	0.6100750833370253	0.6323184998847916	0.5426414842298309	0.8359226917426718	603	0.13312096566432238	4	8.161985884585181e-64	-0.07366478777970022	0	0.0	0	0.0	-0.4701791215170103	4001	True	
p[services]*2	3	adjust*0.75	52.0	22000	CONVERGED	517	693.1471805599452	693.1471805599452	0	0.5512749916420072	0	0.6344498872140089	0.0	0.942574842758311	0	0.0	0.0	0.3692759445628603	0.5060748730410087	0	0.2715257318245244	0.38731971653911823	0	0.4021864847316127	0.4994580657957409	0	0	0	0	0	0	0	0	0.8728340507849425	0.7803046410117821	0.7556786584854036	0.5512749916420072	0.6860258453708996	0.8824586284297044	0.7874367201708403	0	0.0	0	0.0	-0.07366478777969843	0	0.0	0	0.0	-0.47017912151700764	4001	True	
res.services.trained=0.02@dated	3	adjust*0.75	52.0	22000	CONVERGED	415	496.64022791007574	693.1471805599452	0	0.815369534834632	0	0.7256791582342719	0.0	0.7399539160575456	0	0.0	0.0	0.3637054241830059	0.4313171251750913	0	0.2527986520026845	0.30769230769230765	0	0.4520991841527374	0.4704782343147176	0	0	0	0	0	0	0	0	0.9999999999999998	0.9755915056646092	0.815369534834632	0.857105683961215	0.8986838930041617	0.815369534834632	0.9768489588394157	3999	0.5540804789838868	33	0.39142810838833075	0.0	0	0.0	0	0.0	-0.6530159409248776	4001	True	
res.services.trained=0.02@genesis	3	adjust*0.75	52.0	22000	CONVERGED	415	496.64022791007574	693.1471805599452	0	0.8157183581443658	0	0.726700684919761	0.0	0.7399539160575466	0	0.0	0.0	0.36370542418300594	0.43175501674219247	0	0.25279865200268453	0.30769230769230765	0	0.4522825508546141	0.47031382601743354	0	0	0	0	0	0	0	0	0.9999999999999998	0.9765887760846448	0.8157183581443658	0.8593566323958954	0.9030496193849291	0.8157183581443658	0.9772509726126499	3999	0.5542373705203149	33	0.39142810838833053	0.0	0	0.0	0	0.0	-0.6530159409248759	4001	True	
res.services.trained=0.08@dated	3	adjust*0.75	52.0	22000	CONVERGED	575	1256.3698391827868	1256.369839182787	0	0.49999999999999994	0	0.5009317648106524	1.7181391013042688	0.728408036636258	0	0.0	0.0	0.3091089783488278	0.4285876030420424	0	0.30769230769230765	0.6178234231000016	0	0.4092529521710103	0.46863104427778624	0	0	0	0	0	0	0	0	0.7163997494238307	0.7576252938097533	0.5	0.713565720570728	0.7102235430918357	0.5	0.8166755745446636	0	0.0	0	0.0	-1.1211129466196461	0	0.0	0	0.0	-0.47017912151700975	4001	True	
res.services.trained=0.08@genesis	3	adjust*0.75	52.0	22000	CONVERGED	576	1256.3698391827868	1256.369839182787	0	0.5000000000000001	0	0.5009317648106525	1.7758974336830404	0.7295501982033182	0	0.0	0.0	0.3091846508941849	0.4286343568848221	0	0.30769230769230765	0.6178470616196088	0	0.4093543447273583	0.4686861792416154	0	0	0	0	0	0	0	0	0.7165349670388707	0.7575444521825204	0.5000000000000001	0.7131245876456408	0.7097645306430032	0.5	0.8168665342373025	0	0.0	0	0.0	-1.1211129466196463	0	0.0	0	0.0	-0.4701791215170085	4001	True	
s[goods]=0.5	3	adjust*0.75	52.0	22000	CONVERGED	661	2027.1217229590518	693.1471805599452	80	0.13171408570916668	0	0.12398849552726385	344.552925508678	0.942574842758311	0	0.0	0.4815972088604109	0.38521134285527087	0.5860773034388878	0	0.2763094924000331	0.40308691723990564	0	0.31742819899655084	0.591237070924405	0	0	18	63	79	57	8	44	0.9999999999999998	0.3742298175961202	0.26034849077602923	0.13171408570916668	0.14081254938974178	0.4043368618722355	0.16942936404740988	646	0.6219784335560882	6	2.3574263070884763e-63	-0.07366478777969854	128	0.7703810346045212	4	1e-323	-0.4701791215170078	4001	True	
s[services]=0.5	3	adjust*0.75	52.0	22000	CONVERGED	610	1697.9261818952841	693.1471805599452	60	0.18306276955952844	0	0.16598956659149225	132.8258647224364	0.942574842758311	0	0.4815972088604109	0.0	0.35952631203554025	0.5904740621840343	0	0.26314753158732307	0.41993672237011254	0	0.42026715115871066	0.5280393706150691	0	0	0	54	21	26	20	0	0.9495772061588205	0.5334066343353391	0.18306276955952844	0.39435064231165823	0.26180602693644833	0.18306276955952844	0.7120642984154377	630	0.8125485146930583	4	1.253612956315747e-63	-0.07366478777970022	142	0.26023379897956994	2	1e-323	-0.4701791215170096	4001	True	
sw[master]=0.5	3	adjust*0.75	52.0	22000	CONVERGED	362	609.8644741243955	693.1471805599452	0	0.5434245121669512	0	0.5434245121669511	0.0	0.9100329892968206	0	0.0	0.0	0.4080864693180984	0.4311326900218865	0	0.305597903186647	0.31109723912848275	0	0.41473554923738987	0.48418663082899005	0	0	0	0	0	0	0	0	0.9743598111672281	0.957457852901987	0.9229175553722767	0.5434245121669512	0.9383775224294691	0.981126730825708	0.5434245121669511	0	0.0	0	0.0	-0.07366478777970069	75	0.3952500243371661	0	1e-323	-0.47017912151701063	4001	True	
sw[trained]=0.5	3	adjust*0.75	52.0	22000	CONVERGED	470	683.7227976698905	693.1471805599452	0	0.5047344661132523	0	0.5047344661132522	0.0	0.8310946171594741	0	0.0	0.0	0.3747594058945692	0.44775926327086596	0	0.2997656017560411	0.33674597063363176	0	0.4441476208060172	0.47923587820538405	0	0	0	0	0	0	0	0	0.9108787897660322	0.8899696013234323	0.5047344661132523	0.7785237931839568	0.8216629930527725	0.5047344661132522	0.9524409058767421	461	0.4819188334470013	0	2.3815431780399566e-66	-0.07366478777970045	0	0.0	0	0.0	-0.47017912151700836	4001	True	
tail.services=0.05@dated	3	adjust*0.75	52.0	22000	CONVERGED	384	585.4655565343056	585.4655565343057	0	0.9249325503371826	0	0.8529053763136153	0.0	0.3985784175107578	0	0.0	0.0	0.26923076923077016	0.423076923076923	0	0.30769230769230765	0.351784067689406	0	0.4591520289440479	0.4753335738887519	0	0	0	0	0	0	0	0	1.0000000000000033	0.9929495401892636	0.9824746147614424	0.9249325503371826	0.9957412929786865	1.0	0.9835145851373635	0	0.0	0	0.0	-0.6070015874038395	0	0.0	0	0.0	-1.0035159211411488	4001	True	
tail.services=0.05@genesis	3	adjust*0.75	52.0	22000	CONVERGED	384	585.4655565343056	585.4655565343057	0	0.9249325503371826	0	0.8529053763136153	0.0	0.3985784175107578	0	0.0	0.0	0.26923076923077016	0.423076923076923	0	0.30769230769230765	0.351784067689406	0	0.4591520289440479	0.4753335738887519	0	0	0	0	0	0	0	0	1.0000000000000033	0.9929495401892636	0.9824746147614424	0.9249325503371826	0.9957412929786865	1.0	0.9835145851373635	0	0.0	0	0.0	-0.6070015874038395	0	0.0	0	0.0	-1.0035159211411488	4001	True	
tail.services=0.2@dated	3	adjust*0.75	52.0	22000	CONVERGED	729	822.1021940273204	799.2031953104855	15	0.4492669921600601	0	0.430308761264788	59.47149730724672	0.942574842758311	0	0.0	0.0	0.3825427704491011	0.6726882869571059	0	0.27969929947728495	0.4471514253447755	0	0.4256882457369935	0.5046154449306319	0	0	0	14	0	0	8	0	0.5789473684210525	0.6562546516649267	0.4492669921600601	0.5943952599628346	0.5983299660987116	0.44926699216006016	0.6725496775134617	3999	0.5178377234274545	42	0.28608793431239343	-1.1102230246251565e-16	3938	0.30940434684898477	28	0.04967163795419676	0.0	4001	True	
tail.services=0.2@genesis	3	adjust*0.75	52.0	22000	CONVERGED	734	823.312927108978	799.2031953104855	16	0.448516493531354	0	0.42786215417451595	68.17081899730906	0.942574842758311	0	0.0	0.0	0.3828066762456838	0.6743843068103113	0	0.27950965949013673	0.4480972204657287	0	0.4217190221059415	0.5062667629115257	0	0	0	15	0	0	8	0	0.5789473684210525	0.6453919887991738	0.448516493531354	0.5837232199146465	0.583287740447672	0.44851649353135403	0.679106502773669	3999	0.5200354642003768	44	0.2860879343123934	-1.1102230246251565e-16	3938	0.3033260952210865	28	0.04967163795419831	0.0	4001	True	
x*/2	3	adjust*0.75	52.0	22000	CONVERGED	703	inf	693.1471805599452	113	0.0	1	0.0	1129.7695654429829	0.942574842758311	0	0.4815972088604109	0.4815972088604109	0.3018239814750291	0.7244340586117474	0	0.21443647242393937	0.48217801444678626	0	0.27502120678986053	0.6060960167418683	0	0	40	112	112	76	48	47	0.7990875379832363	0.19163142643460604	0.0	0.0	0.0	0.07806713800538105	0.12609830950016157	706	0.9250067852829282	8	2.0817683500210235e-62	-0.07366478777969937	216	0.8343600612223863	2	1e-323	-0.4701791215170078	4001	True	
JA(0.5)	3	adjust*0.9	52.0	22000	CONVERGED	706	2400.7615202639504	693.1471805599452	117	0.15554942262522314	0	0.09669865474890792	687.407082753599	0.5708219860703838	0	0.0	0.0	0.21583576034453278	0.616362337021774	0	0.19209562610727965	0.4195497226106071	0	0.32462781203312285	0.5637405119840848	0	0	30	115	115	84	0	0	0.5101572517234412	0.241073886440876	0.15554942262522312	0.15554942262522312	0.16759073490928836	0.624310784848659	0.6803721355297692	595	0.37167006927764706	2	1.1325968076890018e-62	-0.07366478777969854	0	0.0	0	0.0	-0.4701791215170071	4001	True	
JA(2)	3	adjust*0.9	52.0	22000	CONVERGED	538	774.3006369501421	693.1471805599452	1	0.5337212315656679	0	0.7848996515175832	13.926736116864596	0.6375234706950996	0	0.0	0.0	0.4230769230769248	0.5775048391462102	0	0.2865059208714569	0.4081258053545089	0	0.4117433893331278	0.5895377858131888	0	0	0	0	0	1	0	0	0.6134635694043042	0.7349864098353378	0.5384434495533849	0.5337212315656678	0.4999999999999999	0.5	0.5	557	0.11659282017881517	2	1.2499719883880379e-64	-0.07366478777969843	0	0.0	0	0.0	-0.4701791215170078	4001	True	
JB(0.5)	3	adjust*0.9	52.0	22000	CONVERGED	641	1684.0081357609308	693.1471805599452	94	0.20891933438406368	0	0.1463610447627148	302.3333257271804	-0.4437195183615795	30	0.09515581686901987	0.09515581686901987	0.20838223678270298	0.5357029471074362	0	0.15205953557754445	0.373288153422252	0	0.17979760529151675	0.534126581156086	0	0	18	94	94	69	43	55	0.5736172001915799	0.36438068486150316	0.22824590359094837	0.2089193343840637	0.24417847921526067	0.22824590359094837	0.20891933438406374	656	0.6624694746801324	4	3.544551182020167e-63	-0.07366478777970117	167	0.5558543273131362	2	1e-323	-0.47017912151701063	4001	True	
JB(2)	3	adjust*0.9	52.0	22000	CONVERGED	658	1985.3377740570293	693.1471805599452	59	0.3487466781736145	0	0.2884432012255773	364.9482884684059	0.9425748427583168	0	0.0	0.0	0.38563094402418757	0.6356102420624122	0	0.307692307692309	0.44119775936409333	0	0.46153846153846334	0.6307260885571531	0	0	19	59	53	41	0	0	0.8428923696731101	0.40710488891696583	0.3489051101128103	0.34874667817361443	0.35370780013571	0.8154646003696081	0.9885132016429942	561	0.14275775351919467	2	2.2891246191310366e-63	-0.0736647877796983	0	0.0	0	0.0	-0.47017912151700797	4001	True	
N(0.5)	3	adjust*0.9	52.0	22000	CONVERGED	595	1225.9866034569784	0.0	16	0.4683172297046058	0	0.25929285213691355	45.419002076730024	0.942574842758311	0	0.0	0.0	0.3706587209384226	0.5842866819786822	0	0.2725698555359445	0.40907307161924517	0	0.46153846153846145	0.6203142124258814	0	0	0	16	0	0	0	0	0.8761024313089989	0.679045145699383	0.4683172297046058	0.5400701761914214	0.5207195512843251	0.8858520304918197	1.0	527	0.07141026535289707	2	6.231812493579644e-64	-0.07366478777969997	0	0.0	0	0.0	-0.470179121517009	4001	True	
N(2)	3	adjust*0.9	52.0	22000	CONVERGED	521	815.3414734238138	0.0	4	0.44248820359856517	0	0.9725289971237983	28.95688604691633	0.3905194971551989	0	0.0	0.0	0.30727524637497877	0.44146247086373014	0	0.22045135371664704	0.3178514766660294	0	0.3185859231932058	0.47644730431691784	0	0	4	4	4	1	0	0	0.5	0.45576015661428093	0.4424882035985652	0.4424882035985652	0.4999999999999999	0.5	0.5	566	0.05013473080993783	2	4.07967038628485e-64	-0.07366478777969926	0	0.0	0	0.0	-0.47017912151700764	4001	True	
RC(0.5)	3	adjust*0.9	52.0	22000	CONVERGED	606	860.6369940639423	693.1471805599452	20	0.45728281847106833	0	0.4614961933056238	20.687323250362326	0.4305640057488678	0	0.0	0.0	0.259992430625096	0.4963787080217891	0	0.19504286073526247	0.36318853885877533	0	0.4389407522759111	0.6124362820324674	0	0	0	19	0	0	19	0	0.6356173888915425	0.6957331737980595	0.4572828184710684	0.5306601345780387	0.5705310426878232	0.4572828184710684	0.8857917243713668	622	0.26844661936142505	4	1.4454681206890314e-63	-0.07366478777970033	0	0.0	0	0.0	-0.4701791215170099	4001	True	
RC(2)	3	adjust*0.9	52.0	22000	CONVERGED	557	1254.9310656123523	693.1471805599452	41	0.2850955004308327	0	0.2892066439347468	0.0	0.9305850310772422	0	0.0	0.0	0.39277868389559206	0.5087564263982174	0	0.2874075462925793	0.41512694351996904	0	0.35306683310123743	0.5939428928230086	0	0	0	0	41	0	0	30	0.9283859801168539	0.8370692847919953	0.7464681708092552	0.2850955004308327	0.6592696622835239	0.8197589644206386	0.2850955004308327	493	0.09396033428684782	2	1.714502955053047e-64	-0.07366478777969877	96	0.6501557602648589	2	1e-323	-0.4701791215170096	4001	True	
RW(0.5)	3	adjust*0.9	52.0	22000	CONVERGED	568	926.3180828831486	693.1471805599452	10	0.3960091021030299	0	0.3796730974850825	36.39532841388975	0.24942766219836576	0	0.0	0.0	0.2337478172945028	0.4895642571074187	0	0.28734819438807513	0.49676221709121393	0	0.3943850506643943	0.6973849643868872	0	0	0	1	9	3	0	0	0.5524948408779157	0.6367573415621328	0.4644645826487496	0.3960091021030299	0.4253471651940526	0.8740397199961166	0.7594403022994631	534	0.13028570454654845	2	3.2399321020679486e-64	-0.0736647877796977	0	0.0	0	0.0	-0.47017912151700675	4001	True	
RW(2)	3	adjust*0.9	52.0	22000	CONVERGED	599	3654.0197550661564	693.1471805599452	53	0.025886860514015446	0	0.022099219717085613	142.1856503144276	0.7402149850363712	0	0.0	0.0	0.269276460900895	0.7194499363669058	0	0.27182467119384957	0.4035938882314491	0	0.3683236552721994	0.5303532334041092	0	0	1	52	44	24	15	10	0.5527834296728994	0.49954034887046106	0.025886860514015446	0.13478876531687586	0.41959427289891305	0.025886860514015446	0.1347887653168759	618	0.9729455503302876	3	7.699728386772766e-64	-0.07366478777970092	72	0.8429330858457068	1	1e-323	-0.4701791215170108	4001	True	
land.mach=0.2@dated	3	adjust*0.9	52.0	22000	CONVERGED	559	603.9942924065705	594.5948731742905	0	0.569161724623198	0	0.6434002104436152	0.0	0.942574842758311	0	0.0	0.0	0.423076923076923	0.5365970258618143	0	0.302566233375742	0.38268584608818107	0	0.4589489896199259	0.554809168596238	0	0	0	0	0	0	0	0	0.8846153846153845	0.9455526862602854	0.569161724623198	0.569161724623198	0.5691617246231979	0.7576911852247092	0.8728947650691845	456	0.16152229347962213	2	9.796669093533201e-78	-0.08849466746738939	0	0.0	0	0.0	-0.5104320585812607	4001	True	
land.mach=0.2@genesis	3	adjust*0.9	52.0	22000	CONVERGED	559	603.9942924065705	594.5948731742905	0	0.5691617246231984	0	0.6434002104436156	0.0	0.942574842758311	0	0.0	0.0	0.423076923076923	0.5365124990458172	0	0.30265966737482	0.3826858049238127	0	0.459064030604591	0.5547532629332952	0	0	0	0	0	0	0	0	0.8846153846153845	0.9458565794638417	0.5691617246231985	0.5691617246231984	0.5691617246231984	0.7584687266062251	0.8740206431648553	456	0.16098325388835977	2	9.716362329210702e-78	-0.08849466746738939	0	0.0	0	0.0	-0.510432058581261	4001	True	
land.mach=0.8@dated	3	adjust*0.9	52.0	22000	CONVERGED	566	2140.0411902106425	642.3610059345988	94	0.1642437830006201	0	0.2035793312318729	707.0263389579858	0.1280267591790004	0	0.0	0.0	0.20042334648217336	0.439681633512526	0	0.18090021669965106	0.30775401727211155	0	0.27954763407555305	0.46153846153846145	0	0	28	93	93	64	0	0	0.5830497352208679	0.28833585413182633	0.1642437830006201	0.1642437830006201	0.18907406975905117	0.6881700219905297	0.6484460564667506	747	0.3298083988596943	2	4.397023649020788e-46	-0.05282972882417838	0	0.0	0	0.0	-0.4139068365570587	4001	True	
land.mach=0.8@genesis	3	adjust*0.9	52.0	22000	CONVERGED	566	2139.0802106525803	642.3610059345988	94	0.16483858606201324	0	0.2037483758516456	706.1933900074188	0.1280767838042905	0	0.0	0.0	0.20050856178573898	0.4396407151956813	0	0.18095321513833637	0.30775401727211155	0	0.2796799165444386	0.46153846153846145	0	0	27	94	93	63	0	0	0.5832976342857861	0.2888910657923307	0.16483858606201324	0.16483858606201324	0.18929814294572403	0.6883880302259459	0.6486316095112201	748	0.32983641492833116	2	4.442050133141153e-46	-0.05282972882417826	0	0.0	0	0.0	-0.4139068365570597	4001	True	
p[goods]*0.5	3	adjust*0.9	52.0	22000	CONVERGED	561	975.3571280727165	693.1471805599452	22	0.37705767163566556	0	0.3581864881722755	0.0	0.7862018519041638	0	0.0	0.0	0.3940167442726544	0.4590808087089241	0	0.28919309073670246	0.34157589566960816	0	0.30221204559139025	0.5311656796270763	0	0	0	0	21	0	0	18	0.9269315530183735	0.7333181491635766	0.6875229767016491	0.37705767163566556	0.6831830980717571	0.8384388207043161	0.37705767163566556	504	0.064888578448624	2	3.275190416983568e-64	-0.07366478777969854	99	0.4468503708871008	2	1e-323	-0.47017912151700764	4001	True	
p[goods]*2	3	adjust*0.9	52.0	22000	CONVERGED	445	693.1471805599452	693.1471805599452	0	0.7655407385206573	0	0.7664371878621599	0.0	0.8594377332803731	0	0.0	0.0	0.3720173003208804	0.4537997136602604	0	0.2733849777060199	0.33255455269862866	0	0.41604636336605416	0.5695010197900733	0	0	0	0	0	0	0	0	0.8793136189402627	0.8231276973881118	0.7655407385206573	0.7702258859352226	0.8655862909897828	0.8275883472448866	0.9014337872931175	493	0.05881914503520276	2	1.8823155579604463e-65	-0.07366478777969866	0	0.0	0	0.0	-0.47017912151700725	4001	True	
p[labour.master]*0.5	3	adjust*0.9	52.0	22000	CONVERGED	434	693.1471805599452	693.1471805599452	0	0.5234443389595738	0	0.461514487679896	0.0	0.8878114411281957	0	0.0	0.0	0.3963978236698794	0.4400906668106938	0	0.2982475083082894	0.31548519198868713	0	0.2878847912266559	0.5138853283911653	0	0	0	0	0	0	0	0	0.9556951126878367	0.8962293874205761	0.8480723477993981	0.5234443389595739	0.9092745801093179	0.9327006394831923	0.523444338959574	0	0.0	0	0.0	-0.07366478777969962	81	0.2426016021183477	1	1e-323	-0.47017912151700975	4001	True	
p[labour.master]*2	3	adjust*0.9	52.0	22000	CONVERGED	436	693.1471805599452	693.1471805599452	0	0.7874711133785751	0	0.7829395351115446	0.0	0.8925164116284443	0	0.0	0.0	0.41154434502987397	0.4387928964114273	0	0.30483576632356263	0.31405113352719805	0	0.4615384615384631	0.6973849643868872	0	0	0	0	0	0	0	0	0.9680427555613651	0.9195124986856789	0.8597896390346841	0.787471113378575	0.8785549219306141	0.9771614531172617	0.787471113378575	0	0.0	0	0.0	-0.07366478777969843	0	0.0	0	0.0	-0.47017912151700747	4001	True	
p[labour.trained]*0.5	3	adjust*0.9	52.0	22000	CONVERGED	574	1593.4035090968562	693.1471805599452	31	0.20323272884505778	0	0.19162591403263457	28.738339253922337	0.6739176655250012	0	0.0	0.0	0.30123663710525916	0.5012929812176228	0	0.21012813554074483	0.3858322866155155	0	0.3985834732129861	0.5133815009169029	0	0	0	11	19	0	11	0	0.7396624869772265	0.6784272689638633	0.20323272884505778	0.4398745707023607	0.5292276044270707	0.20323272884505778	0.8271272129208925	602	0.7577629948743125	3	4.2735211656016385e-64	-0.0736647877796989	0	0.0	0	0.0	-0.4701791215170071	4001	True	
p[labour.trained]*2	3	adjust*0.9	52.0	22000	CONVERGED	458	693.1471805599452	693.1471805599452	0	0.8373234742758491	0	0.8375993609842476	0.0	0.8826534013155257	0	0.0	0.0	0.3933380761670274	0.4426871162616091	0	0.3076923076923088	0.49676221709121393	0	0.453563261398138	0.47483719158715454	0	0	0	0	0	0	0	0	0.883877082784699	0.9138699879473432	0.8403309888289611	0.837323474275849	0.8654789749148931	0.8403309888289612	0.9764787024693949	0	0.0	0	0.0	-0.07366478777969843	0	0.0	0	0.0	-0.47017912151700764	4001	True	
p[labour]*0.5	3	adjust*0.9	52.0	22000	CONVERGED	561	1160.3692648017523	693.1471805599452	14	0.3133704428404773	0	0.3064821804725113	24.464365203134665	0.24942766219836576	0	0.0	0.0	0.2337478172945028	0.48419517476424623	0	0.2761562450937678	0.3444956752576281	0	0.3844350154664909	0.5050266680495794	0	0	0	6	14	9	0	0	0.5524948408779157	0.6637486584235924	0.35306926782921105	0.3133704428404773	0.330384224978506	0.8761976856273774	0.8329425335107304	534	0.1260359829272884	2	2.6848682952089116e-64	-0.07366478777969843	0	0.0	0	0.0	-0.4701791215170066	4001	True	
p[labour]*2	3	adjust*0.9	52.0	22000	CONVERGED	551	1347.9980703253543	693.1471805599452	8	0.30660011051472846	0	0.28485080198727436	0.15808764934613495	0.8560269909083775	0	0.0	0.0	0.3533098300410557	0.7194499363669058	0	0.30769230769230876	0.38706932830682556	0	0.44963775673256057	0.49739115351247054	0	0	0	7	0	0	7	0	0.7113822822690592	0.758269484353927	0.30660011051472846	0.5986667161232427	0.6599865970490719	0.30660011051472846	0.8090862189042266	559	0.7402402387551272	3	9.001358624122403e-65	-0.07366478777969854	96	0.21060361537683853	1	1e-323	-0.47017912151700747	4001	True	
p[land]*0.5	3	adjust*0.9	52.0	22000	CONVERGED	527	769.748918592215	693.1471805599452	0	0.6434002104436155	0	0.43024569296632253	0.0	0.8964746200985909	0	0.0	0.0	0.4230769230769249	0.5775048391462102	0	0.307692307692309	0.4081258053545089	0	0.4615384615384632	0.5895377858131888	0	0	0	0	0	0	0	0	1.000000000000004	1.0	0.6434002104436156	0.6434002104436155	0.6434002104436155	0.9587423483618583	0.9955545843068017	534	0.16214875249036267	2	4.425547721107479e-65	-0.07366478777969997	0	0.0	0	0.0	-0.4701791215170094	4001	True	
p[land]*2	3	adjust*0.9	52.0	22000	CONVERGED	634	1376.7822781151126	693.1471805599452	90	0.2586930429694123	0	0.35075061747085196	325.8987611115834	0.3055545738993286	0	0.0	0.0	0.22184783411161346	0.5075311041575126	0	0.18779741074918443	0.356018971890532	0	0.29061278349990544	0.5242930816210595	0	0	23	89	89	65	0	0	0.5243676079001772	0.348760788697961	0.25869304296941237	0.25869304296941237	0.2640389825145664	0.6103415849348495	0.6296610309164619	578	0.2869364356663018	2	3.3011388399159115e-63	-0.07366478777970022	0	0.0	0	0.0	-0.470179121517009	4001	True	
p[mach]*0.5	3	adjust*0.9	52.0	22000	CONVERGED	687	2281.153732941643	693.1471805599452	85	0.22147955199811026	0	0.22040571718407836	524.244371787117	0.9425748427583144	0	0.0	0.0	0.29223475083093786	0.6354883417788909	0	0.260757548247612	0.4304878413720874	0	0.40816986370191954	0.5785685964984664	0	0	27	85	77	57	0	0	0.6907366837822168	0.2963192384337573	0.22147955199811026	0.22147955199811026	0.2280567264732118	0.8474620318047391	0.8180107589340305	582	0.2671682297170712	2	5.926094189978959e-63	-0.07366478777969794	0	0.0	0	0.0	-0.47017912151700814	4001	True	
p[mach]*2	3	adjust*0.9	52.0	22000	CONVERGED	551	738.7888281764546	693.1471805599452	0	0.5103869140168301	0	0.4943099550666477	1.480682392762621	0.19181613120912078	0	0.0	0.0	0.29950721876155983	0.46967103729347126	0	0.2163679194575338	0.33699164174675533	0	0.2659547012119373	0.5061140023761496	0	0	0	0	0	0	0	0	0.7481942199520852	0.7678926351464315	0.599783518761771	0.5103869140168301	0.5584849625939042	0.599783518761771	0.5103869140168302	574	0.14744058109497568	4	1.9955751421845196e-64	-0.07366478777969866	0	0.0	0	0.0	-0.47017912151700764	4001	True	
p[services]*0.5	3	adjust*0.9	52.0	22000	CONVERGED	586	693.1471805599452	693.1471805599452	0	0.5014632497362381	0	0.4476140286709998	2.6695217372828868	0.4396114623468713	0	0.0	0.0	0.26689843407759234	0.4692185678785682	0	0.19348525449045217	0.33433591448070255	0	0.43097689683255247	0.5088496887561498	0	0	0	0	0	0	0	0	0.6370585071039158	0.7300430232931765	0.5014632497362381	0.6100750833370253	0.6323184998847916	0.5426414842298309	0.8359226917426718	603	0.13312096566432238	4	8.161985884585181e-64	-0.07366478777970022	0	0.0	0	0.0	-0.4701791215170103	4001	True	
p[services]*2	3	adjust*0.9	52.0	22000	CONVERGED	517	693.1471805599452	693.1471805599452	0	0.5512749916420072	0	0.6344498872140089	0.0	0.942574842758311	0	0.0	0.0	0.3692759445628603	0.5060748730410087	0	0.2715257318245244	0.38731971653911823	0	0.4021864847316127	0.4994580657957409	0	0	0	0	0	0	0	0	0.8728340507849425	0.7803046410117821	0.7556786584854036	0.5512749916420072	0.6860258453708996	0.8824586284297044	0.7874367201708403	0	0.0	0	0.0	-0.07366478777969843	0	0.0	0	0.0	-0.47017912151700764	4001	True	
res.services.trained=0.02@dated	3	adjust*0.9	52.0	22000	CONVERGED	415	496.64022791007574	693.1471805599452	0	0.815369534834632	0	0.7256791582342719	0.0	0.7399539160575456	0	0.0	0.0	0.3637054241830059	0.4313171251750913	0	0.2527986520026845	0.30769230769230765	0	0.4520991841527374	0.4704782343147176	0	0	0	0	0	0	0	0	0.9999999999999998	0.9755915056646092	0.815369534834632	0.857105683961215	0.8986838930041617	0.815369534834632	0.9768489588394157	3999	0.5540804789838868	33	0.39142810838833075	0.0	0	0.0	0	0.0	-0.6530159409248776	4001	True	
res.services.trained=0.02@genesis	3	adjust*0.9	52.0	22000	CONVERGED	415	496.64022791007574	693.1471805599452	0	0.8157183581443658	0	0.726700684919761	0.0	0.7399539160575466	0	0.0	0.0	0.36370542418300594	0.43175501674219247	0	0.25279865200268453	0.30769230769230765	0	0.4522825508546141	0.47031382601743354	0	0	0	0	0	0	0	0	0.9999999999999998	0.9765887760846448	0.8157183581443658	0.8593566323958954	0.9030496193849291	0.8157183581443658	0.9772509726126499	3999	0.5542373705203149	33	0.39142810838833053	0.0	0	0.0	0	0.0	-0.6530159409248759	4001	True	
res.services.trained=0.08@dated	3	adjust*0.9	52.0	22000	CONVERGED	575	1256.3698391827868	1256.369839182787	0	0.49999999999999994	0	0.5009317648106524	1.7181391013042688	0.728408036636258	0	0.0	0.0	0.3091089783488278	0.4285876030420424	0	0.30769230769230765	0.6178234231000016	0	0.4092529521710103	0.46863104427778624	0	0	0	0	0	0	0	0	0.7163997494238307	0.7576252938097533	0.5	0.713565720570728	0.7102235430918357	0.5	0.8166755745446636	0	0.0	0	0.0	-1.1211129466196461	0	0.0	0	0.0	-0.47017912151700975	4001	True	
res.services.trained=0.08@genesis	3	adjust*0.9	52.0	22000	CONVERGED	576	1256.3698391827868	1256.369839182787	0	0.5000000000000001	0	0.5009317648106525	1.7758974336830404	0.7295501982033182	0	0.0	0.0	0.3091846508941849	0.4286343568848221	0	0.30769230769230765	0.6178470616196088	0	0.4093543447273583	0.4686861792416154	0	0	0	0	0	0	0	0	0.7165349670388707	0.7575444521825204	0.5000000000000001	0.7131245876456408	0.7097645306430032	0.5	0.8168665342373025	0	0.0	0	0.0	-1.1211129466196463	0	0.0	0	0.0	-0.4701791215170085	4001	True	
s[goods]=0.5	3	adjust*0.9	52.0	22000	CONVERGED	623	2008.1853020563183	693.1471805599452	75	0.13423204439568726	0	0.12636365573544825	279.70092316914446	0.942574842758311	0	0.0	0.4779987409165499	0.3847744528139472	0.5696696244986598	0	0.2791714660813821	0.39426859574308176	0	0.33057982451399365	0.5748494520568548	0	0	16	57	74	53	7	27	0.9999999999999998	0.40468264990534164	0.26196438144540046	0.13423204439568726	0.142885581696988	0.41141194370633216	0.19322088856261466	636	0.6158988732664937	6	1.609905501561585e-63	-0.0736647877796983	122	0.7413528563860227	2	1e-323	-0.47017912151700725	4001	True	
s[services]=0.5	3	adjust*0.9	52.0	22000	CONVERGED	602	1632.5885308870884	693.1471805599452	56	0.19542306021885994	0	0.17780815835880798	109.2354501735802	0.942574842758311	0	0.4779987409165499	0.0	0.3586951556443609	0.5767239557806887	0	0.2700803323969192	0.4132293629542197	0	0.42240617502958633	0.5242235649378706	0	0	0	44	18	23	18	0	0.93779407342181	0.5550348043291622	0.19542306021885997	0.3961222649947755	0.26438880132086323	0.19542306021885997	0.740103597733654	621	0.7992525350732709	2	9.060713925966056e-64	-0.07366478777969937	133	0.18834923724692657	2	1e-323	-0.47017912151700797	4001	True	
sw[master]=0.5	3	adjust*0.9	52.0	22000	CONVERGED	362	609.8644741243955	693.1471805599452	0	0.5434245121669512	0	0.5434245121669511	0.0	0.9100329892968206	0	0.0	0.0	0.4080864693180984	0.4311326900218865	0	0.305597903186647	0.31109723912848275	0	0.41473554923738987	0.48418663082899005	0	0	0	0	0	0	0	0	0.9743598111672281	0.957457852901987	0.9229175553722767	0.5434245121669512	0.9383775224294691	0.981126730825708	0.5434245121669511	0	0.0	0	0.0	-0.07366478777970069	75	0.3952500243371661	0	1e-323	-0.47017912151701063	4001	True	
sw[trained]=0.5	3	adjust*0.9	52.0	22000	CONVERGED	470	683.7227976698905	693.1471805599452	0	0.5047344661132523	0	0.5047344661132522	0.0	0.8310946171594741	0	0.0	0.0	0.3747594058945692	0.44775926327086596	0	0.2997656017560411	0.33674597063363176	0	0.4441476208060172	0.47923587820538405	0	0	0	0	0	0	0	0	0.9108787897660322	0.8899696013234323	0.5047344661132523	0.7785237931839568	0.8216629930527725	0.5047344661132522	0.9524409058767421	461	0.4819188334470013	0	2.3815431780399566e-66	-0.07366478777970045	0	0.0	0	0.0	-0.47017912151700836	4001	True	
tail.services=0.05@dated	3	adjust*0.9	52.0	22000	CONVERGED	384	585.4655565343056	585.4655565343057	0	0.9249325503371826	0	0.8529053763136153	0.0	0.3985784175107578	0	0.0	0.0	0.26923076923077016	0.423076923076923	0	0.30769230769230765	0.351784067689406	0	0.4591520289440479	0.4753335738887519	0	0	0	0	0	0	0	0	1.0000000000000033	0.9929495401892636	0.9824746147614424	0.9249325503371826	0.9957412929786865	1.0	0.9835145851373635	0	0.0	0	0.0	-0.6070015874038395	0	0.0	0	0.0	-1.0035159211411488	4001	True	
tail.services=0.05@genesis	3	adjust*0.9	52.0	22000	CONVERGED	384	585.4655565343056	585.4655565343057	0	0.9249325503371826	0	0.8529053763136153	0.0	0.3985784175107578	0	0.0	0.0	0.26923076923077016	0.423076923076923	0	0.30769230769230765	0.351784067689406	0	0.4591520289440479	0.4753335738887519	0	0	0	0	0	0	0	0	1.0000000000000033	0.9929495401892636	0.9824746147614424	0.9249325503371826	0.9957412929786865	1.0	0.9835145851373635	0	0.0	0	0.0	-0.6070015874038395	0	0.0	0	0.0	-1.0035159211411488	4001	True	
tail.services=0.2@dated	3	adjust*0.9	52.0	22000	CONVERGED	729	822.1021940273204	799.2031953104855	15	0.4492669921600601	0	0.430308761264788	59.47149730724672	0.942574842758311	0	0.0	0.0	0.3825427704491011	0.6726882869571059	0	0.27969929947728495	0.4471514253447755	0	0.4256882457369935	0.5046154449306319	0	0	0	14	0	0	8	0	0.5789473684210525	0.6562546516649267	0.4492669921600601	0.5943952599628346	0.5983299660987116	0.44926699216006016	0.6725496775134617	3999	0.5178377234274545	42	0.28608793431239343	-1.1102230246251565e-16	3938	0.30940434684898477	28	0.04967163795419676	0.0	4001	True	
tail.services=0.2@genesis	3	adjust*0.9	52.0	22000	CONVERGED	734	823.312927108978	799.2031953104855	16	0.448516493531354	0	0.42786215417451595	68.17081899730906	0.942574842758311	0	0.0	0.0	0.3828066762456838	0.6743843068103113	0	0.27950965949013673	0.4480972204657287	0	0.4217190221059415	0.5062667629115257	0	0	0	15	0	0	8	0	0.5789473684210525	0.6453919887991738	0.448516493531354	0.5837232199146465	0.583287740447672	0.44851649353135403	0.679106502773669	3999	0.5200354642003768	44	0.2860879343123934	-1.1102230246251565e-16	3938	0.3033260952210865	28	0.04967163795419831	0.0	4001	True	
x*/2	3	adjust*0.9	52.0	22000	CONVERGED	688	inf	693.1471805599452	104	0.0	1	0.0	865.1352806781498	0.942574842758311	0	0.4779987409165499	0.4779987409165499	0.3100301470879412	0.6907114286272737	0	0.2345852102676907	0.4609117650151792	0	0.2915706949383348	0.589960370628452	0	0	35	103	103	71	40	26	0.8069176228364855	0.2242756050647053	0.0	0.0	0.0	0.08729152277033943	0.1424245314875961	687	0.9179126975107584	6	1.0155291302994306e-62	-0.07366478777969818	187	0.8120807037038572	2	1e-323	-0.4701791215170071	4001	True	
JA(0.5)	3	adjust*1.1	52.0	22000	CONVERGED	706	2400.7615202639504	693.1471805599452	117	0.15554942262522314	0	0.09669865474890792	687.407082753599	0.5708219860703838	0	0.0	0.0	0.21583576034453278	0.616362337021774	0	0.19209562610727965	0.4195497226106071	0	0.32462781203312285	0.5637405119840848	0	0	30	115	115	84	0	0	0.5101572517234412	0.241073886440876	0.15554942262522312	0.15554942262522312	0.16759073490928836	0.624310784848659	0.6803721355297692	595	0.37167006927764706	2	1.1325968076890018e-62	-0.07366478777969854	0	0.0	0	0.0	-0.4701791215170071	4001	True	
JA(2)	3	adjust*1.1	52.0	22000	CONVERGED	538	774.3006369501421	693.1471805599452	1	0.5337212315656679	0	0.7848996515175832	13.926736116864596	0.6375234706950996	0	0.0	0.0	0.4230769230769248	0.5775048391462102	0	0.2865059208714569	0.4081258053545089	0	0.4117433893331278	0.5895377858131888	0	0	0	0	0	1	0	0	0.6134635694043042	0.7349864098353378	0.5384434495533849	0.5337212315656678	0.4999999999999999	0.5	0.5	557	0.11659282017881517	2	1.2499719883880379e-64	-0.07366478777969843	0	0.0	0	0.0	-0.4701791215170078	4001	True	
JB(0.5)	3	adjust*1.1	52.0	22000	CONVERGED	637	1635.028443368163	693.1471805599452	92	0.20861990642947267	0	0.14616322240844276	278.5940800681039	-0.4437195183615795	27	0.10735519736422333	0.10735519736422333	0.20953969216290808	0.5303356929777217	0	0.15160541670567856	0.36936484768524297	0	0.17946523759240904	0.5320863573252275	0	0	17	92	92	68	43	54	0.5766870713467356	0.37510446378873946	0.22398441328593016	0.20861990642947267	0.24178221757125068	0.2239844132859302	0.20861990642947267	653	0.6790010304164348	4	3.1912004934153204e-63	-0.07366478777970092	163	0.5651651052161613	2	1e-323	-0.4701791215170108	4001	True	
JB(2)	3	adjust*1.1	52.0	22000	CONVERGED	658	1985.3377740570293	693.1471805599452	59	0.3487466781736145	0	0.2884432012255773	364.9482884684059	0.9425748427583168	0	0.0	0.0	0.38563094402418757	0.6356102420624122	0	0.307692307692309	0.44119775936409333	0	0.46153846153846334	0.6307260885571531	0	0	19	59	53	41	0	0	0.8428923696731101	0.40710488891696583	0.3489051101128103	0.34874667817361443	0.35370780013571	0.8154646003696081	0.9885132016429942	561	0.14275775351919467	2	2.2891246191310366e-63	-0.0736647877796983	0	0.0	0	0.0	-0.47017912151700797	4001	True	
N(0.5)	3	adjust*1.1	52.0	22000	CONVERGED	595	1225.9866034569784	0.0	16	0.4683172297046058	0	0.25929285213691355	45.419002076730024	0.942574842758311	0	0.0	0.0	0.3706587209384226	0.5842866819786822	0	0.2725698555359445	0.40907307161924517	0	0.46153846153846145	0.6203142124258814	0	0	0	16	0	0	0	0	0.8761024313089989	0.679045145699383	0.4683172297046058	0.5400701761914214	0.5207195512843251	0.8858520304918197	1.0	527	0.07141026535289707	2	6.231812493579644e-64	-0.07366478777969997	0	0.0	0	0.0	-0.470179121517009	4001	True	
N(2)	3	adjust*1.1	52.0	22000	CONVERGED	521	815.3414734238138	0.0	4	0.44248820359856517	0	0.9725289971237983	28.95688604691633	0.3905194971551989	0	0.0	0.0	0.30727524637497877	0.44146247086373014	0	0.22045135371664704	0.3178514766660294	0	0.3185859231932058	0.47644730431691784	0	0	4	4	4	1	0	0	0.5	0.45576015661428093	0.4424882035985652	0.4424882035985652	0.4999999999999999	0.5	0.5	566	0.05013473080993783	2	4.07967038628485e-64	-0.07366478777969926	0	0.0	0	0.0	-0.47017912151700764	4001	True	
RC(0.5)	3	adjust*1.1	52.0	22000	CONVERGED	606	860.6369940639423	693.1471805599452	20	0.45728281847106833	0	0.4614961933056238	20.687323250362326	0.4305640057488678	0	0.0	0.0	0.259992430625096	0.4963787080217891	0	0.19504286073526247	0.36318853885877533	0	0.4389407522759111	0.6124362820324674	0	0	0	19	0	0	19	0	0.6356173888915425	0.6957331737980595	0.4572828184710684	0.5306601345780387	0.5705310426878232	0.4572828184710684	0.8857917243713668	622	0.26844661936142505	4	1.4454681206890314e-63	-0.07366478777970033	0	0.0	0	0.0	-0.4701791215170099	4001	True	
RC(2)	3	adjust*1.1	52.0	22000	CONVERGED	557	1254.9310656123523	693.1471805599452	41	0.2850955004308327	0	0.2892066439347468	0.0	0.9305850310772422	0	0.0	0.0	0.39277868389559206	0.5087564263982174	0	0.2874075462925793	0.41512694351996904	0	0.35306683310123743	0.5939428928230086	0	0	0	0	41	0	0	30	0.9283859801168539	0.8370692847919953	0.7464681708092552	0.2850955004308327	0.6592696622835239	0.8197589644206386	0.2850955004308327	493	0.09396033428684782	2	1.714502955053047e-64	-0.07366478777969877	96	0.6501557602648589	2	1e-323	-0.4701791215170096	4001	True	
RW(0.5)	3	adjust*1.1	52.0	22000	CONVERGED	568	926.3180828831486	693.1471805599452	10	0.3960091021030299	0	0.3796730974850825	36.39532841388975	0.24942766219836576	0	0.0	0.0	0.2337478172945028	0.4895642571074187	0	0.28734819438807513	0.49676221709121393	0	0.3943850506643943	0.6973849643868872	0	0	0	1	9	3	0	0	0.5524948408779157	0.6367573415621328	0.4644645826487496	0.3960091021030299	0.4253471651940526	0.8740397199961166	0.7594403022994631	534	0.13028570454654845	2	3.2399321020679486e-64	-0.0736647877796977	0	0.0	0	0.0	-0.47017912151700675	4001	True	
RW(2)	3	adjust*1.1	52.0	22000	CONVERGED	599	3654.0197550661564	693.1471805599452	53	0.025886860514015446	0	0.022099219717085613	142.1856503144276	0.7402149850363712	0	0.0	0.0	0.269276460900895	0.7194499363669058	0	0.27182467119384957	0.4035938882314491	0	0.3683236552721994	0.5303532334041092	0	0	1	52	44	24	15	10	0.5527834296728994	0.49954034887046106	0.025886860514015446	0.13478876531687586	0.41959427289891305	0.025886860514015446	0.1347887653168759	618	0.9729455503302876	3	7.699728386772766e-64	-0.07366478777970092	72	0.8429330858457068	1	1e-323	-0.4701791215170108	4001	True	
land.mach=0.2@dated	3	adjust*1.1	52.0	22000	CONVERGED	559	603.9942924065705	594.5948731742905	0	0.569161724623198	0	0.6434002104436152	0.0	0.942574842758311	0	0.0	0.0	0.423076923076923	0.5365970258618143	0	0.302566233375742	0.38268584608818107	0	0.4589489896199259	0.554809168596238	0	0	0	0	0	0	0	0	0.8846153846153845	0.9455526862602854	0.569161724623198	0.569161724623198	0.5691617246231979	0.7576911852247092	0.8728947650691845	456	0.16152229347962213	2	9.796669093533201e-78	-0.08849466746738939	0	0.0	0	0.0	-0.5104320585812607	4001	True	
land.mach=0.2@genesis	3	adjust*1.1	52.0	22000	CONVERGED	559	603.9942924065705	594.5948731742905	0	0.5691617246231984	0	0.6434002104436156	0.0	0.942574842758311	0	0.0	0.0	0.423076923076923	0.5365124990458172	0	0.30265966737482	0.3826858049238127	0	0.459064030604591	0.5547532629332952	0	0	0	0	0	0	0	0	0.8846153846153845	0.9458565794638417	0.5691617246231985	0.5691617246231984	0.5691617246231984	0.7584687266062251	0.8740206431648553	456	0.16098325388835977	2	9.716362329210702e-78	-0.08849466746738939	0	0.0	0	0.0	-0.510432058581261	4001	True	
land.mach=0.8@dated	3	adjust*1.1	52.0	22000	CONVERGED	566	2140.0411902106425	642.3610059345988	94	0.1642437830006201	0	0.2035793312318729	707.0263389579858	0.1280267591790004	0	0.0	0.0	0.20042334648217336	0.439681633512526	0	0.18090021669965106	0.30775401727211155	0	0.27954763407555305	0.46153846153846145	0	0	28	93	93	64	0	0	0.5830497352208679	0.28833585413182633	0.1642437830006201	0.1642437830006201	0.18907406975905117	0.6881700219905297	0.6484460564667506	747	0.3298083988596943	2	4.397023649020788e-46	-0.05282972882417838	0	0.0	0	0.0	-0.4139068365570587	4001	True	
land.mach=0.8@genesis	3	adjust*1.1	52.0	22000	CONVERGED	566	2139.0802106525803	642.3610059345988	94	0.16483858606201324	0	0.2037483758516456	706.1933900074188	0.1280767838042905	0	0.0	0.0	0.20050856178573898	0.4396407151956813	0	0.18095321513833637	0.30775401727211155	0	0.2796799165444386	0.46153846153846145	0	0	27	94	93	63	0	0	0.5832976342857861	0.2888910657923307	0.16483858606201324	0.16483858606201324	0.18929814294572403	0.6883880302259459	0.6486316095112201	748	0.32983641492833116	2	4.442050133141153e-46	-0.05282972882417826	0	0.0	0	0.0	-0.4139068365570597	4001	True	
p[goods]*0.5	3	adjust*1.1	52.0	22000	CONVERGED	561	975.3571280727165	693.1471805599452	22	0.37705767163566556	0	0.3581864881722755	0.0	0.7862018519041638	0	0.0	0.0	0.3940167442726544	0.4590808087089241	0	0.28919309073670246	0.34157589566960816	0	0.30221204559139025	0.5311656796270763	0	0	0	0	21	0	0	18	0.9269315530183735	0.7333181491635766	0.6875229767016491	0.37705767163566556	0.6831830980717571	0.8384388207043161	0.37705767163566556	504	0.064888578448624	2	3.275190416983568e-64	-0.07366478777969854	99	0.4468503708871008	2	1e-323	-0.47017912151700764	4001	True	
p[goods]*2	3	adjust*1.1	52.0	22000	CONVERGED	445	693.1471805599452	693.1471805599452	0	0.7655407385206573	0	0.7664371878621599	0.0	0.8594377332803731	0	0.0	0.0	0.3720173003208804	0.4537997136602604	0	0.2733849777060199	0.33255455269862866	0	0.41604636336605416	0.5695010197900733	0	0	0	0	0	0	0	0	0.8793136189402627	0.8231276973881118	0.7655407385206573	0.7702258859352226	0.8655862909897828	0.8275883472448866	0.9014337872931175	493	0.05881914503520276	2	1.8823155579604463e-65	-0.07366478777969866	0	0.0	0	0.0	-0.47017912151700725	4001	True	
p[labour.master]*0.5	3	adjust*1.1	52.0	22000	CONVERGED	434	693.1471805599452	693.1471805599452	0	0.5234443389595738	0	0.461514487679896	0.0	0.8878114411281957	0	0.0	0.0	0.3963978236698794	0.4400906668106938	0	0.2982475083082894	0.31548519198868713	0	0.2878847912266559	0.5138853283911653	0	0	0	0	0	0	0	0	0.9556951126878367	0.8962293874205761	0.8480723477993981	0.5234443389595739	0.9092745801093179	0.9327006394831923	0.523444338959574	0	0.0	0	0.0	-0.07366478777969962	81	0.2426016021183477	1	1e-323	-0.47017912151700975	4001	True	
p[labour.master]*2	3	adjust*1.1	52.0	22000	CONVERGED	436	693.1471805599452	693.1471805599452	0	0.7874711133785751	0	0.7829395351115446	0.0	0.8925164116284443	0	0.0	0.0	0.41154434502987397	0.4387928964114273	0	0.30483576632356263	0.31405113352719805	0	0.4615384615384631	0.6973849643868872	0	0	0	0	0	0	0	0	0.9680427555613651	0.9195124986856789	0.8597896390346841	0.787471113378575	0.8785549219306141	0.9771614531172617	0.787471113378575	0	0.0	0	0.0	-0.07366478777969843	0	0.0	0	0.0	-0.47017912151700747	4001	True	
p[labour.trained]*0.5	3	adjust*1.1	52.0	22000	CONVERGED	574	1593.4035090968562	693.1471805599452	31	0.20323272884505778	0	0.19162591403263457	28.738339253922337	0.6739176655250012	0	0.0	0.0	0.30123663710525916	0.5012929812176228	0	0.21012813554074483	0.3858322866155155	0	0.3985834732129861	0.5133815009169029	0	0	0	11	19	0	11	0	0.7396624869772265	0.6784272689638633	0.20323272884505778	0.4398745707023607	0.5292276044270707	0.20323272884505778	0.8271272129208925	602	0.7577629948743125	3	4.2735211656016385e-64	-0.0736647877796989	0	0.0	0	0.0	-0.4701791215170071	4001	True	
p[labour.trained]*2	3	adjust*1.1	52.0	22000	CONVERGED	458	693.1471805599452	693.1471805599452	0	0.8373234742758491	0	0.8375993609842476	0.0	0.8826534013155257	0	0.0	0.0	0.3933380761670274	0.4426871162616091	0	0.3076923076923088	0.49676221709121393	0	0.453563261398138	0.47483719158715454	0	0	0	0	0	0	0	0	0.883877082784699	0.9138699879473432	0.8403309888289611	0.837323474275849	0.8654789749148931	0.8403309888289612	0.9764787024693949	0	0.0	0	0.0	-0.07366478777969843	0	0.0	0	0.0	-0.47017912151700764	4001	True	
p[labour]*0.5	3	adjust*1.1	52.0	22000	CONVERGED	561	1160.3692648017523	693.1471805599452	14	0.3133704428404773	0	0.3064821804725113	24.464365203134665	0.24942766219836576	0	0.0	0.0	0.2337478172945028	0.48419517476424623	0	0.2761562450937678	0.3444956752576281	0	0.3844350154664909	0.5050266680495794	0	0	0	6	14	9	0	0	0.5524948408779157	0.6637486584235924	0.35306926782921105	0.3133704428404773	0.330384224978506	0.8761976856273774	0.8329425335107304	534	0.1260359829272884	2	2.6848682952089116e-64	-0.07366478777969843	0	0.0	0	0.0	-0.4701791215170066	4001	True	
p[labour]*2	3	adjust*1.1	52.0	22000	CONVERGED	551	1347.9980703253543	693.1471805599452	8	0.30660011051472846	0	0.28485080198727436	0.15808764934613495	0.8560269909083775	0	0.0	0.0	0.3533098300410557	0.7194499363669058	0	0.30769230769230876	0.38706932830682556	0	0.44963775673256057	0.49739115351247054	0	0	0	7	0	0	7	0	0.7113822822690592	0.758269484353927	0.30660011051472846	0.5986667161232427	0.6599865970490719	0.30660011051472846	0.8090862189042266	559	0.7402402387551272	3	9.001358624122403e-65	-0.07366478777969854	96	0.21060361537683853	1	1e-323	-0.47017912151700747	4001	True	
p[land]*0.5	3	adjust*1.1	52.0	22000	CONVERGED	527	769.748918592215	693.1471805599452	0	0.6434002104436155	0	0.43024569296632253	0.0	0.8964746200985909	0	0.0	0.0	0.4230769230769249	0.5775048391462102	0	0.307692307692309	0.4081258053545089	0	0.4615384615384632	0.5895377858131888	0	0	0	0	0	0	0	0	1.000000000000004	1.0	0.6434002104436156	0.6434002104436155	0.6434002104436155	0.9587423483618583	0.9955545843068017	534	0.16214875249036267	2	4.425547721107479e-65	-0.07366478777969997	0	0.0	0	0.0	-0.4701791215170094	4001	True	
p[land]*2	3	adjust*1.1	52.0	22000	CONVERGED	634	1376.7822781151126	693.1471805599452	90	0.2586930429694123	0	0.35075061747085196	325.8987611115834	0.3055545738993286	0	0.0	0.0	0.22184783411161346	0.5075311041575126	0	0.18779741074918443	0.356018971890532	0	0.29061278349990544	0.5242930816210595	0	0	23	89	89	65	0	0	0.5243676079001772	0.348760788697961	0.25869304296941237	0.25869304296941237	0.2640389825145664	0.6103415849348495	0.6296610309164619	578	0.2869364356663018	2	3.3011388399159115e-63	-0.07366478777970022	0	0.0	0	0.0	-0.470179121517009	4001	True	
p[mach]*0.5	3	adjust*1.1	52.0	22000	CONVERGED	687	2281.153732941643	693.1471805599452	85	0.22147955199811026	0	0.22040571718407836	524.244371787117	0.9425748427583144	0	0.0	0.0	0.29223475083093786	0.6354883417788909	0	0.260757548247612	0.4304878413720874	0	0.40816986370191954	0.5785685964984664	0	0	27	85	77	57	0	0	0.6907366837822168	0.2963192384337573	0.22147955199811026	0.22147955199811026	0.2280567264732118	0.8474620318047391	0.8180107589340305	582	0.2671682297170712	2	5.926094189978959e-63	-0.07366478777969794	0	0.0	0	0.0	-0.47017912151700814	4001	True	
p[mach]*2	3	adjust*1.1	52.0	22000	CONVERGED	551	738.7888281764546	693.1471805599452	0	0.5103869140168301	0	0.4943099550666477	1.480682392762621	0.19181613120912078	0	0.0	0.0	0.29950721876155983	0.46967103729347126	0	0.2163679194575338	0.33699164174675533	0	0.2659547012119373	0.5061140023761496	0	0	0	0	0	0	0	0	0.7481942199520852	0.7678926351464315	0.599783518761771	0.5103869140168301	0.5584849625939042	0.599783518761771	0.5103869140168302	574	0.14744058109497568	4	1.9955751421845196e-64	-0.07366478777969866	0	0.0	0	0.0	-0.47017912151700764	4001	True	
p[services]*0.5	3	adjust*1.1	52.0	22000	CONVERGED	586	693.1471805599452	693.1471805599452	0	0.5014632497362381	0	0.4476140286709998	2.6695217372828868	0.4396114623468713	0	0.0	0.0	0.26689843407759234	0.4692185678785682	0	0.19348525449045217	0.33433591448070255	0	0.43097689683255247	0.5088496887561498	0	0	0	0	0	0	0	0	0.6370585071039158	0.7300430232931765	0.5014632497362381	0.6100750833370253	0.6323184998847916	0.5426414842298309	0.8359226917426718	603	0.13312096566432238	4	8.161985884585181e-64	-0.07366478777970022	0	0.0	0	0.0	-0.4701791215170103	4001	True	
p[services]*2	3	adjust*1.1	52.0	22000	CONVERGED	517	693.1471805599452	693.1471805599452	0	0.5512749916420072	0	0.6344498872140089	0.0	0.942574842758311	0	0.0	0.0	0.3692759445628603	0.5060748730410087	0	0.2715257318245244	0.38731971653911823	0	0.4021864847316127	0.4994580657957409	0	0	0	0	0	0	0	0	0.8728340507849425	0.7803046410117821	0.7556786584854036	0.5512749916420072	0.6860258453708996	0.8824586284297044	0.7874367201708403	0	0.0	0	0.0	-0.07366478777969843	0	0.0	0	0.0	-0.47017912151700764	4001	True	
res.services.trained=0.02@dated	3	adjust*1.1	52.0	22000	CONVERGED	415	496.64022791007574	693.1471805599452	0	0.815369534834632	0	0.7256791582342719	0.0	0.7399539160575456	0	0.0	0.0	0.3637054241830059	0.4313171251750913	0	0.2527986520026845	0.30769230769230765	0	0.4520991841527374	0.4704782343147176	0	0	0	0	0	0	0	0	0.9999999999999998	0.9755915056646092	0.815369534834632	0.857105683961215	0.8986838930041617	0.815369534834632	0.9768489588394157	3999	0.5540804789838868	33	0.39142810838833075	0.0	0	0.0	0	0.0	-0.6530159409248776	4001	True	
res.services.trained=0.02@genesis	3	adjust*1.1	52.0	22000	CONVERGED	415	496.64022791007574	693.1471805599452	0	0.8157183581443658	0	0.726700684919761	0.0	0.7399539160575466	0	0.0	0.0	0.36370542418300594	0.43175501674219247	0	0.25279865200268453	0.30769230769230765	0	0.4522825508546141	0.47031382601743354	0	0	0	0	0	0	0	0	0.9999999999999998	0.9765887760846448	0.8157183581443658	0.8593566323958954	0.9030496193849291	0.8157183581443658	0.9772509726126499	3999	0.5542373705203149	33	0.39142810838833053	0.0	0	0.0	0	0.0	-0.6530159409248759	4001	True	
res.services.trained=0.08@dated	3	adjust*1.1	52.0	22000	CONVERGED	575	1256.3698391827868	1256.369839182787	0	0.49999999999999994	0	0.5009317648106524	1.7181391013042688	0.728408036636258	0	0.0	0.0	0.3091089783488278	0.4285876030420424	0	0.30769230769230765	0.6178234231000016	0	0.4092529521710103	0.46863104427778624	0	0	0	0	0	0	0	0	0.7163997494238307	0.7576252938097533	0.5	0.713565720570728	0.7102235430918357	0.5	0.8166755745446636	0	0.0	0	0.0	-1.1211129466196461	0	0.0	0	0.0	-0.47017912151700975	4001	True	
res.services.trained=0.08@genesis	3	adjust*1.1	52.0	22000	CONVERGED	576	1256.3698391827868	1256.369839182787	0	0.5000000000000001	0	0.5009317648106525	1.7758974336830404	0.7295501982033182	0	0.0	0.0	0.3091846508941849	0.4286343568848221	0	0.30769230769230765	0.6178470616196088	0	0.4093543447273583	0.4686861792416154	0	0	0	0	0	0	0	0	0.7165349670388707	0.7575444521825204	0.5000000000000001	0.7131245876456408	0.7097645306430032	0.5	0.8168665342373025	0	0.0	0	0.0	-1.1211129466196463	0	0.0	0	0.0	-0.4701791215170085	4001	True	
s[goods]=0.5	3	adjust*1.1	52.0	22000	CONVERGED	611	1983.2341621932567	693.1471805599452	69	0.13762342031436425	0	0.12956322583390242	210.91194172428573	0.942574842758311	0	0.0	0.4732425739767419	0.3834954697136884	0.5529021911405257	0	0.2865221322560617	0.38476046808281217	0	0.3388494467255682	0.5722585324251032	0	0	11	51	68	46	7	24	0.9999999999999998	0.44658950331937886	0.2641275516954591	0.13762342031436428	0.14569572281503362	0.41950925521334015	0.2238554658961617	625	0.6072165288145119	6	1.0749218946864024e-63	-0.07366478777969843	113	0.7000859499742146	2	1e-323	-0.47017912151700675	4001	True	
s[services]=0.5	3	adjust*1.1	52.0	22000	CONVERGED	594	1547.665814664983	693.1471805599452	50	0.21274397859295868	0	0.19446715964724984	83.61196191441405	0.9329670954330895	0	0.4732425739767419	0.0	0.3571215925415844	0.5628752904162342	0	0.278663618638475	0.40438574377319375	0	0.42165064726737944	0.5220051414572475	0	0	0	34	15	15	16	0	0.9211851220745311	0.5841380669408383	0.21274397859295868	0.3985053608256962	0.26787902304396183	0.2127439785929587	0.7653759681624366	613	0.7805620306003267	4	6.859039681064449e-64	-0.07366478777969937	123	0.09612205884713843	2	1e-323	-0.4701791215170099	4001	True	
sw[master]=0.5	3	adjust*1.1	52.0	22000	CONVERGED	362	609.8644741243955	693.1471805599452	0	0.5434245121669512	0	0.5434245121669511	0.0	0.9100329892968206	0	0.0	0.0	0.4080864693180984	0.4311326900218865	0	0.305597903186647	0.31109723912848275	0	0.41473554923738987	0.48418663082899005	0	0	0	0	0	0	0	0	0.9743598111672281	0.957457852901987	0.9229175553722767	0.5434245121669512	0.9383775224294691	0.981126730825708	0.5434245121669511	0	0.0	0	0.0	-0.07366478777970069	75	0.3952500243371661	0	1e-323	-0.47017912151701063	4001	True	
sw[trained]=0.5	3	adjust*1.1	52.0	22000	CONVERGED	470	683.7227976698905	693.1471805599452	0	0.5047344661132523	0	0.5047344661132522	0.0	0.8310946171594741	0	0.0	0.0	0.3747594058945692	0.44775926327086596	0	0.2997656017560411	0.33674597063363176	0	0.4441476208060172	0.47923587820538405	0	0	0	0	0	0	0	0	0.9108787897660322	0.8899696013234323	0.5047344661132523	0.7785237931839568	0.8216629930527725	0.5047344661132522	0.9524409058767421	461	0.4819188334470013	0	2.3815431780399566e-66	-0.07366478777970045	0	0.0	0	0.0	-0.47017912151700836	4001	True	
tail.services=0.05@dated	3	adjust*1.1	52.0	22000	CONVERGED	384	585.4655565343056	585.4655565343057	0	0.9249325503371826	0	0.8529053763136153	0.0	0.3985784175107578	0	0.0	0.0	0.26923076923077016	0.423076923076923	0	0.30769230769230765	0.351784067689406	0	0.4591520289440479	0.4753335738887519	0	0	0	0	0	0	0	0	1.0000000000000033	0.9929495401892636	0.9824746147614424	0.9249325503371826	0.9957412929786865	1.0	0.9835145851373635	0	0.0	0	0.0	-0.6070015874038395	0	0.0	0	0.0	-1.0035159211411488	4001	True	
tail.services=0.05@genesis	3	adjust*1.1	52.0	22000	CONVERGED	384	585.4655565343056	585.4655565343057	0	0.9249325503371826	0	0.8529053763136153	0.0	0.3985784175107578	0	0.0	0.0	0.26923076923077016	0.423076923076923	0	0.30769230769230765	0.351784067689406	0	0.4591520289440479	0.4753335738887519	0	0	0	0	0	0	0	0	1.0000000000000033	0.9929495401892636	0.9824746147614424	0.9249325503371826	0.9957412929786865	1.0	0.9835145851373635	0	0.0	0	0.0	-0.6070015874038395	0	0.0	0	0.0	-1.0035159211411488	4001	True	
tail.services=0.2@dated	3	adjust*1.1	52.0	22000	CONVERGED	729	822.1021940273204	799.2031953104855	15	0.4492669921600601	0	0.430308761264788	59.47149730724672	0.942574842758311	0	0.0	0.0	0.3825427704491011	0.6726882869571059	0	0.27969929947728495	0.4471514253447755	0	0.4256882457369935	0.5046154449306319	0	0	0	14	0	0	8	0	0.5789473684210525	0.6562546516649267	0.4492669921600601	0.5943952599628346	0.5983299660987116	0.44926699216006016	0.6725496775134617	3999	0.5178377234274545	42	0.28608793431239343	-1.1102230246251565e-16	3938	0.30940434684898477	28	0.04967163795419676	0.0	4001	True	
tail.services=0.2@genesis	3	adjust*1.1	52.0	22000	CONVERGED	734	823.312927108978	799.2031953104855	16	0.448516493531354	0	0.42786215417451595	68.17081899730906	0.942574842758311	0	0.0	0.0	0.3828066762456838	0.6743843068103113	0	0.27950965949013673	0.4480972204657287	0	0.4217190221059415	0.5062667629115257	0	0	0	15	0	0	8	0	0.5789473684210525	0.6453919887991738	0.448516493531354	0.5837232199146465	0.583287740447672	0.44851649353135403	0.679106502773669	3999	0.5200354642003768	44	0.2860879343123934	-1.1102230246251565e-16	3938	0.3033260952210865	28	0.04967163795419831	0.0	4001	True	
x*/2	3	adjust*1.1	52.0	22000	CONVERGED	679	6254.446778058419	693.1471805599452	93	0.004359591378477082	0	0.004085476880477586	624.5798561366414	0.942574842758311	0	0.4732425739767419	0.4732425739767419	0.3191436186451172	0.6534987877900011	0	0.23417161838974004	0.44054153206794083	0	0.31679526927138607	0.5746015780182919	0	0	28	92	92	65	28	24	0.8312147804608786	0.2660902385613458	0.005038968108106511	0.004359591378477082	0.00192188889311349	0.0966135318695178	0.16905672387456072	667	0.9084337297734011	6	5.001301597627338e-63	-0.07366478777969854	157	0.7790646525200261	2	1e-323	-0.47017912151700764	4001	True	
JA(0.5)	3	adjust*1.25	52.0	22000	CONVERGED	706	2400.7615202639504	693.1471805599452	117	0.15554942262522314	0	0.09669865474890792	687.407082753599	0.5708219860703838	0	0.0	0.0	0.21583576034453278	0.616362337021774	0	0.19209562610727965	0.4195497226106071	0	0.32462781203312285	0.5637405119840848	0	0	30	115	115	84	0	0	0.5101572517234412	0.241073886440876	0.15554942262522312	0.15554942262522312	0.16759073490928836	0.624310784848659	0.6803721355297692	595	0.37167006927764706	2	1.1325968076890018e-62	-0.07366478777969854	0	0.0	0	0.0	-0.4701791215170071	4001	True	
JA(2)	3	adjust*1.25	52.0	22000	CONVERGED	538	774.3006369501421	693.1471805599452	1	0.5337212315656679	0	0.7848996515175832	13.926736116864596	0.6375234706950996	0	0.0	0.0	0.4230769230769248	0.5775048391462102	0	0.2865059208714569	0.4081258053545089	0	0.4117433893331278	0.5895377858131888	0	0	0	0	0	1	0	0	0.6134635694043042	0.7349864098353378	0.5384434495533849	0.5337212315656678	0.4999999999999999	0.5	0.5	557	0.11659282017881517	2	1.2499719883880379e-64	-0.07366478777969843	0	0.0	0	0.0	-0.4701791215170078	4001	True	
JB(0.5)	3	adjust*1.25	52.0	22000	CONVERGED	635	1601.9804677699526	693.1471805599452	90	0.2101541763397144	0	0.14737443230902442	263.33026990117753	-0.4437195183615795	26	0.11538205329871964	0.11538205329871964	0.21040925664771964	0.5271588720351976	0	0.1515223922917837	0.36709157167717826	0	0.17952030533608626	0.530747075129534	0	0	16	90	90	67	42	53	0.5797837775973259	0.3829124428670395	0.2212004022749611	0.2101541763397144	0.24081684162641875	0.2212004022749611	0.2101541763397144	651	0.6880659629004116	4	2.9954209043439443e-63	-0.07366478777970045	160	0.570607277226839	2	1e-323	-0.47017912151701047	4001	True	
JB(2)	3	adjust*1.25	52.0	22000	CONVERGED	658	1985.3377740570293	693.1471805599452	59	0.3487466781736145	0	0.2884432012255773	364.9482884684059	0.9425748427583168	0	0.0	0.0	0.38563094402418757	0.6356102420624122	0	0.307692307692309	0.44119775936409333	0	0.46153846153846334	0.6307260885571531	0	0	19	59	53	41	0	0	0.8428923696731101	0.40710488891696583	0.3489051101128103	0.34874667817361443	0.35370780013571	0.8154646003696081	0.9885132016429942	561	0.14275775351919467	2	2.2891246191310366e-63	-0.0736647877796983	0	0.0	0	0.0	-0.47017912151700797	4001	True	
N(0.5)	3	adjust*1.25	52.0	22000	CONVERGED	595	1225.9866034569784	0.0	16	0.4683172297046058	0	0.25929285213691355	45.419002076730024	0.942574842758311	0	0.0	0.0	0.3706587209384226	0.5842866819786822	0	0.2725698555359445	0.40907307161924517	0	0.46153846153846145	0.6203142124258814	0	0	0	16	0	0	0	0	0.8761024313089989	0.679045145699383	0.4683172297046058	0.5400701761914214	0.5207195512843251	0.8858520304918197	1.0	527	0.07141026535289707	2	6.231812493579644e-64	-0.07366478777969997	0	0.0	0	0.0	-0.470179121517009	4001	True	
N(2)	3	adjust*1.25	52.0	22000	CONVERGED	521	815.3414734238138	0.0	4	0.44248820359856517	0	0.9725289971237983	28.95688604691633	0.3905194971551989	0	0.0	0.0	0.30727524637497877	0.44146247086373014	0	0.22045135371664704	0.3178514766660294	0	0.3185859231932058	0.47644730431691784	0	0	4	4	4	1	0	0	0.5	0.45576015661428093	0.4424882035985652	0.4424882035985652	0.4999999999999999	0.5	0.5	566	0.05013473080993783	2	4.07967038628485e-64	-0.07366478777969926	0	0.0	0	0.0	-0.47017912151700764	4001	True	
RC(0.5)	3	adjust*1.25	52.0	22000	CONVERGED	606	860.6369940639423	693.1471805599452	20	0.45728281847106833	0	0.4614961933056238	20.687323250362326	0.4305640057488678	0	0.0	0.0	0.259992430625096	0.4963787080217891	0	0.19504286073526247	0.36318853885877533	0	0.4389407522759111	0.6124362820324674	0	0	0	19	0	0	19	0	0.6356173888915425	0.6957331737980595	0.4572828184710684	0.5306601345780387	0.5705310426878232	0.4572828184710684	0.8857917243713668	622	0.26844661936142505	4	1.4454681206890314e-63	-0.07366478777970033	0	0.0	0	0.0	-0.4701791215170099	4001	True	
RC(2)	3	adjust*1.25	52.0	22000	CONVERGED	557	1254.9310656123523	693.1471805599452	41	0.2850955004308327	0	0.2892066439347468	0.0	0.9305850310772422	0	0.0	0.0	0.39277868389559206	0.5087564263982174	0	0.2874075462925793	0.41512694351996904	0	0.35306683310123743	0.5939428928230086	0	0	0	0	41	0	0	30	0.9283859801168539	0.8370692847919953	0.7464681708092552	0.2850955004308327	0.6592696622835239	0.8197589644206386	0.2850955004308327	493	0.09396033428684782	2	1.714502955053047e-64	-0.07366478777969877	96	0.6501557602648589	2	1e-323	-0.4701791215170096	4001	True	
RW(0.5)	3	adjust*1.25	52.0	22000	CONVERGED	568	926.3180828831486	693.1471805599452	10	0.3960091021030299	0	0.3796730974850825	36.39532841388975	0.24942766219836576	0	0.0	0.0	0.2337478172945028	0.4895642571074187	0	0.28734819438807513	0.49676221709121393	0	0.3943850506643943	0.6973849643868872	0	0	0	1	9	3	0	0	0.5524948408779157	0.6367573415621328	0.4644645826487496	0.3960091021030299	0.4253471651940526	0.8740397199961166	0.7594403022994631	534	0.13028570454654845	2	3.2399321020679486e-64	-0.0736647877796977	0	0.0	0	0.0	-0.47017912151700675	4001	True	
RW(2)	3	adjust*1.25	52.0	22000	CONVERGED	599	3654.0197550661564	693.1471805599452	53	0.025886860514015446	0	0.022099219717085613	142.1856503144276	0.7402149850363712	0	0.0	0.0	0.269276460900895	0.7194499363669058	0	0.27182467119384957	0.4035938882314491	0	0.3683236552721994	0.5303532334041092	0	0	1	52	44	24	15	10	0.5527834296728994	0.49954034887046106	0.025886860514015446	0.13478876531687586	0.41959427289891305	0.025886860514015446	0.1347887653168759	618	0.9729455503302876	3	7.699728386772766e-64	-0.07366478777970092	72	0.8429330858457068	1	1e-323	-0.4701791215170108	4001	True	
land.mach=0.2@dated	3	adjust*1.25	52.0	22000	CONVERGED	559	603.9942924065705	594.5948731742905	0	0.569161724623198	0	0.6434002104436152	0.0	0.942574842758311	0	0.0	0.0	0.423076923076923	0.5365970258618143	0	0.302566233375742	0.38268584608818107	0	0.4589489896199259	0.554809168596238	0	0	0	0	0	0	0	0	0.8846153846153845	0.9455526862602854	0.569161724623198	0.569161724623198	0.5691617246231979	0.7576911852247092	0.8728947650691845	456	0.16152229347962213	2	9.796669093533201e-78	-0.08849466746738939	0	0.0	0	0.0	-0.5104320585812607	4001	True	
land.mach=0.2@genesis	3	adjust*1.25	52.0	22000	CONVERGED	559	603.9942924065705	594.5948731742905	0	0.5691617246231984	0	0.6434002104436156	0.0	0.942574842758311	0	0.0	0.0	0.423076923076923	0.5365124990458172	0	0.30265966737482	0.3826858049238127	0	0.459064030604591	0.5547532629332952	0	0	0	0	0	0	0	0	0.8846153846153845	0.9458565794638417	0.5691617246231985	0.5691617246231984	0.5691617246231984	0.7584687266062251	0.8740206431648553	456	0.16098325388835977	2	9.716362329210702e-78	-0.08849466746738939	0	0.0	0	0.0	-0.510432058581261	4001	True	
land.mach=0.8@dated	3	adjust*1.25	52.0	22000	CONVERGED	566	2140.0411902106425	642.3610059345988	94	0.1642437830006201	0	0.2035793312318729	707.0263389579858	0.1280267591790004	0	0.0	0.0	0.20042334648217336	0.439681633512526	0	0.18090021669965106	0.30775401727211155	0	0.27954763407555305	0.46153846153846145	0	0	28	93	93	64	0	0	0.5830497352208679	0.28833585413182633	0.1642437830006201	0.1642437830006201	0.18907406975905117	0.6881700219905297	0.6484460564667506	747	0.3298083988596943	2	4.397023649020788e-46	-0.05282972882417838	0	0.0	0	0.0	-0.4139068365570587	4001	True	
land.mach=0.8@genesis	3	adjust*1.25	52.0	22000	CONVERGED	566	2139.0802106525803	642.3610059345988	94	0.16483858606201324	0	0.2037483758516456	706.1933900074188	0.1280767838042905	0	0.0	0.0	0.20050856178573898	0.4396407151956813	0	0.18095321513833637	0.30775401727211155	0	0.2796799165444386	0.46153846153846145	0	0	27	94	93	63	0	0	0.5832976342857861	0.2888910657923307	0.16483858606201324	0.16483858606201324	0.18929814294572403	0.6883880302259459	0.6486316095112201	748	0.32983641492833116	2	4.442050133141153e-46	-0.05282972882417826	0	0.0	0	0.0	-0.4139068365570597	4001	True	
p[goods]*0.5	3	adjust*1.25	52.0	22000	CONVERGED	561	975.3571280727165	693.1471805599452	22	0.37705767163566556	0	0.3581864881722755	0.0	0.7862018519041638	0	0.0	0.0	0.3940167442726544	0.4590808087089241	0	0.28919309073670246	0.34157589566960816	0	0.30221204559139025	0.5311656796270763	0	0	0	0	21	0	0	18	0.9269315530183735	0.7333181491635766	0.6875229767016491	0.37705767163566556	0.6831830980717571	0.8384388207043161	0.37705767163566556	504	0.064888578448624	2	3.275190416983568e-64	-0.07366478777969854	99	0.4468503708871008	2	1e-323	-0.47017912151700764	4001	True	
p[goods]*2	3	adjust*1.25	52.0	22000	CONVERGED	445	693.1471805599452	693.1471805599452	0	0.7655407385206573	0	0.7664371878621599	0.0	0.8594377332803731	0	0.0	0.0	0.3720173003208804	0.4537997136602604	0	0.2733849777060199	0.33255455269862866	0	0.41604636336605416	0.5695010197900733	0	0	0	0	0	0	0	0	0.8793136189402627	0.8231276973881118	0.7655407385206573	0.7702258859352226	0.8655862909897828	0.8275883472448866	0.9014337872931175	493	0.05881914503520276	2	1.8823155579604463e-65	-0.07366478777969866	0	0.0	0	0.0	-0.47017912151700725	4001	True	
p[labour.master]*0.5	3	adjust*1.25	52.0	22000	CONVERGED	434	693.1471805599452	693.1471805599452	0	0.5234443389595738	0	0.461514487679896	0.0	0.8878114411281957	0	0.0	0.0	0.3963978236698794	0.4400906668106938	0	0.2982475083082894	0.31548519198868713	0	0.2878847912266559	0.5138853283911653	0	0	0	0	0	0	0	0	0.9556951126878367	0.8962293874205761	0.8480723477993981	0.5234443389595739	0.9092745801093179	0.9327006394831923	0.523444338959574	0	0.0	0	0.0	-0.07366478777969962	81	0.2426016021183477	1	1e-323	-0.47017912151700975	4001	True	
p[labour.master]*2	3	adjust*1.25	52.0	22000	CONVERGED	436	693.1471805599452	693.1471805599452	0	0.7874711133785751	0	0.7829395351115446	0.0	0.8925164116284443	0	0.0	0.0	0.41154434502987397	0.4387928964114273	0	0.30483576632356263	0.31405113352719805	0	0.4615384615384631	0.6973849643868872	0	0	0	0	0	0	0	0	0.9680427555613651	0.9195124986856789	0.8597896390346841	0.787471113378575	0.8785549219306141	0.9771614531172617	0.787471113378575	0	0.0	0	0.0	-0.07366478777969843	0	0.0	0	0.0	-0.47017912151700747	4001	True	
p[labour.trained]*0.5	3	adjust*1.25	52.0	22000	CONVERGED	574	1593.4035090968562	693.1471805599452	31	0.20323272884505778	0	0.19162591403263457	28.738339253922337	0.6739176655250012	0	0.0	0.0	0.30123663710525916	0.5012929812176228	0	0.21012813554074483	0.3858322866155155	0	0.3985834732129861	0.5133815009169029	0	0	0	11	19	0	11	0	0.7396624869772265	0.6784272689638633	0.20323272884505778	0.4398745707023607	0.5292276044270707	0.20323272884505778	0.8271272129208925	602	0.7577629948743125	3	4.2735211656016385e-64	-0.0736647877796989	0	0.0	0	0.0	-0.4701791215170071	4001	True	
p[labour.trained]*2	3	adjust*1.25	52.0	22000	CONVERGED	458	693.1471805599452	693.1471805599452	0	0.8373234742758491	0	0.8375993609842476	0.0	0.8826534013155257	0	0.0	0.0	0.3933380761670274	0.4426871162616091	0	0.3076923076923088	0.49676221709121393	0	0.453563261398138	0.47483719158715454	0	0	0	0	0	0	0	0	0.883877082784699	0.9138699879473432	0.8403309888289611	0.837323474275849	0.8654789749148931	0.8403309888289612	0.9764787024693949	0	0.0	0	0.0	-0.07366478777969843	0	0.0	0	0.0	-0.47017912151700764	4001	True	
p[labour]*0.5	3	adjust*1.25	52.0	22000	CONVERGED	561	1160.3692648017523	693.1471805599452	14	0.3133704428404773	0	0.3064821804725113	24.464365203134665	0.24942766219836576	0	0.0	0.0	0.2337478172945028	0.48419517476424623	0	0.2761562450937678	0.3444956752576281	0	0.3844350154664909	0.5050266680495794	0	0	0	6	14	9	0	0	0.5524948408779157	0.6637486584235924	0.35306926782921105	0.3133704428404773	0.330384224978506	0.8761976856273774	0.8329425335107304	534	0.1260359829272884	2	2.6848682952089116e-64	-0.07366478777969843	0	0.0	0	0.0	-0.4701791215170066	4001	True	
p[labour]*2	3	adjust*1.25	52.0	22000	CONVERGED	551	1347.9980703253543	693.1471805599452	8	0.30660011051472846	0	0.28485080198727436	0.15808764934613495	0.8560269909083775	0	0.0	0.0	0.3533098300410557	0.7194499363669058	0	0.30769230769230876	0.38706932830682556	0	0.44963775673256057	0.49739115351247054	0	0	0	7	0	0	7	0	0.7113822822690592	0.758269484353927	0.30660011051472846	0.5986667161232427	0.6599865970490719	0.30660011051472846	0.8090862189042266	559	0.7402402387551272	3	9.001358624122403e-65	-0.07366478777969854	96	0.21060361537683853	1	1e-323	-0.47017912151700747	4001	True	
p[land]*0.5	3	adjust*1.25	52.0	22000	CONVERGED	527	769.748918592215	693.1471805599452	0	0.6434002104436155	0	0.43024569296632253	0.0	0.8964746200985909	0	0.0	0.0	0.4230769230769249	0.5775048391462102	0	0.307692307692309	0.4081258053545089	0	0.4615384615384632	0.5895377858131888	0	0	0	0	0	0	0	0	1.000000000000004	1.0	0.6434002104436156	0.6434002104436155	0.6434002104436155	0.9587423483618583	0.9955545843068017	534	0.16214875249036267	2	4.425547721107479e-65	-0.07366478777969997	0	0.0	0	0.0	-0.4701791215170094	4001	True	
p[land]*2	3	adjust*1.25	52.0	22000	CONVERGED	634	1376.7822781151126	693.1471805599452	90	0.2586930429694123	0	0.35075061747085196	325.8987611115834	0.3055545738993286	0	0.0	0.0	0.22184783411161346	0.5075311041575126	0	0.18779741074918443	0.356018971890532	0	0.29061278349990544	0.5242930816210595	0	0	23	89	89	65	0	0	0.5243676079001772	0.348760788697961	0.25869304296941237	0.25869304296941237	0.2640389825145664	0.6103415849348495	0.6296610309164619	578	0.2869364356663018	2	3.3011388399159115e-63	-0.07366478777970022	0	0.0	0	0.0	-0.470179121517009	4001	True	
p[mach]*0.5	3	adjust*1.25	52.0	22000	CONVERGED	687	2281.153732941643	693.1471805599452	85	0.22147955199811026	0	0.22040571718407836	524.244371787117	0.9425748427583144	0	0.0	0.0	0.29223475083093786	0.6354883417788909	0	0.260757548247612	0.4304878413720874	0	0.40816986370191954	0.5785685964984664	0	0	27	85	77	57	0	0	0.6907366837822168	0.2963192384337573	0.22147955199811026	0.22147955199811026	0.2280567264732118	0.8474620318047391	0.8180107589340305	582	0.2671682297170712	2	5.926094189978959e-63	-0.07366478777969794	0	0.0	0	0.0	-0.47017912151700814	4001	True	
p[mach]*2	3	adjust*1.25	52.0	22000	CONVERGED	551	738.7888281764546	693.1471805599452	0	0.5103869140168301	0	0.4943099550666477	1.480682392762621	0.19181613120912078	0	0.0	0.0	0.29950721876155983	0.46967103729347126	0	0.2163679194575338	0.33699164174675533	0	0.2659547012119373	0.5061140023761496	0	0	0	0	0	0	0	0	0.7481942199520852	0.7678926351464315	0.599783518761771	0.5103869140168301	0.5584849625939042	0.599783518761771	0.5103869140168302	574	0.14744058109497568	4	1.9955751421845196e-64	-0.07366478777969866	0	0.0	0	0.0	-0.47017912151700764	4001	True	
p[services]*0.5	3	adjust*1.25	52.0	22000	CONVERGED	586	693.1471805599452	693.1471805599452	0	0.5014632497362381	0	0.4476140286709998	2.6695217372828868	0.4396114623468713	0	0.0	0.0	0.26689843407759234	0.4692185678785682	0	0.19348525449045217	0.33433591448070255	0	0.43097689683255247	0.5088496887561498	0	0	0	0	0	0	0	0	0.6370585071039158	0.7300430232931765	0.5014632497362381	0.6100750833370253	0.6323184998847916	0.5426414842298309	0.8359226917426718	603	0.13312096566432238	4	8.161985884585181e-64	-0.07366478777970022	0	0.0	0	0.0	-0.4701791215170103	4001	True	
p[services]*2	3	adjust*1.25	52.0	22000	CONVERGED	517	693.1471805599452	693.1471805599452	0	0.5512749916420072	0	0.6344498872140089	0.0	0.942574842758311	0	0.0	0.0	0.3692759445628603	0.5060748730410087	0	0.2715257318245244	0.38731971653911823	0	0.4021864847316127	0.4994580657957409	0	0	0	0	0	0	0	0	0.8728340507849425	0.7803046410117821	0.7556786584854036	0.5512749916420072	0.6860258453708996	0.8824586284297044	0.7874367201708403	0	0.0	0	0.0	-0.07366478777969843	0	0.0	0	0.0	-0.47017912151700764	4001	True	
res.services.trained=0.02@dated	3	adjust*1.25	52.0	22000	CONVERGED	415	496.64022791007574	693.1471805599452	0	0.815369534834632	0	0.7256791582342719	0.0	0.7399539160575456	0	0.0	0.0	0.3637054241830059	0.4313171251750913	0	0.2527986520026845	0.30769230769230765	0	0.4520991841527374	0.4704782343147176	0	0	0	0	0	0	0	0	0.9999999999999998	0.9755915056646092	0.815369534834632	0.857105683961215	0.8986838930041617	0.815369534834632	0.9768489588394157	3999	0.5540804789838868	33	0.39142810838833075	0.0	0	0.0	0	0.0	-0.6530159409248776	4001	True	
res.services.trained=0.02@genesis	3	adjust*1.25	52.0	22000	CONVERGED	415	496.64022791007574	693.1471805599452	0	0.8157183581443658	0	0.726700684919761	0.0	0.7399539160575466	0	0.0	0.0	0.36370542418300594	0.43175501674219247	0	0.25279865200268453	0.30769230769230765	0	0.4522825508546141	0.47031382601743354	0	0	0	0	0	0	0	0	0.9999999999999998	0.9765887760846448	0.8157183581443658	0.8593566323958954	0.9030496193849291	0.8157183581443658	0.9772509726126499	3999	0.5542373705203149	33	0.39142810838833053	0.0	0	0.0	0	0.0	-0.6530159409248759	4001	True	
res.services.trained=0.08@dated	3	adjust*1.25	52.0	22000	CONVERGED	575	1256.3698391827868	1256.369839182787	0	0.49999999999999994	0	0.5009317648106524	1.7181391013042688	0.728408036636258	0	0.0	0.0	0.3091089783488278	0.4285876030420424	0	0.30769230769230765	0.6178234231000016	0	0.4092529521710103	0.46863104427778624	0	0	0	0	0	0	0	0	0.7163997494238307	0.7576252938097533	0.5	0.713565720570728	0.7102235430918357	0.5	0.8166755745446636	0	0.0	0	0.0	-1.1211129466196461	0	0.0	0	0.0	-0.47017912151700975	4001	True	
res.services.trained=0.08@genesis	3	adjust*1.25	52.0	22000	CONVERGED	576	1256.3698391827868	1256.369839182787	0	0.5000000000000001	0	0.5009317648106525	1.7758974336830404	0.7295501982033182	0	0.0	0.0	0.3091846508941849	0.4286343568848221	0	0.30769230769230765	0.6178470616196088	0	0.4093543447273583	0.4686861792416154	0	0	0	0	0	0	0	0	0.7165349670388707	0.7575444521825204	0.5000000000000001	0.7131245876456408	0.7097645306430032	0.5	0.8168665342373025	0	0.0	0	0.0	-1.1211129466196463	0	0.0	0	0.0	-0.4701791215170085	4001	True	
s[goods]=0.5	3	adjust*1.25	52.0	22000	CONVERGED	602	1964.7385699742517	693.1471805599452	64	0.1401925323628027	0	0.13198744873611004	168.84997872569272	0.942574842758311	0	0.0	0.4697065314067379	0.3821010647105761	0.5420221305679954	0	0.293719473756132	0.37816665098987146	0	0.34072504742447685	0.5735112444222892	0	0	8	46	62	40	7	23	0.9894202930146438	0.4782283524240009	0.2657575209688004	0.1401925323628027	0.14783794338998765	0.42572532721924866	0.25004637728243534	617	0.6002740990682229	4	8.157984411273362e-64	-0.07366478777969997	107	0.6667603677703248	2	1e-323	-0.470179121517009	4001	True	
s[services]=0.5	3	adjust*1.25	52.0	22000	CONVERGED	589	1485.5651466578192	693.1471805599452	36	0.22637436980020978	0	0.2076494580894251	68.42712585568252	0.9198127159402244	0	0.4697065314067379	0.0	0.35572001373735973	0.552737401904662	0	0.28411643447867885	0.40045474188052277	0	0.41970017823924793	0.519328777334385	0	0	0	24	13	3	14	0	0.9087723713355738	0.604462012884422	0.22637436980020978	0.40030924271263774	0.27053130511438794	0.2263743698002098	0.7803032116481312	610	0.7658352780005668	4	6.109864742928819e-64	-0.0736647877796995	111	0.02045505701383809	2	1e-323	-0.47017912151700975	4001	True	
sw[master]=0.5	3	adjust*1.25	52.0	22000	CONVERGED	362	609.8644741243955	693.1471805599452	0	0.5434245121669512	0	0.5434245121669511	0.0	0.9100329892968206	0	0.0	0.0	0.4080864693180984	0.4311326900218865	0	0.305597903186647	0.31109723912848275	0	0.41473554923738987	0.48418663082899005	0	0	0	0	0	0	0	0	0.9743598111672281	0.957457852901987	0.9229175553722767	0.5434245121669512	0.9383775224294691	0.981126730825708	0.5434245121669511	0	0.0	0	0.0	-0.07366478777970069	75	0.3952500243371661	0	1e-323	-0.47017912151701063	4001	True	
sw[trained]=0.5	3	adjust*1.25	52.0	22000	CONVERGED	470	683.7227976698905	693.1471805599452	0	0.5047344661132523	0	0.5047344661132522	0.0	0.8310946171594741	0	0.0	0.0	0.3747594058945692	0.44775926327086596	0	0.2997656017560411	0.33674597063363176	0	0.4441476208060172	0.47923587820538405	0	0	0	0	0	0	0	0	0.9108787897660322	0.8899696013234323	0.5047344661132523	0.7785237931839568	0.8216629930527725	0.5047344661132522	0.9524409058767421	461	0.4819188334470013	0	2.3815431780399566e-66	-0.07366478777970045	0	0.0	0	0.0	-0.47017912151700836	4001	True	
tail.services=0.05@dated	3	adjust*1.25	52.0	22000	CONVERGED	384	585.4655565343056	585.4655565343057	0	0.9249325503371826	0	0.8529053763136153	0.0	0.3985784175107578	0	0.0	0.0	0.26923076923077016	0.423076923076923	0	0.30769230769230765	0.351784067689406	0	0.4591520289440479	0.4753335738887519	0	0	0	0	0	0	0	0	1.0000000000000033	0.9929495401892636	0.9824746147614424	0.9249325503371826	0.9957412929786865	1.0	0.9835145851373635	0	0.0	0	0.0	-0.6070015874038395	0	0.0	0	0.0	-1.0035159211411488	4001	True	
tail.services=0.05@genesis	3	adjust*1.25	52.0	22000	CONVERGED	384	585.4655565343056	585.4655565343057	0	0.9249325503371826	0	0.8529053763136153	0.0	0.3985784175107578	0	0.0	0.0	0.26923076923077016	0.423076923076923	0	0.30769230769230765	0.351784067689406	0	0.4591520289440479	0.4753335738887519	0	0	0	0	0	0	0	0	1.0000000000000033	0.9929495401892636	0.9824746147614424	0.9249325503371826	0.9957412929786865	1.0	0.9835145851373635	0	0.0	0	0.0	-0.6070015874038395	0	0.0	0	0.0	-1.0035159211411488	4001	True	
tail.services=0.2@dated	3	adjust*1.25	52.0	22000	CONVERGED	729	822.1021940273204	799.2031953104855	15	0.4492669921600601	0	0.430308761264788	59.47149730724672	0.942574842758311	0	0.0	0.0	0.3825427704491011	0.6726882869571059	0	0.27969929947728495	0.4471514253447755	0	0.4256882457369935	0.5046154449306319	0	0	0	14	0	0	8	0	0.5789473684210525	0.6562546516649267	0.4492669921600601	0.5943952599628346	0.5983299660987116	0.44926699216006016	0.6725496775134617	3999	0.5178377234274545	42	0.28608793431239343	-1.1102230246251565e-16	3938	0.30940434684898477	28	0.04967163795419676	0.0	4001	True	
tail.services=0.2@genesis	3	adjust*1.25	52.0	22000	CONVERGED	734	823.312927108978	799.2031953104855	16	0.448516493531354	0	0.42786215417451595	68.17081899730906	0.942574842758311	0	0.0	0.0	0.3828066762456838	0.6743843068103113	0	0.27950965949013673	0.4480972204657287	0	0.4217190221059415	0.5062667629115257	0	0	0	15	0	0	8	0	0.5789473684210525	0.6453919887991738	0.448516493531354	0.5837232199146465	0.583287740447672	0.44851649353135403	0.679106502773669	3999	0.5200354642003768	44	0.2860879343123934	-1.1102230246251565e-16	3938	0.3033260952210865	28	0.04967163795419831	0.0	4001	True	
x*/2	3	adjust*1.25	52.0	22000	CONVERGED	671	5626.125745771153	693.1471805599452	87	0.007979027096292701	0	0.007476860174507882	507.49196137642514	0.942574842758311	0	0.4697065314067379	0.4697065314067379	0.32640824885020536	0.6309702348211962	0	0.23454920098511517	0.43140937626836945	0	0.3350227061477842	0.5660702526232017	0	0	26	86	86	62	20	23	0.8429463897648685	0.2940266878545251	0.009200881844467794	0.007979027096292701	0.0036025053472647675	0.10413737904267055	0.18896228284019906	657	0.9007051384106665	6	3.4092992053390486e-63	-0.07366478777969866	141	0.7538408182874756	2	1e-323	-0.47017912151700814	4001	True	
JA(0.5)	3	buffer*0.75	52.0	22000	CONVERGED	692	2106.1944613573055	693.1471805599452	112	0.17642956209534663	0	0.09463094451097227	522.9275365808784	0.6865892851028954	0	0.0	0.0	0.23953934576226515	0.5886940045871835	0	0.20758904782491522	0.4007523654153187	0	0.32566710380514463	0.5537073395871542	0	0	28	110	110	82	0	0	0.566183908165354	0.2721740169630967	0.17642956209534663	0.18031810894289677	0.17865158886537527	0.6746644054309745	0.7056120582444801	583	0.29756038565933457	2	8.113191787089481e-63	-0.07366478777970033	0	0.0	0	0.0	-0.47017912151700586	4001	True	
JA(2)	3	buffer*0.75	52.0	22000	CONVERGED	537	783.0056885072278	693.1471805599452	1	0.5287304925186914	0	0.7777989619117079	17.962982716077804	0.6231109444566872	0	0.0	0.0	0.4187057688658196	0.5775048391462102	0	0.28310896098960786	0.4081258053545089	0	0.407201972496251	0.5895377858131888	0	0	0	0	0	1	0	0	0.6134635694043042	0.7240571223032111	0.5334085538262806	0.5287304925186914	0.4999999999999999	0.5	0.5	560	0.10809925151850076	2	1.3748146537471706e-64	-0.07366478777970033	0	0.0	0	0.0	-0.47017912151700797	4001	True	
JB(0.5)	3	buffer*0.75	52.0	22000	CONVERGED	643	1414.9480397219045	693.1471805599452	86	0.2429382362591133	0	0.16794597935531844	188.3035033297234	-0.4437195183615795	21	0.10164835190168231	0.10164835190168231	0.21957611092096643	0.5061774394901111	0	0.16087178741985597	0.3551240995140747	0	0.19188464874057368	0.5221860764554619	0	0	12	86	86	64	41	51	0.5812522420388025	0.42804796170166365	0.24754429767394628	0.24293823625911332	0.2950688525043133	0.24754429767394628	0.24293823625911334	643	0.6592739912655524	4	2.1815909681419968e-63	-0.07366478777970129	154	0.5265168553938401	2	1e-323	-0.4701791215170112	4001	True	
JB(2)	3	buffer*0.75	52.0	22000	CONVERGED	644	1623.9197090417304	693.1471805599452	41	0.4515814692589641	0	0.36598067853830973	232.5999957580718	0.9425748427583097	0	0.0	0.0	0.42307692307692313	0.6163909160823915	0	0.3076923076923077	0.4313529255270593	0	0.4615384615384617	0.6287901689799937	0	0	2	41	32	21	0	0	0.8428923696731101	0.498710876460658	0.4515814692589641	0.4515814692589641	0.4660265436259465	0.8154646003696081	1.0	543	0.08980314027479767	2	1.4619821871964083e-63	-0.07366478777969986	0	0.0	0	0.0	-0.470179121517009	4001	True	
N(0.5)	3	buffer*0.75	52.0	22000	CONVERGED	604	1074.861246728824	0.0	7	0.4946018297973611	0	0.26295519786993743	25.401463056348664	0.942574842758311	0	0.0	0.0	0.386419608088558	0.5685455030550179	0	0.2819803521246566	0.40092900789370933	0	0.46153846153846145	0.614134005703894	0	0	0	7	0	0	0	0	0.9133554373002281	0.7222525949209316	0.49460182979736106	0.5414925730197907	0.5355634365723918	0.9164361444051341	1.0	514	0.036789870083961645	2	4.913289131339753e-64	-0.07366478777970117	0	0.0	0	0.0	-0.47017912151701047	4001	True	
N(2)	3	buffer*0.75	52.0	22000	CONVERGED	541	815.3414734238138	0.0	4	0.44248820359856517	0	0.9706279889621788	29.898164852588522	0.3827647058024371	0	0.0	0.0	0.30715187173496045	0.4434358152114549	0	0.22061057465402398	0.3193681780120387	0	0.31768860101978424	0.4779284010987861	0	0	4	4	4	1	0	0	0.5	0.45576015661428093	0.4424882035985652	0.4424882035985652	0.4999999999999999	0.5	0.5	567	0.05130509583335118	2	4.3045756945729425e-64	-0.07366478777969843	0	0.0	0	0.0	-0.47017912151700925	4001	True	
RC(0.5)	3	buffer*0.75	52.0	22000	CONVERGED	593	728.1188893749705	693.1471805599452	0	0.5103385658232267	0	0.5083347494519594	2.4542537271508307	0.4836994811578523	0	0.0	0.0	0.2748305342347503	0.48912097166272595	0	0.20222992316999372	0.35709559871351865	0	0.4389407522759111	0.6065142551249705	0	0	0	0	0	0	0	0	0.6737787728471577	0.7442233188650845	0.5103385658232267	0.6277477527335192	0.6622909392470707	0.5103385658232268	0.8829402131739791	611	0.21347073749986764	4	1.0618962854831361e-63	-0.07366478777969782	0	0.0	0	0.0	-0.4701791215170071	4001	True	
RC(2)	3	buffer*0.75	52.0	22000	CONVERGED	590	1024.6840011632582	693.1471805599452	33	0.358909862587392	0	0.35914429913326734	0.0	0.9092691800650196	0	0.0	0.0	0.39277868389559206	0.5036758174240051	0	0.2874075462925793	0.40444643027066063	0	0.35848567862613606	0.5813069805038565	0	0	0	0	32	0	0	23	0.9283859801168539	0.8411825051279058	0.7684706858000285	0.358909862587392	0.7304114932327765	0.8444257971823198	0.358909862587392	488	0.07454587275632862	2	2.1020283513881143e-64	-0.07366478777969818	101	0.5581976443958229	2	1e-323	-0.4701791215170071	4001	True	
RW(0.5)	3	buffer*0.75	52.0	22000	CONVERGED	560	930.7102677755586	693.1471805599452	7	0.3942735710841284	0	0.3778536781634699	27.181413595771375	0.24942766219836576	0	0.0	0.0	0.2337478172945028	0.48137782487139213	0	0.2887098717794757	0.49676221709121393	0	0.3992245066560457	0.6973849643868872	0	0	0	1	6	3	0	0	0.5524948408779157	0.6534566120157557	0.4640762074966868	0.3942735710841284	0.42418898668951055	0.8886079052116811	0.779745290196689	529	0.1049908866226552	2	2.9440430925787736e-64	-0.0736647877796989	0	0.0	0	0.0	-0.47017912151700925	4001	True	
RW(2)	3	buffer*0.75	52.0	22000	CONVERGED	603	3656.4155493255685	693.1471805599452	26	0.025824915155997993	0	0.02191589863360293	85.51837663680895	0.7767390002955519	0	0.0	0.0	0.2816450601594447	0.7194499363669058	0	0.27428686032835037	0.40358869350695536	0	0.3700866038062602	0.5258892535838391	0	0	0	25	16	0	13	10	0.6231255619714239	0.5588748950875569	0.02582491515599799	0.1348437904287069	0.5139119591523581	0.025824915155997993	0.1348437904287069	607	0.9732081483202564	3	5.14599680502992e-64	-0.0736647877796983	78	0.84317648632556	1	1e-323	-0.47017912151700797	4001	True	
land.mach=0.2@dated	3	buffer*0.75	52.0	22000	CONVERGED	584	603.9942924065705	594.5948731742905	0	0.569161724623198	0	0.6434002104436152	0.0	0.942574842758311	0	0.0	0.0	0.423076923076923	0.5385023465787384	0	0.3030836560751226	0.38357627136191297	0	0.4589824305676696	0.5553423846115799	0	0	0	0	0	0	0	0	0.8846153846153845	0.9476410219403991	0.569161724623198	0.5691617246231981	0.5691617246231979	0.7607562902835425	0.8756741575401371	455	0.1605203392874345	2	9.320430413059144e-78	-0.08849466746738867	0	0.0	0	0.0	-0.5104320585812596	4001	True	
land.mach=0.2@genesis	3	buffer*0.75	52.0	22000	CONVERGED	583	603.9942924065705	594.5948731742905	0	0.5691617246231985	0	0.6434002104436156	0.0	0.942574842758311	0	0.0	0.0	0.423076923076923	0.5384233315118799	0	0.30316564668665325	0.38356886753518044	0	0.459094707153467	0.5552875459767042	0	0	0	0	0	0	0	0	0.8846153846153845	0.9479520102578934	0.5691617246231985	0.5691617246231986	0.5691617246231984	0.7614941845549794	0.8768065913248686	455	0.16001172683277426	2	9.242647874333502e-78	-0.08849466746738818	0	0.0	0	0.0	-0.5104320585812593	4001	True	
land.mach=0.8@dated	3	buffer*0.75	52.0	22000	CONVERGED	562	1897.060105037335	642.3610059345988	88	0.19276735373598658	0	0.2482354722870759	572.0198900997858	0.15424441743445177	0	0.0	0.0	0.21644900026147662	0.4239026595716442	0	0.19273541946106695	0.3077542294671157	0	0.29218568918499466	0.46153846153846145	0	0	25	87	87	61	0	0	0.6296698189424773	0.31066342158263816	0.19276735373598655	0.19276735373598655	0.23347459524810055	0.7254563065773019	0.6844762689899019	743	0.2727232939457721	2	4.0629431647709544e-46	-0.05282972882417861	0	0.0	0	0.0	-0.4139068365570575	4001	True	
land.mach=0.8@genesis	3	buffer*0.75	52.0	22000	CONVERGED	562	1896.1108544179522	642.3610059345988	87	0.19301542524257984	0	0.2484021484899314	571.6443635053253	0.15409619640070948	0	0.0	0.0	0.21648506696770697	0.4238573879891637	0	0.19276794081456142	0.3077542294671157	0	0.2922440551144956	0.46153846153846145	0	0	25	86	86	60	0	0	0.6297747402696929	0.31085747616400616	0.19301542524257984	0.19301542524257984	0.2336536849712901	0.7257516759884667	0.6845920385288226	744	0.2725492309933856	2	4.108423776397036e-46	-0.05282972882417838	0	0.0	0	0.0	-0.41390683655705884	4001	True	
p[goods]*0.5	3	buffer*0.75	52.0	22000	CONVERGED	538	797.8732464643597	693.1471805599452	13	0.45028559297665227	0	0.4414744742343563	0.0	0.8100987471846535	0	0.0	0.0	0.4051151603198534	0.45434702053829223	0	0.28641168761166436	0.3414843553519527	0	0.3067104098431305	0.5117102792170596	0	0	0	0	12	0	0	12	0.9327874907707177	0.7840852433303345	0.7418893765792096	0.45028559297665227	0.7569489817407301	0.8540684796105008	0.45028559297665227	495	0.045966897449506106	2	2.854862047854871e-64	-0.07366478777970092	101	0.35009277464827704	2	1e-323	-0.47017912151701047	4001	True	
p[goods]*2	3	buffer*0.75	52.0	22000	CONVERGED	469	693.1471805599452	693.1471805599452	0	0.7711806062349639	0	0.8025635456117385	0.0	0.8544771470488497	0	0.0	0.0	0.3720173003208804	0.45544021162313	0	0.2733849777060199	0.33423468597086375	0	0.41604636336605416	0.5626783337926738	0	0	0	0	0	0	0	0	0.8793136189402627	0.8242958220014767	0.7711806062349639	0.7711806062349639	0.8620785851077652	0.8322898678957039	0.9014337872931175	492	0.05524331144435725	2	1.8857384751275979e-65	-0.0736647877796995	0	0.0	0	0.0	-0.47017912151700547	4001	True	
p[labour.master]*0.5	3	buffer*0.75	52.0	22000	CONVERGED	452	693.1471805599452	693.1471805599452	0	0.5233776053115375	0	0.4630809270680471	0.0	0.8957952991964361	0	0.0	0.0	0.39667786550432843	0.4391863063734722	0	0.2969047722229116	0.31646445427851283	0	0.2878847912266559	0.5071647264927213	0	0	0	0	0	0	0	0	0.9559465953197693	0.9002789039912649	0.8721101158464089	0.5233776053115375	0.9246553911327687	0.9309085162969089	0.5233776053115375	0	0.0	0	0.0	-0.07366478777970129	81	0.2426063332750646	1	1e-323	-0.4701791215170115	4001	True	
p[labour.master]*2	3	buffer*0.75	52.0	22000	CONVERGED	453	693.1471805599452	693.1471805599452	0	0.7874711133785751	0	0.7829395351115446	0.0	0.899383229186863	0	0.0	0.0	0.41357086901294143	0.4368509557055388	0	0.3047406752439913	0.3135563080554476	0	0.461538461538464	0.6973849643868872	0	0	0	0	0	0	0	0	0.9753681772878414	0.9221615637192656	0.8862713368337608	0.787471113378575	0.8785549219306141	0.9779245743012128	0.787471113378575	0	0.0	0	0.0	-0.07366478777970022	0	0.0	0	0.0	-0.47017912151700747	4001	True	
p[labour.trained]*0.5	3	buffer*0.75	52.0	22000	CONVERGED	556	1592.8211554420354	693.1471805599452	12	0.20335111663591543	0	0.19131298247037082	8.470458079383596	0.701052865137363	0	0.0	0.0	0.3096373791497514	0.49249345146629037	0	0.21012813554074483	0.37591552254484084	0	0.41890907009665623	0.5059666042107144	0	0	0	11	0	0	11	0	0.7763762095963606	0.7216293019947997	0.20335111663591543	0.5333555824784354	0.613571784399658	0.20335111663591543	0.8578477359100076	594	0.7588864886641113	3	3.17693954530137e-64	-0.07366478777969962	0	0.0	0	0.0	-0.47017912151701013	4001	True	
p[labour.trained]*2	3	buffer*0.75	52.0	22000	CONVERGED	472	693.1471805599452	693.1471805599452	0	0.8403309888289611	0	0.8375993609842476	0.0	0.888245166070841	0	0.0	0.0	0.39542119452990615	0.44035177642040485	0	0.3076923076923093	0.49676221709121393	0	0.4560659662866752	0.47306154584616145	0	0	0	0	0	0	0	0	0.883877082784699	0.9225830344750514	0.8403309888289611	0.8691539986609649	0.889835430218295	0.8403309888289612	0.9767470190080091	0	0.0	0	0.0	-0.07366478777969973	0	0.0	0	0.0	-0.4701791215170117	4001	True	
p[labour]*0.5	3	buffer*0.75	52.0	22000	CONVERGED	552	1170.0917353840296	693.1471805599452	10	0.3103384709408259	0	0.30594201848810226	17.666485068276735	0.24942766219836576	0	0.0	0.0	0.2337478172945028	0.4773369498736527	0	0.27809327266502076	0.3397379727737927	0	0.38803749258101705	0.5023148068673353	0	0	0	6	10	7	0	0	0.5524948408779157	0.6771133398925121	0.3511547393499951	0.31033847094082595	0.32783115740189844	0.8891175733590083	0.8407479005922037	530	0.10242109152722789	2	2.4857663481257505e-64	-0.07366478777969962	0	0.0	0	0.0	-0.470179121517009	4001	True	
p[labour]*2	3	buffer*0.75	52.0	22000	CONVERGED	530	1347.2645226558932	693.1471805599452	8	0.30728763976004536	0	0.2848281787664551	0.0	0.8761507100097446	0	0.0	0.0	0.35953386499757195	0.7194499363669058	0	0.3076923076923094	0.3870733935099442	0	0.45605098820134926	0.49159879200031187	0	0	0	7	0	0	7	0	0.7482018354643813	0.7875392239410051	0.30728763976004536	0.6761851443141178	0.7254119263788211	0.30728763976004536	0.8089868878625709	463	0.7400496226832061	1	2.641989623393205e-66	-0.0736647877796989	95	0.21071666393473545	1	1e-323	-0.4701791215170087	4001	True	
p[land]*0.5	3	buffer*0.75	52.0	22000	CONVERGED	548	769.6796873879397	693.1471805599452	0	0.6434002104436156	0	0.4302456929663226	0.0	0.8951555371521982	0	0.0	0.0	0.42307692307692424	0.5775048391462102	0	0.3076923076923085	0.4081258053545089	0	0.4615384615384629	0.5895377858131888	0	0	0	0	0	0	0	0	1.0000000000000027	1.0	0.6434002104436156	0.6434002104436157	0.6434002104436155	0.9642503524728923	0.9987119700257214	536	0.15102180000330623	2	4.720817765867578e-65	-0.07366478777969913	0	0.0	0	0.0	-0.47017912151700925	4001	True	
p[land]*2	3	buffer*0.75	52.0	22000	CONVERGED	648	1222.3531541497096	693.1471805599452	88	0.2945362615849105	0	0.4014378813995547	259.88755052337336	0.3775258820831805	0	0.0	0.0	0.23698610636772643	0.4946108293095086	0	0.19813529101751523	0.3480405579800722	0	0.3031820086764867	0.5208572392667975	0	0	22	87	87	64	0	0	0.5601489786873535	0.37702607683390843	0.2945362615849104	0.2945362615849104	0.3138997693516242	0.6439396958069246	0.656894352132388	572	0.23285062016199154	2	2.8388564788848146e-63	-0.07366478777970058	0	0.0	0	0.0	-0.47017912151700925	4001	True	
p[mach]*0.5	3	buffer*0.75	52.0	22000	CONVERGED	674	1971.208410134359	693.1471805599452	75	0.27796992118381564	0	0.27866806899971086	373.1729251570547	0.9425748427583185	0	0.0	0.0	0.32073305487110304	0.6028503715748205	0	0.28105729656494166	0.4168220011266941	0	0.4478058421566636	0.5650705289025584	0	0	22	75	66	50	0	0	0.7580963115135162	0.34718789240676784	0.27796992118381564	0.27796992118381564	0.299389430263575	0.9134362138360606	0.8629854613489318	568	0.20159820411005866	2	4.1405879157544405e-63	-0.07366478777970033	0	0.0	0	0.0	-0.4701791215170099	4001	True	
p[mach]*2	3	buffer*0.75	52.0	22000	CONVERGED	544	710.5510131518569	693.1471805599452	0	0.5408537855134642	0	0.524728538224374	0.9152117785265056	0.1935467945822863	0	0.0	0.0	0.30791342669499583	0.46840221556847667	0	0.22084356096600083	0.336073383403891	0	0.2756327142248988	0.5066605016510342	0	0	0	0	0	0	0	0	0.7525208235742618	0.7653494551713316	0.619732557319109	0.5408537855134642	0.5862635856087299	0.6197325573191091	0.5408537855134642	573	0.13671384822002997	4	2.0347447619554617e-64	-0.07366478777969877	0	0.0	0	0.0	-0.4701791215170085	4001	True	
p[services]*0.5	3	buffer*0.75	52.0	22000	CONVERGED	556	693.1471805599452	693.1471805599452	0	0.5471234266518407	0	0.4817855099993325	0.0	0.4995575367224254	0	0.0	0.0	0.2822438541552338	0.46191203187895896	0	0.2022099150592186	0.32978655276491264	0	0.4294793528397698	0.5094725964216179	0	0	0	0	0	0	0	0	0.6762294150050463	0.7875909448111	0.5471234266518408	0.728644526457001	0.7504461837766025	0.5935790799387798	0.851236993940715	564	0.09819976376559784	2	2.1491171150124434e-64	-0.07366478777970058	0	0.0	0	0.0	-0.47017912151701047	4001	True	
p[services]*2	3	buffer*0.75	52.0	22000	CONVERGED	499	693.1471805599452	693.1471805599452	0	0.6400503191788716	0	0.7072797153356938	0.0	0.942574842758311	0	0.0	0.0	0.3692759445628603	0.5010740204537705	0	0.2715257318245244	0.37727428048071227	0	0.41355128670648433	0.49620913703771946	0	0	0	0	0	0	0	0	0.8728340507849425	0.7932517227714355	0.7554209660248329	0.6400503191788716	0.746609378761035	0.8824586284297044	0.8209455916103682	0	0.0	0	0.0	-0.07366478777969843	0	0.0	0	0.0	-0.4701791215170096	4001	True	
res.services.trained=0.02@dated	3	buffer*0.75	52.0	22000	CONVERGED	443	496.64022791007574	693.1471805599452	0	0.8113217530727488	0	0.7227226589612166	0.0	0.7399539160575453	0	0.0	0.0	0.36370542418300567	0.43110478542288383	0	0.2527986520026844	0.30769230769230765	0	0.4524839769373935	0.4709645319702841	0	0	0	0	0	0	0	0	0.9999999999999998	0.9722435012954491	0.8113217530727488	0.8586432946400469	0.8987476790999467	0.8113217530727489	0.9795128165091755	3999	0.5557388357355971	33	0.39142810838833025	0.0	0	0.0	0	0.0	-0.653015940924875	4001	True	
res.services.trained=0.02@genesis	3	buffer*0.75	52.0	22000	CONVERGED	442	496.64022791007574	693.1471805599452	0	0.8117328988200266	0	0.7235044506561484	0.0	0.7399539160575458	0	0.0	0.0	0.3637054241830058	0.4315119740352579	0	0.2527986520026844	0.30769230769230765	0	0.45265905494773795	0.4708099207941314	0	0	0	0	0	0	0	0	0.9999999999999998	0.9735126119531836	0.8117328988200266	0.8609496703253913	0.903408557349149	0.8117328988200266	0.9799240881432248	3999	0.5558538415146069	33	0.3914281083883301	0.0	0	0.0	0	0.0	-0.6530159409248746	4001	True	
res.services.trained=0.08@dated	3	buffer*0.75	52.0	22000	CONVERGED	577	1256.3698391827868	1256.369839182787	0	0.49999999999999994	0	0.5009317648106524	0.12364493429202827	0.748092174580653	0	0.0	0.0	0.31152505528287855	0.4271273059543945	0	0.30769230769230765	0.6177600231716862	0	0.40525021731217203	0.46897139087654865	0	0	0	0	0	0	0	0	0.7316849434925049	0.7632455477539634	0.5	0.7271688262866083	0.7524654682458933	0.5	0.81290723519194	0	0.0	0	0.0	-1.1211129466196457	0	0.0	0	0.0	-0.4701791215170094	4001	True	
res.services.trained=0.08@genesis	3	buffer*0.75	52.0	22000	CONVERGED	577	1256.3698391827868	1256.369839182787	0	0.5000000000000001	0	0.5009317648106525	0.14358003392095264	0.7492252302596972	0	0.0	0.0	0.31159547537114146	0.4271468266296622	0	0.30769230769230765	0.6177717837300173	0	0.40534293838480356	0.46900280121928517	0	0	0	0	0	0	0	0	0.731806258767396	0.7631033751306051	0.5000000000000001	0.7271163681003696	0.7519744935721662	0.5	0.8130667487932124	0	0.0	0	0.0	-1.1211129466196463	0	0.0	0	0.0	-0.47017912151700886	4001	True	
s[goods]=0.5	3	buffer*0.75	52.0	22000	CONVERGED	631	1990.1362219999337	693.1471805599452	71	0.13667680578952007	0	0.128572247346161	216.80860438153383	0.942574842758311	0	0.0	0.475614712250357	0.3939116668783941	0.5462973763095078	0	0.29204652452970215	0.380792112420808	0	0.3463536544643781	0.5673572096146102	0	0	13	50	70	46	7	25	0.9999999999999998	0.44068512545010635	0.26656554171204966	0.13667680578952007	0.1459680338893433	0.40948494673993374	0.21288325905237468	628	0.6204900723234146	6	1.212467769998814e-63	-0.07366478777970081	117	0.7211528270786324	2	1e-323	-0.4701791215170112	4001	True	
s[services]=0.5	3	buffer*0.75	52.0	22000	CONVERGED	611	1582.6505863024536	693.1471805599452	29	0.2054298663422039	0	0.1839165779778855	71.654225199956	0.942574842758311	0	0.475614712250357	0.0	0.37045918148733353	0.5623596125187982	0	0.27872611621973875	0.40255511293826585	0	0.42024282128060836	0.5203887262821802	0	0	0	29	1	3	15	0	0.969840652071305	0.5931842286920076	0.2054298663422039	0.4041190198294545	0.2706445513033947	0.2054298663422039	0.7627909029073122	607	0.7928404823670528	2	5.4565763901894134e-64	-0.07366478777970022	121	0.10880489602452616	2	1e-323	-0.47017912151700747	4001	True	
sw[master]=0.5	3	buffer*0.75	52.0	22000	CONVERGED	373	609.8644741243955	693.1471805599452	0	0.5434245121669512	0	0.5434245121669511	0.0	0.912937363100347	0	0.0	0.0	0.4081451191128485	0.43009111749689966	0	0.3058210528388509	0.31091893152813244	0	0.41473554923738987	0.48272972372650697	0	0	0	0	0	0	0	0	0.9749153758904187	0.9592627145450414	0.9396306257076378	0.5434245121669512	0.9468133429905664	0.9819731608672253	0.5434245121669511	0	0.0	0	0.0	-0.07366478777969973	75	0.3952500243371661	0	1e-323	-0.470179121517006	4001	True	
sw[trained]=0.5	3	buffer*0.75	52.0	22000	CONVERGED	482	683.7227976698905	693.1471805599452	0	0.5047344661132523	0	0.5047344661132522	0.0	0.8375966369320619	0	0.0	0.0	0.3773110605301579	0.445081465039248	0	0.2997656017560411	0.3390366991361317	0	0.44814218654440185	0.4769000528690963	0	0	0	0	0	0	0	0	0.9192867836764559	0.9045062987896528	0.5047344661132523	0.8217347606577845	0.8561510538507789	0.5047344661132522	0.9591044299887463	457	0.4819188334470013	0	2.0798251661048636e-66	-0.07366478777970033	0	0.0	0	0.0	-0.4701791215170121	4001	True	
tail.services=0.05@dated	3	buffer*0.75	52.0	22000	CONVERGED	410	585.4655565343056	585.4655565343057	0	0.9270629456646067	0	0.8529053763136153	0.0	0.39857841751075973	0	0.0	0.0	0.2692307692307704	0.423076923076923	0	0.30769230769230765	0.35234796412803615	0	0.45944246122009835	0.47580037171263334	0	0	0	0	0	0	0	0	1.0000000000000042	0.9922729067367223	0.9812689151407454	0.9270629456646067	0.996165087293953	1.0	0.9847169147514938	0	0.0	0	0.0	-0.6070015874038402	0	0.0	0	0.0	-1.0035159211411506	4001	True	
tail.services=0.05@genesis	3	buffer*0.75	52.0	22000	CONVERGED	410	585.4655565343056	585.4655565343057	0	0.9270629456646067	0	0.8529053763136153	0.0	0.39857841751075973	0	0.0	0.0	0.2692307692307704	0.423076923076923	0	0.30769230769230765	0.35234796412803615	0	0.45944246122009835	0.47580037171263334	0	0	0	0	0	0	0	0	1.0000000000000042	0.9922729067367223	0.9812689151407454	0.9270629456646067	0.996165087293953	1.0	0.9847169147514938	0	0.0	0	0.0	-0.6070015874038402	0	0.0	0	0.0	-1.0035159211411506	4001	True	
tail.services=0.2@dated	3	buffer*0.75	52.0	22000	CONVERGED	708	815.3775579350659	799.2031953104855	9	0.4550040441795691	0	0.4311515856529934	39.73831594960634	0.942574842758311	0	0.0	0.0	0.3901033221703864	0.6679057932236431	0	0.2805780332862629	0.4441466243899656	0	0.4268168524507721	0.5074549809601197	0	0	0	8	0	0	8	0	0.5789473684210525	0.6793553263026668	0.4550040441795691	0.6208066284487715	0.5976309920393945	0.4550040441795691	0.6707678355764589	3999	0.518499942434737	58	0.28608793431239427	-1.1102230246251565e-16	3936	0.305340623180207	30	0.04967163795419654	0.0	4001	True	
tail.services=0.2@genesis	3	buffer*0.75	52.0	22000	CONVERGED	712	816.1788895890968	799.2031953104855	9	0.454582740448051	0	0.42930447742455113	45.40580997856391	0.942574842758311	0	0.0	0.0	0.39049598858190754	0.6688996746801797	0	0.2804367479308728	0.44479161157290575	0	0.4271345218799929	0.5071545596096684	0	0	0	8	0	0	8	0	0.5789473684210525	0.6700572545965351	0.454582740448051	0.6123054456363172	0.6203856487283298	0.4545827404480511	0.6748625935443344	3999	0.5201990786229386	58	0.28608793431239404	0.0	3935	0.30281230412109084	30	0.0496716379541989	0.0	4001	True	
x*/2	3	buffer*0.75	52.0	22000	CONVERGED	686	inf	693.1471805599452	95	0.0	1	0.0	618.197707481389	0.942574842758311	0	0.475614712250357	0.475614712250357	0.34389676949848014	0.6494719836230421	0	0.24807480073302768	0.43982850299717774	0	0.32203707575678664	0.5687258795769853	0	0	31	94	94	67	32	25	0.9001769077621609	0.2654730155032146	0.0	0.0	0.0	0.08895768833354602	0.1545964597097184	671	0.916404000811429	6	5.686386822739515e-63	-0.07366478777970009	166	0.8013595601104776	2	1e-323	-0.4701791215170069	4001	True	
JA(0.5)	3	buffer*0.9	52.0	22000	CONVERGED	685	2290.3797302742023	693.1471805599452	115	0.16825796492949396	0	0.0958870840284176	621.685125272619	0.6158747472821694	0	0.0	0.0	0.22468902053231618	0.6060810075272863	0	0.1987011009332942	0.4123395005731975	0	0.32566710380514463	0.5601751328398956	0	0	30	113	113	84	0	0	0.5310831394400201	0.25207958714773115	0.168257964929494	0.168257964929494	0.18133918028921883	0.6457785780332063	0.6982204921212454	590	0.3435408097129415	2	9.922544798395296e-63	-0.0736647877796995	0	0.0	0	0.0	-0.47017912151701013	4001	True	
JA(2)	3	buffer*0.9	52.0	22000	CONVERGED	548	777.6083631455626	693.1471805599452	1	0.5317398955002444	0	0.7820811816271996	15.393238959875392	0.6321378979673827	0	0.0	0.0	0.4225325964118255	0.5775048391462102	0	0.2852542382926994	0.4081258053545089	0	0.4100548456774295	0.5895377858131888	0	0	0	0	0	1	0	0	0.6134635694043042	0.7309980547359924	0.536444583173905	0.5317398955002444	0.4999999999999999	0.5	0.5	558	0.11345647835927433	2	1.2957992742199909e-64	-0.07366478777969866	0	0.0	0	0.0	-0.4701791215170085	4001	True	
JB(0.5)	3	buffer*0.9	52.0	22000	CONVERGED	640	1539.9669464300678	693.1471805599452	90	0.22184862680305614	0	0.15453788123884518	246.72159657373885	-0.4437195183615795	26	0.10148737059625311	0.10148737059625311	0.21291560073265822	0.5223553912547537	0	0.15515999996470908	0.3646365576293443	0	0.1840276796877505	0.5288248106586835	0	0	15	90	90	67	42	53	0.5767885920570383	0.39022722712917945	0.23442818675463653	0.2218486268030562	0.262361877573087	0.23442818675463656	0.22184862680305623	650	0.6660697739793962	4	2.8576624079264284e-63	-0.0736647877796995	160	0.5467010202152504	2	1e-323	-0.4701791215170103	4001	True	
JB(2)	3	buffer*0.9	52.0	22000	CONVERGED	653	1847.6519226529447	693.1471805599452	54	0.38560925040677185	0	0.31664476652356427	309.6589818578856	0.9425748427583147	0	0.0	0.0	0.4014505980317579	0.6274608306620115	0	0.3076923076923086	0.4319315282339845	0	0.46153846153846273	0.629987951553461	0	0	15	54	47	36	0	0	0.8428923696731101	0.4399939591595615	0.3856092504067719	0.3856092504067719	0.3942269993282179	0.8154646003696081	1.0000000000000022	554	0.12075190669128012	2	1.888957530034125e-63	-0.07366478777969818	0	0.0	0	0.0	-0.4701791215170071	4001	True	
N(0.5)	3	buffer*0.9	52.0	22000	CONVERGED	599	1164.9354586514476	0.0	13	0.4790064321895657	0	0.26239901777114005	36.969879133271704	0.942574842758311	0	0.0	0.0	0.37690852080450893	0.5785873339932598	0	0.2763603920317358	0.4061923920035489	0	0.46153846153846145	0.6187601782117147	0	0	0	13	0	0	0	0	0.8908746855379301	0.6952992419544394	0.47900643218956573	0.5406536917705586	0.5268145726118387	0.8981712741031415	1.0	523	0.05766375546679094	2	5.6614702496422274e-64	-0.07366478777970009	0	0.0	0	0.0	-0.47017912151700975	4001	True	
N(2)	3	buffer*0.9	52.0	22000	CONVERGED	528	815.3414734238138	0.0	4	0.44248820359856517	0	0.9720729709072883	29.29071490828176	0.38768727770907235	0	0.0	0.0	0.30721596276707397	0.44215573132655284	0	0.2204929466107769	0.3183703708383372	0	0.3182313054520019	0.47699258177670295	0	0	4	4	4	1	0	0	0.5	0.45576015661428093	0.4424882035985652	0.4424882035985652	0.4999999999999999	0.5	0.5	566	0.05078696451668669	2	4.16478729502077e-64	-0.07366478777969962	0	0.0	0	0.0	-0.47017912151700636	4001	True	
RC(0.5)	3	buffer*0.9	52.0	22000	CONVERGED	612	805.42545854586	693.1471805599452	15	0.47694648772571857	0	0.47911629060145583	12.25890985949752	0.4504156772772566	0	0.0	0.0	0.2654907448837612	0.4935986287736219	0	0.197799827339761	0.3611180041989388	0	0.4389407522759111	0.6104066086512305	0	0	0	14	0	0	14	0	0.6498068798688498	0.7155037299205566	0.4769464877257185	0.5674821946517203	0.6057455963390508	0.47694648772571857	0.8840527307175207	620	0.2475988569883506	4	1.4314315330600804e-63	-0.07366478777970009	0	0.0	0	0.0	-0.4701791215170085	4001	True	
RC(2)	3	buffer*0.9	52.0	22000	CONVERGED	567	1164.742984870457	693.1471805599452	40	0.312002841179222	0	0.3140408704903028	0.0	0.9224035639530668	0	0.0	0.0	0.39277868389559206	0.5067117902399032	0	0.2874075462925793	0.41092337558774417	0	0.355174333890102	0.5891341559428758	0	0	0	0	40	0	0	28	0.9283859801168539	0.838295246155259	0.7547444226015299	0.312002841179222	0.6871538214063038	0.828895834067517	0.312002841179222	491	0.08612692519328986	2	1.8224469398727362e-64	-0.07366478777969877	97	0.6167353543643156	2	1e-323	-0.47017912151700725	4001	True	
RW(0.5)	3	buffer*0.9	52.0	22000	CONVERGED	574	928.048478402744	693.1471805599452	7	0.39532444226402874	0	0.3789548515373598	32.98172944154045	0.24942766219836576	0	0.0	0.0	0.2337478172945028	0.48646949521984717	0	0.28791248674441583	0.49676221709121393	0	0.39627144068349773	0.6973849643868872	0	0	0	1	6	3	0	0	0.5524948408779157	0.642297533868812	0.46432107234660935	0.39532444226402874	0.4248944265851347	0.8789922778698896	0.7673120079103306	532	0.12100223656136062	2	3.120949220803839e-64	-0.07366478777970033	0	0.0	0	0.0	-0.4701791215170096	4001	True	
RW(2)	3	buffer*0.9	52.0	22000	CONVERGED	600	3654.9352123365816	693.1471805599452	48	0.025863173043437288	0	0.022025855027425198	118.55270475821744	0.7550482946761813	0	0.0	0.0	0.2739054699907811	0.7194499363669058	0	0.2727836863500204	0.4035918259069912	0	0.36901770134279954	0.5298051976111583	0	0	0	46	39	18	14	10	0.5801659309801862	0.5211801338658304	0.025863173043437288	0.1348112604341088	0.45410866444463666	0.025863173043437288	0.1348112604341088	613	0.9730480691903789	3	6.540136054976408e-64	-0.07366478777970081	74	0.8430281145486976	1	1e-323	-0.470179121517009	4001	True	
land.mach=0.2@dated	3	buffer*0.9	52.0	22000	CONVERGED	567	603.9942924065705	594.5948731742905	0	0.569161724623198	0	0.6434002104436152	0.0	0.942574842758311	0	0.0	0.0	0.423076923076923	0.537323885108925	0	0.3027792957222416	0.3829774188446794	0	0.45896491791524807	0.5550504301946327	0	0	0	0	0	0	0	0	0.8846153846153845	0.9461953728810929	0.569161724623198	0.5691617246231981	0.5691617246231979	0.7588558488759247	0.8740190057361018	456	0.16114968565080534	2	9.648912567206422e-78	-0.08849466746739036	0	0.0	0	0.0	-0.5104320585812618	4001	True	
land.mach=0.2@genesis	3	buffer*0.9	52.0	22000	CONVERGED	567	603.9942924065705	594.5948731742905	0	0.5691617246231985	0	0.6434002104436156	0.0	0.942574842758311	0	0.0	0.0	0.423076923076923	0.5372413626228354	0	0.3028706441123689	0.38297399847059965	0	0.45907836441829725	0.5549953212642904	0	0	0	0	0	0	0	0	0.8846153846153845	0.946510078593356	0.5691617246231985	0.5691617246231986	0.5691617246231984	0.7596171106972144	0.8751475097441399	456	0.16062064314712277	2	9.569905635046895e-78	-0.08849466746739049	0	0.0	0	0.0	-0.5104320585812604	4001	True	
land.mach=0.8@dated	3	buffer*0.9	52.0	22000	CONVERGED	544	2048.812838519944	642.3610059345988	91	0.17461147819016085	0	0.21929994860724653	653.3749589755873	0.15459335077073183	0	0.0	0.0	0.20651830192413834	0.43398008196674637	0	0.1854903306682509	0.30775410151115995	0	0.28461014159650616	0.46153846153846145	0	0	27	91	90	62	0	0	0.6007805146884023	0.2964308599035735	0.17461147819016085	0.17461147819016085	0.2048533563854409	0.7021622734234013	0.6621273830084181	746	0.30838919131420517	2	4.250725550482121e-46	-0.05282972882417826	0	0.0	0	0.0	-0.4139068365570624	4001	True	
land.mach=0.8@genesis	3	buffer*0.9	52.0	22000	CONVERGED	545	2047.3327134935241	642.3610059345988	92	0.1745996753208567	0	0.21946122549292874	652.6955873545622	0.15451976422554045	0	0.0	0.0	0.20656125414062496	0.43393821090811824	0	0.18554385339916657	0.30775410151115995	0	0.28465864692646775	0.46153846153846145	0	0	26	91	91	63	0	0	0.6009054665909088	0.296448458355388	0.1745996753208567	0.1745996753208567	0.2050034723336807	0.7023419927517252	0.6622970321850137	746	0.30816305242325764	2	4.2956712126588725e-46	-0.05282972882417896	0	0.0	0	0.0	-0.413906836557056	4001	True	
p[goods]*0.5	3	buffer*0.9	52.0	22000	CONVERGED	530	907.0831718919011	693.1471805599452	18	0.4037000319856936	0	0.3871298124076104	0.0	0.7936667546878693	0	0.0	0.0	0.3981074966093662	0.45660964262802517	0	0.2880992411306672	0.341426589912602	0	0.30384277733216014	0.5231651844302201	0	0	0	0	17	0	0	16	0.9287802735894013	0.7506723611584756	0.7074797359323853	0.40370003198569354	0.714163724435564	0.8436805027394261	0.40370003198569354	501	0.05746989198308757	2	3.1390776694377615e-64	-0.07366478777969962	99	0.41166511090627134	2	1e-323	-0.4701791215170087	4001	True	
p[goods]*2	3	buffer*0.9	52.0	22000	CONVERGED	453	693.1471805599452	693.1471805599452	0	0.7703678264282322	0	0.7801649543313054	0.0	0.8571354899961107	0	0.0	0.0	0.3720173003208804	0.4544692621341382	0	0.2733849777060199	0.3332207707418388	0	0.41604636336605416	0.5668918167253512	0	0	0	0	0	0	0	0	0.8793136189402627	0.8232613141486146	0.7703678264282322	0.7703678264282322	0.8641915442675906	0.8292033678127692	0.9014337872931175	493	0.05784084648834179	2	1.8856436468361444e-65	-0.07366478777969937	0	0.0	0	0.0	-0.47017912151700886	4001	True	
p[labour.master]*0.5	3	buffer*0.9	52.0	22000	CONVERGED	439	693.1471805599452	693.1471805599452	0	0.5234225717419877	0	0.4621350979193435	0.0	0.8916024686884857	0	0.0	0.0	0.39650894086182353	0.4394965947943006	0	0.2978055142976458	0.31554490300510374	0	0.2878847912266559	0.5112150459516459	0	0	0	0	0	0	0	0	0.9558058859728307	0.897512976826401	0.862728133616524	0.5234225717419877	0.9154373675179798	0.9317797480502334	0.5234225717419877	0	0.0	0	0.0	-0.07366478777969913	81	0.2426032034838371	1	1e-323	-0.47017912151700886	4001	True	
p[labour.master]*2	3	buffer*0.9	52.0	22000	CONVERGED	443	693.1471805599452	693.1471805599452	0	0.7874711133785751	0	0.7829395351115446	0.0	0.8956345100920196	0	0.0	0.0	0.4124008031872364	0.43801219034616184	0	0.3048059641487787	0.3138509673731724	0	0.46153846153846373	0.6973849643868872	0	0	0	0	0	0	0	0	0.9709384433903413	0.9203981887090432	0.8700259923997404	0.787471113378575	0.8785549219306141	0.9794418343488963	0.787471113378575	0	0.0	0	0.0	-0.07366478777969986	0	0.0	0	0.0	-0.4701791215170094	4001	True	
p[labour.trained]*0.5	3	buffer*0.9	52.0	22000	CONVERGED	577	1593.1415440316784	693.1471805599452	25	0.20328597569421858	0	0.19151028781128884	20.213996545523624	0.684417475145822	0	0.0	0.0	0.30439621057790855	0.4980078677788869	0	0.21012813554074483	0.38258674889611083	0	0.4066109321782675	0.5107501711345394	0	0	0	11	13	0	11	0	0.7574129583882977	0.6945029239242402	0.20328597569421858	0.4735375997990769	0.5605853467284745	0.2032859756942186	0.8390215410265556	600	0.75819955651774	3	3.9762302190065346e-64	-0.07366478777970022	0	0.0	0	0.0	-0.47017912151701047	4001	True	
p[labour.trained]*2	3	buffer*0.9	52.0	22000	CONVERGED	462	693.1471805599452	693.1471805599452	0	0.8403309888289611	0	0.8375993609842476	0.0	0.8848826022131532	0	0.0	0.0	0.394145938537498	0.44178998654318263	0	0.30769230769230926	0.49676221709121393	0	0.45457112965906765	0.4741691308105413	0	0	0	0	0	0	0	0	0.883877082784699	0.9171717873647776	0.8403309888289611	0.8495234279010869	0.8749461119281775	0.8403309888289612	0.9782679407514611	0	0.0	0	0.0	-0.07366478777969937	0	0.0	0	0.0	-0.4701791215170085	4001	True	
p[labour]*0.5	3	buffer*0.9	52.0	22000	CONVERGED	568	1164.227624812145	693.1471805599452	12	0.3121636764221159	0	0.3062665417335668	21.948012631174883	0.24942766219836576	0	0.0	0.0	0.2337478172945028	0.48165337188387414	0	0.2769611966868279	0.3427308390139881	0	0.38583234644763825	0.5040763349821563	0	0	0	6	12	8	0	0	0.5524948408779157	0.6681918113431433	0.3523079908484101	0.3121636764221159	0.3293683826048134	0.8805954562752903	0.835970083969883	532	0.1172992556360636	2	2.6031378612958282e-64	-0.07366478777969937	0	0.0	0	0.0	-0.4701791215170094	4001	True	
p[labour]*2	3	buffer*0.9	52.0	22000	CONVERGED	555	1347.6993818573455	693.1471805599452	8	0.30687402100772576	0	0.2848445283998532	0.0	0.8639571180139163	0	0.0	0.0	0.3557400062815982	0.7194499363669058	0	0.30769230769230926	0.3870709421860801	0	0.45354584061198694	0.49516787491275494	0	0	0	7	0	0	7	0	0.7255025175470683	0.7697917584054851	0.30687402100772576	0.6281025744712712	0.6852252781290846	0.30687402100772576	0.8090470200966304	470	0.7401626399216292	1	3.4154240326810075e-66	-0.0736647877796995	96	0.21064834680236286	1	1e-323	-0.47017912151700886	4001	True	
p[land]*0.5	3	buffer*0.9	52.0	22000	CONVERGED	537	769.725758336533	693.1471805599452	0	0.6434002104436156	0	0.4302456929663226	0.0	0.8959552714078389	0	0.0	0.0	0.4230769230769254	0.5775048391462102	0	0.3076923076923094	0.4081258053545089	0	0.46153846153846334	0.5895377858131888	0	0	0	0	0	0	0	0	1.0000000000000053	1.0	0.6434002104436156	0.6434002104436157	0.6434002104436155	0.9608970864832166	0.99684082457965	535	0.15782870237273028	2	4.530349335934986e-65	-0.07366478777970045	0	0.0	0	0.0	-0.4701791215170096	4001	True	
p[land]*2	3	buffer*0.9	52.0	22000	CONVERGED	638	1306.792247777597	693.1471805599452	89	0.27182760523815025	0	0.3737214037752478	299.15228880924997	0.33354123986459583	0	0.0	0.0	0.22762633954740874	0.5025196283275586	0	0.19181295207737056	0.3528797228147847	0	0.29548818629852797	0.5229730624966487	0	0	22	88	88	65	0	0	0.5380258934756934	0.35911266450553864	0.27182760523815025	0.27182760523815025	0.28237610231406474	0.6233920942514544	0.6402244036468107	575	0.2664396901061112	2	3.10828422416165e-63	-0.07366478777969926	0	0.0	0	0.0	-0.47017912151700886	4001	True	
p[mach]*0.5	3	buffer*0.9	52.0	22000	CONVERGED	673	2164.5070086323562	693.1471805599452	82	0.2412379896272641	0	0.24092702681915218	463.2510850451628	0.9425748427583187	0	0.0	0.0	0.3028331129363506	0.623156703542015	0	0.26846663158395956	0.42583747824846163	0	0.42352703499054034	0.5720073324710137	0	0	25	82	73	55	0	0	0.715787357849556	0.3139832091411364	0.24123798962726412	0.24123798962726412	0.25308544759047413	0.8725165526478686	0.8344743821784857	577	0.24279134762697208	2	5.148698413719367e-63	-0.0736647877796989	0	0.0	0	0.0	-0.4701791215170099	4001	True	
p[mach]*2	3	buffer*0.9	52.0	22000	CONVERGED	560	728.3047421067619	693.1471805599452	0	0.5222135241939515	0	0.5059864193234922	1.3158215657051358	0.19275203242994546	0	0.0	0.0	0.3027334954446822	0.46923197748419077	0	0.21809601515435165	0.3366959671083372	0	0.2696273899379453	0.5061855170332248	0	0	0	0	0	0	0	0	0.7525208235742618	0.7661583608157742	0.607287945445761	0.5222135241939515	0.5693577669421095	0.607287945445761	0.5222135241939515	573	0.14347696638419113	4	2.007609215192624e-64	-0.07366478777970117	0	0.0	0	0.0	-0.4701791215170085	4001	True	
p[services]*0.5	3	buffer*0.9	52.0	22000	CONVERGED	584	693.1471805599452	693.1471805599452	0	0.5184648831492893	0	0.46092817685014537	0.0	0.4618219791489576	0	0.0	0.0	0.27255465592521033	0.4678568404524339	0	0.19670289594920157	0.32978655276491264	0	0.4299694599891912	0.509400517436862	0	0	0	0	0	0	0	0	0.6517705747846673	0.7519694379391416	0.5184648831492893	0.6704707206711348	0.6790590602904528	0.5622699888826107	0.8387733808663861	592	0.1194826304447779	4	5.5450028346065797e-64	-0.07366478777969986	0	0.0	0	0.0	-0.4701791215170099	4001	True	
p[services]*2	3	buffer*0.9	52.0	22000	CONVERGED	520	693.1471805599452	693.1471805599452	0	0.585796102420783	0	0.6633138691915118	0.0	0.942574842758311	0	0.0	0.0	0.3692759445628603	0.5042650069555129	0	0.2715257318245244	0.3834533057325171	0	0.40747015039171147	0.497789019643056	0	0	0	0	0	0	0	0	0.8728340507849425	0.7858565190322864	0.7558138658330158	0.5857961024207831	0.7101840314344934	0.8824586284297044	0.8008106787458485	0	0.0	0	0.0	-0.07366478777969913	0	0.0	0	0.0	-0.470179121517009	4001	True	
res.services.trained=0.02@dated	3	buffer*0.9	52.0	22000	CONVERGED	425	496.64022791007574	693.1471805599452	0	0.8137833952258877	0	0.7245052468536167	0.0	0.7399539160575498	0	0.0	0.0	0.3637054241830068	0.4312330357504028	0	0.25279865200268503	0.30769230769230765	0	0.4522593893798247	0.4706038352136461	0	0	0	0	0	0	0	0	0.9999999999999998	0.9741348348869071	0.8137833952258876	0.8585200551794947	0.8987092162460426	0.8137833952258876	0.9779470522639383	3999	0.5547316673520062	33	0.3914281083883294	0.0	0	0.0	0	0.0	-0.6530159409248748	4001	True	
res.services.trained=0.02@genesis	3	buffer*0.9	52.0	22000	CONVERGED	424	496.64022791007574	693.1471805599452	0	0.8141557130280226	0	0.725429846009615	0.0	0.7399539160575491	0	0.0	0.0	0.36370542418300683	0.431658900151338	0	0.2527986520026851	0.30769230769230765	0	0.4524479994045641	0.47044075429004434	0	0	0	0	0	0	0	0	0.9999999999999998	0.9752932753793552	0.8141557130280227	0.8604387925278304	0.9031916046213546	0.8141557130280227	0.97833285952106	3999	0.5548733736847348	33	0.39142810838833075	0.0	0	0.0	0	0.0	-0.6530159409248752	4001	True	
res.services.trained=0.08@dated	3	buffer*0.9	52.0	22000	CONVERGED	573	1256.3698391827868	1256.369839182787	0	0.49999999999999994	0	0.5009317648106524	1.012330235015741	0.7358811639934008	0	0.0	0.0	0.3100190646459772	0.4279383701970741	0	0.30769230769230765	0.6177403652558875	0	0.4076423893479397	0.4685932777052719	0	0	0	0	0	0	0	0	0.7223005776190896	0.7579328971186925	0.5	0.7253518601507357	0.7261228710356569	0.5	0.813990371940246	0	0.0	0	0.0	-1.121112946619647	0	0.0	0	0.0	-0.4701791215170094	4001	True	
res.services.trained=0.08@genesis	3	buffer*0.9	52.0	22000	CONVERGED	574	1256.3698391827868	1256.369839182787	0	0.5000000000000001	0	0.5009317648106525	1.0524496686762426	0.7369995316770976	0	0.0	0.0	0.3100927857967699	0.42797510659223437	0	0.30769230769230765	0.6177603200715854	0	0.40774372719292407	0.46864053553234886	0	0	0	0	0	0	0	0	0.7224330960016474	0.757834063406448	0.5000000000000001	0.7254707244565041	0.7256426491130566	0.5	0.8142154429028615	0	0.0	0	0.0	-1.1211129466196466	0	0.0	0	0.0	-0.47017912151700886	4001	True	
s[goods]=0.5	3	buffer*0.9	52.0	22000	CONVERGED	624	1993.3545934206143	693.1471805599452	72	0.13623763614848133	0	0.12821712425005996	234.26639066424661	0.942574842758311	0	0.0	0.475614712250357	0.38778227159681317	0.5557241136050868	0	0.28601942103103806	0.38648813053516695	0	0.34083825552424957	0.5694988437749013	0	0	13	53	71	48	7	25	0.9999999999999998	0.4293627614701661	0.2644663041158636	0.13623763614848133	0.14496641980973446	0.4134541620602985	0.21000924250209435	629	0.6148629809084012	6	1.2745304533499327e-63	-0.07366478777970022	117	0.7211575349495446	2	1e-323	-0.4701791215170085	4001	True	
s[services]=0.5	3	buffer*0.9	52.0	22000	CONVERGED	602	1586.6407750224264	693.1471805599452	49	0.20461179562047901	0	0.18527594826717486	86.16758050433157	0.942574842758311	0	0.475614712250357	0.0	0.362634203746816	0.5674554471447446	0	0.2760832974265916	0.4062690961459466	0	0.4225785065735437	0.5222680461103655	0	0	0	35	10	10	16	0	0.9507835364864821	0.5784033010543365	0.20461179562047901	0.40001310776777843	0.2679210713596125	0.20461179562047901	0.7557937112760599	614	0.7910810735771517	2	6.899635531654588e-64	-0.07366478777969877	125	0.1302038964079556	2	1e-323	-0.47017912151700975	4001	True	
sw[master]=0.5	3	buffer*0.9	52.0	22000	CONVERGED	365	609.8644741243955	693.1471805599452	0	0.5434245121669512	0	0.5434245121669511	0.0	0.9125596075556804	0	0.0	0.0	0.40812303989516086	0.43069963638814857	0	0.3059836931086131	0.31101603996821703	0	0.41473554923738987	0.4829174973174958	0	0	0	0	0	0	0	0	0.9745826356533291	0.958096519162256	0.9293578791147583	0.5434245121669512	0.9417319737316985	0.982805498242488	0.5434245121669511	0	0.0	0	0.0	-0.07366478777969902	75	0.3952500243371661	0	1e-323	-0.47017912151700925	4001	True	
sw[trained]=0.5	3	buffer*0.9	52.0	22000	CONVERGED	474	683.7227976698905	693.1471805599452	0	0.5047344661132523	0	0.5047344661132522	0.0	0.8336869592787867	0	0.0	0.0	0.3757468754787365	0.4467286481793838	0	0.2997656017560411	0.33763387253623084	0	0.44571210680130485	0.47836323607535974	0	0	0	0	0	0	0	0	0.9160053266174503	0.8955295911893708	0.5047344661132523	0.7949490935533992	0.8350288994863743	0.5047344661132522	0.9551628289248129	459	0.4819188334470013	0	2.2611547930638153e-66	-0.07366478777969986	0	0.0	0	0.0	-0.4701791215170096	4001	True	
tail.services=0.05@dated	3	buffer*0.9	52.0	22000	CONVERGED	393	585.4655565343056	585.4655565343057	0	0.9257909128108794	0	0.8529053763136153	0.0	0.39857841751076034	0	0.0	0.0	0.26923076923077094	0.423076923076923	0	0.30769230769230765	0.35198835801779704	0	0.4592669887575642	0.47548976757045935	0	0	0	0	0	0	0	0	1.000000000000006	0.9926864008226011	0.9820411734968733	0.9257909128108794	0.9956530633624545	1.0	0.9840158562715892	0	0.0	0	0.0	-0.6070015874038387	0	0.0	0	0.0	-1.0035159211411455	4001	True	
tail.services=0.05@genesis	3	buffer*0.9	52.0	22000	CONVERGED	393	585.4655565343056	585.4655565343057	0	0.9257909128108794	0	0.8529053763136153	0.0	0.3985784175107593	0	0.0	0.0	0.2692307692307709	0.423076923076923	0	0.30769230769230765	0.35198835801779704	0	0.4592669887575642	0.47548976757045935	0	0	0	0	0	0	0	0	1.0000000000000056	0.9926864008226008	0.982041173496873	0.9257909128108794	0.9956530633624534	1.0	0.9840158562715889	0	0.0	0	0.0	-0.6070015874038376	0	0.0	0	0.0	-1.0035159211411464	4001	True	
tail.services=0.2@dated	3	buffer*0.9	52.0	22000	CONVERGED	708	819.4239445557957	799.2031953104855	9	0.45167498959059815	0	0.4307316010135922	51.447927701117344	0.942574842758311	0	0.0	0.0	0.38533866827475327	0.670936116700432	0	0.27997882114778594	0.4460207312201172	0	0.42735992980903786	0.5047938505557175	0	0	0	8	0	0	8	0	0.5789473684210525	0.6641824841185137	0.45167498959059815	0.6039202728401643	0.5980524716235477	0.45167498959059815	0.6701284305929551	3999	0.5180363697054782	54	0.28608793431239427	0.0	3937	0.3101977565119659	28	0.04967163795419853	0.0	4001	True	
tail.services=0.2@genesis	3	buffer*0.9	52.0	22000	CONVERGED	734	820.474906040899	799.2031953104855	9	0.451004028149001	0	0.42847614554430286	59.31998549107318	0.942574842758311	0	0.0	0.0	0.38563783656551426	0.672122597042542	0	0.27976853009525304	0.44690631321428453	0	0.4258012810459742	0.5056810751860291	0	0	0	8	0	0	8	0	0.5789473684210525	0.6538440024117398	0.451004028149001	0.5938861876932816	0.6066216326041368	0.45100402814900103	0.6757984330506627	3999	0.5200734738456927	54	0.2860879343123928	0.0	3937	0.3050675469284355	30	0.04967163795419876	0.0	4001	True	
x*/2	3	buffer*0.9	52.0	22000	CONVERGED	684	inf	693.1471805599452	97	0.0	1	0.0	691.6964529152405	0.942574842758311	0	0.475614712250357	0.475614712250357	0.3248322672658557	0.6638775881205176	0	0.23983535861752214	0.4458648185114048	0	0.3109972426140868	0.5774549763045275	0	0	32	96	96	68	34	25	0.8457100548131541	0.25145823383333593	0.0	0.0	0.0	0.09141991510113634	0.154519015583053	674	0.914506260473212	6	6.469554508088762e-63	-0.07366478777969807	169	0.7978949166827313	2	1e-323	-0.47017912151700725	4001	True	
JA(0.5)	3	buffer*1.1	52.0	22000	CONVERGED	704	2503.412835670245	693.1471805599452	119	0.1449946236770299	0	0.09749012030496326	753.2069462744718	0.5273019255164006	0	0.0	0.0	0.2077073653997157	0.6250306952156195	0	0.18588111416985253	0.42659316834226635	0	0.3143073137432043	0.5675421235165845	0	17	31	117	117	85	0	0	0.4909446818538735	0.23240020020525448	0.1449946236770299	0.1449946236770299	0.1521288507829566	0.6041136210520208	0.6635872041216033	598	0.3956737239365734	4	1.2923822178237066e-62	-0.07366478777969854	0	0.0	0	0.0	-0.4701791215170078	4001	True	
JA(2)	3	buffer*1.1	52.0	22000	CONVERGED	531	771.1931497037317	693.1471805599452	1	0.5356828530078416	0	0.7876894004563996	12.627965555214592	0.6425229723856306	0	0.0	0.0	0.4230769230769245	0.5775048391462102	0	0.28765749315902767	0.4081258053545089	0	0.41325299678535105	0.5895377858131888	0	0	0	0	0	1	0	0	0.6134635694043042	0.7382014829390318	0.5404224268800756	0.5356828530078417	0.4999999999999999	0.5	0.5	556	0.11942975611543134	2	1.2089654391079374e-64	-0.07366478777970117	0	0.0	0	0.0	-0.4701791215170085	4001	True	
JB(0.5)	3	buffer*1.1	52.0	22000	CONVERGED	637	1769.9152401306749	693.1471805599452	96	0.19573304848360498	0	0.1378578972699946	333.5497014476139	-0.4437195183615795	30	0.10124264103039714	0.10124264103039714	0.2053602139311711	0.5424673328679898	0	0.14883977759037062	0.377452990101452	0	0.1756796380885223	0.5368450885659525	0	0	19	96	96	70	44	55	0.5731247689756144	0.35357680292613747	0.21702815369872613	0.19573304848360495	0.2252746933987361	0.21702815369872613	0.19573304848360498	658	0.6770877360180155	4	3.8618448358570775e-63	-0.0736647877796983	169	0.5757003867110417	2	1e-323	-0.47017912151700797	4001	True	
JB(2)	3	buffer*1.1	52.0	22000	CONVERGED	655	2114.275631423059	693.1471805599452	63	0.3119019037142279	0	0.26362743650047693	422.6378617396979	0.9425748427583166	0	0.0	0.0	0.37105128183513447	0.6473239117095094	0	0.30769230769230854	0.4492561741128493	0	0.4615384615384624	0.6314104536614686	0	0	21	63	57	44	0	0	0.8428923696731101	0.3782820163790889	0.317597484921562	0.3119019037142279	0.31838245189528164	0.8154646003696081	0.9685881974850395	567	0.1652900034415924	2	2.7798956118570415e-63	-0.07366478777970105	0	0.0	0	0.0	-0.4701791215170094	4001	True	
N(0.5)	3	buffer*1.1	52.0	22000	CONVERGED	626	1286.3920930505692	0.0	18	0.45769346492917823	0	0.25562218154498734	54.24603729421599	0.942574842758311	0	0.0	0.0	0.36467366464491624	0.5893253315653928	0	0.26880625671611846	0.41155172191750955	0	0.46153846153846145	0.6207111284484056	0	0	0	18	0	0	0	0	0.8619559346152565	0.6641298527502737	0.4576934649291782	0.5394680268850081	0.5145340033554019	0.8736203343273851	1.0	532	0.08504653755107948	2	6.889706484155447e-64	-0.07366478777969818	0	0.0	0	0.0	-0.4701791215170071	4001	True	
N(2)	3	buffer*1.1	52.0	22000	CONVERGED	515	815.3414734238138	0.0	4	0.44248820359856517	0	0.972880353602478	28.669157241204065	0.39307523252734766	0	0.0	0.0	0.30734695470401063	0.44085458420882767	0	0.22043384820455644	0.3174082681887953	0	0.31889973657107296	0.47593976851541975	0	0	4	4	4	1	0	0	0.5	0.45576015661428093	0.4424882035985652	0.4424882035985652	0.4999999999999999	0.5	0.5	566	0.0497455233116523	2	4.003976695261393e-64	-0.07366478777970009	0	0.0	0	0.0	-0.47017912151700725	4001	True	
RC(0.5)	3	buffer*1.1	52.0	22000	CONVERGED	603	917.3366624296165	693.1471805599452	29	0.43915473147084494	0	0.44503352177517197	30.188013556799824	0.41195592706977774	0	0.0	0.0	0.2548994711254755	0.4993529072281804	0	0.19248591669053172	0.3649296418913066	0	0.4389407522759111	0.6141526487650792	0	0	0	23	5	0	23	0	0.6225400605124116	0.6767107827954627	0.43915473147084494	0.4965934422397486	0.5375308288996498	0.439154731470845	0.8873604922767562	623	0.28929016724944523	4	1.4834453713838588e-63	-0.07366478777969854	0	0.0	0	0.0	-0.47017912151700747	4001	True	
RC(2)	3	buffer*1.1	52.0	22000	CONVERGED	549	1338.8045261479356	693.1471805599452	42	0.26215888541435467	0	0.2664251350919842	0.0	0.9382864670454218	0	0.0	0.0	0.39277868389559206	0.5106315402384546	0	0.2874075462925793	0.41928865343884786	0	0.3509390254608748	0.5983945755054555	0	0	0	0	42	0	0	32	0.9283859801168539	0.8363707493194633	0.7386200832608032	0.26215888541435467	0.6325222032955821	0.8115668807305669	0.26215888541435467	495	0.10087873246320449	2	1.6479395743018443e-64	-0.07366478777969866	94	0.6788981008557152	2	1e-323	-0.47017912151700764	4001	True	
RW(0.5)	3	buffer*1.1	52.0	22000	CONVERGED	564	937.7273474026701	693.1471805599452	22	0.39668131105938836	0	0.380378919424263	39.56494111608174	0.24942766219836576	0	0.0	0.0	0.2337478172945028	0.4924112997314574	0	0.28676980494578314	0.49676221709121393	0	0.3926014850934332	0.6973849643868872	0	0	0	1	21	3	0	0	0.5524948408779157	0.6320584707018189	0.4645927993168614	0.39668131105938836	0.4257862345983053	0.8701219924645756	0.75188449774647	535	0.13752095685842822	2	3.362704095470044e-64	-0.0736647877796989	0	0.0	0	0.0	-0.4701791215170078	4001	True	
RW(2)	3	buffer*1.1	52.0	22000	CONVERGED	598	3653.171224824333	693.1471805599452	57	0.02590883561997994	0	0.022171482042599566	167.57092280356298	0.7253608953773043	0	0.0	0.0	0.2649358323016516	0.7194499363669058	0	0.27089369876923497	0.4035959300427671	0	0.36763637304178964	0.5319023003657547	0	0	7	56	48	27	15	10	0.5262720586479389	0.47970075190355327	0.025908835619979937	0.13476483421719315	0.3883787366453914	0.025908835619979937	0.13476483421719318	622	0.9728464127503935	3	9.079310565386438e-64	-0.07366478777969818	70	0.8428416348564032	1	1e-323	-0.47017912151700764	4001	True	
land.mach=0.2@dated	3	buffer*1.1	52.0	22000	CONVERGED	552	603.9942924065705	594.5948731742905	0	0.569161724623198	0	0.6434002104436152	0.0	0.942574842758311	0	0.0	0.0	0.423076923076923	0.5359219771194057	0	0.3023599233100557	0.3824722416381766	0	0.4589309180409019	0.5545262601707572	0	0	0	0	0	0	0	0	0.8846153846153845	0.9449595037551021	0.569161724623198	0.5691617246231981	0.5691617246231979	0.7565967667763973	0.8717547137774296	457	0.1618655669330957	2	9.902836871924377e-78	-0.08849466746738903	0	0.0	0	0.0	-0.5104320585812582	4001	True	
land.mach=0.2@genesis	3	buffer*1.1	52.0	22000	CONVERGED	552	603.9942924065705	594.5948731742905	0	0.5691617246231985	0	0.6434002104436156	0.0	0.942574842758311	0	0.0	0.0	0.423076923076923	0.5358354033239313	0	0.30245400228179503	0.38247385685575086	0	0.45904615789152814	0.554471733157165	0	0	0	0	0	0	0	0	0.8846153846153845	0.9452624397715231	0.5691617246231985	0.5691617246231986	0.5691617246231984	0.7573877909389428	0.8728779620070276	456	0.16131552201022342	2	9.822514651030256e-78	-0.08849466746738806	0	0.0	0	0.0	-0.5104320585812588	4001	True	
land.mach=0.8@dated	3	buffer*1.1	52.0	22000	CONVERGED	563	2225.540431861413	642.3610059345988	97	0.15582661244927948	0	0.18996876603382568	760.475768201185	0.10193470728924796	0	0.0	0.0	0.19475623765391775	0.44443264371263713	0	0.17651678799662626	0.3092101287449081	0	0.2746358743021502	0.46153846153846145	0	0	28	96	96	65	0	0	0.5665636004477607	0.2821488964710174	0.15582661244927948	0.15582661244927948	0.17539665202081803	0.6750280419931259	0.6353104041414245	750	0.35030691939745723	4	4.556894536732863e-46	-0.052829728824178024	0	0.0	0	0.0	-0.4139068365570582	4001	True	
land.mach=0.8@genesis	3	buffer*1.1	52.0	22000	CONVERGED	563	2223.9562137269427	642.3610059345988	97	0.15565856634501593	0	0.1901353149142322	759.4882176380843	0.10191089047329058	0	0.0	0.0	0.19482677972292164	0.4443572962309841	0	0.17656178281993062	0.3091442420368946	0	0.2747551628734236	0.46153846153846145	0	0	29	96	95	65	0	0	0.5667688137394084	0.28224224711570606	0.15565856634501596	0.15565856634501596	0.17562017455936876	0.675467700743489	0.6356343454551608	749	0.349961125347964	4	4.605026070691796e-46	-0.05282972882417849	0	0.0	0	0.0	-0.4139068365570597	4001	True	
p[goods]*0.5	3	buffer*1.1	52.0	22000	CONVERGED	556	1039.268711737266	693.1471805599452	28	0.35371325375284074	0	0.3334782647425323	1.4462866678576662	0.7796984762207655	0	0.0	0.0	0.3903095962322738	0.4618317830387924	0	0.2906247929300844	0.34165668072785976	0	0.3006822314699412	0.5391365440321808	0	0	0	0	27	0	0	23	0.9206757448565117	0.7217259786785913	0.6736750348819434	0.35371325375284074	0.654422834140484	0.8368654998734875	0.3537132537528408	507	0.06936098281325086	2	3.33327586153033e-64	-0.07366478777969902	98	0.47803061836048744	2	1e-323	-0.4701791215170087	4001	True	
p[goods]*2	3	buffer*1.1	52.0	22000	CONVERGED	475	693.1471805599452	693.1471805599452	0	0.7504552288692578	0	0.7535671244663373	0.0	0.860429772062164	0	0.0	0.0	0.3720173003208804	0.45325083490289864	0	0.2733849777060199	0.3319625628030709	0	0.41604636336605416	0.5720206873708704	0	0	0	0	0	0	0	0	0.8793136189402627	0.8235357953514273	0.7504552288692576	0.7712998237738202	0.8669699899655404	0.8229198472100603	0.9014337872931175	494	0.05978334587556649	2	1.8739674601385627e-65	-0.07366478777969794	0	0.0	0	0.0	-0.4701791215170069	4001	True	
p[labour.master]*0.5	3	buffer*1.1	52.0	22000	CONVERGED	430	693.1471805599452	693.1471805599452	0	0.523443934473597	0	0.4609016924986124	0.0	0.8831027486341699	0	0.0	0.0	0.3962284215089278	0.44073175524734926	0	0.298550856118505	0.31549071391680994	0	0.2878847912266559	0.5163733886895564	0	0	0	0	0	0	0	0	0.9554686801247537	0.8950373050736788	0.8339148161428026	0.5234439344735968	0.9029496329607072	0.9334090954489725	0.5234439344735968	0	0.0	0	0.0	-0.07366478777970022	81	0.2426003757933819	1	1e-323	-0.47017912151700975	4001	True	
p[labour.master]*2	3	buffer*1.1	52.0	22000	CONVERGED	432	693.1471805599452	693.1471805599452	0	0.7874711133785751	0	0.7802408688812124	0.0	0.8893532737474844	0	0.0	0.0	0.4106489088408981	0.43954943031475197	0	0.3048656375933182	0.31424897525405016	0	0.46153846153846223	0.6973849643868872	0	0	0	0	0	0	0	0	0.965131379288576	0.9188141945482469	0.8504662704359963	0.787471113378575	0.8785549219306141	0.9741768520297985	0.787471113378575	0	0.0	0	0.0	-0.07366478777970081	0	0.0	0	0.0	-0.47017912151700814	4001	True	
p[labour.trained]*0.5	3	buffer*1.1	52.0	22000	CONVERGED	572	1593.6908980944356	693.1471805599452	34	0.2031743303867788	0	0.1917373934709111	37.76909993968171	0.66388967929198	0	0.0	0.0	0.2982736330004534	0.5044907654744246	0	0.21012813554074483	0.3883788784986704	0	0.3907279559036562	0.5157377335481925	0	0	0	11	22	0	11	0	0.7227965695624786	0.6629777668632976	0.2031743303867788	0.4099005737127154	0.5003383281125177	0.2031743303867788	0.8147530249665267	604	0.7573428240750572	3	4.587248146982852e-64	-0.07366478777969926	0	0.0	0	0.0	-0.4701791215170078	4001	True	
p[labour.trained]*2	3	buffer*1.1	52.0	22000	CONVERGED	455	693.1471805599452	693.1471805599452	0	0.8258357822910334	0	0.8375993609842476	0.0	0.8804959191646652	0	0.0	0.0	0.392562607065932	0.4435445805241018	0	0.30769230769230854	0.49676221709121393	0	0.4525610382002972	0.4754558968791053	0	0	0	0	0	0	0	0	0.883877082784699	0.9108000625246188	0.8403309888289611	0.8258357822910334	0.8563893006531843	0.8403309888289612	0.9746231448858137	0	0.0	0	0.0	-0.07366478777970081	0	0.0	0	0.0	-0.470179121517009	4001	True	
p[labour]*0.5	3	buffer*1.1	52.0	22000	CONVERGED	557	1156.5512758680406	693.1471805599452	17	0.3145691746396033	0	0.3066972010494803	26.608803872364284	0.24942766219836576	0	0.0	0.0	0.2337478172945028	0.48645597490218867	0	0.2753643828358045	0.3460598279375835	0	0.3831562596314944	0.5058386134374524	0	0	0	7	17	10	0	0	0.5524948408779157	0.6604535979105057	0.3538245205763754	0.3145691746396033	0.3313928943267913	0.8724141030428315	0.830171895868238	535	0.13278773336302827	2	2.7623037267326964e-64	-0.07366478777970092	0	0.0	0	0.0	-0.470179121517011	4001	True	
p[labour]*2	3	buffer*1.1	52.0	22000	CONVERGED	546	1348.3032385634615	693.1471805599452	8	0.30632775099737725	0	0.2848535885051269	2.2283118622426827	0.8483680578117415	0	0.0	0.0	0.3510288380700247	0.7194499363669058	0	0.3076923076923088	0.38706773050759935	0	0.44567697500340603	0.4995173577110482	0	0	0	7	0	0	7	0	0.698022927835367	0.7485535399095744	0.30632775099737725	0.571727751672825	0.6363098852141461	0.30632775099737725	0.8091247212165215	582	0.7403194970896192	3	2.0796073561088648e-64	-0.07366478777969877	97	0.21055952271162207	1	1e-323	-0.47017912151700747	4001	True	
p[land]*0.5	3	buffer*1.1	52.0	22000	CONVERGED	553	769.7653362236016	693.1471805599452	0	0.6434002104436156	0	0.4302456929663226	0.0	0.8969832485188884	0	0.0	0.0	0.4230769230769254	0.5775048391462102	0	0.3076923076923091	0.4081258053545089	0	0.46153846153846356	0.5895377858131888	0	0	0	0	0	0	0	0	1.0000000000000053	1.0	0.6434002104436156	0.6434002104436157	0.6434002104436155	0.9566409485848906	0.9942386713139771	533	0.16631455819867103	2	4.333156176084152e-65	-0.0736647877796989	0	0.0	0	0.0	-0.4701791215170085	4001	True	
p[land]*2	3	buffer*1.1	52.0	22000	CONVERGED	631	1443.8683780835615	693.1471805599452	92	0.24349709681536444	0	0.3280531240659739	353.1678283992085	0.2786929343179077	0	0.0	0.0	0.21639278646741375	0.5123919511129608	0	0.18395670295314684	0.3591199702324164	0	0.2858965881491224	0.5255868022939014	0	0	24	91	91	66	0	0	0.5114738589229779	0.3393697338693956	0.24685341172571978	0.2434970968153645	0.2474711974753617	0.5978592845977273	0.619442607656432	580	0.3064689015509342	2	3.5069131250525195e-63	-0.0736647877796989	0	0.0	0	0.0	-0.47017912151700764	4001	True	
p[mach]*0.5	3	buffer*1.1	52.0	22000	CONVERGED	683	2389.2341494088323	693.1471805599452	89	0.19983241615966263	0	0.2028794880544442	585.6733742461976	0.9425748427583178	0	0.0	0.0	0.28249649630903206	0.6469237914993777	0	0.25350366448807043	0.43433018758158365	0	0.39385189552460453	0.5843966386608925	0	0	28	89	81	60	0	0	0.667718991275894	0.28097856003248073	0.20533071595963445	0.19983241615966263	0.20673978055653344	0.823886909586229	0.8029269638078957	586	0.2889143009776013	2	6.79010596255493e-63	-0.07366478777969902	0	0.0	0	0.0	-0.47017912151700764	4001	True	
p[mach]*2	3	buffer*1.1	52.0	22000	CONVERGED	544	748.4309533049412	693.1471805599452	3	0.4989855774737857	0	0.48294242277901933	1.566245969468006	0.1907234025567305	0	0.0	0.0	0.2965333744354051	0.4700595710744826	0	0.21471474569180649	0.3372345440961009	0	0.2625763641265347	0.5061721708812766	0	0	0	0	2	0	0	2	0.7412947490353973	0.7696200284757945	0.5932541070256226	0.49898557747378575	0.5481065889817458	0.5932541070256226	0.49898557747378575	574	0.15036202479758348	4	1.9842493528515177e-64	-0.07366478777969962	0	0.0	0	0.0	-0.47017912151700725	4001	True	
p[services]*0.5	3	buffer*1.1	52.0	22000	CONVERGED	584	732.3169941583767	693.1471805599452	8	0.48627850688384977	0	0.4347271540574258	9.723956448321246	0.4194828903140507	0	0.0	0.0	0.26182059943670477	0.4741962380873723	0	0.1905815267269347	0.339946197933702	0	0.43204920547426545	0.5079476545657301	0	0	0	8	0	0	0	0	0.6234346535019643	0.7107601305630851	0.4862785068838498	0.5560424996446167	0.5882748467076684	0.5244152894006491	0.8361535633858637	608	0.14636488859098767	4	9.289321414876129e-64	-0.07366478777969962	0	0.0	0	0.0	-0.47017912151700836	4001	True	
p[services]*2	3	buffer*1.1	52.0	22000	CONVERGED	511	693.1471805599452	693.1471805599452	0	0.5188443344218922	0	0.6070385909257419	0.0	0.942574842758311	0	0.0	0.0	0.3692759445628603	0.5077309565121064	0	0.2715257318245244	0.3909426643778717	0	0.39663919053739566	0.5013548783223454	0	0	0	0	0	0	0	0	0.8728340507849425	0.774049611314703	0.7551262234513679	0.5188443344218922	0.6613879129780215	0.8824586284297044	0.7743106442728926	0	0.0	0	0.0	-0.07366478777969843	0	0.0	0	0.0	-0.47017912151700725	4001	True	
res.services.trained=0.02@dated	3	buffer*1.1	52.0	22000	CONVERGED	407	496.64022791007574	693.1471805599452	0	0.8169143092115883	0	0.726839541142161	0.0	0.7399539160575483	0	0.0	0.0	0.36370542418300666	0.4314001102421011	0	0.25279865200268503	0.30769230769230765	0	0.45193810852684485	0.4703599667250895	0	0	0	0	0	0	0	0	0.9999999999999998	0.9769402411008892	0.8169143092115883	0.8553128470772768	0.8986588217327475	0.8169143092115884	0.9757339510944022	3999	0.5534446569153783	35	0.39142810838833	0.0	0	0.0	0	0.0	-0.6530159409248737	4001	True	
res.services.trained=0.02@genesis	3	buffer*1.1	52.0	22000	CONVERGED	407	496.64022791007574	693.1471805599452	0	0.8172417568075534	0	0.7279588161416765	0.0	0.7399539160575479	0	0.0	0.0	0.36370542418300666	0.4318497450407479	0	0.25279865200268503	0.30769230769230765	0	0.4521184960770238	0.47020607493765953	0	0	0	0	0	0	0	0	0.9999999999999998	0.9779354426254484	0.8172417568075534	0.8578251337828562	0.9029097136564948	0.8172417568075534	0.9761494925705095	3999	0.5536148903057029	35	0.3914281083883306	0.0	0	0.0	0	0.0	-0.6530159409248741	4001	True	
res.services.trained=0.08@dated	3	buffer*1.1	52.0	22000	CONVERGED	579	1256.3698391827868	1256.369839182787	0	0.49999999999999994	0	0.5009317648106524	2.427271364234665	0.7215236626411021	0	0.0	0.0	0.3083398225021953	0.4292639045340504	0	0.30769230769230765	0.6179403869021588	0	0.4106851585825139	0.46882323593955344	0	0	0	0	0	0	0	0	0.7107879259632318	0.7569151270139999	0.5	0.6941755339951179	0.6958254021235103	0.5	0.8200404242905864	0	0.0	0	0.0	-1.1211129466196468	0	0.0	0	0.0	-0.4701791215170096	4001	True	
res.services.trained=0.08@genesis	3	buffer*1.1	52.0	22000	CONVERGED	580	1256.3698391827868	1256.369839182787	0	0.5000000000000001	0	0.5009317648106525	2.5008343228242254	0.7226594025711476	0	0.0	0.0	0.3084173729141628	0.4293173156512883	0	0.30769230769230765	0.6179659300530014	0	0.4108005097941525	0.4688809104259274	0	0	0	0	0	0	0	0	0.7109290148307595	0.7568861834034264	0.5000000000000001	0.6937427421718968	0.6953634958683323	0.5	0.820296503191042	0	0.0	0	0.0	-1.121112946619646	0	0.0	0	0.0	-0.47017912151700975	4001	True	
s[goods]=0.5	3	buffer*1.1	52.0	22000	CONVERGED	644	1998.1129262035006	693.1471805599452	72	0.1355909120226834	0	0.12768351957860458	250.55124051706915	0.942574842758311	0	0.0	0.475614712250357	0.38096397648505315	0.5648547897122539	0	0.278791075962002	0.3922066621695404	0	0.3341057702494656	0.571364869619441	0	0	13	55	71	51	7	26	0.9999999999999998	0.42350618423817715	0.26160591741696054	0.1355909120226834	0.1435904210623161	0.4168989479623556	0.2061121259548777	630	0.6084282795961726	6	1.3215477891492407e-63	-0.07366478777969807	118	0.7216086056147145	2	1e-323	-0.4701791215170066	4001	True	
s[services]=0.5	3	buffer*1.1	52.0	22000	CONVERGED	594	1593.4977563438379	693.1471805599452	55	0.203213575622451	0	0.18658148654525983	104.87309130251622	0.9216141894270159	0	0.475614712250357	0.0	0.3536486398090498	0.5706362339073368	0	0.27304756559418303	0.40988148698620136	0	0.4156679543938966	0.5239756563948939	0	0	0	41	20	23	17	0	0.9109675203050185	0.5618826532028034	0.203213575622451	0.3946356125314555	0.26435061283753886	0.20321357562245101	0.7526313136661703	619	0.7891028172144152	4	8.485726388207104e-64	-0.07366478777969877	131	0.15328960542936831	2	1e-323	-0.4701791215170071	4001	True	
sw[master]=0.5	3	buffer*1.1	52.0	22000	CONVERGED	360	609.8644741243955	693.1471805599452	0	0.5434245121669512	0	0.5434245121669511	0.0	0.9075526186103874	0	0.0	0.0	0.4080490342121963	0.43154587173383513	0	0.30520414305758703	0.31117891018778226	0	0.41473554923738987	0.4853573599871852	0	0	0	0	0	0	0	0	0.9741377573871084	0.9569241892501628	0.9167985079754757	0.5434245121669512	0.9350989882365334	0.9793466176211669	0.5434245121669511	0	0.0	0	0.0	-0.07366478777969866	75	0.3952500243371661	0	1e-323	-0.47017912151700747	4001	True	
sw[trained]=0.5	3	buffer*1.1	52.0	22000	CONVERGED	468	683.7227976698905	693.1471805599452	0	0.5047344661132523	0	0.5047344661132522	0.0	0.8285996388825004	0	0.0	0.0	0.3738220884283272	0.44873524913125223	0	0.2997656017560411	0.33760278620376916	0	0.44263017333125265	0.4800413549807868	0	0	0	0	0	0	0	0	0.9049758026661588	0.8848137879377755	0.5047344661132523	0.7632553874727072	0.808939743813157	0.5047344661132522	0.9496725891491113	462	0.4819188334470013	0	2.501791374853736e-66	-0.07366478777969843	0	0.0	0	0.0	-0.47017912151700586	4001	True	
tail.services=0.05@dated	3	buffer*1.1	52.0	22000	CONVERGED	377	585.4655565343056	585.4655565343057	0	0.9240973072888563	0	0.8529053763136153	0.0	0.3985784175107577	0	0.0	0.0	0.2692307692307702	0.423076923076923	0	0.30769230769230765	0.35157850727586004	0	0.4590387995024198	0.47519499672309945	0	0	0	0	0	0	0	0	1.0000000000000036	0.9931509083771651	0.982892875868311	0.9240973072888563	0.9960351840854661	1.0	0.9830225686065088	0	0.0	0	0.0	-0.6070015874038387	0	0.0	0	0.0	-1.0035159211411477	4001	True	
tail.services=0.05@genesis	3	buffer*1.1	52.0	22000	CONVERGED	377	585.4655565343056	585.4655565343057	0	0.9240973072888563	0	0.8529053763136153	0.0	0.39857841751075646	0	0.0	0.0	0.2692307692307703	0.423076923076923	0	0.30769230769230765	0.3515785072758601	0	0.4590387995024199	0.4751949967230995	0	0	0	0	0	0	0	0	1.0000000000000036	0.9931509083771651	0.9828928758683111	0.9240973072888563	0.9960351840854665	1.0	0.9830225686065096	0	0.0	0	0.0	-0.6070015874038388	0	0.0	0	0.0	-1.0035159211411475	4001	True	
tail.services=0.2@dated	3	buffer*1.1	52.0	22000	CONVERGED	724	824.7621557647714	799.2031953104855	18	0.44691310227270165	0	0.42985297696018576	66.91748723749268	0.9330910210141887	0	0.0	0.0	0.38004984933846514	0.674558101068732	0	0.2795370886578272	0.44805810733031515	0	0.42154512568020636	0.5051721450736353	0	0	0	17	0	0	8	0	0.5789473684210525	0.650114450038034	0.44691310227270165	0.5806410657743645	0.5794698620063965	0.44691310227270165	0.6771188774875924	3999	0.5176956872125204	42	0.2860879343123937	-1.1102230246251565e-16	3939	0.30598280910822695	26	0.04967163795419799	0.0	4001	True	
tail.services=0.2@genesis	3	buffer*1.1	52.0	22000	CONVERGED	729	826.1277264697967	799.2031953104855	20	0.4460136874207923	0	0.42715461883485456	76.57892324828984	0.9407728004127893	0	0.0	0.0	0.3802337289353762	0.6766157155928152	0	0.27937413972982356	0.4491227412613321	0	0.41586576732783653	0.5073549094658825	0	0	0	19	0	0	8	0	0.5789473684210525	0.6383879760512021	0.4460136874207923	0.5601386501232894	0.5623479339749575	0.4460136874207923	0.6844432194900377	3999	0.5200671326675511	42	0.2860879343123926	0.0	3939	0.29926028524040565	26	0.049671637954200196	0.0	4001	True	
x*/2	3	buffer*1.1	52.0	22000	CONVERGED	680	6374.944452744206	693.1471805599452	99	0.0039272982977233495	0	0.0036826976502166717	763.086809274783	0.942574842758311	0	0.475614712250357	0.475614712250357	0.30607140807151123	0.6774413804199687	0	0.2290743027489927	0.4517722345601423	0	0.29777786573951337	0.5847475366791473	0	0	32	98	98	68	36	25	0.7970046919972545	0.242165148688821	0.004549928944161389	0.0039272982977233495	0.0017037144298354533	0.09224246238454964	0.15427943373432118	677	0.9121287517939176	6	7.256472663380099e-63	-0.07366478777969973	173	0.7937184470789351	2	1e-323	-0.4701791215170087	4001	True	
JA(0.5)	3	buffer*1.25	52.0	22000	CONVERGED	698	2645.9141014053516	693.1471805599452	122	0.12920321019225073	0	0.0986406726075488	852.9667103695722	0.46408707320178877	0	0.0	0.0	0.19660885783450702	0.6365951732258153	0	0.17716978214266244	0.4361776937002255	0	0.29974790495984444	0.5728724406804324	0	32	32	120	120	86	0	0	0.46471184579065294	0.22050439242784545	0.12920321019225073	0.13139085995742567	0.1327331803454881	0.575801791963653	0.6405364693820635	603	0.4301588277390482	4	1.5674245187994553e-62	-0.0736647877796983	0	0.0	0	0.0	-0.47017912151700764	4001	True	
JA(2)	3	buffer*1.25	52.0	22000	CONVERGED	521	766.9359678416255	693.1471805599452	1	0.5385887488265307	0	0.7918208261658292	10.925141401083504	0.6494972655537838	0	0.0	0.0	0.42307692307692457	0.5775048391462102	0	0.28922575468264067	0.4081258053545089	0	0.4152804374592791	0.5895377858131888	0	0	0	0	0	1	0	0	0.6134635694043042	0.7405358531546211	0.5433540332620587	0.5385887488265307	0.4999999999999999	0.5	0.5	555	0.1231897361249088	2	1.1558901994320821e-64	-0.07366478777969866	0	0.0	0	0.0	-0.4701791215170071	4001	True	
JB(0.5)	3	buffer*1.25	52.0	22000	CONVERGED	669	1926.1129284222507	693.1471805599452	100	0.1771500269324911	0	0.12643857266304132	400.2946870072665	-0.4437195183615795	31	0.10108640420397773	0.10108640420397773	0.20038472670962376	0.5557016575187519	0	0.14481252141756862	0.386451093694632	0	0.17046430791411205	0.5419806615597496	0	0	20	100	100	71	46	58	0.5711050329764764	0.33411579718358475	0.204450505740565	0.17715002693249113	0.19906839868785514	0.204450505740565	0.17715002693249113	664	0.6856035567286975	4	4.688858589762847e-63	-0.07366478777970081	176	0.5978285511975227	2	1e-323	-0.47017912151701063	4001	True	
JB(2)	3	buffer*1.25	52.0	22000	CONVERGED	655	2292.6140709704123	693.1471805599452	69	0.26594532101786494	0	0.2321038886919103	512.1752581088743	0.942574842758315	0	0.0	0.0	0.3513425424168579	0.6656063507557426	0	0.3076923076923087	0.45877645580593185	0	0.46153846153846284	0.6324609935268959	0	0	25	69	63	48	0	0	0.8304460093489369	0.34215644909825055	0.2784226575195722	0.2659453210178649	0.2740450126812247	0.8154646003696081	0.9412218447971243	577	0.19630602146455825	2	3.674523271612203e-63	-0.0736647877796983	0	0.0	0	0.0	-0.4701791215170071	4001	True	
N(0.5)	3	buffer*1.25	52.0	22000	CONVERGED	620	1373.7496678842151	0.0	21	0.4420131343515144	0	0.24985825688164853	68.22181801980747	0.9316270147320597	0	0.0	0.0	0.35665537684965	0.5958802061818003	0	0.2637808208429238	0.4144287451037862	0	0.46153846153846145	0.6199912989480438	0	0	0	21	0	0	0	0	0.8430036180082636	0.6446885389115353	0.4420131343515144	0.538531277077379	0.5050601957980501	0.8572876677395025	1.0	537	0.10512976094773666	2	8.03313613312673e-64	-0.07366478777969866	0	0.0	0	0.0	-0.47017912151700797	4001	True	
N(2)	3	buffer*1.25	52.0	22000	CONVERGED	507	815.3414734238138	0.0	4	0.44248820359856517	0	0.9732443634337244	28.30599665104887	0.39634013196050877	0	0.0	0.0	0.3074696240107523	0.4400659456499466	0	0.2204432221792892	0.3168413862015405	0	0.31935541717881716	0.4752388507886545	0	0	4	4	4	1	0	0	0.5	0.45576015661428093	0.4424882035985652	0.4424882035985652	0.4999999999999999	0.5	0.5	565	0.04907390048056685	2	3.908356839765294e-64	-0.07366478777969818	0	0.0	0	0.0	-0.47017912151700636	4001	True	
RC(0.5)	3	buffer*1.25	52.0	22000	CONVERGED	600	1004.0706910242975	693.1471805599452	45	0.41464622987497624	0	0.42247328073322676	46.1066716169018	0.3861150075906446	0	0.0	0.0	0.24798582764517596	0.5045452726890034	0	0.1887889776897235	0.36706634244378555	0	0.4389407522759111	0.6162121440881247	0	0	0	27	18	8	25	0	0.6046265956125157	0.6494245443792062	0.41464622987497624	0.4493833472585386	0.49167087188297287	0.41464622987497624	0.8888517920979393	625	0.3175791518743245	4	1.5962929973383305e-63	-0.07366478777969843	0	0.0	0	0.0	-0.47017912151700747	4001	True	
RC(2)	3	buffer*1.25	52.0	22000	CONVERGED	540	1464.9306165402522	693.1471805599452	43	0.23109402502407553	0	0.23755860681130997	0.0	0.942574842758311	0	0.0	0.0	0.39277868389559206	0.5134961310735628	0	0.2874075462925793	0.4253631597380876	0	0.34800124859039183	0.6042926106380772	0	0	0	0	43	0	0	33	0.9283859801168539	0.8359435160353008	0.727905985712414	0.2310940250240755	0.5936611567356556	0.8012025060718804	0.2310940250240755	498	0.11021976014720851	2	1.5986868918842818e-64	-0.07366478777969843	93	0.7176372350838333	2	1e-323	-0.4701791215170066	4001	True	
RW(0.5)	3	buffer*1.25	52.0	22000	CONVERGED	558	971.8636471762328	693.1471805599452	30	0.39766680163055146	0	0.38141485460152763	43.835187117382624	0.24942766219836576	0	0.0	0.0	0.2337478172945028	0.49629780513854294	0	0.28591711026938504	0.49676221709121393	0	0.39013392573848504	0.6973849643868872	0	0	0	1	29	10	0	0	0.5524948408779157	0.6269720644789809	0.4647573481087696	0.39766680163055146	0.4264198929783592	0.8659394533099151	0.7411116502839742	537	0.1479641911848824	2	3.540631894443706e-64	-0.07366478777969843	0	0.0	0	0.0	-0.47017912151700586	4001	True	
RW(2)	3	buffer*1.25	52.0	22000	CONVERGED	631	3652.0221898599143	693.1471805599452	62	0.025938622888023594	0	0.022277708108907095	209.40546190945335	0.7007283141384009	0	0.0	0.0	0.2583159555226708	0.7194499363669058	0	0.26766014977510205	0.4035989547432215	0	0.3666171727485773	0.5381056670754778	0	2	11	61	52	31	16	10	0.4893875332741455	0.4520372047746969	0.0259386228880236	0.13472625987122228	0.3465218867841521	0.025938622888023604	0.1347262598712223	629	0.9727039738581096	3	1.1564964214141905e-63	-0.07366478777969926	67	0.84271106622857	1	1e-323	-0.47017912151700836	4001	True	
land.mach=0.2@dated	3	buffer*1.25	52.0	22000	CONVERGED	542	603.9942924065705	594.5948731742905	0	0.569161724623198	0	0.6434002104436152	0.0	0.942574842758311	0	0.0	0.0	0.423076923076923	0.5350032702726597	0	0.30206248381073836	0.38228469107400365	0	0.4588920892498999	0.5540561998687635	0	0	0	0	0	0	0	0	0.8846153846153845	0.944342858124757	0.569161724623198	0.569161724623198	0.5691617246231979	0.7550790716620969	0.8700165067998744	457	0.16232844157480222	2	1.0014325358604978e-77	-0.0884946674673888	0	0.0	0	0.0	-0.51043205858126	4001	True	
land.mach=0.2@genesis	3	buffer*1.25	52.0	22000	CONVERGED	542	603.9942924065705	594.5948731742905	0	0.5691617246231984	0	0.6434002104436156	0.0	0.942574842758311	0	0.0	0.0	0.423076923076923	0.5349148726055752	0	0.3021574975428075	0.38228699209689376	0	0.45901555107792164	0.5540028784468928	0	0	0	0	0	0	0	0	0.8846153846153845	0.9446437805530703	0.5691617246231985	0.5691617246231984	0.5691617246231984	0.7558885473180813	0.871135804426343	457	0.16176409324450886	2	9.933974572867816e-78	-0.08849466746738795	0	0.0	0	0.0	-0.5104320585812591	4001	True	
land.mach=0.8@dated	3	buffer*1.25	52.0	22000	CONVERGED	553	2343.858690778296	642.3610059345988	100	0.14453856294762743	0	0.17265026563446906	840.4368863606218	0.0635600731313636	0	0.0	0.0	0.18693946690628824	0.450386443680606	0	0.17033815844621675	0.31507035882519296	0	0.2674767218725146	0.46153846153846145	0	0	30	100	99	65	0	0	0.5438239037273839	0.2738170284403968	0.14453856294762743	0.14453856294762743	0.1578991114499111	0.6567552113536083	0.6165734904624448	752	0.37841090528947574	4	4.831630495581405e-46	-0.05282972882417744	0	0.0	0	0.0	-0.413906836557056	4001	True	
land.mach=0.8@genesis	3	buffer*1.25	52.0	22000	CONVERGED	553	2341.644937293918	642.3610059345988	100	0.1444417322644245	0	0.1727687921594907	839.1977397528816	0.06365498295682798	0	0.0	0.0	0.1870035530428779	0.4502691477123356	0	0.17039440659372765	0.3149855984159802	0	0.26757922601811895	0.46153846153846145	0	0	30	99	99	66	0	0	0.5440103361247357	0.2736999085810313	0.1444417322644245	0.1444417322644245	0.15808155813144514	0.6571814154404018	0.6169362660991972	751	0.37764734376305364	4	4.88093071065646e-46	-0.05282972882417884	0	0.0	0	0.0	-0.4139068365570612	4001	True	
p[goods]*0.5	3	buffer*1.25	52.0	22000	CONVERGED	547	1130.6392750377693	693.1471805599452	34	0.3228268153184056	0	0.3027097284611164	4.042212491278251	0.7675240009510973	0	0.0	0.0	0.3852451547110172	0.4652216596116625	0	0.2920619100699206	0.3416579911041362	0	0.2987488605995539	0.5489021310669739	0	0	0	0	33	0	0	28	0.9016738289499052	0.7145779143961577	0.6250241706868768	0.3228268153184056	0.6226534455000216	0.8364553603664155	0.3228268153184057	508	0.07288525068853495	2	3.287919958492143e-64	-0.07366478777969866	96	0.5201052868301299	2	1e-323	-0.47017912151700797	4001	True	
p[goods]*2	3	buffer*1.25	52.0	22000	CONVERGED	468	693.1471805599452	693.1471805599452	0	0.7292831256697103	0	0.7356347912077942	0.0	0.8585128284975089	0	0.0	0.0	0.3720173003208804	0.4527463075700432	0	0.2733849777060199	0.33148020474014306	0	0.41604636336605416	0.5753461268582557	0	0	0	0	0	0	0	0	0.8793136189402627	0.824122887774658	0.7292831256697103	0.7728176913900128	0.8690249495377216	0.8122950980061653	0.9014337872931175	494	0.06198561847473499	2	1.8601607524691633e-65	-0.07366478777970081	0	0.0	0	0.0	-0.4701791215170094	4001	True	
p[labour.master]*0.5	3	buffer*1.25	52.0	22000	CONVERGED	426	693.1471805599452	693.1471805599452	0	0.523442627585753	0	0.4599968984273384	0.0	0.8752348405118	0	0.0	0.0	0.39598203804700943	0.4417866755267553	0	0.29858503709797046	0.31560129152878147	0	0.2878847912266559	0.519723236769146	0	0	0	0	0	0	0	0	0.9497733605410995	0.8932997134310223	0.8112589960223615	0.5234426275857529	0.8941743445914211	0.9289477622327028	0.5234426275857529	0	0.0	0	0.0	-0.07366478777969866	81	0.24259921570684156	1	1e-323	-0.47017912151700747	4001	True	
p[labour.master]*2	3	buffer*1.25	52.0	22000	CONVERGED	427	693.1471805599452	693.1471805599452	0	0.7874711133785751	0	0.7752954153542344	0.0	0.8844824201781604	0	0.0	0.0	0.4092669932306906	0.4405755501092168	0	0.30404996576203924	0.3145185292893023	0	0.46153846153846273	0.6973849643868872	0	0	0	0	0	0	0	0	0.9608145541600307	0.9180129601916475	0.8367888296674102	0.787471113378575	0.8785549219306141	0.9695161725790435	0.787471113378575	0	0.0	0	0.0	-0.07366478777969843	0	0.0	0	0.0	-0.4701791215170071	4001	True	
p[labour.trained]*0.5	3	buffer*1.25	52.0	22000	CONVERGED	569	1594.1940819030956	693.1471805599452	38	0.20307212207033443	0	0.19188118634966128	51.42927421823651	0.6497310479180239	0	0.0	0.0	0.29424994445382807	0.5088565844560117	0	0.21012813554074483	0.391160845664684	0	0.3794233405708942	0.5189061432630159	0	0	0	11	26	17	11	0	0.6996849657673917	0.6424270011927764	0.2030721220703344	0.37160932600572955	0.4622394428266196	0.20307212207033437	0.7959420052813062	606	0.7567433343471375	3	5.110748308841888e-64	-0.0736647877796983	0	0.0	0	0.0	-0.47017912151700797	4001	True	
p[labour.trained]*2	3	buffer*1.25	52.0	22000	CONVERGED	451	693.1471805599452	693.1471805599452	0	0.8096254800752439	0	0.8330065808882573	0.0	0.877382331143451	0	0.0	0.0	0.391453812198116	0.44475347733100873	0	0.3076923076923089	0.49676221709121393	0	0.4510889060636078	0.47630304047743255	0	0	0	0	0	0	0	0	0.883877082784699	0.9066136607195527	0.8403309888289611	0.8096254800752439	0.8435271249147668	0.8403309888289612	0.9716834885064238	0	0.0	0	0.0	-0.07366478777969807	0	0.0	0	0.0	-0.47017912151700675	4001	True	
p[labour]*0.5	3	buffer*1.25	52.0	22000	CONVERGED	550	1150.8991186346373	693.1471805599452	22	0.3163522033077924	0	0.30701848460296033	29.408551745154426	0.24942766219836576	0	0.0	0.0	0.2337478172945028	0.48951629136820607	0	0.2742084754062036	0.3482332402649081	0	0.3813507161771274	0.5068025934802927	0	0	0	8	22	13	0	0	0.5524948408779157	0.657106199303564	0.3549461475534118	0.31635220330779246	0.3328924651273436	0.8680315140347646	0.8262598850504429	537	0.1421307732890816	2	2.8638802814227125e-64	-0.07366478777969807	0	0.0	0	0.0	-0.4701791215170071	4001	True	
p[labour]*2	3	buffer*1.25	52.0	22000	CONVERGED	543	1348.7721631924255	693.1471805599452	8	0.30592226474476997	0	0.28485161214196997	6.536416274327587	0.8374302123902468	0	0.0	0.0	0.3479011564723973	0.7194499363669058	0	0.3076923076923086	0.3870653636083168	0	0.43957565388627806	0.5024790459370787	0	0	0	7	0	0	7	0	0.6793237839831904	0.7385224712999172	0.3059222647447699	0.5357115418983743	0.6040184514284224	0.3059222647447699	0.8091811962156504	588	0.740441239126945	3	2.626469287836648e-64	-0.07366478777969866	97	0.21049455953924243	1	1e-323	-0.47017912151700636	4001	True	
p[land]*0.5	3	buffer*1.25	52.0	22000	CONVERGED	541	769.7725191920675	693.1471805599452	0	0.6434002104436155	0	0.43024569296632253	0.0	0.8977257581528032	0	0.0	0.0	0.423076923076924	0.5775048391462102	0	0.3076923076923085	0.4081258053545089	0	0.4615384615384624	0.5895377858131888	0	0	0	0	0	0	0	0	1.0000000000000022	1.0	0.6434002104436156	0.6434002104436155	0.6434002104436155	0.9535759096914539	0.9922116642939278	533	0.17228895338203953	2	4.211297205668494e-65	-0.07366478777969902	0	0.0	0	0.0	-0.47017912151700747	4001	True	
p[land]*2	3	buffer*1.25	52.0	22000	CONVERGED	626	1540.2392218908328	693.1471805599452	94	0.22122474913086704	0	0.29817340345270865	394.7139235828821	0.24020177085252223	0	0.0	0.0	0.20880080705160284	0.5193798793603466	0	0.17846053242890997	0.3636647756984499	0	0.27919159548443634	0.527442694995177	0	18	26	93	93	66	0	0	0.4935291803037885	0.3267452478445755	0.23050173312387934	0.22122474913086704	0.2254181425884511	0.5799967303939575	0.6049151235496122	583	0.3336526123208124	2	3.832746474071044e-63	-0.07366478777969877	0	0.0	0	0.0	-0.47017912151700836	4001	True	
p[mach]*0.5	3	buffer*1.25	52.0	22000	CONVERGED	680	2538.7508620192157	693.1471805599452	93	0.17263411862528194	0	0.18088483549274711	678.2610107264156	0.942574842758314	0	0.0	0.0	0.2692993120092073	0.6625528936600723	0	0.2434447963034727	0.4399147872499805	0	0.37385372149541435	0.591970602446477	0	0	29	93	86	62	0	0	0.6365256465672173	0.26227838184176344	0.18434196275151518	0.17263411862528194	0.1800712548989721	0.7911955879862864	0.7810841932956442	592	0.31911966363047617	2	8.275913262153738e-63	-0.07366478777969794	0	0.0	0	0.0	-0.4701791215170078	4001	True	
p[mach]*2	3	buffer*1.25	52.0	22000	CONVERGED	535	761.8309261909851	693.1471805599452	10	0.4828863317677081	0	0.4669218388752492	1.7347424918235228	0.18849807124777115	0	0.0	0.0	0.29248046265868444	0.4705670357145192	0	0.21236552111421478	0.3375000434053312	0	0.2579911314284409	0.5061942979586362	0	0	0	0	9	0	0	9	0.7279577482991868	0.7705631948442605	0.5847486345685704	0.4828863317677082	0.5334059326919843	0.5847486345685704	0.4828863317677082	574	0.1534480632492433	4	1.9792611675850616e-64	-0.07366478777969866	0	0.0	0	0.0	-0.4701791215170066	4001	True	
p[services]*0.5	3	buffer*1.25	52.0	22000	CONVERGED	584	828.5439077306105	693.1471805599452	21	0.4658556260457555	0	0.41706885824004375	23.74610883276575	0.39276576610548364	0	0.0	0.0	0.2550850712441686	0.48341212168260894	0	0.18665633143186722	0.34627014187780264	0	0.4335598704906455	0.5066831563374606	0	0	0	13	8	0	2	0	0.6046931340842017	0.6795767743064104	0.4658556260457555	0.48780191094962555	0.5296840513546697	0.49958036065490474	0.8395891038411695	613	0.16519726893660364	4	1.0967145104932515e-63	-0.0736647877796989	0	0.0	0	0.0	-0.47017912151700725	4001	True	
p[services]*2	3	buffer*1.25	52.0	22000	CONVERGED	506	748.9432909056941	693.1471805599452	9	0.4728659705963646	0	0.5669662696037154	0.0	0.942574842758311	0	0.0	0.0	0.3692759445628603	0.5092176789622019	0	0.2715257318245244	0.3961232469272522	0	0.38852353061125927	0.5050836908641222	0	0	0	0	9	0	0	0	0.8728340507849425	0.7639572524985945	0.7534219375967476	0.4728659705963646	0.6254250909516967	0.8824586284297044	0.7541944256424062	0	0.0	0	0.0	-0.07366478777969877	99	0.027955820958978757	2	1e-323	-0.4701791215170066	4001	True	
res.services.trained=0.02@dated	3	buffer*1.25	52.0	22000	CONVERGED	397	496.64022791007574	693.1471805599452	0	0.8191583242049391	0	0.7285519149970252	0.0	0.7399539160575486	0	0.0	0.0	0.3637054241830064	0.4315225610912463	0	0.25279865200268486	0.30769230769230765	0	0.4516950459660074	0.4701774998890905	0	0	0	0	0	0	0	0	0.9999999999999998	0.9787743628719724	0.8191583242049391	0.8526639449282454	0.8986216817926932	0.8191583242049391	0.9740426000882862	3999	0.5525183032663361	36	0.3914281083883299	0.0	0	0.0	0	0.0	-0.6530159409248759	4001	True	
res.services.trained=0.02@genesis	3	buffer*1.25	52.0	22000	CONVERGED	396	496.64022791007574	693.1471805599452	0	0.819457269112443	0	0.7298170892368088	0.0	0.7399539160575488	0	0.0	0.0	0.3637054241830064	0.43198921891026587	0	0.2527986520026849	0.30769230769230765	0	0.4518715969268311	0.4700322347509794	0	0	0	0	0	0	0	0	0.9999999999999998	0.9797690127994372	0.819457269112443	0.8555680634104531	0.9027036800247343	0.819457269112443	0.9744442784679397	3999	0.552705180511977	36	0.3914281083883308	0.0	0	0.0	0	0.0	-0.6530159409248757	4001	True	
res.services.trained=0.08@dated	3	buffer*1.25	52.0	22000	CONVERGED	584	1256.3698391827868	1256.369839182787	0	0.49999999999999994	0	0.5009317648106524	3.5351541013844114	0.7122593017575318	0	0.0	0.0	0.3072452225201317	0.43027185637518905	0	0.30769230769230765	0.6181393987897629	0	0.41253863856705675	0.4692904718392728	0	0	0	0	0	0	0	0	0.7029911187551454	0.7577830802129332	0.5	0.6683237842082491	0.6760159711026971	0.5	0.8263566645669336	0	0.0	0	0.0	-1.1211129466196468	0	0.0	0	0.0	-0.4701791215170108	4001	True	
res.services.trained=0.08@genesis	3	buffer*1.25	52.0	22000	CONVERGED	585	1256.3698391827868	1256.369839182787	0	0.5000000000000001	0	0.5009317648106525	3.6237857532708544	0.7133884804294512	0	0.0	0.0	0.30732522007989455	0.43033673254865124	0	0.30769230769230765	0.6181684493889587	0	0.4126589935973786	0.46935328152477934	0	0	0	0	0	0	0	0	0.7031390321725183	0.7576105915412602	0.5000000000000001	0.667911682704551	0.6755511374583952	0.5	0.8266756107393701	0	0.0	0	0.0	-1.121112946619647	0	0.0	0	0.0	-0.4701791215170085	4001	True	
s[goods]=0.5	3	buffer*1.25	52.0	22000	CONVERGED	634	2002.0244739765633	693.1471805599452	71	0.13506157762601406	0	0.12723970699775589	257.9929296552194	0.942574842758311	0	0.0	0.475614712250357	0.376679742660481	0.5696054208547445	0	0.2746113503636789	0.3954415049868083	0	0.3294845351697046	0.5725067624460486	0	0	13	54	70	52	7	26	0.9923585573554976	0.42415305435734585	0.2594172604777543	0.13506157762601406	0.14252955520657484	0.4189437828730353	0.20318171057210666	630	0.6036327130527795	6	1.3293938739333592e-63	-0.0736647877796989	119	0.7222203251547367	2	1e-323	-0.47017912151700747	4001	True	
s[services]=0.5	3	buffer*1.25	52.0	22000	CONVERGED	589	1599.524323201109	693.1471805599452	58	0.20199257832906725	0	0.187270204030221	118.18307616785197	0.8944610485322426	0	0.475614712250357	0.0	0.34808426461352165	0.5698088836229479	0	0.2708897426884604	0.41169708099187197	0	0.40239611874663944	0.5256514315856078	0	0	0	47	25	27	18	0	0.8829722003958913	0.5519538377233841	0.20199257832906725	0.37081487584184847	0.26171694614903646	0.20199257832906725	0.7496242319878259	621	0.7878902858212555	4	8.931356286323597e-64	-0.07366478777969997	135	0.16469021496367972	2	1e-323	-0.4701791215170115	4001	True	
sw[master]=0.5	3	buffer*1.25	52.0	22000	CONVERGED	358	609.8644741243955	693.1471805599452	0	0.5434245121669512	0	0.5434245121669511	0.0	0.903851002949988	0	0.0	0.0	0.40799143286219247	0.43212996394027586	0	0.3046075500370207	0.3113025146577426	0	0.41473554923738987	0.48697631170257605	0	0	0	0	0	0	0	0	0.9738104893366146	0.956234999614237	0.9078261588383817	0.5434245121669512	0.9302922321759799	0.9765553883242644	0.5434245121669511	0	0.0	0	0.0	-0.07366478777969866	75	0.3952500243371661	0	1e-323	-0.47017912151700747	4001	True	
sw[trained]=0.5	3	buffer*1.25	52.0	22000	CONVERGED	465	683.7227976698905	693.1471805599452	0	0.5047344661132523	0	0.5047344661132522	0.0	0.8250338488560206	0	0.0	0.0	0.3725050322390794	0.45124359637795863	0	0.2997656017560411	0.3393145343298949	0	0.44048707231356454	0.4811568345218838	0	0	0	0	0	0	0	0	0.896539962176927	0.8778120101636077	0.5047344661132523	0.742591079019145	0.7913331978214356	0.5047344661132522	0.945437337239932	464	0.4819188334470013	0	2.6814997219215995e-66	-0.07366478777969877	0	0.0	0	0.0	-0.47017912151700547	4001	True	
tail.services=0.05@dated	3	buffer*1.25	52.0	22000	CONVERGED	369	585.4655565343056	585.4655565343057	0	0.9228861289716951	0	0.8529053763136153	0.0	0.39857841751076	0	0.0	0.0	0.2692307692307709	0.423076923076923	0	0.30769230769230765	0.35132128624527964	0	0.45887700076466975	0.47502110854679946	0	0	0	0	0	0	0	0	1.0000000000000056	0.9934155264589968	0.9834932008598617	0.9228861289716951	0.9966604737146296	1.0	0.9823016896334582	0	0.0	0	0.0	-0.6070015874038385	0	0.0	0	0.0	-1.0035159211411466	4001	True	
tail.services=0.05@genesis	3	buffer*1.25	52.0	22000	CONVERGED	369	585.4655565343056	585.4655565343057	0	0.9228861289716951	0	0.8529053763136153	0.0	0.39857841751076	0	0.0	0.0	0.2692307692307709	0.423076923076923	0	0.30769230769230765	0.35132128624527964	0	0.45887700076466975	0.47502110854679946	0	0	0	0	0	0	0	0	1.0000000000000056	0.9934155264589968	0.9834932008598617	0.9228861289716951	0.9966604737146296	1.0	0.9823016896334582	0	0.0	0	0.0	-0.6070015874038385	0	0.0	0	0.0	-1.0035159211411466	4001	True	
tail.services=0.2@dated	3	buffer*1.25	52.0	22000	CONVERGED	715	828.7172895957083	799.2031953104855	22	0.4433842509196421	0	0.42908661726874364	77.35217510655025	0.9188599786356846	0	0.0	0.0	0.3765614443832644	0.67738667322582	0	0.2788451258555753	0.4492681830767093	0	0.4137089500620332	0.5066976906306646	0	0	0	21	0	0	8	0	0.5789473684210525	0.641864382799728	0.4433842509196421	0.5475514949004278	0.552709945035053	0.4433842509196421	0.6859586556738233	3999	0.5175881518265179	42	0.2860879343123929	0.0	3940	0.2986872846690879	22	0.049671637954200674	0.0	4001	True	
tail.services=0.2@genesis	3	buffer*1.25	52.0	22000	CONVERGED	721	830.3060928393013	799.2031953104855	24	0.4423141094863802	0	0.4259948625687071	88.37510984556478	0.9268328501225455	0	0.0	0.0	0.37675037994956484	0.6798834064593097	0	0.2791027752570502	0.45060377126909945	0	0.40764027179177564	0.5091585092863775	0	0	0	23	0	0	8	0	0.5789473684210525	0.6291490664236448	0.4423141094863803	0.5273275875510659	0.5351305648079723	0.44231410948638034	0.6938486880625094	3999	0.5202258390447345	42	0.28608793431239365	-1.1102230246251565e-16	3940	0.2911018467057968	22	0.04967163795419898	0.0	4001	True	
x*/2	3	buffer*1.25	52.0	22000	CONVERGED	676	5816.802825587308	693.1471805599452	99	0.006859003193411206	0	0.006437389541080551	800.1011509719191	0.942574842758311	0	0.475614712250357	0.475614712250357	0.2960957202333463	0.6846490814286269	0	0.22204167866247382	0.45519686086349104	0	0.28922107850707635	0.5880078305095655	0	0	31	98	98	68	38	25	0.7732794361568585	0.23962673884438787	0.007955506105547948	0.006859003193411206	0.002977108279511387	0.09274640851190336	0.15396633967258497	679	0.9104768861471157	6	7.653741346209844e-63	-0.07366478777969866	176	0.7909177860397144	2	1e-323	-0.47017912151700764	4001	True	
JA(0.5)	3	rate*0.75	52.0	22000	CONVERGED	952	2788.576085902432	693.1471805599452	170	0.09684213998666953	0	0.08860717273970284	1352.2727247580633	0.40559754847233614	0	0.0	0.0	0.17672162302380118	0.6398544391535498	0	0.16112392080463242	0.438056086858256	0	0.2769837025724209	0.5760068725853786	0	67	45	168	168	115	0	0	0.41770565441989366	0.17155387326390192	0.09684213998666953	0.09684213998666953	0.10426932536118923	0.5236527426150555	0.5848537335266707	816	0.44438502152202375	4	2.1031584909293444e-46	-0.07366478777969997	0	0.0	0	0.0	-0.4701791215170087	4001	True	
JA(2)	3	rate*0.75	52.0	22000	CONVERGED	720	767.8551148413284	693.1471805599452	1	0.5303328165079926	0	0.7834580938217741	19.745227242489037	0.6496418742408175	0	0.0	0.0	0.4230769230769275	0.5775048391462102	0	0.2889940317205955	0.4081258053545089	0	0.41202996052450236	0.5895377858131888	0	0	0	0	0	1	0	0	0.6134635694043042	0.7270118177622183	0.5338513025362712	0.5303328165079927	0.4999999999999999	0.5	0.5	743	0.13047722784479318	2	1.2603564419820921e-48	-0.07366478777970022	0	0.0	0	0.0	-0.4701791215170096	4001	True	
JB(0.5)	3	rate*0.75	52.0	22000	CONVERGED	867	1871.4148978766666	693.1471805599452	132	0.16219382799914578	0	0.10701763529321179	523.8972703705685	-0.4437195183615795	41	0.12122757386324043	0.12122757386324043	0.19857519743427682	0.5439287646443305	0	0.14170175978603278	0.3787950723920042	0	0.16673790572494776	0.5387440228214424	0	0	26	132	132	92	60	76	0.5769576366497368	0.3009916812309995	0.18405663637915579	0.16219382799914578	0.18223849491031027	0.18405663637915576	0.16219382799914578	885	0.7161603886476824	6	4.512627074456929e-47	-0.07366478777969818	229	0.6286390779401809	4	2.258029590331174e-297	-0.47017912151700886	4001	True	
JB(2)	3	rate*0.75	52.0	22000	CONVERGED	888	2357.62722077288	693.1471805599452	95	0.235810235562785	0	0.21113559841677654	731.5838422239244	0.9425748427583173	0	0.0	0.0	0.3375596794749777	0.6668964325442429	0	0.3031821450825688	0.4581186671282307	0	0.4615384615384636	0.6287427974958618	0	0	35	95	88	64	0	0	0.7978683333044928	0.29892811577278644	0.241991675668176	0.23581023556278505	0.2439391006683343	0.8154646003696081	0.9076490787237934	776	0.1957507663751897	2	4.084754426431094e-47	-0.07366478777969794	0	0.0	0	0.0	-0.47017912151700725	4001	True	
N(0.5)	3	rate*0.75	52.0	22000	CONVERGED	820	1496.3366218499007	0.0	72	0.37477196117235134	0	0.20103681650313882	132.13654169945588	0.8685994746863601	0	0.0	0.0	0.3331733401655492	0.5895717359083468	0	0.24776377592413734	0.40900002909703315	0	0.4577901129411322	0.6095813041798068	0	0	0	72	45	48	0	0	0.78750062220948	0.5538157122548792	0.37477196117235134	0.4579319085590399	0.43561002067988824	0.8052322717534465	0.9837980017600044	729	0.12068654499035655	2	1.006242297433415e-47	-0.07366478777969973	0	0.0	0	0.0	-0.4701791215170099	4001	True	
N(2)	3	rate*0.75	52.0	22000	CONVERGED	705	815.3414734238138	0.0	4	0.44248820359856517	0	0.9740271336687688	43.213279615194025	0.3995101298340329	0	0.0	0.0	0.3083323750432276	0.4401522811412251	0	0.22028896003465914	0.3167473193175196	0	0.31963444095632904	0.4754262397314881	0	0	4	4	4	1	0	0	0.5	0.45576015661428093	0.4424882035985652	0.4424882035985652	0.4999999999999999	0.5	0.5	756	0.049259839997601036	2	4.035648168016189e-48	-0.07366478777969962	0	0.0	0	0.0	-0.47017912151700836	4001	True	
RC(0.5)	3	rate*0.75	52.0	22000	CONVERGED	818	1014.2572341340323	693.1471805599452	69	0.4039195105751307	0	0.4097498583846879	70.0349489635931	0.37888913606391283	0	0.0	0.0	0.24554230562786442	0.5047377866231635	0	0.18740346661484492	0.36020056299242525	0	0.4389407522759111	0.6134962787504529	0	0	0	49	25	19	35	0	0.5954684221894488	0.6107702902540504	0.40391951057513065	0.43206004265179554	0.46991518434475543	0.40391951057513065	0.8669660951324994	834	0.33053619516011146	4	1.5359185567331152e-47	-0.07366478777969818	0	0.0	0	0.0	-0.47017912151700636	4001	True	
RC(2)	3	rate*0.75	52.0	22000	CONVERGED	735	1527.3461677787743	693.1471805599452	56	0.21711107983340366	0	0.22145373189764156	0.0	0.942574842758311	0	0.0	0.0	0.39277868389559206	0.5129774043942561	0	0.2874075462925793	0.42497531685621287	0	0.35003379022356207	0.5932067376141619	0	0	0	0	56	0	0	44	0.9283859801168539	0.8202268729377831	0.7118741765615442	0.21711107983340366	0.5698289516135259	0.801715734932495	0.2171110798334037	667	0.0928646514173423	2	1.6627966251293436e-48	-0.07366478777969758	124	0.7335169831687959	2	7.726148617640975e-307	-0.47017912151700747	4001	True	
RW(0.5)	3	rate*0.75	52.0	22000	CONVERGED	767	992.8619949960913	693.1471805599452	52	0.3884226930459377	0	0.3707140852618753	70.84303584813976	0.24942766219836576	0	0.0	0.0	0.2337478172945028	0.49610685240601216	0	0.28384116162243506	0.49676221709121393	0	0.386358182207526	0.6973849643868872	0	0	0	19	51	29	0	0	0.5524948408779157	0.5805003822090131	0.4582399201310575	0.3884226930459377	0.4183443617967033	0.8432965694802935	0.7266592449040967	720	0.14621587549408216	2	3.7325648467921646e-48	-0.0736647877796995	0	0.0	0	0.0	-0.4701791215170087	4001	True	
RW(2)	3	rate*0.75	52.0	22000	CONVERGED	817	3621.128583353099	693.1471805599452	81	0.02675246705993504	0	0.02145678017761443	274.26192531106324	0.6853493554013087	0	0.0	0.0	0.25565589643954084	0.7194499363669058	0	0.26414109685758547	0.3984680023248855	0	0.3611898245117458	0.5355446518118684	0	5	18	80	71	44	21	15	0.4744822602555271	0.42168165069684893	0.026752467059935045	0.13510533869148506	0.33347219372995296	0.02675246705993505	0.13510533869148506	836	0.9716215427831502	3	1.08080071313145e-47	-0.0736647877796977	89	0.8363541022147926	1	7.58395780280783e-306	-0.47017912151700764	4001	True	
land.mach=0.2@dated	3	rate*0.75	52.0	22000	CONVERGED	749	601.6444375985006	594.5948731742905	0	0.569161724623198	0	0.6434002104436152	0.0	0.942574842758311	0	0.0	0.0	0.423076923076923	0.5342607420389545	0	0.30165044263900465	0.38209126923161557	0	0.45925908737370047	0.5545754474598762	0	0	0	0	0	0	0	0	0.8846153846153845	0.942125210647973	0.569161724623198	0.569161724623198	0.5691617246231979	0.7550822007553294	0.8733679043655544	610	0.16227817918244972	2	1.697804802967188e-58	-0.08849466746738976	0	0.0	0	0.0	-0.5104320585812618	4001	True	
land.mach=0.2@genesis	3	rate*0.75	52.0	22000	CONVERGED	748	601.6444375985006	594.5948731742905	0	0.5691617246231984	0	0.6434002104436156	0.0	0.942574842758311	0	0.0	0.0	0.423076923076923	0.5341972022675805	0	0.3017234289418139	0.3820949311850205	0	0.45935262707378766	0.5545371071668853	0	0	0	0	0	0	0	0	0.8846153846153845	0.942385678335327	0.5691617246231985	0.5691617246231984	0.5691617246231984	0.7557181388265345	0.8742149404028061	610	0.16184206379736865	2	1.6875580178970056e-58	-0.08849466746738939	0	0.0	0	0.0	-0.5104320585812624	4001	True	
land.mach=0.8@dated	3	rate*0.75	52.0	22000	CONVERGED	730	2417.5444129636016	642.3610059345988	138	0.11488587612328714	0	0.15093978857863716	1216.843531827131	0.037542750229138146	0	0.0	0.0	0.1741047321263459	0.4499920242288395	0	0.15990171941747183	0.3156925205012183	0	0.25526025733573227	0.46153846153846145	0	0	40	137	137	88	0	0	0.5064864934584608	0.22711310271321566	0.11488587612328713	0.11488587612328713	0.1333077003440953	0.6203113630765813	0.579962693624639	1010	0.3758530774329113	4	1.5973651008596965e-34	-0.05282972882417908	0	0.0	0	0.0	-0.41390683655705984	4001	True	
land.mach=0.8@genesis	3	rate*0.75	52.0	22000	CONVERGED	730	2416.3235036203055	642.3610059345988	138	0.11483790079219725	0	0.15104499189437456	1215.4429206335135	0.03762620736373965	0	0.0	0.0	0.17415910213214805	0.4499834870242271	0	0.15996274499062535	0.3156724930049708	0	0.2553792874170041	0.46153846153846145	0	0	40	137	136	89	0	0	0.506644660748067	0.22715766742543425	0.11483790079219725	0.11483790079219725	0.1334526126571598	0.6200846448738675	0.5798655374406597	1010	0.3758291985947697	4	1.6088119035032028e-34	-0.052829728824180015	0	0.0	0	0.0	-0.41390683655706034	4001	True	
p[goods]*0.5	3	rate*0.75	52.0	22000	CONVERGED	711	1204.8165276785462	693.1471805599452	45	0.2997469897445566	0	0.28197324605724067	5.003102193686987	0.7766934192322474	0	0.0	0.0	0.38810247759008354	0.4594753911174746	0	0.2874988380866296	0.34524949883022615	0	0.2964674694498566	0.5309630281384567	0	0	0	0	45	0	0	38	0.9116166364387148	0.702827360441312	0.6484877280374416	0.2997469897445566	0.6302634955164026	0.8091858780414692	0.2997469897445566	677	0.06485892825783818	2	2.811409821722154e-48	-0.07366478777969962	129	0.5549758172978305	2	1.24888601413832e-304	-0.4701791215170096	4001	True	
p[goods]*2	3	rate*0.75	52.0	22000	CONVERGED	607	693.1471805599452	693.1471805599452	0	0.7355396268993519	0	0.7355216163505826	0.0	0.8615700816459095	0	0.0	0.0	0.3720173003208804	0.45097521569412374	0	0.2733849777060199	0.32997009468900135	0	0.41604636336605416	0.568627498831265	0	0	0	0	0	0	0	0	0.8793136189402627	0.809211796430777	0.735539626899352	0.7536122514647209	0.8595960636127143	0.8119794299721086	0.9014337872931175	661	0.061622112175012955	2	1.887614486058652e-49	-0.0736647877796977	0	0.0	0	0.0	-0.47017912151700675	4001	True	
p[labour.master]*0.5	3	rate*0.75	52.0	22000	CONVERGED	594	693.1471805599452	693.1471805599452	0	0.528645535363021	0	0.47436112545607956	0.0	0.8788778947108838	0	0.0	0.0	0.39534185496714175	0.44049356369076414	0	0.29813698405557815	0.31498001062640796	0	0.2865363721591482	0.5147176618033668	0	0	0	0	0	0	0	0	0.9511031628368731	0.8798254445733292	0.811792410929942	0.528645535363021	0.8890883938895275	0.9268607344618631	0.528645535363021	0	0.0	0	0.0	-0.0736647877796995	109	0.23742811751621634	1	8.280561356719348e-308	-0.4701791215170099	4001	True	
p[labour.master]*2	3	rate*0.75	52.0	22000	CONVERGED	560	693.1471805599452	693.1471805599452	0	0.7874711133785751	0	0.7593753913669554	0.0	0.8878236727448057	0	0.0	0.0	0.4093177899257903	0.43902188793737934	0	0.30420859661768795	0.31397562066297974	0	0.46153846153846306	0.6973849643868872	0	0	0	0	0	0	0	0	0.9611546738433437	0.9071762740076916	0.8360411916158627	0.787471113378575	0.8776417103627221	0.9712797267700094	0.787471113378575	0	0.0	0	0.0	-0.07366478777970033	0	0.0	0	0.0	-0.47017912151701063	4001	True	
p[labour.trained]*0.5	3	rate*0.75	52.0	22000	CONVERGED	779	1574.596128160722	693.1471805599452	52	0.2070911740872273	0	0.1905960450387848	77.21042721759548	0.6395265570720285	0	0.0	0.0	0.29149845533515817	0.5023525227140595	0	0.20300063359821802	0.38769426151165115	0	0.37886972474507796	0.5174170423409521	0	0	0	16	35	27	16	0	0.6922032704779845	0.6077880481024706	0.2070911740872273	0.3549738267444796	0.4415349130844351	0.20709117408722733	0.796131056169432	809	0.7507174210497058	3	5.1320280663644565e-48	-0.07366478777969818	0	0.0	0	0.0	-0.47017912151700725	4001	True	
p[labour.trained]*2	3	rate*0.75	52.0	22000	CONVERGED	630	693.1471805599452	693.1471805599452	0	0.7993889971349855	0	0.8224704804002654	0.0	0.8746106588630437	0	0.0	0.0	0.39043909125913007	0.44452689577435556	0	0.30769230769230965	0.49676221709121393	0	0.4512943752783437	0.47615204417187385	0	0	0	0	0	0	0	0	0.883877082784699	0.89411145772394	0.8403309888289611	0.7993889971349855	0.8336365022600969	0.8403309888289612	0.9715904768616903	0	0.0	0	0.0	-0.07366478777969997	0	0.0	0	0.0	-0.47017912151700975	4001	True	
p[labour]*0.5	3	rate*0.75	52.0	22000	CONVERGED	760	1195.8538895879992	693.1471805599452	37	0.3024455887508948	0	0.29493838559714136	52.75467006540416	0.24942766219836576	0	0.0	0.0	0.2337478172945028	0.4906339825012208	0	0.2710058458823104	0.3479824383478067	0	0.37627846283163197	0.5081530816344579	0	0	0	14	37	33	0	0	0.5524948408779157	0.6077071531289759	0.34270537444053484	0.3024455887508948	0.31969978261788334	0.845910514009759	0.8152700028018695	720	0.14440565840352712	2	3.1397584909793875e-48	-0.07366478777969854	0	0.0	0	0.0	-0.47017912151700836	4001	True	
p[labour]*2	3	rate*0.75	52.0	22000	CONVERGED	739	1338.4469381861504	693.1471805599452	11	0.3016643239181725	0	0.2716122211487429	9.532552770989188	0.8336175709072227	0	0.0	0.0	0.34707737852944764	0.7194499363669058	0	0.30769230769231054	0.38391015724999195	0	0.4425365833152618	0.49996055956071955	0	0	0	10	0	0	10	0	0.6710163707201829	0.7233916744904918	0.3016643239181725	0.5331715884616329	0.5996249479931185	0.30166432391817255	0.8142809023852898	777	0.7377473529611311	3	2.142055898624892e-48	-0.07366478777969962	129	0.2034500899320772	1	9.220138035545472e-306	-0.47017912151700886	4001	True	
p[land]*0.5	3	rate*0.75	52.0	22000	CONVERGED	705	759.0976510885399	693.1471805599452	0	0.6434002104436155	0	0.4286700641758299	0.0	0.9016603437152351	0	0.0	0.0	0.4230769230769276	0.5775048391462102	0	0.30769230769231054	0.4081258053545089	0	0.4615384615384652	0.5895377858131888	0	0	0	0	0	0	0	0	1.0000000000000107	1.0	0.6434002104436156	0.6434002104436155	0.6434002104436155	0.967331013625016	0.9938889255388915	713	0.17298694791529323	2	4.4382315330300925e-49	-0.07366478777969902	0	0.0	0	0.0	-0.47017912151700764	4001	True	
p[land]*2	3	rate*0.75	52.0	22000	CONVERGED	858	1659.964307812015	693.1471805599452	129	0.1901457666988551	0	0.2622114645044625	594.396004432345	0.23016364456709598	0	0.0	0.0	0.2012786348862969	0.5204785289354791	0	0.17381594447644869	0.36442568830763133	0	0.27604696600444045	0.5284595804789013	0	41	36	128	128	86	0	0	0.4757495006403381	0.2754751306207033	0.1901457666988551	0.1901457666988551	0.1972834040504624	0.5649018195484583	0.5781661672110977	784	0.3289149566549677	2	4.162474782615074e-47	-0.07366478777969843	0	0.0	0	0.0	-0.47017912151700814	4001	True	
p[mach]*0.5	3	rate*0.75	52.0	22000	CONVERGED	924	2668.486715733549	693.1471805599452	131	0.14245012894253706	0	0.1549883159536372	1044.2196579385393	0.9425748427583178	0	0.0	0.0	0.24875121408998388	0.6666724412598217	0	0.2272664811056871	0.443532306670653	0	0.35131564610112087	0.5959959546846737	0	0	41	131	122	84	0	0	0.58795741512178	0.2115836274318364	0.14480687060867758	0.14245012894253706	0.14797761274511037	0.7386160635934831	0.7308733412808667	800	0.3270644894831257	2	1.0591252100435519e-46	-0.07366478777969758	0	0.0	0	0.0	-0.4701791215170057	4001	True	
p[mach]*2	3	rate*0.75	52.0	22000	CONVERGED	707	754.6867791477684	693.1471805599452	16	0.4701578549139858	0	0.4395852798924835	5.271921557639321	0.18433828014960643	0	0.0	0.0	0.28960599836993633	0.46926175331019027	0	0.21003739481998684	0.33620016477463976	0	0.2550489501810014	0.5031984172255518	0	0	0	0	15	0	0	15	0.7188822597359473	0.7548920529608891	0.5763165252172995	0.4701578549139858	0.5215995268081732	0.5763165252172996	0.47015785491398593	766	0.15622516581529924	4	2.0303082076610282e-48	-0.07366478777969902	0	0.0	0	0.0	-0.4701791215170085	4001	True	
p[services]*0.5	3	rate*0.75	52.0	22000	CONVERGED	794	839.8245496562312	693.1471805599452	35	0.4317862738338468	0	0.37762213904649655	28.599249675853965	0.3651297854483184	0	0.0	0.0	0.2508194676666349	0.47935939379711545	0	0.1827456142159079	0.3410693166025015	0	0.4281667079922258	0.5130902638966859	0	0	0	26	9	0	19	0	0.587435216743873	0.6660674499777318	0.4317862738338469	0.49178120953095855	0.5302118579551859	0.48353579030271543	0.8142677207161055	812	0.16958606336331802	4	9.174145175531344e-48	-0.07366478777970009	0	0.0	0	0.0	-0.4701791215170096	4001	True	
p[services]*2	3	rate*0.75	52.0	22000	CONVERGED	667	783.6690775178146	693.1471805599452	13	0.456727165905471	0	0.5512701809951668	0.051259723089167486	0.942574842758311	0	0.0	0.0	0.3692759445628603	0.5079396538294381	0	0.2715257318245244	0.3943202313519669	0	0.3893561154766481	0.5013684688937337	0	0	0	0	13	0	0	0	0.8728340507849425	0.7462378033470398	0.7350738165059195	0.456727165905471	0.6073655916264208	0.8824586284297044	0.7510681506497026	0	0.0	0	0.0	-0.07366478777970022	128	0.007733967504563936	2	9.854116073237497e-304	-0.47017912151700886	4001	True	
res.services.trained=0.02@dated	3	rate*0.75	52.0	22000	CONVERGED	514	496.64022791007574	693.1471805599452	0	0.8198985583924018	0	0.7326203426349803	0.0	0.7399539160575493	0	0.0	0.0	0.3637054241830073	0.4312651620886047	0	0.25279865200268536	0.30769230769230765	0	0.45174271427114016	0.47007351523186364	0	0	0	0	0	0	0	0	0.9999999999999998	0.9756960267685366	0.8198985583924019	0.8482376510582348	0.893992105768414	0.819898558392402	0.9725606463273379	3999	0.5525031927731128	36	0.39142810838833	0.0	0	0.0	0	0.0	-0.6530159409248741	4001	True	
res.services.trained=0.02@genesis	3	rate*0.75	52.0	22000	CONVERGED	513	496.64022791007574	693.1471805599452	0	0.8199588821492452	0	0.7336690464922565	0.0	0.7399539160575491	0	0.0	0.0	0.3637054241830073	0.431683395657521	0	0.25279865200268536	0.30769230769230765	0	0.45185950053949747	0.4699631499365832	0	0	0	0	0	0	0	0	0.9999999999999998	0.9767773380728635	0.8199588821492452	0.8469014294043137	0.8968258587423783	0.8199588821492453	0.9728176428624496	3999	0.5526689063769926	34	0.39142810838833086	0.0	0	0.0	0	0.0	-0.653015940924876	4001	True	
res.services.trained=0.08@dated	3	rate*0.75	52.0	22000	CONVERGED	759	1256.3698391827868	1256.369839182787	0	0.49999999999999994	0	0.5009317648106524	5.47887769496522	0.7107393999073165	0	0.0	0.0	0.3068344109595381	0.42871781734265985	0	0.30769230769230765	0.6174968696885847	0	0.4117099046944568	0.4676375556122857	0	0	0	0	0	0	0	0	0.7010890434144145	0.7431378368730726	0.5	0.6696319926410613	0.6719317877465205	0.5	0.8159433770930058	0	0.0	0	0.0	-1.1211129466201728	0	0.0	0	0.0	-0.4701791215168239	4001	True	
res.services.trained=0.08@genesis	3	rate*0.75	52.0	22000	CONVERGED	760	1256.3698391827868	1256.369839182787	0	0.5000000000000001	0	0.5009317648106525	5.562854108216553	0.7116000304777221	0	0.0	0.0	0.30689680265810443	0.42875781339999924	0	0.30769230769230765	0.6175143191812575	0	0.4117814839423883	0.46767696981063284	0	0	0	0	0	0	0	0	0.701204583310555	0.7429959283044225	0.5000000000000001	0.6693079097640694	0.6715967658900555	0.5	0.8161363415867171	0	0.0	0	0.0	-1.121112946620176	0	0.0	0	0.0	-0.4701791215168234	4001	True	
s[goods]=0.5	3	rate*0.75	52.0	22000	CONVERGED	802	2066.5571627051245	693.1471805599452	81	0.12662096752750637	0	0.11844330588220606	221.33343475276175	0.942574842758311	0	0.0	0.475614712250357	0.3700074386773611	0.5390256704052632	0	0.29095121262086154	0.37546122312501207	0	0.3270863102700097	0.5597580862038608	0	0	12	58	80	55	8	32	0.9551524191541104	0.4537863119804896	0.24217905608414433	0.12662096752750637	0.13318250416576166	0.4346585151523401	0.2461188545731808	820	0.5808897564773723	4	7.321106605949445e-48	-0.07366478777969734	142	0.6592180818117442	2	3.1733506794763932e-304	-0.47017912151700725	4001	True	
s[services]=0.5	3	rate*0.75	52.0	22000	CONVERGED	788	1538.3406077814693	693.1471805599452	64	0.214737139079843	0	0.2035139466798954	106.63500154792304	0.8519090863201267	0	0.475614712250357	0.0	0.342036695435772	0.5435542474241378	0	0.2789518437693659	0.39531300941605785	0	0.41363928353214446	0.5186013316544829	0	0	0	46	25	27	20	0	0.8550944757333387	0.5698915699382424	0.21473713907984296	0.37215870529715883	0.25004598713858217	0.2255213427807544	0.7569176298853433	812	0.7592675347064656	4	5.907711734678656e-48	-0.0736647877796983	150	0.022162990067628258	2	6.6877546428428105e-298	-0.4701791215170078	4001	True	
sw[master]=0.5	3	rate*0.75	52.0	22000	CONVERGED	506	657.4402840747373	693.1471805599452	0	0.5181760217718593	0	0.5181760217718593	0.0	0.9036656839160367	0	0.0	0.0	0.40725583187375336	0.43177480984958877	0	0.3050803704979684	0.31116655978330504	0	0.4117566978076118	0.48686023748261875	0	0	0	0	0	0	0	0	0.9721551254944643	0.9489782903159198	0.9026183113816946	0.5181760217718593	0.9243172182074545	0.97712889009556	0.5181760217718593	0	0.0	0	0.0	-0.07366478777969866	100	0.419176020285533	0	2.2052242573026293e-308	-0.47017912151700814	4001	True	
sw[trained]=0.5	3	rate*0.75	52.0	22000	CONVERGED	643	692.6115712100434	693.1471805599452	0	0.5002678764071011	0	0.5002678764071011	0.0	0.8219070497805305	0	0.0	0.0	0.3713414820868797	0.451003756440975	0	0.2996916849958142	0.3394062713036934	0	0.44052130144385604	0.4807806332642592	0	0	0	0	0	0	0	0	0.8925320858635806	0.8617730562891943	0.5002678764071012	0.7316988190631702	0.7796679661238608	0.5002678764071011	0.9463700108471884	620	0.48637688310177507	0	2.7585367554847105e-50	-0.07366478777969818	0	0.0	0	0.0	-0.47017912151700764	4001	True	
tail.services=0.05@dated	3	rate*0.75	52.0	22000	CONVERGED	480	585.4655565343056	585.4655565343057	0	0.9232836574171422	0	0.8529053763136153	0.0	0.39857841751075945	0	0.0	0.0	0.2692307692307707	0.423076923076923	0	0.30769230769230765	0.34997847838048624	0	0.4590975907378576	0.4743257314116576	0	0	0	0	0	0	0	0	1.000000000000005	0.9918891141619172	0.9811671027810955	0.9232836574171422	0.9975707443990146	1.0	0.982420269254626	0	0.0	0	0.0	-0.6070015874038376	0	0.0	0	0.0	-1.0035159211411464	4001	True	
tail.services=0.05@genesis	3	rate*0.75	52.0	22000	CONVERGED	480	585.4655565343056	585.4655565343057	0	0.9232836574171425	0	0.8529053763136153	0.0	0.398578417510759	0	0.0	0.0	0.2692307692307705	0.423076923076923	0	0.30769230769230765	0.3499784783804863	0	0.4590975907378575	0.4743257314116577	0	0	0	0	0	0	0	0	1.0000000000000042	0.9918891141619172	0.9811671027810959	0.9232836574171425	0.9975707443990146	1.0	0.9824202692546257	0	0.0	0	0.0	-0.607001587403838	0	0.0	0	0.0	-1.003515921141146	4001	True	
tail.services=0.2@dated	3	rate*0.75	52.0	22000	CONVERGED	974	838.026560407762	799.2031953104855	35	0.435554077083776	0	0.4151225826859561	111.30162025791968	0.9134409438567561	0	0.0	0.0	0.3730091070459132	0.6765382233116006	0	0.27673816203145357	0.4491243848560852	0	0.4183637110676609	0.5044235022858046	0	0	0	34	0	0	11	0	0.5789473684210525	0.6105664052379585	0.435554077083776	0.5352896565808181	0.5333612873221389	0.4355540770837761	0.6659923442406448	4003	0.5205639294522901	54	0.28608793431239965	2.4424906541753412e-15	3924	0.3095046934289469	24	0.04967163795420562	-2.2981616609741005e-14	4005	True	
tail.services=0.2@genesis	3	rate*0.75	52.0	22000	CONVERGED	986	839.045359113962	799.2031953104855	38	0.4346854241368208	0	0.41239154766634756	124.67314305879752	0.9197713783680236	0	0.0	0.0	0.37307342752564004	0.6787052270785909	0	0.2770834433602504	0.4503196554499519	0	0.4126274844938426	0.506605236295527	0	0	0	37	0	0	11	0	0.5789473684210525	0.5986474899524146	0.4346854241368208	0.5171717654108033	0.518452650248044	0.4346854241368208	0.670554580776373	4017	0.5227410913117904	56	0.2860879343123966	-6.550315845288445e-15	3938	0.30576351144333	24	0.049671637954233926	1.8429702208777428e-14	4019	True	
x*/2	3	rate*0.75	52.0	22000	CONVERGED	888	inf	693.1471805599452	114	0.0	1	0.0	686.8185536140945	0.942574842758311	0	0.475614712250357	0.475614712250357	0.3031145300522632	0.6236753225492636	0	0.21705426076318007	0.42463565951353816	0	0.320468828823406	0.5655528412955663	0	0	32	113	113	80	27	31	0.7758023063462445	0.26584086883474783	0.0	0.0	0.0	0.10483004221320674	0.1946629223333483	874	0.8947888244648337	6	3.192511993620925e-47	-0.07366478777970069	186	0.7345403286147486	2	6.015698666368548e-300	-0.47017912151701013	4001	True	
JA(0.5)	3	rate*0.9	52.0	22000	CONVERGED	774	2535.024066223129	693.1471805599452	134	0.1321499447048033	0	0.09341982502665551	877.6466380502636	0.5169490231386351	0	0.0	0.0	0.2018885748775738	0.624230000234689	0	0.18128364033958946	0.4265545654383236	0	0.30840718994683763	0.5680404106797106	0	29	35	132	132	94	0	0	0.4771911769833562	0.21401656945039066	0.1321499447048033	0.1321499447048033	0.14247755418947225	0.5891718311036658	0.6461551275743825	668	0.3972541888845674	4	3.4948182570052455e-56	-0.07366478777969854	0	0.0	0	0.0	-0.4701791215170071	4001	True	
JA(2)	3	rate*0.9	52.0	22000	CONVERGED	587	771.9495322380858	693.1471805599452	1	0.53236504664653	0	0.7843196767577012	15.901355855778458	0.6423218136321239	0	0.0	0.0	0.42307692307692424	0.5775048391462102	0	0.2876143210190387	0.4081258053545089	0	0.41195457741856484	0.5895377858131888	0	0	0	0	0	1	0	0	0.6134635694043042	0.7320603977828504	0.5366039214628937	0.53236504664653	0.4999999999999999	0.5	0.5	619	0.12227067148268364	2	3.149566299276348e-58	-0.07366478777969913	0	0.0	0	0.0	-0.47017912151700814	4001	True	
JB(0.5)	3	rate*0.9	52.0	22000	CONVERGED	736	1738.3804376261708	693.1471805599452	106	0.19172956116555703	0	0.13110347577558126	362.95900846559226	-0.4437195183615795	34	0.10847534523161832	0.10847534523161832	0.20507338516863616	0.5371616494422919	0	0.14797169064297053	0.37402841826854993	0	0.17455961012300358	0.5353005483025505	0	0	20	106	106	76	49	62	0.5749116320007359	0.34298663109370786	0.21117822621118088	0.19172956116555706	0.22019016425736077	0.2111782262111809	0.1917295611655571	731	0.6885463258050378	4	9.417957267025768e-57	-0.07366478777969973	186	0.5862778458339453	2	1e-323	-0.4701791215170087	4001	True	
JB(2)	3	rate*0.9	52.0	22000	CONVERGED	723	2111.657433759406	693.1471805599452	70	0.30650692914846095	0	0.2598333103555958	468.6630530468296	0.9425748427583156	0	0.0	0.0	0.3690485359234679	0.6453391057951743	0	0.3076923076923087	0.4477894989936783	0	0.4615384615384628	0.6301097546530924	0	0	24	70	63	48	0	0	0.8428923696731101	0.3673374485623439	0.30877897647135694	0.30650692914846095	0.31290705479565495	0.8154646003696081	0.9606690417881507	632	0.15936716164611694	2	6.891573560582179e-57	-0.07366478777969843	0	0.0	0	0.0	-0.47017912151700764	4001	True	
N(0.5)	3	rate*0.9	52.0	22000	CONVERGED	687	1316.4742565479362	0.0	23	0.4356271121323673	0	0.2396786346855033	68.34345623910286	0.942574842758311	0	0.0	0.0	0.3577948533246005	0.5871755201270868	0	0.2641074129162276	0.4073776371042058	0	0.46153846153846145	0.6181473432638427	0	0	0	23	0	8	0	0	0.8456969260399647	0.6349662584922701	0.4356271121323674	0.5313239022922931	0.49195462348633656	0.8583490919777398	1.0	593	0.08719805889655181	2	1.813328782803317e-57	-0.07366478777969962	0	0.0	0	0.0	-0.4701791215170094	4001	True	
N(2)	3	rate*0.9	52.0	22000	CONVERGED	571	815.3414734238138	0.0	4	0.44248820359856517	0	0.9731874923630299	33.70073507044121	0.39403023657465697	0	0.0	0.0	0.30769401532165574	0.44091935150916833	0	0.2203952264654256	0.31739338457192523	0	0.31898938004251637	0.4760401222352708	0	0	4	4	4	1	0	0	0.5	0.45576015661428093	0.4424882035985652	0.4424882035985652	0.4999999999999999	0.5	0.5	630	0.049971477331115316	2	1.0203622265201111e-57	-0.07366478777969843	0	0.0	0	0.0	-0.47017912151700675	4001	True	
RC(0.5)	3	rate*0.9	52.0	22000	CONVERGED	666	909.5200464115808	693.1471805599452	30	0.4380063117543097	0	0.44289896280092456	33.89467950365841	0.41221493450574204	0	0.0	0.0	0.2547655304193315	0.49604023242563466	0	0.19246370228304485	0.36223918308281844	0	0.4389407522759111	0.6129461646853714	0	0	0	25	4	0	25	0	0.6211586795176688	0.667521132838824	0.4380063117543097	0.4972728545199819	0.5356620881479979	0.43800631175430976	0.8805614949505282	691	0.29072269792087163	4	3.600426432888455e-57	-0.07366478777969843	0	0.0	0	0.0	-0.47017912151700797	4001	True	
RC(2)	3	rate*0.9	52.0	22000	CONVERGED	606	1348.5308190161213	693.1471805599452	47	0.25962141142826967	0	0.26305618746522597	0.0	0.9406079865346637	0	0.0	0.0	0.39277868389559206	0.5101494585771206	0	0.2874075462925793	0.4184160630741246	0	0.3518575974649345	0.5939079088810248	0	0	0	0	47	0	0	35	0.9283859801168539	0.8328506708718797	0.7347120391136341	0.25962141142826967	0.6291286615624133	0.8127506052911958	0.2596214114282697	551	0.09415618383587136	2	4.155034352145809e-58	-0.07366478777969866	105	0.6812705140385441	2	1e-323	-0.4701791215170069	4001	True	
RW(0.5)	3	rate*0.9	52.0	22000	CONVERGED	624	942.102275319119	693.1471805599452	32	0.392963279194796	0	0.37607200267062757	47.24894592099598	0.24942766219836576	0	0.0	0.0	0.2337478172945028	0.4920147545432811	0	0.2862138825542969	0.49676221709121393	0	0.39156327309929856	0.6973849643868872	0	0	0	1	31	4	0	0	0.5524948408779157	0.6163058808631282	0.4619709559353431	0.392963279194796	0.4225379977978876	0.8622935566834624	0.7479566358849058	596	0.13702714946601327	2	8.558745017423331e-58	-0.0736647877796983	0	0.0	0	0.0	-0.47017912151700747	4001	True	
RW(2)	3	rate*0.9	52.0	22000	CONVERGED	692	3640.755641933861	693.1471805599452	63	0.026232514086812906	0	0.021901304248255406	182.0436981049029	0.7212037542353025	0	0.0	0.0	0.2641988202150553	0.7194499363669058	0	0.26955591356521846	0.4008748234924552	0	0.36579750388184123	0.5305239884083114	0	0	9	62	54	29	17	12	0.5242394227914802	0.4703348305659171	0.026232514086812916	0.13463631897618084	0.386585986790103	0.026232514086812916	0.13463631897618084	690	0.9724465446078249	3	2.1794745733534579e-57	-0.07366478777969854	78	0.8407803422675046	1	1e-323	-0.47017912151700747	4001	True	
land.mach=0.2@dated	3	rate*0.9	52.0	22000	CONVERGED	613	603.0543504833428	594.5948731742905	0	0.569161724623198	0	0.6434002104436152	0.0	0.942574842758311	0	0.0	0.0	0.423076923076923	0.5357414301632413	0	0.30223299149257077	0.38244250216932385	0	0.45906331301068753	0.5547635373846578	0	0	0	0	0	0	0	0	0.8846153846153845	0.9442895473192106	0.569161724623198	0.569161724623198	0.5691617246231979	0.7562166758745904	0.8730799566285163	507	0.16189448665284414	2	4.857835049343482e-70	-0.08849466746738952	0	0.0	0	0.0	-0.5104320585812598	4001	True	
land.mach=0.2@genesis	3	rate*0.9	52.0	22000	CONVERGED	613	603.0543504833428	594.5948731742905	0	0.5691617246231984	0	0.6434002104436156	0.0	0.942574842758311	0	0.0	0.0	0.423076923076923	0.5356634128276598	0	0.3023221117638839	0.3824425302703116	0	0.45918729242460615	0.5547149226169514	0	0	0	0	0	0	0	0	0.8846153846153845	0.9445751083497658	0.5691617246231985	0.5691617246231984	0.5691617246231984	0.7569593835863336	0.8740945007937423	507	0.16138030438446507	2	4.822411465269476e-70	-0.08849466746738854	0	0.0	0	0.0	-0.5104320585812596	4001	True	
land.mach=0.8@dated	3	rate*0.9	52.0	22000	CONVERGED	614	2235.572866877582	642.3610059345988	108	0.1453563282061619	0	0.18334883413025632	858.3125783487789	0.09953680632031893	0	0.0	0.0	0.1912960518261176	0.4437986600356939	0	0.17378276587309155	0.30878855215927675	0	0.27156424701689513	0.46153846153846145	0	0	32	107	107	72	0	0	0.556497605312342	0.2652633692332559	0.1453563282061619	0.1453563282061619	0.16779627556478904	0.6640737643692864	0.6243235050549824	834	0.34595759764147643	4	1.8195130897341916e-41	-0.05282972882417838	0	0.0	0	0.0	-0.4139068365570602	4001	True	
land.mach=0.8@genesis	3	rate*0.9	52.0	22000	CONVERGED	615	2234.320839790706	642.3610059345988	108	0.14550678373123202	0	0.18346841092682023	857.3466507053978	0.09955244108955508	0	0.0	0.0	0.1913710222865801	0.4437849453044027	0	0.17383153577742352	0.3087307902877007	0	0.27169898041938584	0.46153846153846145	0	0	31	108	107	71	0	0	0.5567157011973238	0.26599068700779444	0.14550678373123202	0.14550678373123202	0.16794532387434563	0.6642005165585091	0.62414772214103	835	0.34487722646312596	4	1.8359606294799493e-41	-0.05282972882417884	0	0.0	0	0.0	-0.4139068365570577	4001	True	
p[goods]*0.5	3	rate*0.9	52.0	22000	CONVERGED	607	1053.6920883016144	693.1471805599452	32	0.3486481301997717	0	0.33030799180571546	1.1330313018610578	0.7827434275715058	0	0.0	0.0	0.39175014346079867	0.4593122680075022	0	0.2885947664927718	0.3429211772288039	0	0.3001260504328752	0.5313013579693717	0	0	0	0	32	0	0	26	0.9217155665108636	0.7193661175844712	0.6734203051368787	0.3486481301997717	0.6628690183036595	0.8278811881420113	0.3486481301997717	562	0.06554534411929873	2	7.77950893576519e-58	-0.07366478777969877	109	0.48586778509466555	2	1e-323	-0.47017912151700797	4001	True	
p[goods]*2	3	rate*0.9	52.0	22000	CONVERGED	523	693.1471805599452	693.1471805599452	0	0.7549548513045784	0	0.7551930404459811	0.0	0.860208014871666	0	0.0	0.0	0.3720173003208804	0.4527942756502016	0	0.2733849777060199	0.33163038877479717	0	0.41604636336605416	0.5693075783038464	0	0	0	0	0	0	0	0	0.8793136189402627	0.8181271988151056	0.7549548513045784	0.764083841708987	0.8631870181459449	0.8220599794597114	0.9014337872931175	549	0.05999764287280256	2	4.737616753506197e-59	-0.07366478777969854	0	0.0	0	0.0	-0.47017912151700725	4001	True	
p[labour.master]*0.5	3	rate*0.9	52.0	22000	CONVERGED	475	693.1471805599452	693.1471805599452	0	0.5245873943061565	0	0.4664523274745815	0.0	0.8845641271470294	0	0.0	0.0	0.39601699757414016	0.44027915190965256	0	0.2982554034316668	0.3152806395338871	0	0.2873503642154646	0.5143596335755498	0	0	0	0	0	0	0	0	0.9553011196928124	0.8902640737810387	0.8347937057490105	0.5245873943061565	0.901723016665664	0.930680216941994	0.5245873943061565	0	0.0	0	0.0	-0.07366478777969926	90	0.24156701035636005	1	1e-323	-0.4701791215170087	4001	True	
p[labour.master]*2	3	rate*0.9	52.0	22000	CONVERGED	476	693.1471805599452	693.1471805599452	0	0.7874711133785751	0	0.7755242490855722	0.0	0.890913813918472	0	0.0	0.0	0.41076155375043233	0.4388856796248476	0	0.3046087576354728	0.31402394049079074	0	0.4615384615384628	0.6973849643868872	0	0	0	0	0	0	0	0	0.9657255289407034	0.9150625023696565	0.8516626519826762	0.787471113378575	0.8785549219306141	0.9752770293743988	0.787471113378575	0	0.0	0	0.0	-0.0736647877796989	0	0.0	0	0.0	-0.47017912151700797	4001	True	
p[labour.trained]*0.5	3	rate*0.9	52.0	22000	CONVERGED	632	1587.7194475805381	693.1471805599452	39	0.20439120548512874	0	0.1908364608625851	43.04603779436402	0.6621306738912633	0	0.0	0.0	0.29772597182240423	0.5012162626121266	0	0.2073552674716674	0.38700512042804885	0	0.3920638266960885	0.5147952414409068	0	0	0	13	25	6	13	0	0.723045698105567	0.6531883904551746	0.20439120548512874	0.4079817334568721	0.4968360978398567	0.20439120548512876	0.8170205880730782	670	0.7548387885596192	3	1.137028210631133e-57	-0.07366478777969986	0	0.0	0	0.0	-0.47017912151700797	4001	True	
p[labour.trained]*2	3	rate*0.9	52.0	22000	CONVERGED	503	693.1471805599452	693.1471805599452	0	0.8243344236112023	0	0.8375993609842476	0.0	0.8798661145520805	0	0.0	0.0	0.3923485073923996	0.4428810551562838	0	0.30769230769230865	0.49676221709121393	0	0.45283908228765946	0.4752735130312305	0	0	0	0	0	0	0	0	0.883877082784699	0.9072455184903486	0.8403309888289611	0.8243344236112023	0.8546231943750247	0.8403309888289612	0.9749988726213086	0	0.0	0	0.0	-0.07366478777969843	0	0.0	0	0.0	-0.47017912151700747	4001	True	
p[labour]*0.5	3	rate*0.9	52.0	22000	CONVERGED	616	1174.4789689262484	693.1471805599452	22	0.30897992589794876	0	0.3018372549107344	33.28606658099823	0.24942766219836576	0	0.0	0.0	0.2337478172945028	0.4865844467704631	0	0.27439670964083357	0.345865460631134	0	0.3815398739444527	0.5062152918363779	0	0	0	8	22	13	0	0	0.5524948408779157	0.643403416524788	0.34891362889498273	0.30897992589794876	0.3260943700395347	0.8645155367664475	0.8266697268796477	596	0.1335066791145057	2	7.133848723319296e-58	-0.0736647877796983	0	0.0	0	0.0	-0.47017912151700725	4001	True	
p[labour]*2	3	rate*0.9	52.0	22000	CONVERGED	600	1345.1722004814965	693.1471805599452	9	0.30446303694725424	0	0.2797091751379705	2.267943613725616	0.8483319768393229	0	0.0	0.0	0.35115397052604164	0.7194499363669058	0	0.30769230769230854	0.38619996953387964	0	0.4475570602704919	0.49821090357706443	0	0	0	8	0	0	8	0	0.6971101487672828	0.745393417620507	0.30446303694725424	0.5755926373529145	0.6387149309873942	0.30446303694725424	0.8101478372766191	638	0.7395051533404958	3	3.873746481509575e-58	-0.07366478777970033	107	0.20927441412088885	1	1e-323	-0.470179121517009	4001	True	
p[land]*0.5	3	rate*0.9	52.0	22000	CONVERGED	604	765.843802058078	693.1471805599452	0	0.6434002104436155	0	0.429614641595997	0.0	0.898625679613805	0	0.0	0.0	0.4230769230769267	0.5775048391462102	0	0.30769230769231	0.4081258053545089	0	0.46153846153846473	0.5895377858131888	0	0	0	0	0	0	0	0	1.0000000000000087	1.0	0.6434002104436156	0.6434002104436155	0.6434002104436155	0.9617378061264188	0.9948963622221544	594	0.16610706142011483	2	1.1121136124328395e-58	-0.07366478777969997	0	0.0	0	0.0	-0.47017912151701013	4001	True	
p[land]*2	3	rate*0.9	52.0	22000	CONVERGED	699	1457.0243557101728	693.1471805599452	103	0.2329283564584038	0	0.31710390682441625	405.74000625682925	0.28114006333070507	0	0.0	0.0	0.21477511461121973	0.5119187505632307	0	0.18312865831326908	0.3588427789733886	0	0.2859016878164715	0.5256169076036141	0	0	27	102	102	72	0	0	0.5076502708992466	0.32166859952815763	0.2329283564584038	0.2329283564584038	0.23916545593232433	0.5951681395181245	0.6168392136387851	646	0.3025640241798411	2	8.946574309536359e-57	-0.07366478777969854	0	0.0	0	0.0	-0.47017912151700797	4001	True	
p[mach]*0.5	3	rate*0.9	52.0	22000	CONVERGED	753	2414.3352225870867	693.1471805599452	100	0.19081760484207064	0	0.19510785098736558	672.388871717367	0.9425748427583144	0	0.0	0.0	0.2770845490308102	0.6467027309474711	0	0.2493580992273552	0.4331301682638682	0	0.3890424135041826	0.584972151359247	0	0	31	100	91	66	0	0	0.6549271158910059	0.26380396373541853	0.19172360983065773	0.19081760484207064	0.19698127073250024	0.8104138224889045	0.788124353856153	653	0.28757201988006564	2	1.7968566464337759e-56	-0.07366478777969854	0	0.0	0	0.0	-0.47017912151700764	4001	True	
p[mach]*2	3	rate*0.9	52.0	22000	CONVERGED	600	742.0336190290551	693.1471805599452	6	0.4962174521330381	0	0.47493163631891594	2.603070482738575	0.18997439864996804	0	0.0	0.0	0.2960081481580198	0.46953963744838123	0	0.21415528870589254	0.3367552786576927	0	0.26206993608267637	0.5048690495438426	0	0	0	0	5	0	0	5	0.7394713434933738	0.7623441622484547	0.5913018407817822	0.4962174521330381	0.5455615861352832	0.5913018407817822	0.4962174521330382	638	0.15089405954283028	4	5.02689235801298e-58	-0.07366478777969926	0	0.0	0	0.0	-0.4701791215170087	4001	True	
p[services]*0.5	3	rate*0.9	52.0	22000	CONVERGED	641	740.8608845992252	693.1471805599452	12	0.476703352248242	0	0.4222546437573751	8.803527449622672	0.4136928866533142	0	0.0	0.0	0.2611678639007134	0.47185280895487347	0	0.18970176047698076	0.3360083649435437	0	0.4303079664563927	0.5103809599906364	0	0	0	12	0	0	0	0	0.619723063769246	0.7105936298927092	0.47670335224824206	0.5684212551120073	0.5969283345930342	0.5217698329276547	0.8281536295256045	672	0.1456064068958654	4	2.1113035010526502e-57	-0.0736647877796983	0	0.0	0	0.0	-0.4701791215170078	4001	True	
p[services]*2	3	rate*0.9	52.0	22000	CONVERGED	562	693.1471805599452	693.1471805599452	0	0.5187110053945019	0	0.6057560369573481	0.0	0.942574842758311	0	0.0	0.0	0.3692759445628603	0.5067714095886842	0	0.2715257318245244	0.38963152533514384	0	0.3981656829504919	0.49986641505321994	0	0	0	0	0	0	0	0	0.8728340507849425	0.7687982517539781	0.7484912875402246	0.5187110053945019	0.6593794481366275	0.8824586284297044	0.7758899706393919	0	0.0	0	0.0	-0.07366478777969986	0	0.0	0	0.0	-0.47017912151700925	4001	True	
res.services.trained=0.02@dated	3	rate*0.9	52.0	22000	CONVERGED	445	496.64022791007574	693.1471805599452	0	0.8160083729131888	0	0.7286850879164282	0.0	0.7399539160575489	0	0.0	0.0	0.3637054241830063	0.4312872295337161	0	0.25279865200268475	0.30769230769230765	0	0.45202775139655055	0.4702294098435728	0	0	0	0	0	0	0	0	0.9999999999999998	0.9765432695840671	0.8160083729131888	0.8532248714955263	0.8986558570254912	0.816008372913189	0.9755817193062666	3999	0.5534076140422616	34	0.3914281083883292	0.0	0	0.0	0	0.0	-0.6530159409248767	4001	True	
res.services.trained=0.02@genesis	3	rate*0.9	52.0	22000	CONVERGED	445	496.64022791007574	693.1471805599452	0	0.8162564044555637	0	0.7296993729179623	0.0	0.7399539160575496	0	0.0	0.0	0.36370542418300716	0.43173284246552696	0	0.2527986520026853	0.30769230769230765	0	0.45217960971432913	0.4700912015649289	0	0	0	0	0	0	0	0	0.9999999999999998	0.9774927383479728	0.8162564044555637	0.8554906076020178	0.9024553191245192	0.8162564044555637	0.9759273463679703	3999	0.5535749254413909	34	0.39142810838833036	0.0	0	0.0	0	0.0	-0.6530159409248744	4001	True	
res.services.trained=0.08@dated	3	rate*0.9	52.0	22000	CONVERGED	636	1256.3698391827868	1256.369839182787	0	0.49999999999999994	0	0.5009317648106524	2.8139070800071133	0.7218842191168084	0	0.0	0.0	0.3082519753982777	0.42860333367935555	0	0.30769230769230765	0.617649698285238	0	0.4101649347443837	0.46799266077740415	0	0	0	0	0	0	0	0	0.7109837036173264	0.7533237166160328	0.5	0.6979975231867903	0.6966585830557877	0.5	0.8161738560801861	0	0.0	0	0.0	-1.1211129466196472	0	0.0	0	0.0	-0.47017912151700514	4001	True	
res.services.trained=0.08@genesis	3	rate*0.9	52.0	22000	CONVERGED	637	1256.3698391827868	1256.369839182787	0	0.5000000000000001	0	0.5009317648106525	2.8882182178398836	0.7229139666673929	0	0.0	0.0	0.30832237040706884	0.4286497557172507	0	0.30769230769230765	0.6176718893653297	0	0.41026024394663896	0.46804468549841205	0	0	0	0	0	0	0	0	0.7111109879393115	0.7533171176311387	0.5000000000000001	0.6975866094367277	0.696242343898442	0.5	0.8163699731103993	0	0.0	0	0.0	-1.1211129466196463	0	0.0	0	0.0	-0.4701791215170066	4001	True	
s[goods]=0.5	3	rate*0.9	52.0	22000	CONVERGED	700	2023.4290071106425	693.1471805599452	76	0.13220136754387998	0	0.12413932628218914	240.96952612361696	0.942574842758311	0	0.0	0.475614712250357	0.37839303298313637	0.5532755079246794	0	0.28372925504345015	0.3847907411627139	0	0.33319506451655545	0.5658167242498433	0	0	13	57	75	53	8	28	0.988801911872673	0.4321637356911408	0.2546411324734144	0.13220136754387998	0.13981872624500954	0.4202125766925655	0.21979145033434855	694	0.6015282835357815	4	2.713175513620967e-57	-0.07366478777970058	126	0.7009113441677447	2	1e-323	-0.4701791215170096	4001	True	
s[services]=0.5	3	rate*0.9	52.0	22000	CONVERGED	653	1548.9339083612258	693.1471805599452	56	0.21247437027522426	0	0.19234148086161856	100.81603305008338	0.9094033411497624	0	0.475614712250357	0.0	0.3515572337293632	0.560511832944837	0	0.27710889295182295	0.40185676310555807	0	0.4197602441842481	0.5217710391722443	0	0	0	41	19	23	18	0	0.9001769680732756	0.5677294043658523	0.21247437027522426	0.38683450191229124	0.2594260044216481	0.21247437027522428	0.7565808877852926	683	0.7793155353038167	4	1.7883293542941646e-57	-0.07366478777969818	138	0.09973770303317187	2	1e-323	-0.47017912151700725	4001	True	
sw[master]=0.5	3	rate*0.9	52.0	22000	CONVERGED	435	628.3548464744639	693.1471805599452	0	0.5334687174192757	0	0.5334687174192756	0.0	0.9078227177505439	0	0.0	0.0	0.40780706150713414	0.431379608818512	0	0.3054323348526659	0.31112000637826587	0	0.41356709078653164	0.48518961014417383	0	0	0	0	0	0	0	0	0.9735693168519046	0.9544353862710281	0.9157878287042684	0.5334687174192757	0.9335707898269138	0.9798010621827175	0.5334687174192756	0	0.0	0	0.0	-0.07366478777969758	83	0.4046520223639443	0	1e-323	-0.4701791215170071	4001	True	
sw[trained]=0.5	3	rate*0.9	52.0	22000	CONVERGED	517	687.2595277129087	693.1471805599452	0	0.5029525095702838	0	0.5029525095702837	0.0	0.8278166018637483	0	0.0	0.0	0.37355186895777737	0.44835364063887595	0	0.2997361180127376	0.33750066991855304	0	0.44293410973582725	0.47976950066463975	0	0	0	0	0	0	0	0	0.9040983931093245	0.8803121814747721	0.5029525095702838	0.7617718391515934	0.8068530005204703	0.5029525095702837	0.950486032282611	513	0.48369712881001026	0	6.295897149735505e-60	-0.07366478777970033	0	0.0	0	0.0	-0.47017912151701013	4001	True	
tail.services=0.05@dated	3	rate*0.9	52.0	22000	CONVERGED	416	585.4655565343056	585.4655565343057	0	0.9244358154946957	0	0.8529053763136153	0.0	0.3985784175107587	0	0.0	0.0	0.26923076923077083	0.423076923076923	0	0.30769230769230765	0.35114089808820537	0	0.45914800469409967	0.4749280181822292	0	0	0	0	0	0	0	0	1.0000000000000056	0.9925456047938841	0.9819710631506924	0.9244358154946956	0.9963474754999095	1.0	0.9831864726844933	0	0.0	0	0.0	-0.607001587403838	0	0.0	0	0.0	-1.0035159211411455	4001	True	
tail.services=0.05@genesis	3	rate*0.9	52.0	22000	CONVERGED	416	585.4655565343056	585.4655565343057	0	0.9244358154946957	0	0.8529053763136153	0.0	0.3985784175107587	0	0.0	0.0	0.26923076923077083	0.423076923076923	0	0.30769230769230765	0.35114089808820537	0	0.45914800469409967	0.4749280181822292	0	0	0	0	0	0	0	0	1.0000000000000056	0.9925456047938841	0.9819710631506924	0.9244358154946956	0.9963474754999095	1.0	0.9831864726844933	0	0.0	0	0.0	-0.607001587403838	0	0.0	0	0.0	-1.0035159211411455	4001	True	
tail.services=0.2@dated	3	rate*0.9	52.0	22000	CONVERGED	802	827.3115305777249	799.2031953104855	22	0.44443902719918593	0	0.4246898054662071	75.15898021100435	0.9326794899663857	0	0.0	0.0	0.3790455161643592	0.6739131631248659	0	0.2794708955072396	0.4478274485930739	0	0.42413478420311235	0.5039604300629045	0	0	0	21	0	0	9	0	0.5789473684210525	0.6402022716673434	0.44443902719918593	0.5765937453718464	0.5764664557612054	0.444439027199186	0.6692813900207704	3999	0.5191633414055948	42	0.28608793431239254	0.0	3932	0.3103236784916502	24	0.04967163795419808	-7.771561172376099e-16	4001	True	
tail.services=0.2@genesis	3	rate*0.9	52.0	22000	CONVERGED	807	828.4755736879314	799.2031953104855	23	0.44364058549649465	0	0.4220811875125302	85.02287770794197	0.9395259559983722	0	0.0	0.0	0.37925293189029663	0.6757912348050545	0	0.2792324450196577	0.4488216582254264	0	0.4192477768225044	0.5058929268307983	0	0	0	22	0	0	9	0	0.5789473684210525	0.629123395086466	0.44364058549649465	0.5619327956846402	0.5606396895778595	0.44364058549649465	0.6751671342207368	3999	0.5212780497778525	42	0.2860879343123936	-3.33066907387547e-16	3932	0.30562201381594384	24	0.049671637954198336	-1.776356839400252e-15	4001	True	
x*/2	3	rate*0.9	52.0	22000	CONVERGED	742	inf	693.1471805599452	104	0.0	1	0.0	715.6250696618376	0.942574842758311	0	0.475614712250357	0.475614712250357	0.3080922893065029	0.6527333656828714	0	0.22670889586246182	0.4389792426973859	0	0.3094165772713352	0.5757304328433698	0	0	31	103	103	72	34	27	0.8051522256087893	0.2524459960334153	0.0	0.0	0.0	0.09540947781917382	0.1689479687099033	742	0.9072069898622717	6	1.2777761405557595e-56	-0.0736647877796989	176	0.7758323544685921	2	1e-323	-0.47017912151700725	4001	True	
JA(0.5)	3	rate*1.1	52.0	22000	CONVERGED	620	2286.966495901979	693.1471805599452	104	0.17836854742867428	0	0.10003464540287704	553.1096904320599	0.6135063993088622	0	0.0	0.0	0.2279566264419124	0.6088342803128192	0	0.20126801565923566	0.41369648599191955	0	0.32566710380514463	0.5603289794543541	0	0	27	102	102	77	0	0	0.5388065715899747	0.2666682419931775	0.17836854742867428	0.17836854742867428	0.18811136124288796	0.6541210508925159	0.7056120582444801	535	0.3487988453908115	2	3.8309205195772383e-69	-0.07366478777969986	0	0.0	0	0.0	-0.47017912151701047	4001	True	
JA(2)	3	rate*1.1	52.0	22000	CONVERGED	503	776.3351559889867	693.1471805599452	1	0.5350785038684828	0	0.785484112305737	12.287839353113903	0.6329324474438772	0	0.0	0.0	0.42252802045504007	0.5775048391462102	0	0.2853241653980575	0.4081258053545089	0	0.4112478711034087	0.5895377858131888	0	0	0	0	0	1	0	0	0.6134635694043042	0.7379786620826619	0.5402865300304666	0.5350785038684828	0.4999999999999999	0.5	0.5	506	0.11146798997776869	2	4.960803201757087e-71	-0.07366478777970009	0	0.0	0	0.0	-0.47017912151700975	4001	True	
JB(0.5)	3	rate*1.1	52.0	22000	CONVERGED	587	1585.6066498536845	693.1471805599452	83	0.22431809441469852	0	0.1601641537547935	234.42531028744764	-0.4437195183615795	23	0.09538366617404198	0.09538366617404198	0.21267207674027552	0.5286045791906433	0	0.15548571759832983	0.3685453175607233	0	0.1844296369185907	0.530835066272166	0	0	14	83	83	62	39	48	0.576319528783311	0.3967706357252518	0.2400646689643319	0.22431809441469847	0.2636840998046694	0.24006466896433193	0.2243180944146985	592	0.6571610565745915	4	1.20049348543482e-69	-0.07366478777969937	147	0.5400528280026641	2	1e-323	-0.47017912151700925	4001	True	
JB(2)	3	rate*1.1	52.0	22000	CONVERGED	580	1880.2479297437867	693.1471805599452	50	0.3854223345078228	0	0.3141217572882017	292.16305591943217	0.9425748427583182	0	0.0	0.0	0.3996001706431954	0.6310382157493696	0	0.3076923076923092	0.43523059746905124	0	0.46153846153846373	0.6311055533191481	0	0	13	50	44	33	0	0	0.8428923696731101	0.4429671311311217	0.3854223345078228	0.3854223345078228	0.390405903379894	0.8154646003696081	1.0000000000000047	505	0.13029227019774509	2	7.977486712306763e-70	-0.07366478777969902	0	0.0	0	0.0	-0.47017912151700886	4001	True	
N(0.5)	3	rate*1.1	52.0	22000	CONVERGED	546	1154.9303054248649	0.0	6	0.4955597134735598	0	0.2646968727559301	30.506117851293652	0.942574842758311	0	0.0	0.0	0.3811541242906986	0.5809065556370323	0	0.2793268425968495	0.409747964327261	0	0.46153846153846145	0.620746268243621	0	0	0	6	0	0	0	0	0.9009097483234695	0.7146954429828798	0.4955597134735597	0.5432269246378014	0.538487120297171	0.9078122384397609	1.0	475	0.059125562097791025	2	2.243441959012298e-70	-0.0736647877796983	0	0.0	0	0.0	-0.47017912151700747	4001	True	
N(2)	3	rate*1.1	52.0	22000	CONVERGED	480	815.3414734238138	0.0	4	0.44248820359856517	0	0.9718393864992879	25.085511228907706	0.38718246078130236	0	0.0	0.0	0.3068847587657529	0.44202784522799693	0	0.2205006296456901	0.3183312089476856	0	0.31817067873650084	0.4768506080046858	0	0	4	4	4	1	0	0	0.5	0.45576015661428093	0.4424882035985652	0.4424882035985652	0.4999999999999999	0.5	0.5	514	0.05042382732379188	2	1.6309367359499998e-70	-0.07366478777969902	0	0.0	0	0.0	-0.47017912151700636	4001	True	
RC(0.5)	3	rate*1.1	52.0	22000	CONVERGED	563	823.2526385949222	693.1471805599452	14	0.47421262348214693	0	0.4777730280511704	12.142304118456217	0.4464935015363203	0	0.0	0.0	0.26461961829496106	0.49660152366242793	0	0.19725305437180962	0.36393141783230026	0	0.4389407522759111	0.6118687477456408	0	0	0	13	0	0	13	0	0.6482285601581497	0.7187270607036742	0.47421262348214693	0.5586458949195134	0.6000521961076939	0.474212623482147	0.8891468857306413	566	0.24986770230315974	4	5.948526304371835e-70	-0.07366478777969843	0	0.0	0	0.0	-0.4701791215170087	4001	True	
RC(2)	3	rate*1.1	52.0	22000	CONVERGED	520	1175.9160642338313	693.1471805599452	37	0.30853621120282154	0	0.31233047005962605	0.0	0.9216059180172399	0	0.0	0.0	0.39277868389559206	0.5074867289241372	0	0.2874075462925793	0.41244177341879007	0	0.3541135898642606	0.5938966796304669	0	0	0	0	37	0	0	26	0.9283859801168539	0.8412057809213932	0.7566221751246112	0.30853621120282154	0.6845556648450607	0.8265222094855841	0.30853621120282154	447	0.09217757024629127	2	7.226888953089434e-71	-0.07366478777969818	88	0.6216360246160322	2	1e-323	-0.47017912151700747	4001	True	
RW(0.5)	3	rate*1.1	52.0	22000	CONVERGED	527	918.6185415664833	693.1471805599452	6	0.3990699590222374	0	0.38329751923972133	28.16133318083822	0.24942766219836576	0	0.0	0.0	0.2337478172945028	0.4872571943226663	0	0.28825341240244007	0.49676221709121393	0	0.3967234387192071	0.6973849643868872	0	0	0	1	5	3	0	0	0.5524948408779157	0.6550793888526741	0.4669632938086194	0.3990699590222374	0.42816710250211537	0.8852547027628903	0.7692485689228369	483	0.12254942603766814	2	1.238830023751156e-70	-0.07366478777969854	0	0.0	0	0.0	-0.4701791215170085	4001	True	
RW(2)	3	rate*1.1	52.0	22000	CONVERGED	551	3658.3174594089523	693.1471805599452	45	0.025775845167604703	0	0.02245559317775918	112.75816784625013	0.7570950462955796	0	0.0	0.0	0.2738005541735897	0.7194499363669058	0	0.27407090671989287	0.4049661660147353	0	0.3699108052672276	0.5319989714192377	0	0	0	43	37	18	13	9	0.5770958965132158	0.5266805062213973	0.025775845167604703	0.1303066202339655	0.4504531125443438	0.025775845167604703	0.13030662023396553	559	0.9734746239993733	3	2.772374535858389e-70	-0.07366478777970033	67	0.8447340697457045	1	1e-323	-0.47017912151700886	4001	True	
land.mach=0.2@dated	3	rate*1.1	52.0	22000	CONVERGED	515	604.9342343297988	594.5948731742905	0	0.569161724623198	0	0.6434002104436152	0.0	0.942574842758311	0	0.0	0.0	0.423076923076923	0.5374537311788828	0	0.30273501150435844	0.3830135539377169	0	0.458796418989246	0.5548101862728977	0	0	0	0	0	0	0	0	0.8846153846153845	0.9464964771824323	0.569161724623198	0.569161724623198	0.5691617246231979	0.7574809039073984	0.8727149907705338	414	0.16143434752294722	2	1.973559323510166e-85	-0.08849466746738842	0	0.0	0	0.0	-0.5104320585812585	4001	True	
land.mach=0.2@genesis	3	rate*1.1	52.0	22000	CONVERGED	515	604.9342343297988	594.5948731742905	0	0.5691617246231984	0	0.6434002104436156	0.0	0.942574842758311	0	0.0	0.0	0.423076923076923	0.5373594860144937	0	0.3028318827872341	0.38300659555596944	0	0.4589323626184964	0.554749255944071	0	0	0	0	0	0	0	0	0.8846153846153845	0.946818787895932	0.5691617246231985	0.5691617246231984	0.5691617246231984	0.7583268671400001	0.8739519360263389	414	0.16083713779691713	2	1.9559730346643417e-85	-0.08849466746738806	0	0.0	0	0.0	-0.5104320585812598	4001	True	
land.mach=0.8@dated	3	rate*1.1	52.0	22000	CONVERGED	491	2059.939337908365	642.3610059345988	83	0.1825301042712801	0	0.22278902579228796	596.1189552384213	0.1498654958624092	0	0.0	0.0	0.2081458962728026	0.43550407348069586	0	0.18675894345003555	0.3077756586455964	0	0.2859300449436759	0.461541927018015	0	0	25	82	81	57	0	0	0.6055153346117894	0.3097637966635125	0.18253010427128008	0.18253010427128008	0.20906813205337654	0.7095611891317692	0.6699251330541044	677	0.31620065173953243	2	1.077825029886674e-50	-0.052829728824178725	0	0.0	0	0.0	-0.41390683655705884	4001	True	
land.mach=0.8@genesis	3	rate*1.1	52.0	22000	CONVERGED	492	2058.5251203323387	642.3610059345988	83	0.1827098265916311	0	0.22294164412294123	595.382434062783	0.14974229342485695	0	0.0	0.0	0.2082072805494421	0.4354843542785318	0	0.18679750687736604	0.3077756586455964	0	0.28603976936510617	0.461541927018015	0	0	24	82	82	57	0	0	0.6056939070529224	0.31052433710242794	0.18270982659163112	0.18270982659163112	0.20926434859329945	0.709310635563496	0.6697430240850056	677	0.3165368735395471	2	1.090166917432375e-50	-0.05282972882417861	0	0.0	0	0.0	-0.41390683655706034	4001	True	
p[goods]*0.5	3	rate*1.1	52.0	22000	CONVERGED	484	911.7247450987153	693.1471805599452	18	0.4018305707106578	0	0.3840881659995758	0.0	0.789260137447584	0	0.0	0.0	0.39624692692805963	0.4589138328661701	0	0.28973612582544445	0.3404722437674111	0	0.3042914581884346	0.5306839148993722	0	0	0	0	17	0	0	15	0.9319917802661836	0.7461226087068059	0.7023073793051182	0.4018305707106578	0.7010535417836301	0.8471711618969767	0.40183057071065786	456	0.06335925467275881	2	1.3700592263886385e-70	-0.07366478777969843	90	0.41187863373109035	2	1e-323	-0.47017912151700797	4001	True	
p[goods]*2	3	rate*1.1	52.0	22000	CONVERGED	410	693.1471805599452	693.1471805599452	0	0.7746501890369444	0	0.7764598347963482	0.0	0.8588185817637766	0	0.0	0.0	0.3720173003208804	0.4546485980258889	0	0.2733849777060199	0.33335306604418313	0	0.41604636336605416	0.5695306836460317	0	0	0	0	0	0	0	0	0.8793136189402627	0.8279972811760661	0.7746501890369445	0.7761257708403105	0.8679897985639301	0.8323962150767092	0.9014337872931175	448	0.05726229173929221	2	7.472705728164797e-72	-0.07366478777969926	0	0.0	0	0.0	-0.4701791215170078	4001	True	
p[labour.master]*0.5	3	rate*1.1	52.0	22000	CONVERGED	400	693.1471805599452	693.1471805599452	0	0.5193337596005726	0	0.45685296957595306	0.0	0.8902207885798438	0	0.0	0.0	0.396553047889486	0.4399583070532155	0	0.2982841701320833	0.3157041918161614	0	0.2884127321533032	0.51347410748959	0	0	0	0	0	0	0	0	0.955694132358267	0.9011560075880924	0.8588388025596436	0.5193337596005728	0.9148905266001616	0.9345718166541692	0.5193337596005728	0	0.0	0	0.0	-0.07366478777969902	74	0.2478035368046516	1	1e-323	-0.47017912151700764	4001	True	
p[labour.master]*2	3	rate*1.1	52.0	22000	CONVERGED	407	693.1471805599452	693.1471805599452	0	0.7874711133785751	0	0.7829395351115446	0.0	0.89375768584285	0	0.0	0.0	0.41219905822871516	0.4387194514494342	0	0.30504593479517544	0.31407609278275284	0	0.4615384615384623	0.6973849643868872	0	0	0	0	0	0	0	0	0.969875337171724	0.9233147075227078	0.8667499805458743	0.787471113378575	0.8785549219306141	0.9786628768052346	0.787471113378575	0	0.0	0	0.0	-0.07366478777969926	0	0.0	0	0.0	-0.47017912151700886	4001	True	
p[labour.trained]*0.5	3	rate*1.1	52.0	22000	CONVERGED	531	1596.3041794289743	693.1471805599452	25	0.2026440718606479	0	0.19286861357024912	18.89765003799761	0.6850772275755125	0	0.0	0.0	0.3044175048501479	0.5012474832735385	0	0.21280183103408937	0.3844534325542538	0	0.40394220046094487	0.5122306911831906	0	0	0	11	13	0	11	0	0.7548591159248441	0.6992467810446436	0.2026440718606479	0.4687116734352433	0.5578203110653004	0.2026440718606479	0.834764300397348	546	0.760125391143306	3	1.6376443932729874e-70	-0.07366478777969854	0	0.0	0	0.0	-0.47017912151700747	4001	True	
p[labour.trained]*2	3	rate*1.1	52.0	22000	CONVERGED	424	693.1471805599452	693.1471805599452	0	0.8403309888289611	0	0.8375993609842476	0.0	0.8850746566829496	0	0.0	0.0	0.3942068601175074	0.44248982340966886	0	0.3076923076923085	0.49676221709121393	0	0.4541370999108938	0.47446104682067736	0	0	0	0	0	0	0	0	0.883877082784699	0.9194913654387541	0.8403309888289611	0.848312178608219	0.8745688383051797	0.8403309888289612	0.9776249802779982	0	0.0	0	0.0	-0.07366478777969877	0	0.0	0	0.0	-0.4701791215170078	4001	True	
p[labour]*0.5	3	rate*1.1	52.0	22000	CONVERGED	522	1146.3694167763458	693.1471805599452	10	0.3177884348656291	0	0.31116378503919573	17.76146348533753	0.24942766219836576	0	0.0	0.0	0.2337478172945028	0.48194120046969513	0	0.2775882912659295	0.34310315503138794	0	0.3868865609821916	0.5039369235699838	0	0	0	5	10	7	0	0	0.5524948408779157	0.6818360705238289	0.35723847867643466	0.3177884348656291	0.3346955964988314	0.886833842646271	0.8382542154614153	483	0.11821001682869914	2	1.018754666987953e-70	-0.07366478777969877	0	0.0	0	0.0	-0.47017912151700836	4001	True	
p[labour]*2	3	rate*1.1	52.0	22000	CONVERGED	510	1349.6380072989512	693.1471805599452	7	0.30199178181324554	0	0.281533045216152	0.0	0.8631726094679456	0	0.0	0.0	0.3552637482398228	0.7194499363669058	0	0.3076923076923081	0.38889629442806883	0	0.4514261739514488	0.4967325637437736	0	0	0	6	0	0	6	0	0.7236831598480222	0.7701187020884089	0.30199178181324554	0.6192443048158832	0.678307858820421	0.3019917818132456	0.8065248851928818	429	0.7406658792846316	1	1.4560000065800096e-72	-0.07366478777970022	87	0.21485329336665315	1	1e-323	-0.470179121517011	4001	True	
p[land]*0.5	3	rate*1.1	52.0	22000	CONVERGED	488	773.4707608284596	693.1471805599452	0	0.6434002104436155	0	0.4308778132682323	0.0	0.8947414467731877	0	0.0	0.0	0.423076923076925	0.5775048391462102	0	0.30769230769230876	0.4081258053545089	0	0.46153846153846306	0.5895377858131888	0	0	0	0	0	0	0	0	1.0000000000000044	1.0	0.6434002104436156	0.6434002104436155	0.6434002104436155	0.9554988260982376	0.9962021489653763	486	0.1582694470543755	2	1.7646000142581496e-71	-0.07366478777969866	0	0.0	0	0.0	-0.47017912151700797	4001	True	
p[land]*2	3	rate*1.1	52.0	22000	CONVERGED	584	1316.9096166721488	693.1471805599452	81	0.2822612395990886	0	0.38191938597516395	267.53631259796947	0.3251118590073011	0	0.0	0.0	0.22784173702068675	0.5038918703531544	0	0.1916187120880153	0.3537354947738939	0	0.2942945980341246	0.5232843116601408	0	0	20	80	80	59	0	0	0.5385350147761687	0.37333538112416637	0.28252841609608825	0.2822612395990886	0.28671990526621915	0.6227608142860499	0.6376382957406035	523	0.2727556355894593	2	1.2355963661902005e-69	-0.07366478777969913	0	0.0	0	0.0	-0.470179121517009	4001	True	
p[mach]*0.5	3	rate*1.1	52.0	22000	CONVERGED	604	2168.898018668619	693.1471805599452	74	0.24987496066405473	0	0.2443624722497591	420.209262966656	0.9425748427583159	0	0.0	0.0	0.3051075427713036	0.6257513698868699	0	0.27020147204396266	0.4276867938280674	0	0.42354467529865636	0.5729099300257611	0	0	23	74	66	50	0	0	0.7211632829139902	0.32653112207531	0.24987496066405473	0.24987496066405473	0.2573784690526024	0.8781547841428787	0.8433250354079396	523	0.24918140954974483	2	2.0332593423548992e-69	-0.07366478777969866	0	0.0	0	0.0	-0.4701791215170087	4001	True	
p[mach]*2	3	rate*1.1	52.0	22000	CONVERGED	514	736.3266714602784	693.1471805599452	0	0.5224550258001673	0	0.5107027623061855	0.6655293736325703	0.19289755274821135	0	0.0	0.0	0.30273021096103137	0.46974232839649627	0	0.21828995446339716	0.3371366023495688	0	0.2694044948676244	0.5074494921827738	0	0	0	0	0	0	0	0	0.7525208235742618	0.7734122476283382	0.6080027080934107	0.5224550258001673	0.569540387864176	0.6080027080934107	0.5224550258001673	521	0.1434967975972158	4	7.932485687890054e-71	-0.0736647877796983	0	0.0	0	0.0	-0.4701791215170078	4001	True	
p[services]*0.5	3	rate*1.1	52.0	22000	CONVERGED	506	693.1471805599452	693.1471805599452	0	0.5233407073430117	0	0.469977494706207	0.0	0.4621368495879749	0	0.0	0.0	0.2720026733737251	0.46967107755267234	0	0.19680985948685237	0.3331441961910858	0	0.4314296026486827	0.5074486141099389	0	0	0	0	0	0	0	0	0.6520406235606936	0.7476386064388766	0.5233407073430117	0.6456932148133941	0.6620714600008476	0.5607717097923751	0.8431007939906595	546	0.1227448993867581	4	3.10369857441375e-70	-0.07366478777969986	0	0.0	0	0.0	-0.470179121517009	4001	True	
p[services]*2	3	rate*1.1	52.0	22000	CONVERGED	444	693.1471805599452	693.1471805599452	0	0.5790875210042035	0	0.6588088412322387	0.0	0.942574842758311	0	0.0	0.0	0.3692759445628603	0.5054948098736712	0	0.2715257318245244	0.3853210324532386	0	0.40517846211360664	0.499303392515338	0	0	0	0	0	0	0	0	0.8728340507849425	0.7897512471097204	0.7619787851542327	0.5790875210042035	0.7078570326580291	0.8824586284297044	0.7968232352695076	0	0.0	0	0.0	-0.07366478777969854	0	0.0	0	0.0	-0.47017912151700764	4001	True	
res.services.trained=0.02@dated	3	rate*1.1	52.0	22000	CONVERGED	396	496.64022791007574	693.1471805599452	0	0.8121332752691334	0	0.7246872572150269	0.0	0.7399539160575466	0	0.0	0.0	0.3637054241830054	0.43135468518314246	0	0.2527986520026843	0.30769230769230765	0	0.45216306122740796	0.4707203961294848	0	0	0	0	0	0	0	0	0.9999999999999998	0.9751354267425046	0.8121332752691333	0.8583747749914414	0.8987119452045746	0.8121332752691333	0.9777811818220291	3999	0.5551161867321069	31	0.39142810838833025	0.0	0	0.0	0	0.0	-0.653015940924876	4001	True	
res.services.trained=0.02@genesis	3	rate*1.1	52.0	22000	CONVERGED	395	496.64022791007574	693.1471805599452	0	0.8125460509959279	0	0.7257155786834691	0.0	0.739953916057547	0	0.0	0.0	0.36370542418300583	0.431831273583017	0	0.2527986520026845	0.30769230769230765	0	0.45237253476480044	0.4705434967421134	0	0	0	0	0	0	0	0	0.9999999999999998	0.9764188734458941	0.8125460509959279	0.8605067087972854	0.9036458328295519	0.8125460509959279	0.9782690187169072	3999	0.5552795718826605	31	0.39142810838832987	0.0	0	0.0	0	0.0	-0.6530159409248759	4001	True	
res.services.trained=0.08@dated	3	rate*1.1	52.0	22000	CONVERGED	528	1256.3698391827868	1256.369839182787	0	0.49999999999999994	0	0.5009317648106524	0.9375879047609468	0.7343683010127191	0	0.0	0.0	0.3099137029528844	0.4285917150519799	0	0.30769230769230765	0.6180454324120832	0	0.40840633837899676	0.4694986199545871	0	0	0	0	0	0	0	0	0.7211011613313718	0.7619313055372474	0.5	0.7270533402278049	0.7222052293146332	0.5	0.8171851377709818	0	0.0	0	0.0	-1.1211129466196457	0	0.0	0	0.0	-0.47017912151701013	4001	True	
res.services.trained=0.08@genesis	3	rate*1.1	52.0	22000	CONVERGED	528	1256.3698391827868	1256.369839182787	0	0.5000000000000001	0	0.5009317648106525	0.9838240490970999	0.7355979740390657	0	0.0	0.0	0.30999428561999537	0.4286395563927424	0	0.30769230769230765	0.6180712233375147	0	0.4085207252581632	0.46955620748447047	0	0	0	0	0	0	0	0	0.7212444845432839	0.7617264671815424	0.5000000000000001	0.7265345573815135	0.7216650360423402	0.5	0.817454439499896	0	0.0	0	0.0	-1.1211129466196457	0	0.0	0	0.0	-0.47017912151700886	4001	True	
s[goods]=0.5	3	rate*1.1	52.0	22000	CONVERGED	573	1968.6495015437401	693.1471805599452	68	0.13964531971527322	0	0.13179572530487849	240.89192262797633	0.942574842758311	0	0.0	0.475614712250357	0.3895404894171213	0.567329014171666	0	0.2833126507710428	0.3930870450401236	0	0.33662141223524245	0.5759906870856908	0	0	13	51	67	47	7	24	0.9999999999999998	0.42273923489534626	0.27152483217849677	0.13964531971527322	0.1487825007262912	0.409271244143774	0.19691153764367716	576	0.6210835410163178	6	6.075234982285822e-70	-0.07366478777969866	109	0.737894902477104	2	1e-323	-0.47017912151700814	4001	True	
s[services]=0.5	3	rate*1.1	52.0	22000	CONVERGED	555	1619.8542390384537	693.1471805599452	49	0.19792754709068744	0	0.18161675338283564	90.24445536080583	0.942574842758311	0	0.475614712250357	0.0	0.3640620512174323	0.5777791822142381	0	0.2722553204852241	0.415066864619851	0	0.42540926290933506	0.5243440062273432	0	0	0	36	12	16	16	0	0.9575245270943729	0.5731404718624982	0.19792754709068744	0.40822965153989277	0.2731115324305944	0.19792754709068747	0.7508682524038311	563	0.7982839384955438	2	3.414271658598515e-70	-0.07366478777969843	120	0.17699561209948167	2	1e-323	-0.47017912151700747	4001	True	
sw[master]=0.5	3	rate*1.1	52.0	22000	CONVERGED	332	592.0511406971068	693.1471805599452	0	0.5531914467612403	0	0.5531914467612402	0.0	0.9119402973907597	0	0.0	0.0	0.408306916511363	0.4308912470677155	0	0.30572993467234083	0.31107255989622085	0	0.4158742287105798	0.483286357185126	0	0	0	0	0	0	0	0	0.9750506341944087	0.9601384952096262	0.9290834555399446	0.5531914467612403	0.9426004275789974	0.982216025209015	0.5531914467612402	0	0.0	0	0.0	-0.07366478777969794	68	0.38606647960361284	0	1e-323	-0.4701791215170085	4001	True	
sw[trained]=0.5	3	rate*1.1	52.0	22000	CONVERGED	433	680.2108027655664	693.1471805599452	0	0.506510207358199	0	0.5065102073581988	0.0	0.8337977724871639	0	0.0	0.0	0.3758644888804578	0.4476376593478907	0	0.299794975374502	0.33790149915859136	0	0.4451388628478532	0.47877313903559865	0	0	0	0	0	0	0	0	0.9154692873539151	0.8980499993962082	0.506510207358199	0.7931991980915396	0.8344227464962636	0.5065102073581988	0.9540725454720231	418	0.48014707592391265	0	9.076198523865838e-73	-0.07366478777969747	0	0.0	0	0.0	-0.4701791215170066	4001	True	
tail.services=0.05@dated	3	rate*1.1	52.0	22000	CONVERGED	367	585.4655565343056	585.4655565343057	0	0.9254362476142667	0	0.8529053763136153	0.0	0.39857841751075734	0	0.0	0.0	0.2692307692307701	0.423076923076923	0	0.30769230769230765	0.35233308439914734	0	0.459144507734943	0.4757297054113168	0	0	0	0	0	0	0	0	1.0000000000000029	0.9932788106351438	0.9829628943882079	0.9254362476142667	0.9952438607149501	1.0	0.9837838791850632	0	0.0	0	0.0	-0.6070015874038415	0	0.0	0	0.0	-1.0035159211411502	4001	True	
tail.services=0.05@genesis	3	rate*1.1	52.0	22000	CONVERGED	367	585.4655565343056	585.4655565343057	0	0.9254362476142667	0	0.8529053763136153	0.0	0.39857841751075734	0	0.0	0.0	0.2692307692307701	0.423076923076923	0	0.30769230769230765	0.35233308439914734	0	0.459144507734943	0.4757297054113168	0	0	0	0	0	0	0	0	1.0000000000000029	0.9932788106351438	0.9829628943882079	0.9254362476142667	0.9952438607149501	1.0	0.9837838791850632	0	0.0	0	0.0	-0.6070015874038415	0	0.0	0	0.0	-1.0035159211411502	4001	True	
tail.services=0.2@dated	3	rate*1.1	52.0	22000	CONVERGED	640	818.186004314009	799.2031953104855	8	0.4519636676349046	0	0.4346236901056177	47.90552405395067	0.942574842758311	0	0.0	0.0	0.3856432996335549	0.6716065259691243	0	0.27998328557983937	0.4465594792496056	0	0.4267614235271536	0.5057929345470711	0	0	0	7	0	0	7	0	0.5789473684210525	0.6701697665454838	0.4519636676349046	0.6097639329529642	0.5984434957603566	0.4519636676349046	0.67623691665375	3999	0.5185236758410662	58	0.2860879343123941	0.0	3943	0.30732815757207094	30	0.04967163795419787	0.0	4001	True	
tail.services=0.2@genesis	3	rate*1.1	52.0	22000	CONVERGED	652	819.4115967232174	799.2031953104855	8	0.4512260887972822	0	0.4321888090998817	55.63096068749449	0.942574842758311	0	0.0	0.0	0.3860252854921193	0.6733016444586429	0	0.2798612420845086	0.44747568811143135	0	0.42296852783049427	0.5070429597788824	0	0	0	7	0	0	7	0	0.5789473684210525	0.6597649164070967	0.4512260887972822	0.5995366179616165	0.6030142070534984	0.45122608879728227	0.6838037444568287	3999	0.5207521812953548	58	0.28608793431239304	0.0	3943	0.300690628268605	30	0.049671637954200605	0.0	4001	True	
x*/2	3	rate*1.1	52.0	22000	CONVERGED	616	5075.76723659399	693.1471805599452	93	0.014411955598928425	0	0.013545450593629974	738.3045095942045	0.942574842758311	0	0.475614712250357	0.475614712250357	0.322771725818145	0.6883120265752076	0	0.24185350038724032	0.45950539722488565	0	0.3017269251608057	0.5868287051766646	0	0	32	92	92	65	36	24	0.8375086480313084	0.2402896944884175	0.016663461915132804	0.014411955598928425	0.006246292216746684	0.08730631188239774	0.14750943025061017	622	0.9183127592238576	6	3.6781072716245895e-69	-0.07366478777970058	168	0.8108768481756361	2	1e-323	-0.47017912151701013	4001	True	
JA(0.5)	3	rate*1.25	52.0	22000	CONVERGED	556	2144.6716194136625	693.1471805599452	89	0.19266169611224712	0	0.10514739321677297	415.32537408776136	0.6630991995083257	0	0.0	0.0	0.24342124392073383	0.5988274685807812	0	0.20758904782491522	0.40650862150491446	0	0.32566710380514463	0.555853252837897	0	0	22	87	86	67	0	0	0.5753593038126437	0.3031427422449349	0.19266169611224712	0.19800861554226418	0.19571707864368545	0.6746644054309745	0.7056120582444801	466	0.31962199288399784	2	7.968727978475548e-79	-0.07366478777969843	0	0.0	0	0.0	-0.47017912151700747	4001	True	
JA(2)	3	rate*1.25	52.0	22000	CONVERGED	421	778.9335011678373	693.1471805599452	1	0.5371164428414296	0	0.7863692473818121	10.2580703735988	0.6263992283977228	0	0.0	0.0	0.41920173007102346	0.5775048391462102	0	0.2835370867693894	0.4081258053545089	0	0.41002658721986257	0.5895377858131888	0	0	0	0	0	1	0	0	0.6134635694043042	0.7399312041119032	0.5430577988834178	0.5371164428414295	0.4999999999999999	0.5	0.5	445	0.10399123644396513	2	1.2397658464121065e-80	-0.07366478777969913	0	0.0	0	0.0	-0.47017912151700797	4001	True	
JB(0.5)	3	rate*1.25	52.0	22000	CONVERGED	531	1492.2182552791162	693.1471805599452	72	0.24496545291289826	0	0.17993528556166505	176.06281248486357	-0.4437195183615795	17	0.08774938894535238	0.08774938894535238	0.218118445735293	0.5232694944919145	0	0.16042369811781326	0.36542809475756205	0	0.1913272753540077	0.5278700484624228	0	0	10	72	72	54	33	41	0.5810694236250195	0.43316181601889037	0.2600277978000935	0.24496545291289823	0.291199640675887	0.2600277978000935	0.24496545291289826	518	0.6367526606580994	4	2.6320951097568584e-79	-0.07366478777969782	127	0.5104555975498045	2	5e-324	-0.47017912151700675	4001	True	
JB(2)	3	rate*1.25	52.0	22000	CONVERGED	521	1752.3232624726961	693.1471805599452	38	0.4334657081711019	0	0.34726622460309997	218.03367208703614	0.9425748427583145	0	0.0	0.0	0.4164583503688501	0.6286360582574388	0	0.30769230769230854	0.43336332571069425	0	0.46153846153846273	0.6314452568411375	0	0	5	38	32	24	0	0	0.8428923696731101	0.48877665604744785	0.4334657081711019	0.4334657081711019	0.43822330707239643	0.8154646003696081	1.000000000000002	439	0.1176901654538209	2	1.7595708159045585e-79	-0.07366478777969854	0	0.0	0	0.0	-0.4701791215170078	4001	True	
N(0.5)	3	rate*1.25	52.0	22000	CONVERGED	494	1072.8068690998048	0.0	0	0.5280272072974195	0	0.2687354130635231	16.661557222666435	0.942574842758311	0	0.0	0.0	0.3932871390241764	0.5756113839736449	0	0.28702144178169686	0.4095750360096285	0	0.46153846153846145	0.6197623195971813	0	0	0	0	0	0	0	0	0.9295877831480532	0.7575485946869425	0.5280272072974195	0.5479374891341761	0.5426822508458478	0.9328196857905149	1.0	411	0.04456797158423732	2	5.115114288674239e-80	-0.07366478777969877	0	0.0	0	0.0	-0.47017912151700764	4001	True	
N(2)	3	rate*1.25	52.0	22000	CONVERGED	435	815.3414734238138	0.0	4	0.44248820359856517	0	0.9669215143673984	20.437933344139285	0.3824599447541187	0	0.0	0.0	0.3063716507104502	0.4429174944585991	0	0.22053814676278666	0.3190901066967496	0	0.3175860381816829	0.47744624465666685	0	0	3	4	4	1	0	0	0.5	0.45576015661428093	0.4424882035985652	0.4424882035985652	0.4999999999999999	0.5	0.5	451	0.05057461991779508	2	4.121662279315397e-80	-0.07366478777969902	0	0.0	0	0.0	-0.4701791215170071	4001	True	
RC(0.5)	3	rate*1.25	52.0	22000	CONVERGED	475	782.4709631283571	693.1471805599452	5	0.4966348509886856	0	0.49908400735973435	4.45302833268997	0.4675081423929463	0	0.0	0.0	0.27080110370265986	0.496769753979739	0	0.2000782797373036	0.36475159199509105	0	0.4389407522759111	0.6109447051226833	0	0	0	4	0	0	4	0	0.6647629455282721	0.744935647863408	0.49663485098868565	0.5922764479382013	0.6366201073422035	0.4966348509886857	0.8913237798804318	498	0.2258991531811132	4	1.5876455090861922e-79	-0.07366478777969854	0	0.0	0	0.0	-0.47017912151700547	4001	True	
RC(2)	3	rate*1.25	52.0	22000	CONVERGED	482	1079.8123182320537	693.1471805599452	31	0.3396592675149851	0	0.34462069771673115	0.0	0.9094915701069002	0	0.0	0.0	0.39277868389559206	0.5061543619141169	0	0.2874075462925793	0.40914926233866983	0	0.35537959238213596	0.5941282263383704	0	0	0	0	31	0	0	21	0.9283859801168539	0.8459062599415275	0.7696189445235958	0.3396592675149851	0.7157863205593783	0.8355569253967375	0.33965926751498515	392	0.08936821196431606	2	2.017700378119292e-80	-0.07366478777970141	79	0.5835105832955276	2	5e-324	-0.4701791215170099	4001	True	
RW(0.5)	3	rate*1.25	52.0	22000	CONVERGED	441	907.1093355301593	693.1471805599452	5	0.40368946986226417	0	0.3887778934640731	19.09514234771671	0.24942766219836576	0	0.0	0.0	0.2337478172945028	0.4841414578989194	0	0.2892311068916231	0.49676221709121393	0	0.39967284880345794	0.6973849643868872	0	0	0	1	4	2	0	0	0.5524948408779157	0.6790872971507027	0.47072102752461004	0.4036894698622642	0.43241728028898385	0.8950588528171151	0.78170277569899	423	0.11273193533850645	2	2.967278647512966e-80	-0.07366478777969937	0	0.0	0	0.0	-0.47017912151700814	4001	True	
RW(2)	3	rate*1.25	52.0	22000	CONVERGED	500	3677.107603046806	693.1471805599452	28	0.025296035299788595	0	0.022599306288711235	82.64828327200163	0.7764413175095102	0	0.0	0.0	0.2795664736776091	0.7194499363669058	0	0.2772517770869415	0.40611016539148154	0	0.37285465871122764	0.5320004973069948	0	0	0	26	18	7	10	9	0.6070892494470147	0.5609295417695785	0.02529603529978859	0.12864751203763086	0.49073606647915063	0.025296035299788588	0.12864751203763086	490	0.9741637706449635	3	6.287453823721544e-80	-0.07366478777969807	60	0.8492353200589992	1	5e-324	-0.4701791215170078	4001	True	
land.mach=0.2@dated	3	rate*1.25	52.0	22000	CONVERGED	468	606.3441472146404	594.5948731742905	0	0.569161724623198	0	0.6434002104436152	0.0	0.942574842758311	0	0.0	0.0	0.423076923076923	0.5385414100368854	0	0.3030278879442553	0.3834787481951327	0	0.45860349065728734	0.5548374717794522	0	0	0	0	0	0	0	0	0.8846153846153845	0.9478619565152829	0.569161724623198	0.569161724623198	0.5691617246231979	0.7590379287919573	0.872455483792406	364	0.16070186624118404	2	5.646597921658131e-97	-0.0884946674673888	0	0.0	0	0.0	-0.5104320585812594	4001	True	
land.mach=0.2@genesis	3	rate*1.25	52.0	22000	CONVERGED	468	606.3441472146404	594.5948731742905	0	0.5691617246231984	0	0.6434002104436156	0.0	0.942574842758311	0	0.0	0.0	0.423076923076923	0.538436468152574	0	0.30312788984790123	0.38346681899224916	0	0.458774928925305	0.5547707130528061	0	0	0	0	0	0	0	0	0.8846153846153845	0.9482033943031644	0.5691617246231985	0.5691617246231984	0.5691617246231984	0.7599489673150448	0.8738585366036943	364	0.16008215060767939	2	5.588916796694058e-97	-0.08849466746739036	0	0.0	0	0.0	-0.5104320585812622	4001	True	
land.mach=0.8@dated	3	rate*1.25	52.0	22000	CONVERGED	446	1960.434033569864	642.3610059345988	70	0.20781381578420416	0	0.249700167525378	477.2387388700858	0.17376051959641073	0	0.0	0.0	0.21767699963582615	0.42989699523766456	0	0.1937364620708573	0.30781336515379176	0	0.29327471443486924	0.4615606967451955	0	0	21	69	69	49	0	0	0.6332421807587669	0.3388778788476575	0.20781381578420416	0.20781381578420416	0.2365723656624324	0.7365681528472996	0.6972684919338521	593	0.2980169414906033	2	1.3331680049140668e-57	-0.05282972882417954	0	0.0	0	0.0	-0.4139068365570622	4001	True	
land.mach=0.8@genesis	3	rate*1.25	52.0	22000	CONVERGED	446	1958.298195094156	642.3610059345988	70	0.20766095755672634	0	0.24984340996196908	476.6638129429209	0.17358156737611127	0	0.0	0.0	0.2176887277055367	0.4298036154405659	0	0.19380914410788974	0.30781336515379176	0	0.2934062690331666	0.4615606967451955	0	0	20	69	69	49	0	0	0.633276298779743	0.3386750192109431	0.20766095755672634	0.20766095755672634	0.23681831202427878	0.7365941825978647	0.6974558584814597	593	0.29919646318543663	2	1.352080666566998e-57	-0.05282972882417931	0	0.0	0	0.0	-0.41390683655706134	4001	True	
p[goods]*0.5	3	rate*1.25	52.0	22000	CONVERGED	438	830.3220518141778	693.1471805599452	12	0.43590887846832027	0	0.41834940867604326	0.0	0.7931918585936734	0	0.0	0.0	0.3994895147996326	0.45840750525213264	0	0.29042953215181155	0.33916686860095396	0	0.306840318045757	0.5296064538745257	0	0	0	0	11	0	0	11	0.9381594245047699	0.7642748076277588	0.7229528786641207	0.43590887846832027	0.7241765218046887	0.8590177713429599	0.43590887846832027	400	0.06042786036639036	2	3.726970361269009e-80	-0.07366478777970009	80	0.3663667010752244	2	5e-324	-0.4701791215170099	4001	True	
p[goods]*2	3	rate*1.25	52.0	22000	CONVERGED	372	693.1471805599452	693.1471805599452	0	0.7840613061669409	0	0.7898826606456546	0.0	0.8579855694422699	0	0.0	0.0	0.3720173003208804	0.45569469087834774	0	0.2733849777060199	0.33437808531438956	0	0.41604636336605416	0.5693076386126003	0	0	0	0	0	0	0	0	0.8793136189402627	0.8341699772037039	0.784061306166941	0.784061306166941	0.8716029855282166	0.8386771818717669	0.9014337872931175	392	0.054776840790576584	2	1.8693255364589265e-81	-0.07366478777970105	0	0.0	0	0.0	-0.47017912151701013	4001	True	
p[labour.master]*0.5	3	rate*1.25	52.0	22000	CONVERGED	366	693.1471805599452	693.1471805599452	0	0.5149987007525435	0	0.4503936935736199	0.0	0.8934547893225195	0	0.0	0.0	0.39680410880407163	0.43970470373158427	0	0.2982759266504734	0.3160414860654137	0	0.28919266868081284	0.5126229579138717	0	0	0	0	0	0	0	0	0.9559620223686647	0.9077564389695916	0.873146141856765	0.5149987007525435	0.92253826675411	0.936925303063249	0.5149987007525436	0	0.0	0	0.0	-0.07366478777970045	65	0.2497982248369113	1	5e-324	-0.4701791215170094	4001	True	
p[labour.master]*2	3	rate*1.25	52.0	22000	CONVERGED	368	693.1471805599452	693.1471805599452	0	0.7874711133785751	0	0.7829395351115446	0.0	0.8953310827879966	0	0.0	0.0	0.4130420349037901	0.43858751008447655	0	0.3053279350650691	0.31408335666156806	0	0.46153846153846223	0.6973849643868872	0	0	0	0	0	0	0	0	0.9721460844679802	0.9283587145130824	0.8755994421663792	0.787471113378575	0.8785549219306141	0.9804106531511086	0.787471113378575	0	0.0	0	0.0	-0.0736647877796983	0	0.0	0	0.0	-0.47017912151700797	4001	True	
p[labour.trained]*0.5	3	rate*1.25	52.0	22000	CONVERGED	444	1600.8408876537924	693.1471805599452	11	0.20172681706503778	0	0.1940563858962366	9.121276286193753	0.697517227222287	0	0.0	0.0	0.3086225116500299	0.5006849248579	0	0.21663522542093702	0.3818659532328327	0	0.4100261241596874	0.510592167554844	0	0	0	10	0	0	10	0	0.7709883726643386	0.7260539422126646	0.2017268170650378	0.5075546013462423	0.5954104515004819	0.20172681706503784	0.8435564196632928	479	0.762771978549195	3	3.9189685775605e-80	-0.07366478777969913	0	0.0	0	0.0	-0.4701791215170071	4001	True	
p[labour.trained]*2	3	rate*1.25	52.0	22000	CONVERGED	388	693.1471805599452	693.1471805599452	0	0.8403309888289611	0	0.8375993609842476	0.0	0.8879057097096134	0	0.0	0.0	0.3952792504820604	0.442207382181915	0	0.30769230769230804	0.49676221709121393	0	0.45479939993057056	0.4739963441060601	0	0	0	0	0	0	0	0	0.883877082784699	0.9263453706762743	0.8403309888289611	0.8620055801684117	0.8858245733741797	0.8403309888289612	0.9788589811199716	0	0.0	0	0.0	-0.07366478777969913	0	0.0	0	0.0	-0.47017912151700747	4001	True	
p[labour]*0.5	3	rate*1.25	52.0	22000	CONVERGED	436	1125.5714187789565	693.1471805599452	8	0.3244670078344403	0	0.31825521038999904	10.602091055874606	0.24942766219836576	0	0.0	0.0	0.2337478172945028	0.478844136221989	0	0.27924281678735174	0.341056236731218	0	0.38995760976942767	0.5024868733472498	0	0	0	4	8	6	0	0	0.5524948408779157	0.7054451775231225	0.36351799449903227	0.3244670078344403	0.3412031449764083	0.9013765106116891	0.8449081545004268	423	0.10658689695850992	2	2.417799217267684e-80	-0.0736647877796989	0	0.0	0	0.0	-0.4701791215170071	4001	True	
p[labour]*2	3	rate*1.25	52.0	22000	CONVERGED	429	1361.7652635200457	693.1471805599452	7	0.3016298130630823	0	0.28456189251160524	0.0	0.8721994788975892	0	0.0	0.0	0.35785166715787864	0.7194499363669058	0	0.3076923076923081	0.3905261885333827	0	0.4537180734059746	0.495745123869118	0	0	0	6	0	0	6	0	0.7403820802806639	0.785988198224105	0.3016298130630823	0.6473140011085301	0.7027264307963141	0.30162981306308234	0.7999493273933287	375	0.7437918972908115	1	3.235233662897312e-82	-0.07366478777969854	76	0.22199591087631496	1	5e-324	-0.4701791215170069	4001	True	
p[land]*0.5	3	rate*1.25	52.0	22000	CONVERGED	445	778.8923179630053	693.1471805599452	0	0.6434002104436155	0	0.4318280025927404	0.0	0.8924934103522163	0	0.0	0.0	0.42307692307692446	0.5775048391462102	0	0.30769230769230843	0.4081258053545089	0	0.4615384615384625	0.5895377858131888	0	0	0	0	0	0	0	0	1.000000000000003	1.0	0.6434002104436156	0.6434002104436155	0.6434002104436155	0.9515085831819136	0.9971536334324165	427	0.1537580176285155	2	4.449045702752802e-81	-0.07366478777970033	0	0.0	0	0.0	-0.47017912151701013	4001	True	
p[land]*2	3	rate*1.25	52.0	22000	CONVERGED	531	1245.507551010198	693.1471805599452	71	0.31184809756563114	0	0.41605347210928634	205.58340397036085	0.348050835155066	0	0.0	0.0	0.23528504773097486	0.4993836029685643	0	0.19618251858644833	0.3510101058884369	0	0.29852591209589957	0.522167214761208	0	0	16	70	70	53	0	0	0.5561282946368497	0.40600813991689505	0.3149662237964247	0.3118480975656311	0.31721709752538507	0.6375931854059572	0.6468061428744492	457	0.2524196932564544	2	2.885144393906981e-79	-0.0736647877796983	0	0.0	0	0.0	-0.47017912151700836	4001	True	
p[mach]*0.5	3	rate*1.25	52.0	22000	CONVERGED	542	2029.8803542061635	693.1471805599452	62	0.28954298514140747	0	0.27769701659030005	314.0534172770507	0.9425748427583147	0	0.0	0.0	0.32113535873599786	0.6134813766419539	0	0.2816206563522153	0.42322829021914027	0	0.4414544814592671	0.5708981132777621	0	0	18	62	55	42	0	0	0.7590472115578131	0.3676388276255239	0.28954298514140747	0.28954298514140747	0.2979784467770602	0.9152671331446998	0.8755811713389638	455	0.22525044102780364	2	4.317715610222948e-79	-0.07366478777969997	0	0.0	0	0.0	-0.4701791215170094	4001	True	
p[mach]*2	3	rate*1.25	52.0	22000	CONVERGED	430	733.0298769055196	693.1471805599452	0	0.5374058648686469	0	0.5312334880052145	0.0	0.19391001815902895	0	0.0	0.0	0.30678384836069156	0.46978435064913837	0	0.22068787571539433	0.3372050869362837	0	0.2737939823450316	0.5095322694590756	0	0	0	0	0	0	0	0	0.7525208235742618	0.7813688103359689	0.6179883439651516	0.5374058648686469	0.5835134805313921	0.6179883439651516	0.5374058648686469	459	0.13882743536412967	4	1.999898746456362e-80	-0.07366478777969913	0	0.0	0	0.0	-0.47017912151700797	4001	True	
p[services]*0.5	3	rate*1.25	52.0	22000	CONVERGED	456	693.1471805599452	693.1471805599452	0	0.5513150824699319	0	0.49954137955854966	0.0	0.49066971538049503	0	0.0	0.0	0.2786732646109921	0.47075047221797134	0	0.201037208277585	0.3322163291855228	0	0.43184311312044843	0.5055482304748695	0	0	0	0	0	0	0	0	0.6709645105865554	0.7708905884068641	0.5513150824699319	0.6901569857060703	0.6989638739401145	0.5836995301576828	0.8520782482775733	464	0.10897982338445036	4	3.853741564245306e-80	-0.07366478777969997	0	0.0	0	0.0	-0.4701791215170119	4001	True	
p[services]*2	3	rate*1.25	52.0	22000	CONVERGED	401	693.1471805599452	693.1471805599452	0	0.6141258565006857	0	0.6892543065689432	0.0	0.942574842758311	0	0.0	0.0	0.3692759445628603	0.5047547743210186	0	0.2715257318245244	0.3828989865445077	0	0.4083889937520011	0.4994773728186317	0	0	0	0	0	0	0	0	0.8728340507849425	0.8016282820345466	0.7703372925348769	0.6141258565006857	0.7342431624574922	0.8824586284297044	0.8077174341600869	0	0.0	0	0.0	-0.0736647877796995	0	0.0	0	0.0	-0.4701791215170085	4001	True	
res.services.trained=0.02@dated	3	rate*1.25	52.0	22000	CONVERGED	368	496.64022791007574	693.1471805599452	0	0.8103610154749298	0	0.7187861680768527	0.0	0.7399539160575466	0	0.0	0.0	0.36370542418300605	0.4315396988323757	0	0.2527986520026846	0.30769230769230765	0	0.45220795872651753	0.4711533928365732	0	0	0	0	0	0	0	0	0.9999999999999998	0.9752035706172772	0.8103610154749297	0.858280067299796	0.8987540539363174	0.8103610154749297	0.9789691439640621	3999	0.5558612784337229	34	0.3914281083883294	0.0	0	0.0	0	0.0	-0.6530159409248757	4001	True	
res.services.trained=0.02@genesis	3	rate*1.25	52.0	22000	CONVERGED	368	496.64022791007574	693.1471805599452	0	0.8109778966129195	0	0.7197046119098611	0.0	0.7399539160575472	0	0.0	0.0	0.3637054241830063	0.4319827444627705	0	0.2527986520026848	0.30769230769230765	0	0.4524547209878493	0.47096235595830777	0	0	0	0	0	0	0	0	0.9999999999999998	0.9766265625413493	0.8109778966129195	0.8611185682453026	0.9045437225855543	0.8109778966129195	0.9795195446112615	3999	0.555984074897083	34	0.39142810838833003	0.0	0	0.0	0	0.0	-0.6530159409248744	4001	True	
res.services.trained=0.08@dated	3	rate*1.25	52.0	22000	CONVERGED	474	1256.3698391827868	1256.369839182787	0	0.49999999999999994	0	0.5009317648106524	0.2036106506219002	0.742280623877381	0	0.0	0.0	0.3109810654619167	0.42863498069421413	0	0.30769230769230765	0.6184439224817636	0	0.4072808855414561	0.47104827725496456	0	0	0	0	0	0	0	0	0.7271803095279089	0.7695520703304031	0.5	0.7356108804306187	0.7378939634740436	0.5	0.8181318285900174	0	0.0	0	0.0	-1.121112946619646	0	0.0	0	0.0	-0.47017912151700836	4001	True	
res.services.trained=0.08@genesis	3	rate*1.25	52.0	22000	CONVERGED	475	1256.3698391827868	1256.369839182787	0	0.5000000000000001	0	0.5009317648106525	0.24113359787637534	0.743722770185051	0	0.0	0.0	0.3110687105099027	0.4286815058444015	0	0.30769230769230765	0.6184697534074248	0	0.40741021954753104	0.47110483706871686	0	0	0	0	0	0	0	0	0.7273355675639374	0.7694036527114037	0.5000000000000001	0.735510083605007	0.7372501595694934	0.5	0.8184211200501911	0	0.0	0	0.0	-1.1211129466196457	0	0.0	0	0.0	-0.47017912151701013	4001	True	
s[goods]=0.5	3	rate*1.25	52.0	22000	CONVERGED	522	1924.6806620143327	693.1471805599452	62	0.14592234796533907	0	0.13823860235535698	233.6149083378928	0.942574842758311	0	0.0	0.475614712250357	0.3976762505369889	0.5763369525956779	0	0.28712711652705425	0.3975104153686465	0	0.3330445774408609	0.5853400210188688	0	0	13	46	61	44	6	22	0.9999999999999998	0.42135770220552066	0.28573814460346963	0.14592234796533907	0.15633095509741218	0.4027944013271024	0.1856458899414102	512	0.6310179859692482	6	1.8825879890754565e-79	-0.07366478777969818	99	0.7574800672486787	2	5e-324	-0.4701791215170071	4001	True	
s[services]=0.5	3	rate*1.25	52.0	22000	CONVERGED	509	1651.9650365779978	693.1471805599452	37	0.19266536692765962	0	0.17751047921445745	82.25507696295931	0.942574842758311	0	0.475614712250357	0.0	0.3722558801595759	0.5903415595556906	0	0.2697480981124762	0.4228223542983951	0	0.4260380344658129	0.5265929715083384	0	0	0	31	7	3	14	0	0.9848375193540335	0.5812486180097951	0.19266536692765962	0.42542564643704184	0.2841088423452225	0.19266536692765962	0.7449773062713436	500	0.80832710592948	4	1.0530001691412283e-79	-0.07366478777969866	110	0.22077588348638558	2	5e-324	-0.4701791215170087	4001	True	
sw[master]=0.5	3	rate*1.25	52.0	22000	CONVERGED	298	566.5272359282911	693.1471805599452	0	0.5674927892195899	0	0.5674927892195899	0.0	0.9131090257985071	0	0.0	0.0	0.4085835239020252	0.43054348832824485	0	0.3058694203416574	0.31103081879551253	0	0.41752820793073975	0.4827803215623946	0	0	0	0	0	0	0	0	0.9759697021697035	0.9636311729980518	0.9368369435707297	0.5674927892195899	0.9477793438333351	0.9834822818834559	0.5674927892195899	0	0.0	0	0.0	-0.07366478777970045	60	0.37268969162910415	0	5e-324	-0.4701791215170096	4001	True	
sw[trained]=0.5	3	rate*1.25	52.0	22000	CONVERGED	394	674.988629402995	693.1471805599452	0	0.5091622100529352	0	0.5091622100529352	0.0	0.8373611362940495	0	0.0	0.0	0.37717946582991807	0.4474729644666189	0	0.29983883023151886	0.3394191158886382	0	0.4463084602923016	0.47825341707528646	0	0	0	0	0	0	0	0	0.9178462173601313	0.9078462654503288	0.5091622100529352	0.8115770327680691	0.850167180085121	0.5091622100529352	0.9558660428280203	366	0.47750164553425295	0	2.16607454141632e-82	-0.0736647877796989	0	0.0	0	0.0	-0.47017912151700797	4001	True	
tail.services=0.05@dated	3	rate*1.25	52.0	22000	CONVERGED	348	585.4655565343056	585.4655565343057	0	0.9259139293363319	0	0.8529053763136153	0.0	0.39857841751075823	0	0.0	0.0	0.2692307692307705	0.423076923076923	0	0.30769230769230765	0.3530506379623351	0	0.4591049967388301	0.4763046867051823	0	0	0	0	0	0	0	0	1.0000000000000042	0.9937471037392361	0.9835902668307603	0.9259139293363318	0.9946419311724259	1.0	0.9839987999598504	0	0.0	0	0.0	-0.6070015874038382	0	0.0	0	0.0	-1.003515921141146	4001	True	
tail.services=0.05@genesis	3	rate*1.25	52.0	22000	CONVERGED	348	585.4655565343056	585.4655565343057	0	0.9259139293363319	0	0.8529053763136153	0.0	0.39857841751075823	0	0.0	0.0	0.2692307692307705	0.423076923076923	0	0.30769230769230765	0.3530506379623351	0	0.4591049967388301	0.4763046867051823	0	0	0	0	0	0	0	0	1.0000000000000042	0.9937471037392361	0.9835902668307603	0.9259139293363318	0.9946419311724259	1.0	0.9839987999598504	0	0.0	0	0.0	-0.6070015874038382	0	0.0	0	0.0	-1.003515921141146	4001	True	
tail.services=0.2@dated	3	rate*1.25	52.0	22000	CONVERGED	563	813.8763198781065	799.2031953104855	7	0.4565524518310887	0	0.44032869283246656	35.8292583106634	0.942574842758311	0	0.0	0.0	0.38981905809009026	0.6706805227740299	0	0.2803234036819795	0.44587729235140594	0	0.42763544528144387	0.5085332953073706	0	0	0	6	0	0	6	0	0.5789473684210525	0.687696910382431	0.4565524518310887	0.6291463026895369	0.5986142814743486	0.4565524518310887	0.6817844620799356	3999	0.5179562469829719	60	0.286087934312393	-1.1102230246251565e-16	3949	0.30240397920574874	28	0.04967163795419809	0.0	4001	True	
tail.services=0.2@genesis	3	rate*1.25	52.0	22000	CONVERGED	566	815.0757483259563	799.2031953104855	7	0.4558885531533561	0	0.43816681240349287	42.28890693796375	0.942574842758311	0	0.0	0.0	0.39037384717705276	0.6722896331646186	0	0.28028472829558315	0.44667625231034336	0	0.4239658766892579	0.5086789230426145	0	0	0	6	0	0	6	0	0.5789473684210525	0.6772255840058887	0.45588855315335597	0.6192064390658597	0.6265357601287654	0.45588855315335597	0.6896617849689654	3999	0.5202084078991961	60	0.2860879343123929	-1.1102230246251565e-16	3949	0.29575319930177824	30	0.04967163795420038	0.0	4001	True	
x*/2	3	rate*1.25	52.0	22000	CONVERGED	557	4215.730352792387	693.1471805599452	86	0.03408791283753122	0	0.03217579467427951	737.1428094231829	0.942574842758311	0	0.475614712250357	0.475614712250357	0.33613248462602247	0.7115865922537	0	0.24262149716628412	0.47384749961668154	0	0.30079932365467243	0.593949801048619	0	0	31	85	85	60	33	22	0.8771233530049821	0.23409736121935465	0.03934137114736309	0.03408791283753122	0.01476153669956639	0.08429021257119734	0.13359913347923527	556	0.9235489630457411	6	1.3858560772760764e-78	-0.07366478777970022	162	0.8293596923205372	2	5e-324	-0.4701791215170108	4001	True	
JA(0.5)	3	tilt=0.05	52.0	22000	CONVERGED	702	2393.58650019819	693.1471805599452	117	0.16323238687999286	0	0.09551748674555124	681.0621567108782	0.591613706338152	0	0.0	0.0	0.2211277381132488	0.6162015333626267	0	0.1966618536084908	0.41856641778667114	0	0.32566710380514463	0.5632637571548439	0	0	29	115	115	84	0	0	0.5226655628131335	0.25140518047892985	0.16323238687999284	0.16323238687999284	0.170727043744116	0.6391510242275952	0.6903372042109492	594	0.3656668774620097	2	1.1068809315950574e-62	-0.0736647877796989	0	0.0	0	0.0	-0.47017912151700725	4001	True	
JA(2)	3	tilt=0.05	52.0	22000	CONVERGED	534	772.0610498281139	693.1471805599452	1	0.5339512441270395	0	0.7832148008833986	12.312021812813274	0.6470096612524933	0	0.0	0.0	0.4230769230769252	0.5775048391462102	0	0.2879850839148877	0.4081258053545089	0	0.41419518995524374	0.5895377858131888	0	0	0	0	0	1	0	0	0.6207532954328341	0.7421116509911715	0.5388304146977695	0.5339512441270395	0.4999999999999999	0.5	0.5	556	0.11528092990036856	2	1.211480806447049e-64	-0.0736647877796977	0	0.0	0	0.0	-0.47017912151700725	4001	True	
JB(0.5)	3	tilt=0.05	52.0	22000	CONVERGED	634	1629.3398089185948	693.1471805599452	91	0.21121264473022608	0	0.1477480231550863	276.5980448682819	-0.4437195183615795	27	0.10054761203225851	0.10054761203225851	0.21035409309363962	0.5303224059149642	0	0.15429104965169904	0.3693975820099593	0	0.18224726203271818	0.5303404191154597	0	0	16	91	91	68	41	54	0.5734902765497265	0.3839233948296097	0.22417477167902064	0.21121264473022608	0.25155699511551116	0.22417477167902067	0.2112126447302261	653	0.6741158498606818	4	3.203433075894733e-63	-0.07366478777969973	164	0.5559897665595224	2	1e-323	-0.4701791215170099	4001	True	
JB(2)	3	tilt=0.05	52.0	22000	CONVERGED	653	1965.7495550249555	693.1471805599452	57	0.3570833683468125	0	0.29166643650996743	357.11950645969523	0.9425748427583176	0	0.0	0.0	0.39397912532887486	0.6347847469028121	0	0.3076923076923092	0.4400988474418979	0	0.46153846153846345	0.6340873977510638	0	0	16	57	50	39	0	0	0.8477238342350849	0.42199400362344053	0.3635252942585007	0.3570833683468126	0.36341251983349965	0.8346382863818403	0.9999557260485846	559	0.1330065451315235	2	2.1184921696644826e-63	-0.0736647877796995	0	0.0	0	0.0	-0.47017912151700925	4001	True	
N(0.5)	3	tilt=0.05	52.0	22000	CONVERGED	592	1227.3586020169184	0.0	16	0.46844672856196395	0	0.25916974525422026	44.25844925610533	0.942574842758311	0	0.0	0.0	0.37349541659963414	0.5844531548472695	0	0.2750784970603144	0.40979668981141704	0	0.46153846153846145	0.6214662638304314	0	0	0	16	0	0	0	0	0.882807348326408	0.6872529636746851	0.4684467285619639	0.5403830488523652	0.52088322127257	0.8940051154460219	1.0	527	0.06888882330289227	2	6.129696477492439e-64	-0.07366478777969913	0	0.0	0	0.0	-0.47017912151700836	4001	True	
N(2)	3	tilt=0.05	52.0	22000	CONVERGED	517	815.3414734238138	0.0	4	0.44248820359856517	0	0.9732375751513971	27.972272186932837	0.3949884811332058	0	0.0	0.0	0.3079889048700922	0.4407203117178684	0	0.22082863746835332	0.3173725812449093	0	0.3193565688750989	0.4757492520351613	0	0	4	4	4	1	0	0	0.5	0.45576015661428093	0.4424882035985652	0.4424882035985652	0.4999999999999999	0.5	0.5	566	0.04948313577071119	2	4.012451339218254e-64	-0.0736647877796995	0	0.0	0	0.0	-0.4701791215170094	4001	True	
RC(0.5)	3	tilt=0.05	52.0	22000	CONVERGED	599	821.4073476423241	693.1471805599452	16	0.47144000785113943	0	0.47513686656974574	14.887559491869432	0.44920090825137593	0	0.0	0.0	0.2647357195799584	0.4935387580364215	0	0.19812269646724873	0.36029348043860765	0	0.4389407522759111	0.6122350480175225	0	0	0	15	0	0	15	0	0.646275723682068	0.7130522309560343	0.47144000785113943	0.5526393614873744	0.5871643121417873	0.4714400078511395	0.8965208745219042	620	0.2571491962162362	4	1.2924932899736705e-63	-0.07366478777969926	0	0.0	0	0.0	-0.4701791215170094	4001	True	
RC(2)	3	tilt=0.05	52.0	22000	CONVERGED	549	1200.5711165278015	693.1471805599452	39	0.30102224403122474	0	0.3062162626044037	0.0	0.942574842758311	0	0.0	0.0	0.39277868389559206	0.5093302275637565	0	0.2874075462925793	0.4155909959098918	0	0.3566151050174491	0.5866765785537629	0	0	0	0	39	0	0	27	0.9283859801168539	0.8526049450566766	0.7633580866041414	0.30102224403122474	0.6536854700746533	0.8377440379759581	0.30102224403122474	494	0.078421117006362	2	1.7309219160999933e-64	-0.07366478777970045	97	0.6318869443572729	2	1e-323	-0.4701791215170099	4001	True	
RW(0.5)	3	tilt=0.05	52.0	22000	CONVERGED	564	928.3799679163945	693.1471805599452	12	0.39519341807470065	0	0.37896296468987406	35.59250533794389	0.24942766219836576	0	0.0	0.0	0.2337478172945028	0.48933483363413244	0	0.2884700100311478	0.49676221709121393	0	0.39691074197885096	0.6973849643868872	0	0	0	1	11	3	0	0	0.5524948408779157	0.6421039462158376	0.46709236192968356	0.39519341807470065	0.4260072511554076	0.8774499396111639	0.7641811845645377	534	0.1276954640604726	2	3.2095686197785684e-64	-0.07366478777969913	0	0.0	0	0.0	-0.4701791215170078	4001	True	
RW(2)	3	tilt=0.05	52.0	22000	CONVERGED	595	3655.844848330383	693.1471805599452	52	0.025839657667160867	0	0.02206181725120111	137.9610806550932	0.7434214472891074	0	0.0	0.0	0.27149014376848984	0.7194499363669058	0	0.27195469801563765	0.40346679478775893	0	0.3686602187512862	0.5318117590490034	0	0	0	51	45	23	14	10	0.5589197500423124	0.5100471255141208	0.025839657667160867	0.13525532880302119	0.42293614374180144	0.02583965766716087	0.1352553288030212	616	0.973004763722998	3	7.33516489758913e-64	-0.07366478777970009	73	0.8423699575160908	1	1e-323	-0.470179121517009	4001	True	
land.mach=0.2@dated	3	tilt=0.05	52.0	22000	CONVERGED	556	604.412850851615	594.5948731742905	0	0.548894684126296	0	0.6204896429253782	0.0	0.942574842758311	0	0.0	0.0	0.423076923076923	0.5365482907906184	0	0.3024170343488992	0.38277763972184903	0	0.45865411649609494	0.5541433994026194	0	0	0	0	0	0	0	0	0.8846153846153845	0.9452362614756377	0.5488946841262962	0.548894684126296	0.548894684126296	0.7542950248919481	0.8727322689815199	456	0.16400538993724992	2	9.565612388264464e-78	-0.08849466746738867	0	0.0	0	0.0	-0.5104320585812605	4001	True	
land.mach=0.2@genesis	3	tilt=0.05	52.0	22000	CONVERGED	556	604.412850851615	594.5948731742905	0	0.5488946841262966	0	0.6204896429253787	0.0	0.942574842758311	0	0.0	0.0	0.423076923076923	0.5364597144829109	0	0.3025128721483542	0.3827792909750202	0	0.45877870888303	0.5540864048792434	0	0	0	0	0	0	0	0	0.8846153846153845	0.9455592406107562	0.5488946841262966	0.5488946841262966	0.5488946841262964	0.7551351888471463	0.8739684742805924	456	0.16342088105497393	2	9.483783275746277e-78	-0.08849466746738988	0	0.0	0	0.0	-0.5104320585812618	4001	True	
land.mach=0.8@dated	3	tilt=0.05	52.0	22000	CONVERGED	555	2133.0132397176153	642.3610059345988	93	0.1717624306904485	0	0.20135417490522511	699.2930361939924	0.14662209426316028	0	0.0	0.0	0.20507234212397657	0.4400278892903937	0	0.18503379093218103	0.30782190303070806	0	0.2866320911054244	0.46161388873818593	0	0	26	92	92	63	0	0	0.5965740861788409	0.29981360566582665	0.1717624306904485	0.1717624306904485	0.1925674966850224	0.6972113048267862	0.6593639913374205	747	0.3239422889461565	2	4.305213825023625e-46	-0.05282972882417896	0	0.0	0	0.0	-0.413906836557062	4001	True	
land.mach=0.8@genesis	3	tilt=0.05	52.0	22000	CONVERGED	556	2131.59781953493	642.3610059345988	94	0.17227576492824467	0	0.20164852382222806	697.9664962057012	0.14669330780910741	0	0.0	0.0	0.2051726372269211	0.43997836755584907	0	0.1851518584607641	0.30782190303070806	0	0.2868296442432458	0.46161388873818593	0	0	27	93	92	64	0	0	0.5968658537510431	0.2999177719302937	0.17227576492824467	0.17227576492824467	0.19283751162601684	0.6973637056865113	0.6594972114369666	747	0.32346292803193805	2	4.3483855002337005e-46	-0.05282972882417814	0	0.0	0	0.0	-0.41390683655706134	4001	True	
p[goods]*0.5	3	tilt=0.05	52.0	22000	CONVERGED	553	932.9054987842169	693.1471805599452	19	0.39340899883010133	0	0.3723889009732502	0.0	0.7953873546723691	0	0.0	0.0	0.3956427231190658	0.4562259055819381	0	0.290593575386195	0.340880326414079	0	0.3039948473081498	0.5253744410397279	0	0	0	0	18	0	0	16	0.9341852688374928	0.7473785128327949	0.7024932420012896	0.39340899883010133	0.6903572420333495	0.8488126461852539	0.39340899883010133	503	0.05391157130790408	2	3.076534327263755e-64	-0.07366478777969973	99	0.42387938891108584	2	1e-323	-0.4701791215170087	4001	True	
p[goods]*2	3	tilt=0.05	52.0	22000	CONVERGED	442	693.1471805599452	693.1471805599452	0	0.7615377883733492	0	0.7575914404076765	0.0	0.8649396520192788	0	0.0	0.0	0.3720173003208804	0.452447960282523	0	0.2733849777060199	0.3312019549597523	0	0.41604636336605416	0.569805747140319	0	0	0	0	0	0	0	0	0.8793136189402627	0.8257195270647315	0.7615377883733493	0.7730708377665244	0.8654790834419807	0.8304866598616225	0.9014337872931175	493	0.055967081624935605	2	1.8581966712740116e-65	-0.07366478777969877	0	0.0	0	0.0	-0.47017912151700814	4001	True	
p[labour.master]*0.5	3	tilt=0.05	52.0	22000	CONVERGED	429	693.1471805599452	693.1471805599452	0	0.5238389842275866	0	0.45887591092408686	0.0	0.891972579294701	0	0.0	0.0	0.39656757529899656	0.4393738629187267	0	0.2986113762110362	0.3151059723185904	0	0.2878847912266559	0.5126088168322622	0	0	0	0	0	0	0	0	0.9561619313195859	0.8995440111992391	0.8503522721124688	0.5238389842275866	0.9117531296146313	0.9343904699822768	0.5238389842275866	0	0.0	0	0.0	-0.07366478777969926	81	0.24194379804476096	1	1e-323	-0.4701791215170096	4001	True	
p[labour.master]*2	3	tilt=0.05	52.0	22000	CONVERGED	433	693.1471805599452	693.1471805599452	0	0.7785741165515034	0	0.7742316276118215	0.0	0.8951639396898736	0	0.0	0.0	0.41150541709624866	0.43848565183188504	0	0.3049693995960097	0.3138934014602093	0	0.4615384615384636	0.6973849643868872	0	0	0	0	0	0	0	0	0.96931040173104	0.9216967087636269	0.8616096171118628	0.7785741165515034	0.873470923743716	0.9791282074732776	0.7785741165515033	0	0.0	0	0.0	-0.07366478777969937	0	0.0	0	0.0	-0.4701791215170096	4001	True	
p[labour.trained]*0.5	3	tilt=0.05	52.0	22000	CONVERGED	569	1593.75898988204	693.1471805599452	30	0.20316049635442482	0	0.1914376022107122	26.872869562007722	0.6776852398137344	0	0.0	0.0	0.30257674599798534	0.5012835461181006	0	0.21012813554074483	0.38585427122411353	0	0.4006168740947419	0.5118394203762121	0	0	0	11	18	0	11	0	0.7448991302200543	0.6850893197389823	0.20316049635442482	0.4429116902619233	0.5310348680876839	0.20316049635442482	0.835871640999403	601	0.7581710855085446	3	4.122850373717672e-64	-0.0736647877796995	0	0.0	0	0.0	-0.47017912151700975	4001	True	
p[labour.trained]*2	3	tilt=0.05	52.0	22000	CONVERGED	455	693.1471805599452	693.1471805599452	0	0.8334083226034965	0	0.8308522554901006	0.0	0.8827351928255995	0	0.0	0.0	0.39346711796530864	0.44274298063205175	0	0.30769230769230943	0.49676221709121393	0	0.45389300826561674	0.47453020564681836	0	0	0	0	0	0	0	0	0.8788424164389066	0.9151105056953863	0.8334083226034965	0.8382825546918995	0.8653730693372537	0.8334083226034965	0.9788492878247881	0	0.0	0	0.0	-0.0736647877796995	0	0.0	0	0.0	-0.4701791215170094	4001	True	
p[labour]*0.5	3	tilt=0.05	52.0	22000	CONVERGED	557	1173.4315013425564	693.1471805599452	14	0.3093037419181233	0	0.30262062998734574	23.595879305562125	0.24942766219836576	0	0.0	0.0	0.2337478172945028	0.48382744897747826	0	0.27749653223675513	0.34457657681227594	0	0.38625038378141174	0.5041037623589897	0	0	0	7	14	9	0	0	0.5524948408779157	0.6692108342475612	0.3508454801372729	0.3093037419181233	0.32710734401204455	0.8787167787634746	0.8368758315263922	534	0.12368068248153004	2	2.646732571630899e-64	-0.07366478777969986	0	0.0	0	0.0	-0.4701791215170094	4001	True	
p[labour]*2	3	tilt=0.05	52.0	22000	CONVERGED	546	1351.2488367527035	693.1471805599452	8	0.305319645448142	0	0.28393675969264814	0.0	0.8600491087271581	0	0.0	0.0	0.3551276157466877	0.7194499363669058	0	0.3076923076923092	0.38681542569834954	0	0.4505186000213076	0.49608196885328154	0	0	0	7	0	0	7	0	0.7156404601416624	0.7657347167783859	0.305319645448142	0.6039466381329616	0.6643228690896333	0.305319645448142	0.809809817681755	472	0.7410832860488317	1	3.5831664044439274e-66	-0.07366478777970022	96	0.20977162369888397	1	1e-323	-0.47017912151700975	4001	True	
p[land]*0.5	3	tilt=0.05	52.0	22000	CONVERGED	524	768.6302155302595	693.1471805599452	0	0.6204896429253787	0	0.414642252329746	0.0	0.9021598467554622	0	0.0	0.0	0.4230769230769249	0.5775048391462102	0	0.3076923076923088	0.4081258053545089	0	0.46153846153846284	0.5895377858131888	0	0	0	0	0	0	0	0	1.0000000000000042	1.0	0.6204896429253787	0.6204896429253787	0.6204896429253786	0.9548081875316573	0.9970860378943555	534	0.16778430600692276	2	4.341936563771306e-65	-0.07366478777969913	0	0.0	0	0.0	-0.47017912151700797	4001	True	
p[land]*2	3	tilt=0.05	52.0	22000	CONVERGED	628	1355.8663966442741	693.1471805599452	89	0.2659682073626873	0	0.35162884341970435	312.30193465261095	0.32251968161733524	0	0.0	0.0	0.2255429907854313	0.5054218553336426	0	0.1907477080739996	0.3546209657282698	0	0.29536094552947767	0.5212134946636328	0	0	22	88	88	64	0	0	0.5331016145837467	0.36169640955693144	0.26948762029517725	0.2659682073626873	0.2694966103785043	0.6199300512404988	0.6399487153138684	577	0.27947681792357276	2	3.127252291964245e-63	-0.07366478777969937	0	0.0	0	0.0	-0.47017912151700886	4001	True	
p[mach]*0.5	3	tilt=0.05	52.0	22000	CONVERGED	682	2271.5221404094605	693.1471805599452	85	0.2263669554107706	0	0.22015893337477213	518.4618827888982	0.9425748427583153	0	0.0	0.0	0.2987965821700713	0.634370015422768	0	0.2662607296984742	0.43170792566806304	0	0.41601565367894383	0.5793581735715074	0	0	25	85	76	56	0	0	0.7062464669474413	0.3077534047860701	0.23124257777876198	0.2263669554107706	0.23307826253284447	0.8653473715200413	0.8294275459332683	581	0.25983051235279164	2	5.734856665602487e-63	-0.07366478777969854	0	0.0	0	0.0	-0.4701791215170078	4001	True	
p[mach]*2	3	tilt=0.05	52.0	22000	CONVERGED	548	728.1196376437538	693.1471805599452	0	0.512868224640249	0	0.4936523994806917	0.5145121979838766	0.19480977134862162	0	0.0	0.0	0.3010713933018747	0.46813544734259627	0	0.21745192507811814	0.3360063039897203	0	0.26823813066004265	0.5045360637160354	0	0	0	0	0	0	0	0	0.7519247967980732	0.7759033504376216	0.6029983060666757	0.512868224640249	0.5602736094950721	0.6029983060666757	0.5128682246402491	573	0.14734231029411982	4	1.9555990737059882e-64	-0.07366478777969877	0	0.0	0	0.0	-0.4701791215170071	4001	True	
p[services]*0.5	3	tilt=0.05	52.0	22000	CONVERGED	581	693.1471805599452	693.1471805599452	0	0.50852575766022	0	0.4529598780508028	1.1553306955839375	0.45060287552287037	0	0.0	0.0	0.2704117783723969	0.46808303205898355	0	0.195701971934285	0.33269006532131606	0	0.43377615065583375	0.508416612029098	0	0	0	0	0	0	0	0	0.6460929764708023	0.7385320401484322	0.50852575766022	0.6199475405181524	0.6398327801998597	0.5546750347211957	0.844773157454203	601	0.12487838636193795	4	7.498013117290456e-64	-0.07366478777969807	0	0.0	0	0.0	-0.4701791215170069	4001	True	
p[services]*2	3	tilt=0.05	52.0	22000	CONVERGED	514	693.1471805599452	693.1471805599452	0	0.5410947441809365	0	0.6199991474643217	0.0	0.942574842758311	0	0.0	0.0	0.3692759445628603	0.5067480031816212	0	0.2715257318245244	0.38823329452810595	0	0.4029354232451341	0.49865485010441524	0	0	0	0	0	0	0	0	0.8728340507849425	0.7803171649590863	0.7572388408791113	0.5410947441809365	0.6749440562456163	0.8824586284297044	0.7911390007706899	0	0.0	0	0.0	-0.0736647877796983	0	0.0	0	0.0	-0.47017912151700725	4001	True	
res.services.trained=0.02@dated	3	tilt=0.05	52.0	22000	CONVERGED	411	496.64022791007574	693.1471805599452	0	0.816914481858925	0	0.7255261830459874	0.0	0.739953916057547	0	0.0	0.0	0.3637054241830062	0.4316615904540079	0	0.25279865200268475	0.30769230769230765	0	0.4522629156708025	0.4702823306152105	0	0	0	0	0	0	0	0	0.9999999999999998	0.9769918853638424	0.816914481858925	0.8522488972839652	0.8939788179669739	0.8169144818589251	0.9773002651180542	3999	0.5536625155911167	31	0.3914281083883298	0.0	0	0.0	0	0.0	-0.6530159409248752	4001	True	
res.services.trained=0.02@genesis	3	tilt=0.05	52.0	22000	CONVERGED	411	496.64022791007574	693.1471805599452	0	0.8172480978751592	0	0.7266087566115326	0.0	0.739953916057547	0	0.0	0.0	0.3637054241830061	0.43211726778788534	0	0.2527986520026847	0.30769230769230765	0	0.45244751067272193	0.47011721082331026	0	0	0	0	0	0	0	0	0.9999999999999998	0.9780855356629428	0.8172480978751592	0.8545636486959443	0.8990983423947907	0.8172480978751593	0.9777086345090247	3999	0.5538326625941231	31	0.3914281083883307	0.0	0	0.0	0	0.0	-0.6530159409248755	4001	True	
res.services.trained=0.08@dated	3	tilt=0.05	52.0	22000	CONVERGED	562	1256.3698391827868	1256.369839182787	0	0.4999999999999999	0	0.5009722412890065	1.085896048497344	0.7305709084457485	0	0.0	0.0	0.3101704220763149	0.42801956168478256	0	0.30769230769230765	0.6174977523861661	0	0.41055143828823604	0.46761365193106974	0	0	0	0	0	0	0	0	0.71924310794124	0.7611620270102908	0.5	0.718545962736331	0.713690386473956	0.5	0.820295457624454	0	0.0	0	0.0	-1.1211129466196466	0	0.0	0	0.0	-0.4701791215170094	4001	True	
res.services.trained=0.08@genesis	3	tilt=0.05	52.0	22000	CONVERGED	563	1256.3698391827868	1256.369839182787	0	0.5	0	0.5009722412890066	1.1360298690272739	0.7317434461862499	0	0.0	0.0	0.31024863865613916	0.4280637886950345	0	0.30769230769230765	0.6175194794971408	0	0.4106519159589484	0.4676650114835273	0	0	0	0	0	0	0	0	0.7193856059995918	0.7610401785981481	0.5000000000000001	0.7180634165715646	0.7131948256168357	0.5	0.8205115417982127	0	0.0	0	0.0	-1.1211129466196466	0	0.0	0	0.0	-0.4701791215170099	4001	True	
s[goods]=0.5	3	tilt=0.05	52.0	22000	CONVERGED	614	1946.5526564513937	693.1471805599452	71	0.14276538556679963	0	0.13451497137392404	239.46536750746495	0.942574842758311	0	0.0	0.475614712250357	0.3871167647961046	0.5606463064528264	0	0.2826483825682243	0.3911140220961754	0	0.338914894064027	0.5743168863517006	0	0	12	52	70	49	7	26	0.9999999999999998	0.43597641760079586	0.2846478108546324	0.14276538556679963	0.1551308695793774	0.4226520538417858	0.20554886802418051	629	0.6049566652911027	6	1.2655491421483715e-63	-0.07366478777969877	117	0.725445856998149	2	1e-323	-0.47017912151700675	4001	True	
s[services]=0.5	3	tilt=0.05	52.0	22000	CONVERGED	595	1595.749785405857	693.1471805599452	52	0.2027564476702679	0	0.18493421043209887	96.16740105078155	0.942574842758311	0	0.475614712250357	0.0	0.3606029991086955	0.5709099656966646	0	0.27769168043609965	0.4089893422579506	0	0.42188940455748436	0.5217141633674601	0	0	0	38	16	20	16	0	0.9423455035412598	0.5741713712780419	0.2027564476702679	0.4199704712659004	0.2803776870077783	0.2027564476702679	0.7634155818698095	616	0.7911548883894612	2	7.643359353119731e-64	-0.07366478777969997	129	0.12885206933829016	2	1e-323	-0.47017912151700836	4001	True	
sw[master]=0.5	3	tilt=0.05	52.0	22000	CONVERGED	360	609.8644741243955	693.1471805599452	0	0.5434245121669512	0	0.5434245121669511	0.0	0.9112997183712688	0	0.0	0.0	0.4081306984549884	0.43091501641633934	0	0.30568229070661634	0.3109827336714861	0	0.41473554923738987	0.4839419101908843	0	0	0	0	0	0	0	0	0.9745685668439155	0.9588004328057205	0.9234728756284453	0.5434245121669512	0.9388848690833431	0.9821385972747355	0.5434245121669511	0	0.0	0	0.0	-0.07366478777969854	75	0.3952500243371661	0	1e-323	-0.47017912151700797	4001	True	
sw[trained]=0.5	3	tilt=0.05	52.0	22000	CONVERGED	466	683.7227976698905	693.1471805599452	0	0.5047344661132523	0	0.5047344661132522	0.0	0.8322507983455063	0	0.0	0.0	0.37522514519499084	0.44759427268754554	0	0.2997656017560411	0.33708352864542895	0	0.4449197332885598	0.47861237069922424	0	0	0	0	0	0	0	0	0.9130648695251583	0.8930125344489775	0.5047344661132523	0.7819724944659703	0.823686195591124	0.5047344661132522	0.9558791230829508	460	0.4819188334470013	0	2.2967653017924327e-66	-0.07366478777970033	0	0.0	0	0.0	-0.4701791215170096	4001	True	
tail.services=0.05@dated	3	tilt=0.05	52.0	22000	CONVERGED	381	585.4655565343056	585.4655565343057	0	0.9230013400825483	0	0.8464794706010123	0.0	0.39857841751075734	0	0.0	0.0	0.2692307692307701	0.423076923076923	0	0.30769230769230765	0.351921615582378	0	0.4592006293943893	0.4752318485671102	0	0	0	0	0	0	0	0	1.000000000000003	0.9937649006563312	0.9836263349622858	0.9230013400825481	0.9960823451301268	1.0	0.9840882201895101	0	0.0	0	0.0	-0.6070015874038387	0	0.0	0	0.0	-1.0035159211411457	4001	True	
tail.services=0.05@genesis	3	tilt=0.05	52.0	22000	CONVERGED	381	585.4655565343056	585.4655565343057	0	0.9230013400825483	0	0.8464794706010123	0.0	0.39857841751075573	0	0.0	0.0	0.2692307692307699	0.423076923076923	0	0.30769230769230765	0.351921615582378	0	0.4592006293943893	0.4752318485671104	0	0	0	0	0	0	0	0	1.0000000000000022	0.9937649006563312	0.9836263349622858	0.9230013400825481	0.9960823451301277	1.0	0.9840882201895101	0	0.0	0	0.0	-0.6070015874038392	0	0.0	0	0.0	-1.003515921141147	4001	True	
tail.services=0.2@dated	3	tilt=0.05	52.0	22000	CONVERGED	723	825.3830349617144	799.2031953104855	15	0.4487296225092201	0	0.42940245998397103	59.842794626269054	0.942574842758311	0	0.0	0.0	0.38385165996118764	0.6721570434877255	0	0.2810984442072453	0.44682087338320636	0	0.42555346884988265	0.5038026239404642	0	0	0	14	0	0	8	0	0.5789473684210525	0.6586155559778016	0.4487296225092201	0.5961775898805894	0.5973448742177815	0.4487296225092201	0.6818819706146311	3999	0.5187005619548408	40	0.28608793431239427	-1.1102230246251565e-16	3938	0.30000661183109195	26	0.04967163795420104	0.0	4001	True	
tail.services=0.2@genesis	3	tilt=0.05	52.0	22000	CONVERGED	731	826.7666661841611	799.2031953104855	16	0.44785837121182676	0	0.42687478078253394	68.67418331350608	0.942574842758311	0	0.0	0.0	0.38406795440622243	0.6739487173789251	0	0.2809234621459784	0.44779729973690685	0	0.4209343799200074	0.5057117098137497	0	0	0	15	0	0	8	0	0.5789473684210525	0.6477898328120458	0.44785837121182664	0.5843124395305359	0.5808951403081358	0.4478583712118267	0.6883697032284897	3999	0.5209167179758418	38	0.28608793431239393	2.2204460492503128e-16	3938	0.29480828214202653	26	0.04967163795419888	0.0	4001	True	
x*/2	3	tilt=0.05	52.0	22000	CONVERGED	682	4472.455130357201	693.1471805599452	98	0.02626233849358689	0	0.02463483058738019	741.7491213019365	0.942574842758311	0	0.475614712250357	0.475614712250357	0.31840261041464707	0.67325906747581	0	0.23696716084083747	0.450740768692409	0	0.30827987951942676	0.5825044155202377	0	0	31	97	97	68	35	26	0.8279989795203092	0.2524969115198494	0.030576975921483774	0.026262338493586886	0.011419245669928703	0.09093572332290013	0.1535427950344128	676	0.914084664743223	6	7.007354082055461e-63	-0.07366478777969782	169	0.7970566818170016	2	1e-323	-0.4701791215170071	4001	True	
JA(0.5)	3	tilt=0.1	52.0	22000	CONVERGED	697	2386.3903358255607	693.1471805599452	116	0.1682614616629904	0	0.0943022525195748	674.7444008317938	0.6111400088716711	0	0.0	0.0	0.2262050352061488	0.6159704958092984	0	0.20099204440074958	0.4175424778384316	0	0.32566710380514463	0.5630305271214596	0	0	28	114	114	84	0	0	0.5346664468508971	0.26184747475551984	0.1682614616629904	0.1710122936791216	0.17392296628862502	0.6532241443024362	0.7006522226887458	593	0.36089917515590936	2	1.0825255554026237e-62	-0.0736647877796989	0	0.0	0	0.0	-0.4701791215170085	4001	True	
JA(2)	3	tilt=0.1	52.0	22000	CONVERGED	530	769.8230585748328	693.1471805599452	1	0.5341732976539096	0	0.7814803037013167	10.779099038972973	0.6562332542975605	0	0.0	0.0	0.4230769230769254	0.5775048391462102	0	0.28944587693973073	0.4081258053545089	0	0.41656978356940566	0.5895377858131888	0	0	0	0	0	1	0	0	0.6282436599760257	0.7476083629565898	0.5392014249097818	0.5341732976539096	0.4999999999999999	0.5	0.5	557	0.11386846939222615	2	1.1746594558903848e-64	-0.07366478777969818	0	0.0	0	0.0	-0.47017912151700725	4001	True	
JB(0.5)	3	tilt=0.1	52.0	22000	CONVERGED	629	1600.7849888663588	693.1471805599452	89	0.21436330061066963	0	0.1488675161031489	264.18398878404554	-0.4437195183615795	25	0.0996735534344615	0.0996735534344615	0.21164907119455953	0.5280335498129967	0	0.15681254075001533	0.36777873798279137	0	0.18503356493397932	0.5277837516372835	0	0	14	89	89	67	40	53	0.5726019899857312	0.3981607632270082	0.22098937314817113	0.21436330061066963	0.2597577682986715	0.22098937314817113	0.21436330061066966	652	0.6761798973152021	4	3.0690816471889287e-63	-0.07366478777969973	162	0.551797432581246	2	1e-323	-0.47017912151700886	4001	True	
JB(2)	3	tilt=0.1	52.0	22000	CONVERGED	650	1951.412960085462	693.1471805599452	57	0.36381809463890186	0	0.29412971497637913	351.5939814553035	0.9425748427583166	0	0.0	0.0	0.40161540745945135	0.634975543332379	0	0.3076923076923083	0.4391464287553155	0	0.4615384615384623	0.6375212804350803	0	0	14	57	49	38	0	0	0.8531807408113533	0.43570982888293963	0.3763605387079586	0.36381809463890186	0.3716198593543578	0.8542375064595359	1.0000000000000018	557	0.12410126953622297	2	1.976123818947603e-63	-0.07366478777970129	0	0.0	0	0.0	-0.470179121517011	4001	True	
N(0.5)	3	tilt=0.1	52.0	22000	CONVERGED	589	1228.4208870644732	0.0	16	0.46858201446457626	0	0.25905061014182573	43.0877111141721	0.942574842758311	0	0.0	0.0	0.3762832672729039	0.5846531149430784	0	0.2775348557843239	0.41063047299703875	0	0.46153846153846145	0.6226815074938101	0	0	0	16	0	0	0	0	0.8893968135541365	0.6952529821385819	0.46858201446457626	0.5406958520649355	0.5210509368523291	0.9019882812990528	1.0	527	0.0664685994745335	2	6.0317436699012955e-64	-0.0736647877796983	0	0.0	0	0.0	-0.47017912151700747	4001	True	
N(2)	3	tilt=0.1	52.0	22000	CONVERGED	514	815.3414734238138	0.0	4	0.44248820359856517	0	0.9739033470587076	27.03569481120855	0.39936202007513233	0	0.0	0.0	0.3086904856156332	0.43999993891442324	0	0.22120278174738073	0.3169031777155822	0	0.3201236494148476	0.475055278414907	0	0	4	4	4	1	0	0	0.5	0.45576015661428093	0.4424882035985652	0.4424882035985652	0.4999999999999999	0.5	0.5	565	0.04880816261637442	2	3.9515148197123304e-64	-0.07366478777969997	0	0.0	0	0.0	-0.47017912151701063	4001	True	
RC(0.5)	3	tilt=0.1	52.0	22000	CONVERGED	591	781.616820074795	693.1471805599452	12	0.48540739372905123	0	0.48893533409445483	9.728757651739459	0.46688548901377064	0	0.0	0.0	0.26941931938523994	0.490766223221209	0	0.20115971704868896	0.3575349446131449	0	0.4389407522759111	0.6119004266794544	0	0	0	11	0	0	11	0	0.6570591819821286	0.7298311739061335	0.48540739372905123	0.5749942061808473	0.6045728015288299	0.4854073937290513	0.9066432162509919	616	0.2464527900262091	4	1.1473241538194126e-63	-0.07366478777969902	0	0.0	0	0.0	-0.4701791215170085	4001	True	
RC(2)	3	tilt=0.1	52.0	22000	CONVERGED	540	1152.4721849834623	693.1471805599452	38	0.3158549515099664	0	0.32261201264202066	0.0	0.942574842758311	0	0.0	0.0	0.39277868389559206	0.5099027446629304	0	0.2874075462925793	0.41611693091371404	0	0.3581079256846815	0.579906539532948	0	0	0	0	38	0	0	24	0.9283859801168539	0.8554248269713034	0.7781472684910922	0.3158549515099664	0.6466827356082333	0.8543169644413268	0.3158549515099664	494	0.0643808081862267	2	1.737959936480371e-64	-0.07366478777969973	98	0.615346965266491	2	1e-323	-0.4701791215170085	4001	True	
RW(0.5)	3	tilt=0.1	52.0	22000	CONVERGED	561	930.4098326788447	693.1471805599452	13	0.39439204249818305	0	0.37826435966173966	34.79344956184925	0.24942766219836576	0	0.0	0.0	0.2337478172945028	0.48915569518475777	0	0.289592522994389	0.49676221709121393	0	0.3994454510950299	0.6973849643868872	0	0	0	1	12	3	0	0	0.5524948408779157	0.6474403061222882	0.46971797768292983	0.39439204249818305	0.4266745861487887	0.880673775898861	0.7687410693970804	534	0.1251052317232415	2	3.180750719482472e-64	-0.07366478777969913	0	0.0	0	0.0	-0.47017912151700814	4001	True	
RW(2)	3	tilt=0.1	52.0	22000	CONVERGED	591	3657.7209920160526	693.1471805599452	51	0.025791224204862795	0	0.022023015088204548	133.83026653798666	0.7466243161619015	0	0.0	0.0	0.2736087252615359	0.7194499363669058	0	0.2720851714299416	0.4033408306802928	0	0.36899535307848375	0.5332938822937612	0	0	0	50	44	23	14	10	0.5650543023378366	0.5204016913068565	0.025791224204862795	0.13571997252409027	0.4262131930078791	0.025791224204862795	0.1357199725240903	615	0.9730653884472349	3	7.00148640475914e-64	-0.07366478777970009	73	0.8418094024371183	1	1e-323	-0.47017912151701013	4001	True	
land.mach=0.2@dated	3	tilt=0.1	52.0	22000	CONVERGED	554	638.5267607195186	594.5948731742905	0	0.5280698244622583	0	0.596948497218205	0.0	0.942574842758311	0	0.0	0.0	0.423076923076923	0.5365513513885389	0	0.30218205479035354	0.38289231828825965	0	0.4583605446263456	0.5535286637758614	0	0	0	0	0	0	0	0	0.8846153846153845	0.9449300970646194	0.5280698244622583	0.5280698244622583	0.5280698244622581	0.751101783831168	0.8726164130830669	455	0.16748825196120282	2	9.33401458254761e-78	-0.08849466746738964	0	0.0	0	0.0	-0.5104320585812596	4001	True	
land.mach=0.2@genesis	3	tilt=0.1	52.0	22000	CONVERGED	554	638.5267607195179	594.5948731742905	0	0.5280698244622586	0	0.5969484972182054	0.0	0.942574842758311	0	0.0	0.0	0.423076923076923	0.5364553653099837	0	0.3022790692787382	0.38289545229888355	0	0.4584953536887071	0.5534738792949179	0	0	0	0	0	0	0	0	0.8846153846153845	0.9452744503844631	0.5280698244622587	0.5280698244622586	0.5280698244622585	0.7520032108493556	0.8739684409416921	455	0.1668399586194329	2	9.250654251128237e-78	-0.08849466746739013	0	0.0	0	0.0	-0.5104320585812616	4001	True	
land.mach=0.8@dated	3	tilt=0.1	52.0	22000	CONVERGED	529	2126.1449422529504	642.3610059345988	92	0.17954380671731848	0	0.19938917204825432	691.4850699627008	0.16417956173183065	0	0.0	0.0	0.20956707786968548	0.4403352819534636	0	0.18906666296466673	0.30788998951423974	0	0.29359176239010865	0.461695984517316	0	0	26	92	91	63	0	0	0.6096496810754486	0.3109657052051936	0.17954380671731848	0.17954380671731848	0.19602741109092725	0.7060239015140017	0.6696314705654808	747	0.31675996640982856	2	4.212267540905518e-46	-0.05282972882417779	0	0.0	0	0.0	-0.41390683655706134	4001	True	
land.mach=0.8@genesis	3	tilt=0.1	52.0	22000	CONVERGED	529	2123.4619143660198	642.3610059345988	92	0.17987346954169656	0	0.19979006549582962	689.4027189216241	0.16455854502436562	0	0.0	0.0	0.20979036340963425	0.4402051830411014	0	0.18925263343754503	0.30788998951423974	0	0.2938618618919464	0.461695984517316	0	0	25	91	91	63	0	0	0.6102992390098451	0.3113325311865238	0.17987346954169656	0.17987346954169656	0.19656075039754756	0.7066328702673624	0.6707029998063468	747	0.31697721625932024	2	4.253384107425986e-46	-0.05282972882417838	0	0.0	0	0.0	-0.4139068365570605	4001	True	
p[goods]*0.5	3	tilt=0.1	52.0	22000	CONVERGED	513	891.0086151809833	693.1471805599452	17	0.41024176793674194	0	0.38654152469327563	0.0	0.8043663989756035	0	0.0	0.0	0.3973818354233604	0.45434702053829223	0	0.2918033563512261	0.3402995342065502	0	0.30571643559730566	0.5198083152145723	0	0	0	0	16	0	0	15	0.9409871980276332	0.7616841604153379	0.7178485072578771	0.41024176793674194	0.6989196550044144	0.8584206655060634	0.41024176793674194	501	0.0434950579492522	2	2.842544824845783e-64	-0.07366478777970033	100	0.4024592531184331	2	1e-323	-0.4701791215170096	4001	True	
p[goods]*2	3	tilt=0.1	52.0	22000	CONVERGED	439	693.1471805599452	693.1471805599452	0	0.7546462716452712	0	0.7481107879356614	0.0	0.8697591921847022	0	0.0	0.0	0.3720173003208804	0.4512277588453394	0	0.2733849777060199	0.3299839889753271	0	0.41604636336605416	0.5703004254520706	0	0	0	0	0	0	0	0	0.8793136189402627	0.8282285476103516	0.7546462716452713	0.7758979751551448	0.8654084864703055	0.8330780208995363	0.9014337872931175	493	0.05372320212676102	2	1.8373647608425222e-65	-0.07366478777969854	0	0.0	0	0.0	-0.47017912151700747	4001	True	
p[labour.master]*0.5	3	tilt=0.1	52.0	22000	CONVERGED	425	693.1471805599452	693.1471805599452	0	0.5242234050364515	0	0.45625772354143324	0.0	0.8958341172761528	0	0.0	0.0	0.3967450933025914	0.43871177771804093	0	0.29897031184746636	0.3147520028165387	0	0.2878847912266559	0.5114491002520029	0	0	0	0	0	0	0	0	0.9566517350997322	0.9028038375242622	0.8523134398781018	0.5242234050364514	0.9142470826818171	0.9361592469399741	0.5242234050364514	0	0.0	0	0.0	-0.07366478777970058	81	0.2412908727179737	1	1e-323	-0.4701791215170094	4001	True	
p[labour.master]*2	3	tilt=0.1	52.0	22000	CONVERGED	430	693.1471805599452	693.1471805599452	0	0.769772390557364	0	0.7656139129424767	0.0	0.8976204553181224	0	0.0	0.0	0.41147816922597497	0.4382153304180416	0	0.3051003151939092	0.31374530878724566	0	0.4615384615384638	0.6973849643868872	0	0	0	0	0	0	0	0	0.9705180703418888	0.9237986208489334	0.8631493640279229	0.7697723905573641	0.8684413660327793	0.9811173061767052	0.7697723905573641	0	0.0	0	0.0	-0.07366478777969973	0	0.0	0	0.0	-0.47017912151700797	4001	True	
p[labour.trained]*0.5	3	tilt=0.1	52.0	22000	CONVERGED	564	1594.1307641149067	693.1471805599452	30	0.2030849805550278	0	0.19125154900729718	24.999400527796922	0.6813159523434054	0	0.0	0.0	0.30391394505961733	0.5012743189876768	0	0.21012813554074483	0.38606053205888974	0	0.402653811050531	0.5103280494408311	0	0	0	11	18	0	11	0	0.7501227094105334	0.6917341903481281	0.2030849805550278	0.44610698535181686	0.5329575874432797	0.20308498055502783	0.8444336549718484	600	0.7585850141429973	3	3.967155192925532e-64	-0.07366478777969866	0	0.0	0	0.0	-0.4701791215170085	4001	True	
p[labour.trained]*2	3	tilt=0.1	52.0	22000	CONVERGED	451	693.1471805599452	693.1471805599452	0	0.8265396883254991	0	0.8241553539344981	0.0	0.8826937800015687	0	0.0	0.0	0.39355162681101535	0.44281442872505555	0	0.3076923076923094	0.49676221709121393	0	0.45420614941995385	0.4742407684389743	0	0	0	0	0	0	0	0	0.8738470460549084	0.9164011486407102	0.8265396883254991	0.8391212811235789	0.8652426403543334	0.826539688325499	0.9811010478674782	0	0.0	0	0.0	-0.07366478777969913	0	0.0	0	0.0	-0.47017912151700975	4001	True	
p[labour]*0.5	3	tilt=0.1	52.0	22000	CONVERGED	553	1186.535593184761	693.1471805599452	15	0.3052770380466032	0	0.29879320968701867	22.719878760835122	0.24942766219836576	0	0.0	0.0	0.2337478172945028	0.48353589167374655	0	0.2788259054084126	0.3447113580427619	0	0.38805113504010214	0.5032139973125352	0	0	0	7	15	10	0	0	0.5524948408779157	0.6746911253154428	0.34860273002905534	0.3052770380466032	0.32384519175336834	0.8814134055094064	0.8407774592535547	533	0.12163848236030711	2	2.6070126929555883e-64	-0.07366478777969986	0	0.0	0	0.0	-0.4701791215170099	4001	True	
p[labour]*2	3	tilt=0.1	52.0	22000	CONVERGED	541	1354.4968009686995	693.1471805599452	8	0.3040496907913654	0	0.2830294760558611	0.0	0.8640031308363116	0	0.0	0.0	0.35691122828433886	0.7194499363669058	0	0.3076923076923096	0.38656371627712083	0	0.4513721736135752	0.49492334322317505	0	0	0	7	0	0	7	0	0.7199250802844148	0.7726402920396932	0.3040496907913654	0.6085606996498073	0.6682924005209464	0.3040496907913654	0.8105292647935473	469	0.7419228740566788	1	3.2084211973644753e-66	-0.07366478777970033	96	0.20894660182945649	1	1e-323	-0.470179121517009	4001	True	
p[land]*0.5	3	tilt=0.1	52.0	22000	CONVERGED	522	767.7259619559125	693.1471805599452	0	0.5969484972182052	0	0.39863438694218684	0.0	0.9076737709181949	0	0.0	0.0	0.42307692307692546	0.5775048391462102	0	0.3076923076923092	0.4081258053545089	0	0.46153846153846345	0.5895377858131888	0	0	0	0	0	0	0	0	1.000000000000005	1.0	0.5969484972182054	0.5969484972182053	0.5969484972182053	0.9515794445171282	0.9986441760129188	534	0.17257588157861234	2	4.2621838424329895e-65	-0.0736647877796995	0	0.0	0	0.0	-0.4701791215170108	4001	True	
p[land]*2	3	tilt=0.1	52.0	22000	CONVERGED	623	1335.246276223515	693.1471805599452	87	0.2715551097514086	0	0.35281397592738456	299.1811486389846	0.33829909250542767	0	0.0	0.0	0.22903524782526044	0.5033282522404581	0	0.1935132472016273	0.35324945449222356	0	0.2998211117898601	0.5183346615234319	0	0	21	86	86	64	0	0	0.541356040314252	0.37351802725691496	0.2788374050391766	0.2715551097514087	0.2748524717043529	0.6289180534052888	0.6496124088780303	576	0.27228703224853007	2	2.964076141467349e-63	-0.07366478777969937	0	0.0	0	0.0	-0.4701791215170094	4001	True	
p[mach]*0.5	3	tilt=0.1	52.0	22000	CONVERGED	678	2262.659614881681	693.1471805599452	84	0.2309207591524346	0	0.21998329161513577	513.2462109305121	0.9425748427583175	0	0.0	0.0	0.30493178437522805	0.6333266988752619	0	0.2713660621442215	0.43286639768980695	0	0.4237671286500181	0.5801065928062787	0	0	24	84	75	56	0	0	0.7207478539778118	0.3190987500522444	0.24103046791439287	0.2309207591524346	0.23792056360480923	0.8778670619557937	0.8405132313098338	580	0.25216799318489097	2	5.552830161531638e-63	-0.07366478777969913	0	0.0	0	0.0	-0.470179121517009	4001	True	
p[mach]*2	3	tilt=0.1	52.0	22000	CONVERGED	544	718.6217719384919	693.1471805599452	0	0.5144754479816965	0	0.49237969245323854	0.0	0.19772722185060998	0	0.0	0.0	0.3023793027541274	0.46676268391079745	0	0.21844515140556606	0.33512250889674106	0	0.270217216590084	0.5030429854685818	0	0	0	0	0	0	0	0	0.7524420723189377	0.7835140506766077	0.6050909578093966	0.5144754479816965	0.5611359323007992	0.6050909578093966	0.5144754479816965	573	0.14805883273100295	4	1.920486310709605e-64	-0.07366478777969854	0	0.0	0	0.0	-0.47017912151700836	4001	True	
p[services]*0.5	3	tilt=0.1	52.0	22000	CONVERGED	575	693.1471805599452	693.1471805599452	0	0.5155516145723013	0	0.45822940468630746	0.14714426076675557	0.46089143595650806	0	0.0	0.0	0.27368173676802227	0.46714366932266355	0	0.19789389208727293	0.3311769093792404	0	0.4363329676988628	0.5079039655907411	0	0	0	0	0	0	0	0	0.6549334522631796	0.7482391228706129	0.5155516145723013	0.6290230764746576	0.6465492413720464	0.5662308609573469	0.8524497529963008	600	0.11787069926670783	4	6.885632664854274e-64	-0.07366478777970058	0	0.0	0	0.0	-0.4701791215170085	4001	True	
p[services]*2	3	tilt=0.1	52.0	22000	CONVERGED	511	694.6221119616598	693.1471805599452	0	0.5303575804886717	0	0.6040888259964328	0.0	0.942574842758311	0	0.0	0.0	0.3692759445628603	0.5074824095462988	0	0.2715257318245244	0.3892209036024015	0	0.4039556735360007	0.4978971837420213	0	0	0	0	0	0	0	0	0.8728340507849425	0.779950931918089	0.7582070888231126	0.5303575804886715	0.6639442208297424	0.8824586284297044	0.7956847235273588	0	0.0	0	0.0	-0.07366478777969818	0	0.0	0	0.0	-0.4701791215170069	4001	True	
res.services.trained=0.02@dated	3	tilt=0.1	52.0	22000	CONVERGED	408	496.64022791007574	693.1471805599452	0	0.8184330782620837	0	0.7253815698031001	0.0	0.7399539160575488	0	0.0	0.0	0.3637054241830068	0.4320035666981971	0	0.2527986520026851	0.30769230769230765	0	0.452452157803822	0.47010510503995656	0	0	0	0	0	0	0	0	0.9999999999999998	0.9783635724380961	0.8184330782620837	0.8460919341249362	0.8892850942684083	0.8184330782620838	0.9778480825005145	3999	0.5532584449974483	35	0.3914281083883296	0.0	0	0.0	0	0.0	-0.6530159409248762	4001	True	
res.services.trained=0.02@genesis	3	tilt=0.1	52.0	22000	CONVERGED	407	496.64022791007574	693.1471805599452	0	0.8187467343114151	0	0.7265250719494296	0.0	0.7399539160575479	0	0.0	0.0	0.3637054241830066	0.43247645608831947	0	0.2527986520026849	0.30769230769230765	0	0.45263812582355867	0.4699333036905905	0	0	0	0	0	0	0	0	0.9999999999999998	0.9795269924069958	0.8187467343114151	0.8494737460145154	0.8951672098146659	0.8187467343114152	0.9782381352146985	3999	0.5534428571812342	35	0.3914281083883301	0.0	0	0.0	0	0.0	-0.6530159409248762	4001	True	
res.services.trained=0.08@dated	3	tilt=0.1	52.0	22000	CONVERGED	550	1256.3698391827868	1256.369839182787	0	0.4999999999999999	0	0.5010124083106312	0.5639327444315931	0.7327116682138934	0	0.0	0.0	0.31121082337656736	0.4275026572483373	0	0.30769230769230765	0.6172118630064829	0	0.41180066314073016	0.4667293801688282	0	0	0	0	0	0	0	0	0.7218710449567509	0.765830936665753	0.5	0.7232342191333025	0.7168423562024218	0.5	0.8240804588536711	0	0.0	0	0.0	-1.1211129466196463	0	0.0	0	0.0	-0.4701791215170087	4001	True	
res.services.trained=0.08@genesis	3	tilt=0.1	52.0	22000	CONVERGED	550	1256.3698391827868	1256.369839182787	0	0.5	0	0.5010124083106313	0.6044898095012012	0.733913011835699	0	0.0	0.0	0.31129155330061703	0.4275466281229367	0	0.30769230769230765	0.6172323622472715	0	0.4119124410592464	0.46677900727186195	0	0	0	0	0	0	0	0	0.7220169886817663	0.7657065538010768	0.5000000000000001	0.7227370196132866	0.716338029820384	0.5	0.8242954926331064	0	0.0	0	0.0	-1.1211129466196461	0	0.0	0	0.0	-0.47017912151700925	4001	True	
s[goods]=0.5	3	tilt=0.1	52.0	22000	CONVERGED	611	1902.1303386871016	693.1471805599452	70	0.1492503265626891	0	0.14074355338400615	235.74633232920013	0.942574842758311	0	0.0	0.475614712250357	0.3898793585140364	0.5605906805986993	0	0.2832520772085533	0.3924209549287872	0	0.340384409912299	0.5780932870058869	0	0	11	51	69	48	7	26	0.9999999999999998	0.44706249571847645	0.3065761560333648	0.1492503265626891	0.1660340276289387	0.4297504979906456	0.20304255403044547	628	0.5982642036920067	6	1.225919568656328e-63	-0.07366478777970033	116	0.7295034552559925	2	1e-323	-0.4701791215170085	4001	True	
s[services]=0.5	3	tilt=0.1	52.0	22000	CONVERGED	592	1601.45979927755	693.1471805599452	53	0.20160200462105293	0	0.18390848659166278	96.78357795693827	0.942574842758311	0	0.475614712250357	0.0	0.3632127794788491	0.5723244189631898	0	0.2807129212217376	0.40975842800944107	0	0.4195457359817758	0.5204643386056886	0	0	0	38	18	21	17	0	0.9550025458985152	0.5787082797070722	0.20160200462105293	0.4268065631693505	0.2948172089762261	0.20160200462105296	0.7720461369038585	616	0.7922150131744083	2	7.569842189085797e-64	-0.07366478777970009	130	0.11733811602619665	2	1e-323	-0.4701791215170096	4001	True	
sw[master]=0.5	3	tilt=0.1	52.0	22000	CONVERGED	357	609.8644741243955	693.1471805599452	0	0.5434245121669512	0	0.5434245121669511	0.0	0.9123188317553766	0	0.0	0.0	0.4081745976015215	0.4307331171681979	0	0.30575785936797695	0.31088296910257746	0	0.41473554923738987	0.48374881777140233	0	0	0	0	0	0	0	0	0.9747735667306234	0.9600852782591804	0.9240679289598047	0.5434245121669512	0.9393921029861211	0.9830328313346014	0.5434245121669511	0	0.0	0	0.0	-0.0736647877796989	75	0.3952500243371661	0	1e-323	-0.47017912151700747	4001	True	
sw[trained]=0.5	3	tilt=0.1	52.0	22000	CONVERGED	462	683.7227976698905	693.1471805599452	0	0.5047344661132523	0	0.5047344661132522	0.0	0.8332456246173691	0	0.0	0.0	0.37568638842482033	0.44744311834136385	0	0.2997656017560411	0.33741843047104564	0	0.44565346473538847	0.47802167366971027	0	0	0	0	0	0	0	0	0.9152416396333002	0.8959696372616139	0.5047344661132523	0.7853768028586807	0.8257387538708794	0.5047344661132522	0.9591541362016867	459	0.4819188334470013	0	2.2180140255957863e-66	-0.07366478777970058	0	0.0	0	0.0	-0.47017912151701063	4001	True	
tail.services=0.05@dated	3	tilt=0.1	52.0	22000	CONVERGED	378	585.4655565343056	585.4655565343057	0	0.9207210980452574	0	0.8401045681763751	0.0	0.39857841751075557	0	0.0	0.0	0.26923076923077	0.423076923076923	0	0.30769230769230765	0.3520680576267868	0	0.4592622178538236	0.47514711576565083	0	0	0	0	0	0	0	0	1.0000000000000022	0.9945625281397348	0.9847684779443389	0.9207210980452574	0.9964317899348074	1.0	0.9846604244451477	0	0.0	0	0.0	-0.6070015874038385	0	0.0	0	0.0	-1.0035159211411484	4001	True	
tail.services=0.05@genesis	3	tilt=0.1	52.0	22000	CONVERGED	378	585.4655565343056	585.4655565343057	0	0.9207210980452573	0	0.8401045681763751	0.0	0.39857841751075646	0	0.0	0.0	0.26923076923076994	0.423076923076923	0	0.30769230769230765	0.3520680576267868	0	0.45926221785382365	0.47514711576565083	0	0	0	0	0	0	0	0	1.0000000000000027	0.9945625281397348	0.9847684779443389	0.9207210980452574	0.9964317899348074	1.0	0.9846604244451476	0	0.0	0	0.0	-0.6070015874038392	0	0.0	0	0.0	-1.0035159211411468	4001	True	
tail.services=0.2@dated	3	tilt=0.1	52.0	22000	CONVERGED	706	828.6205075618072	799.2031953104855	13	0.4479728853973118	0	0.428515194403688	60.18855502612502	0.942574842758311	0	0.0	0.0	0.38509054557796807	0.6716731838304864	0	0.28196457065157965	0.4465199948800061	0	0.42546540748274975	0.5032147843223247	0	0	0	12	0	0	8	0	0.5789473684210525	0.6611359690613154	0.4479728853973118	0.5980920509357041	0.594983352517349	0.4479728853973118	0.6904504419399706	3999	0.5195353975896467	36	0.2860879343123934	-1.1102230246251565e-16	3938	0.29141432317347604	26	0.04967163795419954	0.0	4001	True	
tail.services=0.2@genesis	3	tilt=0.1	52.0	22000	CONVERGED	725	830.1610870788455	799.2031953104855	16	0.4469495016792676	0	0.4259215674212409	69.2256526451754	0.942574842758311	0	0.0	0.0	0.38531347485389766	0.6735901628904437	0	0.28230992977426694	0.4475522422862343	0	0.42014840581710833	0.5052764100114839	0	0	0	15	0	0	8	0	0.5789473684210525	0.6504588489218164	0.4469495016792676	0.582806156246645	0.5786559073923451	0.4469495016792676	0.6963224961578378	3999	0.5217673976019361	38	0.2860879343123929	0.0	3938	0.2869247244264352	26	0.04967163795419986	0.0	4001	True	
x*/2	3	tilt=0.1	52.0	22000	CONVERGED	681	3807.1978309444726	693.1471805599452	98	0.050942577057168315	0	0.04782862957775461	755.4669900589745	0.942574842758311	0	0.475614712250357	0.475614712250357	0.32163332839525616	0.6755437539689241	0	0.23923499945473825	0.4526628567592703	0	0.31213022617514347	0.5834600265124045	0	0	30	97	97	68	34	25	0.8358019825313916	0.2586957584204447	0.05965518314725954	0.050942577057168315	0.022210328935452585	0.09001047869294539	0.1527466664199384	677	0.9148485615481975	6	7.155222119611658e-63	-0.07366478777969794	168	0.7981748968173983	2	1e-323	-0.47017912151700747	4001	True	
JA(0.5)	3	tilt=0.25	52.0	22000	CONVERGED	666	2362.8433518616343	693.1471805599452	113	0.16731197139305262	0	0.09048268618878713	654.2319215974281	0.6632066943170183	0	0.0	0.0	0.24032486650981144	0.6149007235091386	0	0.20758904782491522	0.4147740932478108	0	0.32566710380514463	0.5625339763827732	0	0	25	111	111	83	0	0	0.5680405935686452	0.2939622817314966	0.16731197139305262	0.17181008808303325	0.16988232378732723	0.6746644054309745	0.7056120582444801	592	0.3431249483276238	2	1.006428600297139e-62	-0.07366478777970022	0	0.0	0	0.0	-0.47017912151700925	4001	True	
JA(2)	3	tilt=0.25	52.0	22000	CONVERGED	521	763.9775928080508	693.1471805599452	1	0.5347853027738945	0	0.7759702870169075	6.809560733004838	0.6820120927580113	0	0.0	0.0	0.42307692307692585	0.5775048391462102	0	0.2937041099087254	0.4081258053545089	0	0.42326086216692016	0.5895377858131888	0	0	0	0	0	1	0	0	0.6519667631852931	0.7663087298957885	0.5402098845270747	0.5347853027738945	0.4999999999999999	0.5	0.5	555	0.10933610284866069	2	1.0740613128393836e-64	-0.07366478777969973	0	0.0	0	0.0	-0.4701791215170096	4001	True	
JB(0.5)	3	tilt=0.25	52.0	22000	CONVERGED	614	1520.2512620888886	693.1471805599452	85	0.21865693984998527	0	0.1496220388324916	220.1317925145802	-0.4437195183615795	21	0.09734997876934054	0.09734997876934054	0.2164686055977119	0.5199671474201939	0	0.16555971721365398	0.3623518685406448	0	0.19502701571208841	0.5201715869011494	0	0	10	84	84	65	36	54	0.5755859043986455	0.4442706927180759	0.2186569398499853	0.2236479221760333	0.28736021949762386	0.21865693984998533	0.2236479221760333	649	0.6755985455259872	4	2.609725683398252e-63	-0.07366478777969902	159	0.5354259138958173	2	1e-323	-0.4701791215170094	4001	True	
JB(2)	3	tilt=0.25	52.0	22000	CONVERGED	640	1941.2113804458336	693.1471805599452	55	0.37376505848706454	0	0.29581460054472	348.9899144032688	0.942574842758319	0	0.0	0.0	0.41960192852071865	0.6391131926545321	0	0.3076923076923096	0.4394373380740737	0	0.4615384615384641	0.6479396665300725	0	0	9	55	44	35	0	0	0.8732678024550783	0.4656685392907919	0.40162068033347825	0.3737650584870646	0.3866926938988787	0.9156708556147373	1.0000000000000058	554	0.10302576385788717	2	1.6957688460774042e-63	-0.07366478777969986	0	0.0	0	0.0	-0.4701791215170094	4001	True	
N(0.5)	3	tilt=0.25	52.0	22000	CONVERGED	581	1230.4430985131003	0.0	16	0.46901952204409386	0	0.25871603696915413	39.573673255159974	0.942574842758311	0	0.0	0.0	0.38435889687622216	0.5855170743662801	0	0.2846010672566179	0.4133569722692795	0	0.46153846153846145	0.6268890224084224	0	0	0	16	0	0	0	0	0.9084846653437978	0.7194773593705797	0.46901952204409386	0.5416338426347516	0.5215769760386564	0.9249534685840082	1.0	526	0.05928604963284795	2	5.728341574476016e-64	-0.07366478777970009	0	0.0	0	0.0	-0.47017912151700886	4001	True	
N(2)	3	tilt=0.25	52.0	22000	CONVERGED	507	815.3414734238138	0.0	4	0.44248820359856517	0	0.9756698921280261	24.521521699360697	0.4117692297611962	0	0.0	0.0	0.31072937684177937	0.43797851001172744	0	0.22230872927079698	0.3155648167734953	0	0.32237915848565835	0.47308595761362987	0	0	4	4	4	1	0	0	0.5	0.45576015661428093	0.4424882035985652	0.4424882035985652	0.4999999999999999	0.5	0.5	565	0.04671862264670239	2	3.802315784456394e-64	-0.07366478777969843	0	0.0	0	0.0	-0.47017912151700797	4001	True	
RC(0.5)	3	tilt=0.25	52.0	22000	CONVERGED	572	695.6626150342167	693.1471805599452	0	0.5240215645562806	0	0.527210289227449	0.11860232016670069	0.5119781901611928	0	0.0	0.0	0.28227860135660393	0.48348734894207546	0	0.20961923873335944	0.34926485916742944	0	0.4389407522759111	0.6107847647597986	0	0	0	0	0	0	0	0	0.6871583472828001	0.7734617262007998	0.5240215645562807	0.6421348310154488	0.6569053504272808	0.5240215645562808	0.9328045590518332	604	0.220671903572001	4	6.943464786277999e-64	-0.07366478777969866	0	0.0	0	0.0	-0.470179121517009	4001	True	
RC(2)	3	tilt=0.25	52.0	22000	CONVERGED	522	1042.0967485804003	693.1471805599452	36	0.35271435276946467	0	0.36500168568218977	0.0	0.942574842758311	0	0.0	0.0	0.39277868389559206	0.5119900020313334	0	0.2874075462925793	0.41823143417236774	0	0.35977529093210614	0.5616408658630021	0	0	0	0	36	0	0	20	0.9283859801168539	0.8531866987484698	0.8121171218952427	0.35271435276946467	0.6245959891205066	0.8971537167562172	0.35271435276946467	490	0.02930820525057447	2	1.557231679506619e-64	-0.07366478777969866	103	0.575203532097919	2	1e-323	-0.47017912151700814	4001	True	
RW(0.5)	3	tilt=0.25	52.0	22000	CONVERGED	552	936.304800008692	693.1471805599452	23	0.392073953534777	0	0.37623843368512244	32.38836053221365	0.24942766219836576	0	0.0	0.0	0.2337478172945028	0.4888488277974399	0	0.2929493321050144	0.49676221709121393	0	0.4069402563675924	0.6973849643868872	0	0	0	1	22	3	0	0	0.5524948408779157	0.6638700518774909	0.47758570206722284	0.392073953534777	0.42872184576296807	0.8905929488828055	0.7439298843007578	533	0.11889090083551002	2	3.0994587744402116e-64	-0.07366478777969937	0	0.0	0	0.0	-0.4701791215170085	4001	True	
RW(2)	3	tilt=0.25	52.0	22000	CONVERGED	580	3663.6245809133175	693.1471805599452	48	0.025639411979402074	0	0.021901290114969288	121.09752101631145	0.755927982035893	0	0.0	0.0	0.2790242284279953	0.7194499363669058	0	0.2724911549244936	0.40296964545908087	0	0.3700160179644099	0.5382636353847002	0	0	0	44	41	21	14	10	0.5835415054104864	0.5517783866901305	0.025639411979402074	0.13710486779053818	0.436726704516476	0.025639411979402078	0.13710486779053818	612	0.9732554998031425	3	6.17641769412685e-64	-0.07366478777969973	74	0.8401415402934235	1	1e-323	-0.47017912151701013	4001	True	
land.mach=0.2@dated	3	tilt=0.25	52.0	22000	CONVERGED	547	771.9428348393	594.5948731742905	2	0.4621143836716573	0	0.5215333079504328	0.0	0.942574842758311	0	0.0	0.0	0.423076923076923	0.5368042288896007	0	0.3017595839701221	0.3835408547104151	0	0.4575106863900722	0.5520093210290045	0	0	0	1	1	1	0	0	0.8846153846153845	0.9448380883662374	0.4621143836716573	0.4621143836716573	0.4621143836716573	0.740640410286016	0.8725483490681477	454	0.17883037449620656	2	8.572877164022566e-78	-0.08849466746738915	0	0.0	0	0.0	-0.5104320585812613	4001	True	
land.mach=0.2@genesis	3	tilt=0.25	52.0	22000	CONVERGED	547	771.942834839299	594.5948731742905	2	0.4621143836716578	0	0.5215333079504334	0.0	0.942574842758311	0	0.0	0.0	0.423076923076923	0.5366919830451338	0	0.3018738883891591	0.3835498866871166	0	0.45768159060683083	0.5519551016948099	0	0	0	1	1	1	0	0	0.8846153846153845	0.9452449449998135	0.4621143836716578	0.4621143836716578	0.4621143836716577	0.741717869847815	0.8742840495773018	454	0.17803677187009678	2	8.485996071033552e-78	-0.08849466746739013	0	0.0	0	0.0	-0.5104320585812621	4001	True	
land.mach=0.8@dated	3	tilt=0.25	52.0	22000	CONVERGED	516	2106.045423702655	642.3610059345988	91	0.2025306548174261	0	0.19462092768560912	669.2252155371214	0.2115658079716903	0	0.0	0.0	0.2223137280939638	0.4410091809205884	0	0.20034125984166767	0.31136196902941293	0	0.31330406244052356	0.461934779522067	0	0	23	90	89	64	0	0	0.6467308453642583	0.34493652355378634	0.2025306548174261	0.20263265118419757	0.20664105545635345	0.733482391810709	0.7007010941338079	745	0.2973607514040584	2	3.940147118342403e-46	-0.05282972882417838	0	0.0	0	0.0	-0.4139068365570587	4001	True	
land.mach=0.8@genesis	3	tilt=0.25	52.0	22000	CONVERGED	516	2098.944612158687	642.3610059345988	90	0.20363401932024186	0	0.1954858287899926	664.4760385149625	0.2126686360794399	0	0.0	0.0	0.22284461872086572	0.440645633561111	0	0.20075894725483825	0.31122155304827076	0	0.31394475867552873	0.461934779522067	0	0	22	89	89	63	0	0	0.6482752544607002	0.3454607162612059	0.20363401932024186	0.20375416583130465	0.2078206781241864	0.735235357555372	0.702008510545154	745	0.2954699660340143	2	3.968501485975679e-46	-0.05282972882417908	0	0.0	0	0.0	-0.4139068365570587	4001	True	
p[goods]*0.5	3	tilt=0.25	52.0	22000	CONVERGED	494	781.0021668309846	693.1471805599452	11	0.4579468421260602	0	0.42881604105122983	0.0	0.8275347532110436	0	0.0	0.0	0.4022758645216847	0.45434702053829223	0	0.29513411616584895	0.33905703600453646	0	0.3102268954320279	0.5052059872298631	0	0	0	0	10	0	0	10	0.9581862070995838	0.8007269338674489	0.760058243063348	0.4579468421260601	0.7241570873249391	0.8826962377449117	0.4579468421260602	486	0.01598407154489248	2	1.8141029205957605e-64	-0.07366478777970033	101	0.34065882565159933	2	1e-323	-0.4701791215170112	4001	True	
p[goods]*2	3	tilt=0.25	52.0	22000	CONVERGED	431	693.1471805599452	693.1471805599452	0	0.7234754717152893	0	0.7144904810715896	0.0	0.881590631347791	0	0.0	0.0	0.3720173003208804	0.44806385603597443	0	0.2733849777060199	0.326711126621332	0	0.41604636336605416	0.5721589201979786	0	0	0	0	0	0	0	0	0.8793136189402627	0.8343333366854623	0.7234754717152894	0.7828361800343896	0.8654162521066056	0.8416752919615381	0.9014337872931175	493	0.04667011027490693	2	1.7783446537965862e-65	-0.07366478777970022	0	0.0	0	0.0	-0.47017912151701013	4001	True	
p[labour.master]*0.5	3	tilt=0.25	52.0	22000	CONVERGED	414	693.1471805599452	693.1471805599452	0	0.5253618325262069	0	0.44852346006962723	0.0	0.9039493400245818	0	0.0	0.0	0.3972695359173474	0.43697929440292943	0	0.29928588956208724	0.3138208915347135	0	0.2878847912266559	0.5083377902794615	0	0	0	0	0	0	0	0	0.9580942395234373	0.9118148849174915	0.8590389204958532	0.5253618325262068	0.9212580059717103	0.940997698014458	0.5253618325262068	0	0.0	0	0.0	-0.07366478777969866	81	0.23936104323107155	1	1e-323	-0.4701791215170096	4001	True	
p[labour.master]*2	3	tilt=0.25	52.0	22000	CONVERGED	423	693.1471805599452	693.1471805599452	0	0.7439298843007578	0	0.7402941146741375	0.0	0.9028137617433972	0	0.0	0.0	0.41143167735811426	0.4378878405709514	0	0.3054335580125696	0.3134917475514787	0	0.4615384615384639	0.6973849643868872	0	0	0	0	0	0	0	0	0.9724748737555429	0.929281269558173	0.8652888277099368	0.7439298843007578	0.8536742196004329	0.9865234787310718	0.7439298843007578	0	0.0	0	0.0	-0.07366478777969973	0	0.0	0	0.0	-0.47017912151700886	4001	True	
p[labour.trained]*0.5	3	tilt=0.25	52.0	22000	CONVERGED	553	1595.3884705920348	693.1471805599452	29	0.20282971981476766	0	0.19064692596454008	19.763795977568307	0.6918895917692479	0	0.0	0.0	0.30763400563552606	0.5015432541614676	0	0.21012813554074483	0.38667858508947606	0	0.40873619650850135	0.5061572976587436	0	0	0	11	17	0	11	0	0.765401664078076	0.7115432219999771	0.20282971981476766	0.4554986198089885	0.5390426990366168	0.2028297198147677	0.8695277514580916	596	0.759840738777098	3	3.520722317897341e-64	-0.0736647877796995	0	0.0	0	0.0	-0.47017912151700797	4001	True	
p[labour.trained]*2	3	tilt=0.25	52.0	22000	CONVERGED	443	693.1471805599452	693.1471805599452	0	0.8062542771688265	0	0.8043628233442428	0.0	0.8824989653558295	0	0.0	0.0	0.3936897031406533	0.44318992111186784	0	0.30769230769230965	0.49676221709121393	0	0.4551223923371421	0.4734709734528012	0	0	0	0	0	0	0	0	0.8590940197591466	0.9197206753344875	0.8062542771688265	0.8405992954793375	0.8640779145158155	0.8062542771688265	0.983687902269112	0	0.0	0	0.0	-0.07366478777969866	0	0.0	0	0.0	-0.4701791215170087	4001	True	
p[labour]*0.5	3	tilt=0.25	52.0	22000	CONVERGED	546	1226.1115044893952	693.1471805599452	17	0.2934313687139503	0	0.2875113029182925	20.204499320458748	0.24942766219836576	0	0.0	0.0	0.2337478172945028	0.4827979765274327	0	0.28278253534623565	0.3451760420098901	0	0.39348895804386347	0.5008624081026969	0	0	0	7	16	11	0	0	0.5524948408779157	0.6911874951761747	0.3417632562703029	0.2934313687139503	0.31414503480952993	0.8897423862061358	0.8525594090950377	533	0.11586541298752658	2	2.500539243274745e-64	-0.07366478777969866	0	0.0	0	0.0	-0.4701791215170085	4001	True	
p[labour]*2	3	tilt=0.25	52.0	22000	CONVERGED	528	1364.214776880803	693.1471805599452	8	0.30030526831002924	0	0.2802499799619552	0.0	0.8743978418009837	0	0.0	0.0	0.36140210400907846	0.7194499363669058	0	0.3076923076923096	0.3858214447634016	0	0.4537836571966937	0.4919918174692056	0	0	0	7	0	0	7	0	0.7329415755642859	0.7913396112712875	0.30030526831002924	0.6206589001179966	0.6785406273365188	0.3003052683100293	0.8126628667641803	461	0.7444187144496147	1	2.3736302199558647e-66	-0.07366478777970022	95	0.20651270039509748	1	1e-323	-0.47017912151700886	4001	True	
p[land]*0.5	3	tilt=0.25	52.0	22000	CONVERGED	515	766.183679785592	693.1471805599452	0	0.5223901728462218	0	0.348097326229913	0.0	0.9217692494330937	0	0.0	0.0	0.42307692307692524	0.5775048391462102	0	0.30769230769230915	0.4081258053545089	0	0.46153846153846345	0.5895377858131888	0	0	0	0	0	0	0	0	1.000000000000005	1.0	0.5223901728462218	0.5223901728462218	0.5223901728462217	0.9398036836324596	1.0	533	0.19023808812736592	2	4.052648569764253e-65	-0.07366478777969902	0	0.0	0	0.0	-0.4701791215170087	4001	True	
p[land]*2	3	tilt=0.25	52.0	22000	CONVERGED	609	1276.6420362577728	693.1471805599452	82	0.28829157983032266	0	0.35716936965434004	262.1632687457872	0.38086370274718223	0	0.0	0.0	0.2383554078825799	0.4974659217861732	0	0.2007778024367072	0.34946539194703075	0	0.31172634846072633	0.5107497359262585	0	0	17	81	81	62	0	0	0.5633855095406434	0.4096714578861757	0.2936644565375464	0.2882915798303226	0.29075782922168597	0.6525278579192985	0.6754070883315738	573	0.2504181825798684	2	2.508079567573313e-63	-0.07366478777969986	0	0.0	0	0.0	-0.470179121517009	4001	True	
p[mach]*0.5	3	tilt=0.25	52.0	22000	CONVERGED	668	2241.5812675170605	693.1471805599452	82	0.2440608095959567	0	0.2196116495392072	500.2775442324213	0.9425748427583182	0	0.0	0.0	0.3212515840226545	0.6307326153773968	0	0.2845975744937824	0.43592666267469626	0	0.4450877477673274	0.582676974798756	0	0	21	82	72	56	0	0	0.7593219258717289	0.3529752649612027	0.26104247863064917	0.2440608095959567	0.2515903723493454	0.8985688941629522	0.8714801531322904	578	0.23087677704385065	2	5.012185361789076e-63	-0.07366478777969877	0	0.0	0	0.0	-0.47017912151700725	4001	True	
p[mach]*2	3	tilt=0.25	52.0	22000	CONVERGED	531	694.1020638146141	693.1471805599452	0	0.5071597945601882	0	0.48397145770561334	0.0	0.20545053770244268	0	0.0	0.0	0.30568491720173224	0.4631714322846201	0	0.22110359391846232	0.33277306123363937	0	0.27532560212123325	0.49909876180966284	0	0	0	0	0	0	0	0	0.7558453882765472	0.8050535033209727	0.5974574853509362	0.5071597945601882	0.5458588048990801	0.5974574853509361	0.5071597945601881	573	0.15237304245125732	4	1.8293225313814966e-64	-0.07366478777969866	0	0.0	0	0.0	-0.47017912151700814	4001	True	
p[services]*0.5	3	tilt=0.25	52.0	22000	CONVERGED	529	693.1471805599452	693.1471805599452	0	0.5354930303254605	0	0.47329076120896874	0.0	0.4903134498310687	0	0.0	0.0	0.2832037198753864	0.4650520627480342	0	0.20388444936761094	0.32978655276491264	0	0.44307890956256396	0.5071344938381736	0	0	0	0	0	0	0	0	0.6798863889922864	0.7769037715249579	0.5354930303254605	0.6584277078517704	0.6688022808554727	0.5996718125274814	0.8733658710764228	590	0.09710638006485045	4	4.85371255256477e-64	-0.07366478777970022	0	0.0	0	0.0	-0.4701791215170094	4001	True	
p[services]*2	3	tilt=0.25	52.0	22000	CONVERGED	503	713.2823461531775	693.1471805599452	4	0.49579542959795997	0	0.5578466851929276	0.0	0.942574842758311	0	0.0	0.0	0.3692759445628603	0.5104404830004247	0	0.2715257318245244	0.39289155878419774	0	0.40517562048580064	0.4964379713359356	0	0	0	0	4	0	0	0	0.8728340507849425	0.7795209535746306	0.7616070709585698	0.4957954295979601	0.6291956295131903	0.8824586284297044	0.8072289662623036	0	0.0	0	0.0	-0.07366478777969782	0	0.0	0	0.0	-0.4701791215170071	4001	True	
res.services.trained=0.02@dated	3	tilt=0.25	52.0	22000	CONVERGED	398	496.64022791007574	693.1471805599452	0	0.8228377422046294	0	0.7249941558915594	0.0	0.7399539160575509	0	0.0	0.0	0.3637054241830068	0.4330148174104744	0	0.2527986520026851	0.30769230769230765	0	0.45312878217992514	0.4696725871069377	0	0	0	0	0	0	0	0	0.9999999999999998	0.9822077492119657	0.8228377422046294	0.8278185157821221	0.8752720921095116	0.8228377422046295	0.9792297680378462	3999	0.5521258879320943	35	0.3914281083883287	0.0	0	0.0	0	0.0	-0.6530159409248771	4001	True	
res.services.trained=0.02@genesis	3	tilt=0.25	52.0	22000	CONVERGED	397	496.64022791007574	693.1471805599452	0	0.8230636020961908	0	0.7263183884086567	0.0	0.7399539160575502	0	0.0	0.0	0.36370542418300694	0.43353588941035365	0	0.25279865200268525	0.30769230769230765	0	0.45334171836762205	0.4695037530269655	0	0	0	0	0	0	0	0	0.9999999999999998	0.9835632106022263	0.8230636020961908	0.8338674159616787	0.883494033988075	0.8230636020961909	0.979691325235977	3999	0.5523589166879104	35	0.39142810838833036	0.0	0	0.0	0	0.0	-0.6530159409248755	4001	True	
res.services.trained=0.08@dated	3	tilt=0.25	52.0	22000	CONVERGED	512	1256.3698391827868	1256.369839182787	0	0.49999999999999994	0	0.5011310727854804	0.0	0.7386324913036805	0	0.0	0.0	0.3140852801902503	0.4261962722241713	0	0.30769230769230765	0.6165446480932121	0	0.41514394675085337	0.4647631895062576	0	0	0	0	0	0	0	0	0.7296288207821546	0.7793974883024026	0.5	0.7363356122664512	0.7259706726509976	0.5	0.8340975318060396	0	0.0	0	0.0	-1.1211129466196454	0	0.0	0	0.0	-0.47017912151700886	4001	True	
res.services.trained=0.08@genesis	3	tilt=0.25	52.0	22000	CONVERGED	513	1256.3698391827868	1256.369839182787	0	0.5000000000000001	0	0.5011310727854805	0.0	0.7399469404274464	0	0.0	0.0	0.3141729837076269	0.4262321386127949	0	0.30769230769230765	0.6165591596369193	0	0.4152793006280432	0.46479947211641087	0	0	0	0	0	0	0	0	0.7297875685572175	0.7792542686910328	0.5000000000000001	0.7358083849956671	0.7254361362677189	0.5	0.8344336814379831	0	0.0	0	0.0	-1.1211129466196468	0	0.0	0	0.0	-0.4701791215170096	4001	True	
s[goods]=0.5	3	tilt=0.25	52.0	22000	CONVERGED	602	1792.1494124984915	693.1471805599452	68	0.1666016887912599	0	0.15749417766252022	225.62589988181043	0.942574842758311	0	0.0	0.475614712250357	0.39746439150028734	0.5622674885887877	0	0.28590978626002705	0.3942132013734203	0	0.3441271042869052	0.589675697272699	0	0	7	49	65	46	6	26	0.9999999999999998	0.47867953340966646	0.3263722528146588	0.1666016887912599	0.19901902130253973	0.45037118164232776	0.19562758404803038	626	0.5784422719998847	4	1.1185865400730939e-63	-0.07366478777969866	113	0.7411457259312297	2	1e-323	-0.47017912151700814	4001	True	
s[services]=0.5	3	tilt=0.25	52.0	22000	CONVERGED	584	1617.2834367517648	693.1471805599452	52	0.19843703429618223	0	0.18109261099437707	98.72894251212357	0.942574842758311	0	0.475614712250357	0.0	0.3697644436990626	0.577167318319041	0	0.28113318860289477	0.4126150845714229	0	0.4145077108554134	0.5176188078276929	0	0	0	37	19	23	18	0	0.9837100983525396	0.5920200462342596	0.19843703429618226	0.41463643032403624	0.3392347463482169	0.19843703429618229	0.7953612150502812	615	0.7951010844639882	2	7.353160344331383e-64	-0.07366478777969997	132	0.08965550513102913	2	1e-323	-0.4701791215170085	4001	True	
sw[master]=0.5	3	tilt=0.25	52.0	22000	CONVERGED	351	609.8644741243955	693.1471805599452	0	0.5434245121669512	0	0.5434245121669511	0.0	0.9135365806800813	0	0.0	0.0	0.4082763853829613	0.4303136427164249	0	0.30596593497672786	0.3106392496893676	0	0.41473554923738987	0.4834148966022167	0	0	0	0	0	0	0	0	0.9753536844884958	0.963583311630317	0.9253761694094318	0.5434245121669512	0.9403622735656533	0.9856857647793542	0.5434245121669511	0	0.0	0	0.0	-0.07366478777969866	75	0.3952500243371661	0	1e-323	-0.47017912151700814	4001	True	
sw[trained]=0.5	3	tilt=0.25	52.0	22000	CONVERGED	451	683.7227976698905	693.1471805599452	0	0.5047344661132523	0	0.5047344661132522	0.0	0.8361816596262849	0	0.0	0.0	0.377034855614087	0.4471328046149613	0	0.2997656017560411	0.33856677711455463	0	0.4476864432987163	0.47639108080475956	0	0	0	0	0	0	0	0	0.9217156491053055	0.9042447686764611	0.5047344661132523	0.794251674614378	0.8311779417701589	0.5047344661132522	0.9683688596985331	456	0.4819188334470013	0	2.006882628847412e-66	-0.07366478777969937	0	0.0	0	0.0	-0.47017912151700797	4001	True	
tail.services=0.05@dated	3	tilt=0.25	52.0	22000	CONVERGED	370	585.4655565343056	585.4655565343057	0	0.9128996614932049	0	0.8212818620755936	0.0	0.39857841751075856	0	0.0	0.0	0.2692307692307706	0.423076923076923	0	0.30769230769230765	0.3525871623116723	0	0.45943817234646267	0.4749923561286683	0	0	0	0	0	0	0	0	1.0000000000000049	0.9964860808459249	0.9880070447772821	0.912899661493205	0.9974787942287291	1.0	0.9864505931902552	0	0.0	0	0.0	-0.6070015874038388	0	0.0	0	0.0	-1.003515921141148	4001	True	
tail.services=0.05@genesis	3	tilt=0.25	52.0	22000	CONVERGED	370	585.4655565343056	585.4655565343057	0	0.9128996614932049	0	0.8212818620755936	0.0	0.3985784175107577	0	0.0	0.0	0.2692307692307702	0.423076923076923	0	0.30769230769230765	0.35258716231167236	0	0.4594381723464627	0.4749923561286682	0	0	0	0	0	0	0	0	1.0000000000000036	0.9964860808459249	0.9880070447772822	0.912899661493205	0.9974787942287291	1.0	0.986450593190256	0	0.0	0	0.0	-0.6070015874038382	0	0.0	0	0.0	-1.0035159211411457	4001	True	
tail.services=0.2@dated	3	tilt=0.25	52.0	22000	CONVERGED	689	838.0716177757946	799.2031953104855	12	0.4456674275813286	0	0.42598080111123127	61.15193150448396	0.942574842758311	0	0.0	0.0	0.38844503811085423	0.6706373689363021	0	0.2803482172132393	0.44579457869474903	0	0.4238274668316271	0.5019992422011282	0	0	0	11	0	0	8	0	0.5789473684210525	0.6692749599399914	0.4456674275813286	0.5992671850720666	0.5853350154598248	0.4456674275813286	0.7130271745887307	3999	0.5218842207614746	44	0.28608793431239327	0.0	3938	0.2696464004065372	16	0.04967163795420109	0.0	4001	True	
tail.services=0.2@genesis	3	tilt=0.25	52.0	22000	CONVERGED	699	839.9909173633762	799.2031953104855	16	0.4443376084811662	0	0.4232065171337446	70.68870183913138	0.942574842758311	0	0.0	0.0	0.3885510991371015	0.6727184529345386	0	0.2807411811123248	0.44694506797286493	0	0.41863245713801117	0.5041662551536283	0	0	0	15	0	0	8	0	0.5789473684210525	0.6583418861726715	0.4443376084811662	0.5793477457564107	0.572409897748186	0.4443376084811662	0.7176667354680095	3999	0.5241580203818061	40	0.28608793431239377	-1.1102230246251565e-16	3939	0.2667477106277364	18	0.04967163795419965	0.0	4001	True	
x*/2	3	tilt=0.25	52.0	22000	CONVERGED	677	2887.3413267189317	693.1471805599452	98	0.08743205213294812	0	0.07160418837976351	794.4118522943401	0.942574842758311	0	0.475614712250357	0.475614712250357	0.3312233989590201	0.6821166189404169	0	0.2456532086610206	0.4587294582684976	0	0.3236240363637183	0.5863216667917063	0	0	28	97	97	69	33	25	0.8596080370677899	0.27869258392512425	0.08743205213294813	0.12254667504395847	0.05572416819864685	0.08743205213294813	0.15052870521006165	678	0.9169756523042545	6	7.49242902882717e-63	-0.07366478777969818	163	0.8013038921469643	2	1e-323	-0.47017912151700764	4001	True	
JA(0.5)	3	tilt=0.5	52.0	22000	CONVERGED	649	2315.3540094149603	693.1471805599452	108	0.1531792449967135	0	0.08370480357696972	615.008422105478	0.7349834964453384	0	0.0	0.0	0.26079934591148796	0.6120398135014479	0	0.20758904782491522	0.41581113909250267	0	0.32566710380514463	0.5623159146009976	0	0	21	106	106	82	0	0	0.6164348176089715	0.34797613267235766	0.15317924499671354	0.15788264675415348	0.15586690314382207	0.6746644054309745	0.7056120582444801	588	0.30897348120974427	2	8.730187798236884e-63	-0.07366478777970022	0	0.0	0	0.0	-0.47017912151700814	4001	True	
JA(2)	3	tilt=0.5	52.0	22000	CONVERGED	482	754.911221055337	693.1471805599452	1	0.5355761648273488	0	0.7657064368570022	2.0320253288693504	0.719225021957747	0	0.0	0.0	0.42307692307692624	0.5775048391462102	0	0.30036542885636797	0.4081258053545089	0	0.4333308202962011	0.5895377858131888	0	0	0	0	0	1	0	0	0.6959773099506897	0.7955183955685499	0.5414799093925813	0.5355761648273488	0.4999999999999999	0.5	0.5	552	0.10323168998285483	2	9.347216266912878e-65	-0.07366478777970022	0	0.0	0	0.0	-0.4701791215170096	4001	True	
JB(0.5)	3	tilt=0.5	52.0	22000	CONVERGED	594	1541.1846036805414	693.1471805599452	78	0.2141272951447973	0	0.1463551736874472	159.07556295588893	-0.4437195183615795	13	0.09658200811936517	0.09658200811936517	0.22595895522159848	0.5085738367378672	0	0.17937025152017047	0.3551721853077955	0	0.21158662367087513	0.5102743705277487	0	0	0	77	77	63	24	48	0.5951535141475438	0.5193409618398213	0.21412729514479728	0.23065528028226853	0.3158164016059521	0.2141272951447973	0.23065528028226856	641	0.6814521180011601	4	1.9909891965121635e-63	-0.0736647877796995	153	0.5249382544221781	2	1e-323	-0.4701791215170087	4001	True	
JB(2)	3	tilt=0.5	52.0	22000	CONVERGED	625	1988.7660653435148	693.1471805599452	61	0.37435801578106925	0	0.28701331601161	373.6908375001406	0.942574842758318	0	0.0	0.0	0.4230769230769256	0.6492045905152651	0	0.3076923076923094	0.44953312646174615	0	0.46153846153846406	0.6605718076852317	0	0	3	61	42	33	0	0	0.9189578533532426	0.49337177093401213	0.4152440835699451	0.37435801578106914	0.392281861961677	1.000000000000005	1.0000000000000053	550	0.07972705708982371	2	1.4899282380314213e-63	-0.07366478777969986	0	0.0	0	0.0	-0.4701791215170103	4001	True	
N(0.5)	3	tilt=0.5	52.0	22000	CONVERGED	569	1230.454294315328	0.0	16	0.4698379930485256	0	0.25822891127181025	33.67910155217187	0.942574842758311	0	0.0	0.0	0.39689438017379763	0.5873230057299618	0	0.29543171721548583	0.4183985988530604	0	0.46153846153846145	0.6345867917957732	0	0	0	16	0	0	0	0	0.9381139895017034	0.7591691074148137	0.46983799304852564	0.5431957491031564	0.5225223156950793	0.960153080950329	1.0	522	0.04760108170219493	2	5.218452537472723e-64	-0.07366478777970009	0	0.0	0	0.0	-0.47017912151700975	4001	True	
N(2)	3	tilt=0.5	52.0	22000	CONVERGED	472	815.3414734238138	0.0	4	0.44248820359856517	0	0.9779929774135535	21.104727714196954	0.43093320324316314	0	0.0	0.0	0.3138934790004975	0.43512389027215886	0	0.22408462789017175	0.31368653877713504	0	0.32590768447409735	0.4703348800508641	0	0	4	4	4	1	0	0	0.5	0.45576015661428093	0.4424882035985652	0.4424882035985652	0.4999999999999999	0.5	0.5	564	0.043521623346098375	2	3.634568641904324e-64	-0.07366478777970033	0	0.0	0	0.0	-0.47017912151700925	4001	True	
RC(0.5)	3	tilt=0.5	52.0	22000	CONVERGED	514	695.6626150342167	693.1471805599452	0	0.5631826397956031	0	0.5786794187707371	0.0	0.5661191628174183	0	0.0	0.0	0.2984424447533338	0.4715571628642935	0	0.22056158019044486	0.33874349317221986	0	0.4389407522759111	0.6104728762554965	0	0	0	0	0	0	0	0	0.7266515383535397	0.8376868200361749	0.5631826397956032	0.7408609793079415	0.7323734563430715	0.57205751427129	0.9510382965978076	556	0.19632835855794195	2	1.1007599616470852e-64	-0.07366478777970009	0	0.0	0	0.0	-0.47017912151700836	4001	True	
RC(2)	3	tilt=0.5	52.0	22000	CONVERGED	478	1069.4240107061862	693.1471805599452	31	0.3432061435622344	0	0.39718811385909586	0.0	0.942574842758311	0	0.0	0.0	0.39277868389559206	0.5157724200590382	0	0.2874075462925793	0.42295003393673625	0	0.35997602180086957	0.5388401942696287	0	0	0	0	31	0	0	16	0.9283859801168539	0.8500198134115429	0.8495862926327585	0.3432061435622344	0.5767077210655227	0.9340745254508829	0.3834263902813131	0	0.0	0	0.0	-0.07366478777970033	108	0.5444540198280458	2	1e-323	-0.47017912151701013	4001	True	
RW(0.5)	3	tilt=0.5	52.0	22000	CONVERGED	542	945.4682529316543	693.1471805599452	23	0.38849761315765236	0	0.3730982338841341	28.75114662025071	0.24942766219836576	0	0.0	0.0	0.2337478172945028	0.48877981773553525	0	0.29848517757727067	0.49676221709121393	0	0.4189303651807865	0.6973849643868872	0	0	0	1	22	4	0	0	0.5524948408779157	0.6907696255916382	0.490691387212081	0.38849761315765236	0.43229494489526454	0.907034627539718	0.70268173715065	533	0.10795533736811129	2	3.010797713476004e-64	-0.07366478777969986	0	0.0	0	0.0	-0.4701791215170099	4001	True	
RW(2)	3	tilt=0.5	52.0	22000	CONVERGED	564	3674.477530175355	693.1471805599452	35	0.0253626532826593	0	0.021673253637648483	102.1170510148946	0.7680765885846373	0	0.0	0.0	0.28758785710568424	0.7194499363669058	0	0.2731915660240546	0.4023729592483106	0	0.371674461202571	0.5471249805845199	0	0	0	32	29	19	13	10	0.6142514363639201	0.599047963809148	0.0253626532826593	0.13937408235005314	0.45108475879341126	0.0253626532826593	0.13937408235005314	607	0.9736000004537427	3	5.138441160069349e-64	-0.07366478777969973	75	0.8374139979049954	1	1e-323	-0.47017912151700925	4001	True	
land.mach=0.2@dated	3	tilt=0.5	52.0	22000	CONVERGED	539	1079.5293584793803	594.5948731742905	2	0.33975539101621416	0	0.38176134709010584	0.0	0.942574842758311	0	0.0	0.0	0.423076923076923	0.5376780015503273	0	0.30104886260682706	0.38552957128171744	0	0.4561761943036231	0.5501485142462668	0	0	0	1	1	1	0	0	0.8846153846153845	0.9467789677321224	0.33975539101621416	0.3397553910162141	0.3397553910162141	0.721640315109277	0.8734632609403643	452	0.20209408851428806	2	7.320761144072999e-78	-0.08849466746738964	0	0.0	0	0.0	-0.5104320585812611	4001	True	
land.mach=0.2@genesis	3	tilt=0.5	52.0	22000	CONVERGED	539	1079.5293584793792	594.5948731742905	2	0.3397553910162146	0	0.3817613470901064	0.0	0.942574842758311	0	0.0	0.0	0.423076923076923	0.5375325767867479	0	0.3011834235331718	0.38555317500891984	0	0.45641740612220144	0.5500989343418703	0	0	0	1	1	1	0	0	0.8846153846153845	0.9472643242098746	0.3397553910162146	0.3397553910162146	0.3397553910162145	0.7230812571979545	0.8748000284008861	451	0.20098050445852722	2	7.23118846146459e-78	-0.08849466746738964	0	0.0	0	0.0	-0.5104320585812604	4001	True	
land.mach=0.8@dated	3	tilt=0.5	52.0	22000	CONVERGED	497	2077.7964051000345	642.3610059345988	90	0.21629051856543174	0	0.1889016606275568	639.1603740207981	0.21636355006780092	0	0.0	0.0	0.24049051354675402	0.4422362744202138	0	0.2161539529954745	0.31955849396934827	0	0.34172550395797807	0.4622975075624835	0	0	18	89	89	67	0	0	0.6996087666814661	0.4002847205799981	0.21629051856543174	0.2290659863788524	0.22359078588738637	0.7795294096667453	0.7481090321553027	743	0.2635586470960754	2	3.503126119913249e-46	-0.052829728824177205	0	0.0	0	0.0	-0.413906836557059	4001	True	
land.mach=0.8@genesis	3	tilt=0.5	52.0	22000	CONVERGED	497	2065.3207786933294	642.3610059345988	89	0.2184889957404511	0	0.1905853740839765	629.8075680593219	0.21636355006780023	0	0.0	0.0	0.2414930045130696	0.44170063086121225	0	0.2169426073935696	0.3193162348197158	0	0.34274891670338764	0.4622975075624835	0	0	18	88	88	66	0	0	0.7025251040380206	0.40248133768377947	0.21848899574045114	0.23140920827863776	0.2258719743337006	0.7811808119540443	0.7499457490783566	742	0.26123695859704377	2	3.504860452842545e-46	-0.05282972882417767	0	0.0	0	0.0	-0.41390683655705984	4001	True	
p[goods]*0.5	3	tilt=0.5	52.0	22000	CONVERGED	471	693.1471805599452	693.1471805599452	0	0.5308070455677674	0	0.48280307299177894	0.0	0.858874136800922	0	0.0	0.0	0.40797619017646336	0.45434702053829223	0	0.3016876420675164	0.3367846509584629	0	0.31622728537631795	0.48854367471041854	0	0	0	0	0	0	0	0	0.9822547763963956	0.841542008362002	0.8033273618425506	0.5308070455677674	0.7448959770196323	0.9170944466510078	0.5308070455677674	0	0.0	0	0.0	-0.07366478777970045	106	0.24295220043618773	2	1e-323	-0.47017912151700925	4001	True	
p[goods]*2	3	tilt=0.5	52.0	22000	CONVERGED	418	693.1471805599452	693.1471805599452	0	0.6677915594817327	0	0.6462214731410924	0.0	0.8920303779756583	0	0.0	0.0	0.3720173003208804	0.4445331898894611	0	0.2733849777060199	0.32298369527802695	0	0.41604636336605416	0.5770315948563861	0	0	0	0	0	0	0	0	0.8793136189402627	0.8446972991552609	0.6677915594817327	0.7942934000816626	0.8661529392867934	0.8519320701022307	0.9014337872931175	493	0.038874924407073484	2	1.6753978783659348e-65	-0.07366478777969973	0	0.0	0	0.0	-0.470179121517009	4001	True	
p[labour.master]*0.5	3	tilt=0.5	52.0	22000	CONVERGED	401	693.1471805599452	693.1471805599452	0	0.52721066617983	0	0.43602214570893644	0.0	0.9016418023837244	0	0.0	0.0	0.3981009782477075	0.43490269702205275	0	0.2994850671598145	0.31262557841668226	0	0.2878847912266559	0.5043073059172484	0	0	0	0	0	0	0	0	0.9606050910082432	0.9251401176441026	0.8684312140681888	0.52721066617983	0.9309828368018737	0.948839820105308	0.52721066617983	0	0.0	0	0.0	-0.07366478777970009	81	0.23623922812955922	1	1e-323	-0.4701791215170099	4001	True	
p[labour.master]*2	3	tilt=0.5	52.0	22000	CONVERGED	411	693.1471805599452	693.1471805599452	0	0.7026817371506501	0	0.6998259115198299	0.0	0.9083658608674505	0	0.0	0.0	0.41153884806396973	0.4381652763189356	0	0.3058693086041603	0.3135443997622997	0	0.4615384615384641	0.6973849643868872	0	0	0	0	0	0	0	0	0.9727281863330193	0.9365894017602692	0.8639492292281946	0.7026817371506501	0.8301038498003713	0.991148392377606	0.70268173715065	0	0.0	0	0.0	-0.07366478777969986	0	0.0	0	0.0	-0.47017912151700925	4001	True	
p[labour.trained]*0.5	3	tilt=0.5	52.0	22000	CONVERGED	537	1597.8661322139612	693.1471805599452	26	0.20232779845460863	0	0.18954067697781857	12.596931541895295	0.7079598864149774	0	0.0	0.0	0.31326749278160143	0.502779782625151	0	0.21012813554074483	0.38849067527856035	0	0.41812250210287194	0.5007582996980474	0	0	0	11	14	0	11	0	0.789732449187007	0.7420087471142315	0.20232779845460863	0.469716386690022	0.5484695426003838	0.20232779845460866	0.905932087889556	589	0.7619723791332833	3	2.696721048937142e-64	-0.07366478777970033	0	0.0	0	0.0	-0.47017912151701013	4001	True	
p[labour.trained]*2	3	tilt=0.5	52.0	22000	CONVERGED	434	693.1471805599452	693.1471805599452	0	0.7734916154915497	0	0.7723509995511066	0.0	0.8815686127555885	0	0.0	0.0	0.3935921688076967	0.4442061146904555	0	0.3076923076923092	0.49676221709121393	0	0.4566145401135337	0.47259564526935904	0	0	0	0	0	0	0	0	0.8352666294483998	0.9252330805399194	0.7734916154915497	0.8405616985318097	0.8605251857910594	0.7734916154915497	0.9870297799253436	0	0.0	0	0.0	-0.07366478777969997	0	0.0	0	0.0	-0.4701791215170099	4001	True	
p[labour]*0.5	3	tilt=0.5	52.0	22000	CONVERGED	529	1293.0308944303142	693.1471805599452	18	0.2744377294929355	0	0.26935018394263016	16.181606028079727	0.24942766219836576	0	0.0	0.0	0.2337478172945028	0.4819236824655	0	0.28926438571543556	0.3458883715175292	0	0.40224198905237746	0.49881286927076834	0	0	0	8	17	13	0	0	0.5524948408779157	0.719337841605895	0.3300080373277004	0.2744377294929355	0.29825357570783473	0.9047182933348601	0.8715243096134847	531	0.10596071747232927	2	2.3570879185230497e-64	-0.07366478777969997	0	0.0	0	0.0	-0.47017912151700886	4001	True	
p[labour]*2	3	tilt=0.5	52.0	22000	CONVERGED	485	1380.312480433063	693.1471805599452	8	0.2942726200580418	0	0.2743647365295749	0.0	0.8890889443860932	0	0.0	0.0	0.36801722148729876	0.7194499363669058	0	0.3076923076923102	0.3846254195347888	0	0.45779969845681767	0.48863214217081585	0	0	0	7	0	0	7	0	0.7365337201651744	0.8197374304530485	0.2942726200580418	0.6386478608870463	0.6937447141781763	0.29427262005804183	0.815919692819398	449	0.7485000480341615	1	1.5675319809125093e-66	-0.07366478777970022	94	0.20287484352042323	1	1e-323	-0.4701791215170094	4001	True	
p[land]*0.5	3	tilt=0.5	52.0	22000	CONVERGED	504	956.9270363870469	693.1471805599452	2	0.3840713115835468	0	0.2550646443715799	0.0	0.929112262064652	0	0.0	0.0	0.4230769230769262	0.5775048391462102	0	0.3076923076923097	0.40907892567212034	0	0.4615384615384638	0.5895377858131888	0	0	0	1	1	1	0	0	1.0000000000000064	1.0	0.38407131158354685	0.38407131158354685	0.38407131158354685	0.9176290837932679	1.0	532	0.21960035967894523	2	3.7631719641066773e-65	-0.07366478777969962	0	0.0	0	0.0	-0.47017912151700725	4001	True	
p[land]*2	3	tilt=0.5	52.0	22000	CONVERGED	589	1196.7271694565527	693.1471805599452	75	0.3097285319839291	0	0.34189072715060254	208.7975744521669	0.437357034420981	0	0.0	0.0	0.25057699263608224	0.48850948591104115	0	0.20758904782491522	0.3440826475340204	0	0.32566710380514463	0.5009409456011777	0	0	9	74	74	59	0	0	0.5922728916852853	0.46533089597387817	0.309728531983929	0.3129686971729749	0.311580054949098	0.6746644054309745	0.7056120582444801	568	0.21493173103649243	2	1.888597568906302e-63	-0.07366478777970069	0	0.0	0	0.0	-0.47017912151700747	4001	True	
p[mach]*0.5	3	tilt=0.5	52.0	22000	CONVERGED	634	2221.939768388397	693.1471805599452	88	0.2626983707719629	0	0.21860329673071088	488.14139347949794	0.942574842758318	0	0.0	0.0	0.34214792340482836	0.6289966263024547	0	0.3004791192607406	0.4401274753099806	0	0.46153846153846145	0.5881422181246794	0	0	16	88	67	55	0	0	0.8087132735023216	0.40242164502010686	0.2807474139962905	0.2626983707719629	0.270605184890737	0.9318771083456989	0.91474815555885	575	0.19857064817237863	2	4.1993158844280946e-63	-0.07366478777969997	0	0.0	0	0.0	-0.4701791215170094	4001	True	
p[mach]*2	3	tilt=0.5	52.0	22000	CONVERGED	492	810.4682238564519	693.1471805599452	8	0.44464982181990387	0	0.44571840091758147	0.0	0.21612200193368042	0	0.0	0.0	0.3093681495915787	0.4586908984004344	0	0.22451739850517735	0.32967332658184084	0	0.2811369299813569	0.4940470912489138	0	0	0	0	7	1	0	7	0.761258647651256	0.835884265674353	0.5408184280338015	0.44464982181990387	0.48586493876871695	0.5408184280338015	0.4446498218199038	573	0.16557507326573595	4	1.7154718683609926e-64	-0.07366478777970022	0	0.0	0	0.0	-0.47017912151700814	4001	True	
p[services]*0.5	3	tilt=0.5	52.0	22000	CONVERGED	507	693.1471805599452	693.1471805599452	0	0.563789526346434	0	0.4948484395357559	0.0	0.5313210280250328	0	0.0	0.0	0.2961201988148035	0.4618039103331188	0	0.2121494088839301	0.32978655276491264	0	0.4525821017361033	0.5055658323336245	0	0	0	0	0	0	0	0	0.7155537308791519	0.8144977942888143	0.563789526346434	0.7035409192850198	0.6999022123664527	0.6409268114454281	0.901751766597794	562	0.07228962422591027	2	1.6110030418831093e-64	-0.0736647877796989	0	0.0	0	0.0	-0.47017912151700886	4001	True	
p[services]*2	3	tilt=0.5	52.0	22000	CONVERGED	471	788.803172618742	693.1471805599452	12	0.4543882943325882	0	0.47938430747544225	0.0	0.942574842758311	0	0.0	0.0	0.3692759445628603	0.5158933136203333	0	0.2715257318245244	0.39866899622338425	0	0.4063579458542414	0.4945316930476852	0	0	0	0	12	0	0	0	0.8728340507849425	0.787083265049122	0.6987143731957096	0.4543882943325882	0.5675868007277906	0.8824586284297044	0.8293821125058787	0	0.0	0	0.0	-0.07366478777970081	0	0.0	0	0.0	-0.47017912151700814	4001	True	
res.services.trained=0.02@dated	3	tilt=0.5	52.0	22000	CONVERGED	385	496.64022791007574	693.1471805599452	0	0.7980138305688766	0	0.7244547628097928	0.0	0.7399539160575526	0	0.0	0.0	0.36370542418300766	0.4346922201104232	0	0.25279865200268564	0.30769230769230765	0	0.4544777978448199	0.4699835558754052	0	0	0	0	0	0	0	0	0.9999999999999998	0.9879321469120876	0.8295046469898543	0.7980138305688765	0.8521446356950727	0.8295046469898543	0.9827694691767247	3999	0.5505315214113194	37	0.39142810838833	0.0	0	0.0	0	0.0	-0.6530159409248774	4001	True	
res.services.trained=0.02@genesis	3	tilt=0.5	52.0	22000	CONVERGED	384	496.64022791007574	693.1471805599452	0	0.8087423436346758	0	0.7260795496282505	0.0	0.7399539160575505	0	0.0	0.0	0.363705424183007	0.4353283606379653	0	0.25279865200268514	0.30769230769230765	0	0.4546797855066059	0.4698672898824875	0	0	0	0	0	0	0	0	0.9999999999999998	0.9895845182743788	0.8295951694840563	0.8087423436346758	0.8644355313841732	0.8295951694840563	0.983087575237533	3999	0.5508406391686201	37	0.39142810838833053	0.0	0	0.0	0	0.0	-0.6530159409248762	4001	True	
res.services.trained=0.08@dated	3	tilt=0.5	52.0	22000	CONVERGED	451	1256.3698391827868	1256.369839182787	0	0.5000000000000001	0	0.5013228447413008	0.0	0.7471922134262325	0	0.0	0.0	0.3184107831548458	0.4247075699049016	0	0.30769230769230765	0.6158952595449797	0	0.4196003479714233	0.46305232235896904	0	0	0	0	0	0	0	0	0.7410450145269445	0.799145238845829	0.5	0.7551824585785425	0.7397303009010696	0.5	0.8478527273729096	0	0.0	0	0.0	-1.1211129466196466	0	0.0	0	0.0	-0.470179121517009	4001	True	
res.services.trained=0.08@genesis	3	tilt=0.5	52.0	22000	CONVERGED	452	1256.3698391827868	1256.369839182787	0	0.5000000000000002	0	0.501322844741301	0.0	0.7486520712511051	0	0.0	0.0	0.3185078777344521	0.4247310574654488	0	0.30769230769230765	0.6159028538721942	0	0.4197443991404434	0.46307252653034486	0	0	0	0	0	0	0	0	0.7412166912616914	0.799015833963882	0.5000000000000001	0.7546279631811575	0.7391308670066012	0.5	0.8481395283396908	0	0.0	0	0.0	-1.1211129466196461	0	0.0	0	0.0	-0.4701791215170087	4001	True	
s[goods]=0.5	3	tilt=0.5	52.0	22000	CONVERGED	589	1837.6297136136302	693.1471805599452	64	0.15919431538124335	0	0.16023591360771003	210.08389119263444	0.942574842758311	0	0.0	0.475614712250357	0.4080402519139091	0.5685654917200158	0	0.29159524358952227	0.39569149182097524	0	0.3433862643763493	0.6084319236150005	0	0	0	42	58	39	4	25	0.9999999999999998	0.5268490402794265	0.30953866839711025	0.15919431538124335	0.2545319912729417	0.48209117685053554	0.1840122345141258	621	0.5469368457539934	4	9.579677239647651e-64	-0.07366478777969997	108	0.7588084482213651	2	1e-323	-0.47017912151700975	4001	True	
s[services]=0.5	3	tilt=0.5	52.0	22000	CONVERGED	575	1639.404259416175	693.1471805599452	53	0.19409563850379555	0	0.17726243951666965	103.12676118225194	0.942574842758311	0	0.475614712250357	0.0	0.3791393212313029	0.5868446213196712	0	0.2768192404449442	0.41852824186897586	0	0.41032091675606036	0.5161457563582927	0	0	0	36	23	25	20	0	0.9999999999999998	0.6128887303535372	0.19409563850379555	0.3978433062815626	0.41667542453156187	0.19409563850379555	0.8266650410138572	614	0.7989584034874649	4	7.115551579455073e-64	-0.07366478777969962	135	0.054285704146512424	2	1e-323	-0.47017912151701047	4001	True	
sw[master]=0.5	3	tilt=0.5	52.0	22000	CONVERGED	341	609.8644741243955	693.1471805599452	0	0.5434245121669512	0	0.5434245121669511	0.0	0.9137916405523321	0	0.0	0.0	0.40843684094267235	0.4297809466771064	0	0.3062099800202145	0.31029940019708047	0	0.41473554923738987	0.48321030962372324	0	0	0	0	0	0	0	0	0.9762210139863668	0.9688734783065194	0.9274406089821824	0.5434245121669512	0.9422429940009099	0.9899712757272204	0.5434245121669511	0	0.0	0	0.0	-0.0736647877796989	75	0.3952500243371661	0	1e-323	-0.47017912151700814	4001	True	
sw[trained]=0.5	3	tilt=0.5	52.0	22000	CONVERGED	438	683.7227976698905	693.1471805599452	0	0.5047344661132523	0	0.5047344661132522	0.0	0.8409075293342251	0	0.0	0.0	0.3791140026025176	0.44694818793057317	0	0.2997656017560411	0.3404348433283836	0	0.45062051080436966	0.47422879966801357	0	0	0	0	0	0	0	0	0.9282975809263252	0.916953444758905	0.5047344661132523	0.8064245262023376	0.8387498547360954	0.5047344661132522	0.9763444400761344	452	0.4819188334470013	0	1.7269269464142406e-66	-0.07366478777969997	0	0.0	0	0.0	-0.4701791215170096	4001	True	
tail.services=0.05@dated	3	tilt=0.5	52.0	22000	CONVERGED	359	585.4655565343056	585.4655565343057	0	0.8977597601068643	0	0.7908937187991503	0.0	0.3985784175107591	0	0.0	0.0	0.2692307692307707	0.423076923076923	0	0.30769230769230765	0.3535841290940042	0	0.4597412215903041	0.47495937132762794	0	0	0	0	0	0	0	0	1.0000000000000056	0.9978105926586073	0.9926699513664731	0.8977597601068643	0.9979450014032551	1.0	0.9896870018162339	0	0.0	0	0.0	-0.6070015874038378	0	0.0	0	0.0	-1.0035159211411473	4001	True	
tail.services=0.05@genesis	3	tilt=0.5	52.0	22000	CONVERGED	359	585.4655565343056	585.4655565343057	0	0.8977597601068643	0	0.7908937187991503	0.0	0.3985784175107591	0	0.0	0.0	0.2692307692307707	0.423076923076923	0	0.30769230769230765	0.3535841290940042	0	0.4597412215903041	0.47495937132762794	0	0	0	0	0	0	0	0	1.0000000000000056	0.9978105926586073	0.9926699513664731	0.8977597601068643	0.9979450014032551	1.0	0.9896870018162339	0	0.0	0	0.0	-0.6070015874038378	0	0.0	0	0.0	-1.0035159211411473	4001	True	
tail.services=0.2@dated	3	tilt=0.5	52.0	22000	CONVERGED	678	853.1605239422873	799.2031953104855	12	0.44200551031418744	0	0.42208054153397984	62.94331204089611	0.942574842758311	0	0.0	0.0	0.39364434773909107	0.6697006637413546	0	0.2777461403031261	0.44508522677309686	0	0.4233860977786998	0.5006734324587301	0	0	0	11	0	0	8	0	0.5789473684210525	0.6833064255133632	0.44200551031418744	0.5951549346190159	0.5703078611240154	0.44200551031418744	0.7412440696108958	3999	0.5254288579219529	44	0.28608793431239354	-1.1102230246251565e-16	3938	0.24504967047318635	20	0.049671637954198315	0.0	4001	True	
tail.services=0.2@genesis	3	tilt=0.5	52.0	22000	CONVERGED	685	854.3751246337367	799.2031953104855	15	0.4412152076166661	0	0.42039231807377214	70.48257572123319	0.942574842758311	0	0.0	0.0	0.3937821182935004	0.671355986425482	0	0.27802140292856853	0.44605584544355203	0	0.420296075172912	0.5023062395752651	0	0	0	14	0	0	8	0	0.5789473684210525	0.6754956364220461	0.4412152076166661	0.581075434621326	0.5611042815367215	0.44121520761666616	0.7435639303323426	3999	0.526752301530672	44	0.2860879343123929	0.0	3938	0.24461204629310151	20	0.04967163795420021	0.0	4001	True	
x*/2	3	tilt=0.5	52.0	22000	CONVERGED	669	2777.9692737414534	693.1471805599452	97	0.08188655145876089	0	0.0678374166165783	861.5673911131639	0.942574842758311	0	0.475614712250357	0.475614712250357	0.34478696117227225	0.6930577855327734	0	0.25411025605225634	0.4696258236346504	0	0.3414046950440438	0.5917099979856859	0	0	26	96	96	69	34	25	0.8949401479877677	0.3108496826161592	0.08188655145876089	0.1184827750731431	0.11542213829146142	0.0818865514587609	0.14703023901662152	680	0.9200449390120157	6	7.899138788076744e-63	-0.0736647877796995	154	0.8058949793637726	2	1e-323	-0.47017912151700925	4001	True	
JA(0.5)	3	tilt=1	52.0	22000	CONVERGED	618	2190.6531424906557	693.1471805599452	97	0.12490568168633776	0	0.06963896579338623	520.0077055066927	0.8401151725213614	0	0.0	0.0	0.2766677722517763	0.6046490819896926	0	0.20758904782491522	0.4254508854522602	0	0.32566710380514463	0.5830796780194947	0	0	10	95	95	79	0	0	0.6539420071405622	0.4554609432242239	0.12490568168633773	0.12961784944832147	0.12759834897889982	0.6746644054309745	0.7056120582444801	579	0.23944585188091502	2	5.921144135860934e-63	-0.0736647877796995	0	0.0	0	0.0	-0.470179121517009	4001	True	
JA(2)	3	tilt=1	52.0	22000	CONVERGED	456	741.4288032642646	693.1471805599452	1	0.5356849021102038	0	0.7404673014905553	0.0	0.7768073972260441	0	0.0	0.0	0.42307692307692574	0.5775048391462102	0	0.3076923076923095	0.4081258053545089	0	0.45057179775969286	0.5895377858131888	0	0	0	0	0	1	0	0	0.8031163090507712	0.852252176704072	0.5418102406324694	0.5356849021102038	0.4999999999999999	0.5	0.5	549	0.09767837350063288	2	7.452018065044366e-65	-0.07366478777969997	0	0.0	0	0.0	-0.47017912151700886	4001	True	
JB(0.5)	3	tilt=1	52.0	22000	CONVERGED	544	1861.578713391219	693.1471805599452	68	0.15542706179399043	0	0.12311492856375342	102.66705792134388	-0.4437195183615795	13	0.10049179403654097	0.10049179403654097	0.24253305258593613	0.500535262478855	0	0.17919105173756628	0.35295112569208476	0	0.21610890626923004	0.5008989230150506	0	0	0	67	64	57	25	40	0.6516713010432277	0.6225137481928307	0.18569341005203763	0.15542706179399043	0.24852308066684878	0.18569341005203763	0.2080670793090104	633	0.7142833621714288	4	1.4244341769758965e-63	-0.07366478777970033	150	0.5644079974495606	2	1e-323	-0.4701791215170085	4001	True	
JB(2)	3	tilt=1	52.0	22000	CONVERGED	595	2197.9359311929793	693.1471805599452	63	0.3029638834279297	0	0.23459706976426767	491.810857063007	0.9425748427583176	0	0.0	0.0	0.4230769230769255	0.6763647704309478	0	0.3076923076923094	0.46223863525716513	0	0.46153846153846395	0.6887396528595213	0	0	0	62	44	48	0	0	0.984295648026274	0.5115289577542269	0.3029638834279297	0.3442508965800988	0.3667870304541853	1.0000000000000053	1.0000000000000053	550	0.05597635424645833	2	1.5065399274673272e-63	-0.07366478777970022	0	0.0	0	0.0	-0.47017912151701013	4001	True	
N(0.5)	3	tilt=1	52.0	22000	CONVERGED	545	1222.0348612318842	0.0	17	0.47171393140869183	0	0.25748178297714014	22.79346152425458	0.942574842758311	0	0.0	0.0	0.4188046769850199	0.5919258232742066	0	0.30769230769230765	0.4288713008982859	0	0.46153846153846145	0.6507232826939346	0	0	0	17	0	0	0	0	0.9899019637827742	0.8322763281146962	0.47171393140869183	0.5463141634772221	0.5246199545947076	1.0	1.0	513	0.027127260240499232	2	4.125885804234781e-64	-0.07366478777969986	0	0.0	0	0.0	-0.4701791215170094	4001	True	
N(2)	3	tilt=1	52.0	22000	CONVERGED	448	815.3414734238138	0.0	4	0.44248820359856517	0	0.9742406593986469	16.43013423729119	0.46419567859042626	0	0.0	0.0	0.3195439475988439	0.4314805791803966	0	0.22740202598002154	0.31121607374729054	0	0.3322432699951538	0.4666317547116068	0	0	4	4	4	1	0	0	0.5	0.45576015661428093	0.4424882035985652	0.4424882035985652	0.4999999999999999	0.5	0.5	565	0.037893648501805904	2	3.443962159456252e-64	-0.07366478777970022	0	0.0	0	0.0	-0.4701791215170087	4001	True	
RC(0.5)	3	tilt=1	52.0	22000	CONVERGED	451	937.0508432605856	693.1471805599452	8	0.3945511591972282	0	0.4402647264467035	0.0	0.6135270651155003	0	0.0	0.0	0.3135956485614657	0.455557743730856	0	0.22586477662255264	0.324024925692448	0	0.4389407522759111	0.6143033983226857	0	0	0	8	0	0	0	0	0.6454526519885166	0.9088752908057345	0.3945511591972282	0.8576897626036931	0.826679865437001	0.5124973964842103	0.9510382965978076	537	0.19619176937038701	2	4.88780625523948e-65	-0.07366478777970033	0	0.0	0	0.0	-0.47017912151700886	4001	True	
RC(2)	3	tilt=1	52.0	22000	CONVERGED	445	1605.1036615543067	693.1471805599452	24	0.20086873146604006	0	0.227481371503695	0.0	0.942574842758311	0	0.0	0.0	0.39277868389559206	0.5199137996337285	0	0.2874075462925793	0.431042240323656	0	0.351294232281209	0.511961500633599	0	0	0	0	24	5	0	12	0.9283859801168539	0.8697263617429197	0.7209182606131208	0.20086873146604006	0.4237471011005032	0.9340745254508829	0.34615201002689816	0	0.0	0	0.0	-0.07366478777969973	115	0.5950397875931981	2	1e-323	-0.47017912151700925	4001	True	
RW(0.5)	3	tilt=1	52.0	22000	CONVERGED	501	959.2840090060662	693.1471805599452	23	0.3843908169074689	0	0.3691945887810657	22.930150276901315	0.24942766219836576	0	0.0	0.0	0.2337478172945028	0.49685281449775875	0	0.3076923076923101	0.49676221709121393	0	0.4410377517227623	0.6973849643868872	0	0	0	0	22	20	0	0	0.5524948408779157	0.7428667611904688	0.5082272920769182	0.3843908169074689	0.44241223611572006	0.9212617290608901	0.626636280073142	531	0.09056860803954063	2	2.835483025702045e-64	-0.07366478777970022	0	0.0	0	0.0	-0.47017912151701013	4001	True	
RW(2)	3	tilt=1	52.0	22000	CONVERGED	522	3700.035792553495	693.1471805599452	29	0.02472264156803217	0	0.02112916137244256	70.67321776680448	0.7867800426072362	0	0.0	0.0	0.3003355242864938	0.7194499363669058	0	0.274725461545228	0.40125908367725055	0	0.37369174130115435	0.5635827183676284	0	0	0	25	24	13	13	10	0.6747909927665756	0.6814369992797816	0.024722641568032163	0.1437638839943493	0.4719201169593117	0.024722641568032163	0.1437638839943493	598	0.9743894092286669	3	3.7228534503091506e-64	-0.07366478777970009	76	0.8321583459614694	1	1e-323	-0.4701791215170085	4001	True	
land.mach=0.2@dated	3	tilt=1	52.0	22000	CONVERGED	508	3172.8173291381613	594.5948731742905	2	0.04188542648521841	0	0.04662331031383563	0.0	0.942574842758311	0	0.0	0.0	0.423076923076923	0.5399729187018986	0	0.2998473369917994	0.391465229323554	0	0.45375916875671035	0.5498965835651446	0	0	0	1	1	1	0	0	0.8846153846153845	0.9554572797274321	0.04188542648521842	0.04188542648521841	0.04188542648521842	0.6880586177453997	0.8697050734503615	446	0.24353182956731587	2	5.722042136328607e-78	-0.08849466746739013	0	0.0	0	0.0	-0.5104320585812607	4001	True	
land.mach=0.2@genesis	3	tilt=1	52.0	22000	CONVERGED	508	3172.817329138152	594.5948731742905	2	0.0418854264852189	0	0.04662331031383618	0.0	0.942574842758311	0	0.0	0.0	0.423076923076923	0.5397342379795267	0	0.3000304830850064	0.39148215149340304	0	0.4541659573330685	0.5499142707287767	0	0	0	1	1	1	0	0	0.8846153846153845	0.9560164271439355	0.04188542648521891	0.0418854264852189	0.041885426485218806	0.6904557884360949	0.870484751555048	446	0.24152703595469255	2	5.625493011530373e-78	-0.08849466746738928	0	0.0	0	0.0	-0.5104320585812602	4001	True	
land.mach=0.8@dated	3	tilt=1	52.0	22000	CONVERGED	461	2043.3702053433888	642.3610059345988	81	0.2398800134507197	0	0.18233760715947805	604.6121880522992	0.21636355006779737	0	0.0	0.0	0.266865613518365	0.46687783756128165	0	0.23870877758301168	0.33238105180446464	0	0.37500000000000067	0.5021451772704891	0	0	1	80	80	65	0	0	0.7763363302352436	0.4997910945170112	0.23988001345071971	0.26493131704100453	0.25419504407373955	0.8619266279430866	0.8250590613860375	734	0.2287978102830353	2	2.728230313160978e-46	-0.05282972882417779	0	0.0	0	0.0	-0.41390683655705784	4001	True	
land.mach=0.8@genesis	3	tilt=1	52.0	22000	CONVERGED	460	2019.0766003658603	642.3610059345988	80	0.24437156239517663	0	0.18547635104302151	586.8086946162841	0.2163635500677968	0	0.0	0.0	0.268600386538588	0.4664071526070873	0	0.24001533876734857	0.33144556925869595	0	0.3750000000000009	0.5028107337843883	0	0	0	79	79	64	0	0	0.7813829426577104	0.5044196328361708	0.24437156239517663	0.26960388927356777	0.2587900348971144	0.8653865688650989	0.8289754075812943	734	0.22340481752673866	2	2.6946434440772545e-46	-0.05282972882417861	0	0.0	0	0.0	-0.41390683655705884	4001	True	
p[goods]*0.5	3	tilt=1	52.0	22000	CONVERGED	431	693.1471805599452	693.1471805599452	0	0.5124973964842102	0	0.46130573239806705	0.0	0.8997677432373146	0	0.0	0.0	0.4146946530555041	0.45434702053829223	0	0.3076923076923104	0.33642836787070163	0	0.3239419824523945	0.48854367471041854	0	0	0	0	0	0	0	0	0.9996925818818859	0.8770659239993801	0.8343595309808582	0.5124973964842102	0.7214270837052629	0.9637103387943013	0.5124973964842103	0	0.0	0	0.0	-0.07366478777970058	111	0.10761542752676408	2	1e-323	-0.47017912151700814	4001	True	
p[goods]*2	3	tilt=1	52.0	22000	CONVERGED	396	693.1471805599452	693.1471805599452	0	0.561135048546327	0	0.47323397721920446	0.0	0.9011521723693973	0	0.0	0.0	0.3720173003208804	0.4423800159251834	0	0.2733849777060199	0.32017805878246386	0	0.41604636336605416	0.5896586033886978	0	0	0	0	0	0	0	0	0.8793136189402627	0.8582547701863092	0.561135048546327	0.8085881222769639	0.870187942909825	0.8705343136305745	0.9014337872931175	491	0.030097211747151662	2	1.457571653773998e-65	-0.07366478777970022	0	0.0	0	0.0	-0.4701791215170099	4001	True	
p[labour.master]*0.5	3	tilt=1	52.0	22000	CONVERGED	356	693.1471805599452	693.1471805599452	0	0.5307329254203988	0	0.41239450170289904	0.0	0.8988494409020464	0	0.0	0.0	0.3998202760339623	0.43302731945373685	0	0.30012044902913093	0.3111561570936369	0	0.2878847912266559	0.49896495373635885	0	0	0	0	0	0	0	0	0.9660712298015842	0.9466573922718166	0.8429158844256093	0.5307329254203988	0.9422802926532673	0.9649732969892088	0.5307329254203988	0	0.0	0	0.0	-0.07366478777970022	82	0.23033630396568708	1	1e-323	-0.47017912151700925	4001	True	
p[labour.master]*2	3	tilt=1	52.0	22000	CONVERGED	376	693.1471805599452	693.1471805599452	0	0.626636280073142	0	0.6250426231663216	0.0	0.9184410816609216	0	0.0	0.0	0.4121922749107679	0.43946216374863334	0	0.3063631039304737	0.3143347217558734	0	0.46153846153846434	0.6973849643868872	0	0	0	0	0	0	0	0	0.9742726497890877	0.9496255327048229	0.8583636078502895	0.626636280073142	0.7866493028989381	0.9956800877740397	0.626636280073142	0	0.0	0	0.0	-0.07366478777969973	0	0.0	0	0.0	-0.4701791215170087	4001	True	
p[labour.trained]*0.5	3	tilt=1	52.0	22000	CONVERGED	488	1604.0125379728063	693.1471805599452	17	0.20108802369143136	0	0.1869635443700498	2.870818694563715	0.7348623694025672	0	0.0	0.0	0.32353067629392773	0.5061062930927975	0	0.21012813554074483	0.3926345154186923	0	0.43498511557001585	0.49528207496870813	0	0	0	11	5	0	11	0	0.8246377763202729	0.7932298612497989	0.20108802369143133	0.4966474698416469	0.5665996252402995	0.20108802369143136	0.9424677504017012	457	0.7663357991863217	1	2.107984328684497e-66	-0.07366478777970045	0	0.0	0	0.0	-0.47017912151700925	4001	True	
p[labour.trained]*2	3	tilt=1	52.0	22000	CONVERGED	395	693.1471805599452	693.1471805599452	0	0.7117291638140965	0	0.7118516707778927	0.0	0.8785808351066408	0	0.0	0.0	0.3927131716184936	0.4471247808817764	0	0.30769230769231026	0.49676221709121393	0	0.45896319526188706	0.47446166640109355	0	0	0	0	0	0	0	0	0.7903484827738883	0.9378560728906443	0.7117291638140965	0.8345693056973652	0.8508950524460199	0.7117291638140963	0.9944202564007555	0	0.0	0	0.0	-0.07366478777970058	0	0.0	0	0.0	-0.470179121517009	4001	True	
p[labour]*0.5	3	tilt=1	52.0	22000	CONVERGED	489	1431.1664302186978	693.1471805599452	18	0.23902994781897519	0	0.2346822661703725	9.218564879091538	0.24942766219836576	0	0.0	0.0	0.2337478172945028	0.48548343154170315	0	0.3012380282210422	0.346804817072948	0	0.41895305219347256	0.5055081323639252	0	0	0	10	17	15	0	0	0.5524948408779157	0.773328220926935	0.3052630511704698	0.23902994781897519	0.2674155635410443	0.937889974850782	0.9077316130858574	530	0.08610027963821854	2	2.1187738265008146e-64	-0.07366478777969986	0	0.0	0	0.0	-0.4701791215170103	4001	True	
p[labour]*2	3	tilt=1	52.0	22000	CONVERGED	458	1412.2327560972371	693.1471805599452	8	0.28012279302273757	0	0.26287094945550005	0.0	0.9116749204802451	0	0.0	0.0	0.37866708384261	0.7194499363669058	0	0.3076923076923094	0.3823760566032152	0	0.46153846153846395	0.4858887721089067	0	0	0	7	0	0	7	0	0.6688988866047443	0.8667984130811396	0.28012279302273757	0.6684764257614825	0.7193085399220411	0.28012279302273757	0.8199168596768359	433	0.7564012211517643	1	8.580005271695464e-67	-0.07366478777969973	93	0.1988720491985695	1	1e-323	-0.47017912151700925	4001	True	
p[land]*0.5	3	tilt=1	52.0	22000	CONVERGED	484	3050.2150070458197	693.1471805599452	2	0.04734874298329083	0	0.031284845838158756	0.0	0.9337763848661187	0	0.0	0.0	0.42307692307692646	0.5775688228648854	0	0.30769230769230993	0.4218278240101179	0	0.46153846153846506	0.5895377858131888	0	0	0	1	1	1	0	0	1.0000000000000075	1.0	0.04734874298329084	0.04734874298329083	0.04734874298329082	0.8591627108023009	1.0	529	0.2836234543861755	2	3.286527744597433e-65	-0.07366478777969973	0	0.0	0	0.0	-0.47017912151701063	4001	True	
p[land]*2	3	tilt=1	52.0	22000	CONVERGED	534	1475.475647895341	693.1471805599452	65	0.24430608875715115	0	0.27791294746857065	130.08191103789392	0.5132582760965991	0	0.0	0.0	0.26620184004353314	0.47418024344212983	0	0.20758904782491522	0.3352636887121542	0	0.32566710380514463	0.4891581717685767	0	0	1	63	63	53	0	0	0.6268855315058706	0.4954786218466024	0.24430608875715115	0.24714527247969514	0.2459284794557477	0.6746644054309745	0.7056120582444801	558	0.1563835550743997	2	1.1543309724474811e-63	-0.07366478777969986	0	0.0	0	0.0	-0.4701791215170094	4001	True	
p[mach]*0.5	3	tilt=1	52.0	22000	CONVERGED	607	2224.371080056759	693.1471805599452	81	0.27267471459474996	0	0.16242095276951365	490.56060070222367	0.9425748427583215	0	0.0	0.0	0.3652423859007295	0.6377910360594955	0	0.30769230769230765	0.44645374380455144	0	0.46153846153846145	0.6340767944198478	0	0	5	80	65	67	0	0	0.8633001848562697	0.4811317870896129	0.27267471459474996	0.2862931939221468	0.29541510572557955	0.9936853606278939	0.9806601432182506	566	0.14763029670358296	2	3.035901058441326e-63	-0.07366478777970022	0	0.0	0	0.0	-0.4701791215170099	4001	True	
p[mach]*2	3	tilt=1	52.0	22000	CONVERGED	463	1075.549760827549	693.1471805599452	9	0.3411101747315479	0	0.33827310533991106	0.0	0.22900842712587455	0	0.0	0.0	0.3116882608458262	0.4547741589334182	0	0.2284123381101989	0.32579452653111224	0	0.2858881998034376	0.48690106580896875	0	0	0	3	8	6	3	8	0.7592167057908898	0.8847310803253535	0.4425895867870697	0.3411101747315479	0.38460135132677137	0.4425895867870696	0.34111017473154787	571	0.21391927826330182	4	1.5541653708776282e-64	-0.07366478777970033	0	0.0	0	0.0	-0.470179121517009	4001	True	
p[services]*0.5	3	tilt=1	52.0	22000	CONVERGED	461	693.1471805599452	693.1471805599452	0	0.5124973964842103	0	0.4600680979812026	0.0	0.5802942936249368	0	0.0	0.0	0.31221560521046826	0.45642819036635957	0	0.22342028021746552	0.32978655276491264	0	0.4615384615384638	0.49963116003835883	0	0	0	0	0	0	0	0	0.6454526519885166	0.8626576550866094	0.5124973964842103	0.7662397620869714	0.7334307984675875	0.5124973964842103	0.9437399344712419	549	0.05320632801567456	2	8.620404630354225e-65	-0.07366478777970033	0	0.0	0	0.0	-0.470179121517009	4001	True	
p[services]*2	3	tilt=1	52.0	22000	CONVERGED	455	1290.2118117389182	693.1471805599452	14	0.2752124836809802	0	0.28105100273011624	0.0	0.942574842758311	0	0.0	0.0	0.3692759445628603	0.5288664778883428	0	0.2715257318245244	0.4103297178984391	0	0.4099815730171078	0.4925380470462223	0	0	0	0	14	5	0	0	0.8728340507849425	0.8122103802558571	0.5247502499284709	0.2752124836809802	0.3821572406441904	0.8824586284297044	0.8854217180280431	0	0.0	0	0.0	-0.07366478777970009	0	0.0	0	0.0	-0.47017912151700975	4001	True	
res.services.trained=0.02@dated	3	tilt=1	52.0	22000	CONVERGED	348	496.64022791007574	693.1471805599452	0	0.7407906751131869	0	0.7231044496900448	0.0	0.7399539160575521	0	0.0	0.0	0.3637054241830074	0.43802399690454036	0	0.2527986520026855	0.30769230769230765	0	0.4574069868323438	0.47266884206490833	0	0	0	0	0	0	0	0	0.9999999999999998	0.9950763199950895	0.8412925523557315	0.7407906751131869	0.8067447349700676	0.8412925523557316	0.9910484714700785	3999	0.5481479524541588	36	0.3914281083883292	0.0	0	0.0	0	0.0	-0.6530159409248778	4001	True	
res.services.trained=0.02@genesis	3	tilt=1	52.0	22000	CONVERGED	347	496.64022791007574	693.1471805599452	0	0.7616581974537129	0	0.7252031109076111	0.0	0.739953916057553	0	0.0	0.0	0.36370542418300783	0.4387338671372969	0	0.25279865200268575	0.30769230769230765	0	0.4576622278209792	0.4725294053603434	0	0	0	0	0	0	0	0	0.9999999999999998	0.9960662928277898	0.840673264738426	0.7616581974537129	0.8277758667313295	0.840673264738426	0.9916014936121218	3999	0.5486788360660553	36	0.3914281083883298	0.0	0	0.0	0	0.0	-0.6530159409248755	4001	True	
res.services.trained=0.08@dated	3	tilt=1	52.0	22000	CONVERGED	396	1256.3698391827868	1256.369839182787	0	0.49999999999999994	0	0.5016847626102209	0.0	0.7605862311862339	0	0.0	0.0	0.3255834626468859	0.4234742672105637	0	0.30769230769230765	0.6154648341345377	0	0.42561388318864035	0.4618918553670037	0	0	0	0	0	0	0	0	0.7594355517745416	0.8312705597472279	0.5	0.7852966137877722	0.7627783690965806	0.5	0.8682283374566043	0	0.0	0	0.0	-1.1211129466196468	0	0.0	0	0.0	-0.470179121517009	4001	True	
res.services.trained=0.08@genesis	3	tilt=1	52.0	22000	CONVERGED	396	1256.3698391827868	1256.369839182787	0	0.5000000000000001	0	0.501684762610221	0.0	0.7622766053533332	0	0.0	0.0	0.325691648061867	0.42347871728873065	0	0.30769230769230765	0.6154657345171078	0	0.42580970682547375	0.46189543693005436	0	0	0	0	0	0	0	0	0.7596315092325022	0.8313060364954674	0.5000000000000001	0.7847257568135685	0.7620593429134312	0.5	0.8686598350133257	0	0.0	0	0.0	-1.1211129466196466	0	0.0	0	0.0	-0.47017912151700814	4001	True	
s[goods]=0.5	3	tilt=1	52.0	22000	CONVERGED	563	2005.037884786045	693.1471805599452	54	0.13465519421564962	0	0.13567677132148473	180.62868648282415	0.942574842758311	0	0.0	0.475614712250357	0.423076923076923	0.5838368218464897	0	0.30160113545748923	0.4030342046305229	0	0.3337373125187114	0.6392385857174414	0	0	0	26	42	34	0	25	0.9999999999999998	0.6107547430370283	0.28719978017268194	0.13465519421564962	0.33444611661424484	0.5345554838635671	0.16483252137857346	613	0.49426256044890954	4	6.881056488997697e-64	-0.07366478777970009	100	0.7872095018040552	2	1e-323	-0.4701791215170087	4001	True	
s[services]=0.5	3	tilt=1	52.0	22000	CONVERGED	555	1667.976921158624	693.1471805599452	54	0.1886282897874218	0	0.17261815587217183	112.37029865533937	0.942574842758311	0	0.475614712250357	0.0	0.3932953095659928	0.6114531922346316	0	0.2686372850825908	0.43246561727671723	0	0.41367837336428215	0.5178009957599666	0	0	0	39	27	26	21	0	0.9999999999999998	0.6525325903329934	0.1886282897874218	0.3786484388013035	0.40893442828584153	0.18862828978742177	0.8805293050358884	611	0.8036116721639747	4	6.364621374530588e-64	-0.07366478777969973	135	0.031488435189858464	2	1e-323	-0.47017912151700925	4001	True	
sw[master]=0.5	3	tilt=1	52.0	22000	CONVERGED	311	609.8644741243955	693.1471805599452	0	0.5434245121669512	0	0.5434245121669511	0.0	0.9142749845486671	0	0.0	0.0	0.40874414255567404	0.42927837990000345	0	0.30640769649326344	0.30999026009022834	0	0.41473554923738987	0.4836684788010862	0	0	0	0	0	0	0	0	0.9776728462630029	0.9779143775178	0.9309383069215902	0.5434245121669512	0.9458088759036377	0.9943791600145329	0.5434245121669511	0	0.0	0	0.0	-0.07366478777970033	75	0.3952500243371661	0	1e-323	-0.47017912151701013	4001	True	
sw[trained]=0.5	3	tilt=1	52.0	22000	CONVERGED	393	683.7227976698905	693.1471805599452	0	0.5047344661132523	0	0.5047344661132522	0.0	0.8495744497483024	0	0.0	0.0	0.38253619879297074	0.4472143943917113	0	0.2997656017560411	0.34438972017337977	0	0.4550047749194924	0.47202140322673314	0	0	0	0	0	0	0	0	0.9396544691112855	0.9389727766438434	0.5047344661132523	0.8242364173102333	0.8503721357721203	0.5047344661132522	0.9858436789922338	446	0.4819188334470013	0	1.3828582945139695e-66	-0.07366478777970058	0	0.0	0	0.0	-0.4701791215170096	4001	True	
tail.services=0.05@dated	3	tilt=1	52.0	22000	CONVERGED	340	585.4655565343056	585.4655565343057	0	0.8653473063068424	0	0.7336330792378076	0.0	0.39857841751076273	0	0.0	0.0	0.2692307692307715	0.423076923076923	0	0.30769230769230765	0.35568260421908676	0	0.46030433694953876	0.4751770017587411	0	0	0	0	0	0	0	0	1.0000000000000078	0.9988366377445838	0.9962900972541956	0.8653473063068424	0.9968606688374811	1.0	0.9966021240312953	0	0.0	0	0.0	-0.6070015874038405	0	0.0	0	0.0	-1.0035159211411502	4001	True	
tail.services=0.05@genesis	3	tilt=1	52.0	22000	CONVERGED	340	585.4655565343056	585.4655565343057	0	0.8653473063068429	0	0.7336330792378076	0.0	0.39857841751076273	0	0.0	0.0	0.2692307692307715	0.423076923076923	0	0.30769230769230765	0.35568260421908676	0	0.46030433694953876	0.4751770017587411	0	0	0	0	0	0	0	0	1.0000000000000078	0.9988366377445838	0.9962900972541956	0.865347306306843	0.9968606688374811	1.0	0.9966021240312953	0	0.0	0	0.0	-0.6070015874038405	0	0.0	0	0.0	-1.0035159211411502	4001	True	
tail.services=0.2@dated	3	tilt=1	52.0	22000	CONVERGED	666	882.2761359602775	799.2031953104855	18	0.4347060277199184	0	0.4146584565204071	67.84900873288116	0.942574842758311	0	0.0	0.0	0.401346435973749	0.6688989393812778	0	0.27258500650649686	0.4444728867305702	0	0.42673030546527857	0.4996708188660124	0	0	0	17	0	0	9	0	0.5789473684210525	0.7112970965525849	0.4347060277199184	0.580000155049506	0.5452835107822431	0.43470602771991845	0.7785339468812338	3999	0.5313145720370014	38	0.2860879343123938	-1.1102230246251565e-16	3937	0.21943969457871834	14	0.049671637954198315	0.0	4001	True	
tail.services=0.2@genesis	3	tilt=1	52.0	22000	CONVERGED	667	881.0779322172956	799.2031953104855	18	0.43599057283619946	0	0.41603349144271234	69.04656293216041	0.942574842758311	0	0.0	0.0	0.4019363180221358	0.6692113815993259	0	0.27278325155274646	0.444677974794495	0	0.4268569689081924	0.4999599923022649	0	0	0	17	0	0	9	0	0.5789473684210525	0.7102476451529012	0.43599057283619946	0.5791359099135956	0.5446926304988869	0.43599057283619946	0.778755723542922	3999	0.530488787745805	38	0.28608793431239354	0.0	3937	0.21987515736063817	14	0.04967163795419908	0.0	4001	True	
x*/2	3	tilt=1	52.0	22000	CONVERGED	631	2821.4876408608684	693.1471805599452	92	0.07704421548946076	0	0.06499934611941495	901.6483622577719	0.942574842758311	0	0.475614712250357	0.475614712250357	0.37515978570898023	0.705522528861506	0	0.2687595661148319	0.48513634551294116	0	0.33526409983709643	0.6015829273783271	0	0	22	91	91	70	31	25	0.9848523266470733	0.3791387783051978	0.07704421548946078	0.10992519656583807	0.10464371960220666	0.07704421548946079	0.1424620680181673	676	0.9249007865937681	6	6.818952580282194e-63	-0.07366478777970033	138	0.8133515149810678	2	1e-323	-0.4701791215170085	4001	True	
